{"openapi":"3.0.0","info":{"title":"Customer API","description":"This is a practice API to learn Swagger and OAS3.0","contact":{"email":"you@ypracticeSwaggerCo.com"},"license":{"name":"Apache 2.0","url":"http://www.apache.org/licenses/LICENSE-2.0.html"},"version":"1.0.0"},"servers":[{"url":"https://virtserver.swaggerhub.com/LearnSwaggerSG7/customer/1.0.0","description":"SwaggerHub API Auto Mocking"}],"tags":[{"name":"customer","description":"customer-related calls"}],"paths":{"/customer":{"get":{"tags":["customer"],"summary":"searches customer","description":"By passing in the appropriate options, you can search for\navailable customer in the system\n","operationId":"searchCustomer","responses":{"200":{"description":"search results matching criteria","content":{"application/json":{"schema":{"type":"array","items":{"$ref":"#/components/schemas/Customer"}}}}},"400":{"description":"bad input parameter"}}}}},"components":{"schemas":{"Customer":{"required":["customerNumber","name"],"type":"object","properties":{"customerNumber":{"type":"string","example":"d290f1ee"},"name":{"type":"string","example":"Dummy"},"phone":{"type":"string","example":"555-666-7777"}}}}}}