{"openapi":"3.0.0","info":{"title":"Api Access Entries","description":"API to fetch non-transmitted entries to API calling application\nEntries can be fetched in both XML or JSON format.\n\nThe Link is https://beta.onyxone.com/restapi/siport_api_call.xml?changeStatus=1\nThe apikey will be provided by OnyxOne for external system\n\nYou can replace xml with JSON to get the response in JSON format\n","contact":{"email":"lennert@onyx.be"},"version":"1.1.0"},"servers":[{"url":"https://virtserver.swaggerhub.com/Lennert-Onyx/ApiAccessEntries/1.1.0","description":"SwaggerHub API Auto Mocking"},{"url":"https://beta.onyxone.com/restapi/","description":"OnyxOne beta server"}],"paths":{"/siport_api_call.json":{"get":{"summary":"Fetch non-transmitted entries in JSON format","operationId":"getEntriesJSON","parameters":[{"name":"apikey","in":"header","description":"the authorization key, provided by OnyxOne","required":true,"style":"simple","explode":false,"schema":{"type":"string"}},{"name":"changeStatus","in":"query","description":"changeStatus 1 will flag the entries as submitted","required":false,"style":"form","explode":true,"schema":{"type":"integer"}}],"responses":{"200":{"description":"Note that the entries are separate elements and not part of the \"entries\" element and that the entry id will not be its own element, but will be the value of the entry element, there is currently no way to describe this in our API documentation editor. <br> Example: \\<entries\\>\\<entry ...\\>123\\</ entry\\>\\<entry ...\\>124\\</entry\\>\\</entries\\>","content":{"application/json":{"schema":{"$ref":"#/components/schemas/Response"}}}}}}},"/siport_api_call.xml":{"get":{"summary":"Fetch non-transmitted entries in XML format","operationId":"getEntriesXML","parameters":[{"name":"apikey","in":"header","description":"the authorization key, provided by OnyxOne","required":true,"style":"simple","explode":false,"schema":{"type":"string"}},{"name":"changeStatus","in":"query","description":"changeStatus 1 will flag the entries as submitted","required":false,"style":"form","explode":true,"schema":{"type":"integer"}}],"responses":{"200":{"description":"Note that the entries are separate elements and not part of the \"entries\" element and that the entry id will not be its own element, but will be the value of the entry element, there is currently no way to describe this in our API documentation editor. <br> Example: \\<entries\\>\\<entry ...\\>123\\</ entry\\>\\<entry ...\\>124\\</entry\\>\\</entries\\>","content":{"application/xml":{"schema":{"$ref":"#/components/schemas/Response"}}}}}}}},"components":{"schemas":{"Response":{"type":"array","xml":{"name":"response","wrapped":true},"items":{"$ref":"#/components/schemas/SiportResponse"}},"SiportResponse":{"type":"object","properties":{"user_id":{"type":"integer","example":99798},"onyxone_id":{"type":"integer","example":9979882},"firstname":{"type":"string","example":"Lennert"},"lastname":{"type":"string","example":"Hofman"},"uin":{"type":"string","description":"Unique identifier of… usually their social security number (BE) or passport number (non BE)","example":"96121012345"},"phone":{"type":"string","example":"0471234567"},"email":{"type":"string","example":"lennert.hofman@onyx.be"},"blacklisted":{"type":"integer","description":"0: not blacklisted <br> 1: blacklisted (user should not get access to the site)","example":0},"entries":{"type":"array","items":{"$ref":"#/components/schemas/entry"}},"limosa_number":{"type":"integer","example":123123123},"limosa_date":{"type":"string","example":"2021-03-17"},"photo":{"type":"string","description":"Avatar in binary format","example":"RDs29cfSua+KMBuoHgycSNtz7E16fpWnRaZYw20ChY4l29OvvS9o3oCgnqPLuzcIcUpZscrirIGPejaDUyXMrGiiUvn/umiru0elFYey82Vyn86dzcfNycGpbKYKdwb8KxtekaC4cHIwah0u8L55Nctro9y+tjvLDVpbcgo+3ByK7DS/iLeWO0"},"Company_id":{"type":"integer","example":220},"Company":{"type":"string","description":"Name of the company","example":"OnyxOnlineLearning"},"Company_vat":{"type":"string","description":"VAT number of the company","example":"BE0442377628"},"country_payrol":{"type":"string","example":"BE"},"level_one_contractor_id":{"type":"integer","description":"If any buyer from the user's payrol company has a level_one_contractor group the level_one_contractor is the payrol company, otherwise it is the main contractor of the longest active job entry.","example":220},"level_one_contractor_company":{"type":"string","example":"OnyxOnlineLearning"},"level_one_contractor_vat":{"type":"string","example":"BE0442377628"}},"xml":{"name":"siport_response"}},"entry":{"type":"object","properties":{"id":{"type":"integer","example":456},"entry_start_date":{"type":"string","example":"2020-03-16","xml":{"attribute":true}},"entry_end_date":{"type":"string","example":"2020-04-16","xml":{"attribute":true}},"max_access_till_date":{"type":"string","description":"The final date that the user has access to the site for this job entry (the minimum expiration date of the following fields (if applicable): job entry end date, onsite training, required courses on the entry, uin, certificates, limosa). Also takes the user's active status and blacklisting status into consideration.","example":"2020-04-16","xml":{"attribute":true}},"min_expiration_date":{"type":"string","description":"The final date that the user has access to the site, disregardins job entries (the minimum expiration date of the following fields (if applicable): onsite training, required courses on the entry, uin, certificates, limosa). Also takes the user's active status and blacklisting status into consideration.","example":"2020-06-20","xml":{"attribute":true}},"job_type":{"type":"integer","example":2,"xml":{"attribute":true}},"active_entry":{"type":"string","example":"Active","xml":{"attribute":true},"enum":["Active","Future"]},"contractor_company_id":{"type":"integer","example":789,"xml":{"attribute":true}},"contractor_company_name":{"type":"string","example":"OnyxOnlineLearning","xml":{"attribute":true}},"contractor_company_vat":{"type":"string","example":"BE0442377628"},"contractor_company_cq_id":{"type":"integer","example":987,"xml":{"attribute":true}},"main_contractor_company_id":{"type":"integer","description":"The contractor of the original job in case of delegation","example":789,"xml":{"attribute":true}},"main_contractor_company_name":{"type":"string","example":"OnyxOnlineLearning","xml":{"attribute":true}},"main_contractor_company_vat":{"type":"string","example":"BE0442377628"},"main_contractor_company_cq_id":{"type":"integer","example":987,"xml":{"attribute":true}},"status":{"type":"string","example":"Updated","xml":{"attribute":true},"enum":["New","Updated","Cancelled","Deleted"]},"approved_by_email":{"type":"string","example":"test@example.be","xml":{"attribute":true}}},"description":"Note that the id will not be its own element, but will be the value of the entry element, there is currently no way to describe this in our API documentation editor. Example: <entry ...>123</ entry>"}}}}