{"openapi":"3.0.0","info":{"title":"Area 54 - Integración para logística","description":"<b><u>Algunas generalidades</u></b>\n<br><br><ul><li>Antes de invocar cualquier API se debe iniciar sesión en nuestro sistema.<br>Para ello se debe invocar al método especial <b>LOGIN</b>, por medio de un <b>username</b> y <b>password</b> enviados en forma de <i>Basic Authorization</i> en base_64 encoded.<br>Estas credenciales serán proporcionadas al formalizar nuestro vínculo comercial, y generarán la relación entre el usuario de la API y nuestros registros de clientes.<br>El <b>Login</b> devolverá un token que deberá ser utilizado en todos los accesos a nuestra API.\n<br><br><li>Todos los request hacia nuestras APIs (excepto, por supuesto, a LOGIN), requieren un header con el token de autorización.\n<br><br><li>Todas las respuestas de nuestras APIs tienen en su body siempre los mismos cuatro parámetros, enumerados a continuación: <br><ul><li><b>Status:</b> Indica si la acción tuvo éxito.  Sólo puede valer <b></i>OK</i></b> o <b></i>ERROR</i></b> <br><li><b>Detail:</b> Solo está lleno si <b>Status</b> es <b></i>ERROR</i></b>, indicando el motivo del error <br><li><b>Mode:</b> Indica si está ejecutando en modo Productivo o de Desarrollo. Sólo puede valer <b></i>P</i></b> o <b></i>D</i></b> <br><li><b>Data:</b> Contiene la información resultante del request correspondiente.  Solo está lleno si <b>Status</b> es <b></i>OK</i></b>\n","contact":{"name":"A.S. Leo Lob (C.I.O.)","email":"sistemas@area54sa.com.ar"},"version":"2.0.0"},"servers":[{"url":"https://apiv3.area54sa.com.ar"},{"url":"htttps://qaapiv3.area54sa.com.ar"}],"security":[{"basicAuth":[]}],"tags":[{"name":"Login"},{"name":"Articulos"},{"name":"Despachos"}],"paths":{"/login":{"get":{"tags":["Login"],"description":"Esta API tiene como objetivo iniciar sesión en nuestro sistema, por medio de las credenciales (username y password) previamente enviadas.<br>Devuelve un token que deberá ser utilizado para cualquier API que se desee invocar.  En caso que ese Token no sea enviado, o sea inválido, o esté vencido, la API informará dicha situación, y deberá solicitarse uno nuevo.","parameters":[{"name":"Username","in":"header","required":true,"style":"simple","explode":false,"schema":{"type":"string"}},{"name":"Password","in":"header","required":true,"style":"simple","explode":false,"schema":{"type":"string","format":"password"}}],"responses":{"200":{"description":"OK","content":{"application/json":{"schema":{"type":"object","properties":{"Token":{"type":"string"}}}}}}},"security":[{"basicAuth":[]}]}},"/articulos":{"summary":"Gestión del catálogo de artículos.","put":{"tags":["Articulos"],"description":"Permite modificar datos un artículo.","requestBody":{"content":{"application/json":{"schema":{"$ref":"#/components/schemas/ArticuloModificacion"}}}},"responses":{"200":{"description":"OK","content":{"application/json":{"schema":{"$ref":"#/components/schemas/ArticuloResponse"}}}},"400":{"description":"El artículo no se ha podido modificar"}}},"post":{"tags":["Articulos"],"description":"Permite crear un nuevo artículo.","requestBody":{"content":{"application/json":{"schema":{"$ref":"#/components/schemas/ArticuloAlta"}}}},"responses":{"200":{"description":"OK","content":{"application/json":{"schema":{"$ref":"#/components/schemas/ArticuloResponse"}}}},"400":{"description":"El nuevo artículo no se pudo crear"}}}},"/articulos/{SKU}":{"get":{"tags":["Articulos"],"description":"Permite obtener información de un artículo","parameters":[{"name":"SKU","in":"path","required":true,"style":"simple","explode":false,"schema":{"type":"string"}}],"responses":{"200":{"description":"OK","content":{"application/json":{"schema":{"$ref":"#/components/schemas/ArticuloResponse"}}}},"400":{"description":"Error - SKU inexistente"}}},"delete":{"tags":["Articulos"],"description":"Permite eliminar un artículo","parameters":[{"name":"SKU","in":"path","required":true,"style":"simple","explode":false,"schema":{"type":"string"}}],"responses":{"200":{"description":"OK"},"400":{"description":"El artículo no se ha podido eliminar (tiene movimientos registrados?)"}}}},"/despachos":{"post":{"tags":["Despachos"],"description":"Permite generar órdenes de despacho de mercadería hacia los clientes. <br>Los despachos se identifican mediante un <b><i>IdDespacho</i></b>, que es generado y devuelto al momento de su creación. <br>Los despachos pasan por los siguientes estados, en orden de aparicion: <br><ul><li><b>Generado</b><li><b>En pickeo</b><li><b>Embalado</b><li><b>En procesamiento</b><li><b>En ruteo</b><li><b>Ruteado</b><li><b>En tránsito</b><li><b>Entregado</b>","requestBody":{"content":{"application/json":{"schema":{"$ref":"#/components/schemas/DespachoRequest"}}}},"responses":{"200":{"description":"OK","content":{"application/json":{"schema":{"$ref":"#/components/schemas/DespachoResponse"}}}},"400":{"description":"ERROR"}}}},"/despachos/{IdDespacho}":{"get":{"tags":["Despachos"],"description":"Permite obtener información actual del despacho","parameters":[{"name":"IdDespacho","in":"path","required":true,"style":"simple","explode":false,"schema":{"type":"string"}}],"responses":{"200":{"description":"OK","content":{"application/json":{"schema":{"$ref":"#/components/schemas/DespachoResponse"}}}},"400":{"description":"La IdDespacho no existe, o no está en estado <b><i>Generado</i></b>"}}},"delete":{"tags":["Despachos"],"description":"Permite eliminar una órden despacho.","parameters":[{"name":"IdDespacho","in":"path","required":true,"style":"simple","explode":false,"schema":{"type":"string"}}],"responses":{"200":{"description":"OK"},"400":{"description":"La IdDespacho no existe, o no está en estado <b><i>Generado</i></b>"}}}}},"components":{"schemas":{"RespuestaDeAPI":{"required":["data","detail","mode","status"],"type":"object","properties":{"status":{"type":"string","enum":["OK","ERROR"]},"detail":{"type":"string","description":"Solo se usa si \"Status\" es \"ERROR\""},"mode":{"type":"string","enum":["P","D"]},"data":{"type":"string","description":"Información resultante"}}},"ArticuloAlta":{"required":["Barcode","Nombre","SKU"],"type":"object","properties":{"SKU":{"type":"string","description":"unique"},"Nombre":{"type":"string"},"Barcode":{"type":"string","description":"unique"},"Descripcion":{"type":"string"},"Peso":{"type":"integer","default":0},"Alto":{"type":"integer","default":0},"Ancho":{"type":"integer","default":0},"Profundidad":{"type":"integer","default":0},"Activo":{"type":"boolean","default":true}}},"ArticuloModificacion":{"required":["SKU"],"type":"object","properties":{"SKU":{"type":"string"},"Nombre":{"type":"string"},"Descripcion":{"type":"string"},"Peso":{"type":"integer","default":0},"Alto":{"type":"integer","default":0},"Ancho":{"type":"integer","default":0},"Profundidad":{"type":"integer","default":0},"Activo":{"type":"boolean","default":true}}},"ArticuloResponse":{"type":"object","properties":{"SKU":{"type":"string"},"Nombre":{"type":"string"},"Barcode":{"type":"string"},"Descripcion":{"type":"string"},"Peso":{"type":"integer"},"Alto":{"type":"integer"},"Ancho":{"type":"integer"},"Profundidad":{"type":"integer"},"Activo":{"type":"boolean"},"StockComprado":{"type":"integer","description":"Stock informado en órdenes que aún no han sido recibidas"},"StockRecibido":{"type":"integer","description":"Stock recibido pero que aún no ha sido almacenado"},"StockFisico":{"type":"integer","description":"Stock físico almacenado en almacén"},"StockComprometido":{"type":"integer","description":"Stock incluido en órdenes que aún no han sido despachadas"},"StockDisponible":{"type":"integer","description":"La diferencia entre el Stock Físico y el Stock Comprometido"}}},"DespachoRequest":{"required":["Comprobante","Destinatario","Detalle","FechaPrevista"],"type":"object","properties":{"FechaPrevista":{"type":"string","format":"date"},"Comprobante":{"type":"string","description":"El comprobante que identificará al despacho"},"URLDocumentacion":{"type":"string","description":"La ubicación pública del PDF de documentación a imprimir y acompañar al despacho","format":"url"},"Detalle":{"type":"array","items":{"required":["Cantidad","SKU"],"type":"object","properties":{"SKU":{"type":"string"},"Cantidad":{"type":"integer"}}}},"Destinatario":{"required":["Altura","Barrio","Calle","CodigoPostal","Email","Identificacion","Localidad","Nombre","Provincia"],"type":"object","properties":{"Nombre":{"type":"string"},"Identificacion":{"type":"string"},"Email":{"type":"string","format":"email"},"Calle":{"type":"string"},"Altura":{"type":"string"},"Piso":{"type":"string"},"Departamento":{"type":"string"},"Entrecalles":{"type":"string"},"Barrio":{"type":"string"},"Localidad":{"type":"string"},"Provincia":{"type":"string"},"CodigoPostal":{"type":"string"}}}}},"DespachoResponse":{"type":"object","properties":{"FechaPrevista":{"type":"string","format":"date"},"FechaReal":{"type":"string","description":"La fecha en la que efectivamente se finalizó la entrega","format":"date"},"Comprobante":{"type":"string","description":"El comprobante que identificará al despacho"},"Estado":{"type":"string","enum":["Generado","En pickeo","Embalado","Canalizado","En pickeo","Embalado","En procesamiento","En ruteo","Ruteado","En tránsito","Entregado"]},"Detalle":{"type":"array","items":{"type":"object","properties":{"SKU":{"type":"string"},"Cantidad":{"type":"integer"}}}},"Destinatario":{"type":"object","properties":{"Nombre":{"type":"string"},"Identificacion":{"type":"string"},"Email":{"type":"string","format":"email"},"Calle":{"type":"string"},"Altura":{"type":"string"},"Piso":{"type":"string"},"Departamento":{"type":"string"},"Entrecalles":{"type":"string"},"Barrio":{"type":"string"},"Localidad":{"type":"string"},"Provincia":{"type":"string"},"CodigoPostal":{"type":"string"}}}}}},"securitySchemes":{"basicAuth":{"type":"http","scheme":"basic"}}}}