{"openapi":"3.0.0","info":{"title":"Login Usuario","description":"Documentación para iniciar sesión de un usuario","version":"1.0.0"},"servers":[{"url":"https://virtserver.swaggerhub.com/LeonardOliveros/Login/1.0.0","description":"SwaggerHub API Auto Mocking"},{"url":"https://api.alegra.com/api/{basePath}","description":"Documentación para iniciar sesión de un usuario","variables":{"basePath":{"default":"v1"}}}],"tags":[{"name":"Login","description":"Endpoint para iniciar sesión de un usuario"}],"paths":{"/login":{"post":{"tags":["Login"],"summary":"Iniciar sesión","description":"Crea la sesión a un usuario","operationId":"login","parameters":[{"name":"fields","in":"query","description":"Campos adicionales a retornar en el response (user, company, uuid, company_dictionary)","required":false,"style":"form","explode":true,"schema":{"type":"string"}}],"requestBody":{"description":"Credenciales a autenticar","content":{"application/json":{"schema":{"oneOf":[{"$ref":"#/components/schemas/EmailAndPassword"},{"$ref":"#/components/schemas/EmailAndToken"}]}}}},"responses":{"200":{"description":"Inicio de sesión exitoso","content":{"application/json":{"schema":{"type":"object","properties":{"token":{"type":"string","description":"Token","example":"033d6fa65dc71ed581e8"}}}}}},"400":{"description":"Información enviada incorrecta","content":{"application/json":{"schema":{"type":"object","properties":{"message":{"type":"string","description":"Mensaje de error","example":"Los campos de email y password son obligatorios"},"code":{"type":"integer","description":"Código de error","example":400}}}}}},"401":{"description":"Credenciales invalidas","content":{"application/json":{"schema":{"oneOf":[{"$ref":"#/components/schemas/InvalidCredentials"},{"$ref":"#/components/schemas/AttemptsFailed"},{"$ref":"#/components/schemas/UserDisabled"}]}}}}}}}},"components":{"schemas":{"EmailAndPassword":{"required":["email","password"],"type":"object","properties":{"email":{"type":"string","format":"email","example":"correo@alegra.com"},"password":{"type":"string","example":"12345678"}}},"EmailAndToken":{"required":["email","token"],"type":"object","properties":{"email":{"type":"string","format":"email","example":"correo@alegra.com"},"token":{"type":"string","example":"033d6fa65dc71ed581e8"}}},"InvalidCredentials":{"type":"object","properties":{"message":{"type":"string","description":"Mensaje de error","example":"Usuario o contraseña inválida. ¡Inténtalo de nuevo!"},"code":{"type":"integer","description":"Código de error","example":22017}}},"AttemptsFailed":{"type":"object","properties":{"message":{"type":"string","description":"Mensaje de error","example":"Tu cuenta ha sido bloqueada por intentos fallidos, hemos enviado un correo con las instrucciones para restablecer tu contraseña"},"code":{"type":"integer","description":"Código de error","example":22018}}},"UserDisabled":{"type":"object","properties":{"message":{"type":"string","description":"Mensaje de error","example":"Usuario Desactivado. Comunícate con el administrador de la cuenta"},"code":{"type":"integer","description":"Código de error","example":22009}}}}}}