{"openapi":"3.0.0","info":{"title":"Users Service","description":"A service to interact with users database","contact":{"name":"Lerato Mohlala"},"version":"1.0"},"servers":[{"url":"http://absa-project.com","description":"Our development server"}],"paths":{"/v1/sign-in":{"post":{"tags":["Login"],"summary":"Authenticates users","description":"This endpoint get called when a user tries to login","requestBody":{"content":{"application/json":{"schema":{"$ref":"#/components/schemas/UserLoginRequest"}}},"required":true},"responses":{"200":{"description":"User successfully authenticated."},"400":{"description":"Payload malformed."},"401":{"description":"Incorrect credentials provided."}}}}},"components":{"schemas":{"UserLoginRequest":{"type":"object","properties":{"username":{"type":"string","example":"ab000pp"},"password":{"type":"string","example":"strongpassword"}},"description":"Payload required to authenticate a user"}}}}