{"openapi":"3.0.0","info":{"title":"Stock-repository correction API","description":"The API is designed to correct stock values","version":"1.0.0"},"servers":[{"url":"https://virtserver.swaggerhub.com/LeroyMerlin1/Correction/1.0.0","description":"SwaggerHub API Auto Mocking"}],"security":[{"ApiKeyAuth":[]}],"tags":[{"name":"stock-correction"}],"paths":{"/stocks/correction":{"post":{"tags":["stock-correction"],"summary":"Корректирование значений стоков","operationId":"/v1/stocks","parameters":[{"name":"item","in":"query","description":"Артикул товара","required":true,"style":"form","explode":true,"schema":{"type":"integer","default":17093709}},{"name":"location","in":"query","description":"Номер магазина","required":true,"style":"form","explode":true,"schema":{"type":"integer","default":4}},{"name":"type","in":"query","description":"Корректируемый сток","required":true,"style":"form","explode":true,"schema":{"type":"string","enum":["c3","cor","em","emBuffer","expo","lsBuffer","magOut","rd","rdBuffer","reception","rm","rmBuffer","rtv","rtvOnDc","soh","tbc","tsfInboundConfirmed","tsfInboundDelivered","tsfOutboundConfirmed","um","uts","utsp","emAvailable","rmAvailable"]}},{"name":"quantity","in":"query","description":"Скорректировать на количество. Для emAvailable и rmAvailable писать значение разницы em/rm - ожидаемое количество на emAvailable/rm/Available","required":true,"style":"form","explode":true,"schema":{"type":"integer"}}],"responses":{"200":{"description":"OK","content":{"*/*":{"schema":{"$ref":"#/components/schemas/CorrectionStockInformation"}}}},"401":{"description":"Unauthorized"},"404":{"description":"Not Found"},"500":{"description":"Internal Server Error"}}}}},"components":{"schemas":{"CorrectionStockInformation":{"title":"CorrectionStockInformation","type":"object","properties":{"item":{"type":"string"},"location":{"type":"string"},"stockType":{"type":"string"},"correctedTo":{"type":"number"}}}},"securitySchemes":{"ApiKeyAuth":{"type":"apiKey","name":"x-api-key","in":"header"}}}}