{"openapi":"3.0.0","info":{"title":"Controle de Heróis","description":"Sistema de Cadastros de Heróis.","version":"1.0.0"},"servers":[{"url":"http://qajourney.com.br/herois"}],"security":[{"bearerAuth":[]}],"paths":{"/listar":{"get":{"tags":["Heróis"],"summary":"Listar cadastro de heróis.","description":"","parameters":[{"name":"nome","in":"query","required":false,"style":"form","explode":true,"schema":{"$ref":"#/components/schemas/nome"}},{"name":"genero","in":"query","required":false,"style":"form","explode":true,"schema":{"$ref":"#/components/schemas/genero"}},{"name":"raça","in":"query","required":false,"style":"form","explode":true,"schema":{"$ref":"#/components/schemas/raca"}},{"name":"classe","in":"query","required":false,"style":"form","explode":true,"schema":{"$ref":"#/components/schemas/classe"}},{"name":"atributos_força","in":"query","required":false,"style":"form","explode":true,"schema":{"$ref":"#/components/schemas/atributos_forca"}},{"name":"atributos_defesa","in":"query","required":false,"style":"form","explode":true,"schema":{"$ref":"#/components/schemas/atributos_defesa"}},{"name":"atributos_velocida","in":"query","required":false,"style":"form","explode":true,"schema":{"$ref":"#/components/schemas/atributos_velocidade"}},{"name":"bairro","in":"query","required":false,"style":"form","explode":true,"schema":{"$ref":"#/components/schemas/atributos_magia"}},{"name":"level","in":"query","required":false,"style":"form","explode":true,"schema":{"$ref":"#/components/schemas/level"}},{"name":"prox_lvl_xp","in":"query","required":false,"style":"form","explode":true,"schema":{"$ref":"#/components/schemas/prox_lvl_xp"}},{"name":"xp","in":"query","required":false,"style":"form","explode":true,"schema":{"$ref":"#/components/schemas/xp"}},{"name":"nota","in":"query","required":false,"style":"form","explode":true,"schema":{"$ref":"#/components/schemas/nota"}}],"responses":{"200":{"description":"Objeto retornado com sucesso.","content":{"application/json":{"schema":{"type":"array","items":{"required":["classe","genero","id","level","nome","nota","prox_lvl_xp","raça","xp"],"type":"object","properties":{"id":{"$ref":"#/components/schemas/id"},"nome":{"$ref":"#/components/schemas/nome"},"genero":{"$ref":"#/components/schemas/genero"},"raça":{"$ref":"#/components/schemas/raca"},"classe":{"$ref":"#/components/schemas/classe"},"atributes":{"required":["defesa","força","magia","velocidade"],"type":"object","properties":{"força":{"$ref":"#/components/schemas/atributos_forca"},"defesa":{"$ref":"#/components/schemas/atributos_defesa"},"velocidade":{"$ref":"#/components/schemas/atributos_velocidade"},"magia":{"$ref":"#/components/schemas/atributos_magia"}}},"level":{"$ref":"#/components/schemas/level"},"prox_lvl_xp":{"$ref":"#/components/schemas/prox_lvl_xp"},"xp":{"$ref":"#/components/schemas/xp"},"nota":{"$ref":"#/components/schemas/nota"}}}}}}},"400":{"description":"Estrutura de erros.","content":{"application/json":{"schema":{"type":"array","items":{"type":"object","properties":{"message":{"type":"string","example":"O campo 'xpto_field' não é válido"}}}}}}},"401":{"description":"Usuário não está autorizado, faça login novamente","content":{"application/json":{"schema":{"type":"object","properties":{"Message":{"type":"string","example":"Usuário não está autorizado, faça login novamente"}}}}}},"403":{"description":"Usuário não tem permissão para acessar o recurso","content":{"application/json":{"schema":{"type":"object","properties":{"Message":{"type":"string","example":"Usuário não tem permissão para acessar o recurso"}}}}}}}}},"/listar/{id}":{"get":{"tags":["Heróis"],"summary":"Listar cadastro de um herói pelo ID.","description":"","parameters":[{"name":"id","in":"path","required":true,"style":"simple","explode":false,"schema":{"$ref":"#/components/schemas/id"}}],"responses":{"200":{"description":"Objeto retornado com sucesso.","content":{"application/json":{"schema":{"required":["classe","genero","id","level","nome","nota","prox_lvl_xp","raça","xp"],"type":"object","properties":{"id":{"$ref":"#/components/schemas/id"},"nome":{"$ref":"#/components/schemas/nome"},"genero":{"$ref":"#/components/schemas/genero"},"raça":{"$ref":"#/components/schemas/raca"},"classe":{"$ref":"#/components/schemas/classe"},"atributes":{"required":["defesa","força","magia","velocidade"],"type":"object","properties":{"força":{"$ref":"#/components/schemas/atributos_forca"},"defesa":{"$ref":"#/components/schemas/atributos_defesa"},"velocidade":{"$ref":"#/components/schemas/atributos_velocidade"},"magia":{"$ref":"#/components/schemas/atributos_magia"}}},"level":{"$ref":"#/components/schemas/level"},"prox_lvl_xp":{"$ref":"#/components/schemas/prox_lvl_xp"},"xp":{"$ref":"#/components/schemas/xp"},"nota":{"$ref":"#/components/schemas/nota"}}}}}},"400":{"description":"Estrutura de erros.","content":{"application/json":{"schema":{"type":"array","items":{"type":"object","properties":{"message":{"type":"string","example":"O campo 'xpto_field' não é válido"}}}}}}},"401":{"description":"Usuário não está autorizado, faça login novamente","content":{"application/json":{"schema":{"type":"object","properties":{"Message":{"type":"string","example":"Usuário não está autorizado, faça login novamente"}}}}}},"403":{"description":"Usuário não tem permissão para acessar o recurso","content":{"application/json":{"schema":{"type":"object","properties":{"Message":{"type":"string","example":"Usuário não tem permissão para acessar o recurso"}}}}}}}}},"/cadastrar":{"post":{"tags":["Heróis"],"summary":"Cadastrar novo herói.","description":"","requestBody":{"content":{"application/json":{"schema":{"required":["genero","nome","xp"],"type":"object","properties":{"nome":{"$ref":"#/components/schemas/nome"},"genero":{"$ref":"#/components/schemas/genero"},"raça":{"$ref":"#/components/schemas/raca"},"classe":{"$ref":"#/components/schemas/classe"},"xp":{"$ref":"#/components/schemas/xp"},"nota":{"$ref":"#/components/schemas/nota"}}}}},"required":true},"responses":{"201":{"description":"Herói cadastrado.","content":{"application/json":{"schema":{"required":["classe","genero","id","level","nome","nota","prox_lvl_xp","raça","xp"],"type":"object","properties":{"id":{"$ref":"#/components/schemas/id"},"nome":{"$ref":"#/components/schemas/nome"},"genero":{"$ref":"#/components/schemas/genero"},"raça":{"$ref":"#/components/schemas/raca"},"classe":{"$ref":"#/components/schemas/classe"},"atributes":{"required":["defesa","força","magia","velocidade"],"type":"object","properties":{"força":{"$ref":"#/components/schemas/atributos_forca"},"defesa":{"$ref":"#/components/schemas/atributos_defesa"},"velocidade":{"$ref":"#/components/schemas/atributos_velocidade"},"magia":{"$ref":"#/components/schemas/atributos_magia"}}},"level":{"$ref":"#/components/schemas/level"},"prox_lvl_xp":{"$ref":"#/components/schemas/prox_lvl_xp"},"xp":{"$ref":"#/components/schemas/xp"},"nota":{"$ref":"#/components/schemas/nota"}}}}}},"400":{"description":"Estrutura de erros.","content":{"application/json":{"schema":{"type":"array","items":{"type":"object","properties":{"message":{"type":"string","example":"O campo 'xpto_field' não é válido"}}}}}}},"401":{"description":"Usuário não está autorizado, faça login novamente","content":{"application/json":{"schema":{"type":"object","properties":{"Message":{"type":"string","example":"Usuário não está autorizado, faça login novamente"}}}}}},"403":{"description":"Usuário não tem permissão para acessar o recurso","content":{"application/json":{"schema":{"type":"object","properties":{"Message":{"type":"string","example":"Usuário não tem permissão para acessar o recurso"}}}}}}}}},"/atualizar/{id}":{"put":{"tags":["Heróis"],"summary":"Atualiza o cadastro de um herói.","description":"","parameters":[{"name":"id","in":"path","required":true,"style":"simple","explode":false,"schema":{"$ref":"#/components/schemas/id"}}],"requestBody":{"content":{"application/json":{"schema":{"type":"object","properties":{"nome":{"$ref":"#/components/schemas/nome"},"genero":{"$ref":"#/components/schemas/genero"},"raça":{"$ref":"#/components/schemas/raca"},"classe":{"$ref":"#/components/schemas/classe"},"xp":{"$ref":"#/components/schemas/xp"},"nota":{"$ref":"#/components/schemas/nota"}}}}},"required":true},"responses":{"200":{"description":"Herói Atualizado.","content":{"application/json":{"schema":{"required":["classe","genero","id","level","nome","nota","prox_lvl_xp","raça","xp"],"type":"object","properties":{"id":{"$ref":"#/components/schemas/id"},"nome":{"$ref":"#/components/schemas/nome"},"genero":{"$ref":"#/components/schemas/genero"},"raça":{"$ref":"#/components/schemas/raca"},"classe":{"$ref":"#/components/schemas/classe"},"atributes":{"required":["defesa","força","magia","velocidade"],"type":"object","properties":{"força":{"$ref":"#/components/schemas/atributos_forca"},"defesa":{"$ref":"#/components/schemas/atributos_defesa"},"velocidade":{"$ref":"#/components/schemas/atributos_velocidade"},"magia":{"$ref":"#/components/schemas/atributos_magia"}}},"level":{"$ref":"#/components/schemas/level"},"prox_lvl_xp":{"$ref":"#/components/schemas/prox_lvl_xp"},"xp":{"$ref":"#/components/schemas/xp"},"nota":{"$ref":"#/components/schemas/nota"}}}}}},"400":{"description":"Estrutura de erros.","content":{"application/json":{"schema":{"type":"array","items":{"type":"object","properties":{"message":{"type":"string","example":"O campo 'xpto_field' não é válido"}}}}}}},"401":{"description":"Usuário não está autorizado, faça login novamente","content":{"application/json":{"schema":{"type":"object","properties":{"Message":{"type":"string","example":"Usuário não está autorizado, faça login novamente"}}}}}},"403":{"description":"Usuário não tem permissão para acessar o recurso","content":{"application/json":{"schema":{"type":"object","properties":{"Message":{"type":"string","example":"Usuário não tem permissão para acessar o recurso"}}}}}},"404":{"description":"O campo 'id' não foi encontrado","content":{"application/json":{"schema":{"type":"object","properties":{"Message":{"type":"string","example":"O campo 'id' não foi encontrado"}}}}}}}}},"/deletar/{id}":{"delete":{"tags":["Heróis"],"summary":"Deleta o cadastro de um herói.","description":"","parameters":[{"name":"id","in":"path","required":true,"style":"simple","explode":false,"schema":{"$ref":"#/components/schemas/id"}}],"responses":{"204":{"description":"Herói Excluido."},"400":{"description":"Estrutura de erros.","content":{"application/json":{"schema":{"type":"array","items":{"type":"object","properties":{"message":{"type":"string","example":"O campo 'xpto_field' não é válido"}}}}}}},"401":{"description":"Usuário não está autorizado, faça login novamente","content":{"application/json":{"schema":{"type":"object","properties":{"Message":{"type":"string","example":"Usuário não está autorizado, faça login novamente"}}}}}},"403":{"description":"Usuário não tem permissão para acessar o recurso","content":{"application/json":{"schema":{"type":"object","properties":{"Message":{"type":"string","example":"Usuário não tem permissão para acessar o recurso"}}}}}},"404":{"description":"O campo 'id' não foi encontrado","content":{"application/json":{"schema":{"type":"object","properties":{"Message":{"type":"string","example":"O campo 'id' não foi encontrado"}}}}}}}}}},"components":{"schemas":{"id":{"type":"integer","description":"ID do cadastro do herói.","format":"int32","example":1},"nome":{"type":"string","description":"Nome do herói.","example":"Cardinal Barnabas"},"genero":{"type":"string","description":"Genero do herói.","example":"Masculino","enum":["Masculino","Feminino"]},"raca":{"type":"string","description":"Raça do herói.","example":"Humano","enum":["Humano","Elfo","Anão","Orc"]},"classe":{"type":"string","description":"Classe do herói.","example":"Guerreiro","enum":["Guerreiro","Arqueiro","Escudeiro","Mago"]},"atributos_forca":{"type":"integer","description":"Atributo de Força do herói.","format":"int32","example":60},"atributos_defesa":{"type":"integer","description":"Atributo de Defesa do herói.","format":"int32","example":30},"atributos_velocidade":{"type":"integer","description":"Atributo de Velocidade do herói.","format":"int32","example":60},"atributos_magia":{"type":"integer","description":"Atributo de Magia do herói.","format":"int32","example":30},"level":{"type":"integer","description":"Level do herói.","format":"int32","example":30},"prox_lvl_xp":{"type":"integer","description":"Quantia de XP faltante para o próximo level do herói.","format":"int32","example":51422900},"xp":{"type":"integer","description":"Quantia de XP conquistada pelo herói.","format":"int32","example":83204000},"nota":{"type":"string","description":"Nota atribuída ao herói dependendo da relação 'raça x classe' e xp.","example":"A","enum":["S","A","B","C","D"]}},"parameters":{"id":{"name":"id","in":"path","required":true,"style":"simple","explode":false,"schema":{"$ref":"#/components/schemas/id"}},"nome":{"name":"nome","in":"query","required":false,"style":"form","explode":true,"schema":{"$ref":"#/components/schemas/nome"}},"genero":{"name":"genero","in":"query","required":false,"style":"form","explode":true,"schema":{"$ref":"#/components/schemas/genero"}},"raca":{"name":"raça","in":"query","required":false,"style":"form","explode":true,"schema":{"$ref":"#/components/schemas/raca"}},"classe":{"name":"classe","in":"query","required":false,"style":"form","explode":true,"schema":{"$ref":"#/components/schemas/classe"}},"atributos_forca":{"name":"atributos_força","in":"query","required":false,"style":"form","explode":true,"schema":{"$ref":"#/components/schemas/atributos_forca"}},"atributos_defesa":{"name":"atributos_defesa","in":"query","required":false,"style":"form","explode":true,"schema":{"$ref":"#/components/schemas/atributos_defesa"}},"atributos_velocidade":{"name":"atributos_velocida","in":"query","required":false,"style":"form","explode":true,"schema":{"$ref":"#/components/schemas/atributos_velocidade"}},"atributos_magia":{"name":"bairro","in":"query","required":false,"style":"form","explode":true,"schema":{"$ref":"#/components/schemas/atributos_magia"}},"level":{"name":"level","in":"query","required":false,"style":"form","explode":true,"schema":{"$ref":"#/components/schemas/level"}},"prox_lvl_xp":{"name":"prox_lvl_xp","in":"query","required":false,"style":"form","explode":true,"schema":{"$ref":"#/components/schemas/prox_lvl_xp"}},"xp":{"name":"xp","in":"query","required":false,"style":"form","explode":true,"schema":{"$ref":"#/components/schemas/xp"}},"nota":{"name":"nota","in":"query","required":false,"style":"form","explode":true,"schema":{"$ref":"#/components/schemas/nota"}}},"securitySchemes":{"bearerAuth":{"type":"http","scheme":"bearer","bearerFormat":"JWT"}}}}