{"openapi":"3.0.0","info":{"title":"References","description":"# Description\nThe Reference API allows you to easily access a list of supported Countries, States, Timezones and Currencies.\n### Authentication\nThis API does not require any authentication key.\n### Supported Endpoints\n- ```/Countries```\n- ```/Timezones```\n- ```/Currencies```\n### Useful References\n| Standard | Link |\n|:-----|:------------|\n| Time Standards | [Wiki](en.wikipedia.org/wiki/Time_standard) | \n| Country Codes | [ISO 3166-1](www.iso.org/standard/63545.html) | \n| Country Subdivision Codes | [ISO 3166-2](www.iso.org/standard/63546.html) |\n","version":"1.0.0"},"servers":[{"url":"https://reference.azure.net/v1","description":"This API allows you to easily access a list of supported Countries, States, TimeZones and Currencies. (dead example base)"},{"url":"https://reference.iqmetrix.net/v1","description":"This API allows you to easily access a list of supported Countries, States, TimeZones and Currencies. (Live iqmetrix base)"}],"tags":[{"name":"Requests","description":"These are all the requests supported by this API."}],"paths":{"/Countries":{"get":{"tags":["Requests"],"summary":"Returns all supported Countries.","description":"Given an Accept header of application/json, this request will return a json object containing all supported countries in the form of a Country resource.\n","operationId":"getAllCountries","responses":{"200":{"description":"All supported countries returned successfully.","content":{"application/json":{"schema":{"type":"array","items":{"$ref":"#/components/schemas/Country"}}}}}}}},"/TimeZones":{"get":{"tags":["Requests"],"summary":"Returns all supported TimeZones.","description":"Given an Accept header of application/json, this request will return a json object containing all supported Time Zones in the form of a TimeZone resource.\n","operationId":"getAllTimeZones","responses":{"200":{"description":"All supported time-zones returned successfully.","content":{"application/json":{"schema":{"type":"array","items":{"$ref":"#/components/schemas/TimeZone"}}}}}}}},"/Currencies":{"get":{"tags":["Requests"],"summary":"Returns all supported Currencies.","description":"Given an Accept header of application/json, this request will return a json object containing all supported Currencies in the form of a Currency resource.\n","operationId":"getAllCurrencies","responses":{"200":{"description":"All supported currencies returned successfully.","content":{"application/json":{"schema":{"type":"array","items":{"$ref":"#/components/schemas/Currency"}}}}}}}}},"components":{"schemas":{"Country":{"type":"object","properties":{"id":{"type":"integer","description":"Identifier","format":"int32","example":1},"code":{"type":"string","description":"Country Code, uses the ISO 3166-1 alpha-2 standard","example":"CA"},"name":{"type":"string","description":"Country name","example":"Canada"},"version":{"type":"integer","description":"Latest version number","format":"int32","example":1},"states":{"type":"array","description":"Array of States/Provinces in the Country","items":{"$ref":"#/components/schemas/State"}}},"description":"This Resource describes a supported Country returned by the API"},"State":{"type":"object","properties":{"name":{"type":"string","description":"Name of the State","example":"Alberta"},"code":{"type":"string","description":"State/Province Code, based off the ISO 3166-2 standard","example":"AB"}},"description":"This Resource describes a supported State returned by the API"},"TimeZone":{"type":"object","properties":{"id":{"type":"string","description":"Identifier","example":"Alaskan Standard Time"},"name":{"type":"string","description":"Country it belongs to","example":"(UTC-09:00) Alaska"},"supportsdaylightsavingtime":{"type":"boolean","description":"A flag to indicate if this TimeZone observes Daylight Savings Time","example":true}},"description":"This Resource describes a supported TimeZone returned by the API"},"Currency":{"type":"object","properties":{"id":{"type":"integer","description":"Identifier","format":"int32","example":106},"name":{"type":"string","description":"Currency name","example":"United States Dollar"},"code":{"type":"string","description":"Identifier for the Currency","example":"USD"},"symbol":{"type":"array","description":"Integer array containing currency symbol unicode values","items":{"type":"integer","description":"Unicode decimal value for symbols associated with this currency","format":"Unicode decimal","example":36}},"version":{"type":"integer","description":"Latest version number","format":"int32","example":1}},"description":"This Resource describes a supported Currency returned by the API"}}}}