{"openapi":"3.0.0","info":{"title":"Konnektor","description":"Am adaugat doar lista de endpointuri fara descrieri","contact":{"email":"csongor.bandi@lifeishard.ro"},"license":{"name":"Apache 2.0","url":"http://www.apache.org/licenses/LICENSE-2.0.html"},"version":"3.0.0"},"servers":[{"url":"https://konnektor-api-stage.24broker.ro/v3","description":"KonnektorStage"},{"url":"https://konnektor-agent-pro.24broker.ro/v3","description":"KonnektorAgentPro (TODO)"}],"tags":[{"name":"MobileApi","description":"Endpointuri \"preluate\" din mobile API (v1)"},{"name":"MobileApi Client"},{"name":"Agent Auth"},{"name":"GDPR&IDD"},{"name":"CSR Web Client - Utilizator","description":"Endpointuri folosite de CSR sites"},{"name":"CSR Web Client - Client","description":"Endpointuri folosite de CSR sites"},{"name":"Nomenclatoare","description":"Endpointuri folosite de CSR sites"},{"name":"Travelers","description":"Endpointuri folosite de CSR sites"},{"name":"Masini","description":"Endpointuri folosite de CSR sites"},{"name":"Comenzi","description":"Endpointuri folosite de CSR sites"},{"name":"Payment","description":"Endpointuri folosite de CSR sites"},{"name":"Rate","description":"Endpointuri folosite de CSR sites"},{"name":"Polite","description":"Endpointuri folosite de CSR sites"},{"name":"Oferte","description":"Endpointuri folosite de CSR sites"},{"name":"Evenimente","description":"Endpointuri folosite de CSR sites"},{"name":"Metode Auxiliare","description":"Endpointuri folosite de CSR sites"},{"name":"Notifications","description":"Endpointuri folosite de CSR sites"},{"name":"RCA data","description":"Endpointuri folosite de CSR sites"},{"name":"Asistenta"}],"paths":{"/brokerid/{name}":{"get":{"tags":["MobileApi"],"summary":"(preluat din mobileApi)","description":"TBD","parameters":[{"name":"name","in":"path","description":"TBD","required":true,"style":"simple","explode":false,"schema":{"type":"string"}}],"responses":{"200":{"description":"TBD"}}}},"/dezactiveazaToken":{"post":{"tags":["MobileApi"],"summary":"(preluat din mobileApi)","description":"TBD","responses":{"200":{"description":"TBD"}}}},"/inrolareTerminal":{"put":{"tags":["MobileApi"],"summary":"(preluat din mobileApi)","description":"TBD","responses":{"200":{"description":"TBD"}}}},"/logout":{"post":{"tags":["MobileApi"],"summary":"(preluat din mobileApi)","description":"TBD","responses":{"200":{"description":"TBD"}}}},"/identificatorTerminal":{"patch":{"tags":["MobileApi"],"summary":"(preluat din mobileApi)","description":"TBD","responses":{"200":{"description":"TBD"}}}},"/raportRateDeIncasat":{"get":{"tags":["MobileApi"],"summary":"(preluat din mobileApi)","description":"TBD","responses":{"200":{"description":"TBD"}}}},"/raportExpirariDePolite":{"get":{"tags":["MobileApi"],"summary":"(preluat din mobileApi)","description":"TBD","responses":{"200":{"description":"TBD"}}}},"/rateScadente":{"get":{"tags":["MobileApi"],"summary":"(preluat din mobileApi)","description":"TBD","responses":{"200":{"description":"TBD"}}}},"/ratePolita/{politaId}/{rataNumar}":{"get":{"tags":["MobileApi"],"summary":"(preluat din mobileApi)","description":"TBD","parameters":[{"name":"politaId","in":"path","description":"TBD","required":true,"style":"simple","explode":false,"schema":{"type":"string"}},{"name":"rataNumar","in":"path","description":"TBD","required":true,"style":"simple","explode":false,"schema":{"type":"string"}}],"responses":{"200":{"description":"TBD"}}}},"/rate":{"patch":{"tags":["MobileApi"],"summary":"(preluat din mobileApi)","description":"TBD","responses":{"200":{"description":"TBD"}}}},"/baseWidgetData/{data}/{tip}":{"get":{"tags":["MobileApi"],"summary":"(preluat din mobileApi)","description":"TBD","parameters":[{"name":"data","in":"path","description":"TBD","required":true,"style":"simple","explode":false,"schema":{"type":"string"}},{"name":"tip","in":"path","description":"TBD","required":true,"style":"simple","explode":false,"schema":{"type":"string"}}],"responses":{"200":{"description":"TBD"}}}},"/topAsiguratori/{data}":{"get":{"tags":["MobileApi"],"summary":"(preluat din mobileApi)","description":"TBD","parameters":[{"name":"data","in":"path","description":"TBD","required":true,"style":"simple","explode":false,"schema":{"type":"string"}}],"responses":{"200":{"description":"TBD"}}}},"/distributiePortofoliu/{data}":{"get":{"tags":["MobileApi"],"summary":"(preluat din mobileApi)","description":"TBD","parameters":[{"name":"data","in":"path","description":"TBD","required":true,"style":"simple","explode":false,"schema":{"type":"string"}}],"responses":{"200":{"description":"TBD"}}}},"/activitate":{"get":{"tags":["MobileApi"],"summary":"(preluat din mobileApi)","description":"TBD","responses":{"200":{"description":"TBD"}}},"patch":{"tags":["MobileApi"],"summary":"(preluat din mobileApi)","description":"TBD","responses":{"200":{"description":"TBD"}}}},"/activitatiPentruLuna/{data}":{"get":{"tags":["MobileApi"],"summary":"(preluat din mobileApi)","description":"TBD","parameters":[{"name":"data","in":"path","description":"TBD","required":true,"style":"simple","explode":false,"schema":{"type":"string"}}],"responses":{"200":{"description":"TBD"}}}},"/activitatiPentruZi/{data}":{"get":{"tags":["MobileApi"],"summary":"(preluat din mobileApi)","description":"TBD","parameters":[{"name":"data","in":"path","description":"TBD","required":true,"style":"simple","explode":false,"schema":{"type":"string"}}],"responses":{"200":{"description":"TBD"}}}},"/listaClienti":{"get":{"tags":["MobileApi Client"],"summary":"Portfoliu clienti","description":"Lista clientilor din portfoliul agentului","parameters":[{"name":"Token","in":"header","description":"Internal (Mobile) token","required":true,"style":"simple","explode":false,"schema":{"type":"string"}}],"responses":{"200":{"description":"Lista client","content":{"application/json":{"schema":{"type":"array","items":{"$ref":"#/components/schemas/DateClientOut"}}}}}}}},"/detaliiClient/{clientId}":{"get":{"tags":["MobileApi Client"],"summary":"Informatii client","description":"Obtinere informatii client","parameters":[{"name":"Token","in":"header","description":"Internal (Mobile) token","required":true,"style":"simple","explode":false,"schema":{"type":"string"}},{"name":"clientId","in":"path","description":"Client ID","required":true,"style":"simple","explode":false,"schema":{"type":"number"}}],"responses":{"200":{"description":"Informatii despre client","content":{"application/json":{"schema":{"$ref":"#/components/schemas/DateClientOut"}}}},"403":{"description":"Erori de autentificare sau de validare date","content":{"application/json":{"schema":{"type":"object","properties":{"message":{"type":"string"}}}}}}}},"delete":{"tags":["MobileApi Client"],"summary":"Stergere client","description":"Se fac o serie validari si daca clientul apartine de agentul apelant si nu este inclus pe nici o polita, decont, oferta etc. atunci se permite stergerea lui.","parameters":[{"name":"Token","in":"header","description":"Internal (Mobile) token","required":true,"style":"simple","explode":false,"schema":{"type":"string"}},{"name":"clientId","in":"path","description":"Client ID","required":true,"style":"simple","explode":false,"schema":{"type":"number"}}],"responses":{"200":{"description":"Clientul s-a sters cu succes"},"403":{"description":"Erori de autentificare","content":{"application/json":{"schema":{"type":"object","properties":{"message":{"type":"string"}}}}}},"400":{"description":"Erori de validare date","content":{"application/json":{"schema":{"type":"object","properties":{"message":{"type":"string"}}}}}}}},"patch":{"tags":["MobileApi Client"],"summary":"Modificare client","description":"Modificare client existent","parameters":[{"name":"Token","in":"header","description":"Internal (Mobile) token","required":true,"style":"simple","explode":false,"schema":{"type":"string"}},{"name":"clientId","in":"path","description":"Client ID","required":true,"style":"simple","explode":false,"schema":{"type":"number"}}],"requestBody":{"description":"Un JSON in formatul definit mai jos","content":{"application/json":{"schema":{"$ref":"#/components/schemas/DateClientIn"}}},"required":true},"responses":{"200":{"description":"Datele salvate cu succes."},"403":{"description":"Erori de autentificare sau de validare date","content":{"application/json":{"schema":{"type":"object","properties":{"message":{"type":"string"}}}}}},"400":{"description":"Erori de validare date","content":{"application/json":{"schema":{"type":"object","properties":{"message":{"type":"string"}}}}}}}}},"/detaliiClient/{clientId}/masina":{"get":{"tags":["MobileApi Client"],"summary":"Lista de masini","description":"Lista de masini salvate pe client","parameters":[{"name":"Token","in":"header","description":"Internal (Mobile) token","required":true,"style":"simple","explode":false,"schema":{"type":"string"}},{"name":"clientId","in":"path","description":"Client ID","required":true,"style":"simple","explode":false,"schema":{"type":"number"}}],"responses":{"200":{"description":"Lista de masini","content":{"application/json":{"schema":{"type":"array","items":{"type":"object","properties":{"id":{"type":"number","description":"ID masina"},"serie_sasiu":{"type":"string"},"numar_inmatriculare":{"type":"string"},"civ":{"type":"string"},"categorie_auto_id":{"type":"number"},"subcategorie_auto_id":{"type":"number"},"marca":{"type":"string"},"model":{"type":"string"},"cilindree":{"type":"number"},"masa_maxima":{"type":"number"},"an_fabricatie":{"type":"number"},"putere":{"type":"number"},"putere_kw":{"type":"number"},"nr_locuri":{"type":"number"},"tip_combustibil":{"type":"string"},"culoare":{"type":"string"},"data_inmatriculare":{"type":"string"},"clasa_bm":{"type":"string"}}}}}}},"204":{"description":"Nu s-a identificat nici o masina"},"403":{"description":"Erori de autentificare","content":{"application/json":{"schema":{"type":"object","properties":{"message":{"type":"string"}}}}}}}}},"/detaliiClient":{"post":{"tags":["MobileApi Client"],"summary":"Salvare client","description":"Adaugare client nou","parameters":[{"name":"Token","in":"header","description":"Internal (Mobile) token","required":true,"style":"simple","explode":false,"schema":{"type":"string"}}],"requestBody":{"description":"Un JSON in formatul definit mai jos","content":{"application/json":{"schema":{"$ref":"#/components/schemas/DateClientIn"}}},"required":true},"responses":{"200":{"description":"Datele salvate cu succes.","content":{"application/json":{"schema":{"type":"object","properties":{"client_id":{"type":"number"}}}}}},"403":{"description":"Erori de autentificare","content":{"application/json":{"schema":{"type":"object","properties":{"message":{"type":"string"}}}}}},"400":{"description":"Erori de validare date","content":{"application/json":{"schema":{"type":"object","properties":{"message":{"type":"string"}}}}}}}}},"/polite/{expira}":{"get":{"tags":["MobileApi"],"summary":"(preluat din mobileApi)","description":"TBD","parameters":[{"name":"expira","in":"path","description":"TBD","required":true,"style":"simple","explode":false,"schema":{"type":"string"}}],"responses":{"200":{"description":"TBD"}}}},"/politePentruClient/{clientId}":{"get":{"tags":["MobileApi Client"],"summary":"(preluat din mobileApi)","description":"TBD","parameters":[{"name":"clientId","in":"path","description":"TBD","required":true,"style":"simple","explode":false,"schema":{"type":"string"}}],"responses":{"200":{"description":"TBD"}}}},"/sensitiveDataOptions":{"get":{"tags":["MobileApi"],"summary":"(preluat din mobileApi)","description":"TBD","responses":{"200":{"description":"TBD"}}}},"/previewGDPR":{"post":{"tags":["MobileApi"],"summary":"(preluat din mobileApi)","description":"TBD","responses":{"200":{"description":"TBD"}}}},"/signGDPR":{"post":{"tags":["MobileApi"],"summary":"(preluat din mobileApi)","description":"TBD","responses":{"200":{"description":"TBD"}}}},"/getGDPR/{clientId}":{"get":{"tags":["MobileApi"],"summary":"(preluat din mobileApi)","description":"TBD","parameters":[{"name":"clientId","in":"path","description":"TBD","required":true,"style":"simple","explode":false,"schema":{"type":"string"}}],"responses":{"200":{"description":"TBD"}}}},"/adrese/{clientId}":{"get":{"tags":["MobileApi Client"],"summary":"(preluat din mobileApi)","description":"TBD","parameters":[{"name":"clientId","in":"path","description":"TBD","required":true,"style":"simple","explode":false,"schema":{"type":"string"}}],"responses":{"200":{"description":"TBD"}}}},"/documente/{clientId}":{"get":{"tags":["MobileApi Client"],"summary":"(preluat din mobileApi)","description":"TBD","parameters":[{"name":"clientId","in":"path","description":"TBD","required":true,"style":"simple","explode":false,"schema":{"type":"string"}}],"responses":{"200":{"description":"TBD"}}}},"/document/{clientId}/{documentId}":{"get":{"tags":["MobileApi Client"],"summary":"(preluat din mobileApi)","description":"TBD","parameters":[{"name":"clientId","in":"path","description":"TBD","required":true,"style":"simple","explode":false,"schema":{"type":"string"}},{"name":"documentId","in":"path","description":"TBD","required":true,"style":"simple","explode":false,"schema":{"type":"string"}}],"responses":{"200":{"description":"TBD"}}},"delete":{"tags":["MobileApi"],"summary":"(preluat din mobileApi) !!! Eroare definirea endpointului !!!","description":"TBD -> este definit ca si get","parameters":[{"name":"clientId","in":"path","description":"TBD","required":true,"style":"simple","explode":false,"schema":{"type":"string"}},{"name":"documentId","in":"path","description":"TBD","required":true,"style":"simple","explode":false,"schema":{"type":"string"}}],"responses":{"200":{"description":"TBD"}}}},"/document":{"post":{"tags":["MobileApi"],"summary":"(preluat din mobileApi)","description":"TBD","responses":{"200":{"description":"TBD"}}}},"/modificaDocument":{"get":{"tags":["MobileApi"],"summary":"(preluat din mobileApi)","description":"TBD","responses":{"200":{"description":"TBD"}}}},"/judete":{"get":{"tags":["MobileApi"],"summary":"(preluat din mobileApi)","description":"TBD","responses":{"200":{"description":"TBD"}}}},"/localitati/{judet}":{"get":{"tags":["MobileApi"],"summary":"(preluat din mobileApi)","description":"TBD","parameters":[{"name":"judet","in":"path","description":"TBD","required":true,"style":"simple","explode":false,"schema":{"type":"string"}}],"responses":{"200":{"description":"TBD"}}}},"/login":{"post":{"tags":["CSR Web Client - Utilizator"],"summary":"TBD","description":"TBD","responses":{"200":{"description":"TBD"}}}},"/register":{"post":{"tags":["CSR Web Client - Utilizator"],"summary":"TBD","description":"TBD","responses":{"200":{"description":"TBD"}}}},"/activate":{"post":{"tags":["CSR Web Client - Utilizator"],"summary":"TBD","description":"TBD","responses":{"200":{"description":"TBD"}}}},"/web-logout":{"post":{"tags":["CSR Web Client - Utilizator"],"summary":"TBD","description":"TBD","responses":{"200":{"description":"TBD"}}}},"/check-user-exists":{"post":{"tags":["CSR Web Client - Utilizator"],"summary":"TBD","description":"TBD","responses":{"200":{"description":"TBD"}}}},"/check-password":{"post":{"tags":["CSR Web Client - Utilizator"],"summary":"TBD","description":"TBD","responses":{"200":{"description":"TBD"}}}},"/profile":{"patch":{"tags":["CSR Web Client - Utilizator"],"summary":"TBD","description":"TBD","responses":{"200":{"description":"TBD"}}}},"/password":{"patch":{"tags":["CSR Web Client - Utilizator"],"summary":"TBD","description":"TBD","responses":{"200":{"description":"TBD"}}}},"/check-token":{"post":{"tags":["CSR Web Client - Utilizator"],"summary":"TBD","description":"TBD","responses":{"200":{"description":"TBD"}}}},"/inrolareAgent":{"post":{"tags":["Agent Auth"],"summary":"TBD","description":"TBD","responses":{"200":{"description":"TBD"}}}},"/authAgent":{"post":{"tags":["Agent Auth"],"summary":"TBD","description":"TBD","responses":{"200":{"description":"TBD"}}}},"/inrolareClient":{"post":{"tags":["CSR Web Client - Client"],"summary":"TBD","description":"TBD","responses":{"200":{"description":"TBD"}}}},"/areas":{"get":{"tags":["Nomenclatoare"],"summary":"TBD","description":"TBD","responses":{"200":{"description":"TBD"}}}},"/cities/{areaCode}":{"get":{"tags":["Nomenclatoare"],"summary":"TBD","description":"TBD","parameters":[{"name":"areaCode","in":"path","description":"TBD","required":true,"style":"simple","explode":false,"schema":{"type":"string"}}],"responses":{"200":{"description":"TBD"}}}},"/countries":{"get":{"tags":["Nomenclatoare"],"summary":"TBD","description":"TBD","responses":{"200":{"description":"TBD"}}}},"/travelers":{"get":{"tags":["Travelers"],"summary":"TBD","description":"TBD","responses":{"200":{"description":"TBD"}}},"post":{"tags":["Travelers"],"summary":"TBD","description":"TBD","responses":{"200":{"description":"TBD"}}}},"/autos":{"get":{"tags":["Masini"],"summary":"TBD","description":"TBD","responses":{"200":{"description":"TBD"}}},"post":{"tags":["Masini"],"summary":"TBD","description":"TBD","responses":{"200":{"description":"TBD"}}},"delete":{"tags":["Masini"],"summary":"TBD","description":"TBD","responses":{"200":{"description":"TBD"}}},"patch":{"tags":["Masini"],"summary":"TBD","description":"TBD","responses":{"200":{"description":"TBD"}}}},"/auto":{"post":{"tags":["Masini"],"summary":"TBD","description":"TBD","responses":{"200":{"description":"TBD"}}}},"/order":{"post":{"tags":["Comenzi"],"summary":"TBD","description":"TBD","responses":{"200":{"description":"TBD"}}}},"/orders":{"post":{"tags":["Comenzi"],"summary":"TBD","description":"TBD","responses":{"200":{"description":"TBD"}}}},"/payments":{"get":{"tags":["Payment"],"summary":"TBD","description":"TBD","responses":{"200":{"description":"TBD"}}},"post":{"tags":["Payment"],"summary":"TBD","description":"TBD","responses":{"200":{"description":"TBD"}}},"patch":{"tags":["Payment"],"summary":"TBD","description":"TBD","responses":{"200":{"description":"TBD"}}}},"/payments/{payment_order}":{"get":{"tags":["Payment"],"summary":"TBD","description":"TBD","parameters":[{"name":"payment_order","in":"path","description":"TBD","required":true,"style":"simple","explode":false,"schema":{"type":"string"}}],"responses":{"200":{"description":"TBD"}}}},"/installment":{"post":{"tags":["Rate"],"summary":"TBD","description":"TBD","responses":{"200":{"description":"TBD"}}}},"/installments":{"post":{"tags":["Rate"],"summary":"TBD","description":"TBD","responses":{"200":{"description":"TBD"}}}},"/policy":{"post":{"tags":["Polite"],"summary":"TBD","description":"TBD","responses":{"200":{"description":"TBD"}}}},"/policy/{payment_order}":{"get":{"tags":["Polite"],"summary":"TBD","description":"TBD","parameters":[{"name":"payment_order","in":"path","description":"TBD","required":true,"style":"simple","explode":false,"schema":{"type":"string"}}],"responses":{"200":{"description":"TBD"}}}},"/travel-policies":{"post":{"tags":["Polite"],"summary":"TBD","description":"TBD","responses":{"200":{"description":"TBD"}}}},"/policy-pdf/{id}":{"post":{"tags":["Polite"],"summary":"TBD","description":"TBD","parameters":[{"name":"id","in":"path","description":"TBD","required":true,"style":"simple","explode":false,"schema":{"type":"string"}}],"responses":{"200":{"description":"TBD"}}}},"/policies":{"get":{"tags":["Polite"],"summary":"TBD","description":"TBD","responses":{"200":{"description":"TBD"}}}},"/policies-expiring":{"post":{"tags":["Polite"],"summary":"TBD","description":"TBD","responses":{"200":{"description":"TBD"}}}},"/24b-assign-policy":{"post":{"tags":["Polite"],"summary":"TBD","description":"TBD","responses":{"200":{"description":"TBD"}}}},"/24b-policies":{"get":{"tags":["Polite"],"summary":"TBD","description":"TBD","responses":{"200":{"description":"TBD"}}}},"/oferte":{"post":{"tags":["Oferte"],"summary":"TBD","description":"TBD","responses":{"200":{"description":"TBD"}}}},"/oferta/{id}":{"get":{"tags":["Oferte"],"summary":"TBD","description":"TBD","parameters":[{"name":"id","in":"path","description":"TBD","required":true,"style":"simple","explode":false,"schema":{"type":"string"}}],"responses":{"200":{"description":"TBD"}}}},"/acorduri":{"get":{"tags":["GDPR&IDD"],"summary":"TBD","description":"TBD","responses":{"200":{"description":"TBD"}}}},"/acord/{id}":{"get":{"tags":["GDPR&IDD"],"summary":"TBD","description":"TBD","parameters":[{"name":"id","in":"path","description":"TBD","required":true,"style":"simple","explode":false,"schema":{"type":"string"}}],"responses":{"200":{"description":"TBD"}}}},"/idds":{"get":{"tags":["GDPR&IDD"],"summary":"TBD","description":"TBD","responses":{"200":{"description":"TBD"}}}},"/idd/{id}":{"get":{"tags":["GDPR&IDD"],"summary":"TBD","description":"TBD","parameters":[{"name":"id","in":"path","description":"TBD","required":true,"style":"simple","explode":false,"schema":{"type":"string"}}],"responses":{"200":{"description":"TBD"}}}},"/asistenta":{"get":{"tags":["Asistenta"],"summary":"TBD","description":"TBD","responses":{"200":{"description":"TBD"}}},"post":{"tags":["Asistenta"],"summary":"TBD","description":"TBD","responses":{"200":{"description":"TBD"}}}},"/insurance/rca/policies":{"get":{"tags":["Polite"],"summary":"TBD","description":"TBD","responses":{"200":{"description":"TBD"}}}},"/scadente":{"get":{"tags":["Rate"],"summary":"TBD","description":"TBD","responses":{"200":{"description":"TBD"}}}},"/events":{"get":{"tags":["Evenimente"],"summary":"TBD","description":"TBD","responses":{"200":{"description":"TBD"}}}},"/delete-expired-policies":{"get":{"tags":["Polite"],"summary":"TBD","description":"TBD","responses":{"200":{"description":"TBD"}}},"post":{"tags":["Polite"],"summary":"TBD","description":"TBD","responses":{"200":{"description":"TBD"}}}},"/exchange":{"get":{"tags":["Metode Auxiliare"],"summary":"TBD","description":"TBD","responses":{"200":{"description":"TBD"}}},"post":{"tags":["Metode Auxiliare"],"summary":"TBD","description":"TBD","responses":{"200":{"description":"TBD"}}}},"/log-legal":{"post":{"tags":["Metode Auxiliare"],"summary":"TBD","description":"TBD","responses":{"200":{"description":"TBD"}}}},"/user-notifications-settings":{"get":{"tags":["Notifications"],"summary":"TBD","description":"TBD","responses":{"200":{"description":"TBD"}}},"post":{"tags":["Notifications"],"summary":"TBD","description":"TBD","responses":{"200":{"description":"TBD"}}}},"/user-notifications-settings-by-user-and-type":{"post":{"tags":["Notifications"],"summary":"TBD","description":"TBD","responses":{"200":{"description":"TBD"}}}},"/user-data/{userId}":{"get":{"tags":["Metode Auxiliare"],"summary":"TBD","description":"TBD","parameters":[{"name":"userId","in":"path","description":"TBD","required":true,"style":"simple","explode":false,"schema":{"type":"string"}}],"responses":{"200":{"description":"TBD"}}}},"/log-notification-for-data":{"post":{"tags":["Notifications"],"summary":"TBD","description":"TBD","responses":{"200":{"description":"TBD"}}}},"/policies-expiring-in-the-next-days/{days}":{"get":{"tags":["Polite"],"summary":"TBD","description":"TBD","parameters":[{"name":"days","in":"path","description":"TBD","required":true,"style":"simple","explode":false,"schema":{"type":"string"}}],"responses":{"200":{"description":"TBD"}}}},"/log/gdpr":{"post":{"tags":["Metode Auxiliare"],"summary":"TBD","description":"TBD","responses":{"200":{"description":"TBD"}}}},"/log/idd":{"post":{"tags":["Metode Auxiliare"],"summary":"TBD","description":"TBD","responses":{"200":{"description":"TBD"}}}},"/rca-data":{"get":{"tags":["RCA data"],"summary":"TBD","description":"TBD","responses":{"200":{"description":"TBD"}}},"post":{"tags":["RCA data"],"summary":"TBD","description":"TBD","responses":{"200":{"description":"TBD"}}},"delete":{"tags":["RCA data"],"summary":"TBD","description":"TBD","responses":{"200":{"description":"TBD"}}}},"/credentialeSas":{"get":{"tags":["Metode Auxiliare"],"description":"Returneaza credentialele sas pentru produsele specificate","parameters":[{"name":"produse[]","in":"query","description":"identificator produs de forma \"slug-sas/slug-produs\" (Exemplu pentru un singur produs ?produse[]=asirom/rca, exemplu pentru mai multe produse ?produse[]=asirom/rca&produse[]=euroins/rca)\n","required":false,"style":"form","explode":true,"schema":{"type":"string"}}],"responses":{"200":{"description":"array de obiecte cu credentialele solicitate","content":{"application/json":{"schema":{"$ref":"#/components/schemas/Credentiale"}}}}}}},"/idd/document/list/{tip_polita_id}/{client_id}":{"get":{"tags":["GDPR&IDD"],"summary":"Lista si starea ocumentelor IDD","description":"Lista documente idd si statusul lor.<br>\nTipuri de documente incluse:\n  - <b>prez</b> - Prezentare Broker\n  - <b>gdpr</b> - Acord de procesare a datelor cu caracter personal (GDPR)\n  - <b>mandat</b> - Mandat de prezentare\n  - <b>dnt</b> - Formular de identificare a nevoilor (DNT)\n","parameters":[{"name":"Token","in":"header","description":"Internal (Mobile) token","required":true,"style":"simple","explode":false,"schema":{"type":"string"}},{"name":"tip_polita_id","in":"path","description":"ID tip polita (RCA=1)","required":true,"style":"simple","explode":false,"schema":{"type":"number"}},{"name":"client_id","in":"path","description":"ID client din 24Broker","required":true,"style":"simple","explode":false,"schema":{"type":"number"}}],"responses":{"200":{"description":"Lista documentelor, sau mesajul de eroare","content":{"application/json":{"schema":{"oneOf":[{"$ref":"#/components/schemas/IddDocumentsList"},{"$ref":"#/components/schemas/ApiStandardResponse"}]}}}}}}},"/idd/formular/dnt":{"get":{"tags":["GDPR&IDD"],"summary":"Structura formular DNT","description":"Structura formularului DNT si raspunsurile anterioare (daca exista formular generat)\n","parameters":[{"name":"Token","in":"header","description":"Internal (Mobile) token","required":true,"style":"simple","explode":false,"schema":{"type":"string"}},{"name":"tip_polita_id","in":"query","description":"ID tip polita din 24Broker","required":true,"style":"form","explode":true,"schema":{"type":"number"}},{"name":"client_id","in":"query","description":"ID client din 24Broker","required":true,"style":"form","explode":true,"schema":{"type":"number"}}],"responses":{"200":{"description":"Raspuns structura formular","content":{"application/json":{"schema":{"oneOf":[{"$ref":"#/components/schemas/IddDntFormStructure"},{"$ref":"#/components/schemas/ApiStandardResponse"}]}}}}}},"post":{"tags":["GDPR&IDD"],"summary":"Salvare raspuns formular DNT","description":"Salvare formular completat\n","parameters":[{"name":"Token","in":"header","description":"Internal (Mobile) token","required":true,"style":"simple","explode":false,"schema":{"type":"string"}}],"requestBody":{"description":"Un JSON in formatul definit mai jos","content":{"application/json":{"schema":{"type":"object","properties":{"client_id":{"type":"number"},"form_id":{"type":"number"},"tip_polita_id":{"type":"number"},"answers":{"type":"array","items":{"type":"object","properties":{"id":{"type":"string"},"answer":{"type":"array","items":{"type":"string"}}}}},"ip":{"type":"string"}}}}},"required":true},"responses":{"200":{"description":"Raspuns structura formular","content":{"application/json":{"schema":{"$ref":"#/components/schemas/ApiStandardResponse"}}}}}}},"/idd/document/dnt/{document_id}":{"get":{"tags":["GDPR&IDD"],"summary":"Descarcare DNT","description":"Descarcare formular DNT generat\n","parameters":[{"name":"Token","in":"header","description":"Internal (Mobile) token","required":true,"style":"simple","explode":false,"schema":{"type":"string"}},{"name":"document_id","in":"path","description":"ID document (obtinut prin /idd/document/list/{tip_polita_id}/{client_id})","required":true,"style":"simple","explode":false,"schema":{"type":"number"}}],"responses":{"200":{"description":"Mesajul de eroare sau documentul generat","content":{"application/json":{"schema":{"oneOf":[{"$ref":"#/components/schemas/IddDocumentResponse"},{"$ref":"#/components/schemas/ApiStandardResponse"}]}}}}}}},"/idd/document/gdpr/{document_id}":{"get":{"tags":["GDPR&IDD"],"summary":"Descarcare Acord General","description":"Descarcare acord generat\n","parameters":[{"name":"Token","in":"header","description":"Internal (Mobile) token","required":true,"style":"simple","explode":false,"schema":{"type":"string"}},{"name":"document_id","in":"path","description":"ID document (obtinut prin /idd/document/list/{tip_polita_id}/{client_id})","required":true,"style":"simple","explode":false,"schema":{"type":"number"}}],"responses":{"200":{"description":"Mesajul de eroare sau documentul generat","content":{"application/json":{"schema":{"oneOf":[{"$ref":"#/components/schemas/IddDocumentResponse"},{"$ref":"#/components/schemas/ApiStandardResponse"}]}}}}}}},"/idd/document/prez/{document_id}":{"get":{"tags":["GDPR&IDD"],"summary":"Descarcare Prezentare broker","description":"Descarcare prezentare broker\n","parameters":[{"name":"Token","in":"header","description":"Internal (Mobile) token","required":true,"style":"simple","explode":false,"schema":{"type":"string"}},{"name":"document_id","in":"path","description":"ID document (obtinut prin /idd/document/list/{tip_polita_id}/{client_id})","required":true,"style":"simple","explode":false,"schema":{"type":"number"}}],"responses":{"200":{"description":"Mesajul de eroare sau documentul generat","content":{"application/json":{"schema":{"oneOf":[{"$ref":"#/components/schemas/IddDocumentResponse"},{"$ref":"#/components/schemas/ApiStandardResponse"}]}}}}}}},"/idd/document/prez/0":{"get":{"tags":["GDPR&IDD"],"summary":"Descarcare Prezentare broker initiala","description":"Descarcare prezentare broker initiala\n","parameters":[{"name":"Token","in":"header","description":"Internal (Mobile) token","required":true,"style":"simple","explode":false,"schema":{"type":"string"}}],"responses":{"200":{"description":"Mesajul de eroare sau documentul generat","content":{"application/json":{"schema":{"oneOf":[{"$ref":"#/components/schemas/IddDocumentResponse"},{"$ref":"#/components/schemas/ApiStandardResponse"}]}}}}}}},"/idd/document/prez":{"post":{"tags":["GDPR&IDD"],"summary":"Salvare document prezentare broker","description":"Salvare document prezentare broker\n","parameters":[{"name":"Token","in":"header","description":"Internal (Mobile) token","required":true,"style":"simple","explode":false,"schema":{"type":"string"}}],"requestBody":{"description":"Un JSON in formatul definit mai jos","content":{"application/json":{"schema":{"type":"object","properties":{"client_id":{"type":"number"}}}}},"required":true},"responses":{"200":{"description":"Raspuns salvare document","content":{"application/json":{"schema":{"$ref":"#/components/schemas/ApiStandardResponse"}}}}}}}},"components":{"schemas":{"DateClientOut":{"type":"object","properties":{"clientId":{"type":"number"},"tip":{"type":"string","enum":["PF","PJ"]},"cif":{"type":"string"},"nume":{"type":"string"},"prenume":{"type":"string"},"telefon":{"type":"string"},"telefon_mobil":{"type":"string"},"email":{"type":"string"},"serie_buletin":{"type":"string"},"numar_buletin":{"type":"string"},"domeniu_de_activitate":{"type":"number"},"adresa":{"type":"string"},"adresa_detalii":{"type":"object","properties":{"judet_cod":{"type":"string"},"judet_nume":{"type":"string"},"localitate_nume":{"type":"string"},"localitate_siruta":{"type":"string"},"strada":{"type":"string"},"numar":{"type":"string"},"bloc":{"type":"string"},"scara":{"type":"string"},"etaj":{"type":"string"},"apartament":{"type":"string"},"cod_postal":{"type":"string"}}},"adresa_corespondenta":{"type":"string"},"adresa_corespondenta_detalii":{"required":["localitate_siruta","numar","strada"],"type":"object","properties":{"judet_cod":{"type":"string"},"judet_nume":{"type":"string"},"localitate_nume":{"type":"string"},"localitate_siruta":{"type":"string"},"strada":{"type":"string"},"numar":{"type":"string"},"bloc":{"type":"string"},"scara":{"type":"string"},"etaj":{"type":"string"},"apartament":{"type":"string"},"cod_postal":{"type":"string"}}}}},"DateClientIn":{"type":"object","properties":{"tip":{"type":"string","enum":["PF","PJ"]},"cif":{"type":"string"},"nume":{"type":"string"},"prenume":{"type":"string"},"telefon":{"type":"string"},"telefon_mobil":{"type":"string"},"email":{"type":"string"},"is_societate_de_leasing":{"type":"integer","description":"0 - Nu 1 - Da"},"serie_buletin":{"type":"string"},"numar_buletin":{"type":"string"},"domeniu_de_activitate":{"type":"number"},"adresa":{"type":"string"},"adresa_detalii":{"type":"object","properties":{"localitate_siruta":{"type":"string"},"strada":{"type":"string"},"numar":{"type":"string"},"bloc":{"type":"string"},"scara":{"type":"string"},"etaj":{"type":"string"},"apartament":{"type":"string"},"cod_postal":{"type":"string"}}},"adresa_corespondenta_detalii":{"required":["localitate_siruta","numar","strada"],"type":"object","properties":{"localitate_siruta":{"type":"string"},"strada":{"type":"string"},"numar":{"type":"string"},"bloc":{"type":"string"},"scara":{"type":"string"},"etaj":{"type":"string"},"apartament":{"type":"string"},"cod_postal":{"type":"string"}}}}},"IddDocumentResponse":{"type":"object","properties":{"status":{"type":"number","example":1},"data":{"type":"object","properties":{"filename":{"type":"string"},"content":{"type":"string","description":"Continutul fisierului base64encoded"}}}}},"IddDntFormStructure":{"type":"object","properties":{"formular":{"type":"object","properties":{"id":{"type":"string"},"title":{"type":"string"},"description":{"type":"string"},"mapping":{"type":"string"},"nota":{"type":"string"},"sections":{"type":"array","description":"Structura formularului (TODO))","items":{"type":"object","properties":{"id":{"type":"string"},"title":{"type":"string"},"questions":{"type":"array","items":{"type":"object","properties":{"id":{"type":"string"},"title":{"type":"string"},"type":{"type":"string","description":"1 - raspuns liber, 2 - raspuns multiplu, 3 - raspuns unic"},"custom_option":{"type":"boolean","description":"Include optiune de raspuns editabila"},"options":{"type":"array","items":{"type":"object","properties":{"key":{"type":"string"},"title":{"type":"string"}}}}}}}}}}}},"answers":{"type":"array","items":{"type":"object","properties":{"id":{"type":"string"},"answer":{"type":"array","items":{"type":"string"}}}}},"tip_polita_id":{"type":"string"}}},"IddDocumentsList":{"type":"array","items":{"type":"object","properties":{"document":{"type":"string","description":"Tipul documentului","enum":["prez","gdpr","dnt","mandat"]},"title":{"type":"string"},"description":{"type":"string"},"type":{"type":"string","description":"Indica daca este un tip de document pdf sau un formular interactiv. Valori posibile: form, pdf","example":"form"},"required":{"type":"boolean","example":true},"data":{"type":"object","properties":{"document_id":{"type":"number","description":"ID document, se foloseste la descarcare"}},"description":"Date suplimentare (optional)"},"status":{"type":"string","description":"Starea documentului: 0 - Negenerat/necompletat, 1 - Generat/Completat, -1 - Cu eroare (eroare se poate citi din data['message'])"}}}},"ApiStandardResponse":{"type":"object","properties":{"error":{"type":"boolean","description":"1 - Success, 0 - Error","example":true},"message":{"type":"string","description":"Mesaj conform status -ului (eroare sau de succes)","example":"Mesaj de eroare / succes."}}},"Credentiale":{"type":"object","additionalProperties":{"type":"object","properties":{"sucursala_sas":{"type":"string"},"cont":{"type":"string"},"parola":{"type":"string"},"cod":{"type":"string"},"test_mode":{"type":"boolean"},"certificat":{"type":"string","description":"Continutul certificatului .pem (base64encoded). Se returneaza doar pentru Allianz si doar daca autentificarea trebuie sa fie prin certificat"},"certificat_parola":{"type":"string","description":"Parola certificatului"}}},"example":{"sas/produs":{"sucursala_sas":"sucursala","cont":"cont","parola":"parola","cod":"cod","certificat":"base64encoded .pem file (doar la Allianz)","certificat_parola":"parola (doar la Allianz)"}}}}}}