{"openapi":"3.0.0","info":{"title":"organization-qa.api.lifeishard.ro","description":"Documentatia organization.api.lifeishard.ro","contact":{"email":"mark.biro@lifeishard.ro"},"license":{"name":"Apache 2.0","url":"http://www.apache.org/licenses/LICENSE-2.0.html"},"version":"v1"},"servers":[{"url":"https://virtserver.swaggerhub.com/Life-is-Hard3/organization-api/v1","description":"SwaggerHub API Auto Mocking"},{"url":"https://organization.api.lifeishard.ro","description":"Production server"},{"url":"https://organization-qa.api.lifeishard.ro","description":"Development server (branch: helpdesk)"}],"security":[{"Token":[]}],"paths":{"/org/{org}/admin":{"get":{"tags":["Admin"],"summary":"Get list of admins","description":"Get list of admins by organization","operationId":"getAdmins","parameters":[{"name":"org","in":"path","description":"organization id","required":true,"style":"simple","explode":false,"schema":{"type":"integer"}}],"responses":{"200":{"description":"Success response","content":{"application/json":{"schema":{"type":"object","properties":{"data":{"type":"array","items":{"$ref":"#/components/schemas/Admin"}}}}}}},"400":{"description":"Invalid input","content":{"application/json":{"schema":{"type":"object","properties":{"error":{"type":"boolean","example":true},"status":{"type":"number","example":4E+2},"message":{"type":"string","example":"Invalid input"}}}}}},"401":{"description":"NO_TOKEN","content":{"application/json":{"schema":{"type":"object","properties":{"error":{"type":"boolean","example":true},"status":{"type":"number","example":401},"message":{"type":"string","example":"NO_TOKEN"}}}}}},"403":{"description":"INVALID_TOKEN / TOKEN_DEACTIVATED / TOKEN_EXPIRED","content":{"application/json":{"schema":{"type":"object","properties":{"error":{"type":"boolean","example":true},"status":{"type":"number","example":403},"message":{"type":"string","example":"TOKEN_EXPIRED"}}}}}},"404":{"description":"Resource not found","content":{"application/json":{"schema":{"type":"object","properties":{"error":{"type":"boolean","example":true},"status":{"type":"number","example":404},"message":{"type":"string","example":"Resource not found"}}}}}},"500":{"description":"Erori de aplicatie / server","content":{"application/json":{"schema":{"type":"object","properties":{"error":{"type":"boolean","example":true},"status":{"type":"number","example":5E+2},"message":{"type":"string","example":"Undefined array key 'xy'"}}}}}}}},"post":{"tags":["Admin"],"summary":"Store admin","description":"Store a new admin for an organization.","operationId":"storeAdmin","parameters":[{"name":"org","in":"path","description":"organization id","required":true,"style":"simple","explode":false,"schema":{"type":"integer"}}],"requestBody":{"description":"A JSON containing the admin's data","content":{"application/json":{"schema":{"$ref":"#/components/schemas/Admin"}}},"required":true},"responses":{"201":{"description":"Created","content":{"application/json":{"schema":{"type":"object","properties":{"error":{"type":"boolean","example":false},"status":{"type":"number","example":2E+2},"message":{"type":"string","example":""},"data":{"type":"array","items":{"type":"array","items":{"type":"object"}}}}}}}},"400":{"description":"Invalid input","content":{"application/json":{"schema":{"type":"object","properties":{"error":{"type":"boolean","example":true},"status":{"type":"number","example":4E+2},"message":{"type":"string","example":"Invalid input"}}}}}},"401":{"description":"NO_TOKEN","content":{"application/json":{"schema":{"type":"object","properties":{"error":{"type":"boolean","example":true},"status":{"type":"number","example":401},"message":{"type":"string","example":"NO_TOKEN"}}}}}},"403":{"description":"INVALID_TOKEN / TOKEN_DEACTIVATED / TOKEN_EXPIRED","content":{"application/json":{"schema":{"type":"object","properties":{"error":{"type":"boolean","example":true},"status":{"type":"number","example":403},"message":{"type":"string","example":"TOKEN_EXPIRED"}}}}}},"500":{"description":"Erori de aplicatie / server","content":{"application/json":{"schema":{"type":"object","properties":{"error":{"type":"boolean","example":true},"status":{"type":"number","example":5E+2},"message":{"type":"string","example":"Undefined array key 'xy'"}}}}}}}}},"/org/{org}/admin/{id}":{"get":{"tags":["Admin"],"summary":"Get admin","description":"Obtain an admin's data by organization and admin id","operationId":"getAdmin","parameters":[{"name":"org","in":"path","description":"organization id","required":true,"style":"simple","explode":false,"schema":{"type":"integer"}},{"name":"id","in":"path","description":"admin id","required":true,"style":"simple","explode":false,"schema":{"type":"integer"}}],"responses":{"200":{"description":"Success response","content":{"application/json":{"schema":{"type":"object","properties":{"data":{"$ref":"#/components/schemas/Admin"}}}}}},"400":{"description":"Invalid input","content":{"application/json":{"schema":{"type":"object","properties":{"error":{"type":"boolean","example":true},"status":{"type":"number","example":4E+2},"message":{"type":"string","example":"Invalid input"}}}}}},"401":{"description":"NO_TOKEN","content":{"application/json":{"schema":{"type":"object","properties":{"error":{"type":"boolean","example":true},"status":{"type":"number","example":401},"message":{"type":"string","example":"NO_TOKEN"}}}}}},"403":{"description":"INVALID_TOKEN / TOKEN_DEACTIVATED / TOKEN_EXPIRED","content":{"application/json":{"schema":{"type":"object","properties":{"error":{"type":"boolean","example":true},"status":{"type":"number","example":403},"message":{"type":"string","example":"TOKEN_EXPIRED"}}}}}},"404":{"description":"Resource not found","content":{"application/json":{"schema":{"type":"object","properties":{"error":{"type":"boolean","example":true},"status":{"type":"number","example":404},"message":{"type":"string","example":"Resource not found"}}}}}},"500":{"description":"Erori de aplicatie / server","content":{"application/json":{"schema":{"type":"object","properties":{"error":{"type":"boolean","example":true},"status":{"type":"number","example":5E+2},"message":{"type":"string","example":"Undefined array key 'xy'"}}}}}}}},"put":{"tags":["Admin"],"summary":"Update admin","description":"Update an existing admin of an organization.","operationId":"updateAdmin","parameters":[{"name":"org","in":"path","description":"organization id","required":true,"style":"simple","explode":false,"schema":{"type":"integer"}},{"name":"id","in":"path","description":"admin id","required":true,"style":"simple","explode":false,"schema":{"type":"integer"}}],"requestBody":{"description":"A JSON containing the admin's data","content":{"application/json":{"schema":{"$ref":"#/components/schemas/Admin"}}},"required":true},"responses":{"201":{"description":"Created","content":{"application/json":{"schema":{"type":"object","properties":{"error":{"type":"boolean","example":false},"status":{"type":"number","example":2E+2},"message":{"type":"string","example":""},"data":{"type":"array","items":{"type":"array","items":{"type":"object"}}}}}}}},"400":{"description":"Invalid input","content":{"application/json":{"schema":{"type":"object","properties":{"error":{"type":"boolean","example":true},"status":{"type":"number","example":4E+2},"message":{"type":"string","example":"Invalid input"}}}}}},"401":{"description":"NO_TOKEN","content":{"application/json":{"schema":{"type":"object","properties":{"error":{"type":"boolean","example":true},"status":{"type":"number","example":401},"message":{"type":"string","example":"NO_TOKEN"}}}}}},"403":{"description":"INVALID_TOKEN / TOKEN_DEACTIVATED / TOKEN_EXPIRED","content":{"application/json":{"schema":{"type":"object","properties":{"error":{"type":"boolean","example":true},"status":{"type":"number","example":403},"message":{"type":"string","example":"TOKEN_EXPIRED"}}}}}},"500":{"description":"Erori de aplicatie / server","content":{"application/json":{"schema":{"type":"object","properties":{"error":{"type":"boolean","example":true},"status":{"type":"number","example":5E+2},"message":{"type":"string","example":"Undefined array key 'xy'"}}}}}}}},"delete":{"tags":["Admin"],"summary":"Delete admin","description":"Delete an admin of an organization by id","operationId":"deleteAdmin","parameters":[{"name":"org","in":"path","description":"organization id","required":true,"style":"simple","explode":false,"schema":{"type":"integer"}},{"name":"id","in":"path","description":"admin id","required":true,"style":"simple","explode":false,"schema":{"type":"integer"}}],"responses":{"204":{"description":"Created","content":{"application/json":{"schema":{"type":"object","properties":{"error":{"type":"boolean","example":false},"status":{"type":"number","example":2E+2},"message":{"type":"string","example":""},"data":{"type":"array","items":{"type":"array","items":{"type":"object"}}}}}}}},"400":{"description":"Invalid input","content":{"application/json":{"schema":{"type":"object","properties":{"error":{"type":"boolean","example":true},"status":{"type":"number","example":4E+2},"message":{"type":"string","example":"Invalid input"}}}}}},"401":{"description":"NO_TOKEN","content":{"application/json":{"schema":{"type":"object","properties":{"error":{"type":"boolean","example":true},"status":{"type":"number","example":401},"message":{"type":"string","example":"NO_TOKEN"}}}}}},"403":{"description":"INVALID_TOKEN / TOKEN_DEACTIVATED / TOKEN_EXPIRED","content":{"application/json":{"schema":{"type":"object","properties":{"error":{"type":"boolean","example":true},"status":{"type":"number","example":403},"message":{"type":"string","example":"TOKEN_EXPIRED"}}}}}},"500":{"description":"Erori de aplicatie / server","content":{"application/json":{"schema":{"type":"object","properties":{"error":{"type":"boolean","example":true},"status":{"type":"number","example":5E+2},"message":{"type":"string","example":"Undefined array key 'xy'"}}}}}}}}},"/org/{org}/contact":{"get":{"tags":["Contact"],"summary":"Get list of contacts","description":"Get list of contacts by organization","operationId":"getContacts","parameters":[{"name":"org","in":"path","description":"organization id","required":true,"style":"simple","explode":false,"schema":{"type":"integer"}}],"responses":{"200":{"description":"Success response","content":{"application/json":{"schema":{"type":"object","properties":{"data":{"type":"array","items":{"$ref":"#/components/schemas/Contact"}}}}}}},"400":{"description":"Invalid input","content":{"application/json":{"schema":{"type":"object","properties":{"error":{"type":"boolean","example":true},"status":{"type":"number","example":4E+2},"message":{"type":"string","example":"Invalid input"}}}}}},"401":{"description":"NO_TOKEN","content":{"application/json":{"schema":{"type":"object","properties":{"error":{"type":"boolean","example":true},"status":{"type":"number","example":401},"message":{"type":"string","example":"NO_TOKEN"}}}}}},"403":{"description":"INVALID_TOKEN / TOKEN_DEACTIVATED / TOKEN_EXPIRED","content":{"application/json":{"schema":{"type":"object","properties":{"error":{"type":"boolean","example":true},"status":{"type":"number","example":403},"message":{"type":"string","example":"TOKEN_EXPIRED"}}}}}},"404":{"description":"Resource not found","content":{"application/json":{"schema":{"type":"object","properties":{"error":{"type":"boolean","example":true},"status":{"type":"number","example":404},"message":{"type":"string","example":"Resource not found"}}}}}},"500":{"description":"Erori de aplicatie / server","content":{"application/json":{"schema":{"type":"object","properties":{"error":{"type":"boolean","example":true},"status":{"type":"number","example":5E+2},"message":{"type":"string","example":"Undefined array key 'xy'"}}}}}}}},"post":{"tags":["Contact"],"summary":"Store contact","description":"Store a new contact for an organization.","operationId":"storeContact","parameters":[{"name":"org","in":"path","description":"organization id","required":true,"style":"simple","explode":false,"schema":{"type":"integer"}}],"requestBody":{"description":"A JSON containing the contact's data","content":{"application/json":{"schema":{"$ref":"#/components/schemas/Contact"}}},"required":true},"responses":{"201":{"description":"Created","content":{"application/json":{"schema":{"type":"object","properties":{"error":{"type":"boolean","example":false},"status":{"type":"number","example":2E+2},"message":{"type":"string","example":""},"data":{"type":"array","items":{"type":"array","items":{"type":"object"}}}}}}}},"400":{"description":"Invalid input","content":{"application/json":{"schema":{"type":"object","properties":{"error":{"type":"boolean","example":true},"status":{"type":"number","example":4E+2},"message":{"type":"string","example":"Invalid input"}}}}}},"401":{"description":"NO_TOKEN","content":{"application/json":{"schema":{"type":"object","properties":{"error":{"type":"boolean","example":true},"status":{"type":"number","example":401},"message":{"type":"string","example":"NO_TOKEN"}}}}}},"403":{"description":"INVALID_TOKEN / TOKEN_DEACTIVATED / TOKEN_EXPIRED","content":{"application/json":{"schema":{"type":"object","properties":{"error":{"type":"boolean","example":true},"status":{"type":"number","example":403},"message":{"type":"string","example":"TOKEN_EXPIRED"}}}}}},"500":{"description":"Erori de aplicatie / server","content":{"application/json":{"schema":{"type":"object","properties":{"error":{"type":"boolean","example":true},"status":{"type":"number","example":5E+2},"message":{"type":"string","example":"Undefined array key 'xy'"}}}}}}}}},"/org/{org}/contact/{id}":{"get":{"tags":["Contact"],"summary":"Get contact","description":"Obtain an contact's data by organization and contact id","operationId":"getContact","parameters":[{"name":"org","in":"path","description":"organization id","required":true,"style":"simple","explode":false,"schema":{"type":"integer"}},{"name":"id","in":"path","description":"contact id","required":true,"style":"simple","explode":false,"schema":{"type":"integer"}}],"responses":{"200":{"description":"Success response","content":{"application/json":{"schema":{"type":"object","properties":{"data":{"$ref":"#/components/schemas/Contact"}}}}}},"400":{"description":"Invalid input","content":{"application/json":{"schema":{"type":"object","properties":{"error":{"type":"boolean","example":true},"status":{"type":"number","example":4E+2},"message":{"type":"string","example":"Invalid input"}}}}}},"401":{"description":"NO_TOKEN","content":{"application/json":{"schema":{"type":"object","properties":{"error":{"type":"boolean","example":true},"status":{"type":"number","example":401},"message":{"type":"string","example":"NO_TOKEN"}}}}}},"403":{"description":"INVALID_TOKEN / TOKEN_DEACTIVATED / TOKEN_EXPIRED","content":{"application/json":{"schema":{"type":"object","properties":{"error":{"type":"boolean","example":true},"status":{"type":"number","example":403},"message":{"type":"string","example":"TOKEN_EXPIRED"}}}}}},"404":{"description":"Resource not found","content":{"application/json":{"schema":{"type":"object","properties":{"error":{"type":"boolean","example":true},"status":{"type":"number","example":404},"message":{"type":"string","example":"Resource not found"}}}}}},"500":{"description":"Erori de aplicatie / server","content":{"application/json":{"schema":{"type":"object","properties":{"error":{"type":"boolean","example":true},"status":{"type":"number","example":5E+2},"message":{"type":"string","example":"Undefined array key 'xy'"}}}}}}}},"put":{"tags":["Contact"],"summary":"Update contact","description":"Update an existing contact of an organization.","operationId":"updateContact","parameters":[{"name":"org","in":"path","description":"organization id","required":true,"style":"simple","explode":false,"schema":{"type":"integer"}},{"name":"id","in":"path","description":"contact id","required":true,"style":"simple","explode":false,"schema":{"type":"integer"}}],"requestBody":{"description":"A JSON containing the contact's data","content":{"application/json":{"schema":{"$ref":"#/components/schemas/Contact"}}},"required":true},"responses":{"201":{"description":"Created","content":{"application/json":{"schema":{"type":"object","properties":{"error":{"type":"boolean","example":false},"status":{"type":"number","example":2E+2},"message":{"type":"string","example":""},"data":{"type":"array","items":{"type":"array","items":{"type":"object"}}}}}}}},"400":{"description":"Invalid input","content":{"application/json":{"schema":{"type":"object","properties":{"error":{"type":"boolean","example":true},"status":{"type":"number","example":4E+2},"message":{"type":"string","example":"Invalid input"}}}}}},"401":{"description":"NO_TOKEN","content":{"application/json":{"schema":{"type":"object","properties":{"error":{"type":"boolean","example":true},"status":{"type":"number","example":401},"message":{"type":"string","example":"NO_TOKEN"}}}}}},"403":{"description":"INVALID_TOKEN / TOKEN_DEACTIVATED / TOKEN_EXPIRED","content":{"application/json":{"schema":{"type":"object","properties":{"error":{"type":"boolean","example":true},"status":{"type":"number","example":403},"message":{"type":"string","example":"TOKEN_EXPIRED"}}}}}},"500":{"description":"Erori de aplicatie / server","content":{"application/json":{"schema":{"type":"object","properties":{"error":{"type":"boolean","example":true},"status":{"type":"number","example":5E+2},"message":{"type":"string","example":"Undefined array key 'xy'"}}}}}}}},"delete":{"tags":["Contact"],"summary":"Delete contact","description":"Delete an contact of an organization by id","operationId":"deleteContact","parameters":[{"name":"org","in":"path","description":"organization id","required":true,"style":"simple","explode":false,"schema":{"type":"integer"}},{"name":"id","in":"path","description":"contact id","required":true,"style":"simple","explode":false,"schema":{"type":"integer"}}],"responses":{"204":{"description":"Created","content":{"application/json":{"schema":{"type":"object","properties":{"error":{"type":"boolean","example":false},"status":{"type":"number","example":2E+2},"message":{"type":"string","example":""},"data":{"type":"array","items":{"type":"array","items":{"type":"object"}}}}}}}},"400":{"description":"Invalid input","content":{"application/json":{"schema":{"type":"object","properties":{"error":{"type":"boolean","example":true},"status":{"type":"number","example":4E+2},"message":{"type":"string","example":"Invalid input"}}}}}},"401":{"description":"NO_TOKEN","content":{"application/json":{"schema":{"type":"object","properties":{"error":{"type":"boolean","example":true},"status":{"type":"number","example":401},"message":{"type":"string","example":"NO_TOKEN"}}}}}},"403":{"description":"INVALID_TOKEN / TOKEN_DEACTIVATED / TOKEN_EXPIRED","content":{"application/json":{"schema":{"type":"object","properties":{"error":{"type":"boolean","example":true},"status":{"type":"number","example":403},"message":{"type":"string","example":"TOKEN_EXPIRED"}}}}}},"500":{"description":"Erori de aplicatie / server","content":{"application/json":{"schema":{"type":"object","properties":{"error":{"type":"boolean","example":true},"status":{"type":"number","example":5E+2},"message":{"type":"string","example":"Undefined array key 'xy'"}}}}}}}}},"/feature":{"get":{"tags":["Feature"],"summary":"Get list of features","description":"Get list of features","operationId":"getFeatures","responses":{"200":{"description":"Success response","content":{"application/json":{"schema":{"type":"object","properties":{"data":{"type":"array","items":{"$ref":"#/components/schemas/Feature"}}}}}}},"401":{"description":"NO_TOKEN","content":{"application/json":{"schema":{"type":"object","properties":{"error":{"type":"boolean","example":true},"status":{"type":"number","example":401},"message":{"type":"string","example":"NO_TOKEN"}}}}}},"403":{"description":"INVALID_TOKEN / TOKEN_DEACTIVATED / TOKEN_EXPIRED","content":{"application/json":{"schema":{"type":"object","properties":{"error":{"type":"boolean","example":true},"status":{"type":"number","example":403},"message":{"type":"string","example":"TOKEN_EXPIRED"}}}}}},"404":{"description":"Resource not found","content":{"application/json":{"schema":{"type":"object","properties":{"error":{"type":"boolean","example":true},"status":{"type":"number","example":404},"message":{"type":"string","example":"Resource not found"}}}}}},"500":{"description":"Erori de aplicatie / server","content":{"application/json":{"schema":{"type":"object","properties":{"error":{"type":"boolean","example":true},"status":{"type":"number","example":5E+2},"message":{"type":"string","example":"Undefined array key 'xy'"}}}}}}}},"post":{"tags":["Feature"],"summary":"Store feature","description":"Store a new feature.","operationId":"storeFeature","requestBody":{"description":"A JSON containing the feature's data","content":{"application/json":{"schema":{"$ref":"#/components/schemas/Feature"}}},"required":true},"responses":{"201":{"description":"Created","content":{"application/json":{"schema":{"type":"object","properties":{"error":{"type":"boolean","example":false},"status":{"type":"number","example":2E+2},"message":{"type":"string","example":""},"data":{"type":"array","items":{"type":"array","items":{"type":"object"}}}}}}}},"400":{"description":"Invalid input","content":{"application/json":{"schema":{"type":"object","properties":{"error":{"type":"boolean","example":true},"status":{"type":"number","example":4E+2},"message":{"type":"string","example":"Invalid input"}}}}}},"401":{"description":"NO_TOKEN","content":{"application/json":{"schema":{"type":"object","properties":{"error":{"type":"boolean","example":true},"status":{"type":"number","example":401},"message":{"type":"string","example":"NO_TOKEN"}}}}}},"403":{"description":"INVALID_TOKEN / TOKEN_DEACTIVATED / TOKEN_EXPIRED","content":{"application/json":{"schema":{"type":"object","properties":{"error":{"type":"boolean","example":true},"status":{"type":"number","example":403},"message":{"type":"string","example":"TOKEN_EXPIRED"}}}}}},"500":{"description":"Erori de aplicatie / server","content":{"application/json":{"schema":{"type":"object","properties":{"error":{"type":"boolean","example":true},"status":{"type":"number","example":5E+2},"message":{"type":"string","example":"Undefined array key 'xy'"}}}}}}}}},"/feature/{id}":{"get":{"tags":["Feature"],"summary":"Get feature","description":"Obtain a feature's data by id","operationId":"getFeature","parameters":[{"name":"id","in":"path","description":"id","required":true,"style":"simple","explode":false,"schema":{"type":"integer"}}],"responses":{"200":{"description":"Success response","content":{"application/json":{"schema":{"type":"object","properties":{"data":{"$ref":"#/components/schemas/Feature"}}}}}},"400":{"description":"Invalid input","content":{"application/json":{"schema":{"type":"object","properties":{"error":{"type":"boolean","example":true},"status":{"type":"number","example":4E+2},"message":{"type":"string","example":"Invalid input"}}}}}},"401":{"description":"NO_TOKEN","content":{"application/json":{"schema":{"type":"object","properties":{"error":{"type":"boolean","example":true},"status":{"type":"number","example":401},"message":{"type":"string","example":"NO_TOKEN"}}}}}},"403":{"description":"INVALID_TOKEN / TOKEN_DEACTIVATED / TOKEN_EXPIRED","content":{"application/json":{"schema":{"type":"object","properties":{"error":{"type":"boolean","example":true},"status":{"type":"number","example":403},"message":{"type":"string","example":"TOKEN_EXPIRED"}}}}}},"404":{"description":"Resource not found","content":{"application/json":{"schema":{"type":"object","properties":{"error":{"type":"boolean","example":true},"status":{"type":"number","example":404},"message":{"type":"string","example":"Resource not found"}}}}}},"500":{"description":"Erori de aplicatie / server","content":{"application/json":{"schema":{"type":"object","properties":{"error":{"type":"boolean","example":true},"status":{"type":"number","example":5E+2},"message":{"type":"string","example":"Undefined array key 'xy'"}}}}}}}},"put":{"tags":["Feature"],"summary":"Update feature","description":"Update an existing feature by id.","operationId":"updateFeature","parameters":[{"name":"id","in":"path","description":"id","required":true,"style":"simple","explode":false,"schema":{"type":"integer"}}],"requestBody":{"description":"A JSON containing the feature's data","content":{"application/json":{"schema":{"$ref":"#/components/schemas/Feature"}}},"required":true},"responses":{"204":{"description":"Created","content":{"application/json":{"schema":{"type":"object","properties":{"error":{"type":"boolean","example":false},"status":{"type":"number","example":2E+2},"message":{"type":"string","example":""},"data":{"type":"array","items":{"type":"array","items":{"type":"object"}}}}}}}},"400":{"description":"Invalid input","content":{"application/json":{"schema":{"type":"object","properties":{"error":{"type":"boolean","example":true},"status":{"type":"number","example":4E+2},"message":{"type":"string","example":"Invalid input"}}}}}},"401":{"description":"NO_TOKEN","content":{"application/json":{"schema":{"type":"object","properties":{"error":{"type":"boolean","example":true},"status":{"type":"number","example":401},"message":{"type":"string","example":"NO_TOKEN"}}}}}},"403":{"description":"INVALID_TOKEN / TOKEN_DEACTIVATED / TOKEN_EXPIRED","content":{"application/json":{"schema":{"type":"object","properties":{"error":{"type":"boolean","example":true},"status":{"type":"number","example":403},"message":{"type":"string","example":"TOKEN_EXPIRED"}}}}}},"500":{"description":"Erori de aplicatie / server","content":{"application/json":{"schema":{"type":"object","properties":{"error":{"type":"boolean","example":true},"status":{"type":"number","example":5E+2},"message":{"type":"string","example":"Undefined array key 'xy'"}}}}}}}},"delete":{"tags":["Feature"],"summary":"Delete feature","description":"Delete a feature by id","operationId":"deleteFeature","parameters":[{"name":"id","in":"path","description":"id","required":true,"style":"simple","explode":false,"schema":{"type":"integer"}}],"responses":{"204":{"description":"Created","content":{"application/json":{"schema":{"type":"object","properties":{"error":{"type":"boolean","example":false},"status":{"type":"number","example":2E+2},"message":{"type":"string","example":""},"data":{"type":"array","items":{"type":"array","items":{"type":"object"}}}}}}}},"400":{"description":"Invalid input","content":{"application/json":{"schema":{"type":"object","properties":{"error":{"type":"boolean","example":true},"status":{"type":"number","example":4E+2},"message":{"type":"string","example":"Invalid input"}}}}}},"401":{"description":"NO_TOKEN","content":{"application/json":{"schema":{"type":"object","properties":{"error":{"type":"boolean","example":true},"status":{"type":"number","example":401},"message":{"type":"string","example":"NO_TOKEN"}}}}}},"403":{"description":"INVALID_TOKEN / TOKEN_DEACTIVATED / TOKEN_EXPIRED","content":{"application/json":{"schema":{"type":"object","properties":{"error":{"type":"boolean","example":true},"status":{"type":"number","example":403},"message":{"type":"string","example":"TOKEN_EXPIRED"}}}}}},"500":{"description":"Erori de aplicatie / server","content":{"application/json":{"schema":{"type":"object","properties":{"error":{"type":"boolean","example":true},"status":{"type":"number","example":5E+2},"message":{"type":"string","example":"Undefined array key 'xy'"}}}}}}}}},"/org/{org}/iban":{"get":{"tags":["Iban"],"summary":"Get list of ibans","description":"Get list of ibans by organization","operationId":"getIbans","parameters":[{"name":"org","in":"path","description":"organization id","required":true,"style":"simple","explode":false,"schema":{"type":"integer"}}],"responses":{"200":{"description":"Success response","content":{"application/json":{"schema":{"type":"object","properties":{"data":{"type":"array","items":{"$ref":"#/components/schemas/Iban"}}}}}}},"400":{"description":"Invalid input","content":{"application/json":{"schema":{"type":"object","properties":{"error":{"type":"boolean","example":true},"status":{"type":"number","example":4E+2},"message":{"type":"string","example":"Invalid input"}}}}}},"401":{"description":"NO_TOKEN","content":{"application/json":{"schema":{"type":"object","properties":{"error":{"type":"boolean","example":true},"status":{"type":"number","example":401},"message":{"type":"string","example":"NO_TOKEN"}}}}}},"403":{"description":"INVALID_TOKEN / TOKEN_DEACTIVATED / TOKEN_EXPIRED","content":{"application/json":{"schema":{"type":"object","properties":{"error":{"type":"boolean","example":true},"status":{"type":"number","example":403},"message":{"type":"string","example":"TOKEN_EXPIRED"}}}}}},"404":{"description":"Resource not found","content":{"application/json":{"schema":{"type":"object","properties":{"error":{"type":"boolean","example":true},"status":{"type":"number","example":404},"message":{"type":"string","example":"Resource not found"}}}}}},"500":{"description":"Erori de aplicatie / server","content":{"application/json":{"schema":{"type":"object","properties":{"error":{"type":"boolean","example":true},"status":{"type":"number","example":5E+2},"message":{"type":"string","example":"Undefined array key 'xy'"}}}}}}}},"post":{"tags":["Iban"],"summary":"Store iban","description":"Store a new iban for an organization.","operationId":"storeIban","parameters":[{"name":"org","in":"path","description":"organization id","required":true,"style":"simple","explode":false,"schema":{"type":"integer"}}],"requestBody":{"description":"A JSON containing the iban's data","content":{"application/json":{"schema":{"$ref":"#/components/schemas/Iban"}}},"required":true},"responses":{"201":{"description":"Created","content":{"application/json":{"schema":{"type":"object","properties":{"error":{"type":"boolean","example":false},"status":{"type":"number","example":2E+2},"message":{"type":"string","example":""},"data":{"type":"array","items":{"type":"array","items":{"type":"object"}}}}}}}},"400":{"description":"Invalid input","content":{"application/json":{"schema":{"type":"object","properties":{"error":{"type":"boolean","example":true},"status":{"type":"number","example":4E+2},"message":{"type":"string","example":"Invalid input"}}}}}},"401":{"description":"NO_TOKEN","content":{"application/json":{"schema":{"type":"object","properties":{"error":{"type":"boolean","example":true},"status":{"type":"number","example":401},"message":{"type":"string","example":"NO_TOKEN"}}}}}},"403":{"description":"INVALID_TOKEN / TOKEN_DEACTIVATED / TOKEN_EXPIRED","content":{"application/json":{"schema":{"type":"object","properties":{"error":{"type":"boolean","example":true},"status":{"type":"number","example":403},"message":{"type":"string","example":"TOKEN_EXPIRED"}}}}}},"500":{"description":"Erori de aplicatie / server","content":{"application/json":{"schema":{"type":"object","properties":{"error":{"type":"boolean","example":true},"status":{"type":"number","example":5E+2},"message":{"type":"string","example":"Undefined array key 'xy'"}}}}}}}}},"/org/{org}/iban/{id}":{"get":{"tags":["Iban"],"summary":"Get iban","description":"Obtain an iban's data by organization and iban id","operationId":"getIban","parameters":[{"name":"org","in":"path","description":"organization id","required":true,"style":"simple","explode":false,"schema":{"type":"integer"}},{"name":"id","in":"path","description":"iban id","required":true,"style":"simple","explode":false,"schema":{"type":"integer"}}],"responses":{"200":{"description":"Success response","content":{"application/json":{"schema":{"type":"object","properties":{"data":{"$ref":"#/components/schemas/Iban"}}}}}},"400":{"description":"Invalid input","content":{"application/json":{"schema":{"type":"object","properties":{"error":{"type":"boolean","example":true},"status":{"type":"number","example":4E+2},"message":{"type":"string","example":"Invalid input"}}}}}},"401":{"description":"NO_TOKEN","content":{"application/json":{"schema":{"type":"object","properties":{"error":{"type":"boolean","example":true},"status":{"type":"number","example":401},"message":{"type":"string","example":"NO_TOKEN"}}}}}},"403":{"description":"INVALID_TOKEN / TOKEN_DEACTIVATED / TOKEN_EXPIRED","content":{"application/json":{"schema":{"type":"object","properties":{"error":{"type":"boolean","example":true},"status":{"type":"number","example":403},"message":{"type":"string","example":"TOKEN_EXPIRED"}}}}}},"404":{"description":"Resource not found","content":{"application/json":{"schema":{"type":"object","properties":{"error":{"type":"boolean","example":true},"status":{"type":"number","example":404},"message":{"type":"string","example":"Resource not found"}}}}}},"500":{"description":"Erori de aplicatie / server","content":{"application/json":{"schema":{"type":"object","properties":{"error":{"type":"boolean","example":true},"status":{"type":"number","example":5E+2},"message":{"type":"string","example":"Undefined array key 'xy'"}}}}}}}},"put":{"tags":["Iban"],"summary":"Update iban","description":"Update an existing iban of an organization.","operationId":"updateIban","parameters":[{"name":"org","in":"path","description":"organization id","required":true,"style":"simple","explode":false,"schema":{"type":"integer"}},{"name":"id","in":"path","description":"iban id","required":true,"style":"simple","explode":false,"schema":{"type":"integer"}}],"requestBody":{"description":"A JSON containing the iban's data","content":{"application/json":{"schema":{"$ref":"#/components/schemas/Iban"}}},"required":true},"responses":{"201":{"description":"Created","content":{"application/json":{"schema":{"type":"object","properties":{"error":{"type":"boolean","example":false},"status":{"type":"number","example":2E+2},"message":{"type":"string","example":""},"data":{"type":"array","items":{"type":"array","items":{"type":"object"}}}}}}}},"400":{"description":"Invalid input","content":{"application/json":{"schema":{"type":"object","properties":{"error":{"type":"boolean","example":true},"status":{"type":"number","example":4E+2},"message":{"type":"string","example":"Invalid input"}}}}}},"401":{"description":"NO_TOKEN","content":{"application/json":{"schema":{"type":"object","properties":{"error":{"type":"boolean","example":true},"status":{"type":"number","example":401},"message":{"type":"string","example":"NO_TOKEN"}}}}}},"403":{"description":"INVALID_TOKEN / TOKEN_DEACTIVATED / TOKEN_EXPIRED","content":{"application/json":{"schema":{"type":"object","properties":{"error":{"type":"boolean","example":true},"status":{"type":"number","example":403},"message":{"type":"string","example":"TOKEN_EXPIRED"}}}}}},"500":{"description":"Erori de aplicatie / server","content":{"application/json":{"schema":{"type":"object","properties":{"error":{"type":"boolean","example":true},"status":{"type":"number","example":5E+2},"message":{"type":"string","example":"Undefined array key 'xy'"}}}}}}}},"delete":{"tags":["Iban"],"summary":"Delete iban","description":"Delete an iban of an organization by id","operationId":"deleteIban","parameters":[{"name":"org","in":"path","description":"organization id","required":true,"style":"simple","explode":false,"schema":{"type":"integer"}},{"name":"id","in":"path","description":"iban id","required":true,"style":"simple","explode":false,"schema":{"type":"integer"}}],"responses":{"204":{"description":"Created","content":{"application/json":{"schema":{"type":"object","properties":{"error":{"type":"boolean","example":false},"status":{"type":"number","example":2E+2},"message":{"type":"string","example":""},"data":{"type":"array","items":{"type":"array","items":{"type":"object"}}}}}}}},"400":{"description":"Invalid input","content":{"application/json":{"schema":{"type":"object","properties":{"error":{"type":"boolean","example":true},"status":{"type":"number","example":4E+2},"message":{"type":"string","example":"Invalid input"}}}}}},"401":{"description":"NO_TOKEN","content":{"application/json":{"schema":{"type":"object","properties":{"error":{"type":"boolean","example":true},"status":{"type":"number","example":401},"message":{"type":"string","example":"NO_TOKEN"}}}}}},"403":{"description":"INVALID_TOKEN / TOKEN_DEACTIVATED / TOKEN_EXPIRED","content":{"application/json":{"schema":{"type":"object","properties":{"error":{"type":"boolean","example":true},"status":{"type":"number","example":403},"message":{"type":"string","example":"TOKEN_EXPIRED"}}}}}},"500":{"description":"Erori de aplicatie / server","content":{"application/json":{"schema":{"type":"object","properties":{"error":{"type":"boolean","example":true},"status":{"type":"number","example":5E+2},"message":{"type":"string","example":"Undefined array key 'xy'"}}}}}}}}},"/org":{"get":{"tags":["Organization"],"summary":"Get list of organizations","description":"Get list of organizations","operationId":"getOrganizations","responses":{"200":{"description":"Success response","content":{"application/json":{"schema":{"type":"object","properties":{"data":{"type":"array","items":{"$ref":"#/components/schemas/Organization"}}}}}}},"401":{"description":"NO_TOKEN","content":{"application/json":{"schema":{"type":"object","properties":{"error":{"type":"boolean","example":true},"status":{"type":"number","example":401},"message":{"type":"string","example":"NO_TOKEN"}}}}}},"403":{"description":"INVALID_TOKEN / TOKEN_DEACTIVATED / TOKEN_EXPIRED","content":{"application/json":{"schema":{"type":"object","properties":{"error":{"type":"boolean","example":true},"status":{"type":"number","example":403},"message":{"type":"string","example":"TOKEN_EXPIRED"}}}}}},"404":{"description":"Resource not found","content":{"application/json":{"schema":{"type":"object","properties":{"error":{"type":"boolean","example":true},"status":{"type":"number","example":404},"message":{"type":"string","example":"Resource not found"}}}}}},"500":{"description":"Erori de aplicatie / server","content":{"application/json":{"schema":{"type":"object","properties":{"error":{"type":"boolean","example":true},"status":{"type":"number","example":5E+2},"message":{"type":"string","example":"Undefined array key 'xy'"}}}}}}}},"post":{"tags":["Organization"],"summary":"Store organization","description":"Store a new organization.","operationId":"storeOrganization","requestBody":{"description":"A JSON containing the organization's data","content":{"application/json":{"schema":{"$ref":"#/components/schemas/Organization"}}},"required":true},"responses":{"201":{"description":"Created","content":{"application/json":{"schema":{"type":"object","properties":{"error":{"type":"boolean","example":false},"status":{"type":"number","example":2E+2},"message":{"type":"string","example":""},"data":{"type":"array","items":{"type":"array","items":{"type":"object"}}}}}}}},"400":{"description":"Invalid input","content":{"application/json":{"schema":{"type":"object","properties":{"error":{"type":"boolean","example":true},"status":{"type":"number","example":4E+2},"message":{"type":"string","example":"Invalid input"}}}}}},"401":{"description":"NO_TOKEN","content":{"application/json":{"schema":{"type":"object","properties":{"error":{"type":"boolean","example":true},"status":{"type":"number","example":401},"message":{"type":"string","example":"NO_TOKEN"}}}}}},"403":{"description":"INVALID_TOKEN / TOKEN_DEACTIVATED / TOKEN_EXPIRED","content":{"application/json":{"schema":{"type":"object","properties":{"error":{"type":"boolean","example":true},"status":{"type":"number","example":403},"message":{"type":"string","example":"TOKEN_EXPIRED"}}}}}},"500":{"description":"Erori de aplicatie / server","content":{"application/json":{"schema":{"type":"object","properties":{"error":{"type":"boolean","example":true},"status":{"type":"number","example":5E+2},"message":{"type":"string","example":"Undefined array key 'xy'"}}}}}}}}},"/org/{id}":{"get":{"tags":["Organization"],"summary":"Get organization","description":"Obtain an organization's data by id","operationId":"getOrganization","parameters":[{"name":"id","in":"path","description":"id","required":true,"style":"simple","explode":false,"schema":{"type":"integer"}}],"responses":{"200":{"description":"Success response","content":{"application/json":{"schema":{"type":"object","properties":{"data":{"$ref":"#/components/schemas/Organization"}}}}}},"400":{"description":"Invalid input","content":{"application/json":{"schema":{"type":"object","properties":{"error":{"type":"boolean","example":true},"status":{"type":"number","example":4E+2},"message":{"type":"string","example":"Invalid input"}}}}}},"401":{"description":"NO_TOKEN","content":{"application/json":{"schema":{"type":"object","properties":{"error":{"type":"boolean","example":true},"status":{"type":"number","example":401},"message":{"type":"string","example":"NO_TOKEN"}}}}}},"403":{"description":"INVALID_TOKEN / TOKEN_DEACTIVATED / TOKEN_EXPIRED","content":{"application/json":{"schema":{"type":"object","properties":{"error":{"type":"boolean","example":true},"status":{"type":"number","example":403},"message":{"type":"string","example":"TOKEN_EXPIRED"}}}}}},"404":{"description":"Resource not found","content":{"application/json":{"schema":{"type":"object","properties":{"error":{"type":"boolean","example":true},"status":{"type":"number","example":404},"message":{"type":"string","example":"Resource not found"}}}}}},"500":{"description":"Erori de aplicatie / server","content":{"application/json":{"schema":{"type":"object","properties":{"error":{"type":"boolean","example":true},"status":{"type":"number","example":5E+2},"message":{"type":"string","example":"Undefined array key 'xy'"}}}}}}}},"put":{"tags":["Organization"],"summary":"Update organization","description":"Update an existing organization by id.","operationId":"updateOrganization","parameters":[{"name":"id","in":"path","description":"id","required":true,"style":"simple","explode":false,"schema":{"type":"integer"}}],"requestBody":{"description":"A JSON containing the organization's data","content":{"application/json":{"schema":{"$ref":"#/components/schemas/Organization"}}},"required":true},"responses":{"204":{"description":"Created","content":{"application/json":{"schema":{"type":"object","properties":{"error":{"type":"boolean","example":false},"status":{"type":"number","example":2E+2},"message":{"type":"string","example":""},"data":{"type":"array","items":{"type":"array","items":{"type":"object"}}}}}}}},"400":{"description":"Invalid input","content":{"application/json":{"schema":{"type":"object","properties":{"error":{"type":"boolean","example":true},"status":{"type":"number","example":4E+2},"message":{"type":"string","example":"Invalid input"}}}}}},"401":{"description":"NO_TOKEN","content":{"application/json":{"schema":{"type":"object","properties":{"error":{"type":"boolean","example":true},"status":{"type":"number","example":401},"message":{"type":"string","example":"NO_TOKEN"}}}}}},"403":{"description":"INVALID_TOKEN / TOKEN_DEACTIVATED / TOKEN_EXPIRED","content":{"application/json":{"schema":{"type":"object","properties":{"error":{"type":"boolean","example":true},"status":{"type":"number","example":403},"message":{"type":"string","example":"TOKEN_EXPIRED"}}}}}},"500":{"description":"Erori de aplicatie / server","content":{"application/json":{"schema":{"type":"object","properties":{"error":{"type":"boolean","example":true},"status":{"type":"number","example":5E+2},"message":{"type":"string","example":"Undefined array key 'xy'"}}}}}}}},"delete":{"tags":["Organization"],"summary":"Delete organization","description":"Delete an organization by id","operationId":"deleteOrganization","parameters":[{"name":"id","in":"path","description":"id","required":true,"style":"simple","explode":false,"schema":{"type":"integer"}}],"responses":{"204":{"description":"Created","content":{"application/json":{"schema":{"type":"object","properties":{"error":{"type":"boolean","example":false},"status":{"type":"number","example":2E+2},"message":{"type":"string","example":""},"data":{"type":"array","items":{"type":"array","items":{"type":"object"}}}}}}}},"400":{"description":"Invalid input","content":{"application/json":{"schema":{"type":"object","properties":{"error":{"type":"boolean","example":true},"status":{"type":"number","example":4E+2},"message":{"type":"string","example":"Invalid input"}}}}}},"401":{"description":"NO_TOKEN","content":{"application/json":{"schema":{"type":"object","properties":{"error":{"type":"boolean","example":true},"status":{"type":"number","example":401},"message":{"type":"string","example":"NO_TOKEN"}}}}}},"403":{"description":"INVALID_TOKEN / TOKEN_DEACTIVATED / TOKEN_EXPIRED","content":{"application/json":{"schema":{"type":"object","properties":{"error":{"type":"boolean","example":true},"status":{"type":"number","example":403},"message":{"type":"string","example":"TOKEN_EXPIRED"}}}}}},"500":{"description":"Erori de aplicatie / server","content":{"application/json":{"schema":{"type":"object","properties":{"error":{"type":"boolean","example":true},"status":{"type":"number","example":5E+2},"message":{"type":"string","example":"Undefined array key 'xy'"}}}}}}}}},"/org/{org}/feature":{"get":{"tags":["Feature by organization"],"summary":"Get list of organization features","description":"Get list of features by organization","operationId":"getOrganizationFeatures","parameters":[{"name":"org","in":"path","description":"organization id","required":true,"style":"simple","explode":false,"schema":{"type":"integer"}}],"responses":{"200":{"description":"Success response","content":{"application/json":{"schema":{"type":"object","properties":{"data":{"type":"array","items":{"$ref":"#/components/schemas/OrganizationFeature"}}}}}}},"400":{"description":"Invalid input","content":{"application/json":{"schema":{"type":"object","properties":{"error":{"type":"boolean","example":true},"status":{"type":"number","example":4E+2},"message":{"type":"string","example":"Invalid input"}}}}}},"401":{"description":"NO_TOKEN","content":{"application/json":{"schema":{"type":"object","properties":{"error":{"type":"boolean","example":true},"status":{"type":"number","example":401},"message":{"type":"string","example":"NO_TOKEN"}}}}}},"403":{"description":"INVALID_TOKEN / TOKEN_DEACTIVATED / TOKEN_EXPIRED","content":{"application/json":{"schema":{"type":"object","properties":{"error":{"type":"boolean","example":true},"status":{"type":"number","example":403},"message":{"type":"string","example":"TOKEN_EXPIRED"}}}}}},"404":{"description":"Resource not found","content":{"application/json":{"schema":{"type":"object","properties":{"error":{"type":"boolean","example":true},"status":{"type":"number","example":404},"message":{"type":"string","example":"Resource not found"}}}}}},"500":{"description":"Erori de aplicatie / server","content":{"application/json":{"schema":{"type":"object","properties":{"error":{"type":"boolean","example":true},"status":{"type":"number","example":5E+2},"message":{"type":"string","example":"Undefined array key 'xy'"}}}}}}}},"post":{"tags":["Feature by organization"],"summary":"Store organization feature","description":"Store a new feature for an organization.","operationId":"storeOrganizationFeature","parameters":[{"name":"org","in":"path","description":"organization id","required":true,"style":"simple","explode":false,"schema":{"type":"integer"}}],"requestBody":{"description":"A JSON containing the organization feature's data","content":{"application/json":{"schema":{"$ref":"#/components/schemas/OrganizationFeature"}}},"required":true},"responses":{"201":{"description":"Created","content":{"application/json":{"schema":{"type":"object","properties":{"error":{"type":"boolean","example":false},"status":{"type":"number","example":2E+2},"message":{"type":"string","example":""},"data":{"type":"array","items":{"type":"array","items":{"type":"object"}}}}}}}},"400":{"description":"Invalid input","content":{"application/json":{"schema":{"type":"object","properties":{"error":{"type":"boolean","example":true},"status":{"type":"number","example":4E+2},"message":{"type":"string","example":"Invalid input"}}}}}},"401":{"description":"NO_TOKEN","content":{"application/json":{"schema":{"type":"object","properties":{"error":{"type":"boolean","example":true},"status":{"type":"number","example":401},"message":{"type":"string","example":"NO_TOKEN"}}}}}},"403":{"description":"INVALID_TOKEN / TOKEN_DEACTIVATED / TOKEN_EXPIRED","content":{"application/json":{"schema":{"type":"object","properties":{"error":{"type":"boolean","example":true},"status":{"type":"number","example":403},"message":{"type":"string","example":"TOKEN_EXPIRED"}}}}}},"500":{"description":"Erori de aplicatie / server","content":{"application/json":{"schema":{"type":"object","properties":{"error":{"type":"boolean","example":true},"status":{"type":"number","example":5E+2},"message":{"type":"string","example":"Undefined array key 'xy'"}}}}}}}}},"/org/{org}/feature/{id}":{"get":{"tags":["Feature by organization"],"summary":"Get organization feature","description":"Obtain a feature's data by organization and organization feature id","operationId":"getOrganizationFeature","parameters":[{"name":"org","in":"path","description":"organization id","required":true,"style":"simple","explode":false,"schema":{"type":"integer"}},{"name":"id","in":"path","description":"organization feature id","required":true,"style":"simple","explode":false,"schema":{"type":"integer"}}],"responses":{"200":{"description":"Success response","content":{"application/json":{"schema":{"type":"object","properties":{"data":{"$ref":"#/components/schemas/OrganizationFeature"}}}}}},"400":{"description":"Invalid input","content":{"application/json":{"schema":{"type":"object","properties":{"error":{"type":"boolean","example":true},"status":{"type":"number","example":4E+2},"message":{"type":"string","example":"Invalid input"}}}}}},"401":{"description":"NO_TOKEN","content":{"application/json":{"schema":{"type":"object","properties":{"error":{"type":"boolean","example":true},"status":{"type":"number","example":401},"message":{"type":"string","example":"NO_TOKEN"}}}}}},"403":{"description":"INVALID_TOKEN / TOKEN_DEACTIVATED / TOKEN_EXPIRED","content":{"application/json":{"schema":{"type":"object","properties":{"error":{"type":"boolean","example":true},"status":{"type":"number","example":403},"message":{"type":"string","example":"TOKEN_EXPIRED"}}}}}},"404":{"description":"Resource not found","content":{"application/json":{"schema":{"type":"object","properties":{"error":{"type":"boolean","example":true},"status":{"type":"number","example":404},"message":{"type":"string","example":"Resource not found"}}}}}},"500":{"description":"Erori de aplicatie / server","content":{"application/json":{"schema":{"type":"object","properties":{"error":{"type":"boolean","example":true},"status":{"type":"number","example":5E+2},"message":{"type":"string","example":"Undefined array key 'xy'"}}}}}}}},"put":{"tags":["Feature by organization"],"summary":"Update organization feature","description":"Update an existing feature of an organization.","operationId":"updateOrganizationFeature","parameters":[{"name":"org","in":"path","description":"organization id","required":true,"style":"simple","explode":false,"schema":{"type":"integer"}},{"name":"id","in":"path","description":"organization feature id","required":true,"style":"simple","explode":false,"schema":{"type":"integer"}}],"requestBody":{"description":"A JSON containing the organization feature's data","content":{"application/json":{"schema":{"$ref":"#/components/schemas/OrganizationFeature"}}},"required":true},"responses":{"201":{"description":"Created","content":{"application/json":{"schema":{"type":"object","properties":{"error":{"type":"boolean","example":false},"status":{"type":"number","example":2E+2},"message":{"type":"string","example":""},"data":{"type":"array","items":{"type":"array","items":{"type":"object"}}}}}}}},"400":{"description":"Invalid input","content":{"application/json":{"schema":{"type":"object","properties":{"error":{"type":"boolean","example":true},"status":{"type":"number","example":4E+2},"message":{"type":"string","example":"Invalid input"}}}}}},"401":{"description":"NO_TOKEN","content":{"application/json":{"schema":{"type":"object","properties":{"error":{"type":"boolean","example":true},"status":{"type":"number","example":401},"message":{"type":"string","example":"NO_TOKEN"}}}}}},"403":{"description":"INVALID_TOKEN / TOKEN_DEACTIVATED / TOKEN_EXPIRED","content":{"application/json":{"schema":{"type":"object","properties":{"error":{"type":"boolean","example":true},"status":{"type":"number","example":403},"message":{"type":"string","example":"TOKEN_EXPIRED"}}}}}},"500":{"description":"Erori de aplicatie / server","content":{"application/json":{"schema":{"type":"object","properties":{"error":{"type":"boolean","example":true},"status":{"type":"number","example":5E+2},"message":{"type":"string","example":"Undefined array key 'xy'"}}}}}}}},"delete":{"tags":["Feature by organization"],"summary":"Delete organization feature","description":"Delete a feature of an organization by id","operationId":"deleteOrganizationFeature","parameters":[{"name":"org","in":"path","description":"organization id","required":true,"style":"simple","explode":false,"schema":{"type":"integer"}},{"name":"id","in":"path","description":"organization feature id","required":true,"style":"simple","explode":false,"schema":{"type":"integer"}}],"responses":{"204":{"description":"Created","content":{"application/json":{"schema":{"type":"object","properties":{"error":{"type":"boolean","example":false},"status":{"type":"number","example":2E+2},"message":{"type":"string","example":""},"data":{"type":"array","items":{"type":"array","items":{"type":"object"}}}}}}}},"400":{"description":"Invalid input","content":{"application/json":{"schema":{"type":"object","properties":{"error":{"type":"boolean","example":true},"status":{"type":"number","example":4E+2},"message":{"type":"string","example":"Invalid input"}}}}}},"401":{"description":"NO_TOKEN","content":{"application/json":{"schema":{"type":"object","properties":{"error":{"type":"boolean","example":true},"status":{"type":"number","example":401},"message":{"type":"string","example":"NO_TOKEN"}}}}}},"403":{"description":"INVALID_TOKEN / TOKEN_DEACTIVATED / TOKEN_EXPIRED","content":{"application/json":{"schema":{"type":"object","properties":{"error":{"type":"boolean","example":true},"status":{"type":"number","example":403},"message":{"type":"string","example":"TOKEN_EXPIRED"}}}}}},"500":{"description":"Erori de aplicatie / server","content":{"application/json":{"schema":{"type":"object","properties":{"error":{"type":"boolean","example":true},"status":{"type":"number","example":5E+2},"message":{"type":"string","example":"Undefined array key 'xy'"}}}}}}}}},"/org/{org}/role":{"get":{"tags":["Role"],"summary":"Get list of roles","description":"Get list of roles by organization","operationId":"getRoles","parameters":[{"name":"org","in":"path","description":"organization id","required":true,"style":"simple","explode":false,"schema":{"type":"integer"}}],"responses":{"200":{"description":"Success response","content":{"application/json":{"schema":{"type":"object","properties":{"data":{"type":"array","items":{"$ref":"#/components/schemas/Role"}}}}}}},"400":{"description":"Invalid input","content":{"application/json":{"schema":{"type":"object","properties":{"error":{"type":"boolean","example":true},"status":{"type":"number","example":4E+2},"message":{"type":"string","example":"Invalid input"}}}}}},"401":{"description":"NO_TOKEN","content":{"application/json":{"schema":{"type":"object","properties":{"error":{"type":"boolean","example":true},"status":{"type":"number","example":401},"message":{"type":"string","example":"NO_TOKEN"}}}}}},"403":{"description":"INVALID_TOKEN / TOKEN_DEACTIVATED / TOKEN_EXPIRED","content":{"application/json":{"schema":{"type":"object","properties":{"error":{"type":"boolean","example":true},"status":{"type":"number","example":403},"message":{"type":"string","example":"TOKEN_EXPIRED"}}}}}},"404":{"description":"Resource not found","content":{"application/json":{"schema":{"type":"object","properties":{"error":{"type":"boolean","example":true},"status":{"type":"number","example":404},"message":{"type":"string","example":"Resource not found"}}}}}},"500":{"description":"Erori de aplicatie / server","content":{"application/json":{"schema":{"type":"object","properties":{"error":{"type":"boolean","example":true},"status":{"type":"number","example":5E+2},"message":{"type":"string","example":"Undefined array key 'xy'"}}}}}}}},"post":{"tags":["Role"],"summary":"Store role","description":"Store a new role for an organization.","operationId":"storeRole","parameters":[{"name":"org","in":"path","description":"organization id","required":true,"style":"simple","explode":false,"schema":{"type":"integer"}}],"requestBody":{"description":"A JSON containing the role's data","content":{"application/json":{"schema":{"$ref":"#/components/schemas/Role"}}},"required":true},"responses":{"201":{"description":"Created","content":{"application/json":{"schema":{"type":"object","properties":{"error":{"type":"boolean","example":false},"status":{"type":"number","example":2E+2},"message":{"type":"string","example":""},"data":{"type":"array","items":{"type":"array","items":{"type":"object"}}}}}}}},"400":{"description":"Invalid input","content":{"application/json":{"schema":{"type":"object","properties":{"error":{"type":"boolean","example":true},"status":{"type":"number","example":4E+2},"message":{"type":"string","example":"Invalid input"}}}}}},"401":{"description":"NO_TOKEN","content":{"application/json":{"schema":{"type":"object","properties":{"error":{"type":"boolean","example":true},"status":{"type":"number","example":401},"message":{"type":"string","example":"NO_TOKEN"}}}}}},"403":{"description":"INVALID_TOKEN / TOKEN_DEACTIVATED / TOKEN_EXPIRED","content":{"application/json":{"schema":{"type":"object","properties":{"error":{"type":"boolean","example":true},"status":{"type":"number","example":403},"message":{"type":"string","example":"TOKEN_EXPIRED"}}}}}},"500":{"description":"Erori de aplicatie / server","content":{"application/json":{"schema":{"type":"object","properties":{"error":{"type":"boolean","example":true},"status":{"type":"number","example":5E+2},"message":{"type":"string","example":"Undefined array key 'xy'"}}}}}}}}},"/org/{org}/role/{id}":{"get":{"tags":["Role"],"summary":"Get role","description":"Obtain a role's data by organization and role id","operationId":"getRole","parameters":[{"name":"org","in":"path","description":"organization id","required":true,"style":"simple","explode":false,"schema":{"type":"integer"}},{"name":"id","in":"path","description":"role id","required":true,"style":"simple","explode":false,"schema":{"type":"integer"}}],"responses":{"200":{"description":"Success response","content":{"application/json":{"schema":{"type":"object","properties":{"data":{"$ref":"#/components/schemas/Role"}}}}}},"400":{"description":"Invalid input","content":{"application/json":{"schema":{"type":"object","properties":{"error":{"type":"boolean","example":true},"status":{"type":"number","example":4E+2},"message":{"type":"string","example":"Invalid input"}}}}}},"401":{"description":"NO_TOKEN","content":{"application/json":{"schema":{"type":"object","properties":{"error":{"type":"boolean","example":true},"status":{"type":"number","example":401},"message":{"type":"string","example":"NO_TOKEN"}}}}}},"403":{"description":"INVALID_TOKEN / TOKEN_DEACTIVATED / TOKEN_EXPIRED","content":{"application/json":{"schema":{"type":"object","properties":{"error":{"type":"boolean","example":true},"status":{"type":"number","example":403},"message":{"type":"string","example":"TOKEN_EXPIRED"}}}}}},"404":{"description":"Resource not found","content":{"application/json":{"schema":{"type":"object","properties":{"error":{"type":"boolean","example":true},"status":{"type":"number","example":404},"message":{"type":"string","example":"Resource not found"}}}}}},"500":{"description":"Erori de aplicatie / server","content":{"application/json":{"schema":{"type":"object","properties":{"error":{"type":"boolean","example":true},"status":{"type":"number","example":5E+2},"message":{"type":"string","example":"Undefined array key 'xy'"}}}}}}}},"put":{"tags":["Role"],"summary":"Update role","description":"Update an existing role of an organization.","operationId":"updateRole","parameters":[{"name":"org","in":"path","description":"organization id","required":true,"style":"simple","explode":false,"schema":{"type":"integer"}},{"name":"id","in":"path","description":"role id","required":true,"style":"simple","explode":false,"schema":{"type":"integer"}}],"requestBody":{"description":"A JSON containing the role's data","content":{"application/json":{"schema":{"$ref":"#/components/schemas/Role"}}},"required":true},"responses":{"201":{"description":"Created","content":{"application/json":{"schema":{"type":"object","properties":{"error":{"type":"boolean","example":false},"status":{"type":"number","example":2E+2},"message":{"type":"string","example":""},"data":{"type":"array","items":{"type":"array","items":{"type":"object"}}}}}}}},"400":{"description":"Invalid input","content":{"application/json":{"schema":{"type":"object","properties":{"error":{"type":"boolean","example":true},"status":{"type":"number","example":4E+2},"message":{"type":"string","example":"Invalid input"}}}}}},"401":{"description":"NO_TOKEN","content":{"application/json":{"schema":{"type":"object","properties":{"error":{"type":"boolean","example":true},"status":{"type":"number","example":401},"message":{"type":"string","example":"NO_TOKEN"}}}}}},"403":{"description":"INVALID_TOKEN / TOKEN_DEACTIVATED / TOKEN_EXPIRED","content":{"application/json":{"schema":{"type":"object","properties":{"error":{"type":"boolean","example":true},"status":{"type":"number","example":403},"message":{"type":"string","example":"TOKEN_EXPIRED"}}}}}},"500":{"description":"Erori de aplicatie / server","content":{"application/json":{"schema":{"type":"object","properties":{"error":{"type":"boolean","example":true},"status":{"type":"number","example":5E+2},"message":{"type":"string","example":"Undefined array key 'xy'"}}}}}}}},"delete":{"tags":["Role"],"summary":"Delete role","description":"Delete a role of an organization by id","operationId":"deleteRole","parameters":[{"name":"org","in":"path","description":"organization id","required":true,"style":"simple","explode":false,"schema":{"type":"integer"}},{"name":"id","in":"path","description":"role id","required":true,"style":"simple","explode":false,"schema":{"type":"integer"}}],"responses":{"204":{"description":"Created","content":{"application/json":{"schema":{"type":"object","properties":{"error":{"type":"boolean","example":false},"status":{"type":"number","example":2E+2},"message":{"type":"string","example":""},"data":{"type":"array","items":{"type":"array","items":{"type":"object"}}}}}}}},"400":{"description":"Invalid input","content":{"application/json":{"schema":{"type":"object","properties":{"error":{"type":"boolean","example":true},"status":{"type":"number","example":4E+2},"message":{"type":"string","example":"Invalid input"}}}}}},"401":{"description":"NO_TOKEN","content":{"application/json":{"schema":{"type":"object","properties":{"error":{"type":"boolean","example":true},"status":{"type":"number","example":401},"message":{"type":"string","example":"NO_TOKEN"}}}}}},"403":{"description":"INVALID_TOKEN / TOKEN_DEACTIVATED / TOKEN_EXPIRED","content":{"application/json":{"schema":{"type":"object","properties":{"error":{"type":"boolean","example":true},"status":{"type":"number","example":403},"message":{"type":"string","example":"TOKEN_EXPIRED"}}}}}},"500":{"description":"Erori de aplicatie / server","content":{"application/json":{"schema":{"type":"object","properties":{"error":{"type":"boolean","example":true},"status":{"type":"number","example":5E+2},"message":{"type":"string","example":"Undefined array key 'xy'"}}}}}}}}},"/user":{"get":{"tags":["User"],"summary":"Get list of users","description":"Get list of users","operationId":"getUsers","responses":{"200":{"description":"Success response","content":{"application/json":{"schema":{"type":"object","properties":{"data":{"type":"array","items":{"$ref":"#/components/schemas/User"}}}}}}},"401":{"description":"NO_TOKEN","content":{"application/json":{"schema":{"type":"object","properties":{"error":{"type":"boolean","example":true},"status":{"type":"number","example":401},"message":{"type":"string","example":"NO_TOKEN"}}}}}},"403":{"description":"INVALID_TOKEN / TOKEN_DEACTIVATED / TOKEN_EXPIRED","content":{"application/json":{"schema":{"type":"object","properties":{"error":{"type":"boolean","example":true},"status":{"type":"number","example":403},"message":{"type":"string","example":"TOKEN_EXPIRED"}}}}}},"404":{"description":"Resource not found","content":{"application/json":{"schema":{"type":"object","properties":{"error":{"type":"boolean","example":true},"status":{"type":"number","example":404},"message":{"type":"string","example":"Resource not found"}}}}}},"500":{"description":"Erori de aplicatie / server","content":{"application/json":{"schema":{"type":"object","properties":{"error":{"type":"boolean","example":true},"status":{"type":"number","example":5E+2},"message":{"type":"string","example":"Undefined array key 'xy'"}}}}}}}},"post":{"tags":["User"],"summary":"Store user","description":"Store a new user.","operationId":"storeUser","requestBody":{"description":"A JSON containing the user's data","content":{"application/json":{"schema":{"$ref":"#/components/schemas/User"}}},"required":true},"responses":{"201":{"description":"Created","content":{"application/json":{"schema":{"type":"object","properties":{"error":{"type":"boolean","example":false},"status":{"type":"number","example":2E+2},"message":{"type":"string","example":""},"data":{"type":"array","items":{"type":"array","items":{"type":"object"}}}}}}}},"400":{"description":"Invalid input","content":{"application/json":{"schema":{"type":"object","properties":{"error":{"type":"boolean","example":true},"status":{"type":"number","example":4E+2},"message":{"type":"string","example":"Invalid input"}}}}}},"401":{"description":"NO_TOKEN","content":{"application/json":{"schema":{"type":"object","properties":{"error":{"type":"boolean","example":true},"status":{"type":"number","example":401},"message":{"type":"string","example":"NO_TOKEN"}}}}}},"403":{"description":"INVALID_TOKEN / TOKEN_DEACTIVATED / TOKEN_EXPIRED","content":{"application/json":{"schema":{"type":"object","properties":{"error":{"type":"boolean","example":true},"status":{"type":"number","example":403},"message":{"type":"string","example":"TOKEN_EXPIRED"}}}}}},"500":{"description":"Erori de aplicatie / server","content":{"application/json":{"schema":{"type":"object","properties":{"error":{"type":"boolean","example":true},"status":{"type":"number","example":5E+2},"message":{"type":"string","example":"Undefined array key 'xy'"}}}}}}}}},"/user/{id}":{"get":{"tags":["User"],"summary":"Get user","description":"Obtain a user's data by id","operationId":"getUser","parameters":[{"name":"id","in":"path","description":"id","required":true,"style":"simple","explode":false,"schema":{"type":"integer"}}],"responses":{"200":{"description":"Success response","content":{"application/json":{"schema":{"type":"object","properties":{"data":{"$ref":"#/components/schemas/User"}}}}}},"400":{"description":"Invalid input","content":{"application/json":{"schema":{"type":"object","properties":{"error":{"type":"boolean","example":true},"status":{"type":"number","example":4E+2},"message":{"type":"string","example":"Invalid input"}}}}}},"401":{"description":"NO_TOKEN","content":{"application/json":{"schema":{"type":"object","properties":{"error":{"type":"boolean","example":true},"status":{"type":"number","example":401},"message":{"type":"string","example":"NO_TOKEN"}}}}}},"403":{"description":"INVALID_TOKEN / TOKEN_DEACTIVATED / TOKEN_EXPIRED","content":{"application/json":{"schema":{"type":"object","properties":{"error":{"type":"boolean","example":true},"status":{"type":"number","example":403},"message":{"type":"string","example":"TOKEN_EXPIRED"}}}}}},"404":{"description":"Resource not found","content":{"application/json":{"schema":{"type":"object","properties":{"error":{"type":"boolean","example":true},"status":{"type":"number","example":404},"message":{"type":"string","example":"Resource not found"}}}}}},"500":{"description":"Erori de aplicatie / server","content":{"application/json":{"schema":{"type":"object","properties":{"error":{"type":"boolean","example":true},"status":{"type":"number","example":5E+2},"message":{"type":"string","example":"Undefined array key 'xy'"}}}}}}}},"put":{"tags":["User"],"summary":"Update user","description":"Update an existing user by id.","operationId":"updateUser","parameters":[{"name":"id","in":"path","description":"id","required":true,"style":"simple","explode":false,"schema":{"type":"integer"}}],"requestBody":{"description":"A JSON containing the user's data","content":{"application/json":{"schema":{"$ref":"#/components/schemas/User"}}},"required":true},"responses":{"204":{"description":"Created","content":{"application/json":{"schema":{"type":"object","properties":{"error":{"type":"boolean","example":false},"status":{"type":"number","example":2E+2},"message":{"type":"string","example":""},"data":{"type":"array","items":{"type":"array","items":{"type":"object"}}}}}}}},"400":{"description":"Invalid input","content":{"application/json":{"schema":{"type":"object","properties":{"error":{"type":"boolean","example":true},"status":{"type":"number","example":4E+2},"message":{"type":"string","example":"Invalid input"}}}}}},"401":{"description":"NO_TOKEN","content":{"application/json":{"schema":{"type":"object","properties":{"error":{"type":"boolean","example":true},"status":{"type":"number","example":401},"message":{"type":"string","example":"NO_TOKEN"}}}}}},"403":{"description":"INVALID_TOKEN / TOKEN_DEACTIVATED / TOKEN_EXPIRED","content":{"application/json":{"schema":{"type":"object","properties":{"error":{"type":"boolean","example":true},"status":{"type":"number","example":403},"message":{"type":"string","example":"TOKEN_EXPIRED"}}}}}},"500":{"description":"Erori de aplicatie / server","content":{"application/json":{"schema":{"type":"object","properties":{"error":{"type":"boolean","example":true},"status":{"type":"number","example":5E+2},"message":{"type":"string","example":"Undefined array key 'xy'"}}}}}}}},"delete":{"tags":["User"],"summary":"Delete user","description":"Delete a user by id","operationId":"deleteUser","parameters":[{"name":"id","in":"path","description":"id","required":true,"style":"simple","explode":false,"schema":{"type":"integer"}}],"responses":{"204":{"description":"Created","content":{"application/json":{"schema":{"type":"object","properties":{"error":{"type":"boolean","example":false},"status":{"type":"number","example":2E+2},"message":{"type":"string","example":""},"data":{"type":"array","items":{"type":"array","items":{"type":"object"}}}}}}}},"400":{"description":"Invalid input","content":{"application/json":{"schema":{"type":"object","properties":{"error":{"type":"boolean","example":true},"status":{"type":"number","example":4E+2},"message":{"type":"string","example":"Invalid input"}}}}}},"401":{"description":"NO_TOKEN","content":{"application/json":{"schema":{"type":"object","properties":{"error":{"type":"boolean","example":true},"status":{"type":"number","example":401},"message":{"type":"string","example":"NO_TOKEN"}}}}}},"403":{"description":"INVALID_TOKEN / TOKEN_DEACTIVATED / TOKEN_EXPIRED","content":{"application/json":{"schema":{"type":"object","properties":{"error":{"type":"boolean","example":true},"status":{"type":"number","example":403},"message":{"type":"string","example":"TOKEN_EXPIRED"}}}}}},"500":{"description":"Erori de aplicatie / server","content":{"application/json":{"schema":{"type":"object","properties":{"error":{"type":"boolean","example":true},"status":{"type":"number","example":5E+2},"message":{"type":"string","example":"Undefined array key 'xy'"}}}}}}}}},"/org/{org}/user":{"get":{"tags":["User by Organisation"],"summary":"Get list of users by organization","description":"Get list of users by organization","operationId":"getOrganizationUsers","parameters":[{"name":"org","in":"path","description":"organization id","required":true,"style":"simple","explode":false,"schema":{"type":"integer"}}],"responses":{"200":{"description":"Success response","content":{"application/json":{"schema":{"type":"object","properties":{"data":{"type":"array","items":{"$ref":"#/components/schemas/User"}}}}}}},"400":{"description":"Invalid input","content":{"application/json":{"schema":{"type":"object","properties":{"error":{"type":"boolean","example":true},"status":{"type":"number","example":4E+2},"message":{"type":"string","example":"Invalid input"}}}}}},"401":{"description":"NO_TOKEN","content":{"application/json":{"schema":{"type":"object","properties":{"error":{"type":"boolean","example":true},"status":{"type":"number","example":401},"message":{"type":"string","example":"NO_TOKEN"}}}}}},"403":{"description":"INVALID_TOKEN / TOKEN_DEACTIVATED / TOKEN_EXPIRED","content":{"application/json":{"schema":{"type":"object","properties":{"error":{"type":"boolean","example":true},"status":{"type":"number","example":403},"message":{"type":"string","example":"TOKEN_EXPIRED"}}}}}},"404":{"description":"Resource not found","content":{"application/json":{"schema":{"type":"object","properties":{"error":{"type":"boolean","example":true},"status":{"type":"number","example":404},"message":{"type":"string","example":"Resource not found"}}}}}},"500":{"description":"Erori de aplicatie / server","content":{"application/json":{"schema":{"type":"object","properties":{"error":{"type":"boolean","example":true},"status":{"type":"number","example":5E+2},"message":{"type":"string","example":"Undefined array key 'xy'"}}}}}}}},"post":{"tags":["User by Organisation"],"summary":"Store user","description":"Store a new user for an organization.","operationId":"storeOrganizationUser","parameters":[{"name":"org","in":"path","description":"organization id","required":true,"style":"simple","explode":false,"schema":{"type":"integer"}}],"requestBody":{"description":"A JSON containing the user's data","content":{"application/json":{"schema":{"$ref":"#/components/schemas/User"}}},"required":true},"responses":{"201":{"description":"Created","content":{"application/json":{"schema":{"type":"object","properties":{"error":{"type":"boolean","example":false},"status":{"type":"number","example":2E+2},"message":{"type":"string","example":""},"data":{"type":"array","items":{"type":"array","items":{"type":"object"}}}}}}}},"400":{"description":"Invalid input","content":{"application/json":{"schema":{"type":"object","properties":{"error":{"type":"boolean","example":true},"status":{"type":"number","example":4E+2},"message":{"type":"string","example":"Invalid input"}}}}}},"401":{"description":"NO_TOKEN","content":{"application/json":{"schema":{"type":"object","properties":{"error":{"type":"boolean","example":true},"status":{"type":"number","example":401},"message":{"type":"string","example":"NO_TOKEN"}}}}}},"403":{"description":"INVALID_TOKEN / TOKEN_DEACTIVATED / TOKEN_EXPIRED","content":{"application/json":{"schema":{"type":"object","properties":{"error":{"type":"boolean","example":true},"status":{"type":"number","example":403},"message":{"type":"string","example":"TOKEN_EXPIRED"}}}}}},"500":{"description":"Erori de aplicatie / server","content":{"application/json":{"schema":{"type":"object","properties":{"error":{"type":"boolean","example":true},"status":{"type":"number","example":5E+2},"message":{"type":"string","example":"Undefined array key 'xy'"}}}}}}}}},"/org/{org}/user/{id}":{"get":{"tags":["User by Organisation"],"summary":"Get user","description":"Obtain a user's data by organization and user id","operationId":"getOrganizationUser","parameters":[{"name":"org","in":"path","description":"organization id","required":true,"style":"simple","explode":false,"schema":{"type":"integer"}},{"name":"id","in":"path","description":"user id","required":true,"style":"simple","explode":false,"schema":{"type":"integer"}}],"responses":{"200":{"description":"Success response","content":{"application/json":{"schema":{"type":"object","properties":{"data":{"$ref":"#/components/schemas/User"}}}}}},"400":{"description":"Invalid input","content":{"application/json":{"schema":{"type":"object","properties":{"error":{"type":"boolean","example":true},"status":{"type":"number","example":4E+2},"message":{"type":"string","example":"Invalid input"}}}}}},"401":{"description":"NO_TOKEN","content":{"application/json":{"schema":{"type":"object","properties":{"error":{"type":"boolean","example":true},"status":{"type":"number","example":401},"message":{"type":"string","example":"NO_TOKEN"}}}}}},"403":{"description":"INVALID_TOKEN / TOKEN_DEACTIVATED / TOKEN_EXPIRED","content":{"application/json":{"schema":{"type":"object","properties":{"error":{"type":"boolean","example":true},"status":{"type":"number","example":403},"message":{"type":"string","example":"TOKEN_EXPIRED"}}}}}},"404":{"description":"Resource not found","content":{"application/json":{"schema":{"type":"object","properties":{"error":{"type":"boolean","example":true},"status":{"type":"number","example":404},"message":{"type":"string","example":"Resource not found"}}}}}},"500":{"description":"Erori de aplicatie / server","content":{"application/json":{"schema":{"type":"object","properties":{"error":{"type":"boolean","example":true},"status":{"type":"number","example":5E+2},"message":{"type":"string","example":"Undefined array key 'xy'"}}}}}}}},"put":{"tags":["User by Organisation"],"summary":"Update user","description":"Update an existing user of an organization.","operationId":"updateOrganizationUser","parameters":[{"name":"org","in":"path","description":"organization id","required":true,"style":"simple","explode":false,"schema":{"type":"integer"}},{"name":"id","in":"path","description":"user id","required":true,"style":"simple","explode":false,"schema":{"type":"integer"}}],"requestBody":{"description":"A JSON containing the user's data","content":{"application/json":{"schema":{"$ref":"#/components/schemas/User"}}},"required":true},"responses":{"201":{"description":"Created","content":{"application/json":{"schema":{"type":"object","properties":{"error":{"type":"boolean","example":false},"status":{"type":"number","example":2E+2},"message":{"type":"string","example":""},"data":{"type":"array","items":{"type":"array","items":{"type":"object"}}}}}}}},"400":{"description":"Invalid input","content":{"application/json":{"schema":{"type":"object","properties":{"error":{"type":"boolean","example":true},"status":{"type":"number","example":4E+2},"message":{"type":"string","example":"Invalid input"}}}}}},"401":{"description":"NO_TOKEN","content":{"application/json":{"schema":{"type":"object","properties":{"error":{"type":"boolean","example":true},"status":{"type":"number","example":401},"message":{"type":"string","example":"NO_TOKEN"}}}}}},"403":{"description":"INVALID_TOKEN / TOKEN_DEACTIVATED / TOKEN_EXPIRED","content":{"application/json":{"schema":{"type":"object","properties":{"error":{"type":"boolean","example":true},"status":{"type":"number","example":403},"message":{"type":"string","example":"TOKEN_EXPIRED"}}}}}},"500":{"description":"Erori de aplicatie / server","content":{"application/json":{"schema":{"type":"object","properties":{"error":{"type":"boolean","example":true},"status":{"type":"number","example":5E+2},"message":{"type":"string","example":"Undefined array key 'xy'"}}}}}}}},"delete":{"tags":["User by Organisation"],"summary":"Delete user","description":"Delete a user of an organization by id","operationId":"deleteOrganizationUser","parameters":[{"name":"org","in":"path","description":"organization id","required":true,"style":"simple","explode":false,"schema":{"type":"integer"}},{"name":"id","in":"path","description":"user id","required":true,"style":"simple","explode":false,"schema":{"type":"integer"}}],"responses":{"204":{"description":"Created","content":{"application/json":{"schema":{"type":"object","properties":{"error":{"type":"boolean","example":false},"status":{"type":"number","example":2E+2},"message":{"type":"string","example":""},"data":{"type":"array","items":{"type":"array","items":{"type":"object"}}}}}}}},"400":{"description":"Invalid input","content":{"application/json":{"schema":{"type":"object","properties":{"error":{"type":"boolean","example":true},"status":{"type":"number","example":4E+2},"message":{"type":"string","example":"Invalid input"}}}}}},"401":{"description":"NO_TOKEN","content":{"application/json":{"schema":{"type":"object","properties":{"error":{"type":"boolean","example":true},"status":{"type":"number","example":401},"message":{"type":"string","example":"NO_TOKEN"}}}}}},"403":{"description":"INVALID_TOKEN / TOKEN_DEACTIVATED / TOKEN_EXPIRED","content":{"application/json":{"schema":{"type":"object","properties":{"error":{"type":"boolean","example":true},"status":{"type":"number","example":403},"message":{"type":"string","example":"TOKEN_EXPIRED"}}}}}},"500":{"description":"Erori de aplicatie / server","content":{"application/json":{"schema":{"type":"object","properties":{"error":{"type":"boolean","example":true},"status":{"type":"number","example":5E+2},"message":{"type":"string","example":"Undefined array key 'xy'"}}}}}}}}},"/auth":{"post":{"tags":["Authentication"],"summary":"Authenticate","description":"Authenticate an account by account/password","operationId":"authPost","parameters":[{"name":"account","in":"query","description":"Account","required":true,"style":"form","explode":true,"schema":{"type":"string"}},{"name":"password","in":"query","description":"Password","required":true,"style":"form","explode":true,"schema":{"type":"string"}}],"responses":{"200":{"description":"Auth result","content":{"application/json":{"schema":{"type":"object","properties":{"error":{"type":"boolean","example":false},"status":{"type":"number","example":2E+2},"data":{"type":"object","properties":{"token":{"type":"string","description":"JWT","example":"---JWT---"},"expires_at":{"type":"string","format":"DateTime","example":"2021-09-03 19:41:27"},"refresh_token":{"type":"string","example":"---Refresh Token---"}}}}}}}}}},"delete":{"tags":["Authentication"],"summary":"Deautenticate","description":"Deautenticate an existing and valid auth token","operationId":"authDelete","responses":{"202":{"description":"Deleted"}}},"patch":{"tags":["Authentication"],"summary":"Renew token","description":"Renew an authentication token","operationId":"authPatch","parameters":[{"name":"Token","in":"header","required":true,"style":"simple","explode":false,"schema":{"type":"string","example":"Refresh [refresh_token]"},"example":"Refresh [refresh_token]"}],"responses":{"200":{"description":"Auth result","content":{"application/json":{"schema":{"type":"object","properties":{"error":{"type":"boolean","example":false},"status":{"type":"number","example":2E+2},"data":{"type":"object","properties":{"token":{"type":"string","description":"JWT","example":"---JWT---"},"expires_at":{"type":"string","format":"DateTime","example":"2021-09-03 19:41:27"},"refresh_token":{"type":"string","example":"---Refresh Token---"}}}}}}}}}}}},"components":{"schemas":{"Admin":{"type":"object","properties":{"id":{"type":"number","example":1},"organization_id":{"type":"number","example":1},"first_name":{"type":"string","example":"John"},"last_name":{"type":"string","example":"Doe"},"identity":{"type":"string","example":"1921114058540"},"ci_series":{"type":"string","example":"XH"},"ci_number":{"type":"number","example":123456},"ci_issued_at":{"type":"string","format":"date","example":"2021-09-02"},"ci_issued_by":{"type":"string","example":"Mun. Cluj-Napoca"},"locality":{"type":"number","description":"cod siruta","example":54975},"street":{"type":"string","example":"Libertatii"},"number":{"type":"number","example":24},"building":{"type":"string","description":"bloc","example":"G"},"entrance":{"type":"string","description":"scara","example":"3"},"floor":{"type":"number","description":"etaj","example":2},"apartament":{"type":"string","example":"53"},"zip_code":{"type":"number","description":"postal code","example":410006}}},"Contact":{"type":"object","properties":{"id":{"type":"number","example":1},"organization_id":{"type":"number","example":1},"email":{"type":"string","format":"date"},"phone":{"type":"string","example":"0040264123456"},"mobile":{"type":"string","example":"0040749123456"},"fax":{"type":"string","example":"0040264123456"},"website":{"type":"string","example":"https://www.example.com"}}},"Feature":{"type":"object","properties":{"id":{"type":"number","example":1},"type":{"type":"string","example":"feature","enum":["feature","module"]},"parent_id":{"type":"number"},"name":{"type":"string","example":"Example feature"}}},"Iban":{"type":"object","properties":{"id":{"type":"number","example":1},"organization_id":{"type":"number","example":1},"bank":{"type":"string","example":"ING Bank"},"iban":{"type":"string","example":"RO49AAAA1B31007593840000"},"currency":{"type":"string","example":"RON"},"is_default":{"type":"boolean","example":false}}},"Organization":{"type":"object","properties":{"id":{"type":"number","example":1},"name":{"type":"string","example":"Example Broker"},"tax_identification_number":{"type":"number","example":123456},"trade_registry_number":{"type":"string","example":"J40/8162/2002"},"rbk":{"type":"string","description":"cod broker","example":"123"},"rbk_issued_at":{"type":"string","format":"date","example":"2021-09-02"},"locality":{"type":"number","description":"cod siruta","example":54975},"street":{"type":"string","example":"Libertatii"},"number":{"type":"number","example":24},"building":{"type":"string","description":"bloc","example":"G"},"entrance":{"type":"string","description":"scara","example":"3"},"floor":{"type":"number","description":"etaj","example":2},"apartament":{"type":"string","example":"53"},"zip_code":{"type":"number","description":"postal code","example":410006},"share_capital":{"type":"number","description":"capital social","example":1.5E+7},"latitude":{"type":"number","description":"00.000000-99.999999","example":46.770439},"longitude":{"type":"number","description":"00.000000-99.999999","example":23.591423},"logo":{"type":"string","description":"base64 encoded","example":"data:image/png;base64,your-base-64-encoded-string"}}},"OrganizationFeature":{"type":"object","properties":{"id":{"type":"number","example":1},"organization_id":{"type":"number","example":1},"feature_id":{"type":"number","example":1},"activated_on":{"type":"string","format":"date-time"},"status":{"type":"number","description":"-1 - suspended, 0 - inactive, 1 - active","example":1,"enum":[-1,0,1]}}},"Role":{"type":"object","properties":{"id":{"type":"number","example":1},"organization_id":{"type":"number","example":1},"name":{"type":"string","example":"Admin"}}},"User":{"type":"object","properties":{"id":{"type":"number","example":1},"organization_id":{"type":"number","example":1},"email":{"type":"string","example":"jane.doe@personal.ro"},"password":{"type":"string","example":"321jane_Doe123"},"type":{"type":"number","example":0,"default":0},"legal_form":{"type":"number","example":0},"distributor_group":{"type":"string","example":"ASSIST_BROK","enum":["BROK","ASSIST_BROK","SUBASSIST_BROK","ASSIST_AUX","SUBASSIST_AUX"]},"identity":{"type":"string","example":"1921114058540"},"ci_series":{"type":"string","example":"XH"},"ci_number":{"type":"number","example":123456},"ci_issued_at":{"type":"string","format":"date","example":"2021-09-02"},"ci_issued_until":{"type":"string","format":"date","example":"2024-09-02"},"first_name":{"type":"string","example":"Jane"},"last_name":{"type":"string","example":"Doe"},"company_name":{"type":"string","example":"Example Inc"},"fiscal_attribute":{"type":"string","example":"RO"},"trade_registry_number":{"type":"string","example":"123456"},"locality":{"type":"number","description":"cod siruta","example":54975},"street_type":{"type":"string","example":"Strada"},"street":{"type":"string","example":"Libertatii"},"number":{"type":"number","example":24},"building":{"type":"string","example":"G"},"entrance":{"type":"string","example":"3"},"floor":{"type":"string","example":"5"},"apartament":{"type":"string","example":"53"},"zip_code":{"type":"number","example":410006}}}},"responses":{"Response201Created":{"description":"Created","content":{"application/json":{"schema":{"type":"object","properties":{"error":{"type":"boolean","example":false},"status":{"type":"number","example":2E+2},"message":{"type":"string","example":""},"data":{"type":"array","items":{"type":"array","items":{"type":"object"}}}}}}}},"Response204NoContent":{"description":"Created","content":{"application/json":{"schema":{"type":"object","properties":{"error":{"type":"boolean","example":false},"status":{"type":"number","example":2E+2},"message":{"type":"string","example":""},"data":{"type":"array","items":{"type":"array","items":{"type":"object"}}}}}}}},"Response400BadRequest":{"description":"Invalid input","content":{"application/json":{"schema":{"type":"object","properties":{"error":{"type":"boolean","example":true},"status":{"type":"number","example":4E+2},"message":{"type":"string","example":"Invalid input"}}}}}},"Response401Unauthorized":{"description":"NO_TOKEN","content":{"application/json":{"schema":{"type":"object","properties":{"error":{"type":"boolean","example":true},"status":{"type":"number","example":401},"message":{"type":"string","example":"NO_TOKEN"}}}}}},"Response403Forbidden":{"description":"INVALID_TOKEN / TOKEN_DEACTIVATED / TOKEN_EXPIRED","content":{"application/json":{"schema":{"type":"object","properties":{"error":{"type":"boolean","example":true},"status":{"type":"number","example":403},"message":{"type":"string","example":"TOKEN_EXPIRED"}}}}}},"Response404NotFound":{"description":"Resource not found","content":{"application/json":{"schema":{"type":"object","properties":{"error":{"type":"boolean","example":true},"status":{"type":"number","example":404},"message":{"type":"string","example":"Resource not found"}}}}}},"Response500ServerError":{"description":"Erori de aplicatie / server","content":{"application/json":{"schema":{"type":"object","properties":{"error":{"type":"boolean","example":true},"status":{"type":"number","example":5E+2},"message":{"type":"string","example":"Undefined array key 'xy'"}}}}}},"ApiCoreLibAuthResponse200":{"description":"Auth result","content":{"application/json":{"schema":{"type":"object","properties":{"error":{"type":"boolean","example":false},"status":{"type":"number","example":2E+2},"data":{"type":"object","properties":{"token":{"type":"string","description":"JWT","example":"---JWT---"},"expires_at":{"type":"string","format":"DateTime","example":"2021-09-03 19:41:27"},"refresh_token":{"type":"string","example":"---Refresh Token---"}}}}}}}}},"securitySchemes":{"Token":{"type":"http","scheme":"bearer"}}}}