{"openapi":"3.0.0","info":{"title":"Lightricks Personalizer","description":"This is the API specifications for Lightricks Personalizer exercise","contact":{"email":"dlahyani@lightricks.com"},"license":{"name":"Apache 2.0","url":"http://www.apache.org/licenses/LICENSE-2.0.html"},"version":"1.0.0"},"servers":[{"url":"https://virtserver.swaggerhub.com/Lightricks/LT-Personalizer/1.0.0","description":"SwaggerHub API Auto Mocking"}],"tags":[{"name":"User-Facing API","description":"User-facing API for getting / setting user-attributes and personalized remote configuration."},{"name":"Backoffice API","description":"A backoffice API for \"admins\" that allows managing remote configuration assignment rules."}],"paths":{"/users":{"post":{"tags":["User-Facing API"],"summary":"Create new user","description":"Create a new user, allocae a unique user ID and assign initial user attributes to it.\n","operationId":"createUser","requestBody":{"description":"Initial user attributes to set.","content":{"application/json":{"schema":{"$ref":"#/components/schemas/CreateUserRequestBody"}}}},"responses":{"201":{"description":"User created and attributes were set.","content":{"application/json":{"schema":{"$ref":"#/components/schemas/CreateUserResponse"}}}},"400":{"description":"Bad request, probably invalid body.","content":{"application/json":{"schema":{"$ref":"#/components/schemas/ErrorResponse"}}}}}}},"/users/{user_id}/attributes":{"get":{"tags":["User-Facing API"],"summary":"Get user attributes","operationId":"getUserAttributes","parameters":[{"name":"user_id","in":"path","description":"User ID","required":true,"style":"simple","explode":false,"schema":{"$ref":"#/components/schemas/UserId"}},{"name":"filter","in":"query","description":"Filter specific attributes by name.","required":false,"style":"form","explode":true,"schema":{"type":"array","items":{"type":"string"}}}],"responses":{"200":{"description":"The user attributes.","content":{"application/json":{"schema":{"$ref":"#/components/schemas/GetUserAttributesResponse"}}}},"404":{"description":"User not found.","content":{"application/json":{"schema":{"$ref":"#/components/schemas/ErrorResponse"}}}}}},"put":{"tags":["User-Facing API"],"summary":"Set user attributes","description":"Set the user attributes to the given set of user attributes. This will\nreplace the existing set of user attribute with the given set. To clear\nthe user attributes one can pass an empty dictionary to this endpoint.\n","operationId":"setUserAttributes","parameters":[{"name":"user_id","in":"path","description":"User ID","required":true,"style":"simple","explode":false,"schema":{"$ref":"#/components/schemas/UserId"}}],"requestBody":{"description":"Initial user attributes to set.","content":{"application/json":{"schema":{"$ref":"#/components/schemas/PutUserAttributesRequest"}}}},"responses":{"200":{"description":"The user attributes were set."},"400":{"description":"Bad request, probably invalid body.","content":{"application/json":{"schema":{"$ref":"#/components/schemas/ErrorResponse"}}}},"404":{"description":"User not found.","content":{"application/json":{"schema":{"$ref":"#/components/schemas/ErrorResponse"}}}}}},"patch":{"tags":["User-Facing API"],"summary":"Update user attributes","description":"Update the user attributes with the given set of user attributes. This\nwill override attributes that provided in this request but will not\ndelete attributes that are not specified here.\n","operationId":"updateUserAttributes","parameters":[{"name":"user_id","in":"path","description":"User ID","required":true,"style":"simple","explode":false,"schema":{"$ref":"#/components/schemas/UserId"}}],"requestBody":{"description":"Initial user attributes to set.","content":{"application/json":{"schema":{"$ref":"#/components/schemas/PatchUserAttributesRequest"}}}},"responses":{"200":{"description":"The user attributes."},"400":{"description":"Bad request, probably invalid body.","content":{"application/json":{"schema":{"$ref":"#/components/schemas/ErrorResponse"}}}},"404":{"description":"User not found.","content":{"application/json":{"schema":{"$ref":"#/components/schemas/ErrorResponse"}}}}}}},"/users/{user_id}/configuration":{"get":{"tags":["User-Facing API"],"summary":"Fetch personalized remote configuration","description":"Fetch the remote configuration object personalized for this user.\n","parameters":[{"name":"user_id","in":"path","description":"User ID","required":true,"style":"simple","explode":false,"schema":{"$ref":"#/components/schemas/UserId"}}],"responses":{"200":{"description":"The personalized remote configuration.","content":{"application/json":{"schema":{"$ref":"#/components/schemas/GetRemoteConfigResponse"}}}},"404":{"description":"User not found.","content":{"application/json":{"schema":{"$ref":"#/components/schemas/ErrorResponse"}}}}}}},"/rules":{"post":{"tags":["Backoffice API"],"summary":"Create a new rule","description":"Create a remote configuration rule. Rules define rules for assigning remote configuration to users based on user attributes. In order to determine the configuration values for a user all rules are evaluated against the user's attributes. The configuration assignment associated with a rule will be assigned to a user only if the evaluation resulted truth value for this user. Rules have a priority property that detrmines the order of evaluation and assignment. Rules with higher priority value will override the assignment of rules with lower priority value.","operationId":"createRule","requestBody":{"description":"Configuration rule properties:<br> `name` is just for human readability.<br> `priority` determines order of evaluation and config assignment.<br> `evaluation` defines which user attribute will be evaluated and how.<br> `assignment` defines which config values to assign (if the evaulation yielded truth value).<br>","content":{"application/json":{"schema":{"$ref":"#/components/schemas/CreateRuleRequestBody"}}}},"responses":{"201":{"description":"The rule was created.","content":{"application/json":{"schema":{"type":"object","properties":{"ruleId":{"$ref":"#/components/schemas/RuleId"}}}}}},"400":{"description":"Bad request, invalid request body.","content":{"application/json":{"schema":{"$ref":"#/components/schemas/ErrorResponse"}}}}}}},"/rules/{rule_id}":{"get":{"tags":["Backoffice API"],"summary":"Get rule","description":"Get rule by ID.","operationId":"getRule","parameters":[{"name":"rule_id","in":"path","required":true,"style":"simple","explode":false,"schema":{"$ref":"#/components/schemas/RuleId"}}],"responses":{"200":{"description":"The requested rule.","content":{"application/json":{"schema":{"$ref":"#/components/schemas/ConfigAssignmentRule"}}}},"404":{"description":"Rule not found.","content":{"application/json":{"schema":{"$ref":"#/components/schemas/ErrorResponse"}}}}}},"delete":{"tags":["Backoffice API"],"summary":"Delete rule","description":"Delete rule by ID.","operationId":"deleteRule","parameters":[{"name":"rule_id","in":"path","required":true,"style":"simple","explode":false,"schema":{"$ref":"#/components/schemas/RuleId"}}],"responses":{"200":{"description":"The requested rule was deleted.","content":{"application/json":{"schema":{"$ref":"#/components/schemas/RuleId"}}}},"404":{"description":"Rule not found.","content":{"application/json":{"schema":{"$ref":"#/components/schemas/ErrorResponse"}}}}}}}},"components":{"schemas":{"UserId":{"type":"string","format":"uuid","example":"d290f1ee-6c54-4b01-90e6-d701748f0851"},"UserAttributeValue":{"anyOf":[{"type":"string"},{"type":"number"},{"type":"integer"},{"type":"boolean"}]},"UserAttributesObject":{"type":"object","additionalProperties":{"$ref":"#/components/schemas/UserAttributeValue"},"example":{"locale":"us-en","sessions":4,"isSubscriber":false}},"CreateUserRequestBody":{"type":"object","properties":{"attributes":{"$ref":"#/components/schemas/UserAttributesObject"}}},"CreateUserResponse":{"type":"object","properties":{"id":{"$ref":"#/components/schemas/UserId"}},"description":"The ID of the new user."},"GetUserAttributesResponse":{"type":"object","properties":{"id":{"$ref":"#/components/schemas/UserId"},"attributes":{"$ref":"#/components/schemas/UserAttributesObject"}}},"PutUserAttributesRequest":{"type":"object","properties":{"attributes":{"$ref":"#/components/schemas/UserAttributesObject"}}},"PatchUserAttributesRequest":{"type":"object","properties":{"attributes":{"$ref":"#/components/schemas/UserAttributesObject"}}},"RemoteConfigValue":{"anyOf":[{"type":"string"},{"type":"number"},{"type":"integer"},{"type":"boolean"}]},"UserConfigObject":{"type":"object","additionalProperties":{"$ref":"#/components/schemas/RemoteConfigValue"}},"ConfigId":{"type":"string","format":"uuid","example":"ce7532da-af26-4597-905e-90e9bf603c70"},"GetRemoteConfigResponse":{"type":"object","properties":{"id":{"$ref":"#/components/schemas/ConfigId"},"userId":{"$ref":"#/components/schemas/UserId"},"configuration":{"$ref":"#/components/schemas/UserConfigObject"}}},"RuleId":{"type":"string","format":"uuid","example":"d290f1ee-6c54-4b01-90e6-d701748f0851"},"ConfigAssignmentCondition":{"type":"object","properties":{"userAttributeName":{"type":"string"},"operand":{"type":"string","enum":["eq","neq","gt","gte","lt","lte"]},"userAttributeValue":{"$ref":"#/components/schemas/UserAttributeValue"}}},"ConfigAssignment":{"type":"object","properties":{"configAttributeName":{"type":"string"},"configAttributeValue":{"$ref":"#/components/schemas/RemoteConfigValue"}}},"ConfigAssignmentRule":{"type":"object","properties":{"id":{"$ref":"#/components/schemas/RuleId"},"name":{"type":"string"},"priority":{"type":"integer","format":"int32"},"evaluation":{"$ref":"#/components/schemas/ConfigAssignmentCondition"},"assignment":{"$ref":"#/components/schemas/ConfigAssignment"}}},"CreateRuleRequestBody":{"type":"object","properties":{"name":{"type":"string"},"priority":{"type":"integer","format":"int32"},"evaluation":{"$ref":"#/components/schemas/ConfigAssignmentCondition"},"assignment":{"$ref":"#/components/schemas/ConfigAssignment"}}},"ErrorResponse":{"type":"object","properties":{"message":{"type":"string"}},"additionalProperties":true,"description":"API error description, must include a `message` attribute, may include additional properties like `error_code`.","example":{"message":"Request body format is invalid"}}}}}