{"openapi":"3.0.0","info":{"title":"Внутренний API приложения СБП","description":"API для работы приложения оплаты СПБ работающего на Эаотор с промежуточным backend .\n","contact":{"email":"info@lineris.ru"},"version":"1.0.0"},"externalDocs":{"description":"Документация по EvoWall","url":"https://developer.evotor.ru/docs/doc_java_third_party_service_communication.html"},"servers":[{"url":"https://virtserver.swaggerhub.com/Lineris/EvoSBPapp/1.0.0","description":"SwaggerHub API Auto Mocking"}],"security":[{"bearerAuth":[]}],"paths":{"/isAuthorized":{"get":{"summary":"Проверка авторизации терминала/пользователя Эвотор в backend","parameters":[{"name":"X-Evotor-User-ID","in":"header","required":true,"style":"simple","explode":false,"schema":{"type":"string"}},{"name":"X-Evotor-Device-Uuid","in":"header","required":true,"style":"simple","explode":false,"schema":{"type":"string","format":"uuid"}}],"responses":{"200":{"description":"Ок, можем работать"},"401":{"description":"Пользователь/терминал не авторизован"}}}},"/qr/{operation}":{"get":{"summary":"Проверка статуса ранее созданного динамического QR","parameters":[{"name":"operation","in":"path","required":false,"style":"simple","explode":false,"schema":{"type":"string","enum":["payment","refund"]}},{"name":"X-Evotor-User-ID","in":"header","required":true,"style":"simple","explode":false,"schema":{"type":"string"}},{"name":"X-Evotor-Device-Uuid","in":"header","required":true,"style":"simple","explode":false,"schema":{"type":"string","format":"uuid"}},{"name":"qrId","in":"query","required":true,"style":"form","explode":true,"schema":{"type":"string"}}],"responses":{"200":{"description":"Ок","content":{"application/json":{"schema":{"required":["payload","qrId","status"],"type":"object","properties":{"qrId":{"type":"string"},"payload":{"type":"string"},"status":{"type":"string"}}}}}},"404":{"description":"Not found"}}},"post":{"summary":"Регистрация нового динамического QR для оплаты","parameters":[{"name":"operation","in":"path","required":false,"style":"simple","explode":false,"schema":{"type":"string","enum":["payment","refund"]}},{"name":"X-Evotor-User-ID","in":"header","required":true,"style":"simple","explode":false,"schema":{"type":"string"}},{"name":"X-Evotor-Device-Uuid","in":"header","required":true,"style":"simple","explode":false,"schema":{"type":"string","format":"uuid"}}],"requestBody":{"content":{"application/json":{"schema":{"required":["amount","receiptId"],"type":"object","properties":{"amount":{"type":"number"},"receiptId":{"type":"string","format":"uuid"},"paymentQrId":{"type":"string"}}}}},"required":true},"responses":{"200":{"description":"Ок","content":{"application/json":{"schema":{"required":["payload","qrId"],"type":"object","properties":{"qrId":{"type":"string"},"payload":{"type":"string"}}}}}},"400":{"description":"Bad request"}}},"delete":{"summary":"Анулировать ранее созданнй динамический QR","parameters":[{"name":"operation","in":"path","required":false,"style":"simple","explode":false,"schema":{"type":"string","enum":["payment","refund"]}},{"name":"X-Evotor-User-ID","in":"header","required":true,"style":"simple","explode":false,"schema":{"type":"string"}},{"name":"X-Evotor-Device-Uuid","in":"header","required":true,"style":"simple","explode":false,"schema":{"type":"string","format":"uuid"}},{"name":"qrId","in":"query","required":true,"style":"form","explode":true,"schema":{"type":"string"}}],"responses":{"200":{"description":"Ок"},"404":{"description":"Not found"}}}},"/payment/{qrId}":{"get":{"summary":"Проверка статуса платежа по id QR кода","parameters":[{"name":"qrId","in":"path","required":true,"style":"simple","explode":false,"schema":{"type":"string"}},{"name":"X-Evotor-User-ID","in":"header","required":true,"style":"simple","explode":false,"schema":{"type":"string"}},{"name":"X-Evotor-Device-Uuid","in":"header","required":true,"style":"simple","explode":false,"schema":{"type":"string","format":"uuid"}}],"responses":{"200":{"description":"Ок","content":{"application/json":{"schema":{"required":["amount","merchantId","paymentStatus","qrId"],"type":"object","properties":{"paymentStatus":{"type":"string"},"transactionId":{"type":"string"},"datetime":{"type":"integer"},"qrId":{"type":"string"},"merchantId":{"type":"string"},"amount":{"type":"number"}}}}}},"404":{"description":"Not found"}}}}},"components":{"securitySchemes":{"bearerAuth":{"type":"http","scheme":"bearer","bearerFormat":"uuid"}}}}