{"openapi":"3.0.0","info":{"title":"Wholesale Pricing Mnagement Application API","description":"This is a simple API","contact":{"email":"you@your-company.com"},"license":{"name":"Apache 2.0","url":"http://www.apache.org/licenses/LICENSE-2.0.html"},"version":"1.0.0"},"servers":[{"url":"https://virtserver.swaggerhub.com/Liquor-Distribution/WholesalePricing/1.0.0","description":"SwaggerHub API Auto Mocking"}],"tags":[{"name":"admins","description":"Secured Admin-only calls"},{"name":"developers","description":"Operations available to regular developers"}],"paths":{"/wpm-configuration":{"get":{"summary":"retrieves entire application configuration","description":"The operation retrieves WPM application configuration","operationId":"getWPMConfiguration","responses":{"200":{"description":"search results matching criteria","content":{"application/json":{"schema":{"type":"object","properties":{"applicationProperties":{"type":"array","items":{"$ref":"#/components/schemas/ApplicationProperty"}}}}}}},"400":{"description":"bad input parameter"}}}},"/hierarchy":{"get":{"summary":"retrieves entire Product Hierarchy","description":"The operation retrieves entire Product's hierarchy","operationId":"getProductHierarchy","responses":{"200":{"description":"search results matching criteria","content":{"application/json":{"schema":{"type":"array","items":{"$ref":"#/components/schemas/Hierarchy"}}}}},"400":{"description":"bad input parameter"}}}},"/products-prices":{"get":{"summary":"retrieves Product/Price details based on the search criteria","description":"By passing in the appropriate options, you can search for Product and associated Price/Cost","operationId":"getProductPriceBySearchCriteria","parameters":[{"name":"productStatuses","in":"query","description":"**One or more productStatuses**","required":true,"style":"form","explode":false,"schema":{"type":"array","items":{"type":"string"}}},{"name":"pricingVendors","in":"query","description":"**One or more pricing agents/suppliers**","required":true,"style":"form","explode":false,"schema":{"type":"array","items":{"type":"string"}}},{"name":"listingVendors","in":"query","description":"**One or more listing suppliers**","required":false,"style":"form","explode":false,"schema":{"type":"array","items":{"type":"string"}}},{"name":"domesticImport","in":"query","description":"**Domestic/Import product indicator**","required":false,"style":"form","explode":true,"schema":{"$ref":"#/components/schemas/DomesticImportEnum"}},{"name":"skus","in":"query","description":"**One or more skus**","required":false,"style":"form","explode":false,"schema":{"type":"array","items":{"type":"string"}}},{"name":"productName","in":"query","description":"**Product name**","required":false,"style":"form","explode":true,"schema":{"type":"string"}},{"name":"category","in":"query","description":"**Product's Category**","required":false,"style":"form","explode":true,"schema":{"type":"integer"}},{"name":"subCategory","in":"query","description":"**Product's SubCategory**","required":false,"style":"form","explode":true,"schema":{"type":"integer"}},{"name":"class1","in":"query","description":"**Product's class**","required":false,"style":"form","explode":true,"schema":{"type":"integer"}},{"name":"effectiveDate","in":"query","description":"**Effective date for Product Price search. The date has to be in the following format: YYYY-MM-DD**","required":false,"style":"form","explode":true,"schema":{"type":"string","format":"date"}},{"name":"firstRecord","in":"query","description":"**firstRecord is used in paginantion to indicate the first records in the set of the records to retrieve **","required":false,"style":"form","explode":true,"schema":{"type":"integer"}},{"name":"numberOfRecords","in":"query","description":"**numberOfRecords to be retrieved in the single batch**","required":false,"style":"form","explode":true,"schema":{"type":"integer"}}],"responses":{"200":{"description":"search results matching criteria","content":{"application/json":{"schema":{"type":"object","properties":{"totalCount":{"type":"integer"},"productPrices":{"type":"array","items":{"$ref":"#/components/schemas/ProductPrice"}}}}}}},"400":{"description":"bad input parameter"}}}},"/pricing-requests":{"get":{"summary":"retrieves pricing requests based on search criteria","description":"By passing in the appropriate options, you can search for product price request","operationId":"getPricingRequestsBySearchCriteria","parameters":[{"name":"pricingVendors","in":"query","description":"**One or more pricing agents/suppliers**","required":true,"style":"form","explode":false,"schema":{"type":"array","items":{"type":"string"}}},{"name":"listingVendors","in":"query","description":"**One or more listing suppliers**","required":false,"style":"form","explode":false,"schema":{"type":"array","items":{"type":"string"}}},{"name":"skus","in":"query","description":"**One or more skus**","required":false,"style":"form","explode":false,"schema":{"type":"array","items":{"type":"string"}}},{"name":"effectiveDate","in":"query","description":"**Effective date for Product Price search. The date has to be in the following format: YYYY-MM-DD**","required":false,"style":"form","explode":true,"schema":{"type":"string","format":"date"}},{"name":"firstRecord","in":"query","description":"**firstRecord is used in paginantion to indicate the first records in the set of the records to retrieve **","required":false,"style":"form","explode":true,"schema":{"type":"integer"}},{"name":"numberOfRecords","in":"query","description":"**numberOfRecords to be retrieved in the single batch**","required":false,"style":"form","explode":true,"schema":{"type":"integer"}}],"responses":{"200":{"description":"search results matching criteria","content":{"application/json":{"schema":{"type":"array","items":{"$ref":"#/components/schemas/PricingRequest"}}}}},"400":{"description":"bad input parameter"}}},"post":{"summary":"to be updated","description":"Adds a price change request to the system","operationId":"addPricingChangeRequest","requestBody":{"description":"Pricing Request to submit","content":{"application/json":{"schema":{"$ref":"#/components/schemas/PricingRequest"}}}},"responses":{"201":{"description":"PriceChangeRequest is submited"},"207":{"description":"Business rule violation"},"400":{"description":"invalid input, object invalid"},"409":{"description":"PricingChangeRequest already exists","content":{"application/json":{"schema":{"$ref":"#/components/schemas/PricingRequest"}}}}}}},"/prices-pricing-requests":{"post":{"summary":"the operation retreives price / submitted pricing request for list of skus and given effective date","description":"Retreives price / accepted pricing request from system","operationId":"getPricePricingRequest","requestBody":{"description":"Prices - Pricing Request entities","content":{"application/json":{"schema":{"type":"object","properties":{"effectiveDate":{"type":"string","format":"date"},"requestType":{"$ref":"#/components/schemas/PricingRequestType"},"skus":{"type":"array","items":{"type":"string"}}}}}}},"responses":{"201":{"description":"Price-PricingRequest retrived","content":{"application/json":{"schema":{"type":"array","items":{"$ref":"#/components/schemas/PricePricingRequest"}}}}},"400":{"description":"invalid input, object invalid"}}}},"/calculate-costs-prices":{"post":{"summary":"retreives calculated either cost or price based on provided parameters","description":"based on the calculation mode and request parameters it calculates either cost or price","operationId":"calculateCostPrice","requestBody":{"description":"Calculate Cost Price request","content":{"application/json":{"schema":{"type":"array","items":{"$ref":"#/components/schemas/CalculateCostPriceRequest"}}}}},"responses":{"201":{"description":"calculated Cost / Price","content":{"application/json":{"schema":{"type":"array","items":{"type":"object","properties":{"extendedPrice":{"$ref":"#/components/schemas/ExtendedPrice"},"calculationErrors":{"type":"array","items":{"$ref":"#/components/schemas/PricingRequestError"}}}}}}}},"400":{"description":"bad input parameter"}}}},"/user-profile":{"get":{"summary":"retrieves WPM User profile","description":"The user Profile is retrieved from IAM and set in the user session","operationId":"getUserProfile","responses":{"200":{"description":"search results matching criteria","content":{"application/json":{"schema":{"$ref":"#/components/schemas/WPMUserProfile"}}}},"400":{"description":"bad input parameter"}}}},"/pricing-calendar":{"get":{"summary":"retrieves pricing calendar applicable to WPM application","description":"The Pricing Calendar is retrieved from Pricing Calendar MDM","operationId":"getPricingCalendar","parameters":[{"name":"pricingPeriodType","in":"query","description":"**Indicates whether PRICE or PROMOTION Pricing periods should be retrieved. If not provided - both period types will be extracted**","required":false,"style":"form","explode":true,"schema":{"$ref":"#/components/schemas/PricingPeriodTypeEnum"}}],"responses":{"200":{"description":"the Pricing Calendar is succesfuly retrieved","content":{"application/json":{"schema":{"$ref":"#/components/schemas/PricingCalendar"}}}},"400":{"description":"bad input parameter"}}}},"/new-product-effective-date":{"get":{"summary":"retrieves default effective date for new product price requests","description":"Effective date for new products will be defaulted to sysdate + 3","operationId":"getNewProductEffectiveDate","responses":{"200":{"description":"the Pricing Calendar is succesfuly retrieved","content":{"application/json":{"schema":{"$ref":"#/components/schemas/PricingCalendarDay"}}}},"400":{"description":"bad input parameter"}}}},"/wpm-system-date":{"get":{"summary":"retrieves current WPM system date","description":"WPM current system date","operationId":"getWPMSystemDate","responses":{"200":{"description":"the WPM system date","content":{"application/json":{"schema":{"type":"object","properties":{"currentDate":{"type":"string","format":"date-time"}}}}}},"400":{"description":"bad input parameter"}}}},"/vendors":{"get":{"summary":"retrieves Vendor information based on Vendor/Supplier ids","description":"retrieves Vendor information based on Vendor/Supplier ids","operationId":"findVendorsByIds","parameters":[{"name":"ids","in":"query","description":"A comma-separated list of vendor IDs.","required":true,"style":"form","explode":false,"schema":{"minItems":1,"type":"array","items":{"type":"integer"}}}],"responses":{"200":{"description":"search results matching criteria","content":{"application/json":{"schema":{"type":"array","items":{"$ref":"#/components/schemas/Vendor"}}}}},"400":{"description":"bad input parameter"}}}}},"components":{"schemas":{"ProductPrice":{"required":["product"],"type":"object","properties":{"product":{"$ref":"#/components/schemas/Product"},"price":{"$ref":"#/components/schemas/Price"},"priceComponents":{"$ref":"#/components/schemas/PriceComponents"}}},"Product":{"required":["sku"],"type":"object","properties":{"sku":{"type":"string","description":"Product's unique identifier","example":"1234"},"productName":{"type":"string","description":"Product catalog name","example":"BAD TATTOO BREWING - PEANUT BUTTER AND CHOCOLATE"},"category":{"$ref":"#/components/schemas/BaseHierarchy"},"subCategory":{"$ref":"#/components/schemas/BaseHierarchy"},"hierarchy":{"$ref":"#/components/schemas/BaseHierarchy"},"origin":{"$ref":"#/components/schemas/Location"},"exportOfOrigin":{"$ref":"#/components/schemas/Location"},"caseConfiguration":{"$ref":"#/components/schemas/CaseConfiguration"},"vendors":{"minItems":1,"type":"array","items":{"$ref":"#/components/schemas/VendorRelationship"}},"status":{"$ref":"#/components/schemas/ProductStatus"},"domesticImportFlag":{"$ref":"#/components/schemas/DomesticImportEnum"},"alcoholPercentage":{"type":"number"},"distribution":{"$ref":"#/components/schemas/Distribution"}}},"BaseHierarchy":{"required":["description","id"],"type":"object","properties":{"id":{"type":"integer","description":"Hierachy ID","example":1234},"level":{"type":"string","description":"Hierarchy level","example":"Class"},"description":{"type":"string","description":"Hierarchy element description","example":"Domestic Beer"}}},"Class3":{"allOf":[{"$ref":"#/components/schemas/BaseHierarchy"}]},"Class2":{"allOf":[{"$ref":"#/components/schemas/BaseHierarchy"},{"type":"object","properties":{"subElements":{"type":"array","items":{"$ref":"#/components/schemas/Class3"}}}}]},"Class1":{"allOf":[{"$ref":"#/components/schemas/BaseHierarchy"},{"type":"object","properties":{"subElements":{"type":"array","items":{"$ref":"#/components/schemas/Class2"}}}}]},"SubCategory":{"allOf":[{"$ref":"#/components/schemas/BaseHierarchy"},{"type":"object","properties":{"subElements":{"type":"array","items":{"$ref":"#/components/schemas/Class1"}}}}]},"Hierarchy":{"allOf":[{"$ref":"#/components/schemas/BaseHierarchy"},{"type":"object","properties":{"subElements":{"type":"array","items":{"$ref":"#/components/schemas/SubCategory"}}}}]},"Lookup":{"type":"object","properties":{"code":{"type":"string","description":"Lookup data element code"},"codeDescription":{"type":"string"}}},"Location":{"type":"object","properties":{"country":{"$ref":"#/components/schemas/Lookup"},"region":{"type":"string"},"subRegion":{"type":"string"}}},"Container":{"required":["description","size"],"type":"object","properties":{"closureType":{"type":"string"},"deposit":{"type":"number"},"recyclingFee":{"type":"integer"},"size":{"type":"number"},"description":{"type":"string"},"weight":{"type":"string"}}},"Package":{"type":"object","properties":{"container":{"$ref":"#/components/schemas/Container"},"containersPerPack":{"type":"integer"},"description":{"type":"string"}}},"CaseDimension":{"type":"object","properties":{"depth":{"type":"integer"},"height":{"type":"integer"},"width":{"type":"integer"},"weight":{"type":"integer"}}},"CaseConfiguration":{"required":["packageInformation"],"type":"object","properties":{"packageInformation":{"$ref":"#/components/schemas/Package"},"caseDimension":{"$ref":"#/components/schemas/CaseDimension"},"packPerCase":{"type":"integer"},"unitDescription":{"type":"string"}}},"VendorRelationship":{"required":["id","type"],"type":"object","properties":{"id":{"type":"string"},"type":{"type":"string","enum":["LISTING","PO","PRICING","PAYEE","RETAIL_SUPPLIER"]},"name":{"type":"string"},"effectiveDate":{"type":"string","format":"date"}}},"ProductStatus":{"type":"object","properties":{"statusCode":{"type":"string"},"inventoryCode":{"type":"string"},"description":{"type":"string"}}},"Distribution":{"required":["retail","wholesale"],"type":"object","properties":{"channel":{"$ref":"#/components/schemas/Lookup"},"retail":{"$ref":"#/components/schemas/Lookup"},"wholesale":{"$ref":"#/components/schemas/Lookup"}}},"MonetaryValue":{"required":["currencyLabel","value"],"type":"object","properties":{"value":{"type":"string","default":"0"},"currencyLabel":{"type":"string","default":"CAD"}},"additionalProperties":false},"DateRange":{"required":["dateFrom"],"type":"object","properties":{"dateFrom":{"type":"string","format":"date-time"},"dateTo":{"type":"string","format":"date-time"}},"additionalProperties":false},"Price":{"required":["effectiveDate","sellUnitPrice","sku"],"type":"object","properties":{"sku":{"type":"string"},"customerType":{"type":"string"},"effectiveDate":{"type":"string","format":"date-time"},"priceType":{"type":"string"},"formulaName":{"type":"string"},"sellUnitPrice":{"$ref":"#/components/schemas/MonetaryValue"},"casePrice":{"$ref":"#/components/schemas/MonetaryValue"},"promotion":{"$ref":"#/components/schemas/Promotion"},"isMinPrice":{"type":"boolean"}},"additionalProperties":false},"Promotion":{"required":["promoCategory","promoPeriod","promoValue"],"type":"object","properties":{"promoId":{"type":"string"},"promoCategory":{"type":"string"},"promoValue":{"$ref":"#/components/schemas/MonetaryValue"},"promoPeriod":{"$ref":"#/components/schemas/DateRange"}},"additionalProperties":false},"Cost":{"required":["effectiveDate","sku"],"type":"object","properties":{"sku":{"type":"string"},"effectiveDate":{"type":"string","format":"date-time"},"primeCost":{"$ref":"#/components/schemas/MonetaryValue"},"domesticCharge":{"$ref":"#/components/schemas/MonetaryValue"},"inBondPerCase":{"$ref":"#/components/schemas/MonetaryValue"},"dutyAmount":{"$ref":"#/components/schemas/MonetaryValue"},"dpcPerCase":{"$ref":"#/components/schemas/MonetaryValue"},"dpcPerSu":{"$ref":"#/components/schemas/MonetaryValue"},"foreignPrimeCost":{"$ref":"#/components/schemas/MonetaryValue"},"exciseAmount":{"$ref":"#/components/schemas/MonetaryValue"},"customsAmount":{"$ref":"#/components/schemas/MonetaryValue"},"simaAmount":{"$ref":"#/components/schemas/MonetaryValue"}}},"PriceComponents":{"required":["sku"],"type":"object","properties":{"sku":{"type":"string"},"effectiveDate":{"type":"string","format":"date-time"},"cost":{"$ref":"#/components/schemas/Cost"},"totalMarkup":{"$ref":"#/components/schemas/MonetaryValue"},"beerDistroCharge":{"$ref":"#/components/schemas/MonetaryValue"},"crfPerSu":{"$ref":"#/components/schemas/MonetaryValue"},"inBondDiscount":{"$ref":"#/components/schemas/MonetaryValue"}}},"ExtendedPrice":{"required":["price"],"type":"object","properties":{"price":{"$ref":"#/components/schemas/Price"},"priceComponents":{"$ref":"#/components/schemas/PriceComponents"}}},"PricingRequest":{"type":"object","properties":{"requestHeader":{"$ref":"#/components/schemas/PricingRequestHeader"},"requestLines":{"type":"array","items":{"$ref":"#/components/schemas/PricingRequestLine"}}}},"PricingRequestHeader":{"required":["requestType"],"type":"object","properties":{"requestId":{"type":"string","description":"unique pricing request identifier"},"requestEventId":{"type":"string","description":"unique pricing request event id"},"requestType":{"$ref":"#/components/schemas/PricingRequestType"},"changeType":{"$ref":"#/components/schemas/PricingRequestChangeType"},"isBulkSubmission":{"type":"boolean","default":false},"submittedBy":{"type":"string"},"submittedOn":{"type":"string","format":"date-time"},"comments":{"type":"string"},"errors":{"type":"array","items":{"$ref":"#/components/schemas/PricingRequestError"}}}},"CostRequestLine":{"required":["changeType","effectiveDate","requestType","sku","status"],"type":"object","properties":{"sku":{"type":"string","description":"unique product identifier"},"requestType":{"$ref":"#/components/schemas/CostRequestType"},"changeType":{"$ref":"#/components/schemas/PricingRequestChangeType"},"effectiveDate":{"type":"string","format":"date-time"},"requestId":{"type":"string"},"requestEventId":{"type":"string"},"vendorId":{"type":"string"},"status":{"$ref":"#/components/schemas/PricingRequestStatus"},"primeCost":{"$ref":"#/components/schemas/MonetaryValue"},"domesticCharge":{"$ref":"#/components/schemas/MonetaryValue"},"inBondCost":{"$ref":"#/components/schemas/MonetaryValue"},"dpcPerCase":{"$ref":"#/components/schemas/MonetaryValue"},"sellUnitPrice":{"$ref":"#/components/schemas/MonetaryValue"},"casePrice":{"$ref":"#/components/schemas/MonetaryValue"},"extendedPrice":{"$ref":"#/components/schemas/ExtendedPrice"},"comments":{"type":"string"},"errors":{"type":"array","items":{"$ref":"#/components/schemas/PricingRequestError"}},"actionRequestMessage":{"type":"string"},"submittedBy":{"type":"string"},"submittedOn":{"type":"string","format":"date-time"}}},"PricingRequestLine":{"oneOf":[{"$ref":"#/components/schemas/CostRequestLine"},{"$ref":"#/components/schemas/PromoRequestLine"}]},"PromoRequestLine":{"required":["effectiveEndDate","effectiveStartDate","requestType","sku","status"],"type":"object","properties":{"sku":{"type":"string","description":"unique product identifier"},"requestType":{"type":"string","default":"WPP"},"changeType":{"$ref":"#/components/schemas/PricingRequestChangeType"},"promoType":{"type":"string"},"effectiveStartDate":{"type":"string","format":"date-time"},"effectiveEndDate":{"type":"string","format":"date-time"},"requestId":{"type":"string"},"requestEventId":{"type":"string"},"vendorId":{"type":"string"},"status":{"$ref":"#/components/schemas/PricingRequestStatus"},"promoAmount":{"$ref":"#/components/schemas/MonetaryValue"},"promoPercentage":{"type":"number","format":"float"},"sellUnitPrice":{"$ref":"#/components/schemas/MonetaryValue"},"submittedBy":{"type":"string"},"submittedOn":{"type":"string","format":"date-time"},"comments":{"type":"string"},"errors":{"type":"array","items":{"$ref":"#/components/schemas/PricingRequestError"}},"actionRequestMessage":{"type":"string"}}},"PricePricingRequest":{"required":["effectiveDate","sku"],"type":"object","properties":{"sku":{"type":"string"},"effectiveDate":{"type":"string","format":"date"},"extendedPrice":{"$ref":"#/components/schemas/ExtendedPrice"},"submittedPricingRequest":{"$ref":"#/components/schemas/PricingRequestLine"}}},"PricingPeriodTypeEnum":{"type":"string","enum":["PRICE","PROMOTION"]},"PricingPeriodSubTypeEnum":{"type":"string","enum":["REGULAR","AD_HOC"]},"PricingRequestStatus":{"type":"string","enum":["DRAFT","NEW","SUBMITTED","ACCEPTED","LDB_REVIEW","COMPLETED","CANCELLED","REJECTED"]},"PricingRequestType":{"type":"string","enum":["DOMESTIC","IMPORT","WPP"]},"CostRequestType":{"type":"string","enum":["DOMESTIC","IMPORT"]},"PricingRequestChangeType":{"type":"string","enum":["REGULAR","AD_HOC","NEW_PRODUCT","LDB_INITIATED","CANCELLATION"]},"DomesticImportEnum":{"type":"string","enum":["DOMESTIC","IMPORT"]},"CostCalculationMode":{"type":"string","enum":["CALC_COST","CALC_PRICE"]},"PricingRequestError":{"required":["code"],"type":"object","properties":{"code":{"type":"string"},"message":{"type":"string"}}},"Vendor":{"required":["id","type"],"type":"object","properties":{"id":{"type":"string","description":"Vendor unique identifyer","example":"1234"},"vendorName":{"type":"string","description":"Registered Vendor name","example":"Best Wine INC."},"type":{"type":"string","description":"Vendor type","enum":["AGENT","WHOLESALE_SUPPLIER","RETAIL_SUPPLIER","EDS"]}}},"PricingVendor":{"allOf":[{"$ref":"#/components/schemas/Vendor"},{"type":"object","properties":{"listingVendors":{"type":"array","items":{"$ref":"#/components/schemas/Vendor"}}}}]},"WPMUser":{"required":["firstName","lastName","upn","userType"],"type":"object","properties":{"firstName":{"type":"string"},"lastName":{"type":"string"},"upn":{"type":"string"},"email":{"type":"string"},"userType":{"type":"string","enum":["Member","Guest"]}}},"WPMUserProfile":{"required":["user"],"type":"object","properties":{"user":{"$ref":"#/components/schemas/WPMUser"},"pricingVendors":{"type":"array","items":{"$ref":"#/components/schemas/PricingVendor"}}}},"PricingCalendar":{"required":["pricingRegularPeriods"],"type":"object","properties":{"pricingRegularPeriods":{"type":"array","items":{"$ref":"#/components/schemas/PricingPeriod"}},"pricingExceptionPeriods":{"type":"array","items":{"$ref":"#/components/schemas/PricingPeriod"}}}},"PricingPeriod":{"required":["fiscalPeriod","fiscalYear","pricingDeadline","startDate"],"type":"object","properties":{"fiscalYear":{"type":"integer","example":2023},"fiscalPeriod":{"type":"integer","example":1},"startDate":{"type":"string","format":"date-time"},"endDate":{"type":"string","format":"date-time"},"pricingDeadline":{"type":"string","format":"date-time"},"pricingPeriodType":{"$ref":"#/components/schemas/PricingPeriodTypeEnum"},"pricingPeriodSubType":{"$ref":"#/components/schemas/PricingPeriodSubTypeEnum"}}},"PricingCalendarDay":{"required":["pcDate","pcDayType"],"type":"object","properties":{"pcDate":{"type":"string","format":"date"},"pcDayType":{"type":"string","enum":["WORKDAY","WEEKEND","HOLIDAY"]}}},"ApplicationProperty":{"required":["propertyName","propertyValue"],"type":"object","properties":{"propertyName":{"type":"string"},"propertyValue":{"type":"string"}}},"CalculateCostPriceRequest":{"required":["effectiveDate","reverseCalculationIndicator"],"type":"object","properties":{"effectiveDate":{"type":"string","format":"date"},"sku":{"type":"string"},"costRequestType":{"$ref":"#/components/schemas/CostRequestType"},"reverseCalculationIndicator":{"type":"boolean","description":"the attribute is set to true if the system should calculate cost based on provided price. Otherwise it is set to false"},"primeCost":{"$ref":"#/components/schemas/MonetaryValue"},"domesticCharge":{"$ref":"#/components/schemas/MonetaryValue"},"dpcPerCase":{"$ref":"#/components/schemas/MonetaryValue"},"sellUnitPrice":{"$ref":"#/components/schemas/MonetaryValue"},"casePrice":{"$ref":"#/components/schemas/MonetaryValue"}}}},"parameters":{"productName":{"name":"productName","in":"query","description":"**Product name**","required":false,"style":"form","explode":true,"schema":{"type":"string"}},"skus":{"name":"skus","in":"query","description":"**One or more skus**","required":false,"style":"form","explode":false,"schema":{"type":"array","items":{"type":"string"}}},"productStatuses":{"name":"productStatuses","in":"query","description":"**One or more productStatuses**","required":true,"style":"form","explode":false,"schema":{"type":"array","items":{"type":"string"}}},"pricingVendors":{"name":"pricingVendors","in":"query","description":"**One or more pricing agents/suppliers**","required":true,"style":"form","explode":false,"schema":{"type":"array","items":{"type":"string"}}},"listingVendors":{"name":"listingVendors","in":"query","description":"**One or more listing suppliers**","required":false,"style":"form","explode":false,"schema":{"type":"array","items":{"type":"string"}}},"category":{"name":"category","in":"query","description":"**Product's Category**","required":false,"style":"form","explode":true,"schema":{"type":"integer"}},"subCategory":{"name":"subCategory","in":"query","description":"**Product's SubCategory**","required":false,"style":"form","explode":true,"schema":{"type":"integer"}},"class1":{"name":"class1","in":"query","description":"**Product's class**","required":false,"style":"form","explode":true,"schema":{"type":"integer"}},"domesticImport":{"name":"domesticImport","in":"query","description":"**Domestic/Import product indicator**","required":false,"style":"form","explode":true,"schema":{"$ref":"#/components/schemas/DomesticImportEnum"}},"effectiveDate":{"name":"effectiveDate","in":"query","description":"**Effective date for Product Price search. The date has to be in the following format: YYYY-MM-DD**","required":false,"style":"form","explode":true,"schema":{"type":"string","format":"date"}},"costRequestType":{"name":"costRequestType","in":"query","description":"**Cost Request Type: IMPORT/DOMESTIC**","required":false,"style":"form","explode":true,"schema":{"$ref":"#/components/schemas/CostRequestType"}},"costCalculationMode":{"name":"costCalculationMode","in":"query","description":"**Cost Calculation mode can be either PRICE or COST**","required":false,"style":"form","explode":true,"schema":{"$ref":"#/components/schemas/CostCalculationMode"}},"primeCost":{"name":"primeCost","in":"query","description":"**Prime Cost**","required":false,"style":"form","explode":false,"schema":{"$ref":"#/components/schemas/MonetaryValue"}},"domesticCharge":{"name":"domesticCharge","in":"query","description":"**Domestic Charge**","required":false,"style":"form","explode":false,"schema":{"$ref":"#/components/schemas/MonetaryValue"}},"dpcPerCase":{"name":"dpcPerCase","in":"query","description":"**Duty Paid Cost per case**","required":false,"style":"form","explode":false,"schema":{"$ref":"#/components/schemas/MonetaryValue"}},"sellUnitPrice":{"name":"sellUnitPrice","in":"query","description":"**Selling Unit Price**","required":false,"style":"form","explode":false,"schema":{"$ref":"#/components/schemas/MonetaryValue"}},"casePrice":{"name":"casePrice","in":"query","description":"**Case Price**","required":false,"style":"form","explode":false,"schema":{"$ref":"#/components/schemas/MonetaryValue"}},"sku":{"name":"sku","in":"query","description":"**Product's unique identifier**","required":false,"style":"form","explode":true,"schema":{"type":"string"}},"firstRecord":{"name":"firstRecord","in":"query","description":"**firstRecord is used in paginantion to indicate the first records in the set of the records to retrieve **","required":false,"style":"form","explode":true,"schema":{"type":"integer"}},"numberOfRecords":{"name":"numberOfRecords","in":"query","description":"**numberOfRecords to be retrieved in the single batch**","required":false,"style":"form","explode":true,"schema":{"type":"integer"}},"pricingCalendarYear":{"name":"pricingCalendarYear","in":"query","description":"Pricing Calendar year","required":false,"style":"form","explode":true,"schema":{"type":"string"}},"numberOfPastPricingPeriods":{"name":"numberOfPastPricingPeriods","in":"query","description":"Number of past periods to be retrieved from MDM Pricing Calendar","required":false,"style":"form","explode":true,"schema":{"type":"integer"}},"numberOfFuturePricingPeriods":{"name":"numberOfFuturePricingPeriods","in":"query","description":"Number of future periods to be retrieved from MDM Pricing Calendar","required":false,"style":"form","explode":true,"schema":{"type":"integer"}}}}}