{"openapi":"3.0.0","info":{"title":"LivingPlateRx","version":"1"},"servers":[{"url":"https://virtserver.swaggerhub.com/Living-Plate-Rx/LPRxIntegrationAPI/1","description":"SwaggerHub API Auto Mocking"},{"url":"https://api.lprx-sandbox.com/x"},{"url":"https://api.livingplaterx.com/x"}],"security":[{"BearerAuth":[]}],"paths":{"/meal-plans":{"get":{"tags":["meal plans"],"responses":{"200":{"description":"List of meal plans for the Distrubtor","content":{"application/json":{"schema":{"$ref":"#/components/schemas/ListOfMealPlans"}}}}}}},"/clients":{"get":{"responses":{"200":{"description":"Details about a the new client","content":{"application/json":{"schema":{"$ref":"#/components/schemas/ListOfClients"}}}}}},"post":{"tags":["clients"],"summary":"Creates a new client/user for the distributor","operationId":"createClient","requestBody":{"content":{"application/json":{"schema":{"type":"object","properties":{"firstName":{"type":"string"},"lastName":{"type":"string"},"email":{"type":"string"},"terminatesAt":{"type":"integer","description":"Javascript timestamp of when the client's plan will terminate"},"mealPlanId":{"type":"string"}},"example":{"firstName":"John","lastName":"Doe","email":"johndoe@example.com","terminatesAt":1614710492000,"mealPlanId":"mp_1231233"}}}}},"responses":{"200":{"description":"Details about a the new client","content":{"application/json":{"schema":{"$ref":"#/components/schemas/Client"}}}}}}},"/clients/inactive":{"get":{"tags":["clients"],"summary":"Check if an email address is not active","parameters":[{"name":"email","in":"query","required":false,"style":"form","explode":true,"schema":{"type":"string","description":"URL encoded email"}}],"responses":{"200":{"description":"Returns a reult of the check","content":{"application/json":{"schema":{"$ref":"#/components/schemas/InactiveClientResult"},"examples":{"success":{"value":{"result":true,"reason":"Email address not found."}},"fail":{"value":{"result":false,"reason":"Client has an active account."}}}}}}}},"delete":{"tags":["clients"],"summary":"Delete an inactive client","operationId":"deleteInactiveClient","parameters":[{"name":"email","in":"query","required":false,"style":"form","explode":true,"schema":{"type":"string","description":"URL encoded email"}}],"responses":{"200":{"description":"Returns a reult of the check","content":{"application/json":{"schema":{"$ref":"#/components/schemas/InactiveClientResult"},"examples":{"success":{"value":{"result":true,"reason":"Email address not found."}},"fail":{"value":{"result":false,"reason":"Client has an active account."}}}}}}}}},"/clients/{userId}":{"get":{"tags":["clients"],"summary":"Returns a distributor's client by userId","operationId":"getClient","parameters":[{"name":"userId","in":"path","description":"ID of the user/client","required":true,"style":"simple","explode":false,"schema":{"type":"string"}}],"responses":{"200":{"description":"Details about a client by userId","content":{"application/json":{"schema":{"$ref":"#/components/schemas/Client"}}}},"default":{"description":"Unexpected error","content":{"application/json":{"schema":{"$ref":"#/components/schemas/Error"}}}}}}},"/clients/{userId}/magic-link":{"get":{"tags":["clients"],"summary":"Returns a magic link for a client","operationId":"getClientMagicLink","parameters":[{"name":"userId","in":"path","description":"ID of the user/client","required":true,"style":"simple","explode":false,"schema":{"type":"string"}}],"responses":{"200":{"description":"Details about a client by ID","content":{"application/json":{"schema":{"type":"object","properties":{"link":{"type":"string"}}}}}}}}},"/clients/{userId}/meal-plan":{"put":{"tags":["clients"],"summary":"Changes a client's meal plan","operationId":"changeClientMealPlan","parameters":[{"name":"userId","in":"path","description":"ID of the user/client","required":true,"style":"simple","explode":false,"schema":{"type":"string"}}],"requestBody":{"content":{"application/json":{"schema":{"type":"object","properties":{"mealPlanId":{"type":"string","example":"mp_123123"},"purgeFromWeek":{"type":"string","example":"current | next | 2020.19"}}}}},"required":true},"responses":{"200":{"description":"Details about a client by ID","content":{"application/json":{"schema":{"type":"object","properties":{"link":{"type":"string"}}}}}}}}},"/clients/{userId}/terminate":{"put":{"tags":["clients"],"summary":"Updates a client's meal plan termination timestamp","parameters":[{"name":"userId","in":"path","description":"ID of the user/client","required":true,"style":"simple","explode":false,"schema":{"type":"string"}}],"requestBody":{"content":{"application/json":{"schema":{"type":"object","properties":{"terminatesAt":{"type":"number","description":"Timestamp (in milliseconds) of when the client should lose access to the planner"}}},"example":{"terminatesAt":1614710492000}}}},"responses":{"200":{"description":"Details about a client by userId","content":{"application/json":{"schema":{"$ref":"#/components/schemas/Client"}}}}}},"delete":{"tags":["clients"],"summary":"Terminates a client's meal plan access","operationId":"terminateClientMealPlan","parameters":[{"name":"userId","in":"path","description":"ID of the user/client","required":true,"style":"simple","explode":false,"schema":{"type":"string"}}],"responses":{"200":{"description":"Details about a user by ID","content":{"application/json":{"schema":{"$ref":"#/components/schemas/Client"}}}},"default":{"description":"Unexpected error","content":{"application/json":{"schema":{"$ref":"#/components/schemas/Error"}}}}}}},"/magic-link":{"get":{"summary":"Returns a unique link that automattically logs in the user.","operationId":"getMaglicLink","responses":{"200":{"description":"Details about a user by ID","content":{"application/json":{"schema":{"type":"object","properties":{"link":{"type":"string"}}}}}}}}}},"components":{"schemas":{"ListOfMealPlans":{"type":"object","properties":{"items":{"type":"array","items":{"$ref":"#/components/schemas/MealPlan"}}}},"MealPlan":{"type":"object","properties":{"id":{"type":"string"},"name":{"type":"string"},"vanityUrl":{"type":"string"},"description":{"type":"string"}}},"ListOfClients":{"type":"object","properties":{"items":{"type":"array","items":{"$ref":"#/components/schemas/Client"}}}},"Client":{"required":["distributorId","email","firstName","lastName","mealPlanId","terminatesAt","userId","username"],"type":"object","properties":{"username":{"type":"string"},"userId":{"type":"string","description":"Alias of username"},"firstName":{"type":"string"},"lastName":{"type":"string"},"email":{"type":"string"},"terminatesAt":{"type":"integer","description":"Javascript timestamp of when the client's plan terminates"},"distributorId":{"type":"string"},"mealPlanId":{"type":"string"}},"example":{"username":"user_123123","userId":"user_123123","firstName":"John","lastName":"Doe","email":"johndoe@example.com","terminatesAt":1614710492000,"distributorId":"dist_xyz","mealPlanId":"mp_123123"}},"Error":{"required":["message"],"type":"object","properties":{"message":{"type":"string"}}},"InactiveClientResult":{"type":"object","properties":{"result":{"type":"boolean","format":"int64"},"reason":{"type":"string"}},"example":{"result":true,"reason":"Email not found"}}},"securitySchemes":{"BearerAuth":{"type":"http","scheme":"bearer"}}}}