{"openapi":"3.0.0","info":{"title":"Avantia API","description":"This is a simple API","contact":{"email":"you@your-company.com"},"license":{"name":"Apache 2.0","url":"http://www.apache.org/licenses/LICENSE-2.0.html"},"version":"1.0.0"},"servers":[{"url":"http://ec2-18-194-75-183.eu-central-1.compute.amazonaws.com:8000","description":"Production Server"},{"url":"http://ec2-18-194-75-183.eu-central-1.compute.amazonaws.com:8001","description":"Test Server"}],"security":[{"apiKey":[]}],"tags":[{"name":"find","description":"Search operations"}],"paths":{"/find":{"get":{"tags":["find"],"summary":"identify in what DDBB","description":"By passing in the appropriate options, you can search for\npeople in the system\n","operationId":"find","parameters":[{"name":"data","in":"header","description":"json with","required":true,"style":"simple","explode":false,"schema":{"type":"string"}}],"responses":{"200":{"description":"search results matching criteria","content":{"application/json":{"schema":{"type":"array","items":{"$ref":"#/components/schemas/SearchResponse"}}}}},"400":{"description":"bad input parameter"},"401":{"description":"API key is missing or invalid","headers":{"WWW_Authenticate":{"style":"simple","explode":false,"schema":{"type":"string"}}}}}}}},"components":{"schemas":{"SearchResponse":{"required":["id","manufacturer","name","releaseDate"],"type":"object","properties":{"id":{"type":"string","format":"uuid","example":"d290f1ee-6c54-4b01-90e6-d701748f0851"},"name":{"type":"string","example":"Widget Adapter"},"releaseDate":{"type":"string","format":"int32","example":"2016-08-29T09:12:33.001Z"},"manufacturer":{"$ref":"#/components/schemas/Manufacturer"}}},"Manufacturer":{"required":["name"],"type":"object","properties":{"name":{"type":"string","example":"ACME Corporation"},"homePage":{"type":"string","format":"url","example":"https://www.acme-corp.com"},"phone":{"type":"string","example":"408-867-5309"}}}},"responses":{"UnauthorizedError":{"description":"API key is missing or invalid","headers":{"WWW_Authenticate":{"style":"simple","explode":false,"schema":{"type":"string"}}}}},"securitySchemes":{"apiKey":{"type":"apiKey","name":"token","in":"query"}}}}