{"openapi":"3.0.0","info":{"title":"Bubble API","description":"Server access point Bubble","contact":{"email":"info@quinck.io"},"license":{"name":"Apache 2.0","url":"http://www.apache.org/licenses/LICENSE-2.0.html"},"version":"1.1.1"},"servers":[{"url":"https://virtserver.swaggerhub.com/LorenzoGala/Bubble/1.1.0","description":"SwaggerHub API Auto Mocking"}],"tags":[{"name":"Signup","description":"Operations related to the Signup process"},{"name":"Authentication","description":"Operations related to the Authentication process"},{"name":"Profile","description":"Operations related to the user's Profile"}],"paths":{"/login":{"post":{"tags":["Authentication"],"summary":"Log a specific user into the system","operationId":"userLogin","requestBody":{"content":{"application/json":{"schema":{"$ref":"#/components/schemas/LoginBody"}}},"required":true},"responses":{"200":{"description":"Correctly logged in","content":{"application/json":{"schema":{"$ref":"#/components/schemas/LoginResponse"}}}},"400":{"description":"The provided data are not acceptable","content":{"application/json":{"schema":{"$ref":"#/components/schemas/ErrorData"}}}}}}},"/login/refresh":{"post":{"tags":["Authentication"],"summary":"Refresh user token","operationId":"refreshToken","parameters":[{"name":"X-refresh-token","in":"header","description":"The refresh token","required":true,"style":"simple","explode":false,"schema":{"type":"string"}}],"responses":{"200":{"description":"Token refreshed","content":{"application/json":{"schema":{"$ref":"#/components/schemas/LoginResponse"}}}},"401":{"description":"You are not authenticated","content":{"application/json":{"schema":{"$ref":"#/components/schemas/ErrorData"}}}}}}},"/login/forgotPassword":{"post":{"tags":["Authentication"],"summary":"Forgot password operation","operationId":"forgotPassword","requestBody":{"content":{"application/json":{"schema":{"$ref":"#/components/schemas/ForgotPasswordBody"}}},"required":true},"responses":{"200":{"description":"Code sent to the specified email address"},"400":{"description":"The provided data are not acceptable","content":{"application/json":{"schema":{"$ref":"#/components/schemas/ErrorData"}}}}}}},"/login/resetPassword":{"post":{"tags":["Authentication"],"summary":"Reset password operation","operationId":"userResetPassword","requestBody":{"content":{"application/json":{"schema":{"$ref":"#/components/schemas/ResetPasswordBody"}}},"required":true},"responses":{"200":{"description":"Password changed"},"400":{"description":"The provided data are not acceptable","content":{"application/json":{"schema":{"$ref":"#/components/schemas/ErrorData"}}}}}}},"/login/wallet":{"post":{"tags":["Authentication"],"summary":"Login with the specified wallet id","operationId":"loginWallet","requestBody":{"content":{"application/json":{"schema":{"$ref":"#/components/schemas/WalletId"}}},"required":true},"responses":{"200":{"description":"Correctly logged in","content":{"application/json":{"schema":{"oneOf":[{"$ref":"#/components/schemas/LoginWalletResponse"},{"$ref":"#/components/schemas/LoginWalletAndSocialResponse"}]}}}},"400":{"description":"The provided data are not acceptable","content":{"application/json":{"schema":{"$ref":"#/components/schemas/ErrorData"}}}}}}},"/signup":{"post":{"tags":["Signup"],"summary":"Create a new user","operationId":"signup","requestBody":{"content":{"application/json":{"schema":{"$ref":"#/components/schemas/SignupBody"}}},"required":true},"responses":{"200":{"description":"User created with the specified user ID","content":{"application/json":{"schema":{"$ref":"#/components/schemas/UserId"}}}},"400":{"description":"The provided data are not acceptable","content":{"application/json":{"schema":{"$ref":"#/components/schemas/ErrorData"}}}}}}},"/signup/confirmation":{"post":{"tags":["Signup"],"summary":"Confirm a specific account through OTP","operationId":"confirmAccount","requestBody":{"content":{"application/json":{"schema":{"$ref":"#/components/schemas/OTPData"}}}},"responses":{"200":{"description":"User confirmed","content":{"application/json":{"schema":{"$ref":"#/components/schemas/LoginResponse"}}}},"400":{"description":"The provided data are not acceptable","content":{"application/json":{"schema":{"$ref":"#/components/schemas/ErrorData"}}}}}}},"/signup/resendConfirmation":{"post":{"tags":["Signup"],"summary":"Resend the OTP to the specified user","operationId":"resendOTP","requestBody":{"content":{"application/json":{"schema":{"$ref":"#/components/schemas/UserId"}}}},"responses":{"204":{"description":"OTP sent correctly"},"400":{"description":"The provided data are not acceptable","content":{"application/json":{"schema":{"$ref":"#/components/schemas/ErrorData"}}}}}}},"/profile":{"put":{"tags":["Profile"],"summary":"Fill the user's profile after a successful signup process","operationId":"fillProfile","parameters":[{"name":"X-access-token","in":"header","description":"The access token","required":true,"style":"simple","explode":false,"schema":{"type":"string"}},{"name":"X-id-token","in":"header","description":"The id token","required":true,"style":"simple","explode":false,"schema":{"type":"string"}}],"requestBody":{"content":{"application/json":{"schema":{"$ref":"#/components/schemas/ProfileFillBody"}}},"required":true},"responses":{"204":{"description":"Profile data filled"},"400":{"description":"The provided data are not acceptable","content":{"application/json":{"schema":{"$ref":"#/components/schemas/ErrorData"}}}},"401":{"description":"You are not authenticated","content":{"application/json":{"schema":{"$ref":"#/components/schemas/ErrorData"}}}}}}},"/profile/pair":{"post":{"tags":["Profile"],"summary":"Pair social and wallet data for the related account","operationId":"profilePair","parameters":[{"name":"X-access-token","in":"header","description":"The access token","required":true,"style":"simple","explode":false,"schema":{"type":"string"}},{"name":"X-id-token","in":"header","description":"The id token","required":true,"style":"simple","explode":false,"schema":{"type":"string"}}],"requestBody":{"content":{"application/json":{"schema":{"oneOf":[{"$ref":"#/components/schemas/WalletId"},{"$ref":"#/components/schemas/UserId"}]}}}},"responses":{"204":{"description":"User data paired correctly"},"400":{"description":"The provided data are not acceptable","content":{"application/json":{"schema":{"$ref":"#/components/schemas/ErrorData"}}}},"409":{"description":"The provided data are in conflict with stored data","content":{"application/json":{"schema":{"$ref":"#/components/schemas/ErrorData"}}}}}}},"/nft":{"get":{"tags":["NFT"],"summary":"get a NFT or bundle","operationId":"getNFT","parameters":[{"name":"X-access-token","in":"header","description":"The access token","required":true,"style":"simple","explode":false,"schema":{"type":"string"}},{"name":"X-id-token","in":"header","description":"The id token","required":true,"style":"simple","explode":false,"schema":{"type":"string"}},{"name":"id","in":"query","description":"id of a NFT","required":true,"style":"form","explode":true,"schema":{"type":"string"}}],"responses":{"200":{"description":"NFT retrieved","content":{"application/json":{"schema":{"$ref":"#/components/schemas/NFTCompleteType"}}}},"400":{"description":"The provided data are not acceptable","content":{"application/json":{"schema":{"$ref":"#/components/schemas/ErrorData"}}}},"401":{"description":"You are not authenticated","content":{"application/json":{"schema":{"$ref":"#/components/schemas/ErrorData"}}}}}},"post":{"tags":["NFT"],"summary":"create a NFT or bundle","operationId":"createNFT","parameters":[{"name":"X-access-token","in":"header","description":"The access token","required":true,"style":"simple","explode":false,"schema":{"type":"string"}},{"name":"X-id-token","in":"header","description":"The id token","required":true,"style":"simple","explode":false,"schema":{"type":"string"}}],"requestBody":{"content":{"application/json":{"schema":{"$ref":"#/components/schemas/NewNFT"}}},"required":true},"responses":{"201":{"description":"NFT created","content":{"application/json":{"schema":{"$ref":"#/components/schemas/NFTCompleteType"}}}},"400":{"description":"The provided data are not acceptable","content":{"application/json":{"schema":{"$ref":"#/components/schemas/ErrorData"}}}},"401":{"description":"You are not authenticated","content":{"application/json":{"schema":{"$ref":"#/components/schemas/ErrorData"}}}}}}},"/nft/{nftId}":{"delete":{"tags":["NFT"],"summary":"delete a NFT or bundle","operationId":"deleteNFT","parameters":[{"name":"X-access-token","in":"header","description":"The access token","required":true,"style":"simple","explode":false,"schema":{"type":"string"}},{"name":"X-id-token","in":"header","description":"The id token","required":true,"style":"simple","explode":false,"schema":{"type":"string"}},{"name":"nftId","in":"path","description":"id of a NFT","required":true,"style":"simple","explode":false,"schema":{"type":"string"}}],"responses":{"204":{"description":"NFT deleted"},"400":{"description":"The provided data are not acceptable","content":{"application/json":{"schema":{"$ref":"#/components/schemas/ErrorData"}}}},"401":{"description":"You are not authenticated","content":{"application/json":{"schema":{"$ref":"#/components/schemas/ErrorData"}}}}}},"patch":{"tags":["NFT"],"summary":"modify a NFT or bundle","operationId":"modifyNFT","parameters":[{"name":"X-access-token","in":"header","description":"The access token","required":true,"style":"simple","explode":false,"schema":{"type":"string"}},{"name":"X-id-token","in":"header","description":"The id token","required":true,"style":"simple","explode":false,"schema":{"type":"string"}},{"name":"nftId","in":"path","description":"id of a NFT","required":true,"style":"simple","explode":false,"schema":{"type":"string"}}],"requestBody":{"content":{"application/json":{"schema":{"$ref":"#/components/schemas/ModifyNFTType"}}},"required":true},"responses":{"201":{"description":"NFT created","content":{"application/json":{"schema":{"$ref":"#/components/schemas/NFTCompleteType"}}}},"400":{"description":"The provided data are not acceptable","content":{"application/json":{"schema":{"$ref":"#/components/schemas/ErrorData"}}}},"401":{"description":"You are not authenticated","content":{"application/json":{"schema":{"$ref":"#/components/schemas/ErrorData"}}}}}}}},"components":{"schemas":{"ErrorData":{"required":["description","errorCode"],"type":"object","properties":{"description":{"type":"string"},"errorCode":{"$ref":"#/components/schemas/ErrorCode"},"inputId":{"type":"string"}},"description":"Informations regarding a backend error"},"ErrorCode":{"type":"string","description":"4xx:\n  - client-side errors;\n\n5xx:\n  - server-side errors;\n","enum":["4xx_CONFLICT","4xx_MALFORMED-INFORMATION","4xx_USER-ALREADY-EXISTS","4xx_USER-NOT-FOUND","4xx_USER-NOT-AUTHENTICATED","4xx_USER-NOT-AUTHORIZED","4xx_USER-NOT-CONFIRMED","4xx_GROUP-NAME-ALREADY-EXISTS","4XX_INVALID-BAND-NAME","4XX_INVALID-BIRTH-DATE","4XX_INVALID-EMAIL","4XX_INVALID-PHONE-NUMBER","4xx_ITEM-NOT-FOUND","4xx_UPDATE-CREDENTIALS_OLD-PASSWORD-WRONG","4xx_TOO-MANY-REQUESTS","4xx_PAYLOAD_TOO_LARGE","5xx_INTERNAL-SERVER-ERROR","5xx_NOT-IMPLEMENTED-ERROR","5xx_ITEM-NOT-CREATED","5xx_ITEM-NOT-UPDATED","5xx_ITEM-NOT-DELETED","5xx_ITEM-NOT-RETRIEVED","5xx_ITEM-SEARCH-ERROR","5xx_ITEM-RETURN-VALUES-MISSING","5xx_USER-DATA-NOT-FOUND","5xx_GET-PROFILE_USER-DATA-NOT-FOUND","5xx_UPDATE-PROFILE_USER-DATA-NOT-FOUND","5xx_START-CHARGE_CANNOT-START-CHARGE","5xx_STOP-CHARGE_CANNOT-STOP-CHARGE","5xx_AUTHENTICATION-FAILED"]},"Link":{"required":["approved","path"],"type":"object","properties":{"url":{"type":"string"},"approved":{"type":"boolean"}}},"Country":{"maxLength":3,"minLength":3,"type":"string","description":"ISO 3166-1 Alpha-3 [ISO3166‑1]","example":"ITA"},"LoginBody":{"required":["password","username"],"type":"object","properties":{"username":{"type":"string"},"password":{"$ref":"#/components/schemas/Password"}}},"Password":{"pattern":"^(?=.{8,16}$)(?=.*\\d)(?=.*[\\^\\$*.[\\]{}()?\\-\"!@#%&\\/\\\\,><':;|_~`+=])((?=.*[a-z])(?=.*[A-Z])|(?=.*[a-z])(?=.*[A-Z])).*$","type":"string"},"LoginResponse":{"required":["accessToken","data","idToken","refreshToken","userId"],"type":"object","properties":{"userId":{"type":"string"},"accessToken":{"type":"string"},"idToken":{"type":"string"},"refreshToken":{"type":"string"},"data":{"$ref":"#/components/schemas/UserData"}}},"ForgotPasswordBody":{"required":["email"],"type":"object","properties":{"email":{"type":"string"}}},"ResetPasswordBody":{"required":["email","newPassword"],"type":"object","properties":{"email":{"type":"string"},"newPassword":{"$ref":"#/components/schemas/Password"}}},"AccountType":{"type":"string","enum":["USER","ARTIST"]},"SignupBody":{"required":["anagraphic","contacts","password","type"],"type":"object","properties":{"type":{"$ref":"#/components/schemas/AccountType"},"bandName":{"type":"string"},"anagraphic":{"$ref":"#/components/schemas/Anagraphic"},"contacts":{"$ref":"#/components/schemas/Contacts"},"password":{"$ref":"#/components/schemas/Password"}}},"Anagraphic":{"required":["birthDate","country","firstName","lastName"],"type":"object","properties":{"firstName":{"type":"string"},"lastName":{"type":"string"},"birthDate":{"type":"string","format":"date"},"country":{"type":"string"}}},"Contacts":{"required":["email","phoneNumber"],"type":"object","properties":{"email":{"type":"string"},"phoneNumber":{"required":["number","prefix"],"type":"object","properties":{"number":{"type":"string"},"prefix":{"type":"string"}}}}},"OTPData":{"type":"string"},"UserId":{"type":"string"},"ProfileFillBody":{"required":["description","picture","username"],"type":"object","properties":{"username":{"type":"string"},"picture":{"type":"string"},"description":{"type":"string"}}},"SortOrder":{"type":"string","enum":["asc","desc"]},"WalletId":{"type":"string"},"UserData":{"required":["id","type"],"type":"object","properties":{"email":{"type":"string"},"id":{"$ref":"#/components/schemas/UserId"},"username":{"$ref":"#/components/schemas/Username"},"imageUrl":{"type":"string"},"type":{"$ref":"#/components/schemas/AccountType"}}},"Username":{"type":"string"},"LoginWalletResponse":{"required":["user"],"type":"object","properties":{"user":{"$ref":"#/components/schemas/UserData"}}},"LoginWalletAndSocialResponse":{"required":["user"],"type":"object","properties":{"user":{"$ref":"#/components/schemas/LoginResponse"}}},"Collection":{"required":["id","name"],"type":"object","properties":{"name":{"type":"string"},"id":{"type":"string"}}},"SocialData":{"type":"object","properties":{"views":{"type":"number"},"ownerCounter":{"type":"number"}}},"Price":{"type":"number"},"Auction":{"required":["endTime"],"type":"object","properties":{"endTime":{"type":"string","format":"date-time"}}},"NewNFT":{"required":["artistId","blockchain","hidden","isBundle","nftCreationDateTime","nftDescription","nftFileUrls","nftTitle","previewUrls"],"type":"object","properties":{"isBundle":{"type":"boolean"},"bundleData":{"$ref":"#/components/schemas/Bundle"},"nftFileUrl":{"type":"array","items":{"type":"string","format":"url"}},"previewUrl":{"type":"array","items":{"type":"string","format":"url"}},"artistId":{"type":"string"},"nftTitle":{"type":"string"},"nftCreationDateTime":{"type":"string","format":"date-time"},"nftDescription":{"type":"string"},"featuringArtists":{"type":"array","items":{"type":"string"}},"hidden":{"type":"boolean"},"blockchain":{"$ref":"#/components/schemas/Blockchain"},"externalLink":{"type":"string","format":"url"},"copies":{"type":"number"},"collectionId":{"type":"string"}}},"Blockchain":{"type":"string","enum":["POLYGON","ETHERIUM"]},"Bundle":{"required":["description","title"],"type":"object","properties":{"title":{"type":"string"},"description":{"type":"string"}}},"NFTCompleteType":{"required":["artistId","blockchain","hidden","id","isBundle","metadataFrozen","nftCreationDateTime","nftDescription","nftFileUrls","nftTitle","previewUrls"],"type":"object","properties":{"id":{"type":"string"},"isBundle":{"type":"boolean"},"bundleData":{"$ref":"#/components/schemas/Bundle"},"nftFileUrl":{"type":"array","items":{"type":"string","format":"url"}},"previewUrl":{"type":"array","items":{"type":"string","format":"url"}},"artistId":{"type":"string"},"nftTitle":{"type":"string"},"nftCreationDateTime":{"type":"string","format":"date-time"},"nftDescription":{"type":"string"},"featuringArtists":{"type":"array","items":{"type":"string"}},"hidden":{"type":"boolean"},"blockchain":{"$ref":"#/components/schemas/Blockchain"},"externalLink":{"type":"string","format":"url"},"copies":{"type":"number"},"collectionId":{"type":"string"},"metadataFrozen":{"type":"boolean"},"sellData":{"$ref":"#/components/schemas/SellData"}}},"ProgrammedEvent":{"type":"object","properties":{"programmedDate":{"type":"string","format":"date-time"}}},"SellData":{"oneOf":[{"$ref":"#/components/schemas/FixedData"},{"$ref":"#/components/schemas/AuctionData"}]},"FixedData":{"allOf":[{"$ref":"#/components/schemas/ProgrammedEvent"},{"required":["mode","price"],"type":"object","properties":{"mode":{"type":"string","enum":["FIXED"]},"price":{"type":"number"}}}]},"AuctionData":{"allOf":[{"$ref":"#/components/schemas/ProgrammedEvent"},{"required":["duration","initialPrice","mode"],"type":"object","properties":{"mode":{"type":"string","enum":["AUCTION"]},"initialPrice":{"type":"number"},"duration":{"type":"number"}}}]},"ModifyNFTType":{"required":["blockchain","hidden","isBundle","metadataFrozen","nftDescription","nftFileUrls","nftTitle","previewUrls"],"type":"object","properties":{"isBundle":{"type":"boolean"},"bundleData":{"$ref":"#/components/schemas/Bundle"},"nftFileUrl":{"type":"array","items":{"type":"string","format":"url"}},"previewUrl":{"type":"array","items":{"type":"string","format":"url"}},"nftTitle":{"type":"string"},"nftDescription":{"type":"string"},"featuringArtists":{"type":"array","items":{"type":"string"}},"hidden":{"type":"boolean"},"blockchain":{"$ref":"#/components/schemas/Blockchain"},"externalLink":{"type":"string","format":"url"},"collectionId":{"type":"string"},"metadataFrozen":{"type":"boolean"},"sellData":{"$ref":"#/components/schemas/SellData"}}}},"responses":{"NotFound":{"description":"The specified resource was not found","content":{"application/json":{"schema":{"$ref":"#/components/schemas/ErrorData"}}}},"Unauthenticated":{"description":"You are not authenticated","content":{"application/json":{"schema":{"$ref":"#/components/schemas/ErrorData"}}}},"Unauthorized":{"description":"You are authenticated but not authorized","content":{"application/json":{"schema":{"$ref":"#/components/schemas/ErrorData"}}}},"BadRequest":{"description":"The provided data are not acceptable","content":{"application/json":{"schema":{"$ref":"#/components/schemas/ErrorData"}}}},"Conflict":{"description":"The provided data are in conflict with stored data","content":{"application/json":{"schema":{"$ref":"#/components/schemas/ErrorData"}}}},"InternalServerError":{"description":"Internal Server Error","content":{"application/json":{"schema":{"$ref":"#/components/schemas/ErrorData"}}}}},"parameters":{"idToken":{"name":"X-id-token","in":"header","description":"The id token","required":true,"style":"simple","explode":false,"schema":{"type":"string"}},"accessToken":{"name":"X-access-token","in":"header","description":"The access token","required":true,"style":"simple","explode":false,"schema":{"type":"string"}},"offset":{"name":"offset","in":"query","description":"The number of items to be skipped.","required":false,"style":"form","explode":true,"schema":{"minimum":0,"type":"integer","default":0}},"limit":{"name":"limit","in":"query","description":"The number of items to return.\n\nIf not specified all the resulting \nitems will be returned.\n","required":false,"style":"form","explode":true,"schema":{"minimum":1,"type":"integer","default":10}},"userType":{"name":"userType","in":"query","required":false,"style":"form","explode":true,"schema":{"type":"array","items":{"type":"string","enum":["ARTISTS","EMERGING","LABELS","USERS"]}}},"refreshToken":{"name":"X-refresh-token","in":"header","description":"The refresh token","required":true,"style":"simple","explode":false,"schema":{"type":"string"}}}}}