{"openapi":"3.0.0","info":{"title":"MyRewarding oas3","description":"","version":"2.0.0"},"servers":[{"url":"https://virtserver.swaggerhub.com/LoyaltyEngineers/api/v2"}],"security":[{"bearerAuth":[]}],"paths":{"/token/":{"get":{"tags":["Login"],"summary":"Retrieve a bearer token","description":"Retrieve a bearer token","responses":{"200":{"description":"Success","content":{"application/json":{"schema":{"$ref":"#/components/schemas/Token"}}}},"400":{"description":"Bad Request","content":{"application/json":{"schema":{"$ref":"#/components/schemas/Error"}}}},"401":{"description":"Unauthorized","content":{"application/json":{"schema":{"$ref":"#/components/schemas/Error"}}}},"404":{"description":"Not Found","content":{"application/json":{"schema":{"$ref":"#/components/schemas/Error"}}}},"408":{"description":"Request Timeout","content":{"application/json":{"schema":{"$ref":"#/components/schemas/Error"}}}},"500":{"description":"Server not responding","content":{"application/json":{"schema":{"$ref":"#/components/schemas/Error"}}}},"default":{"description":"Unexpected error","content":{"application/json":{"schema":{"$ref":"#/components/schemas/Error"}}}}},"security":[{"APIKeyHeader":[]}]}},"/users/{userid}/simple":{"get":{"tags":["Users"],"summary":"Retrieve user information","description":"Retrieve all user information","parameters":[{"name":"userid","in":"path","description":"unique user id.","required":true,"style":"simple","explode":false,"schema":{"type":"string"}}],"responses":{"200":{"description":"Success","headers":{"singlesignontoken":{"description":"singlesignontoken of the user","style":"simple","explode":false,"schema":{"type":"string"}}},"content":{"application/json":{"schema":{"$ref":"#/components/schemas/Userinfosimple"}}}},"400":{"description":"Bad Request","content":{"application/json":{"schema":{"$ref":"#/components/schemas/Error"}}}},"401":{"description":"Unauthorized","content":{"application/json":{"schema":{"$ref":"#/components/schemas/Error"}}}},"404":{"description":"Not Found","content":{"application/json":{"schema":{"$ref":"#/components/schemas/Error"}}}},"408":{"description":"Request Timeout","content":{"application/json":{"schema":{"$ref":"#/components/schemas/Error"}}}},"500":{"description":"Server not responding","content":{"application/json":{"schema":{"$ref":"#/components/schemas/Error"}}}},"default":{"description":"Unexpected error","content":{"application/json":{"schema":{"$ref":"#/components/schemas/Error"}}}}}}},"/users/{userid}":{"get":{"tags":["Users"],"summary":"Retrieve user information","description":"Retrieve all user information","parameters":[{"name":"userid","in":"path","description":"unique user id.","required":true,"style":"simple","explode":false,"schema":{"type":"string"}}],"responses":{"200":{"description":"Success","headers":{"singlesignontoken":{"description":"singlesignontoken of the user","style":"simple","explode":false,"schema":{"type":"string"}}},"content":{"application/json":{"schema":{"$ref":"#/components/schemas/Userinfo"}}}},"400":{"description":"Bad Request","content":{"application/json":{"schema":{"$ref":"#/components/schemas/Error"}}}},"401":{"description":"Unauthorized","content":{"application/json":{"schema":{"$ref":"#/components/schemas/Error"}}}},"403":{"description":"Forbidden","content":{"application/json":{"schema":{"$ref":"#/components/schemas/Error"}}}},"404":{"description":"Not Found","content":{"application/json":{"schema":{"$ref":"#/components/schemas/Error"}}}},"408":{"description":"Request Timeout","content":{"application/json":{"schema":{"$ref":"#/components/schemas/Error"}}}},"500":{"description":"Server not responding","content":{"application/json":{"schema":{"$ref":"#/components/schemas/Error"}}}},"default":{"description":"Unexpected error","content":{"application/json":{"schema":{"$ref":"#/components/schemas/Error"}}}}}},"post":{"tags":["Users"],"summary":"Add a new user","description":"Each user must be registered to the system before it can be","operationId":"addUser","parameters":[{"name":"userid","in":"path","description":"userid for the user","required":true,"style":"simple","explode":false,"schema":{"type":"string"}}],"requestBody":{"description":"User information","content":{"application/json":{"schema":{"$ref":"#/components/schemas/User"}}},"required":true},"responses":{"201":{"description":"Success","headers":{"singlesignontoken":{"description":"singlesignontoken of the new user","style":"simple","explode":false,"schema":{"type":"string"}}}},"400":{"description":"Bad request","content":{"application/json":{"schema":{"$ref":"#/components/schemas/Error"}}}},"401":{"description":"Unauthorized","content":{"application/json":{"schema":{"$ref":"#/components/schemas/Error"}}}},"408":{"description":"Request Timeout","content":{"application/json":{"schema":{"$ref":"#/components/schemas/Error"}}}},"409":{"description":"Conflict - Object already exists","content":{"application/json":{"schema":{"$ref":"#/components/schemas/Error"}}}},"500":{"description":"Server not responding","content":{"application/json":{"schema":{"$ref":"#/components/schemas/Error"}}}},"default":{"description":"Unexpected error","content":{"application/json":{"schema":{"$ref":"#/components/schemas/Error"}}}}}},"patch":{"tags":["Users"],"summary":"Modify a user","description":"Update the user with new information","operationId":"modifyUser","parameters":[{"name":"userid","in":"path","description":"userid for the user","required":true,"style":"simple","explode":false,"schema":{"type":"string"}}],"requestBody":{"description":"User information","content":{"application/json":{"schema":{"$ref":"#/components/schemas/User"}}},"required":true},"responses":{"204":{"description":"Success"},"400":{"description":"Bad request","content":{"application/json":{"schema":{"$ref":"#/components/schemas/Error"}}}},"401":{"description":"Unauthorized","content":{"application/json":{"schema":{"$ref":"#/components/schemas/Error"}}}},"404":{"description":"Not Found","content":{"application/json":{"schema":{"$ref":"#/components/schemas/Error"}}}},"408":{"description":"Request Timeout","content":{"application/json":{"schema":{"$ref":"#/components/schemas/Error"}}}},"409":{"description":"Conflict - Email already exists","content":{"application/json":{"schema":{"$ref":"#/components/schemas/Error"}}}},"500":{"description":"Server not responding","content":{"application/json":{"schema":{"$ref":"#/components/schemas/Error"}}}},"default":{"description":"Unexpected error","content":{"application/json":{"schema":{"$ref":"#/components/schemas/Error"}}}}}}},"/users/member/{userid}":{"get":{"tags":["Users"],"summary":"Retrieve participating members information","description":"Retrieve all participating members information","parameters":[{"name":"userid","in":"path","description":"unique user id.","required":true,"style":"simple","explode":false,"schema":{"type":"string"}}],"responses":{"200":{"description":"Success","content":{"application/json":{"schema":{"$ref":"#/components/schemas/Participatingmembers"}}}},"400":{"description":"Bad Request","content":{"application/json":{"schema":{"$ref":"#/components/schemas/Error"}}}},"401":{"description":"Unauthorized","content":{"application/json":{"schema":{"$ref":"#/components/schemas/Error"}}}},"404":{"description":"Not Found","content":{"application/json":{"schema":{"$ref":"#/components/schemas/Error"}}}},"408":{"description":"Request Timeout","content":{"application/json":{"schema":{"$ref":"#/components/schemas/Error"}}}},"500":{"description":"Server not responding","content":{"application/json":{"schema":{"$ref":"#/components/schemas/Error"}}}},"default":{"description":"Unexpected error","content":{"application/json":{"schema":{"$ref":"#/components/schemas/Error"}}}}}}},"/users/transaction/{userid}":{"post":{"tags":["Users"],"summary":"Add or subtract rewards","description":"External systems can add or subtract rewards to or from the user. Combination createdatetime, memberid and userid is unique. It is possible to send multiple transactions at a time for 1 user. However when one or more transactions are invalid, ALL transactions will be cancelled.","operationId":"Rewards","parameters":[{"name":"userid","in":"path","description":"userid for the user","required":true,"style":"simple","explode":false,"schema":{"type":"string"}}],"requestBody":{"description":"Reward information","content":{"application/json":{"schema":{"type":"array","items":{"$ref":"#/components/schemas/Newrewards"}}}},"required":true},"responses":{"200":{"description":"Success","content":{"application/json":{"schema":{"$ref":"#/components/schemas/Newrewardbalance"}}}},"400":{"description":"Bad request","content":{"application/json":{"schema":{"$ref":"#/components/schemas/Error"}}}},"401":{"description":"Unauthorized","content":{"application/json":{"schema":{"$ref":"#/components/schemas/Error"}}}},"408":{"description":"Request Timeout","content":{"application/json":{"schema":{"$ref":"#/components/schemas/Error"}}}},"409":{"description":"Conflict - Object already exists","content":{"application/json":{"schema":{"$ref":"#/components/schemas/Error"}}}},"500":{"description":"Server not responding","content":{"application/json":{"schema":{"$ref":"#/components/schemas/Error"}}}},"default":{"description":"Unexpected error","content":{"application/json":{"schema":{"$ref":"#/components/schemas/Error"}}}}}}},"/members/":{"get":{"tags":["Members"],"summary":"Retrieve all members","description":"Retrieve all members in order to be able to display them on a webpage.","responses":{"200":{"description":"Success","content":{"application/json":{"schema":{"type":"array","items":{"$ref":"#/components/schemas/member"}}}}},"400":{"description":"Bad Request","content":{"application/json":{"schema":{"$ref":"#/components/schemas/Error"}}}},"401":{"description":"Unauthorized","content":{"application/json":{"schema":{"$ref":"#/components/schemas/Error"}}}},"404":{"description":"Not Found","content":{"application/json":{"schema":{"$ref":"#/components/schemas/Error"}}}},"408":{"description":"Request Timeout","content":{"application/json":{"schema":{"$ref":"#/components/schemas/Error"}}}},"500":{"description":"Server not responding","content":{"application/json":{"schema":{"$ref":"#/components/schemas/Error"}}}},"default":{"description":"Unexpected error","content":{"application/json":{"schema":{"$ref":"#/components/schemas/Error"}}}}}}},"/members/{memberid}":{"get":{"tags":["Members"],"summary":"Retrieve member information","description":"Retrieve all member information for a specific member.","parameters":[{"name":"memberid","in":"path","description":"unique member id.","required":true,"style":"simple","explode":false,"schema":{"type":"string"}}],"responses":{"200":{"description":"Success","headers":{"singlesignontoken":{"description":"singlesignontoken of the member","style":"simple","explode":false,"schema":{"type":"string"}}},"content":{"application/json":{"schema":{"$ref":"#/components/schemas/member"}}}},"400":{"description":"Bad Request","content":{"application/json":{"schema":{"$ref":"#/components/schemas/Error"}}}},"401":{"description":"Unauthorized","content":{"application/json":{"schema":{"$ref":"#/components/schemas/Error"}}}},"404":{"description":"Not Found","content":{"application/json":{"schema":{"$ref":"#/components/schemas/Error"}}}},"408":{"description":"Request Timeout","content":{"application/json":{"schema":{"$ref":"#/components/schemas/Error"}}}},"500":{"description":"Server not responding","content":{"application/json":{"schema":{"$ref":"#/components/schemas/Error"}}}},"default":{"description":"Unexpected error","content":{"application/json":{"schema":{"$ref":"#/components/schemas/Error"}}}}}},"post":{"tags":["Members"],"summary":"Add a new member","description":"Each member must be registered to the system before it can be used","operationId":"addmember","parameters":[{"name":"memberid","in":"path","description":"memberid for the member","required":true,"style":"simple","explode":false,"schema":{"type":"string"}}],"requestBody":{"description":"member information","content":{"application/json":{"schema":{"$ref":"#/components/schemas/member"}}},"required":true},"responses":{"201":{"description":"Success","headers":{"singlesignontoken":{"description":"singlesignontoken of the new member","style":"simple","explode":false,"schema":{"type":"string"}}}},"400":{"description":"Bad request","content":{"application/json":{"schema":{"$ref":"#/components/schemas/Error"}}}},"401":{"description":"Unauthorized","content":{"application/json":{"schema":{"$ref":"#/components/schemas/Error"}}}},"408":{"description":"Request Timeout","content":{"application/json":{"schema":{"$ref":"#/components/schemas/Error"}}}},"409":{"description":"Conflict - Object already exists","content":{"application/json":{"schema":{"$ref":"#/components/schemas/Error"}}}},"500":{"description":"Server not responding","content":{"application/json":{"schema":{"$ref":"#/components/schemas/Error"}}}},"default":{"description":"Unexpected error","content":{"application/json":{"schema":{"$ref":"#/components/schemas/Error"}}}}}},"patch":{"tags":["Members"],"summary":"Modify a member","description":"Update the member with new information","operationId":"modifymember","parameters":[{"name":"memberid","in":"path","description":"memberid for the member","required":true,"style":"simple","explode":false,"schema":{"type":"string"}}],"requestBody":{"description":"member information","content":{"application/json":{"schema":{"$ref":"#/components/schemas/member"}}},"required":true},"responses":{"204":{"description":"Success"},"400":{"description":"Bad request","content":{"application/json":{"schema":{"$ref":"#/components/schemas/Error"}}}},"401":{"description":"Unauthorized","content":{"application/json":{"schema":{"$ref":"#/components/schemas/Error"}}}},"404":{"description":"Not Found","content":{"application/json":{"schema":{"$ref":"#/components/schemas/Error"}}}},"408":{"description":"Request Timeout","content":{"application/json":{"schema":{"$ref":"#/components/schemas/Error"}}}},"500":{"description":"Server not responding","content":{"application/json":{"schema":{"$ref":"#/components/schemas/Error"}}}},"default":{"description":"Unexpected error","content":{"application/json":{"schema":{"$ref":"#/components/schemas/Error"}}}}}}},"/members/{memberid}/logo":{"patch":{"tags":["Members"],"summary":"Uploads a logoimage.","parameters":[{"name":"memberid","in":"path","description":"memberid for the member","required":true,"style":"simple","explode":false,"schema":{"type":"string"}}],"requestBody":{"content":{"multipart/form-data":{"schema":{"type":"object","properties":{"logo":{"type":"string","description":"The logoimage to upload.","format":"binary"}}}}}},"responses":{"204":{"description":"Success"},"400":{"description":"Bad request","content":{"application/json":{"schema":{"$ref":"#/components/schemas/Error"}}}},"401":{"description":"Unauthorized","content":{"application/json":{"schema":{"$ref":"#/components/schemas/Error"}}}},"404":{"description":"Not Found","content":{"application/json":{"schema":{"$ref":"#/components/schemas/Error"}}}},"408":{"description":"Request Timeout","content":{"application/json":{"schema":{"$ref":"#/components/schemas/Error"}}}},"500":{"description":"Server not responding","content":{"application/json":{"schema":{"$ref":"#/components/schemas/Error"}}}},"default":{"description":"Unexpected error","content":{"application/json":{"schema":{"$ref":"#/components/schemas/Error"}}}}}}},"/surprices/{surpriceid}":{"get":{"tags":["Surprices"],"summary":"Retrieve Surprice details","description":"Retrieve Surprice details","parameters":[{"name":"surpriceid","in":"path","description":"unique surprice id.","required":true,"style":"simple","explode":false,"schema":{"type":"string"}}],"responses":{"200":{"description":"Success","content":{"application/json":{"schema":{"$ref":"#/components/schemas/Surpricedetails"}}}},"400":{"description":"Bad Request","content":{"application/json":{"schema":{"$ref":"#/components/schemas/Error"}}}},"401":{"description":"Unauthorized","content":{"application/json":{"schema":{"$ref":"#/components/schemas/Error"}}}},"404":{"description":"Not Found","content":{"application/json":{"schema":{"$ref":"#/components/schemas/Error"}}}},"408":{"description":"Request Timeout","content":{"application/json":{"schema":{"$ref":"#/components/schemas/Error"}}}},"500":{"description":"Server not responding","content":{"application/json":{"schema":{"$ref":"#/components/schemas/Error"}}}},"default":{"description":"Unexpected error","content":{"application/json":{"schema":{"$ref":"#/components/schemas/Error"}}}}}}},"/stampcard/{stampcardid}":{"get":{"tags":["Surprices"],"summary":"Retrieve Surprice details","description":"Retrieve Surprice details","parameters":[{"name":"stampcardid","in":"path","description":"unique stampcard id.","required":true,"style":"simple","explode":false,"schema":{"type":"string"}}],"responses":{"200":{"description":"Success","content":{"application/json":{"schema":{"$ref":"#/components/schemas/Stampcarddetails"}}}},"400":{"description":"Bad Request","content":{"application/json":{"schema":{"$ref":"#/components/schemas/Error"}}}},"401":{"description":"Unauthorized","content":{"application/json":{"schema":{"$ref":"#/components/schemas/Error"}}}},"404":{"description":"Not Found","content":{"application/json":{"schema":{"$ref":"#/components/schemas/Error"}}}},"408":{"description":"Request Timeout","content":{"application/json":{"schema":{"$ref":"#/components/schemas/Error"}}}},"500":{"description":"Server not responding","content":{"application/json":{"schema":{"$ref":"#/components/schemas/Error"}}}},"default":{"description":"Unexpected error","content":{"application/json":{"schema":{"$ref":"#/components/schemas/Error"}}}}}}}},"components":{"schemas":{"Token":{"type":"object","properties":{"token":{"type":"string","description":"Bearer Token"},"expires":{"type":"integer","description":"When will the bearer token expire. After expiration a new bearer must be requested."}}},"Userinfosimple":{"type":"object","properties":{"userid":{"type":"string","description":"Unique identifier of the user"},"status":{"type":"string","description":"active, blocked, deleted. Only when active, the user can use the system."},"rewards":{"type":"integer","description":"the number of saved rewards"},"firstname":{"type":"string","description":"Firstname of the user"},"lastname":{"type":"string","description":"Lastname of the user"},"phone":{"type":"string","description":"Phonenumber of the user"},"birthdate":{"type":"string","description":"Birthdate of the user","format":"date-time"},"gender":{"type":"string","description":"Gender of the user"},"addressinformation":{"type":"array","description":"address information","items":{"$ref":"#/components/schemas/Addressinformation"}},"email":{"type":"string","description":"email of the user"},"numberofmembers":{"minimum":1,"type":"integer","description":"Number of members for the user"},"modules":{"type":"array","description":"Availabel modules","items":{"$ref":"#/components/schemas/Modules"}},"numberofsurprises":{"type":"integer","description":"Number of Surprices for the user"},"numberofstampcards":{"type":"integer","description":"Number of Stampcards for the user"},"numberoftransactions":{"type":"integer","description":"Number of transactions in MyRewarding for the user"},"numberofnotifications":{"type":"integer","description":"Number of notifications for the user"},"numberofopenorders":{"type":"integer","description":"Number of open orders for the user"},"numberofitemsinbasket":{"type":"integer","description":"Number of items in the shoppingbasket of the user"}}},"Userinfo":{"type":"object","properties":{"userid":{"type":"string","description":"Unique identifier of the user"},"status":{"type":"string","description":"active, blocked, deleted. Only when active, the user can use the system."},"rewards":{"type":"integer","description":"the number of saved rewards"},"firstname":{"type":"string","description":"Firstname of the user"},"lastname":{"type":"string","description":"Lastname of the user"},"phone":{"type":"string","description":"Phonenumber of the user"},"birthdate":{"type":"string","description":"Birthdate of the user","format":"date-time"},"gender":{"type":"string","description":"Gender of the user"},"addressinformation":{"type":"array","description":"address information","items":{"$ref":"#/components/schemas/Addressinformation"}},"email":{"type":"string","description":"email of the user"},"numberofmembers":{"minimum":1,"type":"integer","description":"Number of members for the user"},"members":{"type":"array","description":"members for the user","items":{"$ref":"#/components/schemas/members"}},"modules":{"type":"array","description":"Availabel modules","items":{"$ref":"#/components/schemas/Modules"}},"numberofsurprises":{"type":"integer","description":"Number of Surprices for the user"},"surprises":{"type":"array","description":"Surprices for the user","items":{"$ref":"#/components/schemas/Surprices"}},"numberofstampcards":{"type":"integer","description":"Number of Stampcards for the user"},"stampcards":{"type":"array","description":"Surprices for the user","items":{"$ref":"#/components/schemas/Stampcards"}},"numberoftransactions":{"type":"integer","description":"Number of transactions in MyRewarding for the user"},"transactions":{"type":"array","description":"Transactions for the user","items":{"$ref":"#/components/schemas/Transactions"}},"numberofnotifications":{"type":"integer","description":"Number of notifications for the user"},"notifications":{"type":"array","description":"Notifications for the user","items":{"$ref":"#/components/schemas/Notifications"}},"numberofopenorders":{"type":"integer","description":"Number of open orders for the user"},"orders":{"type":"array","description":"open orders for the user","items":{"$ref":"#/components/schemas/Orders"}},"numberofitemsinbasket":{"type":"integer","description":"Number of items in the shoppingbasket of the user"},"shippingcostrewards":{"type":"integer","description":"The shippingcost in rewards"},"shippingcostlocalcurrency":{"type":"number","description":"The shippingcost in local currency","format":"double"},"basketsubtotalrewards":{"type":"integer","description":"The basketsubtotal in rewards"},"basketsubtotallocalcurreny":{"type":"number","description":"The basketsubtotal in local currency","format":"double"},"itemsinbasket":{"type":"array","description":"items in the shoppingbasket of the user","items":{"$ref":"#/components/schemas/Basketitems"}}}},"Modules":{"type":"object","properties":{"modulename":{"type":"string","description":"Name of the available module, suprices, stampcards, orders, transactions, notifications, basket"},"modulewebpageurl":{"type":"string","description":"the url of the webpage for the module"}},"description":"Details of each member."},"members":{"required":["memberid","membername"],"type":"object","properties":{"memberid":{"type":"integer","description":"the unique id of the member in MyRewarding"},"membername":{"type":"string","description":"the name of the member"},"addressinformation":{"type":"array","description":"address information","items":{"$ref":"#/components/schemas/Addressinformation"}},"phone":{"type":"string","description":"the phone of the member"},"email":{"type":"string","description":"the email of the member"},"website":{"type":"string","description":"the webiste of the member"}},"description":"Details of each member."},"member":{"required":["memberid","membername"],"type":"object","properties":{"memberid":{"type":"string","description":"the unique id of the member in MyRewarding"},"membername":{"type":"string","description":"the name of the member"},"firstname":{"type":"string","description":"Firstname of the contact person"},"lastname":{"type":"string","description":"Lastname of the contact person"},"contactphone":{"type":"string","description":"Phonenumber of the contact person"},"contactemail":{"type":"string","description":"email of the user"},"addressinformation":{"type":"array","description":"address information","items":{"$ref":"#/components/schemas/Addressinformation"}},"phone":{"type":"string","description":"the phone of the member"},"email":{"type":"string","description":"the email of the member"},"website":{"type":"string","description":"the webiste of the member"},"iban":{"type":"string","description":"the bankaccountnumber of the member"},"bic":{"type":"string","description":"the bic number of the bank"},"accountname":{"type":"string","description":"the name on the account at the bank"},"vatnumber":{"type":"string","description":"the company vat number"},"companynumber":{"type":"string","description":"the company number of chambers of commerce of the member"}},"description":"Details of each member."},"Surprices":{"required":["surpriceid","surpricename"],"type":"object","properties":{"surpriceid":{"type":"string","description":"the uniqueid of the surprice"},"surpricename":{"type":"string","description":"the name of the surprice"},"surpriceimageurl":{"type":"array","description":"the url of the surprice","items":{"$ref":"#/components/schemas/Imageurl"}}},"description":"Surprices of the user."},"Stampcards":{"required":["stampcardid","stampcardname"],"type":"object","properties":{"stampcardid":{"type":"string","description":"the uniqueid of the stampcard"},"stampcardname":{"type":"string","description":"the name of the stampcard"}},"description":"Stampcard  of the user"},"Transactions":{"required":["createdatetime"],"type":"object","properties":{"createdatetime":{"type":"string","description":"the date and time of the transaction","format":"date-time"},"rewards":{"type":"integer","description":"number of rewards booked."},"description":{"type":"string","description":"description of the transaction."},"member":{"type":"string","description":"the name of the member where the transaction was created."}},"description":"Transactions of the user."},"Notifications":{"required":["createdatetime","title"],"type":"object","properties":{"createdatetime":{"type":"string","description":"the date and time of the notification","format":"date-time"},"title":{"type":"string","description":"title of the notification."},"description":{"type":"string","description":"description of the notification."}},"description":"Notifications for the user."},"Orders":{"required":["createdatetime","state"],"type":"object","properties":{"createdatetime":{"type":"string","description":"the date and time of the notification","format":"date-time"},"state":{"type":"string","description":"open or closed"},"itemdescription":{"type":"string","description":"the title of the item in the order"},"itemimageurl":{"type":"array","description":"the url where to retrieve the item image","items":{"$ref":"#/components/schemas/Imageurl"}},"location":{"type":"string","description":"name of the location where to get the item"},"addressinformation":{"type":"array","description":"address information","items":{"$ref":"#/components/schemas/Addressinformation"}}},"description":"orders for the user."},"Basketitems":{"required":["itemid"],"type":"object","properties":{"itemid":{"type":"string","description":"the unique id of the item in MyRewarding"},"itemdescription":{"type":"string","description":"the title of the item in the order"},"itemimageurl":{"type":"string","description":"the url where to retrieve the item image"},"rewards":{"type":"integer","description":"the cost of the item in rewards"},"price":{"type":"number","description":"the cost of the item in local currency","format":"double"}},"description":"items in the shoppingbasket of the user."},"Participatingmembers":{"type":"object","properties":{"members":{"type":"array","description":"Member for the user","items":{"$ref":"#/components/schemas/Participatingmemberdetails"}}}},"Participatingmemberdetails":{"required":["memberid","membername"],"type":"object","properties":{"memberid":{"type":"integer","description":"the unique id of the member in MyRewarding"},"membername":{"type":"string","description":"the name of the member"},"addressinformation":{"type":"array","description":"address information","items":{"$ref":"#/components/schemas/Addressinformation"}},"phone":{"type":"string","description":"the phone of the member"},"email":{"type":"string","description":"the email of the member"},"website":{"type":"string","description":"the webiste of the member"},"rewardsreceived":{"type":"integer","description":"how many rewards have you received from this member"},"rewardspaid":{"type":"integer","description":"how many rewards have you paid with at this member"},"checkedin":{"type":"boolean","description":"has this user checked in in this member?"},"customerofmember":{"type":"boolean","description":"is this user a customer of this member?"},"surprises":{"type":"array","description":"Surprices for the user from this member","items":{"$ref":"#/components/schemas/Surprices"}},"stampcards":{"type":"array","description":"Stampcards for the user from this member","items":{"$ref":"#/components/schemas/Stampcards"}},"transactions":{"type":"array","description":"Transactions for the user from this member","items":{"$ref":"#/components/schemas/Transactions"}},"openinghours":{"type":"array","description":"Openinghours of this member","items":{"$ref":"#/components/schemas/Openinghours"}},"carparkinformation":{"type":"array","description":"Carpark information for this member","items":{"$ref":"#/components/schemas/Carparkinformation"}}},"description":"Details of each member."},"Openinghours":{"type":"object","properties":{"dayoftheweek":{"type":"string","description":"day of the week"},"openat":{"type":"string","description":"openinghour","format":"time"},"closeat":{"type":"string","description":"closinghour","format":"time"}},"description":"when is the member opend"},"Carparkinformation":{"type":"object","properties":{"description":{"type":"string","description":"description or name of the location"},"rating":{"type":"string","description":"1 to 5 star rating"},"addressinformation":{"type":"array","description":"address information","items":{"$ref":"#/components/schemas/Addressinformation"}}},"description":"where can you park your car"},"Surpricedetails":{"required":["surpriceid","surpricename"],"type":"object","properties":{"surpriceid":{"type":"string","description":"the uniqueid of the surprice"},"surpricename":{"type":"string","description":"the name of the surprice"},"surpriceimageurl":{"type":"array","description":"the name of the surprice","items":{"$ref":"#/components/schemas/Imageurl"}},"surpricesubtitle":{"type":"string","description":"the subtitle of the surprice"},"youtubevideo":{"type":"string","description":"the video of the surprice"},"description":{"type":"string","description":"the main text of the surprice"},"addressinformation":{"type":"array","description":"address information","items":{"$ref":"#/components/schemas/Addressinformation"}}},"description":"Details of the surprice"},"Stampcarddetails":{"type":"object","properties":{"stampcardid":{"type":"string","description":"the uniqueid of the stampcard"},"stampcardname":{"type":"string","description":"the name of the stampcard"},"stampcardtext":{"type":"string","description":"the text of the stampcard"},"youtubevideo":{"type":"string","description":"the video of the stampcard"},"introduction":{"type":"string","description":"the introduction text of the stampcard"},"addressinformation":{"type":"array","description":"address information","items":{"$ref":"#/components/schemas/Addressinformation"}},"stampcardtype":{"type":"string","description":"Normal, Route, Savings, Home"},"stampcardconfirmationcode":{"type":"string","description":"the confirmationcode in order to confirm a new stamp"},"startdate":{"type":"string","description":"When does the stamcard start?","format":"date"},"enddate":{"type":"string","description":"When does the stamcard end?","format":"date"},"stampcardlayout":{"type":"string","description":"assignment or number"},"stampcardheaderimageurl":{"type":"array","description":"the name of the stampcard","items":{"$ref":"#/components/schemas/Imageurl"}},"stampcardheaderlogoimageurl":{"type":"array","description":"the name of the stampcard","items":{"$ref":"#/components/schemas/Imageurl"}},"stampcardstampcompleteimageurl":{"type":"array","description":"the name of the stampcard","items":{"$ref":"#/components/schemas/Imageurl"}},"stampcardcompleterewards":{"type":"integer","description":"how many rewards do you receive when completed"},"stampcardcompletevideo":{"type":"string","description":"url of the youtube video"},"stampcardcompletesurprises":{"type":"array","description":"which surprises do you receiven when completed","items":{"$ref":"#/components/schemas/Surprices"}},"stampcardassignments":{"type":"array","description":"which assingments need to be completed","items":{"$ref":"#/components/schemas/Stampcardassignments"}}},"description":"Details of the surprice"},"Stampcardassignments":{"required":["assignmentid","assignmentname"],"type":"object","properties":{"assignmentid":{"type":"string","description":"the unique id of the assigment"},"assignmentname":{"type":"string","description":"the name of the assigment"},"assignmentdetails":{"type":"array","description":"the details of the assigment","items":{"$ref":"#/components/schemas/Stampcardassignmentsdetails"}}},"description":"Stampcardassignments"},"Stampcardassignmentsdetails":{"required":["assignmentdetailid","assignmentdetailname"],"type":"object","properties":{"assignmentdetailid":{"type":"string","description":"the unique id of the assigment"},"assignmentdetailname":{"type":"string","description":"the name of the assigment"},"assignmentdetailtext":{"type":"string","description":"the text of the assigment"},"assignmentsequence":{"type":"integer","description":"the sequence of the assigment"},"assignmenticon":{"type":"string","description":"the url to the icon to show for the assigment"},"assignmentvideo":{"type":"string","description":"the url to the youtubevideo to show for the assigment"},"addressinformation":{"type":"array","description":"address information","items":{"$ref":"#/components/schemas/Addressinformation"}},"shownavigation":{"type":"boolean","description":"show googlemaps navigation"},"numberoftimes":{"type":"integer","description":"How often do you need to complete the assignment"},"assignmentcompleterewards":{"type":"integer","description":"how many rewards do you receive when completed"},"assignmentcompletesurprises":{"type":"array","description":"which surprises do you receiven when completed","items":{"$ref":"#/components/schemas/Surprices"}},"assignmentcompleteconfirmation":{"type":"string","description":"user, employee, qrcode"}},"description":"Stampcardassignment details"},"Imageurl":{"type":"object","properties":{"imageurl":{"type":"string","description":"main or shipping"}}},"Addressinformation":{"type":"object","properties":{"addresstype":{"type":"string","description":"main or shipping"},"street":{"type":"string","description":"the street"},"housenumber":{"type":"string","description":"the housenumber"},"housenumberaddon":{"type":"string","description":"the housenumber addon"},"zipcode":{"type":"string","description":"the zipcode"},"city":{"type":"string","description":"the city"},"latitude":{"type":"string","description":"the latitude coordinate"},"longitude":{"type":"string","description":"the longitude coordinate"}}},"User":{"type":"object","properties":{"userid":{"type":"string","description":"Unique identifier of the user"},"status":{"type":"string","description":"active, blocked, deleted. Only when active, the user can use the system."},"firstname":{"type":"string","description":"Firstname of the user"},"lastname":{"type":"string","description":"Lastname of the user"},"phone":{"type":"string","description":"Phonenumber of the user"},"birthdate":{"type":"string","description":"Birthdate of the user","format":"date-time"},"gender":{"type":"string","description":"Gender of the user"},"addressinformation":{"type":"array","description":"address information","items":{"$ref":"#/components/schemas/Addressinformation"}},"email":{"type":"string","description":"email of the user"}}},"Newrewards":{"required":["memberid","rewards"],"type":"object","properties":{"createdatetime":{"type":"string","description":"the date and time when the transaction was generated. When left empty, the system will take current date and time.","format":"date-time"},"rewards":{"type":"integer","description":"Number of rewards to be added to the account of the user. (can also be negative)"},"memberid":{"type":"string","description":"the number of the member where the rewards are booked on or from."},"description":{"type":"string","description":"description of the transaction"},"reason":{"type":"string","description":"reason of the transaction (i.e. special action at the member)"}}},"Newrewardbalance":{"type":"object","properties":{"newrewardbalance":{"type":"integer","description":"New number of rewards for this user."}}},"Error":{"type":"object","properties":{"code":{"type":"integer","format":"int32"},"message":{"type":"string"},"fields":{"type":"string"}}}},"securitySchemes":{"APIKeyHeader":{"type":"apiKey","name":"MRW-API-Key","in":"header"},"bearerAuth":{"type":"http","scheme":"bearer","bearerFormat":"JWT"}}}}