{"openapi":"3.0.0","info":{"title":"AbaNinja Address API (External)","description":"API for manage addresses in AbaNinja\n","contact":{"name":"ABACUS Research AG","url":"https://www.abacus.ch","email":"info@abacus.ch"},"license":{"name":"MIT","url":"https://opensource.org/licenses/MIT"},"version":"1.0.1"},"servers":[{"url":"https://app.abaninja.ch/api/v1/","description":"Production Server"},{"url":"https://app-int.abaninja.ch/api/v1/","description":"Integration Test Server"},{"url":"https://app-test.abaninja.abaservices.ch/api/v1/","description":"Development Server"}],"paths":{"/accounts/{account_uuid}/addresses/companies":{"get":{"summary":"Get a list of company addresses for given account","description":"This return a list of available company addresses for the given account","parameters":[{"name":"account_uuid","in":"path","required":true,"style":"simple","explode":false,"schema":{"type":"string","format":"uuid"}},{"name":"page","in":"query","required":false,"style":"form","explode":true,"schema":{"type":"integer","format":"int64"}},{"name":"limit","in":"query","required":false,"style":"form","explode":true,"schema":{"type":"integer","format":"int64"}},{"name":"tags","in":"query","required":false,"style":"form","explode":true,"schema":{"type":"string"}}],"responses":{"200":{"description":"List of Addresses","content":{"application/json":{"schema":{"$ref":"#/components/schemas/CompanyList"}}}},"400":{"description":"error","content":{"application/json":{"schema":{"$ref":"#/components/schemas/Error"}}}},"401":{"description":"Access Token expired"},"403":{"description":"Client is not allowed"},"404":{"description":"Not Found"}},"security":[{"ninja_auth":["https://api.abasky.net/auth/abaninja.address"]}]}},"/accounts/{account_uuid}/addresses/companies/{company_uuid}":{"get":{"summary":"Single company access","description":"Returns data for one company only","parameters":[{"name":"account_uuid","in":"path","required":true,"style":"simple","explode":false,"schema":{"type":"string","format":"uuid"}},{"name":"company_uuid","in":"path","description":"The id of the address","required":true,"style":"simple","explode":false,"schema":{"type":"string","format":"uuid"}}],"responses":{"200":{"description":"Requested company","content":{"application/json":{"schema":{"type":"object","properties":{"data":{"$ref":"#/components/schemas/Company"}}}}}},"400":{"description":"error","content":{"application/json":{"schema":{"$ref":"#/components/schemas/Error"}}}},"401":{"description":"Access Token expired"},"403":{"description":"Client is not allowed"},"404":{"description":"Not Found"}},"security":[{"ninja_auth":["https://api.abasky.net/auth/abaninja.address"]}]},"delete":{"summary":"Delete company","parameters":[{"name":"account_uuid","in":"path","required":true,"style":"simple","explode":false,"schema":{"type":"string","format":"uuid"}},{"name":"company_uuid","in":"path","description":"The id of the address","required":true,"style":"simple","explode":false,"schema":{"type":"string","format":"uuid"}}],"responses":{"200":{"description":"Company deleted"},"400":{"description":"error","content":{"application/json":{"schema":{"$ref":"#/components/schemas/Error"}}}},"401":{"description":"Access Token expired"},"403":{"description":"Client is not allowed"},"404":{"description":"Not Found"},"409":{"description":"Company not deleted. Is in use"}},"security":[{"ninja_auth":["https://api.abasky.net/auth/abaninja.address"]}]},"patch":{"summary":"Single company update","description":"Updates single company","parameters":[{"name":"account_uuid","in":"path","required":true,"style":"simple","explode":false,"schema":{"type":"string","format":"uuid"}},{"name":"company_uuid","in":"path","description":"The id of the address","required":true,"style":"simple","explode":false,"schema":{"type":"string","format":"uuid"}}],"requestBody":{"description":"Addressfields to update","content":{"application/json":{"schema":{"$ref":"#/components/schemas/Company"}}}},"responses":{"200":{"description":"Address updated"},"400":{"description":"error","content":{"application/json":{"schema":{"$ref":"#/components/schemas/Error"}}}},"401":{"description":"Access Token expired"},"403":{"description":"Client is not allowed"},"404":{"description":"Not Found"}},"security":[{"ninja_auth":["https://api.abasky.net/auth/abaninja.address"]}]}},"/accounts/{account_uuid}/addresses/persons":{"get":{"summary":"Get a list of person addresses for given account","description":"This return a list of available company addresses for the given account","parameters":[{"name":"account_uuid","in":"path","required":true,"style":"simple","explode":false,"schema":{"type":"string","format":"uuid"}},{"name":"page","in":"query","required":false,"style":"form","explode":true,"schema":{"type":"integer","format":"int64"}},{"name":"limit","in":"query","required":false,"style":"form","explode":true,"schema":{"type":"integer","format":"int64"}},{"name":"tags","in":"query","required":false,"style":"form","explode":true,"schema":{"type":"string"}}],"responses":{"200":{"description":"List of Addresses","content":{"application/json":{"schema":{"$ref":"#/components/schemas/PersonList"}}}},"400":{"description":"error","content":{"application/json":{"schema":{"$ref":"#/components/schemas/Error"}}}},"401":{"description":"Access Token expired"},"403":{"description":"Client is not allowed"},"404":{"description":"Not Found"}},"security":[{"ninja_auth":["https://api.abasky.net/auth/abaninja.address"]}]}},"/accounts/{account_uuid}/addresses/persons/{person_uuid}":{"get":{"summary":"Single person access","description":"Returns data for one company only","parameters":[{"name":"account_uuid","in":"path","required":true,"style":"simple","explode":false,"schema":{"type":"string","format":"uuid"}},{"name":"person_uuid","in":"path","description":"The id of the address","required":true,"style":"simple","explode":false,"schema":{"type":"string","format":"uuid"}}],"responses":{"200":{"description":"Requested address","content":{"application/json":{"schema":{"type":"object","properties":{"data":{"$ref":"#/components/schemas/Person"}}}}}},"400":{"description":"error","content":{"application/json":{"schema":{"$ref":"#/components/schemas/Error"}}}},"401":{"description":"Access Token expired"},"403":{"description":"Client is not allowed"},"404":{"description":"Not Found"}},"security":[{"ninja_auth":["https://api.abasky.net/auth/abaninja.address"]}]},"delete":{"summary":"Delete person","parameters":[{"name":"account_uuid","in":"path","required":true,"style":"simple","explode":false,"schema":{"type":"string","format":"uuid"}},{"name":"person_uuid","in":"path","description":"The id of the address","required":true,"style":"simple","explode":false,"schema":{"type":"string","format":"uuid"}}],"responses":{"200":{"description":"Person deleted"},"400":{"description":"error","content":{"application/json":{"schema":{"$ref":"#/components/schemas/Error"}}}},"401":{"description":"Access Token expired"},"403":{"description":"Client is not allowed"},"404":{"description":"Not Found"},"409":{"description":"Person not deleted. Is in use"}},"security":[{"ninja_auth":["https://api.abasky.net/auth/abaninja.address"]}]},"patch":{"summary":"Single person update","description":"Updates single person","parameters":[{"name":"account_uuid","in":"path","required":true,"style":"simple","explode":false,"schema":{"type":"string","format":"uuid"}},{"name":"person_uuid","in":"path","description":"The id of the address","required":true,"style":"simple","explode":false,"schema":{"type":"string","format":"uuid"}}],"requestBody":{"description":"Addressfields to update","content":{"application/json":{"schema":{"$ref":"#/components/schemas/Person"}}}},"responses":{"200":{"description":"Address updated"},"400":{"description":"error","content":{"application/json":{"schema":{"$ref":"#/components/schemas/Error"}}}},"401":{"description":"Access Token expired"},"403":{"description":"Client is not allowed"},"404":{"description":"Not Found"}},"security":[{"ninja_auth":["https://api.abasky.net/auth/abaninja.address"]}]}},"/accounts/{account_uuid}/addresses/":{"post":{"summary":"Create new address for given account","description":"Creating a new address in AbaNinja","parameters":[{"name":"account_uuid","in":"path","required":true,"style":"simple","explode":false,"schema":{"type":"string","format":"uuid"}},{"name":"force","in":"query","description":"Force saving of Address. Even when duplicates were found. Default: false\n","required":false,"style":"form","explode":true,"schema":{"type":"boolean"}}],"requestBody":{"description":"New Address","content":{"application/json":{"schema":{"oneOf":[{"$ref":"#/components/schemas/CompanyBody"},{"$ref":"#/components/schemas/PersonBody"}]}}},"required":true},"responses":{"201":{"description":"Address created","content":{"application/json":{"schema":{"oneOf":[{"$ref":"#/components/schemas/Company"},{"$ref":"#/components/schemas/Person"}]}}}},"400":{"description":"error","content":{"application/json":{"schema":{"$ref":"#/components/schemas/Error"}}}},"401":{"description":"Access Token expired"},"403":{"description":"Client is not allowed"},"404":{"description":"Not Found"},"409":{"description":"Address duplicates found","content":{"application/json":{"schema":{"type":"array","items":{"oneOf":[{"$ref":"#/components/schemas/Person"},{"$ref":"#/components/schemas/Company"}]}}}}}},"security":[{"ninja_auth":["https://api.abasky.net/auth/abaninja.address"]}]}}},"components":{"schemas":{"Error":{"required":["error"],"type":"object","properties":{"error":{"type":"string","description":"A single ASCII error code\n"},"error_description":{"type":"string","description":"Human-readable ASCII text providing\nadditional information, used to assist the client developer in\nunderstanding the error that occurred.\n"}}},"Company":{"required":["name","type","uuid"],"type":"object","properties":{"type":{"type":"string","enum":["company"]},"uuid":{"type":"string","format":"uuid"},"customer_number":{"type":"string"},"name":{"type":"string"},"id_number":{"type":"string"},"vat_number":{"type":"string"},"currency_code":{"type":"string"},"language":{"type":"string"},"contact_persons":{"type":"array","items":{"$ref":"#/components/schemas/ContactPerson"}},"tags":{"type":"array","items":{"type":"string"}},"contacts":{"type":"array","items":{"$ref":"#/components/schemas/Contact"}},"addresses":{"type":"array","items":{"$ref":"#/components/schemas/Address"}}}},"ContactPerson":{"type":"object","properties":{"uuid":{"type":"string","format":"uuid"},"first_name":{"type":"string"},"last_name":{"type":"string"},"salutation":{"type":"string","enum":["Mr","Ms","Family"]},"contacts":{"type":"array","items":{"$ref":"#/components/schemas/Contact"}}}},"Person":{"required":["first_name","last_name","type","uuid"],"type":"object","properties":{"type":{"type":"string","enum":["person"]},"uuid":{"type":"string","format":"uuid"},"first_name":{"type":"string"},"last_name":{"type":"string"},"salutation":{"type":"string","enum":["Mr","Ms","Family"]},"currency_code":{"type":"string"},"language":{"type":"string"},"contacts":{"type":"array","items":{"$ref":"#/components/schemas/Contact"}},"tags":{"type":"array","items":{"type":"string"}},"addresses":{"type":"array","items":{"$ref":"#/components/schemas/Address"}}}},"Address":{"required":["uuid"],"type":"object","properties":{"uuid":{"type":"string","format":"uuid"},"address":{"type":"string"},"street_number":{"type":"string"},"extension":{"type":"string"},"additional_field":{"type":"string"},"city":{"type":"string"},"zip_code":{"type":"string"},"country_code":{"type":"string"}}},"CompanyBody":{"required":["name","type"],"type":"object","properties":{"type":{"type":"string","enum":["company"]},"customer_number":{"type":"string"},"name":{"type":"string"},"id_number":{"type":"string"},"vat_number":{"type":"string"},"currency_code":{"type":"string"},"language":{"type":"string"},"contacts":{"type":"array","items":{"$ref":"#/components/schemas/Contact"}},"tags":{"type":"array","items":{"type":"string"}},"contact_persons":{"type":"array","items":{"$ref":"#/components/schemas/ContactPersonBody"}},"addresses":{"type":"array","items":{"$ref":"#/components/schemas/AddressBody"}}}},"ContactPersonBody":{"required":["first_name","last_name"],"properties":{"first_name":{"type":"string"},"last_name":{"type":"string"},"salutation":{"type":"string","enum":["Mr","Ms","Family"]},"contacts":{"type":"array","items":{"$ref":"#/components/schemas/Contact"}}}},"PersonBody":{"required":["first_name","last_name","type"],"type":"object","properties":{"type":{"type":"string","enum":["person"]},"first_name":{"type":"string"},"last_name":{"type":"string"},"salutation":{"type":"string","enum":["Mr","Ms","Family"]},"currency_code":{"type":"string"},"language":{"type":"string"},"tags":{"type":"array","items":{"type":"string"}},"contacts":{"type":"array","items":{"$ref":"#/components/schemas/Contact"}},"addresses":{"type":"array","items":{"$ref":"#/components/schemas/AddressBody"}}}},"AddressBody":{"type":"object","properties":{"address":{"type":"string"},"street_number":{"type":"string"},"extension":{"type":"string"},"additional_field":{"type":"string"},"city":{"type":"string"},"zip_code":{"type":"string"},"country_code":{"type":"string"}}},"Contact":{"required":["is_primary","type","value"],"type":"object","properties":{"type":{"type":"string","enum":["email","phone","mobile","fax","website","pager","skype","twitter"]},"value":{"type":"string"},"is_primary":{"type":"boolean"}}},"CompanyList":{"type":"object","properties":{"data":{"type":"array","items":{"$ref":"#/components/schemas/Company"}},"links":{"type":"object","properties":{"first":{"type":"string"},"last":{"type":"string"},"prev":{"type":"string"},"next":{"type":"string"}}},"meta":{"type":"object","properties":{"current_page":{"type":"integer","format":"int64"},"from":{"type":"integer","format":"int64"},"last_page":{"type":"integer","format":"int64"},"path":{"type":"string","format":"url"},"per_page":{"type":"integer","format":"int64"},"to":{"type":"integer","format":"int64"},"total":{"type":"integer","format":"int64"}}}}},"PersonList":{"type":"object","properties":{"data":{"type":"array","items":{"$ref":"#/components/schemas/Person"}},"links":{"type":"object","properties":{"first":{"type":"string"},"last":{"type":"string"},"prev":{"type":"string"},"next":{"type":"string"}}},"meta":{"type":"object","properties":{"current_page":{"type":"integer","format":"int64"},"from":{"type":"integer","format":"int64"},"last_page":{"type":"integer","format":"int64"},"path":{"type":"string","format":"url"},"per_page":{"type":"integer","format":"int64"},"to":{"type":"integer","format":"int64"},"total":{"type":"integer","format":"int64"}}}}}},"responses":{"400":{"description":"error","content":{"application/json":{"schema":{"$ref":"#/components/schemas/Error"}}}},"401":{"description":"Access Token expired"},"403":{"description":"Client is not allowed"},"404":{"description":"Not Found"}},"securitySchemes":{"ninja_auth":{"type":"oauth2","flows":{"authorizationCode":{"authorizationUrl":"https://auth-dev.abasky.net/auth/realms/abasky/protocol/openid-connect/auth","tokenUrl":"https://auth-dev.abasky.net/auth/realms/abasky/protocol/openid-connect/token","scopes":{"https://api.abasky.net/auth/abaninja.address":"Scope for accessing address api"}}}}}}}