{"openapi":"3.0.0","info":{"title":"woker manager api","description":"logic-engine-coordinator worker manager api","contact":{"email":"you@your-company.com"},"license":{"name":"Apache 2.0","url":"http://www.apache.org/licenses/LICENSE-2.0.html"},"version":"1.0.0"},"servers":[{"url":"https://virtserver.swaggerhub.com/LSDXXX/coordinator/1.0.0","description":"SwaggerHub API Auto Mocking"}],"tags":[{"name":"workermannager"},{"name":"tenantmannager"}],"paths":{"/admin/worker/listWorkerGroups":{"get":{"tags":["workermannager"],"summary":"list worker groups","description":"list worker groups","operationId":"listWorkerGroups","responses":{"200":{"description":"list results of worker groups","content":{"application/json":{"schema":{"$ref":"#/components/schemas/ListWorkerGroupRes"}}}}}}},"/admin/worker/getWorkerGroup":{"get":{"tags":["workermannager"],"summary":"get worker group","description":"get worker group by id","operationId":"getWorkerGroup","parameters":[{"name":"groupId","in":"query","required":true,"style":"form","explode":true,"schema":{"type":"integer","format":"int"}}],"responses":{"200":{"description":"result of worker group match id","content":{"application/json":{"schema":{"$ref":"#/components/schemas/GetWorkerGroupRes"}}}}}}},"/admin/worker/getWorker":{"get":{"tags":["workermannager"],"summary":"get worker","description":"get worker by id","operationId":"getWorker","parameters":[{"name":"workerId","in":"query","required":true,"style":"form","explode":true,"schema":{"type":"string"}}],"responses":{"200":{"description":"result of worker info match id","content":{"application/json":{"schema":{"$ref":"#/components/schemas/GetWorkerRes"}}}}}}},"/admin/worker/listWorkers":{"get":{"summary":"list workers","description":"list all workers","operationId":"listWorkers","responses":{"200":{"description":"result of list worker info","content":{"application/json":{"schema":{"$ref":"#/components/schemas/ListWorkersRes"}}}}}}},"/admin/worker/addWorkerGroup":{"post":{"tags":["workermannager"],"summary":"add worker group","description":"add worker group","operationId":"addWorkerGroup","requestBody":{"content":{"application/json":{"schema":{"$ref":"#/components/schemas/WorkerGroup"}}},"required":true},"responses":{"200":{"description":"add worker group result","content":{"application/json":{"schema":{"$ref":"#/components/schemas/Response"}}}}}}},"/admin/worker/removeWorkerGroup":{"post":{"tags":["workermannager"],"summary":"remove worker group","operationId":"removeWorkerGroup","parameters":[{"name":"groupId","in":"query","required":true,"style":"form","explode":true,"schema":{"type":"string"}}],"responses":{"200":{"description":"remove worker group","content":{"application/json":{"schema":{"$ref":"#/components/schemas/Response"}}}}}}},"/admin/worker/updateWorkerGroup":{"post":{"tags":["workermannager"],"summary":"update worker group","operationId":"updateWorkerGroup","requestBody":{"content":{"application/json":{"schema":{"$ref":"#/components/schemas/WorkerGroup"}}},"required":true},"responses":{"200":{"description":"remove worker group","content":{"application/json":{"schema":{"$ref":"#/components/schemas/Response"}}}}}}},"/admin/worker/listRunningFlows":{"get":{"tags":["workermannager"],"summary":"list flows","description":"list all running flows","operationId":"listRunningFlows","responses":{"200":{"description":"result of list running flow info","content":{"application/json":{"schema":{"$ref":"#/components/schemas/ListFlowInfoRes"}}}}}}},"/admin/tenant/listTenants":{"get":{"tags":["tenantmannager"],"summary":"list tenants","description":"list all tenants","operationId":"listTenants","responses":{"200":{"description":"result of list tenants","content":{"application/json":{"schema":{"$ref":"#/components/schemas/ListTenantsRes"}}}}}}}},"components":{"schemas":{"Response":{"required":["code","message"],"type":"object","properties":{"code":{"type":"integer","description":"result code","format":"int32"},"message":{"type":"string","description":"response message"}}},"ListWorkerGroupRes":{"allOf":[{"$ref":"#/components/schemas/Response"},{"required":["data"],"properties":{"data":{"type":"array","items":{"$ref":"#/components/schemas/WorkerGroup"}}}}]},"GetWorkerGroupRes":{"allOf":[{"$ref":"#/components/schemas/Response"},{"required":["data"],"properties":{"data":{"$ref":"#/components/schemas/WorkerGroup"}}}]},"WorkerGroup":{"required":["description","id","name","num_workers_desired"],"type":"object","properties":{"id":{"type":"integer","format":"int64"},"num_workers_desired":{"type":"integer","format":"int"},"name":{"type":"string"},"description":{"type":"string"}}},"WorkerInfo":{"required":["groupId","grpcAddr","workerHost","workerId","workerName"],"type":"object","properties":{"workerId":{"type":"string"},"groupId":{"type":"string"},"workerName":{"type":"string"},"workerHost":{"type":"string"},"grpcAddr":{"type":"string"}}},"GetWorkerRes":{"allOf":[{"$ref":"#/components/schemas/Response"},{"required":["data"],"properties":{"data":{"$ref":"#/components/schemas/WorkerInfo"}}}]},"ListWorkersRes":{"allOf":[{"$ref":"#/components/schemas/Response"},{"required":["data"],"properties":{"data":{"type":"array","items":{"$ref":"#/components/schemas/WorkerInfo"}}}}]},"FlowInfo":{"required":["deployTimestamps","id","name","projectId","version"],"type":"object","properties":{"id":{"type":"string","default":""},"projectId":{"type":"integer","format":"int"},"version":{"type":"integer","format":"int"},"name":{"type":"string"},"deployTimestamps":{"type":"integer","format":"int64"}}},"ListFlowInfoRes":{"allOf":[{"$ref":"#/components/schemas/Response"},{"required":["data"],"properties":{"data":{"type":"array","items":{"$ref":"#/components/schemas/FlowInfo"}}}}]},"Tenant":{"required":["description","id","name","projectId"],"type":"object","properties":{"id":{"type":"integer","format":"int"},"projectId":{"type":"integer","format":"int"},"name":{"type":"string"},"description":{"type":"string"}}},"ListTenantsRes":{"allOf":[{"$ref":"#/components/schemas/Response"},{"required":["data"],"properties":{"data":{"type":"array","items":{"$ref":"#/components/schemas/Tenant"}}}}]}}}}