{"openapi":"3.0.0","info":{"title":"Sample Access Code Flow OAuth2 Project","description":"This is an example of using OAuth2 Access Code Flow in a specification to describe security to your API.","version":"1.0.0"},"servers":[{"url":"https://virtserver.swaggerhub.com/LucasMartinsPereira/AlterSolutions2/1.0.0","description":"SwaggerHub API Auto Mocking"}],"security":[{"accessCode":["read","write"]}],"paths":{"/example":{"get":{"summary":"Server example operation","description":"This is an example operation to show how security is applied to the call.","responses":{"200":{"description":"OK"}}}},"/ping":{"get":{"summary":"Server heartbeat operation","description":"This operation shows how to override the global security defined above, as we want to open it up for all users.","responses":{"200":{"description":"OK"}},"security":[]}}},"components":{"schemas":{},"securitySchemes":{"accessCode":{"type":"oauth2","flows":{"authorizationCode":{"authorizationUrl":"http://example.com/oauth/auth","tokenUrl":"http://example.com/oauth/token","scopes":{"write":"allows modifying resources","read":"allows reading resources"}}}}}}}