{"openapi":"3.0.0","info":{"title":"DVAL Server API","description":"This is an API that allows the KSP Orchestrator to request structured product and underlying prices from the LUKB ZKT valuation server","contact":{"email":"markus.trahe@lukb.com"},"version":"0.7.1"},"servers":[{"url":"https://virtserver.swaggerhub.com/LUKB_OTC/ValuationServer/0.7.0","description":"SwaggerHub API Auto Mocking"}],"paths":{"/reports/order-execution-report":{"get":{"tags":["Reports"],"description":"Generates order execution report in html format for today","parameters":[{"name":"fromDate","in":"query","description":"By entering the fromDate the report will be generated from fromDate till today.","required":false,"style":"form","explode":true,"schema":{"type":"string","format":"date","example":"2022-01-10"}}],"responses":{"200":{"description":"Returns the report in the Html format"},"400":{"description":"Bad Request"},"401":{"description":"Unauthorized"},"500":{"description":"Internal server error","content":{"application/json":{"schema":{"type":"string"}}}}}}},"/book-otc-hedge/{orderId}":{"get":{"tags":["Book hedge"],"parameters":[{"name":"orderId","in":"path","description":"The order ID.","required":true,"style":"simple","explode":false,"schema":{"type":"string"}}],"responses":{"200":{"description":"Ok"},"500":{"description":"internal server error","content":{"application/json":{"schema":{"type":"string"}}}}}}},"/evaluate-instrument":{"post":{"tags":["Valuation request"],"description":"get the price of a structured product","requestBody":{"description":"The JSON contains all parameters needed for the calculation including the margins for correct solving, but excluding the market conditions","content":{"application/json":{"schema":{"$ref":"#/components/schemas/ValuationRequest"}}}},"responses":{"200":{"description":"valuation calculated","content":{"application/json":{"schema":{"$ref":"#/components/schemas/ValuationResult"}}}},"406":{"description":"market status","content":{"application/json":{"schema":{"$ref":"#/components/schemas/MarketStatus"}}}},"500":{"description":"internal server error","content":{"application/json":{"schema":{"$ref":"#/components/schemas/ErrorResponse"}}}}}}},"/execute-hedge-order":{"post":{"tags":["Execution request for hedge order"],"description":"trigger the external hedge OTC trade for the structured product","requestBody":{"description":"The JSON contains all parameters needed to trigger the external hedge of the product via the Valuation server","content":{"application/json":{"schema":{"$ref":"#/components/schemas/HedgeExecutionRequest"}}}},"responses":{"200":{"description":"get Rejected or Acknowledged response","content":{"application/json":{"schema":{"$ref":"#/components/schemas/HedgeExecutionResult"}}}},"500":{"description":"internal server error","content":{"application/json":{"schema":{"$ref":"#/components/schemas/ErrorResponse"}}}}}}},"/citi/fix/ExecutionReport":{"post":{"tags":["Execution report"],"description":"execution report from single order","requestBody":{"description":"order body","content":{"application/json":{"schema":{"$ref":"#/components/schemas/ExecutionReport"}}}},"responses":{"200":{"description":"confirmation that execution report was (un-))successfully processed","content":{"application/json":{"schema":{"oneOf":[{"$ref":"#/components/schemas/ExecutionStatus"}]}}}}}}},"/market-data":{"post":{"tags":["Request market prices"],"description":"get a list of market quotes e.g. Equity Prices, FX rates or interest rates; For the risk free rate a symbol like IR.CCY-(EUR)LIBOR-TENOR.yyyy-mm-dd.IPT should be used and the redemption date should be used for the date e.g. IR.CHF-LIBOR-6M.2019-12-06.IPT or IR.EUR-EURIBOR-6M.2019-12-06.IPT or IR.USD-LIBOR-3M.2019-12-06.IPT; for equity quote tickers e.g EQ.CHF-SE-GALE.SPOT.MID or EQ.EUR-GY-FRE.SPOT.MID or EQ.USD-UB-GE.SPOT.MID","requestBody":{"description":"The JSON contains a list of market symbols and fields","content":{"application/json":{"schema":{"$ref":"#/components/schemas/MarketPriceRequests"}}}},"responses":{"200":{"description":"market prices","content":{"application/json":{"schema":{"$ref":"#/components/schemas/MarketPrices"}}}},"500":{"description":"internal server error","content":{"application/json":{"schema":{"$ref":"#/components/schemas/ErrorResponse"}}}}}}},"/scenario-report":{"post":{"tags":["Correlation Report"],"description":"Calculates correlation scenario report and saves the result file on the server","requestBody":{"description":"The JSON contains the correlation scenario report calculation request","content":{"application/json":{"schema":{"$ref":"#/components/schemas/CorrelationScenarioReportRequest"}}}},"responses":{"200":{"description":"Ok","content":{"application/json":{"schema":{"type":"string","example":""}}}},"500":{"description":"internal server error","content":{"application/json":{"schema":{"type":"string","description":"Error message"}}}}}}},"/crossgamma-report":{"post":{"tags":["Cross Gamma Report"],"description":"Calculates cross gamma report and saves the result file on the server","requestBody":{"description":"The JSON contains the cross gamma report calculation request","content":{"application/json":{"schema":{"$ref":"#/components/schemas/CrossGammaReportRequest"}}}},"responses":{"200":{"description":"Ok","content":{"application/json":{"schema":{"type":"string","example":""}}}},"500":{"description":"internal server error","content":{"application/json":{"schema":{"type":"string","description":"Error message"}}}}}}}},"components":{"schemas":{"ErrorResponse":{"type":"object","properties":{"ClassName":{"type":"string","description":"exception class name","example":"System.Exception"},"Message":{"type":"string","example":"CAS request submission failed: CAS:2700:No Valid Market Found Error:The calculate request had no valid markets"},"Data":{"type":"string","example":""},"InnerException":{"type":"string","example":""},"HelpURL":{"type":"string","example":""},"StackTraceString":{"type":"string","description":"The error message.","example":"bei DvalCAS.CrossAssetServer.submitCalcRequests(calculateRequest[] calcRequests) in C:\\Users\\LU15159\\FinancialModelingLocal\\valuation-service-solutions\\Dval\\DvalCAS\\DvalCAS.cs:Zeile 253.   bei DvalCAS.CrossAssetServer.calculate(Request rq) in C:\\Users\\LU15159\\FinancialModelingLocal\\valuation-service-solutions\\Dval\\DvalCAS\\DvalCAS.cs:Zeile 355.   bei DvalOrchestrator.Calculator.calculate(Instrument[] trades, Request rq, Market[] markets, Dictionary`2 extTradeIdMap) in C:\\Users\\LU15159\\FinancialModelingLocal\\valuation-service-solutions\\Dval\\DvalOrchestrator\\Calculate.cs:Zeile 87.   bei DvalOrchestrator.Orchestrator.calculateExplicit(String sExternalRequest) in C:\\Users\\LU15159\\FinancialModelingLocal\\valuation-service-solutions\\Dval\\DvalOrchestrator\\DvalOrchestrator.cs:Zeile 20.   bei DvalPricingServices.Controllers.EvaluateController.Post(HttpRequestMessage request)"},"RemoteStackTraceString":{"type":"string","example":""},"RemoteStackIndex":{"type":"integer","example":0},"ExceptionMethod":{"type":"string","example":"8 submitCalcRequests DvalCAS, Version=1.0.0.0, Culture=neutral, PublicKeyToken=null DvalCAS.CrossAssetServer CAS.taskInfo[] submitCalcRequests(CAS.calculateRequest[])"},"HResult":{"type":"string","description":"result handle","example":"-2146233088"},"Source":{"type":"string","example":"DvalCAS"},"WatsonBuckets":{"type":"string","example":""}}},"MarketPriceRequests":{"properties":{"hedgeQuoteId":{"type":"string","description":"unique quote REQUEST id generated by LUKB","example":"324458"},"tickers":{"type":"array","items":{"$ref":"#/components/schemas/MarketPriceTicker"}}}},"MarketPrices":{"properties":{"hedgeQuoteId":{"type":"string","description":"unique quote REQUEST id generated by LUKB","example":"324458"},"prices":{"type":"array","example":[{"Key":"EQ.CHF-SE-ABBN.SPOT.MID","Value":21.63},{"Key":"IR.EUR-EURIBOR-6M.2019-12-06.IPT","Value":-0.003659999999999936},{"Key":"IR.USD-LIBOR-3M.2019-12-06.IPT","Value":0.017239999999999946}],"items":{"$ref":"#/components/schemas/MarketPrice"}}}},"MarketStatus":{"properties":{"statusText":{"type":"string","description":"Description of the market status that prevents a complete quote delivery","example":"Underlying EQ.CHF-SE-SOON.SPOT market status rejected: Opening Delay"}}},"ValuationRequest":{"type":"object","properties":{"request":{"$ref":"#/components/schemas/ValuationRequestParameters"},"instruments":{"type":"array","items":{"$ref":"#/components/schemas/ValuationRequestInstrument"}}}},"CorrelationScenarioReportRequest":{"type":"object","properties":{"request":{"$ref":"#/components/schemas/CorrelationScenarioReportRequestParameters"},"tradefilter":{"$ref":"#/components/schemas/TradeFilter"}}},"CrossGammaReportRequest":{"type":"object","properties":{"request":{"$ref":"#/components/schemas/CrossGammaReportRequestParameters"},"tradefilter":{"$ref":"#/components/schemas/TradeFilter"}}},"ValuationRequestInstrument":{"title":"Structured Product","type":"object","properties":{"brokerId":{"type":"string","description":"the unique id of the broker, which has requested the product","example":"deritrade","enum":["deritrade","evooq"]},"insId":{"type":"integer","example":231},"productType":{"type":"string","example":"BRCAutocallCC"},"ref":{"type":"string","description":"probably not filled by the KO, because this is expected to be an internal field from Solvians; to be confirmed by Solvians","example":"BRC-CHF-CH0338736470"},"objectType":{"type":"string","example":"SECURITY"},"stateCode":{"type":"string","example":"Active"},"tradeInfo":{"type":"string","description":"this field is only used for Solvians and is added to the valuation server OpenAPI only to reserve the field name","example":""},"instrumentMargin":{"type":"number","description":"The total additional margin per product, which should be included in the solver process. This should include the deritrade fee, the distrubution fee as request by the deritrade cilent and the LUKB sales margin. 0.004 means to add 0.4%. ","example":0.004},"data":{"$ref":"#/components/schemas/Instrument"}},"description":"a structured product with all parameters"},"ValuationRequestParameters":{"type":"object","properties":{"calcEngine":{"type":"integer","description":"e.g. to direct the quote request to a server that is not busy for a while with the PnL reporting","example":0},"context":{"type":"string","description":"enum to select the market environment; DeriTrade for the deritrade project, InitialMarginCHF for the Initial Margin project and the calculation currency CHF, InitialMarginCHF for USD and the same for EUR, JPY and GBP","example":"DeriTrade"},"valDate":{"type":"string","description":"Date for the valuation in CET, usually current date","format":"date-time","example":"2018-03-20T09:12:28Z"},"nbMcSamples":{"type":"integer","example":100},"nbTimeSteps":{"type":"integer","example":100},"seed":{"type":"integer","example":0},"processorName":{"type":"string","description":"specifies the compu core pool to which request is sent","example":"adhoc"},"nbJobs":{"type":"integer","example":-1},"taskSize":{"type":"integer","example":1000},"calcAsync":{"type":"boolean","example":true},"distribute":{"type":"integer","example":5},"useCasTemplates":{"type":"boolean","example":false},"calcPv":{"type":"boolean","example":false},"calcBifuDerivPv":{"type":"boolean","example":false},"calcBifuFundPv":{"type":"boolean","example":false},"calcBifuParBondPv":{"type":"boolean","example":false},"calcCouponLeg":{"type":"boolean","example":false},"calcFloatLeg":{"type":"boolean","example":false},"calcDownInOpt":{"type":"boolean","example":false},"calcSensitivities":{"type":"boolean","example":false},"calcTheta":{"type":"boolean","example":false},"calcDiscountRho":{"type":"boolean","description":"to request the value PV of the product in market currency if the risk free rate of the product currency changes by one percent","example":false},"calcBucketDiscountRho":{"type":"boolean","example":false},"discountRhoBuckets":{"type":"array","items":{"type":"string","example":"[6M,1Y]"}},"calcDiva":{"type":"boolean","example":false},"calcDelta":{"type":"boolean","description":"to request the delta per underlying","example":false},"calcGamma":{"type":"boolean","description":"to request the gamma per underlying","example":false},"calcVega":{"type":"boolean","description":"to request the vega per underlying","example":false},"calcBucketVega":{"type":"boolean","example":false},"vegaBuckets":{"type":"array","items":{"type":"string","example":"[6M,1Y]"}},"calcFxDelta":{"type":"boolean","description":"to request the value PV of the product in market currency if the FX rate of the related currency changes by one percent","example":false},"fxDeltaBuckets":{"type":"array","items":{"type":"string","example":"[6M,1Y]"}},"fxDeltaCurrencies":{"type":"string","description":"all related currencies that should be included in the result object; any FX risk that is related to a currency, that is not included in this list, should be added to the first currency","example":"USD,EUR"},"calcFxVega":{"type":"boolean","description":"to request the value PV of the product in market currency if the implied volatility of the FX rate of the related currency changes by one point","example":false},"fxVegaBuckets":{"type":"array","items":{"type":"string","example":"[6M,1Y]"}},"fxVegaCurrencies":{"type":"string","description":"all related currencies that should be included in the result object; any FX risk that is related to a currency, that is not included in this list, should be added to the first currency","example":"USD,EUR"},"calcFastGreeks":{"type":"boolean","description":"to request the delta per underlying based on an analytic model for a quick estimate","example":false},"calcCallProbs":{"type":"boolean","example":false},"calcBhp":{"type":"boolean","example":false},"calibDetails":{"type":"integer","example":0},"calcAuxResult":{"type":"integer","description":"Solve for ... 1 = risk only, 1 = coupon, 2 = barrier, 3 = strike, 4 = coupon of softcall","example":1},"instrumentMargin":{"type":"number","description":"DEPRECATED! Moved to ValuationRequestInstrument","example":0.004}}},"CorrelationScenarioReportRequestParameters":{"type":"object","properties":{"calcCorrelation":{"type":"boolean","description":"Should always be true","example":true},"correlationShock":{"type":"number","description":"Shift size","example":0.1},"correlationShockMethod":{"type":"string","description":"Absolute only is supported","example":"Absolute"},"valDate":{"type":"string","description":"Valuation date for which the report needs to be created","format":"date","example":"2022-03-10"}}},"CrossGammaReportRequestParameters":{"type":"object","properties":{"calcCrossGamma":{"type":"boolean","description":"Should always be true","example":true},"valDate":{"type":"string","description":"Valuation date for which the report needs to be created","format":"date","example":"2022-03-10"}}},"TradeFilter":{"type":"object","properties":{"instrumentTypes":{"type":"array","description":"Array of instrument types","example":["RC"],"items":{"type":"string"}},"avaloqIds":{"type":"array","description":"Array of avaloq Ids","example":[],"items":{"type":"string"}}}},"ValuationResult":{"type":"object","properties":{"results":{"type":"array","items":{"$ref":"#/components/schemas/ValuationResultInstrument"}}}},"ValuationResultInstrument":{"type":"object","properties":{"request":{"$ref":"#/components/schemas/ValuationRequestParameters"},"calcAuxResult":{"type":"integer","description":"0 = only risk values, 1 = fair coupon / coupon factor (for all non softcall coupon instruments), 2 = fair barrier, 3 = fair strike, 4 = fair coupon (for all coupon instruments, but slower than 1 and due to that not useful for softcall)","example":1},"underlyingNames":{"type":"array","description":"array of sec symbols","items":{"type":"string","example":"[EQ.CHF-SE-ABBN.SPOT, EQ.USD-UB-ABBV.SPOT, EQ.EUR-GY-ADS.SPOT]"}},"tradeId":{"type":"string","nullable":true},"insType":{"type":"string","example":"12"},"tradeName":{"type":"string","nullable":true},"tradeParentRef":{"type":"string","nullable":true},"position":{"type":"number","description":"for deritrade the requested notional amount of the trade as requested by the client for initial margin the nominal amount of each unit, so tha smallest tradeable amount","example":1E+6},"sellerId":{"type":"string","description":"unique id of the seller","nullable":true,"example":"LUKB","enum":["LUKB","CITI"]},"hedgeQuoteId":{"type":"string","description":"unique quote REQUEST id generated by LUKB","example":"324458"},"hedgeType":{"type":"string","description":"type of hedge","example":"OTC","enum":["OTC","Delta"]},"marketId":{"type":"string","description":"id of used market - last 4 digits are hhmm CET","nullable":true,"example":"4921042"},"currency":{"type":"string","nullable":true},"maturity":{"type":"string","example":"0001-01-01T00:00:00"},"time":{"type":"string","example":"0.0"},"pv":{"type":"object","properties":{"PV":{"type":"number","description":"The fair value in nominal of the product excluding distribution and platform fee (upfront fee)","example":77885.119541419},"TRSPV":{"type":"number","description":"???","example":11063.537163077399},"FUNDINGCOMPONENTPV":{"type":"number","description":"The fair value in nominal of the bond part: pv von (barrier) option bei (B)RC und ProtectionParticipation sowie pv von TRS bei BRCAutocall, BRCSoftcall, BRCAutocallCC; to get the bifuFundPv price divide this value by the instrument.issueCapitalisation of the ValuationRequestInstrument","example":88948.65670449942},"PARBOND":{"type":"number","description":"special funding desk construct bei (B)RC - not relevant for deritrade","example":80740.14792887395}},"description":""},"bifuDerivPv":{"type":"number","description":"The fair value in nominal of the option part: pv von (barrier) option bei (B)RC und ProtectionParticipation sowie pv von TRS bei BRCAutocall, BRCSoftcall, BRCAutocallCC","example":11270.363345388905},"couponLeg":{"type":"number","description":"the product yield pa. incl offset","example":11369.183999585926},"floatLeg":{"type":"number","description":"supposed to represent the risk free rate in nominal","example":-1320.6905999587354},"zeroBond":{"type":"number","description":"???","example":731499.0703790535},"downInOpt":{"type":"number","description":"???","example":23960.237944933568},"theta":{"type":"number","example":0},"discountRho":{"type":"number","example":0},"bucketDiscountRho":{"type":"string","nullable":true},"diva":{"type":"number","example":0},"delta":{"$ref":"#/components/schemas/GreekValues"},"deltaStock":{"$ref":"#/components/schemas/GreekValues"},"gamma":{"$ref":"#/components/schemas/GreekValues"},"gammaStock":{"$ref":"#/components/schemas/GreekValues"},"vega":{"$ref":"#/components/schemas/GreekValues"},"vegaStock":{"$ref":"#/components/schemas/GreekValues"},"fxDelta":{"$ref":"#/components/schemas/GreekValues"},"fxVega":{"$ref":"#/components/schemas/GreekValues"},"irDelta":{"$ref":"#/components/schemas/GreekValues"},"bucketVega":{"type":"number","nullable":true},"callProbs":{"type":"number","nullable":true},"bhp":{"type":"number","example":0},"calibAccuracyTotal":{"type":"number","nullable":true},"auxResult":{"$ref":"#/components/schemas/AuxResult"},"rfUnderlyings":{"type":"array","nullable":true,"example":[{"Item1":"ABBN","Item2":"CHF","Item3":"SE"},{"Item1":"ABBV","Item2":"USD","Item3":"UB"}],"items":{"$ref":"#/components/schemas/RfUnderlyings"}},"fxRfUnderlyings":{"type":"array","nullable":true,"example":[{"isoSymbol":"USD"},{"isoSymbol":"EUR"}],"items":{"$ref":"#/components/schemas/fxRfUnderlyings"}},"exceptions":{"type":"string","description":"the CAS error message","nullable":true}}},"HedgeExecutionRequest":{"type":"object","properties":{"securityRef":{"type":"string","description":"just for complete logging: the numeric field for the broker id which contains the unique quote request id","example":"11094"},"hedgeQuoteId":{"type":"string","description":"unique quote REQUEST id generated by LUKB during quote request process","example":"324458"}}},"HedgeExecutionResult":{"type":"object","properties":{"securityRef":{"type":"string","description":"just for complete logging: the numeric field for the broker id which contains the unique quote request id","example":"11094"},"sellerId":{"type":"string","description":"unique id of the seller","nullable":true,"example":"CITI","enum":["CITI"]},"hedgeQuoteId":{"type":"string","description":"unique quote REQUEST id generated by LUKB during quote request process","example":"324458"},"hedgeStatus":{"type":"string","description":"hedge status never more than acknowledged","example":"Acknowledged","enum":["Acknowledged","Failed"]},"Message":{"type":"string","example":"the error message forwarded from the external counterparty"}}},"GreekValues":{"type":"object","properties":{"VALUE":{"type":"array","description":"delta:      array of cash PV change in product currency in the underlying changes by 1%; the symbol it takes from rfUnderlyings deltaStock: number of underlyings (equities) as supposed to be used for the equity hedge trade; the symbol is takes from rfUnderlyings vega:       array of cash PV change in product currency if the volatility increases by 1%; the symbol it takes from rfUnderlyings vegaStock:  number of underlyings (equities) as supposed to be used for the vola hedge trade if the volatility increases by 1%; to be used for option hedging; the symbol it takes from rfUnderlyings FxDelta:    array of cash PV change in product currency if the FX rate of the related currency versus the instrument currency increases by 1%; the symbol it takes from rfUnderlyings FxVega:     array of cash PV change in product currency if the volatility of the FX rate of the related currency versus the instrument currency increases by 1%; the symbol it takes from rfUnderlyings IrDelta:    array of cash PV change in product currency if the risk free rate of the instrument currency increases by 1%; the symbol it takes from rfUnderlyings","items":{"type":"number","example":0}},"VALUEFUNDINGCOMPONENTPV":{"type":"array","description":"???","items":{"type":"number","example":0}},"VALUETRSPV":{"type":"array","description":"???","items":{"type":"number","example":0}},"BUCKET":{"$ref":"#/components/schemas/GreekBucketValues"},"currency":{"type":"string","description":"for the FX risk the related currency that would influnce the PV of the instrument","nullable":true,"example":"EUR"}}},"GreekBucketValues":{"type":"array","description":"list of the bucket values for all underlyings","items":{"type":"object","properties":{"BUCKET":{"type":"string","description":"unique ID of the bucket (taken from the request)","example":"2w"},"VALUE":{"type":"array","description":"using the same definition as GreekValues.VALUE, but just for one bucket","items":{"type":"number","example":0}}},"description":"values for one bucket and all underlyings"}},"RfUnderlyings":{"type":"object","properties":{"Symbol":{"type":"string","description":"this is the main ID that is maditory for each underlying","example":"ABBN"},"name":{"type":"string","example":"ABBN"},"avaloqId":{"type":"integer","format":"int64","example":30875},"EquitySpotQuoteTicker":{"type":"string","example":"EQ.CHF-SE-NOVN.SPOT.MID"},"EquityTicker":{"type":"string","example":"CHF-SE-NOVN"},"ric":{"type":"string","example":"ABBN.S"},"bbg":{"type":"string","example":"ABBN SW Equity"},"iceId":{"type":"string","example":"ABBN"},"isin":{"type":"string","example":"CH0012221716"},"currency":{"type":"string","example":"CHF"},"exchange":{"type":"string","example":"SE"},"tupleField1":{"type":"string","example":"Item1"},"tupleField2":{"type":"string","example":"Item2"},"tupleField3":{"type":"string","example":"Item3"}},"description":""},"fxRfUnderlyings":{"type":"object","properties":{"isoSymbol":{"type":"string","example":"USD"}},"description":""},"AuxResult":{"title":"Auxiliary Result","type":"object","properties":{"State":{"type":"number","example":0},"AuxResultType":{"type":"integer","description":"This result has been solved for ... 0 = only risk values, 1 = fair coupon / coupon factor (for all non softcall coupon instruments), 2 = fair barrier, 3 = fair strike, 4 = fair coupon (for all coupon instruments, but slower than 1 and due to that not useful for softcall)","example":1},"Value":{"type":"number","description":"either coupon or strike or barrier plus the coupon payment amounts and rates; plus dictVal","example":0.04974},"DictsValue":{"type":"array","description":"array of dictionaries each carrying term structure. e.g. coupon results: first dict carries the payment amounts in product currencies for each coupon payment for the issueCapitalisation, second payment rate at the coupon payment as a per annum rate e.g. for tradeId 11892018 (a 2 year product with one payment) the result is { \"2022-02-07\": 14273.529344582285 }, { \"2022-02-07\": 7.1268662469481576 }","example":[],"items":{"$ref":"#/components/schemas/AuxResultRateAmounts"}}},"description":"carries aux result info, e.g. solved coupon, barrier, ..."},"AuxResultRateAmounts":{"type":"object","additionalProperties":{"$ref":"#/components/schemas/AuxResultRateAmount"},"description":"dictionary of rate or amounts"},"AuxResultRateAmount":{"type":"object","properties":{"Date":{"type":"string","format":"date","example":"2020-02-06"},"Rate":{"type":"number","example":4974.3238024631655}},"description":"date and rate or amount as a key value pair"},"Instrument":{"title":"Structured Instrument","type":"object","properties":{"securityRef":{"type":"string","description":"the numeric field for the broker id","example":"11094"},"tradeInfo":{"type":"string","description":"this field is only used for Solvians and is added to the valuation server OpenAPI only to reserve the field name","example":""},"deriOrderStatus":{"type":"string","description":"DEPRICATED: this field is only used for Solvians and is added to the valuation server OpenAPI only to reserve the field name","example":"request"},"brokerOrderStatus":{"type":"string","description":"the replacement for the deriOrderStatus","example":"request"},"isMIFIDIIrelevant":{"type":"boolean","description":"this field is only used for Solvians and is added to the valuation server OpenAPI only to reserve the field name","example":false},"interestComponent":{"type":"number","description":"the tax relevant interest component as shown on the termsheet; -0.45 means -0.45% this field is only used for Solvians and is added to the valuation server OpenAPI only to reserve the field name","example":-0.45},"ievPercent":{"type":"number","description":"the legal required Issuer Estimated Value as shown on the termsheet; 98.79 means 98.79% this field is only used for Solvians and is added to the valuation server OpenAPI only to reserve the field name","example":98.79},"fairValue":{"type":"number","description":"the fair value needed for cleversoft for creating the PRIIP-KID; at issue it is equal to the IEV","example":98.79},"isin":{"type":"string","description":"this field is only used for Solvians and is added to the valuation server OpenAPI only to reserve the field name","example":"CH1234567890"},"sin":{"type":"number","description":"the Solvians ID - only used for Solvians and is added to the valuation server OpenAPI only to reserve the field name","example":12345678},"productType":{"type":"string","description":"the numeric product type reference, which is not the same as the deritrade type","example":"BRCAutocallCC"},"avaloqId":{"type":"string","description":"not used by the valuation server","example":"999"},"avaloqKey":{"type":"string","description":"condensed instrument info; not used by the valuation server","example":"BRC NESN/NOVN/ROG 3Y"},"avaloqName":{"type":"string","description":"not used by the valuation server","example":"xzy"},"bbg":{"type":"string","example":"xzy"},"currency":{"type":"string","example":"EUR"},"denomination":{"type":"number","example":1E+3},"distributionFeePct":{"type":"number","description":"the distribution fee over product lifetime in percent; a value of 1.2 for a 2 year product leads to show 1.2% p.a. on the termsheet the valuation server uses only the instrumentMargin of the request; It is this used by Solvians to calculate AnnualFeeRate out of it.","example":1.2},"exchange":{"type":"string","description":"Include this field only if the listing flag has been set be the deritrade client. Based on this field the IBT file is adjusted.","example":"XQMH"},"isListed":{"type":"boolean","example":false},"isPrivatePlacement":{"type":"boolean","example":false},"isExemptOffer":{"type":"boolean","example":false},"isQuanto":{"type":"boolean","example":true},"issueCapitalisation":{"type":"number","example":1E+5},"issuePrice":{"type":"number","description":"the product issue price; for percent products 100 means 100% percent","example":1E+2},"effectiveDate":{"type":"string","description":"the date and time in CET of the option start e.g. the start of the possible execution for american options","format":"date","example":"2018-10-04"},"issueDate":{"type":"string","description":"first trading date of the product","format":"date","example":"2018-10-11"},"terminationDate":{"type":"string","description":"the date and time in CET of the option ending e.g. the end of the possible execution of the option","format":"date","example":"2019-10-04"},"paymentDate":{"type":"string","description":"the date of the final repayment","format":"date","example":"2019-10-11"},"productDescription":{"type":"string","example":"ConditionalCatchupIncome AutoCall Barrier ReverseConvertible WorstOfBasket"},"quoteCurrency":{"type":"string","example":"EUR"},"ric":{"type":"string","example":"xzy"},"riskFactorType":{"type":"string","example":"Security"},"securityQuoteType":{"type":"string","example":"Percent"},"stateCode":{"type":"string","description":"setting it to active is optional","example":"Active"},"typeCodeIBT":{"type":"integer","example":200197},"updatedTime":{"type":"string","format":"date-time","example":"2017-12-04T17:38:46.687Z"},"InitialFixingDayPriceType":{"type":"string","description":"has been a manual field before the deritrade project, but for deritrade it is filled","enum":["DayIntraPrice","DayEndClosingPrice"]},"Autocall.barrierDirection":{"type":"string","example":"Up"},"Autocall.barrierType":{"type":"string","description":"OVSP uses enum: DownAndKnockIn, UpAndKnockIn, DownAndKnockOut, UpAndKnockOut","example":"Knock Out"},"Autocall.componentType":{"type":"string","example":"BarrierOptionOnSecurity"},"Autocall.isActive":{"type":"boolean","example":false},"Autocall.observationType":{"type":"string","example":"Bermudan"},"Autocall.performance":{"type":"string","example":"Worst"},"Autocall.productType":{"type":"string","example":"BRCAutocallCC"},"Autocall.ref":{"type":"string","example":"Autocall"},"Autocall.requireTouch":{"type":"boolean","example":true},"Autocall.schedule.isCustom":{"type":"boolean","example":true},"Autocall.schedule.isRelative":{"type":"boolean","example":false},"Autocall.schedule.scheduleType":{"type":"string","example":"OptionMultiPeriod"},"Autocall.schedule":{"$ref":"#/components/schemas/Schedule"},"Autocall.security":{"type":"array","items":{"$ref":"#/components/schemas/BarrierSecurity"}},"BarrierOnCoupon.barrierDirection":{"type":"string","example":"Up"},"BarrierOnCoupon.barrierType":{"type":"string","description":"OVSP uses enum: DownAndKnockIn, UpAndKnockIn, DownAndKnockOut, UpAndKnockOut","example":"Knock Out"},"BarrierOnCoupon.componentType":{"type":"string","example":"BarrierOptionOnSecurity"},"BarrierOnCoupon.isActive":{"type":"boolean","example":true},"BarrierOnCoupon.observationType":{"type":"string","example":"Bermudan"},"BarrierOnCoupon.performance":{"type":"string","example":"Worst"},"BarrierOnCoupon.productType":{"type":"string","example":"BRCAutocallCC"},"BarrierOnCoupon.ref":{"type":"string","example":"BarrierOnCoupon"},"BarrierOnCoupon.requireTouch":{"type":"boolean","example":true},"BarrierOnCoupon.schedule":{"$ref":"#/components/schemas/Schedule"},"BarrierOnCoupon.schedule.isCustom":{"type":"boolean","example":true},"BarrierOnCoupon.schedule.isRelative":{"type":"boolean","example":false},"BarrierOnCoupon.schedule.scheduleType":{"type":"string","example":"OptionMultiPeriod"},"BarrierOnCoupon.security":{"type":"array","items":{"$ref":"#/components/schemas/BarrierSecurity"}},"BarrierOnOption.barrierDirection":{"type":"string","example":"Down"},"BarrierOnOption.barrierType":{"type":"string","description":"OVSP uses enum: DownAndKnockIn, UpAndKnockIn, DownAndKnockOut, UpAndKnockOut","example":"Knock Out"},"BarrierOnOption.componentType":{"type":"string","example":"BarrierOptionOnSecurity"},"BarrierOnOption.isActive":{"type":"boolean","example":true},"BarrierOnOption.observationType":{"type":"string","example":"American"},"BarrierOnOption.performance":{"type":"string","example":"Worst"},"BarrierOnOption.productType":{"type":"string","example":"BRCAutocallCC"},"BarrierOnOption.ref":{"type":"string","example":"BarrierOnOption"},"BarrierOnOption.requireTouch":{"type":"boolean","example":true},"BarrierOnOption.schedule.endDate":{"type":"string","description":"the date and time in CET of the option ending e.g. the end of the barrier observation","format":"date","example":"2020-07-27"},"BarrierOnOption.schedule.frequency":{"type":"string","description":"Is not case sensitive; semi annually should be replaced by semi-annually, but lead to the same value","example":"QUARTERLY","enum":["ONE_TIME","MONTHLY","QUARTERLY","SEMI-ANNUALLY","ANNUALLY"]},"BarrierOnOption.schedule.isCustom":{"type":"boolean","description":"the option schedule should by default created based on the frequency","example":false},"BarrierOnOption.schedule.isRelative":{"type":"boolean","example":false},"BarrierOnOption.schedule.scheduleType":{"type":"string","example":"OptionMultiPeriod"},"BarrierOnOption.schedule.startDate":{"type":"string","description":"the date and time in CET of the option start e.g. the start of the barrier observation","format":"date","example":"2019-07-25"},"BarrierOnOption.security":{"type":"array","items":{"$ref":"#/components/schemas/BarrierSecurity"}},"Callability.componentType":{"type":"string","description":"additional properties if the product is callable is not needed for an autocall","example":"IRFixed, OptionOnLeg"},"Callability.observationType":{"type":"string","example":"Bermudan"},"Callability.optionType":{"type":"string","example":"Enter"},"Callability.componentId":{"type":"string","example":""},"Callability.ref":{"type":"string","example":"Coupon, Callability"},"Callability.schedule":{"$ref":"#/components/schemas/ScheduleCallability"},"Callability.productType":{"type":"string","example":"BRCAutocallCC, BRCSoftcall"},"Callability.isActive":{"type":"boolean","example":false},"Callability.isExercised":{"type":"boolean","example":false},"Coupon.catchUpCoupon":{"type":"number","example":0},"Coupon.componentType":{"type":"string","example":"IRFixed"},"Coupon.couponValue":{"type":"string","description":"the target coupon that the client has requested for the product; 0.1 means 10%","example":"0.1"},"Coupon.couponValueType":{"type":"string","description":"either >total< or >pa<; needed because the client can request in deritrade either a total or per annum coupon and the DVAL should do the correct day count convention based conversion","example":"total"},"Coupon.currency":{"type":"string","example":"EUR"},"Coupon.finalNotionalExchange":{"type":"boolean","example":false},"Coupon.initialNotionalExchange":{"type":"boolean","example":false},"Coupon.isActive":{"type":"boolean","example":true},"Coupon.isCatchup":{"type":"boolean","example":true},"Coupon.isConditional":{"type":"boolean","description":"probably for conditional coupon - to be confirmed by Solvians","example":false},"Coupon.notional":{"type":"number","example":1E+3},"Coupon.periodicNotionalExchange":{"type":"boolean","example":false},"Coupon.productType":{"type":"string","example":"BRCAutocallCC"},"Coupon.ref":{"type":"string","example":"Coupon"},"Coupon.schedule.basis":{"type":"string","description":"should be provided is possible see LKO-212","example":"30E/360"},"Coupon.schedule.isCustom":{"type":"boolean","example":true},"Coupon.schedule.isRelative":{"type":"boolean","example":false},"Coupon.schedule.scheduleType":{"type":"string","example":"Interest"},"Coupon.schedule.startDate":{"type":"string","description":"start date (CET based) of the accrual coupon calculation","format":"date","example":"2019-07-25"},"Coupon.schedule.endDate":{"type":"string","description":"end date (CET based) of the accrual coupon calculation","format":"date","example":"2020-07-27"},"Coupon.schedule.frequencyName":{"type":"string","description":"Is not case sensitive; semi annually should be replaced by semi-annually, but lead to the same value","example":"QUARTERLY","enum":["ONE_TIME","MONTHLY","QUARTERLY","SEMI-ANNUALLY","ANNUALLY"]},"Coupon.schedule":{"$ref":"#/components/schemas/Schedule"},"Coupon.paymentRate":{"$ref":"#/components/schemas/PaymentRates"},"Coupon.paymentAmount":{"$ref":"#/components/schemas/PaymentAmounts"},"FixedLeg.rate":{"type":"number","description":"in percent, means a field value of 0.05 is equal 0.05% is equal 5 basepoints","example":0.01},"FixedLeg.componentId":{"type":"integer","example":16},"FixedLeg.componentType":{"type":"string","example":"IRFixed"},"FixedLeg.finalNotionalExchange":{"type":"boolean","example":false},"FixedLeg.initialNotionalExchange":{"type":"boolean","example":false},"FixedLeg.notional":{"type":"number","example":1E+3},"FixedLeg.periodicNotionalExchange":{"type":"boolean","example":false},"FixedLeg.productType":{"type":"string","example":"BRCAutocallCC"},"FixedLeg.ref":{"type":"string","example":"FixedLeg"},"FixedLeg.schedule.isCustom":{"type":"boolean","example":true},"FixedLeg.schedule.isRelative":{"type":"boolean","example":false},"FixedLeg.schedule.scheduleId":{"type":"integer","example":13},"FixedLeg.schedule.scheduleRef":{"type":"string","example":"BRC-CHF-CH0338736470.FixedLeg.schedule"},"FixedLeg.schedule.scheduleType":{"type":"string","example":"Interest"},"FixedLeg.schedule":{"$ref":"#/components/schemas/Schedule"},"FloatLeg.componentType":{"type":"string","description":"the float Leg is only needed for callable instruments like autocall or softcall","example":"IRFloat"},"FloatLeg.finalNotionalExchange":{"type":"boolean","example":false},"FloatLeg.indexTenor":{"type":"string","example":"3m"},"FloatLeg.initialNotionalExchange":{"type":"boolean","example":false},"FloatLeg.notional":{"type":"number","example":1E+3},"FloatLeg.periodicNotionalExchange":{"type":"boolean","example":false},"FloatLeg.productType":{"type":"string","example":"BRCAutocallCC"},"FloatLeg.floatIndexFixing":{"type":"string","description":"current LIBOR index fixing","example":""},"FloatLeg.rate":{"type":"number","description":"for the float leg it should be 0.0, because this is used to swap against the risk free rate; in percent, means a field value of 0.05 is equal 0.05% is equal 5 basepoints","example":0},"FloatLeg.ref":{"type":"string","example":"FloatLeg"},"FloatLeg.schedule":{"$ref":"#/components/schemas/Schedule"},"FloatLeg.schedule.basis":{"type":"string","description":"can be independent from the coupon and option schedule basis, because this is used for the interest rate swap; driver is the convention of the risk free rate of the product currency, so for GBP it would be ACT/365; should be provided if possible see LKO-212","example":"ACT/360"},"FloatLeg.schedule.isCustom":{"type":"boolean","example":true},"FloatLeg.schedule.isRelative":{"type":"boolean","example":false},"FloatLeg.schedule.scheduleType":{"type":"string","example":"Interest"},"OptionOnSecurity.componentType":{"type":"string","example":"OptionOnSecurity"},"OptionOnSecurity.context":{"type":"string","example":"PutDi"},"OptionOnSecurity.expiry":{"type":"string","description":"the option expire date (CET based)","format":"date-time","example":"2020-07-27T00:00:00+01:00"},"OptionOnSecurity.isActive":{"type":"boolean","example":true},"OptionOnSecurity.isExercised":{"type":"boolean","example":false},"OptionOnSecurity.notionalScaling":{"type":"number","example":1},"OptionOnSecurity.observationType":{"type":"string","example":"European"},"OptionOnSecurity.optionType":{"type":"string","example":"Put"},"OptionOnSecurity.paymentDate":{"type":"string","description":"the repayment date for the option part","format":"date","example":"2020-08-05"},"OptionOnSecurity.performance":{"type":"string","example":"Worst"},"OptionOnSecurity.productType":{"type":"string","example":"BRCAutocallCC"},"OptionOnSecurity.ref":{"type":"string","example":"OptionOnSecurity"},"OptionOnSecurity.relativeStrike":{"type":"number","example":1},"OptionOnSecurity.requireTouch":{"type":"boolean","example":true},"OptionOnSecurity.schedule.endDate":{"type":"string","description":"the option monitoring end date (CET based)","format":"date","example":"2020-07-27"},"OptionOnSecurity.schedule.isCustom":{"type":"boolean","description":"the option schedule should by default created based on the frequency","example":false},"OptionOnSecurity.schedule.isRelative":{"type":"boolean","example":false},"OptionOnSecurity.schedule.scheduleType":{"type":"string","example":"OptionMultiPeriod"},"OptionOnSecurity.schedule.startDate":{"type":"string","description":"the option monitoring start date (CET based)","format":"date","example":"2019-07-25"},"OptionOnSecurity.settlementType":{"type":"string","example":"Physical","enum":["None","Cash","Physical"]},"OptionOnSecurity.security":{"type":"array","items":{"$ref":"#/components/schemas/OptionOnSecuritySecurity"}},"Redemption.componentType":{"type":"string","example":"IRFixed"},"Redemption.currency":{"type":"string","example":"EUR"},"Redemption.finalNotionalExchange":{"type":"boolean","example":true},"Redemption.initialNotionalExchange":{"type":"boolean","example":false},"Redemption.notional":{"type":"number","example":1E+3},"Redemption.protectionLevel":{"type":"number","example":0},"Redemption.paymentDate":{"type":"string","description":"the product repayment date (CET based)","format":"date","example":"2020-08-05"},"Redemption.periodicNotionalExchange":{"type":"boolean","example":false},"Redemption.productType":{"type":"string","example":"BRCAutocallCC"},"Redemption.ref":{"type":"string","example":"Redemption"},"tradeId":{"type":"string","nullable":true},"notional":{"type":"string","nullable":true}},"description":"a structured instrument with all parameters"},"BarrierSecurity":{"title":"UnderlyingBarrierSecurity","required":["avaloqId"],"type":"object","properties":{"avaloqId":{"type":"integer","format":"int64","example":30875},"security":{"type":"string","example":"EQ.CHF-SE-ABBN.SPOT"},"relativeUpLevel":{"type":"number","example":0.85},"upLevel":{"type":"number","description":"unlike the Solvians interface without rounding","example":16.6995},"relativeDownLevel":{"type":"number","example":0.85},"downLevel":{"type":"number","description":"unlike the Solvians interface without rounding","example":11.133},"barrierHit":{"type":"boolean","example":false},"currency":{"type":"string","example":"CHF"},"fixCalendar":{"type":"string","example":"XVTX"}}},"OptionOnSecuritySecurity":{"title":"UnderlyingOptionOnSecurity","required":["avaloqId"],"type":"object","properties":{"avaloqId":{"type":"integer","format":"int64","example":30875},"security":{"type":"string","description":"Probably this symbol is set by numerix based on the avaloq ID. The exchange used for pricing of structured product is defined in Solvians and numerix uses this setting.","example":"EQ.CHF-SE-ABBN.SPOT"},"currency":{"type":"string","description":"probably the currency is selected by numerix based on the avaloq ID","example":"CHF"},"initial":{"type":"number","description":"the underlying price at time of the request; unlike the Solvians interface without rounding","example":18.555},"initialFixingDone":{"type":"boolean","description":"used for termsheet creation; false if the final fixing for this security is not yet done","example":false},"strike":{"type":"number","description":"the strike price used on the termsheet, which is  the underlying price at time the fixing time; can differ from the initial e.g. if fixing at-closing is true; unlike the Solvians interface without rounding","example":18.555},"coverRatio":{"type":"number","example":15.7456}}},"Schedule":{"properties":{"rows":{"type":"array","items":{"$ref":"#/components/schemas/EventDate"}}}},"ScheduleCallability":{"properties":{"scheduleId":{"type":"string","example":""},"isRelative":{"type":"boolean","example":false},"isCustom":{"type":"boolean","example":true},"scheduleType":{"type":"string","example":"OptionMultiPeriod"},"basis":{"type":"string","example":"30E/360"},"rows":{"type":"array","items":{"$ref":"#/components/schemas/EventDate"}}}},"EventDate":{"type":"object","properties":{"periodNum":{"type":"integer","example":3},"fixingDate":{"type":"string","description":"the fixing date and time in CET","format":"date","example":"2020-01-29"},"accrualStartDate":{"type":"string","description":"the start date and time in CET","format":"date","example":"2020-01-29"},"accrualEndDate":{"type":"string","description":"the end date and time in CET","format":"date","example":"2020-02-05"},"paymentDate":{"type":"string","description":"the payment date and time in CET","format":"date","example":"2020-02-05"},"basis":{"type":"string","example":""},"stateCode":{"type":"string","example":""}}},"PaymentRates":{"type":"object","properties":{"rows":{"type":"array","items":{"$ref":"#/components/schemas/PaymentRate"}}},"description":"should always be included in the Solvians message and used for the greek calculation of the valuation server request so that the greeks are inline with the original quote request"},"PaymentRate":{"required":["periodNum"],"properties":{"periodNum":{"type":"integer","example":1},"paymentRate":{"type":"number","description":"the payment rate in percent per annum e.g. the number 7.12 for a 2 year product with one coupon payment at the endDate this means a coupon of 14.24% is payed at redemption so if the denomination is EUR 1000 the owner get for each unit EUR 142.4","example":7.126866246948158}}},"PaymentAmounts":{"type":"object","properties":{"rows":{"type":"array","items":{"$ref":"#/components/schemas/PaymentAmount"}}},"description":"the coupon payment amount in product currency for each coupon payment for each unit, so relative to the \"denomination\" should always be included in the Solvians message and used for the greek calculation of the valuation server request so that the greeks are inline with the original quote request"},"PaymentAmount":{"required":["periodNum"],"properties":{"periodNum":{"type":"integer","example":1},"paymentAmount":{"type":"number","example":5.54}}},"MarketPriceTicker":{"type":"string","example":"EQ.CHF-SE-ABBN.SPOT.CLS"},"MarketPrice":{"type":"object","properties":{"Key":{"type":"string","description":"the ticker that has been requested","example":"EQ.CHF-SE-ABBN.SPOT.CLS"},"Value":{"type":"number","description":"the price for the requested ticker","example":-0.001875}}},"ExecutionReport":{"type":"object","properties":{"AvgPx":{"type":"number","description":"Average price. This field will be equal to Tag 44 (Price).","example":98.76},"ClOrdID":{"type":"string","description":"client order id","example":"123"},"CumQty":{"type":"number","description":"Total quantity filled as of now. This field will only appear if the order is partially filled or filled. If OrdStatus=2 (Filled), this is the total quantity of the corresponding order.","example":1.3E+6},"ExecID":{"type":"string","description":"ID of the execution report.","example":"qst789"},"OrderID":{"type":"string","description":"ID of corresponding order.","example":"qst678"},"OrdStatus":{"type":"string","description":"Order status. Enum values expressed in string format.","example":"Filled","enum":["PendingNew","New","PartiallyFilled","Filled","DoneForDay","Canceled","RemovedReplaced","PendingCancel","Stopped","Rejected","Suspended"]},"SecurityID":{"type":"string","description":"ID of security","example":"abc123"},"Side":{"type":"string","description":"Side from the client or dealer perspective. Enum value expressed in string format.","example":"Buy","enum":["Buy","Sell"]},"TransactTime":{"type":"string","description":"DateTime in GMT express in string (“YYYYMMDD-HH:MM:SS\") Time of Transaction","example":"20210406-12:43:23"},"ExecType":{"type":"string","description":"Purpose of the execution report. Enum value expressed in string format.","example":"Trade","enum":["PendingNew","New","Calculated","Expired","Restated","PendingReplace","Trade","TradeCorrect","TradeCancel","OrderStatus","Rejected"]},"LeavesQty":{"type":"number","description":"Quantity open for further execution.","example":2E+5},"CashOrderQty":{"type":"number","description":"Order cash quantity.","example":1.5E+6},"EncodedTextLen":{"type":"integer","description":"Length of EncodedText","example":929},"EncodedText":{"type":"string","description":"Encoded (non-ASCII characters) representation of the Text field in the encodedformat specified via the MessageEncoding field - execution report spec.","example":"<?xml version=\"1.0\" encoding=\"UTF-8\"?> <Vanilla xmlns=\"http://www.citi.com/CitiQuote\">Content Neglected</Vanilla>"}}},"ExecutionStatus":{"type":"object","properties":{"Status":{"type":"string","description":"purpose of the execution report.","enum":["Registered","Error"]}}}}}}