{"openapi":"3.0.0","info":{"title":"Buy Order API","description":"Buy Order API Specification. It enables client's to buy assets both funds & equities via different payment options. <p><h2>Market Order</h2></p> <p>Order will be sent to market for the execution. The order will be executed based on the best price available at the time of execution. A market order is an order to buy or sell a security immediately. This type of order guarantees that the order will be executed but does not guarantee the execution price. A market order generally will execute at or near the current bid (for a sell order) or ask (for a buy order) price.<p> <p>Another way to trade in brokerage assets is via aggregated route where multiple client/system orders are aggregated and send to market for execution at a certain interval (0900 and 1500 BST). These orders can be customer driven (from AWS) or system driven (RSP, Regular Withdrawal, Corporate Actions).</p> <p><h2>Quote & Deal Order</h2></p> <p>It gives you the ability to buy or sell a quantity of securities immediately, and at the best price currently available in the market. This order will return an immediate quote, based on having polled over different Market Makers, which you can choose to accept within a 15 second time limit.<p> <p><h2>Limit Order</h2></p> <p>A limit order is an order to buy or sell a security at a specific price or better. A buy limit order can only be executed at the limit price or lower, and a sell limit order can only be executed at the limit price or higher. For eg - Investor wants to buy Tesco equity for £200. So a limit order will be placed at £200 for 100 shares of Tesco. This will be executed once the limit price is reached in the market. The order is valid till next market close time. So, if a limit order is placed at 1200 BST on Monday, then the order will be valid only until 1630 BST on the same day and if the order is placed at 1700 BST on Friday, then the order will be valid till 1630 BST on Monday.  If the price of the equity does not reach till market closing time, then the order will be expired and the money ring-fenced for the order will be released.</p>","termsOfService":"https://developer.fil.com/legal","contact":{"name":"API Support","email":"api@fil.com"},"version":"1.0.0"},"servers":[{"url":"https://sandbox.api.fil.com/orders/v1","description":"Sandbox environment"}],"security":[{"OAuth2ClientCredentials":[]}],"tags":[{"name":"Buy - Aggregated Order"},{"name":"Buy - Market Order"},{"name":"Buy - Quote & Deal Order"},{"name":"Buy - Limit Order"},{"name":"Phased Investment"},{"name":"Documents"}],"paths":{"/buy/aggregated-order":{"get":{"tags":["Buy - Aggregated Order"],"summary":"Search orders based on search criteria.","description":"Search orders based on search criteria.","operationId":"Search aggregated orders","parameters":[{"name":"requestId","in":"header","description":"The requestId prevents duplicate orders being placed. A received Order with the same value in the requestId as a previous Order will return a 409 conflict status response","schema":{"pattern":"^[a-zA-Z0-9-]{1,100}$","type":"string"},"example":"12345-6789-101112-131415"},{"name":"financialPartnerId","in":"query","description":"Unique agency number i.e. UAN","required":false,"schema":{"$ref":"#/components/schemas/FinancialPartnerIdentifier"},"example":"123456"},{"name":"accountIds","in":"query","description":"Arrary of account ids.","required":false,"style":"pipeDelimited","explode":false,"schema":{"maxItems":25,"minItems":1,"type":"array","items":{"$ref":"#/components/schemas/AccountIdentifier"}},"example":["1234567890","0987654321"]},{"name":"fromDate","in":"query","description":"Find items from date.","required":false,"schema":{"$ref":"#/components/schemas/Date"}},{"name":"toDate","in":"query","description":"Find items to date.","required":false,"schema":{"$ref":"#/components/schemas/Date"}},{"name":"pageNum","in":"query","description":"The number of page to start to collect the result set.","required":false,"schema":{"minimum":1,"type":"integer","default":1}},{"name":"maxPageSize","in":"query","description":"The max number of items to return.","required":false,"schema":{"maximum":1E+2,"minimum":1,"type":"integer","default":25}},{"name":"sortBy","in":"query","description":"Results can be sorted in asc or desc order using bookingDateTime and orderId fields.","required":false,"style":"pipeDelimited","explode":false,"schema":{"type":"array","items":{"type":"string"},"default":["bookingDateTime:desc","orderId:desc"]}}],"responses":{"200":{"description":"List of orders matching search critera.","content":{"application/json":{"schema":{"$ref":"#/components/schemas/BuyAggregatedOrderSearchResults"}}}},"206":{"description":"Paginated list of orders matching search critera.","content":{"application/json":{"schema":{"$ref":"#/components/schemas/BuyAggregatedOrderSearchResults"}}}},"400":{"description":"Bad request. Refer to the moreinfo section for details.  Please check that you've entered the correct parameters.","content":{"application/json":{"schema":{"$ref":"#/components/schemas/Message"}}}},"401":{"description":"Unable to authorise the credentials that were supplied.","content":{"application/json":{"schema":{"$ref":"#/components/schemas/Message"}}}},"500":{"description":"There was an internal issue calling the service. This is likely to be a permanent error. Please contact FIL for support.","content":{"application/json":{"schema":{"$ref":"#/components/schemas/Message"}}}}}},"post":{"tags":["Buy - Aggregated Order"],"summary":"Create a aggregated order on a customer's existing account.","description":"It saves or submits a new buy order passed as request payload.","operationId":"Create a aggregated order.","parameters":[{"name":"requestId","in":"header","description":"The requestId prevents duplicate orders being placed. A received Order with the same value in the requestId as a previous Order will return a 409 conflict status response","required":true,"schema":{"pattern":"^[a-zA-Z0-9-]{1,100}$","type":"string"},"example":"12345-6789-101112-131415"},{"name":"action","in":"query","description":"Action to be performed.","required":false,"schema":{"$ref":"#/components/schemas/OrderAction"}}],"requestBody":{"content":{"application/json":{"schema":{"$ref":"#/components/schemas/BuyAggregatedOrder"}}},"required":true},"responses":{"201":{"description":"Order is created successfully.","content":{"application/json":{"schema":{"$ref":"#/components/schemas/BuyAggregatedOrder"}}}},"400":{"description":"Bad request. Refer to the moreinfo section for details.  Please check that you've entered the correct parameters.","content":{"application/json":{"schema":{"$ref":"#/components/schemas/Message"}}}},"401":{"description":"Unable to authorise the credentials that were supplied.","content":{"application/json":{"schema":{"$ref":"#/components/schemas/Message"}}}},"422":{"description":"Business rule validation failure.","content":{"application/json":{"schema":{"$ref":"#/components/schemas/Message"}}}},"429":{"description":"There are too many requests in a given amount of time.","content":{"application/json":{"schema":{"$ref":"#/components/schemas/Message"}}}},"500":{"description":"There was an internal issue calling the service. This is likely to be a permanent error. Please contact FIL for support.","content":{"application/json":{"schema":{"$ref":"#/components/schemas/Message"}}}}},"callbacks":{"status":{"Post Processing":{"post":{"requestBody":{"$ref":"#/components/requestBodies/CallbackRequestBody"},"responses":{"200":{"description":"OK"}}}}}}}},"/buy/aggregated-order/{orderId}":{"get":{"tags":["Buy - Aggregated Order"],"summary":"Return aggregated order by order id.","description":"It returns an existing aggregated order by order id.","operationId":"Fetch aggregated order by order id.","parameters":[{"name":"requestId","in":"header","description":"The requestId prevents duplicate orders being placed. A received Order with the same value in the requestId as a previous Order will return a 409 conflict status response","schema":{"pattern":"^[a-zA-Z0-9-]{1,100}$","type":"string"},"example":"12345-6789-101112-131415"},{"name":"orderId","in":"path","description":"Order reference number.","required":true,"schema":{"$ref":"#/components/schemas/OrderIdentifier"}}],"responses":{"200":{"description":"A aggregated order.","content":{"application/json":{"schema":{"$ref":"#/components/schemas/BuyAggregatedOrder"}}}},"400":{"description":"Bad request. Refer to the moreinfo section for details.  Please check that you've entered the correct parameters.","content":{"application/json":{"schema":{"$ref":"#/components/schemas/Message"}}}},"401":{"description":"Unable to authorise the credentials that were supplied.","content":{"application/json":{"schema":{"$ref":"#/components/schemas/Message"}}}},"404":{"description":"Item not found.","content":{"application/json":{"schema":{"$ref":"#/components/schemas/Message"}}}},"429":{"description":"There are too many requests in a given amount of time.","content":{"application/json":{"schema":{"$ref":"#/components/schemas/Message"}}}},"500":{"description":"There was an internal issue calling the service. This is likely to be a permanent error. Please contact FIL for support.","content":{"application/json":{"schema":{"$ref":"#/components/schemas/Message"}}}}}}},"/buy/market-order":{"get":{"tags":["Buy - Market Order"],"summary":"Search orders based on search criteria.","description":"Search orders based on search criteria.","operationId":"Search market orders","parameters":[{"name":"requestId","in":"header","description":"The requestId prevents duplicate orders being placed. A received Order with the same value in the requestId as a previous Order will return a 409 conflict status response","schema":{"pattern":"^[a-zA-Z0-9-]{1,100}$","type":"string"},"example":"12345-6789-101112-131415"},{"name":"financialPartnerId","in":"query","description":"Unique agency number i.e. UAN","required":false,"schema":{"$ref":"#/components/schemas/FinancialPartnerIdentifier"},"example":"123456"},{"name":"accountIds","in":"query","description":"Arrary of account ids.","required":false,"style":"pipeDelimited","explode":false,"schema":{"maxItems":25,"minItems":1,"type":"array","items":{"$ref":"#/components/schemas/AccountIdentifier"}},"example":["1234567890","0987654321"]},{"name":"fromDate","in":"query","description":"Find items from date.","required":false,"schema":{"$ref":"#/components/schemas/Date"}},{"name":"toDate","in":"query","description":"Find items to date.","required":false,"schema":{"$ref":"#/components/schemas/Date"}},{"name":"pageNum","in":"query","description":"The number of page to start to collect the result set.","required":false,"schema":{"minimum":1,"type":"integer","default":1}},{"name":"maxPageSize","in":"query","description":"The max number of items to return.","required":false,"schema":{"maximum":1E+2,"minimum":1,"type":"integer","default":25}},{"name":"sortBy","in":"query","description":"Results can be sorted in asc or desc order using bookingDateTime and orderId fields.","required":false,"style":"pipeDelimited","explode":false,"schema":{"type":"array","items":{"type":"string"},"default":["bookingDateTime:desc","orderId:desc"]}}],"responses":{"200":{"description":"List of orders matching search critera.","content":{"application/json":{"schema":{"$ref":"#/components/schemas/BuyMarketOrderSearchResults"}}}},"206":{"description":"Paginated list of orders matching search critera.","content":{"application/json":{"schema":{"$ref":"#/components/schemas/BuyMarketOrderSearchResults"}}}},"400":{"description":"Bad request. Refer to the moreinfo section for details.  Please check that you've entered the correct parameters.","content":{"application/json":{"schema":{"$ref":"#/components/schemas/Message"}}}},"401":{"description":"Unable to authorise the credentials that were supplied.","content":{"application/json":{"schema":{"$ref":"#/components/schemas/Message"}}}},"500":{"description":"There was an internal issue calling the service. This is likely to be a permanent error. Please contact FIL for support.","content":{"application/json":{"schema":{"$ref":"#/components/schemas/Message"}}}}}},"post":{"tags":["Buy - Market Order"],"summary":"Create a market order on a customer's existing account.","description":"It saves or submits a new buy order passed as request payload.","operationId":"Create a market order.","parameters":[{"name":"requestId","in":"header","description":"The requestId prevents duplicate orders being placed. A received Order with the same value in the requestId as a previous Order will return a 409 conflict status response","required":true,"schema":{"pattern":"^[a-zA-Z0-9-]{1,100}$","type":"string"},"example":"12345-6789-101112-131415"},{"name":"action","in":"query","description":"Action to be performed.","required":false,"schema":{"$ref":"#/components/schemas/OrderAction"}}],"requestBody":{"content":{"application/json":{"schema":{"$ref":"#/components/schemas/BuyMarketOrder"}}},"required":true},"responses":{"201":{"description":"Order is created successfully.","content":{"application/json":{"schema":{"$ref":"#/components/schemas/BuyMarketOrder"}}}},"400":{"description":"Bad request. Refer to the moreinfo section for details.  Please check that you've entered the correct parameters.","content":{"application/json":{"schema":{"$ref":"#/components/schemas/Message"}}}},"401":{"description":"Unable to authorise the credentials that were supplied.","content":{"application/json":{"schema":{"$ref":"#/components/schemas/Message"}}}},"422":{"description":"Business rule validation failure.","content":{"application/json":{"schema":{"$ref":"#/components/schemas/Message"}}}},"429":{"description":"There are too many requests in a given amount of time.","content":{"application/json":{"schema":{"$ref":"#/components/schemas/Message"}}}},"500":{"description":"There was an internal issue calling the service. This is likely to be a permanent error. Please contact FIL for support.","content":{"application/json":{"schema":{"$ref":"#/components/schemas/Message"}}}}},"callbacks":{"status":{"Post Processing":{"post":{"requestBody":{"$ref":"#/components/requestBodies/CallbackRequestBody"},"responses":{"200":{"description":"OK"}}}}}}}},"/buy/market-order/{orderId}":{"get":{"tags":["Buy - Market Order"],"summary":"Return market order by order id.","description":"It returns an existing market order by order id.","operationId":"Fetch market order by order id.","parameters":[{"name":"requestId","in":"header","description":"The requestId prevents duplicate orders being placed. A received Order with the same value in the requestId as a previous Order will return a 409 conflict status response","schema":{"pattern":"^[a-zA-Z0-9-]{1,100}$","type":"string"},"example":"12345-6789-101112-131415"},{"name":"orderId","in":"path","description":"Order reference number.","required":true,"schema":{"$ref":"#/components/schemas/OrderIdentifier"}}],"responses":{"200":{"description":"A market order.","content":{"application/json":{"schema":{"$ref":"#/components/schemas/BuyMarketOrder"}}}},"400":{"description":"Bad request. Refer to the moreinfo section for details.  Please check that you've entered the correct parameters.","content":{"application/json":{"schema":{"$ref":"#/components/schemas/Message"}}}},"401":{"description":"Unable to authorise the credentials that were supplied.","content":{"application/json":{"schema":{"$ref":"#/components/schemas/Message"}}}},"404":{"description":"Item not found.","content":{"application/json":{"schema":{"$ref":"#/components/schemas/Message"}}}},"429":{"description":"There are too many requests in a given amount of time.","content":{"application/json":{"schema":{"$ref":"#/components/schemas/Message"}}}},"500":{"description":"There was an internal issue calling the service. This is likely to be a permanent error. Please contact FIL for support.","content":{"application/json":{"schema":{"$ref":"#/components/schemas/Message"}}}}}}},"/buy/quote-and-deal":{"get":{"tags":["Buy - Quote & Deal Order"],"summary":"Search orders based on search criteria.","description":"Search orders based on search criteria.","operationId":"Search quote & deal orders","parameters":[{"name":"requestId","in":"header","description":"The requestId prevents duplicate orders being placed. A received Order with the same value in the requestId as a previous Order will return a 409 conflict status response","schema":{"pattern":"^[a-zA-Z0-9-]{1,100}$","type":"string"},"example":"12345-6789-101112-131415"},{"name":"financialPartnerId","in":"query","description":"Unique agency number i.e. UAN","required":false,"schema":{"$ref":"#/components/schemas/FinancialPartnerIdentifier"},"example":"123456"},{"name":"accountIds","in":"query","description":"Arrary of account ids.","required":false,"style":"pipeDelimited","explode":false,"schema":{"maxItems":25,"minItems":1,"type":"array","items":{"$ref":"#/components/schemas/AccountIdentifier"}},"example":["1234567890","0987654321"]},{"name":"fromDate","in":"query","description":"Find items from date.","required":false,"schema":{"$ref":"#/components/schemas/Date"}},{"name":"toDate","in":"query","description":"Find items to date.","required":false,"schema":{"$ref":"#/components/schemas/Date"}},{"name":"pageNum","in":"query","description":"The number of page to start to collect the result set.","required":false,"schema":{"minimum":1,"type":"integer","default":1}},{"name":"maxPageSize","in":"query","description":"The max number of items to return.","required":false,"schema":{"maximum":1E+2,"minimum":1,"type":"integer","default":25}},{"name":"sortBy","in":"query","description":"Results can be sorted in asc or desc order using bookingDateTime and orderId fields.","required":false,"style":"pipeDelimited","explode":false,"schema":{"type":"array","items":{"type":"string"},"default":["bookingDateTime:desc","orderId:desc"]}}],"responses":{"200":{"description":"List of orders matching search critera.","content":{"application/json":{"schema":{"$ref":"#/components/schemas/BuyQuoteAndDealOrderSearchResults"}}}},"206":{"description":"Paginated list of orders matching search critera.","content":{"application/json":{"schema":{"$ref":"#/components/schemas/BuyQuoteAndDealOrderSearchResults"}}}},"400":{"description":"Bad request. Refer to the moreinfo section for details.  Please check that you've entered the correct parameters.","content":{"application/json":{"schema":{"$ref":"#/components/schemas/Message"}}}},"401":{"description":"Unable to authorise the credentials that were supplied.","content":{"application/json":{"schema":{"$ref":"#/components/schemas/Message"}}}},"500":{"description":"There was an internal issue calling the service. This is likely to be a permanent error. Please contact FIL for support.","content":{"application/json":{"schema":{"$ref":"#/components/schemas/Message"}}}}}},"post":{"tags":["Buy - Quote & Deal Order"],"summary":"Create a new quote & deal order on a customer's existing account.","description":"It saves or submits a new quote & deal order passed as request payload.","operationId":"Create a quote & deal order.","parameters":[{"name":"requestId","in":"header","description":"The requestId prevents duplicate orders being placed. A received Order with the same value in the requestId as a previous Order will return a 409 conflict status response","required":true,"schema":{"pattern":"^[a-zA-Z0-9-]{1,100}$","type":"string"},"example":"12345-6789-101112-131415"},{"name":"action","in":"query","description":"Action to be performed.","required":false,"schema":{"$ref":"#/components/schemas/OrderAction"}}],"requestBody":{"content":{"application/json":{"schema":{"$ref":"#/components/schemas/BuyQuoteAndDealOrder"}}},"required":true},"responses":{"201":{"description":"Quote is generated successfully.","content":{"application/json":{"schema":{"$ref":"#/components/schemas/BuyQuoteAndDealOrder"}}}},"400":{"description":"Bad request. Refer to the moreinfo section for details.  Please check that you've entered the correct parameters.","content":{"application/json":{"schema":{"$ref":"#/components/schemas/Message"}}}},"401":{"description":"Unable to authorise the credentials that were supplied.","content":{"application/json":{"schema":{"$ref":"#/components/schemas/Message"}}}},"422":{"description":"Business rule validation failure.","content":{"application/json":{"schema":{"$ref":"#/components/schemas/Message"}}}},"429":{"description":"There are too many requests in a given amount of time.","content":{"application/json":{"schema":{"$ref":"#/components/schemas/Message"}}}},"500":{"description":"There was an internal issue calling the service. This is likely to be a permanent error. Please contact FIL for support.","content":{"application/json":{"schema":{"$ref":"#/components/schemas/Message"}}}},"503":{"description":"The quote is not available at the moment. Please try after some time.","content":{"application/json":{"schema":{"$ref":"#/components/schemas/Message"}}}}},"callbacks":{"status":{"Post Processing":{"post":{"requestBody":{"$ref":"#/components/requestBodies/CallbackRequestBody"},"responses":{"200":{"description":"OK"}}}}}}}},"/buy/quote-and-deal/{orderId}":{"get":{"tags":["Buy - Quote & Deal Order"],"summary":"Return quote & deal order by order id.","description":"It returns an existing quote & deal order by order id.","operationId":"Fetch quote & deal order by order id.","parameters":[{"name":"orderId","in":"path","description":"Order reference number.","required":true,"schema":{"$ref":"#/components/schemas/OrderIdentifier"}},{"name":"requestId","in":"header","description":"The requestId prevents duplicate orders being placed. A received Order with the same value in the requestId as a previous Order will return a 409 conflict status response","schema":{"pattern":"^[a-zA-Z0-9-]{1,100}$","type":"string"},"example":"12345-6789-101112-131415"}],"responses":{"200":{"description":"A buy order.","content":{"application/json":{"schema":{"$ref":"#/components/schemas/BuyQuoteAndDealOrder"}}}},"400":{"description":"Bad request. Refer to the moreinfo section for details.  Please check that you've entered the correct parameters.","content":{"application/json":{"schema":{"$ref":"#/components/schemas/Message"}}}},"401":{"description":"Unable to authorise the credentials that were supplied.","content":{"application/json":{"schema":{"$ref":"#/components/schemas/Message"}}}},"404":{"description":"Item not found.","content":{"application/json":{"schema":{"$ref":"#/components/schemas/Message"}}}},"429":{"description":"There are too many requests in a given amount of time.","content":{"application/json":{"schema":{"$ref":"#/components/schemas/Message"}}}},"500":{"description":"There was an internal issue calling the service. This is likely to be a permanent error. Please contact FIL for support.","content":{"application/json":{"schema":{"$ref":"#/components/schemas/Message"}}}}}},"patch":{"tags":["Buy - Quote & Deal Order"],"summary":"Confirm or Cancel an existing quote on a customer's existing account.","description":"It confirm / cancel an existing quote.","operationId":"Confirm or Cancel an quote & deal order.","parameters":[{"name":"orderId","in":"path","description":"Order reference number.","required":true,"schema":{"$ref":"#/components/schemas/OrderIdentifier"}},{"name":"requestId","in":"header","description":"The requestId prevents duplicate orders being placed. A received Order with the same value in the requestId as a previous Order will return a 409 conflict status response","required":true,"schema":{"pattern":"^[a-zA-Z0-9-]{1,100}$","type":"string"},"example":"12345-6789-101112-131415"},{"name":"action","in":"query","description":"Action to be performed.","required":false,"schema":{"$ref":"#/components/schemas/OrderAction"}}],"requestBody":{"content":{"application/json":{"schema":{"$ref":"#/components/schemas/BuyQuoteAndDealUpdateOrder"}}},"required":true},"responses":{"204":{"description":"The server has successfully fulfilled the request with no content to serve."},"400":{"description":"Bad request. Refer to the moreinfo section for details.  Please check that you've entered the correct parameters.","content":{"application/json":{"schema":{"$ref":"#/components/schemas/Message"}}}},"401":{"description":"Unable to authorise the credentials that were supplied.","content":{"application/json":{"schema":{"$ref":"#/components/schemas/Message"}}}},"422":{"description":"Business rule validation failure.","content":{"application/json":{"schema":{"$ref":"#/components/schemas/Message"}}}},"429":{"description":"There are too many requests in a given amount of time.","content":{"application/json":{"schema":{"$ref":"#/components/schemas/Message"}}}},"500":{"description":"There was an internal issue calling the service. This is likely to be a permanent error. Please contact FIL for support.","content":{"application/json":{"schema":{"$ref":"#/components/schemas/Message"}}}}},"callbacks":{"status":{"Post Processing":{"post":{"requestBody":{"$ref":"#/components/requestBodies/CallbackRequestBody"},"responses":{"200":{"description":"OK"}}}}}}}},"/buy/limit-order":{"get":{"tags":["Buy - Limit Order"],"summary":"Search orders based on search criteria.","description":"Search orders based on search criteria.","operationId":"Search limit orders","parameters":[{"name":"requestId","in":"header","description":"The requestId prevents duplicate orders being placed. A received Order with the same value in the requestId as a previous Order will return a 409 conflict status response","schema":{"pattern":"^[a-zA-Z0-9-]{1,100}$","type":"string"},"example":"12345-6789-101112-131415"},{"name":"financialPartnerId","in":"query","description":"Unique agency number i.e. UAN","required":false,"schema":{"$ref":"#/components/schemas/FinancialPartnerIdentifier"},"example":"123456"},{"name":"accountIds","in":"query","description":"Arrary of account ids.","required":false,"style":"pipeDelimited","explode":false,"schema":{"maxItems":25,"minItems":1,"type":"array","items":{"$ref":"#/components/schemas/AccountIdentifier"}},"example":["1234567890","0987654321"]},{"name":"fromDate","in":"query","description":"Find items from date.","required":false,"schema":{"$ref":"#/components/schemas/Date"}},{"name":"toDate","in":"query","description":"Find items to date.","required":false,"schema":{"$ref":"#/components/schemas/Date"}},{"name":"pageNum","in":"query","description":"The number of page to start to collect the result set.","required":false,"schema":{"minimum":1,"type":"integer","default":1}},{"name":"maxPageSize","in":"query","description":"The max number of items to return.","required":false,"schema":{"maximum":1E+2,"minimum":1,"type":"integer","default":25}},{"name":"sortBy","in":"query","description":"Results can be sorted in asc or desc order using bookingDateTime and orderId fields.","required":false,"style":"pipeDelimited","explode":false,"schema":{"type":"array","items":{"type":"string"},"default":["bookingDateTime:desc","orderId:desc"]}}],"responses":{"200":{"description":"List of orders matching search critera.","content":{"application/json":{"schema":{"$ref":"#/components/schemas/BuyLimitOrderSearchResults"}}}},"206":{"description":"Paginated list of orders matching search critera.","content":{"application/json":{"schema":{"$ref":"#/components/schemas/BuyLimitOrderSearchResults"}}}},"400":{"description":"Bad request. Refer to the moreinfo section for details.  Please check that you've entered the correct parameters.","content":{"application/json":{"schema":{"$ref":"#/components/schemas/Message"}}}},"401":{"description":"Unable to authorise the credentials that were supplied.","content":{"application/json":{"schema":{"$ref":"#/components/schemas/Message"}}}},"500":{"description":"There was an internal issue calling the service. This is likely to be a permanent error. Please contact FIL for support.","content":{"application/json":{"schema":{"$ref":"#/components/schemas/Message"}}}}}},"post":{"tags":["Buy - Limit Order"],"summary":"Create a limit order on a customer's existing account.","description":"It saves or submits a new buy order passed as request payload. Limit order can be placed even when market is closed for the selected asset. In this case, order will be placed (given price has reached the limit), when market opens next. In case, market closure reaches for the day without the order being placed, then order expires.","operationId":"Create a limit order.","parameters":[{"name":"requestId","in":"header","description":"The requestId prevents duplicate orders being placed. A received Order with the same value in the requestId as a previous Order will return a 409 conflict status response","required":true,"schema":{"pattern":"^[a-zA-Z0-9-]{1,100}$","type":"string"},"example":"12345-6789-101112-131415"},{"name":"action","in":"query","description":"Action to be performed.","required":false,"schema":{"$ref":"#/components/schemas/OrderAction"}}],"requestBody":{"content":{"application/json":{"schema":{"$ref":"#/components/schemas/BuyLimitOrder"}}},"required":true},"responses":{"201":{"description":"Order is created successfully.","content":{"application/json":{"schema":{"$ref":"#/components/schemas/BuyLimitOrder"}}}},"400":{"description":"Bad request. Refer to the moreinfo section for details.  Please check that you've entered the correct parameters.","content":{"application/json":{"schema":{"$ref":"#/components/schemas/Message"}}}},"401":{"description":"Unable to authorise the credentials that were supplied.","content":{"application/json":{"schema":{"$ref":"#/components/schemas/Message"}}}},"422":{"description":"Business rule validation failure.","content":{"application/json":{"schema":{"$ref":"#/components/schemas/Message"}}}},"429":{"description":"There are too many requests in a given amount of time.","content":{"application/json":{"schema":{"$ref":"#/components/schemas/Message"}}}},"500":{"description":"There was an internal issue calling the service. This is likely to be a permanent error. Please contact FIL for support.","content":{"application/json":{"schema":{"$ref":"#/components/schemas/Message"}}}}},"callbacks":{"status":{"Post Processing":{"post":{"requestBody":{"$ref":"#/components/requestBodies/CallbackRequestBody"},"responses":{"200":{"description":"OK"}}}}}}}},"/buy/limit-order/{orderId}":{"get":{"tags":["Buy - Limit Order"],"summary":"Return limit order by order id.","description":"It returns an existing buy order by order id.","operationId":"Fetch limit order by order id.","parameters":[{"name":"orderId","in":"path","description":"Order reference number.","required":true,"schema":{"$ref":"#/components/schemas/OrderIdentifier"}},{"name":"requestId","in":"header","description":"The requestId prevents duplicate orders being placed. A received Order with the same value in the requestId as a previous Order will return a 409 conflict status response","schema":{"pattern":"^[a-zA-Z0-9-]{1,100}$","type":"string"},"example":"12345-6789-101112-131415"}],"responses":{"200":{"description":"A buy order.","content":{"application/json":{"schema":{"$ref":"#/components/schemas/BuyLimitOrder"}}}},"400":{"description":"Bad request. Refer to the moreinfo section for details.  Please check that you've entered the correct parameters.","content":{"application/json":{"schema":{"$ref":"#/components/schemas/Message"}}}},"401":{"description":"Unable to authorise the credentials that were supplied.","content":{"application/json":{"schema":{"$ref":"#/components/schemas/Message"}}}},"404":{"description":"Item not found.","content":{"application/json":{"schema":{"$ref":"#/components/schemas/Message"}}}},"429":{"description":"There are too many requests in a given amount of time.","content":{"application/json":{"schema":{"$ref":"#/components/schemas/Message"}}}},"500":{"description":"There was an internal issue calling the service. This is likely to be a permanent error. Please contact FIL for support.","content":{"application/json":{"schema":{"$ref":"#/components/schemas/Message"}}}}}},"patch":{"tags":["Buy - Limit Order"],"summary":"Cancel an existing limit order on a customer's existing account.","description":"It confirm / cancel an existing quote.","operationId":"Cancel a limit order.","parameters":[{"name":"orderId","in":"path","description":"Order reference number.","required":true,"schema":{"$ref":"#/components/schemas/OrderIdentifier"}},{"name":"requestId","in":"header","description":"The requestId prevents duplicate orders being placed. A received Order with the same value in the requestId as a previous Order will return a 409 conflict status response","required":true,"schema":{"pattern":"^[a-zA-Z0-9-]{1,100}$","type":"string"},"example":"12345-6789-101112-131415"},{"name":"action","in":"query","description":"Action to be performed.","required":false,"schema":{"$ref":"#/components/schemas/OrderAction"}}],"requestBody":{"content":{"application/json":{"schema":{"$ref":"#/components/schemas/UpdateLimitOrder"}}},"required":true},"responses":{"204":{"description":"The server has successfully fulfilled the request with no content to serve."},"400":{"description":"Bad request. Refer to the moreinfo section for details.  Please check that you've entered the correct parameters.","content":{"application/json":{"schema":{"$ref":"#/components/schemas/Message"}}}},"401":{"description":"Unable to authorise the credentials that were supplied.","content":{"application/json":{"schema":{"$ref":"#/components/schemas/Message"}}}},"422":{"description":"Business rule validation failure.","content":{"application/json":{"schema":{"$ref":"#/components/schemas/Message"}}}},"429":{"description":"There are too many requests in a given amount of time.","content":{"application/json":{"schema":{"$ref":"#/components/schemas/Message"}}}},"500":{"description":"There was an internal issue calling the service. This is likely to be a permanent error. Please contact FIL for support.","content":{"application/json":{"schema":{"$ref":"#/components/schemas/Message"}}}}},"callbacks":{"status":{"Post Processing":{"post":{"requestBody":{"$ref":"#/components/requestBodies/CallbackRequestBody"},"responses":{"200":{"description":"OK"}}}}}}}},"/buy/{orderId}/payment-slip":{"get":{"tags":["Documents"],"summary":"Download a payment slip i.e. CPS or EFT slip.","description":"It returns a payment slip against a order id.","operationId":"Download payment slip.","parameters":[{"name":"requestId","in":"header","description":"The requestId prevents duplicate orders being placed. A received Order with the same value in the requestId as a previous Order will return a 409 conflict status response","schema":{"pattern":"^[a-zA-Z0-9-]{1,100}$","type":"string"},"example":"12345-6789-101112-131415"},{"name":"orderId","in":"path","description":"Order reference number.","required":true,"schema":{"$ref":"#/components/schemas/OrderIdentifier"}}],"responses":{"200":{"description":"Payment slip.","content":{"application/pdf":{"schema":{"type":"string","format":"binary"}}}},"400":{"description":"Bad request. Refer to the moreinfo section for details.  Please check that you've entered the correct parameters.","content":{"application/json":{"schema":{"$ref":"#/components/schemas/Message"}}}},"401":{"description":"Unable to authorise the credentials that were supplied.","content":{"application/json":{"schema":{"$ref":"#/components/schemas/Message"}}}},"404":{"description":"Item not found.","content":{"application/json":{"schema":{"$ref":"#/components/schemas/Message"}}}},"429":{"description":"There are too many requests in a given amount of time.","content":{"application/json":{"schema":{"$ref":"#/components/schemas/Message"}}}},"500":{"description":"There was an internal issue calling the service. This is likely to be a permanent error. Please contact FIL for support.","content":{"application/json":{"schema":{"$ref":"#/components/schemas/Message"}}}}}}},"/phased-investment":{"post":{"tags":["Phased Investment"],"summary":"Create a phased investment order on a customer's existing account.","description":"It saves or submits a new phased investment order passed as request payload.","operationId":"Create a phased investment order.","parameters":[{"name":"requestId","in":"header","description":"The requestId prevents duplicate orders being placed. A received Order with the same value in the requestId as a previous Order will return a 409 conflict status response","required":true,"schema":{"pattern":"^[a-zA-Z0-9-]{1,100}$","type":"string"},"example":"12345-6789-101112-131415"},{"name":"action","in":"query","description":"Action to be performed.","required":false,"schema":{"$ref":"#/components/schemas/OrderAction"}}],"requestBody":{"content":{"application/json":{"schema":{"$ref":"#/components/schemas/SetupPhasedInvestmentOrder"}}},"required":true},"responses":{"202":{"description":"Request to setup a Phased Investment successfully captured.","content":{"application/json":{"schema":{"$ref":"#/components/schemas/PhasedInvestmentOrder"}}}},"400":{"description":"Bad request. Refer to the moreinfo section for details.  Please check that you've entered the correct parameters.","content":{"application/json":{"schema":{"$ref":"#/components/schemas/Message"}}}},"401":{"description":"Unable to authorise the credentials that were supplied.","content":{"application/json":{"schema":{"$ref":"#/components/schemas/Message"}}}},"422":{"description":"Business rule validation failure.","content":{"application/json":{"schema":{"$ref":"#/components/schemas/Message"}}}},"429":{"description":"There are too many requests in a given amount of time.","content":{"application/json":{"schema":{"$ref":"#/components/schemas/Message"}}}},"500":{"description":"There was an internal issue calling the service. This is likely to be a permanent error. Please contact FIL for support.","content":{"application/json":{"schema":{"$ref":"#/components/schemas/Message"}}}}},"callbacks":{"status":{"Post Processing":{"post":{"requestBody":{"$ref":"#/components/requestBodies/CallbackRequestBody"},"responses":{"200":{"description":"OK"}}}}}}}},"/phased-investment/order/{orderId}":{"get":{"tags":["Phased Investment"],"summary":"Return existing phased investment order by orderId.","description":"It return existing phased investment order by orderId.","operationId":"Return existing phased investment order by orderId.","parameters":[{"name":"requestId","in":"header","description":"The requestId prevents duplicate orders being placed. A received Order with the same value in the requestId as a previous Order will return a 409 conflict status response","schema":{"pattern":"^[a-zA-Z0-9-]{1,100}$","type":"string"},"example":"12345-6789-101112-131415"},{"name":"orderId","in":"path","description":"Order reference number.","required":true,"schema":{"$ref":"#/components/schemas/OrderIdentifier"}}],"responses":{"200":{"description":"Phased Investment Order","content":{"application/json":{"schema":{"$ref":"#/components/schemas/PhasedInvestmentOrder"}}}},"400":{"description":"Bad request. Refer to the moreinfo section for details.  Please check that you've entered the correct parameters.","content":{"application/json":{"schema":{"$ref":"#/components/schemas/Message"}}}},"401":{"description":"Unable to authorise the credentials that were supplied.","content":{"application/json":{"schema":{"$ref":"#/components/schemas/Message"}}}},"404":{"description":"Item not found.","content":{"application/json":{"schema":{"$ref":"#/components/schemas/Message"}}}},"429":{"description":"There are too many requests in a given amount of time.","content":{"application/json":{"schema":{"$ref":"#/components/schemas/Message"}}}},"500":{"description":"There was an internal issue calling the service. This is likely to be a permanent error. Please contact FIL for support.","content":{"application/json":{"schema":{"$ref":"#/components/schemas/Message"}}}}}}},"/phased-investment/{phasedInvestmentId}":{"get":{"tags":["Phased Investment"],"summary":"Return existing phased investment plan by its id.","description":"It return existing phased investment plan by its id.","operationId":"Fetch plan by id","parameters":[{"name":"requestId","in":"header","description":"The requestId prevents duplicate orders being placed. A received Order with the same value in the requestId as a previous Order will return a 409 conflict status response","schema":{"pattern":"^[a-zA-Z0-9-]{1,100}$","type":"string"},"example":"12345-6789-101112-131415"},{"name":"phasedInvestmentId","in":"path","description":"Phased Investment identifier.","required":true,"schema":{"$ref":"#/components/schemas/PhasedInvestmentIdentifier"}}],"responses":{"200":{"description":"Phased Investment","content":{"application/json":{"schema":{"$ref":"#/components/schemas/PhasedInvestmentPlan"}}}},"400":{"description":"Bad request. Refer to the moreinfo section for details.  Please check that you've entered the correct parameters.","content":{"application/json":{"schema":{"$ref":"#/components/schemas/Message"}}}},"401":{"description":"Unable to authorise the credentials that were supplied.","content":{"application/json":{"schema":{"$ref":"#/components/schemas/Message"}}}},"404":{"description":"Item not found.","content":{"application/json":{"schema":{"$ref":"#/components/schemas/Message"}}}},"429":{"description":"There are too many requests in a given amount of time.","content":{"application/json":{"schema":{"$ref":"#/components/schemas/Message"}}}},"500":{"description":"There was an internal issue calling the service. This is likely to be a permanent error. Please contact FIL for support.","content":{"application/json":{"schema":{"$ref":"#/components/schemas/Message"}}}}}},"patch":{"tags":["Phased Investment"],"summary":"Patch an existing phased investment plan.","description":"It updates existing phased investment plan.","operationId":"Update order","parameters":[{"name":"requestId","in":"header","description":"The requestId prevents duplicate orders being placed. A received Order with the same value in the requestId as a previous Order will return a 409 conflict status response","required":true,"schema":{"pattern":"^[a-zA-Z0-9-]{1,100}$","type":"string"},"example":"12345-6789-101112-131415"},{"name":"phasedInvestmentId","in":"path","description":"Phased Investment identifier.","required":true,"schema":{"$ref":"#/components/schemas/PhasedInvestmentIdentifier"}},{"name":"action","in":"query","description":"Action to be performed.","required":false,"schema":{"$ref":"#/components/schemas/OrderAction"}}],"requestBody":{"content":{"application/json":{"schema":{"$ref":"#/components/schemas/AmendPhasedInvestmentOrder"}}},"required":true},"responses":{"202":{"description":"Request to amend existing phased investment successfully captured.","content":{"application/json":{"schema":{"$ref":"#/components/schemas/PhasedInvestmentOrder"}}}},"400":{"description":"Bad request. Refer to the moreinfo section for details.  Please check that you've entered the correct parameters.","content":{"application/json":{"schema":{"$ref":"#/components/schemas/Message"}}}},"401":{"description":"Unable to authorise the credentials that were supplied.","content":{"application/json":{"schema":{"$ref":"#/components/schemas/Message"}}}},"404":{"description":"Item not found.","content":{"application/json":{"schema":{"$ref":"#/components/schemas/Message"}}}},"422":{"description":"Business rule validation failure.","content":{"application/json":{"schema":{"$ref":"#/components/schemas/Message"}}}},"429":{"description":"There are too many requests in a given amount of time.","content":{"application/json":{"schema":{"$ref":"#/components/schemas/Message"}}}},"500":{"description":"There was an internal issue calling the service. This is likely to be a permanent error. Please contact FIL for support.","content":{"application/json":{"schema":{"$ref":"#/components/schemas/Message"}}}}},"callbacks":{"status":{"Post Processing":{"post":{"requestBody":{"$ref":"#/components/requestBodies/CallbackRequestBody"},"responses":{"200":{"description":"OK"}}}}}}}},"/phased-investments":{"get":{"tags":["Phased Investment"],"summary":"Return all existing phased investment plans on a customer's account.","description":"Return all existing phased investment plans.","operationId":"Fetch plans","parameters":[{"name":"requestId","in":"header","description":"The requestId prevents duplicate orders being placed. A received Order with the same value in the requestId as a previous Order will return a 409 conflict status response","schema":{"pattern":"^[a-zA-Z0-9-]{1,100}$","type":"string"},"example":"12345-6789-101112-131415"},{"name":"accountId","in":"query","description":"Account identifier.","required":true,"schema":{"$ref":"#/components/schemas/AccountIdentifier"},"example":"0987654321"}],"responses":{"200":{"description":"Phased investments.","content":{"application/json":{"schema":{"type":"array","items":{"$ref":"#/components/schemas/PhasedInvestmentPlan"}}}}},"400":{"description":"Bad request. Refer to the moreinfo section for details.  Please check that you've entered the correct parameters.","content":{"application/json":{"schema":{"$ref":"#/components/schemas/Message"}}}},"401":{"description":"Unable to authorise the credentials that were supplied.","content":{"application/json":{"schema":{"$ref":"#/components/schemas/Message"}}}},"404":{"description":"Item not found.","content":{"application/json":{"schema":{"$ref":"#/components/schemas/Message"}}}},"429":{"description":"There are too many requests in a given amount of time.","content":{"application/json":{"schema":{"$ref":"#/components/schemas/Message"}}}},"500":{"description":"There was an internal issue calling the service. This is likely to be a permanent error. Please contact FIL for support.","content":{"application/json":{"schema":{"$ref":"#/components/schemas/Message"}}}}}}}},"components":{"schemas":{"FinancialPartnerIdentifier":{"type":"string","description":"Unique agency number i.e. UAN","example":"123456"},"AccountIdentifier":{"type":"string","description":"The account number.","example":"1357908642"},"Date":{"type":"string","description":"The full-date notation as defined by RFC 3339, section 5.6, for example, 2017-07-21","format":"date","example":"2017-07-21"},"BuyAggregatedOrderSearchResults":{"type":"object","properties":{"orders":{"type":"array","items":{"$ref":"#/components/schemas/BuyAggregatedOrder"}},"pagination":{"$ref":"#/components/schemas/Pagination"}}},"BuyAggregatedOrder":{"allOf":[{"$ref":"#/components/schemas/BuyOrder"},{"required":["buy","fundingDetails"],"type":"object","properties":{"accountType":{"$ref":"#/components/schemas/AccountType"},"taxYear":{"$ref":"#/components/schemas/InvestmentTaxYear"},"buy":{"$ref":"#/components/schemas/BuyOrderType"},"fundingDetails":{"$ref":"#/components/schemas/OneTimeFundingDetails"}}}]},"BuyOrder":{"allOf":[{"$ref":"#/components/schemas/AdvisedOrder"},{"type":"object","properties":{"status":{"type":"string","readOnly":true,"enum":["IN_PROGRESS","COMPLETED","NOT_PROCESSED"]},"reason":{"type":"string","readOnly":true,"enum":["AWAITING_PROCESSING","AWAITING_PAYMENT","AWAITING_SETTLEMENT","EXPIRED","REJECTED","CANCELLED"]}}}]},"AdvisedOrder":{"allOf":[{"$ref":"#/components/schemas/Order"},{"type":"object","properties":{"adviceGiven":{"$ref":"#/components/schemas/AdviceGiven"},"decisionMakers":{"$ref":"#/components/schemas/DecisionMakers"}}}]},"Order":{"required":["accountId"],"type":"object","properties":{"orderId":{"type":"string","description":"A unique reference used to identify the order.","readOnly":true,"example":"1234567890"},"externalReference":{"$ref":"#/components/schemas/ExternalReference"},"accountId":{"$ref":"#/components/schemas/AccountIdentifier"},"contributionTypeId":{"$ref":"#/components/schemas/ContributionTypeIdentifier"},"bookingDateTime":{"type":"string","description":"The date-time notation as defined by RFC 3339, section 5.6, for example, 2017-07-21T17:32:28Z","format":"date-time","readOnly":true,"example":"2017-07-21T17:32:28Z"},"links":{"type":"array","readOnly":true,"items":{"$ref":"#/components/schemas/Link"}}}},"ExternalReference":{"type":"string","description":"This is a client-generated reference number to be stored against the order.","example":"XYZ-121-ABC"},"ContributionTypeIdentifier":{"type":"string","description":"An identifier of the contribution type.","example":"EEX1"},"Link":{"type":"object","properties":{"rel":{"type":"string","example":"self"},"href":{"type":"string","example":"https://{host}/{resource}/{version}/{resourceId}"},"method":{"type":"string","example":"GET"}}},"AdviceGiven":{"type":"string","description":"Signifies if advice was given for the order. The range of available assets is impacted by selection of this attribute. FIL need to provide the Financial Conduct Authority with information on the number of deals that have been placed both with, and without, advice from an Financial Partner, on a quarterly basis.","example":"YES","enum":["YES","NO"]},"DecisionMakers":{"required":["appointees","authority"],"type":"object","properties":{"authority":{"$ref":"#/components/schemas/DecisionMakerTypes"},"appointees":{"type":"array","description":"In case of <b>COURT_OF_PROTECTION_JOINTLY_AND_SEVERALLY</b> and <b> POWER_OF_ATTORNEY_JOINTLY_AND_SEVERALLY</b>, supply the list of all the appointed deputies or attorneys (appointees) who have made the decision to place this instruction. In case of <b>COURT_OF_PROTECTION_JOINTLY</b> and <b>POWER_OF_ATTORNEY_JOINTLY</b>, supply all the appointed deputies or attorneys (appointees) acting jointly to place this instruction.","items":{"$ref":"#/components/schemas/CustomerIdentifier"}}},"description":"<p>One of the fields that affects the 'Foreign Exchange' and 'Contract For Difference' trading in the brokerage industry is ‘Decision Maker’. In addition to stating the underlying buyer or seller of a trade, MiFID II transaction reporting requires clarification if there is a third party involved that was granted authority to place the transaction.</p>\n<p>According to the European Securities and Markets Authority's (ESMAs) Transaction Reporting Guidelines published on October 2016, a 'Decision Maker' is any third party authorised to transact for a client.</p>\n<p><b>Account with COP or POA attached</b><br/> Please supply the individual or corporation that have acted on behalf of the client for this instruction. When third parties act jointly, you should supply all those entities. Where third parties can act jointly or severally, please supply the entities that have made this instruction.</p>\n<p><b>Account with Discretionary Fund Manager's model attached</b><br/> In case instruction is placed on an account, linked to Discretionary Fund Manager's model, system will report Discretionary Fund Manager as decision maker. There is no need to supply anything as part of request explicitly</p>\n<p><b>Junior ISA or Pension Account</b><br/> In case instruction is placed on junior account, system will report the Guardian as decision maker. There is no need to supply anything as part of request explicitly</p>"},"DecisionMakerTypes":{"type":"string","enum":["COURT_OF_PROTECTION_JOINTLY_AND_SEVERALLY","COURT_OF_PROTECTION_JOINTLY","POWER_OF_ATTORNEY_JOINTLY_AND_SEVERALLY","POWER_OF_ATTORNEY_JOINTLY"]},"CustomerIdentifier":{"type":"string","description":"Customer global reference number.","example":"123456789098"},"AccountType":{"type":"string","description":"Fidelity offers a wide range of accounts. Supported account types are Individual Savings Account (ISA), General Investment Account (GIA) and Cash Management Account (CMA). The other products include Pension and Bonds whicn include their variances as well.","enum":["ISA","JISA","GIA","SIPP","JSIPP","CMA","INTERNATIONAL_BOND","INVESTMENT_BOND","WORKPLACE_PENSION","LIFETIME_ISA"]},"InvestmentTaxYear":{"type":"string","description":"Future tax year investments will show as ordered transactions but will not be priced until the start of tax year.","default":"CURRENT_TAX_YEAR","enum":["CURRENT_TAX_YEAR","NEXT_TAX_YEAR"]},"BuyOrderType":{"type":"object","properties":{"byAmount":{"$ref":"#/components/schemas/AmountBasedBuy"},"byUnit":{"$ref":"#/components/schemas/UnitBasedBuy"},"byModel":{"$ref":"#/components/schemas/ModelBasedBuy"},"byPercentage":{"$ref":"#/components/schemas/PercentageBasedBuy"}}},"AmountBasedBuy":{"required":["assets"],"type":"object","properties":{"assets":{"type":"array","items":{"$ref":"#/components/schemas/AssetQuantityInAmount"}}}},"AssetQuantityInAmount":{"required":["amount","assetId"],"properties":{"externalReference":{"$ref":"#/components/schemas/ExternalReference"},"assetName":{"$ref":"#/components/schemas/AssetNameRO"},"assetId":{"$ref":"#/components/schemas/AssetIdentifier"},"amount":{"$ref":"#/components/schemas/MonetaryAmount"}}},"AssetNameRO":{"type":"string","description":"An asset name.","readOnly":true,"example":"Fidelity Short Term Income Fund"},"AssetIdentifier":{"required":["type","value"],"type":"object","properties":{"type":{"type":"string","description":"The type of value provided. Supported values include ISIN and SEDOL. If the order is for CASH then you can pass in CASH and pass CASH as the value.","enum":["ISIN","SEDOL","RIC","CASH","CUSIP","FUND_CODE"]},"value":{"type":"string","description":"The Asset identifier value. In case of CASH, specify value as CASH.","example":"GB00B62Z3C74"}},"description":"An identifier of the asset. This would typically be an ISIN or SEDOL number. You can set the specific type being sent in the type property."},"MonetaryAmount":{"title":"Monetary Amount","required":["currency","value"],"type":"object","properties":{"value":{"$ref":"#/components/schemas/AmountValue"},"currency":{"$ref":"#/components/schemas/Currency"}},"description":"Schema defining monetary amount in given currency."},"AmountValue":{"multipleOf":0.01,"type":"number","example":1E+2},"Currency":{"type":"string","description":"ISO 4217 currency code, e.g.: GBP, EUR, USD","example":"GBP"},"UnitBasedBuy":{"required":["assets"],"type":"object","properties":{"assets":{"type":"array","items":{"$ref":"#/components/schemas/AssetQuantityInUnits"}}}},"AssetQuantityInUnits":{"required":["assetId","units"],"properties":{"externalReference":{"$ref":"#/components/schemas/ExternalReference"},"assetName":{"$ref":"#/components/schemas/AssetNameRO"},"assetId":{"$ref":"#/components/schemas/AssetIdentifier"},"units":{"$ref":"#/components/schemas/Units"}}},"Units":{"minimum":1,"type":"integer"},"ModelBasedBuy":{"required":["amount"],"properties":{"amount":{"$ref":"#/components/schemas/MonetaryAmount"},"modelId":{"$ref":"#/components/schemas/ModelPortfolioIdentifier"}},"description":"Investment will be done in model linked to account only. If no model is linked or different modelId other than linked is provided then an error will be thrown. In case of new account, model id is mandatory."},"ModelPortfolioIdentifier":{"type":"string","description":"Model portfolio reference number.","example":"1234567890"},"PercentageBasedBuy":{"required":["amount","assets"],"properties":{"amount":{"$ref":"#/components/schemas/MonetaryAmount"},"assets":{"type":"array","items":{"$ref":"#/components/schemas/AssetQuantityInPercentage"}}},"description":"The percentage of the total amount to allocate to different assets. The total of all percentage quantities must equal 100."},"AssetQuantityInPercentage":{"required":["assetId","percentage"],"properties":{"externalReference":{"$ref":"#/components/schemas/ExternalReference"},"assetName":{"$ref":"#/components/schemas/AssetNameRO"},"assetId":{"$ref":"#/components/schemas/AssetIdentifier"},"percentage":{"$ref":"#/components/schemas/Percentage"}},"description":"The percentage of the total amount to allocate to this particular asset."},"Percentage":{"multipleOf":0.01,"maximum":1E+2,"minimum":0,"type":"number","example":1E+2},"OneTimeFundingDetails":{"type":"object","properties":{"platformAccount":{"$ref":"#/components/schemas/ExistingFidelityAccount"},"newMoney":{"$ref":"#/components/schemas/OneTimePaymentDetails"}}},"ExistingFidelityAccount":{"required":["accountId"],"type":"object","properties":{"accountId":{"$ref":"#/components/schemas/AccountIdentifier"}}},"OneTimePaymentDetails":{"required":["paymentMethod","payor","sourceOfIncome"],"type":"object","properties":{"paymentMethod":{"$ref":"#/components/schemas/OneTimePaymentMethod"},"initialFee":{"$ref":"#/components/schemas/InitialFeeInAmount"},"sourceOfIncome":{"$ref":"#/components/schemas/SourceOfIncome"},"payor":{"$ref":"#/components/schemas/PayorDetails"}}},"OneTimePaymentMethod":{"type":"object","properties":{"cheque":{"$ref":"#/components/schemas/ChequePayment"},"debitCard":{"$ref":"#/components/schemas/CardPayment"},"bankTransfer":{"$ref":"#/components/schemas/BankTransfer"}}},"ChequePayment":{"required":["paymentMode"],"type":"object","properties":{"paymentMode":{"type":"string","default":"CHEQUE","enum":["CHEQUE"]},"paymentSlip":{"type":"string","description":"Link to Cheque Payment Slip, which your client would have to download / print & send to Fidelity along with Cheque. This payment slip has order id printed, it helps back office team to link this cheque with Order submitted.","readOnly":true,"example":"https://sandbox.api.fil.com/orders/v1/buy/123456789/payment-slip"}}},"CardPayment":{"required":["paymentAuthorisationId","paymentMode"],"type":"object","properties":{"paymentMode":{"type":"string","default":"DEBIT_CARD","enum":["DEBIT_CARD"]},"paymentAuthorisationId":{"type":"string","description":"Pre-authorised card transaction id.","example":"1234567890"},"cardDetails":{"$ref":"#/components/schemas/CardDetails"}}},"CardDetails":{"type":"object","properties":{"number":{"type":"string","description":"The masked card number.","readOnly":true,"example":"************0011"},"type":{"type":"string","description":"Card type.","readOnly":true,"example":"VISA"}}},"BankTransfer":{"required":["paymentMode"],"type":"object","properties":{"paymentMode":{"type":"string","default":"BANK_TRANSFER","enum":["BANK_TRANSFER"]},"bankAccountDetails":{"$ref":"#/components/schemas/DepositBankAccountDetails"},"paymentSlip":{"type":"string","description":"Link to EFT Payment Slip with total amount & Fidelity Bank Account detailes printed. Client should transfer the exact amount in the bank account mentioned. Remember to mention order id in the remarks / narration while transferring money, it helps back office team to link the payment with Order submitted.","readOnly":true,"example":"https://sandbox.api.fil.com/orders/v1/buy/123456789/payment-slip"}}},"DepositBankAccountDetails":{"type":"object","properties":{"accountName":{"type":"string","readOnly":true,"example":"XYZ Investment Inc"},"accountNumber":{"type":"string","description":"Bank account number or IBAN","readOnly":true,"example":"1234567890"},"bankName":{"type":"string","readOnly":true,"example":"Santander Bank"},"bankIdentifiers":{"type":"array","readOnly":true,"items":{"$ref":"#/components/schemas/BankIdentifier"}}},"description":"Fidelity Deposit bank account details.","readOnly":true},"BankIdentifier":{"type":"object","properties":{"type":{"type":"string","enum":["SWIFT_CODE","SORT_CODE","IFSC_CODE","BSB_CODE","TRANSIT_NUMBER","BRANCH_CODE","VO_CODE","CLEARING_CODE","BANK_CODE","BUDGET_CODE","BIK_CODE"]},"value":{"type":"string"}}},"InitialFeeInAmount":{"title":"Fee Details","required":["currency","taxIncluded","type","value"],"type":"object","description":"For advised business, please explicity define fee value else order will be rejected. Specified as a monetary amount.","example":{"type":"AMOUNT","value":1.5,"currency":"GBP","taxIncluded":"YES"},"allOf":[{"$ref":"#/components/schemas/InitialFee"},{"type":"object","properties":{"type":{"type":"string","description":"The type. Expressed as a monetary amount.","enum":["AMOUNT"]}}}]},"InitialFee":{"title":"Fee Details","required":["currency","taxIncluded","type","value"],"type":"object","properties":{"type":{"type":"string","enum":["AMOUNT","PERCENTAGE"]},"value":{"multipleOf":0.01,"type":"number","description":"The fee value as per defined type."},"currency":{"$ref":"#/components/schemas/Currency"},"taxIncluded":{"type":"string","description":"This confirms if tax is included in the fee amount. This is a mandatory field which must be in upper case and may be one of the following values: YES or NO.","enum":["YES","NO"]}},"description":"For advised business, please explicity define fee value else order will be rejected. Specified as a monetary amount or in percentage.","example":{"type":"AMOUNT","value":1.5,"currency":"GBP","taxIncluded":"YES"}},"SourceOfIncome":{"type":"string","description":"Source of income like Savings from income, Sale of property, Lottery etc.","example":"Savings from income"},"PayorDetails":{"required":["customerId","payorType"],"type":"object","properties":{"customerId":{"$ref":"#/components/schemas/CustomerIdentifier"},"payorType":{"type":"string","enum":["PERSONAL","EMPLOYER","THIRD_PERSON"]}}},"Pagination":{"type":"object","properties":{"currentPageNum":{"type":"integer","description":"Current page number."},"currentPageSize":{"type":"integer","description":"Count of items on current page."},"startAt":{"type":"integer","description":"Start at page number."},"maxPageSize":{"type":"integer","description":"Maximum number of items allowed on a page."},"totalElements":{"type":"integer","description":"Count of all available items."},"totalPages":{"type":"integer","description":"Count of all available pages."},"links":{"properties":{"self":{"properties":{"href":{"type":"string","description":"url of the current page."}}},"next":{"properties":{"href":{"type":"string","description":"url of the next page."}}},"previous":{"properties":{"href":{"type":"string","description":"url of the previous page."}}},"first":{"properties":{"href":{"type":"string","description":"url of the first page."}}},"last":{"properties":{"href":{"type":"string","description":"url of the last page."}}}}}},"readOnly":true,"example":{"currentPageNum":2,"currentPageSize":20,"startAt":20,"maxPageSize":20,"totalElements":9063,"totalPages":454,"links":{"self":{"href":"https://api.fil.com/v1/resources?maxPageSize=20&pageNum=1&sortBy=fundShortName:asc"},"next":{"href":"https://api.fil.com/v1/resources?maxPageSize=20&pageNum=2&sortBy=fundShortName:asc"},"previous":{"href":"null"},"first":{"href":"https://api.fil.com/v1/resources?maxPageSize=20&pageNum=1&sortBy=fundShortName:asc"},"last":{"href":"https://api.fil.com/v1/resources?maxPageSize=20&pageNum=454&sortBy=fundShortName:asc"}}}},"Message":{"required":["modeInfo"],"type":"object","properties":{"moreInfo":{"$ref":"#/components/schemas/MoreInfo"}}},"MoreInfo":{"required":["code","userMessage"],"type":"object","properties":{"code":{"maxLength":50,"type":"string"},"developerMessage":{"type":"array","description":"Technical error details.","items":{"type":"string"}},"userMessage":{"maxLength":100,"type":"string","description":"Message for display."},"moreInfo":{"type":"string","example":"http://fildgest.com/errors/12345"},"errorMessages":{"type":"array","items":{"$ref":"#/components/schemas/ErrorMessage"}}}},"ErrorMessage":{"required":["code","message"],"type":"object","properties":{"argument":{"$ref":"#/components/schemas/Argument"},"code":{"maxLength":50,"type":"string"},"message":{"maxLength":100,"type":"string"}}},"Argument":{"required":["key"],"type":"object","properties":{"key":{"maxLength":50,"type":"string","description":"field name for which error is returned"},"value":{"maxLength":200,"type":"string","description":"Erroneous value passed in request. Value will be sanitized for any  HTML code before returning."}}},"OrderAction":{"type":"string","enum":["VALIDATE_ONLY","DRAFT_ONLY"]},"CallbackMessage":{"required":["timestamp"],"type":"object","properties":{"identifier":{"type":"string","example":"123456789"},"type":{"type":"string","example":"BUY_ORDER"},"status":{"type":"string","enum":["SUCCESS","FAILED"]},"timestamp":{"$ref":"#/components/schemas/DateTime"},"links":{"type":"array","items":{"$ref":"#/components/schemas/Link"}}}},"DateTime":{"type":"string","description":"The date-time notation as defined by RFC 3339, section 5.6, for example, 2017-07-21T17:32:28Z","format":"date-time","example":"2017-07-21T17:32:28Z"},"OrderIdentifier":{"type":"string","description":"A unique reference used to identify the order.","example":"1234567890"},"BuyMarketOrderSearchResults":{"type":"object","properties":{"orders":{"type":"array","items":{"$ref":"#/components/schemas/BuyMarketOrder"}},"pagination":{"$ref":"#/components/schemas/Pagination"}}},"BuyMarketOrder":{"allOf":[{"$ref":"#/components/schemas/BuyOrder"},{"required":["buy"],"type":"object","properties":{"buy":{"$ref":"#/components/schemas/SingleBuyOrderType"},"estimatedTotal":{"type":"object","properties":{"units":{"type":"integer","readOnly":true,"example":10},"amount":{"$ref":"#/components/schemas/MonetaryAmountRO"},"charges":{"type":"array","readOnly":true,"items":{"$ref":"#/components/schemas/DealingChargesRO"}}},"readOnly":true}}}]},"SingleBuyOrderType":{"type":"object","properties":{"byAmount":{"$ref":"#/components/schemas/AssetQuantityInAmount"},"byUnits":{"$ref":"#/components/schemas/AssetQuantityInUnits"}}},"MonetaryAmountRO":{"title":"Monetary Amount","type":"object","properties":{"value":{"multipleOf":0.01,"type":"number","readOnly":true,"example":1E+2},"currency":{"type":"string","description":"ISO 4217 currency code, e.g.: GBP, EUR, USD","readOnly":true,"example":"GBP"}},"description":"Monetary amount in given currency.","readOnly":true},"DealingChargesRO":{"type":"object","properties":{"type":{"type":"string"},"amount":{"$ref":"#/components/schemas/MonetaryAmountRO"}}},"BuyQuoteAndDealOrderSearchResults":{"type":"object","properties":{"orders":{"type":"array","items":{"$ref":"#/components/schemas/BuyQuoteAndDealOrder"}},"pagination":{"$ref":"#/components/schemas/Pagination"}}},"BuyQuoteAndDealOrder":{"allOf":[{"$ref":"#/components/schemas/BuyOrder"},{"required":["buy"],"type":"object","properties":{"buy":{"$ref":"#/components/schemas/SingleBuyOrderType"},"quotePrice":{"$ref":"#/components/schemas/QuotePriceRO"},"estimatedTotal":{"type":"object","properties":{"units":{"type":"integer","readOnly":true,"example":10},"amount":{"$ref":"#/components/schemas/MonetaryAmountRO"},"charges":{"type":"array","readOnly":true,"items":{"$ref":"#/components/schemas/DealingChargesRO"}}},"readOnly":true},"status":{"$ref":"#/components/schemas/QuoteAndDealOrderStatusRO"},"reason":{"$ref":"#/components/schemas/QuoteAndDealOrderStatusReasonRO"}}}]},"QuotePriceRO":{"type":"object","properties":{"pricePerUnit":{"$ref":"#/components/schemas/AssetPriceRO"},"expiryTime":{"$ref":"#/components/schemas/DateTimeRO"}},"readOnly":true},"AssetPriceRO":{"title":"Asset Price","type":"object","properties":{"value":{"multipleOf":0.000001,"type":"number","description":"Asset price value.","readOnly":true,"example":10.000005},"currency":{"$ref":"#/components/schemas/CurrencyRO"}},"readOnly":true},"CurrencyRO":{"type":"string","description":"ISO 4217 currency code, e.g.: GBP, EUR, USD","readOnly":true,"example":"GBP"},"DateTimeRO":{"type":"string","description":"The date-time notation as defined by RFC 3339, section 5.6, for example, 2017-07-21T17:32:28Z","format":"date-time","readOnly":true,"example":"2017-07-21T17:32:28Z"},"QuoteAndDealOrderStatusRO":{"type":"string","readOnly":true,"enum":["QUOTE","EXPIRED","IN_PROGRESS","COMPLETED","FAILED","CANCELLED"]},"QuoteAndDealOrderStatusReasonRO":{"type":"string","readOnly":true,"enum":["AWAITING_PROCESSING","AWAITING_PAYMENT","AWAITING_SETTLEMENT"]},"BuyQuoteAndDealUpdateOrder":{"type":"object","properties":{"action":{"type":"string","enum":["CONFIRM","CANCEL"]}},"description":"Confirm or Cancel the quote."},"BuyLimitOrderSearchResults":{"type":"object","properties":{"orders":{"type":"array","items":{"$ref":"#/components/schemas/BuyLimitOrder"}},"pagination":{"$ref":"#/components/schemas/Pagination"}}},"BuyLimitOrder":{"allOf":[{"$ref":"#/components/schemas/BuyOrder"},{"required":["bidPrice","buy"],"type":"object","properties":{"buy":{"$ref":"#/components/schemas/SingleBuyOrderType"},"bidPrice":{"$ref":"#/components/schemas/BidPrice"},"estimatedTotal":{"type":"object","properties":{"units":{"type":"integer","readOnly":true,"example":10},"amount":{"$ref":"#/components/schemas/MonetaryAmountRO"},"charges":{"type":"array","readOnly":true,"items":{"$ref":"#/components/schemas/DealingChargesRO"}}},"readOnly":true},"expiryDate":{"type":"string","description":"Date on which the limit order would expire. Date in ISO 8601 Format (yyyy-mm-dd).","format":"date"},"status":{"$ref":"#/components/schemas/LimitOrderStatusRO"},"reason":{"$ref":"#/components/schemas/LimitOrderStatusReasonRO"}}}]},"BidPrice":{"required":["pricePerUnit"],"type":"object","properties":{"pricePerUnit":{"$ref":"#/components/schemas/AssetPrice"}}},"AssetPrice":{"title":"Asset Price","required":["currency","value"],"type":"object","properties":{"value":{"multipleOf":0.000001,"type":"number","description":"Asset price value.","example":10.000005},"currency":{"$ref":"#/components/schemas/Currency"}}},"LimitOrderStatusRO":{"type":"string","readOnly":true,"enum":["OPEN","EXPIRED","COMPLETED","FAILED","NOT_PROCESSED"]},"LimitOrderStatusReasonRO":{"type":"string","readOnly":true,"enum":["TBD"]},"UpdateLimitOrder":{"type":"object","properties":{"action":{"type":"string","enum":["CANCEL"]}},"description":"Cancel the limit order."},"SetupPhasedInvestmentOrder":{"allOf":[{"$ref":"#/components/schemas/PhasedInvestmentOrder"},{"required":["amount","assets","frequency","fundingDetails","nextDueDate","term"],"type":"object","properties":{"amount":{"$ref":"#/components/schemas/MonetaryAmount"},"investmentStrategy":{"$ref":"#/components/schemas/PhasedInvestmentStrategy"},"frequency":{"type":"string","enum":["MONTHLY"]},"nextDueDate":{"type":"string","description":"The date-time notation as defined by RFC 3339, section 5.6.","format":"date-time","example":"2017-07-21T17:32:28Z"},"term":{"type":"integer","description":"Phased Investment Term","example":7},"fundingDetails":{"$ref":"#/components/schemas/OneTimeFundingDetails"},"action":{"type":"string","readOnly":true,"enum":["SETUP"]}}}]},"PhasedInvestmentOrder":{"description":"Defines the amount to be invested at the regular frequency until the term defined.","allOf":[{"$ref":"#/components/schemas/BasePhasedInvestmentOrder"},{"type":"object","properties":{"amount":{"$ref":"#/components/schemas/MonetaryAmountRO"},"investmentStrategy":{"$ref":"#/components/schemas/PhasedInvestmentStrategy"},"frequency":{"type":"string","enum":["MONTHLY"]},"nextDueDate":{"type":"string","description":"The date-time notation as defined by RFC 3339, section 5.6.","format":"date-time","example":"2017-07-21T17:32:28Z"},"term":{"type":"integer","description":"Phased Investment Term","example":7},"fundingDetails":{"$ref":"#/components/schemas/OneTimeFundingDetails"},"action":{"type":"string","enum":["SETUP","AMEND","CANCEL"]}}}]},"BasePhasedInvestmentOrder":{"allOf":[{"$ref":"#/components/schemas/AdvisedOrder"},{"type":"object","properties":{"action":{"type":"string","readOnly":true,"enum":["SETUP","AMEND","CANCEL"]},"status":{"type":"string","readOnly":true,"enum":["PENDING","IN_PROGRESS","COMPLETED","FAILED"]},"reason":{"type":"string","readOnly":true,"enum":["AWAITING_PAYMENT"]}}}]},"PhasedInvestmentStrategy":{"required":["byPercentage"],"type":"object","properties":{"byPercentage":{"$ref":"#/components/schemas/PercentageBasedStrategy"}},"description":"Define the assets in which the investment should be made. In case of model linked account, investment will be made as per linked model profile."},"PercentageBasedStrategy":{"required":["assets"],"properties":{"assets":{"type":"array","items":{"$ref":"#/components/schemas/AssetQuantityInPercentage"}}},"description":"The percentage of the total amount to allocate to different assets. The total of all percentage quantities must equal 100."},"PhasedInvestmentIdentifier":{"type":"string","description":"Unique phased investment identifier.","example":"135790"},"PhasedInvestmentPlan":{"allOf":[{"$ref":"#/components/schemas/PhasedInvestmentDetails"},{"type":"object","properties":{"phasedInvestmentId":{"$ref":"#/components/schemas/PhasedInvestmentIdentifierRO"},"createdByOrderId":{"type":"string","description":"A unique reference used to identify the order.","readOnly":true,"example":"1234567890"},"lastUpdatedByOrderId":{"type":"string","description":"A unique reference used to identify the order.","readOnly":true,"example":"1234567890"},"status":{"$ref":"#/components/schemas/PhasedInvestmentStatus"}}}]},"PhasedInvestmentDetails":{"properties":{"amount":{"$ref":"#/components/schemas/MonetaryAmountRO"},"investmentStrategy":{"$ref":"#/components/schemas/PhasedInvestmentStrategy"},"frequency":{"type":"string","enum":["MONTHLY"]},"nextDueDate":{"type":"string","description":"The date-time notation as defined by RFC 3339, section 5.6.","format":"date-time","readOnly":true,"example":"2017-07-21T17:32:28Z"},"term":{"type":"integer","description":"Phased Investment Term","example":7}}},"PhasedInvestmentIdentifierRO":{"type":"string","description":"Unique phased investment identifier.","readOnly":true,"example":"135790"},"PhasedInvestmentStatus":{"type":"string","enum":["ACTIVE","CANCELLED"]},"AmendPhasedInvestmentOrder":{"allOf":[{"$ref":"#/components/schemas/PhasedInvestmentOrder"},{"required":["action"],"type":"object","properties":{"action":{"type":"string","readOnly":false,"enum":["AMEND","CANCEL"]}}}]}},"responses":{"400-BadRequest":{"description":"Bad request. Refer to the moreinfo section for details.  Please check that you've entered the correct parameters.","content":{"application/json":{"schema":{"$ref":"#/components/schemas/Message"}}}},"401-Unauthorized":{"description":"Unable to authorise the credentials that were supplied.","content":{"application/json":{"schema":{"$ref":"#/components/schemas/Message"}}}},"5XX-UnexpectedError":{"description":"There was an internal issue calling the service. This is likely to be a permanent error. Please contact FIL for support.","content":{"application/json":{"schema":{"$ref":"#/components/schemas/Message"}}}},"422-UnprocessableEntity":{"description":"Business rule validation failure.","content":{"application/json":{"schema":{"$ref":"#/components/schemas/Message"}}}},"429-TooManyRequests":{"description":"There are too many requests in a given amount of time.","content":{"application/json":{"schema":{"$ref":"#/components/schemas/Message"}}}},"404-NotFound":{"description":"Item not found.","content":{"application/json":{"schema":{"$ref":"#/components/schemas/Message"}}}},"503-UnexpectedError":{"description":"The quote is not available at the moment. Please try after some time.","content":{"application/json":{"schema":{"$ref":"#/components/schemas/Message"}}}},"204-NoContent":{"description":"The server has successfully fulfilled the request with no content to serve."}},"requestBodies":{"CallbackRequestBody":{"description":"Callback message after request is Post Processing.","content":{"application/json":{"schema":{"$ref":"#/components/schemas/CallbackMessage"}}},"required":true}},"securitySchemes":{"OAuth2ClientCredentials":{"type":"oauth2","flows":{"clientCredentials":{"tokenUrl":"https://sandbox.api.fil.com/identity/v1/tokens?grant_type=client_credentials","scopes":{}}}}}}}