{"openapi":"3.0.0","info":{"title":"aw","version":"1.0.0"},"servers":[{"url":"http://localhost:3000"}],"paths":{"/user/{id}":{"get":{"tags":["authentication"],"description":"Returns details about a user","parameters":[{"name":"id","in":"path","description":"The id of user","required":true,"style":"simple","explode":false,"schema":{"type":"integer"}}],"responses":{"200":{"description":"Successfully returned a user","content":{"application/json":{"schema":{"$ref":"#/components/schemas/users"}}}},"400":{"description":"bad input parameter"}}}},"/user/":{"post":{"tags":["authentication"],"description":"Post user","responses":{"200":{"description":"Successfully returned a new user","content":{"application/json":{"schema":{"$ref":"#/components/schemas/users"}}}},"400":{"description":"bad input parameter"}}}},"/buildings/":{"get":{"tags":["buildings"],"description":"Show list of buildings","responses":{"200":{"description":"Successfully returned a list of buildings","content":{"application/json":{"schema":{"$ref":"#/components/schemas/buildings"}}}},"400":{"description":"bad input parameter"}}},"post":{"tags":["buildings"],"description":"Show list of buildings","responses":{"200":{"description":"Successfully added a new building","content":{"application/json":{"schema":{"$ref":"#/components/schemas/buildings"}}}},"400":{"description":"bad input parameter"}}}},"/buildings/{id}":{"get":{"tags":["buildings"],"description":"Returns a specific building","parameters":[{"name":"id","in":"path","description":"The id of building","required":true,"style":"simple","explode":false,"schema":{"type":"integer"}}],"responses":{"200":{"description":"Successfully returned a specific building","content":{"application/json":{"schema":{"$ref":"#/components/schemas/buildings"}}}},"400":{"description":"bad input parameter"}}},"put":{"tags":["buildings"],"description":"Add a new building o update a building","parameters":[{"name":"id","in":"path","description":"The id of building","required":true,"style":"simple","explode":false,"schema":{"type":"integer"}}],"responses":{"200":{"description":"Successfully updated a specific building","content":{"application/json":{"schema":{"$ref":"#/components/schemas/buildings"}}}},"400":{"description":"bad input parameter"}}},"delete":{"tags":["buildings"],"description":"Delete a building","parameters":[{"name":"id","in":"path","description":"The id of building","required":true,"style":"simple","explode":false,"schema":{"type":"integer"}}],"responses":{"200":{"description":"Successfully deleted a specific building","content":{"application/json":{"schema":{"$ref":"#/components/schemas/buildings"}}}},"400":{"description":"bad input parameter"}}}},"/buildings/{id}/comments":{"get":{"tags":["buildings"],"description":"Returns comments of a specific building","parameters":[{"name":"id","in":"path","description":"The id of building","required":true,"style":"simple","explode":false,"schema":{"type":"integer"}}],"responses":{"200":{"description":"Successfully returned comments of a specific building","content":{"application/json":{"schema":{"$ref":"#/components/schemas/message"}}}},"400":{"description":"bad input parameter"}}},"post":{"tags":["buildings"],"description":"Posts a comment to a specific building","parameters":[{"name":"id","in":"path","description":"The id of building","required":true,"style":"simple","explode":false,"schema":{"type":"integer"}}],"responses":{"200":{"description":"Successfully posted a comment to a specific building","content":{"application/json":{"schema":{"$ref":"#/components/schemas/message"}}}},"400":{"description":"bad input parameter"}}}},"/buildings/{id}/comments/{idC}":{"get":{"tags":["buildings"],"description":"Returns a specific comment of a specific building","parameters":[{"name":"id","in":"path","description":"The id of building","required":true,"style":"simple","explode":false,"schema":{"type":"integer"}},{"name":"idC","in":"path","description":"The id of comment","required":true,"style":"simple","explode":false,"schema":{"type":"integer"}}],"responses":{"200":{"description":"Successfully returned a comment of a specific building","content":{"application/json":{"schema":{"$ref":"#/components/schemas/message"}}}},"400":{"description":"bad input parameter"}}},"put":{"tags":["buildings"],"description":"Updates or adds a specific comment of a specific building","parameters":[{"name":"id","in":"path","description":"The id of building","required":true,"style":"simple","explode":false,"schema":{"type":"integer"}},{"name":"idC","in":"path","description":"The id of comment","required":true,"style":"simple","explode":false,"schema":{"type":"integer"}}],"responses":{"200":{"description":"Successfully updated or added a comment of a specific building","content":{"application/json":{"schema":{"$ref":"#/components/schemas/message"}}}},"400":{"description":"bad input parameter"}}},"delete":{"tags":["buildings"],"description":"Delete a specific comment of a specific building","parameters":[{"name":"id","in":"path","description":"The id of building","required":true,"style":"simple","explode":false,"schema":{"type":"integer"}},{"name":"idC","in":"path","description":"The id of comment","required":true,"style":"simple","explode":false,"schema":{"type":"integer"}}],"responses":{"200":{"description":"Successfully deleted a comment of a specific building","content":{"application/json":{"schema":{"$ref":"#/components/schemas/message"}}}},"400":{"description":"bad input parameter"}}}},"/buildings/{id}/works":{"get":{"tags":["works"],"description":"Returns works of a specific building","parameters":[{"name":"id","in":"path","description":"The id of building","required":true,"style":"simple","explode":false,"schema":{"type":"integer"}}],"responses":{"200":{"description":"Successfully returned works of a specific building","content":{"application/json":{"schema":{"$ref":"#/components/schemas/work"}}}},"400":{"description":"bad input parameter"}}},"post":{"tags":["works"],"description":"Add new work to a specific building","parameters":[{"name":"id","in":"path","description":"The id of building","required":true,"style":"simple","explode":false,"schema":{"type":"integer"}}],"responses":{"200":{"description":"Successfully posted a comment to a specific building","content":{"application/json":{"schema":{"$ref":"#/components/schemas/work"}}}},"400":{"description":"bad input parameter"}}}},"/buildings/{id}/works/{wid}":{"get":{"tags":["works"],"description":"Returns a specific work of a specific building","parameters":[{"name":"id","in":"path","description":"The id of building","required":true,"style":"simple","explode":false,"schema":{"type":"integer"}},{"name":"wid","in":"path","description":"The id of work","required":true,"style":"simple","explode":false,"schema":{"type":"integer"}}],"responses":{"200":{"description":"Successfully returned a work of a specific building","content":{"application/json":{"schema":{"$ref":"#/components/schemas/work"}}}},"400":{"description":"bad input parameter"}}},"put":{"tags":["works"],"description":"Updates or adds a specific work of a specific building","parameters":[{"name":"id","in":"path","description":"The id of building","required":true,"style":"simple","explode":false,"schema":{"type":"integer"}},{"name":"wid","in":"path","description":"The id of work","required":true,"style":"simple","explode":false,"schema":{"type":"integer"}}],"responses":{"200":{"description":"Successfully updated or added a work of a specific building","content":{"application/json":{"schema":{"$ref":"#/components/schemas/work"}}}},"400":{"description":"bad input parameter"}}},"delete":{"tags":["works"],"description":"Delete a specific work of a specific building","parameters":[{"name":"id","in":"path","description":"The id of building","required":true,"style":"simple","explode":false,"schema":{"type":"integer"}},{"name":"wid","in":"path","description":"The id of work","required":true,"style":"simple","explode":false,"schema":{"type":"integer"}}],"responses":{"200":{"description":"Successfully deleted a work of a specific building","content":{"application/json":{"schema":{"$ref":"#/components/schemas/work"}}}},"400":{"description":"bad input parameter"}}}},"/buildings/{id}/works/{wid}/dates":{"get":{"tags":["dates"],"description":"Returns dates of a specific work","parameters":[{"name":"id","in":"path","description":"The id of building","required":true,"style":"simple","explode":false,"schema":{"type":"integer"}},{"name":"wid","in":"path","description":"The id of work","required":true,"style":"simple","explode":false,"schema":{"type":"integer"}}],"responses":{"200":{"description":"Successfully returned dates of a specific work","content":{"application/json":{"schema":{"$ref":"#/components/schemas/date"}}}},"400":{"description":"bad input parameter"}}},"post":{"tags":["dates"],"description":"Add new date to a specific work","parameters":[{"name":"id","in":"path","description":"The id of building","required":true,"style":"simple","explode":false,"schema":{"type":"integer"}},{"name":"wid","in":"path","description":"The id of work","required":true,"style":"simple","explode":false,"schema":{"type":"integer"}}],"responses":{"200":{"description":"Successfully added a date to a specific work","content":{"application/json":{"schema":{"$ref":"#/components/schemas/date"}}}},"400":{"description":"bad input parameter"}}}},"/buildings/{id}/works/{wid}/dates/{did}":{"get":{"tags":["dates"],"description":"Returns a specific date of a specific work","parameters":[{"name":"id","in":"path","description":"The id of building","required":true,"style":"simple","explode":false,"schema":{"type":"integer"}},{"name":"wid","in":"path","description":"The id of work","required":true,"style":"simple","explode":false,"schema":{"type":"integer"}},{"name":"did","in":"path","description":"The id of date","required":true,"style":"simple","explode":false,"schema":{"type":"integer"}}],"responses":{"200":{"description":"Successfully returned a date of a specific work","content":{"application/json":{"schema":{"$ref":"#/components/schemas/date"}}}},"400":{"description":"bad input parameter"}}},"put":{"tags":["dates"],"description":"Updates or adds a specific date of a specific work","parameters":[{"name":"id","in":"path","description":"The id of building","required":true,"style":"simple","explode":false,"schema":{"type":"integer"}},{"name":"wid","in":"path","description":"The id of work","required":true,"style":"simple","explode":false,"schema":{"type":"integer"}},{"name":"did","in":"path","description":"The id of date","required":true,"style":"simple","explode":false,"schema":{"type":"integer"}}],"responses":{"200":{"description":"Successfully updated or added a date of a specific work","content":{"application/json":{"schema":{"$ref":"#/components/schemas/date"}}}},"400":{"description":"bad input parameter"}}},"delete":{"tags":["dates"],"description":"Delete a specific date of a specific work","parameters":[{"name":"id","in":"path","description":"The id of building","required":true,"style":"simple","explode":false,"schema":{"type":"integer"}},{"name":"wid","in":"path","description":"The id of work","required":true,"style":"simple","explode":false,"schema":{"type":"integer"}},{"name":"did","in":"path","description":"The id of date","required":true,"style":"simple","explode":false,"schema":{"type":"integer"}}],"responses":{"200":{"description":"Successfully deleted a date of a specific work","content":{"application/json":{"schema":{"$ref":"#/components/schemas/date"}}}},"400":{"description":"bad input parameter"}}}},"/buildings/{id}/problems":{"get":{"tags":["problems"],"description":"Returns problems of a specific building","parameters":[{"name":"id","in":"path","description":"The id of building","required":true,"style":"simple","explode":false,"schema":{"type":"integer"}}],"responses":{"200":{"description":"Successfully returned problems of a specific building","content":{"application/json":{"schema":{"$ref":"#/components/schemas/problem"}}}},"400":{"description":"bad input parameter"}}},"post":{"tags":["problems"],"description":"Add new problem to a specific building","parameters":[{"name":"id","in":"path","description":"The id of building","required":true,"style":"simple","explode":false,"schema":{"type":"integer"}}],"responses":{"200":{"description":"Successfully posted a problem to a specific building","content":{"application/json":{"schema":{"$ref":"#/components/schemas/problem"}}}},"400":{"description":"bad input parameter"}}}},"/buildings/{id}/problems/{pid}":{"get":{"tags":["problems"],"description":"Returns a specific problem of a specific building","parameters":[{"name":"id","in":"path","description":"The id of building","required":true,"style":"simple","explode":false,"schema":{"type":"integer"}},{"name":"pid","in":"path","description":"The id of problem","required":true,"style":"simple","explode":false,"schema":{"type":"integer"}}],"responses":{"200":{"description":"Successfully returned a problem of a specific building","content":{"application/json":{"schema":{"$ref":"#/components/schemas/problem"}}}},"400":{"description":"bad input parameter"}}},"put":{"tags":["problems"],"description":"Updates or adds a specific problem of a specific building","parameters":[{"name":"id","in":"path","description":"The id of building","required":true,"style":"simple","explode":false,"schema":{"type":"integer"}},{"name":"pid","in":"path","description":"The id of problem","required":true,"style":"simple","explode":false,"schema":{"type":"integer"}}],"responses":{"200":{"description":"Successfully updated or added a problem of a specific building","content":{"application/json":{"schema":{"$ref":"#/components/schemas/work"}}}},"400":{"description":"bad input parameter"}}},"delete":{"tags":["problems"],"description":"Delete a specific problems of a specific building","parameters":[{"name":"id","in":"path","description":"The id of building","required":true,"style":"simple","explode":false,"schema":{"type":"integer"}},{"name":"pid","in":"path","description":"The id of problem","required":true,"style":"simple","explode":false,"schema":{"type":"integer"}}],"responses":{"200":{"description":"Successfully deleted a problem of a specific building","content":{"application/json":{"schema":{"$ref":"#/components/schemas/problem"}}}},"400":{"description":"bad input parameter"}}}},"/buildings/{id}/contractors":{"get":{"tags":["contractors"],"description":"Returns contractors of a specific building","parameters":[{"name":"id","in":"path","description":"The id of building","required":true,"style":"simple","explode":false,"schema":{"type":"integer"}}],"responses":{"200":{"description":"Successfully returned contractors of a specific building","content":{"application/json":{"schema":{"$ref":"#/components/schemas/contractor"}}}},"400":{"description":"bad input parameter"}}},"post":{"tags":["contractors"],"description":"Add new contractor to a specific building","parameters":[{"name":"id","in":"path","description":"The id of building","required":true,"style":"simple","explode":false,"schema":{"type":"integer"}}],"responses":{"200":{"description":"Successfully added a contractor to a specific building","content":{"application/json":{"schema":{"$ref":"#/components/schemas/contractor"}}}},"400":{"description":"bad input parameter"}}}},"/buildings/{id}/contractors/{cid}":{"get":{"tags":["contractors"],"description":"Returns a specific contractor of a specific building","parameters":[{"name":"id","in":"path","description":"The id of building","required":true,"style":"simple","explode":false,"schema":{"type":"integer"}},{"name":"cid","in":"path","description":"The id of contractor","required":true,"style":"simple","explode":false,"schema":{"type":"integer"}}],"responses":{"200":{"description":"Successfully returned a contractor of a specific building","content":{"application/json":{"schema":{"$ref":"#/components/schemas/contractor"}}}},"400":{"description":"bad input parameter"}}},"put":{"tags":["contractors"],"description":"Updates or adds a specific contractor of a specific building","parameters":[{"name":"id","in":"path","description":"The id of building","required":true,"style":"simple","explode":false,"schema":{"type":"integer"}},{"name":"cid","in":"path","description":"The id of contractor","required":true,"style":"simple","explode":false,"schema":{"type":"integer"}}],"responses":{"200":{"description":"Successfully updated or added a contractor of a specific building","content":{"application/json":{"schema":{"$ref":"#/components/schemas/contractor"}}}},"400":{"description":"bad input parameter"}}},"delete":{"tags":["contractors"],"description":"Delete a specific contractor of a specific building","parameters":[{"name":"id","in":"path","description":"The id of building","required":true,"style":"simple","explode":false,"schema":{"type":"integer"}},{"name":"cid","in":"path","description":"The id of contractor","required":true,"style":"simple","explode":false,"schema":{"type":"integer"}}],"responses":{"200":{"description":"Successfully deleted a contractor of a specific building","content":{"application/json":{"schema":{"$ref":"#/components/schemas/contractor"}}}},"400":{"description":"bad input parameter"}}}}},"components":{"schemas":{"users":{"type":"object","properties":{"id":{"type":"integer","format":"int64"},"name":{"type":"string"},"email":{"type":"string"},"password":{"type":"string"},"birthdate":{"type":"integer","format":"date"},"userable_id":{"type":"string"},"userable_type":{"type":"string"},"created_at":{"type":"integer","format":"date-time"},"updated_at":{"type":"integer","format":"date-time"}}},"buildings":{"type":"object","properties":{"id":{"type":"integer","format":"int64"},"name":{"type":"string"},"description":{"type":"string"},"status":{"type":"string"}}},"message":{"type":"object","properties":{"id":{"type":"integer","format":"int64"},"building_id":{"type":"integer","format":"int64"},"user_id":{"type":"integer","format":"int64"},"content":{"type":"string"},"created_at":{"type":"string","format":"date-time","example":"2016-08-29T09:12:33.001Z"}}},"work":{"type":"object","properties":{"id":{"type":"integer","format":"int64"},"building_id":{"type":"integer","format":"int64"},"name":{"type":"string"},"status":{"type":"string"},"sign_of":{"type":"string"},"created_at":{"type":"string","format":"date-time","example":"2016-08-29T09:12:33.001Z"}}},"date":{"type":"object","properties":{"id":{"type":"integer","format":"int64"},"building_id":{"type":"integer","format":"int64"},"work_id":{"type":"integer","format":"int64"},"name":{"type":"string"},"description":{"type":"string"},"date":{"type":"string","format":"date-time"},"created_at":{"type":"string","format":"date-time","example":"2016-08-29T09:12:33.001Z"}}},"problem":{"type":"object","properties":{"id":{"type":"integer","format":"int64"},"building_id":{"type":"integer","format":"int64"},"work_id":{"type":"integer","format":"int64"},"name":{"type":"string"},"description":{"type":"string"},"suggestion":{"type":"string"},"created_at":{"type":"string","format":"date-time","example":"2016-08-29T09:12:33.001Z"}}},"contractor":{"type":"object","properties":{"id":{"type":"integer","format":"int64"},"building_id":{"type":"integer","format":"int64"},"name":{"type":"string"},"description":{"type":"string"},"is_sub_contrator":{"type":"boolean"},"created_at":{"type":"string","format":"date-time","example":"2016-08-29T09:12:33.001Z"}}}}}}