{"openapi":"3.0.0","info":{"title":"Integration Api (Reverse Factoring / Reverse Factoring Buyer Interest)","version":"1.0.0"},"servers":[{"url":"https://portal.myndsolution.com"}],"paths":{"/IntegrationService/integration/getVendorDetails":{"post":{"tags":["General"],"summary":"Get on boarded vendors list","description":"This endpoint is use a post request to retrieve on boarded vendors detail.","requestBody":{"content":{"application/json":{"schema":{"$ref":"#/components/schemas/getVendorDetails_Request"}}}},"responses":{"200":{"description":"Successful response","content":{"application/json":{}}}},"security":[{"ApiCustomAuthKey":[]}]}},"/IntegrationService/integration/ci/uploadFactors":{"post":{"tags":["General"],"summary":"Create new factors","description":"This endpoint is use a post request to create factors with invoice details for seller/buyer.","requestBody":{"content":{"application/json":{"schema":{"$ref":"#/components/schemas/uploadFactors_Request"}}}},"responses":{"200":{"description":"Successful response","content":{"application/json":{}}}},"security":[{"ApiCustomAuthKey":[]}]}},"/IntegrationService/integration/getFactorDetails":{"post":{"tags":["General"],"summary":"Get factor status list","description":"This endpoint is use a post request to get factor current status with other details filter by Date or Internal reference number or Factor name.","requestBody":{"content":{"application/json":{"schema":{"$ref":"#/components/schemas/getFactorDetails_Request"}}}},"responses":{"200":{"description":"Successful response","content":{"application/json":{}}}},"security":[{"ApiCustomAuthKey":[]}]}}},"components":{"schemas":{"getVendorDetails_Request":{"type":"object","properties":{"From_Timestamp":{"title":"From_Timestamp","type":"string","description":"The start time use to get vender details onboard.","format":"datetime","example":"2018-06-19 11:39:16.430"},"To_Timestamp":{"title":"To_Timestamp","type":"string","description":"The end time use to get vender details onboard.","format":"datetime","example":"2022-06-19 11:39:16.430"}}},"getVendorDetails_Response":{"type":"object","properties":{"Vendors":{"type":"array","description":"It contain a list of Vendor Details","items":{"type":"object","properties":{"M1_Customer_ID":{"title":"M1_Customer_ID","type":"string","description":"The M1_Customer_ID is generate at that time when Customer register himself on M1.","example":"seller00000045"},"UserDetails":{"type":"array","description":"It contains a list of Users with user name and User Roles Details.","items":{"type":"object","properties":{"UserName":{"title":"UserName","type":"string","description":"UserName shows registered user name.","example":"Batman@times.com"},"UserRoles":{"title":"UserRoles","type":"string","description":"UserRoles shows responsibility of user.","example":"Seller Transaction Inputter;Seller Transaction Authorizer"}}}},"Vendor_Name":{"title":"Vendor_Name","type":"string","description":"Vendor_Name is use to show name of Vendor.","example":"Ibibo"},"PAN_Number":{"title":"PAN_Number","type":"string","description":"PAN_Number is use to show PAN Number of Vendor.","example":"ABCDE1237F"},"Onboarded_Date":{"title":"Onboarded_Date","type":"string","description":"Onboarded_Date is use to show when Vendor On boarded.","format":"date"}}}}}},"uploadFactors_Request":{"type":"object","properties":{"VENDOR_ID":{"title":"VENDOR_ID","maxLength":50,"type":"string","description":"The vendor Id use to get vendor details.","format":"uid","example":"WFVEN0002"},"PRODUCT_TYPE":{"title":"PRODUCT_TYPE","maxLength":200,"type":"string","description":"The product type use to know which type of product user want to create.","example":"Reverse Factoring"},"SELLER_ID":{"title":"SELLER_ID","maxLength":50,"type":"string","description":"The seller Id use to get seller details.","format":"uid","example":"south4"},"DUE_DATE":{"title":"DUE_DATE","type":"string","description":"The due date is the last date of payment date.","format":"date","example":"0035-10-13"},"COMMODITY_TYPE":{"title":"COMMODITY_TYPE","type":"string","description":"The commodity type use to know which type of commodity user want to use.","example":"Services"},"COMMODITY":{"title":"COMMODITY","type":"string","description":"The commodity use to know which product user want to use.","example":"Cement"},"DELIVERY_UNIT":{"title":"DELIVERY_UNIT","type":"string"},"Invoices":{"type":"array","description":"It contain Invoice Data of Sales Invoice","items":{"type":"object","properties":{"INVOICE_NUMBER":{"title":"INVOICE_NUMBER","type":"string","description":"Invoice number is the number mention on Sales Invoice.","example":"INV38"},"INVOICE_AMOUNT":{"title":"INVOICE_AMOUNT","type":"string","description":"Invoice amount is the amount mention on Sales Invoice.","example":"1000.00"},"APPROVED_AMOUNT":{"title":"APPROVED_AMOUNT","type":"string","description":"Approved amount is the amount which user want from bidding.","example":"1000.00"},"INVOICE_DATE":{"title":"INVOICE_DATE","type":"string","description":"The invoice date is the date mention on invoice","example":"18-09-2017"},"PO/PI_Number":{"title":"PO/PI_Number","type":"string","description":"The invoice purchase order/Performa Invoice number mention on invoic.","example":"1-PO/2017-18/010406"},"GRN/SRN_Number":{"title":"GRN/SRN_Number","type":"string","description":"The invoice Goods receipt note/Service Received Note number mention on invoice","example":"1-GRN-20092017-000225"},"GRN/SRN_Date":{"title":"GRN/SRN_Date","type":"string","description":"The invoice Goods receipt note/Service Received Note date mention on invoice.","format":"date","example":"0026-03-10"},"Internal_Reference_Number":{"title":"Internal_Reference_Number","type":"string","description":"This Internal Reference Number is use for get Factoring Units details.","example":"PO1987679"},"DOCUMENTS":{"type":"array","items":{"type":"object","properties":{"DOCUMENT_NAME":{"title":"DOCUMENT_NAME","type":"string","example":"LR"},"DOCUMENT_BASE64":{"title":"DOCUMENT_BASE64","type":"string","example":"aWx0ZXIvRmxAwMDAwMDAwMDAwMDAwMDAwMDAwMDAwMDAwMDAwMDAYjE3Zm E3OTRlMzZiNDJiNWRjOGQwNWQwNzU1ODFmZD5dPj4NCg0Kc3RhcnR4cmVmDQoyMTcwO Q0KJSVFT0YNCg=="},"DOCUMENT_EXTENSION":{"title":"DOCUMENT_EXTENSION","type":"string","example":".pdf"}}}}}}}}},"uploadFactors_Response":{"type":"object","properties":{"Factoring_Units":{"type":"array","description":"It contains output details of an uploaded Factor","items":{"type":"object","properties":{"Status":{"type":"array","items":{"type":"object","properties":{"Unique_Reference_Id":{"title":"Unique_Reference_Id","type":"string","description":"Unique_Reference_Id is generated when details provided by user uploaded successfully and it use for further reference.","example":"RF-180422-000017"},"success":{"title":"success","type":"string","description":"success return true or false to know status of given factor is created or not.","example":"true"}}}},"Factor_Name":{"title":"Factor_Name","type":"string","description":"Factor_Name is generated when details provided by user uploaded successfully and it use for further reference.","example":"RF-180422-000017"},"FactorId":{"title":"FactorId","type":"string","example":""}}}}}},"getFactorDetails_Request":{"type":"object","properties":{"From_Timestamp":{"title":"From_Timestamp","type":"string","description":"The start time is use to get Factor details onboard.","format":"date"},"To_Timestamp":{"title":"To_Timestamp","type":"string","description":"The end time is use to get Factor details onboard.","format":"date"},"Internal_Reference_Number":{"title":"Internal_Reference_Number","type":"string","description":"This Reference Number is use to get Factoring Units details.","format":"","example":"PO1987679"},"Factor_Name":{"title":"Factor_Name","maxLength":500,"type":"string","description":"This Factor Id is use to get Factoring Units details.","format":"uid","example":"RF-040322-000004"}}},"getFactorDetails_Response":{"type":"object","properties":{"Factoring_Units":{"type":"array","description":"It contains a list of Factoring Units Details with other information.","items":{"type":"object","properties":{"Status":{"title":"Status","type":"string","description":"Status is use to know current status of Factor.","example":"Action Pending on Buyer Authorizer"},"Due_Date":{"title":"Due_Date","type":"string","description":"Due_Date is date filed at the time when factor uploded.","format":"datetime","example":"30/04/2022"},"Vendor_ID":{"title":"Vendor_ID","type":"string","description":"Vendor_ID is registered vender id.","example":""},"ApprovedAmt":{"title":"ApprovedAmt","type":"string","description":"ApprovedAmt is amount filed at the time when factor uploded.","example":"16788.23"},"Invoices":{"type":"array","description":"It contains Invoice information","items":{"type":"object","properties":{"Approved_Amount":{"title":"Approved_Amount","type":"string","description":"Approved_Amount is that amount vendor want against this invoice.","example":"16788.23"},"Invoice_Amount":{"title":"Invoice_Amount","type":"string","description":"Invoice_Amount is that amount which is mention in invoice.","example":"16789.23"},"Invoice_Number":{"title":"Invoice_Number","type":"string","description":"Invoice number is the number mention on Sales Invoice.","example":"KBG17115337"},"Invoice_Date":{"title":"Invoice_Date","type":"string","description":"Invoice_Date is the date when Invoice generated.","format":"date"},"GRN_Date":{"title":"GRN_Date","type":"string","description":"GRN_Date.","format":"date"}}}},"Factor_Name":{"title":"Factor_Name","type":"string","description":"Factor_Name is name of Factor.","example":"RF-040322-000004"},"StatusCode":{"title":"StatusCode","type":"string","description":"StatusCode is use to know status of Factoring Units.","example":"Buyer_Auth"}}}},"Timestamp":{"title":"Timestamp","type":"string","description":"Timestamp.","format":"datetime","example":"2022-04-18 11:58:31.961"}}}},"securitySchemes":{"ApiCustomAuthKey":{"type":"apiKey","name":"Authorization","in":"header"}}}}