{"openapi":"3.0.0","info":{"title":"Integration Api (Factoring)","version":"1.0.0"},"servers":[{"url":"https://portal.myndsolution.com"}],"paths":{"/IntegrationService/integration/bhel/ff/testConnection":{"get":{"tags":["General"],"summary":"Check api is working","description":"This endpoint is use a get request to test api is working or not.","responses":{"200":{"description":"Successful response","content":{"application/json":{}}}},"security":[{"ApiCustomAuthKey":[]}]}},"/IntegrationService/integration/bhel/ff/getSuppliers":{"get":{"tags":["General"],"summary":"Get Suppliers list","description":"This endpoint is use a get request to retrieve Suppliers detail.","responses":{"200":{"description":"Successful response","content":{"application/json":{}}}},"security":[{"ApiCustomAuthKey":[]}]}},"/IntegrationService/integration/bhel/ff/getSuppliersGstnPan":{"get":{"tags":["General"],"summary":"Get Suppliers GST and PAN details","description":"This endpoint is use a get request to get a list of suppliers GST and PAN details.","responses":{"200":{"description":"Successful response","content":{"application/json":{}}}},"security":[{"ApiCustomAuthKey":[]}]}},"/IntegrationService/integration/bhel/ff/createPurchaserSupplierLink":{"post":{"tags":["General"],"summary":"Create relation between Purchaser and Supplier","description":"This endpoint is use a post request to create relation between Purchaser and Supplier by given details.","requestBody":{"content":{"application/json":{"schema":{"$ref":"#/components/schemas/createPurchaserSupplierLink_Request"}}}},"responses":{"200":{"description":"Successful response","content":{"application/json":{}}}},"security":[{"ApiCustomAuthKey":[]}]}},"/IntegrationService/integration/bhel/ff/createSrv":{"post":{"tags":["General"],"summary":"Create SRV between Purchaser and Supplier","description":"This endpoint is use a post request to create SRV between Purchaser and Supplier by given details.","requestBody":{"content":{"application/json":{"schema":{"$ref":"#/components/schemas/createSrv_Request"}}}},"responses":{"200":{"description":"Successful response","content":{"application/json":{}}}},"security":[{"ApiCustomAuthKey":[]}]}},"/IntegrationService/integration/bhel/ff/getFactorsAll":{"get":{"tags":["General"],"summary":"Get all Factors list","description":"This endpoint is use a get request to get all factors details.","responses":{"200":{"description":"Successful response","content":{"application/json":{}}}},"security":[{"ApiCustomAuthKey":[]}]}},"/IntegrationService/integration/bhel/ff/getFactorDetailsByFactorName/{factorname}":{"get":{"tags":["General"],"summary":"Get Factors detail by factor name","description":"This endpoint is use a get request to get factors detail by factor name.","parameters":[{"name":"factorname","in":"path","required":true,"style":"simple","explode":false,"schema":{"type":"string"},"example":"FF-181221-000001"}],"responses":{"200":{"description":"Successful response","content":{"application/json":{}}}},"security":[{"ApiCustomAuthKey":[]}]}},"/IntegrationService/integration/bhel/ff/getFactorsWithDetailsAll":{"get":{"tags":["General"],"summary":"Get Factors with all detail","description":"This endpoint is use a get request to get Factors with its all detail.","responses":{"200":{"description":"Successful response","content":{"application/json":{}}}},"security":[{"ApiCustomAuthKey":[]}]}},"/IntegrationService/integration/bhel/ff/approveFactor":{"post":{"tags":["General"],"summary":"Create an approve request for Factor (buyer inputter and buyer authorizser)","description":"This endpoint is use a post request to create an approve request for Factor, buyer inputter and buyer authorizser with given details.","requestBody":{"content":{"application/json":{"schema":{"$ref":"#/components/schemas/approveFactor_Request"}}}},"responses":{"200":{"description":"Successful response","content":{"application/json":{}}}},"security":[{"ApiCustomAuthKey":[]}]}},"/IntegrationService/integration/bhel/ff/approveFactorBi":{"post":{"tags":["General"],"summary":"Create an approve request for Factor (buyer inputter)","description":"This endpoint is use a post request to create an approve request for Factor buyer inputter with given details.","requestBody":{"content":{"application/json":{"schema":{"$ref":"#/components/schemas/approveFactorBi_Request"}}}},"responses":{"200":{"description":"Successful response","content":{"application/json":{}}}},"security":[{"ApiCustomAuthKey":[]}]}},"/IntegrationService/integration/bhel/ff/discardFactor":{"post":{"tags":["General"],"summary":"Create Request to remove Factor","description":"This endpoint is use a post request to remove Factor.","requestBody":{"content":{"application/json":{"schema":{"$ref":"#/components/schemas/discardFactor_Request"}}}},"responses":{"200":{"description":"Successful response","content":{"application/json":{}}}},"security":[{"ApiCustomAuthKey":[]}]}},"/IntegrationService/integration/bhel/ff/getFactorsVendorPaymentDetails":{"post":{"tags":["General"],"summary":"Create Request to get payment detail of Factor Vendor","description":"This endpoint is use a post request to get payment detail of Factor Vendor.","requestBody":{"content":{"application/json":{"schema":{"$ref":"#/components/schemas/getFactorsVendorPaymentDetails_Request"}}}},"responses":{"200":{"description":"Successful response","content":{"application/json":{}}}},"security":[{"ApiCustomAuthKey":[]}]}},"/IntegrationService/integration/bhel/ff/getFactorsObligationDetails":{"post":{"tags":["General"],"summary":"Create Request to get obligation detail of Factor","description":"This endpoint is use a post request to get obligation detail of Factor.","requestBody":{"content":{"application/json":{"schema":{"$ref":"#/components/schemas/getFactorsObligationDetails_Request"}}}},"responses":{"200":{"description":"Successful response","content":{"application/json":{}}}},"security":[{"ApiCustomAuthKey":[]}]}}},"components":{"schemas":{"getSuppliers_Response":{"type":"array","description":"It contain a list of Suppliers Details.","items":{"type":"object","properties":{"text":{"title":"text","type":"string","description":"The text use to get Suppliers ID.","example":"SELLER00000153"},"desc":{"title":"desc","type":"string","description":"The desc use to get Suppliers name.","example":"H P G Industrys Inc"},"value":{"title":"value","type":"string","description":"The value use to get Suppliers name.","example":"SELLER00000153"}}}},"getSuppliersGstnPan_Response":{"type":"array","description":"It contain list of Suppliers Gst and Pan numbers details.","items":{"type":"object","properties":{"gstn":{"type":"array","items":{"type":"string","description":"It contain Suppliers GST numbers.","example":"[\"25PREMA1236N2Z5\"]"}},"companyName":{"title":"companyName","type":"string","description":"It use to contain Suppliers company Name.","example":"RF-180422-000017"},"pan":{"title":"pan","type":"string","description":"It use to contain Suppliers PAN number.","example":"PREMA1236N"},"companyCode":{"title":"companyCode","type":"string","description":"It use to contain company Code.","example":"SELLER00000153"}}}},"createPurchaserSupplierLink_Request":{"type":"object","properties":{"supplier":{"title":"supplier","type":"string","description":"This is supplier code use for create mapping between buyer and seller.","example":"SELLER00000194"},"purchaser":{"title":"purchaser","type":"string","description":"This is purchaser code use for create mapping between buyer and seller.","example":"BUYER00000368"},"creditPeriod":{"title":"creditPeriod","type":"string","description":"The credit Period is use to defined duration for this link.","example":"45"},"bidAcceptingEntityType":{"title":"bidAcceptingEntityType","type":"string","description":"Bid accepting entity type.","example":"S"},"costBearingType":{"title":"costBearingType","type":"string","description":"Cost bearing type.","example":"S"},"chargeBearer":{"title":"chargeBearer","type":"string","description":"Charge bearer.","example":"S"},"settleLeg3Flag":{"title":"settleLeg3Flag","type":"string","description":"Settle leg 3 flag.","example":"N"},"autoAccept":{"title":"autoAccept","type":"string","description":"auto Accept.","example":"D"},"autoAcceptableBidTypes":{"title":"autoAcceptableBidTypes","type":"string","description":"Auto acceptable bid types.","example":"YY"},"autoConvert":{"title":"autoConvert","type":"string","description":"Auto convert","example":"Y"},"purchaserAutoApproveInvoice":{"title":"purchaserAutoApproveInvoice","type":"string","description":"Purchaser auto approve invoice.","example":"N"},"sellerAutoApproveInvoice":{"title":"sellerAutoApproveInvoice","type":"string","description":"Seller auto approve invoice.","example":"N"},"invoiceMandatory":{"title":"invoiceMandatory","type":"string","description":"Invoice mandatory.","example":"N"},"remarks":{"title":"remarks","type":"string","description":"The remarks is use for maintain any comments.","example":"Accept with Y"},"cashDiscountPercent":{"title":"cashDiscountPercent","type":"string","description":"Cash discount percent.","example":"0"},"haircutPercent":{"title":"haircutPercent","type":"string","description":"Haircut percent.","example":"0"},"instrumentCreation":{"title":"instrumentCreation","type":"string","description":"Instrument creation.","example":"S"}}},"createPurchaserSupplierLink_Response":{"type":"object","properties":{"status":{"title":"status","type":"string","description":"Status is use to know current Purchaser Supplier Link status.","example":"ACT"}}},"createSrv_Request":{"type":"object","properties":{"purchaserCode":{"title":"purchaserCode","type":"string","description":"This is purchaser code use for create SRV request.","example":"BUYER00000368"},"supplierCode":{"title":"supplierCode","type":"string","description":"This is supplier code use for create SRV request.","example":"BHELJHANSIVEN1"},"internalVendorRefNo":{"title":"internalVendorRefNo","type":"string","description":"Internal vendor reference number.","example":"MT0000579"},"supplierGstn":{"title":"supplierGstn","type":"string","description":"Supplier GST number.","example":"07AAACZ7761J1ZU"},"poNumber":{"title":"poNumber","type":"string","description":"P O Number.","example":"BTPOPI50"},"refType":{"title":"refType","type":"string","description":"refType","example":"SRV"},"refNo":{"title":"refNo","type":"string","description":"Reference Number.","example":"670011156173"},"siNumber":{"title":"siNumber","type":"string","description":"S I Number.","example":"SI1291"},"refDate":{"title":"refDate","type":"string","description":"Reference date.","format":"datetime","example":"06-Feb-2020"}}},"createSrv_Response":{"type":"object","properties":{"rem":{"title":"rem","type":"string","description":"Rem is use to know current SRV status.","example":"Instrument keys saved succesfully."}}},"getFactorsAll_Response":{"type":"array","description":"It contain list of all Factors.","items":{"type":"object","properties":{"Status":{"title":"Status","type":"string","description":"Status is use to know current status.","example":"COUAPP"},"Supplier":{"title":"Supplier","type":"string","description":"This is supplier code use to get supplier details.","example":"SELLER00000395"},"Net Amount":{"title":"Net Amount","type":"number","description":"Net Amount is total amount.","format":"float","example":1016},"Instrument ID":{"title":"Instrument ID","type":"string","description":"Instrument ID.","example":"FF-070721-000036"}}}},"getFactorDetailsByFactorName_Request":{"type":"object","properties":{"factorname":{"title":"factorname","type":"string","description":"The factorname is name of factor whose detail you want to get.","example":"FF-010621-000054"}}},"getFactorDetailsByFactorName_Response":{"type":"object","properties":{"cashDiscountValue":{"title":"cashDiscountValue","type":"string","description":"Cash discount value.","example":"0"},"Amount":{"title":"Amount","type":"number","description":"Amount.","format":"double","example":1E+3},"goodsAcceptDate":{"title":"goodsAcceptDate","type":"string","description":"Goods accept date.","format":"datetime","example":"08-Apr-2022"},"status":{"title":"status","type":"string","description":"Status is use to know current status.","example":"Buyer_Inp"},"creditPeriod":{"title":"creditPeriod","type":"string","description":"Credit period.","example":"20"},"adjAmount":{"title":"adjAmount","type":"number","description":"Adj amount."},"InvoiceDueDate":{"title":"InvoiceDueDate","type":"string","description":"Invoice due date.","format":"datetime","example":"28-Apr-2022"},"Invoice Date":{"title":"Invoice Date","type":"string","description":"Invoice Date is date of invoice creation.","format":"datetime","example":"02-Mar-2022"},"Invoice No":{"title":"Invoice No","type":"string","description":"Invoice No is use for invoice number.","example":"vs-jhansi-01"},"grnDate":{"title":"grnDate","type":"string","description":"GRN Date.","format":"datetime","example":"02-Mar-2022"},"factorMaxEndDateTime":{"title":"factorMaxEndDateTime","type":"string","description":"Factor Maximum End DateTime.","format":"datetime","example":"23-Apr-2022"},"Supplier Name":{"title":"Supplier Name","type":"string","description":"Supplier Name is use to show company name.","example":"HimCoal Pvt Ltd"},"GSTN":{"title":"GSTN","type":"string","description":"GSTN is GST number.","example":"29SDFDG0054S2Z5"},"Po Date":{"title":"Po Date","type":"string","description":"Po Date.","format":"datetime","example":"23-Apr-2022"},"currency":{"title":"currency","type":"string","description":"currency is use to show currency type.","example":"INR"},"grnNumber":{"title":"grnNumber","type":"string","description":"GRN Number.","example":""},"tdsAmount":{"title":"tdsAmount","type":"number","description":"tdsAmount."},"PO No":{"title":"PO No","type":"string","description":"PO No.","example":""},"statDueDate":{"title":"statDueDate","type":"string","description":"Stat due date.","format":"datetime","example":"28-Apr-2022"},"srvRefNo":{"title":"srvRefNo","type":"string","description":"SRV reference number.","example":"206N2966"},"haircutPercent":{"title":"haircutPercent","type":"string","description":"HaircutPercent.","example":""},"cashDiscountPercent":{"title":"cashDiscountPercent","type":"string","description":"Cash discount percent.","example":""},"Instrument ID":{"title":"Instrument ID","type":"string","description":"Instrument ID.","example":"RF-080422-000001"},"Supplier Code":{"title":"Supplier Code","type":"string","description":"Supplier Code is use for show Supplier Code.","example":"SELLER00000194"},"netAmount":{"title":"netAmount","type":"string","description":"Net amount is total amount.","example":""}}},"getFactorsWithDetailsAll_Response":{"type":"array","description":"It contain list of factor with all details.","items":{"type":"object","properties":{"cashDiscountValue":{"title":"cashDiscountValue","type":"string","description":"Cash discount value.","example":"0"},"Amount":{"title":"Amount","type":"number","description":"Amount.","format":"double","example":1E+3},"goodsAcceptDate":{"title":"goodsAcceptDate","type":"string","description":"Goods accept date is date when buyer received goods.","format":"datetime","example":"08-Apr-2022"},"status":{"title":"status","type":"string","description":"Status is current status of factor.","example":"Buyer_Inp"},"creditPeriod":{"title":"creditPeriod","type":"string","description":"Credit period.","example":"20"},"adjAmount":{"title":"adjAmount","type":"number","description":"Adjustable amount."},"InvoiceDueDate":{"title":"InvoiceDueDate","type":"string","description":"Invoice due date.","format":"datetime","example":"28-Apr-2022"},"Invoice Date":{"title":"Invoice Date","type":"string","description":"Invoice Date is date of invoice creation.","format":"datetime","example":"02-Mar-2022"},"Invoice No":{"title":"Invoice No","type":"string","description":"Invoice No is number mention on invoice.","example":"vs-jhansi-01"},"grnDate":{"title":"grnDate","type":"string","description":"GRN Date.","format":"datetime","example":"02-Mar-2022"},"factorMaxEndDateTime":{"title":"factorMaxEndDateTime","type":"string","description":"Factor Maximum End DateTime.","format":"datetime","example":"23-Apr-2022"},"Supplier Name":{"title":"Supplier Name","type":"string","description":"Supplier Name is name of Supplier.","example":"HimCoal Pvt Ltd"},"GSTN":{"title":"GSTN","type":"string","description":"GST number.","example":"29SDFDG0054S2Z5"},"Po Date":{"title":"Po Date","type":"string","description":"PO Date.","format":"datetime","example":"23-Apr-2022"},"currency":{"title":"currency","type":"string","description":"currency is use to defined the type of currency.","example":"INR"},"grnNumber":{"title":"grnNumber","type":"string","description":"GRN Number.","example":""},"tdsAmount":{"title":"tdsAmount","type":"number","description":"tdsAmount."},"PO No":{"title":"PO No","type":"string","description":"PO No.","example":""},"statDueDate":{"title":"statDueDate","type":"string","description":"Stat Due Date.","format":"datetime","example":"28-Apr-2022"},"srvRefNo":{"title":"srvRefNo","type":"string","description":"SRV Reference Number.","example":"206N2966"},"haircutPercent":{"title":"haircutPercent","type":"string","description":"HaircutPercent.","example":""},"cashDiscountPercent":{"title":"cashDiscountPercent","type":"string","description":"Cash Discount Percent.","example":""},"Instrument ID":{"title":"Instrument ID","type":"string","description":"Instrument ID.","example":"RF-080422-000001"},"Supplier Code":{"title":"Supplier Code","type":"string","description":"Supplier Code is use to show supplier code.","example":"SELLER00000194"},"netAmount":{"title":"netAmount","type":"string","description":"Net Amount is total amount.","example":""}}}},"approveFactor_Request":{"type":"object","properties":{"id":{"title":"id","type":"string","description":"The ID is factor id/name use for approve this factor.","example":"FF-010621-000054"},"amount":{"title":"amount","type":"number","description":"This amount is amount noted on invoice.","format":"double","example":6E+4},"netAmount":{"title":"netAmount","type":"number","description":"The net amount is amount customer want against this invoice.","format":"double","example":5.5E+4},"tdsAmount":{"title":"tdsAmount","type":"number","description":"The tds amount is amount applicable for tax deduction.","format":"double","example":0},"creditPeriod":{"title":"creditPeriod","type":"string","description":"credit Period is duration which customer take to return this amount.","example":"45"},"adjAmount":{"title":"adjAmount","type":"number","description":"Adjustable Amount","format":"double","example":45},"goodsAcceptDate":{"title":"goodsAcceptDate","type":"string","description":"Goods Accept Date is that date when goods received by Buyer.","format":"datetime","example":"01-Jun-2021"},"status":{"title":"status","type":"string","description":"Status is use to know current status of this Factor.","example":"COUAPP"}}},"approveFactor_Response":{"type":"object","properties":{"currentStatus":{"title":"currentStatus","type":"string","description":"currentStatus is use to know Approve status of this Factor.","example":"COUAPP"}}},"approveFactorBi_Request":{"type":"object","properties":{"id":{"title":"id","type":"string","description":"The ID is factor id/name use for approve this factor.","example":"FF-010621-000054"},"amount":{"title":"amount","type":"number","description":"This amount is amount noted on invoice.","format":"double","example":6E+4},"netAmount":{"title":"netAmount","type":"number","description":"The net amount is amount customer want against this invoice.","format":"double","example":5.5E+4},"tdsAmount":{"title":"tdsAmount","type":"number","description":"The tds amount is amount applicable for tax deduction.","format":"double","example":0},"creditPeriod":{"title":"creditPeriod","type":"string","description":"Credit period is duration which customer take to return this amount.","example":"45"},"adjAmount":{"title":"adjAmount","type":"number","description":"Adjustable Amount","format":"double","example":45},"goodsAcceptDate":{"title":"goodsAcceptDate","type":"string","description":"Goods Accept Date is that date when goods received by Buyer.","format":"datetime","example":"01-Jun-2021"},"status":{"title":"status","type":"string","description":"Status is use to know current status of this Factor.","example":"COUAPP"}}},"approveFactorBi_Response":{"type":"object","properties":{"currentStatus":{"title":"currentStatus","type":"string","description":"currentStatus is use to know Approve status of this Factor.","example":"COUAPP"}}},"discardFactor_Request":{"type":"object","properties":{"id":{"title":"id","type":"string","description":"The ID is factor id/name use for discard this factor.","example":"FF-010621-000054"},"statusRemarks":{"title":"status","type":"string","description":"Status is use to know current status of this Factor.","example":"Rejecting the factor"}}},"discardFactor_Response":{"type":"object","properties":{"currentStatus":{"title":"currentStatus","type":"string","description":"currentStatus is use to know current status of this Factor.","example":"COUREJ"}}},"getFactorsVendorPaymentDetails_Request":{"type":"object","properties":{"fuId":{"title":"fuId","type":"string","description":"The ID is factor id/name use for payment details of this factor.","example":"FF-010621-000054"},"txnEntity":{"title":"txnEntity","type":"string","description":"txnEntity","example":""},"inId":{"title":"inId","type":"string","description":"The ID is factor id/name use for payment details of this factor.","example":"FF-010621-000054"},"date":{"title":"date","type":"string","description":"date","format":"datetime","example":"01-Jun-2021"},"filterToDate":{"title":"filterToDate","type":"string","description":"filter To Date","format":"datetime","example":"01-Jun-2021"},"status":{"title":"status","type":"string","description":"Status is use to know current payment status of this Factor.","example":"SUCCESS"}}},"getFactorsVendorPaymentDetails_Response":{"type":"array","description":"It contain Details of Vendor Payment.","items":{"type":"object","properties":{"id":{"title":"id","type":"string","description":"The ID is factor id/name use for payment details of this factor.","example":"RI-020222-000001"},"txnType":{"title":"txnType","type":"string","description":"txnType.","example":"C"},"amount":{"title":"amount","type":"number","description":"amount.","format":"float","example":1E+3},"status":{"title":"status","type":"string","description":"Status is use to show current status.","example":"asdasd"},"fuId":{"title":"fuId","type":"string","description":"The fuId is factor id/name use for payment details of this factor.","example":"RI-020222-000001"},"respRemarks":{"title":"respRemarks","type":"string","description":"Response Remarks.","example":"Pending for settlement"},"respErrorCode":{"title":"respErrorCode","type":"string","description":"Response Error Code is use to show Error code.","example":""},"type":{"title":"type","type":"string","description":"type.","example":"L1"},"date":{"title":"date","type":"string","description":"date.","format":"datetime","example":""},"paymentRefNo":{"type":"array","items":{"type":"object","properties":{"1":{"title":"1","type":"string","description":"1.","example":"RI-020222-000001"}}}}}}},"getFactorsObligationDetails_Request":{"type":"object","properties":{"date":{"title":"date","type":"string","description":"date","format":"datetime","example":"01-Jun-2021"},"filterToDate":{"title":"filterToDate","type":"string","description":"filter To Date","format":"datetime","example":"01-Jun-2021"},"status":{"title":"status","type":"string","description":"Status is use to know current obligation status of this Factor.","example":"SUCCESS"}}},"getFactorsObligationDetails_Response":{"type":"array","description":"It contain Details of Vendor Payment.","items":{"type":"object","properties":{"id":{"title":"id","type":"string","description":"The ID is factor id/name use for payment details of this factor.","example":"FF-010621-000083"},"txnType":{"title":"txnType","type":"string","description":"txnType.","example":"D"},"amount":{"title":"amount","type":"number","description":"amount.","format":"float","example":6E+4},"status":{"title":"status","type":"string","description":"Status is use to show current status.","example":"SUC"},"fuId":{"title":"fuId","type":"string","description":"The fuId is factor id/name use for payment details of this factor.","example":"FF-010621-000083"},"respRemarks":{"title":"respRemarks","type":"string","description":"Response Remarks.","example":"Settled"},"respErrorCode":{"title":"respErrorCode","type":"string","description":"Response Error Code is use to show Error Code.","example":""},"type":{"title":"type","type":"string","description":"type.","example":"L2"},"date":{"title":"date","type":"string","description":"date.","format":"datetime","example":"08-Jul-2021"},"paymentRefNo":{"type":"array","items":{"type":"object","properties":{"1":{"title":"1","type":"string","description":"1.","example":"FF-010621-000083"}}}}}}}},"securitySchemes":{"ApiCustomAuthKey":{"type":"apiKey","name":"Authorization","in":"header"}}}}