{"openapi":"3.0.0","info":{"title":"Fiitwix Api v1","description":"Documentation for FIITWIX REST API","version":"1.0.0"},"servers":[{"url":"http://localhost:5000/api/v1"}],"paths":{"/register":{"post":{"summary":"","description":"Create user account","operationId":"user-register","requestBody":{"description":"","content":{"application/json":{"schema":{"required":["email","name","password","surname"],"type":"object","properties":{"name":{"type":"string"},"surname":{"type":"string"},"email":{"type":"string"},"password":{"type":"string"}}}},"application/xml":{"schema":{"type":"object","properties":{}}}}},"responses":{"201":{"description":"Created - success"},"400":{"description":"Bad Request - missing field in body"},"409":{"description":"Conflict - returned if email is not unique"}}}},"/login":{"post":{"tags":[],"summary":"","description":"Get user token","operationId":"user-login","requestBody":{"content":{"application/json":{"schema":{"required":["email","password"],"type":"object","properties":{"email":{"type":"string"},"password":{"type":"string"}}}}}},"responses":{"200":{"description":"OK - success","content":{"application/json":{"schema":{"type":"object","properties":{"name":{"type":"string"},"surname":{"type":"string"},"email":{"type":"string"},"accessToken":{"type":"string"},"refreshToken":{"type":"string"}}}}}},"400":{"description":"Bad Request - missing field in body"},"401":{"description":"Unauthorized - wrong credentials"},"404":{"description":"User with this email not found"}}}},"/refreshtoken":{"post":{"tags":[],"summary":"","description":"Refresh API token","operationId":"user-refreshtoken","requestBody":{"content":{"application/json":{"schema":{"required":["refreshToken","token"],"type":"object","properties":{"token":{"type":"string"},"refreshToken":{"type":"string"}}}}}},"responses":{"200":{"description":"OK - success","content":{"application/json":{"schema":{"type":"object","properties":{"token":{"type":"string"},"refreshToken":{"type":"string"}}}}}},"400":{"description":"Bad Request - missing field in body"},"401":{"description":"Unauthorized - expired/invalid token"}}}},"/user":{"put":{"summary":"","description":"Update user information","operationId":"user-update","parameters":[{"name":"x-access-token","in":"header","description":"Token generated for user","required":false,"style":"simple","explode":false,"schema":{"type":"string"}}],"requestBody":{"content":{"application/json":{"schema":{"required":["password"],"type":"object","properties":{"name":{"type":"string"},"surname":{"type":"string"},"password":{"type":"string"},"newPassword":{"type":"string"}},"description":""}}}},"responses":{"200":{"description":"OK"},"400":{"description":"Bad request - missing body parameter"},"401":{"description":"Unauthorized - no privilidges"}}}},"/project":{"get":{"tags":[],"summary":"","description":"Return all user projects","operationId":"project-get-all","parameters":[{"name":"x-access-token","in":"header","description":"Token generated for user","required":false,"style":"simple","explode":false,"schema":{"type":"string"}}],"responses":{"200":{"description":"OK","content":{"application/json":{"schema":{"type":"array","items":{"type":"object","properties":{"id":{"type":"integer"},"name":{"type":"string"},"description":{"type":"string"},"url":{"type":"string"},"settings":{"type":"object"}}}}}}},"401":{"description":"Unauthorized - no privilidges"}}},"post":{"summary":"","description":"Create new project","operationId":"project-create","parameters":[{"name":"x-access-token","in":"header","description":"Token generated for user","required":false,"style":"simple","explode":false,"schema":{"type":"string"}}],"requestBody":{"content":{"application/json":{"schema":{"type":"object","properties":{"name":{"type":"string"},"description":{"type":"string"},"templateId":{"type":"integer","description":"can be null if template is not used"},"url":{"type":"string"},"settings":{"type":"object"},"projectId":{"type":"integer"}}}}}},"responses":{"201":{"description":"Created - return id of new project","content":{"application/json":{"schema":{"type":"object","properties":{"id":{"type":"integer"}}}}}},"400":{"description":"Bad Request - missing value in body"},"401":{"description":"Unauthorized - no privilidges"},"404":{"description":"Not found - could not find project based on project ID or template ID"}}}},"/project/cover/{coverId}":{"get":{"tags":[],"summary":"","description":"Get project cover image","operationId":"project-get-cover","parameters":[{"name":"coverId","in":"path","description":"ID of cover image","required":true,"style":"simple","explode":false,"schema":{"type":"integer"}}],"responses":{"200":{"description":"OK - return cover image","content":{"application/octet-stream":{"schema":{"type":"string","format":"binary"}}}},"400":{"description":"Bad Request - missing/wrong path value"},"401":{"description":"Unauthorized - no privilidges"},"404":{"description":"Not Found - cover image not found"}}},"delete":{"tags":[],"summary":"","description":"Delete project cover image","operationId":"project-delete-cover","parameters":[{"name":"coverId","in":"path","description":"ID of cover image","required":true,"style":"simple","explode":false,"schema":{"type":"integer"}}],"responses":{"200":{"description":"OK"},"400":{"description":"Bad Request - missing/wrong path value"},"401":{"description":"Unauthorized - no privilidges"},"404":{"description":"Not Found - cover image not found"}}}},"/project/{projectId}":{"get":{"summary":"","description":"Return project data with webpages","operationId":"project-get-single","parameters":[{"name":"projectId","in":"path","description":"ID of project","required":true,"style":"simple","explode":false,"schema":{"type":"integer"}},{"name":"x-access-token","in":"header","description":"Token generated for user","required":false,"style":"simple","explode":false,"schema":{"type":"string"}}],"responses":{"200":{"description":"OK","content":{"application/json":{"schema":{"type":"object","properties":{"id":{"type":"string"},"name":{"type":"string"},"description":{"type":"string"},"url":{"type":"string"},"settings":{"type":"object"},"webpages":{"type":"array","description":"","items":{"type":"object","properties":{"id":{"type":"integer"},"name":{"type":"string"},"urlpath":{"type":"string"},"title":{"type":"string"},"mainpage":{"type":"boolean"}}}},"covers":{"type":"array","description":"","items":{"type":"object","properties":{"id":{"type":"integer"},"title":{"type":"string"}}}},"files":{"type":"array","description":"","items":{"type":"object","properties":{"id":{"type":"integer"},"title":{"type":"string","description":"Does not contain file extension"},"format":{"type":"string"}}}}}}}}},"401":{"description":"Unauthorized - no privilidges"},"404":{"description":"Not Found - project not found"}}},"put":{"summary":"","description":"Update project fields","operationId":"project-update","parameters":[{"name":"projectId","in":"path","description":"ID of project","required":true,"style":"simple","explode":false,"schema":{"type":"integer"}},{"name":"x-access-token","in":"header","description":"Token generated for user","required":false,"style":"simple","explode":false,"schema":{"type":"string"}}],"requestBody":{"description":"","content":{"application/json":{"schema":{"required":["description","name","url"],"type":"object","properties":{"name":{"type":"string"},"description":{"type":"string"},"url":{"type":"string"}}}}}},"responses":{"200":{"description":"OK"},"400":{"description":"Bad Request - missing value in body or missing/wrong path value"},"401":{"description":"Unauthorized - user does not own project"},"404":{"description":"Not Found - project id not found"}}},"delete":{"summary":"","description":"Delete whole project","operationId":"project-delete","parameters":[{"name":"projectId","in":"path","description":"ID of project","required":true,"style":"simple","explode":false,"schema":{"type":"integer"}},{"name":"x-access-token","in":"header","description":"Token generated for user","required":false,"style":"simple","explode":false,"schema":{"type":"string"}}],"responses":{"200":{"description":"OK"},"401":{"description":"Unauthorized - no privilidges"},"404":{"description":"Not Found - project not found"}}}},"/project/{projectId}/export/react":{"get":{"tags":[],"summary":"","description":"Get exported react app","operationId":"project-export-react","parameters":[{"name":"projectId","in":"path","description":"ID of project","required":true,"style":"simple","explode":false,"schema":{"type":"integer"}},{"name":"x-access-token","in":"header","description":"Token generated for user","required":false,"style":"simple","explode":false,"schema":{"type":"string"}}],"responses":{"200":{"description":"OK","content":{"application/octet-stream":{"schema":{"type":"string","description":"Zip file of react application","format":"binary"}}}},"400":{"description":"Bad Request - missing/wrong path value"},"401":{"description":"Unauthorized - no privilidges"},"404":{"description":"Not Found - project not found"}}}},"/project/{projectId}/export/docker":{"get":{"tags":[],"summary":"","description":"Export docker file","operationId":"project-export-docker","parameters":[{"name":"projectId","in":"path","description":"ID of project","required":true,"style":"simple","explode":false,"schema":{"type":"integer"}},{"name":"x-access-token","in":"header","description":"Token generated for user","required":false,"style":"simple","explode":false,"schema":{"type":"string"}}],"responses":{"200":{"description":"OK","content":{"application/json":{"schema":{"type":"object","properties":{"isFirst":{"type":"boolean"},"url":{"type":"string"}}}}}},"400":{"description":"Bad Request - missing/wrong path value"},"401":{"description":"Unauthorized - no privilidges"},"404":{"description":"Not Found - project not found"}}}},"/project/{projectId}/cover":{"post":{"tags":[],"summary":"","description":"Post project cover image","operationId":"project-add-cover","parameters":[{"name":"projectId","in":"path","description":"ID of project","required":true,"style":"simple","explode":false,"schema":{"type":"integer"}},{"name":"x-access-token","in":"header","description":"Token generated for user","required":false,"style":"simple","explode":false,"schema":{"type":"string"}}],"requestBody":{"content":{"application/octet-stream":{"schema":{"type":"string","format":"binary"}}}},"responses":{"201":{"description":"OK"},"400":{"description":"Bad Request - missing value in body or missing/wrong path value"},"401":{"description":"Unauthorized - no privilidges"},"404":{"description":"Not Found - cover image not found"}}}},"/project/{projectId}/file":{"post":{"tags":[],"summary":"","description":"Add project file","operationId":"project-add-file","parameters":[{"name":"projectId","in":"path","description":"ID of project","required":true,"style":"simple","explode":false,"schema":{"type":"integer"}},{"name":"x-access-token","in":"header","description":"Token generated for user","required":false,"style":"simple","explode":false,"schema":{"type":"string"}}],"requestBody":{"content":{"application/octet-stream":{"schema":{"type":"string","format":"binary"}}}},"responses":{"201":{"description":"OK","content":{"application/json":{"schema":{"type":"object","properties":{"medias":{"type":"array","items":{"type":"integer"}}}}}}},"400":{"description":"Bad Request - missing value in body or missing/wrong path value"},"401":{"description":"Unauthorized - no privilidges"},"404":{"description":"Not Found - project not found"}}}},"/project/file/{fileId}":{"get":{"tags":[],"summary":"","description":"Get project file","operationId":"project-get-file","parameters":[{"name":"fileId","in":"path","description":"ID of file","required":true,"style":"simple","explode":false,"schema":{"type":"integer"}},{"name":"x-access-token","in":"header","description":"Token generated for user","required":false,"style":"simple","explode":false,"schema":{"type":"string"}}],"responses":{"200":{"description":"OK","content":{"application/octet-stream":{"schema":{"type":"string","format":"binary"}}}},"400":{"description":"Bad Request - missing/wrong path value"},"401":{"description":"Unauthorized - no privilidges"}}},"put":{"tags":[],"summary":"","description":"Update project file","operationId":"project-update-file","parameters":[{"name":"fileId","in":"path","description":"ID of file","required":true,"style":"simple","explode":false,"schema":{"type":"integer"}},{"name":"x-access-token","in":"header","description":"Token generated for user","required":false,"style":"simple","explode":false,"schema":{"type":"string"}}],"requestBody":{"content":{"application/json":{"schema":{"required":["title"],"type":"object","properties":{"title":{"type":"string"}}}}}},"responses":{"200":{"description":"OK"},"400":{"description":"Bad Request - missing value in body or missing/wrong path value"},"401":{"description":"Unauthorized - no privilidges"}}},"delete":{"tags":[],"summary":"","description":"Delete project file","operationId":"project-delete-file","parameters":[{"name":"fileId","in":"path","description":"ID of file","required":true,"style":"simple","explode":false,"schema":{"type":"integer"}},{"name":"x-access-token","in":"header","description":"Token generated for user","required":false,"style":"simple","explode":false,"schema":{"type":"string"}}],"responses":{"200":{"description":"OK"},"400":{"description":"Bad Request - missing/wrong path value"},"401":{"description":"Unauthorized - no privilidges"}}}},"/template":{"get":{"tags":[],"summary":"","description":"Get all templates","operationId":"template-get-all","responses":{"200":{"description":"OK","content":{"application/json":{"schema":{"type":"array","items":{"type":"object","properties":{"id":{"type":"integer"},"name":{"type":"string"},"description":{"type":"string"},"images":{"type":"array","description":"contains ids of images","items":{"type":"integer"}}}}}}}}}},"post":{"tags":[],"summary":"","description":"Create template","operationId":"template-create","parameters":[{"name":"x-access-token","in":"header","description":"Token generated for user","required":false,"style":"simple","explode":false,"schema":{"type":"string"}}],"requestBody":{"content":{"application/json":{"schema":{"required":["description","name","projectId"],"type":"object","properties":{"name":{"type":"string"},"description":{"type":"string"},"projectId":{"type":"integer"}}}}}},"responses":{"201":{"description":"OK","content":{"application/json":{"schema":{"type":"object","properties":{"id":{"type":"integer"}}}}}},"400":{"description":"Bad Request - missing value in body"},"401":{"description":"Unauthorized - no privilidges"},"404":{"description":"Not Found - cover image not found"}}}},"/template/cover/{coverId}":{"get":{"tags":[],"summary":"","description":"Get template cover image","operationId":"template-get-cover","parameters":[{"name":"coverId","in":"path","description":"ID of cover image","required":true,"style":"simple","explode":false,"schema":{"type":"integer"}}],"responses":{"200":{"description":"OK - return cover image","content":{"application/octet-stream":{"schema":{"type":"string","format":"binary"}}}},"400":{"description":"Bad Request - missing/wrong path value"}}},"delete":{"tags":[],"summary":"","description":"Delete template cover image","operationId":"template-delete-cover","parameters":[{"name":"coverId","in":"path","description":"ID of cover image","required":true,"style":"simple","explode":false,"schema":{"type":"integer"}},{"name":"x-access-token","in":"header","description":"Token generated for admin","required":false,"style":"simple","explode":false,"schema":{"type":"string"}}],"responses":{"200":{"description":"OK"},"400":{"description":"Bad Request - missing/wrong path value"}}}},"/template/{templateId}/cover":{"post":{"tags":[],"summary":"","description":"Post template cover image","operationId":"template-add-cover","parameters":[{"name":"templateId","in":"path","description":"ID of template","required":true,"style":"simple","explode":false,"schema":{"type":"integer"}},{"name":"x-access-token","in":"header","description":"Token generated for admin","required":false,"style":"simple","explode":false,"schema":{"type":"string"}}],"requestBody":{"content":{"application/octet-stream":{"schema":{"type":"string","format":"binary"}}}},"responses":{"201":{"description":"OK"},"400":{"description":"Bad Request - missing value in body"},"401":{"description":"Unauthorized - no privilidges"},"404":{"description":"Not Found - cover image not found"}}}},"/template/{templateId}":{"get":{"tags":[],"summary":"","description":"Get template details","operationId":"template-get-single","parameters":[{"name":"templateId","in":"path","description":"ID of template","required":true,"style":"simple","explode":false,"schema":{"type":"string"}}],"responses":{"200":{"description":"OK","content":{"application/json":{"schema":{"type":"object","properties":{"id":{"type":"integer"},"name":{"type":"string"},"webpages":{"type":"array","items":{"type":"object","properties":{"id":{"type":"integer"},"name":{"type":"string"},"urlpath":{"type":"string"},"title":{"type":"string"},"mainpage":{"type":"boolean"}}}},"covers":{"type":"array","items":{"type":"object","properties":{"id":{"type":"integer"},"title":{"type":"string"}}}}}}}}},"400":{"description":"Bad Request - missing/wrong path value"},"404":{"description":"Not Found - template not found"}}}},"/webpage/{webpageId}":{"get":{"tags":[],"summary":"","operationId":"webpage-get-single","parameters":[{"name":"webpageId","in":"path","description":"ID of a webpage","required":true,"style":"simple","explode":false,"schema":{"type":"string"}},{"name":"x-access-token","in":"header","description":"Token generated for user","required":false,"style":"simple","explode":false,"schema":{"type":"string"}}],"responses":{"200":{"description":"OK","content":{"application/json":{"schema":{"type":"object","properties":{"id":{"type":"string"},"name":{"type":"string"},"urlpath":{"type":"string"},"title":{"type":"string"},"mainpage":{"type":"boolean"},"components":{"type":"array","items":{"type":"object","properties":{"i":{"type":"string","description":"unique identifier"},"x":{"type":"integer"},"y":{"type":"integer"},"w":{"type":"integer"},"h":{"type":"integer"},"minW":{"type":"integer"},"minH":{"type":"integer"},"maxW":{"type":"integer"},"maxH":{"type":"integer"},"type":{"type":"string","description":"ENUM of component type"},"content":{"type":"object","description":"JSON object with custom properties and styles"}}}},"settings":{"type":"object"}}}}}},"401":{"description":"Unauthorized - does not have a priviledges to view this page"},"404":{"description":"Not Found - webpage not found"}}},"put":{"summary":"","operationId":"webpage-update","parameters":[{"name":"webpageId","in":"path","description":"ID of a webpage","required":true,"style":"simple","explode":false,"schema":{"type":"string"}},{"name":"x-access-token","in":"header","description":"Token generated for user","required":false,"style":"simple","explode":false,"schema":{"type":"string"}}],"requestBody":{"content":{"application/json":{"schema":{"required":["components","mainpage","name","settings","title","urlpath"],"type":"object","properties":{"name":{"type":"string"},"urlpath":{"type":"string"},"title":{"type":"string"},"mainpage":{"type":"boolean"},"components":{"type":"array","items":{"type":"object","properties":{"i":{"type":"string","description":"unique identifier"},"x":{"type":"integer"},"y":{"type":"integer"},"w":{"type":"integer"},"h":{"type":"integer"},"minW":{"type":"integer"},"minH":{"type":"integer"},"maxW":{"type":"integer"},"maxH":{"type":"integer"},"type":{"type":"string","description":"ENUM of component type"},"content":{"type":"object","description":"JSON object with custom properties and styles"}}}},"settings":{"type":"object"}},"description":""}}}},"responses":{"200":{"description":"OK - success"},"401":{"description":"Unauthorized - does not have a priviledge to update"},"404":{"description":"Not Found - webpage not found"}}},"delete":{"summary":"","description":"Delete webpage","operationId":"webpage-delete","parameters":[{"name":"webpageId","in":"path","description":"ID of a webpage","required":true,"style":"simple","explode":false,"schema":{"type":"string"}},{"name":"x-access-token","in":"header","description":"Token generated for user","required":false,"style":"simple","explode":false,"schema":{"type":"string"}}],"responses":{"200":{"description":"OK"},"401":{"description":"Unauthorized - no priviledges"},"404":{"description":"Not Found - page not found"}}}},"/webpage":{"post":{"summary":"","operationId":"webpage-create","parameters":[{"name":"x-access-token","in":"header","description":"Token generated for user","required":false,"style":"simple","explode":false,"schema":{"type":"string"}}],"requestBody":{"content":{"application/json":{"schema":{"required":["components","mainpage","name","projectId","settings","title","urlpath"],"type":"object","properties":{"projectId":{"type":"integer"},"name":{"type":"string"},"urlpath":{"type":"string"},"title":{"type":"string"},"mainpage":{"type":"boolean"},"components":{"type":"array","items":{"type":"object","properties":{"i":{"type":"string","description":"unique identifier"},"x":{"type":"integer"},"y":{"type":"integer"},"w":{"type":"integer"},"h":{"type":"integer"},"minW":{"type":"integer"},"minH":{"type":"integer"},"maxW":{"type":"integer"},"maxH":{"type":"integer"},"type":{"type":"string","description":"ENUM of component type"},"content":{"type":"object","description":"JSON object with custom properties and styles"}}}},"settings":{"type":"object"}}}}}},"responses":{"201":{"description":"Created"},"400":{"description":"Bad Request - missing values in body"},"401":{"description":"Unauthorized - no privilidges"}}}}},"components":{"schemas":{},"securitySchemes":{}}}