{"openapi":"3.0.0","info":{"title":"RESERVAR COCHE","description":"API para RESERVAR COCHE","contact":{"email":"you@your-company.com"},"license":{"name":"Apache 2.0","url":"http://www.apache.org/licenses/LICENSE-2.0.html"},"version":"1.0.0"},"servers":[{"url":"https://virtserver.swaggerhub.com/M2851/ReservaCoche/1.0.0","description":"SwaggerHub API Auto Mocking"}],"paths":{"/reserva/coches/nuevo":{"post":{"description":"Crear una reserva del coche","parameters":[{"name":"idCoche","in":"query","description":"pasar el id del mejor coche","required":true,"style":"form","explode":true,"schema":{"type":"integer"}}],"requestBody":{"description":"Reserva de Coche","content":{"application/json":{"schema":{"$ref":"#/components/schemas/ReservaCoche"}}}},"responses":{"201":{"description":"Reserva del coche creada"},"400":{"description":"No existe ese coche","content":{"application/json":{"schema":{"type":"object","properties":{"message":{"type":"string","example":"ERROR 400"}}}}}},"409":{"description":"Esa reserva ya existe","content":{"application/json":{"schema":{"type":"object","properties":{"message":{"type":"string","example":"ERROR 409"}}}}}}}}},"/reserva/coches/borrar/{id}":{"delete":{"description":"Eliminar reserva","parameters":[{"name":"id","in":"path","description":"pasar id de la reserva a borrar","required":true,"style":"simple","explode":false,"schema":{"type":"integer"}}],"responses":{"204":{"description":"Reserva borrada"},"404":{"description":"No se ha encontrado la reserva","content":{"application/json":{"schema":{"type":"object","properties":{"message":{"type":"string","example":"ERROR 404"}}}}}}}}},"/reserva/coches/modificar/{id}":{"put":{"description":"Decrementar precio de la reserva del coche","parameters":[{"name":"id","in":"path","description":"pasar id de la reserva","required":true,"style":"simple","explode":false,"schema":{"type":"integer"}}],"requestBody":{"description":"Reserva del coche","content":{"application/json":{"schema":{"$ref":"#/components/schemas/ReservaCoche"}}}},"responses":{"201":{"description":"Coche modificado"},"404":{"description":"Coche no encontrado"}}}},"/reserva/coches/consultar/{id}":{"get":{"description":"Ver detalles de la reserva","parameters":[{"name":"id","in":"path","description":"pasar id de la reserva del coche","required":true,"style":"simple","explode":false,"schema":{"type":"integer"}}],"responses":{"200":{"description":"Reserva del coche se devuelve","content":{"application/json":{"schema":{"$ref":"#/components/schemas/ReservaCoche"}}}},"400":{"description":"No existe la reserva del coche","content":{"application/json":{"schema":{"type":"object","properties":{"message":{"type":"string","example":"Error 400"}}}}}}}}}},"components":{"schemas":{"ReservaCoche":{"required":["codigoCoche","dniCliente","fechaFin","fechaInicio","idReserva","precioTotal"],"type":"object","properties":{"idReserva":{"type":"integer"},"codigoCoche":{"type":"string"},"dniCliente":{"type":"string"},"precioTotal":{"type":"number"},"fechaInicio":{"type":"string"},"fechaFin":{"type":"string"}}}}}}