{"openapi":"3.0.0","info":{"title":"COMPROBAR COCHE","description":"API para COMPROBAR COCHES","contact":{"email":"you@your-company.com"},"license":{"name":"Apache 2.0","url":"http://www.apache.org/licenses/LICENSE-2.0.html"},"version":"1.0.0"},"servers":[{"url":"https://virtserver.swaggerhub.com/M2851/ComprobarCoche/1.0.0","description":"SwaggerHub API Auto Mocking"}],"paths":{"/comprobarFechaLugar/{fechaIn}/{fechaOut}/{lugar}":{"post":{"summary":"Comprobar coches para esas caracterísiticas","parameters":[{"name":"fechaIn","in":"path","description":"Check-in con formato DD-MM-YYYY","required":true,"style":"simple","explode":false,"schema":{"type":"string"}},{"name":"fechaOut","in":"path","description":"Check-out con formato DD-MM-YYYY","required":true,"style":"simple","explode":false,"schema":{"type":"string"}},{"name":"lugar","in":"path","description":"pasar lugar de la estancia","required":true,"style":"simple","explode":false,"schema":{"type":"string"}}],"responses":{"200":{"description":"Coches con las características","content":{"application/json":{"schema":{"type":"array","items":{"$ref":"#/components/schemas/Coche"}}}}},"400":{"description":"ERROR 400: No hay coches con esas características"}}}},"/comprobarPersonas/{n}":{"post":{"summary":"Comprobar coches para esas caracterísiticas","parameters":[{"name":"n","in":"path","description":"Número de personas","required":true,"style":"simple","explode":false,"schema":{"type":"integer"}},{"name":"listaCoches","in":"query","description":"Lista de coches que cumplen las características anteriores","required":true,"style":"form","explode":true,"schema":{"type":"array","items":{"$ref":"#/components/schemas/Coche"}}}],"responses":{"200":{"description":"Coches con las características","content":{"application/json":{"schema":{"type":"array","items":{"$ref":"#/components/schemas/Coche"}}}}},"400":{"description":"ERROR 400: No hay coches con esas características"}}}},"/comprobarPrecios/{precioInicio}/{precioFin}":{"post":{"summary":"Comprobar coches para esas caracterísiticas","parameters":[{"name":"precioInicio","in":"path","description":"Rango inicial del precio","required":true,"style":"simple","explode":false,"schema":{"type":"number"}},{"name":"precioFin","in":"path","description":"Rango final del precio","required":true,"style":"simple","explode":false,"schema":{"type":"number"}},{"name":"listaCoches","in":"query","description":"Lista de coches que cumplen las características anteriores","required":true,"style":"form","explode":true,"schema":{"type":"array","items":{"$ref":"#/components/schemas/Coche"}}}],"responses":{"200":{"description":"Coches con las características","content":{"application/json":{"schema":{"type":"array","items":{"$ref":"#/components/schemas/Coche"}}}}},"400":{"description":"ERROR 400: No hay coches con esas características"}}}},"/comprobarDisponibilidad":{"post":{"summary":"Comprobar coches disponibles","parameters":[{"name":"listaCoches","in":"query","description":"Lista de coches que cumplen las características anteriores","required":true,"style":"form","explode":true,"schema":{"type":"array","items":{"$ref":"#/components/schemas/Coche"}}}],"responses":{"200":{"description":"Coches con las características","content":{"application/json":{"schema":{"type":"array","items":{"$ref":"#/components/schemas/Coche"}}}}},"400":{"description":"ERROR 400: No hay coches con esas características"}}}}},"components":{"schemas":{"Coche":{"required":["disponible","id","marca","modelo","numPlazas","num_puertas","precio_Dia","puntuacion"],"type":"object","properties":{"id":{"type":"integer","example":1},"modelo":{"type":"string","example":"Modelo1"},"marca":{"type":"string","example":"Mercedes"},"num_puertas":{"type":"integer","example":5},"puntuacion":{"type":"integer","example":5},"precio_Dia":{"type":"integer","example":20},"numPlazas":{"type":"integer","example":5},"disponible":{"type":"boolean","example":true},"lugar":{"type":"string","example":"Madrid"}}}}}}