{"openapi":"3.0.0","info":{"title":"OpenAPI Specification for E-commerce website","description":"API Specification document of the E-commerce website","termsOfService":"http://ecommerce.com/tos","contact":{"name":"Kenith Shah","url":"http://ecommerce.com/staff/Kenith-shah"},"license":{"name":"MIT"},"version":"1.1"},"externalDocs":{"description":"More information about E-commerce","url":"http://ecommerce.com/api"},"servers":[{"url":"https://localhost:44333/api/v1","description":"Production server"},{"url":"https://{hostname}:{port}/stagingapi/v1","description":"Development server","variables":{"hostname":{"default":"localhost"},"port":{"default":"44333","enum":["44333","8990"]}}}],"security":[{"BasicAuthentication":[]}],"tags":[{"name":"company","description":"Operations about company"},{"name":"seller","description":"Operations about seller"},{"name":"item","description":"Operations about item"},{"name":"customer","description":"Operations about customer"},{"name":"order","description":"Operations about order"},{"name":"category","description":"Operations about category"}],"paths":{"/company":{"summary":"CRUD Operations on company","description":"Contains the list of operations on company","get":{"tags":["company"],"summary":"This function returns all the companies. It takes Query parameter 'sortBy' which can have values asc or desc","description":"Returns the list of all companies.It takes Query parameter 'sortBy' which can have values asc or desc.Response Body contains of companyID,companyName,location,domain,moto,description and phoneNumber","operationId":"getCompanies","parameters":[{"name":"sortBy","in":"query","description":"The sort order","required":true,"style":"form","explode":true,"schema":{"type":"string","example":"../api/company?sortBy=asc","default":"asc","enum":["asc","desc"]}}],"responses":{"200":{"description":"Successfully returned all company details","content":{"application/json":{"schema":{"$ref":"#/components/schemas/Company"}}}},"4XX":{"description":"Incorrect input"},"default":{"description":"Success"}}},"post":{"tags":["company"],"summary":"It reads request Body which contains companyID,companyName,location,domain,moto,description and phoneNumber and add a new company to DB. It returns all the company details with status code 201","description":"Adds a new company entry with the request body consisting of companyID,companyName,location,domain,moto,description and phoneNumber to the system and returns the added company which consists of companyID,companyName,location,domain,moto,description and phoneNumber wit status code 201.","operationId":"addCompany","requestBody":{"description":"The new company to add","content":{"application/json":{"schema":{"$ref":"#/components/schemas/Company"}}},"required":true},"responses":{"201":{"description":"Successfully added a company","content":{"application/json":{"schema":{"$ref":"#/components/schemas/Company"}}}}}}},"/company/{companyID}":{"summary":"Operations about individual company","description":"Contains the list of operations applied on company","get":{"tags":["company"],"summary":"Get a specific company","description":"Returns the company details of a specific company specified by in path parameter 'companyID'.Response body consists of companyID,companyName,location,domain,moto,description and phoneNumber of the company with status code 200.","operationId":"getCompany","parameters":[{"name":"companyID","in":"path","description":"The unique company id","required":true,"style":"simple","explode":false,"schema":{"type":"string"}}],"responses":{"200":{"description":"Successfully returned the company details","content":{"application/json":{"schema":{"$ref":"#/components/schemas/Company"}}}},"4XX":{"description":"Bad Request"}}},"put":{"tags":["company"],"summary":"Update an existing company","description":"Updates a company entry of a specific company specified by in path parameter 'companyID' and returns the updated company.Response body consists of companyID,companyName,location,domain,moto,description and phoneNumber of the updated company with status code 201.","operationId":"updateCompany","parameters":[{"name":"companyID","in":"path","description":"The unique company id","required":true,"style":"simple","explode":false,"schema":{"type":"string"}}],"requestBody":{"description":"The company details to update","content":{"application/json":{"schema":{"required":["companyName","location","phoneNumber"],"type":"object","properties":{"companyName":{"type":"string","description":"Name of the company"},"location":{"type":"string","description":"location of the company"},"phoneNumber":{"type":"string","description":"Phone number of the company"}},"description":"Represents a company entry","example":{"companyName":"amazon","location":"texas","phoneNumber":"243543645"}}}},"required":true},"responses":{"201":{"description":"Success"},"4XX":{"description":"Bad Request"}}},"delete":{"tags":["company"],"summary":"Delete a specific company","description":"Removes a company entry from the system of a specific company specified by in path parameter 'companyID'.Response body consists of the companyID,companyName,location,domain,moto,description and phoneNumber of the deleted company with status code 200.","operationId":"deleteCompany","parameters":[{"name":"companyID","in":"path","description":"The unique company id","required":true,"style":"simple","explode":false,"schema":{"type":"string"}}],"responses":{"200":{"description":"Successfully deleted the company details","content":{"application/json":{"schema":{"$ref":"#/components/schemas/Company"}}}},"4XX":{"description":"Bad Request"}},"security":[{"BearerAuthentication":[]}]}},"/customer":{"summary":"CRUD Operations on customer","description":"Contains the list of operations on customer","get":{"tags":["customer"],"summary":"This function returns all the customers. It takes Query parameter 'sortBy' which can have values asc or desc","description":"Returns the list of all customers.It takes Query parameter 'sortBy' which can have values asc or desc. Response Body contains of customerID,customerName,gender,phoneNumber and address","operationId":"getCustomers","parameters":[{"name":"sortBy","in":"query","description":"The sort order","required":true,"style":"form","explode":true,"schema":{"type":"string","example":"../api/customer?sortBy=asc","default":"asc","enum":["asc","desc"]}}],"responses":{"200":{"description":"Successfully returned all customer details","content":{"application/json":{"schema":{"$ref":"#/components/schemas/Customer"}}}},"4XX":{"description":"Incorrect input"},"default":{"description":"Success"}}},"post":{"tags":["customer"],"summary":"It reads request Body which contains customerID,customerName,gender,address and phoneNumber and add a new customer to DB. It returns all the customer details with status code 201","description":"Adds a new customer entry with the request body consisting of customerID,customerName,gender,address and phoneNumber to the system and returns the added customer which consists of customerID,customerName,gender,address and phoneNumber with status code 201.","operationId":"addCustomer","requestBody":{"description":"The new customer to add","content":{"application/json":{"schema":{"$ref":"#/components/schemas/Customer"}}},"required":true},"responses":{"201":{"description":"Successfully added a customer","content":{"application/json":{"schema":{"$ref":"#/components/schemas/Customer"}}}}}}},"/customer/{customerID}":{"summary":"Operations about individual customer","description":"Contains the list of operations applied on customer","get":{"tags":["customer"],"summary":"Get a specific customer","description":"Returns the customer details of a specific customer specified by in path parameter 'customerID'.Response body consists of customerID,customerName,gender,address and phoneNumber of the customer with status code 200.","operationId":"getCustomer","parameters":[{"name":"customerID","in":"path","description":"The unique customer id","required":true,"style":"simple","explode":false,"schema":{"type":"string"}}],"responses":{"200":{"description":"Successfully returned the customer details","content":{"application/json":{"schema":{"$ref":"#/components/schemas/Customer"}}}},"4XX":{"description":"Bad Request"}}},"put":{"tags":["customer"],"summary":"Update an existing customer","description":"Updates a customer entry of a specific customer specified by in path parameter 'customerID' and returns the updated customer.Response body consists of customerID,customerName,gender,address and phoneNumber of the updated company with status code 201.","operationId":"updateCustomer","parameters":[{"name":"customerID","in":"path","description":"The unique customer id","required":true,"style":"simple","explode":false,"schema":{"type":"string"}}],"requestBody":{"description":"The customer details to update","content":{"application/json":{"schema":{"required":["customerName","phoneNumber"],"type":"object","properties":{"customerName":{"type":"string","description":"name of the customer"},"phoneNumber":{"type":"string","description":"Phone number of the customer"}},"description":"Represents a customer entry","example":{"customerName":"Kenith","phoneNumber":"243543645"}}}},"required":true},"responses":{"201":{"description":"Success"},"4XX":{"description":"Bad Request"}}},"delete":{"tags":["customer"],"summary":"Delete a specific customer","description":"Removes a customer entry from the system specified by in path parameter 'customerID'.Response body consists of the customerID,customerName,gender,address and phoneNumber of the deleted company with status code 200.","operationId":"deleteCustomer","parameters":[{"name":"customerID","in":"path","description":"The unique customer id","required":true,"style":"simple","explode":false,"schema":{"type":"string"}}],"responses":{"200":{"description":"Successfully deleted the customer details","content":{"application/json":{"schema":{"$ref":"#/components/schemas/Customer"}}}},"4XX":{"description":"Bad Request"}},"security":[{"BearerAuthentication":[]}]}},"/order/{orderID}":{"summary":"Operations about individual order","description":"Contains the list of operations applied on a particular order","get":{"tags":["order"],"summary":"Get a specific order","description":"Returns the order details of a specific order specified by in path parameter 'orderID'.Response body consists of orderID,dateOfPurchse,quantity,amount,itemID and methodOFpayment of the order with status code 200.","operationId":"getOrder","parameters":[{"name":"orderID","in":"path","description":"The unique order ID","required":true,"style":"simple","explode":false,"schema":{"type":"string"}}],"responses":{"200":{"description":"Successfully returned the order details","content":{"application/json":{"schema":{"$ref":"#/components/schemas/Orders"}}}},"4XX":{"description":"Bad Request"}}},"put":{"tags":["order"],"summary":"Update an existing order","description":"Updates a order entry of a specific order specified by in path parameter 'orderID' and returns the updated order.Response body consists of orderID,dateOfPurchse,quantity,amount,itemID and methodOFpayment of the updated order with status code 201.","operationId":"updateOrder","parameters":[{"name":"orderID","in":"path","description":"The unique order ID","required":true,"style":"simple","explode":false,"schema":{"type":"string"}}],"requestBody":{"description":"The order details to update","content":{"application/json":{"schema":{"required":["amount"],"type":"object","properties":{"amount":{"type":"integer","description":"amount of the order"}},"description":"Represents a order entry","example":{"amount":100}}}},"required":true},"responses":{"201":{"description":"Success"},"4XX":{"description":"Bad Request"}}},"delete":{"tags":["order"],"summary":"Delete a specific order","description":"Removes a order entry from the system specified by in path parameter 'orderID'.Response body consists of the orderID,dateOfPurchse,quantity,amount,itemID and methodOFpayment of the deleted order with status code 200.","operationId":"deleteOrder","parameters":[{"name":"orderID","in":"path","description":"The unique order ID","required":true,"style":"simple","explode":false,"schema":{"type":"string"}}],"responses":{"200":{"description":"Successfully deleted the order details","content":{"application/json":{"schema":{"$ref":"#/components/schemas/Orders"}}}},"4XX":{"description":"Bad Request"}},"security":[{"BearerAuthentication":[]}]}},"/orders":{"summary":"Operations about order","description":"Contains the list of operations applied on order","get":{"tags":["order"],"summary":"Get all the order","description":"Returns the list of all order present in the system.Response body consists of list of all order along with orderID,dateOfPurchse,quantity,amount,itemID and methodOFpayment.Status code of response is 200. ","operationId":"getOrders","responses":{"200":{"description":"Successfully returned all order entries","content":{"application/json":{"schema":{"type":"array","items":{"$ref":"#/components/schemas/Orders"}}}}},"4XX":{"description":"Bad Request"},"5XX":{"description":"Internal server error"}}},"post":{"tags":["order"],"summary":"Add a new order","description":"Adds a new order entry to the system and returns the added order.Request body consists of the orderID,dateOfPurchse,quantity,amount,itemID and methodOFpayment of the new order.Status code upon successfull entry of a new order to the system is 201.","operationId":"addOrder","requestBody":{"description":"The new order to add","content":{"application/json":{"schema":{"$ref":"#/components/schemas/Orders"}}},"required":true},"responses":{"201":{"description":"order entry is added successfully","content":{"application/json":{"schema":{"$ref":"#/components/schemas/Orders"}}}},"4XX":{"description":"Bad Request"},"5XX":{"description":"Internal server error"},"default":{"description":"Success"}}}},"/category/{categoryID}":{"summary":"Operations about individual category","description":"Contains the list of operations applied on a particular category","get":{"tags":["category"],"summary":"Get a specific category","description":"Returns the category details of a specific category specified by in path parameter 'categoryID'.Response body consists of categoryID and name of the category with status code 200.","operationId":"getCategory","parameters":[{"name":"categoryID","in":"path","description":"The unique categoryID","required":true,"style":"simple","explode":false,"schema":{"type":"string"}}],"responses":{"200":{"description":"Successfully returned the category details","content":{"application/json":{"schema":{"$ref":"#/components/schemas/Category"}}}},"4XX":{"description":"Bad Request"}}},"put":{"tags":["category"],"summary":"Update an existing category","description":"Updates a category entry of a specific category specified by in path parameter 'categoryID' and returns the updated category.Response body consists of categoryID and name of the updated category with status code 201.","operationId":"updateCategory","parameters":[{"name":"categoryID","in":"path","description":"The unique categoryID","required":true,"style":"simple","explode":false,"schema":{"type":"string"}}],"requestBody":{"description":"The category details to update","content":{"application/json":{"schema":{"required":["name"],"type":"object","properties":{"name":{"type":"string","description":"name of the category"}},"description":"Represents a category entry","example":{"name":"apparel"}}}},"required":true},"responses":{"201":{"description":"Success"},"4XX":{"description":"Bad Request"}}},"delete":{"tags":["category"],"summary":"Delete a specific category","description":"Removes a category entry from the system specified by in path parameter 'categoryID'.Response body consists of the categoryID and name of the deleted category with status code 200.","operationId":"deleteCategory","parameters":[{"name":"categoryID","in":"path","description":"The unique categoryID","required":true,"style":"simple","explode":false,"schema":{"type":"string"}}],"responses":{"200":{"description":"Successfully deleted the category details","content":{"application/json":{"schema":{"$ref":"#/components/schemas/Category"}}}},"4XX":{"description":"Bad Request"}},"security":[{"BearerAuthentication":[]}]}},"/item":{"summary":"CRUD Operations on item","description":"Contains the list of operations on item","get":{"tags":["item"],"summary":"This function returns all the items. It takes Query parameter 'sortBy' which can have values asc or desc","description":"Returns the list of all items.It takes Query parameter 'sortBy' which can have values asc or desc. Response Body contains of itemID,itemName,description,price and categoryID","operationId":"getItems","parameters":[{"name":"sortBy","in":"query","description":"The sort order","required":true,"style":"form","explode":true,"schema":{"type":"string","example":"../api/item?sortBy=asc","default":"asc","enum":["asc","desc"]}}],"responses":{"200":{"description":"Successfully returned all item details","content":{"application/json":{"schema":{"$ref":"#/components/schemas/Item"}}}},"4XX":{"description":"Incorrect input"},"default":{"description":"Success"}}},"post":{"tags":["item"],"summary":"It reads request Body which contains itemID,itemName,description,price and categoryID and add a new item to DB. It returns all the item details with status code 201","description":"Adds a new item entry with the request body consisting of itemID,itemName,description,price and categoryID to the system and returns the added item which consists of itemID,itemName,description,price and categoryID with status code 201.","operationId":"addItem","requestBody":{"description":"The new item to add","content":{"application/json":{"schema":{"$ref":"#/components/schemas/Item"}}},"required":true},"responses":{"201":{"description":"Successfully added a item","content":{"application/json":{"schema":{"$ref":"#/components/schemas/Item"}}}}}}},"/item/{itemID}":{"summary":"Operations about individual item","description":"Contains the list of operations applied on item","get":{"tags":["item"],"summary":"Get a specific item","description":"Returns the item details of a specific item specified by in path parameter 'itemID'.Response body consists of itemID,itemName,description,price and categoryID of the item with status code 200.","operationId":"getItem","parameters":[{"name":"itemID","in":"path","description":"The unique item id","required":true,"style":"simple","explode":false,"schema":{"type":"string"}}],"responses":{"200":{"description":"Successfully returned the item details","content":{"application/json":{"schema":{"$ref":"#/components/schemas/Item"}}}},"4XX":{"description":"Bad Request"}}},"put":{"tags":["item"],"summary":"Update an existing item","description":"Updates a item entry of a specific item specified by in path parameter 'itemID' and returns the updated item.Response body consists of itemID,itemName,description,price and categoryID of the updated item with status code 201.","operationId":"updateItem","parameters":[{"name":"itemID","in":"path","description":"The unique item id","required":true,"style":"simple","explode":false,"schema":{"type":"string"}}],"requestBody":{"description":"The item details to update","content":{"application/json":{"schema":{"required":["categoryID","price"],"type":"object","properties":{"price":{"type":"string","description":"price of the item"},"categoryID":{"type":"string","description":"categoryID of the item"}},"description":"Represents a item entry","example":{"price":"2435","categoryID":"electronics"}}}},"required":true},"responses":{"201":{"description":"Success"},"4XX":{"description":"Bad Request"}}},"delete":{"tags":["item"],"summary":"Delete a specific item","description":"Removes a item entry from the system of a specific item specified by in path parameter 'itemID'.Response body consists of the itemID,itemName,description,price and categoryID of the deleted item with status code 200.","operationId":"deleteItem","parameters":[{"name":"itemID","in":"path","description":"The unique item id","required":true,"style":"simple","explode":false,"schema":{"type":"string"}}],"responses":{"200":{"description":"Successfully deleted the item details","content":{"application/json":{"schema":{"$ref":"#/components/schemas/Item"}}}},"4XX":{"description":"Bad Request"}},"security":[{"BearerAuthentication":[]}]}},"/seller":{"summary":"CRUD Operations on seller","description":"Contains the list of operations on seller","get":{"tags":["seller"],"summary":"This function returns all the seller. It takes Query parameter 'sortBy' which can have values asc or desc","description":"Returns the list of all seller.It takes Query parameter 'sortBy' which can have values asc or desc. Response Body contains of sellerID,sellerName,phoneNumber,address,rating and companyID","operationId":"getSellers","parameters":[{"name":"sortBy","in":"query","description":"The sort order","required":true,"style":"form","explode":true,"schema":{"type":"string","example":"../api/seller?sortBy=asc","default":"asc","enum":["asc","desc"]}}],"responses":{"200":{"description":"Successfully returned all seller details","content":{"application/json":{"schema":{"$ref":"#/components/schemas/Seller"}}}},"4XX":{"description":"Incorrect input"},"default":{"description":"Success"}}},"post":{"tags":["seller"],"summary":"It reads request Body which contains sellerID,sellerName,phoneNumber,address,rating and companyID and add a new seller to DB. It returns all the seller details with status code 201","description":"Adds a new seller entry with the request body consisting of sellerID,sellerName,phoneNumber,address,rating and companyID to the system and returns the added seller which consists of sellerID,sellerName,phoneNumber,address,rating and companyID with status code 201.","operationId":"addSeller","requestBody":{"description":"The new seller to add","content":{"application/json":{"schema":{"$ref":"#/components/schemas/Seller"}}},"required":true},"responses":{"201":{"description":"Successfully added a seller","content":{"application/json":{"schema":{"$ref":"#/components/schemas/Seller"}}}}}}},"/seller/{sellerID}":{"summary":"Operations about individual seller","description":"Contains the list of operations applied on seller","get":{"tags":["seller"],"summary":"Get a specific seller","description":"Returns the seller details of a specific seller specified by in path parameter 'sellerID'.Response body consists of sellerID,sellerName,phoneNumber,address,rating and companyID of the seller with status code 200.","operationId":"getSeller","parameters":[{"name":"sellerID","in":"path","description":"The unique seller id","required":true,"style":"simple","explode":false,"schema":{"type":"string"}}],"responses":{"200":{"description":"Successfully returned the seller details","content":{"application/json":{"schema":{"$ref":"#/components/schemas/Seller"}}}},"4XX":{"description":"Bad Request"}}},"put":{"tags":["seller"],"summary":"Update an existing seller","description":"Updates a seller entry of a specific seller specified by in path parameter 'sellerID' and returns the updated seller.Response body consists of sellerID,sellerName,phoneNumber,address,rating and companyID of the updated seller with status code 201.","operationId":"updateSeller","parameters":[{"name":"sellerID","in":"path","description":"The unique seller id","required":true,"style":"simple","explode":false,"schema":{"type":"string"}}],"requestBody":{"description":"The seller details to update","content":{"application/json":{"schema":{"required":["address","phoneNumber"],"type":"object","properties":{"phoneNumber":{"type":"string","description":"phone number of the seller"},"address":{"type":"string","description":"address of the seller"}},"description":"Represents a seller entry","example":{"phoneNumber":"1234567890","address":"Burj Khalifa"}}}},"required":true},"responses":{"201":{"description":"Success"},"4XX":{"description":"Bad Request"}}},"delete":{"tags":["seller"],"summary":"Delete a specific seller","description":"Removes a seller entry from the system of a specific seller specified by in path parameter 'sellerID'.Response body consists of the address of the deleted seller with status code 200.","operationId":"deleteSeller","parameters":[{"name":"sellerID","in":"path","description":"The unique seller id","required":true,"style":"simple","explode":false,"schema":{"type":"string"}}],"responses":{"200":{"description":"Successfully deleted the seller details","content":{"application/json":{"schema":{"$ref":"#/components/schemas/Seller"}}}},"4XX":{"description":"Bad Request"}},"security":[{"BearerAuthentication":[]}]}},"/categories":{"summary":"Operations about categories","description":"Contains the list of operations applied on categories","get":{"tags":["category"],"summary":"Get all the categories","description":"Returns the list of all category present in the system.Response body consists of list of all categories along with categoryID and name.Status code of response is 200. ","operationId":"getCategories","parameters":[{"name":"sortBy","in":"query","description":"The sort category","required":true,"style":"form","explode":true,"schema":{"type":"string","example":"../api/category?sortBy=asc","default":"asc","enum":["asc","desc"]}}],"responses":{"200":{"description":"Successfully returned all categories entries","content":{"application/json":{"schema":{"type":"array","items":{"$ref":"#/components/schemas/Category"}}}}},"4XX":{"description":"Bad Request"},"5XX":{"description":"Internal server error"}}},"post":{"tags":["category"],"summary":"Add a new category","description":"Adds a new category entry to the system and returns the added category.Request body consists of the categoryID and name of the new category.Status code upon successfull entry of a new category to the system is 201.","operationId":"addCategory","requestBody":{"description":"The new category to add","content":{"application/json":{"schema":{"$ref":"#/components/schemas/Category"}}},"required":true},"responses":{"201":{"description":"category entry is added successfully","content":{"application/json":{"schema":{"$ref":"#/components/schemas/Category"}}}},"4XX":{"description":"Bad Request"},"5XX":{"description":"Internal server error"},"default":{"description":"Success"}}}}},"components":{"schemas":{"Customer":{"required":["address","customerId","customerName","gender","phoneNumber"],"type":"object","properties":{"customerId":{"type":"number","description":"Unique ID of the customer"},"customerName":{"type":"string","description":"Name of the customer"},"phoneNumber":{"type":"string","description":"Phone number of the customer"},"address":{"type":"string","description":"Address of the customer"},"tb":{"type":"boolean"},"gender":{"type":"string","enum":["Male","Female"]}},"description":"Represents a customer entry","example":{"customerId":"123","customerName":"Kenith","phoneNumber":"029327422","address":"India","gender":"Male"}},"Seller":{"required":["companyID","sellerID"],"type":"object","properties":{"sellerID":{"type":"string","description":"Unique ID of the Seller"},"sellerName":{"type":"string","description":"Name of the seller"},"companyID":{"type":"string","description":"Unique ID of the company to which seller is associated"},"rating":{"type":"integer","description":"Rating of the seller"},"phoneNumber":{"type":"string","description":"Phone number of the seller"},"address":{"type":"string","description":"Address number of the seller"},"tb":{"type":"boolean"}},"description":"Represents a company entry","example":{"sellerId":"101","sellerName":"James","companyID":"202","phoneNumber":"555-555-1234","address":"US","rating":5}},"Company":{"required":["companyID","companyName"],"type":"object","properties":{"companyID":{"type":"string","description":"Unique ID of the company"},"companyName":{"type":"string","description":"Name of the company"},"description":{"type":"string","description":"Description of the company"},"domain":{"type":"string","description":"domain name of the company"},"address":{"type":"string","description":"address  of the company"},"moto":{"type":"string","description":"moto  of the company"},"phoneNumber":{"type":"string","description":"phoneNumber of the company"},"tb":{"type":"boolean"}},"description":"Represents a company entry","example":{"companyID":"101","companyName":"Amazon","description":"American multinational technology company which focuses on e-commerce","phoneNumber":"555-555-1234","address":"US","domain":"ecommerce","moto":"Customer Service Company"}},"Item":{"required":["categoryID","itemID","itemName"],"type":"object","properties":{"itemID":{"type":"string","description":"Unique ID of the item"},"itemName":{"type":"string","description":"Name of the item"},"description":{"type":"string","description":"Description of the item"},"price":{"type":"integer","description":"price of the item"},"categoryID":{"type":"string","description":"Category ID of the item"},"tb":{"type":"boolean"}},"description":"Represents an item entry","example":{"itemID":"101","itemName":"Sky Blue Tshirt","description":"Tshirts of Polo England","categoryID":"Shirts","price":230}},"Orders":{"required":["dateofpurchase","itemid","orderID"],"type":"object","properties":{"orderID":{"type":"string","description":"Unique ID of the orders"},"dateofpurchase":{"type":"string","description":"Purchase Date of the items"},"itemid":{"type":"string","description":"Id of a item purchased"},"quantity":{"type":"integer","description":"Quantity of the items purchased"},"amount":{"type":"integer","description":"Amount to be paid for the purchase"},"methodofpayment":{"type":"string","description":"Payment Method for the purchase"},"tb":{"type":"boolean"}},"description":"Represents an item entry","example":{"orderID":"302","dateofpurchase":"2022-04-23","itemid":"101","quantity":5,"amount":5000,"methodofpayment":"card"}},"Category":{"required":["categoryID","categoryName"],"type":"object","properties":{"categoryName":{"type":"string","description":"Name of Category"},"categoryID":{"type":"string","description":"Id of Category"}},"description":"Represents an item array of different category","example":{"categoryName":"Shirts","categoryID":"205"}}},"responses":{"2xxResponse":{"description":"Success"},"4xxResponse":{"description":"Bad Request"},"5xxResponse":{"description":"Internal server error"},"DefaultResponse":{"description":"Success"}},"securitySchemes":{"BasicAuthentication":{"type":"http","scheme":"basic"},"BearerAuthentication":{"type":"http","scheme":"bearer"}}}}