{"openapi":"3.0.0","info":{"title":"Nice profile","version":"0.01"},"externalDocs":{"description":"Datamodel for the API","url":"http://uri.suomi.fi/datamodel/ns/nice"},"servers":[{"url":"https://api.example.com/v1","description":"Example server description"}],"tags":[{"name":"Party"}],"paths":{"/Party/{id}":{"get":{"tags":["Party"],"summary":"Get Party","parameters":[{"name":"id","in":"path","required":true,"style":"simple","explode":false,"schema":{"type":"string"}}],"responses":{"200":{"description":"Successfull operation","content":{"application/json":{"schema":{"$ref":"#/components/schemas/Party"}}}},"400":{"description":"Invalid parameter"}}},"put":{"tags":["Party"],"summary":"Put Party","description":"PUT is used when you create or update Party-resource using URI in path or query parameter. PUT is defined to be idempotent, which means that if you PUT an object twice, second request is silently ignored and 200 (OK) is automatically returned.","parameters":[{"name":"id","in":"path","required":true,"style":"simple","explode":false,"schema":{"type":"string"}}],"requestBody":{"content":{"application/json":{"schema":{"$ref":"#/components/schemas/Party"}}}},"responses":{"200":{"description":"Successfull operation","content":{"application/json":{}}},"400":{"description":"Invalid parameter"}}},"post":{"tags":["Party"],"summary":"Post Party","description":"POST is used to create new Party-resource without a URI identifier or updating resource using URI in path or query parameter. In practice you often dont have to implement both POST and PUT methods. Use PUT if you need idempotent behaviour and to clearly separate creation of the resource with the known URI.","parameters":[{"name":"id","in":"path","required":true,"style":"simple","explode":false,"schema":{"type":"string"}}],"requestBody":{"content":{"application/json":{"schema":{"$ref":"#/components/schemas/Party"}}}},"responses":{"200":{"description":"Successfull operation","content":{"application/json":{}}},"400":{"description":"Invalid parameter"}}},"delete":{"tags":["Party"],"summary":"Delete Party","parameters":[{"name":"id","in":"path","required":true,"style":"simple","explode":false,"schema":{"type":"string"}}],"responses":{"200":{"description":"Successfull operation","content":{"application/json":{"schema":{"$ref":"#/components/schemas/Party"}}}},"400":{"description":"Invalid parameter"}}}}},"components":{"schemas":{"Identifier":{"title":"Identifier","required":["identifierAt","identifierType","registrationAuthority"],"type":"object","properties":{"identifierAt":{"title":"Identifier","type":"string"},"identifierType":{"title":"Identifier Type","type":"string","description":"ISA2Core Identifier-class property that is missing from the IoP implementation."},"dateOfIssue":{"title":"Date of issue","type":"string","format":"date-time"},"registrationAuthority":{"title":"Registration Authority","type":"string"},"issuingAuthority":{"title":"Issuing authority","type":"string"},"issuingAuthorityURI":{"title":"Issuing authority URI","type":"string","format":"uri"}},"externalDocs":{"description":"Class identifier","url":"http://uri.suomi.fi/datamodel/ns/nice#Identifier"}},"Jurisdiction":{"title":"Jurisdiction","required":["id","name"],"type":"object","properties":{"name":{"title":"Name","type":"string"},"id":{"title":"Id","type":"string","format":"uri"}},"externalDocs":{"description":"Class identifier","url":"http://uri.suomi.fi/datamodel/ns/nice#Jurisdiction"}},"LegalEntity":{"title":"Legal Entity","type":"object","properties":{"legalName":{"title":"Legal name","type":"array","items":{"type":"string"}},"alternativeName":{"title":"Alternative name","type":"array","items":{"type":"string"}},"identifierAs":{"title":"identifier","minItems":0,"type":"array","items":{"$ref":"#/components/schemas/Identifier"}}},"externalDocs":{"description":"Class identifier","url":"http://uri.suomi.fi/datamodel/ns/nice#LegalEntity"}},"Party":{"title":"Party","required":["legalEntityParty","personParty"],"type":"object","properties":{"personParty":{"$ref":"#/components/schemas/Person"},"legalEntityParty":{"$ref":"#/components/schemas/LegalEntity"}},"externalDocs":{"description":"Class identifier","url":"http://uri.suomi.fi/datamodel/ns/nice#Party"}},"Person":{"title":"Person","required":["alternativeName","birthName","citizenship","dateOfBirth","dateOfDeath","familyName","fullName","givenName","identifierAs","patronymicName"],"type":"object","properties":{"fullName":{"title":"Full name","type":"string"},"familyName":{"title":"Family name","type":"string"},"givenName":{"title":"Given name","type":"string"},"patronymicName":{"title":"Patronymic name","type":"string"},"alternativeName":{"title":"Alternative name","type":"string"},"birthName":{"title":"Birth name","type":"string"},"dateOfBirth":{"title":"Date of birth","type":"string","format":"date-time"},"dateOfDeath":{"title":"Date of death","type":"string","format":"date-time"},"identifierAs":{"$ref":"#/components/schemas/Identifier"},"citizenship":{"$ref":"#/components/schemas/Jurisdiction"}},"externalDocs":{"description":"Class identifier","url":"http://uri.suomi.fi/datamodel/ns/nice#Person"}},"langString":{"title":"Multilingual string","type":"object","additionalProperties":{"type":"string"},"description":"Object type for localized strings"}}}}