{"openapi":"3.0.0","info":{"title":"SmartBear HR API","description":"An API that allows users to obtain info about employees in database or post info about new employees.","termsOfService":"http://www.google.com","contact":{"name":"Aman","url":"http://aman.com","email":"aman_b@hotmail.com"},"license":{"name":"Apache 2.0","url":"http://www.apache.com"},"version":"1.0.0"},"servers":[{"url":"https://virtserver.swaggerhub.com/Mak006/HR_API_First/1.0.0","description":"SwaggerHub API Auto Mocking"}],"paths":{"/employees":{"get":{"description":"Obtain info about employees","parameters":[{"name":"bodyLimit","in":"query","description":"Amount of employees returned","required":false,"style":"form","explode":true,"schema":{"minimum":1E+1,"type":"integer","example":15}},{"name":"pageLimit","in":"query","description":"page","required":false,"style":"form","explode":true,"schema":{"maximum":5,"minimum":1,"type":"integer","example":3}}],"responses":{"200":{"description":"Successful response","content":{"application/json":{"schema":{"type":"array","items":{"properties":{"id":{"type":"integer","example":23},"employee name":{"type":"string","example":"Ryan Pinkham"},"employee title":{"type":"string","example":"Market Manager"}}}}}}}}},"post":{"description":"Create a new employee","requestBody":{"content":{"application/json":{"schema":{"type":"object","properties":{"id":{"type":"integer","example":23},"employee name":{"type":"string","example":"Ryan Pinkham"},"employee title":{"type":"string","example":"Market Manager"}}}}},"required":true},"responses":{"200":{"description":"Successfully created a new employee"}}}}}}