{"openapi":"3.0.0","info":{"title":"Slots API","description":"Slots API description","version":"1.0"},"servers":[{"url":"https://luckycharm.multi-programming.com/api/v1"}],"tags":[{"name":"Auth","description":"Authorization"},{"name":"User","description":"Operations about user"}],"paths":{"/auth/guest":{"post":{"tags":["Auth"],"summary":"Create Guest Account / Guest Login","requestBody":{"content":{"application/x-www-form-urlencoded":{"schema":{"required":["platform","uid"],"type":"object","properties":{"uid":{"type":"string","description":"Unique device ID"},"platform":{"type":"string","enum":["android","ios","web"]}}}}}},"responses":{"200":{"description":"OK","content":{"application/json":{"schema":{"$ref":"#/components/schemas/AuthResonse"}}}},"400":{"description":"Request failed","content":{"application/json":{"schema":{"$ref":"#/components/schemas/ErrorResponse"}}}}}}},"/auth/facebook":{"post":{"tags":["Auth"],"summary":"Auth from device using Facebook Access Token","requestBody":{"content":{"application/x-www-form-urlencoded":{"schema":{"required":["platform","token"],"type":"object","properties":{"token":{"type":"string","description":"Facebook AccessToken"},"uid":{"type":"string","description":"Unique device ID"},"platform":{"type":"string","enum":["android","ios","web"]}}}}}},"responses":{"200":{"description":"OK","content":{"application/json":{"schema":{"$ref":"#/components/schemas/AuthResonse"}}}},"400":{"description":"Request failed","content":{"application/json":{"schema":{"$ref":"#/components/schemas/ErrorResponse"}}}}}}},"/auth/gettoken":{"post":{"tags":["Auth"],"summary":"Refresh API-token","parameters":[{"name":"X-AuthToken","in":"header","required":true,"style":"simple","explode":false,"schema":{"type":"string"}}],"requestBody":{"content":{"application/x-www-form-urlencoded":{"schema":{"required":["platform"],"type":"object","properties":{"platform":{"type":"string","enum":["android","ios","web"]}}}}}},"responses":{"200":{"description":"OK","content":{"application/json":{"schema":{"$ref":"#/components/schemas/AuthResonse"}}}},"400":{"description":"Request failed","content":{"application/json":{"schema":{"$ref":"#/components/schemas/ErrorResponse"}}}}}}}},"components":{"schemas":{"AuthResonse":{"required":["authToken","success","userId"],"type":"object","properties":{"success":{"type":"boolean","default":true},"isNew":{"type":"boolean","default":false},"userId":{"type":"string"},"authToken":{"type":"string"}}},"ErrorResponse":{"required":["cause","code","success"],"type":"object","properties":{"success":{"type":"boolean","default":false},"code":{"type":"integer"},"cause":{"type":"string"}},"example":{"success":false,"code":109,"cause":"Something went wrong"}}}}}