{"openapi":"3.0.0","info":{"title":"Application Online Interface","description":"This is the documentation for the AOL(Application Online Interface) interface, called flow 4 in the [Technical Design Core Model](https://ggeedu.atlassian.net/wiki/spaces/GSSGD/pages/2221735993/Core+Model+Technical+Design). You can find more information about it on the [confluence page 'Application Online Interface'](https://ggeedu.atlassian.net/wiki/spaces/GSSGD/pages/2528706825/Application+Online+Interface+wip).","version":"1.1-oas3"},"servers":[{"url":"https://ggecs--mvpdev.my.salesforce.com/services/apexrest/aol"},{"url":"https://ggecs--mvpdev.my.salesforce.com/services/data/v52.0"},{"url":"https://ggecs--uat.my.salesforce.com/services/apexrest/aol"},{"url":"https://yourInstance.salesforce.com/services"}],"security":[{"salesforce_auth":["all"]}],"tags":[{"name":"Opportunity","description":"Custom APIs used to Insert / Update opportunity"},{"name":"Opportunity status","description":"Custom APIs used to update opportunity status and sub-status"},{"name":"Account","description":"Custom APIs used to update account"},{"name":"Academic Diploma History","description":"Custom APIs used to upsert Academic Diploma History"},{"name":"AOL Document","description":"Custom APIs used to upsert AOL Documents"},{"name":"Global API","description":"Custom APIs for aol interface"},{"name":"test","description":"test query"}],"paths":{"/query":{"get":{"tags":["test"],"summary":"test","description":"test","operationId":"test","parameters":[{"name":"params","in":"query","required":true,"style":"form","explode":true,"schema":{"type":"object","properties":{"q":{"type":"string"}}}}],"responses":{"200":{"description":"Successful operation. Return OK or KO if the operation was not a success","content":{"application/json":{"schema":{"$ref":"#/components/schemas/ApiResponse_globalSuccess"}}}}}}},"/global-api":{"post":{"tags":["Global API"],"summary":"Flux aol.15 - Update AOL Information (OPP/PA/Academic DH)","description":"Update AOL Information (OPP/PA/Academic DH)","operationId":"globalApi","requestBody":{"content":{"application/json":{"schema":{"allOf":[{"$ref":"#/components/schemas/input_aol"},{"$ref":"#/components/schemas/input_account"},{"$ref":"#/components/schemas/input_academicDiplomaHistory"},{"$ref":"#/components/schemas/input_accountLanguages"},{"$ref":"#/components/schemas/input_scholarship"},{"$ref":"#/components/schemas/input_appFeesPaid"},{"$ref":"#/components/schemas/input_documentSendingFields"},{"$ref":"#/components/schemas/input_onlineApplicationDocumentUrl"},{"$ref":"#/components/schemas/input_aolDocument"},{"$ref":"#/components/schemas/input_selectionFields"},{"$ref":"#/components/schemas/input_EnrollementFeesPaidFields"},{"$ref":"#/components/schemas/input_TuitionFeesPaidFields"},{"$ref":"#/components/schemas/input_aolProgressionFields"}]}}},"required":true},"responses":{"200":{"description":"Successful operation. Return OK or KO if the operation was not a success","content":{"application/json":{"schema":{"$ref":"#/components/schemas/ApiResponse_globalSuccess"}}}},"400":{"description":"The request couldn’t be understood, usually because the JSON or XML body contains an error.","content":{"application/json":{"schema":{"$ref":"#/components/schemas/ApiResponse_globalError"}}}},"401":{"description":"The session ID or OAuth token used has expired or is invalid. The response body contains the message and errorCode.","content":{"application/json":{"schema":{"$ref":"#/components/schemas/ApiResponse_globalError"}}}},"403":{"description":"The request has been refused. Verify that the logged-in user has appropriate permissions. If the error code is REQUEST_LIMIT_EXCEEDED, you’ve exceeded API request limits in your org.","content":{"application/json":{"schema":{"$ref":"#/components/schemas/ApiResponse_globalError"}}}},"404":{"description":"The requested resource couldn’t be found. Check the URI for errors, and verify that there are no sharing issues.","content":{"application/json":{"schema":{"$ref":"#/components/schemas/ApiResponse_globalError"}}}},"405":{"description":"The method specified in the Request-Line isn’t allowed for the resource specified in the URI.","content":{"application/json":{"schema":{"$ref":"#/components/schemas/ApiResponse_globalError"}}}},"415":{"description":"The entity in the request is in a format that’s not supported by the specified method.","content":{"application/json":{"schema":{"$ref":"#/components/schemas/ApiResponse_globalError"}}}},"500":{"description":"An error has occurred within Lightning Platform, so the request couldn’t be completed. Contact Salesforce Customer Support.","content":{"application/json":{"schema":{"$ref":"#/components/schemas/ApiResponse_globalError"}}}},"503":{"description":"The server is unavailable to handle the request. Typically this occurs if the server is down for maintenance or is currently overloaded.","content":{"application/json":{"schema":{"$ref":"#/components/schemas/ApiResponse_globalError"}}}}}}},"/document":{"post":{"tags":["AOL Document"],"summary":"Flux aol.10 - Upsert AOL Document + OPP","description":"Upsert AOL Document and update the opportunity 'online Application Document Url' value","operationId":"documentUpsert","requestBody":{"content":{"application/json":{"schema":{"allOf":[{"$ref":"#/components/schemas/input_aol"},{"$ref":"#/components/schemas/input_onlineApplicationDocumentUrl"},{"$ref":"#/components/schemas/input_aolDocument"},{"$ref":"#/components/schemas/input_aolProgressionFields"}]}}},"required":true},"responses":{"200":{"description":"Successful operation. Return OK or KO if the operation was not a success","content":{"application/json":{"schema":{"$ref":"#/components/schemas/ApiResponse_globalSuccess"}}}},"400":{"description":"The request couldn’t be understood, usually because the JSON or XML body contains an error.","content":{"application/json":{"schema":{"$ref":"#/components/schemas/ApiResponse_globalError"}}}},"401":{"description":"The session ID or OAuth token used has expired or is invalid. The response body contains the message and errorCode.","content":{"application/json":{"schema":{"$ref":"#/components/schemas/ApiResponse_globalError"}}}},"403":{"description":"The request has been refused. Verify that the logged-in user has appropriate permissions. If the error code is REQUEST_LIMIT_EXCEEDED, you’ve exceeded API request limits in your org.","content":{"application/json":{"schema":{"$ref":"#/components/schemas/ApiResponse_globalError"}}}},"404":{"description":"The requested resource couldn’t be found. Check the URI for errors, and verify that there are no sharing issues.","content":{"application/json":{"schema":{"$ref":"#/components/schemas/ApiResponse_globalError"}}}},"405":{"description":"The method specified in the Request-Line isn’t allowed for the resource specified in the URI.","content":{"application/json":{"schema":{"$ref":"#/components/schemas/ApiResponse_globalError"}}}},"415":{"description":"The entity in the request is in a format that’s not supported by the specified method.","content":{"application/json":{"schema":{"$ref":"#/components/schemas/ApiResponse_globalError"}}}},"500":{"description":"An error has occurred within Lightning Platform, so the request couldn’t be completed. Contact Salesforce Customer Support.","content":{"application/json":{"schema":{"$ref":"#/components/schemas/ApiResponse_globalError"}}}},"503":{"description":"The server is unavailable to handle the request. Typically this occurs if the server is down for maintenance or is currently overloaded.","content":{"application/json":{"schema":{"$ref":"#/components/schemas/ApiResponse_globalError"}}}}}}},"/opportunity/exist":{"post":{"tags":["Opportunity"],"summary":"Flux aol.1 - Opp exist?","description":"Check if an opportunity related to an online application exist in the CRM","operationId":"opportunityExist","requestBody":{"description":"This is the technical key used on Salesforce to search if the opportunity exist","content":{"application/json":{"schema":{"$ref":"#/components/schemas/input_aol"}}},"required":true},"responses":{"200":{"description":"Successful operation. Return the matching opportunity if the status is 'Yes'.","content":{"application/json":{"schema":{"$ref":"#/components/schemas/output_oppExist"}}}},"400":{"description":"The request couldn’t be understood, usually because the JSON or XML body contains an error.","content":{"application/json":{"schema":{"$ref":"#/components/schemas/ApiResponse_globalError"}}}},"401":{"description":"The session ID or OAuth token used has expired or is invalid. The response body contains the message and errorCode.","content":{"application/json":{"schema":{"$ref":"#/components/schemas/ApiResponse_globalError"}}}},"403":{"description":"The request has been refused. Verify that the logged-in user has appropriate permissions. If the error code is REQUEST_LIMIT_EXCEEDED, you’ve exceeded API request limits in your org.","content":{"application/json":{"schema":{"$ref":"#/components/schemas/ApiResponse_globalError"}}}},"404":{"description":"The requested resource couldn’t be found. Check the URI for errors, and verify that there are no sharing issues.","content":{"application/json":{"schema":{"$ref":"#/components/schemas/ApiResponse_globalError"}}}},"405":{"description":"The method specified in the Request-Line isn’t allowed for the resource specified in the URI.","content":{"application/json":{"schema":{"$ref":"#/components/schemas/ApiResponse_globalError"}}}},"415":{"description":"The entity in the request is in a format that’s not supported by the specified method.","content":{"application/json":{"schema":{"$ref":"#/components/schemas/ApiResponse_globalError"}}}},"500":{"description":"An error has occurred within Lightning Platform, so the request couldn’t be completed. Contact Salesforce Customer Support.","content":{"application/json":{"schema":{"$ref":"#/components/schemas/ApiResponse_globalError"}}}},"503":{"description":"The server is unavailable to handle the request. Typically this occurs if the server is down for maintenance or is currently overloaded.","content":{"application/json":{"schema":{"$ref":"#/components/schemas/ApiResponse_globalError"}}}}}}},"/opportunity":{"post":{"tags":["Opportunity"],"summary":"Flux aol.3 - Create new Opp","description":"Create a new opportunity","operationId":"opportunityCreate","requestBody":{"content":{"application/json":{"schema":{"allOf":[{"$ref":"#/components/schemas/input_aol"},{"$ref":"#/components/schemas/input_opportunityCreation"},{"$ref":"#/components/schemas/input_aolProgressionFields"}]}}},"required":true},"responses":{"200":{"description":"Successful operation. Return OK or KO if the operation was not a success","content":{"application/json":{"schema":{"$ref":"#/components/schemas/output_opportunityProcess"}}}},"400":{"description":"The request couldn’t be understood, usually because the JSON or XML body contains an error.","content":{"application/json":{"schema":{"$ref":"#/components/schemas/ApiResponse_globalError"}}}},"401":{"description":"The session ID or OAuth token used has expired or is invalid. The response body contains the message and errorCode.","content":{"application/json":{"schema":{"$ref":"#/components/schemas/ApiResponse_globalError"}}}},"403":{"description":"The request has been refused. Verify that the logged-in user has appropriate permissions. If the error code is REQUEST_LIMIT_EXCEEDED, you’ve exceeded API request limits in your org.","content":{"application/json":{"schema":{"$ref":"#/components/schemas/ApiResponse_globalError"}}}},"404":{"description":"The requested resource couldn’t be found. Check the URI for errors, and verify that there are no sharing issues.","content":{"application/json":{"schema":{"$ref":"#/components/schemas/ApiResponse_globalError"}}}},"405":{"description":"The method specified in the Request-Line isn’t allowed for the resource specified in the URI.","content":{"application/json":{"schema":{"$ref":"#/components/schemas/ApiResponse_globalError"}}}},"415":{"description":"The entity in the request is in a format that’s not supported by the specified method.","content":{"application/json":{"schema":{"$ref":"#/components/schemas/ApiResponse_globalError"}}}},"500":{"description":"An error has occurred within Lightning Platform, so the request couldn’t be completed. Contact Salesforce Customer Support.","content":{"application/json":{"schema":{"$ref":"#/components/schemas/ApiResponse_globalError"}}}},"503":{"description":"The server is unavailable to handle the request. Typically this occurs if the server is down for maintenance or is currently overloaded.","content":{"application/json":{"schema":{"$ref":"#/components/schemas/ApiResponse_globalError"}}}}}}},"/opportunity/interest":{"put":{"tags":["Opportunity"],"summary":"Flux aol.2 - Change Interest (OPP)","description":"Update an opportunity interest","operationId":"opportunityChangeIntest","requestBody":{"content":{"application/json":{"schema":{"allOf":[{"$ref":"#/components/schemas/input_aol"},{"$ref":"#/components/schemas/input_interestUpdate"},{"$ref":"#/components/schemas/input_aolProgressionFields"}]}}},"required":true},"responses":{"200":{"description":"Successful operation. Return OK or KO if the operation was not a success","content":{"application/json":{"schema":{"$ref":"#/components/schemas/output_opportunityProcess"}}}},"400":{"description":"The request couldn’t be understood, usually because the JSON or XML body contains an error.","content":{"application/json":{"schema":{"$ref":"#/components/schemas/ApiResponse_globalError"}}}},"401":{"description":"The session ID or OAuth token used has expired or is invalid. The response body contains the message and errorCode.","content":{"application/json":{"schema":{"$ref":"#/components/schemas/ApiResponse_globalError"}}}},"403":{"description":"The request has been refused. Verify that the logged-in user has appropriate permissions. If the error code is REQUEST_LIMIT_EXCEEDED, you’ve exceeded API request limits in your org.","content":{"application/json":{"schema":{"$ref":"#/components/schemas/ApiResponse_globalError"}}}},"404":{"description":"The requested resource couldn’t be found. Check the URI for errors, and verify that there are no sharing issues.","content":{"application/json":{"schema":{"$ref":"#/components/schemas/ApiResponse_globalError"}}}},"405":{"description":"The method specified in the Request-Line isn’t allowed for the resource specified in the URI.","content":{"application/json":{"schema":{"$ref":"#/components/schemas/ApiResponse_globalError"}}}},"415":{"description":"The entity in the request is in a format that’s not supported by the specified method.","content":{"application/json":{"schema":{"$ref":"#/components/schemas/ApiResponse_globalError"}}}},"500":{"description":"An error has occurred within Lightning Platform, so the request couldn’t be completed. Contact Salesforce Customer Support.","content":{"application/json":{"schema":{"$ref":"#/components/schemas/ApiResponse_globalError"}}}},"503":{"description":"The server is unavailable to handle the request. Typically this occurs if the server is down for maintenance or is currently overloaded.","content":{"application/json":{"schema":{"$ref":"#/components/schemas/ApiResponse_globalError"}}}}}}},"/opportunity/re-orient":{"put":{"tags":["Opportunity"],"summary":"Flux aol.x - Re-orient Opp from AOL","description":"Re-orient Opp from AOL","operationId":"opportunityReorient","requestBody":{"content":{"application/json":{"schema":{"allOf":[{"$ref":"#/components/schemas/input_aolForCustomProcess"},{"$ref":"#/components/schemas/input_opportunityCustom"},{"$ref":"#/components/schemas/input_aolProgressionFields"}]}}},"required":true},"responses":{"200":{"description":"Successful operation. Return OK or KO if the operation was not a success","content":{"application/json":{"schema":{"$ref":"#/components/schemas/output_opportunityProcess"}}}},"400":{"description":"The request couldn’t be understood, usually because the JSON or XML body contains an error.","content":{"application/json":{"schema":{"$ref":"#/components/schemas/ApiResponse_globalError"}}}},"401":{"description":"The session ID or OAuth token used has expired or is invalid. The response body contains the message and errorCode.","content":{"application/json":{"schema":{"$ref":"#/components/schemas/ApiResponse_globalError"}}}},"403":{"description":"The request has been refused. Verify that the logged-in user has appropriate permissions. If the error code is REQUEST_LIMIT_EXCEEDED, you’ve exceeded API request limits in your org.","content":{"application/json":{"schema":{"$ref":"#/components/schemas/ApiResponse_globalError"}}}},"404":{"description":"The requested resource couldn’t be found. Check the URI for errors, and verify that there are no sharing issues.","content":{"application/json":{"schema":{"$ref":"#/components/schemas/ApiResponse_globalError"}}}},"405":{"description":"The method specified in the Request-Line isn’t allowed for the resource specified in the URI.","content":{"application/json":{"schema":{"$ref":"#/components/schemas/ApiResponse_globalError"}}}},"415":{"description":"The entity in the request is in a format that’s not supported by the specified method.","content":{"application/json":{"schema":{"$ref":"#/components/schemas/ApiResponse_globalError"}}}},"500":{"description":"An error has occurred within Lightning Platform, so the request couldn’t be completed. Contact Salesforce Customer Support.","content":{"application/json":{"schema":{"$ref":"#/components/schemas/ApiResponse_globalError"}}}},"503":{"description":"The server is unavailable to handle the request. Typically this occurs if the server is down for maintenance or is currently overloaded.","content":{"application/json":{"schema":{"$ref":"#/components/schemas/ApiResponse_globalError"}}}}}}},"/opportunity/deferal":{"put":{"tags":["Opportunity"],"summary":"Flux aol.x - Deferal Opp from AOL","description":"Deferal Opp from AOL","operationId":"opportunityDeferal","requestBody":{"content":{"application/json":{"schema":{"allOf":[{"$ref":"#/components/schemas/input_aolForCustomProcess"},{"$ref":"#/components/schemas/input_opportunityCustom"},{"$ref":"#/components/schemas/input_aolProgressionFields"}]}}},"required":true},"responses":{"200":{"description":"Successful operation. Return OK or KO if the operation was not a success","content":{"application/json":{"schema":{"$ref":"#/components/schemas/output_opportunityProcess"}}}},"400":{"description":"The request couldn’t be understood, usually because the JSON or XML body contains an error.","content":{"application/json":{"schema":{"$ref":"#/components/schemas/ApiResponse_globalError"}}}},"401":{"description":"The session ID or OAuth token used has expired or is invalid. The response body contains the message and errorCode.","content":{"application/json":{"schema":{"$ref":"#/components/schemas/ApiResponse_globalError"}}}},"403":{"description":"The request has been refused. Verify that the logged-in user has appropriate permissions. If the error code is REQUEST_LIMIT_EXCEEDED, you’ve exceeded API request limits in your org.","content":{"application/json":{"schema":{"$ref":"#/components/schemas/ApiResponse_globalError"}}}},"404":{"description":"The requested resource couldn’t be found. Check the URI for errors, and verify that there are no sharing issues.","content":{"application/json":{"schema":{"$ref":"#/components/schemas/ApiResponse_globalError"}}}},"405":{"description":"The method specified in the Request-Line isn’t allowed for the resource specified in the URI.","content":{"application/json":{"schema":{"$ref":"#/components/schemas/ApiResponse_globalError"}}}},"415":{"description":"The entity in the request is in a format that’s not supported by the specified method.","content":{"application/json":{"schema":{"$ref":"#/components/schemas/ApiResponse_globalError"}}}},"500":{"description":"An error has occurred within Lightning Platform, so the request couldn’t be completed. Contact Salesforce Customer Support.","content":{"application/json":{"schema":{"$ref":"#/components/schemas/ApiResponse_globalError"}}}},"503":{"description":"The server is unavailable to handle the request. Typically this occurs if the server is down for maintenance or is currently overloaded.","content":{"application/json":{"schema":{"$ref":"#/components/schemas/ApiResponse_globalError"}}}}}}},"/opportunity/scholarship":{"put":{"tags":["Opportunity"],"summary":"Flux aol.7 - Change Scholarship (OPP)","description":"Change Scolarship informations (OPP)","operationId":"opportunityScolarshipUpdate","requestBody":{"content":{"application/json":{"schema":{"allOf":[{"$ref":"#/components/schemas/input_aol"},{"$ref":"#/components/schemas/input_scholarship"},{"$ref":"#/components/schemas/input_aolProgressionFields"}]}}},"required":true},"responses":{"200":{"description":"Successful operation. Return OK or KO if the operation was not a success","content":{"application/json":{"schema":{"$ref":"#/components/schemas/ApiResponse_globalSuccess"}}}},"400":{"description":"The request couldn’t be understood, usually because the JSON or XML body contains an error.","content":{"application/json":{"schema":{"$ref":"#/components/schemas/ApiResponse_globalError"}}}},"401":{"description":"The session ID or OAuth token used has expired or is invalid. The response body contains the message and errorCode.","content":{"application/json":{"schema":{"$ref":"#/components/schemas/ApiResponse_globalError"}}}},"403":{"description":"The request has been refused. Verify that the logged-in user has appropriate permissions. If the error code is REQUEST_LIMIT_EXCEEDED, you’ve exceeded API request limits in your org.","content":{"application/json":{"schema":{"$ref":"#/components/schemas/ApiResponse_globalError"}}}},"404":{"description":"The requested resource couldn’t be found. Check the URI for errors, and verify that there are no sharing issues.","content":{"application/json":{"schema":{"$ref":"#/components/schemas/ApiResponse_globalError"}}}},"405":{"description":"The method specified in the Request-Line isn’t allowed for the resource specified in the URI.","content":{"application/json":{"schema":{"$ref":"#/components/schemas/ApiResponse_globalError"}}}},"415":{"description":"The entity in the request is in a format that’s not supported by the specified method.","content":{"application/json":{"schema":{"$ref":"#/components/schemas/ApiResponse_globalError"}}}},"500":{"description":"An error has occurred within Lightning Platform, so the request couldn’t be completed. Contact Salesforce Customer Support.","content":{"application/json":{"schema":{"$ref":"#/components/schemas/ApiResponse_globalError"}}}},"503":{"description":"The server is unavailable to handle the request. Typically this occurs if the server is down for maintenance or is currently overloaded.","content":{"application/json":{"schema":{"$ref":"#/components/schemas/ApiResponse_globalError"}}}}}}},"/opportunity/process/document-sending":{"put":{"tags":["Opportunity"],"summary":"Flux aol.9 - Change Document sending process (OPP)","description":"Update an opportunity document sending fields","operationId":"opportunityDocumentSending","requestBody":{"content":{"application/json":{"schema":{"allOf":[{"$ref":"#/components/schemas/input_aol"},{"$ref":"#/components/schemas/input_documentSendingFields"},{"$ref":"#/components/schemas/input_aolProgressionFields"}]}}},"required":true},"responses":{"200":{"description":"Successful operation. Return OK or KO if the operation was not a success","content":{"application/json":{"schema":{"$ref":"#/components/schemas/ApiResponse_globalSuccess"}}}},"400":{"description":"The request couldn’t be understood, usually because the JSON or XML body contains an error.","content":{"application/json":{"schema":{"$ref":"#/components/schemas/ApiResponse_globalError"}}}},"401":{"description":"The session ID or OAuth token used has expired or is invalid. The response body contains the message and errorCode.","content":{"application/json":{"schema":{"$ref":"#/components/schemas/ApiResponse_globalError"}}}},"403":{"description":"The request has been refused. Verify that the logged-in user has appropriate permissions. If the error code is REQUEST_LIMIT_EXCEEDED, you’ve exceeded API request limits in your org.","content":{"application/json":{"schema":{"$ref":"#/components/schemas/ApiResponse_globalError"}}}},"404":{"description":"The requested resource couldn’t be found. Check the URI for errors, and verify that there are no sharing issues.","content":{"application/json":{"schema":{"$ref":"#/components/schemas/ApiResponse_globalError"}}}},"405":{"description":"The method specified in the Request-Line isn’t allowed for the resource specified in the URI.","content":{"application/json":{"schema":{"$ref":"#/components/schemas/ApiResponse_globalError"}}}},"415":{"description":"The entity in the request is in a format that’s not supported by the specified method.","content":{"application/json":{"schema":{"$ref":"#/components/schemas/ApiResponse_globalError"}}}},"500":{"description":"An error has occurred within Lightning Platform, so the request couldn’t be completed. Contact Salesforce Customer Support.","content":{"application/json":{"schema":{"$ref":"#/components/schemas/ApiResponse_globalError"}}}},"503":{"description":"The server is unavailable to handle the request. Typically this occurs if the server is down for maintenance or is currently overloaded.","content":{"application/json":{"schema":{"$ref":"#/components/schemas/ApiResponse_globalError"}}}}}}},"/opportunity/process/selection":{"put":{"tags":["Opportunity"],"summary":"Flux aol.11 - Change Selection process (OPP)","description":"Update an opportunity selection fields","operationId":"opportunitySelection","requestBody":{"content":{"application/json":{"schema":{"allOf":[{"$ref":"#/components/schemas/input_aol"},{"$ref":"#/components/schemas/input_selectionFields"},{"$ref":"#/components/schemas/input_aolProgressionFields"}]}}},"required":true},"responses":{"200":{"description":"Successful operation. Return OK or KO if the operation was not a success","content":{"application/json":{"schema":{"$ref":"#/components/schemas/ApiResponse_globalSuccess"}}}},"400":{"description":"The request couldn’t be understood, usually because the JSON or XML body contains an error.","content":{"application/json":{"schema":{"$ref":"#/components/schemas/ApiResponse_globalError"}}}},"401":{"description":"The session ID or OAuth token used has expired or is invalid. The response body contains the message and errorCode.","content":{"application/json":{"schema":{"$ref":"#/components/schemas/ApiResponse_globalError"}}}},"403":{"description":"The request has been refused. Verify that the logged-in user has appropriate permissions. If the error code is REQUEST_LIMIT_EXCEEDED, you’ve exceeded API request limits in your org.","content":{"application/json":{"schema":{"$ref":"#/components/schemas/ApiResponse_globalError"}}}},"404":{"description":"The requested resource couldn’t be found. Check the URI for errors, and verify that there are no sharing issues.","content":{"application/json":{"schema":{"$ref":"#/components/schemas/ApiResponse_globalError"}}}},"405":{"description":"The method specified in the Request-Line isn’t allowed for the resource specified in the URI.","content":{"application/json":{"schema":{"$ref":"#/components/schemas/ApiResponse_globalError"}}}},"415":{"description":"The entity in the request is in a format that’s not supported by the specified method.","content":{"application/json":{"schema":{"$ref":"#/components/schemas/ApiResponse_globalError"}}}},"500":{"description":"An error has occurred within Lightning Platform, so the request couldn’t be completed. Contact Salesforce Customer Support.","content":{"application/json":{"schema":{"$ref":"#/components/schemas/ApiResponse_globalError"}}}},"503":{"description":"The server is unavailable to handle the request. Typically this occurs if the server is down for maintenance or is currently overloaded.","content":{"application/json":{"schema":{"$ref":"#/components/schemas/ApiResponse_globalError"}}}}}}},"/opportunity/fees-paid/application":{"put":{"tags":["Opportunity"],"summary":"Flux aol.8 - Change Application fees paid (OPP)","description":"Change Application fees paid values on the opportunity","operationId":"opportunityApplicationFeesPaidpUpdate","requestBody":{"content":{"application/json":{"schema":{"allOf":[{"$ref":"#/components/schemas/input_aol"},{"$ref":"#/components/schemas/input_appFeesPaid"},{"$ref":"#/components/schemas/input_aolProgressionFields"}]}}},"required":true},"responses":{"200":{"description":"Successful operation. Return OK or KO if the operation was not a success","content":{"application/json":{"schema":{"$ref":"#/components/schemas/ApiResponse_globalSuccess"}}}},"400":{"description":"The request couldn’t be understood, usually because the JSON or XML body contains an error.","content":{"application/json":{"schema":{"$ref":"#/components/schemas/ApiResponse_globalError"}}}},"401":{"description":"The session ID or OAuth token used has expired or is invalid. The response body contains the message and errorCode.","content":{"application/json":{"schema":{"$ref":"#/components/schemas/ApiResponse_globalError"}}}},"403":{"description":"The request has been refused. Verify that the logged-in user has appropriate permissions. If the error code is REQUEST_LIMIT_EXCEEDED, you’ve exceeded API request limits in your org.","content":{"application/json":{"schema":{"$ref":"#/components/schemas/ApiResponse_globalError"}}}},"404":{"description":"The requested resource couldn’t be found. Check the URI for errors, and verify that there are no sharing issues.","content":{"application/json":{"schema":{"$ref":"#/components/schemas/ApiResponse_globalError"}}}},"405":{"description":"The method specified in the Request-Line isn’t allowed for the resource specified in the URI.","content":{"application/json":{"schema":{"$ref":"#/components/schemas/ApiResponse_globalError"}}}},"415":{"description":"The entity in the request is in a format that’s not supported by the specified method.","content":{"application/json":{"schema":{"$ref":"#/components/schemas/ApiResponse_globalError"}}}},"500":{"description":"An error has occurred within Lightning Platform, so the request couldn’t be completed. Contact Salesforce Customer Support.","content":{"application/json":{"schema":{"$ref":"#/components/schemas/ApiResponse_globalError"}}}},"503":{"description":"The server is unavailable to handle the request. Typically this occurs if the server is down for maintenance or is currently overloaded.","content":{"application/json":{"schema":{"$ref":"#/components/schemas/ApiResponse_globalError"}}}}}}},"/opportunity/fees-paid/enrollement":{"put":{"tags":["Opportunity"],"summary":"Flux aol.12 - Change Enrollement fees paid (OPP)","description":"Update enrollement fees paid fields on opportunity","operationId":"opportunityEnrollementFees","requestBody":{"content":{"application/json":{"schema":{"allOf":[{"$ref":"#/components/schemas/input_aol"},{"$ref":"#/components/schemas/input_EnrollementFeesPaidFields"},{"$ref":"#/components/schemas/input_aolProgressionFields"}]}}},"required":true},"responses":{"200":{"description":"Successful operation. Return OK or KO if the operation was not a success","content":{"application/json":{"schema":{"$ref":"#/components/schemas/ApiResponse_globalSuccess"}}}},"400":{"description":"The request couldn’t be understood, usually because the JSON or XML body contains an error.","content":{"application/json":{"schema":{"$ref":"#/components/schemas/ApiResponse_globalError"}}}},"401":{"description":"The session ID or OAuth token used has expired or is invalid. The response body contains the message and errorCode.","content":{"application/json":{"schema":{"$ref":"#/components/schemas/ApiResponse_globalError"}}}},"403":{"description":"The request has been refused. Verify that the logged-in user has appropriate permissions. If the error code is REQUEST_LIMIT_EXCEEDED, you’ve exceeded API request limits in your org.","content":{"application/json":{"schema":{"$ref":"#/components/schemas/ApiResponse_globalError"}}}},"404":{"description":"The requested resource couldn’t be found. Check the URI for errors, and verify that there are no sharing issues.","content":{"application/json":{"schema":{"$ref":"#/components/schemas/ApiResponse_globalError"}}}},"405":{"description":"The method specified in the Request-Line isn’t allowed for the resource specified in the URI.","content":{"application/json":{"schema":{"$ref":"#/components/schemas/ApiResponse_globalError"}}}},"415":{"description":"The entity in the request is in a format that’s not supported by the specified method.","content":{"application/json":{"schema":{"$ref":"#/components/schemas/ApiResponse_globalError"}}}},"500":{"description":"An error has occurred within Lightning Platform, so the request couldn’t be completed. Contact Salesforce Customer Support.","content":{"application/json":{"schema":{"$ref":"#/components/schemas/ApiResponse_globalError"}}}},"503":{"description":"The server is unavailable to handle the request. Typically this occurs if the server is down for maintenance or is currently overloaded.","content":{"application/json":{"schema":{"$ref":"#/components/schemas/ApiResponse_globalError"}}}}}}},"/opportunity/fees-paid/tuition":{"put":{"tags":["Opportunity"],"summary":"Flux aol.13 - Change Tuition fees paid (OPP)","description":"Update an opportunity 'tuition fees paid' fields","operationId":"opportunityTuitionFees","requestBody":{"content":{"application/json":{"schema":{"allOf":[{"$ref":"#/components/schemas/input_aol"},{"$ref":"#/components/schemas/input_TuitionFeesPaidFields"},{"$ref":"#/components/schemas/input_aolProgressionFields"}]}}},"required":true},"responses":{"200":{"description":"Successful operation. Return OK or KO if the operation was not a success","content":{"application/json":{"schema":{"$ref":"#/components/schemas/ApiResponse_globalSuccess"}}}},"400":{"description":"The request couldn’t be understood, usually because the JSON or XML body contains an error.","content":{"application/json":{"schema":{"$ref":"#/components/schemas/ApiResponse_globalError"}}}},"401":{"description":"The session ID or OAuth token used has expired or is invalid. The response body contains the message and errorCode.","content":{"application/json":{"schema":{"$ref":"#/components/schemas/ApiResponse_globalError"}}}},"403":{"description":"The request has been refused. Verify that the logged-in user has appropriate permissions. If the error code is REQUEST_LIMIT_EXCEEDED, you’ve exceeded API request limits in your org.","content":{"application/json":{"schema":{"$ref":"#/components/schemas/ApiResponse_globalError"}}}},"404":{"description":"The requested resource couldn’t be found. Check the URI for errors, and verify that there are no sharing issues.","content":{"application/json":{"schema":{"$ref":"#/components/schemas/ApiResponse_globalError"}}}},"405":{"description":"The method specified in the Request-Line isn’t allowed for the resource specified in the URI.","content":{"application/json":{"schema":{"$ref":"#/components/schemas/ApiResponse_globalError"}}}},"415":{"description":"The entity in the request is in a format that’s not supported by the specified method.","content":{"application/json":{"schema":{"$ref":"#/components/schemas/ApiResponse_globalError"}}}},"500":{"description":"An error has occurred within Lightning Platform, so the request couldn’t be completed. Contact Salesforce Customer Support.","content":{"application/json":{"schema":{"$ref":"#/components/schemas/ApiResponse_globalError"}}}},"503":{"description":"The server is unavailable to handle the request. Typically this occurs if the server is down for maintenance or is currently overloaded.","content":{"application/json":{"schema":{"$ref":"#/components/schemas/ApiResponse_globalError"}}}}}}},"/opportunity/status/applicant/application-progressing":{"put":{"tags":["Opportunity status"],"summary":"Flux aol.14.1 - Set 'Applicant - Application Incomplete / Progressing' Status (OPP)","description":"update opportunity status to  APPLICANT - Application Incomplete / Progressing","operationId":"opportunityApplicationProgressing","requestBody":{"content":{"application/json":{"schema":{"allOf":[{"$ref":"#/components/schemas/input_aol"},{"$ref":"#/components/schemas/input_aolProgressionFields"}]}}},"required":true},"responses":{"200":{"description":"Successful operation. Return OK or KO if the operation was not a success","content":{"application/json":{"schema":{"$ref":"#/components/schemas/ApiResponse_globalSuccess"}}}},"400":{"description":"The request couldn’t be understood, usually because the JSON or XML body contains an error.","content":{"application/json":{"schema":{"$ref":"#/components/schemas/ApiResponse_globalError"}}}},"401":{"description":"The session ID or OAuth token used has expired or is invalid. The response body contains the message and errorCode.","content":{"application/json":{"schema":{"$ref":"#/components/schemas/ApiResponse_globalError"}}}},"403":{"description":"The request has been refused. Verify that the logged-in user has appropriate permissions. If the error code is REQUEST_LIMIT_EXCEEDED, you’ve exceeded API request limits in your org.","content":{"application/json":{"schema":{"$ref":"#/components/schemas/ApiResponse_globalError"}}}},"404":{"description":"The requested resource couldn’t be found. Check the URI for errors, and verify that there are no sharing issues.","content":{"application/json":{"schema":{"$ref":"#/components/schemas/ApiResponse_globalError"}}}},"405":{"description":"The method specified in the Request-Line isn’t allowed for the resource specified in the URI.","content":{"application/json":{"schema":{"$ref":"#/components/schemas/ApiResponse_globalError"}}}},"415":{"description":"The entity in the request is in a format that’s not supported by the specified method.","content":{"application/json":{"schema":{"$ref":"#/components/schemas/ApiResponse_globalError"}}}},"500":{"description":"An error has occurred within Lightning Platform, so the request couldn’t be completed. Contact Salesforce Customer Support.","content":{"application/json":{"schema":{"$ref":"#/components/schemas/ApiResponse_globalError"}}}},"503":{"description":"The server is unavailable to handle the request. Typically this occurs if the server is down for maintenance or is currently overloaded.","content":{"application/json":{"schema":{"$ref":"#/components/schemas/ApiResponse_globalError"}}}}}}},"/opportunity/status/admitted/admit":{"put":{"tags":["Opportunity status"],"summary":"Flux aol.14.2 - Set 'ADMITTED - Admit' Status (OPP)","description":"update opportunity status to ADMITTED - Admit","operationId":"opportunityAdmit","requestBody":{"content":{"application/json":{"schema":{"allOf":[{"$ref":"#/components/schemas/input_aol"},{"$ref":"#/components/schemas/input_aolProgressionFields"}]}}},"required":true},"responses":{"200":{"description":"Successful operation. Return OK or KO if the operation was not a success","content":{"application/json":{"schema":{"$ref":"#/components/schemas/ApiResponse_globalSuccess"}}}},"400":{"description":"The request couldn’t be understood, usually because the JSON or XML body contains an error.","content":{"application/json":{"schema":{"$ref":"#/components/schemas/ApiResponse_globalError"}}}},"401":{"description":"The session ID or OAuth token used has expired or is invalid. The response body contains the message and errorCode.","content":{"application/json":{"schema":{"$ref":"#/components/schemas/ApiResponse_globalError"}}}},"403":{"description":"The request has been refused. Verify that the logged-in user has appropriate permissions. If the error code is REQUEST_LIMIT_EXCEEDED, you’ve exceeded API request limits in your org.","content":{"application/json":{"schema":{"$ref":"#/components/schemas/ApiResponse_globalError"}}}},"404":{"description":"The requested resource couldn’t be found. Check the URI for errors, and verify that there are no sharing issues.","content":{"application/json":{"schema":{"$ref":"#/components/schemas/ApiResponse_globalError"}}}},"405":{"description":"The method specified in the Request-Line isn’t allowed for the resource specified in the URI.","content":{"application/json":{"schema":{"$ref":"#/components/schemas/ApiResponse_globalError"}}}},"415":{"description":"The entity in the request is in a format that’s not supported by the specified method.","content":{"application/json":{"schema":{"$ref":"#/components/schemas/ApiResponse_globalError"}}}},"500":{"description":"An error has occurred within Lightning Platform, so the request couldn’t be completed. Contact Salesforce Customer Support.","content":{"application/json":{"schema":{"$ref":"#/components/schemas/ApiResponse_globalError"}}}},"503":{"description":"The server is unavailable to handle the request. Typically this occurs if the server is down for maintenance or is currently overloaded.","content":{"application/json":{"schema":{"$ref":"#/components/schemas/ApiResponse_globalError"}}}}}}},"/opportunity/status/applicant/application-submission":{"put":{"tags":["Opportunity status"],"summary":"Flux aol.14.3 - Set 'APPLICANT - Application submitted new' Status (OPP)","description":"update opportunity status to  APPLICANT - Application submitted new","operationId":"opportunityApplicationSubmission","requestBody":{"content":{"application/json":{"schema":{"allOf":[{"$ref":"#/components/schemas/input_aol"},{"$ref":"#/components/schemas/input_aolProgressionFields"}]}}},"required":true},"responses":{"200":{"description":"Successful operation. Return OK or KO if the operation was not a success","content":{"application/json":{"schema":{"$ref":"#/components/schemas/ApiResponse_globalSuccess"}}}},"400":{"description":"The request couldn’t be understood, usually because the JSON or XML body contains an error.","content":{"application/json":{"schema":{"$ref":"#/components/schemas/ApiResponse_globalError"}}}},"401":{"description":"The session ID or OAuth token used has expired or is invalid. The response body contains the message and errorCode.","content":{"application/json":{"schema":{"$ref":"#/components/schemas/ApiResponse_globalError"}}}},"403":{"description":"The request has been refused. Verify that the logged-in user has appropriate permissions. If the error code is REQUEST_LIMIT_EXCEEDED, you’ve exceeded API request limits in your org.","content":{"application/json":{"schema":{"$ref":"#/components/schemas/ApiResponse_globalError"}}}},"404":{"description":"The requested resource couldn’t be found. Check the URI for errors, and verify that there are no sharing issues.","content":{"application/json":{"schema":{"$ref":"#/components/schemas/ApiResponse_globalError"}}}},"405":{"description":"The method specified in the Request-Line isn’t allowed for the resource specified in the URI.","content":{"application/json":{"schema":{"$ref":"#/components/schemas/ApiResponse_globalError"}}}},"415":{"description":"The entity in the request is in a format that’s not supported by the specified method.","content":{"application/json":{"schema":{"$ref":"#/components/schemas/ApiResponse_globalError"}}}},"500":{"description":"An error has occurred within Lightning Platform, so the request couldn’t be completed. Contact Salesforce Customer Support.","content":{"application/json":{"schema":{"$ref":"#/components/schemas/ApiResponse_globalError"}}}},"503":{"description":"The server is unavailable to handle the request. Typically this occurs if the server is down for maintenance or is currently overloaded.","content":{"application/json":{"schema":{"$ref":"#/components/schemas/ApiResponse_globalError"}}}}}}},"/opportunity/status/applicant/application-completed-eligible":{"put":{"tags":["Opportunity status"],"summary":"Flux aol.14.4 - Set 'APPLICANT - Application Completed  / Eligible' Status (OPP)","description":"update opportunity status to APPLICANT - Application Completed  / Eligible","operationId":"opportunityApplicationCompleted","requestBody":{"content":{"application/json":{"schema":{"allOf":[{"$ref":"#/components/schemas/input_aol"},{"$ref":"#/components/schemas/input_aolProgressionFields"}]}}},"required":true},"responses":{"200":{"description":"Successful operation. Return OK or KO if the operation was not a success","content":{"application/json":{"schema":{"$ref":"#/components/schemas/ApiResponse_globalSuccess"}}}},"400":{"description":"The request couldn’t be understood, usually because the JSON or XML body contains an error.","content":{"application/json":{"schema":{"$ref":"#/components/schemas/ApiResponse_globalError"}}}},"401":{"description":"The session ID or OAuth token used has expired or is invalid. The response body contains the message and errorCode.","content":{"application/json":{"schema":{"$ref":"#/components/schemas/ApiResponse_globalError"}}}},"403":{"description":"The request has been refused. Verify that the logged-in user has appropriate permissions. If the error code is REQUEST_LIMIT_EXCEEDED, you’ve exceeded API request limits in your org.","content":{"application/json":{"schema":{"$ref":"#/components/schemas/ApiResponse_globalError"}}}},"404":{"description":"The requested resource couldn’t be found. Check the URI for errors, and verify that there are no sharing issues.","content":{"application/json":{"schema":{"$ref":"#/components/schemas/ApiResponse_globalError"}}}},"405":{"description":"The method specified in the Request-Line isn’t allowed for the resource specified in the URI.","content":{"application/json":{"schema":{"$ref":"#/components/schemas/ApiResponse_globalError"}}}},"415":{"description":"The entity in the request is in a format that’s not supported by the specified method.","content":{"application/json":{"schema":{"$ref":"#/components/schemas/ApiResponse_globalError"}}}},"500":{"description":"An error has occurred within Lightning Platform, so the request couldn’t be completed. Contact Salesforce Customer Support.","content":{"application/json":{"schema":{"$ref":"#/components/schemas/ApiResponse_globalError"}}}},"503":{"description":"The server is unavailable to handle the request. Typically this occurs if the server is down for maintenance or is currently overloaded.","content":{"application/json":{"schema":{"$ref":"#/components/schemas/ApiResponse_globalError"}}}}}}},"/opportunity/status/registered/registration-contract-received":{"put":{"tags":["Opportunity status"],"summary":"Flux aol.14.5 - Set 'REGISTERED - Contract received' Status (OPP)","description":"update opportunity status to REGISTERED - Contract received","operationId":"opportunityRegistrationContractReceived","requestBody":{"content":{"application/json":{"schema":{"allOf":[{"$ref":"#/components/schemas/input_aol"},{"$ref":"#/components/schemas/input_aolProgressionFields"}]}}},"required":true},"responses":{"200":{"description":"Successful operation. Return OK or KO if the operation was not a success","content":{"application/json":{"schema":{"$ref":"#/components/schemas/ApiResponse_globalSuccess"}}}},"400":{"description":"The request couldn’t be understood, usually because the JSON or XML body contains an error.","content":{"application/json":{"schema":{"$ref":"#/components/schemas/ApiResponse_globalError"}}}},"401":{"description":"The session ID or OAuth token used has expired or is invalid. The response body contains the message and errorCode.","content":{"application/json":{"schema":{"$ref":"#/components/schemas/ApiResponse_globalError"}}}},"403":{"description":"The request has been refused. Verify that the logged-in user has appropriate permissions. If the error code is REQUEST_LIMIT_EXCEEDED, you’ve exceeded API request limits in your org.","content":{"application/json":{"schema":{"$ref":"#/components/schemas/ApiResponse_globalError"}}}},"404":{"description":"The requested resource couldn’t be found. Check the URI for errors, and verify that there are no sharing issues.","content":{"application/json":{"schema":{"$ref":"#/components/schemas/ApiResponse_globalError"}}}},"405":{"description":"The method specified in the Request-Line isn’t allowed for the resource specified in the URI.","content":{"application/json":{"schema":{"$ref":"#/components/schemas/ApiResponse_globalError"}}}},"415":{"description":"The entity in the request is in a format that’s not supported by the specified method.","content":{"application/json":{"schema":{"$ref":"#/components/schemas/ApiResponse_globalError"}}}},"500":{"description":"An error has occurred within Lightning Platform, so the request couldn’t be completed. Contact Salesforce Customer Support.","content":{"application/json":{"schema":{"$ref":"#/components/schemas/ApiResponse_globalError"}}}},"503":{"description":"The server is unavailable to handle the request. Typically this occurs if the server is down for maintenance or is currently overloaded.","content":{"application/json":{"schema":{"$ref":"#/components/schemas/ApiResponse_globalError"}}}}}}},"/opportunity/status/registered/registration-tuition-fees-payments":{"put":{"tags":["Opportunity status"],"summary":"Flux aol.14.6 - Set 'REGISTERED - Tuition fees payments' Status (OPP)","description":"update opportunity status to REGISTERED - Tuition fees payments","operationId":"opportunityRegistrationTuitionFeesPayments","requestBody":{"content":{"application/json":{"schema":{"allOf":[{"$ref":"#/components/schemas/input_aol"},{"$ref":"#/components/schemas/input_aolProgressionFields"}]}}},"required":true},"responses":{"200":{"description":"Successful operation. Return OK or KO if the operation was not a success","content":{"application/json":{"schema":{"$ref":"#/components/schemas/ApiResponse_globalSuccess"}}}},"400":{"description":"The request couldn’t be understood, usually because the JSON or XML body contains an error.","content":{"application/json":{"schema":{"$ref":"#/components/schemas/ApiResponse_globalError"}}}},"401":{"description":"The session ID or OAuth token used has expired or is invalid. The response body contains the message and errorCode.","content":{"application/json":{"schema":{"$ref":"#/components/schemas/ApiResponse_globalError"}}}},"403":{"description":"The request has been refused. Verify that the logged-in user has appropriate permissions. If the error code is REQUEST_LIMIT_EXCEEDED, you’ve exceeded API request limits in your org.","content":{"application/json":{"schema":{"$ref":"#/components/schemas/ApiResponse_globalError"}}}},"404":{"description":"The requested resource couldn’t be found. Check the URI for errors, and verify that there are no sharing issues.","content":{"application/json":{"schema":{"$ref":"#/components/schemas/ApiResponse_globalError"}}}},"405":{"description":"The method specified in the Request-Line isn’t allowed for the resource specified in the URI.","content":{"application/json":{"schema":{"$ref":"#/components/schemas/ApiResponse_globalError"}}}},"415":{"description":"The entity in the request is in a format that’s not supported by the specified method.","content":{"application/json":{"schema":{"$ref":"#/components/schemas/ApiResponse_globalError"}}}},"500":{"description":"An error has occurred within Lightning Platform, so the request couldn’t be completed. Contact Salesforce Customer Support.","content":{"application/json":{"schema":{"$ref":"#/components/schemas/ApiResponse_globalError"}}}},"503":{"description":"The server is unavailable to handle the request. Typically this occurs if the server is down for maintenance or is currently overloaded.","content":{"application/json":{"schema":{"$ref":"#/components/schemas/ApiResponse_globalError"}}}}}}},"/opportunity/status/registered/registration-fee-fully-paid":{"put":{"tags":["Opportunity status"],"summary":"Flux aol.14.7 - Set 'REGISTERED - Fee fully paid' Status (OPP)","description":"update opportunity status to REGISTERED - Fee fully paid","operationId":"opportunityRegistrationFeeFullyPaid","requestBody":{"content":{"application/json":{"schema":{"allOf":[{"$ref":"#/components/schemas/input_aol"},{"$ref":"#/components/schemas/input_aolProgressionFields"}]}}},"required":true},"responses":{"200":{"description":"Successful operation. Return OK or KO if the operation was not a success","content":{"application/json":{"schema":{"$ref":"#/components/schemas/ApiResponse_globalSuccess"}}}},"400":{"description":"The request couldn’t be understood, usually because the JSON or XML body contains an error.","content":{"application/json":{"schema":{"$ref":"#/components/schemas/ApiResponse_globalError"}}}},"401":{"description":"The session ID or OAuth token used has expired or is invalid. The response body contains the message and errorCode.","content":{"application/json":{"schema":{"$ref":"#/components/schemas/ApiResponse_globalError"}}}},"403":{"description":"The request has been refused. Verify that the logged-in user has appropriate permissions. If the error code is REQUEST_LIMIT_EXCEEDED, you’ve exceeded API request limits in your org.","content":{"application/json":{"schema":{"$ref":"#/components/schemas/ApiResponse_globalError"}}}},"404":{"description":"The requested resource couldn’t be found. Check the URI for errors, and verify that there are no sharing issues.","content":{"application/json":{"schema":{"$ref":"#/components/schemas/ApiResponse_globalError"}}}},"405":{"description":"The method specified in the Request-Line isn’t allowed for the resource specified in the URI.","content":{"application/json":{"schema":{"$ref":"#/components/schemas/ApiResponse_globalError"}}}},"415":{"description":"The entity in the request is in a format that’s not supported by the specified method.","content":{"application/json":{"schema":{"$ref":"#/components/schemas/ApiResponse_globalError"}}}},"500":{"description":"An error has occurred within Lightning Platform, so the request couldn’t be completed. Contact Salesforce Customer Support.","content":{"application/json":{"schema":{"$ref":"#/components/schemas/ApiResponse_globalError"}}}},"503":{"description":"The server is unavailable to handle the request. Typically this occurs if the server is down for maintenance or is currently overloaded.","content":{"application/json":{"schema":{"$ref":"#/components/schemas/ApiResponse_globalError"}}}}}}},"/opportunity/status/registered/registration-awaiting-visa":{"put":{"tags":["Opportunity status"],"summary":"Flux aol.14.8 - Set 'REGISTERED - Awaiting Visa' Status (OPP)","description":"update opportunity status to REGISTERED - Awaiting Visa","operationId":"opportunityRegistrationAwaitingVisa","requestBody":{"content":{"application/json":{"schema":{"allOf":[{"$ref":"#/components/schemas/input_aol"},{"$ref":"#/components/schemas/input_aolProgressionFields"}]}}},"required":true},"responses":{"200":{"description":"Successful operation. Return OK or KO if the operation was not a success","content":{"application/json":{"schema":{"$ref":"#/components/schemas/ApiResponse_globalSuccess"}}}},"400":{"description":"The request couldn’t be understood, usually because the JSON or XML body contains an error.","content":{"application/json":{"schema":{"$ref":"#/components/schemas/ApiResponse_globalError"}}}},"401":{"description":"The session ID or OAuth token used has expired or is invalid. The response body contains the message and errorCode.","content":{"application/json":{"schema":{"$ref":"#/components/schemas/ApiResponse_globalError"}}}},"403":{"description":"The request has been refused. Verify that the logged-in user has appropriate permissions. If the error code is REQUEST_LIMIT_EXCEEDED, you’ve exceeded API request limits in your org.","content":{"application/json":{"schema":{"$ref":"#/components/schemas/ApiResponse_globalError"}}}},"404":{"description":"The requested resource couldn’t be found. Check the URI for errors, and verify that there are no sharing issues.","content":{"application/json":{"schema":{"$ref":"#/components/schemas/ApiResponse_globalError"}}}},"405":{"description":"The method specified in the Request-Line isn’t allowed for the resource specified in the URI.","content":{"application/json":{"schema":{"$ref":"#/components/schemas/ApiResponse_globalError"}}}},"415":{"description":"The entity in the request is in a format that’s not supported by the specified method.","content":{"application/json":{"schema":{"$ref":"#/components/schemas/ApiResponse_globalError"}}}},"500":{"description":"An error has occurred within Lightning Platform, so the request couldn’t be completed. Contact Salesforce Customer Support.","content":{"application/json":{"schema":{"$ref":"#/components/schemas/ApiResponse_globalError"}}}},"503":{"description":"The server is unavailable to handle the request. Typically this occurs if the server is down for maintenance or is currently overloaded.","content":{"application/json":{"schema":{"$ref":"#/components/schemas/ApiResponse_globalError"}}}}}}},"/opportunity/status/registered/exit-visa-denial":{"put":{"tags":["Opportunity status"],"summary":"Flux aol.14.9 - Set 'REGISTERED - Exit - Visa Denial' Status (OPP)","description":"update opportunity status to 'REGISTERED - Exit - Visa Denial'","operationId":"opportunityExitVisaDenial","requestBody":{"content":{"application/json":{"schema":{"allOf":[{"$ref":"#/components/schemas/input_aol"},{"$ref":"#/components/schemas/input_aolProgressionFields"}]}}},"required":true},"responses":{"200":{"description":"Successful operation. Return OK or KO if the operation was not a success","content":{"application/json":{"schema":{"$ref":"#/components/schemas/ApiResponse_globalSuccess"}}}},"400":{"description":"The request couldn’t be understood, usually because the JSON or XML body contains an error.","content":{"application/json":{"schema":{"$ref":"#/components/schemas/ApiResponse_globalError"}}}},"401":{"description":"The session ID or OAuth token used has expired or is invalid. The response body contains the message and errorCode.","content":{"application/json":{"schema":{"$ref":"#/components/schemas/ApiResponse_globalError"}}}},"403":{"description":"The request has been refused. Verify that the logged-in user has appropriate permissions. If the error code is REQUEST_LIMIT_EXCEEDED, you’ve exceeded API request limits in your org.","content":{"application/json":{"schema":{"$ref":"#/components/schemas/ApiResponse_globalError"}}}},"404":{"description":"The requested resource couldn’t be found. Check the URI for errors, and verify that there are no sharing issues.","content":{"application/json":{"schema":{"$ref":"#/components/schemas/ApiResponse_globalError"}}}},"405":{"description":"The method specified in the Request-Line isn’t allowed for the resource specified in the URI.","content":{"application/json":{"schema":{"$ref":"#/components/schemas/ApiResponse_globalError"}}}},"415":{"description":"The entity in the request is in a format that’s not supported by the specified method.","content":{"application/json":{"schema":{"$ref":"#/components/schemas/ApiResponse_globalError"}}}},"500":{"description":"An error has occurred within Lightning Platform, so the request couldn’t be completed. Contact Salesforce Customer Support.","content":{"application/json":{"schema":{"$ref":"#/components/schemas/ApiResponse_globalError"}}}},"503":{"description":"The server is unavailable to handle the request. Typically this occurs if the server is down for maintenance or is currently overloaded.","content":{"application/json":{"schema":{"$ref":"#/components/schemas/ApiResponse_globalError"}}}}}}},"/opportunity/status/enrolled/classical":{"put":{"tags":["Opportunity status"],"summary":"Flux aol.14.10 - Set 'ENROLLED - Classical' Status (OPP)","description":"update opportunity status to 'ENROLLED - Classical'","operationId":"opportunityClassical","requestBody":{"content":{"application/json":{"schema":{"allOf":[{"$ref":"#/components/schemas/input_aol"},{"$ref":"#/components/schemas/input_aolProgressionFields"}]}}},"required":true},"responses":{"200":{"description":"Successful operation. Return OK or KO if the operation was not a success","content":{"application/json":{"schema":{"$ref":"#/components/schemas/ApiResponse_globalSuccess"}}}},"400":{"description":"The request couldn’t be understood, usually because the JSON or XML body contains an error.","content":{"application/json":{"schema":{"$ref":"#/components/schemas/ApiResponse_globalError"}}}},"401":{"description":"The session ID or OAuth token used has expired or is invalid. The response body contains the message and errorCode.","content":{"application/json":{"schema":{"$ref":"#/components/schemas/ApiResponse_globalError"}}}},"403":{"description":"The request has been refused. Verify that the logged-in user has appropriate permissions. If the error code is REQUEST_LIMIT_EXCEEDED, you’ve exceeded API request limits in your org.","content":{"application/json":{"schema":{"$ref":"#/components/schemas/ApiResponse_globalError"}}}},"404":{"description":"The requested resource couldn’t be found. Check the URI for errors, and verify that there are no sharing issues.","content":{"application/json":{"schema":{"$ref":"#/components/schemas/ApiResponse_globalError"}}}},"405":{"description":"The method specified in the Request-Line isn’t allowed for the resource specified in the URI.","content":{"application/json":{"schema":{"$ref":"#/components/schemas/ApiResponse_globalError"}}}},"415":{"description":"The entity in the request is in a format that’s not supported by the specified method.","content":{"application/json":{"schema":{"$ref":"#/components/schemas/ApiResponse_globalError"}}}},"500":{"description":"An error has occurred within Lightning Platform, so the request couldn’t be completed. Contact Salesforce Customer Support.","content":{"application/json":{"schema":{"$ref":"#/components/schemas/ApiResponse_globalError"}}}},"503":{"description":"The server is unavailable to handle the request. Typically this occurs if the server is down for maintenance or is currently overloaded.","content":{"application/json":{"schema":{"$ref":"#/components/schemas/ApiResponse_globalError"}}}}}}},"/academic-diploma-history":{"post":{"tags":["Academic Diploma History"],"summary":"Flux aol.5 - Upsert Academic Diploma History","description":"upsert an academic diploma history related to the aol application id key (opportunity)","operationId":"upsertAcademicDiplomaHistory","requestBody":{"content":{"application/json":{"schema":{"type":"object","allOf":[{"$ref":"#/components/schemas/input_aol"},{"$ref":"#/components/schemas/input_academicDiplomaHistory"},{"$ref":"#/components/schemas/input_aolProgressionFields"}]}}},"required":true},"responses":{"200":{"description":"Successful operation. Return OK or KO if the operation was not a success","content":{"application/json":{"schema":{"$ref":"#/components/schemas/ApiResponse_globalSuccess"}}}},"400":{"description":"The request couldn’t be understood, usually because the JSON or XML body contains an error.","content":{"application/json":{"schema":{"$ref":"#/components/schemas/ApiResponse_globalError"}}}},"401":{"description":"The session ID or OAuth token used has expired or is invalid. The response body contains the message and errorCode.","content":{"application/json":{"schema":{"$ref":"#/components/schemas/ApiResponse_globalError"}}}},"403":{"description":"The request has been refused. Verify that the logged-in user has appropriate permissions. If the error code is REQUEST_LIMIT_EXCEEDED, you’ve exceeded API request limits in your org.","content":{"application/json":{"schema":{"$ref":"#/components/schemas/ApiResponse_globalError"}}}},"404":{"description":"The requested resource couldn’t be found. Check the URI for errors, and verify that there are no sharing issues.","content":{"application/json":{"schema":{"$ref":"#/components/schemas/ApiResponse_globalError"}}}},"405":{"description":"The method specified in the Request-Line isn’t allowed for the resource specified in the URI.","content":{"application/json":{"schema":{"$ref":"#/components/schemas/ApiResponse_globalError"}}}},"415":{"description":"The entity in the request is in a format that’s not supported by the specified method.","content":{"application/json":{"schema":{"$ref":"#/components/schemas/ApiResponse_globalError"}}}},"500":{"description":"An error has occurred within Lightning Platform, so the request couldn’t be completed. Contact Salesforce Customer Support.","content":{"application/json":{"schema":{"$ref":"#/components/schemas/ApiResponse_globalError"}}}},"503":{"description":"The server is unavailable to handle the request. Typically this occurs if the server is down for maintenance or is currently overloaded.","content":{"application/json":{"schema":{"$ref":"#/components/schemas/ApiResponse_globalError"}}}}}}},"/account/civil-status":{"put":{"tags":["Account"],"summary":"Flux aol.4","description":"Update an account related to the opportunity found by the aol application id","operationId":"accountUpdate","requestBody":{"content":{"application/json":{"schema":{"allOf":[{"$ref":"#/components/schemas/input_aol"},{"$ref":"#/components/schemas/input_account"},{"$ref":"#/components/schemas/input_aolProgressionFields"}]}}},"required":true},"responses":{"200":{"description":"Successful operation. Return OK or KO if the operation was not a success","content":{"application/json":{"schema":{"$ref":"#/components/schemas/ApiResponse_globalSuccess"}}}},"400":{"description":"The request couldn’t be understood, usually because the JSON or XML body contains an error.","content":{"application/json":{"schema":{"$ref":"#/components/schemas/ApiResponse_globalError"}}}},"401":{"description":"The session ID or OAuth token used has expired or is invalid. The response body contains the message and errorCode.","content":{"application/json":{"schema":{"$ref":"#/components/schemas/ApiResponse_globalError"}}}},"403":{"description":"The request has been refused. Verify that the logged-in user has appropriate permissions. If the error code is REQUEST_LIMIT_EXCEEDED, you’ve exceeded API request limits in your org.","content":{"application/json":{"schema":{"$ref":"#/components/schemas/ApiResponse_globalError"}}}},"404":{"description":"The requested resource couldn’t be found. Check the URI for errors, and verify that there are no sharing issues.","content":{"application/json":{"schema":{"$ref":"#/components/schemas/ApiResponse_globalError"}}}},"405":{"description":"The method specified in the Request-Line isn’t allowed for the resource specified in the URI.","content":{"application/json":{"schema":{"$ref":"#/components/schemas/ApiResponse_globalError"}}}},"415":{"description":"The entity in the request is in a format that’s not supported by the specified method.","content":{"application/json":{"schema":{"$ref":"#/components/schemas/ApiResponse_globalError"}}}},"500":{"description":"An error has occurred within Lightning Platform, so the request couldn’t be completed. Contact Salesforce Customer Support.","content":{"application/json":{"schema":{"$ref":"#/components/schemas/ApiResponse_globalError"}}}},"503":{"description":"The server is unavailable to handle the request. Typically this occurs if the server is down for maintenance or is currently overloaded.","content":{"application/json":{"schema":{"$ref":"#/components/schemas/ApiResponse_globalError"}}}}}}},"/account/languages":{"put":{"tags":["Account"],"summary":"Flux aol.6 - Change Languages (PA)","description":"Update an account languages","operationId":"accountUpdateLanguages","requestBody":{"content":{"application/json":{"schema":{"allOf":[{"$ref":"#/components/schemas/input_aol"},{"$ref":"#/components/schemas/input_accountLanguages"},{"$ref":"#/components/schemas/input_aolProgressionFields"}]}}},"required":true},"responses":{"200":{"description":"Successful operation. Return OK or KO if the operation was not a success","content":{"application/json":{"schema":{"$ref":"#/components/schemas/ApiResponse_globalSuccess"}}}},"400":{"description":"The request couldn’t be understood, usually because the JSON or XML body contains an error.","content":{"application/json":{"schema":{"$ref":"#/components/schemas/ApiResponse_globalError"}}}},"401":{"description":"The session ID or OAuth token used has expired or is invalid. The response body contains the message and errorCode.","content":{"application/json":{"schema":{"$ref":"#/components/schemas/ApiResponse_globalError"}}}},"403":{"description":"The request has been refused. Verify that the logged-in user has appropriate permissions. If the error code is REQUEST_LIMIT_EXCEEDED, you’ve exceeded API request limits in your org.","content":{"application/json":{"schema":{"$ref":"#/components/schemas/ApiResponse_globalError"}}}},"404":{"description":"The requested resource couldn’t be found. Check the URI for errors, and verify that there are no sharing issues.","content":{"application/json":{"schema":{"$ref":"#/components/schemas/ApiResponse_globalError"}}}},"405":{"description":"The method specified in the Request-Line isn’t allowed for the resource specified in the URI.","content":{"application/json":{"schema":{"$ref":"#/components/schemas/ApiResponse_globalError"}}}},"415":{"description":"The entity in the request is in a format that’s not supported by the specified method.","content":{"application/json":{"schema":{"$ref":"#/components/schemas/ApiResponse_globalError"}}}},"500":{"description":"An error has occurred within Lightning Platform, so the request couldn’t be completed. Contact Salesforce Customer Support.","content":{"application/json":{"schema":{"$ref":"#/components/schemas/ApiResponse_globalError"}}}},"503":{"description":"The server is unavailable to handle the request. Typically this occurs if the server is down for maintenance or is currently overloaded.","content":{"application/json":{"schema":{"$ref":"#/components/schemas/ApiResponse_globalError"}}}}}}}},"components":{"schemas":{"input_aol":{"required":["aolExternalId"],"type":"object","properties":{"aolExternalId":{"type":"string","description":"AOL dedicated technical key used on Salesforce to find an opportunity"}}},"input_aolForCustomProcess":{"required":["formerAolExternalId","newAolExternalId"],"type":"object","properties":{"formerAolExternalId":{"type":"string","description":"AOL dedicated technical key used on Salesforce to find an opportunity"},"newAolExternalId":{"type":"string","description":"AOL dedicated technical key used for the new opportunity"}}},"input_aolProgressionFields":{"type":"object","properties":{"aolProgressionFields":{"type":"object","properties":{"aolProgression":{"maximum":1E+2,"minimum":0,"type":"number","description":"Double value treated as percent","format":"double","example":50.09},"documentProgression":{"type":"string","description":"Document advancement global status. Check on data dictionnary for picklist values.","format":"picklist","example":"In progress"},"firstDocumentUploadDate":{"type":"string","format":"date"},"lastAolEventDate":{"type":"string","format":"date-time"},"lastDeaAolLoginDate":{"type":"string","format":"date-time"},"isAol":{"type":"boolean","description":"Prospect go further registration form."},"isAolOnlineRegistered":{"type":"boolean","description":"Prospect just filled regisrtation form."},"isAolRetailRegistered":{"type":"boolean","description":"Prospect created from a AOL relail platform."}}}}},"input_account":{"type":"object","properties":{"account":{"type":"object","properties":{"salutation":{"maxLength":40,"type":"string","format":"picklist","example":"Mr."},"firstname":{"maxLength":40,"type":"string","example":"Jean"},"lastname":{"maxLength":80,"type":"string","example":"Dupont"},"birthdate":{"type":"string","format":"date"},"mainNationality":{"maxLength":255,"type":"string","format":"picklist","example":"FRA"},"personMailingStreet":{"maxLength":255,"type":"string","example":"12 rue des messageries"},"personMailingPostalCode":{"maxLength":20,"type":"string","example":"75010"},"personMailingCity":{"maxLength":40,"type":"string","example":"Paris"},"personMailingState":{"maxLength":80,"type":"string"},"personMailingCountry":{"maxLength":80,"type":"string","example":"France"},"updateIfNotNull":{"type":"boolean","description":"If true, Person Account field is modify, if false only blank field are updated with new input"}}}}},"input_accountLanguages":{"type":"object","properties":{"foreignLanguages":{"type":"object","properties":{"language1":{"type":"string","format":"picklist"},"language1Level":{"type":"string","format":"picklist"},"language2":{"type":"string","format":"picklist"},"language2Level":{"type":"string","format":"picklist"}}}}},"input_academicDiplomaHistory":{"type":"object","properties":{"academicDiplomaHistory":{"type":"array","items":{"required":["diplomaExternalId","diplomaName"],"properties":{"diplomaExternalId":{"maxLength":255,"type":"string"},"diplomaName":{"maxLength":255,"type":"string"},"diplomaLevel":{"maxLength":255,"type":"string","format":"picklist","example":"CORE_PKL_Apprenticeship"},"diplomaSchool":{"maxLength":50,"type":"string"},"diplomaCity":{"maxLength":50,"type":"string","example":"Paris"},"diplomaCountry":{"maxLength":255,"type":"string","format":"picklist","example":"FRA"},"diplomaStatus":{"maxLength":255,"type":"string","format":"picklist","example":"CORE_PKL_In_Progress"},"diplomaExpectedGraduationDate":{"type":"string","format":"date"},"diplomaModificationDate":{"type":"string","format":"date"}}}}}},"input_scholarship":{"type":"object","properties":{"scholarship":{"type":"object","properties":{"requested":{"type":"boolean"},"type":{"type":"string","format":"picklist"},"level":{"maxLength":255,"type":"string"}}}}},"input_appFeesPaid":{"type":"object","properties":{"applicationFeesPaid":{"type":"object","properties":{"received":{"type":"boolean"},"paymentMethod":{"maxLength":255,"type":"string","format":"picklist","example":"CORE_PKL_Cash"},"receivedDate":{"type":"string","format":"date-time"},"acceptanceDate":{"type":"string","format":"date-time"},"transactionId":{"maxLength":80,"type":"string"},"amount":{"maxLength":18,"type":"number","format":"double","example":15.64},"bank":{"maxLength":100,"type":"string"},"sender":{"maxLength":100,"type":"string"}}}}},"input_documentSendingFields":{"type":"object","properties":{"documentSendingFields":{"required":["documentSendingChoice"],"type":"object","properties":{"documentSendingChoice":{"type":"string","description":"Mail, Email, Upload, By hand","format":"picklist"}}}}},"input_selectionFields":{"type":"object","properties":{"selectionTest":{"type":"object","properties":{"selectionTestDate":{"type":"string","format":"date"},"selectionTestShowNoShow":{"type":"boolean","description":"checked if show, not checked if no-show"},"selectionTestNoShowCounter":{"type":"integer"},"selectionTestGrade":{"maxLength":18,"type":"number","format":"decimal","example":0.01},"selectionTestResult":{"type":"string","format":"picklist"},"selectionTestTeacher":{"maxLength":255,"type":"string"},"selectionStatus":{"type":"string","description":"Interview to be booked, Booked, Completed","format":"picklist"},"skillTestStartDate":{"type":"string","format":"date"},"selectionProcessStatus":{"type":"string","description":"Interview to be booked, Booked, Completed","format":"picklist"},"selectionProcessStartDate":{"type":"string","format":"datetime"},"selectionProcessEndDate":{"type":"string","format":"datetime"},"selectionProcessProgramLeader":{"maxLength":255,"type":"string"},"selectionProcessGrade":{"maxLength":255,"type":"string"},"selectionProcessResult":{"type":"string","format":"picklist"},"selectionTestNeeded":{"type":"boolean"},"selectionProcessNeeded":{"type":"boolean"}}}}},"input_EnrollementFeesPaidFields":{"type":"object","properties":{"enrollmentFeesPaid":{"type":"object","properties":{"received":{"type":"boolean"},"paymentMethod":{"type":"string","description":"checked if show, not checked if no-show","format":"picklist"},"receivedDate":{"type":"string","format":"date-time"},"acceptanceDate":{"type":"string","format":"date-time"}}}}},"input_TuitionFeesPaidFields":{"type":"object","properties":{"tuitionFeesPaid":{"type":"object","properties":{"received":{"type":"boolean"},"paymentType":{"type":"string","description":"Partially Paid, Fully Paid","format":"picklist"},"paymentMethod":{"type":"string","description":"Cash, Check, Credit Card, Direct Debit, Bank transfer, Flywire","format":"picklist"},"receivedDate":{"type":"string","format":"date-time"},"acceptanceDate":{"type":"string","format":"date-time"},"amount":{"type":"number","format":"double","example":0.01},"transactionId":{"maxLength":255,"type":"string"},"bank":{"maxLength":255,"type":"string"},"sender":{"maxLength":255,"type":"string"}}}}},"input_onlineApplicationDocumentUrl":{"type":"object","properties":{"onlineApplicationDocumentUrl":{"type":"string"}}},"input_aolDocument":{"type":"object","properties":{"aolDocuments":{"type":"array","items":{"required":["externalId","name"],"properties":{"externalId":{"maxLength":255,"type":"string"},"name":{"maxLength":255,"type":"string"},"externalUrl":{"maxLength":255,"type":"string"},"type":{"type":"string","format":"picklist"},"createdDate":{"type":"string","description":"custom field on the opportunity","format":"date"},"approvedDate":{"type":"string","format":"date"},"rejectedDate":{"type":"string","format":"date"}}}}}},"input_opportunityCreation":{"required":["interest"],"type":"object","properties":{"interest":{"required":["businessUnit","curriculum","intake","isAolRetailRegistered","isMain","level","studyArea"],"type":"object","properties":{"businessUnit":{"maxLength":255,"type":"string","description":"External id of the new Business Unit.","example":"DEU_PFH.2"},"studyArea":{"maxLength":255,"type":"string","description":"External id of the new Study Area.","example":"DEU_PFH.2.3"},"curriculum":{"maxLength":255,"type":"string","description":"External id of the new Curriculum.","example":"DEU_PFH.415"},"level":{"maxLength":255,"type":"string","description":"External id of the new Level.","example":"DEU_PFH.415.7"},"intake":{"maxLength":255,"type":"string","description":"External id of the new Intake.","example":"DEU_PFH.415.7.2022.January"},"isMain":{"type":"boolean","description":"true if the opportunity must be created as Main"},"isAolRetailRegistered":{"type":"boolean"}}}}},"input_opportunityCustom":{"required":["interest"],"type":"object","properties":{"interest":{"required":["businessUnit","curriculum","intake","isAolRetailRegistered","level","studyArea"],"type":"object","properties":{"businessUnit":{"maxLength":255,"type":"string","description":"External id of the new Business Unit.","example":"DEU_PFH.2"},"studyArea":{"maxLength":255,"type":"string","description":"External id of the new Study Area.","example":"DEU_PFH.2.3"},"curriculum":{"maxLength":255,"type":"string","description":"External id of the new Curriculum.","example":"DEU_PFH.415"},"level":{"maxLength":255,"type":"string","description":"External id of the new Level.","example":"DEU_PFH.415.7"},"intake":{"maxLength":255,"type":"string","description":"External id of the new Intake.","example":"DEU_PFH.415.7.2022.January"},"isAolRetailRegistered":{"type":"boolean"}}}}},"input_interestUpdate":{"required":["interest"],"type":"object","properties":{"interest":{"required":["businessUnit","curriculum","intake","level","studyArea"],"type":"object","properties":{"businessUnit":{"maxLength":255,"type":"string","description":"External id of the new Business Unit.","example":"DEU_PFH.2"},"studyArea":{"maxLength":255,"type":"string","description":"External id of the new Study Area.","example":"DEU_PFH.2.3"},"curriculum":{"maxLength":255,"type":"string","description":"External id of the new Curriculum.","example":"DEU_PFH.415"},"level":{"maxLength":255,"type":"string","description":"External id of the new Level.","example":"DEU_PFH.415.7"},"intake":{"maxLength":255,"type":"string","description":"External id of the new Intake.","example":"DEU_PFH.415.7.2022.January"}}}}},"output_oppExist":{"required":["status"],"type":"object","properties":{"status":{"type":"string","description":"Pending if found in lead buffer but not already existing as an opportunity","enum":["Yes","Pending","No"]},"opportunity":{"type":"object","properties":{"id":{"maxLength":18,"minLength":18,"type":"string","description":"Salesforce ID"},"applicationOnlineId":{"maxLength":255,"type":"string"},"sisOpportunityId":{"maxLength":50,"type":"string"},"sisStudentAcademicRecordId":{"maxLength":50,"type":"string"}}}}},"output_opportunityProcess":{"required":["status"],"type":"object","properties":{"status":{"type":"string","description":"Pending if found in lead buffer but not already existing as an opportunity","enum":["OK","KO"]},"message":{"type":"string","description":"descritpion of the error when status is KO"},"opportunity":{"required":["applicationOnlineId","id"],"type":"object","properties":{"id":{"maxLength":18,"minLength":18,"type":"string","description":"Salesforce ID"},"applicationOnlineId":{"maxLength":255,"type":"string"},"sisOpportunityId":{"maxLength":50,"type":"string"},"accountId":{"maxLength":18,"minLength":18,"type":"string","description":"Salesforce ID of the related account"}}}}},"ApiResponse_globalSuccess":{"type":"object","properties":{"status":{"type":"string","enum":["OK","KO"]},"message":{"type":"string"}},"description":"Api called with success"},"ApiResponse_globalError":{"type":"object","properties":{"errorCode":{"type":"string"},"message":{"type":"string"}},"description":"The request couldn’t be understood, usually because the JSON or XML body contains an error."}},"securitySchemes":{"salesforce_auth":{"type":"oauth2","flows":{"password":{"tokenUrl":"https://test.salesforce.com/services/oauth2/token","scopes":{}}}}}}}