{"openapi":"3.0.0","info":{"title":"Test Result Outcome API","description":"Digital Read - Test Result Outcome API maintain by the IBT team","version":"1.0.0"},"servers":[{"url":"/"}],"paths":{"/kic/outcomeCallback":{"post":{"tags":["admins"],"summary":"adds an inventory item","description":"Adds an item to the system","operationId":"addInventory","requestBody":{"description":"Test identifaction outcome notification","content":{"application/json":{"schema":{"$ref":"#/components/schemas/TestIdentificationOutcome"}}}},"responses":{"201":{"description":"item created"},"400":{"description":"invalid input, object invalid"},"409":{"description":"an existing item already exists"}}}}},"components":{"schemas":{"TestIdentificationOutcome":{"required":["imageId","outcome","sampleId","timestamp"],"type":"object","properties":{"sampleId":{"type":"string","description":"The Sample's Identifier","example":"CHE87654321"},"outcome":{"type":"string","example":"RESULT_AVAILABLE","enum":["RESULT_AVAILABLE","UNPROCESSABLE","DIGITAL_READER_NOT_AVAILABLE_FOR_SAMPLEID"]},"timestamp":{"type":"string","format":"date-time","example":"2016-08-29T09:12:33.001Z"},"imageId":{"type":"string","example":"8e0e48bd-3a4a-462d-854c-8380bd3eefd0"},"errorCode":{"type":"string","example":"E1234"},"errorMessage":{"type":"string","example":"imageId is not present in the request"}}}}}}