{"openapi":"3.0.0","info":{"title":"","description":"API Бонусная система. Расписания фильмов для взаимодействия с системой бронирования билетов.","version":"1.1.1"},"servers":[{"url":"https://virtserver.swaggerhub.com/Mariyashutay/FinalCinema/1.1.1","description":"SwaggerHub API Auto Mocking"}],"paths":{"/schedule":{"get":{"summary":"Получить информацию от расписания","parameters":[{"name":"name","in":"query","description":"Получить информацию от расписания по названию и времени фильма о кол-ве мест","required":true,"style":"form","explode":true,"schema":{"type":"string","default":"name"}},{"name":"time","in":"query","description":"Получить информацию от расписания по названию и времени фильма о кол-ве мест","required":true,"style":"form","explode":true,"schema":{"type":"string","format":"data","default":"10:10:10 10.10.2022"}}],"responses":{"200":{"description":"OK","content":{"application/json":{"schema":{"type":"object","properties":{"id":{"type":"integer"},"name":{"type":"string"},"time":{"type":"string","format":"data"},"amount":{"type":"integer"}}}}}}}},"put":{"summary":"Скорректировать информацию в расписание","requestBody":{"content":{"application/json":{"schema":{"type":"object","properties":{"id":{"type":"integer"},"name":{"type":"integer"},"time":{"type":"string","format":"data","default":"10:10:10 10.10.2022"},"amount":{"type":"integer"}}}}}},"responses":{"200":{"description":"OK"}}}},"/user":{"get":{"summary":"Получить данные пользователя","parameters":[{"name":"id","in":"query","description":"Получить данные пользователя","required":true,"style":"form","explode":true,"schema":{"type":"integer","default":1}}],"responses":{"200":{"description":"OK","content":{"application/json":{"schema":{"type":"object","properties":{"id":{"type":"integer"},"username":{"type":"string"},"bonuscardid":{"type":"integer"}}}}}}}},"put":{"summary":"Скорректировать данные пользователя","requestBody":{"content":{"application/json":{"schema":{"type":"object","properties":{"id":{"type":"integer"},"username":{"type":"string"},"bonuscardid":{"type":"integer"}}}}}},"responses":{"200":{"description":"OK"}}},"post":{"summary":"Добавить нового пользователя","requestBody":{"content":{"application/json":{"schema":{"type":"object","properties":{"username":{"type":"string"},"bonuscardid":{"type":"integer"}}}}}},"responses":{"200":{"description":"OK","content":{"application/json":{"schema":{"type":"object","properties":{"id":{"type":"integer"}}}}}}}}},"/booking":{"put":{"summary":"Скорректировать запись в системе бронирования","requestBody":{"content":{"application/json":{"schema":{"type":"object","properties":{"id":{"type":"integer"},"name":{"type":"integer"},"site":{"type":"integer"},"userid":{"type":"integer"},"paymentbonus":{"type":"boolean"},"percentbonus":{"type":"integer"}}}}}},"responses":{"200":{"description":"OK"}}},"post":{"summary":"Добавить запись в систему бронирования","description":"Добавить запись в систему бронирования","requestBody":{"content":{"application/json":{"schema":{"type":"object","properties":{"filmid":{"type":"integer"},"site":{"type":"integer"},"userid":{"type":"integer"},"paymentbonus":{"type":"boolean"},"percentbonus":{"type":"integer"}}}}}},"responses":{"200":{"description":"OK","content":{"application/json":{"schema":{"type":"object","properties":{"id":{"type":"integer"}}}}}}}}},"/bonuscard":{"get":{"summary":"Получить информацию о наличии бонусов","parameters":[{"name":"numberbonuscard","in":"query","description":"Получить информацию о наличии бонусов по карте","required":true,"style":"form","explode":true,"schema":{"type":"string","default":"1234567890"}}],"responses":{"200":{"description":"OK","content":{"application/json":{"schema":{"type":"object","properties":{"bonus":{"type":"integer"}}}}}}}},"put":{"summary":"Изменить кол-во бонусов","requestBody":{"content":{"application/json":{"schema":{"type":"object","properties":{"id":{"type":"integer"},"numberbonuscard":{"type":"integer"},"bonus":{"type":"integer"}}}}}},"responses":{"200":{"description":"OK"}}}}}}