{"openapi":"3.0.0","info":{"title":"Transfer financial accounts from one group to another","description":"This is an API to execute financial account transfers from one group to another","contact":{"email":"guadalupe.ramirez@altruist.com"},"license":{"name":"Apache 2.0","url":"http://www.apache.org/licenses/LICENSE-2.0.html"},"version":"1.0.0"},"servers":[{"url":"https://virtserver.swaggerhub.com/MariaRC/transfer/1.0.0","description":"SwaggerHub API Auto Mocking"}],"tags":[{"name":"advisors","description":"Secured advisor-only calls"},{"name":"developers","description":"Operations available to regular developers"}],"paths":{"/api/orgs/{orgId}/financial_accounts/_transfer":{"patch":{"tags":["advisors"],"summary":"transfer financial accounts","description":"By passing in the appropriate options, you can transfer a list of selected \nfinancial accounts or all financial accounts from one group to another\n","operationId":"transferFinancialAccounts","parameters":[{"name":"orgId","in":"path","description":"organization id","required":true,"style":"simple","explode":false,"schema":{"type":"string","format":"uuid","example":"d290f1ee-6c54-4b01-90e6-d701748f0851"}}],"requestBody":{"description":"Financial accounts updated","content":{"application/json":{"schema":{"$ref":"#/components/schemas/TransferRequest"}}}},"responses":{"200":{"description":"all accounts are transfered as expected","content":{"application/json":{"schema":{"type":"array","items":{"$ref":"#/components/schemas/FinancialAccountDto"}}}}},"400":{"description":"invalid input, object inivalid","content":{"application/json":{"schema":{"$ref":"#/components/schemas/ApiException"}}}},"401":{"description":"the user has not permission to execute the action","content":{"application/json":{"schema":{"$ref":"#/components/schemas/ApiException"}}}}}}}},"components":{"schemas":{"FinancialAccountDto":{"type":"object","properties":{"id":{"type":"string","format":"uuid","example":"d290f1ee-6c54-4b01-90e6-d701748f0851"},"accountNumber":{"type":"string","example":"11k+ptk3nLWpDiAT/Lx5LRk8db2TACvA5HNiMaJVkicm0=1111"},"accountName":{"type":"string","example":"Plaid Saving"},"qualifiedRepCode":{"type":"string","example":"ALTRUIST_BD33BD"}}},"TransferRequest":{"required":["targetRepcode"],"type":"object","properties":{"sourceRepCode":{"type":"string","example":"ALTRUIST_BD33BD"},"targetRepCode":{"type":"string","example":"ALTRUIST_XX44BB"},"financialAccountIds":{"type":"array","items":{"type":"string","format":"uuid","example":"d290f1ee-6c54-4b01-90e6-d701748f0851"}}}},"ApiException":{"type":"object","properties":{"code":{"type":"string","example":"C003"},"codeDescription":{"type":"string","example":"Invalid input"},"module":{"type":"string","example":"FINACCT"},"additional":{"type":"string","example":"Description of failure"},"additionalData":{"type":"string","example":"Addditional data"}}}}}}