{"openapi":"3.0.0","info":{"title":"API Cinema","description":"API Кинотеатра","version":"1.0.0"},"servers":[{"url":"https://virtserver.swaggerhub.com/MarinaTs000/API_C/1.0.0","description":"SwaggerHub API Auto Mocking"}],"paths":{"/booking":{"get":{"summary":"Получать информацию о бронировании","description":"Получать информацию о бронировании по наличию мест на сеанс","parameters":[{"name":"id_film","in":"query","description":"Индификатор фильма","required":true,"style":"form","explode":true,"schema":{"type":"integer"}}],"responses":{"100":{"description":"Успех","content":{"application/json":{"schema":{"type":"object","properties":{"id_hall":{"type":"integer"},"amount":{"type":"number"},"place":{"type":"number"}}}}}}}},"post":{"summary":"Добавить новую запись в бронирование","description":"Добавить новую запись в бронирование с учетом персональных данных","requestBody":{"content":{"application/json":{"schema":{"type":"object","properties":{"id_film":{"type":"integer"},"id_hall":{"type":"integer"},"id_schedule":{"type":"integer"},"amount":{"type":"number"},"place":{"type":"number"},"personal":{"type":"string"},"id_bonuscart":{"type":"integer"},"sales":{"type":"number"},"date":{"type":"string","format":"date"}}}}}},"responses":{"100":{"description":"Успех","content":{"application/json":{"schema":{"type":"object","properties":{"id":{"type":"integer"}}}}}}}},"delete":{"summary":"Удалить запись о бронировании","description":"Удалить запись о бронировании","parameters":[{"name":"id","in":"query","description":"Индификатор брони","required":true,"style":"form","explode":true,"schema":{"type":"integer"}}],"responses":{"100":{"description":"Успех"}}}},"/schedule":{"put":{"summary":"Обновлять информацию в расписании","description":"Обновлять информацию в расписании:время сеанса","requestBody":{"content":{"application/json":{"schema":{"type":"object","properties":{"id_schedule":{"type":"integer"},"date":{"type":"string","format":"date"}}}}}},"responses":{"100":{"description":"Успех"}}}},"/sales":{"get":{"summary":"Получать информацию об оплате","description":"Получать информацию об оплате во врмененном промежутке","parameters":[{"name":"datatime","in":"query","description":"Индификатор оплаты:временной промежуток","required":true,"style":"form","explode":true,"schema":{"type":"string","format":"date"}}],"responses":{"100":{"description":"Успех","content":{"application/json":{"schema":{"type":"array","items":{"type":"object","properties":{"id_sales":{"type":"integer"},"id_film":{"type":"integer"},"id_bonuscart":{"type":"integer"},"amount_bonus":{"type":"integer"},"sales_with_bonus":{"type":"number"}}}}}}}}}}}}