{"openapi":"3.0.0","info":{"title":"OneOf-scalar-models","contact":{},"version":"v1"},"servers":[{"url":"http://example.com/{version}","variables":{"version":{"default":"v1"}}},{"url":"http://localhost:3000"}],"tags":[{"name":"oneOfPrimitiveTypesInRequestBody","description":""},{"name":"oneOfPrimitiveTypesInResponseBody","description":""},{"name":"mixPrimitiveTypesInRequestBody","description":""},{"name":"mixPrimitiveTypesInResponseBody","description":""}],"paths":{"/oneof/body/simple":{"post":{"tags":["oneOfPrimitiveTypesInRequestBody"],"summary":"send_oneof_simple","operationId":"send_oneof_simple","parameters":[{"name":"isPrimitiveType","in":"query","description":"","required":true,"style":"form","explode":true,"schema":{"type":"boolean"}},{"name":"isAtEndpointLevel","in":"query","description":"","required":true,"style":"form","explode":true,"schema":{"type":"boolean"}},{"name":"hasDiscriminator","in":"query","description":"","required":true,"style":"form","explode":true,"schema":{"type":"boolean"}}],"requestBody":{"description":"","content":{"application/json":{"schema":{"$ref":"#/components/schemas/SimpleCase"}}},"required":true},"responses":{"200":{"description":"","content":{"application/json":{"schema":{"$ref":"#/components/schemas/ServerResponse"}}}},"400":{"description":""}},"deprecated":false,"security":[]}},"/oneof/body/outerArray":{"post":{"tags":["oneOfPrimitiveTypesInRequestBody"],"summary":"send_oneof_outer_array","operationId":"send_oneof_outer_array","parameters":[{"name":"isPrimitiveType","in":"query","description":"","required":true,"style":"form","explode":true,"schema":{"type":"boolean"}},{"name":"isAtEndpointLevel","in":"query","description":"","required":true,"style":"form","explode":true,"schema":{"type":"boolean"}},{"name":"hasDiscriminator","in":"query","description":"","required":true,"style":"form","explode":true,"schema":{"type":"boolean"}}],"requestBody":{"description":"","content":{"application/json":{"schema":{"$ref":"#/components/schemas/OuterArrayCase"}}},"required":true},"responses":{"200":{"description":"","content":{"application/json":{"schema":{"$ref":"#/components/schemas/ServerResponse"}}}},"400":{"description":""}},"deprecated":false,"security":[]}},"/oneof/body/innerArray":{"post":{"tags":["oneOfPrimitiveTypesInRequestBody"],"summary":"send_oneof_inner_array","operationId":"send_oneof_inner_array","parameters":[{"name":"isPrimitiveType","in":"query","description":"","required":true,"style":"form","explode":true,"schema":{"type":"boolean"}},{"name":"isAtEndpointLevel","in":"query","description":"","required":true,"style":"form","explode":true,"schema":{"type":"boolean"}},{"name":"hasDiscriminator","in":"query","description":"","required":true,"style":"form","explode":true,"schema":{"type":"boolean"}}],"requestBody":{"description":"","content":{"application/json":{"schema":{"$ref":"#/components/schemas/InnerArrayCase"}}},"required":true},"responses":{"200":{"description":"","content":{"application/json":{"schema":{"$ref":"#/components/schemas/ServerResponse"}}}},"400":{"description":""}},"deprecated":false,"security":[]}},"/oneof/body/arrayOfArrays":{"post":{"tags":["oneOfPrimitiveTypesInRequestBody"],"summary":"send_oneof_array_of_arrays","operationId":"send_oneof_array_of_arrays","parameters":[{"name":"isPrimitiveType","in":"query","description":"","required":true,"style":"form","explode":true,"schema":{"type":"boolean"}},{"name":"isAtEndpointLevel","in":"query","description":"","required":true,"style":"form","explode":true,"schema":{"type":"boolean"}},{"name":"hasDiscriminator","in":"query","description":"","required":true,"style":"form","explode":true,"schema":{"type":"boolean"}}],"requestBody":{"description":"","content":{"application/json":{"schema":{"$ref":"#/components/schemas/ArrayOfArraysCase"}}},"required":true},"responses":{"200":{"description":"","content":{"application/json":{"schema":{"$ref":"#/components/schemas/ServerResponse"}}}},"400":{"description":""}},"deprecated":false,"security":[]}},"/oneof/body/innerMixedArray":{"post":{"tags":["oneOfPrimitiveTypesInRequestBody"],"summary":"send_oneof_inner_mixed_arrays","operationId":"send_oneof_inner_mixed_arrays","parameters":[{"name":"isPrimitiveType","in":"query","description":"","required":true,"style":"form","explode":true,"schema":{"type":"boolean"}},{"name":"isAtEndpointLevel","in":"query","description":"","required":true,"style":"form","explode":true,"schema":{"type":"boolean"}},{"name":"hasDiscriminator","in":"query","description":"","required":true,"style":"form","explode":true,"schema":{"type":"boolean"}}],"requestBody":{"description":"","content":{"application/json":{"schema":{"$ref":"#/components/schemas/InnerMixedArrayCase"}}},"required":true},"responses":{"200":{"description":"","content":{"application/json":{"schema":{"$ref":"#/components/schemas/ServerResponse"}}}},"400":{"description":""}},"deprecated":false,"security":[]}},"/oneof/body/arrayOfMixedArray":{"post":{"tags":["oneOfPrimitiveTypesInRequestBody"],"summary":"send_oneof_array_of_mixed_arrays","operationId":"send_oneof_array_of_mixed_arrays","parameters":[{"name":"isPrimitiveType","in":"query","description":"","required":true,"style":"form","explode":true,"schema":{"type":"boolean"}},{"name":"isAtEndpointLevel","in":"query","description":"","required":true,"style":"form","explode":true,"schema":{"type":"boolean"}},{"name":"hasDiscriminator","in":"query","description":"","required":true,"style":"form","explode":true,"schema":{"type":"boolean"}}],"requestBody":{"description":"","content":{"application/json":{"schema":{"$ref":"#/components/schemas/ArrayOfMixedArrayCase"}}},"required":true},"responses":{"200":{"description":"","content":{"application/json":{"schema":{"$ref":"#/components/schemas/ServerResponse"}}}},"400":{"description":""}},"deprecated":false,"security":[]}},"/oneof/body/outerMap":{"post":{"tags":["oneOfPrimitiveTypesInRequestBody"],"summary":"send_oneof_outer_map","operationId":"send_oneof_outer_map","parameters":[{"name":"isPrimitiveType","in":"query","description":"","required":true,"style":"form","explode":true,"schema":{"type":"boolean"}},{"name":"isAtEndpointLevel","in":"query","description":"","required":true,"style":"form","explode":true,"schema":{"type":"boolean"}},{"name":"hasDiscriminator","in":"query","description":"","required":true,"style":"form","explode":true,"schema":{"type":"boolean"}}],"requestBody":{"description":"","content":{"application/json":{"schema":{"$ref":"#/components/schemas/OuterMapCase"}}},"required":true},"responses":{"200":{"description":"","content":{"application/json":{"schema":{"$ref":"#/components/schemas/ServerResponse"}}}},"400":{"description":""}},"deprecated":false,"security":[]}},"/oneof/body/innerMap":{"post":{"tags":["oneOfPrimitiveTypesInRequestBody"],"summary":"send_oneof_inner_map","operationId":"send_oneof_inner_map","parameters":[{"name":"isPrimitiveType","in":"query","description":"","required":true,"style":"form","explode":true,"schema":{"type":"boolean"}},{"name":"isAtEndpointLevel","in":"query","description":"","required":true,"style":"form","explode":true,"schema":{"type":"boolean"}},{"name":"hasDiscriminator","in":"query","description":"","required":true,"style":"form","explode":true,"schema":{"type":"boolean"}}],"requestBody":{"description":"","content":{"application/json":{"schema":{"$ref":"#/components/schemas/InnerMapCase"}}},"required":true},"responses":{"200":{"description":"","content":{"application/json":{"schema":{"$ref":"#/components/schemas/ServerResponse"}}}},"400":{"description":""}},"deprecated":false,"security":[]}},"/oneof/body/mapOfMaps":{"post":{"tags":["oneOfPrimitiveTypesInRequestBody"],"summary":"send_oneof_map_of_map","operationId":"send_oneof_map_of_map","parameters":[{"name":"isPrimitiveType","in":"query","description":"","required":true,"style":"form","explode":true,"schema":{"type":"boolean"}},{"name":"isAtEndpointLevel","in":"query","description":"","required":true,"style":"form","explode":true,"schema":{"type":"boolean"}},{"name":"hasDiscriminator","in":"query","description":"","required":true,"style":"form","explode":true,"schema":{"type":"boolean"}}],"requestBody":{"description":"","content":{"application/json":{"schema":{"$ref":"#/components/schemas/MapOfMapsCase"}}},"required":true},"responses":{"200":{"description":"","content":{"application/json":{"schema":{"$ref":"#/components/schemas/ServerResponse"}}}},"400":{"description":""}},"deprecated":false,"security":[]}},"/oneof/body/innerMixedMap":{"post":{"tags":["oneOfPrimitiveTypesInRequestBody"],"summary":"send_oneof_inner_mixed_map","operationId":"send_oneof_inner_mixed_map","parameters":[{"name":"isPrimitiveType","in":"query","description":"","required":true,"style":"form","explode":true,"schema":{"type":"boolean"}},{"name":"isAtEndpointLevel","in":"query","description":"","required":true,"style":"form","explode":true,"schema":{"type":"boolean"}},{"name":"hasDiscriminator","in":"query","description":"","required":true,"style":"form","explode":true,"schema":{"type":"boolean"}}],"requestBody":{"description":"","content":{"application/json":{"schema":{"$ref":"#/components/schemas/InnerMixedMapCase"}}},"required":true},"responses":{"200":{"description":"","content":{"application/json":{"schema":{"$ref":"#/components/schemas/ServerResponse"}}}},"400":{"description":""}},"deprecated":false,"security":[]}},"/oneof/body/mapOfMixedMap":{"post":{"tags":["oneOfPrimitiveTypesInRequestBody"],"summary":"send_oneof_map_of_inner_mixed_map","operationId":"send_oneof_map_of_inner_mixed_map","parameters":[{"name":"isPrimitiveType","in":"query","description":"","required":true,"style":"form","explode":true,"schema":{"type":"boolean"}},{"name":"isAtEndpointLevel","in":"query","description":"","required":true,"style":"form","explode":true,"schema":{"type":"boolean"}},{"name":"hasDiscriminator","in":"query","description":"","required":true,"style":"form","explode":true,"schema":{"type":"boolean"}}],"requestBody":{"description":"","content":{"application/json":{"schema":{"$ref":"#/components/schemas/MapOfMixedMapCase"}}},"required":true},"responses":{"200":{"description":"","content":{"application/json":{"schema":{"$ref":"#/components/schemas/ServerResponse"}}}},"400":{"description":""}},"deprecated":false,"security":[]}},"/oneof/body/outerArrayOfMapFlag":{"post":{"tags":["oneOfPrimitiveTypesInRequestBody"],"summary":"send_oneof_outer_arrayOfMap_flag","operationId":"send_oneof_outer_arrayOfMap_flag","parameters":[{"name":"isPrimitiveType","in":"query","description":"","required":true,"style":"form","explode":true,"schema":{"type":"boolean"}},{"name":"isAtEndpointLevel","in":"query","description":"","required":true,"style":"form","explode":true,"schema":{"type":"boolean"}},{"name":"hasDiscriminator","in":"query","description":"","required":true,"style":"form","explode":true,"schema":{"type":"boolean"}}],"requestBody":{"description":"","content":{"application/json":{"schema":{"$ref":"#/components/schemas/OuterArrayOfMapFlagCase"}}},"required":true},"responses":{"200":{"description":"","content":{"application/json":{"schema":{"$ref":"#/components/schemas/ServerResponse"}}}},"400":{"description":""}},"deprecated":false,"security":[]}},"/oneof/body/innerArrayOfMapFlag":{"post":{"tags":["oneOfPrimitiveTypesInRequestBody"],"summary":"send_oneof_inner_arrayOfMap_flag","operationId":"send_oneof_inner_arrayOfMap_flag","parameters":[{"name":"isPrimitiveType","in":"query","description":"","required":true,"style":"form","explode":true,"schema":{"type":"boolean"}},{"name":"isAtEndpointLevel","in":"query","description":"","required":true,"style":"form","explode":true,"schema":{"type":"boolean"}},{"name":"hasDiscriminator","in":"query","description":"","required":true,"style":"form","explode":true,"schema":{"type":"boolean"}}],"requestBody":{"description":"","content":{"application/json":{"schema":{"$ref":"#/components/schemas/InnerArrayOfMapFlagCase"}}},"required":true},"responses":{"200":{"description":"","content":{"application/json":{"schema":{"$ref":"#/components/schemas/ServerResponse"}}}},"400":{"description":""}},"deprecated":false,"security":[]}},"/oneof/body/arrayOfMapFlagOfArrayOfMapFlag":{"post":{"tags":["oneOfPrimitiveTypesInRequestBody"],"summary":"send_oneof_arrayOfMap_flag_of_arrayOfMap_flag","operationId":"send_oneof_arrayOfMap_flag_of_arrayOfMap_flag","parameters":[{"name":"isPrimitiveType","in":"query","description":"","required":true,"style":"form","explode":true,"schema":{"type":"boolean"}},{"name":"isAtEndpointLevel","in":"query","description":"","required":true,"style":"form","explode":true,"schema":{"type":"boolean"}},{"name":"hasDiscriminator","in":"query","description":"","required":true,"style":"form","explode":true,"schema":{"type":"boolean"}}],"requestBody":{"description":"","content":{"application/json":{"schema":{"$ref":"#/components/schemas/ArrayOfMapFlagOfInnerArrayOfMapFlagCase"}}},"required":true},"responses":{"200":{"description":"","content":{"application/json":{"schema":{"$ref":"#/components/schemas/ServerResponse"}}}},"400":{"description":""}},"deprecated":false,"security":[]}},"/oneof/body/innerMixedArrayOfMap":{"post":{"tags":["oneOfPrimitiveTypesInRequestBody"],"summary":"send_oneof_inner_mixed_arrayOfMap_flag","operationId":"send_oneof_inner_mixed_arrayOfMap_flag","parameters":[{"name":"isPrimitiveType","in":"query","description":"","required":true,"style":"form","explode":true,"schema":{"type":"boolean"}},{"name":"isAtEndpointLevel","in":"query","description":"","required":true,"style":"form","explode":true,"schema":{"type":"boolean"}},{"name":"hasDiscriminator","in":"query","description":"","required":true,"style":"form","explode":true,"schema":{"type":"boolean"}}],"requestBody":{"description":"","content":{"application/json":{"schema":{"$ref":"#/components/schemas/MixedArrayOfMapFlagCase"}}},"required":true},"responses":{"200":{"description":"","content":{"application/json":{"schema":{"$ref":"#/components/schemas/ServerResponse"}}}},"400":{"description":""}},"deprecated":false,"security":[]}},"/oneof/body/arrayOfMapFlagOfMixedArrayOfMap":{"post":{"tags":["oneOfPrimitiveTypesInRequestBody"],"summary":"send_oneof_arrayOfMap_flag_of_mixed_arrayOfMap_flag","operationId":"send_oneof_arrayOfMap_flag_of_mixed_arrayOfMap_flag","parameters":[{"name":"isPrimitiveType","in":"query","description":"","required":true,"style":"form","explode":true,"schema":{"type":"boolean"}},{"name":"isAtEndpointLevel","in":"query","description":"","required":true,"style":"form","explode":true,"schema":{"type":"boolean"}},{"name":"hasDiscriminator","in":"query","description":"","required":true,"style":"form","explode":true,"schema":{"type":"boolean"}}],"requestBody":{"description":"","content":{"application/json":{"schema":{"$ref":"#/components/schemas/ArrayOfMapFlagOfInnerMixedArrayOfMapFlagCase"}}},"required":true},"responses":{"200":{"description":"","content":{"application/json":{"schema":{"$ref":"#/components/schemas/ServerResponse"}}}},"400":{"description":""}},"deprecated":false,"security":[]}},"/oneof/body/outerMapOfArray":{"post":{"tags":["oneOfPrimitiveTypesInRequestBody"],"summary":"send_oneof_outer_mapOfArray","operationId":"send_oneof_outer_mapOfArray","parameters":[{"name":"isPrimitiveType","in":"query","description":"","required":true,"style":"form","explode":true,"schema":{"type":"boolean"}},{"name":"isAtEndpointLevel","in":"query","description":"","required":true,"style":"form","explode":true,"schema":{"type":"boolean"}},{"name":"hasDiscriminator","in":"query","description":"","required":true,"style":"form","explode":true,"schema":{"type":"boolean"}}],"requestBody":{"description":"","content":{"application/json":{"schema":{"$ref":"#/components/schemas/OuterMapOfArrayCase"}}},"required":true},"responses":{"200":{"description":"","content":{"application/json":{"schema":{"$ref":"#/components/schemas/ServerResponse"}}}},"400":{"description":""}},"deprecated":false,"security":[]}},"/oneof/body/innerMapOfArray":{"post":{"tags":["oneOfPrimitiveTypesInRequestBody"],"summary":"send_oneof_inner_mapOfArray","operationId":"send_oneof_inner_mapOfArray","parameters":[{"name":"isPrimitiveType","in":"query","description":"","required":true,"style":"form","explode":true,"schema":{"type":"boolean"}},{"name":"isAtEndpointLevel","in":"query","description":"","required":true,"style":"form","explode":true,"schema":{"type":"boolean"}},{"name":"hasDiscriminator","in":"query","description":"","required":true,"style":"form","explode":true,"schema":{"type":"boolean"}}],"requestBody":{"description":"","content":{"application/json":{"schema":{"$ref":"#/components/schemas/InnerMapOfArrayCase"}}},"required":true},"responses":{"200":{"description":"","content":{"application/json":{"schema":{"$ref":"#/components/schemas/ServerResponse"}}}},"400":{"description":""}},"deprecated":false,"security":[]}},"/oneof/body/mapOfArrayOfInnerMapOfArray":{"post":{"tags":["oneOfPrimitiveTypesInRequestBody"],"summary":"send_oneof_mapOfArray_of_mapOfArray","operationId":"send_oneof_mapOfArray_of_mapOfArray","parameters":[{"name":"isPrimitiveType","in":"query","description":"","required":true,"style":"form","explode":true,"schema":{"type":"boolean"}},{"name":"isAtEndpointLevel","in":"query","description":"","required":true,"style":"form","explode":true,"schema":{"type":"boolean"}},{"name":"hasDiscriminator","in":"query","description":"","required":true,"style":"form","explode":true,"schema":{"type":"boolean"}}],"requestBody":{"description":"","content":{"application/json":{"schema":{"$ref":"#/components/schemas/MapOfArrayOfInnerMapOfArrayCase"}}},"required":true},"responses":{"200":{"description":"","content":{"application/json":{"schema":{"$ref":"#/components/schemas/ServerResponse"}}}},"400":{"description":""}},"deprecated":false,"security":[]}},"/oneof/body/innerMixedMapOfArray":{"post":{"tags":["oneOfPrimitiveTypesInRequestBody"],"summary":"send_oneof_inner_mixed_mapOfArray","operationId":"send_oneof_inner_mixed_mapOfArray","parameters":[{"name":"isPrimitiveType","in":"query","description":"","required":true,"style":"form","explode":true,"schema":{"type":"boolean"}},{"name":"isAtEndpointLevel","in":"query","description":"","required":true,"style":"form","explode":true,"schema":{"type":"boolean"}},{"name":"hasDiscriminator","in":"query","description":"","required":true,"style":"form","explode":true,"schema":{"type":"boolean"}}],"requestBody":{"description":"","content":{"application/json":{"schema":{"$ref":"#/components/schemas/MixedMapOfArrayCase"}}},"required":true},"responses":{"200":{"description":"","content":{"application/json":{"schema":{"$ref":"#/components/schemas/ServerResponse"}}}},"400":{"description":""}},"deprecated":false,"security":[]}},"/oneof/body/mapOfArrayOfMixedMapOfArray":{"post":{"tags":["oneOfPrimitiveTypesInRequestBody"],"summary":"send_oneof_mapOfArray_of_mixed_mapOfArray","operationId":"send_oneof_mapOfArray_of_mixed_mapOfArray","parameters":[{"name":"isPrimitiveType","in":"query","description":"","required":true,"style":"form","explode":true,"schema":{"type":"boolean"}},{"name":"isAtEndpointLevel","in":"query","description":"","required":true,"style":"form","explode":true,"schema":{"type":"boolean"}},{"name":"hasDiscriminator","in":"query","description":"","required":true,"style":"form","explode":true,"schema":{"type":"boolean"}}],"requestBody":{"description":"","content":{"application/json":{"schema":{"$ref":"#/components/schemas/MapOfArrayOfInnerMixedMapOfArrayCase"}}},"required":true},"responses":{"200":{"description":"","content":{"application/json":{"schema":{"$ref":"#/components/schemas/ServerResponse"}}}},"400":{"description":""}},"deprecated":false,"security":[]}},"/oneof/body/arrayOfMaps":{"post":{"tags":["oneOfPrimitiveTypesInRequestBody"],"summary":"send_oneof_array_of_maps","operationId":"send_oneof_array_of_maps","parameters":[{"name":"isPrimitiveType","in":"query","description":"","required":true,"style":"form","explode":true,"schema":{"type":"boolean"}},{"name":"isAtEndpointLevel","in":"query","description":"","required":true,"style":"form","explode":true,"schema":{"type":"boolean"}},{"name":"hasDiscriminator","in":"query","description":"","required":true,"style":"form","explode":true,"schema":{"type":"boolean"}}],"requestBody":{"description":"","content":{"application/json":{"schema":{"$ref":"#/components/schemas/ArrayOfMapsCase"}}},"required":true},"responses":{"200":{"description":"","content":{"application/json":{"schema":{"$ref":"#/components/schemas/ServerResponse"}}}},"400":{"description":""}},"deprecated":false,"security":[]}},"/oneof/body/arrayOfArrayOfMapFlag":{"post":{"tags":["oneOfPrimitiveTypesInRequestBody"],"summary":"send_oneof_array_of_arrayOfMap_flag","operationId":"send_oneof_array_of_arrayOfMap_flag","parameters":[{"name":"isPrimitiveType","in":"query","description":"","required":true,"style":"form","explode":true,"schema":{"type":"boolean"}},{"name":"isAtEndpointLevel","in":"query","description":"","required":true,"style":"form","explode":true,"schema":{"type":"boolean"}},{"name":"hasDiscriminator","in":"query","description":"","required":true,"style":"form","explode":true,"schema":{"type":"boolean"}}],"requestBody":{"description":"","content":{"application/json":{"schema":{"$ref":"#/components/schemas/ArrayOfArrayOfMapFlagCase"}}},"required":true},"responses":{"200":{"description":"","content":{"application/json":{"schema":{"$ref":"#/components/schemas/ServerResponse"}}}},"400":{"description":""}},"deprecated":false,"security":[]}},"/oneof/body/mapOfArrays":{"post":{"tags":["oneOfPrimitiveTypesInRequestBody"],"summary":"send_oneof_map_of_array","operationId":"send_oneof_map_of_array","parameters":[{"name":"isPrimitiveType","in":"query","description":"","required":true,"style":"form","explode":true,"schema":{"type":"boolean"}},{"name":"isAtEndpointLevel","in":"query","description":"","required":true,"style":"form","explode":true,"schema":{"type":"boolean"}},{"name":"hasDiscriminator","in":"query","description":"","required":true,"style":"form","explode":true,"schema":{"type":"boolean"}}],"requestBody":{"description":"","content":{"application/json":{"schema":{"$ref":"#/components/schemas/MapOfArraysCase"}}},"required":true},"responses":{"200":{"description":"","content":{"application/json":{"schema":{"$ref":"#/components/schemas/ServerResponse"}}}},"400":{"description":""}},"deprecated":false,"security":[]}},"/oneof/body/mapOfArrayOfMapFlag":{"post":{"tags":["oneOfPrimitiveTypesInRequestBody"],"summary":"send_oneof_map_of_arrayOfMap_flag","operationId":"send_oneof_map_of_arrayOfMap_flag","parameters":[{"name":"isPrimitiveType","in":"query","description":"","required":true,"style":"form","explode":true,"schema":{"type":"boolean"}},{"name":"isAtEndpointLevel","in":"query","description":"","required":true,"style":"form","explode":true,"schema":{"type":"boolean"}},{"name":"hasDiscriminator","in":"query","description":"","required":true,"style":"form","explode":true,"schema":{"type":"boolean"}}],"requestBody":{"description":"","content":{"application/json":{"schema":{"$ref":"#/components/schemas/MapOfArrayOfMapFlagCase"}}},"required":true},"responses":{"200":{"description":"","content":{"application/json":{"schema":{"$ref":"#/components/schemas/ServerResponse"}}}},"400":{"description":""}},"deprecated":false,"security":[]}},"/oneof/body/arrayOfMapFlagOfArray":{"post":{"tags":["oneOfPrimitiveTypesInRequestBody"],"summary":"send_oneof_arrayOfMap_flag_of_array","operationId":"send_oneof_arrayOfMap_flag_of_array","parameters":[{"name":"isPrimitiveType","in":"query","description":"","required":true,"style":"form","explode":true,"schema":{"type":"boolean"}},{"name":"isAtEndpointLevel","in":"query","description":"","required":true,"style":"form","explode":true,"schema":{"type":"boolean"}},{"name":"hasDiscriminator","in":"query","description":"","required":true,"style":"form","explode":true,"schema":{"type":"boolean"}}],"requestBody":{"description":"","content":{"application/json":{"schema":{"$ref":"#/components/schemas/ArrayOfMapFlagOfArrayCase"}}},"required":true},"responses":{"200":{"description":"","content":{"application/json":{"schema":{"$ref":"#/components/schemas/ServerResponse"}}}},"400":{"description":""}},"deprecated":false,"security":[]}},"/oneof/body/arrayOfMapFlagOfMap":{"post":{"tags":["oneOfPrimitiveTypesInRequestBody"],"summary":"send_oneof_arrayOfMap_flag_of_map","operationId":"send_oneof_arrayOfMap_flag_of_map","parameters":[{"name":"isPrimitiveType","in":"query","description":"","required":true,"style":"form","explode":true,"schema":{"type":"boolean"}},{"name":"isAtEndpointLevel","in":"query","description":"","required":true,"style":"form","explode":true,"schema":{"type":"boolean"}},{"name":"hasDiscriminator","in":"query","description":"","required":true,"style":"form","explode":true,"schema":{"type":"boolean"}}],"requestBody":{"description":"","content":{"application/json":{"schema":{"$ref":"#/components/schemas/ArrayOfMapFlagOfMapCase"}}},"required":true},"responses":{"200":{"description":"","content":{"application/json":{"schema":{"$ref":"#/components/schemas/ServerResponse"}}}},"400":{"description":""}},"deprecated":false,"security":[]}},"/oneof/body/enums":{"post":{"tags":["oneOfPrimitiveTypesInRequestBody"],"summary":"send_oneof_multiple_enum","operationId":"send_oneof_multiple_enum","parameters":[{"name":"isAtEndpointLevel","in":"query","description":"","required":true,"style":"form","explode":true,"schema":{"type":"boolean"}}],"requestBody":{"description":"","content":{"application/json":{"schema":{"$ref":"#/components/schemas/oneOfMultipleEnums"}}},"required":true},"responses":{"200":{"description":"","content":{"application/json":{"schema":{"$ref":"#/components/schemas/ServerResponse"}}}},"400":{"description":""}},"deprecated":false,"security":[]}},"/oneof/body/multiLevel":{"post":{"tags":["oneOfPrimitiveTypesInRequestBody"],"summary":"send_multi_level_oneof","operationId":"send_multi_level_oneof","parameters":[{"name":"isPrimitiveType","in":"query","description":"","required":true,"style":"form","explode":true,"schema":{"type":"boolean"}},{"name":"isAtEndpointLevel","in":"query","description":"","required":true,"style":"form","explode":true,"schema":{"type":"boolean"}},{"name":"hasDiscriminator","in":"query","description":"","required":true,"style":"form","explode":true,"schema":{"type":"boolean"}}],"requestBody":{"description":"","content":{"application/json":{"schema":{"$ref":"#/components/schemas/MultiLevelOneOf"}}},"required":true},"responses":{"200":{"description":"","content":{"application/json":{"schema":{"$ref":"#/components/schemas/ServerResponse"}}}},"400":{"description":""}},"deprecated":false,"security":[]}},"/oneof/response/simple":{"get":{"tags":["oneOfPrimitiveTypesInResponseBody"],"summary":"get_oneof_simple","operationId":"get_oneof_simple","parameters":[{"name":"isPrimitiveType","in":"query","description":"","required":true,"style":"form","explode":true,"schema":{"type":"boolean"}},{"name":"isAtEndpointLevel","in":"query","description":"","required":true,"style":"form","explode":true,"schema":{"type":"boolean"}},{"name":"hasDiscriminator","in":"query","description":"","required":true,"style":"form","explode":true,"schema":{"type":"boolean"}}],"responses":{"200":{"description":"","content":{"application/json":{"schema":{"$ref":"#/components/schemas/SimpleCase"}}}},"400":{"description":""}},"deprecated":false,"security":[]}},"/oneof/response/outerArray":{"get":{"tags":["oneOfPrimitiveTypesInResponseBody"],"summary":"get_oneof_outer_array","operationId":"get_oneof_outer_array","parameters":[{"name":"isPrimitiveType","in":"query","description":"","required":true,"style":"form","explode":true,"schema":{"type":"boolean"}},{"name":"isAtEndpointLevel","in":"query","description":"","required":true,"style":"form","explode":true,"schema":{"type":"boolean"}},{"name":"hasDiscriminator","in":"query","description":"","required":true,"style":"form","explode":true,"schema":{"type":"boolean"}}],"responses":{"200":{"description":"","content":{"application/json":{"schema":{"$ref":"#/components/schemas/OuterArrayCase"}}}},"400":{"description":""}},"deprecated":false,"security":[]}},"/oneof/response/innerArray":{"get":{"tags":["oneOfPrimitiveTypesInResponseBody"],"summary":"get_oneof_inner_array","operationId":"get_oneof_inner_array","parameters":[{"name":"isPrimitiveType","in":"query","description":"","required":true,"style":"form","explode":true,"schema":{"type":"boolean"}},{"name":"isAtEndpointLevel","in":"query","description":"","required":true,"style":"form","explode":true,"schema":{"type":"boolean"}},{"name":"hasDiscriminator","in":"query","description":"","required":true,"style":"form","explode":true,"schema":{"type":"boolean"}}],"responses":{"200":{"description":"","content":{"application/json":{"schema":{"$ref":"#/components/schemas/InnerArrayCase"}}}},"400":{"description":""}},"deprecated":false,"security":[]}},"/oneof/response/arrayOfArrays":{"get":{"tags":["oneOfPrimitiveTypesInResponseBody"],"summary":"get_oneof_array_of_arrays","operationId":"get_oneof_array_of_arrays","parameters":[{"name":"isPrimitiveType","in":"query","description":"","required":true,"style":"form","explode":true,"schema":{"type":"boolean"}},{"name":"isAtEndpointLevel","in":"query","description":"","required":true,"style":"form","explode":true,"schema":{"type":"boolean"}},{"name":"hasDiscriminator","in":"query","description":"","required":true,"style":"form","explode":true,"schema":{"type":"boolean"}}],"responses":{"200":{"description":"","content":{"application/json":{"schema":{"$ref":"#/components/schemas/ArrayOfArraysCase"}}}},"400":{"description":""}},"deprecated":false,"security":[]}},"/oneof/response/innerMixedArray":{"get":{"tags":["oneOfPrimitiveTypesInResponseBody"],"summary":"get_oneof_inner_mixed_arrays","operationId":"get_oneof_inner_mixed_arrays","parameters":[{"name":"isPrimitiveType","in":"query","description":"","required":true,"style":"form","explode":true,"schema":{"type":"boolean"}},{"name":"isAtEndpointLevel","in":"query","description":"","required":true,"style":"form","explode":true,"schema":{"type":"boolean"}},{"name":"hasDiscriminator","in":"query","description":"","required":true,"style":"form","explode":true,"schema":{"type":"boolean"}}],"responses":{"200":{"description":"","content":{"application/json":{"schema":{"$ref":"#/components/schemas/InnerMixedArrayCase"}}}},"400":{"description":""}},"deprecated":false,"security":[]}},"/oneof/response/arrayOfMixedArray":{"get":{"tags":["oneOfPrimitiveTypesInResponseBody"],"summary":"get_oneof_array_of_mixed_arrays","operationId":"get_oneof_array_of_mixed_arrays","parameters":[{"name":"isPrimitiveType","in":"query","description":"","required":true,"style":"form","explode":true,"schema":{"type":"boolean"}},{"name":"isAtEndpointLevel","in":"query","description":"","required":true,"style":"form","explode":true,"schema":{"type":"boolean"}},{"name":"hasDiscriminator","in":"query","description":"","required":true,"style":"form","explode":true,"schema":{"type":"boolean"}}],"responses":{"200":{"description":"","content":{"application/json":{"schema":{"$ref":"#/components/schemas/ArrayOfMixedArrayCase"}}}},"400":{"description":""}},"deprecated":false,"security":[]}},"/oneof/response/outerMap":{"get":{"tags":["oneOfPrimitiveTypesInResponseBody"],"summary":"get_oneof_outer_map","operationId":"get_oneof_outer_map","parameters":[{"name":"isPrimitiveType","in":"query","description":"","required":true,"style":"form","explode":true,"schema":{"type":"boolean"}},{"name":"isAtEndpointLevel","in":"query","description":"","required":true,"style":"form","explode":true,"schema":{"type":"boolean"}},{"name":"hasDiscriminator","in":"query","description":"","required":true,"style":"form","explode":true,"schema":{"type":"boolean"}}],"responses":{"200":{"description":"","content":{"application/json":{"schema":{"$ref":"#/components/schemas/OuterMapCase"}}}},"400":{"description":""}},"deprecated":false,"security":[]}},"/oneof/response/innerMap":{"get":{"tags":["oneOfPrimitiveTypesInResponseBody"],"summary":"get_oneof_inner_map","operationId":"get_oneof_inner_map","parameters":[{"name":"isPrimitiveType","in":"query","description":"","required":true,"style":"form","explode":true,"schema":{"type":"boolean"}},{"name":"isAtEndpointLevel","in":"query","description":"","required":true,"style":"form","explode":true,"schema":{"type":"boolean"}},{"name":"hasDiscriminator","in":"query","description":"","required":true,"style":"form","explode":true,"schema":{"type":"boolean"}}],"responses":{"200":{"description":"","content":{"application/json":{"schema":{"$ref":"#/components/schemas/InnerMapCase"}}}},"400":{"description":""}},"deprecated":false,"security":[]}},"/oneof/response/mapOfMaps":{"get":{"tags":["oneOfPrimitiveTypesInResponseBody"],"summary":"get_oneof_map_of_map","operationId":"get_oneof_map_of_map","parameters":[{"name":"isPrimitiveType","in":"query","description":"","required":true,"style":"form","explode":true,"schema":{"type":"boolean"}},{"name":"isAtEndpointLevel","in":"query","description":"","required":true,"style":"form","explode":true,"schema":{"type":"boolean"}},{"name":"hasDiscriminator","in":"query","description":"","required":true,"style":"form","explode":true,"schema":{"type":"boolean"}}],"responses":{"200":{"description":"","content":{"application/json":{"schema":{"$ref":"#/components/schemas/MapOfMapsCase"}}}},"400":{"description":""}},"deprecated":false,"security":[]}},"/oneof/response/innerMixedMap":{"get":{"tags":["oneOfPrimitiveTypesInResponseBody"],"summary":"get_oneof_inner_mixed_map","operationId":"get_oneof_inner_mixed_map","parameters":[{"name":"isPrimitiveType","in":"query","description":"","required":true,"style":"form","explode":true,"schema":{"type":"boolean"}},{"name":"isAtEndpointLevel","in":"query","description":"","required":true,"style":"form","explode":true,"schema":{"type":"boolean"}},{"name":"hasDiscriminator","in":"query","description":"","required":true,"style":"form","explode":true,"schema":{"type":"boolean"}}],"responses":{"200":{"description":"","content":{"application/json":{"schema":{"$ref":"#/components/schemas/InnerMixedMapCase"}}}},"400":{"description":""}},"deprecated":false,"security":[]}},"/oneof/response/mapOfMixedMap":{"get":{"tags":["oneOfPrimitiveTypesInResponseBody"],"summary":"get_oneof_map_of_inner_mixed_map","operationId":"get_oneof_map_of_inner_mixed_map","parameters":[{"name":"isPrimitiveType","in":"query","description":"","required":true,"style":"form","explode":true,"schema":{"type":"boolean"}},{"name":"isAtEndpointLevel","in":"query","description":"","required":true,"style":"form","explode":true,"schema":{"type":"boolean"}},{"name":"hasDiscriminator","in":"query","description":"","required":true,"style":"form","explode":true,"schema":{"type":"boolean"}}],"responses":{"200":{"description":"","content":{"application/json":{"schema":{"$ref":"#/components/schemas/MapOfMixedMapCase"}}}},"400":{"description":""}},"deprecated":false,"security":[]}},"/oneof/response/outerArrayOfMapFlag":{"get":{"tags":["oneOfPrimitiveTypesInResponseBody"],"summary":"get_oneof_outer_arrayOfMap_flag","operationId":"get_oneof_outer_arrayOfMap_flag","parameters":[{"name":"isPrimitiveType","in":"query","description":"","required":true,"style":"form","explode":true,"schema":{"type":"boolean"}},{"name":"isAtEndpointLevel","in":"query","description":"","required":true,"style":"form","explode":true,"schema":{"type":"boolean"}},{"name":"hasDiscriminator","in":"query","description":"","required":true,"style":"form","explode":true,"schema":{"type":"boolean"}}],"responses":{"200":{"description":"","content":{"application/json":{"schema":{"$ref":"#/components/schemas/OuterArrayOfMapFlagCase"}}}},"400":{"description":""}},"deprecated":false,"security":[]}},"/oneof/response/innerArrayOfMapFlag":{"get":{"tags":["oneOfPrimitiveTypesInResponseBody"],"summary":"get_oneof_inner_arrayOfMap_flag","operationId":"get_oneof_inner_arrayOfMap_flag","parameters":[{"name":"isPrimitiveType","in":"query","description":"","required":true,"style":"form","explode":true,"schema":{"type":"boolean"}},{"name":"isAtEndpointLevel","in":"query","description":"","required":true,"style":"form","explode":true,"schema":{"type":"boolean"}},{"name":"hasDiscriminator","in":"query","description":"","required":true,"style":"form","explode":true,"schema":{"type":"boolean"}}],"responses":{"200":{"description":"","content":{"application/json":{"schema":{"$ref":"#/components/schemas/InnerArrayOfMapFlagCase"}}}},"400":{"description":""}},"deprecated":false,"security":[]}},"/oneof/response/arrayOfMapFlagOfArrayOfMapFlag":{"get":{"tags":["oneOfPrimitiveTypesInResponseBody"],"summary":"get_oneof_arrayOfMap_flag_of_arrayOfMap_flag","operationId":"get_oneof_arrayOfMap_flag_of_arrayOfMap_flag","parameters":[{"name":"isPrimitiveType","in":"query","description":"","required":true,"style":"form","explode":true,"schema":{"type":"boolean"}},{"name":"isAtEndpointLevel","in":"query","description":"","required":true,"style":"form","explode":true,"schema":{"type":"boolean"}},{"name":"hasDiscriminator","in":"query","description":"","required":true,"style":"form","explode":true,"schema":{"type":"boolean"}}],"responses":{"200":{"description":"","content":{"application/json":{"schema":{"$ref":"#/components/schemas/ArrayOfMapFlagOfInnerArrayOfMapFlagCase"}}}},"400":{"description":""}},"deprecated":false,"security":[]}},"/oneof/response/innerMixedArrayOfMap":{"get":{"tags":["oneOfPrimitiveTypesInResponseBody"],"summary":"get_oneof_inner_mixed_arrayOfMap_flag","operationId":"get_oneof_inner_mixed_arrayOfMap_flag","parameters":[{"name":"isPrimitiveType","in":"query","description":"","required":true,"style":"form","explode":true,"schema":{"type":"boolean"}},{"name":"isAtEndpointLevel","in":"query","description":"","required":true,"style":"form","explode":true,"schema":{"type":"boolean"}},{"name":"hasDiscriminator","in":"query","description":"","required":true,"style":"form","explode":true,"schema":{"type":"boolean"}}],"responses":{"200":{"description":"","content":{"application/json":{"schema":{"$ref":"#/components/schemas/MixedArrayOfMapFlagCase"}}}},"400":{"description":""}},"deprecated":false,"security":[]}},"/oneof/response/arrayOfMapFlagOfMixedArrayOfMap":{"get":{"tags":["oneOfPrimitiveTypesInResponseBody"],"summary":"get_oneof_arrayOfMap_flag_of_mixed_arrayOfMap_flag","operationId":"get_oneof_arrayOfMap_flag_of_mixed_arrayOfMap_flag","parameters":[{"name":"isPrimitiveType","in":"query","description":"","required":true,"style":"form","explode":true,"schema":{"type":"boolean"}},{"name":"isAtEndpointLevel","in":"query","description":"","required":true,"style":"form","explode":true,"schema":{"type":"boolean"}},{"name":"hasDiscriminator","in":"query","description":"","required":true,"style":"form","explode":true,"schema":{"type":"boolean"}}],"responses":{"200":{"description":"","content":{"application/json":{"schema":{"$ref":"#/components/schemas/ArrayOfMapFlagOfInnerMixedArrayOfMapFlagCase"}}}},"400":{"description":""}},"deprecated":false,"security":[]}},"/oneof/response/outerMapOfArray":{"get":{"tags":["oneOfPrimitiveTypesInResponseBody"],"summary":"get_oneof_outer_mapOfArray","operationId":"get_oneof_outer_mapOfArray","parameters":[{"name":"isPrimitiveType","in":"query","description":"","required":true,"style":"form","explode":true,"schema":{"type":"boolean"}},{"name":"isAtEndpointLevel","in":"query","description":"","required":true,"style":"form","explode":true,"schema":{"type":"boolean"}},{"name":"hasDiscriminator","in":"query","description":"","required":true,"style":"form","explode":true,"schema":{"type":"boolean"}}],"responses":{"200":{"description":"","content":{"application/json":{"schema":{"$ref":"#/components/schemas/OuterMapOfArrayCase"}}}},"400":{"description":""}},"deprecated":false,"security":[]}},"/oneof/response/innerMapOfArray":{"get":{"tags":["oneOfPrimitiveTypesInResponseBody"],"summary":"get_oneof_inner_mapOfArray","operationId":"get_oneof_inner_mapOfArray","parameters":[{"name":"isPrimitiveType","in":"query","description":"","required":true,"style":"form","explode":true,"schema":{"type":"boolean"}},{"name":"isAtEndpointLevel","in":"query","description":"","required":true,"style":"form","explode":true,"schema":{"type":"boolean"}},{"name":"hasDiscriminator","in":"query","description":"","required":true,"style":"form","explode":true,"schema":{"type":"boolean"}}],"responses":{"200":{"description":"","content":{"application/json":{"schema":{"$ref":"#/components/schemas/InnerMapOfArrayCase"}}}},"400":{"description":""}},"deprecated":false,"security":[]}},"/oneof/response/mapOfArrayOfInnerMapOfArray":{"get":{"tags":["oneOfPrimitiveTypesInResponseBody"],"summary":"get_oneof_mapOfArray_of_mapOfArray","operationId":"get_oneof_mapOfArray_of_mapOfArray","parameters":[{"name":"isPrimitiveType","in":"query","description":"","required":true,"style":"form","explode":true,"schema":{"type":"boolean"}},{"name":"isAtEndpointLevel","in":"query","description":"","required":true,"style":"form","explode":true,"schema":{"type":"boolean"}},{"name":"hasDiscriminator","in":"query","description":"","required":true,"style":"form","explode":true,"schema":{"type":"boolean"}}],"responses":{"200":{"description":"","content":{"application/json":{"schema":{"$ref":"#/components/schemas/MapOfArrayOfInnerMapOfArrayCase"}}}},"400":{"description":""}},"deprecated":false,"security":[]}},"/oneof/response/innerMixedMapOfArray":{"get":{"tags":["oneOfPrimitiveTypesInResponseBody"],"summary":"get_oneof_inner_mixed_mapOfArray","operationId":"get_oneof_inner_mixed_mapOfArray","parameters":[{"name":"isPrimitiveType","in":"query","description":"","required":true,"style":"form","explode":true,"schema":{"type":"boolean"}},{"name":"isAtEndpointLevel","in":"query","description":"","required":true,"style":"form","explode":true,"schema":{"type":"boolean"}},{"name":"hasDiscriminator","in":"query","description":"","required":true,"style":"form","explode":true,"schema":{"type":"boolean"}}],"responses":{"200":{"description":"","content":{"application/json":{"schema":{"$ref":"#/components/schemas/MixedMapOfArrayCase"}}}},"400":{"description":""}},"deprecated":false,"security":[]}},"/oneof/response/mapOfArrayOfMixedMapOfArray":{"get":{"tags":["oneOfPrimitiveTypesInResponseBody"],"summary":"get_oneof_mapOfArray_of_mixed_mapOfArray","operationId":"get_oneof_mapOfArray_of_mixed_mapOfArray","parameters":[{"name":"isPrimitiveType","in":"query","description":"","required":true,"style":"form","explode":true,"schema":{"type":"boolean"}},{"name":"isAtEndpointLevel","in":"query","description":"","required":true,"style":"form","explode":true,"schema":{"type":"boolean"}},{"name":"hasDiscriminator","in":"query","description":"","required":true,"style":"form","explode":true,"schema":{"type":"boolean"}}],"responses":{"200":{"description":"","content":{"application/json":{"schema":{"$ref":"#/components/schemas/MapOfArrayOfInnerMixedMapOfArrayCase"}}}},"400":{"description":""}},"deprecated":false,"security":[]}},"/oneof/response/arrayOfMaps":{"get":{"tags":["oneOfPrimitiveTypesInResponseBody"],"summary":"get_oneof_array_of_maps","operationId":"get_oneof_array_of_maps","parameters":[{"name":"isPrimitiveType","in":"query","description":"","required":true,"style":"form","explode":true,"schema":{"type":"boolean"}},{"name":"isAtEndpointLevel","in":"query","description":"","required":true,"style":"form","explode":true,"schema":{"type":"boolean"}},{"name":"hasDiscriminator","in":"query","description":"","required":true,"style":"form","explode":true,"schema":{"type":"boolean"}}],"responses":{"200":{"description":"","content":{"application/json":{"schema":{"$ref":"#/components/schemas/ArrayOfMapsCase"}}}},"400":{"description":""}},"deprecated":false,"security":[]}},"/oneof/response/arrayOfArrayOfMapFlag":{"get":{"tags":["oneOfPrimitiveTypesInResponseBody"],"summary":"get_oneof_array_of_arrayOfMap_flag","operationId":"get_oneof_array_of_arrayOfMap_flag","parameters":[{"name":"isPrimitiveType","in":"query","description":"","required":true,"style":"form","explode":true,"schema":{"type":"boolean"}},{"name":"isAtEndpointLevel","in":"query","description":"","required":true,"style":"form","explode":true,"schema":{"type":"boolean"}},{"name":"hasDiscriminator","in":"query","description":"","required":true,"style":"form","explode":true,"schema":{"type":"boolean"}}],"responses":{"200":{"description":"","content":{"application/json":{"schema":{"$ref":"#/components/schemas/ArrayOfArrayOfMapFlagCase"}}}},"400":{"description":""}},"deprecated":false,"security":[]}},"/oneof/response/mapOfArrays":{"get":{"tags":["oneOfPrimitiveTypesInResponseBody"],"summary":"get_oneof_map_of_array","operationId":"get_oneof_map_of_array","parameters":[{"name":"isPrimitiveType","in":"query","description":"","required":true,"style":"form","explode":true,"schema":{"type":"boolean"}},{"name":"isAtEndpointLevel","in":"query","description":"","required":true,"style":"form","explode":true,"schema":{"type":"boolean"}},{"name":"hasDiscriminator","in":"query","description":"","required":true,"style":"form","explode":true,"schema":{"type":"boolean"}}],"responses":{"200":{"description":"","content":{"application/json":{"schema":{"$ref":"#/components/schemas/MapOfArraysCase"}}}},"400":{"description":""}},"deprecated":false,"security":[]}},"/oneof/response/mapOfArrayOfMapFlag":{"get":{"tags":["oneOfPrimitiveTypesInResponseBody"],"summary":"get_oneof_map_of_arrayOfMap_flag","operationId":"get_oneof_map_of_arrayOfMap_flag","parameters":[{"name":"isPrimitiveType","in":"query","description":"","required":true,"style":"form","explode":true,"schema":{"type":"boolean"}},{"name":"isAtEndpointLevel","in":"query","description":"","required":true,"style":"form","explode":true,"schema":{"type":"boolean"}},{"name":"hasDiscriminator","in":"query","description":"","required":true,"style":"form","explode":true,"schema":{"type":"boolean"}}],"responses":{"200":{"description":"","content":{"application/json":{"schema":{"$ref":"#/components/schemas/MapOfArrayOfMapFlagCase"}}}},"400":{"description":""}},"deprecated":false,"security":[]}},"/oneof/response/arrayOfMapFlagOfArray":{"get":{"tags":["oneOfPrimitiveTypesInResponseBody"],"summary":"get_oneof_arrayOfMap_flag_of_array","operationId":"get_oneof_arrayOfMap_flag_of_array","parameters":[{"name":"isPrimitiveType","in":"query","description":"","required":true,"style":"form","explode":true,"schema":{"type":"boolean"}},{"name":"isAtEndpointLevel","in":"query","description":"","required":true,"style":"form","explode":true,"schema":{"type":"boolean"}},{"name":"hasDiscriminator","in":"query","description":"","required":true,"style":"form","explode":true,"schema":{"type":"boolean"}}],"responses":{"200":{"description":"","content":{"application/json":{"schema":{"$ref":"#/components/schemas/ArrayOfMapFlagOfArrayCase"}}}},"400":{"description":""}},"deprecated":false,"security":[]}},"/oneof/response/arrayOfMapFlagOfMap":{"get":{"tags":["oneOfPrimitiveTypesInResponseBody"],"summary":"get_oneof_arrayOfMap_flag_of_map","operationId":"get_oneof_arrayOfMap_flag_of_map","parameters":[{"name":"isPrimitiveType","in":"query","description":"","required":true,"style":"form","explode":true,"schema":{"type":"boolean"}},{"name":"isAtEndpointLevel","in":"query","description":"","required":true,"style":"form","explode":true,"schema":{"type":"boolean"}},{"name":"hasDiscriminator","in":"query","description":"","required":true,"style":"form","explode":true,"schema":{"type":"boolean"}}],"responses":{"200":{"description":"","content":{"application/json":{"schema":{"$ref":"#/components/schemas/ArrayOfMapFlagOfMapCase"}}}},"400":{"description":""}},"deprecated":false,"security":[]}},"/oneof/response/multiLevel":{"get":{"tags":["oneOfPrimitiveTypesInResponseBody"],"summary":"get_multi_level_oneof","operationId":"get_multi_level_oneof","parameters":[{"name":"isPrimitiveType","in":"query","description":"","required":true,"style":"form","explode":true,"schema":{"type":"boolean"}},{"name":"isAtEndpointLevel","in":"query","description":"","required":true,"style":"form","explode":true,"schema":{"type":"boolean"}},{"name":"hasDiscriminator","in":"query","description":"","required":true,"style":"form","explode":true,"schema":{"type":"boolean"}}],"responses":{"200":{"description":"","content":{"application/json":{"schema":{"$ref":"#/components/schemas/MultiLevelOneOf"}}}},"400":{"description":""}},"deprecated":false,"security":[]}},"/oneof/response/enums":{"get":{"tags":["oneOfPrimitiveTypesInResponseBody"],"summary":"get_oneof_multiple_enum","operationId":"get_oneof_multiple_enum","parameters":[{"name":"isAtEndpointLevel","in":"query","description":"","required":true,"style":"form","explode":true,"schema":{"type":"boolean"}}],"responses":{"200":{"description":"","content":{"application/json":{"schema":{"$ref":"#/components/schemas/oneOfMultipleEnums"}}}},"400":{"description":""}},"deprecated":false,"security":[]}},"/oneof/anyof/body/multiLevel":{"post":{"tags":["mixPrimitiveTypesInRequestBody"],"summary":"send_oneof_container_of_anyof","operationId":"send_oneof_container_of_anyof","parameters":[{"name":"isPrimitiveType","in":"query","description":"","required":true,"style":"form","explode":true,"schema":{"type":"boolean"}},{"name":"isAtEndpointLevel","in":"query","description":"","required":true,"style":"form","explode":true,"schema":{"type":"boolean"}},{"name":"hasDiscriminator","in":"query","description":"","required":true,"style":"form","explode":true,"schema":{"type":"boolean"}}],"requestBody":{"description":"","content":{"application/json":{"schema":{"$ref":"#/components/schemas/OneOfContainerOfAnyOf"}}},"required":true},"responses":{"200":{"description":"","content":{"application/json":{"schema":{"$ref":"#/components/schemas/ServerResponse"}}}},"400":{"description":""}},"deprecated":false,"security":[]}},"/oneof/anyof/response/multiLevel":{"get":{"tags":["mixPrimitiveTypesInResponseBody"],"summary":"get_oneof_container_of_anyof","operationId":"get_oneof_container_of_anyof","parameters":[{"name":"isPrimitiveType","in":"query","description":"","required":true,"style":"form","explode":true,"schema":{"type":"boolean"}},{"name":"isAtEndpointLevel","in":"query","description":"","required":true,"style":"form","explode":true,"schema":{"type":"boolean"}},{"name":"hasDiscriminator","in":"query","description":"","required":true,"style":"form","explode":true,"schema":{"type":"boolean"}}],"responses":{"200":{"description":"","content":{"application/json":{"schema":{"$ref":"#/components/schemas/OneOfContainerOfAnyOf"}}}},"400":{"description":""}},"deprecated":false,"security":[]}}},"components":{"schemas":{"SimpleCase":{"title":"SimpleCase","required":["value"],"type":"object","properties":{"value":{"oneOf":[{"type":"number"},{"type":"boolean"}]}},"description":"This class contains simple case of oneOf."},"OuterArrayCase":{"title":"OuterArrayCase","required":["value"],"type":"object","properties":{"value":{"type":"array","description":"","items":{"oneOf":[{"type":"number"},{"type":"boolean"}]}}},"description":"This class contains outer array case of oneOf"},"InnerArrayCase":{"title":"InnerArrayCase","required":["value"],"type":"object","properties":{"value":{"oneOf":[{"type":"array","items":{"type":"number"}},{"type":"array","items":{"type":"boolean"}}]}},"description":"This class contains inner array case of oneOf."},"InnerMixedArrayCase":{"title":"InnerMixedArrayCase","required":["value"],"type":"object","properties":{"value":{"oneOf":[{"type":"array","items":{"type":"number"}},{"type":"boolean"}]}},"description":"This class contains inner mixed array cases of oneOf."},"ArrayOfArraysCase":{"title":"ArrayOfArraysCase","required":["value"],"type":"object","properties":{"value":{"type":"array","description":"","items":{"oneOf":[{"type":"array","items":{"type":"number"}},{"type":"array","items":{"type":"boolean"}}]}}},"description":"This class contains array of arrays case of oneOf."},"ArrayOfMixedArrayCase":{"title":"ArrayOfMixedArrayCase","required":["value"],"type":"object","properties":{"value":{"type":"array","description":"","items":{"oneOf":[{"type":"number"},{"type":"array","items":{"type":"boolean"}}]}}},"description":"This class contains array of mixed array case of oneOf."},"OuterMapCase":{"title":"OuterMapCase","required":["value"],"type":"object","properties":{"value":{"type":"object","additionalProperties":{"oneOf":[{"type":"number"},{"type":"boolean"}]}}},"description":"This class contains outer map case of oneOf."},"InnerMapCase":{"title":"InnerMapCase","required":["value"],"type":"object","properties":{"value":{"oneOf":[{"type":"object","additionalProperties":{"type":"number"}},{"type":"object","additionalProperties":{"type":"boolean"}}]}},"description":"This class contains inner map case of oneOf."},"InnerMixedMapCase":{"title":"InnerMixedMapCase","required":["value"],"type":"object","properties":{"value":{"oneOf":[{"type":"object","additionalProperties":{"type":"number"}},{"type":"boolean"}]}},"description":"This class contains inner mixed map case of oneOf."},"MapOfMixedMapCase":{"title":"MapOfMixedMapCase","required":["value"],"type":"object","properties":{"value":{"type":"object","additionalProperties":{"oneOf":[{"type":"number"},{"type":"object","additionalProperties":{"type":"boolean"}}]}}},"description":"This class contains map of inner mixed map case of oneOf."},"MapOfMapsCase":{"title":"MapOfMapsCase","required":["value"],"type":"object","properties":{"value":{"type":"object","additionalProperties":{"oneOf":[{"type":"object","additionalProperties":{"type":"number"}},{"type":"object","additionalProperties":{"type":"boolean"}}]}}},"description":"This class contains map of maps case of oneOf."},"OuterArrayOfMapFlagCase":{"title":"OuterArrayOfMapFlagCase","required":["value"],"type":"object","properties":{"value":{"type":"array","description":"","items":{"type":"object","additionalProperties":{"oneOf":[{"type":"number"},{"type":"boolean"}]}}}},"description":"This class contains outer arrayOfMap flag case of oneOf."},"InnerArrayOfMapFlagCase":{"title":"InnerArrayOfMapFlagCase","required":["value"],"type":"object","properties":{"value":{"oneOf":[{"type":"array","items":{"type":"object","additionalProperties":{"type":"number"}}},{"type":"array","items":{"type":"object","additionalProperties":{"type":"boolean"}}}]}},"description":"This class contains inner arrayOfMap flag case of oneOf."},"ArrayOfMapFlagOfInnerArrayOfMapFlagCase":{"title":"ArrayOfMapFlagOfInnerArrayOfMapFlagCase","required":["value"],"type":"object","properties":{"value":{"type":"array","description":"","items":{"type":"object","additionalProperties":{"oneOf":[{"type":"array","items":{"type":"object","additionalProperties":{"type":"number"}}},{"type":"array","items":{"type":"object","additionalProperties":{"type":"boolean"}}}]}}}},"description":"This class contains arrayOfMap flag of inner arrayOfMap flag case of oneOf."},"MixedArrayOfMapFlagCase":{"title":"MixedArrayOfMapFlagCase","required":["value"],"type":"object","properties":{"value":{"oneOf":[{"type":"array","items":{"type":"object","additionalProperties":{"type":"number"}}},{"type":"boolean"}]}},"description":"This class contains mixed inner arrayOfMap flag case of oneOf."},"ArrayOfMapFlagOfInnerMixedArrayOfMapFlagCase":{"title":"ArrayOfMapFlagOfInnerMixedArrayOfMapFlagCase","required":["value"],"type":"object","properties":{"value":{"type":"array","description":"","items":{"type":"object","additionalProperties":{"oneOf":[{"type":"array","items":{"type":"object","additionalProperties":{"type":"number"}}},{"type":"boolean"}]}}}},"description":"This class contains arrayOfMap flag of mixed inner arrayOfMap flag case of oneOf."},"OuterMapOfArrayCase":{"title":"OuterMapOfArrayCase","required":["value"],"type":"object","properties":{"value":{"type":"object","additionalProperties":{"type":"array","description":"","items":{"oneOf":[{"type":"number"},{"type":"boolean"}]}}}},"description":"This class contains outer MapOfArray case of oneOf."},"InnerMapOfArrayCase":{"title":"InnerMapOfArrayCase","required":["value"],"type":"object","properties":{"value":{"oneOf":[{"type":"object","additionalProperties":{"type":"array","items":{"type":"number"}}},{"type":"object","additionalProperties":{"type":"array","items":{"type":"boolean"}}}]}},"description":"This class contains inner MapOfArray case of oneOf."},"MapOfArrayOfInnerMapOfArrayCase":{"title":"MapOfArrayOfInnerMapOfArrayCase","required":["value"],"type":"object","properties":{"value":{"type":"object","additionalProperties":{"type":"array","description":"","items":{"oneOf":[{"type":"object","additionalProperties":{"type":"array","items":{"type":"number"}}},{"type":"object","additionalProperties":{"type":"array","items":{"type":"boolean"}}}]}}}},"description":"This class contains MapOfArray of inner MapOfArray case of oneOf."},"MixedMapOfArrayCase":{"title":"MixedMapOfArrayCase","required":["value"],"type":"object","properties":{"value":{"oneOf":[{"type":"object","additionalProperties":{"type":"array","items":{"type":"number"}}},{"type":"boolean"}]}},"description":"This class contains mixed inner MapOfArray case of oneOf."},"MapOfArrayOfInnerMixedMapOfArrayCase":{"title":"MapOfArrayOfInnerMixedMapOfArrayCase","required":["value"],"type":"object","properties":{"value":{"type":"object","additionalProperties":{"type":"array","description":"","items":{"oneOf":[{"type":"object","additionalProperties":{"type":"array","items":{"type":"number"}}},{"type":"boolean"}]}}}},"description":"This class contains MapOfArray of mixed inner MapOfArray case of oneOf."},"ArrayOfMapsCase":{"title":"ArrayOfMapsCase","required":["value"],"type":"object","properties":{"value":{"type":"array","description":"","items":{"oneOf":[{"type":"object","additionalProperties":{"type":"number"}},{"type":"object","additionalProperties":{"type":"boolean"}}]}}},"description":"This class contains array of maps case of oneOf."},"MapOfArraysCase":{"title":"MapOfArraysCase","required":["value"],"type":"object","properties":{"value":{"type":"object","additionalProperties":{"oneOf":[{"type":"array","items":{"type":"number"}},{"type":"array","items":{"type":"boolean"}}]}}},"description":"This class contains map of arrays case of oneOf."},"ArrayOfArrayOfMapFlagCase":{"title":"ArrayOfArrayOfMapFlagCase","required":["value"],"type":"object","properties":{"value":{"type":"array","description":"","items":{"oneOf":[{"type":"array","items":{"type":"object","additionalProperties":{"type":"number"}}},{"type":"array","items":{"type":"object","additionalProperties":{"type":"boolean"}}}]}}},"description":"This class contains array of arrayOfMap flag case of oneOf."},"MapOfArrayOfMapFlagCase":{"title":"MapOfArrayOfMapFlagCase","required":["value"],"type":"object","properties":{"value":{"type":"object","additionalProperties":{"oneOf":[{"type":"array","items":{"type":"object","additionalProperties":{"type":"number"}}},{"type":"array","items":{"type":"object","additionalProperties":{"type":"boolean"}}}]}}},"description":"This class contains map of arrayOfMap flag case of oneOf."},"ArrayOfMapFlagOfArrayCase":{"title":"ArrayOfMapFlagOfArrayCase","required":["value"],"type":"object","properties":{"value":{"type":"array","description":"","items":{"type":"object","additionalProperties":{"oneOf":[{"type":"array","items":{"type":"number"}},{"type":"array","items":{"type":"boolean"}}]}}}},"description":"This class contains arrayOfMap flag of array case of oneOf."},"ArrayOfMapFlagOfMapCase":{"title":"ArrayOfMapFlagOfMapCase","required":["value"],"type":"object","properties":{"value":{"type":"array","description":"","items":{"type":"object","additionalProperties":{"oneOf":[{"type":"object","additionalProperties":{"type":"number"}},{"type":"object","additionalProperties":{"type":"boolean"}}]}}}},"description":"This class contains arrayOfMap flag of map case of oneOf."},"MultiLevelOneOf":{"title":"MultiLevelOneOf","required":["value"],"type":"object","properties":{"value":{"oneOf":[{"type":"number"},{"oneOf":[{"type":"array","items":{"type":"boolean"}},{"type":"boolean"}]}]}},"description":"This class contains multi level oneOf case."},"OneOfContainerOfAnyOf":{"title":"OneOfContainerOfAnyOf","required":["value"],"type":"object","properties":{"value":{"oneOf":[{"type":"number"},{"anyOf":[{"type":"boolean"},{"type":"string"}]}]}},"description":"This class contains one-of which further contains any-of."},"oneOfMultipleEnums":{"title":"oneOfMultipleEnums","required":["value"],"type":"object","properties":{"value":{"oneOf":[{"$ref":"#/components/schemas/MonthName"},{"$ref":"#/components/schemas/MonthNumber"},{"$ref":"#/components/schemas/Day"}]}},"description":"This class contains muliple enum under oneOf."},"ServerResponse":{"title":"ServerResponse","required":["passed"],"type":"object","properties":{"passed":{"type":"boolean"},"Message":{"type":"string"},"input":{"type":"object","additionalProperties":{"type":"object"}}}},"MonthName":{"title":"MonthName","type":"string","description":"An enum representing the months of a year","example":"January","enum":["January","February","March","April","May","June","July","August","September","October","November","December"]},"MonthNumber":{"title":"MonthNumber","type":"integer","description":"An enum representing the months of a year","example":1,"enum":[1,2,3,4,5,6,7,8,9,10,11,12]},"Day":{"title":"Day","type":"string","description":"A string enum representing days of the week","example":"Sunday","enum":["Sunday","Monday","Tuesday","Wednesday","Thursday","Friday","Saturday"]}}}}