{"openapi":"3.0.0","info":{"title":"Inventory API","description":"This is an automocking of the inventory API","version":"1.0.0"},"servers":[{"url":"https://virtserver.swaggerhub.com/Masmovil/mas-inventory-inventory/1.0.0","description":"SwaggerHub API Auto Mocking"},{"url":"https://virtserver.swaggerhub.com/cobertura-dev/inventory/1.0.0","description":"SwaggerHub CtoInfo API Auto Mocking"},{"url":"https://mas-inventory-master.dev-01.k8s.masmovil.com/inventory/v1","description":"DEV Environment"},{"url":"https://mas-inventory.sta.k8s.masmovil.com/inventory/v1","description":"STA Environment"},{"url":"https://mas-inventory-prod.private.prod-01.k8s.masmovil.com/inventory/v1","description":"PROD Environment"}],"paths":{"/ctos/":{"post":{"tags":["inventory"],"description":"Requests an update of a single CTO","operationId":"postCtosUpdate","requestBody":{"description":"CTO information to be updated","content":{"application/json":{"schema":{"$ref":"#/components/schemas/_singleUpdate"}}}},"responses":{"200":{"description":"Accepted"},"400":{"description":"Bad request","content":{"application/json":{"schema":{"$ref":"#/components/schemas/bad_request_response"}}}},"default":{"description":"Error","content":{"application/json":{"schema":{"$ref":"#/components/schemas/error_response"}}}}}}},"/ctos/list":{"post":{"tags":["inventory"],"description":"Requests an update of a list of CTOs","operationId":"postCtosUpdateList","requestBody":{"description":"CTOs information to be updated","content":{"application/json":{"schema":{"$ref":"#/components/schemas/_listUpdate"}}}},"responses":{"200":{"description":"Accepted"},"400":{"description":"Bad request","content":{"application/json":{"schema":{"$ref":"#/components/schemas/bad_request_response"}}}},"default":{"description":"Error","content":{"application/json":{"schema":{"$ref":"#/components/schemas/error_response"}}}}}}},"/location/{technicalId}/ctos":{"get":{"tags":["inventory"],"description":"Returns CTO information associated to a technicalId and a territory owner and/or scope","operationId":"getCtosParam","parameters":[{"name":"technicalId","in":"path","required":true,"style":"simple","explode":false,"schema":{"type":"string"}},{"name":"territoryOwner","in":"query","description":"Territory Owner of the requested CTO","required":false,"style":"form","explode":true,"schema":{"type":"string"}},{"name":"scope","in":"query","description":"* location - CTO related to the specified location (default)\n* building - CTOs related to the building\n* street - CTOs related to the street\n* town - CTOs related to the town","required":true,"style":"form","explode":true,"schema":{"type":"string","enum":["location","building","street","town"]}}],"responses":{"200":{"description":"Success","content":{"application/json":{"schema":{"$ref":"#/components/schemas/_ctos"}}}},"400":{"description":"Bad request","content":{"application/json":{"schema":{"$ref":"#/components/schemas/bad_request_response"}}}},"404":{"description":"Not found","content":{"application/json":{"schema":{"$ref":"#/components/schemas/not_found_response"}}}},"default":{"description":"Error","content":{"application/json":{"schema":{"$ref":"#/components/schemas/error_response"}}}}}},"post":{"tags":["inventory"],"description":"Updates CTO installationType information associated to a technicalId and a territory owner","operationId":"postCtosUpdateBulk","parameters":[{"name":"technicalId","in":"path","required":true,"style":"simple","explode":false,"schema":{"type":"string"}}],"requestBody":{"description":"CTO information to be updated","content":{"application/json":{"schema":{"$ref":"#/components/schemas/_ctoUpdates"}}}},"responses":{"200":{"description":"Accepted"},"400":{"description":"Bad request","content":{"application/json":{"schema":{"$ref":"#/components/schemas/bad_request_response"}}}},"default":{"description":"Error","content":{"application/json":{"schema":{"$ref":"#/components/schemas/error_response"}}}}}}}},"components":{"schemas":{"_ctos":{"type":"array","items":{"type":"object","properties":{"technicalId":{"type":"string","example":"01000500474700067"},"territoryOwner":{"type":"array","items":{"type":"string","example":"FIBMM01"}},"installationType":{"type":"string","example":"FACHADA"},"installationLocationId":{"type":"string","example":"01000500474700073"},"installationLocation":{"type":"string","example":"AVENIDA IRUÑA-VELEIA 73,  VITORIA-GASTEIZ "},"id":{"type":"string","example":"08346863x4433xe"},"ctoCode":{"type":"string","example":"08346863x4433xe"}}}},"_ctosInstalled":{"type":"object","properties":{"id":{"type":"string","example":"08346863x4433xe"},"previousInstallation":{"type":"boolean","example":true}}},"_source":{"required":["type","user"],"type":"object","properties":{"user":{"type":"string","example":"1231FSM"},"type":{"type":"string","example":"INSPECTOR","enum":["Inspector","Contrata","Cierre","Mensajeria"]}}},"_ctoUpdates":{"type":"object","properties":{"cto":{"$ref":"#/components/schemas/_ctosMultiUpdate"},"source":{"$ref":"#/components/schemas/_source"}}},"_ctosMultiUpdate":{"required":["installationType","scope","territoryOwner"],"type":"object","properties":{"territoryOwner":{"type":"string","example":"FIBMM01"},"installationType":{"type":"string","example":"FACHADA"},"scope":{"type":"string","description":"* building - CTOs related to the building\n* street - CTOs related to the street\n* town - CTOs related to the town","enum":["building","street","town"]}}},"_ctoSingleUpdate":{"required":["id","installationType"],"type":"object","properties":{"id":{"type":"string","example":"08346863x4433xe"},"installationType":{"type":"string","example":"FACHADA"}}},"_singleUpdate":{"type":"object","properties":{"cto":{"$ref":"#/components/schemas/_ctoSingleUpdate"},"source":{"$ref":"#/components/schemas/_source"}}},"_listUpdate":{"type":"array","items":{"type":"object","properties":{"cto":{"$ref":"#/components/schemas/_ctoSingleUpdate"},"source":{"$ref":"#/components/schemas/_source"}}}},"not_found_response":{"properties":{"code":{"type":"string","example":"0001"},"status":{"type":"string","example":"NOT_FOUND"},"message":{"type":"string","example":"Resource Not Found"},"detailMsg":{"type":"string","example":"{Entity} not found for id: {id}"}}},"bad_request_response":{"properties":{"code":{"type":"string","example":"0015"},"status":{"type":"string","example":"BAD_REQUEST"},"message":{"type":"string","example":"Bad Request"},"detailMsg":{"type":"string","example":"The field '{fieldName}' is required"}}},"error_response":{"properties":{"code":{"type":"string","example":"0002"},"status":{"type":"string","example":"UNEXPECTED"},"message":{"type":"string","example":"Unexpected error"},"detailMsg":{"type":"string","example":"Unhandled exception"}}}}}}