{"openapi":"3.0.0","info":{"title":"Masmovil Risk API","contact":{"email":"jorge.plaza@masmovil.com"},"version":"1.0.0"},"externalDocs":{"description":"Documentación","url":"https://mmsistemas.atlassian.net/wiki/spaces/TRICO/pages/1273954353/Aplicaci+n+de+Scoring+y+Fraude+-+Interfaces"},"servers":[{"url":"http://smadavpvass.yoigo.inet:9000/com-yoigo-roi-webapp/1.0.0","description":"Development environment"},{"url":"http://smadavpadapter.yoigo.inet:7001/com-yoigo-roi-webapp/1.0.0","description":"Staging environment"},{"url":"http://arde.masmovil.com:8001/com-yoigo-roi-webapp/1.0.0","description":"ARDE Production environment"},{"url":"http://fraudmm.masmovil.com:8001/com-yoigo-roi-webapp/1.0.0","description":"FRAUDMM Production environment"},{"url":"http://nscore.masmovil.com:9001/com-yoigo-roi-webapp/1.0.0","description":"NScore Production environment"}],"tags":[{"name":"Scoring services","description":"Servicios encargados de consultar el scoring sobre ventas y operaciones de clientes en cartera"},{"name":"Fraud services","description":"Servicios encargados de evaluar el posible fraude sobre pedidos finalizados"}],"paths":{"/sales/arde/{tenant}":{"post":{"tags":["Scoring services"],"summary":"Scoring & Prescoring para pedidos del stack de MySim","parameters":[{"name":"tenant","in":"path","required":true,"style":"simple","explode":false,"schema":{"type":"string","example":"MASMOVIL","enum":["EROSKIMOVIL","MASMOVIL","PARLEM","HAPPYMOVIL","BETIS","LLAMAYA","REPUBLICAMOVIL","MARBLANCA","JOI","ALTERNA","SENIORTELECOM","PEPEPHONE","YOIGO","GUUK","AHIMAS"]}}],"requestBody":{"description":"Información acerca del cliente y el pedido que se está evaluando","content":{"application/json;charset=UTF-8":{"schema":{"$ref":"#/components/schemas/scoring"}}},"required":true},"responses":{"200":{"description":"Successfully","content":{"application/json; charset=UTF-8":{"schema":{"$ref":"#/components/schemas/ardeResponse"},"examples":{"Aceptado":{"value":{"operationDate":"2021-02-16T13:45:01.005+01:00","statusDesc":"OK","statusId":0,"scoreValue":71,"idvalue":161347950099660,"upfront":0,"creditLimit":250,"financedDevicesAllowed":1,"unfinancedDevicesAllowed":2}},"Aceptado con riesgo":{"value":{"operationDate":"2021-02-16T13:45:01.005+01:00","statusDesc":"OK","statusId":0,"scoreValue":20,"idvalue":161347950099663,"upfront":49.9}},"Denegado":{"value":{"operationDate":"2021-02-16T13:45:01.005+01:00","statusDesc":"OK","statusId":0,"scoreValue":-100,"idvalue":161347950099661,"upfront":0}}}}}},"400":{"description":"Petición mal formada","content":{"application/json;charset=UTF-8":{"schema":{"$ref":"#/components/schemas/ardeResponse"},"examples":{"error_interno":{"value":{"operationDate":"2021-02-16T13:45:01.005+01:00","statusDesc":"Unexpected error","statusId":987,"idvalue":161347950099661}},"invalid_document_admin":{"value":{"operationDate":"2021-02-16T13:45:01.005+01:00","statusDesc":"Documento de identidad del admin debe ser NIF o NIE","statusId":951,"idvalue":161347950099661}},"request_without_subscriptions":{"value":{"operationDate":"2021-02-16T13:45:01.005+01:00","statusDesc":"SIN SUBSCRIPCIONES","statusId":904,"idvalue":161347950099661}},"misinformed_subscriptions":{"value":{"operationDate":"2021-02-16T13:45:01.005+01:00","statusDesc":"CAMPOS MAL INFORMADOS EN SUBSCRIPCIONES","statusId":911,"idvalue":161347950099661}},"incomplete_address":{"value":{"operationDate":"2021-02-16T13:45:01.005+01:00","statusDesc":"CAMPOS OBLIGATORIOS DIRECCION MAL INFORMADOS","statusId":903,"idvalue":161347950099661}},"incomplete_customer":{"value":{"operationDate":"2021-02-16T13:45:01.005+01:00","statusDesc":"CAMPOS OBLIGATORIOS CLIENTE MAL INFORMADOS","statusId":902,"idvalue":161347950099661}},"misinformed_customer":{"value":{"operationDate":"2021-02-16T13:45:01.005+01:00","statusDesc":"CAMPOS OBLIGATORIOS CLIENTE NO INFORMADOS","statusId":901,"idvalue":161347950099661}},"misinformed_bank_account_data":{"value":{"operationDate":"2021-02-16T13:45:01.005+01:00","statusDesc":"CAMPOS OBLIGATORIOS BANCARIOS MAL INFORMADOS","statusId":920}},"undefined_scoring_type/process":{"value":{"operationDate":"2021-02-16T13:45:01.005+01:00","statusDesc":"SCORING TYPE/PROCESS NO DEFINIDO","statusId":950}},"date of birth not reported":{"value":{"operationDate":"2021-02-16T13:45:01.005+01:00","statusDesc":"FECHA DE NACIMIENTO EN PERSONA FÍSICA NO INFORMADO","statusId":905}}}}}}}}},"/sales/ardeUpdate/{tenant}":{"put":{"tags":["Scoring services"],"summary":"Actualización del contractId, del estado del contrato y de las suscripciones vinculadas al mismo","parameters":[{"name":"tenant","in":"path","description":"The string id tenant related with one of Grupo Masmovil brands","required":true,"style":"simple","explode":false,"schema":{"type":"string","example":"MASMOVIL","enum":["EROSKIMOVIL","MASMOVIL","PARLEM","HAPPYMOVIL","BETIS","LLAMAYA","REPUBLICAMOVIL","MARBLANCA","JOI","ALTERNA","SENIORTELECOM","PEPEPHONE","YOIGO","GUUK","AHIMAS","LYCA","LEBARA"]}}],"requestBody":{"description":"contractId y status del contrato y las suscripciones","content":{"application/json; charset=UTF-8":{"schema":{"$ref":"#/components/schemas/ardeUpdate"}}},"required":true},"responses":{"200":{"description":"Successfully.","content":{"application/json;charset=UTF-8":{"schema":{"$ref":"#/components/schemas/ardeUpdateResponse"},"example":{"return":{"operationDate":"2021-03-11T13:31:33.245+01:00","statusDesc":"OK","statusId":"0"}}}}},"400":{"description":"Errors","content":{"application/json;charset=UTF-8":{"schema":{"$ref":"#/components/schemas/ardeUpdateResponse"},"example":{"return":{"operationDate":"2021-03-11T13:31:33.245+01:00","statusDesc":"OK","statusId":"0"}}}}}}}},"/sales/fraudmm/{tenant}":{"post":{"tags":["Fraud services"],"summary":"Scoring & Prescoring para pedidos del stack de MySim","parameters":[{"name":"tenant","in":"path","required":true,"style":"simple","explode":false,"schema":{"type":"string","example":"MASMOVIL","enum":["EROSKIMOVIL","MASMOVIL","PARLEM","HAPPYMOVIL","BETIS","LLAMAYA","REPUBLICAMOVIL","MARBLANCA","JOI","ALTERNA","SENIORTELECOM","PEPEPHONE","YOIGO","GUUK","AHIMAS","LYCA","LEBARA"]}}],"requestBody":{"description":"Información acerca del cliente y el pedido que se está evaluando","content":{"application/json; charset=UTF-8":{"schema":{"$ref":"#/components/schemas/FraudMM"}}},"required":true},"responses":{"200":{"description":"Successfully","content":{"application/json;charset=UTF-8":{"schema":{"$ref":"#/components/schemas/FraudMMResponse"},"examples":{"Aceptado":{"value":{"operationDate":"2021-02-16T13:45:01.005+01:00","statusDesc":"OK","statusId":0,"riskDecision":"A","riskLevel":0,"riskCodes":"RISK_CODES_NO_TEST","idvalue":161347950099660}},"Aceptado Level 1 - Bloqueo smss entrantes":{"value":{"operationDate":"2021-02-16T13:45:01.005+01:00","statusDesc":"OK","statusId":0,"riskDecision":"A","riskLevel":1,"riskCodes":"RISK_CODES_NO_TEST","idvalue":161347950099660}},"Denegado":{"value":{"operationDate":"2021-02-16T13:45:01.005+01:00","statusDesc":"OK","statusId":0,"riskDecision":"D","riskLevel":0,"riskCodes":"RISK_CODES_NO_TEST","idvalue":161347950099660}}}}}},"400":{"description":"Petición mal formada","content":{"application/json;charset=UTF-8":{"schema":{"$ref":"#/components/schemas/ardeResponse"},"examples":{"error_interno":{"value":{"operationDate":"2021-02-16T13:45:01.005+01:00","statusDesc":"Unexpected error","statusId":987,"idvalue":161347950099661}},"invalid_document_admin":{"value":{"operationDate":"2021-02-16T13:45:01.005+01:00","statusDesc":"Documento de identidad del admin debe ser NIF o NIE","statusId":951,"idvalue":161347950099661}},"request_without_subscriptions":{"value":{"operationDate":"2021-02-16T13:45:01.005+01:00","statusDesc":"SIN SUBSCRIPCIONES","statusId":904,"idvalue":161347950099661}},"misinformed_subscriptions":{"value":{"operationDate":"2021-02-16T13:45:01.005+01:00","statusDesc":"CAMPOS MAL INFORMADOS EN SUBSCRIPCIONES","statusId":911,"idvalue":161347950099661}},"incomplete_address":{"value":{"operationDate":"2021-02-16T13:45:01.005+01:00","statusDesc":"CAMPOS OBLIGATORIOS DIRECCION MAL INFORMADOS","statusId":903,"idvalue":161347950099661}},"incomplete_customer":{"value":{"operationDate":"2021-02-16T13:45:01.005+01:00","statusDesc":"CAMPOS OBLIGATORIOS CLIENTE MAL INFORMADOS","statusId":902,"idvalue":161347950099661}},"misinformed_customer":{"value":{"operationDate":"2021-02-16T13:45:01.005+01:00","statusDesc":"CAMPOS OBLIGATORIOS CLIENTE NO INFORMADOS","statusId":901,"idvalue":161347950099661}},"misinformed_bank_account_data":{"value":{"operationDate":"2021-02-16T13:45:01.005+01:00","statusDesc":"CAMPOS OBLIGATORIOS BANCARIOS MAL INFORMADOS","statusId":920}},"undefined_scoring_type/process":{"value":{"operationDate":"2021-02-16T13:45:01.005+01:00","statusDesc":"SCORING TYPE/PROCESS NO DEFINIDO","statusId":950}},"date of birth not reported":{"value":{"operationDate":"2021-02-16T13:45:01.005+01:00","statusDesc":"FECHA DE NACIMIENTO EN PERSONA FÍSICA NO INFORMADO","statusId":905}}}}}}}}},"/sales/fraudMMUpdate/{tenant}":{"put":{"tags":["Fraud services"],"summary":"Actualización del contractId, del estado del contrato y de las suscripciones vinculadas al mismo","parameters":[{"name":"tenant","in":"path","description":"The string id tenant related with one of Grupo Masmovil brands","required":true,"style":"simple","explode":false,"schema":{"type":"string","example":"MASMOVIL","enum":["EROSKIMOVIL","MASMOVIL","PARLEM","HAPPYMOVIL","BETIS","LLAMAYA","REPUBLICAMOVIL","MARBLANCA","JOI","ALTERNA","SENIORTELECOM","PEPEPHONE","YOIGO","GUUK","AHIMAS","LYCA","LEBARA"]}}],"requestBody":{"description":"idvalue, contractId y status del contrato y las suscripciones","content":{"application/json; charset=UTF-8":{"schema":{"$ref":"#/components/schemas/fraudUpdate"}}},"required":true},"responses":{"200":{"description":"Successfully.","content":{"application/json;charset=UTF-8":{"schema":{"$ref":"#/components/schemas/ardeUpdateResponse"},"example":{"return":{"operationDate":"2021-03-11T13:31:33.245+01:00","statusDesc":"OK","statusId":"0"}}}}},"400":{"description":"Errors","content":{"application/json;charset=UTF-8":{"schema":{"$ref":"#/components/schemas/ardeUpdateResponse"},"example":{"return":{"operationDate":"2021-03-11T13:31:33.245+01:00","statusDesc":"Internal Error","statusId":"987"}}}}}}}},"/sales/nscore":{"post":{"tags":["Scoring services"],"summary":"Scoring y Prescoring de Yoigo. Utilizado en V3 y nuevos frontales.","requestBody":{"description":"Información del cliente y pedido","content":{"application/json;charset=UTF-8":{"schema":{"$ref":"#/components/schemas/nscoreRequest"}}},"required":true},"responses":{"200":{"description":"Successfully.","content":{"application/json;charset=UTF-8":{"schema":{"$ref":"#/components/schemas/nscoreResponse"},"examples":{"accepted":{"value":{"submissionResponse":{"decision":"A","reference_number":161347950099663},"presRestrictions":{"credcap":3000,"finance":1,"financeop":3,"financeam":2200,"devicesnf":1,"devicenfop":3,"bblevel":0},"scorRestrictions":{"deposit":0},"errors":{"errorc":"000"}}},"accepted with risk":{"value":{"submissionResponse":{"decision":"R","reference_number":161347950099663},"presRestrictions\"":{"credcap":3000,"finance":1,"financeop":3,"financeam":2200,"devicesnf":1,"devicenfop":3,"bblevel":0},"scorRestrictions":{"deposit":199},"errors":{"errorc":"000"}}},"denied":{"value":{"submissionResponse":{"decision":"D","reference_number":161347950099663},"errors":{"errorc":"000"}}}}}}},"400":{"description":"Request mal formada","content":{"application/json;charset=UTF-8":{"schema":{"$ref":"#/components/schemas/nscoreResponse"},"examples":{"internal_error":{"value":{"errors":{"errorc":"E001","errord":"Error en campos de entrada."}}},"COMPANY solo puede ser CIF":{"value":{"errors":{"errorc":"E950","errord":"COMPANY solo puede ser CIF"}}},"invalid_document":{"value":{"errors":{"errorc":"E950","errord":"Tipo de documento obligatorio"}}},"invalid_scoring_type":{"value":{"errors":{"errorc":"E950","errord":"Tipo de scoring no contemplado."}}}}}}}}}}},"components":{"schemas":{"scoring":{"required":["account","customer","order"],"type":"object","properties":{"order":{"$ref":"#/components/schemas/order"},"customer":{"$ref":"#/components/schemas/customer"},"account":{"$ref":"#/components/schemas/account"},"subscriptions":{"type":"array","items":{"$ref":"#/components/schemas/subscription"}},"pointOfService":{"$ref":"#/components/schemas/pointOfService"},"delivery":{"$ref":"#/components/schemas/delivery"},"payment":{"$ref":"#/components/schemas/payment"}}},"order":{"required":["appCRStamp","appId","companyId","dealerid","ip","mobileoperatorid","prescoringId","scoringProcess","scoringType","segment","userId"],"type":"object","properties":{"appId":{"type":"integer","description":"Identificador del sistema llamante","enum":[2,3,4,5,6,7,8,12,13,14,15,16,17,18]},"scoringType":{"type":"integer","description":"Tipo de scoring","enum":[0,1,2,10]},"prescoringId":{"type":"integer","description":"Valor devuelto en la llamada a prescoring a rellenar en la llamada a scoring","format":"int64"},"scoringProcess":{"type":"integer","description":"Tipo de operación","enum":[0,1,2,3,4,5,6,7,8,9,10,11,12,13,14,15,16,98,99]},"dealerid":{"type":"string","description":"dealer"},"userId":{"type":"string","description":"user"},"companyId":{"type":"integer","description":"Id en la tabla de marcas de MySim"},"mobileoperatorid":{"type":"integer","description":"Id en la tabla de marcas de MySim"},"ip":{"type":"string","description":"IP pública desde donde se hace el pedido (call center, shop, final user IP in web)","format":"ipv4"},"segment":{"type":"integer","description":"segment","enum":[1,2,3,4]},"technologyType":{"type":"string","description":"Tipo de tecnología para banda ancha"},"packet":{"type":"string","description":"Paquete contratado"},"appCRStamp":{"type":"string","description":"Fecha y hora del pedido","format":"date-time"}}},"customer":{"required":["accountId","address","countryId","documentNumber","documentType","locality","postalCode","stateId"],"type":"object","properties":{"accountId":{"type":"integer","description":"ID del cliente si ya existiese"},"documentType":{"type":"integer","description":"Tipo de documento","enum":[1,3,4,5]},"documentNumber":{"type":"string","description":"Número de documento de identidad"},"firstName":{"type":"string","description":"Nombre cliente"},"middleName":{"type":"string","description":"Primer apellido cliente"},"lastName":{"type":"string","description":"Segundo apellido cliente"},"companyName":{"type":"string","description":"Nombre de empresa"},"documentacion":{"type":"integer","description":"Aporta documentación","enum":[0,1]},"countryId":{"type":"integer","description":"ID de país en tabla MySim"},"birthDate":{"type":"string","description":"Fecha de nacimiento del cliente. Obligatorio para persona física.","format":"date"},"email":{"type":"string","description":"Correo electrónico","format":"email"},"address":{"type":"string","description":"Dirección de facturación"},"postalCode":{"type":"string","description":"Código postal de facturación"},"locality":{"type":"string","description":"Localidad"},"stateId":{"type":"integer","description":"Id de la provincia"},"otherPhone":{"type":"string","description":"Teléfono de contacto"},"gender":{"type":"string","description":"Género","enum":["M","F","X"]},"companyAdmin":{"$ref":"#/components/schemas/companyAdministrator"}}},"account":{"required":["accountHolder","bankAccountNumber"],"type":"object","properties":{"accountHolder":{"type":"boolean","description":"Indica si el pagador es distinto del cliente"},"contractId":{"type":"string","description":"ContractID que se va a modificar para operaciones de CVC"},"documentType":{"type":"integer","description":"Tipo de documento","enum":[1,3,4,5]},"documentNumber":{"type":"string","description":"Número de documento de identidad"},"firstName":{"type":"string","description":"Nombre del cliente"},"middleName":{"type":"string","description":"Primer apellido del cliente"},"lastName":{"type":"string","description":"Segundo apellido del cliente"},"companyName":{"type":"string","description":"Nombre de empresa"},"countryId":{"type":"integer","description":"Id del país en la tabla MySim"},"birthDate":{"type":"string","description":"Fecha de nacimiento para persona física","format":"date"},"email":{"type":"string","description":"Correo electrónico","format":"email"},"address":{"type":"string","description":"Dirección de facturación"},"postalCode":{"type":"string","description":"CP de facturación"},"locality":{"type":"string","description":"Localidad de facturación"},"stateId":{"type":"integer","description":"Id provincia de facturación"},"otherPhone":{"type":"string","description":"Teléfono de contacto"},"gender":{"type":"string","description":"Genero","enum":["M","F","X"]},"bankAccountNumber":{"type":"string","description":"Cuenta Bancaria"}}},"subscription":{"required":["donorHolder","linetype","linetypeM","modality","msisdn","tariff"],"type":"object","properties":{"linetypeM":{"type":"string","description":"subscription type","enum":["F","B","M","S","SM","W","T","SVA","D"]},"msisdn":{"type":"string","description":"ID de servicio -> Número fijo o móvil"},"linetype":{"type":"string","description":"Tipo de alta","enum":["S","N","P","C","PFGCI","PFGSI"]},"lineDonorType":{"type":"string","description":"Modalidad en antiguo operador","enum":["P","C"]},"lineDonnorOperatorv":{"type":"string","description":"Operador donante"},"modality":{"type":"string","description":"Modalidad de la suscripción","enum":["Pospago","Prepago","Recarga automatica"]},"donorHolder":{"type":"boolean","description":"Indica si el titular en el antiguo operador era otro"},"documentType":{"type":"integer","description":"Tipo de documento del antiguo titular","enum":[1,3,4,5]},"documentNumber":{"type":"string","description":"Num. de documento del antiguo titular"},"firstName":{"type":"string","description":"Nombre del antiguo titular"},"middleName":{"type":"string","description":"1er apellido del antiguo titular"},"lastName":{"type":"string","description":"2do apellido del antiguo titular"},"companyName":{"type":"string","description":"Empresa titular antigua"},"countryId":{"type":"integer","description":"Id del país según tabla MySim para nacionalidad del antiguo titular"},"birthDate":{"type":"string","description":"Fecha de nacimiento antiguo titular.","format":"date"},"email":{"type":"string","description":"Correo electrónico antiguo titular","format":"email"},"address":{"type":"string","description":"Dirección antiguo titular"},"postalCode":{"type":"string","description":"Código postal antiguo titular"},"locality":{"type":"string","description":"Localidad antiguo titular"},"stateId":{"type":"integer","description":"Id provincia antiguo titular"},"otherPhone":{"type":"string","description":"Teléfono de contacto antiguo titular"},"gender":{"type":"string","description":"Genero del antiguo titular","enum":["M","F","X"]},"iccId":{"type":"string","description":"ICC Id"},"tariff":{"type":"string","description":"Tarifa de la suscripción"},"handset":{"type":"string","description":"Dispositivo"},"handsetTotalNumber":{"type":"string","description":"Cantidad"},"handsetTotalAmount":{"type":"string","description":"Precio unitario"}}},"pointOfService":{"required":["contactPerson","gescal"],"type":"object","properties":{"contactPerson":{"type":"boolean","description":"Indica si la persona de contacto es distinta del cliente"},"fullName":{"type":"string","description":"Nombre completo de la persona de contacto"},"documentType":{"type":"integer","description":"Tipo de documento de persona de contacto","enum":[1,3,4,5]},"documentNumber":{"type":"string","description":"Número de documento de persona de contacto"},"phone":{"type":"string","description":"Teléfono de contacto de persona de contacto"},"email":{"type":"string","description":"Correo electrónico de persona de contacto","format":"email"},"gescal":{"type":"string","description":"Dirección normalizada de instalación"},"streetType":{"type":"string","description":"Tipo de vía de dirección de instalación"},"streetName":{"type":"string","description":"Nombre de vía de dirección de instalación"},"streetNumber":{"type":"string","description":"Número de calle de dirección de instalación"},"floor":{"type":"string","description":"Piso de dirección de instalación"},"door":{"type":"string","description":"Puerta de dirección de instalación"},"block":{"type":"string","description":"Bloque de dirección de instalación"},"stair":{"type":"string"},"bis":{"type":"string"},"town":{"type":"string","description":"Localidad de dirección de instalación"},"zipCode":{"type":"string","description":"CP de dirección de instalación"},"province":{"type":"string","description":"Provincia de dirección de instalación"}}},"delivery":{"required":["receptor"],"type":"object","properties":{"receptor":{"type":"boolean","description":"En caso de envío, indica si el receptor es distinto del cliente."},"fullName":{"type":"string","description":"Nombre completo de la persona que recibirá el envío."},"documentType":{"type":"integer","description":"Tipo de documento de la persona que recibirá el envío","enum":[1,3,4,5]},"documentNumber":{"type":"string","description":"Número de documento de la persona que recibirá el envío"},"phone":{"type":"string","description":"Tfno. contacto de la persona que recibirá el envío"},"email":{"type":"string","description":"Email de la persona que recibirá el envío","format":"email"},"address":{"type":"string","description":"Dirección de envío"},"streetNumber":{"type":"string","description":"Número de la calle donde se recibirá"},"floor":{"type":"string","description":"Piso donde se recibirá"},"door":{"type":"string","description":"Puerta donde se recibirá"},"postalCode":{"type":"string","description":"CP donde se recibirá"},"locality":{"type":"string","description":"Localidad donde se recibirá"},"stateId":{"type":"integer","description":"Id provincia donde se recibirá"},"observation":{"type":"string","description":"Observaciones de envío"}}},"payment":{"type":"object","properties":{"creditCard":{"type":"string","description":"Token tarjeta de crédito"},"amount":{"type":"number","description":"Importe a pagar durante la operación"},"paymentType":{"type":"string","description":"Forma de pago","enum":["Credit Card","Transferencia","Contra reembolso","Shop Credit Card","Shop Cash"]}}},"companyAdministrator":{"required":["documentNumber","documentType","nationality"],"type":"object","properties":{"documentType":{"type":"integer","description":"Tipo de documento del administrador","enum":[1,3]},"documentNumber":{"type":"string","description":"Número de documento del administrador"},"firstName":{"type":"string","description":"Nombre del administrador"},"middleName":{"type":"string","description":"Apellido 1 del administrador"},"lastName":{"type":"string","description":"Apellido 2 del administrador"},"nationality":{"type":"integer","description":"Nacionalidad del administrador (ISO)"}}},"ardeResponse":{"required":["statusDesc","statusId"],"type":"object","properties":{"operationDate":{"type":"string","format":"date-time"},"statusDesc":{"type":"string"},"statusId":{"type":"integer"},"scoreValue":{"type":"integer","description":"scoring result","enum":[-100,20,71]},"idValue":{"type":"integer","description":"Identificador request-reponse","format":"int64"},"upfront":{"type":"number","description":"Importe a pagar por el cliente solicitado por scoring"},"creditLimit":{"type":"number","description":"límite de crédito otrogado al cliente"},"financedDevicesAllowed":{"type":"integer","description":"número de dispositivos financiados permitidos"},"unfinancedDevicesAllowed":{"type":"number","description":"número de dispositivos no financiados permitidos"}}},"ardeUpdate":{"type":"object","properties":{"idValue":{"type":"integer","description":"idvalue devuelto en fraudmm a actualizar","format":"int64"},"contractId":{"type":"string","description":"contractID creado"},"accountId":{"type":"integer","description":"accountID creado","format":"int64"},"contractIdStatus":{"type":"integer","description":"status del contractID"},"subscriptionStatuses":{"type":"array","items":{"$ref":"#/components/schemas/ardeUpdateSubcriptions"}}}},"ardeUpdateSubcriptions":{"type":"object","properties":{"msisdn":{"type":"string","description":"serviceId (número de teléfono)"},"number":{"type":"string","description":"suscription number"},"status":{"type":"string","description":"status de la suscripción"}}},"ardeUpdateResponse":{"type":"object","properties":{"return":{"$ref":"#/components/schemas/returnUpdate"}}},"returnUpdate":{"type":"object","properties":{"operationDate":{"type":"string","format":"date-time"},"statusDesc":{"type":"string"},"statusId":{"type":"integer"}}},"FraudMM":{"required":["account","customer","order"],"type":"object","properties":{"order":{"$ref":"#/components/schemas/orderFraudMM"},"oldCustomer":{"$ref":"#/components/schemas/oldCustomer"},"customer":{"$ref":"#/components/schemas/customerFraud"},"account":{"$ref":"#/components/schemas/account"},"subscriptions":{"type":"array","items":{"$ref":"#/components/schemas/fraudsubscription"}},"pointOfService":{"$ref":"#/components/schemas/pointOfService"},"delivery":{"$ref":"#/components/schemas/delivery"},"payment":{"$ref":"#/components/schemas/payment"}}},"orderFraudMM":{"required":["appCRStamp","appId","companyId","contractId","dealerid","ip","mobileoperatorid","orderId","prescoringId","scoringProcess","scoringType","segment","userId"],"type":"object","properties":{"appId":{"type":"integer","description":"Identificador del sistema llamante","enum":[2,3,4,5,6,7,8,12,13,14,15,16,17,18]},"scoringType":{"type":"integer","description":"Tipo de scoring","enum":[5,2,10]},"prescoringId":{"type":"integer","description":"Valor devuelto en la llamada a scoring ARDE a rellenar en la llamada a fraudmm","format":"int64"},"scoringProcess":{"type":"integer","description":"Tipo de operación","enum":[0,1,2,3,4,5,6,7,8,9,10,11,12,13,14,98,99]},"contractId":{"type":"string","description":"id del contrato"},"orderId":{"type":"integer","description":"id de la operación"},"dealerid":{"type":"string","description":"dealer"},"userId":{"type":"string","description":"user"},"companyId":{"type":"integer","description":"Id en la tabla de marcas de MySim"},"mobileoperatorid":{"type":"integer","description":"Id en la tabla de marcas de MySim"},"ip":{"type":"string","description":"IP pública desde donde se hace el pedido (call center, shop, final user IP in web)","format":"ipv4"},"segment":{"type":"integer","description":"segment","enum":[1,2,3,4]},"technologyType":{"type":"string","description":"Tipo de tecnología para banda ancha"},"packet":{"type":"string","description":"Paquete contratado"},"appCRStamp":{"type":"string","description":"Fecha y hora del pedido","format":"date-time"},"simOnly":{"type":"boolean","description":"indica si el pedido es simOnly o tiene terminales asociados"}}},"oldCustomer":{"required":["accountId","address","countryId","documentNumber","documentType","locality","postalCode","stateId"],"type":"object","properties":{"accountId":{"type":"integer","description":"ID del cliente si ya existiese"},"documentType":{"type":"integer","description":"Tipo de documento","enum":[1,3,4,5]},"documentNumber":{"type":"string","description":"Número de documento de identidad"},"firstName":{"type":"string","description":"Nombre cliente"},"middleName":{"type":"string","description":"Primer apellido cliente"},"lastName":{"type":"string","description":"Segundo apellido cliente"},"companyName":{"type":"string","description":"Nombre de empresa"},"documentacion":{"type":"integer","description":"Aporta documentación","enum":[0,1]},"countryId":{"type":"integer","description":"ID de país en tabla MySim"},"birthDate":{"type":"string","description":"Fecha de nacimiento del cliente. Obligatorio para persona física.","format":"date"},"email":{"type":"string","description":"Correo electrónico","format":"email"},"address":{"type":"string","description":"Dirección de facturación"},"postalCode":{"type":"string","description":"Código postal de facturación"},"locality":{"type":"string","description":"Localidad"},"stateId":{"type":"integer","description":"Id de la provincia"},"otherPhone":{"type":"string","description":"Teléfono de contacto"},"gender":{"type":"string","description":"Género","enum":["M","F","X"]},"oldContract":{"type":"string","description":"Id del contrato a modificar"}}},"customerFraud":{"required":["accountId","address","countryId","documentNumber","documentType","locality","postalCode","stateId"],"type":"object","properties":{"accountId":{"type":"integer","description":"ID del cliente si ya existiese"},"documentType":{"type":"integer","description":"Tipo de documento","enum":[1,3,4,5]},"documentNumber":{"type":"string","description":"Número de documento de identidad"},"firstName":{"type":"string","description":"Nombre cliente"},"middleName":{"type":"string","description":"Primer apellido cliente"},"lastName":{"type":"string","description":"Segundo apellido cliente"},"companyName":{"type":"string","description":"Nombre de empresa"},"documentacion":{"type":"integer","description":"Aporta documentación","enum":[0,1]},"countryId":{"type":"integer","description":"ID de país en tabla MySim"},"birthDate":{"type":"string","description":"Fecha de nacimiento del cliente. Obligatorio para persona física.","format":"date"},"email":{"type":"string","description":"Correo electrónico","format":"email"},"address":{"type":"string","description":"Dirección de facturación"},"postalCode":{"type":"string","description":"Código postal de facturación"},"locality":{"type":"string","description":"Localidad"},"stateId":{"type":"integer","description":"Id de la provincia"},"otherPhone":{"type":"string","description":"Teléfono de contacto"},"gender":{"type":"string","description":"Género","enum":["M","F","X"]},"bankDeclaredIncome":{"type":"number","description":"Ingresos anuales declarados"},"profession":{"type":"string","description":"Profesión"},"documentIdExpirationDate":{"type":"string","description":"fecha de caducidad del documento de identidad","format":"date"},"activeLimit":{"type":"integer","description":"Límite de suscripciones activas y permitidas simultaneamente"},"activationLimit":{"type":"integer","description":"Límite de suscripciones activas históricamente"},"creditLimit":{"type":"number","description":"Límite de crédito"},"creditLimitAvailable":{"type":"number","description":"Límite de crédito disponible"},"companyAdmin":{"$ref":"#/components/schemas/companyAdministrator"}}},"fraudsubscription":{"required":["donorHolder","linetype","linetypeM","modality","msisdn","tariff"],"type":"object","properties":{"linetypeM":{"type":"string","description":"subscription type","enum":["F","B","M","S","SM","W","T","D"]},"msisdn":{"type":"string","description":"ID de servicio -> Número fijo o móvil"},"linetype":{"type":"string","description":"Tipo de alta","enum":["S","N","P","C"]},"lineDonorType":{"type":"string","description":"Modalidad en antiguo operador","enum":["P","C"]},"lineDonnorOperatorv":{"type":"string","description":"Operador donante"},"modality":{"type":"string","description":"Modalidad de la suscripción","enum":["Pospago","Prepago","Recarga automatica"]},"donorHolder":{"type":"boolean","description":"Indica si el titular en el antiguo operador era otro"},"documentType":{"type":"integer","description":"Tipo de documento del antiguo titular","enum":[1,3,4,5]},"documentNumber":{"type":"string","description":"Num. de documento del antiguo titular"},"firstName":{"type":"string","description":"Nombre del antiguo titular"},"middleName":{"type":"string","description":"1er apellido del antiguo titular"},"lastName":{"type":"string","description":"2do apellido del antiguo titular"},"companyName":{"type":"string","description":"Empresa titular antigua"},"countryId":{"type":"integer","description":"Id del país según tabla MySim para nacionalidad del antiguo titular"},"birthDate":{"type":"string","description":"Fecha de nacimiento antiguo titular.","format":"date"},"email":{"type":"string","description":"Correo electrónico antiguo titular","format":"email"},"address":{"type":"string","description":"Dirección antiguo titular"},"postalCode":{"type":"string","description":"Código postal antiguo titular"},"locality":{"type":"string","description":"Localidad antiguo titular"},"stateId":{"type":"integer","description":"Id provincia antiguo titular"},"otherPhone":{"type":"string","description":"Teléfono de contacto antiguo titular"},"gender":{"type":"string","description":"Genero del antiguo titular","enum":["M","F","X"]},"iccId":{"type":"string","description":"ICC Id"},"tariff":{"type":"string","description":"Tarifa de la suscripción"},"handset":{"type":"string","description":"Dispositivo"},"handsetTotalNumber":{"type":"string","description":"Cantidad"},"handsetTotalAmount":{"type":"string","description":"Precio unitario"},"number":{"type":"string","description":"Id único de la subscripción"},"device":{"type":"array","items":{"$ref":"#/components/schemas/fraudDevices"}}}},"fraudDevices":{"type":"object","properties":{"code":{"type":"string","description":"código comercial del dispositivo"},"internalId":{"type":"string","description":"id único del dispositivo"},"type":{"type":"string","description":"familia del dispositivo"},"description":{"type":"string","description":"descripción del dispositivo"},"upfrontPayment":{"type":"number","description":"cuota inicial"},"instalmentPayment":{"type":"number","description":"importe de cuota fracionada"},"instalmentPlan":{"type":"integer","description":"numero de cuotas a abonar"},"residualPayment":{"type":"number","description":"pago de la última cuota"},"commitmentDuration":{"type":"integer","description":"duracion de la permanencia"},"penaltyValue":{"type":"number","description":"penalizacion por incumplimiento"}}},"FraudMMResponse":{"required":["statusDesc","statusId"],"type":"object","properties":{"operationDate":{"type":"string","format":"date-time"},"statusDesc":{"type":"string"},"statusId":{"type":"integer"},"riskDecision":{"type":"string","description":"fraud result","enum":["A","D","R","X"]},"riskLevel":{"type":"integer","description":"Nivel de riesgo"},"riskCodes":{"type":"string","description":"Códigos de riesgo"},"idValue":{"type":"integer","description":"Identificador request-reponse","format":"int64"},"upfront":{"type":"number","description":"Importe a pagar por el cliente solicitado por scoring. No se utiliza a día de hoy"},"scoreValue":{"type":"integer","description":"Valor del scoring. No se utiliza a día de hoy"}}},"fraudUpdate":{"type":"object","properties":{"idValue":{"type":"integer","description":"idvalue devuelto en fraudmm a actualizar","format":"int64"},"contractId":{"type":"string","description":"contractID creado"},"accountId":{"type":"integer","description":"accountID creado","format":"int64"},"contractIdStatus":{"type":"integer","description":"status del contractID"},"subscriptionStatuses":{"type":"array","items":{"$ref":"#/components/schemas/fraudUpdateSubcriptions"}}}},"fraudUpdateSubcriptions":{"type":"object","properties":{"msisdn":{"type":"string","description":"serviceId (número de teléfono)"},"number":{"type":"string","description":"suscription number"},"status":{"type":"string","description":"status de la suscripción"},"devicesStatus":{"type":"array","items":{"$ref":"#/components/schemas/fraudUpdateDevices"}}}},"fraudUpdateDevices":{"type":"object","properties":{"internalId":{"type":"string","description":"deviceId (id único que identifica el dispositivo.)"},"status":{"type":"integer","description":"status de entrega del dispositivo."}}},"nscoreRequest":{"required":["billingPostalAddress","offer","sellInfo","submission"],"type":"object","properties":{"submission":{"$ref":"#/components/schemas/submission"},"sellInfo":{"$ref":"#/components/schemas/sellInfo"},"account":{"$ref":"#/components/schemas/account"},"newIndividualSubscriber":{"$ref":"#/components/schemas/individualSubscriber"},"currentIndividualSubscriber":{"$ref":"#/components/schemas/individualSubscriber"},"companySubscriber":{"$ref":"#/components/schemas/companySubscriber"},"companyAdministrator":{"$ref":"#/components/schemas/nscoreCompanyAdministrator"},"billingPostalAddress":{"$ref":"#/components/schemas/billingPostalAddress"},"poSPostalAddress":{"$ref":"#/components/schemas/poSPostalAddress"},"contact":{"$ref":"#/components/schemas/contact"},"payment":{"$ref":"#/components/schemas/nscorePayment"},"offer":{"$ref":"#/components/schemas/offer"}}},"submission":{"type":"object","properties":{"appTime":{"type":"string","format":"date-time"},"scoreType":{"type":"integer","enum":[1,2]},"segment":{"type":"string","enum":["B2B","B2C"]},"subsegment":{"type":"string","enum":["CONSUMER","AUTONOMO","COMPANY","B2B","B2B-PYME","PRO-SOHO-AUTONOMO","PRO-SOHO-COMPANY","SOHO-AUTONOMO","SOHO-COMPANY"]},"brand":{"type":"integer","enum":[1,2,3,4,5,6,7,11,12,13]},"salesTool":{"type":"string","enum":["LEGACY API","YOIGO LEGACY","ROVE_CIF","OVID","360","SAMA","SALESFORCE","DMS"]},"channel":{"type":"integer","enum":[1,2,3,4]},"channelraw":{"type":"string","enum":["cc","cc_pro","fusion_pos","fusion_pos_pro","fusion_telesales","fusion_telesales_pro","newton","pos","pos_pr","SALESFORCE","telesales","telesales_pro","DMS"]},"referenceNumber":{"type":"string"},"ip":{"type":"string","format":"ipv4"}}},"sellInfo":{"type":"object","properties":{"sid":{"type":"string"},"sfid":{"type":"string"},"sfidUser":{"type":"string"},"scort":{"type":"integer","enum":[1,2,3,4,5,6,7,11]}}},"individualSubscriber":{"type":"object","properties":{"tipodoc":{"type":"integer","enum":[1,2,3,4,6]},"numdoc":{"type":"string"},"name":{"type":"string"},"surname1":{"type":"string"},"surname2":{"type":"string"},"birthdate":{"type":"string","format":"date"},"nationality":{"type":"string"},"selfemploy":{"type":"integer","enum":[1,0]},"custnum":{"type":"string"},"custAccount":{"type":"string"},"pack":{"type":"string"},"dataRecover":{"type":"integer","enum":[1,0]},"dataRecoverm":{"type":"integer","enum":[1,0]}}},"companySubscriber":{"type":"object","properties":{"tipodoc":{"type":"integer","enum":[3,6]},"numdoc":{"type":"string"},"comname":{"type":"string"},"fecconst":{"type":"string","format":"date"},"jurid":{"type":"string","enum":["A","B"]},"numadm":{"type":"integer"},"cnae":{"type":"string"}}},"nscoreCompanyAdministrator":{"type":"object","properties":{"tipdoc":{"type":"integer","enum":[1,2,3,4,6]},"numdoc":{"type":"string"},"name":{"type":"string"},"surname1":{"type":"string"},"surname2":{"type":"string"},"nationality":{"type":"string"}}},"billingPostalAddress":{"type":"object","properties":{"tipvia":{"type":"string"},"street":{"type":"string"},"num":{"type":"integer"},"locality":{"type":"string"},"cpost":{"type":"string"},"complement":{"type":"string"},"norreference":{"type":"string"}}},"poSPostalAddress":{"type":"object","properties":{"tipvia":{"type":"string"},"street":{"type":"string"},"num":{"type":"integer"},"locality":{"type":"string"},"cpost":{"type":"string"},"block":{"type":"string"},"floor":{"type":"string"},"stairs":{"type":"string"},"bis":{"type":"string"},"gescal":{"type":"string"}}},"contact":{"type":"object","properties":{"emailt1":{"type":"string"},"contactinfo":{"type":"object","properties":{"contactInfo":{"type":"array","items":{"$ref":"#/components/schemas/contactInfo"}}}}}},"contactInfo":{"type":"object","properties":{"tlf":{"type":"string"},"tfltype":{"type":"integer","enum":[1,2,3]}}},"nscorePayment":{"type":"object","properties":{"recurrentPm":{"type":"integer","enum":[0,2]},"iban":{"type":"string"}}},"offer":{"type":"object","properties":{"packOfferid":{"type":"string"},"lead_recurrent_amount":{"type":"number","format":"float"},"lead_non_recurrent_amount":{"type":"number","format":"float"},"lineDetail":{"type":"array","items":{"$ref":"#/components/schemas/lineDetail"}},"term":{"type":"array","items":{"type":"string"}}}},"lineDetail":{"type":"object","properties":{"serviceId":{"type":"string"},"lineType":{"type":"string","enum":["MOVIL","FIJO","BROADBAND","SMARTHOME"]},"operDon":{"type":"string"},"operDonP":{"type":"string","enum":["Nuevo","Prepago","Pospago","Cartera"]},"donorh":{"type":"integer","enum":[0,1]},"donorhTipdoc":{"type":"integer","enum":[1,2,3,4,6]},"donorhNumdoc":{"type":"string"},"tariff":{"type":"string"},"technology":{"type":"string","description":"se admite valor nulo para SVAs","enum":["MO","ADSL","FTTH","MF"]},"device":{"type":"array","items":{"$ref":"#/components/schemas/nscoreDevice"}}}},"nscoreDevice":{"type":"object","properties":{"offerid":{"type":"string"},"deviceName":{"type":"string"},"upfrontPm":{"type":"number","format":"float"},"instalmentPm":{"type":"number","format":"float"},"instalmentPlanl":{"type":"integer"},"terms":{"type":"string"},"frvalue":{"type":"number","format":"float"}}},"nscoreResponse":{"type":"object","properties":{"submissionResponse":{"type":"object","properties":{"presRestrictions":{"type":"object","properties":{"decision":{"type":"string","enum":["A","D","M","P","R","C"]},"presRestrictions":{"type":"object","properties":{"credcap":{"type":"number","format":"float"},"finance":{"type":"integer","enum":[0,1]},"financeop":{"type":"integer","description":"Número de dispositivos financiados permitidos"},"financeam":{"type":"number","description":"Importe total de financiacion permitido = cuotas + valor residual","format":"float"},"devicesnf":{"type":"integer","description":"Compra de dispositivos no financiados permitida.","enum":[0,1]},"devicenfop":{"type":"integer","description":"Número de dispositivos no financiados permitidos"},"bblevel":{"type":"integer","description":"Nivel FMC/Broadband permitido","enum":[0,1,2]}}},"scorRestrictions":{"type":"object","properties":{"deposit":{"type":"number","description":"Deposito requerido para la operación para ser abonado por el cliente para confirmar la venta","format":"float"},"conslimit":{"type":"number","description":"Limite de consumo asociado al cliente","format":"float"},"SVA_R":{"type":"integer","description":"Barring de Riesgo en Roaming por defecto","enum":[0,1]},"SVA_P":{"type":"integer","description":"Barring de Riesgo en Premium  por defecto","enum":[0,1]},"SVA_I":{"type":"integer","description":"Barring de Riesgo en Internacional  por defecto","enum":[0,1]}}},"errors":{"type":"object","properties":{"errorc":{"type":"string","description":"Código de error"},"errord":{"type":"string","description":"Descripción de error"}}}}}}}}}}}}