{"openapi":"3.0.0","info":{"title":"Massive Scraping Configurations and Jobs API","description":"This API is used by the scraping backend to start, control and report scraping jobs to the frontend.","contact":{"email":"stefano.piana@massivedh.com"},"license":{"name":"Apache 2.0","url":"http://www.apache.org/licenses/LICENSE-2.0.html"},"version":"1.0.2"},"servers":[{"url":"https://backend-api-qa.massiveww.cloud/scraping/v1","description":"Development server API"},{"url":"https://backend-api.massiveww.com/scraping/v1","description":"Production server API"}],"security":[{"bearerAuth":[]}],"tags":[{"name":"Configurations","description":"Operations to create, manage, and modify scraping configurations"},{"name":"Jobs","description":"Operations to create, manage, and get the status of scraping jobs."},{"name":"Variations Status","description":"Status of variations present in massive\"s systems, used in update jobs"}],"paths":{"/":{"options":{"tags":["Options"],"summary":"get the status of the server.","description":"get the status of the server.","responses":{"200":{"description":"the server is up"},"500":{"description":"Internal server error"}}}},"/configurations":{"get":{"tags":["Configurations"],"summary":"Configurations currently stored on the scraping system.","description":"list configurations currently stored on the scraping system\n","operationId":"listConfigurations","parameters":[{"name":"taskId","in":"query","required":false,"style":"form","explode":true,"schema":{"type":"integer"}},{"name":"configurationStage","in":"query","description":"configurationStage","required":false,"style":"form","explode":true,"schema":{"type":"string","enum":["DEVELOPMENT","UNIT_TEST","INTEGRATION_TEST","PRODUCTION"]}},{"name":"orderBy","in":"query","description":"orderBy","required":false,"style":"form","explode":true,"schema":{"type":"string"}},{"name":"filterBy","in":"query","description":"orderBy","required":false,"style":"form","explode":true,"schema":{"type":"string"}},{"name":"customQuery","in":"query","description":"pass an optional query string for looking up the system","required":false,"style":"form","explode":true,"schema":{"type":"string"}},{"name":"limit","in":"query","description":"maximum number of items to retrieve","required":false,"style":"form","explode":true,"schema":{"type":"string"}},{"name":"offset","in":"query","description":"offset of the first item to retrieve","required":false,"style":"form","explode":true,"schema":{"type":"string"}}],"responses":{"200":{"description":"list IDs of currently stored scraping configurations.","content":{"application/json":{"schema":{"type":"array","items":{"$ref":"#/components/schemas/ScrapingConfiguration"}}}}},"401":{"description":"unauthenticated"},"403":{"description":"forbidden"},"500":{"description":"Internal server error"}}},"post":{"tags":["Configurations"],"summary":"creates a new configuration.","description":"creates a new configuration.","operationId":"addConfiguration","requestBody":{"description":"json of the configuration.","content":{"text/json":{"schema":{"$ref":"#/components/schemas/ScrapingConfiguration"}}}},"responses":{"200":{"description":"configuration created, returns Id of the configuration","content":{"application/json":{"schema":{"type":"object","properties":{"configurationId":{"type":"integer","example":1}}}}}},"401":{"description":"unauthenticated"},"403":{"description":"forbidden"},"500":{"description":"invalid input, object invalid"}}}},"/configurations/count":{"get":{"tags":["Configurations"],"summary":"Count Configurations currently stored on the scraping system.","description":"Count configurations currently stored on the scraping system\n","operationId":"countConfigurations","responses":{"200":{"description":"Count of configurations.","content":{"plain/text":{"schema":{"type":"integer","example":5}}}},"401":{"description":"unauthenticated"},"403":{"description":"forbidden"},"500":{"description":"Internal server error"}}}},"/configurations/{configId}":{"get":{"tags":["Configurations"],"summary":"gets the json of a configuration","description":"description","operationId":"getConfiguration","parameters":[{"name":"configId","in":"path","required":true,"style":"simple","explode":false,"schema":{"type":"integer"}}],"responses":{"200":{"description":"Json of the Configuration","content":{"application/json":{"schema":{"$ref":"#/components/schemas/ScrapingConfigurationJson"}}}},"401":{"description":"unauthenticated"},"403":{"description":"forbidden"},"404":{"description":"The specified resource was not found","content":{"application/json":{"schema":{"$ref":"#/components/schemas/BaseResponse"}}}},"500":{"description":"Internal server error"}}},"put":{"tags":["Configurations"],"summary":"updates a configuration","description":"description","operationId":"putConfiguration","parameters":[{"name":"configId","in":"path","required":true,"style":"simple","explode":false,"schema":{"type":"integer"}}],"requestBody":{"description":"new configuration json.","content":{"application/json":{"schema":{"$ref":"#/components/schemas/ScrapingConfiguration"}}}},"responses":{"200":{"description":"Configuration updated","content":{"application/json":{"schema":{"$ref":"#/components/schemas/ScrapingConfiguration"}}}},"401":{"description":"unauthenticated"},"403":{"description":"forbidden"},"404":{"description":"The specified resource was not found","content":{"application/json":{"schema":{"$ref":"#/components/schemas/BaseResponse"}}}},"500":{"description":"Internal Server Error"}}},"delete":{"tags":["Configurations"],"summary":"delete a configuration.","parameters":[{"name":"configId","in":"path","required":true,"style":"simple","explode":false,"schema":{"type":"integer"}}],"responses":{"201":{"description":"configuration deleted"},"401":{"description":"unauthenticated"},"403":{"description":"forbidden"},"404":{"description":"The specified resource was not found","content":{"application/json":{"schema":{"$ref":"#/components/schemas/BaseResponse"}}}},"500":{"description":"internal server error"}}}},"/jobs":{"get":{"tags":["Jobs"],"summary":"List of jobs currently managed by the scraping system.","description":"list the jobs currently managed by the scraping system\n","operationId":"listJobs","parameters":[{"name":"jobStage","in":"query","description":"stage of the job","required":false,"style":"form","explode":true,"schema":{"type":"string","enum":["DEVELOPMENT","UNIT_TEST","INTEGRATION_TEST","PRODUCTION"]}},{"name":"jobStatus","in":"query","description":"status of the job","required":false,"style":"form","explode":true,"schema":{"type":"string","enum":["PENDING","DISPATCHING","INITIALIZING","RUNNING","PAUSED","STOP","STOPPING","STOPPED","COMPLETED","ARCHIVED","ABORT","ABORTED"]}},{"name":"jobLocked","in":"query","description":"select locked Jobs","required":false,"style":"form","explode":true,"schema":{"type":"boolean"}},{"name":"lockJobs","in":"query","description":"lock selected Jobs","required":false,"style":"form","explode":true,"schema":{"type":"boolean"}},{"name":"jobLockOwner","in":"query","description":"optional string to identify the owner of the lock","required":false,"style":"form","explode":true,"schema":{"type":"string"}},{"name":"jobLockId","in":"query","description":"optional string to identify the lock identtifier","required":false,"style":"form","explode":true,"schema":{"type":"string"}},{"name":"limit","in":"query","description":"maximum number of items to retrieve","required":false,"style":"form","explode":true,"schema":{"type":"string"}},{"name":"offset","in":"query","description":"offset of the first item to retrieve","required":false,"style":"form","explode":true,"schema":{"type":"string"}}],"responses":{"200":{"description":"list of managed scraping jobs (may be empty).","content":{"application/json":{"schema":{"type":"array","items":{"$ref":"#/components/schemas/ScrapingJob"}}}}},"401":{"description":"unauthenticated"},"403":{"description":"forbidden"},"500":{"description":"Internal server error"}}},"post":{"tags":["Jobs"],"summary":"starts a new scraping job.","description":"starts a new scraping job using the provided configuration.","operationId":"addJob","requestBody":{"description":"the id of the configuration used to create the new scraping job.","content":{"application/json":{"schema":{"type":"object","properties":{"configurationId":{"type":"integer","example":444},"variationsStatusId":{"type":"integer","example":2}}}}}},"responses":{"201":{"description":"job created, returns Id of the job","content":{"applicattion/json":{"schema":{"$ref":"#/components/schemas/ScrapingJob"}}}},"401":{"description":"unauthenticated"},"403":{"description":"forbidden"},"500":{"description":"invalid input, object invalid"}}},"delete":{"tags":["Jobs"],"summary":"delete all completed jobs.","operationId":"deleteConfig","responses":{"200":{"description":"jobs deleted"},"500":{"description":"internal server error"}}}},"/jobs/listJobsAndInfo":{"get":{"tags":["Jobs"],"summary":"List of jobs currently managed by the scraping system.","description":"list the jobs currently managed by the scraping system\n","operationId":"listJobsAndInfo","parameters":[{"name":"jobStage","in":"query","description":"stage of the job","required":false,"style":"form","explode":true,"schema":{"type":"string","enum":["DEVELOPMENT","UNIT_TEST","INTEGRATION_TEST","PRODUCTION"]}},{"name":"jobStatus","in":"query","description":"status of the job","required":false,"style":"form","explode":true,"schema":{"type":"string","enum":["PENDING","DISPATCHING","INITIALIZING","RUNNING","PAUSED","STOP","STOPPING","STOPPED","COMPLETED","ARCHIVED","ABORT","ABORTED"]}},{"name":"jobLocked","in":"query","description":"select locked Jobs","required":false,"style":"form","explode":true,"schema":{"type":"boolean"}},{"name":"lockJobs","in":"query","description":"lock selected Jobs","required":false,"style":"form","explode":true,"schema":{"type":"boolean"}},{"name":"jobLockOwner","in":"query","description":"optional string to identify the owner of the lock","required":false,"style":"form","explode":true,"schema":{"type":"string"}},{"name":"jobLockId","in":"query","description":"optional string to identify the lock identtifier","required":false,"style":"form","explode":true,"schema":{"type":"string"}},{"name":"limit","in":"query","description":"maximum number of items to retrieve","required":false,"style":"form","explode":true,"schema":{"type":"string"}},{"name":"offset","in":"query","description":"offset of the first item to retrieve","required":false,"style":"form","explode":true,"schema":{"type":"string"}}],"responses":{"200":{"description":"list of managed scraping jobs (may be empty).","content":{"application/json":{"schema":{"type":"array","items":{"$ref":"#/components/schemas/ScrapingJob"}}}}},"401":{"description":"unauthenticated"},"403":{"description":"forbidden"},"500":{"description":"Internal server error"}}}},"/jobs/count":{"get":{"tags":["Jobs"],"summary":"Counts the jobs currently managed by the scraping system.","description":"Counts the jobs currently managed by the scraping system\n","operationId":"countJobs","responses":{"200":{"description":"Count of currently managed scraping jobs.","content":{"plain/text":{"schema":{"type":"integer","example":1}}}},"401":{"description":"unauthenticated"},"403":{"description":"forbidden"},"500":{"description":"Internal server error"}}}},"/jobs/update":{"post":{"tags":["Jobs"],"summary":"starts a new scraping job.","description":"starts a new scraping job using the provided configuration.","operationId":"addUpdateJob","requestBody":{"description":"the id of the configuration used to create the new scraping job.","content":{"application/json":{"schema":{"type":"object","properties":{"categoryURI":{"type":"string","example":"massive_cleansers_production"},"connfigurationId":{"type":"number","example":121234}}}}}},"responses":{"201":{"description":"job created, returns Id of the job","content":{"applicattion/json":{"schema":{"$ref":"#/components/schemas/ScrapingJob"}}}},"401":{"description":"unauthenticated"},"403":{"description":"forbidden"},"500":{"description":"Internal server error"}}}},"/jobs/data_qa":{"post":{"tags":["Jobs"],"summary":"starts a new scraping job enququing missing data on the database.","description":"starts a new scraping job using the provided configuration, the job will attempt to integrate missing information found for the given category.","operationId":"addDataQaJob","requestBody":{"description":"the id of the configuration used to create the new scraping job.","content":{"application/json":{"schema":{"type":"object","properties":{"categoryURI":{"type":"string","example":"massive_cleansers_production"},"dataQaType":{"type":"string","enum":["MISSING_DATA","PRICES"]},"configurationId":{"type":"number","example":121234}}}}}},"responses":{"201":{"description":"job created, returns Id of the job","content":{"applicattion/json":{"schema":{"$ref":"#/components/schemas/ScrapingJob"}}}},"204":{"description":"No missing data found, qa job not required"},"401":{"description":"unauthenticated"},"403":{"description":"forbidden"},"500":{"description":"Internal server error"}}}},"/jobs/{jobId}":{"get":{"tags":["Jobs"],"summary":"summary","description":"description","operationId":"getJobConfiguration","parameters":[{"name":"jobId","in":"path","required":true,"style":"simple","explode":false,"schema":{"type":"integer"}}],"responses":{"200":{"description":"the Job","content":{"application/json":{"schema":{"$ref":"#/components/schemas/ScrapingJob"}}}},"401":{"description":"unauthenticated"},"403":{"description":"forbidden"},"404":{"description":"The specified resource was not found","content":{"application/json":{"schema":{"$ref":"#/components/schemas/BaseResponse"}}}},"500":{"description":"Internal server error"}}},"put":{"tags":["Jobs"],"summary":"update a job","description":"update a job at the moment the only attribute that can be updated are the description, name, priority and status","operationId":"putJob","parameters":[{"name":"jobId","in":"path","required":true,"style":"simple","explode":false,"schema":{"type":"integer"}}],"requestBody":{"description":"the Job that will be updated, at the moment the only attribute that can be updated are the description, name, priority and status","content":{"application/json":{"schema":{"$ref":"#/components/schemas/ScrapingJob"}}}},"responses":{"200":{"description":"the updated job","content":{"application/json":{"schema":{"$ref":"#/components/schemas/ScrapingJob"}}}},"401":{"description":"unauthenticated"},"403":{"description":"forbidden"},"404":{"description":"The specified resource was not found","content":{"application/json":{"schema":{"$ref":"#/components/schemas/BaseResponse"}}}},"500":{"description":"Internal server error"}}},"delete":{"tags":["Jobs"],"summary":"deletes a job.","parameters":[{"name":"jobId","in":"path","required":true,"style":"simple","explode":false,"schema":{"type":"integer"}}],"responses":{"201":{"description":"jobs deleted"},"401":{"description":"unauthenticated"},"403":{"description":"forbidden"},"404":{"description":"The specified resource was not found","content":{"application/json":{"schema":{"$ref":"#/components/schemas/BaseResponse"}}}},"500":{"description":"internal server error"},"512":{"description":"job running"}}}},"/jobs/{jobId}/status":{"put":{"tags":["Jobs"],"summary":"Updates a job status","description":"Updates a job status","operationId":"putJobStatus","parameters":[{"name":"jobId","in":"path","required":true,"style":"simple","explode":false,"schema":{"type":"integer"}}],"requestBody":{"description":"new status that will be set to the job.","content":{"plain/text":{"schema":{"type":"string","example":"RUNNING"}}}},"responses":{"200":{"description":"the updated job","content":{"application/json":{"schema":{"$ref":"#/components/schemas/ScrapingJob"}}}},"401":{"description":"unauthenticated"},"403":{"description":"forbidden"},"404":{"description":"The specified resource was not found","content":{"application/json":{"schema":{"$ref":"#/components/schemas/BaseResponse"}}}},"500":{"description":"internal server error"}}}},"/jobs/{jobId}/statistics":{"get":{"tags":["Jobs"],"summary":"Gets A job statistic information","description":"Gets A job statistic information","operationId":"getJobStatistics","parameters":[{"name":"jobId","in":"path","required":true,"style":"simple","explode":false,"schema":{"type":"integer"}}],"responses":{"200":{"description":"statistics of the job.","content":{"application/json":{"schema":{"$ref":"#/components/schemas/ScrapingjobStatistics"}}}},"401":{"description":"unauthenticated"},"403":{"description":"forbidden"},"404":{"description":"The specified resource was not found","content":{"application/json":{"schema":{"$ref":"#/components/schemas/BaseResponse"}}}},"500":{"description":"internal server error"}}},"put":{"tags":["Jobs"],"summary":"Updates A job statistic information","description":"Updates A job statistic information","operationId":"putJobStatistics","parameters":[{"name":"jobId","in":"path","required":true,"style":"simple","explode":false,"schema":{"type":"integer"}}],"requestBody":{"content":{"application/json":{"schema":{"$ref":"#/components/schemas/ScrapingjobStatistics"}}}},"responses":{"200":{"description":"statistics of the job updated."},"401":{"description":"unauthenticated"},"403":{"description":"forbidden"},"404":{"description":"The specified resource was not found","content":{"application/json":{"schema":{"$ref":"#/components/schemas/BaseResponse"}}}},"500":{"description":"internal server error"}}}},"/jobs/{jobId}/lock":{"put":{"tags":["Jobs"],"summary":"locks A job","description":"Locks A job","operationId":"lockJob","parameters":[{"name":"jobId","in":"path","required":true,"style":"simple","explode":false,"schema":{"type":"integer"}}],"requestBody":{"content":{"application/json":{"schema":{"properties":{"lock":{"type":"boolean","example":true}}}}}},"responses":{"200":{"description":"job locked."},"401":{"description":"unauthenticated"},"403":{"description":"forbidden"},"404":{"description":"The specified resource was not found","content":{"application/json":{"schema":{"$ref":"#/components/schemas/BaseResponse"}}}},"409":{"description":"conflict, the job was locked already"},"500":{"description":"internal server error"}}},"delete":{"tags":["Jobs"],"summary":"unlocks A job","description":"unlocks A job","operationId":"unlockJob","parameters":[{"name":"jobId","in":"path","required":true,"style":"simple","explode":false,"schema":{"type":"integer"}}],"responses":{"200":{"description":"job unlocked."},"401":{"description":"unauthenticated"},"403":{"description":"forbidden"},"404":{"description":"The specified resource was not found","content":{"application/json":{"schema":{"$ref":"#/components/schemas/BaseResponse"}}}},"500":{"description":"internal server error"}}}},"/jobs/{jobId}/output/count":{"get":{"tags":["Jobs"],"summary":"Gets A job's outputs count","description":"Gets A job's outputs count","operationId":"getJobOutputCount","parameters":[{"name":"jobId","in":"path","required":true,"style":"simple","explode":false,"schema":{"type":"integer"}},{"name":"outputType","in":"query","required":false,"style":"form","explode":true,"schema":{"type":"string","enum":["OUTPUT","SUMMARY","PRICE_SUMMARY"]}}],"responses":{"200":{"description":"outputs of the job.","content":{"application/json":{"schema":{"type":"object","properties":{"count":{"type":"integer"}}}}}},"401":{"description":"unauthenticated"},"403":{"description":"forbidden"},"404":{"description":"The specified resource was not found","content":{"application/json":{"schema":{"$ref":"#/components/schemas/BaseResponse"}}}},"500":{"description":"internal server error"}}}},"/jobs/{jobId}/output":{"get":{"tags":["Jobs"],"summary":"Gets A job's outputs list","description":"Gets A job's outputs list","operationId":"getJobOutput","parameters":[{"name":"jobId","in":"path","required":true,"style":"simple","explode":false,"schema":{"type":"integer"}},{"name":"outputType","in":"query","required":false,"style":"form","explode":true,"schema":{"type":"string","enum":["OUTPUT","SUMMARY","PRICE_SUMMARY"]}},{"name":"limit","in":"query","description":"maximum number of items to retrieve","required":false,"style":"form","explode":true,"schema":{"type":"string"}},{"name":"offset","in":"query","description":"offset of the first item to retrieve","required":false,"style":"form","explode":true,"schema":{"type":"string"}}],"responses":{"200":{"description":"outputs of the job.","content":{"application/json":{"schema":{"$ref":"#/components/schemas/ScrapingJobOutput"}}}},"401":{"description":"unauthenticated"},"403":{"description":"forbidden"},"404":{"description":"The specified resource was not found","content":{"application/json":{"schema":{"$ref":"#/components/schemas/BaseResponse"}}}},"500":{"description":"internal server error"}}},"post":{"tags":["Jobs"],"summary":"Adds a job output File","description":"Adds a job output File","operationId":"postJobOutput","parameters":[{"name":"jobId","in":"path","required":true,"style":"simple","explode":false,"schema":{"type":"integer"}}],"requestBody":{"content":{"application/json":{"schema":{"properties":{"filePath":{"type":"string","description":"s3 path to the output file","example":"JobsOutput/120dd26d-b730-405c-8303-be649e2af528/Output/ecf7cdc4-5cb7-4f20-a713-1abacd9df956.gzip"},"outputType":{"type":"string","description":"output type","enum":["OUTPUT","SUMMARY","PRICE_SUMMARY"]}}}}}},"responses":{"200":{"description":"output of the job created.","content":{"plain/text":{"schema":{"type":"integer","example":1}}}},"401":{"description":"unauthenticated"},"403":{"description":"forbidden"},"404":{"description":"The specified resource was not found","content":{"application/json":{"schema":{"$ref":"#/components/schemas/BaseResponse"}}}},"500":{"description":"internal server error"}}},"delete":{"tags":["Jobs"],"summary":"Deletes A job Output","description":"Deletes A job Output","operationId":"deleteJobOutput","parameters":[{"name":"jobId","in":"path","required":true,"style":"simple","explode":false,"schema":{"type":"integer"}}],"responses":{"200":{"description":"output of the job deleted."},"401":{"description":"unauthenticated"},"403":{"description":"forbidden"},"404":{"description":"The specified resource was not found","content":{"application/json":{"schema":{"$ref":"#/components/schemas/BaseResponse"}}}},"500":{"description":"internal server error"}}}},"/jobs/{jobId}/output/{outputId}":{"get":{"tags":["Jobs"],"summary":"Gets A job's output file","description":"Gets A job's output file","operationId":"getJobOutputFile","parameters":[{"name":"jobId","in":"path","required":true,"style":"simple","explode":false,"schema":{"type":"integer"}},{"name":"outputId","in":"path","required":true,"style":"simple","explode":false,"schema":{"type":"integer"}}],"responses":{"200":{"description":"output file of the job.","content":{"application/gzip":{"schema":{"type":"string","format":"binary"}}}},"401":{"description":"unauthenticated"},"403":{"description":"forbidden"},"404":{"description":"The specified resource was not found","content":{"application/json":{"schema":{"$ref":"#/components/schemas/BaseResponse"}}}},"500":{"description":"internal server error"}}}},"/jobs/{jobId}/tests":{"get":{"tags":["Jobs"],"summary":"Gets A job's tests","description":"Gets A job's tests","operationId":"getJobTests","parameters":[{"name":"jobId","in":"path","required":true,"style":"simple","explode":false,"schema":{"type":"integer"}},{"name":"jobTestType","in":"query","required":false,"style":"form","explode":true,"schema":{"type":"string","enum":["UNIT_TEST","INTEGRATION_TEST","DATA_INTEGRITY_TEST"]}}],"responses":{"200":{"description":"outputs of the job.","content":{"application/json":{"schema":{"$ref":"#/components/schemas/ScrapingjobTest"}}}},"401":{"description":"unauthenticated"},"403":{"description":"forbidden"},"404":{"description":"The specified resource was not found","content":{"application/json":{"schema":{"$ref":"#/components/schemas/BaseResponse"}}}},"500":{"description":"internal server error"}}},"post":{"tags":["Jobs"],"summary":"Adds a job test","description":"Adds a job test","operationId":"postJobTest","parameters":[{"name":"jobId","in":"path","required":true,"style":"simple","explode":false,"schema":{"type":"integer"}}],"requestBody":{"content":{"application/json":{"schema":{"$ref":"#/components/schemas/ScrapingjobTest"}}}},"responses":{"200":{"description":"id of the created entry.","content":{"application/json":{"schema":{"properties":{"jobTestId":{"type":"integer","example":1}}}}}},"401":{"description":"unauthenticated"},"403":{"description":"forbidden"},"404":{"description":"The specified resource was not found","content":{"application/json":{"schema":{"$ref":"#/components/schemas/BaseResponse"}}}},"500":{"description":"internal server error"}}},"delete":{"tags":["Jobs"],"summary":"Deletes All job Tests","description":"Deletes All job Output","operationId":"deleteJobTests","parameters":[{"name":"jobId","in":"path","required":true,"style":"simple","explode":false,"schema":{"type":"integer"}}],"responses":{"200":{"description":"tests of the job deleted."},"401":{"description":"unauthenticated"},"403":{"description":"forbidden"},"404":{"description":"The specified resource was not found","content":{"application/json":{"schema":{"$ref":"#/components/schemas/BaseResponse"}}}},"500":{"description":"internal server error"}}}},"/jobs/{jobId}/tests/{testId}":{"get":{"tags":["Jobs"],"summary":"Gets A job's test result","description":"Gets A job's test result","operationId":"getJobTest","parameters":[{"name":"jobId","in":"path","required":true,"style":"simple","explode":false,"schema":{"type":"integer"}},{"name":"testId","in":"path","required":true,"style":"simple","explode":false,"schema":{"type":"integer"}}],"responses":{"200":{"description":"test result.","content":{"application/json":{"schema":{"$ref":"#/components/schemas/ScrapingjobTest"}}}},"401":{"description":"unauthenticated"},"403":{"description":"forbidden"},"404":{"description":"The specified resource was not found","content":{"application/json":{"schema":{"$ref":"#/components/schemas/BaseResponse"}}}},"500":{"description":"internal server error"}}},"delete":{"tags":["Jobs"],"summary":"Deletes A job's test result","description":"Deletes A job's test result","operationId":"deleteJobTest","parameters":[{"name":"jobId","in":"path","required":true,"style":"simple","explode":false,"schema":{"type":"integer"}},{"name":"testId","in":"path","required":true,"style":"simple","explode":false,"schema":{"type":"integer"}}],"responses":{"200":{"description":"test deleted."},"401":{"description":"unauthenticated"},"403":{"description":"forbidden"},"404":{"description":"The specified resource was not found","content":{"application/json":{"schema":{"$ref":"#/components/schemas/BaseResponse"}}}},"500":{"description":"internal server error"}}}},"/jobs/{jobId}/data_summaries/count":{"get":{"tags":["Jobs"],"summary":"Count A job's data summaries","description":"Count A job's data summaries","operationId":"countJobDataSummaries","parameters":[{"name":"jobId","in":"path","required":true,"style":"simple","explode":false,"schema":{"type":"integer"}},{"name":"dataSummaryType","in":"query","required":false,"style":"form","explode":true,"schema":{"type":"string","enum":["DATA_SUMMARY","PRICE_SUMMARY"]}}],"responses":{"200":{"description":"summaries count.","content":{"application/json":{"schema":{"properties":{"count":{"type":"number","default":2}}}}}},"401":{"description":"unauthenticated"},"403":{"description":"forbidden"},"404":{"description":"The specified resource was not found","content":{"application/json":{"schema":{"$ref":"#/components/schemas/BaseResponse"}}}},"500":{"description":"internal server error"}}}},"/jobs/{jobId}/data_summaries":{"get":{"tags":["Jobs"],"summary":"Gets A job's data summaries","description":"Gets A job's data summaries","operationId":"getJobDataSummaries","parameters":[{"name":"jobId","in":"path","required":true,"style":"simple","explode":false,"schema":{"type":"integer"}},{"name":"dataSummaryType","in":"query","required":false,"style":"form","explode":true,"schema":{"type":"string","enum":["DATA_SUMMARY","PRICE_SUMMARY"]}},{"name":"limit","in":"query","required":false,"style":"form","explode":true,"schema":{"type":"integer"}},{"name":"offset","in":"query","required":false,"style":"form","explode":true,"schema":{"type":"integer"}}],"responses":{"200":{"description":"outputs of the job.","content":{"application/json":{"schema":{"$ref":"#/components/schemas/ScrapingjobTest"}}}},"401":{"description":"unauthenticated"},"403":{"description":"forbidden"},"404":{"description":"The specified resource was not found","content":{"application/json":{"schema":{"$ref":"#/components/schemas/BaseResponse"}}}},"500":{"description":"internal server error"}}}},"/jobs/{jobId}/requests/count":{"get":{"tags":["Jobs"],"summary":"Count A job's requests","description":"Count A job's requests","operationId":"countJobRequests","parameters":[{"name":"jobId","in":"path","required":true,"style":"simple","explode":false,"schema":{"type":"integer"}},{"name":"requestStatus","in":"query","required":false,"style":"form","explode":true,"schema":{"type":"string","enum":["INITIAL","ENQUEUED","DOWNLOADED","FAILED","RETRY","DOWNLOAD_FAILED","VISITED","ABORTED"]}},{"name":"requestLocked","in":"query","required":false,"style":"form","explode":true,"schema":{"type":"boolean"}}],"responses":{"200":{"description":"requests count.","content":{"application/json":{"schema":{"properties":{"count":{"type":"number","default":2}}}}}},"401":{"description":"unauthenticated"},"403":{"description":"forbidden"},"404":{"description":"The specified resource was not found","content":{"application/json":{"schema":{"$ref":"#/components/schemas/BaseResponse"}}}},"500":{"description":"internal server error"}}}},"/jobs/{jobId}/requests":{"get":{"tags":["Jobs"],"summary":"Gets A job's requests","description":"Gets A job's requests","operationId":"getJobRequests","parameters":[{"name":"jobId","in":"path","required":true,"style":"simple","explode":false,"schema":{"type":"integer"}},{"name":"requestStatus","in":"query","required":false,"style":"form","explode":true,"schema":{"type":"string","enum":["INITIAL","ENQUEUED","DOWNLOADED","FAILED","RETRY","DOWNLOAD_FAILED","VISITED","ABORTED"]}},{"name":"requestLocked","in":"query","required":false,"style":"form","explode":true,"schema":{"type":"boolean"}},{"name":"limit","in":"query","required":false,"style":"form","explode":true,"schema":{"type":"integer"}},{"name":"offset","in":"query","required":false,"style":"form","explode":true,"schema":{"type":"integer"}}],"responses":{"200":{"description":"outputs of the job.","content":{"application/json":{"schema":{"$ref":"#/components/schemas/ScrapingjobTest"}}}},"401":{"description":"unauthenticated"},"403":{"description":"forbidden"},"404":{"description":"The specified resource was not found","content":{"application/json":{"schema":{"$ref":"#/components/schemas/BaseResponse"}}}},"500":{"description":"internal server error"}}}},"/variations_status":{"get":{"tags":["Variations Status"],"summary":"List of variations Status currently managed by the scraping system.","description":"list of variations Status currently managed by the scraping system\n","operationId":"listVariationsStatus","parameters":[{"name":"limit","in":"query","description":"maximum number of items to retrieve","required":false,"style":"form","explode":true,"schema":{"type":"string"}},{"name":"offset","in":"query","description":"offset of the first item to retrieve","required":false,"style":"form","explode":true,"schema":{"type":"string"}}],"responses":{"200":{"description":"list of managed variations Status (may be empty).","content":{"application/json":{"schema":{"type":"array","items":{"$ref":"#/components/schemas/ScrapingVariationsStatus"}}}}},"401":{"description":"unauthenticated"},"403":{"description":"forbidden"},"500":{"description":"Internal server error"}}},"post":{"tags":["Variations Status"],"summary":"Creates a new Variations Status.","description":"Creates a new Variations Status.","operationId":"addVariationsStatus","requestBody":{"description":"the data of the variations status.","content":{"application/json":{"schema":{"$ref":"#/components/schemas/ScrapingVariationsStatus"}}}},"responses":{"201":{"description":"Variations Status created, returns Id of the Variations Status","content":{"application/json":{"schema":{"$ref":"#/components/schemas/VariationsStatusId"}}}},"401":{"description":"unauthenticated"},"403":{"description":"forbidden"},"500":{"description":"invalid input, object invalid"}}}},"/variations_status/create":{"post":{"tags":["Variations Status"],"summary":"Creates a new Variations Status from database.","description":"Creates a new Variations Status from database.","operationId":"createVariationsStatus","requestBody":{"description":"the data of the variations status.","content":{"application/json":{"schema":{"$ref":"#/components/schemas/VariationsStatusCreationInfo"}}}},"responses":{"201":{"description":"Variations Status created, returns Id of the Variations Status","content":{"application/json":{"schema":{"$ref":"#/components/schemas/VariationsStatusId"}}}},"401":{"description":"unauthenticated"},"403":{"description":"forbidden"},"500":{"description":"invalid input, object invalid"}}}},"/variations_status/{variationsStatusId}":{"get":{"tags":["Variations Status"],"summary":"Get a variations Status currently managed by the scraping system.","description":"get a variations Status currently managed by the scraping system\n","operationId":"getVariationsStatus","parameters":[{"name":"variationsStatusId","in":"path","required":true,"style":"simple","explode":false,"schema":{"type":"integer"}},{"name":"updateLastUsedAt","in":"query","required":false,"style":"form","explode":true,"schema":{"type":"boolean"}}],"responses":{"200":{"description":"list of managed variations Status (may be empty).","content":{"application/json":{"schema":{"$ref":"#/components/schemas/ScrapingVariationsStatus"}}}},"401":{"description":"unauthenticated"},"403":{"description":"forbidden"},"500":{"description":"Internal server error"}}},"delete":{"tags":["Variations Status"],"summary":"Deletes a Variations Status.","description":"Deletes a new Variations Status.","operationId":"deleteVariationsStatus","parameters":[{"name":"variationsStatusId","in":"path","required":true,"style":"simple","explode":false,"schema":{"type":"integer"}}],"responses":{"200":{"description":"Variations Status deleted","content":{"application/json":{"schema":{"type":"object","properties":{"message":{"type":"string","example":"ok"}}}}}},"401":{"description":"unauthenticated"},"403":{"description":"forbidden"},"500":{"description":"invalid input, object invalid"}}}}},"components":{"schemas":{"BaseResponse":{"required":["code","message"],"type":"object","properties":{"code":{"type":"number"},"message":{"type":"string"}}},"ScrapingConfiguration":{"required":["configurationId"],"type":"object","properties":{"configurationId":{"type":"integer","example":1},"taskId":{"type":"integer","example":1},"templateConfigurationId":{"type":"integer","example":1},"configurationName":{"type":"string","example":"Televisions - BestBuy -"},"configurationDescription":{"type":"string","example":"Scraping of Televisions on www.bestbuy.com"},"configurationWebsite":{"type":"string","example":"www.bestbuy.com"},"configurationCategory":{"type":"string","example":"Electronics.Televisions"},"configurationJson":{"type":"string","example":"{\"Name\":\"Walmart - Televisions\",\"Description\":\"Starts a scraping of Televisions Products and Reviews from www.walmart.com\",\"TargetWebsite\":\"www.walmart.com\",\"MainCategory\":\"Electronics.Televisions\",\"ParsingLevel\":\"Reviews\",\"ScrapingOrder\":\"DepthFirst\",\"OutputOptions\":{\"MaxOutputFileSize\":25,\"TargetDatabase\":\"massive_tvs_production\",\"VariationsWithoutReviewsParsing\":false},\"DownloaderOptions\":{\"ParallelDownloadsCount\":4,\"Headless\":true,\"DownloaderSessionTimeout\":\"600 sec\"},\"StartingURLs\":[\"https://www.walmart.com/browse/tv-video/all-tvs/3944_1060825_447913\"],\"VariationsStatus\":[],\"JobPriority\":\"1\",\"CustomUpdateQuery\":\"\"}"}}},"ScrapingConfigurationCustomOption":{"required":["OptionName","OptionValue"],"type":"object","properties":{"OptionName":{"type":"string","example":"OptionName"},"OptionValue":{"type":"string","example":"OptionValue"}}},"ScrapingConfigurationJson":{"required":["MainCategory","Name","TargetWebsite"],"type":"object","properties":{"Name":{"type":"string","example":"Walmart - Televisions"},"Description":{"type":"string","example":"scraping of Walmart - Televisions"},"TargetWebsite":{"type":"string","example":"www.website.com"},"MainCategory":{"type":"string","example":"Electronics"},"ParsingLevel":{"type":"string","enum":["Showcase","Variations","Reviews"]},"ScrapingOrder":{"type":"string","example":"DepthFirst"},"JobPriority":{"type":"integer","example":1},"MostRecentReviewDate":{"type":"string","example":"2018-01-31"},"CustomUpdateQuery":{"type":"string"},"OutputOptions":{"$ref":"#/components/schemas/OutputOptions"},"DownloaderOptions":{"$ref":"#/components/schemas/DownloaderOptions"},"StartingURLs":{"type":"array","items":{"type":"string","format":"url","example":"https://www.website.com/products/086565658.html"}},"VariationsStatus":{"type":"array","items":{"$ref":"#/components/schemas/RecentReviewDate"}},"CustomOptions":{"type":"array","items":{"$ref":"#/components/schemas/ScrapingConfigurationCustomOption"}}}},"ScrapingJob":{"required":["configurationId","jobId"],"type":"object","properties":{"jobId":{"type":"integer","example":1},"configurationId":{"type":"integer","example":1},"variationsStatusId":{"type":"integer","example":1},"jobStatistics":{"type":"string"},"jobStatus":{"type":"string","enum":["PENDING","DISPATCHING","INITIALIZING","RUNNING","STOP","STOPPING","ABORT","COMPLETED","ABORTED","ARCHIVED"]},"jobStage":{"type":"string","enum":["UNIT_TEST","INTEGRATION_TEST","PRODUCTION"]},"creationDate":{"type":"string","example":"2019-08-10T00:00:00.000Z"},"jobCreationDate":{"type":"string","example":"2019-08-10T00:00:00.000Z"},"jobName":{"type":"string","example":"New Job Name"},"jobDescription":{"type":"string","example":"New Job Description"},"jobCategory":{"type":"string","example":"newJob.Category"},"jobPriority":{"type":"integer","example":1},"jobLocked":{"type":"boolean","example":false},"jobLockedAt":{"type":"string","format":"datetime","example":"2019-01-01 15:03:34"}}},"ScrapingjobStatistics":{"type":"object","properties":{"Progression":{"type":"number","example":0.4},"ScrapingDate":{"type":"string","example":"2019-08-19"},"LastPeriodWrittenVariationCount":{"type":"integer","example":0},"TargetWebsite":{"type":"string","example":"www.jd.com"},"StatisticsTime":{"type":"integer","example":1566567815172},"LastPeriodVisitedPagesCount":{"type":"integer","example":279},"LastPeriodEnqueuedPagesCount":{"type":"integer","example":264},"WrittenReviewCount":{"type":"integer","example":128397},"ExpectedETA":{"type":"integer","example":-1},"MainCategory":{"type":"string","example":"Diapering.Diapers.Cn"},"LastPeriodParsedReviewCount":{"type":"integer","example":8},"ManualDownloaderQueueSize":{"type":"integer","example":0},"ParsedProductCount":{"type":"integer","example":2703},"LastPeriodWrittenProductCount":{"type":"integer","example":6},"ParsedReviewCount":{"type":"integer","example":168027},"ParsedVariationCount":{"type":"integer","example":6424},"WrittenVariationCount":{"type":"integer","example":1700},"LastPeriodEnqueuedPagesAverage":{"type":"number","example":131.95601466177942},"ScrapingTime":{"type":"integer","example":36780549},"WrittenProductCount":{"type":"integer"},"LastPeriodParsedVariationCount":{"type":"integer","example":0},"LastPeriodVisitedPagesAverage":{"type":"number","example":139.45351549483505},"FormattedScrapingTime":{"type":"string","example":"4 Days, 06 Hours, 10 Minutes, 00 Seconds"},"WronglyLoadedPages":{"type":"integer","example":0},"LastPeriodParsedProductCount":{"type":"integer","example":6},"LastPeriodWrittenReviewCount":{"type":"integer","example":8},"AutomaticDownloaderQueueSize":{"type":"integer","example":5472},"VisitedPagesCount":{"type":"integer","example":630429},"EnqueuedPagesCount":{"type":"integer","example":635908},"StatisticsPeriod":{"type":"integer","example":120040}}},"ScrapingjobTest":{"type":"object","properties":{"jobId":{"type":"number","example":4.212E+4},"jobTestType":{"type":"string","example":"UNIT_TEST"},"jobTestJson":{"type":"string"}}},"VariationsStatusCreationInfo":{"required":["databaseName","targetWebsite"],"type":"object","properties":{"databaseName":{"type":"string","example":"moisturizers"},"targetWebsite":{"type":"string","example":"www.bestbuy.com"}}},"VariationsStatusId":{"required":["variationsStatusId"],"type":"object","properties":{"variationsStatusId":{"type":"integer","example":1}}},"ScrapingVariationsStatus":{"required":["variationsStatusCategory","variationsStatusCreatedAt","variationsStatusId","variationsStatusWebsite"],"type":"object","properties":{"variationsStatusId":{"type":"integer","example":1},"variationsStatusWebsite":{"type":"string","example":"www.bestbuy.com"},"variationsStatusCategory":{"type":"string","example":"Electronics.Televisions"},"variationsStatus":{"type":"string","example":"{ \"VariationsStatus\": [{\"VariationURL\": \"www.website.com/products/086565658.html\",\"MostRecentReviewDate\": \"2017-05-21\"}], \"URLsToSkip\": [\"www.website.com/products/086565657.html\", \"www.website.com/products/086565659.html\"]}"},"variationsStatusCreatedAt":{"type":"string","format":"datetime","example":"2019-01-01 15:03:34"},"variationsStatusLastUsedAt":{"type":"string","format":"datetime","example":"2019-01-01 15:03:34"}}},"OutputOptions":{"required":["TargetDatabase"],"properties":{"VariationsWithoutReviewsParsing":{"type":"boolean","example":false},"MaxOutputFileSize":{"type":"integer","example":25},"TargetDatabase":{"type":"string","example":"massive_tvs_production"}}},"DownloaderOptions":{"properties":{"ProxyHost":{"type":"string","example":"192.168.1.1"},"ProxyPort":{"type":"string","example":"8000"},"Headless":{"type":"boolean","example":true},"DownloaderSessionTimeout":{"type":"string","example":"120 sec"}}},"ScrapingJobOutput":{"properties":{"outputId":{"type":"integer","example":95},"filePath":{"type":"string","example":"JobsOutput/821a7efe-9f02-4cf7-90c0-e5d2df0e53af/Output/a14a62e5-2d0c-4c32-a67e-42dc3b6f1bea.gzip"}}},"RecentReviewDate":{"required":["MostRecentReviewDate","VariationURL"],"properties":{"VariationURL":{"type":"string","format":"url","example":"www.website.com/products/086565658.html"},"MostRecentReviewDate":{"type":"string","example":"2017-05-21"}}}},"responses":{"NotFound":{"description":"The specified resource was not found","content":{"application/json":{"schema":{"$ref":"#/components/schemas/BaseResponse"}}}},"AlreadyExists":{"description":"The specified resource already exists","content":{"application/json":{"schema":{"$ref":"#/components/schemas/BaseResponse"}}}},"Unauthorized":{"description":"Unauthorized","content":{"application/json":{"schema":{"$ref":"#/components/schemas/BaseResponse"}}}},"Forbidden":{"description":"Forbidden","content":{"application/json":{"schema":{"$ref":"#/components/schemas/BaseResponse"}}}},"InternalServerError":{"description":"Internal Server Error","content":{"application/json":{"schema":{"$ref":"#/components/schemas/BaseResponse"}}}},"Success":{"description":"Success","content":{"application/json":{"schema":{"$ref":"#/components/schemas/BaseResponse"}}}}},"securitySchemes":{"bearerAuth":{"type":"http","scheme":"bearer"}}}}