{"openapi":"3.0.0","info":{"title":"","description":"COR-e simple API","version":"1.0.0"},"servers":[{"url":"https://api.cor-e.fr","description":"Official server URL."}],"security":[{"basicAuth":[]}],"paths":{"/apiv1/get/data/{path}":{"get":{"description":"Read a single file.","parameters":[{"name":"path","in":"path","description":"Remainder of path, including slashes.","required":true,"style":"simple","explode":false,"schema":{"type":"string","format":"path"},"example":"2_Price/Forecast/Day_Ahead/COR_E/FR/2022/03/CORE_PRICE_FORECAST_DayAhead_CORE_FR_Hourly_EC_OP_2022033000.csv"}],"responses":{"200":{"description":"OK","content":{"text/csv":{"schema":{"type":"array","items":{"type":"string"}}}}},"403":{"description":"Forbidden, check your API key."},"404":{"description":"Not found."}}}},"/apiv1/list/data/{path}":{"description":"Get a directory content.","get":{"parameters":[{"name":"path","in":"path","description":"Remainder of path, including slashes.","required":true,"style":"simple","explode":false,"schema":{"type":"string","format":"path"},"example":"2_Price/Forecast/Day_Ahead/COR_E/"}],"responses":{"200":{"description":"OK","content":{"application/json":{"schema":{"$ref":"#/components/schemas/dir"}}}},"403":{"description":"Forbidden, check your API key."},"404":{"description":"Not found."}}}}},"components":{"schemas":{"dirEntry":{"type":"object","properties":{"name":{"type":"string"},"type":{"type":"string","enum":["dir","file"]},"created":{"type":"string","format":"date-time"},"modified":{"type":"string","format":"date-time"},"size":{"type":"integer"}},"description":"directory entry"},"dir":{"type":"object","properties":{"count":{"type":"integer"},"entries":{"type":"array","items":{"$ref":"#/components/schemas/dirEntry"}}},"description":"directory"}},"securitySchemes":{"basicAuth":{"type":"http","scheme":"bearer"}}}}