{"openapi":"3.0.0","info":{"title":"Honcho Risk Profile","description":"Specification for Honcho Risk Profile","termsOfService":"http://example.com/terms","contact":{"name":"Honcho Markets","url":"https://gethoncho.com","email":"support@gethoncho.com"},"version":"1.0.0"},"servers":[{"url":"https://virtserver.swaggerhub.com/MAWDesigns/HonchoRiskProfile/1.0.0","description":"SwaggerHub API Auto Mocking"},{"url":"https://honcho-veh-api-mgr-dev.azure-api.net/honcho-api-dev","description":"Honcho Risk Profile API"}],"paths":{"/riskProfile/":{"post":{"tags":["Risk Profile"],"summary":"Create a risk profile","requestBody":{"content":{"application/json":{"schema":{"$ref":"#/components/schemas/riskProfile"}}},"required":true},"responses":{"200":{"description":"Success"}}}},"/riskProfile/{id}":{"get":{"tags":["Risk Profile"],"summary":"Retrieve risk profile","parameters":[{"name":"id","in":"path","description":"The Honcho auction ID","required":true,"style":"simple","explode":false,"schema":{"type":"string","format":"uuid"},"example":"a380ff78-e864-4886-887c-55b327509a7e"}],"responses":{"200":{"description":"Success","content":{"application/json":{"schema":{"$ref":"#/components/schemas/riskProfile"}}}},"400":{"description":"Invalid Auction ID"},"404":{"description":"Risk profile not found"}}},"patch":{"tags":["Risk Profile"],"summary":"Update a risk profile","parameters":[{"name":"Ocp-Apim-Subscription-Key","in":"header","required":true,"style":"simple","explode":false,"schema":{"type":"string"},"example":"acd8cb59ee974b508dc5a58107a9995c"},{"name":"id","in":"path","description":"","required":true,"style":"simple","explode":false,"schema":{"type":"string","format":"uuid"},"example":"a380ff78-e864-4886-887c-55b327509a7e"}],"requestBody":{"content":{"application/json":{"schema":{"$ref":"#/components/schemas/riskProfile"}}},"required":true},"responses":{"200":{"description":"Success"},"400":{"description":"Invalid Auction ID"}}}}},"components":{"schemas":{"riskProfile":{"required":["cover","id","message_timestamp","proposer","userId","vehicle"],"type":"object","properties":{"id":{"type":"string","description":"","format":"uuid","example":"186828a9-b2c4-4819-94f2-bd3035a7ef6c"},"userId":{"type":"string","description":"","format":"uuid","example":"196728a7-c2c7-7919-94f2-bd3035a7ef6c"},"round":{"type":"integer","description":"","example":2},"integration_partner_id":{"type":"string","description":"The Honcho integration partner ID","format":"uuid","example":"facebead-face-bead-face-beadfacebead"},"partner_grouping_id":{"type":"string","description":"The Honcho partner grouping ID","format":"uuid","example":"5abc17d3-06c6-4ffb-98a0-d8abda54fa28"},"partner_id":{"type":"string","description":"The Honcho partner ID","format":"uuid","example":"116dcd92-38a6-468f-806a-8836df627ac6"},"message_timestamp":{"type":"string","description":"The time the message was sent to Honcho","example":"2021-01-01T00:00:00"},"bid_request_date":{"type":"string","description":"The date the bid request was made","example":"2021-01-01T00:00:00"},"proposer":{"$ref":"#/components/schemas/proposer"},"learner":{"$ref":"#/components/schemas/learner"},"business":{"$ref":"#/components/schemas/business"},"cover":{"$ref":"#/components/schemas/cover"},"vehicle":{"$ref":"#/components/schemas/vehicle"},"additional_drivers":{"$ref":"#/components/schemas/additional_drivers"}},"description":"The risk profile sent to an insurance provider"},"additional_drivers":{"maxItems":4,"minItems":0,"type":"array","description":"List of additional drivers added to the policy","items":{"$ref":"#/components/schemas/additional_driver"}},"additional_driver":{"type":"object","properties":{"relationship_to":{"type":"string","description":"The polaris value of the additional driver's relationship to the propser\n\nS = Married/Spouse\n\nM = Mother/Father\n\nPR1 = Cohabiting\n\nW = Common law partner\n\nO = Daughter/Son\n\nJ = Civil partner\n\nA = Brother/Sister\n\nPR2 = Step mother/Step father\n\nR = Grandmother/Grandfather\n\nK = Grandchild\n\nPR3 = Legal guardian\n\n1 = Guardian\n\nU = Unrelated","example":"S","enum":["S","M","PR1","W","O","J","A","PR2","R","K","PR3","1","U"]}},"allOf":[{"$ref":"#/components/schemas/person"}]},"proposer":{"required":["address","contact_email","contact_phone","number_of_vehicles"],"type":"object","properties":{"contact_email":{"type":"string","description":"The proposer's contact email address","example":"chad.crossman@honchomarkets.com"},"contact_phone":{"type":"string","description":"The proposer's contact number","example":"07777777777"},"number_of_vehicles":{"type":"integer","description":"The number of vehicles kept at the proposer's address","example":2},"is_homeowner":{"type":"boolean","description":"Is the proposer a homeowner.","example":true,"default":false},"address":{"$ref":"#/components/schemas/address"},"children_under_16":{"type":"boolean","description":"Does the proposer have children under the age of 16","example":true,"default":false}},"allOf":[{"$ref":"#/components/schemas/person"}]},"person":{"required":["age","claims","convictions","date_of_birth","employment_status","first_name","has_health_restriction","jobs","last_name","licence_duration","licence_number","licence_type","lived_in_uk_since_birth","marital_status","sex"],"type":"object","properties":{"age":{"type":"integer","example":22},"has_previous_claims":{"type":"boolean","description":"Does the person have any previous claims or accidents?","example":true,"default":false},"first_name":{"type":"string","description":"First name","example":"Jon"},"last_name":{"type":"string","description":"Family or surname","example":"Smith"},"date_of_birth":{"pattern":"YYYY-MM-DD","type":"string","description":"Date of birth","format":"date"},"lived_in_uk_since":{"type":"string","description":"The year in which the person moved to the UK","example":"1984"},"lived_in_uk_since_birth":{"type":"boolean","description":"Has the person lived in the UK all their life?","example":true},"sex":{"type":"string","description":"The polaris value of the sex of the person.\n\nM = Male\n\nF = Female","example":"M","enum":["M","F"]},"marital_status":{"type":"string","description":"The polaris value of the marital status of the person.\n\nS = Single\n\nM = Married\n\nP = Partner cohabiting\n\nC = Married common law\n\nB = Civil partnership\n\nA = Separated\n\nD = Divorced\n\nW = Widowed\n\nN = Not applicable","example":"S","enum":["S","M","P","C","B","A","D","W","N"]},"has_health_restriction":{"type":"boolean","description":"Does the person have any health restrictions?","example":false},"health_restriction":{"type":"string","description":"The polaris value of the person's health restrictions:\n\n 8 = DVLA aware - no restrictions\n\n9 = DVLA aware - 1 year restricted licence\n\n13 = DVLA aware - 2 year restricted licence\n\n 12 = DVLA aware - 3 year restricted licence\n\nLR1 = DVLA Unaware","example":"8","enum":["8","9","13","12"]},"employment_status":{"type":"string","description":"The polaris value of the person's emploment status:\n\nE = Employed full time\n\nT = Employed temporary\n\nF = Full/Part time education\n\nS = Self-employed\n\nU = Unemployed\n\nV = Voluntary work\n\nH = House person\n\nA = Financially assisted\n\nN = Not employed due to disability\n\nI = Independent means (non-work income)\n\nR = Retired","enum":["E","T","F","S","U","V","H","A","N","I","R"]},"licence_type":{"type":"integer","description":"The polaris value of the type of licence held by the person:\n\nF = Full, UK\n\nP = Provisional, UK\n\nLT1 = Full - Auto only, UK\n\nE = Full, EU\n\nH = Full, European (non-EU)\n\nN = Full, International\n\n5 = Full, medically restricted - less than 3yrs\n\nX = Full, medically restricted - 3yrs or more\n\n3 = Provisional, medically restricted - less than 3yrs\n\n1 = Provisional, medically restricted - 3yrs or more","example":1,"enum":[0,1,2,3,4,5,6,7,8,9]},"licence_number":{"type":"string","description":"The person's driving licence number","example":"SMITH806704SI9NE78"},"licence_duration":{"type":"integer","description":"The number of years the person has held their licence for","example":6},"advanced_driving_qualifications":{"type":"boolean","description":"Does the person have any advanced driving qualifications?","example":true,"default":false},"jobs":{"$ref":"#/components/schemas/jobs"},"claims":{"$ref":"#/components/schemas/claims"},"convictions":{"$ref":"#/components/schemas/convictions"},"drives_other_vehicle":{"type":"boolean","description":"Does the person drive other vehicles","example":true,"default":false},"other_vehicle":{"type":"integer","description":"The way in which the person uses another vehicle\n\n0 = Own or use another car\n\n1 = Named driver on another car not owned by you\n\n2 = Company car (incl. personal use)\n\n3 = Company car (excl. personal use)\n\n4 = Own or use a motorbike\n\n5 = Own or use a van","example":1},"has_unspent_convictions":{"type":"boolean","description":"Do the person have any non-motor convictions that aren’t spent?","example":true,"default":false}}},"address":{"required":["address_line_1","address_line_2","city","postcode"],"type":"object","properties":{"address_line_1":{"type":"string","example":"Salvus House"},"address_line_2":{"type":"string","example":"Aykley Heads"},"city":{"type":"string","example":"Durham"},"postcode":{"maxLength":8,"minLength":3,"type":"string","example":"DH1 5TS"}}},"job":{"required":["occupation","occupation_title","sector","sector_title"],"type":"object","properties":{"sector":{"type":"string","description":"Come from Polaris lookup values","example":"747"},"occupation":{"type":"string","description":"Come from Polaris lookup values","example":"U03"},"sector_title":{"type":"string","description":"Come from Polaris lookup values","example":"None - unemployed"},"occupation_title":{"type":"string","description":"Come from Polaris lookup values","example":"Unemployed"}},"description":"Job Object values come directly from polaris lookups"},"jobs":{"maxItems":8,"minItems":0,"type":"array","description":"List of Jobs","items":{"$ref":"#/components/schemas/job"}},"claim":{"required":["claim_against_your_policy","claim_bonus_affected","claim_date","claim_injuries","claim_status","claim_type"],"type":"object","properties":{"claim_date":{"maxLength":10,"minLength":10,"pattern":"YYYY-MM-DD","type":"string","description":"Date of the claim. Must be earlier than current date on initial call","format":"date","example":"2018-10-31"},"claim_type":{"type":"string","description":"The polaris lookup values","example":"N"},"claim_status":{"type":"string","description":"The status of the claim:\n\nO05 = Settled, driver at fault\n\nO22 = Settled, driver not at fault\n\nT01 = Not settled/pending","example":"O05"},"claim_injuries":{"type":"boolean","example":true,"default":false},"claim_bonus_affected":{"type":"boolean","example":true,"default":false},"claim_against_your_policy":{"type":"boolean","example":true,"default":false}},"description":"Claim Object values come directly from polaris lookups where possible"},"claims":{"maxItems":8,"minItems":0,"type":"array","description":"List of Claims","items":{"$ref":"#/components/schemas/claim"}},"conviction":{"required":["conviction_date","conviction_title","conviction_type","conviction_type_title","has_conviction_ban","has_conviction_fine","has_conviction_points"],"type":"object","properties":{"conviction_ban":{"type":"integer","description":"No months banned if applicable","example":0},"conviction_date":{"maxLength":10,"minLength":0,"pattern":"YYYY-MM-DD","type":"string","description":"Date of the conviction Must be earlier than current date on initial call","format":"date","example":"2018-10-31"},"conviction_fine":{"minimum":0,"type":"integer","description":"amount fined in £s","example":0},"conviction_type":{"type":"string","description":"Come from Polaris lookup values","example":"SP30"},"conviction_title":{"type":"string","description":"Come from Polaris lookup values","example":"P30 - Exceeding Statutory Speed Limit On a Public Road"},"conviction_type_title":{"type":"string","description":"Come from Polaris lookup values","example":"Speed Limits"},"conviction_points":{"maximum":12,"minimum":0,"type":"integer","description":"No of point awarded, if applicable","example":3},"has_conviction_ban":{"type":"boolean","example":true,"default":false},"has_conviction_fine":{"type":"boolean","example":true,"default":false},"alcohol_reading_level":{"maximum":1E+3,"minimum":0,"type":"integer","description":"Alcohol reading, if applicable","example":0},"has_conviction_points":{"type":"boolean","example":true,"default":false},"alcohol_reading_method":{"type":"string","description":"Method used to get the alcohol reading:\n\n1 = Breath\n\n2 = Blood\n\n3 = Urine","example":"1","enum":["1","2","3"]}},"description":"Conviction Object values come directly from polaris lookups where possible"},"convictions":{"maxItems":80,"minItems":0,"type":"array","description":"List of convictions","items":{"$ref":"#/components/schemas/conviction"}},"vehicle":{"required":["abi_code","alarm_immobiliser_fitted","daytime_parking","driver_side","engine_capacity","fuel_type","has_modifications","is_imported","is_registered_keeper","is_registered_owner","kept_at_address","make","model","number_of_doors","number_of_seats","overnight_parking","registered_keeper","registered_owner","registration_number","tracker_fitted","transmission","valuation","vehicle_insurance_group","vehicle_purchase_date","vehicle_type","vehicle_value","year"],"type":"object","properties":{"abi_code":{"type":"string","example":"32131131"},"alarm_immobiliser_fitted":{"type":"boolean","example":true},"alarm_immobiliser_type":{"type":"integer","description":"The polaris value of the type of alarm/immobiliser fitted\n\n0 = Factory fitted Thatcham alarm/immobiliser\n\n1 = Factory fitted Thatcham immobiliser\n\n2 = Factory fitted Thatcham alarm\n\n3 = Factory fitted non-Thatcham alarm/immobiliser\n\n4 = Factory fitted non-Thatcham immobiliser\n\n5 = Factory fitted non-Thatcham alarm\n\n6 = Other","example":0},"daytime_parking":{"type":"string","description":"The polaris value of where is the vehicle parked during the day\n\nD = At home\n\nE = Office/Factory car park\n\nG = Secure public car park\n\nF = Open public car park\n\n7 = Locked compound\n\nB = Unlocked compound\n\nH = Street away from home","example":"D"},"overnight_parking":{"type":"string","description":"Where is the vehicle parked overnight\n\n4 = Driveway\n\n1 = Locked garage\n\nI = Unlocked garage\n\nD = Street outside home\n\nH = Street away from home\n\nK = Residents parking - public road\n\nL = Residents parking - private premises\n\nE = Office/Factory car park\n\nF = Open public car park\n\nG = Secure public car park\n\n8 = Carport\n\n7 = Locked compound\n\nB = Unlocked compound","example":"H"},"driver_side":{"type":"string","example":"RH","enum":["LH","RH"]},"engine_capacity":{"type":"integer","description":"Engine capacity in CC","example":1394},"fuel_type":{"type":"string","example":"Petrol","enum":["Diesel","Electric","Electric/Diesel","Gas Bi-Fuel","Heavy Oil","Hybrid Electric","Petrol"]},"has_modifications":{"type":"boolean","example":false},"modifications":{"type":"array","description":"An array of modifcations Polaris values","example":[1,2,3,4],"items":{"type":"integer"}},"is_imported":{"type":"boolean","example":false},"is_registered_keeper":{"type":"boolean","example":true},"registered_keeper":{"type":"string","description":"The polaris value of the registered keeper of the vehicle:\n\n2 = Spouse\n\n6 = Mother/Father\n\n7 = Common law partner\n\nE = Civil partner\n\nM = Brother/Sister\n\n8 = Son or daughter\n\n4 = Leased - Private\n\nVK1 = Leased - Company\n\n3 = Company\n\nVK2 = Society/Club\n\n9 = Other","example":"E","enum":["2","6","7","E","M","8","4","VK1","3","VK2","9"]},"is_registered_owner":{"type":"boolean","example":true},"registered_owner":{"type":"string","description":"The polaris value of the registered owner of the vehicle:\n\n2 = Spouse\n\n6 = Mother/Father\n\n7 = Common law partner\n\nE = Civil partner\n\nM = Brother/Sister\n\n8 = Son or daughter\n\n4 = Leased - Private\n\nVK1 = Leased - Company\n\n3 = Company\n\nVK2 = Society/Club\n\n9 = Other","example":"E","enum":["2","6","7","E","M","8","4","VK1","3","VK2","9"]},"kept_at_address":{"type":"boolean","example":true},"vehicle_address":{"$ref":"#/components/schemas/address"},"make":{"type":"string","example":"Mercedes-benz"},"model":{"type":"string","example":"S63 amg auto"},"number_of_doors":{"type":"integer","example":2},"number_of_seats":{"type":"integer","example":4},"registration_number":{"type":"string","example":"VK64XPP"},"year":{"type":"integer","example":2014},"transmission":{"type":"string","example":"Automatic","enum":["Automatic","CVT","Manual","Manual 5 Gear","Semi Auto"]},"tracker_fitted":{"type":"boolean","example":false},"vehicle_purchase_date":{"type":"string","format":"date-time"},"vehicle_value":{"type":"integer","example":41560},"vehicle_type":{"type":"string","example":"Car","enum":["Car","Van"]},"trailer_cover_required":{"type":"boolean","example":false},"has_racking":{"type":"boolean","example":false},"racking":{"type":"array","description":"The types of racking:\n\n158 = Internal racking\n\n159 = External racking\n\n160 = Internal shelving","items":{"type":"string","enum":["158","159","160"]}},"has_signage":{"type":"boolean","example":false},"signage":{"type":"array","description":"Where the signage is displayed:\n\n001 = Front\n\n002 = Side(s)\n\n003 = Back","items":{"type":"string","enum":["001","002","003"]}},"has_tipping_unit":{"type":"boolean","example":false},"tipping_unit":{"type":"array","description":"The types of tipping unit:\n\n001 = Refridgeration unit\n\n002 = Tipping unit","items":{"type":"string","enum":["001","002"]}},"gross_weight":{"type":"integer","example":1000},"payload":{"type":"integer","example":0},"vehicle_insurance_group":{"type":"string","example":"1"}}},"cover":{"required":["cover_start_date","cover_type","had_insurance_cancelled","has_no_claim_discount","no_claims_discount","payment_method","vehicle_annual_business_milage","vehicle_annual_milage","vehicle_use","voluntary_cover_excess","will_enable_telematics"],"type":"object","properties":{"cover_type":{"$ref":"#/components/schemas/cover_type"},"vehicle_use":{"$ref":"#/components/schemas/vehicle_use"},"cover_extras":{"$ref":"#/components/schemas/cover_extra"},"payment_method":{"maximum":2,"minimum":1,"type":"string","description":"A is Annual and I is installments","example":"A","enum":["A","I"]},"cover_start_date":{"maxLength":10,"minLength":0,"pattern":"YYYY-MM-DD","type":"string","description":"Start date of cover. Must be current date or later on initial call","format":"date","example":"2021-09-30"},"no_claims_discount":{"maximum":9,"minimum":0,"type":"integer","description":"The number of years of no claims. 9 is none or more","example":1},"has_claim_free_driving_experience":{"type":"boolean","description":"The person has claim free experience from driving another vehicle","example":true},"has_no_claims_discount":{"type":"boolean","description":"Has no claims history","example":true,"default":false},"vehicle_annual_mileage":{"maximum":2.5E+5,"minimum":0,"type":"integer","description":"The number of non-business miles travelled per year.","example":10000},"voluntary_cover_excess":{"maximum":1E+4,"minimum":0,"type":"integer","description":"The amount of volultary excess the customer has offered to pay","example":500},"will_enable_telematics":{"type":"boolean","description":"True if driver is willing to fit or has a telematics device fitted","example":true,"default":false},"had_insurance_cancelled":{"type":"boolean","description":"True if driver driver has previously had insurance cancelled","example":true,"default":false},"vehicle_annual_business_mileage":{"maximum":2.5E+5,"minimum":0,"type":"integer","description":"The number of business miles travelled per year.","example":10000},"claim_free_driving_exerience":{"type":"string","description":"The polaris value of the driver's claim free experience\n\n2 = Commercial vehicle\n\n8 = Motorcycle\n\n9 = As a named driver\n\n15 = Own and insure another vehicle (excluding motorcycles)\n\n21 = Company car excluding personal use\n\n22 = Company car including personal use","enum":["2","8","9","15","21","22"]},"years_of_claim_free_driving_experience":{"maximum":9,"minimum":0,"type":"integer","description":"The number of years of no claims on other vehicle. 9 is nine or more","example":6}},"description":"Cover object"},"cover_type_item":{"type":"string","description":"Polatis values of of the type of cover 01 = Fully comp, 02 =  Third party, fire and theft and 03 = Third party only","example":"01","enum":["01","02","03"]},"cover_type":{"maxItems":8,"minItems":1,"required":["items"],"type":"array","description":"List of cover type item","example":"['01', '02', '03']","items":{"$ref":"#/components/schemas/cover_type_item"}},"cover_extra_item":{"type":"string","description":"The polaris value of Add-onsfor the cover:\n\n3 = Breakdown\n\n10 = Driving abroad\n\n5 = Windscreen\n\n1 =  Protected no claims\n\n2 = Motor legal\n\n9 = Lost keys\n\n8 = Stereo\n\n6 =  Courtesy vehicle\n\n7 = Personal belongings\n\n4 = Personal accident\n\n12 = Tools in transit\n\n13 = Misfueling\n\n14 = Execss protection","example":"11","enum":["3","10","5","1","2","9","8","6","7","4","12","13","14"]},"cover_extra":{"maxItems":14,"minItems":0,"type":"array","description":"List of cover_extra_item","items":{"$ref":"#/components/schemas/cover_extra_item"}},"vehicle_use":{"maxItems":8,"minItems":0,"required":["items"],"type":"array","description":"List of vehicleUse","items":{"$ref":"#/components/schemas/vehicleUse"}},"vehicleUse":{"type":"string","description":"The polaris value of the usage of the vehicle:\n\n01 = Commuting\n\n03 = Business\n\n04 = SDP\n\n06 = Commercial","example":"01","enum":["01","04","03","06"]},"learner":{"type":"object","properties":{"learner_license_duration":{"type":"integer","description":"","example":0},"has_cover_learner_practical_booked":{"type":"boolean","description":"","example":false},"cover_learner_practical_date":{"type":"string","description":"","example":"2021-01-01T00:00:00"},"cover_learner_owner":{"type":"boolean","description":"","example":false},"cover_learner_temp_period":{"type":"integer","description":"","example":1},"cover_learner_practicals":{"type":"integer","description":"","example":2},"cover_learner_owner_relation":{"type":"string","description":"","example":""},"cover_learner_owner_name":{"type":"string","description":"The learner's name","example":"Jon Smith"},"cover_learner_owner_email":{"type":"string","description":"The learner's contact email address","example":"jon@smith.com"},"cover_learner_owner_insurer":{"type":"string","description":"","example":""}}},"business":{"type":"object","properties":{"has_business":{"type":"boolean","description":"","example":false},"business_id":{"type":"string","description":"The business Id","example":""},"name":{"type":"string","description":"The name of the business","example":"Honcho"},"public_liability_insurance":{"type":"boolean","description":"","example":false},"member_of_trade_association":{"type":"boolean","description":"","example":false}}}}}}