{"openapi":"3.0.0","info":{"title":"IAccountant","description":"A small accounting application focused on working with files","version":"1.0.0"},"servers":[{"url":"https://virtserver.swaggerhub.com/MaximTkachev/IAccountant/1.0.0","description":"SwaggerHub API Auto Mocking"}],"paths":{"/auth/register":{"post":{"tags":["Auth"],"summary":"Create A New User","operationId":"create_a_new_user_auth_register_post","requestBody":{"content":{"application/json":{"schema":{"$ref":"#/components/schemas/UserCreate"}}},"required":true},"responses":{"200":{"description":"Successful Response","content":{"application/json":{"schema":{"$ref":"#/components/schemas/Token"}}}},"422":{"description":"Validation Error","content":{"application/json":{"schema":{"$ref":"#/components/schemas/HTTPValidationError"}}}}}}},"/auth/login":{"post":{"tags":["Auth"],"summary":"Login A User Into System","operationId":"login_a_user_into_system_auth_login_post","requestBody":{"content":{"application/x-www-form-urlencoded":{"schema":{"$ref":"#/components/schemas/Body_login_a_user_into_system_auth_login_post"}}},"required":true},"responses":{"200":{"description":"Successful Response","content":{"application/json":{"schema":{"$ref":"#/components/schemas/Token"}}}},"422":{"description":"Validation Error","content":{"application/json":{"schema":{"$ref":"#/components/schemas/HTTPValidationError"}}}}}}},"/operations/{operation_id}/file/":{"get":{"tags":["Files"],"summary":"Get File Of Operation","operationId":"get_file_of_operation_operations__operation_id__file__get","parameters":[{"name":"operation_id","in":"path","required":true,"style":"simple","explode":false,"schema":{"title":"Operation Id","type":"integer"}}],"responses":{"200":{"description":"Successful Response","content":{"application/json":{"schema":{}}}},"422":{"description":"Validation Error","content":{"application/json":{"schema":{"$ref":"#/components/schemas/HTTPValidationError"}}}}},"security":[{"OAuth2PasswordBearer":[]}]},"post":{"tags":["Files"],"summary":"Upload File","operationId":"upload_file_operations__operation_id__file__post","parameters":[{"name":"operation_id","in":"path","required":true,"style":"simple","explode":false,"schema":{"title":"Operation Id","type":"integer"}}],"requestBody":{"content":{"multipart/form-data":{"schema":{"$ref":"#/components/schemas/Body_upload_file_operations__operation_id__file__post"}}},"required":true},"responses":{"200":{"description":"Successful Response","content":{"application/json":{"schema":{}}}},"422":{"description":"Validation Error","content":{"application/json":{"schema":{"$ref":"#/components/schemas/HTTPValidationError"}}}}},"security":[{"OAuth2PasswordBearer":[]}]},"delete":{"tags":["Files"],"summary":"Delete File","operationId":"delete_file_operations__operation_id__file__delete","parameters":[{"name":"operation_id","in":"path","required":true,"style":"simple","explode":false,"schema":{"title":"Operation Id","type":"integer"}}],"responses":{"200":{"description":"Successful Response","content":{"application/json":{"schema":{}}}},"422":{"description":"Validation Error","content":{"application/json":{"schema":{"$ref":"#/components/schemas/HTTPValidationError"}}}}},"security":[{"OAuth2PasswordBearer":[]}]}},"/operations/":{"get":{"tags":["Operations"],"summary":"Get All Operations Of Current User","operationId":"get_all_operations_of_current_user_operations__get","parameters":[{"name":"kind","in":"query","required":false,"style":"form","explode":true,"schema":{"$ref":"#/components/schemas/OperationKind"}}],"responses":{"200":{"description":"Successful Response","content":{"application/json":{"schema":{"title":"Response Get All Operations Of Current User Operations  Get","type":"array","items":{"$ref":"#/components/schemas/Operation"}}}}},"422":{"description":"Validation Error","content":{"application/json":{"schema":{"$ref":"#/components/schemas/HTTPValidationError"}}}}},"security":[{"OAuth2PasswordBearer":[]}]},"post":{"tags":["Operations"],"summary":"Create Operation","operationId":"create_operation_operations__post","requestBody":{"content":{"application/json":{"schema":{"$ref":"#/components/schemas/OperationCreate"}}},"required":true},"responses":{"200":{"description":"Successful Response","content":{"application/json":{"schema":{"$ref":"#/components/schemas/Operation"}}}},"422":{"description":"Validation Error","content":{"application/json":{"schema":{"$ref":"#/components/schemas/HTTPValidationError"}}}}},"security":[{"OAuth2PasswordBearer":[]}]}},"/operations/{operation_id}":{"get":{"tags":["Operations"],"summary":"Get Operation By Id","operationId":"get_operation_by_id_operations__operation_id__get","parameters":[{"name":"operation_id","in":"path","required":true,"style":"simple","explode":false,"schema":{"title":"Operation Id","type":"integer"}}],"responses":{"200":{"description":"Successful Response","content":{"application/json":{"schema":{"$ref":"#/components/schemas/Operation"}}}},"422":{"description":"Validation Error","content":{"application/json":{"schema":{"$ref":"#/components/schemas/HTTPValidationError"}}}}},"security":[{"OAuth2PasswordBearer":[]}]}}},"components":{"schemas":{"Body_login_a_user_into_system_auth_login_post":{"title":"Body_login_a_user_into_system_auth_login_post","required":["password","username"],"type":"object","properties":{"grant_type":{"title":"Grant Type","pattern":"password","type":"string"},"username":{"title":"Username","type":"string"},"password":{"title":"Password","type":"string"},"scope":{"title":"Scope","type":"string","default":""},"client_id":{"title":"Client Id","type":"string"},"client_secret":{"title":"Client Secret","type":"string"}}},"Body_upload_file_operations__operation_id__file__post":{"title":"Body_upload_file_operations__operation_id__file__post","required":["file"],"type":"object","properties":{"file":{"title":"File","type":"string","format":"binary"}}},"HTTPValidationError":{"title":"HTTPValidationError","type":"object","properties":{"detail":{"title":"Detail","type":"array","items":{"$ref":"#/components/schemas/ValidationError"}}}},"Operation":{"title":"Operation","required":["amount","date","id","kind"],"type":"object","properties":{"date":{"title":"Date","type":"string","format":"date"},"kind":{"$ref":"#/components/schemas/OperationKind"},"amount":{"title":"Amount","type":"integer"},"description":{"title":"Description","type":"string"},"id":{"title":"Id","type":"integer"}}},"OperationCreate":{"title":"OperationCreate","required":["amount","date","kind"],"type":"object","properties":{"date":{"title":"Date","type":"string","format":"date"},"kind":{"$ref":"#/components/schemas/OperationKind"},"amount":{"title":"Amount","type":"integer"},"description":{"title":"Description","type":"string"}}},"OperationKind":{"title":"OperationKind","type":"string","description":"An enumeration.","enum":["income","outcome"]},"Token":{"title":"Token","required":["access_token"],"type":"object","properties":{"access_token":{"title":"Access Token","type":"string"},"token_type":{"title":"Token Type","type":"string","default":"bearer"}}},"UserCreate":{"title":"UserCreate","required":["email","password","username"],"type":"object","properties":{"username":{"title":"Username","type":"string"},"email":{"title":"Email","type":"string"},"password":{"title":"Password","type":"string"}}},"ValidationError":{"title":"ValidationError","required":["loc","msg","type"],"type":"object","properties":{"loc":{"title":"Location","type":"array","items":{"type":"string"}},"msg":{"title":"Message","type":"string"},"type":{"title":"Error Type","type":"string"}}}},"securitySchemes":{"OAuth2PasswordBearer":{"type":"oauth2","flows":{"password":{"tokenUrl":"/auth/login","scopes":{}}}}}}}