{"openapi":"3.0.0","info":{"title":"Maxwealth","description":"Обязательные заголовки при обращении к методам `Content-Type: application/json`, `Accept: application/json`, `Authorization: Bearer <token>`","version":"1.0.0"},"servers":[{"url":"https://maxwealth.io/api/v1","description":"Maxwealth API","variables":{"Content-Type":{"default":"application/json"}}},{"url":"https://virtserver.swaggerhub.com/Maxwealth/Maxwealth/1.0.0","description":"SwaggerHub API Auto Mocking"}],"security":[{"bearerAuth":[]}],"paths":{"/wallets/{payment}":{"get":{"operationId":"WalletsCount","parameters":[{"name":"Accept","in":"header","required":true,"style":"simple","explode":false,"schema":{"type":"string","enum":["application/json"]}},{"name":"payment","in":"path","required":true,"style":"simple","explode":false,"schema":{"type":"string","description":"Платёжная система","example":"qiwi","enum":["meta_mobile","meta_bank","meta_qiwi"]}},{"name":"is_multi","in":"query","required":false,"style":"form","explode":true,"schema":{"type":"boolean","description":"Мультизаявка true - да, false - нет","example":true}},{"name":"amount","in":"query","required":false,"style":"form","explode":true,"schema":{"type":"number","description":"Предполагаемая сумма заявки, обязательное поле если это мультизаявка, указывается при создании мультизаявки","format":"integer","example":1.2E+2}}],"responses":{"200":{"description":"Результат проверки свободных кошельков","content":{"application/json":{"schema":{"type":"object","properties":{"error":{},"result":{"type":"object","properties":{"wallets":{"type":"object","properties":{"count":{"type":"integer","example":10}}}}}}}}}},"401":{"description":"Ошибка авторизации","content":{"application/json":{"schema":{"$ref":"#/components/schemas/Error"},"example":{"error":{"message":"Токен авторизации отсутствует или невалиден"}}}}}}}},"/wallet":{"post":{"description":"Получение кошелька и создание заявки","operationId":"RequestCreate","parameters":[{"name":"Accept","in":"header","required":true,"style":"simple","explode":false,"schema":{"type":"string","enum":["application/json"]}}],"requestBody":{"content":{"application/json":{"schema":{"type":"object","properties":{"payment":{"$ref":"#/components/schemas/Payment"},"partner_request":{"$ref":"#/components/schemas/PartnerRequest"},"sum":{"$ref":"#/components/schemas/Sum"},"client_wallet":{"$ref":"#/components/schemas/ClientWallet"},"is_multi":{"type":"boolean","description":"Мультизаявка true - да, false - нет","example":true},"life_time":{"type":"number","description":"Время жизни заявки (в минутах) обязательное поле если это мультизаявка, указывается при создании мультизаявки","format":"integer","example":1.2E+2}}}}},"required":true},"responses":{"200":{"description":"Результат создания заявки","content":{"application/json":{"schema":{"type":"object","properties":{"error":{},"result":{"type":"object","properties":{"wallet":{"$ref":"#/components/schemas/Wallet"},"request":{"$ref":"#/components/schemas/Request"}}}}}}}},"401":{"description":"Ошибка авторизации","content":{"application/json":{"schema":{"$ref":"#/components/schemas/Error"},"example":{"error":{"message":"Токен авторизации отсутствует или невалиден"}}}}}}}},"/request/{request_id}/check":{"get":{"description":"Проверка статуса оплаты по заявке. Статусы: `NEW - новая заявка`, `CHECK PAYMENT - проверка оплаты`, `PAID - оплачено`, `ERROR PAYMENT - ошибка оплаты`, `CANCELED AUTO - отменена автоматически`, `CANCELED PARTNER - отменена партнером`, `CANCELED OPERATOR - отменена оператором`, `ERROR - ошибка`, `CLOSED - закрыта`, `OPENED - открыта`","operationId":"RequestCheck","parameters":[{"name":"Accept","in":"header","required":true,"style":"simple","explode":false,"schema":{"type":"string","enum":["application/json"]}},{"name":"request_id","in":"path","required":true,"style":"simple","explode":false,"schema":{"type":"integer","description":"ID заявки в системе","example":2142}}],"responses":{"200":{"description":"Результат проверки статуса","content":{"application/json":{"schema":{"type":"object","properties":{"error":{},"result":{"type":"object","properties":{"status":{"type":"string","description":"Статус заявки","example":"NEW"}}}}}}}},"401":{"description":"Ошибка авторизации","content":{"application/json":{"schema":{"$ref":"#/components/schemas/Error"},"example":{"error":{"message":"Токен авторизации отсутствует или невалиден"}}}}}}}},"/request/{request_id}/cancel":{"post":{"description":"Отмена заявки","operationId":"RequestCancel","parameters":[{"name":"Accept","in":"header","required":true,"style":"simple","explode":false,"schema":{"type":"string","enum":["application/json"]}},{"name":"request_id","in":"path","required":true,"style":"simple","explode":false,"schema":{"type":"integer","description":"ID заявки в системе","example":2142}}],"responses":{"200":{"description":"Результат отмены заявки","content":{"application/json":{"schema":{"type":"object","properties":{"error":{},"result":{"type":"boolean","example":true}}}}}},"401":{"description":"Ошибка авторизации","content":{"application/json":{"schema":{"$ref":"#/components/schemas/Error"},"example":{"error":{"message":"Токен авторизации отсутствует или невалиден"}}}}}}}},"/request/{request_id}/actual-sum":{"get":{"description":"Получение фактически полученной суммы по заявке","operationId":"RequestActualSum","parameters":[{"name":"Accept","in":"header","required":true,"style":"simple","explode":false,"schema":{"type":"string","enum":["application/json"]}},{"name":"request_id","in":"path","required":true,"style":"simple","explode":false,"schema":{"type":"integer","description":"ID заявки в системе","example":2142}}],"responses":{"200":{"description":"Результат","content":{"application/json":{"schema":{"type":"object","properties":{"value":{"type":"number","example":5E+3}}}}}},"401":{"description":"Ошибка авторизации","content":{"application/json":{"schema":{"$ref":"#/components/schemas/Error"},"example":{"error":{"message":"Токен авторизации отсутствует или невалиден"}}}}}}}}},"components":{"schemas":{"Wallet":{"required":["number"],"type":"object","properties":{"number":{"type":"string","example":"79960096572"}}},"Request":{"required":["id"],"type":"object","properties":{"id":{"type":"string","example":"5839"}}},"Payment":{"required":["code"],"type":"object","properties":{"code":{"type":"string","description":"Платёжная система нужного кошелька","example":"qiwi"}}},"PartnerRequest":{"required":["id"],"type":"object","properties":{"id":{"type":"string","description":"Номер заявка в системе партнёра","example":"1345"}}},"Sum":{"required":["amount","currency_code"],"type":"object","properties":{"currency_code":{"type":"string","description":"Валюта","example":"RUR"},"amount":{"type":"integer","description":"Сумма заявки","example":1000}}},"ClientWallet":{"type":"object","properties":{"number":{"type":"string","description":"Номер кошелька плательщика. Обязателен если платёжная система Киви","example":"79999999999"}}},"Error":{"type":"object","properties":{"message":{"type":"string","description":"Объект ошибки"}}}},"responses":{"UnauthorizedError":{"description":"Ошибка авторизации","content":{"application/json":{"schema":{"$ref":"#/components/schemas/Error"},"example":{"error":{"message":"Токен авторизации отсутствует или невалиден"}}}}}},"parameters":{"acceptParam":{"name":"Accept","in":"header","required":true,"style":"simple","explode":false,"schema":{"type":"string","enum":["application/json"]}}},"securitySchemes":{"bearerAuth":{"type":"http","description":"Для доступа к методам api используется ключ доступа(Bearer token), для авторизации нужно передать header: \"Authorization: Bearer eyJ0eXAiOi...\"","scheme":"bearer"}}}}