{"openapi":"3.0.0","info":{"title":"Base Centralizada API","description":"Endpoints de base centralizada, si una plataforma necesita ser integrada a la base de datos debe hacerse a través de esta API o una extensión de ella","version":"1.0.2"},"servers":[{"url":"https://bcapi.mbi.cl"}],"tags":[{"name":"Portfolio","description":"Portfolio corresponde a cada una de las unidades que poseen fondos o activos. Pueden ser cuentas de inversión o instrumentos, en posesión de MBI o de terceros"},{"name":"Portfolio > Portfolio","description":"Portfolio corresponde a cada una de las cuentas de inversión. Se considera un set de datos mínimo para identificarlos pero los atributos y relaciones se manejan de manera separada. El Código es un valor único y es el que se utiliza para crearlo en sistema, no pueden haber dos Portfolio con el mismo código"},{"name":"Portfolio > Portfolio Attribute","description":"Cada uno de los atributos asignados a un Portfolio deben estar definidos como entidades Portfolio_Attribute, una vez definido un atributo, se puede ingresar como Value asociado a todos los Portfolio. El tipo sólo define el nombre del atributo y no restringe su utilización"},{"name":"Portfolio > Portfolio Value","description":"Cada uno de los valores de los Attribute asociados a los Portfolio, valores de esta tabla asociados a un Portfolio constituyen los valores de ese Portfolio"},{"name":"Portfolio > Portfolio Client Relationship Type","description":"Cada una de las relaciones entre Portfolio y Client deben estar definidas como Portfolio_ClientRelationshipType, una vez definido un tipo, se puede ingresar una relación como una entrada relacionando a un Client y a un Portfolio. El tipo sólo define el nombre de la relación y no restringe su utilización"},{"name":"Portfolio > Portfolio Client Relationship","description":"Cada uno de los valores de los Portfolio_ClientRelationship asociado a un Portfolio y a un Client, entradas en esta tabla asociados a Portfolio constituyen una relación para ese Portfolio con respecto a ese Client. El valor de la relación es asimétrica, dada la naturaleza bidireccional de una relación sólo es necesario una entrada para definir una relación, y se considera que la relación abarca ambas entidades"},{"name":"Portfolio > Portfolio Company Relationship Type","description":"Cada una de las relaciones entre Portfolio y Company deben estar definidas como Portfolio_CompanyRelationshipType, una vez definido un tipo, se puede ingresar una relación como una entrada relacionando a un Client y a un Company. El tipo sólo define el nombre de la relación y no restringe su utilización"},{"name":"Portfolio > Portfolio Company Relationship","description":"Cada uno de los valores de los Portfolio_CompanyRelationship asociado a un Portfolio y a un Company, entradas en esta tabla asociados a Portfolio constituyen una relación para ese Portfolio con respecto a ese Company. El valor de la relación es asimétrica, dada la naturaleza bidireccional de una relación sólo es necesario una entrada para definir una relación, y se considera que la relación abarca ambas entidades"},{"name":"Portfolio > Portfolio Relationship Type","description":"Cada una de las relaciones entre Portfolio y Portfolio deben estar definidas como Portfolio_RelationshipType, una vez definido un tipo, se puede ingresar una relación como una entrada relacionando a un Portfolio y a un Portfolio. El tipo sólo define el nombre de la relación y no restringe su utilización"},{"name":"Portfolio > Portfolio Relationship","description":"Cada uno de los valores de los Portfolio_PortfolioRelationship asociado a un Portfolio y a un Portfolio, entradas en esta tabla asociados a Portfolio constituyen una relación para ese Portfolio con respecto a ese Portfolio. El valor de la relación es asimétrica, dada la naturaleza bidireccional de una relación sólo es necesario una entrada para definir una relación, y se considera que la relación abarca ambas entidades"},{"name":"Portfolio > Portfolio Enum","description":"Portfolio Enum, enumera los tipos de valores para los atributos existentes, permitiendo que no ingresen datos no enumerados"},{"name":"Client","description":"Client corresponde a todas las personas naturales que existen en la base centralizada, tanto como clientes de MBI ya realizados, prospectos de clientes, como personas relacionadas con algunas de las entidades del sistema"},{"name":"Client > Client","description":"Client corresponde a cada una de las personas naturales. Se considera un set de datos mínimo para identificarlos pero los atributos y relaciones se manejan de manera separada. El Rut es un valor único y es el que se utiliza para crearlo en sistema, no pueden haber dos Client con el mismo Rut"},{"name":"Client > Client Attribute","description":"Cada uno de los atributos asignados a un Client deben estar definidos como entidades Client_Attribute, una vez definido un atributo, se puede ingresar como Value asociado a todos los Client.  El tipo sólo define el nombre del atributo y no restringe su utilización"},{"name":"Client > Client Value","description":"Cada uno de los valores de los Attribute asociados a los Client, valores de esta tabla asociados a un Client constituyen los valores de ese Client"},{"name":"Client > Client Relationship Type","description":"Cada una de las relaciones entre Clients deben estar definidas como Client_Relationship Type, una vez definido un tipo, se puede ingresar una relación como una entrada relacionando a dos Clients. El tipo sólo define el nombre de la relación y no restringe su utilización"},{"name":"Client > Client Relationship","description":"Cada uno de los valores de los Client_Relationship asociados a los Client, entradas en esta tabla asociados a Clients constituyen una relación para ese Client. El valor de la relación es asimétrica en caso de que la relación lo sea (referencia From y To) o simétrica para el caso en que lo sea, dada la naturaleza bidireccional de una relación sólo es necesario una entrada para definir una relación, y se considera que la relación abarca ambas entidades"},{"name":"Client > Client Enum","description":"Client Enum, enumera los tipos de valores para los atributos existentes, permitiendo que no ingresen datos no enumerados"},{"name":"Company","description":"Company corresponde a todas las personas juridicas que existen en la base centralizada, tanto como clientes de MBI ya realizados, prospectos de clientes, como empresas relacionadas con algunas de las entidades del sistema"},{"name":"Company > Company","description":"Company corresponde a cada una de las personas juridicas. Se considera un set de datos mínimo para identificarlos pero los atributos y relaciones se manejan de manera separada. El Rut es un valor único y es el que se utiliza para crearlo en sistema, no pueden haber dos Company con el mismo Rut"},{"name":"Company > Company Attribute","description":"Cada uno de los atributos asignados a un Company deben estar definidos como entidades Company_Attribute, una vez definido un atributo, se puede ingresar como Value asociado a todos los Company. El tipo sólo define el nombre del atributo y no restringe su utilización"},{"name":"Company > Company Value","description":"Cada uno de los valores de los Attribute asociados a los Company, valores de esta tabla asociados a un Company constituyen los valores de ese Company"},{"name":"Company > Company RelationshipType","description":"Cada una de las relaciones entre Company y Client deben estar definidas como Company_RelationshipType, una vez definido un tipo, se puede ingresar una relación como una entrada relacionando a un Client y a un Company. El tipo sólo define el nombre de la relación y no restringe su utilización"},{"name":"Company > Company Relationship","description":"Cada uno de los valores de los Company_Relationship asociado a un Company y a un Client, entradas en esta tabla asociados a Company constituyen una relación para ese Company con respecto a ese Client. El valor de la relación es asimétrica, dada la naturaleza bidireccional de una relación sólo es necesario una entrada para definir una relación, y se considera que la relación abarca ambas entidades"},{"name":"Company > Company Enum","description":"Company Enum, enumera los tipos de valores para los atributos existentes, permitiendo que no ingresen datos no enumerados"}],"paths":{"/portfolio/":{"post":{"tags":["Portfolio > Portfolio"],"summary":"Crea una entidad Portfolio","description":"Crea una entidad Portfolio con información mínima. Los valores de Attributes y Relationships son asignados posteriormente.","requestBody":{"content":{"application/json":{"schema":{"$ref":"#/components/schemas/PortfolioBody"}}}},"responses":{"200":{"description":"Successful response","content":{"application/json":{}}}},"security":[{"ApiKeyAuth":[]}]}},"/portfolio/id/{id}/":{"put":{"tags":["Portfolio > Portfolio"],"summary":"Actualiza los datos de un Portfolio","description":"Actualiza los datos mínimos de un Portfolio. Los datos actualizables son los mismos que al crear la entidad. No actualiza los Attributes y Relationships.","parameters":[{"name":"id","in":"path","description":"Id de Portfolio específico en base de datos","required":true,"style":"simple","explode":false,"schema":{"type":"string"}}],"requestBody":{"content":{"application/json":{"schema":{"$ref":"#/components/schemas/PortfolioBody"}}}},"responses":{"200":{"description":"Successful response","content":{"application/json":{}}}},"security":[{"ApiKeyAuth":[]}]},"delete":{"tags":["Portfolio > Portfolio"],"summary":"Elimina una entidad Portfolio","description":"Elimina una entidad Portfolio, todas las entidades relacionadas serán eliminadas en cascada","parameters":[{"name":"id","in":"path","description":"Id de Portfolio específico en base de datos","required":true,"style":"simple","explode":false,"schema":{"type":"string"}}],"responses":{"200":{"description":"Successful response","content":{"application/json":{}}}},"security":[{"ApiKeyAuth":[]}]}},"/portfolio":{"get":{"tags":["Portfolio > Portfolio"],"summary":"Lista todos los Portfolios","description":"Lista todos los Portfolios del sistema, con los datos de la propia entidad. No considera Attributes ni Relationships","responses":{"200":{"description":"Successful response","content":{"application/json":{}}}},"security":[{"ApiKeyAuth":[]}]}},"/portfolio/id/{id}":{"get":{"tags":["Portfolio > Portfolio"],"summary":"Obtiene una entidad Portfolio","description":"Obtiene una entidad Portfolio específica del sistema, con los datos de la propia entidad. No considera Attributes ni Relationships. Es una versión específica de listar","parameters":[{"name":"id","in":"path","description":"Id de Portfolio específico en base de datos","required":true,"style":"simple","explode":false,"schema":{"type":"string"}}],"responses":{"200":{"description":"Successful response","content":{"application/json":{}}}},"security":[{"ApiKeyAuth":[]}]}},"/portfolio/attribute":{"get":{"tags":["Portfolio > Portfolio Attribute"],"summary":"Lista todos los Portfolio Attributes existentes","description":"Lista todos los Portfolio Attributes existentes en el sistema, sin considerar sus valores.","responses":{"200":{"description":"Successful response","content":{"application/json":{}}}},"security":[{"ApiKeyAuth":[]}]}},"/portfolio/attribute/":{"post":{"tags":["Portfolio > Portfolio Attribute"],"summary":"Crea un Portfolio Attribute","description":"Crea un Portfolio Attribute en el sistema, una vez creado se puede ingresar valores relacionados con este Attribute y un Portfolio cualquiera. Existen por el momento dos tipos de datos, 1) string y 2) enum, siendo 1 el valor por defecto","requestBody":{"content":{"application/json":{"schema":{"$ref":"#/components/schemas/AttributeBody"}}}},"responses":{"200":{"description":"Successful response","content":{"application/json":{}}}},"security":[{"ApiKeyAuth":[]}]}},"/portfolio/attribute/{id}":{"get":{"tags":["Portfolio > Portfolio Attribute"],"summary":"Obtiene un Portfolio Attribute","description":"Obtiene un Portfolio Attribute específico del sistema, sin considerar sus valores. Es una versión específica de listar","parameters":[{"name":"id","in":"path","description":"Id de Portfolio Attribute específico en base de datos","required":true,"style":"simple","explode":false,"schema":{"type":"string"}}],"responses":{"200":{"description":"Successful response","content":{"application/json":{}}}},"security":[{"ApiKeyAuth":[]}]}},"/portfolio/attribute/{id}/":{"post":{"tags":["Portfolio > Portfolio Attribute"],"summary":"Actualiza los datos de un Portfolio Attribute.","description":"Actualiza los datos mínimos de un Portfolio Attribute. Los datos actualizables son los mismos que al crear el Portfolio Attribute.","parameters":[{"name":"id","in":"path","description":"Id de Portfolio Attribute específico en base de datos","required":true,"style":"simple","explode":false,"schema":{"type":"string"}}],"requestBody":{"content":{"application/json":{"schema":{"$ref":"#/components/schemas/AttributeBody"}}}},"responses":{"200":{"description":"Successful response","content":{"application/json":{}}}},"security":[{"ApiKeyAuth":[]}]},"delete":{"tags":["Portfolio > Portfolio Attribute"],"summary":"Elimina un Portfolio Attribute","description":"Elimina un Portfolio Attribute, todos los values y relaciones asociadas a este Attribute serán eliminadas","parameters":[{"name":"id","in":"path","description":"Id de Portfolio Attribute específico en base de datos","required":true,"style":"simple","explode":false,"schema":{"type":"string"}}],"responses":{"200":{"description":"Successful response","content":{"application/json":{}}}},"security":[{"ApiKeyAuth":[]}]}},"/portfolio/id/{id}/detail":{"get":{"tags":["Portfolio > Portfolio Value"],"summary":"Obtiene todos los values de los Attributes asociados a este Portfolio","description":"Obtiene todos los values asociado a este Portfolio, incluyendo la información sobre los Attributes asociados a cada value","parameters":[{"name":"id","in":"path","description":"Id de Portfolio específico en base de datos","required":true,"style":"simple","explode":false,"schema":{"type":"string"}}],"responses":{"200":{"description":"Successful response","content":{"application/json":{}}}},"security":[{"ApiKeyAuth":[]}]}},"/portfolio/id/{id}/detail/":{"post":{"tags":["Portfolio > Portfolio Value"],"summary":"Crea values según Attributes indicados por nombre para este Portfolio","description":"Crea values según Attributes indicados por nombre para este Portfolio. Los values son insertados uno a uno y validados de manera separada. Si un Attribute no existe el valor no es insertado en el sistema. Si el tipo de atributo asociado es de tipo enum, este endpoint solo admitirá los valores agregados en la tabla client enum.","parameters":[{"name":"id","in":"path","description":"Id de Portfolio específico en base de datos","required":true,"style":"simple","explode":false,"schema":{"type":"string"}}],"requestBody":{"content":{"application/json":{"schema":{"$ref":"#/components/schemas/ValueCreateBody"}}}},"responses":{"200":{"description":"Successful response","content":{"application/json":{}}}},"security":[{"ApiKeyAuth":[]}]}},"/portfolio/id/{portfolioID}/detail/{attributeID}/":{"delete":{"tags":["Portfolio > Portfolio Value"],"summary":"Elimina un value específico para un Portfolio y un Attribute","description":"Elimina un value específico para un Portfolio y un Attribute, No afecta al Attribute ni al Portfolio","parameters":[{"name":"portfolioID","in":"path","description":"Id de Portfolio específico en base de datos","required":true,"style":"simple","explode":false,"schema":{"type":"string"}},{"name":"attributeID","in":"path","description":"Id de Portfolio Attribute específico en base de datos","required":true,"style":"simple","explode":false,"schema":{"type":"string"}}],"responses":{"200":{"description":"Successful response","content":{"application/json":{}}}},"security":[{"ApiKeyAuth":[]}]}},"/client/id/{id}/portfolio":{"get":{"tags":["Portfolio > Portfolio"],"summary":"Lista los Portfolios asociados directamente a un Client","description":"Lista los Portfolios asociados directamente a un Client, esta asociación es a través de los datos ingresados directamente en la entidad Portfolio, y no a través de los Relationships entre Client y Portfolio","parameters":[{"name":"id","in":"path","description":"Id de Client específico en base de datos","required":true,"style":"simple","explode":false,"schema":{"type":"string"}}],"responses":{"200":{"description":"Successful response","content":{"application/json":{}}}},"security":[{"ApiKeyAuth":[]}]}},"/portfolio/relationship/type/client":{"get":{"tags":["Portfolio > Portfolio Client Relationship Type"],"summary":"Lista los tipos de Portfolio Client Relationships existentes","description":"Lista los tipos de Portfolio Client Relationships existentes en el sistema, sin considerar sus relaciones existentes","responses":{"200":{"description":"Successful response","content":{"application/json":{}}}},"security":[{"ApiKeyAuth":[]}]}},"/portfolio/relationship/type/client/{id}/":{"get":{"tags":["Portfolio > Portfolio Client Relationship Type"],"summary":"Obtiene un tipo de Portfolio Client Relationships","description":"Obtiene un tipo especifico de Portfolio Client Relationship existente en el sistema, sin considerar sus relaciones existentes. Es una versión específica de listar","parameters":[{"name":"id","in":"path","description":"Id de Portfolio Client Relationship Type específico en base de datos","required":true,"style":"simple","explode":false,"schema":{"type":"string"}}],"responses":{"200":{"description":"Successful response","content":{"application/json":{}}}},"security":[{"ApiKeyAuth":[]}]},"post":{"tags":["Portfolio > Portfolio Client Relationship Type"],"summary":"Actualiza la definición de un tipo de Portfolio Client Relationship","description":"Actualiza los datos mínimos de un Portfolio Client Relationship. Los datos actualizables son los mismos que al crear el Portfolio Client Relationship.","parameters":[{"name":"id","in":"path","description":"Id de Portfolio Client Relationship Type específico en base de datos","required":true,"style":"simple","explode":false,"schema":{"type":"string"}}],"requestBody":{"content":{"application/json":{"schema":{"$ref":"#/components/schemas/RelationshipTypeBody"}}}},"responses":{"200":{"description":"Successful response","content":{"application/json":{}}}},"security":[{"ApiKeyAuth":[]}]},"delete":{"tags":["Portfolio > Portfolio Client Relationship Type"],"summary":"Elimina un tipo de Portfolio Client Relationship","description":"Elimina un Portfolio Client Relationship Type, todos los relationships de este tipo serán eliminados","parameters":[{"name":"id","in":"path","description":"Id de Portfolio Client Relationship Type específico en base de datos","required":true,"style":"simple","explode":false,"schema":{"type":"string"}}],"responses":{"200":{"description":"Successful response","content":{"application/json":{}}}},"security":[{"ApiKeyAuth":[]}]}},"/portfolio/relationship/type/client/":{"post":{"tags":["Portfolio > Portfolio Client Relationship Type"],"summary":"Crea un tipo de Portfolio Client Relationship","description":"Crea un Portfolio Client Relationship Type en el sistema, una vez creado se puede ingresar relaciones de este tipo entre Portfolios y Clients","requestBody":{"content":{"application/json":{"schema":{"$ref":"#/components/schemas/RelationshipTypeBody"}}}},"responses":{"200":{"description":"Successful response","content":{"application/json":{}}}},"security":[{"ApiKeyAuth":[]}]}},"/portfolio/id/{id}/relationship/client":{"get":{"tags":["Portfolio > Portfolio Client Relationship"],"summary":"Lista las relaciones Portfolio Client Relationship para este Portfolio","description":"Lista las relaciones de tipo Portfolio Client Relationship para este Portfolio, incluyendo el Portfolio Client Relationship Type asociado a cada entrada","parameters":[{"name":"id","in":"path","description":"Id de Portfolio específico en base de datos","required":true,"style":"simple","explode":false,"schema":{"type":"string"}}],"responses":{"200":{"description":"Successful response","content":{"application/json":{}}}},"security":[{"ApiKeyAuth":[]}]}},"/client/id/{id}/portfolio/relationship/":{"get":{"tags":["Portfolio > Portfolio Client Relationship"],"summary":"Lista las relaciones Portfolio Client Relationship para este Client","description":"Lista las relaciones de tipo Portfolio Client Relationship para este Client, incluyendo el Portfolio Client Relationship Type asociado a cada entrada","parameters":[{"name":"id","in":"path","description":"Id de Client específico en base de datos","required":true,"style":"simple","explode":false,"schema":{"type":"string"}}],"responses":{"200":{"description":"Successful response","content":{"application/json":{}}}},"security":[{"ApiKeyAuth":[]}]},"post":{"tags":["Portfolio > Portfolio Client Relationship"],"summary":"Crea una entrada de Portfolio Client Relationship para este Client","description":"Crea una entrada de Portfolio Client Relationship para este Client, especificando un tipo existente de Portfolio Client Relationship Type","parameters":[{"name":"id","in":"path","description":"Id de Client específico en base de datos","required":true,"style":"simple","explode":false,"schema":{"type":"string"}}],"requestBody":{"content":{"application/json":{"schema":{"$ref":"#/components/schemas/PortfolioClientRelationshipBody"}}}},"responses":{"200":{"description":"Successful response","content":{"application/json":{}}}},"security":[{"ApiKeyAuth":[]}]}},"/portfolio/relationship/client/{id}":{"get":{"tags":["Portfolio > Portfolio Client Relationship"],"summary":"Obtiene un Portfolio Client Relationship específico","description":"Obtiene un Portfolio Client Relationship específico por Id, junto con la información de su Portfolio Client Relationship Type asociado","parameters":[{"name":"id","in":"path","description":"Id de Portfolio Client Relationship específico en base de datos","required":true,"style":"simple","explode":false,"schema":{"type":"string"}}],"responses":{"200":{"description":"Successful response","content":{"application/json":{}}}},"security":[{"ApiKeyAuth":[]}]}},"/portfolio/id/{id}/relationship/client/":{"post":{"tags":["Portfolio > Portfolio Client Relationship"],"summary":"Crea una entrada de Portfolio Client Relationship para este Portfolio","description":"Crea una entrada de Portfolio Client Relationship para este Portfolio, especificando un tipo existente de Portfolio Client Relationship Type","parameters":[{"name":"id","in":"path","description":"Id de Portfolio específico en base de datos","required":true,"style":"simple","explode":false,"schema":{"type":"string"}}],"requestBody":{"content":{"application/json":{"schema":{"$ref":"#/components/schemas/PortfolioClientRelationshipBody"}}}},"responses":{"200":{"description":"Successful response","content":{"application/json":{}}}},"security":[{"ApiKeyAuth":[]}]}},"/portfolio/relationship/client/{id}/":{"post":{"tags":["Portfolio > Portfolio Client Relationship"],"summary":"Actualiza un Portfolio Client Relationship específico","description":"Obtiene un Portfolio Client Relationship específico por Id","parameters":[{"name":"id","in":"path","description":"Id de Portfolio Client Relationship específico en base de datos","required":true,"style":"simple","explode":false,"schema":{"type":"string"}}],"requestBody":{"content":{"application/json":{"schema":{"$ref":"#/components/schemas/PortfolioClientRelationshipBody"}}}},"responses":{"200":{"description":"Successful response","content":{"application/json":{}}}},"security":[{"ApiKeyAuth":[]}]},"delete":{"tags":["Portfolio > Portfolio Client Relationship"],"summary":"Elimina un Portfolio Client Relationship específico","description":"Elimina un Portfolio Client Relationship específico, No afecta al Portfolio, al Client ni al Portfolio Client Relationship Type específico","parameters":[{"name":"id","in":"path","description":"Id de Portfolio Client Relationship específico en base de datos","required":true,"style":"simple","explode":false,"schema":{"type":"string"}}],"responses":{"200":{"description":"Successful response","content":{"application/json":{}}}},"security":[{"ApiKeyAuth":[]}]}},"/portfolio/relationship/type/company/":{"get":{"tags":["Portfolio > Portfolio Company Relationship Type"],"summary":"Lista los tipos de Portfolio Company Relationships existentes","description":"Lista los tipos de Portfolio Company Relationships existentes en el sistema, sin considerar sus relaciones existentes","responses":{"200":{"description":"Successful response","content":{"application/json":{}}}},"security":[{"ApiKeyAuth":[]}]},"post":{"tags":["Portfolio > Portfolio Company Relationship Type"],"summary":"Crea un tipo de Portfolio Company Relationship","description":"Crea un Portfolio Company Relationship Type en el sistema, una vez creado se puede ingresar relaciones de este tipo entre Portfolios y Companies","requestBody":{"content":{"application/json":{"schema":{"$ref":"#/components/schemas/RelationshipTypeBody"}}}},"responses":{"200":{"description":"Successful response","content":{"application/json":{}}}},"security":[{"ApiKeyAuth":[]}]}},"/portfolio/relationship/type/company/{id}/":{"get":{"tags":["Portfolio > Portfolio Company Relationship Type"],"summary":"Obtiene un tipo de Portfolio Company Relationships","description":"Obtiene un tipo especifico de Portfolio Company Relationship existente en el sistema, sin considerar sus relaciones existentes. Es una versión específica de listar","parameters":[{"name":"id","in":"path","description":"Id de Portfolio Company Relationship Type específico en base de datos","required":true,"style":"simple","explode":false,"schema":{"type":"string"}}],"responses":{"200":{"description":"Successful response","content":{"application/json":{}}}},"security":[{"ApiKeyAuth":[]}]},"post":{"tags":["Portfolio > Portfolio Company Relationship Type"],"summary":"Actualiza la definición de un tipo de Portfolio Company Relationship","description":"Actualiza los datos mínimos de un Portfolio Company Relationship. Los datos actualizables son los mismos que al crear el Portfolio Company Relationship.","parameters":[{"name":"id","in":"path","description":"Id de Portfolio Company Relationship Type específico en base de datos","required":true,"style":"simple","explode":false,"schema":{"type":"string"}}],"requestBody":{"content":{"application/json":{"schema":{"$ref":"#/components/schemas/RelationshipTypeBody"}}}},"responses":{"200":{"description":"Successful response","content":{"application/json":{}}}},"security":[{"ApiKeyAuth":[]}]},"delete":{"tags":["Portfolio > Portfolio Company Relationship Type"],"summary":"Elimina un tipo de Portfolio Company Relationship","description":"Elimina un Portfolio Company Relationship Type, todos los relationships de este tipo serán eliminados","parameters":[{"name":"id","in":"path","description":"Id de Portfolio Company Relationship Type específico en base de datos","required":true,"style":"simple","explode":false,"schema":{"type":"string"}}],"responses":{"200":{"description":"Successful response","content":{"application/json":{}}}},"security":[{"ApiKeyAuth":[]}]}},"/portfolio/id/{id}/relationship/company/":{"get":{"tags":["Portfolio > Portfolio Company Relationship"],"summary":"Lista las relaciones Portfolio Company Relationship para este Portfolio","description":"Lista las relaciones de tipo Portfolio Company Relationship para este Portfolio, incluyendo el Portfolio Company Relationship Type asociado a cada entrada","parameters":[{"name":"id","in":"path","description":"Id de Portfolio específico en base de datos","required":true,"style":"simple","explode":false,"schema":{"type":"string"}}],"responses":{"200":{"description":"Successful response","content":{"application/json":{}}}},"security":[{"ApiKeyAuth":[]}]},"post":{"tags":["Portfolio > Portfolio Company Relationship"],"summary":"Crea una entrada de Portfolio Company Relationship para este Portfolio","description":"Crea una entrada de Portfolio Company Relationship para este Portfolio, especificando un tipo existente de Portfolio Company Relationship Type","parameters":[{"name":"id","in":"path","required":true,"style":"simple","explode":false,"schema":{"type":"string"}}],"requestBody":{"content":{"application/json":{"schema":{"$ref":"#/components/schemas/PortfolioCompanyRelationshipBody"}}}},"responses":{"200":{"description":"Successful response","content":{"application/json":{}}}},"security":[{"ApiKeyAuth":[]}]}},"/portfolio/relationship/type/portfolio":{"get":{"tags":["Portfolio > Portfolio Relationship Type"],"summary":"Lista los tipos de Portfolio portfolio Relationships existentes","description":"Lista los tipos de Portfolio portfolio Relationships existentes en el sistema, sin considerar sus relaciones existentes","responses":{"200":{"description":"Successful response","content":{"application/json":{}}}},"security":[{"ApiKeyAuth":[]}]}},"/portfolio/relationship/type/portfolio/":{"post":{"tags":["Portfolio > Portfolio Relationship Type"],"summary":"Crea un tipo de Portfolio Portfolio Relationship","description":"Crea un Portfolio Portfolio Relationship Type en el sistema, una vez creado se puede ingresar relaciones de este tipo entre Portfolios y Portfolio","requestBody":{"content":{"application/json":{"schema":{"type":"object","example":{"name":"main"}}}}},"responses":{"200":{"description":"Successful response","content":{"application/json":{}}}},"security":[{"ApiKeyAuth":[]}]}},"/portfolio/relationship/type/portfolio/{id}/":{"get":{"tags":["Portfolio > Portfolio Relationship Type"],"summary":"Obtiene un tipo de Portfolio Portfolio Relationships","description":"Obtiene un tipo especifico de Portfolio Portfolio Relationship existente en el sistema, sin considerar sus relaciones existentes. Es una versión específica de listar","parameters":[{"name":"id","in":"path","required":true,"style":"simple","explode":false,"schema":{"type":"string"}}],"responses":{"200":{"description":"Successful response","content":{"application/json":{}}}},"security":[{"ApiKeyAuth":[]}]},"post":{"tags":["Portfolio > Portfolio Relationship Type"],"summary":"Actualiza la definición de un tipo de Portfolio Portfolio Relationship","description":"Actualiza los datos mínimos de un Portfolio Portfolio Relationship. Los datos actualizables son los mismos que al crear el Portfolio Portfolio Relationship.","parameters":[{"name":"id","in":"path","required":true,"style":"simple","explode":false,"schema":{"type":"string"}}],"requestBody":{"content":{"application/json":{"schema":{"type":"object","example":{"name":"mainClient"}}}}},"responses":{"200":{"description":"Successful response","content":{"application/json":{}}}},"security":[{"ApiKeyAuth":[]}]},"delete":{"tags":["Portfolio > Portfolio Relationship Type"],"summary":"Elimina un tipo de Portfolio Portfolio Relationship","description":"Elimina un Portfolio Portfolio Relationship Type, todos los relationships de este tipo serán eliminados","parameters":[{"name":"id","in":"path","required":true,"style":"simple","explode":false,"schema":{"type":"string"}}],"responses":{"200":{"description":"Successful response","content":{"application/json":{}}}},"security":[{"ApiKeyAuth":[]}]}},"/portfolio/id/{id}/relationship/portfolio/":{"get":{"tags":["Portfolio > Portfolio Relationship"],"summary":"Lista las relaciones Portfolio Portfolio Relationship para este Portfolio","description":"Lista las relaciones de tipo Portfolio Portfolio Relationship para este Portfolio, incluyendo el Portfolio Portfolio Relationship Type asociado a cada entrada","parameters":[{"name":"id","in":"path","required":true,"style":"simple","explode":false,"schema":{"type":"string"}}],"responses":{"200":{"description":"Successful response","content":{"application/json":{}}}},"security":[{"ApiKeyAuth":[]}]},"post":{"tags":["Portfolio > Portfolio Relationship"],"summary":"Crea una entrada de Portfolio Portfolio Relationship para este Portfolio","description":"Crea una entrada de Portfolio Portfolio Relationship para este Portfolio, especificando un tipo existente de Portfolio Portfolio Relationship Type","parameters":[{"name":"id","in":"path","required":true,"style":"simple","explode":false,"schema":{"type":"string"}}],"requestBody":{"content":{"application/json":{"schema":{"type":"object","example":{"portfolio_from":10,"portfolio_to":2,"relationship_name":"mainCompany"}}}}},"responses":{"200":{"description":"Successful response","content":{"application/json":{}}}},"security":[{"ApiKeyAuth":[]}]}},"/portfolio/relationship/portfolio/{id}/":{"get":{"tags":["Portfolio > Portfolio Relationship"],"summary":"Obtiene un Portfolio Portfolio Relationship específico","description":"Obtiene un Portfolio Portfolio Relationship específico por Id, junto con la información de su Portfolio Portfolio Relationship Type asociado","parameters":[{"name":"id","in":"path","required":true,"style":"simple","explode":false,"schema":{"type":"string"}}],"responses":{"200":{"description":"Successful response","content":{"application/json":{}}}},"security":[{"ApiKeyAuth":[]}]},"post":{"tags":["Portfolio > Portfolio Relationship"],"summary":"Actualiza un Portfolio Portfolio Relationship específico","description":"Obtiene un Portfolio Portfolio Relationship específico por Id, junto con la información de su Portfolio Portfolio Relationship Type asociado","parameters":[{"name":"id","in":"path","required":true,"style":"simple","explode":false,"schema":{"type":"string"}}],"requestBody":{"content":{"application/json":{"schema":{"type":"object","example":{"portfolio_from":11,"relationship_name":"mainCompany"}}}}},"responses":{"200":{"description":"Successful response","content":{"application/json":{}}}},"security":[{"ApiKeyAuth":[]}]},"delete":{"tags":["Portfolio > Portfolio Relationship"],"summary":"Elimina un Portfolio Portfolio Relationship específico","description":"Elimina un Portfolio Portfolio Relationship específico, No afecta al Portfolio, al Portfolio ni al Portfolio Portfolio Relationship Type específico","parameters":[{"name":"id","in":"path","required":true,"style":"simple","explode":false,"schema":{"type":"string"}}],"responses":{"200":{"description":"Successful response","content":{"application/json":{}}}},"security":[{"ApiKeyAuth":[]}]}},"/portfolio/enum/":{"get":{"tags":["Portfolio > Portfolio Enum"],"summary":"Lista todos los Portfolio Enums","description":"Lista todos los Portfolio enum del sistema, con los datos de la propia entidad.","responses":{"200":{"description":"Successful response","content":{"application/json":{}}}},"security":[{"ApiKeyAuth":[]}]},"post":{"tags":["Portfolio > Portfolio Enum"],"summary":"Crea un Enum para el atributo asociado","description":"Crea un valor predeterminado para que al momento de agregar un valor, este sea posible asociarlo a dicho valor agregado.","requestBody":{"content":{"application/json":{"schema":{"type":"object","example":{"name":"Ajedrez","attribute":1}}}}},"responses":{"200":{"description":"Successful response","content":{"application/json":{}}}},"security":[{"ApiKeyAuth":[]}]}},"/portfolio/enum/{id}/":{"get":{"tags":["Portfolio > Portfolio Enum"],"summary":"Lista un Portfolio Enum por id","description":"Lista el Portfolio enum del sistema, con el dato id que se pase por parametro.","parameters":[{"name":"id","in":"path","required":true,"style":"simple","explode":false,"schema":{"type":"string"}}],"responses":{"200":{"description":"Successful response","content":{"application/json":{}}}},"security":[{"ApiKeyAuth":[]}]},"post":{"tags":["Portfolio > Portfolio Enum"],"summary":"Actualiza los datos de una entidad portfolio enum","description":"Actualiza los valores de un enum indicado asociado a un atributo.","parameters":[{"name":"id","in":"path","required":true,"style":"simple","explode":false,"schema":{"type":"string"}}],"requestBody":{"content":{"application/json":{"schema":{"type":"object","example":{"name":"Partners","attribute":1}}}}},"responses":{"200":{"description":"Successful response","content":{"application/json":{}}}},"security":[{"ApiKeyAuth":[]}]},"delete":{"tags":["Portfolio > Portfolio Enum"],"summary":"Elimina una entidad Enum","description":"Elimina una entidad Enum","parameters":[{"name":"id","in":"path","description":"Id de Portfolio específico en base de datos","required":true,"style":"simple","explode":false,"schema":{"type":"string"}}],"responses":{"200":{"description":"Successful response","content":{"application/json":{}}}},"security":[{"ApiKeyAuth":[]}]}},"/company/id/{id}/portfolio/relationship/":{"get":{"tags":["Portfolio > Portfolio Company Relationship"],"summary":"Lista las relaciones Portfolio Company Relationship para este Company","description":"Lista las relaciones de tipo Portfolio Company Relationship para este Company, incluyendo el Portfolio Company Relationship Type asociado a cada entrada","parameters":[{"name":"id","in":"path","description":"Id de Company específico en base de datos","required":true,"style":"simple","explode":false,"schema":{"type":"string"}}],"responses":{"200":{"description":"Successful response","content":{"application/json":{}}}},"security":[{"ApiKeyAuth":[]}]},"post":{"tags":["Portfolio > Portfolio Company Relationship"],"summary":"Crea una entrada de Portfolio Company Relationship para este Company","description":"Crea una entrada de Portfolio Company Relationship para este Company, especificando un tipo existente de Portfolio Company Relationship Type","parameters":[{"name":"id","in":"path","description":"Id de Company específico en base de datos","required":true,"style":"simple","explode":false,"schema":{"type":"string"}}],"requestBody":{"content":{"application/json":{"schema":{"$ref":"#/components/schemas/PortfolioCompanyRelationshipBody"}}}},"responses":{"200":{"description":"Successful response","content":{"application/json":{}}}},"security":[{"ApiKeyAuth":[]}]}},"/portfolio/relationship/company/{id}/":{"get":{"tags":["Portfolio > Portfolio Company Relationship"],"summary":"Obtiene un Portfolio Company Relationship específico","description":"Obtiene un Portfolio Company Relationship específico por Id, junto con la información de su Portfolio Company Relationship Type asociado","parameters":[{"name":"id","in":"path","description":"Id de Portfolio Company Relationship específico en base de datos","required":true,"style":"simple","explode":false,"schema":{"type":"string"}}],"responses":{"200":{"description":"Successful response","content":{"application/json":{}}}},"security":[{"ApiKeyAuth":[]}]},"post":{"tags":["Portfolio > Portfolio Company Relationship"],"summary":"Actualiza un Portfolio Company Relationship específico","description":"Obtiene un Portfolio Company Relationship específico por Id, junto con la información de su Portfolio Company Relationship Type asociado","parameters":[{"name":"id","in":"path","description":"Id de Portfolio Company Relationship específico en base de datos","required":true,"style":"simple","explode":false,"schema":{"type":"string"}}],"requestBody":{"content":{"application/json":{"schema":{"$ref":"#/components/schemas/PortfolioCompanyRelationshipBody"}}}},"responses":{"200":{"description":"Successful response","content":{"application/json":{}}}},"security":[{"ApiKeyAuth":[]}]},"delete":{"tags":["Portfolio > Portfolio Company Relationship"],"summary":"Elimina un Portfolio Company Relationship específico","description":"Elimina un Portfolio Company Relationship específico, No afecta al Portfolio, al Company ni al Portfolio Company Relationship Type específico","parameters":[{"name":"id","in":"path","description":"Id de Portfolio Company Relationship específico en base de datos","required":true,"style":"simple","explode":false,"schema":{"type":"string"}}],"responses":{"200":{"description":"Successful response","content":{"application/json":{}}}},"security":[{"ApiKeyAuth":[]}]}},"/client/":{"get":{"tags":["Client > Client"],"summary":"Lista todos los Clients","description":"Lista todos los Clients del sistema, con los datos de la propia entidad. No considera Attributes ni Relationships","responses":{"200":{"description":"Successful response","content":{"application/json":{}}}},"security":[{"ApiKeyAuth":[]}]},"post":{"tags":["Client > Client"],"summary":"Crea una entidad Client","description":"Crea una entidad Client con información mínima. Los valores de Attributes y Relationships son asignados posteriormente.","requestBody":{"content":{"application/json":{"schema":{"$ref":"#/components/schemas/ClientBody"}}}},"responses":{"200":{"description":"Successful response","content":{"application/json":{}}}},"security":[{"ApiKeyAuth":[]}]}},"/client/id/{id}":{"get":{"tags":["Client > Client"],"summary":"Obtiene una entidad Client","description":"Obtiene una entidad Client específica del sistema, con los datos de la propia entidad. No considera Attributes ni Relationships. Es una versión específica de listar","parameters":[{"name":"id","in":"path","description":"Id de Client específico en base de datos","required":true,"style":"simple","explode":false,"schema":{"type":"string"}}],"responses":{"200":{"description":"Successful response","content":{"application/json":{}}}},"security":[{"ApiKeyAuth":[]}]}},"/client/id/{id}/":{"post":{"tags":["Client > Client"],"summary":"Actualiza los datos de un Client","description":"Actualiza los datos mínimos de un Client. Los datos actualizables son los mismos que al crear la entidad. No actualiza los Attributes y Relationships.","parameters":[{"name":"id","in":"path","description":"Id de Client específico en base de datos","required":true,"style":"simple","explode":false,"schema":{"type":"string"}}],"requestBody":{"content":{"application/json":{"schema":{"$ref":"#/components/schemas/ClientBody"}}}},"responses":{"200":{"description":"Successful response","content":{"application/json":{}}}},"security":[{"ApiKeyAuth":[]}]},"delete":{"tags":["Client > Client"],"summary":"Elimina una entidad Client","description":"Elimina una entidad Client, todas las entidades relacionadas serán eliminadas en cascada","parameters":[{"name":"id","in":"path","description":"Id de Client específico en base de datos","required":true,"style":"simple","explode":false,"schema":{"type":"string"}}],"responses":{"200":{"description":"Successful response","content":{"application/json":{}}}},"security":[{"ApiKeyAuth":[]}]}},"/client/attribute":{"get":{"tags":["Client > Client Attribute"],"summary":"Lista todos los Client Attributes existentes","description":"Lista todos los Client Attributes existentes en el sistema, sin considerar sus valores.","responses":{"200":{"description":"Successful response","content":{"application/json":{}}}},"security":[{"ApiKeyAuth":[]}]}},"/client/attribute/{id}":{"get":{"tags":["Client > Client Attribute"],"summary":"Obtiene un Client Attribute","description":"Obtiene un Client Attribute específico del sistema, sin considerar sus valores. Es una versión específica de listar","parameters":[{"name":"id","in":"path","description":"Id de Client Attribute específico en base de datos","required":true,"style":"simple","explode":false,"schema":{"type":"string"}}],"responses":{"200":{"description":"Successful response","content":{"application/json":{}}}},"security":[{"ApiKeyAuth":[]}]}},"/client/attribute/":{"post":{"tags":["Client > Client Attribute"],"summary":"Crea un Client Attribute","description":"Crea un Client Attribute en el sistema, una vez creado se puede ingresar valores relacionados con este Attribute y un Client cualquiera. Existen por el momento dos tipos de datos, enum y primitivo. Para establecer un tipo enum, el payload type se debe ingresar el valor de 2, por defecto se encuentra en 1 ( primitivo )","requestBody":{"content":{"application/json":{"schema":{"$ref":"#/components/schemas/AttributeBody"}}}},"responses":{"200":{"description":"Successful response","content":{"application/json":{}}}},"security":[{"ApiKeyAuth":[]}]}},"/client/attribute/{id}/":{"post":{"tags":["Client > Client Attribute"],"summary":"Actualiza los datos de un Client Attribute.","description":"Actualiza los datos mínimos de un Client Attribute. Los datos actualizables son los mismos que al crear el Client Attribute.","parameters":[{"name":"id","in":"path","description":"Id de Client Attribute específico en base de datos","required":true,"style":"simple","explode":false,"schema":{"type":"string"}}],"requestBody":{"content":{"application/json":{"schema":{"$ref":"#/components/schemas/AttributeBody"}}}},"responses":{"200":{"description":"Successful response","content":{"application/json":{}}}},"security":[{"ApiKeyAuth":[]}]},"delete":{"tags":["Client > Client Attribute"],"summary":"Elimina un Client Attribute","description":"Elimina un Client Attribute, todos los values y relaciones asociadas a este Attribute serán eliminadas","parameters":[{"name":"id","in":"path","description":"Id de Client Attribute específico en base de datos","required":true,"style":"simple","explode":false,"schema":{"type":"string"}}],"responses":{"200":{"description":"Successful response","content":{"application/json":{}}}},"security":[{"ApiKeyAuth":[]}]}},"/client/id/{id}/detail":{"get":{"tags":["Client > Client Value"],"summary":"Obtiene todos los values de los Attributes asociados a este Client","description":"Obtiene todos los values asociado a este Client, incluyendo la información sobre los Attributes asociados a cada value","parameters":[{"name":"id","in":"path","description":"Id de Client específico en base de datos","required":true,"style":"simple","explode":false,"schema":{"type":"string"}}],"responses":{"200":{"description":"Successful response","content":{"application/json":{}}}},"security":[{"ApiKeyAuth":[]}]}},"/client/id/{id}/detail/":{"post":{"tags":["Client > Client Value"],"summary":"Crea values según Attributes indicados por nombre para este Client","description":"Crea values según Attributes indicados por nombre para este Client. Los values son insertados uno a uno y validados de manera separada. Si un Attribute no existe el valor no es insertado en el sistema. Si el tipo de atributo asociado es de tipo enum, este endpoint solo admitirá los valores agregados en la tabla client enum.","parameters":[{"name":"id","in":"path","description":"Id de Client específico en base de datos","required":true,"style":"simple","explode":false,"schema":{"type":"string"}}],"requestBody":{"content":{"application/json":{"schema":{"$ref":"#/components/schemas/ValueCreateBody"}}}},"responses":{"200":{"description":"Successful response","content":{"application/json":{}}}},"security":[{"ApiKeyAuth":[]}]}},"/client/id/{clientID}/detail/{attributeID}/":{"delete":{"tags":["Client > Client Value"],"summary":"Elimina un value específico para un Client y un Attribute","description":"Elimina un value específico para un Client y un Attribute, No afecta al Attribute ni al Client","parameters":[{"name":"clientID","in":"path","description":"Id de Client específico en base de datos","required":true,"style":"simple","explode":false,"schema":{"type":"string"}},{"name":"attributeID","in":"path","description":"Id de Client Attribute específico en base de datos","required":true,"style":"simple","explode":false,"schema":{"type":"string"}}],"responses":{"200":{"description":"Successful response","content":{"application/json":{}}}},"security":[{"ApiKeyAuth":[]}]}},"/client/relationship/":{"post":{"tags":["Client > Client Relationship Type"],"summary":"Crea un tipo de Client Relationship","description":"Crea un Client Relationship Type en el sistema, una vez creado se puede ingresar relaciones de este tipo entre Clients","requestBody":{"content":{"application/json":{"schema":{"$ref":"#/components/schemas/RelationshipTypeBody"}}}},"responses":{"200":{"description":"Successful response","content":{"application/json":{}}}},"security":[{"ApiKeyAuth":[]}]}},"/client/relationship":{"get":{"tags":["Client > Client Relationship Type"],"summary":"Lista los tipos de Client Relationships existentes","description":"Lista los tipos de Client Relationships existentes en el sistema, sin considerar sus relaciones existentes","responses":{"200":{"description":"Successful response","content":{"application/json":{}}}},"security":[{"ApiKeyAuth":[]}]}},"/client/relationship/{id}":{"get":{"tags":["Client > Client Relationship Type"],"summary":"Obtiene un tipo de Client Relationship","description":"Obtiene un tipo especifico de Client Relationship existente en el sistema, sin considerar sus relaciones existentes. Es una versión específica de listar","parameters":[{"name":"id","in":"path","description":"Id de Client Relationship Type específico en base de datos","required":true,"style":"simple","explode":false,"schema":{"type":"string"}}],"responses":{"200":{"description":"Successful response","content":{"application/json":{}}}},"security":[{"ApiKeyAuth":[]}]}},"/client/relationship/{id}/":{"post":{"tags":["Client > Client Relationship Type"],"summary":"Actualiza la definición de un tipo de Client Relationship","description":"Actualiza los datos mínimos de un Client Relationship. Los datos actualizables son los mismos que al crear el Client Relationship.","parameters":[{"name":"id","in":"path","description":"Id de Client Relationship Type específico en base de datos","required":true,"style":"simple","explode":false,"schema":{"type":"string"}}],"requestBody":{"content":{"application/json":{"schema":{"$ref":"#/components/schemas/RelationshipTypeBody"}}}},"responses":{"200":{"description":"Successful response","content":{"application/json":{}}}},"security":[{"ApiKeyAuth":[]}]},"delete":{"tags":["Client > Client Relationship Type"],"summary":"Elimina un tipo de Client Relationship","description":"Elimina un Client Relationship Type, todos los relationships de este tipo serán eliminados","parameters":[{"name":"id","in":"path","description":"Id de Client Relationship Type específico en base de datos","required":true,"style":"simple","explode":false,"schema":{"type":"string"}}],"responses":{"200":{"description":"Successful response","content":{"application/json":{}}}},"security":[{"ApiKeyAuth":[]}]}},"/client/id/{id}/relationship":{"get":{"tags":["Client > Client Relationship"],"summary":"Lista las relaciones Client Relationship para este Client","description":"Lista las relaciones de tipo Client Relationship para este Client, incluyendo el Client Relationship Type asociado a cada entrada","parameters":[{"name":"id","in":"path","description":"Id de Client específico en base de datos","required":true,"style":"simple","explode":false,"schema":{"type":"string"}}],"responses":{"200":{"description":"Successful response","content":{"application/json":{}}}},"security":[{"ApiKeyAuth":[]}]}},"/client/id/{id}/company/relationship":{"get":{"tags":["Company > Company Relationship"],"summary":"Lista las relaciones Company Relationship para este Client","description":"Lista las relaciones de tipo Company Relationship para este Client, incluyendo el Company Relationship Type asociado a cada entrada","parameters":[{"name":"id","in":"path","description":"Id de Client específico en base de datos","required":true,"style":"simple","explode":false,"schema":{"type":"string"}}],"responses":{"200":{"description":"Successful response","content":{"application/json":{}}}},"security":[{"ApiKeyAuth":[]}]}},"/client/id/{id}/relationship/":{"post":{"tags":["Client > Client Relationship"],"summary":"Crea una entrada de Client Relationship para este Client","description":"Crea una entrada de Client Relationship para este Client, especificando un tipo existente de Client Relationship Type","parameters":[{"name":"id","in":"path","description":"Id de Client específico en base de datos","required":true,"style":"simple","explode":false,"schema":{"type":"string"}}],"requestBody":{"content":{"application/json":{"schema":{"$ref":"#/components/schemas/ClientRelationshipBody"}}}},"responses":{"200":{"description":"Successful response","content":{"application/json":{}}}},"security":[{"ApiKeyAuth":[]}]}},"/client/id/{clientID}/relationship/{relationID}/":{"post":{"tags":["Client > Client Relationship"],"summary":"Actualiza un Client Relationship específico","description":"Actualiza un Client Relationship específico por Id","parameters":[{"name":"clientID","in":"path","description":"Id de Client específico en base de datos","required":true,"style":"simple","explode":false,"schema":{"type":"string"}},{"name":"relationID","in":"path","description":"Id de Client Relationship específico en base de datos","required":true,"style":"simple","explode":false,"schema":{"type":"string"}}],"requestBody":{"content":{"application/json":{"schema":{"$ref":"#/components/schemas/ClientRelationshipBody"}}}},"responses":{"200":{"description":"Successful response","content":{"application/json":{}}}},"security":[{"ApiKeyAuth":[]}]}},"/client/id/{clientID}/relationship/{relationshipID}/":{"delete":{"tags":["Client > Client Relationship"],"summary":"Elimina un Client Relationship específico","description":"Elimina un Client Relationship específico, No afecta a los Clients ni al Client Relationship Type específico","parameters":[{"name":"clientID","in":"path","description":"Id de Client específico en base de datos","required":true,"style":"simple","explode":false,"schema":{"type":"string"}},{"name":"relationshipID","in":"path","description":"Id de Client Relationship específico en base de datos","required":true,"style":"simple","explode":false,"schema":{"type":"string"}}],"responses":{"200":{"description":"Successful response","content":{"application/json":{}}}},"security":[{"ApiKeyAuth":[]}]}},"/client/enum/":{"get":{"tags":["Client > Client Enum"],"summary":"Lista todos los Client Enums","description":"Lista todos los Client enum del sistema, con los datos de la propia entidad.","responses":{"200":{"description":"Successful response","content":{"application/json":{}}}},"security":[{"ApiKeyAuth":[]}]},"post":{"tags":["Client > Client Enum"],"summary":"Crea un Enum para el atributo asociado","description":"Crea un valor predeterminado para que al momento de agregar un valor, este sea posible asociarlo a dicho valor agregado.","requestBody":{"content":{"application/json":{"schema":{"type":"object","example":{"name":"Ajedrez","attribute":1}}}}},"responses":{"200":{"description":"Successful response","content":{"application/json":{}}}},"security":[{"ApiKeyAuth":[]}]}},"/client/enum/{id}/":{"get":{"tags":["Client > Client Enum"],"summary":"Lista un Client Enum por id","description":"Lista el Client enum del sistema, con el dato id que se pase por parametro.","parameters":[{"name":"id","in":"path","required":true,"style":"simple","explode":false,"schema":{"type":"string"}}],"responses":{"200":{"description":"Successful response","content":{"application/json":{}}}},"security":[{"ApiKeyAuth":[]}]},"post":{"tags":["Client > Client Enum"],"summary":"Actualiza los datos de una entidad client enum","description":"Actualiza los valores de un enum indicado asociado a un atributo.","parameters":[{"name":"id","in":"path","required":true,"style":"simple","explode":false,"schema":{"type":"string"}}],"requestBody":{"content":{"application/json":{"schema":{"type":"object","example":{"name":"Ajedrez","attribute":1}}}}},"responses":{"200":{"description":"Successful response","content":{"application/json":{}}}},"security":[{"ApiKeyAuth":[]}]},"delete":{"tags":["Client > Client Enum"],"summary":"Elimina una entidad Enum","description":"Elimina una entidad Enum","parameters":[{"name":"id","in":"path","required":true,"style":"simple","explode":false,"schema":{"type":"string"}}],"responses":{"200":{"description":"Successful response","content":{"application/json":{}}}},"security":[{"ApiKeyAuth":[]}]}},"/company":{"get":{"tags":["Company > Company"],"summary":"Lista todos los Companies","description":"Lista todos los Companies del sistema, con los datos de la propia entidad. No considera Attributes ni Relationships","responses":{"200":{"description":"Successful response","content":{"application/json":{}}}},"security":[{"ApiKeyAuth":[]}]}},"/company/id/{id}":{"get":{"tags":["Company > Company"],"summary":"Obtiene una entidad Company","description":"Obtiene una entidad Company específica del sistema, con los datos de la propia entidad. No considera Attributes ni Relationships. Es una versión específica de listar","parameters":[{"name":"id","in":"path","description":"Id de Company específico en base de datos","required":true,"style":"simple","explode":false,"schema":{"type":"string"}}],"responses":{"200":{"description":"Successful response","content":{"application/json":{}}}},"security":[{"ApiKeyAuth":[]}]}},"/company/":{"post":{"tags":["Company > Company"],"summary":"Crea una entidad Company","description":"Crea una entidad Company con información mínima. Los valores de Attributes y Relationships son asignados posteriormente.","requestBody":{"content":{"application/json":{"schema":{"$ref":"#/components/schemas/CompanyBody"}}}},"responses":{"200":{"description":"Successful response","content":{"application/json":{}}}},"security":[{"ApiKeyAuth":[]}]}},"/company/id/{id}/":{"post":{"tags":["Company > Company"],"summary":"Actualiza los datos de un Company","description":"Actualiza los datos mínimos de un Company. Los datos actualizables son los mismos que al crear la entidad. No actualiza los Attributes y Relationships.","parameters":[{"name":"id","in":"path","description":"Id de Company específico en base de datos","required":true,"style":"simple","explode":false,"schema":{"type":"string"}}],"requestBody":{"content":{"application/json":{"schema":{"$ref":"#/components/schemas/CompanyBody"}}}},"responses":{"200":{"description":"Successful response","content":{"application/json":{}}}},"security":[{"ApiKeyAuth":[]}]},"delete":{"tags":["Company > Company"],"summary":"Elimina una entidad Company","description":"Elimina una entidad Company, todas las entidades relacionadas serán eliminadas en cascada","parameters":[{"name":"id","in":"path","description":"Id de Company específico en base de datos","required":true,"style":"simple","explode":false,"schema":{"type":"string"}}],"responses":{"200":{"description":"Successful response","content":{"application/json":{}}}},"security":[{"ApiKeyAuth":[]}]}},"/company/attribute":{"get":{"tags":["Company > Company Attribute"],"summary":"Lista todos los Company Attributes existentes","description":"Lista todos los Company Attributes existentes en el sistema, sin considerar sus valores.","responses":{"200":{"description":"Successful response","content":{"application/json":{}}}},"security":[{"ApiKeyAuth":[]}]}},"/company/attribute/{id}":{"get":{"tags":["Company > Company Attribute"],"summary":"Obtiene un Company Attribute","description":"Obtiene un Company Attribute específico del sistema, sin considerar sus valores. Es una versión específica de listar","parameters":[{"name":"id","in":"path","description":"Id de Company Attribute específico en base de datos","required":true,"style":"simple","explode":false,"schema":{"type":"string"}}],"responses":{"200":{"description":"Successful response","content":{"application/json":{}}}},"security":[{"ApiKeyAuth":[]}]}},"/company/attribute/":{"post":{"tags":["Company > Company Attribute"],"summary":"Crea un Company Attribute","description":"Crea un Company Attribute en el sistema, una vez creado se puede ingresar valores relacionados con este Attribute y un Company cualquiera. Existen por el momento dos tipos de datos, 1) string y 2) enum, siendo 1 el valor por defecto","requestBody":{"content":{"application/json":{"schema":{"$ref":"#/components/schemas/AttributeBody"}}}},"responses":{"200":{"description":"Successful response","content":{"application/json":{}}}},"security":[{"ApiKeyAuth":[]}]}},"/company/attribute/{id}/":{"post":{"tags":["Company > Company Attribute"],"summary":"Actualiza los datos de un Company Attribute.","description":"Actualiza los datos mínimos de un Company Attribute. Los datos actualizables son los mismos que al crear el Company Attribute.","parameters":[{"name":"id","in":"path","description":"Id de Company Attribute específico en base de datos","required":true,"style":"simple","explode":false,"schema":{"type":"string"}}],"requestBody":{"content":{"application/json":{"schema":{"$ref":"#/components/schemas/AttributeBody"}}}},"responses":{"200":{"description":"Successful response","content":{"application/json":{}}}},"security":[{"ApiKeyAuth":[]}]},"delete":{"tags":["Company > Company Attribute"],"summary":"Elimina un Company Attribute","description":"Elimina un Company Attribute, todos los values y relaciones asociadas a este Attribute serán eliminadas","parameters":[{"name":"id","in":"path","description":"Id de Company Attribute específico en base de datos","required":true,"style":"simple","explode":false,"schema":{"type":"string"}}],"responses":{"200":{"description":"Successful response","content":{"application/json":{}}}},"security":[{"ApiKeyAuth":[]}]}},"/company/id/{id}/detail":{"get":{"tags":["Company > Company Value"],"summary":"Obtiene todos los values de los Attributes asociados a este Company","description":"Obtiene todos los values asociado a este Company, incluyendo la información sobre los Attributes asociados a cada value","parameters":[{"name":"id","in":"path","description":"Id de Company específico en base de datos","required":true,"style":"simple","explode":false,"schema":{"type":"string"}}],"responses":{"200":{"description":"Successful response","content":{"application/json":{}}}},"security":[{"ApiKeyAuth":[]}]}},"/company/id/{id}/detail/":{"post":{"tags":["Company > Company Value"],"summary":"Crea values según Attributes indicados por nombre para este Company","description":"Crea values según Attributes indicados por nombre para este Company. Los values son insertados uno a uno y validados de manera separada. Si un Attribute no existe el valor no es insertado en el sistema.Si el tipo de atributo asociado es de tipo enum, este endpoint solo admitirá los valores agregados en la tabla company enum","parameters":[{"name":"id","in":"path","description":"Id de Company específico en base de datos","required":true,"style":"simple","explode":false,"schema":{"type":"string"}}],"requestBody":{"content":{"application/json":{"schema":{"$ref":"#/components/schemas/ValueCreateBody"}}}},"responses":{"200":{"description":"Successful response","content":{"application/json":{}}}},"security":[{"ApiKeyAuth":[]}]}},"/company/id/{companyID}/detail/{attributeID}/":{"delete":{"tags":["Company > Company Value"],"summary":"Elimina un value específico para un Company y un Attribute","description":"Elimina un value específico para un Company y un Attribute, No afecta al Attribute ni al Company","parameters":[{"name":"companyID","in":"path","description":"Id de Company específico en base de datos","required":true,"style":"simple","explode":false,"schema":{"type":"string"}},{"name":"attributeID","in":"path","description":"Id de Company Attribute específico en base de datos","required":true,"style":"simple","explode":false,"schema":{"type":"string"}}],"responses":{"200":{"description":"Successful response","content":{"application/json":{}}}},"security":[{"ApiKeyAuth":[]}]}},"/company/relationship/":{"post":{"tags":["Company > Company RelationshipType"],"summary":"Crea un tipo de Company Relationship","description":"Crea un Company Relationship Type en el sistema, una vez creado se puede ingresar relaciones de este tipo entre Companies y Clients","requestBody":{"content":{"application/json":{"schema":{"$ref":"#/components/schemas/RelationshipTypeBody"}}}},"responses":{"200":{"description":"Successful response","content":{"application/json":{}}}},"security":[{"ApiKeyAuth":[]}]}},"/company/relationship":{"get":{"tags":["Company > Company RelationshipType"],"summary":"Lista los tipos de Company Relationships existentes","description":"Lista los tipos de Company Relationships existentes en el sistema, sin considerar sus relaciones existentes","responses":{"200":{"description":"Successful response","content":{"application/json":{}}}},"security":[{"ApiKeyAuth":[]}]}},"/company/relationship/{id}":{"get":{"tags":["Company > Company RelationshipType"],"summary":"Obtiene un tipo de Company Relationships","description":"Obtiene un tipo especifico de Company Relationship existente en el sistema, sin considerar sus relaciones existentes. Es una versión específica de listar","parameters":[{"name":"id","in":"path","description":"Id de Company Relationship Type específico en base de datos","required":true,"style":"simple","explode":false,"schema":{"type":"string"}}],"responses":{"200":{"description":"Successful response","content":{"application/json":{}}}},"security":[{"ApiKeyAuth":[]}]}},"/company/relationship/{id}/":{"post":{"tags":["Company > Company RelationshipType"],"summary":"Actualiza la definición de un tipo de Company Relationship","description":"Actualiza los datos mínimos de un Company Relationship. Los datos actualizables son los mismos que al crear el Company Relationship.","parameters":[{"name":"id","in":"path","description":"Id de Company Relationship Type específico en base de datos","required":true,"style":"simple","explode":false,"schema":{"type":"string"}}],"requestBody":{"content":{"application/json":{"schema":{"$ref":"#/components/schemas/RelationshipTypeBody"}}}},"responses":{"200":{"description":"Successful response","content":{"application/json":{}}}},"security":[{"ApiKeyAuth":[]}]},"delete":{"tags":["Company > Company RelationshipType"],"summary":"Elimina un tipo de Company Relationship","description":"Elimina un Company Relationship Type, todos los relationships de este tipo serán eliminados","parameters":[{"name":"id","in":"path","description":"Id de Company Relationship Type específico en base de datos","required":true,"style":"simple","explode":false,"schema":{"type":"string"}}],"responses":{"200":{"description":"Successful response","content":{"application/json":{}}}},"security":[{"ApiKeyAuth":[]}]}},"/company/id/{id}/relationship":{"get":{"tags":["Company > Company Relationship"],"summary":"Lista las relaciones Company Relationship para este Company","description":"Lista las relaciones de tipo Company Relationship para este Company, incluyendo el Company Relationship Type asociado a cada entrada","parameters":[{"name":"id","in":"path","description":"Id de Company específico en base de datos","required":true,"style":"simple","explode":false,"schema":{"type":"string"}}],"responses":{"200":{"description":"Successful response","content":{"application/json":{}}}},"security":[{"ApiKeyAuth":[]}]}},"/company/id/{id}/relationship/":{"post":{"tags":["Company > Company Relationship"],"summary":"Crea una entrada de Company Relationship para este Company","description":"Crea una entrada de Company Relationship para este Company, especificando un tipo existente de Company Relationship Type","parameters":[{"name":"id","in":"path","description":"Id de Company específico en base de datos","required":true,"style":"simple","explode":false,"schema":{"type":"string"}}],"requestBody":{"content":{"application/json":{"schema":{"$ref":"#/components/schemas/CompanyBody"}}}},"responses":{"200":{"description":"Successful response","content":{"application/json":{}}}},"security":[{"ApiKeyAuth":[]}]}},"/company/id/{companyID}/relationship/{relationshipID}/":{"delete":{"tags":["Company > Company Relationship"],"summary":"Elimina un Company Relationship específico","description":"Elimina un Company Relationship específico, No afecta al Company, al Client ni al Company Relationship Type específico","parameters":[{"name":"companyID","in":"path","description":"Id de Company específico en base de datos","required":true,"style":"simple","explode":false,"schema":{"type":"string"}},{"name":"relationshipID","in":"path","description":"Id de Company Relationship específico en base de datos","required":true,"style":"simple","explode":false,"schema":{"type":"string"}}],"responses":{"200":{"description":"Successful response","content":{"application/json":{}}}},"security":[{"ApiKeyAuth":[]}]}},"/company/enum/":{"get":{"tags":["Company > Company Enum"],"summary":"Lista todos los Company Enums","description":"Lista todos los Company enum del sistema, con los datos de la propia entidad.","responses":{"200":{"description":"Successful response","content":{"application/json":{}}}},"security":[{"ApiKeyAuth":[]}]},"post":{"tags":["Company > Company Enum"],"summary":"Crea un Enum para el atributo asociado","description":"Crea un valor predeterminado para que al momento de agregar un valor, este sea posible asociarlo a dicho valor agregado.","requestBody":{"content":{"application/json":{"schema":{"type":"object","example":{"name":"Ajedrez","attribute":1}}}}},"responses":{"200":{"description":"Successful response","content":{"application/json":{}}}},"security":[{"ApiKeyAuth":[]}]}},"/company/enum/{id}/":{"get":{"tags":["Company > Company Enum"],"summary":"Lista un Company Enum por id","description":"Lista el Company enum del sistema, con el dato id que se pase por parametro.","parameters":[{"name":"id","in":"path","required":true,"style":"simple","explode":false,"schema":{"type":"string"}}],"responses":{"200":{"description":"Successful response","content":{"application/json":{}}}},"security":[{"ApiKeyAuth":[]}]},"post":{"tags":["Company > Company Enum"],"summary":"Actualiza los datos de una entidad company enum","description":"Actualiza los valores de un enum indicado asociado a un atributo.","parameters":[{"name":"id","in":"path","required":true,"style":"simple","explode":false,"schema":{"type":"string"}}],"requestBody":{"content":{"application/json":{"schema":{"type":"object","example":{"name":"Estado","attribute":1}}}}},"responses":{"200":{"description":"Successful response","content":{"application/json":{}}}},"security":[{"ApiKeyAuth":[]}]},"delete":{"tags":["Company > Company Enum"],"summary":"Elimina una entidad Enum","description":"Elimina una entidad Enum","parameters":[{"name":"id","in":"path","required":true,"style":"simple","explode":false,"schema":{"type":"string"}}],"responses":{"200":{"description":"Successful response","content":{"application/json":{}}}},"security":[{"ApiKeyAuth":[]}]}}},"components":{"schemas":{"PortfolioBody":{"required":["reference_id"],"type":"object","properties":{"reference_id":{"type":"string","description":"Nombre de referencia de este Portfolio, es su identificador principal, independiente de los atributos"},"client_id":{"type":"number","description":"Client de referencia al que este Portfolio está asociado"}},"example":{"reference_id":"568976548","client_id":27}},"ClientBody":{"required":["reference_id"],"type":"object","properties":{"rut":{"type":"string","description":"Rut de este client, sin puntos y con guión, es su identificador principal, independiente de los atributos"},"name":{"type":"string","description":"Nombre completo de referencia de este Client, no corresponde a un atributo"}},"example":{"rut":"15282599-4","name":"JUAN RAUL PEREZ SOTO"}},"CompanyBody":{"required":["reference_id"],"type":"object","properties":{"rut":{"type":"string","description":"Rut de este Company, sin puntos y con guión, es su identificador principal, independiente de los atributos"},"name":{"type":"string","description":"Nombre completo de referencia de este Company, no corresponde a un atributo"}},"example":{"rut":"93834000-5","name":"CENCOSUD S.A."}},"AttributeBody":{"required":["reference_id"],"type":"object","properties":{"name":{"type":"string","description":"Nombre interno en el sistema para este atributo, debe ser único para este tipo de dato"},"label":{"type":"number","description":"Texto representativo imprimible para este atributo"},"type":{"type":"number","description":"Tipo de atributo a definir, los tipos son 1) string y 2) enums. Por defecto este valor es 1"}},"example":{"name":"PAIS_NATIVO","label":"País de residencia","type":2}},"RelationshipTypeBody":{"required":["name"],"type":"object","properties":{"name":{"type":"string","description":"Nombre interno en el sistema para esta relación, debe ser único para este tipo de dato"}},"example":{"name":"INFORMANTE_AUTORIZADO"}},"PortfolioClientRelationshipBody":{"required":["client_from","portfolio_to","relationship_name"],"type":"object","properties":{"relationship_name":{"type":"string","description":"Nombre interno en el sistema para esta relación"},"client_from":{"type":"number","description":"ID de cliente a asignar esta relación"},"portfolio_to":{"type":"number","description":"ID de portfolio a asignar esta relación"}},"example":{"relationship_name":"INFORMANTE_AUTORIZADO","client_from":53,"portfolio_to":7}},"ClientRelationshipBody":{"required":["client_from","portfolio_to","relationship_name"],"type":"object","properties":{"relationship_name":{"type":"string","description":"Nombre interno en el sistema para esta relación"},"client_from":{"type":"number","description":"ID de cliente a asignar esta relación, como fuente de la relación"},"client_to":{"type":"number","description":"ID de cliente a asignar esta relación, como objetivo de la relación"}},"example":{"relationship_name":"INFORMANTE_AUTORIZADO","client_from":53,"client_to":57}},"CompanyRelationshipBody":{"required":["client_from","company_to","relationship_name"],"type":"object","properties":{"relationship_name":{"type":"string","description":"Nombre interno en el sistema para esta relación"},"client_from":{"type":"number","description":"ID de cliente a asignar esta relación"},"company_to":{"type":"number","description":"ID de company a asignar esta relación"}},"example":{"relationship_name":"INFORMANTE_AUTORIZADO","client_from":53,"company_to":113}},"PortfolioCompanyRelationshipBody":{"required":["company_from","portfolio_to","relationship_name"],"type":"object","properties":{"relationship_name":{"type":"string","description":"Nombre interno en el sistema para esta relación"},"company_from":{"type":"number","description":"ID de company a asignar esta relación"},"portfolio_to":{"type":"number","description":"ID de portfolio a asignar esta relación"}},"example":{"relationship_name":"INFORMANTE_AUTORIZADO","company_from":113,"portfolio_to":7}},"ValueCreateBody":{"type":"array","items":{"required":["reference_id"],"type":"object","properties":{"name":{"type":"string","description":"Nombre interno en el sistema para este atributo"},"value":{"type":"string","description":"Valor asignado para el atributo con este nombre,"}},"example":[{"name":"EDAD","value":57},{"name":"SIGNO_ZODIACAL","value":"Capricornio"}]}}},"securitySchemes":{"ApiKeyAuth":{"type":"apiKey","name":"Authorization","in":"header"}}}}