{"openapi":"3.0.0","info":{"title":"RC API Common","description":"RC API Common methods","contact":{"email":"support@mbsicorp.com"},"version":"2.0.3"},"servers":[{"url":"https://test-api.mbsisystems.com/api/v130","description":"Test"},{"url":"https://stagemobileapi.myrecoverysystem.com/api","description":"Stage"}],"tags":[{"name":"authentication","description":"Calls related to authenticating a user account"}],"paths":{"/auth":{"post":{"tags":["authentication"],"summary":"Authenticates","description":"Using your credentials you can acquire a bearer token to make future requests\n","operationId":"authenticate","requestBody":{"description":"User credentials to authenticate with","content":{"application/json":{"schema":{"$ref":"#/components/schemas/AuthRequest"}}},"required":true},"responses":{"200":{"description":"authentication results","content":{"application/json":{"schema":{"$ref":"#/components/schemas/AuthResponse"}}}},"400":{"description":"bad input parameter"}}}},"/auth/refresh":{"put":{"tags":["authentication"],"summary":"Refreshes token authorization via refresh_token","description":"Refresh authorization using refresh token\n","operationId":"refreshAuth","requestBody":{"description":"Refresh request","content":{"application/json":{"schema":{"$ref":"#/components/schemas/AuthRefreshRequest"}}},"required":true},"responses":{"200":{"description":"Refreshed authorization results","content":{"application/json":{"schema":{"$ref":"#/components/schemas/AuthResponse"}}}},"400":{"description":"bad input parameter"}},"security":[{"bearerAuth":[]}]}}},"components":{"schemas":{"AuthRequest":{"required":["password","username"],"properties":{"username":{"type":"string","example":"myusername"},"password":{"type":"string","example":"mypassword"}}},"AuthRefreshRequest":{"required":["refresh_token"],"properties":{"refresh_token":{"type":"string","example":"dGhpcyBpcyBhIHRlc3Q.dGhpcyBpcyBhIHRlc3Q.dGhpcyBpcyBhIHRlc3Q"}}},"AuthResponse":{"properties":{"access_token":{"type":"string"},"refresh_token":{"type":"string"},"token_type":{"type":"string","example":"Bearer"},"expires_in":{"type":"integer","example":3600}}}},"securitySchemes":{"bearerAuth":{"type":"http","scheme":"bearer","bearerFormat":"JWT"}}}}