{"openapi":"3.0.0","info":{"title":"MBTPurchasingAPI","description":"This is an API to Get product information, supplier Information, and valid quotations from Check systems to an alternative purchasing system, and provide purchsing data back to check systems for centralised reporting.\nAll of these API are called from the third party app and can be called as required and as per business rules.\n","contact":{"email":"support@mbtcheck.com"},"version":"1.0.0"},"externalDocs":{"description":"MBT Implementation Guide","url":"http://mbtcheck.com/about-us"},"servers":[{"url":"https://virtserver.swaggerhub.com/MBTAustralia/CheckPurchasing/1.0.0","description":"SwaggerHub API Auto Mocking"}],"tags":[{"name":"ProductDef","description":"Access to Product definitions"},{"name":"SupplierDef","description":"Access to Supplier definitions"},{"name":"Quote","description":"Access to Quotation Information for pricing"},{"name":"Purchasing","description":"Operations about Purchasing"}],"paths":{"/ProductDef/GetProduct":{"get":{"tags":["ProductDef"],"summary":"Returns Definitions of Products's","description":"Returns Definitions of Products's","operationId":"getProduct","parameters":[{"name":"UserName","in":"query","description":"Username for login","required":true,"style":"form","explode":true,"schema":{"type":"string"}},{"name":"Password","in":"query","description":"Password for login","required":true,"style":"form","explode":true,"schema":{"type":"string"}},{"name":"Site","in":"query","description":"Site you want the produts for","required":true,"style":"form","explode":true,"schema":{"type":"string"}},{"name":"status","in":"query","description":"Status values that need to be considered for filter","required":true,"style":"form","explode":true,"schema":{"type":"array","items":{"type":"string","default":"Updates Only","enum":["Full","Updates Only"]}}}],"responses":{"202":{"description":"successful operation","content":{"application/json":{"schema":{"type":"array","items":{"$ref":"#/components/schemas/Product"}}},"application/xml":{"schema":{"type":"array","items":{"$ref":"#/components/schemas/Product"}}}}},"401":{"description":"Invalid username/password supplied"},"420":{"description":"Invalid Site code supplied"}},"security":[{"api_key":[]}]}},"/SupplierDef/GetSupplier":{"get":{"tags":["SupplierDef"],"summary":"Returns Definitions of Suppliers","description":"Returns Definitions of Suppliers","operationId":"getSupplier","parameters":[{"name":"UserName","in":"query","description":"Username for login","required":true,"style":"form","explode":true,"schema":{"type":"string"}},{"name":"Password","in":"query","description":"Password for login","required":true,"style":"form","explode":true,"schema":{"type":"string"}},{"name":"Site","in":"query","description":"Site you want the Suppliers for","required":true,"style":"form","explode":true,"schema":{"type":"string"}},{"name":"status","in":"query","description":"Status values that need to be considered for filter","required":true,"style":"form","explode":true,"schema":{"type":"array","items":{"type":"string","default":"Updates Only","enum":["Full","Updates Only"]}}}],"responses":{"202":{"description":"successful operation","content":{"application/json":{"schema":{"type":"array","items":{"$ref":"#/components/schemas/Supplier"}}},"application/xml":{"schema":{"type":"array","items":{"$ref":"#/components/schemas/Supplier"}}}}},"204":{"description":"No Content"},"401":{"description":"Invalid username/password supplied"},"420":{"description":"Invalid Site code supplied"}},"security":[{"api_key":[]}]}},"/Quote/GetQuotes":{"get":{"tags":["Quote"],"summary":"Returns Quoteations changed since last call","description":"Returns Quoteations changed since last call","operationId":"getQuote","parameters":[{"name":"UserName","in":"query","description":"Username for login","required":true,"style":"form","explode":true,"schema":{"type":"string"}},{"name":"Password","in":"query","description":"Password for login","required":true,"style":"form","explode":true,"schema":{"type":"string"}},{"name":"Site","in":"query","description":"Site you want the Quotes for","required":true,"style":"form","explode":true,"schema":{"type":"string"}},{"name":"status","in":"query","description":"Status values that need to be considered for filter","required":true,"style":"form","explode":true,"schema":{"type":"array","items":{"type":"string","default":"Updates Only","enum":["Full","Updates Only"]}}}],"responses":{"202":{"description":"successful operation","content":{"application/json":{"schema":{"type":"array","items":{"$ref":"#/components/schemas/Quote"}}},"application/xml":{"schema":{"type":"array","items":{"$ref":"#/components/schemas/Quote"}}}}},"204":{"description":"No Content"},"401":{"description":"Invalid username/password supplied"},"420":{"description":"Invalid Site code supplied"}},"security":[{"api_key":[]}]}},"/Purchasing":{"post":{"tags":["PUR1"],"summary":"Create Purchasing Record","description":"This can only be done by the logged in user.","operationId":"createPUR1","parameters":[{"name":"UserName","in":"query","description":"Username for login","required":true,"style":"form","explode":true,"schema":{"type":"string"}},{"name":"Password","in":"query","description":"Password for login","required":true,"style":"form","explode":true,"schema":{"type":"string"}}],"requestBody":{"description":"Create Purchasing 1 object","content":{"application/json":{"schema":{"$ref":"#/components/schemas/PUR1"}}},"required":true},"responses":{"202":{"description":"Accepted The request has been accepted for processing"},"400":{"description":"Invalid username/password supplied"}}}},"/Purchasing/PUR1createWithArray":{"post":{"tags":["PUR1Array"],"summary":"Creates list of Purchasing with given input array, Maximum number of purchasing in the Array is 1000","operationId":"createPUR1WithArrayInput","parameters":[{"name":"UserName","in":"query","description":"Username for login","required":true,"style":"form","explode":true,"schema":{"type":"string"}},{"name":"Password","in":"query","description":"Password for login","required":true,"style":"form","explode":true,"schema":{"type":"string"}}],"requestBody":{"$ref":"#/components/requestBodies/PUR1Array"},"responses":{"202":{"description":"Accepted The request has been accepted for processing"},"204":{"description":"No Content"},"401":{"description":"Invalid username/password supplied"}}}}},"components":{"schemas":{"PUR1":{"type":"object","properties":{"AC1":{"maxLength":12,"type":"string","description":"product Number(pnum)","example":"P000000012"},"AC2":{"maxLength":12,"type":"string","description":"site code","example":"siteA"},"AC3":{"maxLength":12,"type":"string","description":"supplier Number (snum)","example":"S000123"},"AC4":{"maxLength":12,"type":"string","description":"Period of Purchase","example":"2021-04"},"Val1":{"type":"number","description":"PTD Purchase","example":2.5},"Val2":{"type":"number","description":"Last Purchase Price","example":2.5},"Val3":{"type":"number","description":"Lowest Purchase Price","example":2.5},"Qty1":{"type":"number","description":"PTD Purchase Quantity","example":2.5},"Qty2":{"type":"number","description":"Last Purchase Qty","example":2.5},"Qty3":{"type":"number","description":"Number of GRNs with delivery date in this period","example":2.5},"Date1":{"pattern":"^[1-9][0-9][0-9][0-9]-[0-1][0-9]-[0-3][0-9]$","type":"string","description":"Last Purchase Date","format":"date-time"},"Qty4":{"type":"number","description":"Free Delivery Qty","example":2.5}},"xml":{"name":"PUR1"}},"Supplier":{"type":"object","properties":{"UpdateType":{"maxLength":1,"type":"string","description":"A- Add, U-Update","example":"UpdateType"},"Snum":{"maxLength":12,"type":"string","description":"Supplier Number","example":"S000123"},"sname":{"maxLength":12,"type":"string","description":"Supplier Name","example":"TheGreat Supplier Co Ltd"},"Add1":{"maxLength":80,"type":"string","description":"Address 1","example":"52 Great street"},"Add2":{"maxLength":80,"type":"string","description":"Address 2","example":"The Great Town"},"Add3":{"maxLength":80,"type":"string","description":"Address 3","example":"The Great State"},"city":{"maxLength":50,"type":"string","description":"City","example":"Sydney"},"state":{"maxLength":30,"type":"string","description":"State","example":"NSW"},"pcode":{"maxLength":8,"type":"string","description":"Post Code","example":"2068"},"country":{"maxLength":20,"type":"string","description":"PostCode","example":"Australia"},"Phone":{"maxLength":16,"type":"string","description":"PhoneNumber","example":"0299588298"},"Phone2":{"maxLength":16,"type":"string","description":"2nd PhoneNumber","example":"0299588298"},"Phone3":{"maxLength":16,"type":"string","description":"3rd PhoneNumber","example":"0299588298"},"email":{"maxLength":254,"type":"string","description":"Email address","example":"support@mbtcheck.com"},"ContactName":{"maxLength":60,"type":"string","description":"Name of contact","example":"Peter"},"ContactName2":{"maxLength":60,"type":"string","description":"Name of contact 2","example":"James"},"SupplierGroup":{"maxLength":16,"type":"string","description":"Supplier Group (type of supplier)","example":"Drinks"},"Status":{"maxLength":10,"type":"string","description":"Active,Discontinued","example":"Active"},"EffectiveDate":{"pattern":"^[1-9][0-9][0-9][0-9]-[0-1][0-9]-[0-3][0-9]$","type":"string","description":"The effective date that the change is from","format":"date-time"}},"xml":{"name":"Supplier"}},"Product":{"type":"object","properties":{"UpdateType":{"maxLength":1,"type":"string","description":"A-add,U-Update","example":"UpdateType"},"pnum":{"maxLength":12,"type":"string","description":"Product Code","example":"P000000012"},"descr":{"maxLength":240,"type":"string","description":"Product description","example":"Beef sirloin steak 250GM"},"descr2":{"maxLength":240,"type":"string","description":"Additional Product description","example":"grain fed only"},"sprddescr":{"maxLength":30,"type":"string","description":"Short product description","example":"Beef steak sirloin"},"CCPnum":{"maxLength":12,"type":"string","description":"Corportate Product Number","example":"CP0000012"},"dept":{"maxLength":12,"type":"string","description":"Description fo the department the product belongs to","example":"Food"},"group":{"maxLength":12,"type":"string","description":"Description of the group the product belongs to this is heirarchical group belongs to department","example":"Meat"},"type":{"maxLength":12,"type":"string","description":"Description of the group the product belongs to this is heirarchical type belongs to Group","example":"Beef"},"StkSize":{"maxLength":12,"type":"string","description":"The proudct size","example":"250 Grm"},"taxc":{"maxLength":13,"type":"string","description":"The tax code of the product","example":"10%"},"Status":{"maxLength":10,"type":"string","description":"Active,Discontinued","example":"Active"},"orpsize1":{"maxLength":12,"type":"string","description":"Purchase size 1","example":"Case 2KG"},"orpsize1conv":{"type":"number","description":"How many of the Product stock size is in the Purchase size 1","example":8},"orpsize2":{"maxLength":12,"type":"string","description":"Purchase size 2","example":"Crate 10KG"},"orpsize2conv":{"type":"number","description":"How many of the Product stock size is in the Purchase size 2","example":4E+1},"Field1":{"maxLength":40,"type":"string","description":"For any other data required","example":"this is great beef"},"Field1Descriptor":{"maxLength":40,"type":"string","description":"Advises what the data in Field1 is for","example":"A note from the chef"},"Field2":{"maxLength":40,"type":"string","description":"For any other data required","example":"this is great beef"},"Field2Descriptor":{"maxLength":40,"type":"string","description":"Advises what the data in Field1 is for","example":"A note from the chef"},"Field3":{"maxLength":40,"type":"string","description":"For any other data required","example":"this is great beef"},"Field3Descriptor":{"maxLength":40,"type":"string","description":"Advises what the data in Field1 is for","example":"A note from the chef"},"Field4":{"maxLength":40,"type":"string","description":"For any other data required","example":"this is great beef"},"Field4Descriptor":{"maxLength":40,"type":"string","description":"Advises what the data in Field1 is for","example":"A note from the chef"},"Field5":{"maxLength":40,"type":"string","description":"For any other data required","example":"this is great beef"},"Field5Descriptor":{"maxLength":40,"type":"string","description":"Advises what the data in Field1 is for","example":"A note from the chef"},"Field6":{"maxLength":40,"type":"string","description":"For any other data required","example":"this is great beef"},"Field6Descriptor":{"maxLength":40,"type":"string","description":"Advises what the data in Field1 is for","example":"A note from the chef"},"Field7":{"maxLength":40,"type":"string","description":"For any other data required","example":"this is great beef"},"Field7Descriptor":{"maxLength":40,"type":"string","description":"Advises what the data in Field1 is for","example":"A note from the chef"}},"xml":{"name":"Product"}},"Quote":{"type":"object","properties":{"UpdateType":{"maxLength":1,"type":"string","description":"A-add,U-Update","example":"UpdateType"},"snum":{"maxLength":12,"type":"string","description":"Supplier Number","example":"S000000012"},"StartDate":{"pattern":"^[1-9][0-9][0-9][0-9]-[0-1][0-9]-[0-3][0-9]$","type":"string","description":"The start date the quote prices are valid from","format":"date-time"},"EndDate":{"pattern":"^[1-9][0-9][0-9][0-9]-[0-1][0-9]-[0-3][0-9]$","type":"string","description":"The end date the quote prices are valid from","format":"date-time"},"QuoteDetail":{"type":"array","description":"array of detail records","items":{"$ref":"#/components/schemas/QuoteDetail"}}},"xml":{"name":"Quote"}},"QuoteDetail":{"type":"object","properties":{"pnum":{"maxLength":12,"type":"string","description":"Product Number","example":"P000123"},"spnum":{"maxLength":12,"type":"string","description":"Supplier Product Code","example":"P000000012"},"sdescr":{"maxLength":240,"type":"string","description":"Supplier Product description","example":"Beef sirloin steak 250GM"},"PSize":{"maxLength":12,"type":"string","description":"The proudct purchase","example":"250 Grm"},"MinPQTY":{"type":"number","description":"Minimum purchase quantity","example":1},"PPrice":{"type":"number","description":"Price per purchase size of one","example":1.25},"psize1conv":{"type":"number","description":"How many of the Product stock size is in the Purchase size","example":8},"Field1":{"maxLength":40,"type":"string","description":"For any other data required","example":"this is great beef"},"Field1Descriptor":{"maxLength":40,"type":"string","description":"Advises what the data in Field1 is for","example":"A note from the chef"},"Field2":{"maxLength":40,"type":"string","description":"For any other data required","example":"this is great beef"},"Field2Descriptor":{"maxLength":40,"type":"string","description":"Advises what the data in Field1 is for","example":"A note from the chef"},"Field3":{"maxLength":40,"type":"string","description":"For any other data required","example":"this is great beef"},"Field3Descriptor":{"maxLength":40,"type":"string","description":"Advises what the data in Field1 is for","example":"A note from the chef"},"Field4":{"maxLength":40,"type":"string","description":"For any other data required","example":"this is great beef"},"Field4Descriptor":{"maxLength":40,"type":"string","description":"Advises what the data in Field1 is for","example":"A note from the chef"}},"xml":{"name":"QuoteDetail"}}},"requestBodies":{"PUR1Array":{"description":"List of Purchasing Made","content":{"application/json":{"schema":{"type":"array","items":{"$ref":"#/components/schemas/PUR1"}}}},"required":true},"ProductArray":{"description":"List of Products Made","content":{"application/json":{"schema":{"type":"array","items":{"$ref":"#/components/schemas/Product"}}}},"required":true},"SupplierArray":{"description":"List of Suppliers Made","content":{"application/json":{"schema":{"type":"array","items":{"$ref":"#/components/schemas/Supplier"}}}},"required":true}},"securitySchemes":{"api_key":{"type":"apiKey","name":"api_key","in":"header"}}}}