{"openapi":"3.0.0","info":{"title":"Medius Supplier & Contracts Data Model","license":{"name":"MIT"},"version":"2.0.0"},"servers":[{"url":"https://nfum.wax-uat.com/S2C","description":"UAT server for testing"},{"url":"https://procurement.nfumutual.co.uk/S2C","description":"PRODUCTION server"}],"security":[{"ApiKeyAuth":[]}],"paths":{"/S2CAPI/v1/suppliers":{"get":{"summary":"Gets a list of basic supplier information","operationId":"GetSuppliers","responses":{"200":{"description":"List of basic supplier details","content":{"application/xml":{"schema":{"$ref":"#/components/schemas/ArrayOfSupplier"},"examples":{"GetSuppliers":{"value":"<ArrayOfSupplier xmlns:xsi=\"http://www.w3.org/2001/XMLSchema-instance\" xmlns:xsd=\"http://www.w3.org/2001/XMLSchema\">\n  <Supplier>\n      <Name>Sodales At Corp.</Name>\n      <Code>SUP001</Code>\n      <SupplierApprovalStatus>New</SupplierApprovalStatus>\n  </Supplier>\n  <Supplier>\n      <Name>Nulla Magna Malesuada Company</Name>\n      <SupplierApprovalStatus>New</SupplierApprovalStatus>\n  </Supplier>\n</ArrayOfSupplier>"}}}}},"default":{"description":"Error response","content":{"application/xml":{"schema":{"$ref":"#/components/schemas/Error"}}}}}},"put":{"summary":"Update/Create details of a supplier","operationId":"PutSupplier","requestBody":{"description":"This request is used to create or update a new supplier including supplier contacts.","content":{"application/xml":{"schema":{"$ref":"#/components/schemas/Supplier"},"examples":{"Contacts":{"value":"<!-- Create new supplier -->\n<Supplier>\n  <Name>IBM United Kingdom Limited</Name>\n  <Code>VA001504</Code>\n  <Active>True</Active>\n  <Description>IBM United Kingdom Ltd</Description>\n  <SupplierNumber>741598</SupplierNumber>\n  <SupplierApprovalStatus>New</SupplierApprovalStatus>\n  <SupplierWebsite>www.pirean.com</SupplierWebsite>\n   <AdditionalAttributes>\n    <Attribute>\n      <Name>SupplierClassification</Name>\n      <Value>Transactional</Value>\n    </Attribute>\n   </AdditionalAttributes>\n  <Contacts>\n    <Contact>\n      <Code>VA001504_1</Code>\n      <Name>Asmaa Shoawon</Name>\n      <Username>Asmaa.Sohawon@ibm.com</Username>\n      <EmailAddress>Asmaa.Sohawon@ibm.com</EmailAddress>\n    </Contact>\n  </Contacts>\n</Supplier>\n\n <!-- Update Supplier -->\n<Supplier>\n  <Name>IBM United Kingdom Limited</Name>\n  <Code>VA001504</Code>\n  <Active>True</Active>\n  <Description>IBM United Kingdom Ltd</Description>\n  <SupplierNumber>741598</SupplierNumber>\n  <SupplierApprovalStatus>New</SupplierApprovalStatus>\n  <SupplierWebsite>www.pirean.com</SupplierWebsite>\n   <AdditionalAttributes>\n    <Attribute>\n      <Name>SupplierClassification</Name>\n      <Value>Operational</Value>\n    </Attribute>\n   </AdditionalAttributes>\n  <Contacts>\n    <Contact>\n      <Code>VA001504_1</Code>\n      <Name>Asmaa Shoawon</Name>\n      <Username>Asmaa.Sohawon@ibm.com</Username>\n      <EmailAddress>Asmaa.Sohawon@ibm.com</EmailAddress>\n    </Contact>\n  </Contacts>\n</Supplier>\n \n "}}}},"required":true},"responses":{"200":{"description":"Supplier details document"},"default":{"description":"Error response","content":{"application/xml":{"schema":{"$ref":"#/components/schemas/Error"}}}}}}},"/S2CAPI/V1/suppliers/{Code}":{"get":{"summary":"Get details of a particular supplier","operationId":"GetSupplier","parameters":[{"name":"Code","in":"path","description":"The medius/WD identifier for the supplier (Supplier code)","required":true,"style":"simple","explode":false,"schema":{"type":"string"},"example":"VA001504"}],"responses":{"200":{"description":"Supplier details document","content":{"application/xml":{"schema":{"$ref":"#/components/schemas/Supplier"},"examples":{"Contacts":{"value":"<?xml version=\"1.0\" encoding=\"UTF-8\" ?>\n<Supplier>\n  <Name>IBM United Kingdom Limited</Name>\n  <Code>VA001504</Code>\n  <Active>True</Active>\n  <Description>IBM United Kingdom Ltd</Description>\n  <SupplierNumber>741598</SupplierNumber>\n  <SupplierApprovalStatus>New</SupplierApprovalStatus>\n  <SupplierWebsite>www.pirean.com</SupplierWebsite>\n   <AdditionalAttributes>\n    <Attribute>\n      <Name>SupplierClassification</Name>\n      <Value>Operational</Value>\n    </Attribute>\n   </AdditionalAttributes>\n  <Contacts>\n    <Contact>\n      <Code>VA001504_1</Code>\n      <Name>Asmaa Shoawon</Name>\n      <Username>Asmaa.Sohawon@ibm.com</Username>\n      <EmailAddress>Asmaa.Sohawon@ibm.com</EmailAddress>\n    </Contact>\n  </Contacts>\n</Supplier>"}}}}},"default":{"description":"Error response","content":{"application/xml":{"schema":{"$ref":"#/components/schemas/Error"}}}}}}},"/bespoke/nfum/api/v1/contracts":{"summary":"Get all contracts","get":{"summary":"Get all contracts filtered between the last modified date and the last integrated date","description":"","operationId":"GetContracts","parameters":[{"name":"lastModifiedDate","in":"query","description":"The date to filter the last modified contracts by (Integrated date), using ISO 8601 format yyyy-MM-ddTHH:mm:ssZ (2021-20-10T14:01:54.9571247Z)","required":true,"style":"form","explode":true,"schema":{"type":"string"},"example":"2008-09-22T14:01:54.9571247Z"}],"responses":{"200":{"description":"Contract details document","content":{"application/xml":{"schema":{"$ref":"#/components/schemas/GetContracts"},"examples":{"Get Contracts":{"value":"<Contracts>\n  <Contract>\n    <ContractNumber>C00861</ContractNumber>\n    <ContractStatus>Expired</ContractStatus>\n    <CompanyCode>01</CompanyCode>\n    <ContractType>PURCHASES_CONTRACT</ContractType>\n    <ContractTitle>Software Licence</ContractTitle>\n    <SupplierNumber>VA000307</SupplierNumber>\n    <ContractEffectiveDate>2012-03-01</ContractEffectiveDate>\n    <ContractEndDate>2012-08-31</ContractEndDate>\n    <LastModifiedDate>10/12/2020 11:57:05</LastModifiedDate>\n    <ContractSpendToDate>50.00</ContractSpendToDate>\n    <CurrencyCode>GBP</CurrencyCode>\n    <BuyerResponsibleName>Gareth Mawdesley</BuyerResponsibleName>\n    <BuyerResponsibleCode>00115143</BuyerResponsibleCode>\n    <Status>3</Status>\n  </Contract>\n  <Contract>\n    <ContractNumber>C00862</ContractNumber>\n    <ContractStatus>WaitingApproval</ContractStatus>\n    <LastModifiedDate>10/12/2020 11:57:05</LastModifiedDate>\n    <CompanyCode>02</CompanyCode>\n    <SupplierNumber>VA000308</SupplierNumber>\n    <ContractDescription>Cooking appliances</ContractDescription>\n    <ContractEffectiveDate>2012-03-01</ContractEffectiveDate>\n    <ContractEndDate>2012-08-31</ContractEndDate>\n    <ContractReviewDate>24/03/2006</ContractReviewDate>\n    <ContractSpendToDate>0.00</ContractSpendToDate>\n    <BuyerResponsible>Alex Smith</BuyerResponsible>\n    <Status>2</Status>\n  </Contract>\n</Contracts>"}}}}},"default":{"description":"Error response","content":{"application/xml":{"schema":{"$ref":"#/components/schemas/Error"}}}}}}},"/bespoke/nfum/api/v1/contract/{ContractNumber}":{"put":{"summary":"Update the contract spend to date","description":"Update the contract spend to date in medius","operationId":"PutContract","parameters":[{"name":"ContractNumber","in":"path","description":"The medius contract reference number","required":true,"style":"simple","explode":false,"schema":{"type":"string"},"example":"C01192"}],"requestBody":{"description":"The updated contract details","content":{"application/xml":{"schema":{"$ref":"#/components/schemas/ContractUpdate"},"examples":{"ContractUpdate":{"value":"<Contract>\n  <ContractSpendToDate>50.00</ContractSpendToDate>\n</Contract>"}}}},"required":true},"responses":{"200":{"description":"Contract details document"},"default":{"description":"Error response","content":{"application/xml":{"schema":{"$ref":"#/components/schemas/Error"}}}}}}}},"components":{"schemas":{"ArrayOfSupplier":{"type":"array","xml":{"name":"Supplier","wrapped":false},"items":{"$ref":"#/components/schemas/MinimalSupplier"}},"MinimalSupplier":{"required":["Name"],"properties":{"Name":{"type":"string","description":"Familiar name for supplier","example":"Acme Inc"},"Code":{"type":"string","description":"NFUM Id , Unique Id of the supplier.","example":"VA001504"}},"xml":{"name":"Supplier","wrapped":false}},"Supplier":{"required":["Name"],"properties":{"Name":{"type":"string","description":"Familiar name for supplier","example":"Acme Inc"},"Code":{"type":"string","description":"Workday Id , Unique Id of the supplier.","example":"VA0001"},"Active":{"type":"string","description":"Is the supplier active","example":"true"},"Description":{"type":"string","description":"Description of the supplier","example":"Business in IT"},"SupplierNumber":{"type":"string","description":"Registered Company Number","example":"4220636"},"SupplierApprovalStatus":{"type":"string","description":"Supplier approval status in medius, can be approved/new","example":"approved"},"SupplierWebsite":{"type":"string","description":"Suplier website","example":"www.acme.com"},"AdditionalAttributes":{"type":"array","description":"Contact list for the organisation","xml":{"name":"AdditionalAttributes","wrapped":false},"items":{"$ref":"#/components/schemas/AdditionalAttributes"}},"Contacts":{"type":"array","description":"Contact list for the organisation","xml":{"name":"Contacts","wrapped":false},"items":{"$ref":"#/components/schemas/ContactDetails"}}},"xml":{"name":"Supplier","wrapped":false}},"ContactDetails":{"required":["Code","Name","Username"],"properties":{"Code":{"type":"string","description":"Unique workday contact code, format is {SupplierCode","example":"VA0001_1"},"Name":{"type":"string","description":"Common name of the contact","example":"Fred Bloggs"},"Username":{"type":"string","description":"Username for the supplier contact,if not provided the email address will be used","format":"email","example":"joe-bloggs@acme.com"},"Email":{"type":"string","description":"Business email address for the contact","format":"email","example":"joe-bloggs@acme.com"}}},"AdditionalAttributes":{"required":["Name","Value"],"properties":{"Name":{"type":"string","description":"Name of the custom attribute, can retrieve this from using GET /Suppliers/{ID}","example":"SupplierClassification"},"Value":{"type":"string","description":"Value of the custom attribute","example":"Operational"}}},"GetContracts":{"type":"array","xml":{"name":"GetContracts","wrapped":false},"items":{"$ref":"#/components/schemas/Contracts"}},"Contracts":{"properties":{"ContractNumber":{"type":"string","description":"Unique Id of the contract in medius.","example":"C00314"},"ContractStatus":{"type":"string","description":"Status of the contract held in medius.","example":"Approved"},"CompanyCode":{"type":"string","description":"Unique Id of the supplier in medius, starts with VA,VI,VB and VQ.","example":"VA0001"},"SupplierNumber":{"type":"string","description":"End date of the contract.","example":"30/09/2021"},"ContractDescription":{"type":"string","description":"Description of the contract.","example":"IT solutions"},"ContractEffectiveDate":{"type":"string","description":"Date the contract was made effective, this will be the start date in WD","example":"24/09/2021"},"ContractEndDate":{"type":"string","description":"The date the contract has ended","example":"2017-04-01T00:00:00.000+0000"},"LastModifiedDate":{"type":"string","description":"The date the contract has was last updated","example":"10/12/2020 11:57:05"},"ContractSpendToDate":{"type":"string","description":"The supplier's spend on the contract","example":"199035.4"},"BuyerResponsible":{"type":"string","description":"Category Buyer in the medius system.","example":"Jack Grimes"},"BuyerResponsibleCode":{"type":"string","description":"Code of the Category Buyer in the medius system(In the admin centre).","example":"39523"}},"xml":{"name":"Contracts","wrapped":false}},"ContractUpdate":{"type":"array","xml":{"name":"ContractUpdate","wrapped":false},"items":{"$ref":"#/components/schemas/Fields"}},"Fields":{"properties":{"ContractNumber":{"type":"string","description":"Unique Id of the contract in medius.","example":"C00314"},"ContractSpendToDate":{"type":"string","description":"Contract spend.","example":"638664.9"}},"xml":{"name":"Items","wrapped":false}},"Error":{"required":["Type"],"properties":{"Type":{"type":"string","description":"Error type identifier, cannonical reference for implemenors and recipients, providing detailed description of the error and corrective actions if possible","format":"url","example":"https://procurement.nfumutual.co.uk/S2C/bespoke/nfum/api-errors/"},"Status":{"type":"integer","description":"HTTP status code returned with this error","example":401},"Title":{"type":"string","description":"Human readable short description of the error, more details available from 'type' url","example":"API key is missing or invalid"},"Instance":{"type":"string","description":"Specific error instance identifier, useful for API implementors to investigate an error","example":"76c62f6a-20a2-409b-aef3-88e0a42f8d60"}}}},"securitySchemes":{"ApiKeyAuth":{"type":"apiKey","name":"X-API-Key","in":"header"}}}}