{"openapi":"3.0.0","info":{"title":"API document Medlink SMS version 1","description":"API document Medlink SMS version 1","version":"1.0.0"},"servers":[{"url":"127.0.0.1:5000","description":"localhost"},{"url":"https://virtserver.swaggerhub.com/Medlink-Team/Medlink-SMS/1.0.0","description":"SwaggerHub API Auto Mocking"}],"tags":[{"name":"company","description":"company"},{"name":"brand","description":"brand name"},{"name":"sms","description":"send sms"},{"name":"sms/campaign","description":"send campaign"},{"name":"zaloOa","description":"zalo OA"},{"name":"zaloMessage","description":"send zalo message"},{"name":"zaloMessage/template","description":"template zalo"},{"name":"zaloMessage/campaign","description":"send zalo message campaign"}],"paths":{"/api/auth/verify-token":{"get":{"tags":["auth"],"summary":"verify token","parameters":[{"name":"token","in":"query","description":"token","required":true,"style":"form","explode":true,"schema":{"type":"string"}}],"responses":{"200":{"description":"OK !"},"400":{"description":"BAD REQUEST"},"401":{"description":"UNAUTHENTICATED"},"500":{"description":"SERVER ERROR"}}}},"/api/company":{"get":{"tags":["company"],"summary":"get info company","parameters":[{"name":"company_code","in":"query","description":"company code","required":true,"style":"form","explode":true,"schema":{"type":"string"},"example":1}],"responses":{"200":{"description":"OK !","content":{"application/json":{"schema":{"$ref":"#/components/schemas/SmsCompany"}}}},"400":{"description":"BAD REQUEST"},"401":{"description":"UNAUTHENTICATED"},"500":{"description":"SERVER ERROR"}}},"put":{"tags":["company"],"summary":"update company","requestBody":{"content":{"application/json":{"schema":{"required":["company_id","updated_user"],"type":"object","properties":{"company_id":{"type":"number"},"company_name":{"type":"string"},"company_type":{"type":"string","description":"- PHARMACY: nha thuoc le - CHAIN_PHARMACY: nha thuoc chuoi - PROVIDER: nha cung cap - CLINIC: phong kham - COMPANY: cong ty duoc","enum":["PHARMACY","CHAIN_PHARMACY","PROVIDER","CLINIC","COMPANY"]},"phone_no":{"type":"string"},"email":{"type":"string"},"updated_user":{"type":"string"}}}}}},"responses":{"200":{"description":"CREATE COMPANY SUCCESS !","content":{"application/json":{"schema":{"$ref":"#/components/schemas/SmsCompany"}}}},"400":{"description":"BAD REQUEST"},"401":{"description":"UNAUTHENTICATED"},"500":{"description":"SERVER ERROR"}}},"post":{"tags":["company"],"summary":"create new company","requestBody":{"content":{"application/json":{"schema":{"required":["company_name","phone_no","updated_user"],"type":"object","properties":{"company_name":{"type":"string"},"company_code":{"type":"string"},"company_type":{"type":"string","description":"- PHARMACY: nha thuoc le - CHAIN_PHARMACY: nha thuoc chuoi - PROVIDER: nha cung cap - CLINIC: phong kham - COMPANY: cong ty duoc","enum":["PHARMACY","CHAIN_PHARMACY","PROVIDER","CLINIC","COMPANY"]},"phone_no":{"type":"string"},"email":{"type":"string"},"updated_user":{"type":"string"}}}}}},"responses":{"200":{"description":"CREATE COMPANY SUCCESS !","content":{"application/json":{"schema":{"$ref":"#/components/schemas/SmsCompany"}}}},"400":{"description":"BAD REQUEST"},"401":{"description":"UNAUTHENTICATED"},"500":{"description":"SERVER ERROR"}}},"delete":{"tags":["company"],"summary":"delete company","parameters":[{"name":"company_id","in":"query","description":"company id","required":true,"style":"form","explode":true,"schema":{"type":"integer"},"example":1}],"responses":{"200":{"description":"DELETE SUCCESS !"},"400":{"description":"BAD REQUEST"},"401":{"description":"UNAUTHENTICATED"},"500":{"description":"SERVER ERROR"}}}},"/api/brand-name/search":{"get":{"tags":["brand"],"summary":"get all brandes of company","parameters":[{"name":"company_code","in":"query","description":"company code","required":true,"style":"form","explode":true,"schema":{"type":"integer"},"example":1}],"responses":{"200":{"description":"GET ALL SUCCESS !","content":{"application/json":{"schema":{"type":"array","items":{"$ref":"#/components/schemas/SmsBrandName"}}}}},"400":{"description":"BAD REQUEST"},"401":{"description":"UNAUTHENTICATED"},"500":{"description":"SERVER ERROR"}}}},"/api/brand-name":{"put":{"tags":["brand"],"summary":"update info brand","requestBody":{"content":{"application/json":{"schema":{"required":["brand_id","brand_name","client_id","client_secret","status","updated_user"],"type":"object","properties":{"brand_id":{"type":"number"},"brand_name":{"type":"string","description":"* for CRM client * 0: inactive * 1: waiting active * 2: active\n","enum":["0","1","2"]},"client_id":{"type":"string"},"client_secret":{"type":"string"},"status":{"type":"number"},"updated_user":{"type":"string"}}}}}},"responses":{"200":{"description":"UPDATE SUCCESS !","content":{"application/json":{"schema":{"$ref":"#/components/schemas/SmsBrandName"}}}},"400":{"description":"BAD REQUEST"},"401":{"description":"UNAUTHENTICATED"},"500":{"description":"SERVER ERROR"}}},"post":{"tags":["brand"],"summary":"brand name","requestBody":{"description":"register brand name","content":{"application/json":{"schema":{"required":["brand_name","client_id","client_secret","company_code","updated_user"],"type":"object","properties":{"company_code":{"type":"string"},"brand_name":{"type":"string"},"channel_code":{"type":"string"},"client_id":{"type":"string"},"client_secret":{"type":"string"},"updated_user":{"type":"string"}}}}}},"responses":{"200":{"description":"OK","content":{"application/json":{"schema":{"$ref":"#/components/schemas/SmsBrandName"}}}},"400":{"description":"BAD REQUEST"},"401":{"description":"UNAUTHENTICATED"},"500":{"description":"SERVER ERROR"}}},"delete":{"tags":["brand"],"summary":"get info brand","parameters":[{"name":"brand_id","in":"query","description":"brand id","required":true,"style":"form","explode":true,"schema":{"type":"integer"},"example":1}],"responses":{"200":{"description":"DELETE SUCCESS !"},"400":{"description":"BAD REQUEST"},"401":{"description":"UNAUTHENTICATED"},"500":{"description":"SERVER ERROR"}}}},"/api/message/search":{"post":{"tags":["message"],"summary":"get search message","parameters":[{"name":"page","in":"query","description":"page","required":true,"style":"form","explode":true,"schema":{"type":"number"},"example":1},{"name":"size","in":"query","description":"size","required":true,"style":"form","explode":true,"schema":{"type":"number"},"example":20}],"requestBody":{"content":{"application/json":{"schema":{"required":["brand_id"],"type":"object","properties":{"brand_id":{"type":"number"},"message_type":{"type":"string"},"telco":{"type":"string"},"phone_no":{"type":"string"},"from_time":{"type":"string"},"to_time":{"type":"string"},"status":{"type":"number","enum":[1,0]},"updated_user":{"type":"string"}}}}}},"responses":{"200":{"description":"SEND SMS SUCCESS !"},"400":{"description":"BAD REQUEST"},"401":{"description":"UNAUTHENTICATED"},"500":{"description":"SERVER ERROR"}}}},"/api/message":{"post":{"tags":["message"],"summary":"re-send message to customer from campaign detail","requestBody":{"content":{"application/json":{"schema":{"required":["brand_id","message_content","phone_no","updated_user"],"type":"object","properties":{"company_code":{"type":"string"},"campaign_detail_id":{"type":"number"},"template_id":{"type":"number"},"message_content":{"type":"string"},"message_type":{"type":"string"},"customer_code":{"type":"string"},"customer_name":{"type":"string"},"phone_no":{"type":"string"},"updated_user":{"type":"string"}}}}}},"responses":{"200":{"description":"SEND SMS SUCCESS !"},"400":{"description":"BAD REQUEST"},"401":{"description":"UNAUTHENTICATED"},"500":{"description":"SERVER ERROR"}}}},"/api/otp":{"get":{"tags":["message"],"summary":"request send SMS OTP","parameters":[{"name":"phone_no","in":"query","description":"phone no","required":true,"style":"form","explode":true,"schema":{"type":"integer"}}],"responses":{"200":{"description":"SEND SMS OTP SUCCESS !"},"400":{"description":"BAD REQUEST"},"401":{"description":"UNAUTHENTICATED"},"500":{"description":"SERVER ERROR"}}},"post":{"tags":["message"],"summary":"check SMS OTP","requestBody":{"content":{"application/json":{"schema":{"required":["channel_code","otp_value","phone_no"],"type":"object","properties":{"phone_no":{"type":"string"},"otp_value":{"type":"string"},"channel_code":{"type":"string"}}}}}},"responses":{"200":{"description":"CHECK OTP SUCCESS !","content":{"application/json":{"schema":{"$ref":"#/components/schemas/SmsToken"}}}},"400":{"description":"BAD REQUEST"},"401":{"description":"CHECK OTP FAILED"},"500":{"description":"SERVER ERROR"}}}},"/api/campaign/search":{"post":{"tags":["campaign"],"summary":"get all campaigns","requestBody":{"content":{"application/json":{"schema":{"required":["company_code"],"type":"object","properties":{"company_code":{"type":"string"},"campaign_type":{"type":"string"},"campaign_name":{"type":"string"},"channels":{"type":"string"},"from_time":{"type":"string"},"to_time":{"type":"string"},"status":{"type":"number","enum":[1,0]},"updated_user":{"type":"string"}}}}}},"responses":{"200":{"description":"GET ALL SUCCESS !"},"400":{"description":"BAD REQUEST"},"401":{"description":"UNAUTHENTICATED"},"500":{"description":"SERVER ERROR"}}}},"/api/campaign":{"put":{"tags":["campaign"],"summary":"update campaign sms","requestBody":{"content":{"application/json":{"schema":{"required":["active","brand_id"],"type":"object","properties":{"campaign_id":{"type":"number"},"campaign_name":{"type":"string"},"campaign_type":{"type":"string"},"channels":{"type":"string"},"trigger_condition":{"type":"string"},"time":{"type":"string"},"status":{"type":"number","enum":[0,1]},"note":{"type":"string"},"updated_user":{"type":"string"}}}}}},"responses":{"200":{"description":"CREATE CAMPAIGN SUCCESS !","content":{"application/json":{"schema":{"$ref":"#/components/schemas/SmsCampaign"}}}},"400":{"description":"BAD REQUEST"},"401":{"description":"UNAUTHENTICATED"},"500":{"description":"SERVER ERROR"}}},"post":{"tags":["campaign"],"summary":"create campaign sms","requestBody":{"content":{"application/json":{"schema":{"required":["campaign_name","campaign_type","channels","company_code","updated_user"],"type":"object","properties":{"company_code":{"type":"string"},"campaign_type":{"type":"string"},"campaign_name":{"type":"string"},"campaign_code":{"type":"string"},"channels":{"type":"string"},"trigger_condition":{"type":"string","description":"JSON type: { after_unit?: string, after_value?: number, interval_unit?: string, interval_value?: number, customer_group_cd: string[], invoice_type?: string ... } after: send after a condition interval: send repeat unit: HOUR/DAY/WEEK/MONTH"},"time":{"type":"string"},"note":{"type":"string"},"updated_user":{"type":"string"}}}}}},"responses":{"200":{"description":"CREATE CAMPAIGN SUCCESS !","content":{"application/json":{"schema":{"$ref":"#/components/schemas/SmsCampaign"}}}},"400":{"description":"BAD REQUEST"},"401":{"description":"UNAUTHENTICATED"},"500":{"description":"SERVER ERROR"}}}},"/api/campaign/detail":{"get":{"tags":["campaign"],"summary":"get status campaign detail","parameters":[{"name":"campaign_detail_id","in":"query","description":"campaign detail id","required":true,"style":"form","explode":true,"schema":{"type":"integer"},"example":1}],"responses":{"200":{"description":"OK !","content":{"application/json":{"schema":{"$ref":"#/components/schemas/ApiCampaignStatusRes"}}}},"400":{"description":"BAD REQUEST"},"401":{"description":"UNAUTHENTICATED"},"500":{"description":"SERVER ERROR"}}},"post":{"tags":["campaign"],"summary":"send campaign by sms/zalo","requestBody":{"content":{"application/json":{"schema":{"required":["access_token","campaign_id","channel_code","customer_group_cd","limit_customer","quota","schedule_time","settings","updated_user"],"type":"object","properties":{"campaign_id":{"type":"number"},"company_code":{"type":"string"},"channel_code":{"type":"string"},"customer_group_cd":{"type":"string"},"limit_customer":{"type":"number"},"template_id":{"type":"number"},"template_content":{"type":"number"},"schedule_time":{"type":"string"},"price_expected":{"type":"number"},"settings":{"type":"string"},"updated_user":{"type":"string"},"access_token":{"type":"string","description":"token to request to Pharmacy service"}}}}}},"responses":{"200":{"description":"CREATE BATCH SUCCESS !","content":{"application/json":{"schema":{"$ref":"#/components/schemas/SmsCampaignDetail"}}}},"400":{"description":"BAD REQUEST"},"401":{"description":"UNAUTHENTICATED"},"500":{"description":"SERVER ERROR"}}}},"/api/campaign/detail/message":{"post":{"tags":["campaign"],"summary":"get status campaign message","parameters":[{"name":"page","in":"query","description":"page","required":true,"style":"form","explode":true,"schema":{"type":"number"},"example":1},{"name":"size","in":"query","description":"size","required":true,"style":"form","explode":true,"schema":{"type":"number"},"example":20},{"name":"campaign_detail_id","in":"query","required":true,"style":"form","explode":true,"schema":{"type":"number"}}],"responses":{"200":{"description":"SEND SMS SUCCESS !"},"400":{"description":"BAD REQUEST"},"401":{"description":"UNAUTHENTICATED"},"500":{"description":"SERVER ERROR"}}}},"/api/zalo-oa/search":{"get":{"tags":["zaloOa"],"summary":"get all zalo OA of company","parameters":[{"name":"company_id","in":"query","description":"company id","required":true,"style":"form","explode":true,"schema":{"type":"integer"},"example":1}],"responses":{"200":{"description":"OK !"},"400":{"description":"BAD REQUEST"},"401":{"description":"UNAUTHENTICATED"},"500":{"description":"SERVER ERROR"}}}},"/api/zalo-oa":{"put":{"tags":["zaloOa"],"summary":"update info zalo OA","requestBody":{"content":{"application/json":{"schema":{"required":["app_id","secret_key","updated_user","zalo_id","zalo_oa_id","zalo_oa_name"],"type":"object","properties":{"zalo_id":{"type":"string"},"zalo_oa_id":{"type":"string"},"zalo_oa_name":{"type":"string"},"app_id":{"type":"string"},"secret_key":{"type":"string"},"updated_user":{"type":"string"}}}}}},"responses":{"200":{"description":"UPDATE ZALO OA SUCCESS !"},"400":{"description":"BAD REQUEST"},"401":{"description":"UNAUTHENTICATED"},"500":{"description":"SERVER ERROR"}}},"post":{"tags":["zaloOa"],"summary":"create new zalo OA","requestBody":{"content":{"application/json":{"schema":{"required":["app_id","campaign_id","secret_key","updated_user","zalo_oa_id","zalo_oa_name"],"type":"object","properties":{"company_code":{"type":"string"},"zalo_oa_id":{"type":"number"},"zalo_oa_name":{"type":"string"},"app_id":{"type":"string"},"secret_key":{"type":"string"},"updated_user":{"type":"string"}}}}}},"responses":{"200":{"description":"CREATE ZALO OA SUCCESS !"},"400":{"description":"BAD REQUEST"},"401":{"description":"UNAUTHENTICATED"},"500":{"description":"SERVER ERROR"}}},"delete":{"tags":["zaloOa"],"summary":"delete zalo oa","parameters":[{"name":"zalo_id","in":"query","description":"zalo id","required":true,"style":"form","explode":true,"schema":{"type":"integer"},"example":1}],"responses":{"200":{"description":"DELETE SUCCESS !"},"400":{"description":"BAD REQUEST"},"401":{"description":"UNAUTHENTICATED"},"500":{"description":"SERVER ERROR"}}}},"/api/template":{"post":{"tags":["template"],"summary":"get all zalo sms","requestBody":{"content":{"application/json":{"schema":{"required":["channel_code","company_code","ref_channel_id","template_name","updated_user"],"type":"object","properties":{"company_code":{"type":"string"},"ref_channel_id":{"type":"string"},"channel_code":{"type":"string"},"template_name":{"type":"string"},"updated_user":{"type":"string"}}}}}},"responses":{"200":{"description":"OK!"},"400":{"description":"BAD REQUEST"},"401":{"description":"UNAUTHENTICATED"},"500":{"description":"SERVER ERROR"}}}}},"components":{"schemas":{"SmsMessage":{"type":"string"},"SmsCompany":{"type":"object"},"SmsBrandName":{"type":"object"},"SmsToken":{"type":"object","properties":{"message":{"type":"string"},"token":{"type":"string"}}},"SmsCampaign":{"type":"object","properties":{"company_id":{"type":"string"},"brand_id":{"type":"string"},"campaign_id":{"type":"string"},"campaign_code":{"type":"string"},"campaign_type":{"type":"string"},"campaign_name":{"type":"string"},"message_content":{"type":"string"},"schedule_time":{"type":"string"},"quota":{"type":"number"},"created_date":{"type":"string"},"updated_date":{"type":"string"},"active_flg":{"type":"number","enum":[1,0]},"updated_user":{"type":"string"}}},"SmsCampaignDetail":{"type":"object"},"ApiCampaignStatusRes":{"type":"object","properties":{"campaign_detail_id":{"type":"number"},"price":{"type":"number"},"num_message_sent":{"type":"number"},"num_message_failed":{"type":"number"},"status":{"type":"number"},"status_reason":{"type":"string"}}}}}}