{"openapi":"3.0.0","info":{"title":"Robomed","description":"Robomed's API Documentation \uD83E\uDD16","version":"1.0.0"},"servers":[{"url":"/"}],"paths":{"/get-token/":{"post":{"tags":["Get Token"],"summary":"We fetch this endpoint in the startup page and save the returned token in the device and we will return it in the header of other requests for authentication process","requestBody":{"content":{"application/json":{"schema":{"properties":{"robotId":{"type":"string","description":"Robot's ID. it must be unique for each robomed device and it should be generated on the serverside."},"robotType":{"type":"string","description":"Robot's Type. it basically represents robomed device's type."},"robotHash":{"type":"string","description":"Robot's Hash. it must be unique for each robomed device and it should be generated on the serverside."}}}}},"required":true},"responses":{"200":{"description":"All went well","content":{"application/json":{"schema":{"properties":{"token":{"type":"string","description":"Device's token for auth"}}}}}}}}},"/check-device-hash/{hash}":{"get":{"tags":["Check Device Hash"],"summary":"This endpoint checks that is entered hash belongs to the device or not if it is, then returns true otherwise returns false","parameters":[{"name":"hash","in":"path","description":"ID of the device","required":true,"style":"simple","explode":false,"schema":{"type":"string"}}],"responses":{"200":{"description":"All went well","content":{"application/json":{"schema":{"properties":{"isValid":{"type":"boolean","description":"Return validation result"}}}}}}}}},"/user/":{"put":{"tags":["Register User"],"summary":"Update a user","requestBody":{"content":{"application/json":{"schema":{"properties":{"id":{"type":"string","description":"User ID"},"firstName":{"type":"string","description":"Firstname of the user.example -> mahdi"},"lastName":{"type":"string","description":"Lastname of the user.example -> okhravi"},"email":{"type":"string","description":"Email of the user.example -> user@gmail.com"},"birthday":{"type":"string","description":"Birthday of the user. UTC timestamp"},"gender":{"type":"string","description":"Gender of the user.possible values [male , female , other ]"}}}}},"required":true},"responses":{"204":{"description":"Updated","content":{"application/json":{"schema":{"properties":{"id":{"type":"string","description":"ID of the user.which is created in serverside."}}}}}}}},"post":{"tags":["Register User"],"summary":"Register a user","requestBody":{"content":{"application/json":{"schema":{"properties":{"firstName":{"type":"string","description":"Firstname of the user.example -> mahdi"},"lastName":{"type":"string","description":"Lastname of the user.example -> okhravi"},"email":{"type":"string","description":"Email of the user.example -> user@gmail.com"},"birthday":{"type":"string","description":"Birthday of the user. UTC timestamp"},"gender":{"type":"string","description":"Gender of the user. possible values [male , female , other ]"},"mobile":{"type":"string","description":"Phone number of the user. example -> +61-93248832"}}}}},"required":true},"responses":{"201":{"description":"Created","content":{"application/json":{"schema":{"properties":{"id":{"type":"string","description":"ID of the user. which is created in serverside."}}}}}}}}},"/load-users/":{"post":{"tags":["Load Users"],"summary":"Load users by the specified filters","requestBody":{"content":{"application/json":{"schema":{"properties":{"filterByBirthDate":{"type":"string","description":"If it is not emty string then users load by the specified date.UTC timestamp"},"filterByName":{"type":"string","description":"If it is not empty string then users load by the specified name"},"pageSize":{"type":"number","description":"Page size"},"pageNumber":{"type":"number","description":"Specified page number."}}}}},"required":true},"responses":{"200":{"description":"All went well","content":{"application/json":{"schema":{"properties":{"list":{"type":"array","description":"Array of users","items":{"properties":{"id":{"type":"string","description":"Id of the user"},"firstName":{"type":"string","description":"Firstname of the user.example -> mahdi"},"lastName":{"type":"string","description":"Lastname of the user.example -> okhravi"},"email":{"type":"string","description":"Email of the user.example -> user@gmail.com"},"birthday":{"type":"string","description":"Birthday of the user. UTC timestamp"},"gender":{"type":"string","description":"Gender of the user.possible values [male , female , other]"},"mobile":{"type":"string","description":"Phone number of the user. example -> +61-93248832"}}}},"pageNumber":{"type":"number","description":"Number of the current page"},"pageSize":{"type":"number","description":"Size of the page"}}}}}}}}},"/select-user/":{"post":{"tags":["Select User"],"summary":"Select a user","requestBody":{"content":{"application/json":{"schema":{"properties":{"id":{"type":"string","description":"ID of the user"}}}}},"required":true},"responses":{"200":{"description":"All went well","content":{"application/json":{"schema":{"properties":{"id":{"type":"string","description":"ID of the user"},"firstName":{"type":"string","description":"Firstname of the user.example -> mahdi"},"lastName":{"type":"string","description":"Lastname of the user.example -> okhravi"},"birthday":{"type":"string","description":"Birthday of the user. UTC timestamp"},"gender":{"type":"string","description":"Gender of the user.possible values [male , female , other]"},"mobile":{"type":"string","description":"Phone number of the user. example -> +61-93248832"}}}}}}}},"delete":{"tags":["Select User"],"summary":"Deselect a user","responses":{"200":{"description":"All went well","content":{"application/json":{"schema":{"properties":{}}}}}}}},"/send-data/":{"post":{"tags":["Send Data"],"summary":"Send collected data","requestBody":{"content":{"application/json":{"schema":{"oneOf":[{"$ref":"#/components/schemas/BloodPressure"},{"$ref":"#/components/schemas/Oximeter"},{"$ref":"#/components/schemas/Thermometer"},{"$ref":"#/components/schemas/Weight"}]}}},"required":true},"responses":{"200":{"description":"All went well","content":{"application/json":{"schema":{"properties":{}}}}}}}},"/get-medical-devices/":{"get":{"tags":["Get Medical Devices"],"summary":"Get list of devices","responses":{"200":{"description":"All went well","content":{"application/json":{"schema":{"properties":{"devices":{"type":"array","description":"List of allowed devices","items":{"properties":{"medicalDevice":{"type":"string","description":"This is an id which reserved for detecting device type. possible choices[  \"BLE_BloodPressure\",\"BLE_Oximeter\",\"BLE_Thermometer\",\"BLE_Scale\",\"USB_ExamCamera\",\"NET_PtzCamera\"]"},"UUID":{"type":"string","description":"UUID of the device. this is an unique id which used for detection of orginal medicalDevices"}}}}}}}}}}}},"/about-us/":{"get":{"tags":["About Us"],"summary":"Get about us","responses":{"200":{"description":"All went well","content":{"application/json":{"schema":{"properties":{"aboutUs":{"type":"string","description":"information as markdown"}}}}}}}}},"/contact-us/":{"get":{"tags":["Contact Us"],"summary":"Contact us","responses":{"200":{"description":"All went well","content":{"application/json":{"schema":{"properties":{"phone":{"type":"array","description":"List of phone numbers. At most 3 numbers","items":{"type":"string"}},"email":{"type":"array","description":"List of email addresses. At most 3 email addresses","items":{"type":"string"}},"address":{"type":"string","description":"Address of company"},"lat":{"type":"string","description":"Latitude of company"},"long":{"type":"string","description":"longitude of company"}}}}}}}}}},"components":{"schemas":{"Base-Structure":{"type":"object","properties":{"meta":{"type":"object","properties":{"status":{"type":"string","description":"request status"},"type":{"type":"string","description":"possible choices:[success, error, warning, info]"},"message":{"type":"string","description":"it will be shown to the user in the application"}},"description":"status of the request/response"},"data":{"type":"object","description":"payload"}}},"BloodPressure":{"type":"object","properties":{"userId":{"type":"string","description":"ID of the user"},"measurementId":{"type":"string","description":"value -> BloodPressure"},"createdAt":{"type":"string","description":"UTC timestamp"},"data":{"type":"object","properties":{"systolic":{"type":"string"},"diastolic":{"type":"string"},"unit":{"type":"string","description":"possible choices [KPA / MMHG]"},"meanArterialPressure":{"type":"string"},"pulseRate":{"type":"string"}}}}},"Oximeter":{"type":"object","properties":{"userId":{"type":"string","description":"ID of the user"},"measurementId":{"type":"string","description":"value -> Oximeter"},"createdAt":{"type":"string","description":"UTC timestamp"},"data":{"type":"object","properties":{"spO2":{"type":"object","properties":{"min":{"type":"string"},"average":{"type":"string"},"max":{"type":"string"}}},"pulseRate":{"type":"object","properties":{"min":{"type":"string"},"average":{"type":"string"},"max":{"type":"string"}}}}}}},"Thermometer":{"type":"object","properties":{"userId":{"type":"string","description":"ID of the user"},"measurementId":{"type":"string","description":"value->Thermometer"},"createdAt":{"type":"string","description":"UTC timestamp"},"data":{"type":"object","properties":{"temperature":{"type":"string"},"unit":{"type":"string","description":"possible choices [Celsius / Fahrenheit]"},"temperatureType":{"type":"string","description":"possible choices [BodyMeasurement / ObjectMeasurement]"},"hasFever":{"type":"boolean"}}}}},"Weight":{"type":"object","properties":{"userId":{"type":"string","description":"ID of the user"},"measurementId":{"type":"string","description":"value-> Weight"},"createdAt":{"type":"string","description":"UTC timestamp"},"data":{"type":"object","properties":{"weight":{"type":"string"},"unit":{"type":"string","description":"possible choices [Kilograms / Pounds]"}}}}}}}}