{"openapi":"3.0.0","info":{"title":"Live Chat - Inbound API","description":"","termsOfService":"","contact":{},"license":{"name":""},"version":"1.0"},"externalDocs":{"description":"","url":""},"servers":[{"url":"https://platform-manager-demo.membitbot.com/platform-manager/liveBotConfiguration","description":""}],"security":[{"bearer":[]}],"paths":{"/initLiveChatAPISettings":{"post":{"summary":"Init API settings","description":"set the required parameters for the outbound calls, including clientID and clientSecret for generating JWT, and the base URL for all the routes defined here: https://app.swaggerhub.com/apis/Membit/MessagingLivechatOutbound/1.0","operationId":"initLiveChatAPISettings","parameters":[{"name":"keyword","in":"query","required":true,"style":"form","explode":true,"schema":{"type":"string","description":"organization keyword","example":"Toyota"}}],"requestBody":{"content":{"application/json":{"schema":{"required":["baseURL","clientID","clientSecret","organizationID"],"type":"object","properties":{"organizationID":{"type":"string","description":"Organization ID in the Membit platform","example":"61e6903ea543f24108ab50e4"},"clientID":{"type":"string","description":"Your client ID to be encoded in JWT for outbound calls","example":"messaging.toyota_uk"},"clientSecret":{"type":"string","description":"Your client secret for generating JWT for outbound calls (recommended 64 bytes)","example":"09f26e402586e2faa8da4c98a35f1f20d6b033c6097befa8be3486a829587fe2f90a832bd3ff9d42710a4da095a2ce285b009f0c3730cd9b8e1af3eb84df1224"},"baseURL":{"type":"string","description":"Base URL for outbound calls listed in https://app.swaggerhub.com/apis/Membit/MessagingLivechatOutbound/1.0 ","example":"https://crm.toyota.com/messagingapis/"}}}}},"required":true},"responses":{"200":{"description":"","content":{"application/json":{"schema":{"type":"object","properties":{"status":{"type":"string","example":"success"}}}}}},"401":{"description":"Unauthorized","content":{"application/json":{"schema":{"type":"object","properties":{"status":{"type":"string","example":"401"},"message":{"type":"string","example":"Unauthorized"}}}}}},"422":{"description":"Unprocessable Entity","content":{"application/json":{"schema":{"type":"object","properties":{"status":{"type":"string","example":"422"},"message":{"type":"string","example":"Unprocessable Entity"}}}}}}}}},"/createLevels":{"post":{"summary":"Create Levels","description":"Configure the agents tree hierarchy","operationId":"createLevels","parameters":[{"name":"keyword","in":"query","required":true,"style":"form","explode":true,"schema":{"type":"string","description":"organization keyword","example":"Toyota"}}],"requestBody":{"content":{"application/json":{"schema":{"required":["levels","organizationID"],"type":"object","properties":{"organizationID":{"description":"Organization ID in the Membit platform","example":"61e6903ea543f24108ab50e4"},"language":{"description":"Language two-letter code. en by default","example":"en"},"levels":{"type":"array","items":{"required":["levelName","levelNumber","levelQuestion"],"type":"object","properties":{"levelNumber":{"type":"string","description":"Level number in the agents hierarchy "},"levelName":{"type":"string","description":"Level name in the agents hierarchy"},"levelQuestion":{"type":"string","description":"The question that a user will be asked for this level"}},"example":[{"levelNumber":1,"levelName":"Branch","levelQuestion":"Which branch would you like to connect to?"},{"levelNumber":2,"levelName":"Department","levelQuestion":"To which department in thIs branch?"}]}}}}}},"required":true},"responses":{"200":{"description":"","content":{"application/json":{"schema":{"type":"object","properties":{"status":{"type":"string","example":"success"}}}}}},"401":{"description":"Unauthorized","content":{"application/json":{"schema":{"type":"object","properties":{"status":{"type":"string","example":"401"},"message":{"type":"string","example":"Unauthorized"}}}}}},"422":{"description":"Unprocessable Entity","content":{"application/json":{"schema":{"type":"object","properties":{"status":{"type":"string","example":"422"},"message":{"type":"string","example":"Unprocessable Entity"}}}}}}}}},"/updateAgentsTable":{"post":{"summary":"Update Agents Table","description":"Updating the table containing all agents information (Execute for the first setup and for synchronize)","operationId":"updateAgentsTable","parameters":[{"name":"keyword","in":"query","required":true,"style":"form","explode":true,"schema":{"type":"string","description":"organization keyword","example":"Toyota"}}],"requestBody":{"content":{"application/json":{"schema":{"required":["agents","organizationID"],"type":"object","properties":{"organizationID":{"type":"string","description":"Organization ID in the Membit platform","example":"61e6903ea543f24108ab50e4"},"language":{"description":"Language two-letter code. en by default","example":"en"},"agents":{"type":"array","description":"Ffull information about the agents","items":{"required":["agentChannel","agentName","agentPhoneNumber","agentUniqueID","isActive","level1Value"],"type":"object","properties":{"level1Value":{"type":"string","description":"The value for this specific agent for level 1 category"},"level2Value":{"type":"string","description":"The value for this specific agent for level 2 category. Can be empty if not required"},"level3Value":{"type":"string","description":"The value for this specific agent for level 3 category. Can be empty if not required"},"level4Value":{"type":"string","description":"The value for this specific agent for level 4 category. Can be empty if not required"},"agentChannel":{"type":"string","description":"Agent channel, can be WhatsApp or Cisco Webex or MS Teams"},"agentUniqueID":{"type":"string","description":"Agent unique ID"},"agentPhoneNumber":{"type":"string","description":"Agent private phone number including country code or Agent unique ID"},"agentName":{"type":"string","description":"Agent private name"},"agentCRMExternalID":{"type":"string","description":"Optional: Agent ID in the CRM"},"agentDetailsForCustomerView":{"type":"string","description":"Optional: Agent description to be presented to the customers"},"isActive":{"type":"string","description":""}},"example":[{"level1Value":"Central London","level2Value":"Sales","level3Value":"","level4Value":"","agentChannel":"Cisco Webex","agentUniqueID":"43DFSAGR4324","agentPhoneNumber":"97289808900","agentName":"Mark Adams","agentCRMExternalID":"AG55543","agentDetailsForCustomerView":"Mortgage Specialist","isActive":"true"},{"level1Value":"Glasgow","level2Value":"Service","level3Value":"","level4Value":"","agentChannel":"WhatsApp","agentUniqueID":"97289808900","agentPhoneNumber":"97289808900","agentName":"John Smith","agentCRMExternalID":"","agentDetailsForCustomerView":"","isActive":"true"}]}}}}}},"required":true},"responses":{"200":{"description":"","content":{"application/json":{"schema":{"type":"object","properties":{"status":{"type":"string","example":"success"}}}}}},"401":{"description":"Unauthorized","content":{"application/json":{"schema":{"type":"object","properties":{"status":{"type":"string","example":"401"},"message":{"type":"string","example":"Unauthorized"}}}}}},"422":{"description":"Unprocessable Entity","content":{"application/json":{"schema":{"type":"object","properties":{"status":{"type":"string","example":"422"},"message":{"type":"string","example":"Unprocessable Entity"}}}}}}}}},"/updateCustomersTable":{"post":{"summary":"Update Customer Table","description":"Updating the table containing all customer information (Execute for the first setup and for synchronize)","operationId":"updateCustomersTable","parameters":[{"name":"keyword","in":"query","required":true,"style":"form","explode":true,"schema":{"type":"string","description":"organization keyword","example":"Toyota"}}],"requestBody":{"content":{"application/json":{"schema":{"required":["customers","organizationID"],"type":"object","properties":{"organizationID":{"type":"string","description":"Organization ID in the Membit platform","example":"61e6903ea543f24108ab50e4"},"customers":{"type":"array","description":"Full information about the customers","items":{"required":["customerName","customerPhoneNumber","customerUniqeId","isActive"],"type":"object","properties":{"customerUniqeId":{"type":"string","description":"Customer private phone number including country code or customer unique ID"},"customerPhoneNumber":{"type":"string","description":"Customer private phone number including country code"},"customerName":{"type":"string","description":"Customer private name"},"customerChannel":{"type":"string","description":"Customer channel, can be WhatsApp or Cisco Webex or MS Teams"},"customerCRMExternalID":{"type":"string","description":"Optional: Customer ID in the CRM"},"customerDetailsForAgentView":{"type":"string","description":"Optional: Csutomer description to be presented to the agents"},"isActive":{"type":"string"}},"example":[{"customerUniqeId":"29:sdghfdighfdgj","customerPhoneNumber":"9728577897","customerName":"Paul Lewis","customerChannel":"MS Teams","customerCRMExternalID":"CS43424","customerDetailsForAgentView":"VIP Customer, in a middle of sales process","isActive":"true"},{"customerUniqeId":"44686778777","customerPhoneNumber":"44686778777","customerName":"John Hamilton","customerChannel":"Whatsapp","customerCRMExternalID":"","customerDetailsForAgentView":"","isActive":"true"}]}}}}}},"required":true},"responses":{"200":{"description":"","content":{"application/json":{"schema":{"type":"object","properties":{"status":{"type":"string","example":"success"}}}}}},"401":{"description":"Unauthorized","content":{"application/json":{"schema":{"type":"object","properties":{"status":{"type":"string","example":"401"},"message":{"type":"string","example":"Unauthorized"}}}}}},"422":{"description":"Unprocessable Entity","content":{"application/json":{"schema":{"type":"object","properties":{"status":{"type":"string","example":"422"},"message":{"type":"string","example":"Unprocessable Entity"}}}}}}}}}},"components":{"parameters":{"keyword":{"name":"keyword","in":"query","required":true,"style":"form","explode":true,"schema":{"type":"string","description":"organization keyword","example":"Toyota"}}},"securitySchemes":{"bearer":{"type":"http","description":"A Json Web Token generated by encrypting the Membit organizaionID, using the membitSecret and HS256 algorithm","scheme":"bearer"}}}}