{"openapi":"3.0.0","info":{"title":"Live Chat - Outbound API","description":"","termsOfService":"","contact":{},"version":"1.0"},"externalDocs":{"description":"","url":""},"servers":[{"url":"https://platform-manager-dev.membitbot.com/platform-manager/notifications","description":""}],"security":[{"bearer":[]}],"paths":{"/getCustomerDetails":{"post":{"summary":"Get customer details","description":"Retrieving additional information about an existing customer, based on his phone number","operationId":"getCustomerDetails","requestBody":{"content":{"application/json":{"schema":{"required":["customerPhoneNum"],"type":"object","properties":{"customerPhoneNum":{"type":"string","description":"Customer Phone Number including Country Code","example":"44555512344"}}}}},"required":true},"responses":{"200":{"description":"","content":{"application/json":{"schema":{"required":["customerName"],"type":"object","properties":{"customerName":{"type":"string","description":"Customer Name","example":"Mark Adams"},"customerCRMExternalID":{"type":"string","description":"Customer ID in the CRM","example":"CS1673878"},"customerDetailsForAgentView":{"type":"string","description":"Customer description to be presented to the agent","example":"VIP Customer, in a middle of sales process"}}}}}},"401":{"description":"Unauthorized","content":{"application/json":{"schema":{"type":"object","properties":{"status":{"type":"string","example":"401"},"message":{"type":"string","example":"Unauthorized"}}}}}},"404":{"description":"Not Found","content":{"application/json":{"schema":{"type":"object","properties":{"status":{"type":"string","example":"404"},"message":{"type":"string","example":"Not Found"}}}}}},"422":{"description":"Unprocessable Entity","content":{"application/json":{"schema":{"type":"object","properties":{"status":{"type":"string","example":"422"},"message":{"type":"string","example":"Unprocessable Entity"}}}}}}}}},"/createCustomer":{"post":{"summary":"Create customer","description":"Creating a new customer in the CRM, if the phone number is not found. Getting his phone number and name, and creating a new customer ID for him","operationId":"createCustomer","requestBody":{"content":{"application/json":{"schema":{"required":["customerName","customerPhoneNum"],"type":"object","properties":{"customerPhoneNum":{"type":"string","description":"Phone number of the new customer","example":"44787879844"},"customerName":{"type":"string","description":"Name of the new Customer","example":"Jhosh Polastri"}}}}},"required":true},"responses":{"200":{"description":"","content":{"application/json":{"schema":{"type":"object","properties":{"customerCRMExternalID":{"type":"string","description":"New Customer ID created in the CRM","example":"CS1890108"}}}}}},"401":{"description":"Unauthorized","content":{"application/json":{"schema":{"type":"object","properties":{"status":{"type":"string","example":"401"},"message":{"type":"string","example":"Unauthorized"}}}}}},"422":{"description":"Unprocessable Entity","content":{"application/json":{"schema":{"type":"object","properties":{"status":{"type":"string","example":"422"},"message":{"type":"string","example":"Unprocessable Entity"}}}}}}}}},"/getAgentDetails":{"post":{"summary":"Get agent details","description":"Retrieving additional information about the agent, based on his phone number","operationId":"getAgentDetails","requestBody":{"content":{"application/json":{"schema":{"required":["agentPhoneNum"],"type":"object","properties":{"agentPhoneNum":{"type":"string","description":"Agent Phone Number including Country Code","example":"972555512344"}}}}},"required":true},"responses":{"200":{"description":"","content":{"application/json":{"schema":{"required":["agentName"],"type":"object","properties":{"agentName":{"type":"string","description":"Agent Name","example":"John Smith"},"agentCRMExternalID":{"type":"string","description":"Agent ID in the CRM","example":"AG34243"},"agentDetailsForCustomerView":{"type":"string","description":"Agent description to be presented to the customers","example":"Mortgage specialist"}}}}}},"401":{"description":"Unauthorized","content":{"application/json":{"schema":{"type":"object","properties":{"status":{"type":"string","example":"401"},"message":{"type":"string","example":"Unauthorized"}}}}}},"404":{"description":"Not Found","content":{"application/json":{"schema":{"type":"object","properties":{"status":{"type":"string","example":"404"},"message":{"type":"string","example":"Not Found"}}}}}},"422":{"description":"Unprocessable Entity","content":{"application/json":{"schema":{"type":"object","properties":{"status":{"type":"string","example":"422"},"message":{"type":"string","example":"Unprocessable Entity"}}}}}}}}},"/isAgentWorkingTime":{"post":{"summary":"Is Agent Working Time","description":"Whether a chat request may be sent to an agent at this time, based on his or her set working hours","operationId":"isAgentWorkingTime","requestBody":{"content":{"application/json":{"schema":{"required":["agentPhoneNum"],"type":"object","properties":{"agentPhoneNum":{"type":"string","example":"972555512344"}}}}},"required":true},"responses":{"200":{"description":"","content":{"application/json":{"schema":{"required":["workingStatus"],"type":"object","properties":{"workingStatus":{"type":"boolean","example":true}}}}}},"401":{"description":"Unauthorized","content":{"application/json":{"schema":{"type":"object","properties":{"status":{"type":"string","example":"401"},"message":{"type":"string","example":"Unauthorized"}}}}}},"404":{"description":"Not Found","content":{"application/json":{"schema":{"type":"object","properties":{"status":{"type":"string","example":"404"},"message":{"type":"string","example":"Not Found"}}}}}},"422":{"description":"Unprocessable Entity","content":{"application/json":{"schema":{"type":"object","properties":{"status":{"type":"string","example":"422"},"message":{"type":"string","example":"Unprocessable Entity"}}}}}}}}},"/saveChatActivity":{"post":{"summary":"Save chat activity","description":"Creating a new activity in the CRM, that includes the chat transcription and the customer and agent invlolved in the chat . returning the new activity ID","operationId":"saveChatActivity","requestBody":{"content":{"application/json":{"schema":{"required":["activityChat","activitySubject","agentPhoneNum","customerPhoneNum","endDate","startDate"],"type":"object","properties":{"customerPhoneNum":{"type":"string","description":"Customer phone number","example":"44555512344"},"customerCRMExternalID":{"type":"string","description":"Customer ID in the CRM","example":"CS1673878"},"agentPhoneNum":{"type":"string","description":"Agent phone number","example":"972555512344"},"agentCRMExternalID":{"type":"string","description":"Agent ID in the CRM","example":"AG34243"},"activityChat":{"type":"string","description":"Transcript of the chat","example":"Bot: With what can I assist you today?<br>Mark: Can I talk to an agent please<br>Bot: Please bear with me while I try transferring you to an agent<br>"},"activitySubject":{"type":"string","description":"Subject of the chat","example":"Looking for a new car"},"startDate":{"type":"string","description":"The time the chat started (UTC)","example":"2022-02-13T14:57:06.837Z"},"endDate":{"type":"string","description":"The time the chat ended (UTC)","example":"2022-02-13T14:59:26.837Z"}}}}},"required":true},"responses":{"200":{"description":"","content":{"application/json":{"schema":{"required":["activityID"],"type":"object","properties":{"activityID":{"type":"string","description":"New activity ID in the CRM","example":"12787969689"}}}}}},"401":{"description":"Unauthorized","content":{"application/json":{"schema":{"type":"object","properties":{"status":{"type":"string","example":"401"},"message":{"type":"string","example":"Unauthorized"}}}}}},"422":{"description":"Unprocessable Entity","content":{"application/json":{"schema":{"type":"object","properties":{"status":{"type":"string","example":"422"},"message":{"type":"string","example":"Unprocessable Entity"}}}}}}}}},"/createFollowupTask":{"post":{"summary":"Create Follow up Task","description":"Creating a follow-up task from a chat activity","operationId":"createFollowupTask","requestBody":{"content":{"application/json":{"schema":{"required":["activityID","followupDueDate","followupSubject"],"type":"object","properties":{"activityID":{"type":"string","description":"Last activity ID returned from SaveChatActivity","example":"12787969689"},"followupSubject":{"description":"Subject of the follow-up task","example":"Send new model spec"},"followupDueDate":{"type":"string","description":"follow-up task Due date(UTC)","example":"2022-02-13"}}}}},"required":true},"responses":{"200":{"description":"","content":{"application/json":{"schema":{"required":["followupID"],"type":"object","properties":{"followupID":{"type":"string","description":"New follow-up task ID in the CRM","example":"564644765"}}}}}},"401":{"description":"Unauthorized","content":{"application/json":{"schema":{"type":"object","properties":{"status":{"type":"string","example":"401"},"message":{"type":"string","example":"Unauthorized"}}}}}},"422":{"description":"Unprocessable Entity","content":{"application/json":{"schema":{"type":"object","properties":{"status":{"type":"string","example":"422"},"message":{"type":"string","example":"Unprocessable Entity"}}}}}}}}},"/createActivity":{"post":{"summary":"Create Activity","description":"Creating lead or task in the CRM","operationId":"createActivity","requestBody":{"content":{"application/json":{"schema":{"required":["activitySubject","activityType","agentPhoneNum","customerPhoneNum"],"type":"object","properties":{"customerPhoneNum":{"type":"string","description":"Customer phone number","example":"44555512344"},"customerCRMExternalID":{"type":"string","description":"Customer ID in the CRM","example":"CS1673878"},"agentPhoneNum":{"type":"string","description":"Agent phone number","example":"972555512344"},"agentCRMExternalID":{"type":"string","description":"Agent ID in the CRM","example":"AG34243"},"activityType":{"type":"string","description":"Lead or task","example":"Lead"},"activitySubject":{"description":"Subject of the activity","example":"Looking for a new BMW"},"activityDueDate":{"type":"string","description":"Optional: activity Due date(UTC)","example":"2022-02-13"}}}}},"required":true},"responses":{"200":{"description":"","content":{"application/json":{"schema":{"required":["activityID"],"type":"object","properties":{"activityID":{"type":"string","description":"New activity ID in the CRM","example":"6786788"}}}}}},"401":{"description":"Unauthorized","content":{"application/json":{"schema":{"type":"object","properties":{"status":{"type":"string","example":"401"},"message":{"type":"string","example":"Unauthorized"}}}}}},"422":{"description":"Unprocessable Entity","content":{"application/json":{"schema":{"type":"object","properties":{"status":{"type":"string","example":"422"},"message":{"type":"string","example":"Unprocessable Entity"}}}}}}}}},"/getCustomerRecentActivities":{"post":{"summary":"Get Customer Recent Activities","description":"Getting summary of recent activities of a specific customer stored in the CRM","operationId":"getCustomerRecentActivities","requestBody":{"content":{"application/json":{"schema":{"required":["customerPhoneNum","recentActivitiesNum"],"type":"object","properties":{"customerPhoneNum":{"type":"string","description":"Customer phone number","example":"44555512344"},"customerCRMExternalID":{"type":"string","description":"Customer ID in the CRM","example":"CS1673878"},"recentActivitiesNum":{"type":"integer","description":"Number of recent activities to be retrived","example":3}}}}},"required":true},"responses":{"200":{"description":"","content":{"application/json":{"schema":{"required":["activitiesSummary"],"type":"object","properties":{"activitiesSummary":{"type":"array","items":{"required":["activityDate","activityID","activitySubject"],"type":"object","properties":{"activityID":{"type":"string","description":"activity ID in the CRM"},"activitySubject":{"type":"string","description":""},"activityDate":{"type":"string","description":""}},"example":[{"activityID":"6786788","activitySubject":"","activityDate":""},{"activityID":"6786789","activitySubject":"","activityDate":""}]}}}}}}},"401":{"description":"Unauthorized","content":{"application/json":{"schema":{"type":"object","properties":{"status":{"type":"string","example":"401"},"message":{"type":"string","example":"Unauthorized"}}}}}},"422":{"description":"Unprocessable Entity","content":{"application/json":{"schema":{"type":"object","properties":{"status":{"type":"string","example":"422"},"message":{"type":"string","example":"Unprocessable Entity"}}}}}}}}}},"components":{"securitySchemes":{"bearer":{"type":"http","description":"A Json Web Token generated by encrypting the clientID, using the clientSecret and HS256 algorithm. nodeJS code for verifying the token: const decoded = jwt.verify(token, clientSecret)","scheme":"bearer"}}}}