{"openapi":"3.0.0","info":{"title":"Launchpad Leads API","description":"\nLaunchpad's Lead API gives Worldpay partners the ability to create and update a lead within the Merchant Provisioning Platform. Please see the Getting Started page for more information. </br> </br> To contact our certifications team, please email <a href=\"mailto:Certification2@fisglobal.com\">Certification2@fisglobal.com</a>.   </br> To contact the product team, please email <a href=\"mailto:APICustomerIntegration@fisglobal.com\">APICustomerIntegration@fisglobal.com</a>. \n","version":"1.9.5"},"servers":[{"url":"https://apis.cert.vantiv.com/merchant-boarding/v1"}],"security":[{"api_key":[]}],"tags":[{"name":"Submit Lead","description":"Resource to submit a new launchpad lead."},{"name":"Lookup Lead","description":"Resource to retrieve existing lead."},{"name":"Search Leads","description":"Resource to search leads using various input  parameters."},{"name":"Summary","description":"Resource to to retrieve a lead summary count for a given date range."},{"name":"Lookup Lead Status","description":"Resources to retrieve a launchpad lead status."}],"paths":{"/leads":{"post":{"tags":["Submit Lead"],"description":"Use this endpoint to create a new lead.","operationId":"createLead","parameters":[{"name":"Content-Type","in":"header","required":false,"schema":{"type":"string","default":"application/json"}},{"name":"v-correlation-id","in":"header","description":"Unique transaction Id. Will be generated if not provided and returned in response headers.","required":false,"schema":{"type":"string","format":"uuid"},"example":"3fcb1437-4e52-4946-9ae1-e618351b6d16"},{"name":"region","in":"header","description":"The region in which the lead is being submitted. This is required for partners who can submit leads for multiple regions.US for United States and GB for United Kingdom.","schema":{"type":"string","example":"US"}}],"requestBody":{"content":{"application/json":{"schema":{"$ref":"#/components/schemas/Lead"},"examples":{"US - Connect POS Solution":{"$ref":"#/components/examples/USConnectPOSSolution"},"US - Connect Non-POS Solution":{"$ref":"#/components/examples/USConnectNonPOSSolution"},"UK - Connect POS Solution":{"$ref":"#/components/examples/UKConnectPOSSolution"}}}},"required":true},"responses":{"201":{"description":"Created","headers":{"v-correlation-id":{"$ref":"#/components/headers/VCorrelationId"}},"content":{"application/json":{"schema":{"$ref":"#/components/schemas/LeadResponse"}}}},"default":{"description":"Default errors","content":{"application/json":{"schema":{"$ref":"#/components/schemas/ErrorResponse"},"examples":{"400 Bad Request":{"$ref":"#/components/examples/400BadRequest"},"401 Unauthorized":{"$ref":"#/components/examples/401Unauthorized"},"403 Forbidden":{"$ref":"#/components/examples/403Forbidden"},"404 Not Found":{"$ref":"#/components/examples/404NotFound"},"412 Pre Condition":{"$ref":"#/components/examples/412PreCondition"},"415 Bad Content Type":{"$ref":"#/components/examples/415BadContentType"},"500 Server Error":{"$ref":"#/components/examples/500ServerError"}}}}}}}},"/leads/{externalRefId}":{"get":{"tags":["Lookup Lead"],"description":"Use this endpoint to retrieve lead information.","operationId":"fetchLead","parameters":[{"name":"v-correlation-id","in":"header","description":"Unique transaction Id. Will be generated if not provided and returned in response headers.","required":false,"schema":{"type":"string","format":"uuid"},"example":"3fcb1437-4e52-4946-9ae1-e618351b6d16"},{"name":"externalRefId","in":"path","description":"The externalRefId returned from POST /applications call.","required":true,"schema":{"type":"string","format":"uuid"}}],"responses":{"200":{"description":"success","headers":{"v-correlation-id":{"$ref":"#/components/headers/VCorrelationId"}},"content":{"application/json":{"schema":{"$ref":"#/components/schemas/GetLead"},"examples":{"US - Connect POS Solution":{"$ref":"#/components/examples/USConnectPOSSolution"},"US - Connect Non-POS Solution":{"$ref":"#/components/examples/USConnectNonPOSSolution"},"UK - Connect POS Solution":{"$ref":"#/components/examples/UKConnectPOSSolution"}}}}},"default":{"description":"Default errors","content":{"application/json":{"schema":{"$ref":"#/components/schemas/ErrorResponse"},"examples":{"400 Bad Request":{"$ref":"#/components/examples/400BadRequest"},"401 Unauthorized":{"$ref":"#/components/examples/401Unauthorized"},"403 Forbidden":{"$ref":"#/components/examples/403Forbidden"},"404 Not Found":{"$ref":"#/components/examples/404NotFound"},"412 Pre Condition":{"$ref":"#/components/examples/412PreCondition"},"415 Bad Content Type":{"$ref":"#/components/examples/415BadContentType"},"500 Server Error":{"$ref":"#/components/examples/500ServerError"}}}}}}}},"/leads/search":{"post":{"tags":["Search Leads"],"description":"Use this endpoint to search leads by sales agent, lead status and submission date.","operationId":"searchLead","parameters":[{"name":"Content-Type","in":"header","required":false,"schema":{"type":"string","default":"application/json"}},{"name":"v-correlation-id","in":"header","description":"Unique transaction Id. Will be generated if not provided and returned in response headers.","required":false,"schema":{"type":"string","format":"uuid"},"example":"3fcb1437-4e52-4946-9ae1-e618351b6d16"}],"requestBody":{"content":{"application/json":{"schema":{"$ref":"#/components/schemas/SearchLead"}}},"required":true},"responses":{"200":{"description":"success","headers":{"v-correlation-id":{"$ref":"#/components/headers/VCorrelationId"}},"content":{"application/json":{"schema":{"$ref":"#/components/schemas/SearchLeadResponse"}}}},"default":{"description":"Default errors","content":{"application/json":{"schema":{"$ref":"#/components/schemas/ErrorResponse"},"examples":{"400 Bad Request":{"$ref":"#/components/examples/400BadRequest"},"401 Unauthorized":{"$ref":"#/components/examples/401Unauthorized"},"403 Forbidden":{"$ref":"#/components/examples/403Forbidden"},"404 Not Found":{"$ref":"#/components/examples/404NotFound"},"412 Pre Condition":{"$ref":"#/components/examples/412PreCondition"},"415 Bad Content Type":{"$ref":"#/components/examples/415BadContentType"},"500 Server Error":{"$ref":"#/components/examples/500ServerError"}}}}}}}},"/leads/summary":{"get":{"tags":["Summary"],"description":"Use this endpoint to retrieve a lead summary count for a given date range.","operationId":"fetchLeadSummary","parameters":[{"name":"v-correlation-id","in":"header","description":"Unique transaction Id. Will be generated if not provided and returned in response headers.","required":false,"schema":{"type":"string","format":"uuid"},"example":"3fcb1437-4e52-4946-9ae1-e618351b6d16"},{"name":"fromDate","in":"query","description":"If fromDate is not passed the default date is Jan 1 of the current year.","schema":{"type":"string","format":"date","example":"2021-01-01"}},{"name":"toDate","in":"query","description":"If toDate is not passed the default date is the current date.","schema":{"type":"string","format":"date","example":"2021-09-15"}}],"responses":{"200":{"description":"success","headers":{"v-correlation-id":{"$ref":"#/components/headers/VCorrelationId"}},"content":{"application/json":{"schema":{"$ref":"#/components/schemas/SummaryCountResponse"},"examples":{"Default":{"$ref":"#/components/examples/SummaryCountResponse"}}}}},"default":{"description":"Default errors","content":{"application/json":{"schema":{"$ref":"#/components/schemas/ErrorResponse"},"examples":{"400 Bad Request":{"$ref":"#/components/examples/400BadRequest"},"401 Unauthorized":{"$ref":"#/components/examples/401Unauthorized"},"403 Forbidden":{"$ref":"#/components/examples/403Forbidden"},"404 Not Found":{"$ref":"#/components/examples/404NotFound"},"412 Pre Condition":{"$ref":"#/components/examples/412PreCondition"},"415 Bad Content Type":{"$ref":"#/components/examples/415BadContentType"},"500 Server Error":{"$ref":"#/components/examples/500ServerError"}}}}}}}},"/leads/{externalRefId}/status":{"get":{"tags":["Lookup Lead Status"],"description":"Use this endpoint to get a lead's status.","operationId":"fetchLeadstatus","parameters":[{"name":"v-correlation-id","in":"header","description":"Unique transaction Id. Will be generated if not provided and returned in response headers.","required":false,"schema":{"type":"string","format":"uuid"},"example":"3fcb1437-4e52-4946-9ae1-e618351b6d16"},{"name":"externalRefId","in":"path","description":"The externalRefId returned from POST /applications call.","required":true,"schema":{"type":"string","format":"uuid"}}],"responses":{"200":{"description":"success","headers":{"v-correlation-id":{"$ref":"#/components/headers/VCorrelationId"}},"content":{"application/json":{"schema":{"$ref":"#/components/schemas/GetLeadStatus"}}}},"default":{"description":"Default errors","content":{"application/json":{"schema":{"$ref":"#/components/schemas/ErrorResponse"},"examples":{"400 Bad Request":{"$ref":"#/components/examples/400BadRequest"},"401 Unauthorized":{"$ref":"#/components/examples/401Unauthorized"},"403 Forbidden":{"$ref":"#/components/examples/403Forbidden"},"404 Not Found":{"$ref":"#/components/examples/404NotFound"},"412 Pre Condition":{"$ref":"#/components/examples/412PreCondition"},"415 Bad Content Type":{"$ref":"#/components/examples/415BadContentType"},"500 Server Error":{"$ref":"#/components/examples/500ServerError"}}}}}}}},"/leads/{externalRefId}/status/history":{"get":{"tags":["Lookup Lead Status"],"description":"Use this endpoint to get a lead's status history.","operationId":"fetchLeadStatusHistory","parameters":[{"name":"v-correlation-id","in":"header","description":"Unique transaction Id. Will be generated if not provided and returned in response headers.","required":false,"schema":{"type":"string","format":"uuid"},"example":"3fcb1437-4e52-4946-9ae1-e618351b6d16"},{"name":"externalRefId","in":"path","description":"The externalRefId returned from POST /applications call.","required":true,"schema":{"type":"string","format":"uuid"}}],"responses":{"200":{"description":"success","headers":{"v-correlation-id":{"$ref":"#/components/headers/VCorrelationId"}},"content":{"application/json":{"schema":{"$ref":"#/components/schemas/StatusHistoryResponse"}}}},"default":{"description":"Default errors","content":{"application/json":{"schema":{"$ref":"#/components/schemas/ErrorResponse"},"examples":{"400 Bad Request":{"$ref":"#/components/examples/400BadRequest"},"401 Unauthorized":{"$ref":"#/components/examples/401Unauthorized"},"403 Forbidden":{"$ref":"#/components/examples/403Forbidden"},"404 Not Found":{"$ref":"#/components/examples/404NotFound"},"412 Pre Condition":{"$ref":"#/components/examples/412PreCondition"},"415 Bad Content Type":{"$ref":"#/components/examples/415BadContentType"},"500 Server Error":{"$ref":"#/components/examples/500ServerError"}}}}}}}}},"components":{"schemas":{"Lead":{"required":["businessInfo","controlOwner","salesAgent","transactionInfo"],"type":"object","properties":{"clientTrackingId":{"$ref":"#/components/schemas/ClientTrackingId"},"leadStatus":{"$ref":"#/components/schemas/LeadStatus"},"leadSource":{"$ref":"#/components/schemas/LeadSource"},"businessInfo":{"$ref":"#/components/schemas/BusinessInfo"},"transactionInfo":{"$ref":"#/components/schemas/TransactionInfo"},"controlOwner":{"$ref":"#/components/schemas/ControlOwner"},"salesAgent":{"$ref":"#/components/schemas/SalesAgent"},"installationContact":{"$ref":"#/components/schemas/InstallationContact"},"additionalInformation":{"$ref":"#/components/schemas/AdditionalInformation"},"comment":{"$ref":"#/components/schemas/Comment"}}},"ClientTrackingId":{"maxLength":36,"minLength":1,"type":"string","description":"This is an optional field that can be used by the partners to send a unique Id from their application for reporting purposes.  ","example":"1341341234132412341"},"LeadStatus":{"type":"string","description":"Current Status of Lead, example value - New","example":"New"},"LeadSource":{"maxLength":150,"type":"string","description":"Lead source, this is available for certain integrations, Example values - New/Existing."},"BusinessInfo":{"required":["dbaName"],"type":"object","properties":{"dbaName":{"$ref":"#/components/schemas/DbaName"},"legalName":{"maxLength":30,"minLength":1,"pattern":"^[a-zA-Z0-9 \\p{P}\\p{S}]+$","type":"string","description":"Merchant's full legal  name. If sole proprietorship, please input first name, last name and middle initial. Region based validations will be applied to this field.","example":"Todd M Davis"},"ownershipType":{"maxLength":30,"minLength":1,"pattern":"^[a-zA-Z0-9 \\p{P}\\p{S}]+$","type":"string","description":" OwnershipType defines the type of the Merchant Organization, and drives the requirements for data collections of beneficial and control owners under U.S. Financial Crimes Enforcement Network (FinCEN). \n\n __enum for UK__ \n\n Sole Trader \n\n Partnership \n\n Limited Company \n\n Trust \n\n Charity (Registered) \n\n PLC \n\n Limited by Guarantee \n\n Club/Society/Association \n\n CIC (Community Interest Companies)/Industrial Provident \n\n Limited Liability Partnership (LLP)\n\n\n __enum for US__ \n\n GOVERNMENT \n\n SOLE PROPRIETOR \n\n LLC \n\n PARTNERSHIP \n\n FIN INSTITUTION \n\n NON-PROFIT \n\n ASSOCIATION/ESTATE/TRUST \n\n PRIVATE CORPORATION \n\n SEC REGISTERED \n\n PUBLIC CORPORATION \n\n PROFESSIONAL CORPORATION \n\n LLP \n\n S CORPORATION \n\n OTHER\n\n\n__enum for CA__ \n\n GOVERNMENT \n\n SOLE PROPRIETOR \n\n PARTNERSHIP \n\n FIN INSTITUTION \n\n ASSOCIATION/ESTATE/TRUST \n\n PRIVATE CORPORATION \n\n SEC REGISTERED \n\n PUBLIC CORPORATION \n\n REGISTERED CHARITY \n\n OTHER","example":"LLC"},"mccCode":{"maximum":4,"minimum":4,"type":"integer","description":"SIC Code / MCC Code (Merchant Category Code) is the code use to describe what the merchant is selling. Use MCC look up call to search valid codes, with sort and long description to find the MCC that most closely matches what the merchant is selling.","example":5812},"businessEstablishedDate":{"$ref":"#/components/schemas/BusinessEstablishedDate"},"websiteUrl":{"maxLength":80,"minLength":1,"pattern":"^[a-zA-Z0-9 \\p{P}\\p{S}]+$","type":"string","description":"The URL of the merchant's website.","example":"www.thefoodplace.com"},"numberOfLocations":{"$ref":"#/components/schemas/NumberOfLocation"},"industryType":{"maxLength":30,"minLength":1,"pattern":"^[a-zA-Z0-9 \\p{P}\\p{S}]+$","type":"string","description":"The broad category of business, market or industry type","example":"Restaurant","enum":["Auto Rental","CAT","Ecommerce","Lodging","MOTO","Quick Serve","Restaurant","Retail","Supermarket","Travel & Entertainment"]}}},"DbaName":{"maxLength":50,"minLength":1,"pattern":"^[a-zA-Z0-9 \\p{P}\\p{S}]+$","type":"string","description":"The merchant name they do business as.  Generally with what their customers know the business. Region based validations will be applied to this field.","example":"Happy Coding"},"BusinessEstablishedDate":{"type":"string","description":"Date (CCYY-MM-DD) on which the merchant's business was established.","format":"date","example":"2000-03-23"},"NumberOfLocation":{"type":"integer","description":"Number of current locations.","example":2},"TransactionInfo":{"type":"object","properties":{"annualSalesVolume":{"$ref":"#/components/schemas/AnnualSalesVolume"},"currentProcessor":{"maxLength":40,"minLength":1,"pattern":"^[a-zA-Z ]+$","type":"string","description":"Current payments processor.Region based validations will be applied to this field.","example":"Heartland"},"needsProcessingBy":{"type":"string","description":"Date (CCYY-MM-DD) by which the Equipment needs to be setup.","format":"date","example":"2021-11-01"}}},"AnnualSalesVolume":{"maximum":9999999999999.99,"minimum":0,"type":"number","description":"Projected annual sales volume. Region based validations will be applied to this field.","format":"decimal[13,2]","example":20000.12},"ControlOwner":{"required":["email","firstName","lastName","phoneNumber"],"type":"object","properties":{"title":{"$ref":"#/components/schemas/Title"},"firstName":{"$ref":"#/components/schemas/FirstName"},"middleInitial":{"$ref":"#/components/schemas/MiddleInitial"},"lastName":{"$ref":"#/components/schemas/LastName"},"phoneNumber":{"$ref":"#/components/schemas/PhoneNumber"},"phoneCountryCode":{"$ref":"#/components/schemas/PhoneCountryCode"},"phoneNumberExtension":{"$ref":"#/components/schemas/PhoneNumberExtension"},"faxNumber":{"$ref":"#/components/schemas/FaxNumber"},"email":{"$ref":"#/components/schemas/Email"},"addressLine1":{"$ref":"#/components/schemas/AddressLine1"},"addressLine2":{"$ref":"#/components/schemas/AddressLine2"},"city":{"$ref":"#/components/schemas/City"},"state":{"$ref":"#/components/schemas/State"},"Province":{"$ref":"#/components/schemas/Province"},"country":{"$ref":"#/components/schemas/Country"},"postalCode":{"$ref":"#/components/schemas/PostalCode"}}},"Title":{"maxLength":30,"minLength":1,"pattern":"^[a-zA-Z0-9 \\p{P}\\p{S}]+$","type":"string","description":"Required for AMEX acquired merchants otherwise optional.","example":"President"},"FirstName":{"maxLength":15,"minLength":1,"pattern":"^[a-zA-Z0-9 \\p{P}\\p{S}]+$","type":"string","description":"First name. Region based validations will be applied to this field.","example":"Todd"},"MiddleInitial":{"maxLength":1,"minLength":1,"pattern":"^[a-zA-Z0-9 \\p{P}\\p{S}]+$","description":"Middle initial.","example":"M"},"LastName":{"maxLength":25,"minLength":1,"pattern":"^[a-zA-Z0-9 \\p{P}\\p{S}]+$","type":"string","description":"Last name. Region based validations will be applied to this field.","example":"Davis"},"PhoneNumber":{"maxLength":15,"minLength":7,"pattern":"([0-9]{7,15})$","type":"string","description":"Phone number format is location specific. Examples \"5131234567\" (US) or \"441234123456\" (UK). Region based validations will be applied to this field."},"PhoneCountryCode":{"maxLength":10,"minLength":1,"pattern":"(\\+[1-9]{1,10})$","type":"string","description":"Country code. Region based validations will be applied to this field.","example":"+1"},"PhoneNumberExtension":{"maxLength":8,"pattern":"([0-9]{0,8})$","type":"string","description":"Contact's phone number extension. Format as following 12345678.","example":"1234"},"FaxNumber":{"maxLength":10,"minLength":10,"pattern":"([0-9]{10})$","type":"string","description":"Contact's fax number of the format 5131234567","example":"1234567890"},"Email":{"maxLength":64,"pattern":"\\b[a-zA-Z0-9 \\p{P}\\p{S}._%+-]+@(?:[A-Za-z0-9-]+\\.)+[A-Za-z]{2,}","type":"string","description":"Email address of the contact. Must have @ and a . Region based validations will be applied to this field.","example":"test@test.com"},"AddressLine1":{"maxLength":40,"minLength":1,"pattern":"^[a-zA-Z0-9 \\p{P}\\p{S}]+$","type":"string","description":"Address Line 1. Field for house number, street and direction.","example":"4355 N Coalwhipe St."},"AddressLine2":{"maxLength":40,"minLength":1,"pattern":"^[a-zA-Z0-9 \\p{P}\\p{S}]+$","type":"string","description":"Address Line 2. Field for apartment or suite numbers, etc.","example":"suite 104"},"City":{"maxLength":28,"minLength":1,"pattern":"^[a-zA-Z0-9 \\p{P}\\p{S}]+$","type":"string","example":"Denver"},"State":{"type":"string","description":"Valid US state, commonwealth, and territory codes are allowed. Alternatively, you can provide a US province. Region based validations will be applied to this field.","example":"CO","enum":["AK","AL","AR","AS","AZ","CA","CO","CT","DC","DE","FL","FM","GA","GU","HI","IA","ID","IL","IN","KS","KY","LA","MA","MD","ME","MH","MI","MN","MO","MP","MS","MT","NC","ND","NE","NH","NJ","NM","NV","NY","OH","OK","OR","PA","PR","PW","RI","SC","SD","TN","TX","UT","VA","VI","VT","WA","WI","WV","WY"]},"Province":{"maxLength":28,"minLength":1,"pattern":"^[a-zA-Z0-9 \\p{P}\\p{S}]+$","type":"string","description":"Valid state/province outside the US. Region based validations will be applied to this field.","example":"Oxfordshire"},"Country":{"type":"string","description":"Valid Country name or Country codes","example":"United States or US"},"PostalCode":{"maxLength":10,"minLength":4,"pattern":"([0-9]{5})$ or ([A-Z]{1,2}[0-9][A-Z0-9]?[0-9][A-Z]{2})$","type":"string","description":"Postal Code / Zip Code. The postalCode must be valid for the address's country code. \n\nUSA codes must be exactly 5 digits long (regular expression [0-9]{5}). \n\nUK codes can be up to 8 digits (regular expression [A-Z]{1,2}[0-9][A-Z0-9]?[0-9][A-Z]{2}).","example":"80123"},"SalesAgent":{"required":["email","firstName","lastName","phoneNumber"],"type":"object","properties":{"id":{"maxLength":15,"pattern":"^[a-zA-Z0-9 \\p{P}\\p{S}]+$","type":"string","description":"Sales agent's ID. This is a required field.","example":"U15315"},"firstName":{"maxLength":15,"minLength":1,"pattern":"^[a-zA-Z0-9 \\p{P}\\p{S}]+$","type":"string","description":"Sales agent's first name. Required for some partners. Work with your Developer Integrations specialist for more information. Region based validations will be applied to this field.","example":"John"},"lastName":{"maxLength":25,"minLength":1,"pattern":"^[a-zA-Z0-9 \\p{P}\\p{S}]+$","type":"string","description":"Sales agent's last name. Required for some partners. Work with your Developer Integrations specialist for more information. Region based validations will be applied to this field.","example":"Doe"},"phoneNumber":{"$ref":"#/components/schemas/PhoneNumber"},"phoneCountryCode":{"$ref":"#/components/schemas/PhoneCountryCode"},"email":{"$ref":"#/components/schemas/Email"}},"description":"The agent who is submitting the deal. Required for some partners. Work with your Developer Integrations specialist for more information."},"InstallationContact":{"type":"object","properties":{"id":{"maxLength":15,"pattern":"^[a-zA-Z0-9 \\p{P}\\p{S}]+$","type":"string","description":"ID of the installation contact.","example":"U15318"},"firstName":{"maxLength":15,"minLength":1,"pattern":"^[a-zA-Z0-9 \\p{P}\\p{S}]+$","type":"string","description":"Contact's first name. Required for some partners. Work with your Developer Integrations specialist for more information. Region based validations will be applied to this field.","example":"John"},"lastName":{"maxLength":25,"minLength":1,"pattern":"^[a-zA-Z0-9 \\p{P}\\p{S}]+$","type":"string","description":"Contact's last name. Required for some partners. Work with your Developer Integrations specialist for more information. Region based validations will be applied to this field.","example":"Doe"},"phoneNumber":{"maxLength":15,"minLength":7,"pattern":"([0-9]{7,15})$","type":"string","description":"Phone number format is location specific. Examples \"5131234567\" (US) or \"441234123456\" (UK). Region based validations will be applied to this field.","example":"1234567890"},"phoneCountryCode":{"maxLength":10,"minLength":1,"pattern":"(\\+[1-9]{1,10})","type":"string","description":"Country code. Region based validations will be applied to this field.","example":"+1"},"email":{"maxLength":64,"pattern":"\\b[a-zA-Z0-9 \\p{P}\\p{S}._%+-]+@(?:[A-Za-z0-9-]+\\.)+[A-Za-z]{2,}","type":"string","description":"Email address of the contact. Must have @ and a . Region based validations will be applied to this field.","example":"test@test.com"}},"description":"The agent who is doing setup. Required for some partners. Work with your Developer Integrations specialist for more information."},"AdditionalInformation":{"type":"array","description":"Required for some partners. Work with your Developer Integrations specialist for more information.","example":[{"key":"productVersionId","value":"4656"}],"items":{"required":["key","value"],"type":"object","properties":{"key":{"maxLength":30,"minLength":1,"pattern":"^[a-zA-Z0-9 \\p{P}\\p{S}]+$","type":"string","example":"productVersionId"},"value":{"maxLength":255,"minLength":1,"pattern":"^[a-zA-Z0-9 \\p{P}\\p{S}]+$","type":"string","example":"4656"}}}},"Comment":{"maxLength":5000,"minLength":1,"type":"string","description":"Addtional comments that are passed on to the sales representative.","example":"Customer mentioned they are interested in ..."},"LeadResponse":{"type":"object","properties":{"externalRefId":{"$ref":"#/components/schemas/ExternalRefId"},"clientTrackingId":{"$ref":"#/components/schemas/ClientTrackingId"},"leadId":{"$ref":"#/components/schemas/LeadId"}}},"ExternalRefId":{"maxLength":36,"pattern":"([0-9a-z]{8})-([0-9a-z]{4})-([0-9a-z]{4})-([0-9a-z]{4})-([0-9a-z]{12})","type":"string","description":"A unique GUID generated by POST resource, used for retrieving and updating a deal. Do not send in the request, API will always generate one and assign it to the deal.","format":"guid","example":"df8a6d82-3bb4-4f3b-ba18-57a5981ede8e"},"LeadId":{"maxLength":20,"minLength":1,"type":"string","description":"This is a unique ID generated by POST resource, used for\n  retrieving deal details in Salesforce.","example":"00Q59000001qSpaaAA"},"ErrorResponse":{"type":"object","properties":{"httpStatusCode":{"type":"integer","example":404},"httpStatusMessage":{"type":"string","example":"STATUS-MESSAGE"},"errors":{"type":"array","items":{"$ref":"#/components/schemas/Error"}}}},"Error":{"type":"object","properties":{"errorCode":{"type":"string","example":"ERROR_CODE"},"errorMessage":{"type":"string","example":"Error message here."},"target":{"type":"string","example":"Target"}}},"GetLead":{"type":"object","properties":{"externalRefId":{"$ref":"#/components/schemas/ExternalRefId"},"lead":{"$ref":"#/components/schemas/Lead_1"},"assignedSalesAgent":{"type":"string","example":"New"},"lastUpdatedDate":{"type":"string","description":"Last activity performed date on this lead","example":"2021-01-28  11:30:56"},"comment":{"$ref":"#/components/schemas/Comment"}}},"Lead_1":{"required":["businessInfo","controlOwner","salesAgent","transactionInfo"],"type":"object","properties":{"clientTrackingId":{"$ref":"#/components/schemas/ClientTrackingId"},"leadStatus":{"$ref":"#/components/schemas/LeadStatus"},"leadSource":{"$ref":"#/components/schemas/LeadSource"},"businessInfo":{"$ref":"#/components/schemas/BusinessInfo_1"},"transactionInfo":{"$ref":"#/components/schemas/TransactionInfo_1"},"controlOwner":{"$ref":"#/components/schemas/ControlOwner_1"},"salesAgent":{"$ref":"#/components/schemas/SalesAgent_1"},"installationContact":{"$ref":"#/components/schemas/InstallationContact"},"additionalInformation":{"$ref":"#/components/schemas/AdditionalInformation"},"comment":{"$ref":"#/components/schemas/Comment"}}},"BusinessInfo_1":{"required":["dbaName"],"type":"object","properties":{"dbaName":{"$ref":"#/components/schemas/DbaName_1"},"legalName":{"maxLength":30,"minLength":1,"pattern":"^[a-zA-Z0-9 \\p{P}\\p{S}]+$","type":"string","description":"Merchant's full legal  name. If sole proprietorship, please input first name, last name and middle initial. Region based validations will be applied to this field.","example":"Todd M Davis"},"ownershipType":{"maxLength":30,"minLength":1,"pattern":"^[a-zA-Z0-9 \\p{P}\\p{S}]+$","type":"string","description":" OwnershipType defines the type of the Merchant Organization, and drives the requirements for data collections of beneficial and control owners under U.S. Financial Crimes Enforcement Network (FinCEN). \n\n __enum for UK__ \n\n Sole Trader \n\n Partnership \n\n Limited Company \n\n Trust \n\n Charity (Registered) \n\n PLC \n\n Limited by Guarantee \n\n Club/Society/Association \n\n CIC (Community Interest Companies)/Industrial Provident \n\n Limited Liability Partnership (LLP)\n\n\n __enum for US__ \n\n GOVERNMENT \n\n SOLE PROPRIETOR \n\n LLC \n\n PARTNERSHIP \n\n FIN INSTITUTION \n\n NON-PROFIT \n\n ASSOCIATION/ESTATE/TRUST \n\n PRIVATE CORPORATION \n\n SEC REGISTERED \n\n PUBLIC CORPORATION \n\n PROFESSIONAL CORPORATION \n\n LLP \n\n S CORPORATION \n\n OTHER\n\n\n__enum for CA__ \n\n GOVERNMENT \n\n SOLE PROPRIETOR \n\n PARTNERSHIP \n\n FIN INSTITUTION \n\n ASSOCIATION/ESTATE/TRUST \n\n PRIVATE CORPORATION \n\n SEC REGISTERED \n\n PUBLIC CORPORATION \n\n REGISTERED CHARITY \n\n OTHER","example":"LLC"},"mccCode":{"maximum":4,"minimum":4,"type":"integer","description":"SIC Code / MCC Code (Merchant Category Code) is the code use to describe what the merchant is selling. Use MCC look up call to search valid codes, with sort and long description to find the MCC that most closely matches what the merchant is selling.","example":5812},"businessEstablishedDate":{"$ref":"#/components/schemas/BusinessEstablishedDate"},"websiteUrl":{"maxLength":80,"minLength":1,"pattern":"^[a-zA-Z0-9 \\p{P}\\p{S}]+$","type":"string","description":"The URL of the merchant's website.","example":"www.thefoodplace.com"},"numberOfLocations":{"$ref":"#/components/schemas/NumberOfLocation"},"industryType":{"maxLength":30,"minLength":1,"pattern":"^[a-zA-Z0-9 \\p{P}\\p{S}]+$","type":"string","description":"The broad category of business, market or industry type","example":"Restaurant","enum":["Auto Rental","CAT","Ecommerce","Lodging","MOTO","Quick Serve","Restaurant","Retail","Supermarket","Travel & Entertainment"]}}},"DbaName_1":{"maxLength":30,"minLength":1,"pattern":"^[a-zA-Z0-9 \\p{P}\\p{S}]+$","type":"string","description":"The merchant name they do business as.  Generally with what their customers know the business. Region based validations will be applied to this field.","example":"Happy Coding"},"TransactionInfo_1":{"type":"object","properties":{"annualSalesVolume":{"$ref":"#/components/schemas/AnnualSalesVolume"},"currentProcessor":{"maxLength":40,"minLength":1,"pattern":"^[a-zA-Z ]+$","type":"string","description":"Current payments processor.Region based validations will be applied to this field.","example":"Heartland"},"needsProcessingBy":{"type":"string","description":"Date (CCYY-MM-DD) by which the Equipment needs to be setup.","format":"date","example":"2021-11-01"}}},"ControlOwner_1":{"required":["email","firstName","lastName","phoneNumber"],"type":"object","properties":{"title":{"$ref":"#/components/schemas/Title"},"firstName":{"$ref":"#/components/schemas/FirstName"},"middleInitial":{"$ref":"#/components/schemas/MiddleInitial"},"lastName":{"$ref":"#/components/schemas/LastName"},"phoneNumber":{"$ref":"#/components/schemas/PhoneNumber"},"phoneCountryCode":{"$ref":"#/components/schemas/PhoneCountryCode"},"phoneNumberExtension":{"$ref":"#/components/schemas/PhoneNumberExtension"},"faxNumber":{"$ref":"#/components/schemas/FaxNumber"},"email":{"$ref":"#/components/schemas/Email"},"addressLine1":{"$ref":"#/components/schemas/AddressLine1"},"addressLine2":{"$ref":"#/components/schemas/AddressLine2"},"city":{"$ref":"#/components/schemas/City"},"state":{"$ref":"#/components/schemas/State"},"Province":{"$ref":"#/components/schemas/Province"},"country":{"$ref":"#/components/schemas/Country"},"postalCode":{"$ref":"#/components/schemas/PostalCode"}}},"SalesAgent_1":{"required":["email","firstName","lastName","phoneNumber"],"type":"object","properties":{"id":{"maxLength":15,"pattern":"^[a-zA-Z0-9 \\p{P}\\p{S}]+$","type":"string","description":"Sales agent's ID. This is a required field.","example":"U15315"},"firstName":{"maxLength":15,"minLength":1,"pattern":"^[a-zA-Z0-9 \\p{P}\\p{S}]+$","type":"string","description":"Sales agent's first name. Required for some partners. Work with your Developer Integrations specialist for more information. Region based validations will be applied to this field.","example":"John"},"lastName":{"maxLength":25,"minLength":1,"pattern":"^[a-zA-Z0-9 \\p{P}\\p{S}]+$","type":"string","description":"Sales agent's last name. Required for some partners. Work with your Developer Integrations specialist for more information. Region based validations will be applied to this field.","example":"Doe"},"phoneNumber":{"$ref":"#/components/schemas/PhoneNumber"},"phoneCountryCode":{"$ref":"#/components/schemas/PhoneCountryCode"},"email":{"$ref":"#/components/schemas/Email"}},"description":"The agent who is submitting the deal. Required for some partners. Work with your Developer Integrations specialist for more information."},"SearchLead":{"type":"object","properties":{"pageSize":{"type":"integer","description":"Number of records to retrieve per page. If this value and pageNum field are not sent in the request, search returns all the available result set","example":50},"pageNum":{"type":"integer","description":"Page number. If this value and pageSize field are not sent in the request, search returns all the available result set","example":1},"similarFieldsAndValues":{"$ref":"#/components/schemas/KeyValue"},"equalFieldsAndValues":{"$ref":"#/components/schemas/KeyValue"},"greaterThanOrEqualToDates":{"$ref":"#/components/schemas/KeyValue"},"lessThanOrEqualToDates":{"$ref":"#/components/schemas/KeyValue"},"sortFieldsAndDirection":{"$ref":"#/components/schemas/KeyValue"},"inListFieldsAndValues":{"$ref":"#/components/schemas/KeyValueList"}},"example":{"pageSize":50,"pageNum":1,"similarFieldsAndValues":[{"key":"dbaName","value":"Happy"}],"equalFieldsAndValues":[{"key":"salesAgentFirstName","value":"John"},{"key":"salesAgentLastName","value":"Doe"},{"key":"leadStatus","value":"New"},{"key":"assignedSalesAgent","value":"John M Doe"},{"key":"dbaName","value":"My Business"},{"key":"externalRefId","value":"405af361-408c-4dd6-859d-cafa4d272306"},{"key":"clientTrackingId","value":"1341341234132412341"},{"key":"statusCategory","value":"Quote"}],"greaterThanOrEqualToDates":[{"key":"submittedDate","value":"2019-01-01"},{"key":"lastUpdatedDate","value":"2019-01-01"}],"lessThanOrEqualToDates":[{"key":"submittedDate","value":"2019-01-01"},{"key":"lastUpdatedDate","value":"2019-01-01"}],"sortFieldsAndDirection":[{"key":"submittedDate","value":"desc"},{"key":"leadStatus","value":"asc"}],"inListFieldsAndValues":[{"key":"salesAgentEmail","values":["test@test.com","myname@test.com"]},{"key":"leadStatus","values":["New","Assigned"]},{"key":"statusCategory","values":["Quote","Contract"]},{"key":"dealType","values":["New Merchant","Add Location"]}]}},"KeyValue":{"type":"array","items":{"required":["key","value"],"type":"object","properties":{"key":{"type":"string","description":"Field name to use as search criteria. You can use any field name from the SearchInfo JSON object"},"value":{"type":"string","description":"Values relevent to the search criteria that is equal to or greaterThanOrEquealToDates (Only valid for fields having a date value) or leassThanOrEqualToDates (Only valid for fields having a date value) or sortFieldsAndDirection (valid values are 'asc' or 'desc') to this value in the provided field name. If left blank it will not be added to the search criteria.\n  For more details, refer to /search request body example"}}}},"KeyValueList":{"type":"array","items":{"required":["key","values"],"type":"object","properties":{"key":{"type":"string","description":"Field name to use as search criteria. You can use any field name from the SearchInfo JSON object"},"values":{"type":"array","description":"Values relevent to the search criteria to search for. Max number of values allowed are 10","items":{"type":"string"}}}}},"SearchLeadResponse":{"type":"object","properties":{"totalRecordCount":{"type":"integer","description":"Total number of records","example":1},"pageCount":{"type":"integer","description":"Total number of pages","example":1},"pageSize":{"type":"integer","description":"Number of records shown per page","example":50},"pageNum":{"type":"integer","description":"Current page number","example":1},"data":{"$ref":"#/components/schemas/SearchInfo"}}},"SearchInfo":{"type":"array","items":{"type":"object","properties":{"externalRefId":{"$ref":"#/components/schemas/ExternalRefId"},"clientTrackingId":{"$ref":"#/components/schemas/ClientTrackingId"},"leadStatus":{"type":"string","description":"Current status of the lead","example":"New"},"leadSource":{"type":"string","description":"Lead source, this is available for certain integrations, please refer example values."},"detailStatus":{"type":"string","description":"Current status of the lead","example":"Terminal order set up is complete"},"statusCategory":{"type":"string","description":"It provides lead category","example":"Boarding"},"dbaName":{"$ref":"#/components/schemas/DbaName_1"},"salesAgentFirstName":{"$ref":"#/components/schemas/FirstName"},"salesAgentLastName":{"$ref":"#/components/schemas/LastName"},"salesAgentEmail":{"$ref":"#/components/schemas/Email"},"ownerFirstName":{"$ref":"#/components/schemas/FirstName"},"ownerLastName":{"$ref":"#/components/schemas/LastName"},"ownerPhoneNumber":{"$ref":"#/components/schemas/PhoneNumber"},"phoneCountryCode":{"$ref":"#/components/schemas/PhoneCountryCode"},"ownerEmail":{"$ref":"#/components/schemas/Email"},"needsProcessingBy":{"type":"string","description":"Date by which the deal needs to be processed","example":"2021-11-01"},"assignedSalesAgent":{"type":"string","description":"Sales reps name that this lead is assigned to","example":"John M Doe"},"submittedDate":{"type":"string","description":"Lead submitted date","example":"2020-01-28  11:30:56"},"lastUpdatedDate":{"type":"string","description":"Last activity performed date","example":"2020-01-28  11:30:56"}}}},"SummaryCountResponse":{"type":"object","properties":{"fromDate":{"type":"string"},"toDate":{"type":"string"},"data":{"$ref":"#/components/schemas/SummaryCount"}}},"SummaryCount":{"type":"array","items":{"type":"object","properties":{"year":{"type":"string","description":"Year"},"leadStatus":{"type":"string","description":"Lead status"},"LeadCount":{"type":"string","description":"Number of leads with a particular lead status in a year"}}}},"GetLeadStatus":{"type":"object","properties":{"status":{"type":"string","description":"Current status of lead","example":"Not Qualified"},"submittedBy":{"type":"string","description":"Agent who submitted the lead","example":"Todd Davis"}}},"StatusHistoryResponse":{"type":"object","properties":{"externalRefId":{"$ref":"#/components/schemas/ExternalRefId"},"statusHistory":{"type":"array","items":{"$ref":"#/components/schemas/StatusHistory"}}}},"StatusHistory":{"type":"object","properties":{"statusSeqNumber":{"type":"integer","example":2200},"detailStatus":{"type":"string","example":"Contract Signed"},"summaryStatus":{"type":"string","example":"App Submitted"},"statusCategory":{"type":"string","example":"Contract"},"statusDateTime":{"type":"string","example":"2020-01-28  11:30:56"}}}},"responses":{"default":{"description":"Default errors","content":{"application/json":{"schema":{"$ref":"#/components/schemas/ErrorResponse"},"examples":{"400 Bad Request":{"$ref":"#/components/examples/400BadRequest"},"401 Unauthorized":{"$ref":"#/components/examples/401Unauthorized"},"403 Forbidden":{"$ref":"#/components/examples/403Forbidden"},"404 Not Found":{"$ref":"#/components/examples/404NotFound"},"412 Pre Condition":{"$ref":"#/components/examples/412PreCondition"},"415 Bad Content Type":{"$ref":"#/components/examples/415BadContentType"},"500 Server Error":{"$ref":"#/components/examples/500ServerError"}}}}}},"examples":{"USConnectPOSSolution":{"value":{"clientTrackingId":"34346737647834628734","businessInfo":{"dbaName":"Happy Coding"},"transactionInfo":{"needsProcessingBy":"2021-11-01"},"controlOwner":{"firstName":"Todd","lastName":"Davis","phoneNumber":"1234567890","phoneCountryCode":"+1","email":"test@test.com","state":"CO"},"salesAgent":{"id":"U15315","firstName":"John","lastName":"Doe","phoneNumber":"1234567890","email":"test@test.com"},"additionalInformation":[{"key":"productVersionId","value":"5627"}]}},"USConnectNonPOSSolution":{"value":{"clientTrackingId":"34346737647834628734","businessInfo":{"dbaName":"Happy Coding"},"controlOwner":{"firstName":"Todd","lastName":"Davis","phoneNumber":"1234567890","email":"test@test.com","state":"CO"},"salesAgent":{"id":"U15315","firstName":"John","lastName":"Doe","phoneNumber":"1234567890","email":"test@test.com"},"additionalInformation":[{"key":"partnerEmployeeName","value":"John"}]}},"UKConnectPOSSolution":{"value":{"clientTrackingId":"34346737647834628734","leadSource":"New","businessInfo":{"dbaName":"Happy Coding"},"transactionInfo":{"currentProcessor":"WorldPay","needsProcessingBy":"2021-11-01","annualSalesVolume":"15000"},"controlOwner":{"firstName":"Todd","lastName":"Davis","phoneNumber":"441234123456","email":"test@test.com"},"salesAgent":{"id":"U15315","firstName":"John","lastName":"Doe","phoneNumber":"1234567890"},"additionalInformation":[{"key":"partnerAgreementId","value":"100011"}]}},"400BadRequest":{"description":"Bad Request","value":{"httpStatusCode":400,"httpStatusMessage":"BAD_REQUEST","errors":[{"errorCode":"PARAMETER_VALIDATION_ERROR","errorMessage":"No entries found with provided externalRefId.","target":"externalRefId"}]}},"401Unauthorized":{"value":{"httpStatusCode":401,"httpStatusMessage":"Invalid API Key","errors":[{"errorCode":"INVALID_API_KEY","errorMessage":"Invalid API key. Please ensure the key is accurate and authorization is included.","target":"Authorization"}]}},"403Forbidden":{"value":{"httpStatusCode":403,"httpStatusMessage":"AUTH-ERROR","errors":[{"errorCode":"AUTH_ERROR","errorMessage":"Invalid Authorization header. Please ensure the license token is valid and properly formatted.","target":"Authorization"}]}},"404NotFound":{"value":{"httpStatusCode":404,"httpStatusMessage":"STATUS-MESSAGE","errors":[{"errorCode":"ERROR_CODE","errorMessage":"Error message here.","target":"Target"}]}},"412PreCondition":{"value":{"httpStatusCode":412,"httpStatusMessage":"PRECONDITION_FAILED","errors":[{"errorCode":"ERROR_VALIDATION_REQUEST_PARAM","errorMessage":"JSONMappingException: Cannot deserialize.","target":"Bad Contract Request"}]}},"415BadContentType":{"value":{"httpStatusCode":415,"httpStatusMessage":"Bad-Content-Type","errors":[{"errorCode":"BAD_CONTENT_TYPE","errorMessage":"text/xml is not supported.","target":"Bad Content Type"}]}},"500ServerError":{"value":{"httpStatusCode":500,"httpStatusMessage":"env:Client","errors":[{"errorCode":"Internal Error","errorMessage":"Internal Client Error","target":"exampleTarget"}]}},"SummaryCountResponse":{"value":{"fromDate":"2021-01-01","toDate":"2021-09-15","data":[{"year":"2021","leadStatus":"Assigned","leadCount":"2"},{"year":"2021","leadStatus":"Closed Lost","leadCount":"1"},{"year":"2021","leadStatus":"In Progress","leadCount":"3"},{"year":"2021","leadStatus":"New","leadCount":"359"},{"year":"2021","leadStatus":"Pricing","leadCount":"7"},{"year":"2021","leadStatus":"Qualified","leadCount":"3"},{"year":"2021","leadStatus":"Update","leadCount":"2"}]}}},"headers":{"VCorrelationId":{"description":"Unique transaction Id. Will be generated if not provided and returned in response headers.","schema":{"type":"string","format":"uuid"},"example":"3fcb1437-4e52-4946-9ae1-e618351b6d16"}},"securitySchemes":{"api_key":{"type":"apiKey","description":"``` License format is WORLDPAY license='xxxx'```","name":"Authorization","in":"header"}}}}