{"openapi":"3.0.0","info":{"title":"Branding API","description":"API to centralize storage and retreival of Worldpay partner branding assets","contact":{"email":"PartnerAPICertifcations@fisglobal.com"},"version":"1.0.7"},"servers":[{"url":"https://ws-cert.vantiv.com/enterprise/partner-branding/v1"}],"paths":{"/templates":{"get":{"tags":["Branding"],"summary":"Retrieve all branding templates","description":"Retrieve all the available branding templates for a partner","operationId":"Retrieve all templates","parameters":[{"name":"v-correlation-id","in":"header","description":"Correlation Id","required":false,"style":"simple","explode":false,"schema":{"type":"string","format":"uuid"}},{"name":"partnerId","in":"header","description":"One of the three header attributes \"partnerId, ISO, ISC\" is mandatory field.","required":false,"style":"simple","explode":false,"schema":{"type":"string"}},{"name":"isoId","in":"header","description":"One of the three header attributes \"partnerId, ISO, ISC\" is mandatory field.","required":false,"style":"simple","explode":false,"schema":{"type":"string"}},{"name":"iscId","in":"header","description":"One of the three header attributes \"partnerId, ISO, ISC\" is mandatory field.","required":false,"style":"simple","explode":false,"schema":{"type":"string"}},{"name":"updatedDate","in":"query","required":false,"style":"form","explode":true,"schema":{"type":"string","format":"date","example":"2021-08-24"}},{"name":"status","in":"query","required":false,"style":"form","explode":true,"schema":{"type":"string","example":"ACTIVE"}}],"responses":{"200":{"description":"Success","content":{"application/json":{"schema":{"$ref":"#/components/schemas/BrandsTemplates"}}}},"default":{"description":"Default errors","content":{"applications/json":{"schema":{"$ref":"#/components/schemas/ErrorResponse"},"examples":{"400 Bad Request":{"$ref":"#/components/examples/400BadRequest"},"401 Unauthorized":{"$ref":"#/components/examples/401Unauthorized"},"403 Forbidden":{"$ref":"#/components/examples/403Forbidden"},"404 Not Found":{"$ref":"#/components/examples/404NotFound"},"412 Pre Condition":{"$ref":"#/components/examples/412PreCondition"},"415 Bad Content Type":{"$ref":"#/components/examples/415BadContentType"},"500 Server Error":{"$ref":"#/components/examples/500ServerError"}}}}}},"security":[{"api_key":[]}]},"post":{"tags":["Branding"],"summary":"Create a new resource","description":"Create a new template","operationId":"Create a new template","parameters":[{"name":"v-correlation-id","in":"header","description":"Correlation Id","required":false,"style":"simple","explode":false,"schema":{"type":"string","format":"uuid"}},{"name":"partnerId","in":"header","description":"One of the three header attributes \"partnerId, ISO, ISC\" is a mandatory field.","required":false,"style":"simple","explode":false,"schema":{"type":"string"}},{"name":"isoId","in":"header","description":"One of the three header attributes \"partnerId, ISO, ISC\" is a mandatory field.","required":false,"style":"simple","explode":false,"schema":{"type":"string"}},{"name":"iscId","in":"header","description":"One of the three header attributes \"partnerId, ISO, ISC\" is a mandatory field.","required":false,"style":"simple","explode":false,"schema":{"type":"string"}}],"requestBody":{"content":{"application/json":{"schema":{"$ref":"#/components/schemas/BrandTemplate"}}}},"responses":{"201":{"description":"Template Branding resource created","content":{"application/json":{"schema":{"$ref":"#/components/schemas/BrandTemplate"}}}},"default":{"description":"Default errors","content":{"applications/json":{"schema":{"$ref":"#/components/schemas/ErrorResponse"},"examples":{"400 Bad Request":{"$ref":"#/components/examples/400BadRequest"},"401 Unauthorized":{"$ref":"#/components/examples/401Unauthorized"},"403 Forbidden":{"$ref":"#/components/examples/403Forbidden"},"404 Not Found":{"$ref":"#/components/examples/404NotFound"},"412 Pre Condition":{"$ref":"#/components/examples/412PreCondition"},"415 Bad Content Type":{"$ref":"#/components/examples/415BadContentType"},"500 Server Error":{"$ref":"#/components/examples/500ServerError"}}}}}}}},"/templates/{templateId}":{"get":{"tags":["Branding"],"summary":"Retrieve a template","description":"Retrieve a branding template by template id","operationId":"Retrieve a branding template resource","parameters":[{"name":"v-correlation-id","in":"header","description":"Correlation Id","required":false,"style":"simple","explode":false,"schema":{"type":"string","format":"uuid"}},{"name":"templateId","in":"path","required":true,"style":"simple","explode":false,"schema":{"type":"string"}}],"responses":{"200":{"description":"Success","content":{"application/json":{"schema":{"$ref":"#/components/schemas/BrandTemplate"}}}},"default":{"description":"Default errors","content":{"applications/json":{"schema":{"$ref":"#/components/schemas/ErrorResponse"},"examples":{"400 Bad Request":{"$ref":"#/components/examples/400BadRequest"},"401 Unauthorized":{"$ref":"#/components/examples/401Unauthorized"},"403 Forbidden":{"$ref":"#/components/examples/403Forbidden"},"404 Not Found":{"$ref":"#/components/examples/404NotFound"},"412 Pre Condition":{"$ref":"#/components/examples/412PreCondition"},"415 Bad Content Type":{"$ref":"#/components/examples/415BadContentType"},"500 Server Error":{"$ref":"#/components/examples/500ServerError"}}}}}},"security":[{"api_key":[]}]},"put":{"tags":["Branding"],"summary":"Update an existing resource","description":"Update the entire resource using template id","operationId":"Update a template","parameters":[{"name":"v-correlation-id","in":"header","description":"Correlation Id","required":false,"style":"simple","explode":false,"schema":{"type":"string","format":"uuid"}},{"name":"templateId","in":"path","required":true,"style":"simple","explode":false,"schema":{"type":"string"}}],"requestBody":{"content":{"application/json":{"schema":{"$ref":"#/components/schemas/BrandTemplate"}}}},"responses":{"200":{"description":"Updated a branding template","content":{"application/json":{"schema":{"$ref":"#/components/schemas/BrandTemplate"}}}},"default":{"description":"Default errors","content":{"applications/json":{"schema":{"$ref":"#/components/schemas/ErrorResponse"},"examples":{"400 Bad Request":{"$ref":"#/components/examples/400BadRequest"},"401 Unauthorized":{"$ref":"#/components/examples/401Unauthorized"},"403 Forbidden":{"$ref":"#/components/examples/403Forbidden"},"404 Not Found":{"$ref":"#/components/examples/404NotFound"},"412 Pre Condition":{"$ref":"#/components/examples/412PreCondition"},"415 Bad Content Type":{"$ref":"#/components/examples/415BadContentType"},"500 Server Error":{"$ref":"#/components/examples/500ServerError"}}}}}},"security":[{"api_key":[]}]},"delete":{"tags":["Branding"],"summary":"Delete a template","description":"Delete a branding template by template id","operationId":"Delete a branding template resource","parameters":[{"name":"v-correlation-id","in":"header","description":"Correlation Id","required":false,"style":"simple","explode":false,"schema":{"type":"string","format":"uuid"}},{"name":"templateId","in":"path","required":true,"style":"simple","explode":false,"schema":{"type":"string"}}],"responses":{"200":{"description":"Success","content":{"application/json":{"schema":{"$ref":"#/components/schemas/BrandTemplate"}}}},"default":{"description":"Default errors","content":{"applications/json":{"schema":{"$ref":"#/components/schemas/ErrorResponse"},"examples":{"400 Bad Request":{"$ref":"#/components/examples/400BadRequest"},"401 Unauthorized":{"$ref":"#/components/examples/401Unauthorized"},"403 Forbidden":{"$ref":"#/components/examples/403Forbidden"},"404 Not Found":{"$ref":"#/components/examples/404NotFound"},"412 Pre Condition":{"$ref":"#/components/examples/412PreCondition"},"415 Bad Content Type":{"$ref":"#/components/examples/415BadContentType"},"500 Server Error":{"$ref":"#/components/examples/500ServerError"}}}}}},"security":[{"api_key":[]}]}}},"components":{"schemas":{"BrandTemplate":{"required":["fontType","headerLogo","headerLogoFileType"],"type":"object","properties":{"templateId":{"type":"string","format":"uuid","readOnly":true},"templateName":{"maxLength":128,"type":"string","description":"Name of the brand template.","example":"My Partner template"},"fontType":{"type":"string","description":"Type of font to be used in this template","example":"CALIBRI","enum":["CALIBRI","ARIAL"]},"websiteUrl":{"maxLength":128,"type":"string","description":"Field to hold the websiteURL","example":"https://www.partnerOrmerchantsite.com"},"tcLink":{"maxLength":128,"type":"string","description":"Field to hold the terms and conditions link","example":"https://www.termsandconditions.com"},"privacyLink":{"maxLength":128,"type":"string","description":"Field to hold the privacy link","example":"https://www.privacylink.com"},"headerLogo":{"type":"string","format":"byte"},"headerLogoFileType":{"type":"string","description":"File type","example":"PNG","enum":["PNG","TIFF","JPEG"]},"footerLogo":{"type":"string","format":"byte"},"footerLogoFileType":{"type":"string","description":"File type","example":"JPEG","enum":["PNG","TIFF","JPEG"]},"footerLegalLanguage":{"maxLength":5000,"type":"string","description":"Field to hold the footer message"},"emailLogo":{"type":"string","format":"byte"},"emailLogoFileType":{"type":"string","description":"File type","example":"TIFF","enum":["PNG","TIFF","JPEG"]},"servicePhoneNumber":{"type":"integer","description":"Contact Number to be displayed as part of branding","example":1234567890},"createdBy":{"maxLength":20,"type":"string","description":"User, who created the template","example":"A123456"},"updatedBy":{"maxLength":20,"type":"string","description":"User, who updated the template","example":"A123456"},"effectiveDate":{"type":"string","description":"Using ISO 8601 'yyyy-mm-dd'","format":"date","example":"2021-08-24"},"createdDate":{"type":"string","description":"Using ISO 8601 'yyyy-mm-dd'","format":"date","readOnly":true,"example":"2021-07-24"},"updatedDate":{"type":"string","description":"Using ISO 8601 'yyyy-mm-dd'","format":"date","readOnly":true,"example":"2021-07-24"},"status":{"type":"string","description":"Status of the template, if not sent, default is ACTIVE","example":"ACTIVE","enum":["ACTIVE","INACTIVE"]}}},"BackgroundScheme":{"required":["primaryColor","schemeType"],"type":"object","properties":{"schemeType":{"type":"string","description":"Background color","example":"DARK","enum":["DARK","LITE"]},"primaryColor":{"maxLength":9,"type":"string","description":"Hexadecimal color code for primary color to be used in the chosed background","example":"#002174"},"secondaryColor":{"maxLength":9,"type":"string","description":"Hexadecimal color code for seconday color to be used in the chosed background","example":"#002174"},"fontColor":{"maxLength":9,"type":"string","description":"Hexadecimal color code for font color to be used in the chosed background","example":"#002176"}}},"BrandsTemplates":{"$ref":"#/components/schemas/BrandTemplate"},"ErrorResponse":{"type":"object","properties":{"errors":{"type":"array","items":{"$ref":"#/components/schemas/Error"}}}},"Error":{"type":"object","properties":{"errorCode":{"type":"string"},"errorMessage":{"type":"string"},"target":{"type":"string"}}}},"responses":{"default":{"description":"Default errors","content":{"applications/json":{"schema":{"$ref":"#/components/schemas/ErrorResponse"},"examples":{"400 Bad Request":{"$ref":"#/components/examples/400BadRequest"},"401 Unauthorized":{"$ref":"#/components/examples/401Unauthorized"},"403 Forbidden":{"$ref":"#/components/examples/403Forbidden"},"404 Not Found":{"$ref":"#/components/examples/404NotFound"},"412 Pre Condition":{"$ref":"#/components/examples/412PreCondition"},"415 Bad Content Type":{"$ref":"#/components/examples/415BadContentType"},"500 Server Error":{"$ref":"#/components/examples/500ServerError"}}}}}},"examples":{"400BadRequest":{"description":"Bad Request","value":{"errors":[{"errorCode":"ERROR_VALIDATION_REQUEST_PARAM","errorMessage":"No entries found with provided Id.","target":"exampleTarget"}]}},"401Unauthorized":{"value":{"errors":[{"errorCode":"ERROR_AUTHORIZATION_SAML","errorMessage":"Invalid API key. Please ensure the key is accurate and authorization is included.","target":"exampleTarget"}]}},"403Forbidden":{"value":{"errors":[{"errorCode":"ERROR_AUTHORIZATION_SAML","errorMessage":"Invalid Authorization header. Please ensure the license token is valid and properly formatted.","target":"exampleTarget"}]}},"404NotFound":{"value":{"errors":[{"errorCode":"ERROR_NOT_FOUND","errorMessage":"Error message here.","target":"exampleTarget"}]}},"412PreCondition":{"value":{"errors":[{"errorCode":"JSONMappingException","errorMessage":"JSONMappingException: Cannot deserialize.","target":"exampleTarget"}]}},"415BadContentType":{"value":{"errors":[{"errorMessage":"text/xml is not supported.","target":"exampleTarget"}]}},"500ServerError":{"value":{"errors":[{"errorCode":"ERROR_SYSTEM_ERROR","errorMessage":"Internal Client Error","target":"exampleTarget"}]}}},"securitySchemes":{"api_key":{"type":"apiKey","description":"License format is WORLDPAY license=\"xxxx\"\n","name":"Authorization","in":"header"}}}}