{"openapi":"3.0.0","info":{"title":"Products API","description":"API to add products to merchants","contact":{"email":"EnterpriseAPI@fisglobal.com"},"version":"1.6.0"},"servers":[{"url":"https://ws-cert.vantiv.com/enterprise/products/v1"}],"paths":{"/enrollments":{"get":{"tags":["Products"],"summary":"Get Product enrollments for the merchant","description":"If only merchantID is provided in request, all product enrollments for the merchant will be provided.If merchantID and product code are provided in request, merchant enrollment for the specified product code will be provided.","operationId":"productenrollments","parameters":[{"name":"v-correlation-id","in":"header","description":"Correlation Id","required":false,"style":"simple","explode":false,"schema":{"type":"string","format":"uuid"}},{"name":"merchantId","in":"query","description":"Merchant Identifier","required":true,"style":"form","explode":true,"schema":{"type":"string"}},{"name":"productCode","in":"query","description":"Product Codes. 'AFTPY','DEFRDR','EGIFTY','FISDT','FISRT','FLTSPD','GETUP','OPNPY','REALNT','RTRAK','SGNIFD','TSPND'.","required":false,"style":"form","explode":true,"schema":{"type":"string"}}],"responses":{"200":{"description":"Success","content":{"application/json":{"schema":{"$ref":"#/components/schemas/ProductEnrollmentsResponse"}}}},"204":{"description":"No records found for the given search criteria"},"400":{"description":"Bad Request","content":{"application/json":{"schema":{"$ref":"#/components/schemas/ErrorResponse"},"example":{"error":[{"errorMsg":"Missing required fields in the request","target":"request"}]}}}},"401":{"description":"UnAuthorized","content":{"application/json":{"schema":{"$ref":"#/components/schemas/ErrorResponse"},"example":{"errors":{"errorMsg":"The credential provided failed to authorize","target":"Authorization"}}}}},"403":{"description":"Forbidden","content":{"application/json":{"schema":{"$ref":"#/components/schemas/ErrorResponse"},"example":{"errors":{"errorMsg":"Invalid Authorization header, please ensure the license token is valid and properly formatted.","target":"Authorization"}}}}},"404":{"description":"Not Found","content":{"application/json":{"schema":{"$ref":"#/components/schemas/ErrorResponse"},"example":{"errors":{"errorMsg":"No records found for the requested resource","tagert":"request"}}}}},"500":{"description":"Internal Server Error","content":{"application/json":{"schema":{"$ref":"#/components/schemas/ErrorResponse"},"example":{"error":[{"errorMsg":"A system error has occured.  Please contact support or try your request at a later time","target":"server"}]}}}}},"security":[{"api_key":[]}]},"put":{"tags":["Products"],"summary":"Update Product enrollments for the merchant","description":"This operation should have the ability to close out existing enrollment tier level of a product and Enroll merchant in a new upgraded tier level of specified product.","operationId":"products","parameters":[{"name":"v-correlation-id","in":"header","description":"Correlation Id","required":false,"style":"simple","explode":false,"schema":{"type":"string","format":"uuid"}}],"requestBody":{"content":{"application/json":{"schema":{"$ref":"#/components/schemas/CreateProductEnrollmentRequest"}}}},"responses":{"200":{"description":"Success","content":{"application/json":{"schema":{"$ref":"#/components/schemas/UpdateProductEnrollmentResponse"}}}},"400":{"description":"Bad Request","content":{"application/json":{"schema":{"$ref":"#/components/schemas/ErrorResponse"},"example":{"error":[{"erorMsg":"Entity id not found","target":"entityId"}]}}}},"401":{"description":"UnAuthorized","content":{"application/json":{"schema":{"$ref":"#/components/schemas/ErrorResponse"},"example":{"errors":{"errorMsg":"The credential provided failed to authorize","target":"Authorization"}}}}},"403":{"description":"Forbidden","content":{"application/json":{"schema":{"$ref":"#/components/schemas/ErrorResponse"},"example":{"errors":{"errorMsg":"Invalid Authorization header, please ensure the license token is valid and properly formatted.","target":"Authorization"}}}}},"404":{"description":"Not Found","content":{"application/json":{"schema":{"$ref":"#/components/schemas/ErrorResponse"},"example":{"error":[{"errorMsg":"No records found for the requested resource","tagert":"request"}]}}}},"500":{"description":"Internal Server Error","content":{"application/json":{"schema":{"$ref":"#/components/schemas/ErrorResponse"},"example":{"error":[{"errorMsg":"A system error has occured. Please contact support or try your request at a later time","target":"server"}]}}}}}},"post":{"tags":["Products"],"summary":"Create Product enrollments for the merchant","description":"Insert Operation for enrolling merchant in a product.Assumption merchant is not currently enrolled in the product.","operationId":"Create Product Enrollments","parameters":[{"name":"v-correlation-id","in":"header","description":"Correlation Id","required":false,"style":"simple","explode":false,"schema":{"type":"string","format":"uuid"}}],"requestBody":{"content":{"application/json":{"schema":{"$ref":"#/components/schemas/CreateProductEnrollmentRequest"}}}},"responses":{"201":{"description":"Created","content":{"application/json":{"schema":{"$ref":"#/components/schemas/CreateProductEnrollmentResponse"}}}},"400":{"description":"Bad Request","content":{"application/json":{"schema":{"$ref":"#/components/schemas/ErrorResponse"},"example":{"httpStatusCode":"400","httpStatusMessage":"Bad Request","error":[{"errorMsg":"Invalid Parent Entity Value","target":"parentEntity"}]}}}},"401":{"description":"UnAuthorized","content":{"application/json":{"schema":{"$ref":"#/components/schemas/ErrorResponse"},"example":{"httpStatusCode":"401","httpStatusMessage":"UnAuthorized","errors":{"errorMsg":"The credential provided failed to authorize","target":"Authorization"}}}}},"403":{"description":"Forbidden","content":{"application/json":{"schema":{"$ref":"#/components/schemas/ErrorResponse"},"example":{"httpStatusCode":"403","httpStatusMessage":"Forbidden","errors":{"errorMsg":"Invalid Authorization header, please ensure the license token is valid and properly formatted.","target":"Authorization"}}}}},"404":{"description":"Not Found","content":{"application/json":{"schema":{"$ref":"#/components/schemas/ErrorResponse"},"example":{"httpStatusCode":"404","httpStatusMessage":"Not Found","error":[{"errorMsg":"No records found for the requested resource","target":"request"}]}}}},"500":{"description":"Internal Server Error","content":{"application/json":{"schema":{"$ref":"#/components/schemas/ErrorResponse"},"example":{"httpStatusCode":"500","httpStatusMessage":"Internal Server Error","error":[{"errorMsg":"A system error has occured.  Please contact support or try your request at a later time","target":"server"}]}}}}},"security":[{"api_key":[]}]}},"/enrollments/paymentaccelerator/eligibilitycheck":{"post":{"tags":["Payment Accelerator"],"summary":"Eligibility check for specified merchants in a chain or for all merchants in the chain.","description":"Eligibility check for all merchants in a chain or specific merchants in a chain.","operationId":"PaymentAcceleratorEligibility","parameters":[{"name":"v-correlation-id","in":"header","description":"Correlation Id","required":false,"style":"simple","explode":false,"schema":{"type":"string","format":"uuid"}}],"requestBody":{"content":{"application/json":{"schema":{"$ref":"#/components/schemas/PaymentAcceleratorEligibilityRequest"}}}},"responses":{"200":{"description":"Ok","content":{"application/json":{"schema":{"$ref":"#/components/schemas/PaymentAcceleratorEligibilityResponse"}}}},"400":{"description":"Bad Request","content":{"application/json":{"schema":{"$ref":"#/components/schemas/ErrorResponse"},"example":{"errors":{"errorMsg":"Invalid entityId/entityValue","target":"entityId/entityValue"}}}}},"401":{"description":"UnAuthorized","content":{"application/json":{"schema":{"$ref":"#/components/schemas/ErrorResponse"},"example":{"errors":{"errorMsg":"The credential provided failed to authorize","target":"Authorization"}}}}},"403":{"description":"Forbidden","content":{"application/json":{"schema":{"$ref":"#/components/schemas/ErrorResponse"},"example":{"errors":{"errorMsg":"Invalid Authorization header, please ensure the license token is valid and properly formatted.","target":"Authorization"}}}}},"404":{"description":"Not Found","content":{"application/json":{"schema":{"$ref":"#/components/schemas/ErrorResponse"},"example":{"errors":{"errorMsg":"No records found for the requested resource","target":"request"}}}}},"500":{"description":"Internal Server Error","content":{"application/json":{"schema":{"$ref":"#/components/schemas/ErrorResponse"},"example":{"errors":{"errorMsg":"A system error has occured.  Please contact support or try your request at a later time","target":"server"}}}}}},"security":[{"api_key":[]}]}},"/enrollments/paymentaccelerator":{"put":{"tags":["Payment Accelerator"],"summary":"Update existing merchant payment accelerator enrollment and split percentage.","description":"Update existing merchant payment accelerator enrollment (Opt Out) )and split percentage.","operationId":"UpdatePaymentAcceleratorEnrollment","parameters":[{"name":"v-correlation-id","in":"header","description":"Correlation Id","required":false,"style":"simple","explode":false,"schema":{"type":"string","format":"uuid"}}],"requestBody":{"content":{"application/json":{"schema":{"$ref":"#/components/schemas/PaymentAcceleratorEnrollmentRequest"}}}},"responses":{"200":{"description":"Ok"},"400":{"description":"Bad Request","content":{"application/json":{"schema":{"$ref":"#/components/schemas/ErrorResponse"},"example":{"errors":{"errorMsg":"Invalid entityId/entityValue","target":"entityId/entityValue"}}}}},"401":{"description":"UnAuthorized","content":{"application/json":{"schema":{"$ref":"#/components/schemas/ErrorResponse"},"example":{"errors":{"errorMsg":"The credential provided failed to authorize","target":"Authorization"}}}}},"403":{"description":"Forbidden","content":{"application/json":{"schema":{"$ref":"#/components/schemas/ErrorResponse"},"example":{"errors":{"errorMsg":"Invalid Authorization header, please ensure the license token is valid and properly formatted.","target":"Authorization"}}}}},"404":{"description":"Not Found","content":{"application/json":{"schema":{"$ref":"#/components/schemas/ErrorResponse"},"example":{"errors":{"errorMsg":"No records found for the requested resource","tagert":"request"}}}}},"500":{"description":"Internal Server Error","content":{"application/json":{"schema":{"$ref":"#/components/schemas/ErrorResponse"},"example":{"errors":{"errorMsg":"A system error has occured. Please contact support or try your request at a later time","target":"server"}}}}}},"security":[{"api_key":[]}]},"post":{"tags":["Payment Accelerator"],"summary":"Enrolls existing merchant in Payment Accelerator product","description":"Enroll existing merchant in Payment Accelerator product.","operationId":"PaymentAcceleratorEnrollment","parameters":[{"name":"v-correlation-id","in":"header","description":"Correlation Id","required":false,"style":"simple","explode":false,"schema":{"type":"string","format":"uuid"}}],"requestBody":{"content":{"application/json":{"schema":{"$ref":"#/components/schemas/PaymentAcceleratorEnrollmentRequest"}}}},"responses":{"202":{"description":"Accepted"},"400":{"description":"Bad Request","content":{"application/json":{"schema":{"$ref":"#/components/schemas/ErrorResponse"},"example":{"errors":[{"errorMsg":"Invalid entityId/entityValue","target":"entityId/entityValue"}]}}}},"401":{"description":"UnAuthorized","content":{"application/json":{"schema":{"$ref":"#/components/schemas/ErrorResponse"},"example":{"errors":{"errorMsg":"The credential provided failed to authorize","target":"Authorization"}}}}},"403":{"description":"Forbidden","content":{"application/json":{"schema":{"$ref":"#/components/schemas/ErrorResponse"},"example":{"errors":{"errorMsg":"Invalid Authorization header, please ensure the license token is valid and properly formatted.","target":"Authorization"}}}}},"404":{"description":"Not Found","content":{"application/json":{"schema":{"$ref":"#/components/schemas/ErrorResponse"},"example":{"errors":{"errorMsg":"No records found for the requested resource","tagert":"request"}}}}},"500":{"description":"Internal Server Error","content":{"application/json":{"schema":{"$ref":"#/components/schemas/ErrorResponse"},"example":{"errors":{"errorMsg":"A system error has occured.  Please contact support or try your request at a later time.","target":"server"}}}}}},"security":[{"api_key":[]}]},"delete":{"tags":["Payment Accelerator"],"summary":"OptOut from payment accelerator product","description":"Update existing merchant payment accelerator enrollment (Opt Out) ). Either merchantEntityId or merchanId needs to be passed but not both.","operationId":"Opt-OutPaymentAcceleratorEnrollment","parameters":[{"name":"v-correlation-id","in":"header","description":"Correlation Id","required":false,"style":"simple","explode":false,"schema":{"type":"string","format":"uuid"}},{"name":"merchantEntityId","in":"header","description":"Entity Id of a merchant","required":false,"style":"simple","explode":false,"schema":{"type":"integer"}},{"name":"merchantId","in":"header","description":"Entity Id of a merchant","required":false,"style":"simple","explode":false,"schema":{"type":"string"}}],"responses":{"204":{"description":"No Content"},"400":{"description":"Bad Request","content":{"application/json":{"schema":{"$ref":"#/components/schemas/ErrorResponse"},"example":{"errors":{"errorMsg":"Entity id not found","target":"merchantEntityId"}}}}},"401":{"description":"UnAuthorized","content":{"application/json":{"schema":{"$ref":"#/components/schemas/ErrorResponse"},"example":{"errors":{"errorMsg":"The credential provided failed to authorize","target":"Authorization"}}}}},"403":{"description":"Forbidden","content":{"application/json":{"schema":{"$ref":"#/components/schemas/ErrorResponse"},"example":{"errors":{"errorMsg":"Invalid Authorization header, please ensure the license token is valid and properly formatted.","target":"Authorization"}}}}},"404":{"description":"Not Found","content":{"application/json":{"schema":{"$ref":"#/components/schemas/ErrorResponse"},"example":{"errors":{"errorMsg":"No records found for the requested resource","tagert":"request"}}}}},"500":{"description":"Internal Server Error","content":{"application/json":{"schema":{"$ref":"#/components/schemas/ErrorResponse"},"example":{"errors":{"errorMsg":"A system error has occured. Please contact support or try your request at a later time","target":"server"}}}}}}}},"/leads":{"post":{"tags":["Lead Creation"],"summary":"Create lead for Product enrollment.","description":"Create lead for Product enrollment.","operationId":"GenericProduct","parameters":[{"name":"v-correlation-id","in":"header","description":"Correlation Id","required":false,"style":"simple","explode":false,"schema":{"type":"string","format":"uuid"}}],"requestBody":{"content":{"application/json":{"schema":{"$ref":"#/components/schemas/ProductLeadRequest"},"examples":{"Website - Lead Form":{"value":{"leadSource":"Website - Lead Form","leadSourceOrigin":"FIS Storefront","entityId":7894561235,"partnerId":33567,"contact":{"firstName":"John","lastName":"Doe","phoneNumber":"5139004357","email":"youremail@email.com"},"productName":"Review Trackers","notes":"I would like to enroll for Review Trackers Product"}},"Website - Self-Serve Sale":{"value":{"leadSource":"Website - Self-Serve Sale","leadSourceOrigin":"FIS Storefront","entityId":7894561235,"partnerId":33567,"contact":{"firstName":"John","lastName":"Doe","phoneNumber":"5139004357","email":"youremail@email.com"},"productName":"Review Trackers","notes":"I would like to enroll for Review Trackers Product","billing":{"orderId":"98556","unitPrice":14.95,"unitType":"Location","billingFrequency":"Monthly","numberOfUnits":10,"totalOrderAmount":140.95}}},"Referral - Partner":{"value":{"leadSource":"Referral - Partner","leadSourceOrigin":"Launchpad","entityId":7894561235,"partnerId":33567,"contact":{"firstName":"John","lastName":"Doe","phoneNumber":"5139004357","email":"youremail@email.com"},"productName":"Gift","notes":"I would like to enroll for Gift Product"}},"Referral - Bank":{"value":{"leadSource":"Referral - Bank","leadSourceOrigin":"Launchpad","entityId":7894561235,"partnerId":33567,"contact":{"firstName":"John","lastName":"Doe","phoneNumber":"5139004357","email":"youremail@email.com"},"productName":"Review Trackers","notes":"I would like to enroll for Review Trackers Product"}}}}}},"responses":{"201":{"description":"Created","content":{"application/json":{"schema":{"$ref":"#/components/schemas/ProductLeadResponse"}}}},"default":{"description":"Default errors","content":{"applications/json":{"schema":{"$ref":"#/components/schemas/ErrorResponse"},"examples":{"400 Bad Request":{"$ref":"#/components/examples/400BadRequest"},"401 Unauthorized":{"$ref":"#/components/examples/401Unauthorized"},"403 Forbidden":{"$ref":"#/components/examples/403Forbidden"},"404 Not Found":{"$ref":"#/components/examples/404NotFound"},"412 Pre Condition":{"$ref":"#/components/examples/412PreCondition"},"415 Bad Content Type":{"$ref":"#/components/examples/415BadContentType"},"500 Server Error":{"$ref":"#/components/examples/500ServerError"}}}}}},"security":[{"api_key":[]}]}},"/enrollments/saferpayments":{"get":{"tags":["Safer Payments"],"summary":"Gets a Safer Payments program by chain id","description":"This resource can be used to retrieve program Safer Payments program  of a chain.","operationId":"getSafePayments","parameters":[{"name":"v-correlation-id","in":"header","description":"Correlation Id","required":false,"style":"simple","explode":false,"schema":{"type":"string","format":"uuid"}},{"name":"chainEntityId","in":"header","description":"Entity id for the chain","required":false,"style":"simple","explode":false,"schema":{"type":"integer"}},{"name":"chainCode","in":"header","description":"Entity value (local entity) for the chain","required":false,"style":"simple","explode":false,"schema":{"type":"string"}}],"responses":{"200":{"description":"OK","headers":{"v-correlation-id":{"$ref":"#/components/headers/CorrelationId"}},"content":{"application/json":{"schema":{"$ref":"#/components/schemas/GetSaferPaymentsEnrollmentResponse"}}}},"400":{"description":"Bad Request","content":{"application/json":{"schema":{"$ref":"#/components/schemas/ErrorResponse"},"example":{"error":[{"errorMsg":"Missing required fields in the request","target":"request"}]}}}},"401":{"description":"UnAuthorized","content":{"application/json":{"schema":{"$ref":"#/components/schemas/ErrorResponse"},"example":{"errors":{"errorMsg":"The credential provided failed to authorize","target":"Authorization"}}}}},"403":{"description":"Forbidden","content":{"application/json":{"schema":{"$ref":"#/components/schemas/ErrorResponse"},"example":{"errors":{"errorMsg":"Invalid Authorization header, please ensure the license token is valid and properly formatted.","target":"Authorization"}}}}},"404":{"description":"Not Found","content":{"application/json":{"schema":{"$ref":"#/components/schemas/ErrorResponse"},"example":{"errors":{"errorMsg":"No records found for the requested resource","tagert":"request"}}}}},"500":{"description":"Internal Server Error","content":{"application/json":{"schema":{"$ref":"#/components/schemas/ErrorResponse"},"example":{"error":[{"errorMsg":"A system error has occured.  Please contact support or try your request at a later time","target":"server"}]}}}}},"security":[{"api_key":[]}]},"put":{"tags":["Safer Payments"],"summary":"Update existing chain safer payment enrollment.","description":"Update existing chain safer payment enrollment","operationId":"UpdateSaferPaymentEnrollment","parameters":[{"name":"v-correlation-id","in":"header","description":"Correlation Id","required":false,"style":"simple","explode":false,"schema":{"type":"string","format":"uuid"}}],"requestBody":{"content":{"application/json":{"schema":{"$ref":"#/components/schemas/SaferPaymentsEnrollmentRequest"}}}},"responses":{"200":{"description":"Ok"},"400":{"description":"Bad Request","content":{"application/json":{"schema":{"$ref":"#/components/schemas/ErrorResponse"},"example":{"errors":{"errorMsg":"Invalid entityId/entityValue","target":"entityId/entityValue"}}}}},"401":{"description":"UnAuthorized","content":{"application/json":{"schema":{"$ref":"#/components/schemas/ErrorResponse"},"example":{"errors":{"errorMsg":"The credential provided failed to authorize","target":"Authorization"}}}}},"403":{"description":"Forbidden","content":{"application/json":{"schema":{"$ref":"#/components/schemas/ErrorResponse"},"example":{"errors":{"errorMsg":"Invalid Authorization header, please ensure the license token is valid and properly formatted.","target":"Authorization"}}}}},"404":{"description":"Not Found","content":{"application/json":{"schema":{"$ref":"#/components/schemas/ErrorResponse"},"example":{"errors":{"errorMsg":"No records found for the requested resource","tagert":"request"}}}}},"500":{"description":"Internal Server Error","content":{"application/json":{"schema":{"$ref":"#/components/schemas/ErrorResponse"},"example":{"errors":{"errorMsg":"A system error has occured. Please contact support or try your request at a later time","target":"server"}}}}}},"security":[{"api_key":[]}]},"post":{"tags":["Safer Payments"],"summary":"Create Safer Payments Product enrollments for the chain","description":"Insert Operation for enrolling chain in a safer payments product.","operationId":"SaferPaymentsEnrollment","parameters":[{"name":"v-correlation-id","in":"header","description":"Correlation Id","required":false,"style":"simple","explode":false,"schema":{"type":"string","format":"uuid"}}],"requestBody":{"content":{"application/json":{"schema":{"$ref":"#/components/schemas/SaferPaymentsEnrollmentRequest"}}}},"responses":{"202":{"description":"Accepted"},"400":{"description":"Bad Request","content":{"application/json":{"schema":{"$ref":"#/components/schemas/ErrorResponse"},"example":{"errors":[{"errorMsg":"Invalid entityId/entityValue","target":"entityId/entityValue"}]}}}},"401":{"description":"UnAuthorized","content":{"application/json":{"schema":{"$ref":"#/components/schemas/ErrorResponse"},"example":{"errors":{"errorMsg":"The credential provided failed to authorize","target":"Authorization"}}}}},"403":{"description":"Forbidden","content":{"application/json":{"schema":{"$ref":"#/components/schemas/ErrorResponse"},"example":{"errors":{"errorMsg":"Invalid Authorization header, please ensure the license token is valid and properly formatted.","target":"Authorization"}}}}},"404":{"description":"Not Found","content":{"application/json":{"schema":{"$ref":"#/components/schemas/ErrorResponse"},"example":{"errors":{"errorMsg":"No records found for the requested resource","tagert":"request"}}}}},"500":{"description":"Internal Server Error","content":{"application/json":{"schema":{"$ref":"#/components/schemas/ErrorResponse"},"example":{"errors":{"errorMsg":"A system error has occured.  Please contact support or try your request at a later time.","target":"server"}}}}}},"security":[{"api_key":[]}]},"delete":{"tags":["Safer Payments"],"summary":"OptOut from safer payments product","description":"Update existing chain safer payments enrollment (Opt Out) ). Either chainEntityId or chainCode needs to be passed but not both.","operationId":"Opt-OutSaferPaymentsEnrollment","parameters":[{"name":"v-correlation-id","in":"header","description":"Correlation Id","required":false,"style":"simple","explode":false,"schema":{"type":"string","format":"uuid"}},{"name":"chainEntityId","in":"header","description":"Entity id for the chain","required":false,"style":"simple","explode":false,"schema":{"type":"integer"}},{"name":"chainCode","in":"header","description":"Entity value (local entity) for the chain","required":false,"style":"simple","explode":false,"schema":{"type":"string"}}],"responses":{"204":{"description":"No Content"},"400":{"description":"Bad Request","content":{"application/json":{"schema":{"$ref":"#/components/schemas/ErrorResponse"},"example":{"errors":{"errorMsg":"Entity id not found","target":"chainEntityId"}}}}},"401":{"description":"UnAuthorized","content":{"application/json":{"schema":{"$ref":"#/components/schemas/ErrorResponse"},"example":{"errors":{"errorMsg":"The credential provided failed to authorize","target":"Authorization"}}}}},"403":{"description":"Forbidden","content":{"application/json":{"schema":{"$ref":"#/components/schemas/ErrorResponse"},"example":{"errors":{"errorMsg":"Invalid Authorization header, please ensure the license token is valid and properly formatted.","target":"Authorization"}}}}},"404":{"description":"Not Found","content":{"application/json":{"schema":{"$ref":"#/components/schemas/ErrorResponse"},"example":{"errors":{"errorMsg":"No records found for the requested resource","tagert":"request"}}}}},"500":{"description":"Internal Server Error","content":{"application/json":{"schema":{"$ref":"#/components/schemas/ErrorResponse"},"example":{"errors":{"errorMsg":"A system error has occured. Please contact support or try your request at a later time","target":"server"}}}}}}}},"/enrollments/everydayfunding/eligibilitycheck":{"post":{"tags":["Everyday Funding"],"summary":"EveryDay Funding payments eligibility check for enrolling merchants in the product.","description":"Post opeartion for getting EveryDayFunding eligibility and status.","operationId":"EveryDayFundingEligibility","parameters":[{"name":"v-correlation-id","in":"header","description":"Correlation Id","required":false,"style":"simple","explode":false,"schema":{"type":"string","format":"uuid"}}],"requestBody":{"content":{"application/json":{"schema":{"$ref":"#/components/schemas/EveryDayFundingEligibilityRequest"}}}},"responses":{"200":{"description":"Ok","content":{"application/json":{"schema":{"$ref":"#/components/schemas/EveryDayFundingEligibilityResponse"}}}},"400":{"description":"Bad Request","content":{"application/json":{"schema":{"$ref":"#/components/schemas/ErrorResponse"},"example":{"errors":{"errorMsg":"Invalid entityId/entityValue","target":"entityId/entityValue"}}}}},"401":{"description":"UnAuthorized","content":{"application/json":{"schema":{"$ref":"#/components/schemas/ErrorResponse"},"example":{"errors":{"errorMsg":"The credential provided failed to authorize","target":"Authorization"}}}}},"403":{"description":"Forbidden","content":{"application/json":{"schema":{"$ref":"#/components/schemas/ErrorResponse"},"example":{"errors":{"errorMsg":"Invalid Authorization header, please ensure the license token is valid and properly formatted.","target":"Authorization"}}}}},"404":{"description":"Not Found","content":{"application/json":{"schema":{"$ref":"#/components/schemas/ErrorResponse"},"example":{"errors":{"errorMsg":"No records found for the requested resource","target":"request"}}}}},"500":{"description":"Internal Server Error","content":{"application/json":{"schema":{"$ref":"#/components/schemas/ErrorResponse"},"example":{"errors":{"errorMsg":"A system error has occured.  Please contact support or try your request at a later time","target":"server"}}}}}},"security":[{"api_key":[]}]}},"/enrollments/everydayfunding":{"post":{"tags":["Everyday Funding"],"summary":"Create EveryDay Funding Product enrollment for merchant","description":"Insert Operation for enrolling in EveryDayFunding Payments.","operationId":"EveryDayFundingEnrollment","parameters":[{"name":"v-correlation-id","in":"header","description":"Correlation Id","required":false,"style":"simple","explode":false,"schema":{"type":"string","format":"uuid"}}],"requestBody":{"content":{"application/json":{"schema":{"$ref":"#/components/schemas/EveryDayFundingEnrollmentRequest"}}}},"responses":{"201":{"description":"Created"},"400":{"description":"Bad Request","content":{"application/json":{"schema":{"$ref":"#/components/schemas/ErrorResponse"},"example":{"errors":[{"errorMsg":"merchantEntityId/merchantId","target":"merchantEntityId/merchantId"}]}}}},"401":{"description":"UnAuthorized","content":{"application/json":{"schema":{"$ref":"#/components/schemas/ErrorResponse"},"example":{"errors":{"errorMsg":"The credential provided failed to authorize","target":"Authorization"}}}}},"403":{"description":"Forbidden","content":{"application/json":{"schema":{"$ref":"#/components/schemas/ErrorResponse"},"example":{"errors":{"errorMsg":"Invalid Authorization header, please ensure the license token is valid and properly formatted.","target":"Authorization"}}}}},"404":{"description":"Not Found","content":{"application/json":{"schema":{"$ref":"#/components/schemas/ErrorResponse"},"example":{"errors":{"errorMsg":"No records found for the requested resource","tagert":"request"}}}}},"500":{"description":"Internal Server Error","content":{"application/json":{"schema":{"$ref":"#/components/schemas/ErrorResponse"},"example":{"errors":{"errorMsg":"A system error has occured.  Please contact support or try your request at a later time.","target":"server"}}}}}},"security":[{"api_key":[]}]},"delete":{"tags":["Everyday Funding"],"summary":"OptOut from EveryDay Funding product","description":"Update existing EveryDayFunding enrollment (Opt Out) ). Either MerchantEntityId or MerchantId needs to be passed but not both.","operationId":"Opt-OutEveryDayFundingEnrollment","parameters":[{"name":"v-correlation-id","in":"header","description":"Correlation Id","required":false,"style":"simple","explode":false,"schema":{"type":"string","format":"uuid"}},{"name":"merchantEntityId","in":"header","description":"Merchant entity identifier","required":false,"style":"simple","explode":false,"schema":{"type":"integer"}},{"name":"merchantId","in":"header","description":"Entity value (local entity)","required":false,"style":"simple","explode":false,"schema":{"type":"string"}}],"responses":{"204":{"description":"No Content"},"400":{"description":"Bad Request","content":{"application/json":{"schema":{"$ref":"#/components/schemas/ErrorResponse"},"example":{"errors":{"errorMsg":"Entity id/Entity Value not found","target":"Request"}}}}},"401":{"description":"UnAuthorized","content":{"application/json":{"schema":{"$ref":"#/components/schemas/ErrorResponse"},"example":{"errors":{"errorMsg":"The credential provided failed to authorize","target":"Authorization"}}}}},"403":{"description":"Forbidden","content":{"application/json":{"schema":{"$ref":"#/components/schemas/ErrorResponse"},"example":{"errors":{"errorMsg":"Invalid Authorization header, please ensure the license token is valid and properly formatted.","target":"Authorization"}}}}},"404":{"description":"Not Found","content":{"application/json":{"schema":{"$ref":"#/components/schemas/ErrorResponse"},"example":{"errors":{"errorMsg":"No records found for the requested resource","tagert":"request"}}}}},"500":{"description":"Internal Server Error","content":{"application/json":{"schema":{"$ref":"#/components/schemas/ErrorResponse"},"example":{"errors":{"errorMsg":"A system error has occured. Please contact support or try your request at a later time","target":"server"}}}}}},"security":[{"api_key":[]}]}}},"components":{"schemas":{"ProductLeadRequest":{"required":["contact","entityId","leadSource","merchantContact","productName"],"type":"object","properties":{"leadSource":{"type":"string","example":"Website - Lead Form","enum":["Website - Lead Form","Website - Self-Serve Sale","Referral - Partner","Referral - Bank"]},"leadSourceOrigin":{"type":"string","description":"Default value shall be 'FIS Storefront' if not received in the input.","example":"FIS Storefront","enum":["FIS Storefront","Launchpad"]},"entityId":{"type":"integer","example":123964336},"partnerId":{"type":"integer","example":33567},"productName":{"maxLength":40,"type":"string","example":"Review Trackers"},"notes":{"maxLength":500,"type":"string","example":"Would like to enroll for Review Trackers Product"},"contact":{"type":"object","allOf":[{"$ref":"#/components/schemas/Contact"}]},"billing":{"type":"object","allOf":[{"$ref":"#/components/schemas/Billing"}]}}},"Contact":{"required":["companyName","email","firstName","lastName","phoneNumber"],"type":"object","properties":{"firstName":{"maxLength":40,"type":"string"},"lastName":{"maxLength":40,"type":"string"},"phoneNumber":{"maxLength":10,"type":"string"},"email":{"maxLength":64,"type":"string"}}},"Billing":{"required":["billingFrequency","numberOfUnits","orderId","totalOrderAmount","unitPrice","unitType"],"type":"object","properties":{"orderId":{"maxLength":32,"type":"string","example":"98556"},"unitPrice":{"type":"number","example":14.95},"unitType":{"maxLength":20,"type":"string","example":"Location"},"billingFrequency":{"maxLength":20,"type":"string","example":"Monthly"},"numberOfUnits":{"type":"integer","example":10},"totalOrderAmount":{"type":"number","example":140.95}}},"ProductLeadResponse":{"required":["entityId"],"type":"object","properties":{"leadId":{"type":"string","description":"Lead Id generated for product enrollment","example":"A02567576"}}},"FirstName":{"maxLength":40,"minLength":1,"pattern":"^[a-zA-Z0-9 \\p{P}\\p{S}]+$","type":"string","description":"First name.","example":"John"},"LastName":{"maxLength":40,"minLength":1,"pattern":"^[a-zA-Z0-9 \\p{P}\\p{S}]+$","type":"string","description":"Last name.","example":"Doe"},"PhoneNumber":{"pattern":"^[0-9]{10}$","type":"string","description":"10-digit phone number of the format  5131234567.","example":"5139004357"},"Email":{"maxLength":64,"pattern":"(\\\\b[A-Za-z0-9._%+-]+@(?:[A-Za-z0-9-]+\\\\.)+[A-Za-z0-9]{2,}\\\\b{0,64})","type":"string","description":"Email address of the contact. Must have @ and a .","example":"youremail@email.com"},"ChainDetails":{"properties":{"chainEntityId":{"type":"integer","description":"Entity id for the chain.","example":7781234},"chainId":{"type":"string","description":"Entity value (local entity) for the chain.","example":"001B34"}}},"PaymentAcceleratorEligibilityRequest":{"properties":{"chainInfo":{"type":"object","description":"Pass chain entityId or chainCode to retreieve details for all the merchants in the specified chain. Either entityId or chainCode can be passed but not both.","allOf":[{"$ref":"#/components/schemas/ChainDetails"}]},"merchantIds":{"minItems":1,"type":"array","description":"Comma delimited list of merchants identifiers (MIDS)","items":{"type":"string","example":"6112111000001, 6112111000006"}}},"description":"Request eligibility check for all merchants in a chain or specified list of merchants. Either chain information can be passed or merchant id's but not both"},"PaymentAcceleratorEligibilityResponse":{"required":["merchantList"],"type":"object","properties":{"chainInfo":{"type":"object","description":"Pass chain entityId or chainCode to retreieve details for all the merchants in the specified chain. Either entityId or chainCode can be passed but not both.","allOf":[{"$ref":"#/components/schemas/ChainDetails"}]},"merchantList":{"type":"array","items":{"allOf":[{"$ref":"#/components/schemas/MerchantList"}]}}},"description":"Merchant list can be specified for a chain. If only chain is passed, then a list of all merchants in the chain will be returned. If a merchants list is included with the chain, then information only for the specific merchants will be returned. Response includes Payment Accelerator or Fast Access Funding enrollment status for merchants. Merchant can be enrolled in either Payment Accelerator or Fast Access Funding products but not both. In database Payment Accelerator and Fast Access Fund products share the same status field."},"ProductEnrollmentsResponse":{"type":"object","properties":{"merchantEntityId":{"type":"integer","example":710202010},"merchantId":{"type":"string","example":"44445555666688"},"products":{"type":"array","items":{"allOf":[{"$ref":"#/components/schemas/ProductEnrollmentsResponse_productEnrollmentDetails"}]}}},"description":"Response for all Product Enrollments or a specific Product for a merchant"},"UpdateProductEnrollmentRequest":{"type":"object","properties":{"entityHierarchy":{"$ref":"#/components/schemas/ProductEnrollmentsResponse_entityHierarchy"},"product":{"$ref":"#/components/schemas/UpdateProductEnrollmentRequest_productEnrollmentDetails"}},"description":"Request for either updating an existing Product Enrollment for a Merchant or close one."},"CreateProductEnrollmentRequest":{"type":"object","properties":{"merchantEntityId":{"type":"integer","description":"Entity id of a merchant","example":710201020},"merchantId":{"type":"string","description":"MID of a merchant","example":"44445555666688"},"product":{"$ref":"#/components/schemas/UpdateProductEnrollmentRequest_productEnrollmentDetails"}},"description":"Request for either updating an existing Product Enrollment for a Merchant or close one."},"TierCodeAndDescription":{"type":"object","properties":{"code":{"maxLength":20,"type":"string","description":"Tier Level Value","example":"1"},"shortDescription":{"maxLength":15,"type":"string","description":"short description associated with the object","example":"Lite"},"longDescription":{"maxLength":255,"type":"string","description":"description associated with the object","example":"TruSpend Shopper Analytics-Lite"}}},"ParentEntity":{"type":"object","properties":{"entityType":{"type":"string","description":"CH- for Chain","example":"CH"},"entityValue":{"maxLength":6,"type":"string","description":"Chain Identifier","example":"0H9124"}}},"ChildEntity":{"type":"object","properties":{"entityType":{"type":"string","description":"MT- for Merchant","example":"MT"},"entityId":{"maxLength":14,"type":"integer","description":"Merchant Entity identifier from entity table","example":1922546768},"entityValue":{"maxLength":16,"type":"string","description":"Merchant Identifier","example":"123456789987654"}}},"UpdateProductEnrollmentResponse":{"example":{"httpStatusCode":200,"httpStatusMessage":"Merchant Product Details updated"},"allOf":[{"$ref":"#/components/schemas/SuccessResponse"}]},"CreateProductEnrollmentResponse":{"example":{"httpStatusCode":200,"httpStatusMessage":"Merchant Product is enrolled successfully"},"allOf":[{"$ref":"#/components/schemas/SuccessResponse"}]},"PaymentAcceleratorEnrollmentRequest":{"required":["merchantInfo","paymentAcceleratorInfo","splitPercentageToBankAccount"],"type":"object","properties":{"merchantEntityId":{"type":"integer","description":"Entity Id of a merchant","example":710101010},"merchantId":{"type":"string","description":"This is the MID of a merchant","example":"44445555666699"},"splitPercentageToBankAccount":{"maximum":95,"minimum":0,"maxLength":4,"type":"number","description":"Settlement split percentage to ACH account, remaining balance will go to FIS Prepay card.","example":2E+1}},"description":"Request for either enrolling a merchant to payment accelerator or updating the split percentage to bank account. Either merchantEntityId or merchantId needs to be passed but not both."},"GetPaymentAcceleratorResponse":{"required":["merchantList"],"type":"object","properties":{"chainInfo":{"type":"object","description":"If Chain is passed in the request, then chainInfo will be required, otherwise this will be optional. Chain Entity ID and Value will map to a single entity only.","allOf":[{"$ref":"#/components/schemas/ChainInfo"}]},"merchantList":{"type":"array","items":{"allOf":[{"$ref":"#/components/schemas/MerchantList"}]}}},"description":"If Chain is passed in request, displays Payment Accelerator or Fast Access Funding enrollment status for each mercahnt in the chain. Otherwise specfied merchant information is provided. Merchant can be enrolled in either Payment Accelerator or Fast Access Funding products but not both. In database Payment Accelerator and Fast Access Fund products share the same status field."},"CreatePaymentAcceleratorInfo":{"required":["splitPercentageToBankAccount"],"type":"object","properties":{"splitPercentageToBankAccount":{"maximum":95,"minimum":0,"maxLength":2,"type":"integer","description":"Settlement split percentage to ACH account, remaining balance will go to FIS Prepay card.","example":20}}},"GetPaymentAcceleratorInfo":{"required":["paymentAcceleratorEligible"],"type":"object","properties":{"paymentAcceleratorEligible":{"type":"boolean","description":"Indicates if merchant is eligibile for payment accelerator product. ReadOnly value.","example":true},"paymentAcceleratorIndicator":{"maxLength":20,"type":"string","description":"Payment Accelerator enrollment status.","example":"ACTIVE","enum":["ACTIVE","NOT ENROLLED"]},"splitPercentageToBankAccount":{"maximum":95,"minimum":0,"maxLength":4,"type":"number","description":"Settlement split percentage to ACH account, remaining balance to go to FIS Prepay card. Field does not display if merchant is enrolled in Fast Access Funding.","example":2E+1},"fastAccessFunds":{"maxLength":10,"type":"boolean","description":"Fast Access Funding enrollment status in pending or active will return 'true', otherwise 'false'","example":false}}},"UpdatePaymentAcceleratorInfo":{"required":["merchantInfo","paymentAcceleratorInfo"],"type":"object","properties":{"merchantInfo":{"type":"object","description":"Pass merchant entityId or entityValue for enrollment, both entityType and entityValue should map to a single entity only.","allOf":[{"$ref":"#/components/schemas/merchantInfo"}]},"paymentAcceleratorInfo":{"type":"object","allOf":[{"$ref":"#/components/schemas/CreatePaymentAcceleratorInfo"}]}},"description":"Request for merchant enrollment in Payment Accelerator product."},"GetSaferPaymentsEnrollmentResponse":{"required":["chainCode","program"],"type":"object","properties":{"chainEntityId":{"type":"integer","description":"Entity id for the chain","example":7781234},"chainCode":{"type":"string","description":"Entity value (local entity) for the chain.","example":"001B34"},"program":{"type":"string","description":"Safer payments prorgam value.","example":"Basic","enum":["Basic","Mananged"]}},"description":"Safer payments prorgam value"},"SaferPaymentsEnrollmentRequest":{"required":["chainInfo","program"],"type":"object","properties":{"chainEntityId":{"type":"integer","description":"Entity id for the chain","example":7781234},"chainCode":{"type":"string","description":"Entity value (local entity) for the chain","example":"001B34"},"program":{"type":"string","description":"Safer payments prorgam value.","example":"Basic","enum":["Basic","Managed","Old PCI Product"]}},"description":"Request for either enrolling a chain to safer payments. Either chainEntityId or chainCode needs to be passed but not both."},"EveryDayFundingEnrollmentRequest":{"type":"object","properties":{"merchantEntityId":{"type":"integer","description":"Merchant entity identifier","example":710101010},"merchantId":{"type":"string","description":"Merchant Identifier or local entity","example":"44445555666699"}},"description":"Request for enrolling a merchant to EveryDay Funding.Either merchantEntityId or merchantId needs to be passed but not both."},"EveryDayFundingEligibilityResponse":{"required":["merchantList"],"type":"object","properties":{"chainEntityId":{"type":"integer","description":"Entity id for the chain","example":7781234},"chainId":{"type":"string","description":"Entity value (local entity) for the chain","example":"001B34"},"merchants":{"type":"array","items":{"allOf":[{"$ref":"#/components/schemas/EveryDayFundingInfo"}]}}},"description":"Merchant list can be specified for a chain. If only chain is passed, then a list of all merchants in the chain will be returned. If a merchants list is included with the chain, then information only for the specific merchants will be returned. Response includes Payment Accelerator or Fast Access Funding enrollment status for merchants. Merchant can be enrolled in either Payment Accelerator or Fast Access Funding products but not both. In database Payment Accelerator and Fast Access Fund products share the same status field."},"EveryDayFundingInfo":{"required":["EveryDayFundingEligible"],"type":"object","properties":{"merchantEntityId":{"type":"integer","description":"Merchant entity identifier","example":710101010},"merchantId":{"type":"string","description":"Merchant Identifier or local entity","example":"44445555666699"},"everyDayFundingEligible":{"type":"boolean","description":"Indicates if merchant is eligibile for EveryDayFunding product. ReadOnly value.","example":true},"everyDayFundingIndicator":{"maxLength":20,"type":"string","description":"EveryDayFunding enrollment status.","example":"ACTIVE","enum":["ACTIVE","DISABLED","NOT ENROLLED","PENDING"]}}},"EveryDayFundingEligibilityRequest":{"properties":{"chainInfo":{"type":"object","description":"Pass chainEntityId or chainId to retreieve details for all the merchants in the specified chain. Either chainEntityId or chainId can be passed but not both.","allOf":[{"$ref":"#/components/schemas/ChainDetails"}]},"merchantIds":{"minItems":1,"type":"array","description":"Comma delimited list of merchants identifiers (MIDS)","items":{"type":"string","example":"6112111000001, 6112111000006"}}},"description":"Request eligibility check for all merchants in a chain or specified list of merchants. Either chain information can be passed or merchant id's but not both"},"MerchantList":{"required":["merchantInfo","paymentAcceleratorInfo"],"type":"object","properties":{"merchantEntityId":{"type":"integer","example":789789852},"merchantId":{"type":"string","example":"44445555666688"},"paymentAcceleratorInfo":{"allOf":[{"$ref":"#/components/schemas/GetPaymentAcceleratorInfo"}]}}},"ChainInfo":{"required":["entityId","entityValue"],"properties":{"entityId":{"type":"integer","description":"Entity id for the merchant.","example":7781234},"entityValue":{"type":"string","description":"Entity value (local entity) for the chain.","example":"0H9124"}}},"GetMerchantInfo":{"required":["entityId","entityValue"],"properties":{"entityId":{"type":"integer","description":"Entity id for the merchant.","example":7781234},"entityValue":{"type":"string","description":"Entity value (local entity) for the merchant.","example":"4447891111111"}}},"merchantInfo":{"properties":{"entityId":{"type":"integer","description":"Entity id for the merchant.","example":7781234},"entityValue":{"type":"string","description":"Entity value (local entity) for the merchant.","example":"4447891111111"}}},"SuccessResponse":{"type":"object","properties":{"httpStatusCode":{"type":"string","example":"200"},"httpStatusMessage":{"type":"string","example":"OK"}}},"ErrorResponse":{"required":["error"],"type":"object","properties":{"error":{"$ref":"#/components/schemas/ErrorResponse_error"}}},"ProductEnrollmentsResponse_entityHierarchy":{"required":["childEntity","parentEntity"],"type":"object","properties":{"parentEntity":{"type":"object","allOf":[{"$ref":"#/components/schemas/ParentEntity"}]},"childEntity":{"type":"object","allOf":[{"$ref":"#/components/schemas/ChildEntity"}]}}},"ProductEnrollmentsResponse_productEnrollmentDetails":{"required":["billStartDate","productCode","tierChangeDate","tierLevel -code -shortDescription -longDescription"],"type":"object","properties":{"productCode":{"type":"string","example":"TSPND","enum":["AFTPY","DEFRDR","EGIFTY","FISDT","FISRT","FLTSPD","GETUP","OPNPY","REALNT","RTRAK","SGNIFD","TSPND"]},"tierLevel":{"allOf":[{"$ref":"#/components/schemas/TierCodeAndDescription"}]},"tierChangeDate":{"type":"string","description":"Tier changed date","format":"yyyy-MM-dd","example":"2006-08-22"},"optInDate":{"type":"string","description":"Opt in date","format":"yyyy-MM-dd","example":"2006-06-22"},"optOutDate":{"type":"string","description":"Opt out date","format":"yyyy-MM-dd","example":"2006-12-22"},"baseStartDate":{"type":"string","description":"Base start date","format":"yyyy-MM-dd","example":"2006-08-22"},"premiumStartDate":{"type":"string","description":"Base start date","format":"yyyy-MM-dd","example":"2006-08-22"},"billStartDate":{"type":"string","description":"Base start date","format":"yyyy-MM-dd","example":"2006-08-22"}}},"UpdateProductEnrollmentRequest_productEnrollmentDetails":{"required":["billStartDate","productCode","tierChangeDate","tierLevel"],"type":"object","properties":{"productCode":{"type":"string","example":"TSPND","enum":["AFTPY","DEFRDR","EGIFTY","FISDT","FISRT","FLTSPD","GETUP","OPNPY","REALNT","RTRAK","SGNIFD","TSPND"]},"tierLevel":{"type":"number","description":"Number 1 - 9 based on the product code selected.","example":1},"tierChangeDate":{"type":"string","description":"Tier changed date","format":"yyyy-MM-dd","example":"2006-08-22"},"optInDate":{"type":"string","description":"Opt in date","format":"yyyy-MM-dd","example":"2006-06-22"},"optOutDate":{"type":"string","description":"Opt out date","format":"yyyy-MM-dd","example":"2006-12-22"},"baseStartDate":{"type":"string","description":"Base start date","format":"yyyy-MM-dd","example":"2006-08-22"},"premiumStartDate":{"type":"string","description":"Base start date","format":"yyyy-MM-dd","example":"2006-08-22"},"billStartDate":{"type":"string","description":"Base start date","format":"yyyy-MM-dd","example":"2006-08-22"}}},"ErrorResponse_error":{"required":["errorMsg"],"type":"object","properties":{"target":{"type":"string","description":"target"}}}},"examples":{"400BadRequest":{"description":"Bad Request","value":{"errors":[{"errorMessage":"No entries found with provided id.","target":"id"}]}},"401Unauthorized":{"value":{"errors":[{"errorMessage":"Invalid API key. Please ensure the key is accurate and authorization is included.","target":"Authorization"}]}},"403Forbidden":{"value":{"errors":[{"errorMessage":"Invalid Authorization header. Please ensure the license token is valid and properly formatted.","target":"Authorization"}]}},"404NotFound":{"value":{"errors":[{"errorMessage":"Error message here.","target":"Target"}]}},"412PreCondition":{"value":{"errors":[{"errorMessage":"JSONMappingException: Cannot deserialize.","target":"Bad Contract Request"}]}},"415BadContentType":{"value":{"errors":[{"errorMessage":"text/xml is not supported.","target":"Bad Content Type"}]}},"500ServerError":{"value":{"errors":[{"errorMessage":"Internal Client Error","target":"exampleTarget"}]}}},"headers":{"CorrelationId":{"description":"Unique correlation Id.","style":"simple","explode":false,"schema":{"type":"string","format":"uuid"},"example":"3fcb1437-4e52-4946-9ae1-e618351b6d16"}},"securitySchemes":{"api_key":{"type":"apiKey","description":"``` License format is VANTIV license='xxxx'``` \n","name":"Authorization","in":"header"}}}}