{"openapi":"3.0.0","info":{"title":"Launchpad Merchant Boarding API","description":"The Launchpads Merchant Boarding API allows Worldpay Integrated POS solutions partners to onboard merchants to Worldpay's Payments Platform. Please see the Getting Started page for more information. </br> </br> To contact our certifications team, please email <a href=\"mailto:Certification2@fisglobal.com\">Certification2@fisglobal.com</a>.   </br> To contact the product team, please email <a href=\"mailto:APICustomerIntegration@fisglobal.com\">APICustomerIntegration@fisglobal.com</a>. \n","version":"2.3.1"},"servers":[{"url":"https://apis.cert.vantiv.com/merchant-boarding/v2"},{"url":"https://apis.cert.vantiv.com/merchant-boarding/v1"}],"security":[{"api_key":[]}],"tags":[{"name":"Initiate Boarding Application","description":"Resources to create/edit and read pending boarding applications."},{"name":"Choose Equipment","description":"Resources to choose the terminals and POS devices."},{"name":"Choose Additional Services","description":"Resources to enroll and configure additional services"},{"name":"Retrieve Merchant PII Data Collection Link","description":"Resources to retrieve the merchant PII data collection UI link."},{"name":"Submit Application","description":"Resources to validate and submit the final application for boarding."},{"name":"Check Application Status","description":"Resource to check status of the application."},{"name":"Review and Sign Contract","description":"Resources to retrieve the contract and digitally sign."},{"name":"Activation","description":"Resource used to retrieve credentials for activation."}],"paths":{"/applications":{"get":{"tags":["Initiate Boarding Application"],"description":"Retrieves existing application data. PII data is not returned. Please note: The partner is responsible for sending the link to the contact, who will fill in the rest of the application. The link is secured via OTP validation and only stays active for a preconfigured time, which can be adjusted via settings on the partner's profile.","operationId":"FetchApplication","parameters":[{"name":"v-correlation-id","in":"header","description":"Unique transaction Id. Will be generated if not provided and returned in response headers.","required":false,"schema":{"type":"string","format":"uuid"},"example":"3fcb1437-4e52-4946-9ae1-e618351b6d16"},{"name":"externalRefId","in":"header","description":"The externalRefId returned from POST /applications call.","required":true,"schema":{"type":"string","format":"uuid"}}],"responses":{"200":{"description":"Success","headers":{"v-correlation-id":{"$ref":"#/components/headers/VCorrelationId"}},"content":{"application/json":{"schema":{"$ref":"#/components/schemas/ExistingApplication"}}}},"default":{"description":"Default errors","content":{"application/json":{"schema":{"$ref":"#/components/schemas/ErrorResponse"},"examples":{"400 Bad Request":{"$ref":"#/components/examples/400BadRequest"},"401 Unauthorized":{"$ref":"#/components/examples/401Unauthorized"},"403 Forbidden":{"$ref":"#/components/examples/403Forbidden"},"404 Not Found":{"$ref":"#/components/examples/404NotFound"},"412 Pre Condition":{"$ref":"#/components/examples/412PreCondition"},"415 Bad Content Type":{"$ref":"#/components/examples/415BadContentType"},"500 Server Error":{"$ref":"#/components/examples/500ServerError"}}}}}}},"put":{"tags":["Initiate Boarding Application"],"description":"This endpoint allows merchants to update an existing application with new information.","operationId":"ExisitingApplication","parameters":[{"name":"Content-Type","in":"header","required":false,"schema":{"type":"string","default":"application/json"}},{"name":"v-correlation-id","in":"header","description":"Unique transaction Id. Will be generated if not provided and returned in response headers.","required":false,"schema":{"type":"string","format":"uuid"},"example":"3fcb1437-4e52-4946-9ae1-e618351b6d16"}],"requestBody":{"content":{"application/json":{"schema":{"$ref":"#/components/schemas/ExistingApplication_1"}}},"required":true},"responses":{"200":{"description":"Success","headers":{"v-correlation-id":{"$ref":"#/components/headers/VCorrelationId"}}},"default":{"description":"Default errors","content":{"application/json":{"schema":{"$ref":"#/components/schemas/ErrorResponse"},"examples":{"400 Bad Request":{"$ref":"#/components/examples/400BadRequest"},"401 Unauthorized":{"$ref":"#/components/examples/401Unauthorized"},"403 Forbidden":{"$ref":"#/components/examples/403Forbidden"},"404 Not Found":{"$ref":"#/components/examples/404NotFound"},"412 Pre Condition":{"$ref":"#/components/examples/412PreCondition"},"415 Bad Content Type":{"$ref":"#/components/examples/415BadContentType"},"500 Server Error":{"$ref":"#/components/examples/500ServerError"}}}}}}},"post":{"tags":["Initiate Boarding Application"],"description":"Use this endpoint to collect the merchant information needed to initiate a new contract. ","operationId":"NewApplication","parameters":[{"name":"Content-Type","in":"header","required":false,"schema":{"type":"string","default":"application/json"}},{"name":"v-correlation-id","in":"header","description":"Unique transaction Id. Will be generated if not provided and returned in response headers.","required":false,"schema":{"type":"string","format":"uuid"},"example":"3fcb1437-4e52-4946-9ae1-e618351b6d16"}],"requestBody":{"content":{"application/json":{"schema":{"$ref":"#/components/schemas/Application"},"examples":{"Minimum":{"$ref":"#/components/examples/ApplicationPosSolution"},"All Fields":{"$ref":"#/components/examples/ApplicationPosSolutionFull"}}}},"required":true},"responses":{"201":{"description":"Created","headers":{"v-correlation-id":{"$ref":"#/components/headers/VCorrelationId"}},"content":{"application/json":{"schema":{"$ref":"#/components/schemas/ApplicationResponse"}}}},"default":{"description":"Default errors","content":{"application/json":{"schema":{"$ref":"#/components/schemas/ErrorResponse"},"examples":{"400 Bad Request":{"$ref":"#/components/examples/400BadRequest"},"401 Unauthorized":{"$ref":"#/components/examples/401Unauthorized"},"403 Forbidden":{"$ref":"#/components/examples/403Forbidden"},"404 Not Found":{"$ref":"#/components/examples/404NotFound"},"412 Pre Condition":{"$ref":"#/components/examples/412PreCondition"},"415 Bad Content Type":{"$ref":"#/components/examples/415BadContentType"},"500 Server Error":{"$ref":"#/components/examples/500ServerError"}}}}}}}},"/equipment":{"get":{"tags":["Choose Equipment"],"description":"This endpoint allows the partner to get equipment information. This is an optional step, required only if the partner wants to check the equipment selected for a lead. For partners who choose to use this endpoint, we return ID name, type, price, and quantity. Payment method should be PURCHASE/SALE.","operationId":"Get Existing Equipment","parameters":[{"name":"v-correlation-id","in":"header","description":"Unique transaction Id. Will be generated if not provided and returned in response headers.","required":false,"schema":{"type":"string","format":"uuid"},"example":"3fcb1437-4e52-4946-9ae1-e618351b6d16"},{"name":"externalRefId","in":"header","description":"The externalRefId returned from POST /applications call.","required":true,"schema":{"type":"string","format":"uuid"}}],"responses":{"200":{"description":"Success","headers":{"v-correlation-id":{"$ref":"#/components/headers/VCorrelationId"}},"content":{"application/json":{"schema":{"$ref":"#/components/schemas/Equipment"}}}},"default":{"description":"Default errors","content":{"application/json":{"schema":{"$ref":"#/components/schemas/ErrorResponse"},"examples":{"400 Bad Request":{"$ref":"#/components/examples/400BadRequest"},"401 Unauthorized":{"$ref":"#/components/examples/401Unauthorized"},"403 Forbidden":{"$ref":"#/components/examples/403Forbidden"},"404 Not Found":{"$ref":"#/components/examples/404NotFound"},"412 Pre Condition":{"$ref":"#/components/examples/412PreCondition"},"415 Bad Content Type":{"$ref":"#/components/examples/415BadContentType"},"500 Server Error":{"$ref":"#/components/examples/500ServerError"}}}}}}},"put":{"tags":["Choose Equipment"],"description":"This endpoint allows the partner to update equipment information. This is an optional step, required only if the partner chooses to obtain equipment from Worldpay. For partners who choose to use this endpoint, we only expect name, price, and quantity. Payment method should be PURCHASE/SALE.","operationId":"UpdateEquipment","parameters":[{"name":"Content-Type","in":"header","required":false,"schema":{"type":"string","default":"application/json"}},{"name":"v-correlation-id","in":"header","description":"Unique transaction Id. Will be generated if not provided and returned in response headers.","required":false,"schema":{"type":"string","format":"uuid"},"example":"3fcb1437-4e52-4946-9ae1-e618351b6d16"},{"name":"externalRefId","in":"header","description":"The externalRefId returned from POST /applications call.","required":true,"schema":{"type":"string","format":"uuid"}}],"requestBody":{"$ref":"#/components/requestBodies/ChooseEquipment"},"responses":{"200":{"description":"Success","headers":{"v-correlation-id":{"$ref":"#/components/headers/VCorrelationId"}}},"default":{"description":"Default errors","content":{"application/json":{"schema":{"$ref":"#/components/schemas/ErrorResponse"},"examples":{"400 Bad Request":{"$ref":"#/components/examples/400BadRequest"},"401 Unauthorized":{"$ref":"#/components/examples/401Unauthorized"},"403 Forbidden":{"$ref":"#/components/examples/403Forbidden"},"404 Not Found":{"$ref":"#/components/examples/404NotFound"},"412 Pre Condition":{"$ref":"#/components/examples/412PreCondition"},"415 Bad Content Type":{"$ref":"#/components/examples/415BadContentType"},"500 Server Error":{"$ref":"#/components/examples/500ServerError"}}}}}}},"post":{"tags":["Choose Equipment"],"description":"This endpoint allows the partner to collect equipment information. This is an optional step, required only if the partner chooses to obtain equipment from Worldpay. For partners who choose to use this endpoint, we only expect name, price, and quantity. Payment method should be PURCHASE/SALE.","operationId":"ChooseEquipment","parameters":[{"name":"Content-Type","in":"header","required":false,"schema":{"type":"string","default":"application/json"}},{"name":"v-correlation-id","in":"header","description":"Unique transaction Id. Will be generated if not provided and returned in response headers.","required":false,"schema":{"type":"string","format":"uuid"},"example":"3fcb1437-4e52-4946-9ae1-e618351b6d16"},{"name":"externalRefId","in":"header","description":"The externalRefId returned from POST /applications call.","required":true,"schema":{"type":"string","format":"uuid"}}],"requestBody":{"$ref":"#/components/requestBodies/ChooseEquipment"},"responses":{"200":{"description":"Success","headers":{"v-correlation-id":{"$ref":"#/components/headers/VCorrelationId"}}},"default":{"description":"Default errors","content":{"application/json":{"schema":{"$ref":"#/components/schemas/ErrorResponse"},"examples":{"400 Bad Request":{"$ref":"#/components/examples/400BadRequest"},"401 Unauthorized":{"$ref":"#/components/examples/401Unauthorized"},"403 Forbidden":{"$ref":"#/components/examples/403Forbidden"},"404 Not Found":{"$ref":"#/components/examples/404NotFound"},"412 Pre Condition":{"$ref":"#/components/examples/412PreCondition"},"415 Bad Content Type":{"$ref":"#/components/examples/415BadContentType"},"500 Server Error":{"$ref":"#/components/examples/500ServerError"}}}}}}}},"/other-services/enrollment":{"get":{"tags":["Choose Additional Services"],"description":"Returns a list of value added services the partner is using via the externalRefId.","operationId":"GetVAS","parameters":[{"name":"v-correlation-id","in":"header","description":"Unique transaction Id. Will be generated if not provided and returned in response headers.","required":false,"schema":{"type":"string","format":"uuid"},"example":"3fcb1437-4e52-4946-9ae1-e618351b6d16"},{"name":"externalRefId","in":"header","description":"The externalRefId returned from POST /applications call.","required":true,"schema":{"type":"string","format":"uuid"}}],"responses":{"200":{"description":"Success","headers":{"v-correlation-id":{"$ref":"#/components/headers/VCorrelationId"}},"content":{"application/json":{"schema":{"$ref":"#/components/schemas/ValueAddedServices"}}}},"default":{"description":"Default errors","content":{"application/json":{"schema":{"$ref":"#/components/schemas/ErrorResponse"},"examples":{"400 Bad Request":{"$ref":"#/components/examples/400BadRequest"},"401 Unauthorized":{"$ref":"#/components/examples/401Unauthorized"},"403 Forbidden":{"$ref":"#/components/examples/403Forbidden"},"404 Not Found":{"$ref":"#/components/examples/404NotFound"},"412 Pre Condition":{"$ref":"#/components/examples/412PreCondition"},"415 Bad Content Type":{"$ref":"#/components/examples/415BadContentType"},"500 Server Error":{"$ref":"#/components/examples/500ServerError"}}}}}}},"put":{"tags":["Choose Additional Services"],"description":"Updates the value added services in which a partner is enrolled.","operationId":"UpdateVAS","parameters":[{"name":"Content-Type","in":"header","required":false,"schema":{"type":"string","default":"application/json"}},{"name":"v-correlation-id","in":"header","description":"Unique transaction Id. Will be generated if not provided and returned in response headers.","required":false,"schema":{"type":"string","format":"uuid"},"example":"3fcb1437-4e52-4946-9ae1-e618351b6d16"},{"name":"externalRefId","in":"header","description":"The externalRefId returned from POST /applications call.","required":true,"schema":{"type":"string","format":"uuid"}}],"requestBody":{"$ref":"#/components/requestBodies/ValueAddedServices"},"responses":{"200":{"description":"Success","headers":{"v-correlation-id":{"$ref":"#/components/headers/VCorrelationId"}}},"default":{"description":"Default errors","content":{"application/json":{"schema":{"$ref":"#/components/schemas/ErrorResponse"},"examples":{"400 Bad Request":{"$ref":"#/components/examples/400BadRequest"},"401 Unauthorized":{"$ref":"#/components/examples/401Unauthorized"},"403 Forbidden":{"$ref":"#/components/examples/403Forbidden"},"404 Not Found":{"$ref":"#/components/examples/404NotFound"},"412 Pre Condition":{"$ref":"#/components/examples/412PreCondition"},"415 Bad Content Type":{"$ref":"#/components/examples/415BadContentType"},"500 Server Error":{"$ref":"#/components/examples/500ServerError"}}}}}}},"post":{"tags":["Choose Additional Services"],"description":"Enrolls partners in desired value added services.","operationId":"ConfigVAS","parameters":[{"name":"Content-Type","in":"header","required":false,"schema":{"type":"string","default":"application/json"}},{"name":"v-correlation-id","in":"header","description":"Unique transaction Id. Will be generated if not provided and returned in response headers.","required":false,"schema":{"type":"string","format":"uuid"},"example":"3fcb1437-4e52-4946-9ae1-e618351b6d16"},{"name":"externalRefId","in":"header","description":"The externalRefId returned from POST /applications call.","required":true,"schema":{"type":"string","format":"uuid"}}],"requestBody":{"$ref":"#/components/requestBodies/ValueAddedServices"},"responses":{"200":{"description":"Success","headers":{"v-correlation-id":{"$ref":"#/components/headers/VCorrelationId"}}},"default":{"description":"Default errors","content":{"application/json":{"schema":{"$ref":"#/components/schemas/ErrorResponse"},"examples":{"400 Bad Request":{"$ref":"#/components/examples/400BadRequest"},"401 Unauthorized":{"$ref":"#/components/examples/401Unauthorized"},"403 Forbidden":{"$ref":"#/components/examples/403Forbidden"},"404 Not Found":{"$ref":"#/components/examples/404NotFound"},"412 Pre Condition":{"$ref":"#/components/examples/412PreCondition"},"415 Bad Content Type":{"$ref":"#/components/examples/415BadContentType"},"500 Server Error":{"$ref":"#/components/examples/500ServerError"}}}}}}}},"/applications/link":{"post":{"tags":["Retrieve Merchant PII Data Collection Link"],"description":"This endpoint is used to send an application link to the application contact.\nThe link is generated via the API, and the partner is expected to send this link to the appropriate contact. Once the contact receives the link, they should complete the application and e-sign the processing agreement in the Launchpad UI.\nThe application contact will be prompted to verify their identity with a one-time passcode sent to their email before they can access the application.\n\n\n NOTE: During the certification process, this endpoint is not accessible outside of the Worldpay network. Please work with your Developer Integration representative during the certification process for\n testing.","operationId":"DataCollectionLink","parameters":[{"name":"Content-Type","in":"header","required":false,"schema":{"type":"string","default":"application/json"}},{"name":"v-correlation-id","in":"header","description":"Unique transaction Id. Will be generated if not provided and returned in response headers.","required":false,"schema":{"type":"string","format":"uuid"},"example":"3fcb1437-4e52-4946-9ae1-e618351b6d16"},{"name":"externalRefId","in":"header","description":"The externalRefId returned from POST /applications call.","required":true,"schema":{"type":"string","format":"uuid"}}],"requestBody":{"content":{"application/json":{"schema":{"required":["applicationContact"],"type":"object","properties":{"applicationContact":{"$ref":"#/components/schemas/ApplicationContact"}}}}},"required":true},"responses":{"200":{"description":"Success","headers":{"v-correlation-id":{"$ref":"#/components/headers/VCorrelationId"}},"content":{"application/json":{"schema":{"$ref":"#/components/schemas/DataCollectionLink"}}}},"default":{"description":"Default errors","content":{"application/json":{"schema":{"$ref":"#/components/schemas/ErrorResponse"},"examples":{"400 Bad Request":{"$ref":"#/components/examples/400BadRequest"},"401 Unauthorized":{"$ref":"#/components/examples/401Unauthorized"},"403 Forbidden":{"$ref":"#/components/examples/403Forbidden"},"404 Not Found":{"$ref":"#/components/examples/404NotFound"},"412 Pre Condition":{"$ref":"#/components/examples/412PreCondition"},"415 Bad Content Type":{"$ref":"#/components/examples/415BadContentType"},"500 Server Error":{"$ref":"#/components/examples/500ServerError"}}}}}}}},"/applications/board":{"put":{"tags":["Submit Application"],"description":"Begins the merchant boarding process after all necessary information has been submitted to the API. Please see the reference guide for specific boarding requirements.","operationId":"InititateBoard","parameters":[{"name":"Content-Type","in":"header","required":false,"schema":{"type":"string","default":"application/json"}},{"name":"v-correlation-id","in":"header","description":"Unique transaction Id. Will be generated if not provided and returned in response headers.","required":false,"schema":{"type":"string","format":"uuid"},"example":"3fcb1437-4e52-4946-9ae1-e618351b6d16"},{"name":"externalRefId","in":"header","description":"The externalRefId returned from POST /applications call.","required":true,"schema":{"type":"string","format":"uuid"}},{"name":"threatmetrixId","in":"header","description":"A unique session id","required":false,"schema":{"type":"string"}}],"responses":{"200":{"description":"Success","headers":{"v-correlation-id":{"$ref":"#/components/headers/VCorrelationId"}}},"default":{"description":"Default errors","content":{"application/json":{"schema":{"$ref":"#/components/schemas/ErrorResponse"},"examples":{"400 Bad Request":{"$ref":"#/components/examples/400BadRequest"},"401 Unauthorized":{"$ref":"#/components/examples/401Unauthorized"},"403 Forbidden":{"$ref":"#/components/examples/403Forbidden"},"404 Not Found":{"$ref":"#/components/examples/404NotFound"},"412 Pre Condition":{"$ref":"#/components/examples/412PreCondition"},"415 Bad Content Type":{"$ref":"#/components/examples/415BadContentType"},"500 Server Error":{"$ref":"#/components/examples/500ServerError"}}}}}}}},"/applications/status":{"get":{"tags":["Check Application Status"],"description":"Retrieves the status of a contract when passed with an externalRefID. Both the externalRefID and authorization header are required.","operationId":"GetApplicationStatus","parameters":[{"name":"v-correlation-id","in":"header","description":"Unique transaction Id. Will be generated if not provided and returned in response headers.","required":false,"schema":{"type":"string","format":"uuid"},"example":"3fcb1437-4e52-4946-9ae1-e618351b6d16"},{"name":"externalRefId","in":"header","description":"The externalRefId returned from POST /applications call.","required":true,"schema":{"type":"string","format":"uuid"}}],"responses":{"200":{"description":"Success\n\nApplicationStatus gives following Information,\n\n- 'contractStatus' - Current status of contract processing.\n\n- 'description' - Detailed description of the contractStatus.\n\n","headers":{"v-correlation-id":{"$ref":"#/components/headers/VCorrelationId"}},"content":{"application/json":{"schema":{"$ref":"#/components/schemas/ApplicationStatus"}}}},"default":{"description":"Default errors","content":{"application/json":{"schema":{"$ref":"#/components/schemas/ErrorResponse"},"examples":{"400 Bad Request":{"$ref":"#/components/examples/400BadRequest"},"401 Unauthorized":{"$ref":"#/components/examples/401Unauthorized"},"403 Forbidden":{"$ref":"#/components/examples/403Forbidden"},"404 Not Found":{"$ref":"#/components/examples/404NotFound"},"412 Pre Condition":{"$ref":"#/components/examples/412PreCondition"},"415 Bad Content Type":{"$ref":"#/components/examples/415BadContentType"},"500 Server Error":{"$ref":"#/components/examples/500ServerError"}}}}}}}},"/contracts":{"get":{"tags":["Review and Sign Contract"],"description":"Returns a PDF contract to be signed.","operationId":"GetContract","parameters":[{"name":"v-correlation-id","in":"header","description":"Unique transaction Id. Will be generated if not provided and returned in response headers.","required":false,"schema":{"type":"string","format":"uuid"},"example":"3fcb1437-4e52-4946-9ae1-e618351b6d16"},{"name":"externalRefId","in":"header","description":"The externalRefId returned from POST /applications call.","required":true,"schema":{"type":"string","format":"uuid"}}],"responses":{"200":{"description":"Response is a PDF file.","headers":{"v-correlation-id":{"$ref":"#/components/headers/VCorrelationId"}},"content":{"application/pdf":{"schema":{"type":"string","format":"binary"}}}},"default":{"description":"Default errors","content":{"application/json":{"schema":{"$ref":"#/components/schemas/ErrorResponse"},"examples":{"400 Bad Request":{"$ref":"#/components/examples/400BadRequest"},"401 Unauthorized":{"$ref":"#/components/examples/401Unauthorized"},"403 Forbidden":{"$ref":"#/components/examples/403Forbidden"},"404 Not Found":{"$ref":"#/components/examples/404NotFound"},"412 Pre Condition":{"$ref":"#/components/examples/412PreCondition"},"415 Bad Content Type":{"$ref":"#/components/examples/415BadContentType"},"500 Server Error":{"$ref":"#/components/examples/500ServerError"}}}}}}}},"/contracts/sign":{"put":{"tags":["Review and Sign Contract"],"description":"Allows merchants to digitally sign contracts.","operationId":"SignContract","parameters":[{"name":"Content-Type","in":"header","required":false,"schema":{"type":"string","default":"application/json"}},{"name":"v-correlation-id","in":"header","description":"Unique transaction Id. Will be generated if not provided and returned in response headers.","required":false,"schema":{"type":"string","format":"uuid"},"example":"3fcb1437-4e52-4946-9ae1-e618351b6d16"},{"name":"externalRefId","in":"header","description":"The externalRefId returned from POST /applications call.","required":true,"schema":{"type":"string","format":"uuid"}}],"requestBody":{"content":{"application/json":{"schema":{"$ref":"#/components/schemas/SignContract"}}},"required":true},"responses":{"200":{"description":"Successfully signed contract.","headers":{"v-correlation-id":{"$ref":"#/components/headers/VCorrelationId"}}},"default":{"description":"Default errors","content":{"application/json":{"schema":{"$ref":"#/components/schemas/ErrorResponse"},"examples":{"400 Bad Request":{"$ref":"#/components/examples/400BadRequest"},"401 Unauthorized":{"$ref":"#/components/examples/401Unauthorized"},"403 Forbidden":{"$ref":"#/components/examples/403Forbidden"},"404 Not Found":{"$ref":"#/components/examples/404NotFound"},"412 Pre Condition":{"$ref":"#/components/examples/412PreCondition"},"415 Bad Content Type":{"$ref":"#/components/examples/415BadContentType"},"500 Server Error":{"$ref":"#/components/examples/500ServerError"}}}}}}}},"/credentials":{"get":{"tags":["Activation"],"description":"Returns credentials, which allow merchants to begin processing payments through Integrated Payments.(only when the contract is fully boarded)","operationId":"GetCredentials","parameters":[{"name":"v-correlation-id","in":"header","description":"Unique transaction Id. Will be generated if not provided and returned in response headers.","required":false,"schema":{"type":"string","format":"uuid"},"example":"3fcb1437-4e52-4946-9ae1-e618351b6d16"},{"name":"externalRefId","in":"header","description":"The externalRefId returned from POST /applications call.","required":true,"schema":{"type":"string","format":"uuid"}}],"responses":{"200":{"description":"Success","headers":{"v-correlation-id":{"$ref":"#/components/headers/VCorrelationId"}},"content":{"application/json":{"schema":{"$ref":"#/components/schemas/Credentials"}}}},"default":{"description":"Default errors","content":{"application/json":{"schema":{"$ref":"#/components/schemas/ErrorResponse"},"examples":{"400 Bad Request":{"$ref":"#/components/examples/400BadRequest"},"401 Unauthorized":{"$ref":"#/components/examples/401Unauthorized"},"403 Forbidden":{"$ref":"#/components/examples/403Forbidden"},"404 Not Found":{"$ref":"#/components/examples/404NotFound"},"412 Pre Condition":{"$ref":"#/components/examples/412PreCondition"},"415 Bad Content Type":{"$ref":"#/components/examples/415BadContentType"},"500 Server Error":{"$ref":"#/components/examples/500ServerError"}}}}}}}}},"components":{"schemas":{"ExistingApplication":{"required":["businessInfo","externalRefId","transactionInfo"],"type":"object","properties":{"externalRefId":{"$ref":"#/components/schemas/ExternalRefId"},"waivePersonalGuaranty":{"$ref":"#/components/schemas/waivePersonalGuaranty"},"leadSource":{"maxLength":150,"type":"string","description":"The source of a lead.","example":"Activate Portal"},"businessInfo":{"$ref":"#/components/schemas/BusinessInfo"},"transactionInfo":{"$ref":"#/components/schemas/TransactionInfo"},"owners":{"$ref":"#/components/schemas/Owner"},"authorizedSigners":{"type":"array","items":{"$ref":"#/components/schemas/AuthorizedSigners"}},"guarantors":{"uniqueItems":true,"type":"array","description":"Guarantor information. A guarantor is the person whose credit report will be pulled during the underwriting process.","items":{"$ref":"#/components/schemas/Guarantor"}},"salesAgent":{"$ref":"#/components/schemas/SalesAgent"},"installationContact":{"$ref":"#/components/schemas/InstallationContact"},"contacts":{"uniqueItems":true,"type":"array","items":{"$ref":"#/components/schemas/Contact"}},"addresses":{"uniqueItems":true,"type":"array","example":[{"type":"Mailing Address","addressLine1":"1234 W Tester Ave.","city":"City Town","state":"CO","country":"United States","postalCode":"80123","postalCodeExtension":"1234"},{"type":"Physical Address","addressLine1":"1234 W Tester Ave.","city":"City Town","state":"CO","country":"United States","postalCode":"80123","postalCodeExtension":"1234"}],"items":{"$ref":"#/components/schemas/Address"}},"bankAccount":{"$ref":"#/components/schemas/BankAccount"},"additionalInformation":{"$ref":"#/components/schemas/AdditionalInformation"}}},"ExternalRefId":{"maxLength":36,"pattern":"([0-9a-z]{8})-([0-9a-z]{4})-([0-9a-z]{4})-([0-9a-z]{4})-([0-9a-z]{12})","type":"string","description":"A unique GUID generated by POST resource, used for retrieving and updating a deal. Do not send in the request, API will always generate one and assign it to the deal.","format":"guid","example":"df8a6d82-3bb4-4f3b-ba18-57a5981ede8e"},"waivePersonalGuaranty":{"type":"boolean","description":"This is an optional field that can be used by the partners to send the waiving of personal guarantor flag.          ","example":false},"BusinessInfo":{"required":["dbaName","legalName","mccCode","ownershipType"],"type":"object","properties":{"dbaName":{"maxLength":50,"minLength":1,"pattern":"^[ A-Za-z0-9-_'‘’.,;!@#^&%+$()]*$","type":"string","description":"The merchant name they do business as.  Generally with what their customers know the business.","example":"The DBA Name"},"legalName":{"maxLength":50,"minLength":1,"type":"string","description":"Business Legal Name as filed with the IRS.","example":"Timothy Jones"},"ownershipType":{"type":"string","description":"Required. OwnershipType defines the type of the Merchant Organization, and drives the requirements for data collections of beneficial and control owners under U.S. Financial Crimes Enforcement Network (FinCEN). ","example":"LLC","enum":["GOVERNMENT","SOLE PROPRIETOR","LLC","PARTNERSHIP","FIN INSTITUTION","NON-PROFIT","ASSOCIATION/ESTATE/TRUST","PRIVATE CORPORATION","SEC REGISTERED","PUBLIC CORPORATION","OTHER"]},"mccCode":{"maxLength":4,"minLength":4,"type":"string","description":"SIC Code / MCC Code (Merchant Category Code) is the code use to describe what the merchant is selling. Use MCC look up call to search valid codes, with sort and long description to find the MCC that most closely matches what the merchant is selling.","example":"5812"},"businessEstablishedDate":{"$ref":"#/components/schemas/BusinessEstablishedDate"},"websiteUrl":{"maxLength":80,"minLength":0,"type":"string","description":"The URL of the merchant's website.","example":"www.thefoodplace.com"},"numberOfLocation":{"$ref":"#/components/schemas/NumberOfLocation"},"federalTaxId":{"maxLength":9,"minLength":9,"pattern":"^[0-9]{9}$","type":"string","description":"The Federal Tax ID is the business Tax Identification Number (TIN) or Employer Identification Number (EIN). If the business is a sole proprietor they may use the social security number of the sole proprietor.","example":"123456789"},"paymentAcceptanceMethod":{"type":"array","description":"The ways in which the business is accepting payments. Multiple options may be selected. 'In person', would be card present at a brick and mortar store, 'onlinesite' would be card not present use on an ecommerce website, and 'phoneormailorder' would be card not present used for mail and telephone orders.","example":"inPerson","items":{"type":"string","enum":["inPerson","onlineSite","phoneOrMailOrder"]}},"pciadc":{"type":"string","description":"Indication if the merchant has had an account data compromise.\n","example":"No","default":"No","enum":["Yes","No"]},"pcidssValidated":{"type":"string","description":"Indictor showing if the merchant is compliant or not with the Payment Card Industry Data Security Standards.  \n","example":"No","default":"Yes","enum":["Yes","No"]},"surroundingArea":{"type":"string","description":"Type of area surroundning the business. \n","example":"Commercial","enum":["Commercial","Industrial","Residential"]},"productServiceSold":{"maxLength":40,"minLength":1,"pattern":"(^[-a-zA-Z0-9_ &()*+,./:;=_'‘]{1,40}$)","type":"string","description":"Type of goods or services sold.  ","example":"Food"},"ownAddYears":{"maximum":99,"minimum":0,"type":"integer","description":"Years the business has been operating in their current location.","example":2},"lengthOfContract":{"pattern":"([0-9]{3})$","type":"string","description":"Inital contract term in months.","example":"36"},"seasonal":{"type":"string","description":"Does the business operate seasonally?","example":"Yes","enum":["Yes","No"]},"activeMonths":{"type":"array","description":"The months during which the business is actively operating.","example":["Jan","Feb","Mar"],"items":{"type":"string","enum":["Jan","Feb","Mar","Apr","May","Jun","Jul","Aug","Sep","Oct","Nov","Dec"]}},"warranty":{"type":"string","description":"Does the business offer warranties, dues, subscriptions, memberships, or other extended services?","example":"1 YEAR","enum":["1 YEAR","30 DAY","60 DAY","90 DAY","LIFETIME","NO"]},"returnPolicy":{"type":"string","description":"The business's return policy.","example":"30 Day","enum":["3 Day","30 Day","60 Day","60+ Day","ALL SALES FINAL","EXCHANGE ONLY/STORE CREDIT","NO RETURN POLICY"]},"taxExempt":{"type":"string","example":"No","enum":["Yes","No"]},"acceptCreditCards":{"type":"string","description":"Does the business accept credit cards?","example":"No","enum":["Yes","No"]},"amexMarketingCommunication":{"type":"string","description":"Choose to opt out of the opt blue marketing communication.","default":"Yes","enum":["Yes","No"]},"govOwnedMerchantCountry":{"type":"string","description":"If merchant is a government entity or an entity at least 50% owned or controlled by government entity than provide 2 digit country code which belongs to the country.","example":"US"}}},"BusinessEstablishedDate":{"type":"string","description":"Date (CCYY-MM-DD) on which the merchant's business was established.","format":"date","example":"2000-03-23"},"NumberOfLocation":{"type":"integer","description":"Number of current locations.","example":2},"TransactionInfo":{"required":["annualSalesVolume","percentRetailSwipedTransactions"],"type":"object","properties":{"annualSalesVolume":{"$ref":"#/components/schemas/AnnualSalesVolume"},"percentRetailSwipedTransactions":{"$ref":"#/components/schemas/PercentRetailSwipedTransactions"},"averageTicket":{"maximum":9999999.99,"minimum":0,"type":"number","description":"Average ticket dollar amount.","format":"decimal[7,2]","example":2.3},"highestTicket":{"maximum":9999999.99,"minimum":0,"type":"number","description":"Highest ticket dollar amount.","format":"decimal[7,2]","example":32.41},"currentProcessor":{"type":"string","description":"the current processor","example":"Global Payments"},"acceptChargebacks":{"type":"string","description":"Do you have more than 25 chargeback accepted in the last 12 months? ","example":"No","enum":["Yes","No"]},"chargebackPercent":{"type":"integer","description":"Projected chargeback percentage.\n\n```Required when acceptChargebacks is 'Yes'```\n\n```Optional when acceptChargebacks is null or 'No'.```\n","example":0},"returnPercent":{"type":"integer","description":"Projected return percent of  goods sold","example":10},"cardNotPresentPercent":{"maximum":1E+2,"minimum":0,"type":"integer","description":"Percent of card not present transactions.","example":20},"businessToBusinessPercent":{"maximum":1E+2,"minimum":0,"type":"integer","description":"Percent of business-to-business transactions.","example":20},"internetTransactionPercent":{"maximum":1E+2,"minimum":0,"type":"integer","description":"Percent of internet transactions.","example":10},"motoPercent":{"maximum":1E+2,"minimum":0,"type":"integer","description":"Percent of mail order or telephone order transactions.","example":20},"annualCreditSalesVolume":{"maximum":999999999.99,"minimum":0,"type":"number","description":"Projected annual credit card sales volume.","format":"decimal[9,2]","example":123.32},"annualDebitSalesVolume":{"maximum":999999999.99,"minimum":0,"type":"number","description":"Projected annual debit card sales volume. ","format":"decimal[9,2]","example":32.23},"annualAmexVolume":{"maximum":999999999.99,"minimum":0,"type":"number","description":"Projected annual Amex volume. ``` This field is required when you opt-in for Amex ```","format":"decimal[9,2]","example":1E+6},"amexAverageTicket":{"maximum":9999999.99,"minimum":0,"type":"number","description":"AverageTicket dollar amount for Amex.\n ```This field is required when you opt-in for Amex```","format":"decimal[7,2]","example":2.3},"averageNumberofDays":{"minimum":0,"type":"integer","description":"Average number of days from when cardholder is charged & when products or services are received IN FULL by cardholder.","example":10}}},"AnnualSalesVolume":{"maximum":9999999999999.99,"minimum":0,"type":"number","description":"Projected annual sales volume.","format":"decimal[13,2]","example":20000.12},"PercentRetailSwipedTransactions":{"maximum":1E+2,"minimum":0,"type":"integer","description":"Projected Percentage of daily card-present transactions.","example":82},"Owner":{"required":["addressLine1","city","country","firstName","lastName","phoneNumber","postalCode","type"],"type":"object","properties":{"type":{"type":"string","description":"Required.","enum":["Owner 1 Contact","Owner 2 Contact","Owner 3 Contact","Owner 4 Contact","Control Owner Contact"]},"title":{"$ref":"#/components/schemas/Title"},"firstName":{"$ref":"#/components/schemas/FirstName"},"middleInitial":{"$ref":"#/components/schemas/MiddleInitial"},"lastName":{"$ref":"#/components/schemas/LastName"},"phoneNumber":{"$ref":"#/components/schemas/PhoneNumber"},"phoneNumberExt":{"$ref":"#/components/schemas/PhoneNumberExt"},"phoneType":{"$ref":"#/components/schemas/PhoneType"},"alternatePhone":{"$ref":"#/components/schemas/AlternatePhone"},"alternatePhoneType":{"$ref":"#/components/schemas/AlternatePhoneType"},"faxNumber":{"$ref":"#/components/schemas/FaxNumber"},"email":{"$ref":"#/components/schemas/Email"},"ownershipPercentage":{"$ref":"#/components/schemas/OwnershipPercentage"},"ssn":{"$ref":"#/components/schemas/State"},"dob":{"$ref":"#/components/schemas/DOB"},"addressLine1":{"$ref":"#/components/schemas/AddressLine1"},"addressLine2":{"$ref":"#/components/schemas/AddressLine2"},"city":{"$ref":"#/components/schemas/City"},"state":{"$ref":"#/components/schemas/State"},"country":{"$ref":"#/components/schemas/Country"},"postalCode":{"$ref":"#/components/schemas/PostalCode"},"postalCodeExtension":{"$ref":"#/components/schemas/PostalCodeExtension"},"identification":{"$ref":"#/components/schemas/Identifications"}},"description":"Find more info here.  <a href=\"https://docs.apis.worldpay.com/partner-apis/launchpad-merchant-boarding/reference-guide\">Reference Guide</a> \n","example":{"type":"Owner 1 Contact","title":"Owner","firstName":"Timothy","middleInitial":"M","lastName":"Jones","phoneNumber":"1234567890","phoneNumberExt":"1234","faxNumber":"1234567890","email":"test@test.com","ownershipPercentage":"23","ssn":"884567153","dob":"2000-03-23","addressLine1":"4355 N Coalwhipe St.","city":"City Town","state":"OH","country":"United States","postalCode":"80123","postalCodeExtension":"1234"}},"Title":{"maxLength":30,"minLength":1,"pattern":"^[a-zA-Z0-9 \\p{P}\\p{S}]+$","type":"string","description":"Required for AMEX acquired merchants otherwise optional.","example":"President"},"FirstName":{"maxLength":15,"minLength":1,"pattern":"^[a-zA-Z0-9 \\p{P}\\p{S}]+$","type":"string","description":"First name. Region based validations will be applied to this field.","example":"Todd"},"MiddleInitial":{"maxLength":1,"minLength":1,"pattern":"^[a-zA-Z0-9 \\p{P}\\p{S}]+$","description":"Middle initial.","example":"M"},"LastName":{"maxLength":25,"minLength":1,"pattern":"^[a-zA-Z0-9 \\p{P}\\p{S}]+$","type":"string","description":"Last name. Region based validations will be applied to this field.","example":"Davis"},"PhoneNumber":{"pattern":"^[0-9]{10}$","type":"string","description":"10-digit phone number of the format  5131234567."},"PhoneNumberExt":{"maxLength":8,"pattern":"([0-9]{8})$","type":"string","description":"Phone number extension. Up to 8 digits of the format 12345678."},"PhoneType":{"type":"string","description":"Phone type.","example":"mobile","enum":["mobile","home"]},"AlternatePhone":{"pattern":"^[0-9]{10}$","type":"string","description":"10-digit alternate phone number of the format  5131234567.","example":"5131234567"},"AlternatePhoneType":{"type":"string","description":"Alternate phone type.","example":"home","enum":["mobile","home"]},"FaxNumber":{"pattern":"^[0-9]{10}$","type":"string","description":"10-digit fax number of the format 5131234567"},"Email":{"maxLength":64,"pattern":"(\\\\b[A-Za-z0-9._%+-]+@(?:[A-Za-z0-9-]+\\\\.)+[A-Za-z0-9]{2,}\\\\b{0,64})","type":"string","description":"Email address of the contact. Must have @ and a ."},"OwnershipPercentage":{"maximum":1E+2,"minimum":0,"type":"integer","description":"Ownership stake percentage."},"State":{"type":"string","description":"Valid US state, commonwealth, and territory codes are allowed.","example":"CO","enum":["AK","AL","AR","AS","AZ","CA","CO","CT","DC","DE","FL","FM","GA","GU","HI","IA","ID","IL","IN","KS","KY","LA","MA","MD","ME","MH","MI","MN","MO","MP","MS","MT","NC","ND","NE","NH","NJ","NM","NV","NY","OH","OK","OR","PA","PR","PW","RI","SC","SD","TN","TX","UT","VA","VI","VT","WA","WI","WV","WY"]},"DOB":{"type":"string","description":"Date of Birth (CCYY-MM-DD). Must be at least 18 years old.","format":"date","example":"2000-03-23"},"AddressLine1":{"maxLength":40,"minLength":1,"pattern":"^[a-zA-Z0-9 \\p{P}\\p{S}]+$","type":"string","description":"Address Line 1. Field for house number, street and direction.","example":"4355 N Coalwhipe St."},"AddressLine2":{"maxLength":40,"minLength":1,"pattern":"^[a-zA-Z0-9 \\p{P}\\p{S}]+$","type":"string","description":"Address Line 2. Field for apartment or suite numbers, etc.","example":"suite 104"},"City":{"maxLength":28,"minLength":1,"pattern":"^[a-zA-Z0-9 \\p{P}\\p{S}]+$","type":"string","example":"Denver"},"Country":{"type":"string","description":"Only United States is allowed.","enum":["United States"]},"PostalCode":{"maxLength":5,"minLength":5,"pattern":"^[0-9]{5}$","type":"string","description":"Postal code / zip code. The postal code must be valid for the address' country code."},"PostalCodeExtension":{"maxLength":4,"minLength":4,"pattern":"^[0-9]{4}$","type":"string","description":"Postal code / zip code extension.  The postal code extension must be valid for the address' country code."},"Identifications":{"type":"array","description":"Optional. If any attribute in the identification object is populated then all attributes are required.","items":{"$ref":"#/components/schemas/Identification"}},"Identification":{"required":["idNumber","idType"],"type":"object","properties":{"idType":{"type":"string","description":"Type of ID provided by the owner.","example":"PASSPORT","enum":["ALIEN ID","CREDIT BUREAU","DRIVERS LICENSE","STATE ID","MEXICAN CONSULATE","MILITARY ID","OTHER","PASSPORT"]},"idNumber":{"maxLength":40,"type":"string","description":"Owner's ID number.","example":"312312341"},"issuedCity":{"maxLength":28,"type":"string","description":"City in which ID was issued.","example":"City Town"},"issuedState":{"maxLength":2,"type":"string","description":"Valid state code where ID was issued.","example":"CO","enum":["AK","AL","AR","AS","AZ","CA","CO","CT","DC","DE","FL","FM","GA","GU","HI","IA","ID","IL","IN","KS","KY","LA","MA","MD","ME","MH","MI","MN","MO","MP","MS","MT","NC","ND","NE","NH","NJ","NM","NV","NY","OH","OK","OR","PA","PR","PW","RI","SC","SD","TN","TX","UT","VA","VI","VT","WA","WI","WV","WY"]},"issuedCountry":{"maxLength":2,"type":"string","description":"Country where ID was issued.","example":"US"},"dateIssued":{"type":"string","description":"Date ID was issued (CCYY-MM-DD).","format":"date","example":"1999-01-30"},"dateExpires":{"type":"string","description":"Date ID expires (CCYY-MM-DD).","format":"date","example":"2020-02-11"}}},"AuthorizedSigners":{"required":["addressLine1","country","dob","email","firstName","lastName","phoneNumber","ssn","state"],"type":"object","properties":{"firstName":{"$ref":"#/components/schemas/FirstName"},"middleInitial":{"$ref":"#/components/schemas/MiddleInitial"},"lastName":{"$ref":"#/components/schemas/LastName"},"phoneNumber":{"$ref":"#/components/schemas/PhoneNumber"},"email":{"$ref":"#/components/schemas/Email"},"ssn":{"$ref":"#/components/schemas/SSN"},"dob":{"$ref":"#/components/schemas/DOB"},"addressLine1":{"$ref":"#/components/schemas/AddressLine1"},"addressLine2":{"$ref":"#/components/schemas/AddressLine2"},"city":{"$ref":"#/components/schemas/City"},"state":{"$ref":"#/components/schemas/State"},"country":{"$ref":"#/components/schemas/Country"},"postalCode":{"$ref":"#/components/schemas/PostalCode"}},"example":{"firstName":"Timothy","middleInitial":"M","lastName":"Jones","phoneNumber":"1234567890","email":"test@test.com","ssn":"884567153","dob":"2000-03-23","addressLine1":"4355 N Coalwhipe St.","city":"City Town","state":"OH","country":"United States","postalCode":"80123"}},"SSN":{"pattern":"^[0-9]{9}$","type":"string","description":"Social security number. Do not include dashes."},"Guarantor":{"required":["addressLine1","city","country","email","firstName","lastName","phoneNumber","postalCode","state","type"],"type":"object","properties":{"type":{"type":"string","description":"Required.","example":"Guarantor 1 Contact","enum":["Guarantor 1 Contact","Guarantor 2 Contact"]},"title":{"$ref":"#/components/schemas/Title"},"firstName":{"$ref":"#/components/schemas/FirstName"},"middleInitial":{"$ref":"#/components/schemas/MiddleInitial"},"lastName":{"$ref":"#/components/schemas/LastName"},"phoneNumber":{"$ref":"#/components/schemas/PhoneNumber"},"phoneNumberExt":{"$ref":"#/components/schemas/PhoneNumberExt"},"phoneType":{"$ref":"#/components/schemas/PhoneType"},"alternatePhone":{"$ref":"#/components/schemas/AlternatePhone"},"alternatePhoneType":{"$ref":"#/components/schemas/AlternatePhoneType"},"faxNumber":{"$ref":"#/components/schemas/FaxNumber"},"email":{"$ref":"#/components/schemas/Email"},"ownershipPercentage":{"$ref":"#/components/schemas/OwnershipPercentage"},"ssn":{"$ref":"#/components/schemas/SSN"},"dob":{"$ref":"#/components/schemas/DOB"},"addressLine1":{"$ref":"#/components/schemas/AddressLine1"},"addressLine2":{"$ref":"#/components/schemas/AddressLine2"},"city":{"$ref":"#/components/schemas/City"},"state":{"$ref":"#/components/schemas/State"},"country":{"$ref":"#/components/schemas/Country"},"postalCode":{"$ref":"#/components/schemas/PostalCode"},"postalCodeExtension":{"$ref":"#/components/schemas/PostalCodeExtension"},"identification":{"$ref":"#/components/schemas/Identifications"}},"description":""},"SalesAgent":{"required":["email","firstName","lastName"],"type":"object","properties":{"id":{"maxLength":15,"type":"string","description":"Id for the Sales Contact.","example":"U15315"},"firstName":{"maxLength":15,"type":"string","description":"Sales agent's first name.","example":"John"},"lastName":{"maxLength":25,"type":"string","description":"Sales agent's last name.","example":"Doe"},"mobilePhoneNumber":{"pattern":"^[0-9]{10}$","type":"string","description":"Sales agent's 10-digit phone number of the format 5131234567.","example":"1234567890"},"email":{"maxLength":64,"pattern":"(\\\\b[A-Za-z0-9._%+-]+@(?:[A-Za-z0-9-]+\\\\.)+[A-Za-z0-9]{2,}\\\\b{0,64})","type":"string","description":"Sales agent's email address.  Must have @ and a .","example":"test@test.com"}},"description":"The agent who is submitting the deal. "},"InstallationContact":{"required":["email","firstName","lastName"],"type":"object","properties":{"id":{"maxLength":15,"pattern":"^[a-zA-Z0-9 \\p{P}\\p{S}]+$","type":"string","description":"Id for Technical Contact","example":"U15318"},"firstName":{"maxLength":15,"minLength":1,"pattern":"^[a-zA-Z0-9 \\p{P}\\p{S}]+$","type":"string","description":"Contact's first name.","example":"Sam"},"lastName":{"maxLength":25,"minLength":1,"pattern":"^[a-zA-Z0-9 \\p{P}\\p{S}]+$","type":"string","description":"Contact's last name.","example":"Doe"},"mobilePhoneNumber":{"maxLength":10,"minLength":10,"pattern":"([0-9]{10})$","type":"string","description":"Contact's 10-digit phone number of the format 5131234567.","example":"1234567890"},"email":{"maxLength":64,"pattern":"(\\\\b[A-Za-z0-9._%+-]+@(?:[A-Za-z0-9-]+\\\\.)+[A-Za-z0-9]{2,}\\\\b{0,64})","type":"string","description":"Contact's email address. Must have @ and a .","example":"test@test.com"}},"description":"The Technical Agent who is going to do setup. "},"Contact":{"required":["email","firstName","lastName","phoneNumber","type"],"type":"object","properties":{"type":{"type":"string","description":"Type of merchant contact.   \n  1) Only primary contact\n      is mandatory. May be the same as any owner contact information. \n 2) For primary contact, firstName, lastName, phoneNumber and email are mandatory during POST.  \n 3) For all other contact types, firstName and lastName are mandatory during POST.","example":"Primary Contact","enum":["Primary Contact","Accounting Contact","Customer Service Contact","Shipping Contact","Third Party Contact","Vendor Contact Info","PCI Contact","Corporate"]},"title":{"$ref":"#/components/schemas/Title"},"firstName":{"$ref":"#/components/schemas/FirstName"},"middleInitial":{"$ref":"#/components/schemas/MiddleInitial"},"lastName":{"$ref":"#/components/schemas/LastName"},"ssn":{"$ref":"#/components/schemas/SSN"},"birthDate":{"$ref":"#/components/schemas/DOB"},"phoneNumber":{"$ref":"#/components/schemas/PhoneNumber"},"phoneNumberExt":{"$ref":"#/components/schemas/PhoneNumberExt"},"phoneType":{"$ref":"#/components/schemas/PhoneType"},"alternatePhone":{"$ref":"#/components/schemas/AlternatePhone"},"alternatePhoneType":{"$ref":"#/components/schemas/AlternatePhoneType"},"email":{"$ref":"#/components/schemas/Email"},"faxNumber":{"$ref":"#/components/schemas/FaxNumber"}}},"Address":{"required":["addressLine1","city","postalCode","state","type"],"type":"object","properties":{"type":{"$ref":"#/components/schemas/AddressType"},"addressLine1":{"$ref":"#/components/schemas/AddressLine1"},"addressLine2":{"$ref":"#/components/schemas/AddressLine2"},"city":{"$ref":"#/components/schemas/City"},"state":{"$ref":"#/components/schemas/State"},"country":{"$ref":"#/components/schemas/Country"},"postalCode":{"$ref":"#/components/schemas/PostalCode"},"postalCodeExtension":{"$ref":"#/components/schemas/PostalCodeExtension"}}},"AddressType":{"type":"string","description":"Address Type  \n 1) Physical address is mandatory.\n 2) If salesforceId and contractId are not included in the request, mailing address is mandatory.\n 3) If equipment needs to be sent on a different location then shipping address should be added.\n4) For any address type, streetAddress1, city, state, postalCode and countryCode are mandatory.","example":"Physical Address","enum":["Mailing Address","Physical Address","Shipping Address"]},"BankAccount":{"type":"object","properties":{"ddaType":{"type":"string","description":"Direct deposit account type.","example":"Checking","enum":["Checking","Savings"]},"achType":{"type":"string","description":"Check deposit type","example":"Commercial Checking","enum":["Commercial Checking","Private Checking"]},"accountNumber":{"maxLength":17,"minLength":1,"type":"string","description":"Direct deposit account number.  Maximum 17 characters.","example":"011401545"},"routingNumber":{"maxLength":9,"minLength":9,"type":"string","description":"Bank routing number. Must be 9 characters and pass ACH Mod-10 validation.","example":"102000076"},"bankName":{"type":"string","description":"Bank name used for credit card processing services.","example":"Bank name"}}},"AdditionalInformation":{"type":"array","items":{"$ref":"#/components/schemas/AdditionalInformationObject"}},"AdditionalInformationObject":{"type":"object","properties":{"key":{"type":"string","example":"productVersionId"},"value":{"type":"string","example":"4656"}},"description":"Required for some partners. Work with your Developer Integrations specialist for more information."},"ErrorResponse":{"type":"object","properties":{"httpStatusCode":{"type":"integer","example":404},"httpStatusMessage":{"type":"string","example":"STATUS-MESSAGE"},"errors":{"type":"array","items":{"$ref":"#/components/schemas/Error"}}}},"Error":{"type":"object","properties":{"errorCode":{"type":"string","example":"ERROR_CODE"},"errorMessage":{"type":"string","example":"Error message here."},"target":{"type":"string","example":"Target"}}},"ExistingApplication_1":{"required":["businessInfo","externalRefId","transactionInfo"],"type":"object","properties":{"externalRefId":{"$ref":"#/components/schemas/ExternalRefId"},"leadSource":{"maxLength":150,"type":"string","description":"The source of a lead.","example":"Activate Portal"},"businessInfo":{"$ref":"#/components/schemas/BusinessInfo_1"},"transactionInfo":{"$ref":"#/components/schemas/TransactionInfo_1"},"owners":{"$ref":"#/components/schemas/Owner_1"},"authorizedSigners":{"type":"array","items":{"$ref":"#/components/schemas/AuthorizedSigners_1"}},"guarantors":{"uniqueItems":true,"type":"array","description":"Guarantor information. A guarantor is the person whose credit report will be pulled during the underwriting process.","items":{"$ref":"#/components/schemas/Guarantor_1"}},"salesAgent":{"$ref":"#/components/schemas/SalesAgent"},"installationContact":{"$ref":"#/components/schemas/InstallationContact"},"contacts":{"uniqueItems":true,"type":"array","items":{"$ref":"#/components/schemas/Contact_1"}},"addresses":{"uniqueItems":true,"type":"array","example":[{"type":"Mailing Address","addressLine1":"1234 W Tester Ave.","city":"City Town","state":"CO","country":"United States","postalCode":"80123","postalCodeExtension":"1234"},{"type":"Physical Address","addressLine1":"1234 W Tester Ave.","city":"City Town","state":"CO","country":"United States","postalCode":"80123","postalCodeExtension":"1234"}],"items":{"$ref":"#/components/schemas/Address_1"}},"bankAccount":{"$ref":"#/components/schemas/BankAccount"},"additionalInformation":{"$ref":"#/components/schemas/AdditionalInformation"}}},"BusinessInfo_1":{"required":["dbaName","legalName","mccCode","ownershipType"],"type":"object","properties":{"dbaName":{"maxLength":50,"minLength":1,"type":"string","description":"The merchant name they do business as.  Generally with what their customers know the business.","example":"The DBA Name"},"legalName":{"maxLength":50,"minLength":1,"type":"string","description":"Business Legal Name as filed with the IRS.","example":"Timothy Jones"},"ownershipType":{"type":"string","description":"Required. OwnershipType defines the type of the Merchant Organization, and drives the requirements for data collections of beneficial and control owners under U.S. Financial Crimes Enforcement Network (FinCEN). ","example":"LLC","enum":["GOVERNMENT","SOLE PROPRIETOR","LLC","PARTNERSHIP","FIN INSTITUTION","NON-PROFIT","ASSOCIATION/ESTATE/TRUST","PRIVATE CORPORATION","SEC REGISTERED","PUBLIC CORPORATION","OTHER"]},"mccCode":{"maxLength":4,"minLength":4,"type":"string","description":"SIC Code / MCC Code (Merchant Category Code) is the code use to describe what the merchant is selling. Use MCC look up call to search valid codes, with sort and long description to find the MCC that most closely matches what the merchant is selling.","example":"5812"},"businessEstablishedDate":{"$ref":"#/components/schemas/BusinessEstablishedDate"},"websiteUrl":{"maxLength":80,"minLength":0,"type":"string","description":"The URL of the merchant's website.","example":"www.thefoodplace.com"},"numberOfLocation":{"$ref":"#/components/schemas/NumberOfLocation"},"federalTaxId":{"maxLength":9,"minLength":9,"pattern":"^[0-9]{9}$","type":"string","description":"The Federal Tax ID is the business Tax Identification Number (TIN) or Employer Identification Number (EIN). If the business is a sole proprietor they may use the social security number of the sole proprietor.","example":"123456789"},"paymentAcceptanceMethod":{"type":"array","description":"The ways in which the business is accepting payments. Multiple options may be selected. 'In person', would be card present at a brick and mortar store, 'onlinesite' would be card not present use on an ecommerce website, and 'phoneormailorder' would be card not present used for mail and telephone orders.","example":"inPerson","items":{"type":"string","enum":["inPerson","onlineSite","phoneOrMailOrder"]}},"pciadc":{"type":"string","description":"Indication if the merchant has had an account data compromise.\n","example":"No","default":"No","enum":["Yes","No"]},"pcidssValidated":{"type":"string","description":"Indictor showing if the merchant is compliant or not with the Payment Card Industry Data Security Standards.  \n","example":"No","default":"Yes","enum":["Yes","No"]},"surroundingArea":{"type":"string","description":"Type of area surroundning the business. \n","example":"Commercial","enum":["Commercial","Industrial","Residential"]},"productServiceSold":{"maxLength":40,"minLength":1,"pattern":"(^[-a-zA-Z0-9_ &()*+,./:;=_'‘]{1,40}$)","type":"string","description":"Type of goods or services sold.  ","example":"Food"},"ownAddYears":{"maximum":99,"minimum":0,"type":"integer","description":"Years the business has been operating in their current location.","example":2},"lengthOfContract":{"pattern":"([0-9]{3})$","type":"string","description":"Inital contract term in months.","example":"36"},"seasonal":{"type":"string","description":"Does the business operate seasonally?","example":"Yes","enum":["Yes","No"]},"activeMonths":{"type":"array","description":"The months during which the business is actively operating.","example":["Jan","Feb","Mar"],"items":{"type":"string","enum":["Jan","Feb","Mar","Apr","May","Jun","Jul","Aug","Sep","Oct","Nov","Dec"]}},"warranty":{"type":"string","description":"Does the business offer warranties, dues, subscriptions, memberships, or other extended services?","example":"1 YEAR","enum":["1 YEAR","30 DAY","60 DAY","90 DAY","LIFETIME","NO"]},"returnPolicy":{"type":"string","description":"The business's return policy.","example":"30 Day","enum":["3 Day","30 Day","60 Day","60+ Day","ALL SALES FINAL","EXCHANGE ONLY/STORE CREDIT","NO RETURN POLICY"]},"taxExempt":{"type":"string","example":"No","enum":["Yes","No"]},"acceptCreditCards":{"type":"string","description":"Does the business accept credit cards?","example":"No","enum":["Yes","No"]},"amexMarketingCommunication":{"type":"string","description":"Choose to opt out of the opt blue marketing communication.","default":"Yes","enum":["Yes","No"]},"govOwnedMerchantCountry":{"type":"string","description":"If merchant is a government entity or an entity at least 50% owned or controlled by government entity than provide 2 digit country code which belongs to the country.","example":"US"}}},"TransactionInfo_1":{"required":["annualSalesVolume","percentRetailSwipedTransactions"],"type":"object","properties":{"annualSalesVolume":{"$ref":"#/components/schemas/AnnualSalesVolume"},"percentRetailSwipedTransactions":{"$ref":"#/components/schemas/PercentRetailSwipedTransactions"},"averageTicket":{"maximum":9999999.99,"minimum":0,"type":"number","description":"Average ticket dollar amount.","format":"decimal[7,2]","example":2.3},"highestTicket":{"maximum":9999999.99,"minimum":0,"type":"number","description":"Highest ticket dollar amount.","format":"decimal[7,2]","example":32.41},"currentProcessor":{"type":"string","description":"the current processor","example":"Global Payments"},"acceptChargebacks":{"type":"string","description":"Do you have more than 25 chargeback accepted in the last 12 months? ","example":"No","enum":["Yes","No"]},"chargebackPercent":{"type":"integer","description":"Projected chargeback percentage.\n\n```Required when acceptChargebacks is 'Yes'```\n\n```Optional when acceptChargebacks is null or 'No'.```\n","example":0},"returnPercent":{"type":"integer","description":"Projected return percent of  goods sold","example":10},"cardNotPresentPercent":{"maximum":1E+2,"minimum":0,"type":"integer","description":"Percent of card not present transactions.","example":20},"businessToBusinessPercent":{"maximum":1E+2,"minimum":0,"type":"integer","description":"Percent of business-to-business transactions.","example":20},"internetTransactionPercent":{"maximum":1E+2,"minimum":0,"type":"integer","description":"Percent of internet transactions.","example":10},"motoPercent":{"maximum":1E+2,"minimum":0,"type":"integer","description":"Percent of mail order or telephone order transactions.","example":20},"annualCreditSalesVolume":{"maximum":999999999.99,"minimum":0,"type":"number","description":"Projected annual credit card sales volume.","format":"decimal[9,2]","example":123.32},"annualDebitSalesVolume":{"maximum":999999999.99,"minimum":0,"type":"number","description":"Projected annual debit card sales volume. ","format":"decimal[9,2]","example":32.23},"annualAmexVolume":{"maximum":999999999.99,"minimum":0,"type":"number","description":"Projected annual Amex volume. ``` This field is required when you opt-in for Amex ```","format":"decimal[9,2]","example":1E+6},"amexAverageTicket":{"maximum":9999999.99,"minimum":0,"type":"number","description":"AverageTicket dollar amount for Amex.\n ```This field is required when you opt-in for Amex```","format":"decimal[7,2]","example":2.3},"averageNumberofDays":{"minimum":0,"type":"integer","description":"Average number of days from when cardholder is charged & when products or services are received IN FULL by cardholder.","example":10}}},"Owner_1":{"required":["addressLine1","city","country","firstName","lastName","phoneNumber","postalCode","type"],"type":"object","properties":{"type":{"type":"string","description":"Required.","enum":["Owner 1 Contact","Owner 2 Contact","Owner 3 Contact","Owner 4 Contact","Control Owner Contact"]},"title":{"$ref":"#/components/schemas/Title"},"firstName":{"$ref":"#/components/schemas/FirstName"},"middleInitial":{"$ref":"#/components/schemas/MiddleInitial"},"lastName":{"$ref":"#/components/schemas/LastName"},"phoneNumber":{"$ref":"#/components/schemas/PhoneNumber"},"phoneNumberExt":{"$ref":"#/components/schemas/PhoneNumberExt"},"phoneType":{"$ref":"#/components/schemas/PhoneType"},"alternatePhone":{"$ref":"#/components/schemas/AlternatePhone"},"alternatePhoneType":{"$ref":"#/components/schemas/AlternatePhoneType"},"faxNumber":{"$ref":"#/components/schemas/FaxNumber"},"email":{"$ref":"#/components/schemas/Email"},"ownershipPercentage":{"$ref":"#/components/schemas/OwnershipPercentage"},"ssn":{"$ref":"#/components/schemas/State"},"dob":{"$ref":"#/components/schemas/DOB"},"addressLine1":{"$ref":"#/components/schemas/AddressLine1"},"addressLine2":{"$ref":"#/components/schemas/AddressLine2"},"city":{"$ref":"#/components/schemas/City"},"state":{"$ref":"#/components/schemas/State"},"country":{"$ref":"#/components/schemas/Country"},"postalCode":{"$ref":"#/components/schemas/PostalCode"},"postalCodeExtension":{"$ref":"#/components/schemas/PostalCodeExtension"},"identification":{"$ref":"#/components/schemas/Identifications"}},"description":"Find more info here.  <a href=\"https://docs.apis.worldpay.com/partner-apis/launchpad-merchant-boarding/reference-guide\">Reference Guide</a> \n","example":{"type":"Owner 1 Contact","title":"Owner","firstName":"Timothy","middleInitial":"M","lastName":"Jones","phoneNumber":"1234567890","phoneNumberExt":"1234","faxNumber":"1234567890","email":"test@test.com","ownershipPercentage":"23","ssn":"884567153","dob":"2000-03-23","addressLine1":"4355 N Coalwhipe St.","city":"City Town","state":"OH","country":"United States","postalCode":"80123","postalCodeExtension":"1234"}},"AuthorizedSigners_1":{"required":["addressLine1","country","dob","email","firstName","lastName","phoneNumber","ssn","state"],"type":"object","properties":{"firstName":{"$ref":"#/components/schemas/FirstName"},"middleInitial":{"$ref":"#/components/schemas/MiddleInitial"},"lastName":{"$ref":"#/components/schemas/LastName"},"phoneNumber":{"$ref":"#/components/schemas/PhoneNumber"},"email":{"$ref":"#/components/schemas/Email"},"ssn":{"$ref":"#/components/schemas/SSN"},"dob":{"$ref":"#/components/schemas/DOB"},"addressLine1":{"$ref":"#/components/schemas/AddressLine1"},"addressLine2":{"$ref":"#/components/schemas/AddressLine2"},"city":{"$ref":"#/components/schemas/City"},"state":{"$ref":"#/components/schemas/State"},"country":{"$ref":"#/components/schemas/Country"},"postalCode":{"$ref":"#/components/schemas/PostalCode"}},"example":{"firstName":"Timothy","middleInitial":"M","lastName":"Jones","phoneNumber":"1234567890","email":"test@test.com","ssn":"884567153","dob":"2000-03-23","addressLine1":"4355 N Coalwhipe St.","city":"City Town","state":"OH","country":"United States","postalCode":"80123"}},"Guarantor_1":{"required":["addressLine1","city","country","email","firstName","lastName","phoneNumber","postalCode","state","type"],"type":"object","properties":{"type":{"type":"string","description":"Required.","example":"Guarantor 1 Contact","enum":["Guarantor 1 Contact","Guarantor 2 Contact"]},"title":{"$ref":"#/components/schemas/Title"},"firstName":{"$ref":"#/components/schemas/FirstName"},"middleInitial":{"$ref":"#/components/schemas/MiddleInitial"},"lastName":{"$ref":"#/components/schemas/LastName"},"phoneNumber":{"$ref":"#/components/schemas/PhoneNumber"},"phoneNumberExt":{"$ref":"#/components/schemas/PhoneNumberExt"},"phoneType":{"$ref":"#/components/schemas/PhoneType"},"alternatePhone":{"$ref":"#/components/schemas/AlternatePhone"},"alternatePhoneType":{"$ref":"#/components/schemas/AlternatePhoneType"},"faxNumber":{"$ref":"#/components/schemas/FaxNumber"},"email":{"$ref":"#/components/schemas/Email"},"ownershipPercentage":{"$ref":"#/components/schemas/OwnershipPercentage"},"ssn":{"$ref":"#/components/schemas/SSN"},"dob":{"$ref":"#/components/schemas/DOB"},"addressLine1":{"$ref":"#/components/schemas/AddressLine1"},"addressLine2":{"$ref":"#/components/schemas/AddressLine2"},"city":{"$ref":"#/components/schemas/City"},"state":{"$ref":"#/components/schemas/State"},"country":{"$ref":"#/components/schemas/Country"},"postalCode":{"$ref":"#/components/schemas/PostalCode"},"postalCodeExtension":{"$ref":"#/components/schemas/PostalCodeExtension"},"identification":{"$ref":"#/components/schemas/Identifications"}},"description":""},"Contact_1":{"required":["email","firstName","lastName","phoneNumber","type"],"type":"object","properties":{"type":{"type":"string","description":"Type of merchant contact.   \n  1) Only primary contact\n      is mandatory. May be the same as any owner contact information. \n 2) For primary contact, firstName, lastName, phoneNumber and email are mandatory during POST.  \n 3) For all other contact types, firstName and lastName are mandatory during POST.","example":"Primary Contact","enum":["Primary Contact","Accounting Contact","Customer Service Contact","Shipping Contact","Third Party Contact","Vendor Contact Info","PCI Contact","Corporate"]},"title":{"$ref":"#/components/schemas/Title"},"firstName":{"$ref":"#/components/schemas/FirstName"},"middleInitial":{"$ref":"#/components/schemas/MiddleInitial"},"lastName":{"$ref":"#/components/schemas/LastName"},"ssn":{"$ref":"#/components/schemas/SSN"},"birthDate":{"$ref":"#/components/schemas/DOB"},"phoneNumber":{"$ref":"#/components/schemas/PhoneNumber"},"phoneNumberExt":{"$ref":"#/components/schemas/PhoneNumberExt"},"phoneType":{"$ref":"#/components/schemas/PhoneType"},"alternatePhone":{"$ref":"#/components/schemas/AlternatePhone"},"alternatePhoneType":{"$ref":"#/components/schemas/AlternatePhoneType"},"email":{"$ref":"#/components/schemas/Email"},"faxNumber":{"$ref":"#/components/schemas/FaxNumber"}}},"Address_1":{"required":["addressLine1","city","postalCode","state","type"],"type":"object","properties":{"type":{"$ref":"#/components/schemas/AddressType"},"addressLine1":{"$ref":"#/components/schemas/AddressLine1"},"addressLine2":{"$ref":"#/components/schemas/AddressLine2"},"city":{"$ref":"#/components/schemas/City"},"state":{"$ref":"#/components/schemas/State"},"country":{"$ref":"#/components/schemas/Country"},"postalCode":{"$ref":"#/components/schemas/PostalCode"},"postalCodeExtension":{"$ref":"#/components/schemas/PostalCodeExtension"}}},"Application":{"required":["addresses","businessInfo","contacts","transactionInfo"],"type":"object","properties":{"clientTrackingId":{"$ref":"#/components/schemas/ClientTrackingId"},"waivePersonalGuaranty":{"$ref":"#/components/schemas/waivePersonalGuaranty"},"businessInfo":{"$ref":"#/components/schemas/BusinessInfo"},"transactionInfo":{"$ref":"#/components/schemas/TransactionInfo"},"owners":{"minItems":1,"type":"array","items":{"$ref":"#/components/schemas/Owner"}},"authorizedSigners":{"minItems":1,"type":"array","items":{"$ref":"#/components/schemas/AuthorizedSigner"}},"guarantors":{"minItems":1,"uniqueItems":true,"type":"array","description":"Guarantor information. A guarantor is the person whose credit report will be pulled during the underwriting process.","items":{"$ref":"#/components/schemas/Guarantor"}},"contacts":{"minItems":1,"uniqueItems":true,"type":"array","items":{"$ref":"#/components/schemas/Contact"}},"addresses":{"minItems":1,"uniqueItems":true,"type":"array","example":[{"type":"Mailing Address","addressLine1":"1234 W Tester Ave.","city":"City Town","state":"CO","country":"United States","postalCode":"80123","postalCodeExtension":"1234"},{"type":"Physical Address","addressLine1":"1234 W Tester Ave.","city":"City Town","state":"CO","country":"United States","postalCode":"80123","postalCodeExtension":"1234"},{"type":"Shipping Address","addressLine1":"1234 W Tester Ave.","city":"City Town","state":"CO","country":"United States","postalCode":"80123","postalCodeExtension":"1234"}],"items":{"$ref":"#/components/schemas/Address"}},"bankAccount":{"$ref":"#/components/schemas/BankAccount"},"salesAgent":{"$ref":"#/components/schemas/SalesAgent"},"installationContact":{"$ref":"#/components/schemas/InstallationContact"},"additionalInformation":{"$ref":"#/components/schemas/AdditionalInformation"},"leadSource":{"maxLength":150,"type":"string","description":"The source of the lead.","example":"LP Connect API"},"productsInquiry":{"pattern":"(^[a-zA-Z0-9_ &()*+,.\\/:;=_'‘-]{1,25}$)","uniqueItems":true,"type":"array","items":{"maxLength":25,"minLength":1,"type":"string","description":"Accepts the names of products that the merchant is intrested in.","example":"Gift, Cross Sales Product"}}}},"ClientTrackingId":{"maxLength":36,"minLength":1,"type":"string","description":"This is an optional field that can be used by the partners to send a unique Id from their application for reporting purposes.          ","example":"1341341234132412341"},"AuthorizedSigner":{"required":["addressLine1","city","country","email","firstName","lastName","phoneNumber","postalCode","roleName","signingExperience","signingOrder","state"],"type":"object","properties":{"roleName":{"$ref":"#/components/schemas/RoleName"},"signingExperience":{"$ref":"#/components/schemas/SigningExperience"},"signingOrder":{"$ref":"#/components/schemas/SigningOrder"},"title":{"$ref":"#/components/schemas/Title"},"firstName":{"$ref":"#/components/schemas/FirstName"},"middleInitial":{"$ref":"#/components/schemas/MiddleInitial"},"lastName":{"$ref":"#/components/schemas/LastName"},"phoneNumber":{"$ref":"#/components/schemas/PhoneNumber"},"phoneNumberExt":{"$ref":"#/components/schemas/PhoneNumberExt"},"phoneType":{"$ref":"#/components/schemas/PhoneType"},"alternatePhone":{"$ref":"#/components/schemas/AlternatePhone"},"alternatePhoneType":{"$ref":"#/components/schemas/AlternatePhoneType"},"faxNumber":{"$ref":"#/components/schemas/FaxNumber"},"email":{"$ref":"#/components/schemas/Email"},"ssn":{"$ref":"#/components/schemas/SSN"},"dob":{"$ref":"#/components/schemas/DOB"},"addressLine1":{"$ref":"#/components/schemas/AddressLine1"},"addressLine2":{"$ref":"#/components/schemas/AddressLine2"},"city":{"$ref":"#/components/schemas/City"},"state":{"$ref":"#/components/schemas/State"},"country":{"$ref":"#/components/schemas/Country"},"postalCode":{"$ref":"#/components/schemas/PostalCode"},"postalCodeExtension":{"$ref":"#/components/schemas/PostalCodeExtension"}},"description":"Find more info here.  <a href=\"https://docs.apis.worldpay.com/partner-apis/launchpad-merchant-boarding/reference-guide\">Reference Guide</a> \n","example":{"type":"Owner 1 Contact","title":"Owner","firstName":"Timothy","middleInitial":"M","lastName":"Jones","phoneNumber":"1234567890","phoneNumberExt":"1234","faxNumber":"1234567890","email":"test@test.com","ownershipPercentage":"23","ssn":"884567153","dob":"2000-03-23","addressLine1":"4355 N Coalwhipe St.","city":"City Town","state":"OH","country":"United States","postalCode":"80123","postalCodeExtension":"1234"}},"RoleName":{"type":"string","description":"Role name must match the Docusign template role","example":"Signer3"},"SigningExperience":{"type":"string","description":"Signing ceremony type","example":"embed","enum":["embed","email","wet"]},"SigningOrder":{"type":"string","description":"Define the signing order for multiple signers","example":"2"},"ApplicationResponse":{"type":"object","properties":{"externalRefId":{"$ref":"#/components/schemas/ExternalRefId"}}},"Equipment":{"type":"object","properties":{"equipments":{"type":"array","items":{"$ref":"#/components/schemas/EquipmentObject"}},"shippingOption":{"type":"string","description":"Equipment shipping option.","example":"2nd day","enum":["ground","next day","2nd day"]}}},"EquipmentObject":{"required":["name","price","quantity"],"type":"object","properties":{"id":{"type":"string","description":"Unique identifier for the available device. ","example":"10"},"name":{"type":"string","description":"Device name ","example":"ingenico"},"type":{"type":"string","description":"The terminal type being used ","example":"standalone"},"quantity":{"type":"integer","description":"Integer quantity value ","example":2},"price":{"type":"string","description":"Equipment price. ","example":"120.00"},"paymentMethod":{"type":"string","description":"Method of payment   ","example":"PURCHASE / SALE","enum":["SLIM CD RFRL","LEASE MANUAL","CREDIT/DEBIT","PURCHASE/SALE","REPROGRAM/OWN","M2M RENT","LEASE","INJECTION SWAP"]},"accessMethod":{"type":"string","description":"Connection type for the terminal","example":"SSL"},"environmentName":{"type":"string","description":"Environment name","example":"Retail"}}},"ValueAddedServices":{"type":"object","properties":{"services":{"$ref":"#/components/schemas/Services"},"amex":{"$ref":"#/components/schemas/Amex"}},"description":"Send the service object only when you opt-in for a service"},"Services":{"required":["optIn","serviceName"],"type":"object","properties":{"serviceName":{"type":"string","example":"amex","enum":["amex","saferPaymentsManaged","saferPaymentsBasic","getUpside"]},"optIn":{"type":"boolean","example":true}}},"Amex":{"type":"object","properties":{"type":{"type":"string","description":"Amex type - OptBlue or Direct(ESA)","example":"OptBlue","enum":["OptBlue","Direct"]},"accountNumber":{"type":"integer","description":"Service establishment acount number is required when Amex type is Direct","example":1345143853},"applyCommunicationFee":{"type":"string","description":"Would you like to setup Amex communication fee?","example":"Yes"}},"description":"Send Amex object only when you opt in for Amex service."},"ApplicationContact":{"required":["email","firstName","lastName","title"],"type":"object","properties":{"title":{"maxLength":30,"type":"string","description":"Job title or role of contact. E.g. Vice President, Corprate Lawyer.","example":"Owner"},"firstName":{"maxLength":15,"type":"string","description":"First name","example":"John"},"lastName":{"maxLength":25,"type":"string","description":"Last name","example":"Doe"},"mobilePhoneNumber":{"pattern":"^[0-9]{10}$","type":"string","description":"Contact's 10-digit phone number of the format 5131234567.","example":"1234567890"},"email":{"maxLength":64,"pattern":"([0-9a-zA-Z]([-.\\w]*[0-9a-zA-Z])*@([0-9a-zA-Z][-\\w]*[0-9a-zA-Z]\\.)+[a-zA-Z]{2,9})","type":"string","description":"Email address of the contact. Must have @ and a .","example":"test@test.com"}},"description":"This is the person who will receive this application link via email, and who will be authorized to allow the application to be filled-in via the url returned by this call.\n\nThis must be the merchant contact that is authorized to enter  PII information needed and sign the contract via the user interface."},"DataCollectionLink":{"type":"object","properties":{"ui-link":{"type":"string","description":"UI link for externalRefId","example":"https://test-url.com"}}},"ApplicationStatus":{"type":"object","properties":{"externalRefId":{"$ref":"#/components/schemas/ExternalRefId"},"contractStatus":{"type":"string","enum":["Complete","In Progress","Error","Pending"]},"description":{"type":"string"},"mid":{"type":"string","description":"MID for a application that has been fully boarded to Worldpay's systems and is ready for processing."}},"example":{"externalRefId":"a57223b9-578a-4294-93bf-30f64fdd24a7","contractStatus":"In Progress","description":"Underwriting is in progress.","mid":"40000000000001"}},"SignContract":{"required":["signerIPAddress"],"type":"object","properties":{"signerIPAddress":{"type":"string","description":"The signer's IP address.","example":"127.0.0.1"}}},"Credentials":{"type":"object","properties":{"dbaName":{"maxLength":25,"minLength":1,"type":"string","description":"Merchant's full legal business name. If SoleProprietorship please input first name, full legal last name, and middle initial.","example":"The DBA Name"},"addressLine1":{"maxLength":40,"type":"string","description":"Address Line 1. Field for house number, street and direction.","example":"4355 N Coalwhipe St."},"addressLine2":{"maxLength":40,"type":"string","description":"Address Line 2. Field for apt or suite numbers, etc."},"city":{"maxLength":28,"type":"string","example":"City Town"},"state":{"type":"string","description":"Only valid US state and territory codes are allowed.","example":"CO","enum":["AK","AL","AR","AS","AZ","CA","CO","CT","DC","DE","FL","FM","GA","GU","HI","IA","ID","IL","IN","KS","KY","LA","MA","MD","ME","MH","MI","MN","MO","MP","MS","MT","NC","ND","NE","NH","NJ","NM","NV","NY","OH","OK","OR","PA","PW","PR","RI","SC","SD","TN","TX","UT","VA","VT","VI","WA","WI","WV","WY"]},"postalCode":{"maxLength":5,"minLength":5,"pattern":"^[0-9]{5}$","type":"string","description":"Postal code / zip code. The postal code must be valid for the address' country code.","example":"80123"},"firstName":{"maxLength":15,"type":"string","description":"Contact's first name.","example":"Timothy"},"lastName":{"maxLength":25,"type":"string","description":"Contact's last name.","example":"Jones"},"email":{"maxLength":64,"type":"string","description":"Email address of the contact. Must have an @ and a .","example":"test@email.com"},"telephoneNumber":{"type":"string","description":"Owner's 10-digit phone number of the format 5131234567.","example":"1234567890"},"accountId":{"type":"string"},"acceptorId":{"type":"string"},"expressToken":{"type":"string"}},"example":{"dbaName":"dba name","addressLine1":"123 Paper St","addressLine2":"Apt 21","city":"city","state":"CO","postalCode":"80122","firstName":"Fname","lastName":"Lname","email":"mail@mail.com","telephoneNumber":"1234567899","accountId":"123","acceptorId":"123","expressToken":"123"}}},"responses":{"default":{"description":"Default errors","content":{"application/json":{"schema":{"$ref":"#/components/schemas/ErrorResponse"},"examples":{"400 Bad Request":{"$ref":"#/components/examples/400BadRequest"},"401 Unauthorized":{"$ref":"#/components/examples/401Unauthorized"},"403 Forbidden":{"$ref":"#/components/examples/403Forbidden"},"404 Not Found":{"$ref":"#/components/examples/404NotFound"},"412 Pre Condition":{"$ref":"#/components/examples/412PreCondition"},"415 Bad Content Type":{"$ref":"#/components/examples/415BadContentType"},"500 Server Error":{"$ref":"#/components/examples/500ServerError"}}}}}},"examples":{"400BadRequest":{"description":"Bad Request","value":{"httpStatusCode":400,"httpStatusMessage":"BAD_REQUEST","errors":[{"errorCode":"PARAMETER_VALIDATION_ERROR","errorMessage":"No entries found with provided externalRefId.","target":"externalRefId"}]}},"401Unauthorized":{"value":{"httpStatusCode":401,"httpStatusMessage":"Invalid API Key","errors":[{"errorCode":"INVALID_API_KEY","errorMessage":"Invalid API key. Please ensure the key is accurate and authorization is included.","target":"Authorization"}]}},"403Forbidden":{"value":{"httpStatusCode":403,"httpStatusMessage":"AUTH-ERROR","errors":[{"errorCode":"AUTH_ERROR","errorMessage":"Invalid Authorization header. Please ensure the license token is valid and properly formatted.","target":"Authorization"}]}},"404NotFound":{"value":{"httpStatusCode":404,"httpStatusMessage":"STATUS-MESSAGE","errors":[{"errorCode":"ERROR_CODE","errorMessage":"Error message here.","target":"Target"}]}},"412PreCondition":{"value":{"httpStatusCode":412,"httpStatusMessage":"PRECONDITION_FAILED","errors":[{"errorCode":"ERROR_VALIDATION_REQUEST_PARAM","errorMessage":"JSONMappingException: Cannot deserialize.","target":"Bad Contract Request"}]}},"415BadContentType":{"value":{"httpStatusCode":415,"httpStatusMessage":"Bad-Content-Type","errors":[{"errorCode":"BAD_CONTENT_TYPE","errorMessage":"text/xml is not supported.","target":"Bad Content Type"}]}},"500ServerError":{"value":{"httpStatusCode":500,"httpStatusMessage":"env:Client","errors":[{"errorCode":"Internal Error","errorMessage":"Internal Client Error","target":"exampleTarget"}]}},"ApplicationPosSolution":{"value":{"businessInfo":{"legalName":"Todd Davis","dbaName":"The DBA Name","mccCode":"5812","ownershipType":"SOLE PROPRIETOR"},"transactionInfo":{"percentRetailSwipedTransactions":82,"annualSalesVolume":20000.12},"owners":[{"type":"Control Owner Contact","firstName":"Todd","lastName":"Davis","phoneNumber":"1234567890","email":"test@test.com","ownershipPercentage":"26","ssn":"884567153","addressLine1":"4355 N Coalwhipe St.","city":"City Town","state":"OH","country":"United States","postalCode":"80123"}],"guarantors":[{"type":"Guarantor 1 Contact","firstName":"Todd","lastName":"Davis","phoneNumber":9965856585,"email":"Pavan.Reddy@worldpay.com","ssn":"884567153","addressLine1":"4355 N Coalwhipe St.","city":"City Town","state":"CO","country":"United States","postalCode":"80013"}],"contacts":[{"type":"Primary Contact","firstName":"Todd","lastName":"Davis","ssn":"884567153","phoneNumber":"1234567890","email":"test@email.com"}],"addresses":[{"type":"Physical Address","addressLine1":"5775 DTC Blvd.","city":"Seattle","state":"WA","country":"United States","postalCode":"98101"},{"type":"Mailing Address","addressLine1":"1234 W Tester Ave","city":"City Town","state":"CO","country":"United States","postalCode":"80123","postalCodeExtension":"1234"}],"bankAccount":{"ddaType":"Checking","achType":"Commercial Checking","accountNumber":"12345","routingNumber":"102000076","bankName":"Bank Name"},"additionalInformation":[{"key":"productVersionId","value":"5627"}]}},"ApplicationPosSolutionFull":{"value":{"waivePersonalGuaranty":"false","businessInfo":{"legalName":"Timothy Jones2","dbaName":"The DBA Name","federalTaxId":"884567153","mccCode":"5511","ownershipType":"SOLE PROPRIETOR","businessEstablishedDate":"2000-03-23","websiteUrl":"www.thefoodplace.com","pciadc":"No","pcidssValidated":"No","surroundingArea":"Commercial","productServiceSold":"FOOD","ownAddYears":"2","lengthOfContract":"30","seasonal":"Yes","activeMonths":["Jan","Feb","Mar"],"warranty":"1 YEAR","returnPolicy":"30 Day","numberOfLocation":2,"acceptCreditCards":"yes","paymentAcceptanceMethod":["inPerson","onlineSite","phoneOrMailOrder"],"amexMarketingCommunication":"yes","govOwnedMerchantCountry":"US"},"transactionInfo":{"acceptChargebacks":"No","chargebackPercent":0,"currentProcessor":"","percentRetailSwipedTransactions":82,"returnPercent":2.32,"cardNotPresentPercent":20,"businessToBusinessPercent":20,"internetTransactionPercent":10,"motoPercent":20,"averageTicket":2.31,"highestTicket":32.41,"annualSalesVolume":20000.12,"annualCreditSalesVolume":123.32,"annualDebitSalesVolume":32.23,"annualAmexVolume":1000000,"amexAverageTicket":2.31,"needsProcessingBy":"2000-01-03"},"owners":[{"type":"Control Owner Contact","title":"Owner","firstName":"Todd","middleInitial":"M","lastName":"Todd","phoneNumber":"9965856585","phoneNumberExt":"1234","faxNumber":"8845671143","email":"Pavan.Reddy@worldpay.com","ownershipPercentage":"30","ssn":"884567153","dob":"2000-03-23","addressLine1":"4355 N Coalwhipe St","city":"City Town","state":"OH","country":"United States","postalCode":"80123","postalCodeExtension":"1234","identification":[{"idType":"PASSPORT","idNumber":"312312341","issuedCity":"City Town","issuedState":"CO","issuedCountry":"US","dateIssued":"1999-01-30","dateExpires":"2020-02-11"}]},{"type":"Owner 1 Contact","title":"Owner","firstName":"Timothy","middleInitial":"M","lastName":"Jones","phoneNumber":"9965856585","phoneNumberExt":"1234","faxNumber":"8845671143","email":"Pavan.Reddy@worldpay.com","ownershipPercentage":"23","ssn":"884567153","dob":"2000-03-23","addressLine1":"4355 N Coalwhipe St","city":"City Town","state":"OH","country":"United States","postalCode":"80123","postalCodeExtension":"1234","identification":[{"idType":"PASSPORT","idNumber":"312312341","issuedCity":"City Town","issuedState":"CO","issuedCountry":"US","dateIssued":"1999-01-30","dateExpires":"2020-02-11"}]}],"guarantors":[{"type":"Guarantor 1 Contact","title":"string","firstName":"Todd","middleInitial":"M","lastName":"Davis","phoneNumber":9965856585,"phoneNumberExt":12345678,"phoneType":"mobile","alternatePhone":9131234567,"alternatePhoneType":"home","faxNumber":8845671143,"email":"Pavan.Reddy@worldpay.com","ownershipPercentage":0,"ssn":"884567153","dob":"1980-03-12","addressLine1":"4355 N Coalwhipe St.","addressLine2":"Coalwhipe St.","city":"City Town","state":"CO","country":"United States","postalCode":"80013","postalCodeExtension":"1234","identification":[{"idType":"PASSPORT","idNumber":"312312341","issuedCity":"City Town","issuedState":"CO","issuedCountry":"US","dateIssued":"1999-01-30","dateExpires":"2020-02-11"}]}],"authorizedSigners":[{"firstName":"Timothy","middleInitial":"M","lastName":"Jones","phoneNumber":"1234567890","email":"test@test.com","ssn":"884567153","dob":"2000-03-23","addressLine1":"4355 N Coalwhipe St.","city":"City Town","state":"OH","country":"United States","postalCode":"80123"}],"contacts":[{"type":"Primary Contact","title":"Owner","firstName":"Timothy","middleInitial":"M","lastName":"Jones","ssn":"884567153","birthDate":"2000-03-23","phoneNumber":"9965856585","phoneNumberExt":"1234","phoneType":"mobile","alternatePhone":9131234567,"alternatePhoneType":"home","email":"Pavan.Reddy@worldpay.com","faxNumber":"8845671143"}],"addresses":[{"type":"Mailing Address","addressLine1":"1234 W Tester Ave","city":"City Town","state":"CO","country":"United States","postalCode":"80123","postalCodeExtension":"1234"},{"type":"Physical Address","addressLine1":"1234 W Tester Ave","city":"City Town","state":"CO","country":"United States","postalCode":"80123","postalCodeExtension":"1234"},{"type":"Shipping Address","addressLine1":"1234 W Tester Ave","city":"City Town","state":"CO","country":"United States","postalCode":"80123","postalCodeExtension":"1234"}],"bankAccount":{"ddaType":"Checking","achType":"Commercial Checking","accountNumber":"12345","routingNumber":"102000076","bankName":"Bank Name"},"salesAgent":{"id":"U15315","firstName":"John","lastName":"Doe","mobilePhoneNumber":"9965856585","email":"john.doe@test.com"},"installationContact":{"id":"U15318","firstName":"Sam","lastName":"Doe","mobilePhoneNumber":"1234567890","email":"test@test.com"},"additionalInformation":[{"key":"productVersionId","value":"5627"},{"key":"referralPartnerId","value":"6329"},{"key":"leadInitiatedBy","value":"p"},{"key":"numberOfLanes","value":"40"},{"key":"cardVerificationMethod","value":"all"}]}},"EquipmentPosSolution":{"value":{"equipments":[{"name":"ingenico","quantity":2,"price":"120.00"}],"shippingOption":"2nd day"}},"ValueAddedServices":{"value":{"services":[{"serviceName":"amex","optIn":true}],"amex":{"type":"OptBlue","accountNumber":1345143853,"applyCommunicationFee":"Yes"}}}},"requestBodies":{"ChooseEquipment":{"content":{"application/json":{"schema":{"$ref":"#/components/schemas/Equipment"},"examples":{"Default":{"$ref":"#/components/examples/EquipmentPosSolution"}}}},"required":true},"ValueAddedServices":{"content":{"application/json":{"schema":{"$ref":"#/components/schemas/ValueAddedServices"},"examples":{"Services":{"$ref":"#/components/examples/ValueAddedServices"}}}},"required":true}},"headers":{"VCorrelationId":{"description":"Unique transaction Id. Will be generated if not provided and returned in response headers.","schema":{"type":"string","format":"uuid"},"example":"3fcb1437-4e52-4946-9ae1-e618351b6d16"}},"securitySchemes":{"api_key":{"type":"apiKey","description":"``` License format is WORLDPAY license='xxxx'```","name":"Authorization","in":"header"}}}}