{"openapi":"3.0.0","info":{"title":"GoREST API April 2022","description":"This is a sample GoREST server.  You can find\nout more about Swagger at\n[GoREST](https://gorest.co.in/).\n\n\n# Introduction\nThis API allows users to create, modify, list, and delete the users from the GoREST database.\n\n\n## Authentication\n1. This API uses OAuth2.0 or Bearer Token-based authentication for **POST**, **PUT**, and **DELETE** methods.\n2. You can get the API token by the following steps.\n3. Register with the GoRest website.\n4. Once you have verified through the email, you can log into the website.\n5. Go to **Howdy!** drop-down menu and click **API Tokens**.\n","termsOfService":"https://gorest.co.in/privacy-policy","contact":{"email":"support@gorest.co.in"},"license":{"name":"Apache 2.0","url":"http://www.apache.org/licenses/LICENSE-2.0.html"},"version":"1.0.0"},"servers":[{"url":"https://virtserver.swaggerhub.com/Metapercept9/April2022-API/1.0.0","description":"SwaggerHub API Auto Mocking"},{"url":"https://gorest.co.in/public/v2/","description":"SwaggerHub API Auto Mocking"}],"security":[{"bearerAuth":[]}],"tags":[{"name":"Users","description":"Everything about the users"},{"name":"Posts","description":"Everything about the user posts"},{"name":"Comments","description":"Everything about the comments on a post"},{"name":"ToDos","description":"Everything about scheduling your ToDos"}],"paths":{"/users":{"get":{"tags":["Users"],"summary":"To get the list of users.","responses":{"200":{"description":"Operation successful"},"404":{"description":"Resource not found"}}},"post":{"tags":["Users"],"summary":"To create a new user","requestBody":{"$ref":"#/components/requestBodies/users"},"responses":{"201":{"description":"Created"},"401":{"description":"Authentication Failed"},"422":{"description":"Unprocessable Entity"}}}},"/users/{Id}":{"get":{"tags":["Users"],"summary":"Get a user with ID","parameters":[{"name":"Id","in":"path","required":true,"style":"simple","explode":false,"schema":{"type":"integer","format":"int64"}}],"responses":{"200":{"description":"Success"},"400":{"description":"Bad request. This could be caused by various actions by the user, such as providing invalid JSON data in the request body, providing invalid action parameters, etc."},"404":{"description":"Requested resource does not exist"},"405":{"description":"method not allowed"}}},"put":{"tags":["Users"],"summary":"Update a user","parameters":[{"name":"Id","in":"path","required":true,"style":"simple","explode":false,"schema":{"type":"integer","format":"int64"}}],"requestBody":{"$ref":"#/components/requestBodies/users"},"responses":{"200":{"description":"Success"},"400":{"description":"Bad request. This could be caused by various actions by the user, such as providing invalid JSON data in the request body, providing invalid action parameters, etc."},"404":{"description":"Requested resource does not exist"},"405":{"description":"method not allowed"}}},"delete":{"tags":["Users"],"summary":"Delete user by ID","description":"Deletes a single user","parameters":[{"name":"Id","in":"path","required":true,"style":"simple","explode":false,"schema":{"type":"integer","format":"int64"}}],"responses":{"200":{"description":"successful operation"}}}},"/users/{email}":{"get":{"tags":["Users"],"summary":"To get the user details with their email address.","parameters":[{"name":"email","in":"path","required":true,"style":"simple","explode":false,"schema":{"type":"string"}}],"responses":{"200":{"description":"Operation successful"},"404":{"description":"Resource not found"}}}}},"components":{"schemas":{"users":{"required":["email","gender","name","status"],"type":"object","properties":{"name":{"type":"string","description":"name must be a string value."},"email":{"type":"string","description":"email must be a string value."},"gender":{"type":"string","description":"gender can either be female or male."},"status":{"type":"string","description":"status can either be active or inactive."}}}},"requestBodies":{"users":{"content":{"application/json":{"schema":{"$ref":"#/components/schemas/users"}}}}},"securitySchemes":{"bearerAuth":{"type":"http","scheme":"bearer"}}}}