{"openapi":"3.0.0","info":{"title":"TMG-Ministry","description":"TMG-Ministry","version":"1.0"},"servers":[{"url":"/"}],"tags":[{"name":"Home Page","description":"Home Page API"},{"name":"Search Page","description":"Search Page API"},{"name":"Unit Page","description":"Unit Page API"},{"name":"Models Page","description":"Model Page API"}],"paths":{"/user":{"post":{"tags":["Home Page"],"summary":"Create user","description":"User Quick Registration.","operationId":"createUser","requestBody":{"description":"Created user object","content":{"application/json":{"schema":{"$ref":"#/components/schemas/User"}}},"required":true},"responses":{"200":{"description":"successful operation","content":{"application/json":{"schema":{"$ref":"#/components/schemas/UserResponse"}}}}}}},"/user/otp":{"post":{"tags":["Home Page"],"summary":"Verify User OTP","operationId":"checkOTP","requestBody":{"content":{"application/json":{"schema":{"type":"object","properties":{"mobile":{"type":"string","example":"146800640"},"otp":{"type":"string","example":"111111"}}}}}},"responses":{"200":{"description":"successful operation","content":{"application/json":{"schema":{"$ref":"#/components/schemas/ApiResponse"}}}},"400":{"description":"OTP Timed Out"}}}},"/user/otp-resend":{"post":{"tags":["Home Page"],"summary":"Resend User OTP","operationId":"resendOTP","requestBody":{"content":{"application/json":{"schema":{"type":"object","properties":{"mobile":{"type":"string","example":"146800640"}}}}}},"responses":{"200":{"description":"successful operation","content":{"application/json":{"schema":{"$ref":"#/components/schemas/ApiResponse"}}}}}}},"/user/forget-password":{"post":{"tags":["Home Page"],"summary":"Forget Password","operationId":"forgetPassword","requestBody":{"content":{"application/json":{"schema":{"type":"object","properties":{"mobile":{"type":"string","example":"146800640"}}}}}},"responses":{"200":{"description":"successful operation","content":{"application/json":{"schema":{"$ref":"#/components/schemas/ApiResponse"}}}}}}},"/user/login":{"post":{"tags":["Home Page"],"summary":"User Login Authentication","operationId":"loginUser","requestBody":{"content":{"application/json":{"schema":{"type":"object","properties":{"mobile":{"type":"string","example":"146800640"},"password":{"type":"string","example":"password"}}}}}},"responses":{"200":{"description":"successful operation","content":{"application/json":{"schema":{"$ref":"#/components/schemas/UserResponse"}}}},"400":{"description":"Invalid mobile/password supplied"}}}},"/units":{"get":{"tags":["Search Page"],"summary":"Get Units By Filter","operationId":"getUnitByFilter","parameters":[{"name":"project_id","in":"query","required":false,"style":"form","explode":true,"schema":{"type":"string"}},{"name":"model","in":"query","required":false,"style":"form","explode":true,"schema":{"type":"string"}},{"name":"base_price","in":"query","required":false,"style":"form","explode":true,"schema":{"type":"array","items":{"type":"integer"}}},{"name":"area","in":"query","required":false,"style":"form","explode":true,"schema":{"type":"array","items":{"type":"integer"}}},{"name":"bedroom","in":"query","required":false,"style":"form","explode":true,"schema":{"type":"string"}},{"name":"floor","in":"query","required":false,"style":"form","explode":true,"schema":{"type":"string"}}],"responses":{"200":{"description":"successful operation","content":{"application/json":{"schema":{"type":"array","items":{"$ref":"#/components/schemas/UnitCard"}}}}}}}},"/unit/{unit_id}":{"get":{"tags":["Unit Page"],"summary":"Find Unit by ID","description":"Returns a single Unit","operationId":"getUnitById","parameters":[{"name":"unit_id","in":"path","description":"ID of unit to return","required":true,"style":"simple","explode":false,"schema":{"type":"integer","format":"int64"}}],"responses":{"200":{"description":"successful operation","content":{"application/json":{"schema":{"$ref":"#/components/schemas/Unit"}}}},"400":{"description":"Invalid ID supplied"},"404":{"description":"Unit not found"}}}},"/paymentplans":{"get":{"tags":["Unit Page"],"summary":"Get Payment Plan By Unit ID and Installment Years","operationId":"getPaymentPlan","parameters":[{"name":"unit_id","in":"query","description":"Unit Id","required":true,"style":"form","explode":true,"schema":{"type":"integer"}},{"name":"pln_id","in":"query","description":"Installment Year","required":true,"style":"form","explode":true,"schema":{"type":"integer"}}],"responses":{"200":{"description":"successful operation","content":{"application/json":{"schema":{"$ref":"#/components/schemas/PaymentPlan"}}}},"400":{"description":"Invalid unitId/installment_year supplied"}}}},"/models":{"get":{"tags":["Models Page"],"summary":"Find Models by Project","description":"Returns array of models","operationId":"getModelsByProject","parameters":[{"name":"project_id","in":"query","description":"ID of project","required":true,"style":"form","explode":true,"schema":{"type":"integer","format":"int64"}}],"responses":{"200":{"description":"successful operation","content":{"application/json":{"schema":{"type":"array","items":{"$ref":"#/components/schemas/Model"}}}}},"400":{"description":"Invalid Project ID supplied"}}}}},"components":{"schemas":{"Model":{"type":"object","properties":{"model_name":{"type":"string","example":"B"},"min_price":{"type":"integer","example":1000},"max_price":{"type":"integer","example":10000},"min_area":{"type":"integer","example":100},"max_area":{"type":"integer","example":120},"rooms":{"type":"array","example":[1,2,3],"items":{"type":"integer"}},"bathroom":{"type":"array","example":[1,2,3],"items":{"type":"integer"}},"floor":{"type":"array","example":[1,2,3],"items":{"type":"integer"}},"photo_url":{"type":"string","example":"www.google.com"}}},"Unit":{"type":"object","properties":{"unit_code":{"type":"string","example":"<compound>/<building>/<apartment>"},"group":{"type":"string","example":"B11"},"project_name":{"type":"string","example":"Madinty"},"area":{"type":"integer","example":150},"bathroom":{"type":"integer","example":1},"floor":{"type":"integer","example":1},"bedroom":{"type":"integer","example":1},"finish_id":{"type":"string","example":"F"},"finish_name":{"type":"string","example":"Finished"},"balcony":{"type":"integer"},"f_club":{"type":"string","example":"true"},"map_location_text":{"type":"string","example":"Location"},"paymentPlan":{"type":"array","items":{"type":"object","properties":{"pln_id":{"type":"integer","example":101},"years":{"type":"integer","example":10},"total_cash_amount":{"type":"integer","example":1500000},"reservation_amount":{"type":"integer","example":150000},"monthly_installment":{"type":"integer","example":1500}}}},"model":{"type":"string","example":"A"},"model_text":{"type":"string","example":"Description"},"unit_image_1_photo_url":{"type":"string","example":"www.google.com"},"unit_image_2_photo_url":{"type":"string","example":"www.google.com"},"map_photo_url":{"type":"string","example":"www.google.com"},"finish_photo_url":{"type":"string","example":"www.google.com"},"floor_photo_url":{"type":"string","example":"www.google.com"},"unit_plan_photo_url":{"type":"string","example":"www.google.com"},"video_url":{"type":"string","example":"www.google.com"}}},"PaymentPlan":{"type":"object","properties":{"total_cash_amount":{"type":"integer","example":120000},"conditions":{"type":"array","items":{"type":"object","properties":{"condition_type":{"type":"string","example":"Monthly"},"installment_number":{"type":"integer","example":300},"condition_value":{"type":"integer","example":3000000},"condition_total":{"type":"integer","example":3000000000}}}}}},"User":{"type":"object","properties":{"name":{"type":"string","example":"mohamed"},"national_id":{"type":"string","example":"12345678901234"},"email":{"type":"string"},"national_id_expiration":{"pattern":"YYYY-MM-DD","type":"string","description":"National Id Expiration","format":"date","example":"2020-10-02"},"mobile":{"type":"string","example":"146800640"},"password":{"type":"string","example":"password"},"monthly_income":{"type":"integer","example":100000},"monthly_income_spouse":{"type":"integer","example":100000}}},"UserResponse":{"type":"object","properties":{"user_id":{"type":"string","example":"10101"},"name":{"type":"string","example":"mohamed"},"national_id":{"type":"string","example":"12345678901234"},"email":{"type":"string"},"mobile":{"type":"string","example":"146800640"}}},"ApiResponse":{"type":"object","properties":{"code":{"type":"integer","format":"int32","example":200},"type":{"type":"string","example":"success"},"message":{"type":"string"}}},"UnitCard":{"type":"object","properties":{"unit_id":{"type":"integer","example":1001},"model":{"type":"string","example":"B"},"project_name":{"type":"string","example":"Madinty"},"base_price":{"type":"integer","format":"int64","example":100000},"area":{"type":"integer","format":"int64","example":100},"bedroom":{"type":"integer","format":"int64","example":2},"bathroom":{"type":"integer","format":"int64","example":1},"floor":{"type":"integer","format":"int6","example":1},"reservation_amount":{"type":"integer","format":"int64","example":10000},"unit_image_1_photo_url":{"type":"string","example":"www.google.com"}}}}}}