{"openapi":"3.0.0","info":{"title":"Send and Receive Message/Event(s)","description":"Early protype message structures for the DIP","version":"0.1"},"servers":[{"url":"https://virtserver.swaggerhub.com/MHHSpilot/I006-RegServiceNotificationofMTDUpdates/0.1","description":"SwaggerHub API Auto Mocking"},{"url":"https://virtserver.swaggerhub.com/MHHSpilot/0.1","description":"SwaggerHub API Mock Server"}],"paths":{"/submitEvents":{"post":{"tags":["Submit Event/Messages"],"summary":"Submit a series of events/messages","description":"Allows a Market Participant to submit a series of events/messages","operationId":"submitMessages","requestBody":{"content":{"application/json":{"schema":{"$ref":"#/components/schemas/EventListType"}}},"required":true},"responses":{"201":{"description":"Created","content":{"application/json":{"schema":{"$ref":"#/components/schemas/EventResponseListType"}}}}}}},"/fetchEvents":{"post":{"tags":["Get Event/Messages"],"summary":"Webhook to pull a series of events/messages","description":"Allows a Market Participant to get a series of events/messages","operationId":"getEvents","requestBody":{"content":{"application/json":{"schema":{"$ref":"#/components/schemas/fetchEvents_body"}}},"required":true},"responses":{"201":{"description":"Webhook created"}},"callbacks":{"outEvent":{"{$request.body#/callbackUrl}":{"post":{"requestBody":{"content":{"application/json":{"schema":{"$ref":"#/components/schemas/EventListType"}}},"required":true},"responses":{"200":{"description":"OK"}}}}}}}}},"components":{"schemas":{"EventListType":{"minItems":1,"type":"array","description":"Array of events","items":{"$ref":"#/components/schemas/Events"}},"Events":{"type":"object","properties":{"header":{"$ref":"#/components/schemas/EventHeaderType"},"body":{"$ref":"#/components/schemas/EventBodyType"}},"description":"a DIP event"},"EventHeaderType":{"type":"object","properties":{"interfaceId":{"type":"string","example":"IF-006"},"sentTimestamp":{"type":"string","example":"2022-03-01T13:00:00Z"},"senderId":{"$ref":"#/components/schemas/DT-006-ParticipantId"},"senderRole":{"$ref":"#/components/schemas/DT-009-ParticipantRole"},"senderUniqueRef":{"type":"string"},"recipient":{"type":"string"},"secondaryRecipient":{"type":"string"},"transactionId":{"type":"string"},"transactionTimestamp":{"type":"string"},"environment":{"type":"string"},"replayIndicator":{"type":"boolean"},"workflowCorrelationId":{"type":"string"}},"description":"Standard Header"},"EventBodyType":{"type":"object","properties":{"EventBody":{"oneOf":[{"$ref":"#/components/schemas/IF006-RegistrationNotificationOfMTDUpdateType"},{"$ref":"#/components/schemas/IF005-MeteringServiceUpdateType"}]}}},"EventResponseListType":{"minItems":1,"type":"array","description":"Array of incoming events","items":{"$ref":"#/components/schemas/EventResponseBodyType"}},"EventResponseBodyType":{"type":"object","properties":{"transactionId":{"type":"string"},"senderUniqueRef":{"type":"string"},"workflowCorrelationId":{"type":"string"},"transactionTimestamp":{"type":"string"},"validStatus":{"type":"string"}}},"IF005-MeteringServiceUpdateType":{"type":"object","properties":{"id":{"type":"string","example":"IF005"},"eventCode":{"$ref":"#/components/schemas/DT-999-EventCode"},"MPANCore":{"$ref":"#/components/schemas/DT-002-MPAN"},"meteringServiceId":{"$ref":"#/components/schemas/DT-008-MeterServiceId"},"modifiedMeterId":{"$ref":"#/components/schemas/DT-010-MeterId"},"meterId":{"$ref":"#/components/schemas/DT-010-MeterId"},"esmeId":{"maximum":23,"minimum":23,"type":"string"},"meterType":{"maximum":6,"minimum":1,"type":"string","example":"AMR.S1"},"meterLocation":{"maximum":1,"minimum":1,"type":"string"},"numberOfDisplayedRegisterUnits":{"type":"number"},"meterInstalllationDateTime":{"$ref":"#/components/schemas/DT-004-UTCDateTime"},"IHDInstallStatus":{"type":"string","description":"I - Installed, D - Declined, E- Existing, F - Failed","example":"I","enum":["I","D","E","F"]},"IHDStatusEffFromDateTime":{"$ref":"#/components/schemas/DT-004-UTCDateTime"},"removedMeterId":{"$ref":"#/components/schemas/DT-010-MeterId"},"removedMeterDateTime":{"$ref":"#/components/schemas/DT-004-UTCDateTime"},"customerDirectContactMeteringService":{"type":"boolean"},"customerDirectContractEndDateTime":{"$ref":"#/components/schemas/DT-004-UTCDateTime"}}},"IF006-RegistrationNotificationOfMTDUpdateType":{"type":"object","properties":{"id":{"type":"string","example":"IF006"},"S0":{"type":"object"},"eventResponseCode":{"$ref":"#/components/schemas/DT-998-EventResponseCode"},"errorMessage":{"$ref":"#/components/schemas/DT-997-ErrorMessage"},"eventCode":{"$ref":"#/components/schemas/DT-999-EventCode"},"MPANCore":{"$ref":"#/components/schemas/DT-002-MPAN"},"meteringServiceId":{"$ref":"#/components/schemas/DT-008-MeterServiceId"},"meterId":{"$ref":"#/components/schemas/DT-010-MeterId"},"modifiedMeterId":{"$ref":"#/components/schemas/DT-010-MeterId"},"esmeId":{"maximum":23,"minimum":23,"type":"string"},"meterType":{"maximum":6,"minimum":1,"type":"string","example":"AMR.S1"},"meterLocation":{"maximum":1,"minimum":1,"type":"string"},"numberOfDisplayedRegisterUnits":{"type":"number"},"meterInstalllationDateTime":{"$ref":"#/components/schemas/DT-004-UTCDateTime"},"IHDInstallStatus":{"type":"string","description":"I - Installed, D - Declined, E- Existing, F - Failed","example":"I","enum":["I","D","E","F"]},"IHDStatusEffFromDateTime":{"$ref":"#/components/schemas/DT-004-UTCDateTime"},"meterAssetProviderId":{"$ref":"#/components/schemas/DT-008-MeterServiceId"},"meterAssetProviderEffFromDateTime":{"$ref":"#/components/schemas/DT-004-UTCDateTime"},"removedMeterId":{"$ref":"#/components/schemas/DT-010-MeterId"},"removedMeterDateTime":{"$ref":"#/components/schemas/DT-004-UTCDateTime"},"customerDirectContactMeteringService":{"type":"boolean"},"customerDirectContractEndDateTime":{"$ref":"#/components/schemas/DT-004-UTCDateTime"}}},"DT-999-EventCode":{"maximum":1,"minimum":1,"type":"string","description":"Event Code","example":"C"},"DT-998-EventResponseCode":{"maximum":1,"minimum":1,"type":"string","description":"Event Response Code","example":"C"},"DT-997-ErrorMessage":{"maximum":2E+2,"minimum":1,"type":"string","description":"Event Message","example":"Example error message"},"DT-002-MPAN":{"maximum":13,"minimum":13,"type":"string","description":"MPAN Core","example":"2000015001165123"},"DT-004-UTCDateTime":{"maximum":25,"minimum":25,"type":"string","description":"Date/time in UTV","example":"2022-03-21T19:05:00+00:00"},"DT-006-ParticipantId":{"maximum":1E+1,"minimum":1E+1,"type":"string","description":"Market Participant Id","example":"10090123456"},"DT-008-MeterServiceId":{"maximum":4,"minimum":4,"type":"string","description":"Meter Service Id","example":"1234"},"DT-009-ParticipantRole":{"maximum":3,"minimum":3,"type":"string","description":"Market Participant Role","example":"101"},"DT-010-MeterId":{"maximum":1E+1,"minimum":1E+1,"type":"string","description":"Meter Serial Number","example":"10090123456"},"fetchEvents_body":{"required":["callbackUrl"],"type":"object","properties":{"callbackUrl":{"type":"string","format":"uri","example":"https://bigEnergyServer.com/send/callback/here"}}}}}}