{"openapi":"3.0.0","info":{"title":"BNPL Inquiry API","description":"This is the Buy Now Pay Later (BNPL) Inquiry server API documentation.\n","version":"1.0.0"},"servers":[{"url":"https://inquiries.bnpltests.com/v1","description":"Inquiries Shared Sandbox"}],"security":[{"basicAuth":[]}],"tags":[{"name":"Inquiries","description":"BNPL Credit Report Inquiry"}],"paths":{"/inquiries":{"post":{"tags":["Inquiries"],"requestBody":{"description":"The fields that can be supplied in the JSON request.","content":{"application/json":{"schema":{"$ref":"#/components/schemas/InquiryRequest"},"examples":{"valid_inquiry":{"summary":"Valid Inquiry","value":{"control_file_name":"Default","last_name":"BIROVLJEV","first_name":"KURT","ssn":666438093,"birth_date":"1969-09-01","street1":"1710 WASHINGTON AVE","city":"HOT SPRINGS","state":"SD","zip":57747}},"smoke_test":{"summary":"Smoke Test","value":{"control_file_name":"Default","last_name":"WHIPLASH","first_name":"SNIDELY","ssn":212046294,"birth_date":"2000-01-01","street1":"500 CITY BLVD WEST","city":"ORANGE","state":"CA","zip":92868}}}}},"required":true},"responses":{"200":{"description":"OK. Returns Response Object","content":{"application/json":{"schema":{"$ref":"#/components/schemas/InquiryResponse"}}}},"400":{"description":"Bad Request"},"401":{"description":"Unauthorized"},"403":{"description":"Forbidden"},"422":{"description":"Unprocessable Entity"},"500":{"description":"Internal Error"},"502":{"description":"Bad Gateway"},"503":{"description":"Service Unavailable"},"504":{"description":"Gateway Timeout"}}}}},"components":{"schemas":{"InquiryRequest":{"required":["birth_date","city","control_file_name","first_name","last_name","state","street1","zip"],"type":"object","properties":{"id":{"type":"integer","format":"int64"},"control_file_name":{"type":"string","description":"Printable UTF-8 text characters only"},"monthly_income":{"type":"string","description":"Gross monthly income. Digits only, with one optional period."},"next_pay_day":{"type":"string","description":"ISO8601 format: CCYYMMDD or CCYY-MM-DD, any other format is rejected. Must be a valid future date within 1 year.","format":"date"},"ssn":{"type":"number","description":"9 Digits (fixed), and ssn_last4 must be nil."},"snn_last4":{"maximum":4,"minimum":4,"type":"integer","description":"4 Digits (fixed), and ssn must be nil."},"first_name":{"type":"string","description":"No spaces, No Special Characters, Dashes(-) allowed."},"middle_name":{"type":"string","description":"No spaces, No Special Characters, Dashes(-) allowed."},"last_name":{"type":"string","description":"No spaces, No Special Characters, Dashes(-) allowed."},"generation_code":{"type":"string","description":"Only acceptable values: JR, SR, II, III, IV, V, VI, VII, VIII, or IX."},"birth_date":{"type":"string","description":"ISO8601 format: CCYYMMDD or CCYY-MM-DD, any other format is rejected. Must be a valid date within last 150 years","format":"date"},"street1":{"type":"string","description":"Consumer physical address, not mailing or delivery address. ASCII printable characters: USPS Standard."},"street2":{"type":"string","description":"Consumer physical address, not mailing or delivery address. ASCII printable characters: USPS Standard."},"city":{"type":"string","description":"Consumer physical address, not mailing or delivery address. ASCII printable characters: USPS Standard."},"state":{"maximum":2,"minimum":2,"type":"string","description":"Any unknown state abbreviation is rejected."},"zip":{"maximum":9,"minimum":5,"type":"integer","description":"5 or 9 Digits Fixed. 99999, 99999-9999 or 999999999"},"phone":{"type":"integer","description":"10 digit, US only."},"email":{"type":"string","description":"Must contain @ symbol.","format":"email"}},"description":"Fields that can be supplied in the JSON request.\n\n\\* (red star) Denotes a required field.\n"},"InquiryResponse":{"properties":{"clbnp0214":{"maximum":9E+1,"minimum":0,"type":"integer","description":"Total number of BNPL loans paid off in the last 30 days\n\n###### Guards\n\n99: No loans  \n98: No BNPL loans  \n97: No BNPL loans paid off in the last 30 days  \n---------\n","readOnly":true},"clbnp0215":{"maximum":9E+1,"minimum":0,"type":"integer","description":"Total number of BNPL loans paid off in the last 3 months\n\n###### Guards\n\n99: No loans  \n98: No BNPL loans  \n97: No BNPL loans paid off in the last 3 months  \n---------\n","readOnly":true},"clbnp0217":{"maximum":9E+1,"minimum":0,"type":"integer","description":"Total number of BNPL loans paid off in the last 1 years  \n\n###### Guards\n\n99: No loans  \n98: No BNPL loans  \n97: No BNPL loans paid off in the last 1 years  \n---------\n","readOnly":true},"clbnp0218":{"maximum":9E+1,"minimum":0,"type":"integer","description":"Total number of BNPL loans paid off in the last 2 years  \n\n###### Guards\n\n99: No loans  \n98: No BNPL loans  \n97: No BNPL loans paid off in the last 2 years  \n---------\n","readOnly":true},"clbnp0314":{"maximum":9E+1,"minimum":0,"type":"integer","description":"Total number of BNPL loans reported in the last 30 days\n\n###### Guards\n\n99: No loans  \n98: No BNPL loans  \n97: No BNPL loans reported in the last 30 days  \n---------\n","readOnly":true},"clbnp0315":{"maximum":9E+1,"minimum":0,"type":"integer","description":"Total number of BNPL loans reported in the last 3 months  \n\n###### Guards\n\n99: No loans  \n98: No BNPL loans  \n97: No BNPL loans reported in the last 3 months  \n---------\n","readOnly":true},"clbnp0317":{"maximum":9E+1,"minimum":0,"type":"integer","description":"Total number of BNPL loans reported in the last 1 years  \n\n###### Guards\n\n99: No loans  \n98: No BNPL loans  \n97: No BNPL loans reported in the last 1 years  \n---------\n","readOnly":true},"clbnp0318":{"maximum":9E+1,"minimum":0,"type":"integer","description":"Total number of BNPL loans reported in the last 2 years\n\n###### Guards\n\n99: No loans  \n98: No BNPL loans  \n97: No BNPL loans reported in the last 2 years  \n---------\n","readOnly":true},"clbnp0334":{"maximum":9E+1,"minimum":0,"type":"integer","description":"Total number of BNPL loans opened in the last 30 days\n\n###### Guards\n\n99: No loans  \n98: No BNPL loans  \n97: No BNPL loans opened in the last 30 days  \n---------\n","readOnly":true},"clbnp0335":{"maximum":9E+1,"minimum":0,"type":"integer","description":"Total number of BNPL loans opened in the last 3 months\n\n###### Guards\n\n99: No loans  \n98: No BNPL loans  \n97: No BNPL loans opened in the last 3 months  \n---------\n","readOnly":true},"clbnp0337":{"maximum":9E+1,"minimum":0,"type":"integer","description":"Total number of BNPL loans opened in the last 1 years\n\n###### Guards\n\n99: No loans  \n98: No BNPL loans  \n97: No BNPL loans opened in the last 1 years  \n---------\n","readOnly":true},"clbnp0338":{"maximum":9E+1,"minimum":0,"type":"integer","description":"Total number of BNPL loans opened in the last 2 years\n\n###### Guards\n\n99: No loans  \n98: No BNPL loans  \n97: No BNPL loans opened in the last 2 years  \n---------\n","readOnly":true},"clbnp0414":{"maximum":9E+1,"minimum":0,"type":"integer","description":"Total number of BNPL loans that are open reported in the last 30 days\n\n###### Guards\n\n99: No loans  \n98: No BNPL loans  \n97: No BNPL open loans reported in the last 30 days  \n---------\n","readOnly":true},"clbnp0415":{"maximum":9E+1,"minimum":0,"type":"integer","description":"Total number of BNPL loans that are open reported in the last 3 months\n\n###### Guards\n\n99: No loans  \n98: No BNPL loans  \n97: No BNPL open loans reported in the last 3 months  \n---------\n","readOnly":true},"clbnp0417":{"maximum":9E+1,"minimum":0,"type":"integer","description":"Total number of BNPL loans that are open reported in the last 1 years\n\n###### Guards\n\n99: No loans  \n98: No BNPL loans  \n97: No BNPL open loans reported in the last 1 years  \n---------\n","readOnly":true},"clbnp0418":{"maximum":9E+1,"minimum":0,"type":"integer","description":"Total number of BNPL loans that are open reported in the last 2 years\n\n###### Guards\n\n99: No loans  \n98: No BNPL loans  \n97: No BNPL open loans reported in the last 2 years  \n---------\n","readOnly":true},"clbnp0434":{"maximum":9E+1,"minimum":0,"type":"integer","description":"Total number of BNPL loans that are open opened in the last 30 days\n\n###### Guards\n\n99: No loans  \n98: No BNPL loans  \n97: No BNPL open loans opened in the last 30 days  \n---------\n","readOnly":true},"clbnp0435":{"maximum":9E+1,"minimum":0,"type":"integer","description":"Total number of BNPL loans that are open opened in the last 3 months\n\n###### Guards\n\n99: No loans  \n98: No BNPL loans  \n97: No BNPL open loans opened in the last 3 months  \n---------\n","readOnly":true},"clbnp0437":{"maximum":9E+1,"minimum":0,"type":"integer","description":"Total number of BNPL loans that are open opened in the last 1 years\n\n###### Guards\n\n99: No loans  \n98: No BNPL loans  \n97: No BNPL open loans opened in the last 1 years  \n---------\n","readOnly":true},"clbnp0438":{"maximum":9E+1,"minimum":0,"type":"integer","description":"Total number of BNPL loans that are open opened in the last 2 years\n\n###### Guards\n\n99: No loans  \n98: No BNPL loans  \n97: No BNPL open loans opened in the last 2 years  \n---------\n","readOnly":true},"clbnp1100":{"maximum":9E+1,"minimum":0,"type":"integer","description":"Total number of BNPL loans that have never been that have been 1+ days delinquent or derogatory in the last 7 years\n\n###### Guards\n\n99: No loans  \n98: No BNPL loans  \n97: No BNPL loans in the last 7 years  \n---------\n","readOnly":true},"clbnp1104":{"maximum":9E+1,"minimum":0,"type":"integer","description":"Total number of BNPL loans that have never been that have been 1+ days delinquent or derogatory in the last 30 days\n\n###### Guards\n\n99: No loans  \n98: No BNPL loans  \n97: No BNPL loans in the last 30 days  \n---------\n","readOnly":true},"clbnp1105":{"maximum":9E+1,"minimum":0,"type":"integer","description":"Total number of BNPL loans that have never been that have been 1+ days delinquent or derogatory in the last 3 months\n\n###### Guards\n\n99: No loans  \n98: No BNPL loans  \n97: No BNPL loans in the last 3 months  \n---------\n","readOnly":true},"clbnp1106":{"maximum":9E+1,"minimum":0,"type":"integer","description":"Total number of BNPL loans that have never been that have been 1+ days delinquent or derogatory in the last 6 months\n\n###### Guards\n\n99: No loans  \n98: No BNPL loans  \n97: No BNPL loans in the last 6 months  \n---------\n","readOnly":true},"clbnp1107":{"maximum":9E+1,"minimum":0,"type":"integer","description":"Total number of BNPL loans that have never been that have been 1+ days delinquent or derogatory in the last 1 years\n\n###### Guards \n\n99: No loans  \n98: No BNPL loans  \n97: No BNPL loans in the last 1 years  \n---------\n","readOnly":true},"clbnp2000":{"maximum":9E+1,"minimum":0,"type":"integer","description":"Total number of BNPL loans that are open and satisfactory reported in the last 7 years\n\n###### Guards\n\n99: No loans  \n98: No BNPL loans  \n97: No BNPL open and satisfactory loans reported in the last 7 years  \n---------\n","readOnly":true},"clbnp2004":{"maximum":9E+1,"minimum":0,"type":"integer","description":"Total number of BNPL loans that are open and satisfactory reported in the last 30 days\n\n###### Guards\n\n99: No loans  \n98: No BNPL loans  \n97: No BNPL open and satisfactory loans reported in the last 30 days  \n---------\n","readOnly":true},"clbnp2005":{"maximum":9E+1,"minimum":0,"type":"integer","description":"Total number of BNPL loans that are open and satisfactory reported in the last 3 months\n\n###### Guards\n\n99: No loans  \n98: No BNPL loans  \n97: No BNPL open and satisfactory loans reported in the last 3 months  \n---------\n","readOnly":true},"clbnp2006":{"maximum":9E+1,"minimum":0,"type":"integer","description":"Total number of BNPL loans that are open and satisfactory reported in the last 6 months\n\n###### Guards\n\n99: No loans  \n98: No BNPL loans  \n97: No BNPL open and satisfactory loans reported in the last 6 months  \n---------\n","readOnly":true},"clbnp2100":{"maximum":9E+1,"minimum":0,"type":"integer","description":"Total number of BNPL loans that are currently 1+ days delinquent or derogatory in the last 7 years\n\n###### Guards\n\n99: No loans  \n98: No BNPL loans  \n97: No BNPL loans in the last 7 years  \n---------\n","readOnly":true},"clbnp2104":{"maximum":9E+1,"minimum":0,"type":"integer","description":"Total number of BNPL loans that are currently 1+ days delinquent or derogatory in the last 30 days\n\n###### Guards\n\n99: No loans  \n98: No BNPL loans  \n97: No BNPL loans in the last 30 days  \n---------\n","readOnly":true},"clbnp2105":{"maximum":9E+1,"minimum":0,"type":"integer","description":"Total number of BNPL loans that are currently 1+ days delinquent or derogatory in the last 3 months\n\n###### Guards\n\n99: No loans  \n98: No BNPL loans  \n97: No BNPL loans in the last 3 months  \n---------\n","readOnly":true},"clbnp2106":{"maximum":9E+1,"minimum":0,"type":"integer","description":"Total number of BNPL loans that are currently 1+ days delinquent or derogatory in the last 6 months\n\n###### Guards\n\n99: No loans  \n98: No BNPL loans  \n97: No BNPL loans in the last 6 months  \n---------\n","readOnly":true},"clbnp2160":{"maximum":9E+1,"minimum":0,"type":"integer","description":"Total number of BNPL loans that are currently 30+ days delinquent or derogatory in the last 7 years\n\n###### Guards\n\n99: No loans  \n98: No BNPL loans  \n97: No BNPL loans in the last 7 years  \n---------\n","readOnly":true},"clbnp2164":{"maximum":9E+1,"minimum":0,"type":"integer","description":"Total number of BNPL loans that are currently 30+ days delinquent or derogatory in the last 30 days\n\n###### Guards\n\n99: No loans  \n98: No BNPL loans  \n97: No BNPL loans in the last 30 days  \n---------\n","readOnly":true},"clbnp2165":{"maximum":9E+1,"minimum":0,"type":"integer","description":"Total number of BNPL loans that are currently 30+ days delinquent or derogatory in the last 3 months\n\n###### Guards\n\n99: No loans  \n98: No BNPL loans  \n97: No BNPL loans in the last 3 months  \n---------\n","readOnly":true},"clbnp2166":{"maximum":9E+1,"minimum":0,"type":"integer","description":"Total number of BNPL loans that are currently 30+ days delinquent or derogatory in the last 6 months\n\n###### Guards\n\n99: No loans  \n98: No BNPL loans  \n97: No BNPL loans in the last 6 months  \n---------\n","readOnly":true},"clbnp2170":{"maximum":9E+1,"minimum":0,"type":"integer","description":"Total number of BNPL loans that are currently 60+ days delinquent or derogatory in the last 7 years\n\n###### Guards\n\n99: No loans  \n98: No BNPL loans  \n97: No BNPL loans in the last 7 years  \n---------\n","readOnly":true},"clbnp2174":{"maximum":9E+1,"minimum":0,"type":"integer","description":"Total number of BNPL loans that are currently 60+ days delinquent or derogatory in the last 30 days\n\n###### Guards\n\n99: No loans  \n98: No BNPL loans  \n97: No BNPL loans in the last 30 days  \n---------\n","readOnly":true},"clbnp2175":{"maximum":9E+1,"minimum":0,"type":"integer","description":"Total number of BNPL loans that are currently 60+ days delinquent or derogatory in the last 3 months\n\n###### Guards\n\n99: No loans  \n98: No BNPL loans  \n97: No BNPL loans in the last 3 months  \n---------\n","readOnly":true},"clbnp2176":{"maximum":9E+1,"minimum":0,"type":"integer","description":"Total number of BNPL loans that are currently 60+ days delinquent or derogatory in the last 6 months\n\n###### Guards\n\n99: No loans  \n98: No BNPL loans  \n97: No BNPL loans in the last 6 months  \n---------\n","readOnly":true},"clbnp2180":{"maximum":9E+1,"minimum":0,"type":"integer","description":"Total number of BNPL loans that are currently 90+ days delinquent or derogatory in the last 7 years\n\n###### Guards\n\n99: No loans  \n98: No BNPL loans  \n97: No BNPL loans in the last 7 years  \n---------\n","readOnly":true},"clbnp2184":{"maximum":9E+1,"minimum":0,"type":"integer","description":"Total number of BNPL loans that are currently 90+ days delinquent or derogatory in the last 30 days\n\n###### Guards\n\n99: No loans  \n98: No BNPL loans  \n97: No BNPL loans in the last 30 days  \n---------\n","readOnly":true},"clbnp2185":{"maximum":9E+1,"minimum":0,"type":"integer","description":"Total number of BNPL loans that are currently 90+ days delinquent or derogatory in the last 3 months\n\n###### Guards\n\n99: No loans  \n98: No BNPL loans  \n97: No BNPL loans in the last 3 months  \n---------\n","readOnly":true},"clbnp2186":{"maximum":9E+1,"minimum":0,"type":"integer","description":"Total number of BNPL loans that are currently 90+ days delinquent or derogatory in the last 6 months\n\n###### Guards\n\n99: No loans  \n98: No BNPL loans  \n97: No BNPL loans in the last 6 months  \n---------\n","readOnly":true},"clbnp2200":{"maximum":9E+1,"minimum":0,"type":"integer","description":"Total number of BNPL loans that are currently in Collections in the last 7 years\n\n###### Guards\n\n99: No loans  \n98: No BNPL loans  \n97: No BNPL loans in the last 7 years  \n---------\n","readOnly":true},"clbnp2204":{"maximum":9E+1,"minimum":0,"type":"integer","description":"Total number of BNPL loans that are currently in Collections in the last 30 days\n\n###### Guards\n\n99: No loans  \n98: No BNPL loans  \n97: No BNPL loans in the last 30 days  \n---------\n","readOnly":true},"clbnp2205":{"maximum":9E+1,"minimum":0,"type":"integer","description":"Total number of BNPL loans that are currently in Collections in the last 3 months\n\n###### Guards\n\n99: No loans  \n98: No BNPL loans  \n97: No BNPL loans in the last 3 months  \n---------\n","readOnly":true},"clbnp2206":{"maximum":9E+1,"minimum":0,"type":"integer","description":"Total number of BNPL loans that are currently in Collections in the last 6 months\n\n###### Guards\n\n99: No loans  \n98: No BNPL loans  \n97: No BNPL loans in the last 6 months  \n---------\n","readOnly":true},"clbnp2300":{"maximum":9E+1,"minimum":0,"type":"integer","description":"Total number of BNPL loans that are currently Charged Off in the last 7 years\n\n###### Guards\n\n99: No loans  \n98: No BNPL loans  \n97: No BNPL loans in the last 7 years  \n---------\n","readOnly":true},"clbnp2304":{"maximum":9E+1,"minimum":0,"type":"integer","description":"Total number of BNPL loans that are currently Charged Off in the last 30 days\n\n###### Guards\n\n99: No loans  \n98: No BNPL loans  \n97: No BNPL loans in the last 30 days  \n---------\n","readOnly":true},"clbnp2305":{"maximum":9E+1,"minimum":0,"type":"integer","description":"Total number of BNPL loans that are currently Charged Off in the last 3 months\n\n###### Guards\n\n99: No loans  \n98: No BNPL loans  \n97: No BNPL loans in the last 3 months  \n---------\n","readOnly":true},"clbnp2306":{"maximum":9E+1,"minimum":0,"type":"integer","description":"Total number of BNPL loans that are currently Charged Off in the last 6 months\n\n###### Guards\n\n99: No loans  \n98: No BNPL loans  \n97: No BNPL loans in the last 6 months  \n---------\n","readOnly":true},"clbnp2400":{"maximum":9E+1,"minimum":0,"type":"integer","description":"Total number of BNPL loans that have been 1+ days delinquent or derogatory in the last 7 years\n\n###### Guards\n\n99: No loans  \n98: No BNPL loans  \n97: No BNPL loans in the last 7 years  \n---------\n","readOnly":true},"clbnp2404":{"maximum":9E+1,"minimum":0,"type":"integer","description":"Total number of BNPL loans that have been 1+ days delinquent or derogatory in the last 30 days\n\n###### Guards\n\n99: No loans  \n98: No BNPL loans  \n97: No BNPL loans in the last 30 days  \n---------\n","readOnly":true},"clbnp2405":{"maximum":9E+1,"minimum":0,"type":"integer","description":"Total number of BNPL loans that have been 1+ days delinquent or derogatory in the last 3 months\n\n###### Guards\n\n99: No loans  \n98: No BNPL loans  \n97: No BNPL loans in the last 3 months  \n---------\n","readOnly":true},"clbnp2406":{"maximum":9E+1,"minimum":0,"type":"integer","description":"Total number of BNPL loans that have been 1+ days delinquent or derogatory in the last 6 months\n\n###### Guards\n\n99: No loans  \n98: No BNPL loans  \n97: No BNPL loans in the last 6 months  \n---------\n","readOnly":true},"clbnp2407":{"maximum":9E+1,"minimum":0,"type":"integer","description":"Total number of BNPL loans that have been 1+ days delinquent or derogatory in the last 1 years\n\n###### Guards\n\n99: No loans  \n98: No BNPL loans  \n97: No BNPL loans in the last 1 years  \n---------\n","readOnly":true},"clbnp2410":{"maximum":9E+1,"minimum":0,"type":"integer","description":"Total number of BNPL loans that have been 30+ days delinquent or derogatory in the last 7 years\n\n###### Guards\n\n99: No loans  \n98: No BNPL loans  \n97: No BNPL loans in the last 7 years  \n---------\n","readOnly":true},"clbnp2414":{"maximum":9E+1,"minimum":0,"type":"integer","description":"Total number of BNPL loans that have been 30+ days delinquent or derogatory in the last 30 days\n\n###### Guards\n\n99: No loans  \n98: No BNPL loans  \n97: No BNPL loans in the last 30 days  \n---------\n","readOnly":true},"clbnp2415":{"maximum":9E+1,"minimum":0,"type":"integer","description":"Total number of BNPL loans that have been 30+ days delinquent or derogatory in the last 3 months\n\n###### Guards\n\n99: No loans  \n98: No BNPL loans  \n97: No BNPL loans in the last 3 months  \n---------\n","readOnly":true},"clbnp2416":{"maximum":9E+1,"minimum":0,"type":"integer","description":"Total number of BNPL loans that have been 30+ days delinquent or derogatory in the last 6 months\n\n###### Guards\n\n99: No loans  \n98: No BNPL loans  \n97: No BNPL loans in the last 6 months  \n---------\n","readOnly":true},"clbnp2417":{"maximum":9E+1,"minimum":0,"type":"integer","description":"Total number of BNPL loans that have been 30+ days delinquent or derogatory in the last 1 years\n\n###### Guards\n\n99: No loans  \n98: No BNPL loans  \n97: No BNPL loans in the last 1 years  \n---------\n","readOnly":true},"clbnp2420":{"maximum":9E+1,"minimum":0,"type":"integer","description":"Total number of BNPL loans that have been 60+ days delinquent or derogatory in the last 7 years\n\n###### Guards\n\n99: No loans  \n98: No BNPL loans  \n97: No BNPL loans in the last 7 years  \n---------\n","readOnly":true},"clbnp2424":{"maximum":9E+1,"minimum":0,"type":"integer","description":"Total number of BNPL loans that have been 60+ days delinquent or derogatory in the last 30 days\n\n###### Guards\n\n99: No loans  \n98: No BNPL loans  \n97: No BNPL loans in the last 30 days  \n---------\n","readOnly":true},"clbnp2425":{"maximum":9E+1,"minimum":0,"type":"integer","description":"Total number of BNPL loans that have been 60+ days delinquent or derogatory in the last 3 months\n\n###### Guards\n\n99: No loans  \n98: No BNPL loans  \n97: No BNPL loans in the last 3 months  \n---------\n","readOnly":true},"clbnp2426":{"maximum":9E+1,"minimum":0,"type":"integer","description":"Total number of BNPL loans that have been 60+ days delinquent or derogatory in the last 6 months\n\n###### Guards\n\n99: No loans  \n98: No BNPL loans  \n97: No BNPL loans in the last 6 months  \n---------\n","readOnly":true},"clbnp2427":{"maximum":9E+1,"minimum":0,"type":"integer","description":"Total number of BNPL loans that have been 60+ days delinquent or derogatory in the last 1 years\n\n###### Guards\n\n99: No loans  \n98: No BNPL loans  \n97: No BNPL loans in the last 1 years  \n---------\n","readOnly":true},"clbnp2430":{"maximum":9E+1,"minimum":0,"type":"integer","description":"Total number of BNPL loans that have been 90+ days delinquent or derogatory in the last 7 years\n\n###### Guards\n\n99: No loans  \n98: No BNPL loans  \n97: No BNPL loans in the last 7 years  \n---------\n","readOnly":true},"clbnp2434":{"maximum":9E+1,"minimum":0,"type":"integer","description":"Total number of BNPL loans that have been 90+ days delinquent or derogatory in the last 30 days\n\n###### Guards\n\n99: No loans  \n98: No BNPL loans  \n97: No BNPL loans in the last 30 days  \n---------\n","readOnly":true},"clbnp2435":{"maximum":9E+1,"minimum":0,"type":"integer","description":"Total number of BNPL loans that have been 90+ days delinquent or derogatory in the last 3 months\n\n###### Guards\n\n99: No loans  \n98: No BNPL loans  \n97: No BNPL loans in the last 3 months  \n---------\n","readOnly":true},"clbnp2436":{"maximum":9E+1,"minimum":0,"type":"integer","description":"Total number of BNPL loans that have been 90+ days delinquent or derogatory in the last 6 months\n\n###### Guards\n\n99: No loans  \n98: No BNPL loans  \n97: No BNPL loans in the last 6 months  \n---------\n","readOnly":true},"clbnp2437":{"maximum":9E+1,"minimum":0,"type":"integer","description":"Total number of BNPL loans that have been 90+ days delinquent or derogatory in the last 1 years\n\n###### Guards\n\n99: No loans  \n98: No BNPL loans  \n97: No BNPL loans in the last 1 years  \n---------\n","readOnly":true},"clbnp2440":{"maximum":9E+1,"minimum":0,"type":"integer","description":"Total number of BNPL loans that have been in Collections in the last 7 years\n\n###### Guards\n\n99: No loans  \n98: No BNPL loans  \n97: No BNPL loans in the last 7 years  \n---------\n","readOnly":true},"clbnp2444":{"maximum":9E+1,"minimum":0,"type":"integer","description":"Total number of BNPL loans that have been in Collections in the last 30 days\n\n###### Guards\n\n99: No loans  \n97: No BNPL loans in the last 30 days  \n98: No BNPL loans  \n---------\n","readOnly":true},"clbnp2445":{"maximum":9E+1,"minimum":0,"type":"integer","description":"Total number of BNPL loans that have been in Collections in the last 3 months\n\n###### Guards\n\n99: No loans  \n98: No BNPL loans  \n97: No BNPL loans in the last 3 months  \n---------\n","readOnly":true},"clbnp2446":{"maximum":9E+1,"minimum":0,"type":"integer","description":"Total number of BNPL loans that have been in Collections in the last 6 months\n\n###### Guards\n\n99: No loans  \n98: No BNPL loans  \n97: No BNPL loans in the last 6 months  \n---------\n","readOnly":true},"clbnp2447":{"maximum":9E+1,"minimum":0,"type":"integer","description":"Total number of BNPL loans that have been in Collections in the last 1 years\n\n###### Guards\n\n99: No loans  \n98: No BNPL loans  \n97: No BNPL loans in the last 1 years  \n---------\n","readOnly":true},"clbnp2450":{"maximum":9E+1,"minimum":0,"type":"integer","description":"Total number of BNPL loans that have been Charged Off in the last 7 years\n\n###### Guards\n\n99: No loans  \n98: No BNPL loans  \n97: No BNPL loans in the last 7 years  \n---------\n","readOnly":true},"clbnp2454":{"maximum":9E+1,"minimum":0,"type":"integer","description":"Total number of BNPL loans that have been Charged Off in the last 30 days\n\n###### Guards\n\n99: No loans  \n98: No BNPL loans  \n97: No BNPL loans in the last 30 days  \n---------\n","readOnly":true},"clbnp2455":{"maximum":9E+1,"minimum":0,"type":"integer","description":"Total number of BNPL loans that have been Charged Off in the last 3 months\n\n###### Guards\n\n99: No loans  \n98: No BNPL loans  \n97: No BNPL loans in the last 3 months  \n---------\n","readOnly":true},"clbnp2456":{"maximum":9E+1,"minimum":0,"type":"integer","description":"Total number of BNPL loans that have been Charged Off in the last 6 months\n\n###### Guards\n\n99: No loans  \n98: No BNPL loans  \n97: No BNPL loans in the last 6 months  \n---------\n","readOnly":true},"clbnp2457":{"maximum":9E+1,"minimum":0,"type":"integer","description":"Total number of BNPL loans that have been Charged Off in the last 1 years\n\n###### Guards\n\n99: No loans  \n98: No BNPL loans  \n97: No BNPL loans in the last 1 years  \n---------\n","readOnly":true},"clbnp3107":{"maximum":9.99E+3,"minimum":0,"type":"integer","description":"Terms frequency duration (max) of trades reported in the last 12 months\n\n###### Guards\n\n9999: No loans  \n9998: No BNPL loans  \n9997: No BNPL loans reported in the last 12 months  \n---------\n","readOnly":true},"clbnp3207":{"maximum":9.99E+3,"minimum":0,"type":"integer","description":"Terms frequency duration (min) of trades reported in the last 12 months\n\n###### Guards\n\n9999: No loans  \n9998: No BNPL loans  \n9997: No BNPL loans reported in the last 12 months  \n---------\n","readOnly":true},"clbnp3307":{"maximum":9.99E+3,"minimum":0,"type":"integer","description":"Terms frequency duration (mean) of trades reported in the last 12 months\n\n###### Guards\n\n9999: No loans  \n9998: No BNPL loans  \n9997: No BNPL loans reported in the last 12 months  \n---------\n","readOnly":true},"clbnp4100":{"maximum":9E+1,"minimum":0,"type":"integer","description":"Total number of BNPL loans that have been 1+ days past due in the last 7 years\n\n###### Guards\n\n99: No loans  \n98: No BNPL loans  \n97: No BNPL loans in the last 7 years  \n---------\n","readOnly":true},"clbnp4105":{"maximum":9E+1,"minimum":0,"type":"integer","description":"Total number of BNPL loans that have been 1+ days past due in the last 3 months\n\n###### Guards\n\n99: No loans  \n98: No BNPL loans  \n97: No BNPL loans in the last 3 months  \n---------\n","readOnly":true},"clbnp4106":{"maximum":9E+1,"minimum":0,"type":"integer","description":"Total number of BNPL loans that have been 1+ days past due in the last 6 months\n\n###### Guards\n\n99: No loans  \n98: No BNPL loans  \n97: No BNPL loans in the last 6 months  \n---------\n","readOnly":true},"clbnp4107":{"maximum":9E+1,"minimum":0,"type":"integer","description":"Total number of BNPL loans that have been 1+ days past due in the last 1 years\n\n###### Guards\n\n99: No loans  \n98: No BNPL loans  \n97: No BNPL loans in the last 1 years  \n---------\n","readOnly":true},"clbnp4110":{"maximum":9E+1,"minimum":0,"type":"integer","description":"Total number of BNPL loans with first payment default\n\n###### Guards\n\n99: No loans  \n98: No BNPL loans  \n95: No BNPL loans with first payment default information  \n---------\n","readOnly":true},"clbnp4200":{"maximum":9E+1,"minimum":0,"type":"integer","description":"Total number of BNPL loans that have been 30+ days past due in the last 7 years\n\n###### Guards\n\n99: No loans  \n98: No BNPL loans  \n97: No BNPL loans in the last 7 years  \n---------\n","readOnly":true},"clbnp4205":{"maximum":9E+1,"minimum":0,"type":"integer","description":"Total number of BNPL loans that have been 30+ days past due in the last 3 months\n\n###### Guards\n\n99: No loans  \n98: No BNPL loans  \n97: No BNPL loans in the last 3 months  \n---------\n","readOnly":true},"clbnp4206":{"maximum":9E+1,"minimum":0,"type":"integer","description":"Total number of BNPL loans that have been 30+ days past due in the last 6 months\n\n###### Guards\n\n99: No loans  \n98: No BNPL loans  \n97: No BNPL loans in the last 6 months  \n---------\n","readOnly":true},"clbnp4207":{"maximum":9E+1,"minimum":0,"type":"integer","description":"Total number of BNPL loans that have been 30+ days past due in the last 1 years\n\n###### Guards\n\n99: No loans  \n98: No BNPL loans  \n97: No BNPL loans in the last 1 years  \n---------\n","readOnly":true},"clbnp4300":{"maximum":9E+1,"minimum":0,"type":"integer","description":"Total number of BNPL loans that have been 60+ days past due in the last 7 years\n\n###### Guards\n\n99: No loans  \n98: No BNPL loans  \n97: No BNPL loans in the last 7 years  \n---------\n","readOnly":true},"clbnp4305":{"maximum":9E+1,"minimum":0,"type":"integer","description":"Total number of BNPL loans that have been 60+ days past due in the last 3 months\n\n###### Guards\n\n99: No loans  \n98: No BNPL loans  \n97: No BNPL loans in the last 3 months  \n---------\n","readOnly":true},"clbnp4306":{"maximum":9E+1,"minimum":0,"type":"integer","description":"Total number of BNPL loans that have been 60+ days past due in the last 6 months\n\n###### Guards\n\n99: No loans  \n98: No BNPL loans  \n97: No BNPL loans in the last 6 months  \n---------\n","readOnly":true},"clbnp4307":{"maximum":9E+1,"minimum":0,"type":"integer","description":"Total number of BNPL loans that have been 60+ days past due in the last 1 years\n\n###### Guards\n\n99: No loans  \n98: No BNPL loans  \n97: No BNPL loans in the last 1 years  \n---------\n","readOnly":true},"clbnp4400":{"maximum":9E+1,"minimum":0,"type":"integer","description":"Total number of BNPL loans that have been 90+ days past due in the last 7 years\n\n###### Guards\n\n99: No loans  \n98: No BNPL loans  \n97: No BNPL loans in the last 7 years  \n---------\n","readOnly":true},"clbnp4405":{"maximum":9E+1,"minimum":0,"type":"integer","description":"Total number of BNPL loans that have been 90+ days past due in the last 3 months\n\n###### Guards\n\n99: No loans  \n98: No BNPL loans  \n97: No BNPL loans in the last 3 months  \n---------\n","readOnly":true},"clbnp4406":{"maximum":9E+1,"minimum":0,"type":"integer","description":"Total number of BNPL loans that have been 90+ days past due in the last 6 months\n\n###### Guards\n\n99: No loans  \n98: No BNPL loans  \n97: No BNPL loans in the last 6 months  \n---------\n","readOnly":true},"clbnp4407":{"maximum":9E+1,"minimum":0,"type":"integer","description":"Total number of BNPL loans that have been 90+ days past due in the last 1 years\n\n###### Guards\n\n99: No loans  \n98: No BNPL loans  \n97: No BNPL loans in the last 1 years  \n---------\n","readOnly":true},"clbnp5010":{"maximum":9.9999E+5,"minimum":0,"type":"integer","description":"Balance (sum) on BNPL loans\n\n###### Guards\n\n999999: No loans  \n999998: No BNPL loans  \n999996: No BNPL loans  \n---------\n","readOnly":true},"clbnp5020":{"maximum":9.9999E+5,"minimum":0,"type":"integer","description":"Balance (sum) on BNPL loans that are open\n\n###### Guards\n\n999999: No loans  \n999998: No BNPL loans  \n999996: No BNPL open loans  \n---------\n","readOnly":true},"clbnp5214":{"maximum":9E+1,"minimum":0,"type":"integer","description":"Total highest_credit of BNPL loans opened in the last 30 days\n\n###### Guards\n\n999999: No loans  \n999998: No BNPL loans  \n999997: No BNPL loans opened in the last 30 days  \n---------\n","readOnly":true},"clbnp5215":{"maximum":9E+1,"minimum":0,"type":"integer","description":"Total highest_credit of BNPL loans opened in the last 3 months\n\n###### Guards\n\n999999: No loans  \n999998: No BNPL loans  \n999997: No BNPL loans opened in the last 3 months  \n---------\n","readOnly":true},"clbnp5217":{"maximum":9E+1,"minimum":0,"type":"integer","description":"Total highest_credit of BNPL loans opened in the last 1 years\n\n###### Guards\n\n999999: No loans  \n999998: No BNPL loans  \n999997: No BNPL loans opened in the last 1 years  \n---------\n","readOnly":true},"clbnp5218":{"maximum":9E+1,"minimum":0,"type":"integer","description":"Total highest_credit of BNPL loans opened in the last 2 years\n\n###### Guards\n\n999999: No loans  \n999998: No BNPL loans  \n999997: No BNPL loans opened in the last 2 years  \n---------\n","readOnly":true},"clbnp5224":{"maximum":9E+1,"minimum":0,"type":"integer","description":"Total highest_credit of BNPL loans that are open opened in the last 30 days\n\n###### Guards\n\n999999: No loans  \n999998: No BNPL loans  \n999997: No BNPL open loans opened in the last 30 days  \n---------\n","readOnly":true},"clbnp5225":{"maximum":9E+1,"minimum":0,"type":"integer","description":"Total highest_credit of BNPL loans that are open opened in the last 3 months\n\n###### Guards\n\n999999: No loans  \n999998: No BNPL loans  \n999997: No BNPL open loans opened in the last 3 months  \n---------\n","readOnly":true},"clbnp5227":{"maximum":9E+1,"minimum":0,"type":"integer","description":"Total highest_credit of BNPL loans that are open opened in the last 1 years\n\n###### Guards\n\n999999: No loans  \n999998: No BNPL loans  \n999997: No BNPL open loans opened in the last 1 years  \n---------\n","readOnly":true},"clbnp5228":{"maximum":9E+1,"minimum":0,"type":"integer","description":"Total highest_credit of BNPL loans that are open opened in the last 2 years\n\n###### Guards\n\n999999: No loans  \n999998: No BNPL loans  \n999997: No BNPL open loans opened in the last 2 years  \n---------\n","readOnly":true},"clbnp5320":{"maximum":9.9999E+5,"minimum":0,"type":"integer","description":"Next scheduled payment (sum) on BNPL loans open with balance\n\n###### Guards\n\n999999: No loans  \n999998: No BNPL loans  \n999996: No BNPL loans  \n---------\n","readOnly":true},"clbnp5710":{"maximum":9.9999E+5,"minimum":0,"type":"integer","description":"Amount past due (sum) on BNPL loans that are currently 1+ days delinquent or derogatory\n\n###### Guards\n\n999999: No loans  \n999998: No BNPL loans  \n999996: No BNPL loans  \n---------\n","readOnly":true},"clbnp5720":{"maximum":9.9999E+5,"minimum":0,"type":"integer","description":"Amount past due (sum) on BNPL loans that are currently 30+ days delinquent or derogatory\n\n###### Guards\n\n999999: No loans  \n999998: No BNPL loans  \n999996: No BNPL loans  \n---------\n","readOnly":true},"clbnp5730":{"maximum":9.9999E+5,"minimum":0,"type":"integer","description":"Amount past due (sum) on BNPL loans that are currently 60+ days delinquent or derogatory\n\n###### Guards\n\n999999: No loans  \n999998: No BNPL loans  \n999996: No BNPL loans  \n---------\n","readOnly":true},"clbnp5740":{"maximum":9.9999E+5,"minimum":0,"type":"integer","description":"Amount past due (sum) on BNPL loans that are currently 90+ days delinquent or derogatory\n\n###### Guards\n\n999999: No loans  \n999998: No BNPL loans  \n999996: No BNPL loans  \n---------\n","readOnly":true},"clbnp5750":{"maximum":9.9999E+5,"minimum":0,"type":"integer","description":"Amount past due (sum) on BNPL loans that are currently in Collections\n\n###### Guards\n\n999999: No loans  \n999998: No BNPL loans  \n999996: No BNPL loans  \n---------\n","readOnly":true},"clbnp5760":{"maximum":9.9999E+5,"minimum":0,"type":"integer","description":"Amount past due (sum) on BNPL loans that are currently Charged Off\n\n###### Guards\n\n999999: No loans  \n999998: No BNPL loans  \n999996: No BNPL loans  \n---------\n","readOnly":true},"clbnp5820":{"maximum":9.9999E+5,"minimum":0,"type":"integer","description":"Actual payment (sum) on BNPL loans that are open open with balance\n\n###### Guards\n\n999999: No loans  \n999998: No BNPL loans  \n999996: No BNPL open loans  \n---------\n","readOnly":true},"clbnp6110":{"maximum":4E+2,"minimum":0,"type":"integer","description":"Worst current payment rating status on BNPL loans\n\n###### Guards\n\n999: No loans  \n998: No BNPL loans  \n---------\n","readOnly":true},"clbnp6120":{"maximum":4E+2,"minimum":0,"type":"integer","description":"Worst current payment rating status on BNPL loans that are open\n\n###### Guards\n\n999: No loans  \n998: No BNPL loans  \n---------\n","readOnly":true},"clbnp6210":{"maximum":4E+2,"minimum":0,"type":"integer","description":"Worst ever payment rating status on BNPL loans\n\n###### Guards\n\n999: No loans  \n998: No BNPL loans  \n---------\n","readOnly":true},"clbnp6217":{"maximum":4E+2,"minimum":0,"type":"integer","description":"Worst ever payment rating status on BNPL loans\n\n###### Guards\n\n999: No loans  \n998: No BNPL loans  \n---------\n","readOnly":true},"clbnp6236":{"maximum":4E+2,"minimum":0,"type":"integer","description":"Worst ever payment rating status on BNPL loans\n\n###### Guards\n\n999: No loans  \n998: No BNPL loans  \n997: No BNPL loans in the last 6 months  \n---------\n","readOnly":true},"clbnp6237":{"maximum":4E+2,"minimum":0,"type":"integer","description":"Worst ever payment rating status on BNPL loans\n\n###### Guards\n\n999: No loans  \n998: No BNPL loans  \n997: No BNPL loans in the last 12 months  \n---------\n","readOnly":true},"clbnp7420":{"maximum":9.9E+2,"minimum":0,"type":"integer","description":"Scheduled to Actual payment percentage ratio (max) on BNPL loans with balance\n\n###### Guards\n\n999: No loans  \n998: No BNPL loans  \n996: No BNPL loans with ratio >= 0  \n---------\n","readOnly":true},"clbnp7520":{"maximum":9.9E+2,"minimum":0,"type":"integer","description":"Actual payment to balance percentage ratio (max) on BNPL loans with balance\n\n###### Guards\n\n999: No loans  \n998: No BNPL loans  \n996: No BNPL loans with ratio >= 0  \n---------\n","readOnly":true},"clbnp8100":{"maximum":9.99E+3,"minimum":0,"type":"integer","description":"Number of days since the most recent BNPL loan that have been 1+ days past due\n\n###### Guards\n\n9999: No loans  \n9998: No BNPL loans  \n---------\n","readOnly":true},"clbnp8110":{"maximum":9.99E+3,"minimum":0,"type":"integer","description":"Number of days since the most recent BNPL loan that have been 1 - 29 days past due\n\n###### Guards\n\n9999: No loans  \n9998: No BNPL loans  \n---------\n","readOnly":true},"clbnp8120":{"maximum":9.99E+3,"minimum":0,"type":"integer","description":"Number of days since the most recent BNPL loan that have been 30 - 59 days past due\n\n###### Guards\n\n9999: No loans  \n9998: No BNPL loans  \n---------\n","readOnly":true},"clbnp8121":{"maximum":9.99E+3,"minimum":0,"type":"integer","description":"Number of days since the most recent BNPL loan that have been 30+ days delinquent or derogatory\n\n###### Guards\n\n9999: No loans  \n9998: No BNPL loans  \n---------\n","readOnly":true},"clbnp8130":{"maximum":9.99E+3,"minimum":0,"type":"integer","description":"Number of days since the most recent BNPL loan that have been 60 - 89 days past due\n\n###### Guards\n\n9999: No loans  \n9998: No BNPL loans  \n---------\n","readOnly":true},"clbnp8131":{"maximum":9.99E+3,"minimum":0,"type":"integer","description":"Number of days since the most recent BNPL loan that have been 60+ days delinquent or derogatory\n\n###### Guards\n\n9999: No loans  \n9998: No BNPL loans  \n---------\n","readOnly":true},"clbnp8140":{"maximum":9.99E+3,"minimum":0,"type":"integer","description":"Number of days since the most recent BNPL loan that have been 90 - 119 days past due\n\n###### Guards\n\n9999: No loans  \n9998: No BNPL loans  \n---------\n","readOnly":true},"clbnp8141":{"maximum":9.99E+3,"minimum":0,"type":"integer","description":"Number of days since the most recent BNPL loan that have been 90+ days delinquent or derogatory\n\n###### Guards\n\n9999: No loans  \n9998: No BNPL loans  \n---------\n","readOnly":true},"clbnp8150":{"maximum":9.99E+3,"minimum":0,"type":"integer","description":"Number of days since the most recent BNPL loan that have been 120+ days past due\n\n###### Guards\n\n9999: No loans  \n9998: No BNPL loans  \n---------\n","readOnly":true},"clbnp8160":{"maximum":9.99E+3,"minimum":0,"type":"integer","description":"Number of days since the most recent BNPL loan that have been in Collections\n\n###### Guards\n\n9999: No loans  \n9998: No BNPL loans  \n---------\n","readOnly":true},"clbnp8170":{"maximum":9.99E+3,"minimum":0,"type":"integer","description":"Number of days since the most recent BNPL loan that have been Charged Off\n\n###### Guards\n\n9999: No loans  \n9998: No BNPL loans  \n---------\n","readOnly":true},"clbnp8200":{"maximum":9.99E+3,"minimum":0,"type":"integer","description":"Number of days since the most recent BNPL loan\n\n###### Guards\n\n9999: No loans  \n9998: No BNPL loans  \n---------\n","readOnly":true},"clbnp8300":{"maximum":9.99E+3,"minimum":0,"type":"integer","description":"Number of days since the most recent BNPL loan\n\n###### Guards\n\n9999: No loans  \n9998: No BNPL loans  \n---------\n","readOnly":true},"clbnp8407":{"maximum":9.99E+3,"minimum":0,"type":"integer","description":"Number of days between oldest and most recent BNPL loan\n\n###### Guards\n\n9999: No loans  \n9998: No BNPL loans  \n9997: No BNPL loans in the last 1 years  \n9996: Less than 2 BNPL loans in the last 1 years  \n---------\n","readOnly":true},"clbnp8500":{"maximum":9.99E+3,"minimum":0,"type":"integer","description":"Number of days since the most recent BNPL loan payment\n\n###### Guards\n\n9999: No loans  \n9998: No BNPL loans  \n9996: No BNPL loans with a payment made  \n---------\n","readOnly":true},"clbnp9421":{"maximum":9.9E+2,"minimum":0,"type":"integer","description":"Total number of BNPL inquiries in the last 24 hours\n","readOnly":true},"clbnp9422":{"maximum":9.9E+2,"minimum":0,"type":"integer","description":"Total number of BNPL inquiries in the last 7 days\n","readOnly":true},"clbnp9423":{"maximum":9.9E+2,"minimum":0,"type":"integer","description":"Total number of BNPL inquiries in the last 14 days\n","readOnly":true},"clbnp9424":{"maximum":9.9E+2,"minimum":0,"type":"integer","description":"Total number of BNPL inquiries in the last 30 days\n","readOnly":true},"clbnp9425":{"maximum":9.9E+2,"minimum":0,"type":"integer","description":"Total number of BNPL inquiries in the last 3 months\n","readOnly":true},"clbnp9426":{"maximum":9.9E+2,"minimum":0,"type":"integer","description":"Total number of BNPL inquiries in the last 6 months\n","readOnly":true},"clbnp9427":{"maximum":9.9E+2,"minimum":0,"type":"integer","description":"Total number of BNPL inquiries in the last 1 years\n","readOnly":true},"clbnp9429":{"maximum":9.9E+2,"minimum":0,"type":"integer","description":"Total number of BNPL inquiries in the last 3 years\n","readOnly":true},"clbnp9525":{"maximum":9.99E+3,"minimum":0,"type":"integer","description":"Range of days between the first and last BNPL inquiry in the last 3 months\n\n###### Guards\n\n9994: No qualified inquiries in the last 3 months  \n\n---------\n","readOnly":true},"clbnp9527":{"maximum":9.99E+3,"minimum":0,"type":"integer","description":"Range of days between the first and last BNPL inquiry in the last 1 years\n\n###### Guards\n\n9994: No qualified inquiries in the last 1 years\n\n---------\n","readOnly":true},"clbnp9535":{"maximum":9.99E+3,"minimum":0,"type":"integer","description":"Average number of days between BNPL inquiries in the last 3 months\n\n###### Guards\n\n9994: Less than 2 inquiries in the last 3 months\n\n---------\n","readOnly":true},"clbnp9537":{"maximum":9.99E+3,"minimum":0,"type":"integer","description":"Average number of days between BNPL inquiries in the last 1 years\n\n###### Guards\n\n9994: Less than 2 inquiries in the last 1 years\n\n---------\n","readOnly":true},"clbnp9549":{"maximum":9.99E+3,"minimum":0,"type":"integer","description":"Number of days since the most recent BNPL inquiry in the last 3 years\n\n###### Guards\n\n9999: No qualified inquiries\n","readOnly":true}},"description":"Codes returned in response.\n"}},"securitySchemes":{"basicAuth":{"type":"http","scheme":"basic"}}}}