{"openapi":"3.0.0","info":{"title":"API кинотеатра “Искорка”","description":"API кинотеатра “Искорка” для бронирования билетов на киносеансы","version":"1.0.0"},"servers":[{"url":"https://virtserver.swaggerhub.com/Mileda22545/Cinema_API/1.0.0","description":"SwaggerHub API Auto Mocking"}],"paths":{"/catalogue":{"get":{"summary":"Получить наличие мест на сеанс","description":"Получить наличие мест на сеанс на конкретную дату","parameters":[{"name":"id_film","in":"query","required":true,"style":"form","explode":true,"schema":{"type":"number"}},{"name":"data","in":"query","required":true,"style":"form","explode":true,"schema":{"type":"string","format":"data"}},{"name":"free_count","in":"query","required":true,"style":"form","explode":true,"schema":{"type":"number"}}],"responses":{"200":{"description":"OK","content":{"application/json":{"schema":{"type":"object","properties":{"time":{"type":"string"},"free_count":{"type":"number"}}}}}}}}},"/reservation":{"put":{"summary":"Изменить время сеанса","requestBody":{"content":{"application/json":{"schema":{"type":"object","properties":{"id_client":{"type":"integer"},"id_reservation":{"type":"integer"},"time":{"type":"string","format":"date-time"}}}}}},"responses":{"200":{"description":"OK"}}},"post":{"summary":"Забронировать место","description":"Забронировать место на сеанс","requestBody":{"content":{"application/json":{"schema":{"type":"object","properties":{"id_film":{"type":"number"},"date":{"type":"string","format":"date"},"time":{"type":"string","format":"date-time"},"count":{"type":"number"},"id_client":{"type":"number"}}}}}},"responses":{"200":{"description":"OK","content":{"application/json":{"schema":{"type":"object","properties":{"id_reservation":{"type":"integer"}}}}}}}},"delete":{"summary":"Отменить бронь","parameters":[{"name":"id_client","in":"query","required":true,"style":"form","explode":true,"schema":{"type":"integer"}},{"name":"id_reservation","in":"query","required":true,"style":"form","explode":true,"schema":{"type":"integer"}}],"responses":{"200":{"description":"OK"}}}}}}