{"openapi":"3.0.0","info":{"title":"Многофункциональный API кинотеатра Искорка","description":"API кинотеатра Искорка для обновления информации о бронировании и сеансах, уточнении информации о наличии свободных мест в зале","version":"1.0.0"},"servers":[{"url":"https://virtserver.swaggerhub.com/MissAzara-ltd/CS_API/1.0.0","description":"SwaggerHub API Auto Mocking"}],"paths":{"/Booking":{"put":{"summary":"Отменить бронь","description":"Отменить бронь места на сеанс","requestBody":{"content":{"application/json":{"schema":{"type":"object","properties":{"id_booking":{"type":"integer"},"status":{"type":"string"}}}}}},"responses":{"200":{"description":"OK"}}},"post":{"summary":"Забронировать место","description":"Забронировать место на сеанс","requestBody":{"content":{"applicatioun/json":{"schema":{"type":"object","properties":{"id_session":{"type":"integer"},"id_seat":{"type":"integer"},"customerName":{"type":"string"},"customerEmail":{"type":"string"},"customerPhoneNum":{"type":"string"},"date":{"type":"string","format":"date"}}}}}},"responses":{"200":{"description":"OK","content":{"application/json":{"schema":{"type":"object","properties":{"id_booking":{"type":"integer"},"date":{"type":"string","format":"date"}}}}}}}}},"/Seats":{"get":{"summary":"Узнать наличие мест на сеанс","description":"Получить номера свободных мест в зале на сеанс","parameters":[{"name":"id_session","in":"query","required":true,"style":"form","explode":true,"schema":{"type":"integer"}},{"name":"status","in":"query","required":true,"style":"form","explode":true,"schema":{"type":"string","default":"свободно"}}],"responses":{"200":{"description":"OK","content":{"application/json":{"schema":{"type":"object","properties":{"id_seat":{"type":"array","example":["int1","int2","int3"],"items":{"type":"integer"}}}}}}}}}},"/Sessions":{"put":{"summary":"Изменить время сеанса","requestBody":{"content":{"application/json":{"schema":{"type":"object","properties":{"id_session":{"type":"integer"},"datetime":{"type":"string","format":"date-time"}}}}}},"responses":{"200":{"description":"OK"}}}}}}