{"openapi":"3.0.0","info":{"title":"Applicants","description":"Applicant contracts - more details in this document: https://docs.google.com/document/d/1PSrpioWGpTpDHhWdMnUmBfsmtgrR7rzrmovau59HlwI/edit\n","version":"1.0.0"},"servers":[{"url":"/"}],"tags":[{"name":"search","description":"Applicant search endpoints"},{"name":"applicant","description":"Applicant endpoints"},{"name":"proof of income","description":"Proof of Income endpoints"}],"paths":{"/applicant/search":{"post":{"tags":["search"],"summary":"Search for applicants (including purged accounts)","operationId":"searchApplicants","requestBody":{"content":{"application/json":{"schema":{"$ref":"#/components/schemas/SearchRequest"}}},"required":true},"responses":{"200":{"description":"Success","content":{"application/json":{"schema":{"$ref":"#/components/schemas/SearchResponse"}}}},"401":{"description":"Unauthorized"},"404":{"description":"Applicant Not Found"}}}},"/applicant/{id}":{"get":{"tags":["applicant"],"summary":"Get an applicant's overview","operationId":"getApplicant","parameters":[{"name":"id","in":"path","description":"Applicant ID","required":true,"style":"simple","explode":false,"schema":{"type":"integer","format":"int64"}}],"responses":{"200":{"description":"Success","content":{"application/json":{"schema":{"$ref":"#/components/schemas/ApplicantRequest"}}}},"401":{"description":"Unauthorized"},"404":{"description":"Applicant Not Found"}}}},"/applicant/{id}/application":{"get":{"tags":["applicant"],"summary":"Get an applicant's application details","operationId":"getApplication","parameters":[{"name":"id","in":"path","description":"Applicant ID","required":true,"style":"simple","explode":false,"schema":{"type":"integer","format":"int64"}}],"responses":{"200":{"description":"Success","content":{"application/json":{"schema":{"$ref":"#/components/schemas/ApplicationRequest"}}}},"401":{"description":"Unauthorized"},"404":{"description":"Applicant Not Found"}}}},"/applicant/{id}/application-documents":{"get":{"tags":["applicant"],"summary":"Get an application's documents","operationId":"getApplicationDocuments","parameters":[{"name":"id","in":"path","description":"Applicant ID","required":true,"style":"simple","explode":false,"schema":{"type":"integer","format":"int64"}}],"responses":{"200":{"description":"Success","content":{"application/json":{"schema":{"$ref":"#/components/schemas/ApplicationDocumentsRequest"}}}},"401":{"description":"Unauthorized"},"404":{"description":"Applicant Not Found"}}}},"/applicant/{id}/proof-of-income":{"get":{"tags":["proof of income"],"summary":"get details on an applicant's POI review","operationId":"getPoi","parameters":[{"name":"id","in":"path","description":"Applicant ID","required":true,"style":"simple","explode":false,"schema":{"type":"integer","format":"int64"}}],"responses":{"200":{"description":"Success","content":{"application/json":{"schema":{"$ref":"#/components/schemas/ApiResponse"}}}},"401":{"description":"Unauthorized"},"404":{"description":"Applicant Not Found"}}}},"/applicant/{id}/proof-of-income/approve":{"post":{"tags":["proof of income"],"summary":"Approve an applicant's POI doc(s)","operationId":"approvePoi","parameters":[{"name":"id","in":"path","description":"Applicant ID","required":true,"style":"simple","explode":false,"schema":{"type":"integer","format":"int64"}}],"requestBody":{"description":"Approved document request","content":{"application/json":{"schema":{"$ref":"#/components/schemas/PoiDocument"}}}},"responses":{"200":{"description":"Success","content":{"application/json":{"schema":{"$ref":"#/components/schemas/Success"}}}},"401":{"description":"Unauthorized"},"404":{"description":"Applicant Not Found"}}}},"/applicant/{id}/proof-of-income/adjust":{"post":{"tags":["proof of income"],"summary":"Adjust an applicant's income","operationId":"adjustPoi","parameters":[{"name":"id","in":"path","description":"Applicant ID","required":true,"style":"simple","explode":false,"schema":{"type":"integer","format":"int64"}}],"requestBody":{"description":"Adjusted income for the applicant","content":{"application/json":{"schema":{"$ref":"#/components/schemas/IncomeRequest"}}},"required":true},"responses":{"200":{"description":"Success","content":{"application/json":{"schema":{"$ref":"#/components/schemas/Success"}}}},"401":{"description":"Unauthorized"},"404":{"description":"Applicant Not Found"}}}},"/applicant/{id}/proof-of-income/reject":{"post":{"tags":["proof of income"],"summary":"Reject an applicant's POI doc(s)","operationId":"rejectPoi","parameters":[{"name":"id","in":"path","description":"Applicant ID","required":true,"style":"simple","explode":false,"schema":{"type":"integer","format":"int64"}}],"requestBody":{"description":"Rejected document request","content":{"application/json":{"schema":{"$ref":"#/components/schemas/PoiDocument"}}}},"responses":{"200":{"description":"Success","content":{"application/json":{"schema":{"$ref":"#/components/schemas/Success"}}}},"401":{"description":"Unauthorized"},"404":{"description":"Applicant Not Found"}}}}},"components":{"schemas":{"SearchRequest":{"type":"object","properties":{"firstName":{"type":"string"},"lastName":{"type":"string"},"ssnLast4":{"type":"string","description":"Last 4 of SSN"},"email":{"type":"string","format":"email"},"state":{"type":"string","description":"State they live in"},"product":{"type":"string","description":"Product they're applying for (e.g. Credit Card, CBL) - for now these will all be \"CreditCard\" I think (should map to ECS product types)"},"customerType":{"type":"string","description":"For now, I think these will all just be \"applicant\"","enum":["Applicant","Prequal"]}}},"ApplicantRequest":{"type":"object","properties":{"firstName":{"type":"string"},"lastName":{"type":"string"},"ssnLast4":{"type":"string","description":"Last 4 of SSN"},"fullSsn":{"type":"string","description":"Full SSN (gated by Okta role)"},"phone":{"type":"string","description":"Mobile Phone number","format":"phone"},"email":{"type":"string","format":"email"},"dateOfBirth":{"type":"string","format":"date"},"address":{"$ref":"#/components/schemas/Address"},"customerId":{"type":"string","description":"This generally refers to ECS ID, but for the current case it would work for their mono id"}}},"ApplicationRequest":{"type":"object","properties":{"applicationNumber":{"type":"string","description":"Credit application number"},"decisionDate":{"type":"string","format":"date-time"},"decisionStatus":{"type":"string","enum":["Approved","Pending","Denied"]},"startedAt":{"type":"string","description":"Time when the application was started","format":"date-time"},"submittedAt":{"type":"string","description":"Time when the application was submitted","format":"date-time"},"applicationMethod":{"type":"string","description":"Partner Data field from CI"},"cardName":{"type":"string"},"cardTerms":{"$ref":"#/components/schemas/CardTerms"},"productCategory":{"type":"string","description":"i.e. L_CARD"},"originationInfo":{"type":"string","description":"i.e. FLOW_V2"},"directMail":{"$ref":"#/components/schemas/DirectMail"},"transunionFetchDate":{"type":"string","description":"Date that we fetched their transunion report","format":"date"},"rewardsProgramOffer":{"type":"string","description":"i.e. 1% or 1.5% cash back offer"},"wasDoubleLineIncreaseOffered":{"type":"boolean","description":"Whether a customer was offered the double line increase or not at time of application"}}},"ApplicationDocumentsRequest":{"type":"array","items":{"$ref":"#/components/schemas/ApplicationDocuments"}},"SearchResponse":{"type":"array","items":{"$ref":"#/components/schemas/Applicant"}},"Applicant":{"type":"object","properties":{"id":{"type":"integer","description":"Applicant ID","format":"int64"},"date":{"type":"string","description":"Applicant email address","format":"email"},"userId":{"type":"integer","description":"User ID from applicant SOR (currently mono user_id)","format":"int64"},"firstName":{"type":"string","description":"First name"},"middleName":{"type":"string","description":"Middle name"},"lastName":{"type":"string","description":"Surname"},"mobilePhone":{"type":"string","description":"Mobile phone number","format":"phone"},"address":{"$ref":"#/components/schemas/Address"},"dateOfBirth":{"type":"string","description":"Date of Birth","format":"date"},"ssnLast4":{"type":"string","description":"Last 4 digits of Social Security Number"},"fullSsn":{"type":"string","description":"Full SSN (gated by Okta role)"},"registrationDate":{"type":"string","description":"Date this applicant registered with Mission Lane","format":"date-time"}}},"Address":{"type":"object","properties":{"street1":{"type":"string","description":"Line 1 of street address"},"street2":{"type":"string","description":"Apt/Box Number"},"city":{"type":"string","description":"City"},"state":{"type":"string","description":"State"},"postalCode":{"type":"string","description":"Postal Code"}}},"ApiResponse":{"type":"object","properties":{"id":{"type":"integer","description":"Applicant ID","format":"int64"},"income":{"type":"integer","description":"Self-reported Income","format":"int64"},"documents":{"type":"array","items":{"$ref":"#/components/schemas/Document"}}}},"Document":{"type":"object","properties":{"id":{"type":"integer","description":"Document ID","format":"int64"},"date":{"type":"string","description":"Date document was uploaded","format":"date"},"product":{"type":"string","description":"Formerly \"product category\"","enum":["Credit","Debit","Gigs"]},"status":{"type":"string","description":"Current status of the document (e.g. \"Reject and send back\")"}}},"IncomeRequest":{"type":"object","properties":{"adjustedIncome":{"type":"integer","description":"Adjusted income based on document review","format":"int64"}}},"PoiDocument":{"type":"object","properties":{"documentId":{"type":"integer","description":"Document ID of approved/rejected document","format":"int64"}}},"CardTerms":{"type":"object","properties":{"limit":{"type":"string","description":"Card Limit"},"purchaseAprBaseRate":{"type":"number","format":"float"},"cashAprBaseRate":{"type":"number","format":"float"},"annualFee":{"type":"number","format":"float"},"primeRate":{"type":"number","format":"float"},"returnPaymentFee":{"type":"number","format":"float"},"cashAdvanceFeePercentage":{"type":"number","format":"float"},"cashAdvanceFeeAmount":{"type":"number","format":"float"},"payByPhoneFee":{"type":"number","format":"float"},"latePaymentFee":{"type":"number","format":"float"},"paperStatementFee":{"type":"number","format":"float"},"internationalTransactionFee":{"type":"number","format":"float"},"minimumPaymentPercentage":{"type":"number","format":"float"},"minimumPaymentAmount":{"type":"number","format":"float"},"billCodes":{"type":"number","format":"float"}}},"DirectMail":{"type":"object","properties":{"code":{"type":"string","description":"Direct Mail Code"},"campaignName":{"type":"string","description":"i.e. prescreen tu card ro64 202105"},"mailDate":{"type":"string","description":"Date mail was sent to the customer","format":"date"}}},"ApplicationDocuments":{"type":"object","properties":{"name":{"type":"string","enum":["Card Disclosure","Application","AAN","CAG"]},"link":{"type":"string","description":"Link to view/download file"}}},"Success":{"type":"object","properties":{"message":{"type":"string","description":"Sucess message","enum":["Approved","Rejected","Income adjusted"]}}}}}}