{"openapi":"3.0.0","info":{"title":"DBS - konfigurace předmětu","description":"Dokumentace k API endpointům ohledně konfigurace předmětu pro portál DBS.","version":"1.0.0"},"servers":[{"url":"https://virtserver.swaggerhub.com/MistrKernnunos/testapi/1.0.0","description":"SwaggerHub API Auto Mocking"},{"url":"https://dbs.fit.cvut.cz/configurations"}],"tags":[{"name":"Import","description":""},{"name":"Course","description":""},{"name":"User","description":""},{"name":"Parallel","description":""},{"name":"Exam","description":""},{"name":"Course event","description":""},{"name":"Classification configuration","description":""}],"paths":{"/users/courses/{courseId}":{"get":{"tags":["User"],"summary":"Get all users in course","parameters":[{"name":"courseId","in":"path","description":"ID of course","required":true,"style":"simple","explode":false,"schema":{"type":"integer"}},{"name":"pagination","in":"query","required":false,"style":"form","explode":true,"schema":{"$ref":"#/components/schemas/PaginationRequest"}}],"responses":{"200":{"description":"Success","content":{"aplication/json":{"schema":{"type":"object","properties":{"_pagination":{"$ref":"#/components/schemas/Pagination"},"items":{"type":"array","items":{"$ref":"#/components/schemas/UserWithoutId"}}}}}}},"404":{"description":"Course not found"}}}},"/users/{userId}":{"get":{"tags":["User"],"summary":"Get a user detail","parameters":[{"name":"userId","in":"path","description":"ID of user","required":true,"style":"simple","explode":false,"schema":{"type":"integer"}}],"responses":{"200":{"description":"Success","content":{"aplication/json":{"schema":{"$ref":"#/components/schemas/User"}}}},"404":{"description":"User not found"}}}},"/users/parallels/{parallelId}":{"get":{"tags":["User"],"summary":"Get all users in parallel","parameters":[{"name":"parallelId","in":"path","description":"ID of parallel","required":true,"style":"simple","explode":false,"schema":{"type":"integer"}},{"name":"pagination","in":"query","required":false,"style":"form","explode":true,"schema":{"$ref":"#/components/schemas/PaginationRequest"}}],"responses":{"200":{"description":"Success","content":{"aplication/json":{"schema":{"type":"object","properties":{"_pagination":{"$ref":"#/components/schemas/Pagination"},"items":{"type":"array","items":{"$ref":"#/components/schemas/UserWithoutId"}}}}}}},"404":{"description":"Parallel not found"}}}},"/users/exams/{examId}":{"get":{"tags":["User"],"summary":"Get all users in Exam","parameters":[{"name":"examId","in":"path","description":"ID of exam","required":true,"style":"simple","explode":false,"schema":{"type":"integer"}},{"name":"pagination","in":"query","required":false,"style":"form","explode":true,"schema":{"$ref":"#/components/schemas/PaginationRequest"}}],"responses":{"200":{"description":"Success","content":{"aplication/json":{"schema":{"type":"object","properties":{"_pagination":{"$ref":"#/components/schemas/Pagination"},"items":{"type":"array","items":{"$ref":"#/components/schemas/UserWithoutId"}}}}}}},"404":{"description":"Exam not found"}}}},"/users/course-events/{courseEventId}":{"get":{"tags":["User"],"summary":"Get all users in course event","parameters":[{"name":"courseEventId","in":"path","description":"ID of exam","required":true,"style":"simple","explode":false,"schema":{"type":"integer"}},{"name":"pagination","in":"query","required":false,"style":"form","explode":true,"schema":{"$ref":"#/components/schemas/PaginationRequest"}}],"responses":{"200":{"description":"Success","content":{"aplication/json":{"schema":{"type":"object","properties":{"_pagination":{"$ref":"#/components/schemas/Pagination"},"items":{"type":"array","items":{"$ref":"#/components/schemas/UserWithoutId"}}}}}}},"404":{"description":"course event not found"}}}},"/configuration/courses/{courseId}":{"get":{"tags":["Classification configuration"],"summary":"Get classification configuration of semestral work","parameters":[{"name":"courseId","in":"path","required":true,"style":"simple","explode":false,"schema":{"type":"integer"}}],"responses":{"200":{"description":"Classification configuration of semestral work","content":{"aplication/json":{"schema":{"$ref":"#/components/schemas/CourseConfiguration"}}}},"401":{"description":"Unauthorized"},"403":{"description":"Access denied"},"404":{"description":"Course not found"}}},"patch":{"tags":["Classification configuration"],"summary":"Update classification configuration of semestral work","parameters":[{"name":"courseId","in":"path","required":true,"style":"simple","explode":false,"schema":{"type":"integer"}}],"requestBody":{"description":"Updated classification configuration of semestral work object","content":{"aplication/json":{"schema":{"$ref":"#/components/schemas/CourseConfiguration"}}},"required":true},"responses":{"200":{"description":"Classification configuration of semestral work updated","content":{"aplication/json":{"schema":{"$ref":"#/components/schemas/CourseConfiguration"}}}},"400":{"description":"Classification configuration couldn't be updated"},"401":{"description":"Unauthorized"},"403":{"description":"Access denied"},"404":{"description":"Course not found"}}}},"/parallels/{parallelId}":{"get":{"tags":["Parallel"],"summary":"Get a parallel","parameters":[{"name":"parallelId","in":"path","description":"ID of parallel","required":true,"style":"simple","explode":false,"schema":{"type":"integer"}}],"responses":{"200":{"description":"Success","content":{"aplication/json":{"schema":{"$ref":"#/components/schemas/Parallel"}}}},"401":{"description":"Unauthorized"},"403":{"description":"Access denied"},"404":{"description":"Parallel not found"}}}},"/parallels/courses/{courseId}":{"get":{"tags":["Parallel"],"summary":"Get parallels of a course","parameters":[{"name":"courseId","in":"path","description":"ID of course","required":true,"style":"simple","explode":false,"schema":{"type":"integer"}},{"name":"pagination","in":"query","required":false,"style":"form","explode":true,"schema":{"$ref":"#/components/schemas/PaginationRequest"}}],"responses":{"200":{"description":"Success","content":{"aplication/json":{"schema":{"type":"object","properties":{"_pagination":{"$ref":"#/components/schemas/Pagination"},"items":{"type":"array","items":{"$ref":"#/components/schemas/Parallel"}}}}}}},"401":{"description":"Unauthorized"},"403":{"description":"Access denied"},"404":{"description":"Course not found"}}}},"/import/courses":{"get":{"tags":["Import"],"summary":"Get subjects that can be imported","responses":{"200":{"description":"Success","content":{"aplication/json":{"schema":{"type":"array","items":{"$ref":"#/components/schemas/CourseImport"}}}}},"401":{"description":"Unauthorized"},"403":{"description":"Access denied"}}},"post":{"tags":["Import"],"summary":"Import a given course","parameters":[{"name":"body","in":"query","description":"Course import","required":true,"style":"form","explode":true,"schema":{"$ref":"#/components/schemas/CourseImport"}}],"responses":{"201":{"description":"Course imported successfully","content":{"aplication/json":{"schema":{"$ref":"#/components/schemas/CourseImportResult"}}}},"401":{"description":"Unauthorized"},"403":{"description":"Access denied"},"404":{"description":"Course not found"}}}},"/exams/{examId}":{"get":{"tags":["Exam"],"summary":"Get an exam detail","parameters":[{"name":"examId","in":"path","description":"ID of user","required":true,"style":"simple","explode":false,"schema":{"type":"integer"}}],"responses":{"200":{"description":"Success","content":{"aplication/json":{"schema":{"$ref":"#/components/schemas/Exam"}}}},"401":{"description":"Unauthorized"},"403":{"description":"Access denied"},"404":{"description":"Exam not found"}}}},"/exams/courses/{courseId}":{"get":{"tags":["Exam"],"summary":"Get exams of a course","parameters":[{"name":"courseId","in":"path","description":"ID of course","required":true,"style":"simple","explode":false,"schema":{"type":"integer"}},{"name":"pagination","in":"query","required":false,"style":"form","explode":true,"schema":{"$ref":"#/components/schemas/PaginationRequest"}}],"responses":{"200":{"description":"Success","content":{"aplication/json":{"schema":{"type":"object","properties":{"_pagination":{"$ref":"#/components/schemas/Pagination"},"items":{"type":"array","items":{"$ref":"#/components/schemas/Exam"}}}}}}},"401":{"description":"Unauthorized"},"403":{"description":"Access denied"},"404":{"description":"Course not found"}}}},"/course-events/courses/{courseId}":{"get":{"tags":["Course event"],"summary":"Get one time events of a course","parameters":[{"name":"courseId","in":"path","description":"ID of course","required":true,"style":"simple","explode":false,"schema":{"type":"integer"}},{"name":"pagination","in":"query","required":false,"style":"form","explode":true,"schema":{"$ref":"#/components/schemas/PaginationRequest"}}],"responses":{"200":{"description":"Success","content":{"aplication/json":{"schema":{"type":"object","properties":{"_pagination":{"$ref":"#/components/schemas/Pagination"},"items":{"type":"array","items":{"$ref":"#/components/schemas/CourseEvent"}}}}}}},"401":{"description":"Unauthorized"},"403":{"description":"Access denied"},"404":{"description":"Course not found"}}}},"/course-events/{courseEventId}":{"get":{"tags":["Course event"],"summary":"Get a course event detail","parameters":[{"name":"courseEventId","in":"path","description":"ID of user","required":true,"style":"simple","explode":false,"schema":{"type":"integer"}}],"responses":{"200":{"description":"Success","content":{"aplication/json":{"schema":{"$ref":"#/components/schemas/CourseEvent"}}}},"401":{"description":"Unauthorized"},"403":{"description":"Access denied"},"404":{"description":"Course event not found"}}}},"/courses":{"get":{"tags":["Course"],"summary":"Get courses of a user","responses":{"200":{"description":"Success","content":{"aplication/json":{"schema":{"type":"array","items":{"$ref":"#/components/schemas/Course"}}}}},"401":{"description":"Unauthorized"},"403":{"description":"Access denied"}}}}},"components":{"schemas":{"Classroom":{"type":"object","properties":{"id":{"type":"integer","example":42},"name":{"type":"string","example":"T9-351"}}},"Course":{"type":"object","properties":{"course_id":{"type":"integer","example":42},"semester":{"type":"string","example":"B212"},"subject":{"type":"string","example":"BI-DBS.21"},"created":{"type":"string","format":"date-time"},"start":{"type":"string","format":"date-time"}}},"CourseConfiguration":{"type":"object","properties":{"sw_min_points":{"type":"integer","example":10},"sw_max_points":{"type":"integer","example":30},"credit_min_points":{"type":"integer","example":30},"tests_min_points":{"type":"integer","example":8},"tests_max_points":{"type":"integer","example":8},"oral_exam_removed_points":{"type":"integer","example":5},"oral_exam_max_points":{"type":"integer","example":12},"exam_min_points":{"type":"integer","example":12},"exam_max_points":{"type":"integer","example":12}}},"Role":{"type":"object","properties":{"type":{"type":"string"},"course_id":{"type":"integer"}}},"RoleWithoutCourse":{"type":"object","properties":{"type":{"type":"string"}}},"User":{"type":"object","properties":{"user_id":{"type":"integer","example":42},"name":{"type":"string","example":"John"},"surname":{"type":"string","example":"Doe"},"username":{"type":"string","example":"doejoh"},"email":{"type":"string","example":"john.doe@example.com"},"language":{"type":"string","example":"cs"},"last_login":{"type":"string","format":"date-time"},"type":{"type":"string","example":"normal","enum":["normal","test"]},"roles":{"type":"array","items":{"$ref":"#/components/schemas/Role"}}}},"UserWithoutId":{"type":"object","properties":{"user_id":{"type":"integer","example":42},"name":{"type":"string","example":"John"},"surname":{"type":"string","example":"Doe"},"username":{"type":"string","example":"doejoh"},"email":{"type":"string","example":"john.doe@example.com"},"language":{"type":"string","example":"cs"},"last_login":{"type":"string","format":"date-time"},"type":{"type":"string","example":"normal","enum":["normal","test"]},"roles":{"type":"array","items":{"$ref":"#/components/schemas/RoleWithoutCourse"}}}},"Parallel":{"type":"object","properties":{"parallel_id":{"type":"integer","example":42},"course_id":{"type":"integer","example":42},"first_hour":{"type":"string","format":"date-time"},"type":{"type":"string","example":"tutorial","enum":["lecture","tutorial","laboratory"]},"length":{"type":"integer","example":90},"parity":{"type":"string","example":"odd","enum":["even","odd","both"]},"weekday":{"type":"integer","example":2},"capacity":{"type":"integer","example":100},"occupied":{"type":"integer","example":99},"classroom":{"$ref":"#/components/schemas/Classroom"}}},"Exam":{"type":"object","properties":{"id":{"type":"integer","example":42},"course_id":{"type":"integer","example":42},"capacity":{"type":"integer","example":100},"occupied":{"type":"integer","example":99},"start":{"type":"string","format":"date-time"},"end":{"type":"string","format":"date-time"},"classroom":{"$ref":"#/components/schemas/Classroom"}}},"CourseEvent":{"type":"object","properties":{"id":{"type":"integer","example":42},"course_id":{"type":"integer","example":42},"name":{"type":"string","example":"Oprava semestrální práce"},"start":{"type":"string","format":"date-time"},"creator":{"type":"string","example":"hunkajir"},"description":{"type":"string","example":"Popisek úpravy semestrální práce"},"capacity":{"type":"integer","example":100},"occupied":{"type":"integer","example":99},"classroom":{"$ref":"#/components/schemas/Classroom"}}},"CourseImport":{"type":"object","properties":{"subject":{"type":"string","example":"BI-DBS.21"},"semester":{"type":"string","example":"B212"}}},"CourseImportResult":{"type":"object","properties":{"number_of_created_students":{"type":"number"},"number_of_deleted_students":{"type":"number"},"number_of_updated_students":{"type":"number"},"number_of_created_paralels":{"type":"number"},"number_of_deleted_paralels":{"type":"number"},"number_of_updated_paralels":{"type":"number"},"number_of_created_exams":{"type":"number"},"number_of_deleted_exams":{"type":"number"},"number_of_updated_exams":{"type":"number"}}},"Pagination":{"type":"object","properties":{"total":{"type":"integer","example":282},"page":{"type":"integer","example":2},"items_per_page":{"type":"integer","example":20}}},"PaginationRequest":{"properties":{"items_per_page":{"type":"integer","example":20},"page":{"type":"integer","example":2}}}}}}