{"openapi":"3.0.0","info":{"title":"GMM Risk API","contact":{"email":"jorge.plaza@masmovil.com"},"version":"0.0.0"},"externalDocs":{"description":"Documentación","url":"https://mmsistemas.atlassian.net/wiki/spaces/TRICO/pages/3100672602/RISK-905+Definici+n+del+API+de+ScoringGMM"},"servers":[{"url":"https://scoring.private.dev.k8s.masmovil.com/api/scoring_gmm/v1","description":"Development environment"},{"url":"TBD","description":"Staging environment"},{"url":"TBD","description":"Production environment"}],"tags":[{"name":"Scoring services","description":"Servicios encargados de consultar el scoring sobre ventas y operaciones de clientes en cartera"},{"name":"Fraud services","description":"Servicios encargados de evaluar el posible fraude sobre pedidos finalizados"}],"paths":{"/orgs/{orgId}/scoringRequest":{"post":{"tags":["Scoring services"],"summary":"Consulta de Scoring & Prescoring para pedidos","parameters":[{"name":"orgId","in":"path","required":true,"style":"simple","explode":false,"schema":{"type":"string","enum":["MASMOVIL","PARLEM","HAPPYMOVIL","BETIS","LLAMAYA","MMROUNDROBIN","REPUBLICAMOVIL","MARBLANCA","JOI","ALTERNA","SENIORTELECOM","PEPEPHONE","YOIGO","GUUK","AHIMAS","NATURGY","LYCAMOBILE","NOWO","LEBARA","HITSMOBILE","ONIVIA","SWENO","EUSKALTEL","VIRGIN","R","TELECABLE","TMOVIL","RACCTEL"]}}],"requestBody":{"description":"Información acerca del cliente y el pedido que se está evaluando","content":{"application/json":{"schema":{"$ref":"#/components/schemas/scoring-gmm-request"}}},"required":true},"responses":{"200":{"description":"Successfully","content":{"application/json":{"schema":{"$ref":"#/components/schemas/scoring-gmm-error-response"},"examples":{"Prescoring Aceptado":{"value":{"risk_trace_id":161347950099660,"timestamp":"2021-02-16T13:45:01.005+01:00","decision":"A","prescoring_restrictions":{"credit_limit":1500,"currency":"EUR"},"financed_devices":{"units":3,"amount":1000},"unfinanced_devices":{"units":5,"amount":1500}}},"Scoring Aceptado":{"value":{"risk_trace_id":161347950099660,"timestamp":"2021-02-16T13:45:01.005+01:00","decision":"A","scoring_restrictions":{"credit_limit":1500,"currency":"EUR"},"risk_barrings":{"roaming":false,"premium":false,"international":false}}},"Scoring Aceptado con riesgo":{"value":{"risk_trace_id":161347950099660,"timestamp":"2021-02-16T13:45:01.005+01:00","decision":"R","scoring_restrictions":{"deposit":99.9,"credit_limit":1500,"currency":"EUR"},"risk_barrings":{"roaming":false,"premium":false,"international":false}}},"Denegado":{"value":{"risk_trace_id":161347950099660,"timestamp":"2021-02-16T13:45:01.005+01:00","decision":"D"}}}}}},"400":{"description":"Petición mal formada","content":{"application/json":{"schema":{"$ref":"#/components/schemas/scoring-gmm-response"},"examples":{"error_interno":{"value":{"timestamp":"2021-02-16T13:45:01.005+01:00","error_description":"Unexpected error","error_code":987,"risk_trace_id":161347950099661}},"invalid_document_admin":{"value":{"timestamp":"2021-02-16T13:45:01.005+01:00","error_description":"Documento de identidad del admin debe ser NIF o NIE","error_code":951,"risk_trace_id":161347950099661}},"scoring_without_subscriptions":{"value":{"timestamp":"2021-02-16T13:45:01.005+01:00","error_description":"SIN SUBSCRIPCIONES","error_code":904,"risk_trace_id":161347950099661}},"misinformed_subscriptions":{"value":{"timestamp":"2021-02-16T13:45:01.005+01:00","error_description":"CAMPOS MAL INFORMADOS EN SUBSCRIPCIONES","error_code":911,"risk_trace_id":161347950099661}},"incomplete_address":{"value":{"timestamp":"2021-02-16T13:45:01.005+01:00","error_description":"CAMPOS OBLIGATORIOS DIRECCION MAL INFORMADOS","error_code":903,"risk_trace_id":161347950099661}},"incomplete_customer":{"value":{"timestamp":"2021-02-16T13:45:01.005+01:00","error_description":"CAMPOS OBLIGATORIOS CLIENTE MAL INFORMADOS","error_code":902,"risk_trace_id":161347950099661}},"misinformed_customer":{"value":{"operationDate":"2021-02-16T13:45:01.005+01:00","error_description":"CAMPOS OBLIGATORIOS CLIENTE NO INFORMADOS","error_code":901,"risk_trace_id":161347950099661}},"misinformed_bank_account_data":{"value":{"operationDate":"2021-02-16T13:45:01.005+01:00","error_description":"CAMPOS OBLIGATORIOS BANCARIOS MAL INFORMADOS","error_code":920,"risk_trace_id":"2021-02-16T13:45:01.005+01:00"}},"undefined_scoring_type/process":{"value":{"operationDate":"2021-02-16T13:45:01.005+01:00","error_description":"SCORING TYPE/PROCESS NO DEFINIDO","error_code":950,"risk_trace_id":161347950099661}},"birthdate not reported":{"value":{"operationDate":"2021-02-16T13:45:01.005+01:00","error_description":"FECHA DE NACIMIENTO EN PERSONA FÍSICA NO INFORMADO","error_code":905,"risk_trace_id":161347950099661}}}}}}}}},"/orgs/{orgId}/scoringRequest/{riskTraceId}":{"get":{"tags":["Scoring services"],"summary":"Obtener respuesta devuelta para un trace_id previo masStack","parameters":[{"name":"orgId","in":"path","required":true,"style":"simple","explode":false,"schema":{"type":"string","example":"masmovil or lycamobile or yoigo or nowo or pepephone"}},{"name":"riskTraceId","in":"path","required":true,"style":"simple","explode":false,"schema":{"type":"integer"}}],"responses":{"200":{"description":"Successfully","content":{"application/json":{"schema":{"$ref":"#/components/schemas/scoring-gmm-error-response"},"examples":{"Prescoring Aceptado":{"value":{"risk_trace_id":161347950099660,"timestamp":"2021-02-16T12:45:01.005+0000","decision":"A","prescoring_restrictions":{"credit_limit":1500,"currency":"EUR"},"financed_devices":{"units":3,"amount":1000},"unfinanced_devices":{"units":5,"amount":1500}}},"Scoring Aceptado":{"value":{"risk_trace_id":161347950099660,"timestamp":"2021-02-16T12:45:01.005+0000","decision":"A","scoring_restrictions":{"credit_limit":1500,"currency":"EUR"},"risk_barrings":{"roaming":false,"premium":false,"international":false}}},"Scoring Aceptado con riesgo":{"value":{"risk_trace_id":161347950099660,"timestamp":"2021-02-16T12:45:01.005+0000","decision":"R","scoring_restrictions":{"deposit":99.9,"credit_limit":1500,"currency":"EUR"},"risk_barrings":{"roaming":false,"premium":false,"international":false}}},"Denegado":{"value":{"risk_trace_id":161347950099660,"timestamp":"2021-02-16T12:45:01.005+0000","decision":"D"}}}}}},"400":{"description":"Petición mal formada","content":{"application/json":{"schema":{"$ref":"#/components/schemas/scoring-gmm-response"},"examples":{"error_interno":{"value":{"timestamp":"2021-02-16T12:45:01.005+0000","error_description":"Unexpected error","error_code":987,"risk_trace_id":161347950099661}}}}}}}}}},"components":{"schemas":{"scoring-gmm-request":{"required":["account","customer","order"],"type":"object","properties":{"process_info":{"$ref":"#/components/schemas/process_info"},"customer":{"$ref":"#/components/schemas/customer"},"accounts":{"type":"array","items":{"$ref":"#/components/schemas/account"}},"upfront_payment":{"$ref":"#/components/schemas/scoringgmmrequest_upfront_payment"}}},"process_info":{"required":["ip","operation_type","order_id","origin_system","risk_risk_trace_id","scoring_type","segment","session_id","timestamp","user"],"type":"object","properties":{"timestamp":{"type":"string","description":"Fecha y hora de la petición","format":"date-time"},"origin_system":{"type":"integer","description":"Identificador del sistema llamante","enum":[2,3,4,6,7,8,12,13,14,15,16,17,18]},"scoring_type":{"type":"integer","description":"tipo de consulta","enum":[0,1,2,10]},"risk_trace_id":{"type":"integer","description":"Valor devuelto en la llamada a prescoring a rellenar en la llamada a scoring","format":"int64"},"operation_type":{"type":"integer","description":"Tipo de operación","enum":[0,1,2,3,4,5,6,7,8,9,10,11,12,13,14,98,99]},"ip":{"type":"string","description":"IP pública desde donde se hace el pedido (call center, shop, final user IP in web)","format":"ipv4"},"segment":{"type":"integer","description":"segment","enum":[1,2,3,4]},"session_id":{"type":"string","description":"id de la sesion invocante"},"order_id":{"type":"string","description":"id interno del proceso en el sistema invocante"},"user":{"type":"string","description":"usuario que realiza la operacion"},"dealer_id":{"type":"string","description":"tienda o plataforma en la que se realiza la operacion"}}},"customer":{"required":["document_type_id","document_value","info_modified","info_recovered","name"],"type":"object","properties":{"customer_id":{"type":"string","description":"ID del cliente si ya existiese"},"document_type_id":{"type":"integer","description":"Tipo de documento","enum":[1,3,4,5]},"document_value":{"type":"string","description":"Número de documento de identidad"},"name":{"type":"string","description":"Nombre cliente"},"first_surname":{"type":"string","description":"Primer apellido cliente"},"second_surname":{"type":"string","description":"Segundo apellido cliente"},"nationality_id":{"type":"string","description":"nacionalidad en ISO-2"},"gender":{"type":"string","description":"Sexo del cliente."},"birthDate":{"type":"string","description":"Fecha de nacimiento del cliente. Obligatorio para persona física.","format":"date"},"company_name":{"type":"string","description":"Nombre de la empresa."},"foundationDate":{"type":"string","description":"Fecha creacion de la empresa.","format":"date"},"company_admin":{"$ref":"#/components/schemas/company_administrator"},"customer_address":{"$ref":"#/components/schemas/address"},"annual_income":{"type":"number","description":"ingresos anuales"},"info_recovered":{"type":"boolean","description":"información personal recuperada por el sistema"},"info_modified":{"type":"boolean","description":"información personal recuperada y modificada por el usuario"},"limits":{"$ref":"#/components/schemas/limits"},"email":{"type":"string","description":"Email de contacto"},"phone":{"type":"string","description":"Teléfono de contacto"}}},"limits":{"type":"object","properties":{"credit":{"type":"number","description":"límite de crédito otorgado previamente"},"credit_consumed":{"type":"number","description":"límite de crédito consumido por el cliente"},"historical_subscriptions":{"type":"integer","description":"límite máximo de suscripciones durante el ciclo de vida del cliente"},"actived_subscriptions":{"type":"integer","description":"límite máximo de suscripciones activas simultaneamente para el cliente"}}},"account":{"type":"object","properties":{"billing_society":{"type":"string","description":"Entidad facturadora","enum":["X001","E004"]},"account_id":{"type":"string","description":"Identificador de la cuenta"},"contract_id":{"type":"string","description":"identificador único del contrato"},"bank_account":{"type":"string","description":"cuenta bancaria asociada al contrato"},"payer":{"$ref":"#/components/schemas/payer"},"billing_address":{"$ref":"#/components/schemas/address"},"email":{"type":"string","description":"Email de contacto"},"phone":{"type":"string","description":"Teléfono de contacto"},"subscriptions":{"type":"array","items":{"$ref":"#/components/schemas/subscription"}}}},"subscription":{"type":"object","properties":{"id":{"type":"string"},"marketing_name":{"type":"string"},"category":{"type":"string"},"bundle_id":{"type":"string"},"bundle_name":{"type":"string"},"bundle_category":{"type":"string"},"technology":{"type":"string"},"product_id":{"type":"string"},"product_name":{"type":"string"},"tariff_id":{"type":"string","description":"Identificador de la taraifa asociada, relativo a id del fees"},"creation_date":{"type":"string","format":"date"},"type":{"type":"string","description":"product type","enum":["F","I","M","S","T","E","G","SF","TM"]},"commercial_product_id":{"type":"string"},"specific_attributes":{"$ref":"#/components/schemas/specific_atts"},"devices":{"type":"array","items":{"$ref":"#/components/schemas/device"}}}},"specific_atts":{"type":"object","properties":{"msisdn":{"type":"string"},"add_type":{"type":"string","enum":["N","P","S","C","PFGCI","PFGSI"]},"modality":{"type":"string","enum":["POSPAGO","PREPAGO"]},"imsi":{"type":"string"},"portability_info":{"$ref":"#/components/schemas/portability"},"pos_address":{"$ref":"#/components/schemas/address"},"delivery_address":{"$ref":"#/components/schemas/address"}}},"payer":{"type":"object","properties":{"account_holder":{"type":"boolean","description":"pagador distinto de cliente"},"document_type_id":{"type":"integer","description":"Tipo de documento","enum":[1,3,4,5]},"document_value":{"type":"string","description":"Número de documento de identidad"},"name":{"type":"string","description":"Nombre cliente"},"first_surname":{"type":"string","description":"Primer apellido cliente"},"second_surname":{"type":"string","description":"Segundo apellido cliente"},"nationality_id":{"type":"string","description":"nacionalidad en ISO-2"},"birthDate":{"type":"string","description":"Fecha de nacimiento del cliente. Obligatorio para persona física.","format":"date"},"company_name":{"type":"string","description":"Nombre de la empresa."},"foundationDate":{"type":"string","description":"Fecha creacion de la empresa.","format":"date"},"company_admin":{"$ref":"#/components/schemas/company_administrator"},"gender":{"type":"string","description":"Género","enum":["M","F","O"]}}},"address":{"type":"object","properties":{"normalizer_used":{"type":"string","description":"normalizador utilizado"},"normalized_address":{"type":"string","description":"Dirección normalizada de instalación"},"street_type":{"type":"string","description":"Tipo de vía de dirección","enum":["CALLE","AVENIDA","PLAZA","PASEO","CAMINO","VIA"]},"street_name":{"type":"string","description":"direccion"},"street_number":{"type":"integer","description":"número"},"floor":{"type":"string","description":"Piso"},"door":{"type":"string","description":"Puerta de dirección de instalación"},"complements":{"type":"string","description":"complemento de la direccion"},"block":{"type":"string","description":"Bloque"},"stair":{"type":"string","description":"escalera"},"locality":{"type":"string","description":"Localidad"},"zip_code":{"type":"string","description":"CP"},"province":{"type":"string","description":"Provincia de dirección"},"state_id":{"type":"string","description":"código de provincia"},"receptor_full_name":{"type":"string","description":"Nombre completo"},"document_type_id":{"type":"integer","description":"Tipo de documento","enum":[1,3,4,5]},"document_value":{"type":"string","description":"Número de documento de identidad"},"phone":{"type":"string","description":"Teléfono de contacto en dirección"},"email":{"type":"string","description":"Email de contacto en dirección"},"observation":{"type":"string","description":"observaciones a nivel dirección. Enfocado a observaciones para el reparto"}}},"company_administrator":{"type":"object","properties":{"document_type_id":{"type":"integer","description":"Tipo de documento","enum":[1,3,4,5]},"document_value":{"type":"string","description":"Número de documento de identidad"},"name":{"type":"string","description":"Nombre cliente"},"first_surname":{"type":"string","description":"Primer apellido cliente"},"second_surname":{"type":"string","description":"Segundo apellido cliente"},"nationality_id":{"type":"string","description":"nacionalidad en ISO-2"},"birthDate":{"type":"string","description":"Fecha de nacimiento del cliente. Obligatorio para persona física.","format":"date"}}},"portability":{"type":"object","properties":{"icc_id":{"type":"string"},"operator":{"type":"string"},"modality":{"type":"string","enum":["POSPAGO","PREPAGO"]},"donor_info":{"$ref":"#/components/schemas/donor"}}},"donor":{"type":"object","properties":{"donor_holder":{"type":"boolean"},"document_type_id":{"type":"integer","description":"Tipo de documento","enum":[1,3,4,5]},"document_value":{"type":"string","description":"Número de documento de identidad"},"name":{"type":"string","description":"Nombre cliente"},"first_surname":{"type":"string","description":"Primer apellido cliente"},"second_surname":{"type":"string","description":"Segundo apellido cliente"},"nationality_id":{"type":"string","description":"nacionalidad en ISO-2"},"birthDate":{"type":"string","description":"Fecha de nacimiento del cliente. Obligatorio para persona física.","format":"date"},"telephone":{"type":"string"},"email":{"type":"string"},"company_name":{"type":"string","description":"Nombre de la empresa."},"foundationDate":{"type":"string","description":"Fecha creacion de la empresa.","format":"date"}}},"device":{"type":"object","properties":{"type":{"type":"string","description":"Proviene de device category ."},"id":{"type":"string"},"code":{"type":"string","description":"Codigo de identificador del dispositivo ."},"financing_info":{"$ref":"#/components/schemas/fin_info"}}},"fin_info":{"type":"object","properties":{"upfront":{"type":"number"},"installment_numbers":{"type":"integer"},"installment_amount":{"type":"number"},"final_payment":{"type":"number"},"commitment_duration":{"type":"integer"},"penalty_value":{"type":"number"},"currency":{"type":"string"}}},"scoring-gmm-response":{"type":"object","properties":{"decision":{"type":"string","enum":["A","D","R"]},"risk_trace_id":{"type":"integer","format":"int64"},"timestamp":{"type":"string","format":"date-time"},"prescoring_restrictions":{"$ref":"#/components/schemas/pre_rest"},"scoring_restrictions":{"$ref":"#/components/schemas/sco_rest"}}},"pre_rest":{"type":"object","properties":{"credit_limit":{"type":"number"},"currency":{"type":"string"},"financed_devices":{"$ref":"#/components/schemas/number_amount"},"unfinanced_devices":{"$ref":"#/components/schemas/number_amount"}}},"sco_rest":{"type":"object","properties":{"deposit":{"type":"number"},"credit_limit":{"type":"number"},"risk_barrings":{"$ref":"#/components/schemas/sco_rest_risk_barrings"}}},"number_amount":{"type":"object","properties":{"units":{"type":"integer"},"amount":{"type":"number"}}},"scoring-gmm-error-response":{"type":"object","properties":{"risk_trace_id":{"type":"integer","format":"int64"},"timestamp":{"type":"string","format":"date-time"},"error_code":{"type":"integer"},"error_description":{"type":"string"}}},"scoringgmmrequest_upfront_payment":{"type":"object","properties":{"type":{"type":"string","description":"Tipo de pago","enum":["UPFRONT","RECURRENT"]},"reference":{"type":"string","description":"numero de tarjeta, email o referencia asociada a la forma de pago"},"amount":{"type":"number","description":"Importe a pagar durante la operación"},"currency":{"type":"string","description":"moneda"},"method":{"type":"string","description":"Forma de pago","enum":["TARJETA_CREDITO","TRANSFERENCIA","CONTRA_REEMBOLSO","PAYPAL","TECI"]}}},"sco_rest_risk_barrings":{"type":"object","properties":{"roaming":{"type":"boolean"},"premium":{"type":"boolean"},"international":{"type":"boolean"}}}}}}