{"openapi":"3.0.0","info":{"title":"Raspberry Pi Dryer API","description":"Simple API on communicating between a Raspberry Pi and another device. Used to adjust, calibrate, and start the Pi's process of checking for if a dryer has stopped.","contact":{"email":"mmohler1@my.gcu.edu"},"license":{"name":"Apache 2.0","url":"http://www.apache.org/licenses/LICENSE-2.0.html"},"version":"1.0.0"},"servers":[{"url":"/"}],"tags":[{"name":"developers","description":"Operations available to regular developers"}],"paths":{"/DryPi/adjust":{"post":{"tags":["developer"],"summary":"Tells the pi to adjust the offset of the range.","description":"Adjusts Pi's offset","operationId":"adjust","requestBody":{"description":"int of the offset.","content":{"application/json":{"schema":{"$ref":"#/components/schemas/Adjust"}}},"required":true},"responses":{"200":{"description":"Offset was changed"},"400":{"description":"Invalid input, object was invalid"},"401":{"description":"User has not been Authenticated"}}}},"/DryPi/calibrate":{"post":{"tags":["developer"],"summary":"Tells the Pi to find the range of itself when it is not moving. Then returns the object.","description":"Tells the pi to calibrate itself when not moving","operationId":"calibrate","responses":{"200":{"description":"Pi has been calibrated","content":{"application/json":{"schema":{"$ref":"#/components/schemas/Axes"}}}},"400":{"description":"Invalid input, object is invalid"},"401":{"description":"User has not been Authenticated"},"408":{"description":"Connection has timed out"}}}},"/DryPi/dryStop":{"post":{"tags":["developer"],"summary":"Communicates to the Pi that the dryer has started and to detect when it has stopped moving. Will require the ranges from the calibration to be saved on the phone. When finished will send the result back.","description":"Tells the pi to start detecting for no movement in the dryer.","operationId":"dryer","requestBody":{"description":"The ranges of the pi when it is not moving.","content":{"application/json":{"schema":{"$ref":"#/components/schemas/Axes"}}},"required":true},"responses":{"200":{"description":"Dryer has stopped"},"400":{"description":"Invalid input, object is invalid"},"401":{"description":"User has not been Authenticated"},"408":{"description":"Connection has timed out"}}}},"/DryPi/washerStop":{"post":{"tags":["developer"],"summary":"Communicates to the Pi, turns off the dryer detection, and returns the text Washer. This would have been an API to for a washer mode, but was not implamented.","description":"Tells the Pi to turn off the detection.","operationId":"washer","responses":{"200":{"description":"Washer"},"401":{"description":"User has not been Authenticated"},"408":{"description":"Connection has timed out"}}}}},"components":{"schemas":{"Axes":{"required":["rangeX","rangeY","rangeZ"],"type":"object","properties":{"rangeX":{"type":"number","format":"double","example":3.33},"rangeY":{"type":"number","format":"double","example":3.33},"rangeZ":{"type":"number","format":"double","example":3.33}}},"Adjust":{"required":["offset"],"type":"object","properties":{"offset":{"type":"integer","format":"int32","example":1}}}}}}