{"openapi":"3.0.0","info":{"title":"My Company API","description":"Esta API permite obtener información de los empleados","termsOfService":"https:localhost/terms","contact":{"name":"Brandon","url":"http://www.brandon.com","email":"Brandonf.luna@gmail.com"},"license":{"name":"Apache 2.0","url":"https://www.apache.org/licenses/LICENSE-2.0.html"},"version":"1.0.0"},"servers":[{"url":"https://virtserver.swaggerhub.com/Mo723/MyCompanyAPI/1.0.0","description":"SwaggerHub API Auto Mocking"},{"url":"https://www.google.com/api","description":"Google Server"},{"url":"https://www.facebook.com/api","description":"Facebook Server"}],"paths":{"/employees":{"get":{"description":"Permite obtener lista de empleado segun los parametros o condiciones","parameters":[{"name":"id","in":"query","description":"Codigo del empleado","required":false,"style":"form","explode":true,"schema":{"type":"number","example":2E+3}},{"name":"sueldo","in":"query","description":"sueldo del empleado","required":true,"style":"form","explode":true,"schema":{"type":"number","example":2E+3}}],"responses":{"200":{"description":"Successful request","content":{"application/json":{"schema":{"type":"array","items":{"properties":{"id":{"type":"integer","example":465},"nombre":{"type":"string","example":"Brandon Luna"},"sueldo":{"type":"number","format":"float","example":2E+3}}}}}}},"404":{"description":"Request not found","content":{"aplication/json":{"schema":{"type":"string","example":"{\"message\":\"Error 404. Page or Request not found.\"}"}}}}}}},"/employes/{id}":{"get":{"description":"obtener información de un empleado ingresando su ID","parameters":[{"name":"id","in":"path","description":"codigo del empleado","required":true,"style":"simple","explode":false,"schema":{"type":"number","example":465}}],"responses":{"200":{"description":"Successful request","content":{"aplication/json":{"schema":{"type":"array","items":{"properties":{"id":{"type":"integer","example":123}}}}}}}}}}}}