{"openapi":"3.0.0","info":{"title":"Swagger Petstore","description":"This is a sample Petstore server.  You can find\nout more about Swagger at\n[http://swagger.io](http://swagger.io) or on\n[irc.freenode.net, #swagger](http://swagger.io/irc/).\n","termsOfService":"http://swagger.io/terms/","contact":{"email":"apiteam@swagger.io"},"license":{"name":"Apache 2.0","url":"http://www.apache.org/licenses/LICENSE-2.0.html"},"version":"1.0.0"},"externalDocs":{"description":"Find out more about Swagger","url":"http://swagger.io"},"servers":[{"url":"https://virtserver.swaggerhub.com/Mobily76/StaffMigrating/1.0.0","description":"SwaggerHub API Auto Mocking"},{"url":"https://petstore.swagger.io/v2"}],"tags":[{"name":"Staff Migrating","description":"Migrating the staff back to Legacy system in case of resignation during L3 period","externalDocs":{"description":"Find out more","url":"http://swagger.io"}}],"paths":{"/staff/customerInfo":{"post":{"tags":["Staff"],"summary":"New Operation procedure for staff migration back  in case of resignation","operationId":"activation","requestBody":{"$ref":"#/components/requestBodies/activation"},"responses":{"200":{"description":"received"},"405":{"description":"Invalid input"}}}}},"components":{"schemas":{"activation":{"required":["name"],"type":"object","properties":{"title":{"type":"string","example":"Mr"},"firstName":{"type":"string","example":"Naser"},"middleName":{"type":"string","example":"ahmed"},"lastName":{"type":"string","example":"ahmed"},"gender":{"type":"string","example":"M"},"exceptionFlagType":{"type":"string"},"dobFormat":{"type":"string"},"dateOfBirth":{"type":"string","example":"02/24/2003"},"dateOfBirthHijri":{"type":"string","example":"20/12/1424"},"idDocumentType":{"type":"string","example":"Saudi National ID"},"idDocumentNumber":{"type":"string","example":"1133069342"},"idDocExpDateFormat":{"type":"string"},"idDocumentHExpiryDate":{"type":"string","example":"01/01/1442"},"idDocumentGExpiryDate":{"type":"string","example":"05/26/2024"},"contactPreference":{"type":"string","example":"Email"},"languagePreference":{"type":"string","example":"English"},"occupation":{"type":"string","example":"Professional"},"postalCode":{"type":"string","example":"12123"},"poBox":{"type":"string","example":"1232"},"city":{"type":"string","example":"Riyadh"},"country":{"type":"string","example":"Saudi Arabia"},"emailAddress":{"type":"string","example":"ghaidaalsab1@gmail.com"},"Mobile":{"type":"string","example":"966532169100"},"streetAddress":{"type":"string","example":"NEW_LINE_20220217160601794"},"customerType":{"type":"string","example":"Consumer"},"customerCategory":{"type":"string"},"elmValidationStatus":{"type":"string","example":"Verified"},"packageName":{"type":"string","example":"Postpaid_200_Enhanced"},"msisdn":{"type":"string","example":"966512345678"},"mnpOperator":{"type":"string","example":"STC"},"sim":{"type":"string","example":"8996641421111132635"},"imsi":{"type":"string","example":"420034141132635"},"fingerPrintFlag":{"type":"string","example":"Y"},"fingerPrintDate":{"type":"string","example":"20220217160601"},"contractPeriod":{"type":"string"},"billFrequency":{"type":"string"},"tcn":{"type":"string","example":"d016872e-7d6d-4f53-af99-fc67a27e60d9"},"deliveryCity":{"type":"string","example":"Riyadh"},"DeliveryDetailedAddress":{"type":"string","example":"Sulimaniah"},"DeliveryDate":{"type":"string","example":"fffff"},"celiveryTimeslot":{"type":"string","example":"1:00 - 1:30"},"carrierName":{"type":"string","example":"smsa"},"deliveryFees":{"type":"string","example":"10.0"},"deliveryFeeTax":{"type":"string","example":"1.5"}}}},"requestBodies":{"activation":{"description":"Pet object that needs to be added to the store","content":{"application/json":{"schema":{"$ref":"#/components/schemas/activation"}}},"required":true}}}}