{"openapi":"3.0.0","info":{"title":"API-REST Orquesta In-Session","license":{"name":"MIT"},"version":"4.0"},"servers":[{"url":"https://ssays-orquesta.com:8444/","description":"Servidor Orquesta"},{"url":"https://virtserver.swaggerhub.com/Mochero/RestSSAYS/4.0","description":"SwaggerHub API Auto Mocking"}],"security":[{"usertoken":[]},{"apitoken":[]}],"tags":[{"name":"Login","description":"Login de usuario."},{"name":"Activiades","description":"Actividades para el usuario"},{"name":"Archivos","description":"Enviar y visualizar archivos"}],"paths":{"/api/auth/signin":{"post":{"tags":["Login"],"summary":"Login al sistema","description":"Método POST","requestBody":{"description":"Data a enviar *Login*","content":{"application/json":{"schema":{"$ref":"#/components/schemas/LoginData"}}},"required":true},"responses":{"200":{"description":"Login correcto","content":{"application/json":{"schema":{"$ref":"#/components/schemas/LoginOK"}}}},"401":{"description":"Error de usuario en login, alguno de los 3 parametros no coinciden con lo que hay en la base de datos.","content":{"application/json":{"schema":{"$ref":"#/components/schemas/Err401Login"}}}},"500":{"description":"Error interno en API-Rest","content":{"application/json":{"schema":{"$ref":"#/components/schemas/ErrorInterno"}}}}},"security":[]}},"/api/auth/signout":{"post":{"tags":["Login"],"summary":"Cerrar sessión en sistema","description":"Método POST","responses":{"200":{"description":"Sesión cerrada correctamente","content":{"application/json":{"schema":{"$ref":"#/components/schemas/SalirData"}}}},"500":{"description":"Error interno en API-Rest","content":{"application/json":{"schema":{"$ref":"#/components/schemas/ErrorInterno"}}}}},"security":[]}},"/api/cronograma/lista/{fecha}":{"get":{"tags":["Activiades"],"summary":"Actividades y tareas ya realizadas.","description":"El nodo __data__ contiene información que se listará en la vista principal, el key __*uuid*__ es el que se usará para __cargar__ un trabajo ya realizado, sin embargo en caso se quiera asignar un nuevo trabajo en una actividad se debe almacenar el key __Codigo__.","parameters":[{"name":"fecha","in":"path","description":"Formato fecha MySQL, si el parametro es vacio por defecto se toma la fecha de hoy.","required":true,"style":"simple","explode":false,"schema":{"type":"string"},"example":{"fecha":"2022-04-05"}}],"responses":{"200":{"description":"Nodo __data__ contiene las actividades que el usuario ya ha realizado, nodo __actividades__ contiene la lista de actividades que se tiene que realizar","content":{"application/json":{"schema":{"$ref":"#/components/schemas/listaActividades"}}}},"401":{"description":"La sessión ha caducado.","content":{"application/json":{"schema":{"$ref":"#/components/schemas/iniciaSession"}}}},"500":{"description":"Error interno en API-Rest","content":{"application/json":{"schema":{"$ref":"#/components/schemas/ErrorInterno"}}}}}}},"/api/files_img_generico/carga":{"post":{"tags":["Archivos"],"summary":"Subir un archivo","description":"Método POST, formData: un archivo binario, Flag: el valor siempre será: *CRONOGRAMA_TRABAJO_OLI*, Token: el uuid del formulario, IdDoc es el ID del formulario.","requestBody":{"description":"Data a enviar desde el formulario.","content":{"application/json":{"schema":{"$ref":"#/components/schemas/subirFile"}}},"required":true},"responses":{"200":{"description":"Archivo cargado correctamente","content":{"application/json":{"schema":{"$ref":"#/components/schemas/subirFileOK"}}}},"401":{"description":"La sessión ha caducado.","content":{"application/json":{"schema":{"$ref":"#/components/schemas/iniciaSession"}}}},"500":{"description":"Error interno en API-Rest","content":{"application/json":{"schema":{"$ref":"#/components/schemas/ErrorInterno"}}}}},"security":[]}},"/api/cronograma/guardar":{"post":{"tags":["Activiades"],"summary":"Guardar una tarea de una actividad","description":"Toma la actividad a realizar y captura el Codigo de la actividad, adicional el formulario deberá generar un *uu_id* único no menor a 50 caracteres, al ser formulario nuevo el campo código va 0","requestBody":{"description":"El uu_id se genera desde el lado de la aplicación, el campo Codigo va 0","content":{"application/json":{"schema":{"$ref":"#/components/schemas/formTrabajoNuevo"}}},"required":true},"responses":{"200":{"description":"Datos ingresados correctamente","content":{"application/json":{"schema":{"$ref":"#/components/schemas/R200Trabajo"}}}},"401":{"description":"La sessión ha caducado.","content":{"application/json":{"schema":{"$ref":"#/components/schemas/iniciaSession"}}}},"500":{"description":"Error interno en API-Rest","content":{"application/json":{"schema":{"$ref":"#/components/schemas/ErrorInterno"}}}}}}},"/api/cronograma/actualizar":{"post":{"tags":["Activiades"],"summary":"Actualizar una tarea de actividad","description":"Una vez cargado el documento se envía esta data","requestBody":{"description":"El uu_id ya nose envía, el campo Codigo se carga desde el servicio para cargar el documento","content":{"application/json":{"schema":{"$ref":"#/components/schemas/formTrabajoActualizar"}}},"required":true},"responses":{"200":{"description":"Datos ingresados correctamente","content":{"application/json":{"schema":{"$ref":"#/components/schemas/R200TrabajoUpdate"}}}},"401":{"description":"La sessión ha caducado.","content":{"application/json":{"schema":{"$ref":"#/components/schemas/iniciaSession"}}}},"500":{"description":"Error interno en API-Rest","content":{"application/json":{"schema":{"$ref":"#/components/schemas/ErrorInterno"}}}}}}},"/api/cronograma/cargar":{"post":{"tags":["Activiades"],"summary":"Cargar una tarea","description":"Vamor a cargar los datos de una actividad, el toma los datos que envia el servicio para __uu_id__ y __Codigo__ se cargan del servicio.","requestBody":{"description":"Se cargan los datos desde el nodo __data__ y el nodo __archivos__ contiene los archivos.","content":{"application/json":{"schema":{"$ref":"#/components/schemas/formCargarTrabajo"}}},"required":true},"responses":{"200":{"description":"Se cargó el documento correctamente","content":{"application/json":{"schema":{"$ref":"#/components/schemas/R200CargarTrabajo"}}}},"401":{"description":"La sessión ha caducado.","content":{"application/json":{"schema":{"$ref":"#/components/schemas/iniciaSession"}}}},"500":{"description":"Error interno en API-Rest","content":{"application/json":{"schema":{"$ref":"#/components/schemas/ErrorInterno"}}}}}}}},"components":{"schemas":{"R200CargarTrabajo":{"type":"object","properties":{"codigo":{"type":"integer","description":"The user ID."},"data":{"type":"object","description":"Datos del trabajo"},"archivos":{"type":"object","description":"Datos de las imágenes"},"msg":{"type":"object","description":"Respuesta del servicio"}},"example":{"codigo":200,"archivos":[{"Img":"http://localhost:1703/api/ver/archivos/KjMfpBzgPpHdJShmNYZhQzr9Q6Ql4Fft134yIRE7-1vny95RfxqH7z8JUSZaskrGwd0vWv99PNH2oLDPa-vRYD3aaYafudlAakvFMIOZXIGV8jXBdFc25bLt6f/267749900_1512016502516692_3535605263469607454_n.jpg","Thumb":"http://localhost:1703/api/ver/archivos/400/KjMfpBzgPpHdJShmNYZhQzr9Q6Ql4Fft134yIRE7-1vny95RfxqH7z8JUSZaskrGwd0vWv99PNH2oLDPa-vRYD3aaYafudlAakvFMIOZXIGV8jXBdFc25bLt6f/267749900_1512016502516692_3535605263469607454_n.jpg"}],"data":{"uu_id":"fDugUxl1F25HUdu7nzKKwCZ0pkLWgTnGVYVfAwbm-XHSpNEKdSVGbYAY0MJLM5vtUNoBklv7nt5CN4mMb-zWWU6D5w7zO5Z7FoEyeGRGWl9yWtQGXXCJfMeTgB","Codigo":"TRA00000006","CodActividad":"ACT00000007","Actividad":"PASADIZO: DESEMPOLVADO DE PARTES ALTAS, EXTINTORES, CUADROS, MODULOS","Glosa":"Se limpió el SSHH","Revision":"NO","Usuario":"GABRIEL CONDORCANQUI JOSÉ","Modificado":"20/03/2022 23:54"},"msg":{"titulo":"Correcto","clase":"success","msg":"Datos actualizados correctamente"}}},"formCargarTrabajo":{"required":["uu_id"],"type":"object","properties":{"uu_id":{"type":"string"}},"example":{"uu_id":"fDugUxl1F25HUdu7nzKKwCZ0pkLWgTnGVYVfAwbm-XHSpNEKdSVGbYAY0MJLM5vtUNoBklv7nt5CN4mMb-zWWU6D5w7zO5Z7FoEyeGRGWl9yWtQGXXCJfMeTgB"}},"R200TrabajoUpdate":{"type":"object","properties":{"codigo":{"type":"integer","description":"The user ID."},"data":{"type":"object","description":"Datos del trabajo"},"msg":{"type":"object","description":"Respuesta del servicio"}},"example":{"codigo":200,"item":{"uu_id":"fDugUxl1F25HUdu7nzKKwCZ0pkLWgTnGVYVfAwbm-XHSpNEKdSVGbYAY0MJLM5vtUNoBklv7nt5CN4mMb-zWWU6D5w7zO5Z7FoEyeGRGWl9yWtQGXXCJfMeTgB","Codigo":"TRA00000006","CodActividad":"ACT00000007","Actividad":"PASADIZO: DESEMPOLVADO DE PARTES ALTAS, EXTINTORES, CUADROS, MODULOS","Glosa":"Se limpió el SSHH","Revision":"NO","Usuario":"GABRIEL CONDORCANQUI JOSÉ","Modificado":"20/03/2022 23:54"},"msg":{"titulo":"Correcto","clase":"success","msg":"Datos actualizados correctamente"}}},"formTrabajoActualizar":{"required":["CodActividad","Codigo","Glosa","Revision"],"type":"object","properties":{"Codigo":{"type":"string"},"CodActividad":{"type":"string"},"Glosa":{"type":"string"},"Revision":{"type":"string"}},"example":{"Codigo":"TRA00000008","CodActividad":"ACT00000007","Glosa":"Se limpió el SSHH","Revision":"NO"}},"R200Trabajo":{"type":"object","properties":{"codigo":{"type":"integer","description":"The user ID."},"data":{"type":"object","description":"Datos del trabajo"},"msg":{"type":"object","description":"Respuesta del servicio"}},"example":{"codigo":200,"item":{"uu_id":"fDugUxl1F25HUdu7nzKKwCZ0pkLWgTnGVYVfAwbm-XHSpNEKdSVGbYAY0MJLM5vtUNoBklv7nt5CN4mMb-zWWU6D5w7zO5Z7FoEyeGRGWl9yWtQGXXCJfMeTgB","Codigo":"TRA00000006","CodActividad":"ACT00000007","Actividad":"PASADIZO: DESEMPOLVADO DE PARTES ALTAS, EXTINTORES, CUADROS, MODULOS","Glosa":"Se limpió el SSHH","Revision":"NO","Usuario":"GABRIEL CONDORCANQUI JOSÉ","Modificado":"20/03/2022 23:54"},"msg":{"titulo":"Correcto","clase":"success","msg":"Datos guardados correctamente"}}},"formTrabajoNuevo":{"required":["CodActividad","Glosa","Revision","uu_id"],"type":"object","properties":{"Codigo":{"type":"string"},"CodActividad":{"type":"string"},"uu_id":{"type":"string"},"Glosa":{"type":"string"},"Revision":{"type":"string"}},"example":{"Codigo":"0","CodActividad":"ACT00000007","uu_id":"fDugUxl1F25HUdu7nzKKwCZ0pkLWgTnGVYVfAwbm-XHSpNEKdSVGbYAY0MJLM5vtUNoBklv7nt5CN4mMb-zWWU6D5w7zO5Z7FoEyeGRGWl9yWtQGXXCJfMeTgB","Glosa":"Se limpió el SSHH","Revision":"NO"}},"subirFile":{"required":["Flag","IdDoc","Token","formData"],"type":"object","properties":{"formData":{"type":"string","format":"binary"},"Token":{"type":"string"},"IdDoc":{"type":"string"},"Flag":{"type":"string"}},"example":{"formData":"[Archivo binario]","Token":"DDSDSF534-FD323-F3FSDFS56","IdDoc":"DOC00321","Flag":"APP-OPERARIOS"}},"subirFileOK":{"type":"object","properties":{"codigo":{"type":"integer","description":"Codigo de la respuesta"},"extension":{"type":"string","description":"Extensión del archivo cargado"},"titulo":{"type":"string","description":"Título"},"clase":{"type":"string","description":"Clase del servicio: success, warning, error, info."},"msg":{"type":"string","description":"Mensaje del servicio"}},"example":{"codigo":200,"extension":"jpg","url":"url-imagen/jpg","resp":{"titulo":"Correcto","clase":"success","texto":"Archivo cargado."}}},"listaActividades":{"type":"object","properties":{"codigo":{"type":"integer","description":"Codigo de respuesta"},"msg":{"type":"object","description":"Respuesta del servidor"},"actividades":{"type":"object","description":"Lista de actividades a realizar"},"data":{"type":"object","description":"Lista de actividades que ya ha realizado."}},"example":[{"codigo":200,"resp":{"titulo":"Correcto","clase":"success","texto":"Datos cargados."},"data":[{"Codigo":"ACT00000008","Actividad":"PASADIZO: DESEMPOLVADO DE PARTES ALTAS, EXTINTORES, CUADROS, MODULOS - 7:30 am - 7:40 am","uuid":"SOZ1YGnqO8FeAsvXhT2IoInm5-FIFu1qg36bf6a4mYxFaQDBzWI-pI2o2kKBCC4VSvJ4Is0NPGdF2","Fecha":"05/04/2022","Estado":"Realizado"},{"Codigo":"ACT00000009","Actividad":"LIMPIEZA DE SSHH DAMAS Y VARONES 3ER PISO: LAVADEROS, URINARIOS, ESPEJOS, RETIRO DE RESIDUOS, BARRIDO Y MECHONEADO DE PISO. - 7:40 am - 8:00 am","Estado":"Pendiente"},{"Codigo":"ACT00000010","Actividad":"OF. COORDINACIONES: LIMPIEZA DE MOBILIARIO, COMPUTADORA, RETIRO DE RESIDUOS, BARRIDO Y MECHONEADO DE PISO. - 8:00 am - 8:20 am","Estado":"Pendiente"},{"Codigo":"ACT00000011","Actividad":"BIBLIOTECA: LIMPIEZA DE MOBILIARIO, CARPETAS, SILLAS, RETIRO DE RESIDUOS, BARRIDO Y MECHONEADO DE PISO. - 8:20 am - 8:40 am","Estado":"Pendiente"},{"Codigo":"ACT00000012","Actividad":"PAPELEO PATIO PRINCIPAL Y REVISION DE TACHOS - 8:40 am - 9:00 am","Estado":"Pendiente"},{"Codigo":"ACT00000013","Actividad":"LIMPIEZA DE SSHH DAMAS Y VARONES 3ER PISO: LAVADEROS, URINARIOS, ESPEJOS, RETIRO DE RESIDUOS, BARRIDO Y MECHONEADO DE PISO. - 9:00 am - 9:20 am","Estado\"":"Pendiente"}]}]},"iniciaSession":{"type":"object","properties":{"codigo":{"type":"integer","description":"Nro de código"},"msg":{"type":"string","description":"Mensaje de respuesta."},"clase":{"type":"string","description":"success, warning, error, info"},"titulo":{"type":"string","description":"Título."}},"example":{"codigo":401,"msg":{"titulo":"Error","clase":"error","msg":"Debe iniciar sessión."}}},"SalirData":{"type":"object","properties":{"msg":{"type":"integer","description":"Nro de código"},"clase":{"type":"string","description":"success, warning, error, info"},"titulo":{"type":"string","description":"Título."}},"example":{"codigo":200,"msg":{"titulo":"Correcto","clase":"success","msg":"Se cerró la sessión."}}},"LoginData":{"required":["Password","UserName"],"type":"object","properties":{"UserName":{"type":"string"},"Password":{"type":"string"},"DNI":{"type":"integer"}},"example":{"UserName":"JGABRIELC","Password":"42968275","DNI":42968275}},"LoginOK":{"type":"object","properties":{"codigo":{"type":"integer","description":"The user ID."},"data":{"type":"string","description":"Datos del usuario."}},"example":{"codigo":200,"data":{"UUID":"0985447bd5d7d16e8e0ace13d9ffa162","Usuario":"JGABRIELC","Nombre":"GABRIEL CONDORCANQUI JOSÉ","Puesto":"ASISTENTE DE TECNOLOGÍAS DE LA INFORMACIÓN Y COMUNICACIÓN","Avatar":"https://ssays-orquesta.com:8444/api/files/show/ESbf2g5QIyAS6tHWYj1tA4DBKAgDPM-hHsnVGH1juyYO9zLecP3xkmgJnVia0-oH8OvDaNDl06RmF4TJegvhzSE9kbN0","Tipo":"Administrativo"},"msg":{"titulo":"Correcto","clase":"success","msg":"Acceso correcto"}}},"ErrorInterno":{"type":"object","properties":{"msg":{"type":"integer","description":"Descripción de error"},"clase":{"type":"string","description":"success, warning, error, info."},"titulo":{"type":"string","description":"Título."}},"example":{"codigo":500,"msg":{"titulo":"Error","clase":"red","msg":"Illegal arguments: number, string"}}},"Err401Login":{"type":"object","properties":{"msg":{"type":"integer","description":"Descripción de error"},"clase":{"type":"string","description":"red,info,success."},"titulo":{"type":"string","description":"Título."}},"example":{"codigo":500,"msg":{"titulo":"Error","clase":"red","msg":"Contraseña incorrecta."}}},"User":{"required":["id","name"],"type":"object","properties":{"id":{"type":"integer","format":"int64"},"name":{"type":"string"},"tag":{"type":"string"}}},"Error":{"required":["code","message"],"type":"object","properties":{"code":{"type":"integer","format":"int32"},"message":{"type":"string"}}}},"securitySchemes":{"usertoken":{"type":"apiKey","name":"user-token","in":"header"},"apitoken":{"type":"apiKey","name":"api-token","in":"header"}}}}