{"openapi":"3.0.0","info":{"title":"Membership Process API (PoC Version)","description":"Process API to implement business rules for Banking Core members","contact":{"email":"abel.hernandez@modusbox.com"},"license":{"name":"Apache 2.0","url":"http://www.apache.org/licenses/LICENSE-2.0.html"},"version":"1.0"},"servers":[{"url":"https://virtserver.swaggerhub.com/talkdesk-membership-process/1.0","description":"SwaggerHub API Auto Mocking"}],"tags":[{"name":"members"}],"paths":{"/members":{"get":{"tags":["members"],"summary":"List of members that match given filters","operationId":"getMembers","parameters":[{"name":"skip","in":"query","description":"Number of elements to skip","required":true,"style":"form","explode":true,"schema":{"type":"integer"}},{"name":"limit","in":"query","description":"Limit of elements","required":true,"style":"form","explode":true,"schema":{"type":"integer"}},{"name":"ssn","in":"query","description":"Social Security Number (fuzzy match)","required":false,"style":"form","explode":true,"schema":{"type":"string"}},{"name":"mobilePhoneNumber","in":"query","description":"Mobile Phone Number (strip country code and return fuzzy matches)","required":false,"style":"form","explode":true,"schema":{"type":"string"}},{"name":"homePhoneNumber","in":"query","description":"Home Phone Number (strip country code and return fuzzy matches)","required":false,"style":"form","explode":true,"schema":{"type":"string"}},{"name":"accountNumber","in":"query","description":"Account number (case insensitive match)","required":false,"style":"form","explode":true,"schema":{"type":"string"}},{"name":"creditCardNumber","in":"query","description":"Credit card number (exact match)","required":false,"style":"form","explode":true,"schema":{"type":"string"}},{"name":"birthdate","in":"query","description":"Birthdate (yyyy-mm-dd format; exact match)","required":false,"style":"form","explode":true,"schema":{"type":"string"}},{"name":"name","in":"query","description":"Account holder's name (fuzzy match)","required":false,"style":"form","explode":true,"schema":{"type":"string"}}],"responses":{"200":{"description":"List of members","content":{"application/json":{"schema":{"type":"object","properties":{"total":{"type":"integer"},"members":{"type":"array","items":{"$ref":"#/components/schemas/MemberSearchResponse"}}}}}}}}}},"/members/{memberId}":{"get":{"tags":["members"],"summary":"Returns a Member from the banking core.","description":"Returns a Member from the banking core.\n","operationId":"getMember","parameters":[{"name":"memberId","in":"path","description":"The Member Identifier.","required":true,"style":"simple","explode":false,"schema":{"type":"string"}}],"responses":{"200":{"description":"Success","content":{"application/json":{"schema":{"$ref":"#/components/schemas/Member"}}}},"404":{"description":"Resource Not Found","content":{"application/json":{"schema":{"$ref":"#/components/schemas/Error"}}}},"500":{"description":"API Error","content":{"application/json":{"schema":{"$ref":"#/components/schemas/Error"}}}}}}},"/members/{memberId}/accounts":{"get":{"tags":["accounts"],"summary":"Gets the accounts for a member.","description":"Returns the accounts for the given member.\n","operationId":"getMemberAccounts","parameters":[{"name":"memberId","in":"path","description":"The Member Identifier.","required":true,"style":"simple","explode":false,"schema":{"type":"string"}},{"name":"skip","in":"query","description":"Number of elements to skip","required":true,"style":"form","explode":true,"schema":{"type":"integer"}},{"name":"limit","in":"query","description":"Limit of elements","required":true,"style":"form","explode":true,"schema":{"type":"integer"}}],"responses":{"200":{"description":"Success","content":{"application/json":{"schema":{"type":"object","properties":{"total":{"type":"integer"},"accounts":{"type":"array","items":{"$ref":"#/components/schemas/Account"}}}}}}},"404":{"description":"Resource Not Found","content":{"application/json":{"schema":{"$ref":"#/components/schemas/Error"}}}},"500":{"description":"API Error","content":{"application/json":{"schema":{"$ref":"#/components/schemas/Error"}}}}}}},"/members/{memberId}/cards":{"get":{"tags":["cards"],"summary":"Gets the cards for a member.","description":"Returns the cards for the given member.\n","operationId":"getMemberCards","parameters":[{"name":"memberId","in":"path","description":"The Member Identifier.","required":true,"style":"simple","explode":false,"schema":{"type":"string"}},{"name":"skip","in":"query","description":"Number of elements to skip","required":true,"style":"form","explode":true,"schema":{"type":"integer"}},{"name":"limit","in":"query","description":"Limit of elements","required":true,"style":"form","explode":true,"schema":{"type":"integer"}}],"responses":{"200":{"description":"Success","content":{"application/json":{"schema":{"type":"object","properties":{"total":{"type":"integer"},"cards":{"type":"array","items":{"$ref":"#/components/schemas/Card"}}}}}}},"404":{"description":"Resource Not Found","content":{"application/json":{"schema":{"$ref":"#/components/schemas/Error"}}}},"500":{"description":"API Error","content":{"application/json":{"schema":{"$ref":"#/components/schemas/Error"}}}}}}},"/members/{memberId}/cards/{cardId}":{"get":{"tags":["cards"],"summary":"Returns a member card by Id.","operationId":"getMemberCard","parameters":[{"name":"memberId","in":"path","description":"The Member Id. At the system API level this member Id must be the Symitar Account Number.","required":true,"style":"simple","explode":false,"schema":{"type":"string"}},{"name":"cardId","in":"path","description":"The Card Id. At the system API level this card Id must be the Symitar Card Locator.","required":true,"style":"simple","explode":false,"schema":{"type":"string"}}],"responses":{"200":{"description":"Success","content":{"application/json":{"schema":{"$ref":"#/components/schemas/Card"}}}},"400":{"description":"Invalid Request","content":{"application/json":{"schema":{"$ref":"#/components/schemas/Error"}}}},"500":{"description":"API Error","content":{"application/json":{"schema":{"$ref":"#/components/schemas/Error"}}}}}},"patch":{"tags":["cards"],"summary":"Updates the Card specified by the cardId.","operationId":"updateMemberCard","parameters":[{"name":"memberId","in":"path","description":"The Member Identifier.","required":true,"style":"simple","explode":false,"schema":{"type":"string"}},{"name":"cardId","in":"path","description":"The Card Identifier.","required":true,"style":"simple","explode":false,"schema":{"type":"string"}}],"requestBody":{"description":"Fields to be updated","content":{"application/json":{"schema":{"type":"object","properties":{"operation":{"type":"string","enum":["ACTIVATE","DEACTIVATE"]},"reason":{"type":"string","description":"Only used for ACTIVATE operation"}}}}}},"responses":{"202":{"description":"Accepted"},"404":{"description":"Resource Not Found","content":{"application/json":{"schema":{"$ref":"#/components/schemas/Error"}}}},"500":{"description":"API Error","content":{"application/json":{"schema":{"$ref":"#/components/schemas/Error"}}}}}}},"/members/{memberId}/accounts/{accountId}/transactions":{"get":{"tags":["transactions"],"summary":"Gets transactions from a member account.","description":"Returns transactions from a member Account. If the query parameter numberOfRecentTransactions is not passed the default value (5) will be used.\n","operationId":"getMemberTransactions","parameters":[{"name":"memberId","in":"path","description":"The Member Identifier.","required":true,"style":"simple","explode":false,"schema":{"type":"string"}},{"name":"accountId","in":"path","description":"The Account Identifier.","required":true,"style":"simple","explode":false,"schema":{"type":"string"}},{"name":"numberOfRecentTransactions","in":"query","description":"The maximum number of transactions that should be returned.","required":false,"style":"form","explode":true,"schema":{"type":"number","default":5}},{"name":"skip","in":"query","description":"Number of elements to skip","required":true,"style":"form","explode":true,"schema":{"type":"integer"}},{"name":"limit","in":"query","description":"Limit of elements","required":true,"style":"form","explode":true,"schema":{"type":"integer"}}],"responses":{"200":{"description":"Success","content":{"application/json":{"schema":{"type":"object","properties":{"total":{"type":"integer"},"transactions":{"type":"array","items":{"$ref":"#/components/schemas/Transaction"}}}}}}},"404":{"description":"Resource Not Found","content":{"application/json":{"schema":{"$ref":"#/components/schemas/Error"}}}},"500":{"description":"API Error","content":{"application/json":{"schema":{"$ref":"#/components/schemas/Error"}}}}}}},"/members/{memberId}/payments":{"get":{"tags":["payments"],"summary":"Get payments of given member","operationId":"getMemberPayments","parameters":[{"name":"memberId","in":"path","description":"Member Id","required":true,"style":"simple","explode":false,"schema":{"type":"string"}},{"name":"skip","in":"query","description":"Number of elements to skip","required":true,"style":"form","explode":true,"schema":{"type":"integer"}},{"name":"limit","in":"query","description":"Limit of elements","required":true,"style":"form","explode":true,"schema":{"type":"integer"}},{"name":"type","in":"query","description":"Payment type","required":false,"style":"form","explode":true,"schema":{"$ref":"#/components/schemas/PaymentType"}},{"name":"dueAtFrom","in":"query","description":"Due at from (inclusive)","required":false,"style":"form","explode":true,"schema":{"type":"string"}},{"name":"dueAtTo","in":"query","description":"Due at to (inclusive)","required":false,"style":"form","explode":true,"schema":{"type":"string"}}],"responses":{"200":{"description":"List of payments","content":{"application/json":{"schema":{"type":"object","properties":{"total":{"type":"integer"},"payments":{"type":"array","items":{"$ref":"#/components/schemas/Payment"}}}}}}}}}},"/payments":{"post":{"tags":["payments"],"summary":"Request payment batch to be gathered","operationId":"requestPaymentBatch","parameters":[{"name":"bankingCoreId","in":"header","description":"The Banking Core to be used as downstream system.","required":true,"style":"simple","explode":false,"schema":{"type":"string"}}],"requestBody":{"content":{"application/json":{"schema":{"type":"object","properties":{"dueAtFrom":{"type":"string","description":"Due at from (inclusive)"},"dueAtTo":{"type":"string","description":"Due at to (inclusive)"},"token":{"type":"string","description":"Unique request identifier"},"callbackUrl":{"type":"string","description":"URL to be called when this request is ready to be consumed"}}}}}},"responses":{"202":{"description":"Accepted"}}}},"/payments/{token}":{"get":{"tags":["payments"],"summary":"Get all payments of all members","operationId":"getAllPayments","parameters":[{"name":"token","in":"path","description":"Request identifier","required":true,"style":"simple","explode":false,"schema":{"type":"string"}},{"name":"page","in":"query","description":"Page number that is being requested. The first page is considered page numnber 0.","required":true,"style":"form","explode":true,"schema":{"type":"integer"}},{"name":"pageSize","in":"query","description":"Number of elements to be returned in the page.","required":true,"style":"form","explode":true,"schema":{"type":"integer"}},{"name":"bankingCoreId","in":"header","description":"The Banking Core to be used as downstream system.","required":true,"style":"simple","explode":false,"schema":{"type":"string"}}],"responses":{"200":{"description":"List of payments","content":{"application/json":{"schema":{"type":"object","properties":{"total":{"type":"integer"},"payments":{"type":"array","items":{"$ref":"#/components/schemas/PaymentBatch"}}}}}}}}}},"/health":{"get":{"tags":["health"],"summary":"health check","operationId":"health","responses":{"200":{"description":"health check","content":{"application/json":{"schema":{"type":"object","properties":{"status":{"type":"string","enum":["AVAILABLE","UNAVAILABLE"]}}}}}}}}}},"components":{"schemas":{"MemberSearchResponse":{"type":"object","properties":{"confidenceScore":{"type":"integer","description":"Confidence score of the filter match"},"member":{"$ref":"#/components/schemas/Member"}}},"Member":{"type":"object","properties":{"id":{"type":"string"},"firstName":{"type":"string"},"lastName":{"type":"string"},"birthDate":{"type":"string","format":"date","example":"2001-02-23"},"addresses":{"type":"array","items":{"$ref":"#/components/schemas/Address"}},"idDocuments":{"type":"array","items":{"$ref":"#/components/schemas/IdDocument"}},"contactMethods":{"type":"array","items":{"$ref":"#/components/schemas/ContactMethod"}}}},"Address":{"type":"object","properties":{"street1":{"type":"string"},"street2":{"type":"string"},"city":{"type":"string"},"state":{"type":"string"},"zip":{"type":"string"}}},"IdDocument":{"type":"object","properties":{"type":{"type":"string","enum":["SSN","DRIVER_LICENSE","PASSPORT","NATIONAL_ID","OTHER"]},"number":{"type":"string"}}},"ContactMethod":{"type":"object","properties":{"type":{"type":"string","enum":["HOME_PHONE","MOBILE_PHONE","EMAIL"]},"value":{"type":"string"}}},"Error":{"required":["code","message"],"properties":{"code":{"type":"string"},"message":{"type":"string"},"details":{"type":"object"}}},"Account":{"type":"object","properties":{"id":{"type":"string"},"accountNumber":{"type":"string"},"type":{"type":"string","enum":["CREDIT","DEBIT","SAVINGS","OTHER"]},"status":{"type":"string","enum":["ACTIVE","CLOSED","FROZEN"]},"description":{"type":"string"},"nickname":{"type":"string"},"balance":{"type":"string"},"availableBalance":{"type":"string"},"currency":{"maxLength":3,"minLength":3,"type":"string","description":"Transaction currency. Use currency code ISO 4217"},"openDate":{"type":"string","format":"date"},"closeDate":{"type":"string","format":"date"},"lastUpdateDate":{"type":"string","format":"date"},"creditDetails":{"type":"object","properties":{"creditLimit":{"type":"string"},"dueDate":{"type":"string"},"interestRate":{"type":"string"},"interestYtd":{"type":"string"},"interestLastYear":{"type":"string"},"amountDue":{"type":"string"},"payoffAmount":{"type":"string"},"periodicFrequency":{"type":"string"}}},"accountAccess":{"type":"array","items":{"$ref":"#/components/schemas/AcccountAccess"}}}},"AcccountAccess":{"type":"object","properties":{"memberId":{"type":"string"},"accessType":{"type":"string","enum":["HOLDER","AUTHORIZED_PARTY","OTHER"]}}},"Card":{"type":"object","properties":{"id":{"type":"string"},"number":{"type":"string"},"type":{"type":"string","enum":["DEBIT","CREDIT"]},"holderName":{"type":"string"},"activeDate":{"type":"string","description":"Activation date","format":"date","example":"2001-02-23"},"closeDate":{"type":"string","description":"Close date","format":"date","example":"2001-02-23"},"issuer":{"type":"string","description":"The issuer institution."},"expirationDate":{"type":"string","description":"Expiration date","format":"date","example":"2001-02-23"},"name":{"type":"string","description":"Name of the Card"},"description":{"type":"string","description":"Verbal description of the Card"},"status":{"type":"string","description":"Current status for the card","enum":["ACTIVE","INACTIVE","CLOSED"]},"creditDetails":{"type":"object","properties":{"creditLimit":{"type":"string"},"availableBalance":{"type":"string"},"amountDue":{"type":"string"},"dueDate":{"type":"string"},"minimumPayment":{"type":"string"},"interestRate":{"type":"string"},"periodicFrequency":{"type":"string"}}}}},"Transaction":{"type":"object","properties":{"id":{"type":"string","description":"Transaction Identifier."},"description":{"type":"string","description":"Transaction Description."},"transactionType":{"maxLength":100,"type":"string","description":"Transaction Type","enum":["CREDIT","DEBIT"]},"amount":{"type":"string","description":"Transactioin amount."},"currency":{"maxLength":3,"minLength":3,"type":"string","description":"Transaction currency. Use currency code ISO 4217"},"effectiveDate":{"type":"string","description":"Actual date of the transaction.","format":"date"},"postDate":{"type":"string","description":"Date at which the transaction is posted.","format":"date"},"status":{"type":"string","enum":["POSTED","PENDING","UNDEFINED"]},"type":{"type":"string","enum":["UNDEFINED","CREDIT_CARD","PAYMENT","WITHDRAWAL","DEFAULT","TRANSFER"]}}},"PaymentType":{"type":"string","enum":["PERSONAL_LOAN","MORTGAGE_LOAN","AUTO_LOAN","OTHER_LOAN","CREDITCARD_BALANCE"]},"Payment":{"type":"object","properties":{"id":{"type":"string"},"accountId":{"type":"string"},"description":{"type":"string"},"currencyCode":{"type":"string"},"totalAmountDue":{"type":"string"},"dueAt":{"type":"string"},"status":{"type":"string"},"type":{"$ref":"#/components/schemas/PaymentType"},"minimumPaymentDue":{"type":"string"},"dueFeesAmount":{"type":"string"}}},"PaymentBatch":{"type":"object","properties":{"id":{"type":"string"},"account":{"type":"object","properties":{"id":{"type":"string"},"accountNumber":{"type":"string"}}},"member":{"type":"object","properties":{"id":{"type":"string"},"firstName":{"type":"string"},"lastName":{"type":"string"},"title":{"type":"string"}}},"description":{"type":"string"},"currencyCode":{"type":"string"},"totalAmountDue":{"type":"string"},"dueAt":{"type":"string"},"status":{"type":"string"},"type":{"$ref":"#/components/schemas/PaymentType"},"minimumPaymentDue":{"type":"string"},"dueFeesAmount":{"type":"string"},"shortLink":{"type":"string","description":"Link to perform payment"}}}}}}