{"openapi":"3.0.0","info":{"title":"users","contact":{},"version":"1.0.0-oas3"},"servers":[{"url":"http://localhost:3000"}],"tags":[{"name":"Users lookup"},{"name":"Blocks"},{"name":"Follows"},{"name":"Tweets Lookup"},{"name":"Search tweets"},{"name":"Timelines"},{"name":"Likes"},{"name":"Manage tweet"},{"name":"Retweets"},{"name":"Notifciations"},{"name":"User Settings"},{"name":"User profile"},{"name":"Appearing of user info"}],"paths":{"/users":{"get":{"tags":["Users lookup"],"summary":"Information of a many users by IDs","description":"Returns a variety of information about one or more users specified by the requested IDs.","parameters":[{"name":"ids","in":"query","description":"A comma separated list of user IDs.","required":true,"style":"form","explode":true,"schema":{"type":"string"}},{"name":"user.fields","in":"query","description":"This fields parameter enables you to select which specific user fields will deliver with each returned users objects. Specify the desired fields in a comma-separated list without spaces between commas and fields. These specified user fields will display directly in the user data objects.\n* `created_at` \n* `description`\n* `pinned_tweet_id`\n* `profile_image_url`","required":false,"style":"form","explode":true,"schema":{"type":"string"}}],"responses":{"200":{"description":"OK","headers":{"id":{"description":"Unique identifier of this user.","style":"simple","explode":false,"content":{"text/plain":{"example":"79"}}},"name":{"description":"The friendly name of this user, as shown on their profile.","style":"simple","explode":false,"content":{"text/plain":{"example":"79"}}},"username":{"description":"The (screen name) of this user.","style":"simple","explode":false,"content":{"text/plain":{"example":"79"}}}},"content":{"application/json; charset=utf-8":{"example":{"data":[{"_id":"62301bb4ffe31bd269648ab6","name":"Mohamed Ahmed","username":"mohdFarag"},{"_id":"622fcd7affe31bd269648aae","name":"Omar Aboulfadal","username":"omarAboulfadal"}]}}}}},"deprecated":false}},"/users/{id}":{"get":{"tags":["Users lookup"],"summary":"Information of a single user by the ID","parameters":[{"name":"id","in":"path","description":"","required":true,"style":"simple","explode":false,"schema":{"type":"string"}},{"name":"user.fields","in":"query","description":"Tdescription: >- This fields parameter enables you to select which specific user fields will deliver with each returned users objects. Specify the desired fields in a comma-separated list without spaces between commas and fields. These specified user fields will display directly in the user data objects.\n* `created_at` \n* `description`\n* `pinned_tweet_id`\n* `profile_image_url`","required":false,"style":"form","explode":true,"schema":{"type":"string"}}],"responses":{"200":{"description":"OK","headers":{"id":{"description":"Unique identifier of this user.","style":"simple","explode":false,"content":{"text/plain":{"example":"79"}}},"name":{"description":"The friendly name of this user, as shown on their profile.","style":"simple","explode":false,"content":{"text/plain":{"example":"79"}}},"username":{"description":"The (screen name) of this user.","style":"simple","explode":false,"content":{"text/plain":{"example":"79"}}}},"content":{"application/json; charset=utf-8":{"example":{"data":{"_id":"62301bb4ffe31bd269648ab6","name":"Mohamed Ahmed","username":"mohdFarag"}}}}}},"deprecated":false}},"/users/me":{"get":{"tags":["Users lookup"],"summary":"Information about an authorized (current) user","parameters":[{"name":"user.fields","in":"query","description":"description: >- This fields parameter enables you to select which specific user fields will deliver with each returned users objects. Specify the desired fields in a comma-separated list without spaces between commas and fields. These specified user fields will display directly in the user data objects.\n* `created_at` \n* `description`\n* `pinned_tweet_id`\n* `profile_image_url`","required":false,"style":"deepObject","explode":true,"schema":{"type":"string"}}],"responses":{"default":{"description":"","headers":{"id":{"description":"Unique identifier of this user.","style":"simple","explode":false,"content":{"text/plain":{"example":"79"}}},"name":{"description":"The friendly name of this user, as shown on their profile.","style":"simple","explode":false,"content":{"text/plain":{"example":"79"}}},"username":{"description":"The (screen name) of this user.","style":"simple","explode":false,"content":{"text/plain":{"example":"79"}}}},"content":{"application/json; charset=utf-8":{"example":{"data":{"_id":"62301bb4ffe31bd269648ab6","name":"Mohamed Ahmed","username":"mohdFarag"}}}}}},"deprecated":false}},"/users/by/username/{username}":{"get":{"tags":["Users lookup"],"summary":"Information of a single user by username","parameters":[{"name":"username","in":"path","description":"The website username (handle) of the user.","required":true,"style":"simple","explode":false,"schema":{"type":"string"}},{"name":"user.fields","in":"query","description":"description: >- This fields parameter enables you to select which specific user fields will deliver with each returned users objects. Specify the desired fields in a comma-separated list without spaces between commas and fields. These specified user fields will display directly in the user data objects.\n* `created_at` \n* `description`\n* `pinned_tweet_id`\n* `profile_image_url`","required":false,"style":"form","explode":true,"schema":{"type":"string"}}],"responses":{"200":{"description":"OK","headers":{"id":{"description":"Unique identifier of this user.","style":"simple","explode":false,"content":{"text/plain":{"example":"79"}}},"name":{"description":"The friendly name of this user, as shown on their profile.","style":"simple","explode":false,"content":{"text/plain":{"example":"79"}}},"username":{"description":"The (screen name) of this user.","style":"simple","explode":false,"content":{"text/plain":{"example":"79"}}}},"content":{"application/json; charset=utf-8":{"example":{"data":{"_id":"62301bb4ffe31bd269648ab6","name":"Mohamed Ahmed","username":"mohdFarag"}}}}}},"deprecated":false}},"/users/{source_user_id}/blocking/{target_user_id}":{"delete":{"tags":["Blocks"],"summary":"Allows a user to unblock another user.","parameters":[{"name":"source_user_id","in":"path","description":"The user ID who you would like to initiate an unblock on behalf of. The user’s ID must correspond to the user ID of the authenticating user","required":true,"style":"simple","explode":false,"schema":{"type":"string","example":"null"}},{"name":"target_user_id","in":"path","description":"The user ID of the user that you would like the source_user_id to unblock.","required":true,"style":"simple","explode":false,"schema":{"type":"string","example":"null"}}],"responses":{"200":{"description":"","headers":{"blocking":{"description":"Indicates whether the user is blocking the specified user as a result of this request. The returned value is false for a successful unblock request.","style":"simple","explode":false,"schema":{"type":"boolean"}}},"content":{"application/json; charset=utf-8":{"example":{"data":{"blocking":false}}}}}},"deprecated":false}},"/users/{id}/blocking":{"get":{"tags":["Blocks"],"summary":"List of users who are blocked by user ID","parameters":[{"name":"id","in":"path","description":"The user ID whose blocked users you would like to retrieve.","required":true,"style":"simple","explode":false,"schema":{"type":"string"}},{"name":"user.fields","in":"query","description":"description: >- This fields parameter enables you to select which specific user fields will deliver with each returned users objects. Specify the desired fields in a comma-separated list without spaces between commas and fields. These specified user fields will display directly in the user data objects.\n* `created_at` \n* `description`\n* `pinned_tweet_id`\n* `profile_image_url`","required":false,"style":"form","explode":true,"schema":{"type":"string"}}],"responses":{"200":{"description":"","headers":{"id":{"description":"Unique identifier of this user.","style":"simple","explode":false,"content":{"text/plain":{"example":"79"}}},"name":{"description":"The friendly name of this user, as shown on their profile.","style":"simple","explode":false,"content":{"text/plain":{"example":"79"}}},"username":{"description":"The (screen name) of this user.","style":"simple","explode":false,"content":{"text/plain":{"example":"79"}}}},"content":{"application/json; charset=utf-8":{"example":{"data":[{"_id":"62301bb4ffe31bd269648ab6","name":"Mohamed Ahmed","username":"mohdFarag"}]}}}}},"deprecated":false},"post":{"tags":["Blocks"],"summary":"The user to block the target user","parameters":[{"name":"id","in":"path","description":"","required":true,"style":"simple","explode":false,"schema":{"type":"string","example":"null"}}],"responses":{"200":{"description":"","headers":{"blocking":{"description":"Indicates whether the user is blocking the specified user as a result of this request.","style":"simple","explode":false,"schema":{"type":"boolean"}}},"content":{"application/json; charset=utf-8":{"example":{"data":{"blocking":true}}}}}},"deprecated":false}},"/users/{source_user_id}/following/{target_user_id}":{"delete":{"tags":["Follows"],"summary":"Allows a user ID to unfollow another user","parameters":[{"name":"source_user_id","in":"path","description":"The user ID who you would like to initiate the unfollow on behalf of.","required":true,"style":"simple","explode":false,"schema":{"type":"string"}},{"name":"target_user_id","in":"path","description":"The user ID of the user that you would like the source_user_id to unfollow.","required":true,"style":"simple","explode":false,"schema":{"type":"string"}}],"responses":{"200":{"description":"","headers":{"following":{"description":"Indicates whether the source_user_id is unfollowing the specified user as a result of this request. This value is false for a successful the unfollow request.","style":"simple","explode":false,"schema":{"type":"boolean"}}},"content":{"application/json; charset=utf-8":{"example":{"data":{"following":false}}}}}},"deprecated":false}},"/users/{id}/followers":{"get":{"tags":["Follows"],"summary":"List of users who are followers of the user ID","parameters":[{"name":"id","in":"path","description":"The user ID whose followers you would like to retrieve","required":true,"style":"simple","explode":false,"schema":{"type":"string"}},{"name":"user.fields","in":"query","description":"description: >- This fields parameter enables you to select which specific user fields will deliver with each returned users objects. Specify the desired fields in a comma-separated list without spaces between commas and fields. These specified user fields will display directly in the user data objects.\n* `created_at` \n* `description`\n* `pinned_tweet_id`\n* `profile_image_url`","required":false,"style":"form","explode":true,"schema":{"type":"string"}}],"responses":{"200":{"description":"","headers":{"id":{"description":"Unique identifier of this user.","style":"simple","explode":false,"content":{"text/plain":{"example":"79"}}},"name":{"description":"The friendly name of this user, as shown on their profile.","style":"simple","explode":false,"content":{"text/plain":{"example":"79"}}},"username":{"description":"The (screen name) of this user.","style":"simple","explode":false,"content":{"text/plain":{"example":"79"}}}},"content":{"application/json; charset=utf-8":{"example":[{"_id":"622fcd7affe31bd269648aae","name":"Omar Aboulfadal","username":"omarAboulfadal"}]}}}},"deprecated":false}},"/users/{id}/following":{"get":{"tags":["Follows"],"summary":"List of users the specified user ID is following","parameters":[{"name":"id","in":"path","description":"The user ID whose followers you would like to retrieve","required":true,"style":"simple","explode":false,"schema":{"type":"string"}},{"name":"user.fields","in":"query","description":"description: >- This fields parameter enables you to select which specific user fields will deliver with each returned users objects. Specify the desired fields in a comma-separated list without spaces between commas and fields. These specified user fields will display directly in the user data objects.\n* `created_at` \n* `description`\n* `pinned_tweet_id`\n* `profile_image_url`","required":false,"style":"form","explode":true,"schema":{"type":"string"}}],"responses":{"200":{"description":"","headers":{"id":{"description":"Unique identifier of this user.","style":"simple","explode":false,"content":{"text/plain":{"example":"79"}}},"name":{"description":"The friendly name of this user, as shown on their profile.","style":"simple","explode":false,"content":{"text/plain":{"example":"79"}}},"username":{"description":"The (screen name) of this user.","style":"simple","explode":false,"content":{"text/plain":{"example":"79"}}}},"content":{"application/json; charset=utf-8":{"example":[{"_id":"622fcd7affe31bd269648aae","name":"Omar Aboulfadal","username":"omarAboulfadal"}]}}}},"deprecated":false},"post":{"tags":["Follows"],"summary":"Allows a user ID to follow another user","parameters":[{"name":"id","in":"path","description":"The user ID who you would like to initiate the follow on behalf of.","required":true,"style":"simple","explode":false,"schema":{"type":"string"}}],"requestBody":{"content":{"application/x-www-form-urlencoded":{"schema":{"type":"object"},"example":{"target_user_id":"622fcd7affe31bd269648aae"},"encoding":{}}},"required":true},"responses":{"200":{"description":"","headers":{"following":{"description":"Indicates whether the id is following the specified user as a result of this request. This value is false if the target user does not have public Tweets, as they will have to approve the follower request.","style":"simple","explode":false,"schema":{"type":"boolean"}},"pending_follow":{"description":"Indicates whether the target user will need to approve the follow request. Note that the authenticated user will follow the target user only when they approve the incoming follower request.","style":"simple","explode":false,"schema":{"type":"boolean"}}},"content":{"application/json; charset=utf-8":{"example":{"data":{"following":true,"pending_follow":true}}}}}},"deprecated":false}},"/tweets/search/all":{"get":{"tags":["Search tweets"],"summary":"search all tweets","parameters":[{"name":"query","in":"query","description":"","required":true,"style":"form","explode":true,"schema":{"type":"string"}}],"responses":{"200":{"description":""}},"deprecated":false}},"/users/{id}/mentions":{"get":{"tags":["Timelines"],"summary":"Get tweets mentioning a single user","parameters":[{"name":"tweet.fields","in":"query","description":"This fields parameter enables you to select which specific tweet fields will deliver with each returned tweets objects :\n* `id` - default field\n* `content` - default field\n* `created_at` - tweet creation date (optional field)\n* `postedBy` - The user who posted the tweet (optional field)\n* `likes` - The users who liked this tweet (optional field)\n* `retweeters` - The users who retweeted this tweet (optional field)\n* `retweetInfo` - Information about the retweets (optional field)\n* `replyTo` - Information about the tweets that this tweet is a reply to (optional field)","required":false,"style":"form","explode":true,"schema":{"type":"string","enum":["id","content","created_at","postedBy","likes","retweeters","retweetInfo","replyTo"]}},{"name":"id","in":"path","description":"User id is used to return this user's mentions.","required":true,"style":"simple","explode":false,"schema":{"type":"string"}}],"responses":{"200":{"description":"A list of tweets","content":{"application/json":{"schema":{"$ref":"#/components/schemas/tweetSchema"}}}}}}},"/users/{id}/tweets":{"get":{"tags":["Timelines"],"summary":"Get tweets posted by a single user","parameters":[{"name":"tweet.fields","in":"query","description":"This fields parameter enables you to select which specific tweet fields will deliver with each returned tweets objects :\n* `id` - default field\n* `content` - default field\n* `created_at` - tweet creation date (optional field)\n* `postedBy` - The user who posted the tweet (optional field)\n* `likes` - The users who liked this tweet (optional field)\n* `retweeters` - The users who retweeted this tweet (optional field)\n* `retweetInfo` - Information about the retweets (optional field)\n* `replyTo` - Information about the tweets that this tweet is a reply to (optional field)","required":false,"style":"form","explode":true,"schema":{"type":"string","example":"null","enum":["id","content","created_at","postedBy","likes","retweeters","retweetInfo","replyTo"]}},{"name":"id","in":"path","description":"User id is used to return this user's tweets.","required":true,"style":"simple","explode":false,"schema":{"type":"string","example":"null"}}],"responses":{"200":{"description":"A list of tweets","content":{"application/json":{"schema":{"$ref":"#/components/schemas/tweetSchema"}}}}}}},"/tweets/{ids}/":{"get":{"tags":["Tweets Lookup"],"summary":"Return info about tweets using their ids.","parameters":[{"name":"tweet.fields","in":"query","description":"This fields parameter enables you to select which specific tweet fields will deliver with each returned tweets objects :\n* `id` - default field\n* `content` - default field\n* `created_at` - tweet creation date (optional field)\n* `postedBy` - The user who posted the tweet (optional field)\n* `likes` - The users who liked this tweet (optional field)\n* `retweeters` - The users who retweeted this tweet (optional field)\n* `retweetInfo` - Information about the retweets (optional field)\n* `replyTo` - Information about the tweets that this tweet is a reply to (optional field)","required":false,"style":"form","explode":true,"schema":{"type":"string","example":"null","enum":["id","content","created_at","postedBy","likes","retweeters","retweetInfo","replyTo"]}},{"name":"ids","in":"path","description":"Tweet ids used to return the tweets' info.","required":true,"style":"simple","explode":false,"schema":{"type":"string","example":"null"}}],"responses":{"200":{"description":"A list of tweets","content":{"application/json":{"schema":{"$ref":"#/components/schemas/tweetSchema"}}}}}}},"/tweets/{id}/":{"get":{"tags":["Tweets Lookup"],"summary":"Return info about a tweet using it's id.","parameters":[{"name":"tweet.fields","in":"query","description":"This fields parameter enables you to select which specific tweet fields will deliver with each returned tweets objects :\n* `id` - default field\n* `content` - default field\n* `created_at` - tweet creation date (optional field)\n* `postedBy` - The user who posted the tweet (optional field)\n* `likes` - The users who liked this tweet (optional field)\n* `retweeters` - The users who retweeted this tweet (optional field)\n* `retweetInfo` - Information about the retweets (optional field)\n* `replyTo` - Information about the tweets that this tweet is a reply to (optional field)","required":false,"style":"form","explode":true,"schema":{"type":"string","example":"null","enum":["id","content","created_at","postedBy","likes","retweeters","retweetInfo","replyTo"]}},{"name":"id","in":"path","description":"Tweet id used to return this tweet's info.","required":true,"style":"simple","explode":false,"schema":{"type":"string","example":"null"}}],"responses":{"200":{"description":"A tweet's info","content":{"application/json":{"schema":{"type":"object","properties":{"id":{"type":"string","example":"2819172635362727"},"content":{"type":"string","example":"Hello everyone, this is my tweet."}}}}}}}}},"/users/{id}/likes/{tweet_id}":{"delete":{"tags":["Likes"],"summary":"unlike a tweet","operationId":"unlikeatweet","parameters":[{"name":"id","in":"path","description":"The user ID who you are removing a Like of a Tweet on behalf of. It must match your own user ID or that of an authenticating user","required":true,"style":"simple","explode":false,"schema":{"type":"string","example":"null"}},{"name":"tweet_id","in":"path","description":"he ID of the Tweet that you would like the id to unlike.","required":true,"style":"simple","explode":false,"schema":{"type":"string","example":"null"}}],"responses":{"200":{"description":"tweet unliked successfuly","content":{"application/json":{"schema":{"type":"object","properties":{"data":{"type":"object","properties":{"liked":{"type":"boolean"}}}},"example":{"data":{"liked":false}}}}}}},"deprecated":false}},"/tweets/{id}/liking_users":{"get":{"tags":["Likes"],"summary":"get tweet’s liking users","operationId":"gettweet’slikingusers","parameters":[{"name":"id","in":"path","description":"Tweet ID of the Tweet to request liking users of.","required":true,"style":"simple","explode":false,"schema":{"type":"string","example":"null"}},{"name":"userFields","in":"query","description":"This fields parameter enables you to select which specific user fields will deliver with each returned users objects:\n * `firstName` - default field\n * `id` - default field\n * `username`- default field \n * `created_at` - user account creation date (optional field)\n * `description` - user account description (optinal field)\n * `pinnedTweet` - user's pinned tweet id (optinal field)\n * `profilePic`-  user's profile picture (optinal field) \n","required":false,"style":"form","explode":true,"schema":{"type":"string","example":"null","enum":["created_at","description","id","firstName","pinnedTweet","profilePic","username"]}}],"responses":{"200":{"description":"OK","content":{"application/json":{"schema":{"$ref":"#/components/schemas/User"}}}}},"deprecated":false}},"/users/{id}/likes":{"post":{"tags":["Likes"],"summary":"like the target tweet","operationId":"likethetargettweet","parameters":[{"name":"id","in":"path","description":"The user ID who you are liking a Tweet on behalf of. It must match your own user ID or that of an authenticating user","required":true,"style":"simple","explode":false,"schema":{"type":"string","example":"null"}}],"requestBody":{"content":{"application/x-www-form-urlencoded":{"schema":{"required":["tweetId"],"type":"object","properties":{"tweetId":{"type":"string","description":"The ID of the Tweet that you would like the user id to Like."}}},"encoding":{}}},"required":false},"responses":{"200":{"description":"tweet liked successfuly","content":{"application/json":{"schema":{"type":"object","properties":{"data":{"type":"object","properties":{"liked":{"type":"boolean"}}}},"example":{"data":{"liked":true}}}}}}},"deprecated":false}},"/tweets/{id}":{"delete":{"tags":["Manage tweet"],"summary":"delete tweet","operationId":"deletetweet","parameters":[{"name":"id","in":"path","description":"The Tweet ID you are deleting.","required":true,"style":"simple","explode":false,"schema":{"type":"string","example":"null"}}],"responses":{"200":{"description":"tweet deleted successfuly","content":{"application/json":{"schema":{"type":"object","properties":{"data":{"type":"object","properties":{"liked":{"type":"boolean"}}}},"example":{"data":{"deleted":true}}}}}}},"deprecated":false}},"/tweets":{"post":{"tags":["Manage tweet"],"summary":"post tweet","operationId":"posttweet","parameters":[],"requestBody":{"content":{"application/x-www-form-urlencoded":{"schema":{"type":"object","properties":{"media":{"type":"string","description":"A JSON object that contains media information being attached to created Tweet."},"replyTo":{"type":"string","description":"Tweet ID of the Tweet being replied to"},"content":{"type":"string","description":"Text of the Tweet being created.This field is required if media is not present."}}},"encoding":{}}},"required":true},"responses":{"200":{"description":"tweet created","content":{"application/json":{"schema":{"$ref":"#/components/schemas/tweetSchema"}}}}},"deprecated":false}},"/users/{id}/retweets/{retweet_id}":{"delete":{"tags":["Retweets"],"summary":"delete the retweet","operationId":"deletetheretweet","parameters":[{"name":"id","in":"path","description":"The user ID who you are removing a the Retweet of a Tweet on behalf of. It must match your own user ID or that of an authenticating user","required":true,"style":"simple","explode":false,"schema":{"type":"string","example":"null"}},{"name":"retweet_id","in":"path","description":"The ID of the Tweet that you would like the id to remove the Retweet of","required":true,"style":"simple","explode":false,"schema":{"type":"string","example":"null"}}],"responses":{"200":{"description":"retweet deleted successfuly","content":{"application/json":{"schema":{"type":"object","properties":{"data":{"type":"object","properties":{"liked":{"type":"boolean"}}}},"example":{"data":{"retweeted":false}}}}}}},"deprecated":false}},"/tweets/{id}/retweeted_by":{"get":{"tags":["Retweets"],"summary":"Get users who retweeted the tweet","operationId":"Getuserswhoretweetedthetweet","parameters":[{"name":"id","in":"path","description":"Tweet ID of the Tweet to request Retweeting users of.","required":true,"style":"simple","explode":false,"schema":{"type":"string","example":"null"}},{"name":"userFields","in":"query","description":"This fields parameter enables you to select which specific user fields will deliver with each returned users objects:\n * `firstName` - default field\n * `id` - default field\n * `username`- default field \n * `created_at` - user account creation date (optional field)\n * `description` - user account description (optional field)\n * `pinnedTweet` - user's pinned tweet id (optional field)\n * `profilePic`-  user's profile picture (optional field) \n","required":false,"style":"form","explode":true,"schema":{"type":"string","example":"null"}}],"responses":{"200":{"description":"OK","content":{"application/json":{"schema":{"$ref":"#/components/schemas/User"}}}}},"deprecated":false}},"/users/{id}/retweets":{"post":{"tags":["Retweets"],"summary":"retweet a tweet","operationId":"retweetatweet","parameters":[{"name":"id","in":"path","description":"The user ID who you are Retweeting a Tweet on behalf of. It must match your own user ID or that of an authenticating user","required":true,"style":"simple","explode":false,"schema":{"type":"string","example":"null"}}],"requestBody":{"content":{"application/x-www-form-urlencoded":{"schema":{"required":["tweet_id"],"type":"object","properties":{"tweet_id":{"type":"string","description":"he ID of the Tweet that you would like the user id to Retweet."}}},"encoding":{}}},"required":false},"responses":{"200":{"description":"retweet deleted successfuly","content":{"application/json":{"schema":{"type":"object","properties":{"data":{"type":"object","properties":{"liked":{"type":"boolean"}}}},"example":{"data":{"retweeted":true}}}}}}},"deprecated":false}},"/users/{id}/notifications":{"get":{"tags":["Notifciations"],"summary":"get notifications","operationId":"getnotifications","parameters":[{"name":"id","in":"path","description":"List of past notifciations","required":true,"style":"simple","explode":false,"schema":{"type":"string"}}],"responses":{"200":{"description":"Gets back the list of notification history","content":{"application/json; charset=utf-8":{"example":{"data":[{"_id":"62301bb4ffe31bd269648ab6","ListOfNotifcationId":["fdsafdsaf45613","486g4fsfdsa156"]}]}}}}},"deprecated":false}},"/users/notifications":{"post":{"tags":["Notifciations"],"summary":"show notification history","operationId":"shownotificationhistory","parameters":[],"requestBody":{"content":{"application/x-www-form-urlencoded":{"schema":{"required":["from","opened","reason","to"],"type":"object","properties":{"reason":{"type":"string","description":"Sends a new notification to specified user with details given specifing given reason:\n  * `reason` - has to be one of three: blocked, newTweet, liked\n","example":"liked / blocked / newTweet"},"from":{"type":"string","description":"* `from` - the notification source/sender\n","example":"@basel_5214"},"to":{"type":"string","description":"* `to` - notification receiver\n","example":"@Ahmed214"},"opened":{"type":"boolean","description":"* `opened` - checks if the reciver opened the tweet or not\n","example":true}}},"encoding":{}}},"required":false},"responses":{"200":{"description":""}},"deprecated":false}},"/users/{id}/liked_tweets":{"get":{"tags":["User profile"],"summary":"Get list of likes","parameters":[{"name":"id","in":"path","description":"user id","required":true,"style":"simple","explode":false,"schema":{"type":"string"}},{"name":"likedTweets","in":"query","description":"returns the liked tweets of the user","required":true,"style":"form","explode":true,"schema":{"type":"string"}}],"responses":{"200":{"description":"Returns list of liked tweets or replies from the user","content":{"application/json; charset=utf-8":{"example":{"data":[{"_id":"62301bb4ffe31bd269648ab6","listOfTweetsID":["8561fdsa5648fsda","84fdsafdsa321","fdsaf4dsa5613"]}]}}}}},"deprecated":false}},"/user/{id}/tweets_with_replies":{"get":{"tags":["User profile"],"summary":"Get list of tweets & replies","operationId":"Getlistoftweets&replies","parameters":[{"name":"id","in":"path","description":"user id","required":true,"style":"simple","explode":false,"schema":{"type":"string"}}],"responses":{"200":{"description":"Returns list of tweets & replies from the user","content":{"application/json; charset=utf-8":{"example":{"data":[{"_id":"62301bb4ffe31bd269648ab6","listOfTweetsID":["8561fdsa5648fsda","84fdsafdsa321","fdsaf4dsa5613"]}]}}}}},"deprecated":false}},"/user/{id}/profile_settings":{"post":{"tags":["User Settings"],"summary":"Post profile data to DB","parameters":[{"name":"id","in":"path","description":"user id","required":true,"style":"simple","explode":false,"schema":{"type":"string"}}],"requestBody":{"content":{"application/x-www-form-urlencoded":{"schema":{"type":"object","properties":{"birthDate":{"type":"string","description":"User's birthdate"},"bio":{"type":"string","description":"Brief description about user"},"location":{"type":"string","description":"location of the user"}}},"encoding":{}}},"required":false},"responses":{"200":{"description":"The user added their information"}},"deprecated":false},"patch":{"tags":["User Settings"],"summary":"Edit profile info","operationId":"Editprofileinfo","parameters":[{"name":"id","in":"path","description":"user id","required":true,"style":"simple","explode":false,"schema":{"type":"string"}}],"requestBody":{"content":{"application/x-www-form-urlencoded":{"schema":{"type":"object","properties":{"changeBio":{"type":"string"},"changeBirthDate":{"type":"string"},"changeLocation":{"type":"string"}}},"encoding":{}}},"required":false},"responses":{"200":{"description":""}},"deprecated":false}},"/user/{id}/profile_settings_bool":{"get":{"tags":["Appearing of user info"],"summary":"Get profile info","operationId":"Getprofileinfo","parameters":[{"name":"id","in":"path","description":"user id","required":true,"style":"simple","explode":false,"schema":{"type":"string"}}],"responses":{"200":{"description":"Retrives the information of the user to be placed in their profile","content":{"application/json; charset=utf-8":{"example":{"data":[{"_id":"62301bb4ffe31bd269648ab6","showBirthdateBoolean":false,"showBioBoolean":true,"showLocation":false}]}}}}},"deprecated":false},"post":{"tags":["Appearing of user info"],"summary":"Hide/show profile info","operationId":"HsProfileInfo","parameters":[{"name":"id","in":"path","description":"user id","required":true,"style":"simple","explode":false,"schema":{"type":"string"}}],"requestBody":{"content":{"application/x-www-form-urlencoded":{"schema":{"type":"object","properties":{"showBirthDate":{"type":"boolean","description":"Show/Hide birthdate boolean"},"showBio":{"type":"boolean","description":"Show/Hide bio boolean"},"showLocation":{"type":"boolean","description":"Show/Hide location boolean"}}},"encoding":{}}},"required":false},"responses":{"200":{"description":""}},"deprecated":false}}},"components":{"schemas":{"tweetSchema":{"type":"array","example":[{"id":"1375152598945312768","content":"Can I join this @twitterdev love party?!"},{"id":"1375151827189137412","content":"I love me some @twitterdev too!"}],"items":{"type":"object","properties":{"id":{"type":"string"},"content":{"type":"string"}}}},"User":{"type":"object","properties":{"id":{"type":"integer"},"username":{"type":"string"},"Fname":{"type":"string"}}}}}}