{"openapi":"3.0.0","info":{"title":"Clients management","description":"This is a simple API with authentication local and facebook","contact":{"email":"you@your-company.com"},"version":"1.0.0"},"servers":[{"url":"https://virtserver.swaggerhub.com/MoisesLeo/CLIENT_API_II/1.0.0","description":"SwaggerHub API Auto Mocking"}],"paths":{"/recoverpassword":{"post":{"tags":["Recover password"],"summary":"Authentication of the user","description":"authentication with email and password","requestBody":{"content":{"application/json":{"schema":{"$ref":"#/components/schemas/RecoverPassword"}}}},"responses":{"200":{"description":"successful password recovery","content":{"application/json":{"schema":{"$ref":"#/components/schemas/Success"}}}},"406":{"description":"incorrect data","content":{"application/json":{"schema":{"$ref":"#/components/schemas/Error"}}}}}}},"/auth":{"post":{"tags":["Authentication"],"summary":"Authentication of the user","description":"authentication with email and password","requestBody":{"content":{"application/json":{"schema":{"$ref":"#/components/schemas/User_Login_Local"}}}},"responses":{"200":{"description":"success authentication","content":{"application/json":{"schema":{"$ref":"#/components/schemas/Authentication"}}}},"406":{"description":"incorrect data","content":{"application/json":{"schema":{"$ref":"#/components/schemas/Error"}}}}}}},"/auth/facebook":{"post":{"tags":["Authentication"],"summary":"Authentication of the user","description":"authentication with facebook","requestBody":{"content":{"application/json":{"schema":{"$ref":"#/components/schemas/User_Login_Facebook"}}}},"responses":{"200":{"description":"success authentication","content":{"application/json":{"schema":{"$ref":"#/components/schemas/Authentication"}}}},"406":{"description":"incorrect data","content":{"application/json":{"schema":{"$ref":"#/components/schemas/Error"}}}}}}},"/users":{"get":{"tags":["Users"],"summary":"searches users","description":"By passing in the appropriate options, you can search for\navailable users in the system\n","parameters":[{"name":"Authorization","in":"header","required":false,"style":"simple","explode":false,"schema":{"$ref":"#/components/schemas/Token"}}],"responses":{"200":{"description":"result of the search specific","content":{"application/json":{"schema":{"type":"array","items":{"$ref":"#/components/schemas/User_Data"}}}}},"400":{"description":"bad input parameter","content":{"application/json":{"schema":{"$ref":"#/components/schemas/Error"}}}},"401":{"description":"UnauthorizedError","content":{"application/json":{"schema":{"$ref":"#/components/schemas/Error"}}}}},"security":[{"bearerAuth":[]}]},"post":{"tags":["Users"],"summary":"add user","description":"add new user in database","parameters":[{"name":"Authorization","in":"header","required":false,"style":"simple","explode":false,"schema":{"$ref":"#/components/schemas/Token"}}],"requestBody":{"content":{"application/json":{"schema":{"$ref":"#/components/schemas/User_Data"}}}},"responses":{"201":{"description":"user created","content":{"application/json":{"schema":{"$ref":"#/components/schemas/Authentication"}}}},"400":{"description":"invalid input, object invalid","content":{"application/json":{"schema":{"$ref":"#/components/schemas/Error"}}}},"401":{"description":"UnauthorizedError","content":{"application/json":{"schema":{"$ref":"#/components/schemas/Error"}}}}},"security":[{"bearerAuth":[]}]}},"/clients":{"get":{"tags":["Clients"],"summary":"searches clients","description":"By passing in the appropriate options, you can search for\navailable users in the system\n","parameters":[{"name":"Authorization","in":"header","required":false,"style":"simple","explode":false,"schema":{"$ref":"#/components/schemas/Token"}}],"responses":{"200":{"description":"result of the search specific","content":{"application/json":{"schema":{"type":"array","items":{"$ref":"#/components/schemas/User_Data"}}}}},"400":{"description":"bad input parameter","content":{"application/json":{"schema":{"$ref":"#/components/schemas/Error"}}}},"401":{"description":"UnauthorizedError","content":{"application/json":{"schema":{"$ref":"#/components/schemas/Error"}}}}},"security":[{"bearerAuth":[]}]},"post":{"tags":["Clients"],"summary":"add client","description":"add new client in database","parameters":[{"name":"Authorization","in":"header","required":false,"style":"simple","explode":false,"schema":{"$ref":"#/components/schemas/Token"}}],"requestBody":{"content":{"application/json":{"schema":{"$ref":"#/components/schemas/Client_Data"}}}},"responses":{"201":{"description":"client created","content":{"application/json":{"schema":{"$ref":"#/components/schemas/Success"}}}},"400":{"description":"invalid input, object invalid","content":{"application/json":{"schema":{"$ref":"#/components/schemas/Error"}}}},"401":{"description":"UnauthorizedError","content":{"application/json":{"schema":{"$ref":"#/components/schemas/Error"}}}}},"security":[{"bearerAuth":[]}]}}},"components":{"schemas":{"User_Login_Local":{"type":"object","properties":{"mail":{"maxLength":5,"uniqueItems":true,"type":"string","example":"nombre@gamil.com"},"password":{"maxLength":15,"type":"string","example":"contraseñaSegura"}}},"User_Login_Facebook":{"type":"object","properties":{"id_fb":{"uniqueItems":true,"type":"string","example":"192038JA23"}}},"Authentication":{"required":["message","token"],"type":"object","properties":{"message":{"type":"string","example":"message"},"token":{"type":"string","example":"eyJhbGciOiJIUzI1NiIsInR5cCI6IkpXVCJ9.eyJzdWIiOiIxMjM0NTY3ODkwIiwibmFtZSI6IkpvaG4gRG9lIiwiYWRtaW4iOnRydWV9.TJVA95OrM7E2cBab30RMHrHDcEfxjoYZgeFONFh7HgQ"}}},"Common":{"required":["birthdate","first_lastname","first_name","gender","mail","phone","second_lastname","second_name"],"type":"object","properties":{"first_name":{"maxLength":30,"type":"string","example":"José"},"second_name":{"maxLength":30,"type":"string","example":"Moises"},"first_lastname":{"maxLength":30,"type":"string","example":"Leonor"},"second_lastname":{"maxLength":30,"type":"string","example":"López"},"gender":{"maxLength":9,"minLength":8,"type":"string","example":"Masculino"},"birthdate":{"maxLength":10,"type":"string","example":"01-11-2017"},"mail":{"maxLength":50,"uniqueItems":true,"type":"string","example":"nombre@gamil.com"},"phone":{"maxLength":8,"uniqueItems":true,"type":"string","example":"22208850"}},"description":"common data of the users and client"},"User_Data":{"required":["common","employee_code","password"],"type":"object","properties":{"common":{"$ref":"#/components/schemas/Common"},"employee_code":{"maxLength":15,"type":"string","example":"ANDHS1238"},"password":{"maxLength":15,"type":"string","example":"contraseñaSegura"},"id_fb":{"uniqueItems":true,"type":"string","example":"192038JA23"}}},"Client_Data":{"required":["civil_status","common","company","images","location"],"type":"object","properties":{"common":{"$ref":"#/components/schemas/Common"},"marry_lastname":{"maxLength":30,"type":"string","example":"de Recinos"},"civil_status":{"maxLength":10,"type":"string","example":"casado"},"images":{"$ref":"#/components/schemas/Client_Image"},"location":{"$ref":"#/components/schemas/Location"},"company":{"$ref":"#/components/schemas/Company"}}},"Company":{"type":"object","properties":{"company_name":{"maxLength":50,"uniqueItems":true,"type":"string","example":"Elementum Tech"},"phone":{"maxLength":8,"uniqueItems":true,"type":"string","example":"22208850"},"mail":{"maxLength":50,"uniqueItems":true,"type":"string","example":"ElementumTech@gamil.com"},"location":{"$ref":"#/components/schemas/Location"}}},"Location":{"type":"object","properties":{"latitude":{"maxLength":40,"type":"number","example":1.47374747373},"longitude":{"maxLength":40,"type":"number","example":3.7374774}}},"Client_Image":{"type":"object","properties":{"dui_head_on":{"type":"string","example":"coded image"},"dui_behind":{"type":"string","example":"coded image"},"nit_head_on":{"type":"string","example":"coded image"},"nit_behind":{"type":"string","example":"coded image"}}},"Success":{"required":["message"],"type":"object","properties":{"message":{"type":"string","example":"success"}}},"Error":{"required":["message_error"],"type":"object","properties":{"message_error":{"type":"string","example":"error specific"}}},"RecoverPassword":{"required":["mail","new_password"],"type":"object","properties":{"mail":{"type":"string","example":"mailusers@gmail.com"},"new_password":{"type":"string","example":"newpassword123"}}},"Token":{"type":"string","example":"<token>"}},"securitySchemes":{"bearerAuth":{"type":"http","scheme":"bearer","bearerFormat":"JWT"}}}}