{"openapi":"3.0.0","info":{"title":"Bank Account","description":"Bank account validation API","version":"0.0.1"},"servers":[{"url":"/"}],"security":[{"apiKey":[]},{"appId":[]}],"paths":{"/bankaccount/validate":{"post":{"summary":"Validate bank account","description":"Validates a given bank account and sort code, and returns the status using the **BankVal** service, provided by **Unified Software**. Details of this API can be found on the Unified Software website, [http://www.unifiedsoftware.co.uk/developers/technicaldetails/bankvalplus2.html](http://www.unifiedsoftware.co.uk/developers/technicaldetails/bankvalplus2.html).\n\n\nFor client side requests only the status is returned.\n\n\nFor requests originating form authorised accounts the full details of the  validation request will be returned.\n","operationId":"validateBankAccount","requestBody":{"description":"the account number and sort code to be validated","content":{"application/json":{"schema":{"$ref":"#/components/schemas/validationRequest"}}},"required":true},"responses":{"200":{"description":"Operation successful","content":{"application/json":{"schema":{"discriminator":{"propertyName":"objectType"},"oneOf":[{"$ref":"#/components/schemas/validationResponse"},{"$ref":"#/components/schemas/validationResponseFull"}]}}}},"default":{"description":"Unexpected error","content":{"application/json":{"schema":{"$ref":"#/components/schemas/ApiResponse"}}}}}}}},"components":{"schemas":{"validationRequest":{"type":"object","properties":{"accountNumber":{"type":"string","example":"32456890"},"sortcode":{"type":"string","example":"135684"}}},"validationResponse":{"required":["result"],"type":"object","properties":{"objectType":{"type":"string","enum":["FULL","SIMPLE"]},"result":{"type":"string","example":"VALID"}}},"validationResponseFull":{"allOf":[{"$ref":"#/components/schemas/validationResponse"},{"required":["BACSAUDisallowed","BACSDRDisallowed","bankName"],"type":"object","properties":{"bankName":{"type":"string","example":"Barclays"},"BACSDRDisallowed":{"type":"boolean","example":false,"default":false},"BACSAUDisallowed":{"type":"boolean","example":false,"default":false}}}]},"ApiResponse":{"type":"object","properties":{"code":{"type":"integer","format":"int32"},"type":{"type":"string"},"message":{"type":"string"}}}},"securitySchemes":{"apiKey":{"type":"apiKey","name":"api-key","in":"header"},"appId":{"type":"apiKey","name":"app-id","in":"header"}}}}