{"openapi":"3.0.0","info":{"title":"Scientiam App API","description":"This is a simple API","contact":{"email":"support@moroku.com"},"license":{"name":"Apache 2.0","url":"http://www.apache.org/licenses/LICENSE-2.0.html"},"version":"1.0.0"},"servers":[{"url":"https://virtserver.swaggerhub.com/Moroku/Scientiam/1.0.0","description":"SwaggerHub API Auto Mocking"}],"tags":[{"name":"admins","description":"Secured Admin-only calls"},{"name":"investors","description":"Operations available to regular users  (investors)"},{"name":"advisors","description":"Operations available to advisor users"}],"paths":{"/user":{"get":{"tags":["investors, advisors, admins"],"summary":"retrieves details for current logged in user","description":"Retrieve details for current user\n","operationId":"getUser","responses":{"200":{"description":"search results matching criteria","content":{"application/json":{"schema":{"type":"array","items":{"$ref":"#/components/schemas/UserFields"}}}}}}},"put":{"tags":["admins","advisors","investors"],"summary":"uodate current user details","operationId":"updateCurrentUser","requestBody":{"description":"User item to add","content":{"application/json":{"schema":{"$ref":"#/components/schemas/UserFields"}}}},"responses":{"200":{"description":"User details updated"},"400":{"description":"invalid input"}}},"post":{"tags":["admins"],"summary":"adds a new user","description":"Adds a new user to the system","operationId":"createUser","requestBody":{"description":"User item to add","content":{"application/json":{"schema":{"$ref":"#/components/schemas/CreateUser"}}}},"responses":{"201":{"description":"User created"},"400":{"description":"invalid input, object invalid"},"409":{"description":"User existing item already exists"}}}}},"components":{"schemas":{"UserFields":{"type":"object","properties":{"id":{"type":"string","format":"uuid","example":"d290f1ee-6c54-4b01-90e6-d701748f0851"},"firstName":{"type":"string","example":"Bob"},"lastname":{"type":"string","example":"Enquist"},"dob":{"type":"string","format":"YYYY-MM-DD","example":"2002-10-08"},"mobile":{"type":"string","example":"+61 111 222 333"},"address":{"$ref":"#/components/schemas/Address"}}},"CreateUser":{"$ref":"#/components/schemas/UserFields"},"Address":{"required":["line1"],"type":"object","properties":{"line1":{"type":"string","example":"Suite 27"},"line2":{"type":"string","example":"42 Willow Street"},"suburb":{"type":"string","example":"Smallville"},"postcode":{"type":"string","example":"2107"},"state":{"type":"string","example":"NSW"},"country":{"type":"string","description":"2 letter ISO country code","example":"AU"}}}}}}