{"openapi":"3.0.0","info":{"title":"API Salas","description":"Servicio web que gestiona las salas de un edificio inteligente","contact":{"email":"raulbeltmarc@gmail.com"},"license":{"name":"Apache 2.0","url":"http://www.apache.org/licences/LICENSE-2.0.html"},"version":"1.0.0"},"servers":[{"url":"https://virtserver.swaggerhub.com/MTIS86/Salas/1.0.0","description":"SwaggerHub API Auto Mocking"},{"url":"http://mtis.org/Salas/1.0.0","description":"Servidor Apis MTIS"}],"paths":{"/allSalas":{"get":{"description":"Obtener todas las salas","responses":{"200":{"description":"Devueltas todas las salas","content":{"application/json":{"schema":{"type":"array","items":{"anyOf":[{"$ref":"#/components/schemas/Sala"}]}}}}}}}},"/sala":{"put":{"description":"Modifica una sala","parameters":[{"name":"restKey","in":"header","description":"Clave que nos permite utilizar el servicio","required":true,"style":"simple","explode":false,"schema":{"type":"string"},"example":"11223344Z"}],"requestBody":{"description":"Sala con los datos actualizados","content":{"application/json":{"schema":{"$ref":"#/components/schemas/Sala"}}},"required":true},"responses":{"204":{"description":"Sala modificada correctamente","content":{"application/json":{"schema":{"$ref":"#/components/schemas/Respuesta"}}}},"400":{"description":"Petición incorrecta, falta algún campo","content":{"application/json":{"schema":{"$ref":"#/components/schemas/Respuesta"}}}},"404":{"description":"No existe una sala con el codigoSala introducido","content":{"application/json":{"schema":{"$ref":"#/components/schemas/Respuesta"}}}},"500":{"description":"Error del servidor, excepción no controlada","content":{"application/json":{"schema":{"$ref":"#/components/schemas/Respuesta"}}}}}},"post":{"description":"Crea una nueva sala","parameters":[{"name":"restKey","in":"header","description":"Clave que nos permite utilizar el servicio","required":true,"style":"simple","explode":false,"schema":{"type":"string"},"example":"11223344Z"}],"requestBody":{"description":"Datos de la sala a crear","content":{"application/json":{"schema":{"$ref":"#/components/schemas/Sala"}}}},"responses":{"201":{"description":"Sala creada correctamente","content":{"application/json":{"schema":{"$ref":"#/components/schemas/Respuesta"}}}},"400":{"description":"Petición incorrecta, falta algún campo","content":{"application/json":{"schema":{"$ref":"#/components/schemas/Respuesta"}}}},"500":{"description":"Error del servidor, excepción no controlada","content":{"application/json":{"schema":{"$ref":"#/components/schemas/Respuesta"}}}}}}},"/sala/{codigoSala}":{"get":{"description":"Dado un código de una sala devuelve una sala","parameters":[{"name":"restKey","in":"header","description":"Clave que nos permite utilizar el servicio","required":true,"style":"simple","explode":false,"schema":{"type":"string"},"example":"11223344Z"},{"name":"codigoSala","in":"path","description":"Código de la sala que queremos eliminar","required":true,"style":"simple","explode":false,"schema":{"type":"string"},"example":"1B"}],"responses":{"200":{"description":"Sala devuelta correctamente","content":{"application/json":{"schema":{"$ref":"#/components/schemas/Sala"}}}},"400":{"description":"Petición incorrecta, falta algún campo","content":{"application/json":{"schema":{"$ref":"#/components/schemas/Respuesta"}}}},"404":{"description":"No existe una sala con el codigoSala introducido","content":{"application/json":{"schema":{"$ref":"#/components/schemas/Respuesta"}}}},"500":{"description":"Error del servidor, excepción no controlada","content":{"application/json":{"schema":{"$ref":"#/components/schemas/Respuesta"}}}}}},"delete":{"description":"Elimina una sala","parameters":[{"name":"restKey","in":"header","description":"Clave que nos permite utilizar el servicio","required":true,"style":"simple","explode":false,"schema":{"type":"string"},"example":"11223344Z"},{"name":"codigoSala","in":"path","description":"Código de la sala que queremos eliminar","required":true,"style":"simple","explode":false,"schema":{"type":"string"},"example":"1B"}],"responses":{"204":{"description":"Sala eliminada correctamente","content":{"application/json":{"schema":{"$ref":"#/components/schemas/Respuesta"}}}},"400":{"description":"Petición incorrecta, falta algún campo","content":{"application/json":{"schema":{"$ref":"#/components/schemas/Respuesta"}}}},"404":{"description":"No existe una sala con el codigoSala introducido","content":{"application/json":{"schema":{"$ref":"#/components/schemas/Respuesta"}}}},"500":{"description":"Error del servidor, excepción no controlada","content":{"application/json":{"schema":{"$ref":"#/components/schemas/Respuesta"}}}}}}}},"components":{"schemas":{"Sala":{"required":["codigoSala","nivel","nombre"],"type":"object","properties":{"codigoSala":{"type":"string","example":"1B"},"nombre":{"type":"string","example":"Despacho"},"nivel":{"type":"integer","example":3}}},"Respuesta":{"required":["error","resultado"],"type":"object","properties":{"resultado":{"type":"boolean"},"error":{"type":"string"}}}}}}