{"openapi":"3.0.0","info":{"title":"Contratacion Empleados","description":"","termsOfService":"http://swagger.io/terms/","contact":{"email":"aflf1@alu.ua.es"},"license":{"name":"Apache 2.0","url":"http://www.apache.org/licenses/LICENSE-2.0.html"},"version":"1.0.0"},"servers":[{"url":"https://virtserver.swaggerhub.com/MTIS91/ContratoEmpleado/1.0.0","description":"SwaggerHub API Auto Mocking"},{"url":"https://petstore.swagger.io/v2"}],"tags":[{"name":"Contrataciones","description":"Operaciones sobre las contrataciones de los empleados"}],"paths":{"/contrataciones/nuevoEmpleado":{"post":{"tags":["Contrataciones"],"summary":"Crea un nuevo empleado en la base de datos","operationId":"addEmployee","parameters":[{"name":"api_key","in":"header","required":true,"style":"simple","explode":false,"schema":{"type":"string"}}],"requestBody":{"$ref":"#/components/requestBodies/Empleado"},"responses":{"200":{"description":"Successful operation","content":{"application/json":{"schema":{"type":"object","properties":{"mensaje":{"type":"string","example":"Ejecutado con exito"}}}},"application/xml":{"schema":{"type":"object","properties":{"mensaje":{"type":"string","example":"Ejecutado con exito"}}}}}},"405":{"description":"Invalid input","content":{"application/json":{"schema":{"type":"object","properties":{"mensaje":{"type":"string","example":"Input invalido"}}}},"application/xml":{"schema":{"type":"object","properties":{"mensaje":{"type":"string","example":"Input invalido"}}}}}}}}},"/contrataciones/enviarContrato":{"post":{"tags":["Contrataciones"],"summary":"Envia el contrato","operationId":"sendContract","parameters":[{"name":"api_key","in":"header","required":true,"style":"simple","explode":false,"schema":{"type":"string"}}],"requestBody":{"$ref":"#/components/requestBodies/Contract"},"responses":{"200":{"description":"Successful operation","content":{"application/json":{"schema":{"type":"object","properties":{"mensaje":{"type":"string","example":"Ejecutado con exito"}}}},"application/xml":{"schema":{"type":"object","properties":{"mensaje":{"type":"string","example":"Ejecutado con exito"}}}}}},"405":{"description":"Invalid input","content":{"application/json":{"schema":{"type":"object","properties":{"mensaje":{"type":"string","example":"Input invalido"}}}},"application/xml":{"schema":{"type":"object","properties":{"mensaje":{"type":"string","example":"Input invalido"}}}}}}}}},"/contrataciones/enviarCredenciales":{"post":{"tags":["Contrataciones"],"summary":"Envia las credenciales al empleado","operationId":"sendCredentials","parameters":[{"name":"api_key","in":"header","required":true,"style":"simple","explode":false,"schema":{"type":"string"}}],"requestBody":{"$ref":"#/components/requestBodies/Empleado"},"responses":{"200":{"description":"Successful operation","content":{"application/json":{"schema":{"type":"object","properties":{"mensaje":{"type":"string","example":"Ejecutado con exito"}}}},"application/xml":{"schema":{"type":"object","properties":{"mensaje":{"type":"string","example":"Ejecutado con exito"}}}}}},"405":{"description":"Invalid input","content":{"application/json":{"schema":{"type":"object","properties":{"mensaje":{"type":"string","example":"Input invalido"}}}},"application/xml":{"schema":{"type":"object","properties":{"mensaje":{"type":"string","example":"Input invalido"}}}}}}}}}},"components":{"schemas":{"Empleado":{"type":"object","properties":{"id":{"type":"integer","format":"int64"},"dni":{"type":"string","example":"11111111D"},"nombre":{"type":"string","example":"Alejandro Aguado Lopez"},"email":{"type":"string","example":"aal@alu.ua.es"},"password":{"type":"string"},"rol":{"type":"string","example":"repartidor"}}},"Contract":{"type":"object","properties":{"id":{"type":"integer","format":"int64"},"trabajador":{"type":"string","example":"11111111D"},"condiciones":{"type":"string","example":"vas a trabajar x horas y vas a cobrar y €"},"firmaTrabajador":{"type":"boolean"},"firmaEmpresa":{"type":"boolean"}}}},"responses":{"200":{"description":"Successful operation","content":{"application/json":{"schema":{"type":"object","properties":{"mensaje":{"type":"string","example":"Ejecutado con exito"}}}},"application/xml":{"schema":{"type":"object","properties":{"mensaje":{"type":"string","example":"Ejecutado con exito"}}}}}},"405":{"description":"Invalid input","content":{"application/json":{"schema":{"type":"object","properties":{"mensaje":{"type":"string","example":"Input invalido"}}}},"application/xml":{"schema":{"type":"object","properties":{"mensaje":{"type":"string","example":"Input invalido"}}}}}}},"requestBodies":{"Empleado":{"description":"El objeto empleado que se necesita para crearlo y devolver las credenciales","content":{"application/json":{"schema":{"$ref":"#/components/schemas/Empleado"}},"application/xml":{"schema":{"$ref":"#/components/schemas/Empleado"}}},"required":true},"Contract":{"description":"El objeto contrato que se necesita para enviar contrato via email","content":{"application/json":{"schema":{"$ref":"#/components/schemas/Contract"}},"application/xml":{"schema":{"$ref":"#/components/schemas/Contract"}}},"required":true}}}}