{"openapi":"3.0.0","info":{"title":"Simple Inventory API","description":"This is a simple API","contact":{"email":"you@your-company.com"},"license":{"name":"Apache 2.0","url":"http://www.apache.org/licenses/LICENSE-2.0.html"},"version":"1.0.0"},"servers":[{"url":"https://virtserver.swaggerhub.com/Mustafalou/Agence/1.0.0","description":"SwaggerHub API Auto Mocking"}],"paths":{"/Agence":{"get":{"summary":"searches agences","description":"By passing in the appropriate options, you can search for\navailable inventory in the system\n","operationId":"search","parameters":[{"name":"searchString","in":"query","description":"pass an optional search string for looking up inventory","required":false,"style":"form","explode":true,"schema":{"type":"string"}},{"name":"skip","in":"query","description":"number of records to skip for pagination","required":false,"style":"form","explode":true,"schema":{"minimum":0,"type":"integer","format":"int32"}},{"name":"limit","in":"query","description":"maximum number of records to return","required":false,"style":"form","explode":true,"schema":{"maximum":5E+1,"minimum":0,"type":"integer","format":"int32"}}],"responses":{"200":{"description":"search results matching criteria","content":{"application/json":{"schema":{"type":"array","items":{"$ref":"#/components/schemas/Agence"}}}}},"400":{"description":"bad input parameter"}}},"post":{"summary":"adds an inventory item","description":"Adds an item to the system","operationId":"addInventory","requestBody":{"description":"Inventory item to add","content":{"application/json":{"schema":{"$ref":"#/components/schemas/Agence"}}}},"responses":{"201":{"description":"item created"},"400":{"description":"invalid input, object invalid"},"409":{"description":"an existing item already exists"}}}}},"components":{"schemas":{"Agence":{"type":"object","properties":{"id":{"type":"integer","format":"int64"},"nom":{"type":"string"},"mail":{"type":"string"},"tel":{"type":"string"},"adress":{"type":"string"}}}}}}