{"openapi":"3.0.0","info":{"title":"COL SAV Omnicanal","description":"API pour interface SBE / COL.","contact":{"name":"Equipe dev COL","email":"col@mvsolutions.fr"},"version":"1.1"},"servers":[{"url":"https://virtserver.swaggerhub.com/MVSolutions/COL_SAV_Omnicanal/1.1","description":"SwaggerHub API Auto Mocking"}],"paths":{"/api/SAV/facturation":{"put":{"tags":["developers"],"summary":"Demande facturation SAV","description":"Demande Facturation SAV","operationId":"savFacturation","requestBody":{"content":{"application/json":{"schema":{"required":["clientAdresse","clientCP","clientNom","clientPays","clientVille","codeOrian","codeVendeur","numeroSBE"],"type":"object","properties":{"numeroSBE":{"type":"string","example":"SBE5566727627727"},"codeOrian":{"type":"string","example":"1009399"},"codeVendeur":{"type":"string","example":"SFD22222"},"typeFacture":{"type":"string","description":"type de facturation a generer.","example":"ech_pms","enum":["normal","ech_pms","ech_lowcost"]},"clientNom":{"type":"string","example":"NOUGARO"},"clientPrenom":{"type":"string","example":"Claude"},"clientAdresse":{"type":"string","example":"Rue Maitre du Jazz"},"clientCP":{"type":"string","example":"31000"},"clientVille":{"type":"string","example":"Toulouse"},"clientPays":{"type":"string","example":"France"},"lignes":{"type":"array","items":{"$ref":"#/components/schemas/LigneFacture"}},"articleRepris":{"type":"string","example":"555531"},"imeiRepris":{"type":"string","example":"356934891371569"},"articleFourni":{"type":"string","example":"555531"},"imeiFourni":{"type":"string","example":"356934893317800"},"prixCession":{"type":"string","description":"prix de cession en centimes.","format":"integer","example":"499"}}}}}},"responses":{"200":{"description":"search results matching criteria","content":{"application/json":{"schema":{"type":"object","properties":{"statut":{"$ref":"#/components/schemas/RetourCOL"}}}}}},"400":{"description":"bad input parameter"}}}},"/api/SAV/reservation":{"put":{"tags":["developers"],"summary":"Demande reservation SAV","description":"Demande Reservation SAV","operationId":"savReservation","requestBody":{"content":{"application/json":{"schema":{"required":["clientNom","codeArticle","codeOrian","numeroSBE"],"type":"object","properties":{"numeroSBE":{"type":"string","example":"SBE5566727627727"},"codeOrian":{"type":"string","example":"1009399"},"clientNom":{"type":"string","example":"NOUGARO"},"clientPrenom":{"type":"string","example":"Claude"},"clientAdresse":{"type":"string","example":"Rue Maitre du Jazz"},"clientCP":{"type":"string","example":"31000"},"clientVille":{"type":"string","example":"Toulouse"},"codeArticle":{"type":"string","example":"817856"}}}}}},"responses":{"200":{"description":"search results matching criteria","content":{"application/json":{"schema":{"type":"object","properties":{"NumReservationCOL":{"type":"string","example":"1814SV2100237"},"statut":{"$ref":"#/components/schemas/RetourCOL"}}}}}},"400":{"description":"bad input parameter"}}}},"/api/SAV/annulationReservation":{"put":{"tags":["developers"],"summary":"Demande d'annulation de reservation SAV","description":"Demande Reservation SAV","operationId":"savAnnulationReservation","requestBody":{"content":{"application/json":{"schema":{"required":["NumReservationCOL","numeroSBE"],"type":"object","properties":{"numeroSBE":{"type":"string","example":"SBE5566727627727"},"NumReservationCOL":{"type":"string","example":"1814SV2100237"}}}}}},"responses":{"200":{"description":"search results matching criteria","content":{"application/json":{"schema":{"type":"object","properties":{"statut":{"$ref":"#/components/schemas/RetourCOL"}}}}}},"400":{"description":"bad input parameter"}}}},"/api/SAV/sortieStock":{"put":{"tags":["developers"],"summary":"Sortie de stock SAV","description":"Sortie de stock SAV. Delivrance au client.","operationId":"savSortieStock","requestBody":{"content":{"application/json":{"schema":{"required":["codeArticle","codeOrian","numeroSBE"],"type":"object","properties":{"numeroSBE":{"type":"string","example":"SBE5566727627727"},"NumReservationCOL":{"type":"string","example":"1814SV2100237"},"codeOrian":{"type":"string","example":"1009399"},"codeArticle":{"type":"string","example":"817856"},"serialNumber":{"type":"string","example":"6726566/77656"}}}}}},"responses":{"200":{"description":"search results matching criteria","content":{"application/json":{"schema":{"type":"object","properties":{"NumMouvementCOL":{"type":"string","example":"1814MV2100237"},"statut":{"$ref":"#/components/schemas/RetourCOL"}}}}}},"400":{"description":"bad input parameter"}}}},"/api/SAV/entreeStock":{"put":{"tags":["developers"],"summary":"Entre de stock SAV","description":"Entree de stock SAV. Retour marchandise. Retour marchandise,","operationId":"savEntreeStock","requestBody":{"content":{"application/json":{"schema":{"required":["codeArticle","codeOrian","numeroSBE","statutEntree"],"type":"object","properties":{"numeroSBE":{"type":"string","example":"SBE5566727627727"},"codeOrian":{"type":"string","description":"Code orian de la boutique. Les zero gauche ne sont pas significatif.","example":"1009399"},"statutEntree":{"type":"string","description":"Type de mode d'entree\n  * `LIB` - Entree produit directement en stock Libre\n  * `PAN` - Transfert du produit du client vers retour plateforme\n  * `ATT` - Entree produit en stock Attente\n  * `PAV` - Panne Validée : transfert du stock Attente vers un retour plateforme\n  * `LIV` - Libre Validé : Transfert du stock Attente au stock Libre\n  * `RET` - Retour Plateforme : Transfert du stock Libre vers un retour Plateforme\n","enum":["LIB","PAN","ATT","PAV","LIV","RET"]},"codeArticle":{"type":"string","example":"817856"},"serialNumber":{"type":"string","example":"6726566/77656"}}}}}},"responses":{"200":{"description":"search results matching criteria","content":{"application/json":{"schema":{"type":"object","properties":{"NumMouvementCOL":{"type":"string","example":"1814MV2100237"},"statut":{"$ref":"#/components/schemas/RetourCOL"}}}}}},"400":{"description":"bad input parameter"}}}}},"components":{"schemas":{"RetourCOL":{"type":"object","properties":{"codeStatut":{"type":"string","description":"Codestatut de l'execution.'OK' pas d'erreur. Sinon code SAV_Exx ou autre domaine FAC_Exx ...","example":"SAV_E01"},"libelleStatut":{"type":"string","example":"Parametre NumeroSBE Invalide"}}},"LigneFacture":{"required":["codeStat","libelle"],"type":"object","properties":{"codeStat":{"type":"string","description":"Code article a poser sur la facture. Ce code est en referentiel SFR, il sera traduit en referenciel SFRD par le macanisme standard.","example":"SAV_REPAR01"},"libelle":{"type":"string","description":"Libellé qui sera affiché sur la facture.","example":"Changement pile télécommande"},"montantHT":{"type":"string","description":"montant de la prestation en centimes.","format":"integer","example":"499"}}}}}}