{"openapi":"3.0.0","info":{"title":"Кинотеатр \"Искорка\" - итоговая работа","description":"Описание API бронирования мест и изменения времени начала сеанса в кинотеатре","version":"2.0"},"servers":[{"url":"https://virtserver.swaggerhub.com/fmwork/My_API/1.0-oas3","description":"SwaggerHub API Auto Mocking"}],"paths":{"/session":{"get":{"summary":"Получить количество свободных мест на сеансе","description":"Пользователь может посмотреть количество свободных мест на определенном сеансе","parameters":[{"name":"id","in":"query","required":true,"style":"form","explode":true,"schema":{"type":"integer"}}],"responses":{"200":{"description":"OK","content":{"application/json":{"schema":{"type":"object","properties":{"session_free_places":{"type":"string"}}}}}}}},"put":{"summary":"Изменить время сеанса","description":"Администратор меняет время сеанса","requestBody":{"content":{"application/json":{"schema":{"type":"object","properties":{"id":{"type":"integer"},"time":{"type":"string","format":"time"}}}}}},"responses":{"200":{"description":"OK"}}}},"/booking":{"get":{"summary":"Получить количество использований бонусной карты при брони и значение процента (значение полной цены брони и суммы использованных баллов при броне)","description":"Администратор может посмотреть количество использованых бонусных карт и соотношение полной цены и суммы использованных бонусных баллов при бронировании за период","parameters":[{"name":"id","in":"query","required":true,"style":"form","explode":true,"schema":{"type":"integer"}},{"name":"date_from","in":"query","required":true,"style":"form","explode":true,"schema":{"type":"string","format":"data"}},{"name":"date_to","in":"query","required":true,"style":"form","explode":true,"schema":{"type":"string","format":"data"}}],"responses":{"200":{"description":"OK","content":{"application/json":{"schema":{"type":"object","properties":{"id_card":{"type":"integer"},"default_price":{"type":"string"},"total_price":{"type":"string"}}}}}}}},"post":{"summary":"Добавить бронь по месту","description":"Пользователь бронирует место на сеанс","requestBody":{"content":{"application/json":{"schema":{"type":"object","properties":{"id":{"type":"integer"},"id_session":{"type":"string"},"buyer_booking_places":{"type":"boolean"},"Buyer's details":{"type":"string"}}}}}},"responses":{"200":{"description":"OK","content":{"application/json":{"schema":{"type":"object","properties":{"id":{"type":"integer"}}}}}}}},"delete":{"summary":"Удаление брони","description":"Пользователь отменяет бронь места на сеансе","parameters":[{"name":"id","in":"query","required":true,"style":"form","explode":true,"schema":{"type":"integer"}}],"responses":{"200":{"description":"OK"}}}}}}