{"openapi":"3.0.0","info":{"title":"Contacts API","description":"Api scheme of contacts server","contact":{"name":"Andrey","email":"kandrey1207@mail.ru"},"version":"1.0.0"},"servers":[{"url":"https://virtserver.swaggerhub.com/MyDiplom/contactsAPI/1.0.0","description":"SwaggerHub API Auto Mocking"},{"url":"https://api.messenger.com","description":"Location of the corporate messenger API"}],"tags":[{"name":"apiRoot","description":"root of api"},{"name":"contacts","description":"root of contacts"}],"paths":{"/api":{"get":{"tags":["apiRoot"],"summary":"Lifecheck and version of current api","responses":{"200":{"description":"Success","content":{"application/json":{"schema":{"type":"object","properties":{"msg":{"type":"string","description":"Status of api server","example":"Messenger API is running"},"version":{"type":"string","description":"Api version","example":"1.0.0"}}}}}},"500":{"description":"Server error","content":{"application/json":{"schema":{"$ref":"#/components/schemas/Error"}}}}}}},"/contacts":{"get":{"tags":["contacts"],"summary":"Get list of contacts","responses":{"200":{"description":"Success","content":{"application/json":{"schema":{"type":"object","properties":{"users":{"type":"array","description":"List of contacts","items":{"$ref":"#/components/schemas/Contact"}},"count":{"type":"integer","description":"Number of contacts","example":10}}}}}},"4XX":{"description":"Client Error","content":{"application/json":{"schema":{"type":"object","properties":{"error":{"$ref":"#/components/schemas/Error"},"details":{"type":"string","description":"Details of error","example":"Authentication failed due to incorrect username or password"}}}}}},"500":{"description":"Server error","content":{"application/json":{"schema":{"$ref":"#/components/schemas/Error"}}}}}},"post":{"tags":["contacts"],"summary":"Create new contact","responses":{"200":{"description":"Success","content":{"application/json":{"schema":{"type":"object","properties":{"users":{"type":"array","description":"List of contacts","items":{"$ref":"#/components/schemas/Contact"}},"count":{"type":"integer","description":"Number of contacts","example":10}}}}}},"4XX":{"description":"Client Error","content":{"application/json":{"schema":{"type":"object","properties":{"error":{"$ref":"#/components/schemas/Error"},"details":{"type":"string","description":"Details of error","example":"Authentication failed due to incorrect username or password"}}}}}},"500":{"description":"Server error","content":{"application/json":{"schema":{"$ref":"#/components/schemas/Error"}}}}}}},"/contacts/{contactId}":{"get":{"tags":["contacts"],"summary":"Get contact by Id","parameters":[{"name":"contactId","in":"path","description":"User id","required":true,"style":"simple","explode":false,"schema":{"type":"string","format":"uuid"},"example":"fa85f64-5717-4562-b3fc-2csdssds"}],"responses":{"200":{"description":"Success","content":{"application/json":{"schema":{"type":"object","properties":{"users":{"type":"array","description":"List of contacts","items":{"$ref":"#/components/schemas/Contact"}},"count":{"type":"integer","description":"Number of contacts","example":10}}}}}},"4XX":{"description":"Client Error","content":{"application/json":{"schema":{"type":"object","properties":{"error":{"$ref":"#/components/schemas/Error"},"details":{"type":"string","description":"Details of error","example":"Authentication failed due to incorrect username or password"}}}}}},"500":{"description":"Server error","content":{"application/json":{"schema":{"$ref":"#/components/schemas/Error"}}}}}},"delete":{"tags":["contacts"],"summary":"Delete contact by Id","parameters":[{"name":"contactId","in":"path","description":"User id","required":true,"style":"simple","explode":false,"schema":{"type":"string","format":"uuid"}}],"responses":{"200":{"description":"Success","content":{"application/json":{"schema":{"type":"object","properties":{"users":{"type":"array","description":"List of contacts","items":{"$ref":"#/components/schemas/Contact"}},"count":{"type":"integer","description":"Number of contacts","example":10}}}}}},"4XX":{"description":"Client Error","content":{"application/json":{"schema":{"type":"object","properties":{"error":{"$ref":"#/components/schemas/Error"},"details":{"type":"string","description":"Details of error","example":"Authentication failed due to incorrect username or password"}}}}}},"500":{"description":"Server error","content":{"application/json":{"schema":{"$ref":"#/components/schemas/Error"}}}}}},"patch":{"tags":["contacts"],"summary":"Change contact by Id","parameters":[{"name":"contactId","in":"path","description":"User id","required":true,"style":"simple","explode":false,"schema":{"type":"string","format":"uuid"},"example":"fa85f64-5717-4562-b3fc-2csdssds"}],"responses":{"200":{"description":"Success","content":{"application/json":{"schema":{"type":"object","properties":{"users":{"type":"array","description":"List of contacts","items":{"$ref":"#/components/schemas/Contact"}},"count":{"type":"integer","description":"Number of contacts","example":10}}}}}},"4XX":{"description":"Client Error","content":{"application/json":{"schema":{"type":"object","properties":{"error":{"$ref":"#/components/schemas/Error"},"details":{"type":"string","description":"Details of error","example":"Authentication failed due to incorrect username or password"}}}}}},"500":{"description":"Server error","content":{"application/json":{"schema":{"$ref":"#/components/schemas/Error"}}}}}}},"/contacts/{contactId}/favourites":{"post":{"tags":["contacts"],"summary":"Add contact in favourites","parameters":[{"name":"contactId","in":"path","description":"User id","required":true,"style":"simple","explode":false,"schema":{"type":"string","format":"uuid"},"example":"fa85f64-5717-4562-b3fc-2csdssds"}],"responses":{"200":{"description":"Success","content":{"application/json":{"schema":{"type":"object","properties":{"users":{"type":"array","description":"List of contacts","items":{"$ref":"#/components/schemas/Contact"}},"count":{"type":"integer","description":"Number of contacts","example":10}}}}}},"4XX":{"description":"Client Error","content":{"application/json":{"schema":{"type":"object","properties":{"error":{"$ref":"#/components/schemas/Error"},"details":{"type":"string","description":"Details of error","example":"Authentication failed due to incorrect username or password"}}}}}},"500":{"description":"Server error","content":{"application/json":{"schema":{"$ref":"#/components/schemas/Error"}}}}}}},"/contacts/{contactId}/black-list":{"post":{"tags":["contacts"],"summary":"Add contact in black-list","parameters":[{"name":"contactId","in":"path","description":"User id","required":true,"style":"simple","explode":false,"schema":{"type":"string","format":"uuid"},"example":"fa85f64-5717-4562-b3fc-2csdssds"}],"responses":{"200":{"description":"Success","content":{"application/json":{"schema":{"type":"object","properties":{"users":{"type":"array","description":"List of contacts","items":{"$ref":"#/components/schemas/Contact"}},"count":{"type":"integer","description":"Number of contacts","example":10}}}}}},"4XX":{"description":"Client Error","content":{"application/json":{"schema":{"type":"object","properties":{"error":{"$ref":"#/components/schemas/Error"},"details":{"type":"string","description":"Details of error","example":"Authentication failed due to incorrect username or password"}}}}}},"500":{"description":"Server error","content":{"application/json":{"schema":{"$ref":"#/components/schemas/Error"}}}}}}},"/contacts/{contactId}/{groupId}":{"post":{"tags":["contacts"],"summary":"Add contact in a group","parameters":[{"name":"contactId","in":"path","description":"User id","required":true,"style":"simple","explode":false,"schema":{"type":"string","format":"uuid"},"example":"fa85f64-5717-4562-b3fc-2csdssds"},{"name":"groupId","in":"path","description":"Group id","required":true,"style":"simple","explode":false,"schema":{"type":"string","format":"uuid"},"example":"sa96f64-2384-4562-b3fc-2csdssds"}],"responses":{"200":{"description":"Success","content":{"application/json":{"schema":{"type":"object","properties":{"users":{"type":"array","description":"List of contacts","items":{"$ref":"#/components/schemas/Contact"}},"count":{"type":"integer","description":"Number of contacts","example":10}}}}}},"4XX":{"description":"Client Error","content":{"application/json":{"schema":{"type":"object","properties":{"error":{"$ref":"#/components/schemas/Error"},"details":{"type":"string","description":"Details of error","example":"Authentication failed due to incorrect username or password"}}}}}},"500":{"description":"Server error","content":{"application/json":{"schema":{"$ref":"#/components/schemas/Error"}}}}}}},"/contacts/{contactId}/{chatId}":{"post":{"tags":["contacts"],"summary":"Add contact in a chat","parameters":[{"name":"contactId","in":"path","description":"User id","required":true,"style":"simple","explode":false,"schema":{"type":"string","format":"uuid"},"example":"fa85f64-5717-4562-b3fc-2csdssds"},{"name":"chatId","in":"path","description":"Chat id","required":true,"style":"simple","explode":false,"schema":{"type":"string","format":"uuid"},"example":"sa96f64-2384-4562-b3fc-2csdssds"}],"responses":{"200":{"description":"Success","content":{"application/json":{"schema":{"type":"object","properties":{"users":{"type":"array","description":"List of contacts","items":{"$ref":"#/components/schemas/Contact"}},"count":{"type":"integer","description":"Number of contacts","example":10}}}}}},"4XX":{"description":"Client Error","content":{"application/json":{"schema":{"type":"object","properties":{"error":{"$ref":"#/components/schemas/Error"},"details":{"type":"string","description":"Details of error","example":"Authentication failed due to incorrect username or password"}}}}}},"500":{"description":"Server error","content":{"application/json":{"schema":{"$ref":"#/components/schemas/Error"}}}}}}},"/contacts/sort":{"post":{"tags":["contacts"],"summary":"Sort the contact list by name field","responses":{"200":{"description":"Success","content":{"application/json":{"schema":{"type":"object","properties":{"users":{"type":"array","description":"List of contacts","items":{"$ref":"#/components/schemas/Contact"}},"count":{"type":"integer","description":"Number of contacts","example":10}}}}}},"4XX":{"description":"Client Error","content":{"application/json":{"schema":{"type":"object","properties":{"error":{"$ref":"#/components/schemas/Error"},"details":{"type":"string","description":"Details of error","example":"Authentication failed due to incorrect username or password"}}}}}},"500":{"description":"Server error","content":{"application/json":{"schema":{"$ref":"#/components/schemas/Error"}}}}}}},"/contacts/{contactId}/call-audio":{"post":{"tags":["contacts"],"summary":"Call a contact by audio","parameters":[{"name":"contactId","in":"path","description":"User id","required":true,"style":"simple","explode":false,"schema":{"type":"string","format":"uuid"},"example":"fa85f64-5717-4562-b3fc-2csdssds"}],"responses":{"200":{"description":"Success","content":{"application/json":{"schema":{"type":"object","properties":{"users":{"type":"array","description":"List of contacts","items":{"$ref":"#/components/schemas/Contact"}},"count":{"type":"integer","description":"Number of contacts","example":10}}}}}},"4XX":{"description":"Client Error","content":{"application/json":{"schema":{"type":"object","properties":{"error":{"$ref":"#/components/schemas/Error"},"details":{"type":"string","description":"Details of error","example":"Authentication failed due to incorrect username or password"}}}}}},"500":{"description":"Server error","content":{"application/json":{"schema":{"$ref":"#/components/schemas/Error"}}}}}}},"/contacts/{contactId}/call-video":{"post":{"tags":["contacts"],"summary":"Call a contact by video","parameters":[{"name":"contactId","in":"path","description":"User id","required":true,"style":"simple","explode":false,"schema":{"type":"string","format":"uuid"},"example":"fa85f64-5717-4562-b3fc-2csdssds"}],"responses":{"200":{"description":"Success","content":{"application/json":{"schema":{"type":"object","properties":{"users":{"type":"array","description":"List of contacts","items":{"$ref":"#/components/schemas/Contact"}},"count":{"type":"integer","description":"Number of contacts","example":10}}}}}},"4XX":{"description":"Client Error","content":{"application/json":{"schema":{"type":"object","properties":{"error":{"$ref":"#/components/schemas/Error"},"details":{"type":"string","description":"Details of error","example":"Authentication failed due to incorrect username or password"}}}}}},"500":{"description":"Server error","content":{"application/json":{"schema":{"$ref":"#/components/schemas/Error"}}}}}}},"/contacts/{contactId}/share":{"post":{"tags":["contacts"],"summary":"Share a contact","parameters":[{"name":"contactId","in":"path","description":"User id","required":true,"style":"simple","explode":false,"schema":{"type":"string","format":"uuid"},"example":"fa85f64-5717-4562-b3fc-2csdssds"}],"responses":{"200":{"description":"Success","content":{"application/json":{"schema":{"type":"object","properties":{"users":{"type":"array","description":"List of contacts","items":{"$ref":"#/components/schemas/Contact"}},"count":{"type":"integer","description":"Number of contacts","example":10}}}}}},"4XX":{"description":"Client Error","content":{"application/json":{"schema":{"type":"object","properties":{"error":{"$ref":"#/components/schemas/Error"},"details":{"type":"string","description":"Details of error","example":"Authentication failed due to incorrect username or password"}}}}}},"500":{"description":"Server error","content":{"application/json":{"schema":{"$ref":"#/components/schemas/Error"}}}}}}},"/contacts/{contactId}/write":{"post":{"tags":["contacts"],"summary":"Write to a contact","parameters":[{"name":"contactId","in":"path","description":"User id","required":true,"style":"simple","explode":false,"schema":{"type":"string","format":"uuid"},"example":"fa85f64-5717-4562-b3fc-2csdssds"}],"responses":{"200":{"description":"Success","content":{"application/json":{"schema":{"type":"object","properties":{"users":{"type":"array","description":"List of contacts","items":{"$ref":"#/components/schemas/Contact"}},"count":{"type":"integer","description":"Number of contacts","example":10}}}}}},"4XX":{"description":"Client Error","content":{"application/json":{"schema":{"type":"object","properties":{"error":{"$ref":"#/components/schemas/Error"},"details":{"type":"string","description":"Details of error","example":"Authentication failed due to incorrect username or password"}}}}}},"500":{"description":"Server error","content":{"application/json":{"schema":{"$ref":"#/components/schemas/Error"}}}}}}},"/contacts/search":{"get":{"tags":["contacts"],"summary":"Search a contact by name/surname/phone","responses":{"200":{"description":"Success","content":{"application/json":{"schema":{"type":"object","properties":{"users":{"type":"array","description":"List of contacts","items":{"$ref":"#/components/schemas/Contact"}},"count":{"type":"integer","description":"Number of contacts","example":10}}}}}},"4XX":{"description":"Client Error","content":{"application/json":{"schema":{"type":"object","properties":{"error":{"$ref":"#/components/schemas/Error"},"details":{"type":"string","description":"Details of error","example":"Authentication failed due to incorrect username or password"}}}}}},"500":{"description":"Server error","content":{"application/json":{"schema":{"$ref":"#/components/schemas/Error"}}}}}}}},"components":{"schemas":{"Contact":{"type":"object","properties":{"id":{"type":"string","format":"uuid"},"name":{"type":"string","example":"Иван"},"surname":{"type":"string","example":"Петров"},"middleName":{"type":"string","example":"Алексеевич"},"email":{"type":"string","example":"petrov.ia@vtb.ru"},"phone":{"type":"string","example":"+79997772255"},"departament":{"type":"string","example":"УРАИ"},"position":{"type":"string","example":"Cпециалист"},"createdAt":{"type":"string","description":"Created date","format":"date-time"},"updatedAt":{"type":"string","description":"Updated date","format":"date-time"},"deletedAt":{"type":"string","description":"Deleted date","format":"date-time"}}},"Dates":{"type":"object","properties":{"createdAt":{"type":"string","description":"Created date","format":"date-time"},"updatedAt":{"type":"string","description":"Updated date","format":"date-time"},"deletedAt":{"type":"string","description":"Deleted date","format":"date-time"}}},"Error":{"type":"object","properties":{"status":{"type":"string","example":"500"},"error":{"type":"string","example":"Internal Server Error"},"message":{"type":"string","example":"No message available"}}}}}}