{"openapi":"3.0.0","info":{"title":"Images","description":"This is a simple API","contact":{"email":"sales@myfflbook.com"},"license":{"name":"Apache 2.0","url":"http://www.apache.org/licenses/LICENSE-2.0.html"},"version":"1.0.0"},"servers":[{"url":"https://virtserver.swaggerhub.com/MyFFLBook/Images/1.0.0","description":"SwaggerHub API Auto Mocking"},{"url":"https://www.myfflbook.com/api/image","description":"SwaggerHub API Auto Mocking"}],"paths":{"/api/image":{"get":{"tags":["image"],"summary":"searches images","description":"By passing in the appropriate options, you can search for\navailable image in the system\n","operationId":"searchImage","parameters":[{"name":"searchString","in":"query","description":"pass an optional search string for looking up inventory","required":false,"style":"form","explode":true,"schema":{"type":"string"}},{"name":"skip","in":"query","description":"number of records to skip for pagination","required":false,"style":"form","explode":true,"schema":{"minimum":0,"type":"integer","format":"int32"}},{"name":"limit","in":"query","description":"maximum number of records to return","required":false,"style":"form","explode":true,"schema":{"maximum":5E+1,"minimum":0,"type":"integer","format":"int32"}}],"responses":{"200":{"description":"search results matching criteria","content":{"application/json":{"schema":{"type":"array","items":{"$ref":"#/components/schemas/ImageInfo"}}}}},"400":{"description":"bad input parameter"}}}}},"components":{"schemas":{"ImageInfo":{"required":["id","image","longdescription","metadescription","metakeywords","shortdescription","upccode"],"type":"object","properties":{"id":{"type":"integer","format":"int32","example":1},"name":{"type":"string","example":"Widget Adapter"},"releaseDate":{"type":"string","format":"date-time","example":"2016-08-29T09:12:33.001Z"},"manufacturer":{"$ref":"#/components/schemas/Manufacturer"}}},"Manufacturer":{"required":["name"],"type":"object","properties":{"name":{"type":"string","example":"ACME Corporation"},"homePage":{"type":"string","format":"url","example":"https://www.acme-corp.com"},"phone":{"type":"string","example":"408-867-5309"}}}}}}