{"openapi":"3.0.0","info":{"title":"Embedded API","description":"This open service supports the embedding of MyPlace4Parts into Garage Management System (GMS) and Point of Sales System (POS) by supporting the `checkAvailability` and `placeOrder` requests from those systems. The `goShopping` request is not handled by this service.\n\nIntegration with these services uses the JSON-formatted [PartsBasket v1.2](https://docs.google.com/spreadsheets/d/1-870aSp9_uBEAhPXUSvI18hqx9G1DgAJ/edit?usp=sharing&ouid=100817029496565243153&rtpof=true&sd=true), which provides a standarized way to pass information from the partners' systems to MyPlace4Parts and back again.\n\nThere are 3 models of integration that have evolved:\n* SDK 1.0 is a legacy version that requires a download and installation of integration software on the users' computer. This service does not support SDK 1.0, although existing users can use legacy services.\n* SDK 1.5 v1 is the same as SDK 1.0 but hosted on server-side, thereby commonly called 'zero footprint'. It also uses partnerSeller approach. This service does not support this version although existing users can use legacy services.\n* SDK 1.5 v2 uses the same request format as v1 but replaces the checkAvailabililty and placeOrder with the `proxy` endpoint. No changes are required to existing integrations and the migration from v1 to v2 is transparent to the user.\n* SDK 2.0 uses version 2 of the Mitchell integration SDK. It leverages the `mitchell/availability` and `mitchell/order` endpoints to reformat the Mitchell request into a partsBasket, then forwards the request to the `proxy` endpoint.\n\nThis document lists all the APIs for the `Embedded` scenario. The APIs support following use cases:\n  1. Health check\n  2. Proxy service to handle check availability and place order using `PartsBasket`\n  3. Check availability is used by Mitchelle SDK 2, since it does not support `PartsBasket`\n  4. Place order is used by Mitchelle SDK 2, since it does not support `PartsBasket`\n  \n  \nReference:\n  * [PartsBasket v1.2](https://docs.google.com/spreadsheets/d/1-870aSp9_uBEAhPXUSvI18hqx9G1DgAJ/edit?usp=sharing&ouid=100817029496565243153&rtpof=true&sd=true)\n  * [aesWebServer Integration guide](https://docs.google.com/document/d/1-8Me7Nt4dFjZupKxDAtZRlIK0pgq-a4p/edit?usp=sharing&ouid=100817029496565243153&rtpof=true&sd=true)\n\n# Authentication & authorization\nThis service is called using and https post, with one of the following credentials.\n* \"partner, seller, buyer\" supports the SDK 1.5 partners. `proxy` uses these to call `token` service to obtain proper credentials.\n* \"user, password\" supports the SDK 1.5 partners. `prox` uses these to call `token` service to obtain proper credentials.\n* `x-token-api-key` is passed in the header to authorize the Mitchell SDK 2.0 request???\n","version":"1.0.0"},"servers":[{"url":"https://op.myplace4parts.com/embedded/1.0.0","description":"Production service"},{"url":"https://staging.op.myplace4parts.com/embedded/1.0.0","description":"Staging service"},{"url":"https://qa.op.myplace4parts.com/embedded/1.0.0","description":"QA Server"}],"security":[{"ApiKeyAuth":[]}],"tags":[{"name":"Embedded","description":"Embedded endpoints"},{"name":"Mitchell","description":"Embedded endpoints for Mitchell SDK v2"}],"paths":{"/proxy":{"post":{"tags":["Embedded"],"summary":"Proxy service to handle `PartsBasket` actions/services","description":"This is a proxy service to allow the integrated applications to initiate actions using `PartsBasket` as a standard data structure. It handles the following services related to the `PartsBasket`:\n1. Check availability\n2. Place order\n3. Get Mcl\n\nService name is indicated by the `action` property.\n\nThe API is compatible with the following versions of the `PartsBasket` specification:\n* 1.1\n* 1.2\n\nThe service delegates the actual task to the `part`, `order` or `catalog` services.\n\nThe service receives either the `userId`, `password` or `partnerId`, `buyerId`, `sellerId` properties based the type of authentication the host application is using. The service uses one of the combinations to get the token, call the downstream services and return response to the caller.\n\n\nThe service supports `application/x-www-form-urlencoded` as the `Content-Type` for backward compatibility.\n","requestBody":{"content":{"application/x-www-form-urlencoded":{"schema":{"type":"object","properties":{"sellerId":{"type":"string"},"buyerId":{"type":"string"},"partnerId":{"type":"string"},"userId":{"type":"string"},"password":{"type":"string"},"partsBasket":{"$ref":"#/components/schemas/PartsBasket"}}}}},"required":true},"responses":{"200":{"description":"Successful service handling\n\n# Backward Compatibility\nFor 1.1 version of the `PartsBasket`, this endpoint returns the following response structures:\n\n* Check availability respone:\n```\n{\n  Status: \"SUCCESS\"\n  Data: <PartsBasket>\n}\n```\n* Place order response:\n```\n{\n  Status: \"SUCCESS\"\n  Data: {\n    partsBasket: <PartsBasket>\n  }\n}\n```\n","content":{"application/json":{"schema":{"$ref":"#/components/schemas/PartsBasket"}}}},"204":{"description":"Could not resolve to a valid vehicle"},"400":{"description":"Bad Request"},"401":{"description":"Unauthorized Access"},"502":{"description":"Bad Gateway. Received an invalid response from the upstream server. e.g database server or other micro-service"},"504":{"description":"Request to the external catalog server timed out"}},"servers":[{"url":"https://op.myplace4parts.com/embedded/1.0.0","description":"Production service"},{"url":"https://staging.op.myplace4parts.com/embedded/1.0.0","description":"Staging service"},{"url":"https://qa.op.myplace4parts.com/embedded/1.0.0","description":"QA Server"}]}},"/mitchellv2/availability":{"post":{"tags":["Mitchell"],"summary":"Price check API for Mitchell V2 ","description":"This service handles the price check & availability request from Mitchell SDK V2. \n\nEnsure you return price check items in the same order as were sent to the API. As well as using correct casing for JSON objects/properties, otherwise price check will not match items correctly.\n\nFor any authentication or authorization related issues, the service must return `403` Http error code.\n","requestBody":{"content":{"application/json":{"schema":{"$ref":"#/components/schemas/MitchelleV2CheckAvailabilityRequest"}}}},"responses":{"200":{"description":"Successful service response","content":{"application/json":{"schema":{"$ref":"#/components/schemas/MitchelleV2CheckAvailabilityResponse"}}}},"400":{"description":"Bad Request"},"403":{"description":"Forbidden"},"502":{"description":"Bad Gateway. Received an invalid response from the upstream server. e.g database server or other micro-service"}}}},"/mitchellv2/order":{"post":{"tags":["Mitchell"],"summary":"Place order API for Mitchell V2 ","description":"This service handles the place order request from Mitchell SDK V2. \n\nEnsure you return price check items in the same order as were sent to the API. As well as using correct casing for JSON objects/properties, otherwise price check will not match items correctly.\n\nFor any authentication or authorization related issues, the service must return `403` Http error code.\n","requestBody":{"content":{"application/json":{"schema":{"$ref":"#/components/schemas/MitchelleV2OrderRequest"}}}},"responses":{"200":{"description":"Successful service response","content":{"application/json":{"schema":{"$ref":"#/components/schemas/MitchelleV2OrderResponse"}}}},"400":{"description":"Bad Request"},"403":{"description":"Forbidden"},"502":{"description":"Bad Gateway. Received an invalid response from the upstream server. e.g database server or other micro-service"}}}},"/health":{"get":{"summary":"Check service health ","description":"Response code other than 200 represents bad service health\n","responses":{"200":{"description":"Good service health"}}}}},"components":{"schemas":{"PartsBasket":{"discriminator":{"propertyName":"action"},"oneOf":[{"$ref":"#/components/schemas/PBv11GoShoppingRequest"},{"$ref":"#/components/schemas/PBv11CheckAvailabilityRequest"},{"$ref":"#/components/schemas/PBv11PlaceOrderRequest"},{"$ref":"#/components/schemas/PBv11GetMclRequest"},{"$ref":"#/components/schemas/PBv11GoShoppingResponse"},{"$ref":"#/components/schemas/PBv11CheckAvailabilityResponse"},{"$ref":"#/components/schemas/PBv11PlaceOrderResponse"},{"$ref":"#/components/schemas/PBv11GetMclResponse"},{"$ref":"#/components/schemas/PBv12GoShoppingRequest"},{"$ref":"#/components/schemas/PBv12CheckAvailabilityRequest"},{"$ref":"#/components/schemas/PBv12PlaceOrderRequest"},{"$ref":"#/components/schemas/PBv12GetMclRequest"},{"$ref":"#/components/schemas/PBv12GoShoppingResponse"},{"$ref":"#/components/schemas/PBv12CheckAvailabilityResponse"},{"$ref":"#/components/schemas/PBv12PlaceOrderResponse"},{"$ref":"#/components/schemas/PBv12GetMclResponse"}]},"PBv11GoShoppingRequest":{"required":["action","version"],"properties":{"version":{"type":"string","example":"1.1"},"uid":{"type":"string","description":"user assigned value to uniquely identify this instance of parts basket"},"action":{"type":"string","default":"goShoppingRequest"},"searchInfo":{"$ref":"#/components/schemas/PBv11SearchInfo"},"vehicleInfo":{"$ref":"#/components/schemas/PBv11VehicleInfo"}},"description":"`vehicleQualifier` shall be passed as the top level property of the request. However, due to the mix-up with the older interface specification. some host applications may pass it as a child property of the `searchQualifier` property. The service will consider the top-level property as the final.\n"},"PBv11SearchInfo":{"properties":{"catalogId":{"type":"string","description":"* EPE = ePartExpert application catalog\n* SAT = Supplies, Accessories, Tools\n* AST = Accessories, Supplies, Tools\n* GSA = Google Search\n* MSC = Miscellaneous searches\n"},"indexId":{"type":"string","description":"* EPE: ‘PTS’ part type search\n* SAT: ‘DES’cription, part ‘NUM’ber\n* GSA: ‘SRH’ string search\n* MSC: ‘SRH’ part search\n* MSC: ‘VEH’ short hand search\n"},"searchTxt":{"type":"string","description":"Optional value for search string for EPE, AST, GSA, and MSC"}}},"PBv11VehicleInfo":{"properties":{"ymmeNo":{"type":"string","description":"Catalog server values"},"ymme":{"type":"string","description":"Comma separated list of values","example":"2016,Ford,F150,V6-2700 2.7L DOHC"},"vin":{"type":"string","description":"Vehicle Identification Number (16 characters)"},"licencePlate":{"type":"string","description":"State:PlateNo","example":"TX:123M33"},"aaia":{"type":"string"},"aces":{"type":"string"}}},"PBv11CheckAvailabilityRequest":{"required":["action","lineInfo"],"properties":{"version":{"type":"string"},"uid":{"type":"string"},"action":{"type":"string","default":"checkAvailabilityRequest"},"vehicleInfo":{"$ref":"#/components/schemas/PBv11VehicleInfo"},"lineInfo":{"properties":{"line":{"type":"array","items":{"$ref":"#/components/schemas/PBv11CheckAvailabilityPartLineInfo"}}}}}},"PBv11CheckAvailabilityPartLineInfo":{"required":["partNumber","quantityRequested","type"],"allOf":[{"$ref":"#/components/schemas/PBv11BasicPartLineInfo"}]},"PBv11BasicPartLineInfo":{"required":["partNumber","type"],"properties":{"lineNo":{"type":"string"},"type":{"type":"string","default":"part"},"manufacturerCode":{"type":"string","description":"also referred as line code"},"partNumber":{"type":"string"},"brand":{"type":"string"},"description":{"type":"string"},"quantityRequested":{"type":"integer"},"unitOfMeasure":{"type":"string"},"unitCorePrice":{"type":"string"},"unitCostPrice":{"type":"string"},"priceOverride":{"type":"string"},"priceOverrideMsg":{"type":"string"}}},"PBv11PlaceOrderRequest":{"required":["action","part"],"properties":{"version":{"type":"string"},"uid":{"type":"string"},"action":{"type":"string","default":"placeOrderRequest"},"orderInfo":{"required":["deliveryMethod","orderMessage","poNumber"],"properties":{"deliveryMethod":{"type":"string","enum":["REGULAR","URGENT"]},"orderMessage":{"type":"string"},"poNumber":{"type":"string"}}},"vehicleInfo":{"$ref":"#/components/schemas/PBv11VehicleInfo"},"lineInfo":{"properties":{"line":{"type":"array","items":{"allOf":[{"$ref":"#/components/schemas/PBv11PlaceOrderPartLineInfo"},{"$ref":"#/components/schemas/PB11BasicLocation"}]}}}}}},"PBv11PlaceOrderPartLineInfo":{"required":["locationId","manufacturerCode","partNumber","quantityRequested","type"],"allOf":[{"$ref":"#/components/schemas/PBv11BasicPartLineInfo"}]},"PB11BasicLocation":{"required":["locationId"],"properties":{"locationId":{"type":"string"},"locationDescription":{"type":"string"},"locationStatus":{"type":"string","enum":["primary","alternate","buyDirect"]}}},"PBv11GetMclRequest":{"required":["action","mclInfo"],"properties":{"version":{"type":"string"},"uid":{"type":"string"},"action":{"type":"string","default":"getMCLRequest"},"mclInfo":{"properties":{"catalogId":{"type":"string"},"mclType":{"type":"string"},"mclDate":{"type":"string"},"type":{"type":"string","default":"mcl"}}}}},"PBv11GoShoppingResponse":{"required":["action"],"properties":{"version":{"type":"string"},"uid":{"type":"string"},"action":{"type":"string","default":"goShoppingResponse"},"vehicleInfo":{"$ref":"#/components/schemas/PBv11VehicleInfo"},"lineInfo":{"properties":{"line":{"type":"array","items":{"discriminator":{"propertyName":"type"},"oneOf":[{"$ref":"#/components/schemas/PBv11PartLineInfo"},{"$ref":"#/components/schemas/PBv11LaborLineInfo"},{"$ref":"#/components/schemas/PBv11SpecificationLineInfo"}]}}}}}},"PBv11PartLineInfo":{"required":["type"],"properties":{"lineNo":{"type":"string"},"seqNo":{"type":"string"},"type":{"type":"string","default":"part"},"manufacturerCode":{"type":"string","description":"also referred as line code"},"partNumber":{"type":"string"},"partCategory":{"type":"string"},"brand":{"type":"string"},"description":{"type":"string"},"quantityRequested":{"type":"string"},"quantityAvailable":{"type":"string"},"unitOfMeasure":{"type":"string"},"minOrderQty":{"type":"string"},"incrementalOrderQty":{"type":"string"},"unitCorePrice":{"type":"string"},"unitCostPrice":{"type":"string"},"unitListPrice":{"type":"string"},"unitListCore":{"type":"string"},"priceOverride":{"type":"string"},"priceOverrideMsg":{"type":"string"},"locationId":{"type":"string"},"locationStatus":{"type":"string","enum":["primary","alternate","buyDirect"]},"locationDescription":{"type":"string"}}},"PBv11LaborLineInfo":{"required":["type"],"properties":{"lineNo":{"type":"string"},"seqNo":{"type":"string"},"type":{"type":"string","default":"labor"},"partNumber":{"type":"string"},"laborCode":{"type":"string"},"skillLevel":{"type":"string"},"description":{"type":"string"},"warrantyHrs":{"type":"string"},"hrlyCostRate":{"type":"string"},"hrlyListRate":{"type":"string"}}},"PBv11SpecificationLineInfo":{"required":["type"],"properties":{"lineNo":{"type":"string"},"seqNo":{"type":"string"},"type":{"type":"string","default":"specification"},"partNumber":{"type":"string"},"description":{"type":"string"}}},"PBv11CheckAvailabilityResponse":{"required":["action","lineInfo"],"properties":{"version":{"type":"string"},"uid":{"type":"string"},"action":{"type":"string","default":"checkAvailabilityResponse"},"lineInfo":{"properties":{"line":{"type":"array","items":{"allOf":[{"$ref":"#/components/schemas/PBv11PartLineInfo"},{"type":"object","properties":{"status":{"type":"string","description":"* fnd = found\n* nfd = not found\n* alt = alternate\n* rep = replacement\n* err = error\n","enum":["fnd","nfd","alt","rep","err"]}}}]}}}}}},"PBv11PlaceOrderResponse":{"required":["action","part"],"properties":{"version":{"type":"string"},"uid":{"type":"string"},"action":{"type":"string","default":"placeOrderResponse"},"orderInfo":{"properties":{"deliveryMethod":{"type":"string","enum":["REGULAR","URGENT"]},"orderMessage":{"type":"string"},"poNumber":{"type":"string"},"orderNumber":{"type":"string"}}},"vehicleInfo":{"$ref":"#/components/schemas/PBv11VehicleInfo"},"lineInfo":{"properties":{"line":{"type":"array","items":{"discriminator":{"propertyName":"type"},"oneOf":[{"$ref":"#/components/schemas/PBv11OrderPartLineInfo"},{"$ref":"#/components/schemas/PBv11LaborLineInfo"},{"$ref":"#/components/schemas/PBv11SpecificationLineInfo"}]}}}}}},"PBv11OrderPartLineInfo":{"allOf":[{"$ref":"#/components/schemas/PBv11PartLineInfo"},{"type":"object","properties":{"quantityShipped":{"type":"string"},"status":{"type":"string","description":"* nfd = not found\n* shc = Shipped Complete\n* psh = Partially Shipped\n* prc = Price Change\n* pbo = Partial ship and Price Change\n* rep = Replacement Part\n* rps = Replacement Part and Partially Shipped\n* rpr = Replacement Part and Price Change\n* rbo = Replacement Part, Partially Shipped, and Price Change\n* err = error\n","enum":["nfd","shc","psh","prc","pbo","rep","rps","rpr","rbo","err"]},"orderConfirmation":{"type":"string"}}}]},"PBv11GetMclResponse":{"required":["action","mclInfo"],"properties":{"version":{"type":"string"},"uid":{"type":"string"},"action":{"type":"string","default":"getMCLResponse"},"mclInfo":{"properties":{"type":{"type":"string","default":"mcl"},"status":{"type":"string"},"data":{"type":"string"}}}}},"PBv12GoShoppingRequest":{"required":["action"],"properties":{"version":{"type":"string","example":"1.2"},"uid":{"type":"string","description":"user assigned value to uniquely identify this instance of parts basket"},"action":{"type":"string","default":"goShoppingRequest"},"searchInfo":{"$ref":"#/components/schemas/PBv12SearchInfo"},"vehicleInfo":{"$ref":"#/components/schemas/PBv12VehicleInfo"},"lineInfo":{"properties":{"line":{"type":"array","items":{"$ref":"#/components/schemas/PBv12BasicLaborLineInfo"}}}}}},"PBv12SearchInfo":{"properties":{"catalogId":{"type":"string","description":"* EPE = ePartExpert application catalog\n* SAT = Supplies, Accessories, Tools\n* AST = Accessories, Supplies, Tools\n* GSA = Google Search\n* MSC = Miscellaneous searches\n"},"indexId":{"type":"string","description":"* EPE: ‘PTS’ part type search\n* SAT: ‘DES’cription, part ‘NUM’ber\n* GSA: ‘SRH’ string search\n* MSC: ‘SRH’ part search\n* MSC: ‘VEH’ short hand search\n"},"searchTxt":{"type":"string","description":"Optional value for search string for EPE, AST, GSA, and MSC"}}},"PBv12VehicleInfo":{"properties":{"ymmeNo":{"type":"string","description":"Catalog server values"},"ymme":{"type":"string","description":"Comma separated list of values","example":"2016,Ford,F150,V6-2700 2.7L DOHC"},"vin":{"type":"string","description":"Vehicle Identification Number (16 characters)"},"licencePlate":{"type":"string","description":"State:PlateNo","example":"TX:123M33"},"aaia":{"type":"string"},"aces":{"type":"string"}}},"PBv12BasicLaborLineInfo":{"required":["type"],"properties":{"lineNo":{"type":"string"},"seqNo":{"type":"string"},"type":{"type":"string","default":"labor"},"skillLevel":{"type":"string"},"description":{"type":"string"},"hrlyListRate":{"type":"string","description":"Numeric with 2 decimals"}}},"PBv12CheckAvailabilityRequest":{"required":["action","part"],"properties":{"version":{"type":"string"},"uid":{"type":"string"},"action":{"type":"string","default":"checkAvailabilityRequest"},"vehicleInfo":{"$ref":"#/components/schemas/PBv12VehicleInfo"},"lineInfo":{"properties":{"line":{"type":"array","items":{"$ref":"#/components/schemas/PBv12CheckAvailabilityPartLineInfo"}}}}}},"PBv12CheckAvailabilityPartLineInfo":{"required":["partNumber","quantityRequested","type"],"allOf":[{"$ref":"#/components/schemas/PBv12BasicPartLineInfo"}]},"PBv12BasicPartLineInfo":{"required":["partNumber","type"],"properties":{"lineNo":{"type":"string"},"type":{"type":"string","default":"part"},"manufacturerCode":{"type":"string","description":"also referred as line code"},"partNumber":{"type":"string"},"brand":{"type":"string"},"description":{"type":"string"},"quantityRequested":{"type":"integer"},"unitOfMeasure":{"type":"string"},"unitCorePrice":{"type":"string"},"unitCostPrice":{"type":"string"},"priceOverride":{"type":"string"},"priceOverrideMsg":{"type":"string"}}},"PBv12PlaceOrderRequest":{"required":["action","part"],"properties":{"version":{"type":"string"},"uid":{"type":"string"},"action":{"type":"string","default":"placeOrderRequest"},"orderInfo":{"required":["deliveryMethod","orderMessage","poNumber"],"properties":{"deliveryMethod":{"type":"string","enum":["REGULAR","URGENT"]},"orderMessage":{"type":"string"},"poNumber":{"type":"string"}}},"vehicleInfo":{"$ref":"#/components/schemas/PBv12VehicleInfo"},"lineInfo":{"properties":{"line":{"type":"array","items":{"allOf":[{"$ref":"#/components/schemas/PBv12PlaceOrderPartLineInfo"},{"$ref":"#/components/schemas/PB12BasicLocation"}]}}}},"deliverToInfo":{"$ref":"#/components/schemas/PBv12DeliverTo"}}},"PBv12PlaceOrderPartLineInfo":{"required":["locationId","manufacturerCode","partNumber","quantityRequested","type"],"allOf":[{"$ref":"#/components/schemas/PBv12BasicPartLineInfo"}]},"PB12BasicLocation":{"required":["locationId"],"properties":{"locationId":{"type":"string"},"locationDescription":{"type":"string"},"locationStatus":{"type":"string","enum":["primary","alternate","buyDirect"]}}},"PBv12DeliverTo":{"properties":{"attention":{"type":"string"},"name":{"type":"string"},"address":{"properties":{"line1":{"type":"string"},"line2":{"type":"string"},"city":{"type":"string"},"region":{"type":"string"},"country":{"type":"string"},"postalCode":{"type":"string"}}},"email":{"type":"string"},"phoneNum":{"type":"string"}}},"PBv12GetMclRequest":{"required":["action","mclInfo"],"properties":{"version":{"type":"string"},"uid":{"type":"string"},"action":{"type":"string","default":"getMCLRequest"},"mclInfo":{"properties":{"catalogId":{"type":"string"},"mclType":{"type":"string"},"mclDate":{"type":"string"},"type":{"type":"string","default":"mcl"}}}}},"PBv12GoShoppingResponse":{"required":["action"],"properties":{"version":{"type":"string"},"uid":{"type":"string"},"action":{"type":"string","default":"goShoppingResponse"},"vehicleInfo":{"$ref":"#/components/schemas/PBv12VehicleInfo"},"lineInfo":{"properties":{"line":{"type":"array","items":{"discriminator":{"propertyName":"type"},"oneOf":[{"$ref":"#/components/schemas/PBv12PartLineInfo"},{"$ref":"#/components/schemas/PBv12LaborLineInfo"},{"$ref":"#/components/schemas/PBv12SpecificationLineInfo"}]}}}}}},"PBv12PartLineInfo":{"required":["type"],"properties":{"lineNo":{"type":"string"},"seqNo":{"type":"string"},"type":{"type":"string","default":"part"},"manufacturerCode":{"type":"string","description":"also referred as line code"},"partNumber":{"type":"string"},"partCategory":{"type":"string"},"brand":{"type":"string"},"description":{"type":"string"},"quantityRequested":{"type":"string"},"quantityAvailable":{"type":"string"},"unitOfMeasure":{"type":"string"},"minOrderQty":{"type":"string"},"incrementalOrderQty":{"type":"string"},"unitCorePrice":{"type":"string"},"unitCostPrice":{"type":"string"},"unitListPrice":{"type":"string"},"unitListCore":{"type":"string"},"priceOverride":{"type":"string"},"priceOverrideMsg":{"type":"string"},"locationId":{"type":"string"},"locationStatus":{"type":"string","enum":["primary","alternate","buyDirect"]},"locationDescription":{"type":"string"}}},"PBv12LaborLineInfo":{"required":["type"],"properties":{"lineNo":{"type":"string"},"seqNo":{"type":"string"},"type":{"type":"string","default":"labor"},"partNumber":{"type":"string"},"laborCode":{"type":"string"},"skillLevel":{"type":"string"},"description":{"type":"string"},"warrantyHrs":{"type":"string"},"hrlyCostRate":{"type":"string"},"hrlyListRate":{"type":"string"}}},"PBv12SpecificationLineInfo":{"required":["type"],"properties":{"lineNo":{"type":"string"},"seqNo":{"type":"string"},"type":{"type":"string","default":"specification"},"partNumber":{"type":"string"},"description":{"type":"string"}}},"PBv12CheckAvailabilityResponse":{"required":["action","part"],"properties":{"version":{"type":"string"},"uid":{"type":"string"},"action":{"type":"string","default":"checkAvailabilityResponse"},"lineInfo":{"properties":{"line":{"type":"array","items":{"allOf":[{"$ref":"#/components/schemas/PBv12PartLineInfo"},{"type":"object","properties":{"status":{"type":"string","description":"* fnd = found\n* nfd = not found\n* alt = alternate\n* rep = replacement\n* err = error\n","enum":["fnd","nfd","alt","rep","err"]}}}]}}}}}},"PBv12PlaceOrderResponse":{"required":["action","part"],"properties":{"version":{"type":"string"},"uid":{"type":"string"},"action":{"type":"string","default":"placeOrderResponse"},"orderInfo":{"properties":{"deliveryMethod":{"type":"string","enum":["REGULAR","URGENT"]},"orderMessage":{"type":"string"},"poNumber":{"type":"string"},"orderNumber":{"type":"string"}}},"vehicleInfo":{"$ref":"#/components/schemas/PBv12VehicleInfo"},"lineInfo":{"properties":{"line":{"type":"array","items":{"discriminator":{"propertyName":"type"},"oneOf":[{"$ref":"#/components/schemas/PBv12OrderPartLineInfo"},{"$ref":"#/components/schemas/PBv12LaborLineInfo"},{"$ref":"#/components/schemas/PBv12SpecificationLineInfo"}]}}}}}},"PBv12OrderPartLineInfo":{"allOf":[{"$ref":"#/components/schemas/PBv12PartLineInfo"},{"type":"object","properties":{"quantityShipped":{"type":"string"},"status":{"type":"string","description":"* nfd = not found\n* shc = Shipped Complete\n* psh = Partially Shipped\n* prc = Price Change\n* pbo = Partial ship and Price Change\n* rep = Replacement Part\n* rps = Replacement Part and Partially Shipped\n* rpr = Replacement Part and Price Change\n* rbo = Replacement Part, Partially Shipped, and Price Change\n* err = error\n","enum":["nfd","shc","psh","prc","pbo","rep","rps","rpr","rbo","err"]},"orderConfirmation":{"type":"string"}}}]},"PBv12GetMclResponse":{"required":["action","mclInfo"],"properties":{"version":{"type":"string"},"uid":{"type":"string"},"action":{"type":"string","default":"getMCLResponse"},"mclInfo":{"properties":{"type":{"type":"string","default":"mcl"},"status":{"type":"string"},"data":{"type":"string"}}}}},"MitchelleV2CheckAvailabilityRequest":{"properties":{"HostData":{"$ref":"#/components/schemas/MitchelleV2HostData"},"Vendor":{"$ref":"#/components/schemas/MitchelleV2Vendor"},"Vehicle":{"$ref":"#/components/schemas/MitchelleV2Vehicle"},"PriceCheck":{"properties":{"DeliveryOption":{"type":"string","example":"Deliver"},"Parts":{"type":"array","items":{"$ref":"#/components/schemas/MitchelleV2Part"}}}}}},"MitchelleV2HostData":{"properties":{"ApplicationTitle":{"type":"string"},"ApplicationVersion":{"type":"string"},"LaborRate":{"type":"number","format":"double"}},"example":{"ApplicationTitle":"Mitchell 1 SE","ApplicationVersion":"6.4.71","LaborRate":0}},"MitchelleV2Vendor":{"properties":{"Name":{"type":"string"},"Code":{"type":"string"},"Qualifier":{"type":"string"}},"example":{"Name":"Bumper to Bumper","Code":"B2B","Qualifier":"{\"sellerId\":\"MITCHELLTEST\",\"buyerId\":\"MITCHELLTEST\",\"appId\":\"16131581758103399\"}"}},"MitchelleV2Vehicle":{"properties":{"Year":{"type":"integer"},"Make":{"type":"string"},"Model":{"type":"string"},"SubModel":{"type":"string"},"Vin":{"type":"string"},"Engine":{"type":"string"},"DriveType":{"type":"string"},"Body":{"type":"string"},"Transmission":{"type":"string"},"Brake":{"type":"string"},"Gvw":{"type":"string"},"AaiaId":{"type":"string"},"AcesId":{"type":"string"},"AcesBaseId":{"type":"integer"},"AcesEngineId":{"type":"integer"},"AcesEngineConfigId":{"type":"integer"},"AcesSubModelId":{"type":"integer"},"Qualifier":{"type":"string"}},"example":{"Year":2013,"Make":"Toyota","Model":"Highlander","SubModel":"","Vin":"5TDZK3EHXDS091704","Engine":"3.5L,V6 (211CI)","DriveType":"","Body":"","Transmission":"","Brake":"","Gvw":"","AaiaId":1505495,"AcesId":200406,"AcesBaseId":123364,"AcesEngineId":2091,"AcesEngineConfigId":18170,"AcesSubModelId":20,"Qualifier":""}},"MitchelleV2Part":{"properties":{"Found":{"type":"boolean"},"Status":{"type":"string"},"PartNumber":{"type":"string"},"ManufacturerLineCode":{"type":"string"},"ManufacturerName":{"type":"string"},"Description":{"type":"string"},"QuantityRequested":{"type":"integer"},"Locations":{"type":"array","items":{"$ref":"#/components/schemas/MitchelleV2Location"}},"AlternateParts":{"type":"array","description":"Each item must be of `MitchelleV2Part` type","items":{"type":"object"}},"SelectedLocation":{"$ref":"#/components/schemas/MitchelleV2Location"}}},"MitchelleV2Location":{"properties":{"Name":{"type":"string"},"Id":{"type":"string"},"QuantityAvailable":{"type":"integer"},"UnitList":{"type":"number","format":"double"},"UnitCost":{"type":"number","format":"double"},"UnitCore":{"type":"number","format":"double"}},"example":{"Name":"","Id":"","QuantityAvailable":0,"UnitList":72.63,"UnitCost":39.95,"UnitCore":0}},"MitchelleV2CheckAvailabilityResponse":{"properties":{"DeliveryOption":{"type":"string","example":"Deliver"},"Parts":{"type":"array","items":{"$ref":"#/components/schemas/MitchelleV2Part"}}}},"MitchelleV2OrderRequest":{"properties":{"HostData":{"$ref":"#/components/schemas/MitchelleV2HostData"},"Vendor":{"$ref":"#/components/schemas/MitchelleV2Vendor"},"Vehicle":{"$ref":"#/components/schemas/MitchelleV2Vehicle"},"Order":{"properties":{"OrderMessage":{"type":"string","example":"Test Order"},"Parts":{"type":"array","items":{"$ref":"#/components/schemas/MitchelleV2OrderPart"}},"PurchaseOrderNumber":{"type":"string","example":"2ec51eee-adf9-4acb-90d3-c7e8dbe1d8dc"}}}}},"MitchelleV2OrderPart":{"properties":{"Found":{"type":"boolean"},"Status":{"type":"string"},"PartNumber":{"type":"string"},"ManufacturerLineCode":{"type":"string"},"ManufacturerName":{"type":"string"},"Description":{"type":"string"},"QuantityRequested":{"type":"integer"},"QuantityOrdered":{"type":"integer"},"LocationName":{"type":"string"},"LocationId":{"type":"string"},"UnitList":{"type":"number","format":"double"},"UnitCost":{"type":"number","format":"double"},"UnitCore":{"type":"number","format":"double"},"QuantityAvailable":{"type":"integer"}}},"MitchelleV2OrderResponse":{"properties":{"DeliveryOption":{"type":"string","example":"Deliver"},"PurchaseOrderNumber":{"type":"string","example":"2ec51eee-adf9-4acb-90d3-c7e8dbe1d8dc"},"OrderMessage":{"type":"string"},"ConfirmationNumber":{"type":"string","example":"TO-20211209-114028-214"},"Parts":{"type":"array","items":{"$ref":"#/components/schemas/MitchelleV2OrderPart"}}}}},"responses":{"400":{"description":"Bad Request"},"401":{"description":"Unauthorized Access"},"502":{"description":"Bad Gateway. Received an invalid response from the upstream server. e.g database server or other micro-service"},"403":{"description":"Forbidden"}},"securitySchemes":{"ApiKeyAuth":{"type":"apiKey","name":"x-token-api-key","in":"header"}}}}