{"openapi":"3.0.0","info":{"title":"Catalog API","description":"This service allows navigation of vehicles and applications, using the hosted ePartExpert catalog.  The parameters passed to this service to do not raise a security risk since they are for catalog navigation only. It is expected that\n* `catalogId` is 111\n* `countryId` identifies one of the three catalogs supported 'us', 'ca', or 'mx'\n* `covListId` identifies the MCL to be used to identify the coverage.\n\nThe service persists connections to the catalog farms for each country,  for each covListId, reusing them round-robin to optimise the connection overhead and load distribution.\n\nThis document lists all the APIs for the `Catalog` resource. The APIs support following use cases:\n  1. Health check\n  2. Navigate catalog vehicles (year, make, model, engine)\n  3. Navigate catalog part types (category, group, terminology)\n  4. Search catalog part types for a vehicle\n  5. Identify specific conditions related to part types for a vehicle\n  6. Support GFX navigation\n  7. Decode VIN, AAIA, and ACES codes to identify the vehicle\n  8. Search Interchange parts for a specific part on a vehicle\n  9. Find vehicles that a part 'fits'\n  \n`catalogId` is passed to all the endpoints. It is the unique catalog identifier. Following are the possible values for the `catalogId`:\n  1. Car - 111\n  2. Motorcycle - 112\n  3. ATV/UTV - 113\n  4. Scooter - 114\n  5. Snowmobile - 115\n  6. Watercraft - 116\n  7. Truck - 117\n  8. Medium Duty - 118\n\n# Authentication & authorization\nAll the APIs are protected with [AWS Cognito](https://aws.amazon.com/cognito/) based authentication and authorization. Clients must authenticate with Cognito user pool and pass the access token to every API call using the `Authorization` option in the HTTP header.\n\nIn case of authorization one of [these errors](https://docs.aws.amazon.com/cognito-user-identity-pools/latest/APIReference/CommonErrors.html) will be returned by the services.\n\nRefer to the [Cognito Development Resources](https://aws.amazon.com/cognito/dev-resources/) for your client tech specific detail.\n","version":"1.0.0"},"servers":[{"url":"https://ms.myplace4parts.com/catalog/1.0.0","description":"Production service"},{"url":"https://staging.ms.myplace4parts.com/catalog/1.0.0","description":"Staging service"},{"url":"https://qa.ms.myplace4parts.com/catalog/1.0.0","description":"QA Server"}],"security":[{"Authorization":[]}],"paths":{"/years":{"post":{"tags":["Navigation"],"summary":"Get all the vehicle years","description":"Returns all years for which the catalog has vehicles. The returned years are sorted in the descending order.\n","parameters":[{"name":"catalogId","in":"query","description":"Unique catalog identifier. Possible values include:\n* '99' : Part List\n* '111' : Automotive\n* '7' : (AST) Accessories, Supplies, Tools, etc.\n","required":true,"schema":{"type":"integer"}},{"name":"countryId","in":"query","description":"Required if catalog is not 99. Unique country identifier. E.g. `us`","schema":{"type":"string"}},{"name":"mclOrgId","in":"query","description":"Required if catalog is not 99. Unique MCL organization identifier. This shall be fetched from the user info cache after successful user authentication. E.g. 152321","schema":{"type":"integer","format":"int64"}}],"responses":{"200":{"description":"Successful years lookup","content":{"application/json":{"schema":{"type":"array","description":"Years","example":[{"id":1,"value":"2011"},{"id":2,"value":"2012"}],"items":{"$ref":"#/components/schemas/BasicItem"}}}}},"204":{"description":"No years found"},"400":{"description":"Bad Request"},"401":{"description":"Unauthorized Access"},"502":{"description":"Bad Gateway. Received an invalid response from the upstream server. e.g database server or other micro-service"},"504":{"description":"Request to the external catalog server timed out"}},"servers":[{"url":"https://ms.myplace4parts.com/catalog/1.0.0","description":"Production service"},{"url":"https://staging.ms.myplace4parts.com/catalog/1.0.0","description":"Staging service"},{"url":"https://qa.ms.myplace4parts.com/catalog/1.0.0","description":"QA Server"}]}},"/makes":{"post":{"tags":["Navigation"],"summary":"Get all the vehicle makes","description":"Returns all the consolidated vehicle makes for the specified year. The returned makes are in alphabetical order.\n","parameters":[{"name":"catalogId","in":"query","description":"Unique catalog identifier. Possible values include:\n* '99' : Part List\n* '111' : Automotive\n* '7' : (AST) Accessories, Supplies, Tools, etc.\n","required":true,"schema":{"type":"integer"}},{"name":"countryId","in":"query","description":"Required if catalog is not 99. Unique country identifier. E.g. `us`","schema":{"type":"string"}},{"name":"mclOrgId","in":"query","description":"Required if catalog is not 99. Unique MCL organization identifier. This shall be fetched from the user info cache after successful user authentication. E.g. 152321","schema":{"type":"integer","format":"int64"}}],"requestBody":{"content":{"application/json":{"schema":{"required":["year"],"properties":{"year":{"description":"Year for which the makes have been requested. This must represent an item from the `POST /years` response.","example":{"id":1,"value":"2011"},"allOf":[{"$ref":"#/components/schemas/BasicItem"}]}}}}}},"responses":{"200":{"description":"Successful makes lookup","content":{"application/json":{"schema":{"type":"array","description":"Makes","example":[{"id":1,"value":"AUDI"},{"id":2,"value":"Honda"}],"items":{"$ref":"#/components/schemas/BasicItem"}}}}},"204":{"description":"No makes found"},"400":{"description":"Bad Request"},"401":{"description":"Unauthorized Access"},"502":{"description":"Bad Gateway. Received an invalid response from the upstream server. e.g database server or other micro-service"},"504":{"description":"Request to the external catalog server timed out"}},"servers":[{"url":"https://ms.myplace4parts.com/catalog/1.0.0","description":"Production service"},{"url":"https://staging.ms.myplace4parts.com/catalog/1.0.0","description":"Staging service"},{"url":"https://qa.ms.myplace4parts.com/catalog/1.0.0","description":"QA Server"}]}},"/models":{"post":{"tags":["Navigation"],"summary":"Get all the vehicle models","description":"Returns all the consolidated vehicle models for the specified year and make. \n\nThe returned models are consolidated as `Car`, `Truck` and `Medium Duty` and they are in the following order:\n  1. Car\n  2. Truck\n  3. Medium Duty\n  \nThese are, generally, referred as model type.\nModels within a model type as sorted in an alphabetical order.\n","parameters":[{"name":"catalogId","in":"query","description":"Unique catalog identifier. Possible values include:\n* '99' : Part List\n* '111' : Automotive\n* '7' : (AST) Accessories, Supplies, Tools, etc.\n","required":true,"schema":{"type":"integer"}},{"name":"countryId","in":"query","description":"Required if catalog is not 99. Unique country identifier. E.g. `us`","schema":{"type":"string"}},{"name":"mclOrgId","in":"query","description":"Required if catalog is not 99. Unique MCL organization identifier. This shall be fetched from the user info cache after successful user authentication. E.g. 152321","schema":{"type":"integer","format":"int64"}}],"requestBody":{"content":{"application/json":{"schema":{"required":["make","year"],"properties":{"year":{"description":"Year. This must represent an item from the `POST /years` response.","example":{"id":1,"value":"2011"},"allOf":[{"$ref":"#/components/schemas/BasicItem"}]},"make":{"description":"Make. This must represent an item from the `POST /makes` response.","example":{"id":1,"value":"AUDI"},"allOf":[{"$ref":"#/components/schemas/BasicItem"}]}}}}}},"responses":{"200":{"description":"Successful models lookup","content":{"application/json":{"schema":{"type":"object","description":"Consolidated models","example":[{"modelTypeId":8,"value":"Car","models":[{"id":4,"value":"A4"},{"id":6,"value":"A6"}]},{"modelTypeId":56,"value":"Truck","models":[{"id":8,"value":"ABC"}]},{"modelTypeId":92,"value":"Medium Duty","models":[{"id":3,"value":"XYZ"}]}]}}}},"204":{"description":"No models found"},"400":{"description":"Bad Request"},"401":{"description":"Unauthorized Access"},"502":{"description":"Bad Gateway. Received an invalid response from the upstream server. e.g database server or other micro-service"},"504":{"description":"Request to the external catalog server timed out"}},"servers":[{"url":"https://ms.myplace4parts.com/catalog/1.0.0","description":"Production service"},{"url":"https://staging.ms.myplace4parts.com/catalog/1.0.0","description":"Staging service"},{"url":"https://qa.ms.myplace4parts.com/catalog/1.0.0","description":"QA Server"}]}},"/engines":{"post":{"tags":["Navigation"],"summary":"Get all the vehicle engines","description":"Returns all the vehicle engines for the specified year, make and model. The returned engines are in alphabetical order.\n","parameters":[{"name":"catalogId","in":"query","description":"Unique catalog identifier. Possible values include:\n* '99' : Part List\n* '111' : Automotive\n* '7' : (AST) Accessories, Supplies, Tools, etc.\n","required":true,"schema":{"type":"integer"}},{"name":"countryId","in":"query","description":"Required if catalog is not 99. Unique country identifier. E.g. `us`","schema":{"type":"string"}},{"name":"mclOrgId","in":"query","description":"Required if catalog is not 99. Unique MCL organization identifier. This shall be fetched from the user info cache after successful user authentication. E.g. 152321","schema":{"type":"integer","format":"int64"}}],"requestBody":{"content":{"application/json":{"schema":{"required":["make","model","modelType","year"],"properties":{"year":{"description":"Year. This must represent an item from the `POST /years` response.","example":{"id":1,"value":"2011"},"allOf":[{"$ref":"#/components/schemas/BasicItem"}]},"make":{"description":"Make. This must represent an item from the `POST /makes` response.","example":{"id":8,"value":"FORD"},"allOf":[{"$ref":"#/components/schemas/BasicItem"}]},"modelType":{"description":"Model type. This must represent an item from the `POST /models` response.","example":{"id":56,"value":"Truck"},"allOf":[{"$ref":"#/components/schemas/BasicItem"}]},"model":{"description":"Model. This must represent an item from the `models` property of the `POST /models` response.","example":{"id":31,"value":"F150 PICKUP"},"allOf":[{"$ref":"#/components/schemas/BasicItem"}]}}}}}},"responses":{"200":{"description":"Successful engines lookup","content":{"application/json":{"schema":{"type":"array","description":"Engines","example":[{"id":1,"value":"2.4 V6 30v DOHC BDV"}],"items":{"$ref":"#/components/schemas/BasicItem"}}}}},"204":{"description":"No engines found"},"400":{"description":"Bad Request"},"401":{"description":"Unauthorized Access"},"502":{"description":"Bad Gateway. Received an invalid response from the upstream server. e.g database server or other micro-service"},"504":{"description":"Request to the external catalog server timed out"}},"servers":[{"url":"https://ms.myplace4parts.com/catalog/1.0.0","description":"Production service"},{"url":"https://staging.ms.myplace4parts.com/catalog/1.0.0","description":"Staging service"},{"url":"https://qa.ms.myplace4parts.com/catalog/1.0.0","description":"QA Server"}]}},"/vehicle/decode":{"post":{"tags":["Vehicle","Embedded"],"summary":"Resolve parts basket to a vehicle profile","description":"Resolves the specified `partsBasket` into a vehicle and returns it. \n\nThe API is compatible with 1.1 version of the `PartsBasket` specification. Caller must pass the `VehicleInfo` that is available in the `PartsBasket`\n","parameters":[{"name":"catalogId","in":"query","description":"Unique catalog identifier. Possible values include:\n* '99' : Part List\n* '111' : Automotive\n* '7' : (AST) Accessories, Supplies, Tools, etc.\n","required":true,"schema":{"type":"integer"}},{"name":"countryId","in":"query","description":"Required if catalog is not 99. Unique country identifier. E.g. `us`","schema":{"type":"string"}},{"name":"mclOrgId","in":"query","description":"Required if catalog is not 99. Unique MCL organization identifier. This shall be fetched from the user info cache after successful user authentication. E.g. 152321","schema":{"type":"integer","format":"int64"}}],"requestBody":{"content":{"application/json":{"schema":{"$ref":"#/components/schemas/CatalogVehicleDecodeRequest"}}}},"responses":{"200":{"description":"Successful vehicle decoding","content":{"application/json":{"schema":{"$ref":"#/components/schemas/VehicleSummary"}}}},"204":{"description":"Could not resolve to a valid vehicle"},"400":{"description":"Bad Request"},"401":{"description":"Unauthorized Access"},"502":{"description":"Bad Gateway. Received an invalid response from the upstream server. e.g database server or other micro-service"},"504":{"description":"Request to the external catalog server timed out"}},"servers":[{"url":"https://ms.myplace4parts.com/catalog/1.0.0","description":"Production service"},{"url":"https://staging.ms.myplace4parts.com/catalog/1.0.0","description":"Staging service"},{"url":"https://qa.ms.myplace4parts.com/catalog/1.0.0","description":"QA Server"}]}},"/part/vehicles":{"post":{"tags":["Vehicle"],"summary":"Get vehicles fitting a part","description":"Returns the vehicles fitting the specificed part. \n","parameters":[{"name":"catalogId","in":"query","description":"Unique catalog identifier. Possible values include:\n* '99' : Part List\n* '111' : Automotive\n* '7' : (AST) Accessories, Supplies, Tools, etc.\n","required":true,"schema":{"type":"integer"}},{"name":"countryId","in":"query","description":"Required if catalog is not 99. Unique country identifier. E.g. `us`","schema":{"type":"string"}},{"name":"mclOrgId","in":"query","description":"Required if catalog is not 99. Unique MCL organization identifier. This shall be fetched from the user info cache after successful user authentication. E.g. 152321","schema":{"type":"integer","format":"int64"}}],"requestBody":{"content":{"application/json":{"schema":{"required":["manufacturerName","partNumber"],"properties":{"partNumber":{"type":"string"},"manufacturerName":{"type":"string"},"group":{"$ref":"#/components/schemas/BasicItem"}}}}}},"responses":{"200":{"description":"Found vehicles fitting the parts","content":{"application/json":{"schema":{"properties":{"groups":{"type":"array","items":{"$ref":"#/components/schemas/BasicItem"}},"manufacturers":{"type":"array","example":["AZ/MAGNAFLOW","KARLYN/STI"],"items":{"type":"string"}},"vehicles":{"type":"array","items":{"$ref":"#/components/schemas/VehicleFitment"}}}}}}},"204":{"description":"Could not find fitting vehicles"},"400":{"description":"Bad Request"},"401":{"description":"Unauthorized Access"},"502":{"description":"Bad Gateway. Received an invalid response from the upstream server. e.g database server or other micro-service"},"504":{"description":"Request to the external catalog server timed out"}}}},"/categories":{"post":{"tags":["Navigation"],"summary":"Get all the part categories","description":"Returns all the part categories. The returned categories are in alphabetical order.\n","parameters":[{"name":"catalogId","in":"query","description":"Unique catalog identifier. Possible values include:\n* '99' : Part List\n* '111' : Automotive\n* '7' : (AST) Accessories, Supplies, Tools, etc.\n","required":true,"schema":{"type":"integer"}},{"name":"countryId","in":"query","description":"Required if catalog is not 99. Unique country identifier. E.g. `us`","schema":{"type":"string"}},{"name":"mclOrgId","in":"query","description":"Required if catalog is not 99. Unique MCL organization identifier. This shall be fetched from the user info cache after successful user authentication. E.g. 152321","schema":{"type":"integer","format":"int64"}}],"responses":{"200":{"description":"Successful part categories lookup","content":{"application/json":{"schema":{"type":"array","description":"Categories","example":[{"id":"1,","value":"Tire & Wheel"},{"id":2,"value":"Vision, manuals & misc."}],"items":{"$ref":"#/components/schemas/BasicItem"}}}}},"204":{"description":"No part categories found"},"400":{"description":"Bad Request"},"401":{"description":"Unauthorized Access"},"502":{"description":"Bad Gateway. Received an invalid response from the upstream server. e.g database server or other micro-service"},"504":{"description":"Request to the external catalog server timed out"}},"servers":[{"url":"https://ms.myplace4parts.com/catalog/1.0.0","description":"Production service"},{"url":"https://staging.ms.myplace4parts.com/catalog/1.0.0","description":"Staging service"},{"url":"https://qa.ms.myplace4parts.com/catalog/1.0.0","description":"QA Server"}]}},"/groups":{"post":{"tags":["Navigation"],"summary":"Get all the part groups","description":"Returns part groups for the specified one or more categories. The returned groups are in alphabetical order.\n","parameters":[{"name":"catalogId","in":"query","description":"Unique catalog identifier. Possible values include:\n* '99' : Part List\n* '111' : Automotive\n* '7' : (AST) Accessories, Supplies, Tools, etc.\n","required":true,"schema":{"type":"integer"}},{"name":"countryId","in":"query","description":"Required if catalog is not 99. Unique country identifier. E.g. `us`","schema":{"type":"string"}},{"name":"mclOrgId","in":"query","description":"Required if catalog is not 99. Unique MCL organization identifier. This shall be fetched from the user info cache after successful user authentication. E.g. 152321","schema":{"type":"integer","format":"int64"}}],"requestBody":{"content":{"application/json":{"schema":{"required":["categories"],"properties":{"categories":{"type":"array","description":"Part categories. This must represent an item from the `POST /categories` response.","example":[{"id":"1,","value":"Tire & Wheel"},{"id":2,"value":"Vision, manuals & misc."}],"items":{"$ref":"#/components/schemas/BasicItem"}}}}}}},"responses":{"200":{"description":"Successful groups lookup","content":{"application/json":{"schema":{"type":"array","description":"Groups","example":[{"id":"1,","value":"Tire & Wheel","items":[{"id":11,"value":"Group 1"}]},{"id":2,"value":"Vision, manuals & misc.","items":[{"id":2,"value":"Group 2"}]}],"items":{"$ref":"#/components/schemas/BasicItemWithChildren"}}}}},"400":{"description":"Bad Request"},"401":{"description":"Unauthorized Access"},"502":{"description":"Bad Gateway. Received an invalid response from the upstream server. e.g database server or other micro-service"},"504":{"description":"Request to the external catalog server timed out"}},"servers":[{"url":"https://ms.myplace4parts.com/catalog/1.0.0","description":"Production service"},{"url":"https://staging.ms.myplace4parts.com/catalog/1.0.0","description":"Staging service"},{"url":"https://qa.ms.myplace4parts.com/catalog/1.0.0","description":"QA Server"}]}},"/terminologies":{"post":{"tags":["Navigation"],"summary":"Get terminologies or part types","description":"Returns terminologies for the specified categories and groups. The returned terminlogies are in alphabetical order.\n","parameters":[{"name":"catalogId","in":"query","description":"Unique catalog identifier. Possible values include:\n* '99' : Part List\n* '111' : Automotive\n* '7' : (AST) Accessories, Supplies, Tools, etc.\n","required":true,"schema":{"type":"integer"}},{"name":"countryId","in":"query","description":"Required if catalog is not 99. Unique country identifier. E.g. `us`","schema":{"type":"string"}},{"name":"mclOrgId","in":"query","description":"Required if catalog is not 99. Unique MCL organization identifier. This shall be fetched from the user info cache after successful user authentication. E.g. 152321","schema":{"type":"integer","format":"int64"}}],"requestBody":{"content":{"application/json":{"schema":{"required":["groups","vehicle"],"properties":{"groups":{"type":"array","items":{"description":"Part groups. This must represent an item from the `POST /groups` response.","example":{"id":1,"value":"Belts & Cooling"},"allOf":[{"$ref":"#/components/schemas/BasicItem"}]}},"vehicle":{"$ref":"#/components/schemas/YMMEInfo"}}}}}},"responses":{"200":{"description":"Successful terminologies lookup","content":{"application/json":{"schema":{"type":"array","description":"Terminologies","example":[{"id":"1,","value":"Tire & Wheel","items":[{"id":11,"value":"Terminology 1","isConsolidated":true}]},{"id":2,"value":"Vision, manuals & misc.","items":[{"id":13,"value":"Terminology 3","isConsolidated":false}]}],"items":{"$ref":"#/components/schemas/TerminologyItem"}}}}},"400":{"description":"Bad Request"},"401":{"description":"Unauthorized Access"},"502":{"description":"Bad Gateway. Received an invalid response from the upstream server. e.g database server or other micro-service"},"504":{"description":"Request to the external catalog server timed out"}},"servers":[{"url":"https://ms.myplace4parts.com/catalog/1.0.0","description":"Production service"},{"url":"https://staging.ms.myplace4parts.com/catalog/1.0.0","description":"Staging service"},{"url":"https://qa.ms.myplace4parts.com/catalog/1.0.0","description":"QA Server"}]}},"/specificConditions":{"post":{"tags":["Navigation"],"summary":"Get part specific condition","description":"Returns specific conditions for the specified vehicles and part types/terminologies. User must submit their answers to these specific conditions to get the matching parts list.\n\n`specificConditions` property inside the `vehicle` is unused.\n","parameters":[{"name":"catalogId","in":"query","description":"Unique catalog identifier. Possible values include:\n* '99' : Part List\n* '111' : Automotive\n* '7' : (AST) Accessories, Supplies, Tools, etc.\n","required":true,"schema":{"type":"integer"}},{"name":"countryId","in":"query","description":"Required if catalog is not 99. Unique country identifier. E.g. `us`","schema":{"type":"string"}},{"name":"mclOrgId","in":"query","description":"Required if catalog is not 99. Unique MCL organization identifier. This shall be fetched from the user info cache after successful user authentication. E.g. 152321","schema":{"type":"integer","format":"int64"}}],"requestBody":{"content":{"application/json":{"schema":{"required":["terminologies","vehicle"],"properties":{"vehicle":{"$ref":"#/components/schemas/YMMEInfo"},"terminologies":{"type":"array","example":[{"id":1,"value":"Alternator Decoupler Pulley"},{"id":2,"value":"New Idler Pulley"}],"items":{"$ref":"#/components/schemas/BasicItem"}}}}}}},"responses":{"200":{"description":"Successful part specific conditions lookup","content":{"application/json":{"schema":{"type":"array","items":{"$ref":"#/components/schemas/SpecificConditionItem"}}}}},"204":{"description":"No matching specific conditions found"},"400":{"description":"Bad Request"},"401":{"description":"Unauthorized Access"},"502":{"description":"Bad Gateway. Received an invalid response from the upstream server. e.g database server or other micro-service"},"504":{"description":"Request to the external catalog server timed out"}},"servers":[{"url":"https://ms.myplace4parts.com/catalog/1.0.0","description":"Production service"},{"url":"https://staging.ms.myplace4parts.com/catalog/1.0.0","description":"Staging service"},{"url":"https://qa.ms.myplace4parts.com/catalog/1.0.0","description":"QA Server"}]}},"/gfxSpecificConditions":{"post":{"tags":["Navigation"],"summary":"Get GFX specific condition","description":"Returns GFX specific conditions for the specified vehicle and group. User must submit their answers to these specific conditions to get the GFX detail. \n\nThe API returns the same object that is returned by the GFX catalog. Refer to GFX documentation for the complete response object detail.\n\nOnly one group can be submitted per request.\n","parameters":[{"name":"catalogId","in":"query","description":"Unique catalog identifier. Possible values include:\n* '99' : Part List\n* '111' : Automotive\n* '7' : (AST) Accessories, Supplies, Tools, etc.\n","required":true,"schema":{"type":"integer"}},{"name":"countryId","in":"query","description":"Required if catalog is not 99. Unique country identifier. E.g. `us`","schema":{"type":"string"}},{"name":"mclOrgId","in":"query","description":"Required if catalog is not 99. Unique MCL organization identifier. This shall be fetched from the user info cache after successful user authentication. E.g. 152321","schema":{"type":"integer","format":"int64"}}],"requestBody":{"content":{"application/json":{"schema":{"required":["group","vehicle"],"properties":{"vehicle":{"$ref":"#/components/schemas/YMMEInfo"},"group":{"$ref":"#/components/schemas/BasicItem"}}}}}},"responses":{"200":{"description":"Successful GFX specific conditions lookup","content":{"application/json":{"schema":{"type":"object","description":"Serialized JSON response from GFX catalog."}}}},"204":{"description":"No matching GFX specific conditions found"},"400":{"description":"Bad Request"},"401":{"description":"Unauthorized Access"},"502":{"description":"Bad Gateway. Received an invalid response from the upstream server. e.g database server or other micro-service"},"504":{"description":"Request to the external catalog server timed out"}},"servers":[{"url":"https://ms.myplace4parts.com/catalog/1.0.0","description":"Production service"},{"url":"https://staging.ms.myplace4parts.com/catalog/1.0.0","description":"Staging service"},{"url":"https://qa.ms.myplace4parts.com/catalog/1.0.0","description":"QA Server"}]}},"/gfx":{"post":{"tags":["Navigation"],"summary":"Get GFX detail","description":"Returns GFX detail for the caller to render.\n\nThe API returns the same object that is returned by the GFX catalog. Refer to GFX documentation for the complete response object detail.\n\nWhen a red part is selected on the diagram, in order to highlight the selected part in the new diagram, caller must set the `selectedGfxPartTypeIds` in the request.\n\nFollowing are the possible values for `browserType`:\n* 1 - web\n* 3 - iOS/MacOS\n","parameters":[{"name":"catalogId","in":"query","description":"Unique catalog identifier. Possible values include:\n* '99' : Part List\n* '111' : Automotive\n* '7' : (AST) Accessories, Supplies, Tools, etc.\n","required":true,"schema":{"type":"integer"}},{"name":"countryId","in":"query","description":"Required if catalog is not 99. Unique country identifier. E.g. `us`","schema":{"type":"string"}},{"name":"mclOrgId","in":"query","description":"Required if catalog is not 99. Unique MCL organization identifier. This shall be fetched from the user info cache after successful user authentication. E.g. 152321","schema":{"type":"integer","format":"int64"}}],"requestBody":{"content":{"application/json":{"schema":{"$ref":"#/components/schemas/GFXDetailLookup"}}}},"responses":{"200":{"description":"Successful GFX specific conditions lookup","content":{"application/json":{"schema":{"type":"object"}}}},"204":{"description":"No matching specific conditions found"},"400":{"description":"Bad Request"},"401":{"description":"Unauthorized Access"},"502":{"description":"Bad Gateway. Received an invalid response from the upstream server. e.g database server or other micro-service"},"504":{"description":"Request to the external catalog server timed out"}},"servers":[{"url":"https://ms.myplace4parts.com/catalog/1.0.0","description":"Production service"},{"url":"https://staging.ms.myplace4parts.com/catalog/1.0.0","description":"Staging service"},{"url":"https://qa.ms.myplace4parts.com/catalog/1.0.0","description":"QA Server"}]}},"/part/byNavigation":{"post":{"tags":["Part"],"summary":"Get parts","description":"Reads parts for the specified navigation criteria from the external catalog server and adds them to the specificed `PartsBin`. \n","parameters":[{"name":"catalogId","in":"query","description":"Unique catalog identifier. Possible values include:\n* '99' : Part List\n* '111' : Automotive\n* '7' : (AST) Accessories, Supplies, Tools, etc.\n","required":true,"schema":{"type":"integer"}},{"name":"countryId","in":"query","description":"Required if catalog is not 99. Unique country identifier. E.g. `us`","schema":{"type":"string"}},{"name":"mclOrgId","in":"query","description":"Required if catalog is not 99. Unique MCL organization identifier. This shall be fetched from the user info cache after successful user authentication. E.g. 152321","schema":{"type":"integer","format":"int64"}}],"requestBody":{"content":{"application/json":{"schema":{"required":["navigationDetail","partsBinId"],"properties":{"partsBinId":{"type":"string"},"navigationDetail":{"$ref":"#/components/schemas/PartByNavigationLookup4Catalog"}}}}},"required":true},"responses":{"200":{"description":"Successful parts lookup and parts added to the `PartsBin`"},"204":{"description":"No matching parts found"},"400":{"description":"Bad Request"},"401":{"description":"Unauthorized Access"}}}},"/part/bySearchTxt":{"post":{"tags":["Part"],"summary":"Get parts for the specified search text","description":"Returns parts for the specified request detail\n","parameters":[{"name":"catalogId","in":"query","description":"Unique catalog identifier. Possible values include:\n* '99' : Part List\n* '111' : Automotive\n* '7' : (AST) Accessories, Supplies, Tools, etc.\n","required":true,"schema":{"type":"integer"}},{"name":"countryId","in":"query","description":"Required if catalog is not 99. Unique country identifier. E.g. `us`","schema":{"type":"string"}},{"name":"covListId","in":"query","description":"Coverage list identifier. Automotive catalog (111) this is known as the \"MCLOrgId\". AST catalog (7) this is known as the \"Domain\".","required":true,"schema":{"type":"string"}}],"requestBody":{"content":{"application/json":{"schema":{"required":["partsBinId"],"properties":{"partsBinId":{"type":"string"}}}}},"required":true},"responses":{"200":{"description":"Successful parts lookup and parts have been added to the `PartsBin`"},"204":{"description":"No matching parts found"},"400":{"description":"Bad Request"},"401":{"description":"Unauthorized Access"}}}},"/part/interchange":{"post":{"tags":["Part"],"summary":"Get interchange parts","description":"Returns interchange parts for the specified request detail\n","parameters":[{"name":"catalogId","in":"query","description":"Unique catalog identifier. Possible values include:\n* '99' : Part List\n* '111' : Automotive\n* '7' : (AST) Accessories, Supplies, Tools, etc.\n","required":true,"schema":{"type":"integer"}},{"name":"countryId","in":"query","description":"Required if catalog is not 99. Unique country identifier. E.g. `us`","schema":{"type":"string"}},{"name":"mclOrgId","in":"query","description":"Required if catalog is not 99. Unique MCL organization identifier. This shall be fetched from the user info cache after successful user authentication. E.g. 152321","schema":{"type":"integer","format":"int64"}}],"requestBody":{"content":{"application/json":{"schema":{"required":["lookupDetail","partsBinId"],"properties":{"partsBinId":{"type":"string"},"lookupDetail":{"$ref":"#/components/schemas/InterchangePartLookup4Catalog"}}}}},"required":true},"responses":{"200":{"description":"Successful parts lookup and interchange parts have been added to the `PartsBin`"},"204":{"description":"No matching parts found"},"400":{"description":"Bad Request"},"401":{"description":"Unauthorized Access"}}}},"/part/oe":{"post":{"tags":["Part"],"summary":"Get Original Equipment (OE) parts","description":"Returns OE parts for the specified request detail\n","parameters":[{"name":"catalogId","in":"query","description":"Unique catalog identifier. Possible values include:\n* '99' : Part List\n* '111' : Automotive\n* '7' : (AST) Accessories, Supplies, Tools, etc.\n","required":true,"schema":{"type":"integer"}},{"name":"countryId","in":"query","description":"Required if catalog is not 99. Unique country identifier. E.g. `us`","schema":{"type":"string"}},{"name":"mclOrgId","in":"query","description":"Required if catalog is not 99. Unique MCL organization identifier. This shall be fetched from the user info cache after successful user authentication. E.g. 152321","schema":{"type":"integer","format":"int64"}}],"requestBody":{"content":{"application/json":{"schema":{"$ref":"#/components/schemas/OELookup"}}},"required":true},"responses":{"200":{"description":"Successful OE parts lookup","content":{"application/json":{"schema":{"type":"array","items":{"$ref":"#/components/schemas/OEPart"}}}}},"204":{"description":"No matching OE parts found"},"400":{"description":"Bad Request"},"401":{"description":"Unauthorized Access"}}}},"/part/byParts":{"post":{"tags":["Part"],"summary":"Get parts","description":"Reads parts for the specified parts list from the external catalog server and adds them to the specificed `PartsBin`. \n","parameters":[{"name":"catalogId","in":"query","description":"Unique catalog identifier. Possible values include:\n* '99' : Part List\n* '111' : Automotive\n* '7' : (AST) Accessories, Supplies, Tools, etc.\n","required":true,"schema":{"type":"integer"}},{"name":"countryId","in":"query","description":"Required if catalog is not 99. Unique country identifier. E.g. `us`","schema":{"type":"string"}},{"name":"mclOrgId","in":"query","description":"Required if catalog is not 99. Unique MCL organization identifier. This shall be fetched from the user info cache after successful user authentication. E.g. 152321","schema":{"type":"integer","format":"int64"}}],"requestBody":{"content":{"application/json":{"schema":{"required":["partsBinId"],"properties":{"partsBinId":{"type":"string"}}}}},"required":true},"responses":{"200":{"description":"Successful parts lookup and parts added to the `PartsBin`"},"204":{"description":"No matching parts found"},"400":{"description":"Bad Request"},"401":{"description":"Unauthorized Access"}}}},"/health":{"get":{"summary":"Check service health ","description":"Response code other than 200 represents bad service health\n","responses":{"200":{"description":"Good service health"}}}}},"components":{"schemas":{"BasicItem":{"required":["id","value"],"properties":{"id":{"type":"integer"},"value":{"type":"string"}}},"CatalogVehicleDecodeRequest":{"required":["vehicleInfo"],"properties":{"vehicleInfo":{"properties":{"ymmeNo":{"type":"string","description":"Catalog server values"},"ymme":{"type":"string","description":"Comma separated list of values","example":"2016,Ford,F150,V6-2700 2.7L DOHC"},"VIN":{"type":"string","description":"Vehicle Identification Number (16 characters)"},"AAIA":{"type":"string"},"ACES":{"type":"string"}}}}},"VehicleSummary":{"properties":{"id":{"type":"integer","description":"System returned unique identifier"},"stdId":{"type":"integer","description":"Vehicle standard identifier. E.g. 4232132. This is an optional value."},"name":{"type":"string","description":"User defined name for the vehicle. E.g. John's Car"},"year":{"type":"string","description":"e.g. 2021"},"make":{"type":"string","description":"e.g. Audi"},"model":{"type":"string","description":"e.g. A6"},"engine":{"type":"string","description":"e.g. 2.0 L 4-cylinder"},"vin":{"type":"string","description":"VIN associated with the vehicle"},"state":{"type":"string","description":"State the plate belongs to. E.g. FL"},"plate":{"type":"string","description":"Plate number. E.g. GIDE80"}},"description":"Minimum data required to display a vehicle in the Vehicle History list"},"VehicleFitment":{"properties":{"group":{"$ref":"#/components/schemas/BasicItem"},"makes":{"type":"array","items":{"properties":{"perCarQty":{"type":"integer"},"make":{"type":"string"},"years":{"type":"string"},"totalApps":{"type":"integer"},"engines":{"type":"array","items":{"$ref":"#/components/schemas/VehicleFitmentEngine"}}}}}}},"VehicleFitmentEngine":{"properties":{"engine":{"type":"string"},"perCarQty":{"type":"integer"},"years":{"type":"string"},"totalApps":{"type":"integer"},"models":{"type":"array","items":{"$ref":"#/components/schemas/VehicleFitmentModel"}}}},"VehicleFitmentModel":{"properties":{"model":{"type":"string"},"perCarQty":{"type":"integer"},"years":{"type":"string"},"totalApps":{"type":"integer"}}},"BasicItemWithChildren":{"required":["id","items","value"],"properties":{"id":{"type":"integer"},"value":{"type":"string"},"items":{"type":"array","items":{"$ref":"#/components/schemas/BasicItem"}}}},"YMMEInfo":{"properties":{"year":{"description":"Year","allOf":[{"$ref":"#/components/schemas/BasicItem"}]},"make":{"description":"Make identifier","allOf":[{"$ref":"#/components/schemas/BasicItem"}]},"modelType":{"description":"Model type","allOf":[{"$ref":"#/components/schemas/BasicItem"}]},"model":{"description":"Model","allOf":[{"$ref":"#/components/schemas/BasicItem"}]},"engine":{"description":"Engine","allOf":[{"$ref":"#/components/schemas/BasicItem"}]}},"example":{"year":{"id":1,"value":"2011"},"make":{"id":8,"value":"FORD"},"modelType":{"id":56,"value":"Truck"},"model":{"id":31,"value":"F150 PICKUP"},"engine":{"id":1,"value":"4-1984 2.0L DOHC"}}},"TerminologyItem":{"required":["id","items","value"],"properties":{"id":{"type":"integer"},"value":{"type":"string"},"items":{"type":"array","items":{"properties":{"id":{"type":"integer"},"value":{"type":"string"},"isConsolidated":{"type":"boolean"}}}}}},"SpecificConditionItem":{"properties":{"id":{"type":"string"},"value":{"type":"string"},"choices":{"type":"array","items":{"properties":{"id":{"type":"string"},"value":{"type":"string"}}}}},"example":{"id":"1","value":"Is four wheel drive?","choices":[{"id":"y","value":"Yes"},{"id":"n","value":"No"}]}},"GFXDetailLookup":{"required":["browserType","gfxAssetNbr","group","vehicle"],"properties":{"vehicle":{"$ref":"#/components/schemas/YMMEInfo"},"group":{"$ref":"#/components/schemas/BasicItem"},"selectedGfxPartTypeIds":{"type":"string","description":"comma seperated identifiers"},"gfxAssetNbr":{"type":"string"},"browserType":{"type":"integer","enum":[1,3]}}},"PartByNavigationLookup4Catalog":{"required":["cgts","vehicle"],"properties":{"cgts":{"type":"array","items":{"$ref":"#/components/schemas/CGTInfo"}},"vehicle":{"$ref":"#/components/schemas/VehicleWithSpecificCondition"}}},"CGTInfo":{"properties":{"category":{"$ref":"#/components/schemas/BasicItem"},"group":{"$ref":"#/components/schemas/BasicItem"},"terminology":{"$ref":"#/components/schemas/BasicItem"}}},"VehicleWithSpecificCondition":{"required":["engine","make","model","modelType","year"],"properties":{"year":{"description":"Year","allOf":[{"$ref":"#/components/schemas/BasicItem"}]},"make":{"description":"Make identifier","allOf":[{"$ref":"#/components/schemas/BasicItem"}]},"modelType":{"description":"Model type","allOf":[{"$ref":"#/components/schemas/BasicItem"}]},"model":{"description":"Model","allOf":[{"$ref":"#/components/schemas/BasicItem"}]},"engine":{"description":"Engine","allOf":[{"$ref":"#/components/schemas/BasicItem"}]},"specificConditions":{"type":"array","items":{"$ref":"#/components/schemas/SpecificConditionAnswer"}}},"example":{"year":{"id":1,"value":"2011"},"make":{"id":8,"value":"FORD"},"modelType":{"id":56,"value":"Truck"},"model":{"id":31,"value":"F150 PICKUP"},"engine":{"id":1,"value":"4-1984 2.0L DOHC"},"specificConditions":[{"id":"1","value":"Is 4 wheel drive?","choice":{"id":"y","value":"Yes"}}]}},"SpecificConditionAnswer":{"required":["choice","id","value"],"properties":{"id":{"type":"string"},"value":{"type":"string"},"choice":{"required":["id","value"],"properties":{"id":{"type":"string"},"value":{"type":"string"}}}},"example":{"id":"1","value":"Is four wheel drive?","choice":{"id":"y","value":"Yes"}}},"InterchangePartLookup4Catalog":{"required":["searchTxt"],"properties":{"searchTxt":{"type":"string","example":"51515"}}},"OELookup":{"required":["group","vehicle"],"properties":{"vehicle":{"$ref":"#/components/schemas/VehicleWithSpecificCondition"},"group":{"$ref":"#/components/schemas/BasicItem"},"partTypeIds":{"type":"string","description":"comma separated identifiers"}}},"OEPart":{"properties":{"partNumber":{"type":"string"},"description":{"type":"string"},"perCarQty":{"type":"integer"},"years":{"type":"string"}},"example":{"partNumber":"BR54091","description":"F HUB/ROTOR ASSY","perCarQty":2,"years":"01-03"}}},"responses":{"400":{"description":"Bad Request"},"401":{"description":"Unauthorized Access"},"502":{"description":"Bad Gateway. Received an invalid response from the upstream server. e.g database server or other micro-service"}},"securitySchemes":{"Authorization":{"type":"apiKey","description":"Cognito access token. This is passed as `Authorization` HTTP header","name":"Authorization","in":"header"}}}}