{"openapi":"3.0.0","info":{"title":"Myriaverse Accounts API","description":"Open API specification for MyriaNet User Authentication API.","version":"0.1.0"},"servers":[{"url":"https://myriaverse-api-accounts-dev-1002426819.us-east-1.elb.amazonaws.com/v1","description":"Dev API Endpoint"},{"url":"https://myriaverse-api-accounts-staging-810778078.us-east-1.elb.amazonaws.com/v1","description":"Staging API Endpoint"}],"paths":{"/accounts/login":{"post":{"summary":"Login an user with username and password","description":"Endpoint to login an user","requestBody":{"description":"Login credentials request body","content":{"application/json":{"schema":{"required":["login","password"],"type":"object","properties":{"login":{"type":"string","description":"username or email used to login","example":"quanhoang or quan.hoang@myria.com"},"password":{"type":"string"}}}}},"required":true},"responses":{"200":{"description":"User successfully authenticated. Return user data and cookies","content":{"application/json":{"schema":{"$ref":"#/components/schemas/user"}}}},"400":{"description":"Bad Request"},"404":{"description":"User Not Found"},"401":{"description":"Unauthorized. Login or Password is incorrect"},"403":{"description":"Request Forbbiden"},"500":{"description":"Internal Server Error"}}}},"/accounts/login/wallet":{"post":{"summary":"Authenticate an user with walletId","description":"Endpoint to authenticate user walletId","requestBody":{"description":"Login credentials request body","content":{"application/json":{"schema":{"required":["message","signature","wallet_id"],"type":"object","properties":{"wallet_id":{"type":"string","description":"walletId used to to login","example":"1FfmbHfnpaZjKFvyi1okTjJJusN455paPH"},"message":{"type":"string","description":"original message","example":"test message"},"signature":{"type":"string","description":"signature signed by wallet_id and the original message"}}}}},"required":true},"responses":{"200":{"description":"User successfully authenticated and get back a user data object","content":{"application/json":{"schema":{"$ref":"#/components/schemas/user"}}}},"400":{"description":"Bad Request"},"401":{"description":"Unauthorized"},"403":{"description":"Request Forbbiden"},"500":{"description":"Server Error"},"301":{"description":"Redirect when user have pending account creation after purchasing node"}}}},"/accounts/logout":{"post":{"summary":"Logout an user from a session","description":"Endpoint to logout user","requestBody":{"description":"Logout request body","content":{"application/json":{"schema":{"required":["user_id"],"type":"object","properties":{"user_id":{"type":"string","example":"61f960f5-db64-4f53-8903-31ecc45a00f1"},"session_id":{"type":"string","example":"61f960f5-db64-4f53-8903-31ecc45a00f1"}}}}},"required":true},"responses":{"204":{"description":"Logout success"},"400":{"description":"Bad Request"},"404":{"description":"Session Not Found"},"401":{"description":"Unauthorized"},"403":{"description":"Request Forbbiden"},"500":{"description":"Server Error"}}}},"/accounts/register":{"post":{"summary":"Register a new user.","description":"Endpoint to register an user","requestBody":{"description":"Registration request body","content":{"application/json":{"schema":{"required":["email","firstname","lastname","password","username"],"type":"object","properties":{"first_name":{"type":"string"},"last_name":{"type":"string"},"username":{"type":"string"},"password":{"type":"string"},"email":{"type":"string"},"redirect_url":{"type":"string"}}}}},"required":true},"responses":{"200":{"description":"User successfully registered and get back a user data object","content":{"application/json":{"schema":{"$ref":"#/components/schemas/user"}}}},"400":{"description":"Bad Request"},"403":{"description":"Request Forbidden"},"500":{"description":"Internal Server Error"}}}},"/accounts/register/wallet":{"post":{"summary":"Register a new user using wallet id.","description":"Endpoint to register an user using wallet id","requestBody":{"description":"Registration request body","content":{"application/json":{"schema":{"required":["message","signature","wallet_id"],"type":"object","properties":{"wallet_id":{"type":"string","description":"walletId used to to register","example":"1FfmbHfnpaZjKFvyi1okTjJJusN455paPH"},"message":{"type":"string","description":"original message","example":"test message"},"signature":{"type":"string","description":"signature signed by wallet_id and the original message"}}}}},"required":true},"responses":{"200":{"description":"User successfully registered and get back a user data object","content":{"application/json":{"schema":{"$ref":"#/components/schemas/user"}}}},"400":{"description":"Bad Request"},"403":{"description":"Request Forbidden"},"500":{"description":"Internal Server Error"}}}},"/accounts/register/verification":{"get":{"summary":"Validate email activation link","description":"Endpoint to validate email activation link","parameters":[{"name":"token","in":"query","description":"Verify activation link to active user registration","required":false,"style":"form","explode":true,"allowReserved":true,"schema":{"type":"string"}},{"name":"redirect_url","in":"query","description":"Url to redirect user upon successful verification","required":false,"style":"form","explode":true,"allowReserved":true,"schema":{"type":"string"}}],"responses":{"301":{"description":"Validate registration successfully and redirect"},"200":{"description":"Validate registration successfully"},"400":{"description":"Bad Request"},"401":{"description":"Failed to validate activation link. Link expired"},"403":{"description":"Request Forbidden"},"500":{"description":"Server Error"}}},"post":{"summary":"Create register verification email","description":"Endpoint to create register verification email","requestBody":{"description":"create register verification email","content":{"application/json":{"schema":{"required":["email"],"type":"object","properties":{"email":{"type":"string"},"redirect_url":{"type":"string"}}}}},"required":true},"responses":{"200":{"description":"Create register verification email"},"400":{"description":"Bad Request"},"404":{"description":"User not existed"},"403":{"description":"Request Forbidden"},"500":{"description":"Server Error"}}}},"/accounts/password/reset":{"get":{"summary":"Validate password request","description":"Endpoint to create reset password request","parameters":[{"name":"token","in":"query","description":"Verify reset passwork link to allow user to change password","required":false,"style":"form","explode":true,"allowReserved":true,"schema":{"type":"string"}},{"name":"redirect_url","in":"query","description":"Url to redirect user upon successful verification","required":false,"style":"form","explode":true,"allowReserved":true,"schema":{"type":"string"}}],"responses":{"301":{"description":"Validate reset password request successfully and redirect"},"200":{"description":"Validate reset password request successfully without redirect"},"400":{"description":"Bad Request"},"401":{"description":"Failed to validate reset password link. Link expired"},"403":{"description":"Request Forbidden"},"500":{"description":"Server Error"}}},"post":{"summary":"Create reset password request","description":"Endpoint to create reset password request","requestBody":{"description":"create reset password request","content":{"application/json":{"schema":{"required":["email","redirect_url"],"type":"object","properties":{"email":{"type":"string"},"redirect_url":{"type":"string"}}}}},"required":true},"responses":{"200":{"description":"Create reset password email successfully"},"400":{"description":"Bad Request"},"404":{"description":"User not existed"},"403":{"description":"Request Forbidden"},"500":{"description":"Server Error"}}}},"/accounts/password":{"post":{"summary":"Change password request","description":"Endpoint to change password","requestBody":{"description":"change reset password request body","content":{"application/json":{"schema":{"required":["new_password"],"type":"object","properties":{"new_password":{"type":"string"},"redirect_url":{"type":"string"}}}}},"required":true},"responses":{"200":{"description":"Update reset password request successfully"},"301":{"description":"Redirect with redirect_url provided"},"400":{"description":"Bad Request"},"404":{"description":"User not existed"},"401":{"description":"Unauthorized"},"403":{"description":"Request Forbidden"},"500":{"description":"Server Error"}},"security":[{"bearerAuth":[]}]}}},"components":{"schemas":{"user":{"type":"object","properties":{"user_id":{"type":"string"},"first_name":{"type":"string"},"last_name":{"type":"string"},"username":{"type":"string"},"email":{"type":"string"},"wallet_id":{"type":"string"},"user_roles":{"type":"object"},"created_on":{"type":"string"},"updated_on":{"type":"string"},"last_activity":{"type":"string"}}}},"securitySchemes":{"bearerAuth":{"type":"http","scheme":"bearer","bearerFormat":"JWT"}}}}