{"openapi":"3.0.0","info":{"title":"Payments","description":"API for Payment Terminal","version":"v1"},"servers":[{"url":"https://virtserver.swaggerhub.com/MysteryShirt/payments/v1","description":"SwaggerHub API Auto Mocking"}],"paths":{"/wallet":{"get":{"description":"Get balance of wallet","responses":{"200":{"description":"OK"}}}},"/transactions":{"description":"funds moving through wallet","get":{"description":"Retrieve transactions moving through wallet","parameters":[{"name":"offset","in":"query","description":"The number of items to skip before starting to collect the result set.","required":false,"style":"form","explode":true,"schema":{"type":"integer"}},{"name":"limit","in":"query","description":"The numbers of items to return.","required":false,"style":"form","explode":true,"schema":{"type":"integer"}},{"name":"transactionID","in":"query","description":"Return the transactionID","required":false,"style":"form","explode":true,"schema":{"type":"integer"}},{"name":"amount","in":"query","description":"Return the amount of the transaction","required":false,"style":"form","explode":true,"schema":{"type":"string"}},{"name":"balanceAfter","in":"query","description":"Return the balance after that transaction","required":false,"style":"form","explode":true,"schema":{"type":"integer"}}],"responses":{"200":{"description":"OK"}}},"post":{"description":"Create a new payment transaction.","responses":{"200":{"description":"OK"}}}},"/transactions/{transactionId}":{"get":{"description":"Get payment operation details","parameters":[{"name":"transactionId","in":"path","required":true,"style":"simple","explode":false,"schema":{"type":"string"}}],"responses":{"200":{"description":"OK"}}}},"/transactions/{transactionId}/refunds":{"post":{"description":"Trigger refund operation on previous payment","parameters":[{"name":"transactionId","in":"path","required":true,"style":"simple","explode":false,"schema":{"type":"string"}}],"responses":{"200":{"description":"OK"},"500":{"description":"Server Error"}}}},"/addfundsmethods":{"get":{"description":"Get available methods for adding funds","responses":{"200":{"description":"OK"}}}},"/addfundsmethods/{methodId}":{"get":{"description":"Get adding funds method details","parameters":[{"name":"methodId","in":"path","required":true,"style":"simple","explode":false,"schema":{"type":"string"}}],"responses":{"200":{"description":"OK"}}},"post":{"description":"Trigger add fund on previous method","parameters":[{"name":"methodId","in":"path","required":true,"style":"simple","explode":false,"schema":{"type":"string"}}],"responses":{"200":{"description":"OK"},"500":{"description":"Server Error"}}}}}}