{"openapi":"3.0.0","info":{"title":"PARTENAIRE NAYAA API","description":"This is a sample Petstore server.  You can find\nout more about Swagger at\n[http://swagger.io](http://swagger.io) or on\n[irc.freenode.net, #swagger](http://swagger.io/irc/).\n","termsOfService":"http://binairetechnologies.com/","contact":{"email":"tukx9522@gmail.com"},"license":{"name":"Apache 2.0","url":"http://www.apache.org/licenses/LICENSE-2.0.html"},"version":"1.0"},"externalDocs":{"description":"Find out more about Swagger","url":"http://swagger.io"},"servers":[{"url":"https://virtserver.swaggerhub.com/NA993/Client_api_nayaa/1.0.0","description":"SwaggerHub API Auto Mocking"},{"url":"https://virtserver.swaggerhub.com/NA993/Client_NAYAA_API/1.0.0","description":"SwaggerHub API Auto Mocking"},{"url":"https://virtserver.swaggerhub.com/NA993/NAYAA/1.0.0","description":"SwaggerHub API Auto Mocking"},{"url":"https://nayaa.binairetechnologies.com/api"}],"tags":[{"name":"partenaires","description":"Opérations sur le partenaire","externalDocs":{"description":"Find out more about our store","url":"http://swagger.io"}},{"name":"metiers","description":"Everything about your Pets","externalDocs":{"description":"Find out more","url":"http://swagger.io"}},{"name":"pays","description":"Everything about your Pets","externalDocs":{"description":"Find out more","url":"http://swagger.io"}},{"name":"services","description":"Access to Petstore orders"},{"name":"demande","description":"Acces aux demandes"}],"paths":{"/partenaires/singup":{"post":{"tags":["partenaires"],"summary":"Création de partenaire NAYAA","description":"Ceci permet de créer un partenire de NAYAA.","operationId":"createPartenaire","requestBody":{"description":"Crée un objet User","content":{"application/json":{"schema":{"$ref":"#/components/schemas/User"}}},"required":true},"responses":{"default":{"description":"successful operation"}}}},"/partenaires/verificationtoken":{"post":{"tags":["partenaires"],"summary":"Confirmation du token recu par sms","operationId":"verifytokenUser","parameters":[{"name":"token","in":"query","description":"Le token recu par sms","required":true,"style":"form","explode":true,"schema":{"type":"string"}}],"responses":{"200":{"description":"utilisateur enregistré","headers":{"X-Rate-Limit":{"description":"calls per hour allowed by the user","style":"simple","explode":false,"schema":{"type":"integer","format":"int32"}},"X-Expires-After":{"description":"date in UTC when token expires","style":"simple","explode":false,"schema":{"type":"string","format":"date-time"}}},"content":{"application/json":{"schema":{"type":"string"}},"application/xml":{"schema":{"type":"string"}}}},"400":{"description":"Invalid username/password supplied"}}}},"/partenaires/login":{"post":{"tags":["partenaires"],"summary":"Connecter un partenaire dans le système","operationId":"loginUser","parameters":[{"name":"contact","in":"query","description":"Le contact du client pour le logger","required":true,"style":"form","explode":true,"schema":{"type":"string"}},{"name":"password","in":"query","description":"Le mot de passe du client en text clair","required":true,"style":"form","explode":true,"schema":{"type":"string"}}],"responses":{"200":{"description":"utilisateur enregistré","headers":{"X-Rate-Limit":{"description":"calls per hour allowed by the user","style":"simple","explode":false,"schema":{"type":"integer","format":"int32"}},"X-Expires-After":{"description":"date in UTC when token expires","style":"simple","explode":false,"schema":{"type":"string","format":"date-time"}}},"content":{"application/json":{"schema":{"type":"string"}},"application/xml":{"schema":{"type":"string"}}}},"400":{"description":"Invalid username/password supplied"}}}},"/partenaires/logout":{"get":{"tags":["partenaires"],"summary":"Déconnecte la session utilisateur actuellement connectée","operationId":"logoutClient","responses":{"default":{"description":"successful operation"}}}},"/partenaires/{id}":{"get":{"tags":["partenaires"],"summary":"Obtenir les informations du user par user id","operationId":"getUserById","parameters":[{"name":"id","in":"path","description":"L'identifiant qui doit être récupéré. Utilisez 1 pour les tests.","required":true,"style":"simple","explode":false,"schema":{"type":"integer"}}],"responses":{"200":{"description":"successful operation","content":{"application/json":{"schema":{"$ref":"#/components/schemas/User"}},"application/xml":{"schema":{"$ref":"#/components/schemas/User"}}}},"400":{"description":"Identifiant fourni non valide"},"404":{"description":"Utilisateur non trouvé"}}}},"/partenaires/metiers":{"get":{"tags":["metiers"],"summary":"Trouver tous les métiers du partenaire","description":"Trouver tous les métiers du partenaire","operationId":"findPartenairesMetiers","responses":{"200":{"description":"successful operation","content":{"application/json":{"schema":{"type":"array","items":{"$ref":"#/components/schemas/Metiers"}}},"application/xml":{"schema":{"type":"array","items":{"$ref":"#/components/schemas/Metiers"}}}}},"400":{"description":"Invalid status value"}},"security":[{"petstore_auth":["write:pets","read:pets"]}]}},"/partenaire/metiers":{"post":{"tags":["metiers"],"summary":"Associer les métiers et le partenaire","description":"Ceci permet de créer un utilisateur de NAYAA.","operationId":"addPartenairesMetiers","parameters":[{"name":"token","in":"header","required":false,"style":"simple","explode":false,"schema":{"type":"string"}}],"requestBody":{"description":"Crée un objet Demande","content":{"application/json":{"schema":{"$ref":"#/components/schemas/Metiers"}}},"required":true},"responses":{"default":{"description":"successful operation"}}}},"/metiers/{metierId}":{"get":{"tags":["metiers"],"summary":"Afficher le métier par metierId","description":"Retourne un métier","operationId":"getPetById","parameters":[{"name":"metierId","in":"path","description":"ID de métier à retourner","required":true,"style":"simple","explode":false,"schema":{"type":"integer","format":"int64"}}],"responses":{"200":{"description":"opération réussie","content":{"application/json":{"schema":{"$ref":"#/components/schemas/Metiers"}},"application/xml":{"schema":{"$ref":"#/components/schemas/Metiers"}}}},"400":{"description":"Invalid ID supplied"},"404":{"description":"Pet not found"}},"deprecated":false,"security":[{"api_key":[]}]}},"/services/{metierId}":{"get":{"tags":["services"],"summary":"Afficher les services selon le métier","description":"For valid response try integer IDs with value >= 1 and <= 10.\\ \\ Other values will generated exceptions","operationId":"getMetiersById","parameters":[{"name":"metierId","in":"path","description":"ID du métier qui doit être récupéré","required":true,"style":"simple","explode":false,"schema":{"maximum":1E+1,"minimum":1,"type":"integer","format":"int64"}}],"responses":{"200":{"description":"successful operation","content":{"application/json":{"schema":{"$ref":"#/components/schemas/Order"}},"application/xml":{"schema":{"$ref":"#/components/schemas/Order"}}}},"400":{"description":"Invalid ID supplied"},"404":{"description":"Order not found"}}}},"/pays":{"get":{"tags":["pays"],"summary":"Trouver tous les pays activés","description":"Trouver tous les pays ayant le statut activé","operationId":"findPays","responses":{"200":{"description":"successful operation","content":{"application/json":{"schema":{"type":"array","items":{"$ref":"#/components/schemas/Pays"}}},"application/xml":{"schema":{"type":"array","items":{"$ref":"#/components/schemas/Pays"}}}}},"400":{"description":"Invalid status value"}},"security":[{"petstore_auth":["write:pets","read:pets"]}]}},"/pays/{paysId}":{"get":{"tags":["pays"],"summary":"Afficher le pays par paysId","description":"Retourne un pays","operationId":"getPaysById","parameters":[{"name":"paysId","in":"path","description":"ID de pays à retourner","required":true,"style":"simple","explode":false,"schema":{"type":"integer","format":"int64"}}],"responses":{"200":{"description":"opération réussie","content":{"application/json":{"schema":{"$ref":"#/components/schemas/Pays"}},"application/xml":{"schema":{"$ref":"#/components/schemas/Pays"}}}},"400":{"description":"Invalid ID supplied"},"404":{"description":"Pet not found"}},"deprecated":false,"security":[{"api_key":[]}]}},"/partenaires/{serviceId}":{"get":{"tags":["partenaires"],"summary":"Afficher les partenaires en fonction du service","description":"Pour une réponse valide, essayez les ID entiers avec la valeur >= 1 et <= 10.\\\\ D'autre valeurs généreront des exceptions","operationId":"getPartenairesByServiceId","parameters":[{"name":"serviceId","in":"path","description":"ID de service qui doit être récupéré","required":true,"style":"simple","explode":false,"schema":{"maximum":1E+1,"minimum":1,"type":"integer","format":"int64"}}],"responses":{"200":{"description":"successful operation","content":{"application/json":{"schema":{"$ref":"#/components/schemas/Order"}},"application/xml":{"schema":{"$ref":"#/components/schemas/Order"}}}},"400":{"description":"Invalid ID supplied"},"404":{"description":"Partenaire non trouvé"}}}},"/partenaire/{partenaireId}":{"get":{"tags":["partenaires"],"summary":"Rechercher un partenaire par ID","description":"Pour une réponse valide, essayez les ID entiers avec la valeur >= 1 et <= 10.\\\\ D'autre valeurs généreront des exceptions","operationId":"getPartenaireById","parameters":[{"name":"partenaireId","in":"path","description":"ID du partenaire à récupérer","required":true,"style":"simple","explode":false,"schema":{"maximum":1E+1,"minimum":1,"type":"integer","format":"int64"}}],"responses":{"200":{"description":"successful operation","content":{"application/json":{"schema":{"$ref":"#/components/schemas/User"}},"application/xml":{"schema":{"$ref":"#/components/schemas/User"}}}},"400":{"description":"Invalid ID supplied"},"404":{"description":"Order not found"}}}},"/partenaire/note":{"post":{"tags":["partenaires"],"summary":"Donner une note au partenaire","description":"Ceci permet de créer un utilisateur de NAYAA.","operationId":"addClientNotePartenaire","parameters":[{"name":"token","in":"header","required":false,"style":"simple","explode":false,"schema":{"type":"string"}}],"requestBody":{"description":"Crée un objet User","content":{"application/json":{"schema":{"$ref":"#/components/schemas/User"}}},"required":true},"responses":{"default":{"description":"successful operation"}}}},"/partenaire/tags":{"post":{"tags":["partenaires"],"summary":"Donner des tags au partenaire","description":"Ceci permet d'attribuer des tags au partenaire.","operationId":"addTagsPartenaire","parameters":[{"name":"token","in":"header","required":false,"style":"simple","explode":false,"schema":{"type":"string"}}],"requestBody":{"description":"Crée un objet User","content":{"application/json":{"schema":{"$ref":"#/components/schemas/User"}}},"required":true},"responses":{"default":{"description":"successful operation"}}}},"/demande":{"post":{"tags":["demande"],"summary":"Création de demande","description":"Ceci permet de créer un utilisateur de NAYAA.","operationId":"createDemande","parameters":[{"name":"token","in":"header","required":false,"style":"simple","explode":false,"schema":{"type":"string"}}],"requestBody":{"description":"Crée un objet Demande","content":{"application/json":{"schema":{"$ref":"#/components/schemas/Demande"}}},"required":true},"responses":{"default":{"description":"successful operation"}}}},"/demande/description{demande_id}":{"put":{"tags":["demande"],"summary":"MAJ demande en ajoutant la description","description":"This can only be done by the logged in user.","operationId":"updateUser","parameters":[{"name":"demande_id","in":"path","description":"name that need to be updated","required":true,"style":"simple","explode":false,"schema":{"type":"string"}},{"name":"token","in":"header","required":false,"style":"simple","explode":false,"schema":{"type":"string"}}],"requestBody":{"description":"Updated user object","content":{"application/x-www-form-urlencoded":{"schema":{"type":"object","properties":{"description":{"type":"string","description":"Updated name of the pet"}}}}},"required":true},"responses":{"400":{"description":"Invalid user supplied"},"404":{"description":"User not found"}}}},"/demande/image":{"post":{"tags":["demande"],"summary":"Ajouter d'image à la demande","description":"Ceci permet de créer un utilisateur de NAYAA.","operationId":"createimagedemande","parameters":[{"name":"token","in":"header","required":false,"style":"simple","explode":false,"schema":{"type":"string"}}],"requestBody":{"description":"Crée un objet User","content":{"application/octet-stream":{"schema":{"type":"string","format":"binary"}}},"required":true},"responses":{"default":{"description":"successful operation"}}}},"/demande/partenaire":{"post":{"tags":["demande"],"summary":"Associer un partenaire à la demande","description":"Ceci permet de créer un utilisateur de NAYAA.","operationId":"addpartenairedemande","parameters":[{"name":"token","in":"header","required":false,"style":"simple","explode":false,"schema":{"type":"string"}}],"requestBody":{"description":"Crée un objet User","content":{"application/json":{"schema":{"$ref":"#/components/schemas/User"}}},"required":true},"responses":{"default":{"description":"successful operation"}}}},"/demande/me/{userId}":{"get":{"tags":["demande"],"summary":"Afficher toutes les demandes du client","description":"Pour une réponse valide, essayez les ID entiers avec la valeur >= 1 et <= 10.\\\\ D'autre valeurs généreront des exceptions","operationId":"getAllDemandesByUserId","parameters":[{"name":"userId","in":"path","description":"ID du client qui doit être récupéré","required":true,"style":"simple","explode":false,"schema":{"maximum":1E+1,"minimum":1,"type":"integer","format":"int64"}},{"name":"token","in":"header","required":false,"style":"simple","explode":false,"schema":{"type":"string"}}],"responses":{"200":{"description":"successful operation","content":{"application/json":{"schema":{"$ref":"#/components/schemas/Demande"}},"application/xml":{"schema":{"$ref":"#/components/schemas/Demande"}}}},"400":{"description":"Invalid ID supplied"},"404":{"description":"Order not found"}}}},"/demande/{demandeId}":{"get":{"tags":["demande"],"summary":"Afficher les détails de la demande","description":"Pour une réponse valide, essayez les ID entiers avec la valeur >= 1 et <= 10.\\\\ D'autre valeurs généreront des exceptions","operationId":"getDemandeByDemandeId","parameters":[{"name":"demandeId","in":"path","description":"ID de la demande quiu doit être récupéré","required":true,"style":"simple","explode":false,"schema":{"maximum":1E+1,"minimum":1,"type":"integer","format":"int64"}},{"name":"token","in":"header","required":false,"style":"simple","explode":false,"schema":{"type":"string"}}],"responses":{"200":{"description":"successful operation","content":{"application/json":{"schema":{"$ref":"#/components/schemas/Demande"}},"application/xml":{"schema":{"$ref":"#/components/schemas/Demande"}}}},"400":{"description":"Invalid ID supplied"},"404":{"description":"Order not found"}}}}},"components":{"schemas":{"Pays":{"type":"object","properties":{"id":{"type":"integer","format":"int64"},"nom":{"type":"string"},"phonecode":{"type":"string"},"countrycode":{"type":"string"},"src":{"type":"string"},"statut":{"type":"boolean","default":false}},"xml":{"name":"Pays"}},"Order":{"type":"object","properties":{"id":{"type":"integer","format":"int64"},"petId":{"type":"integer","format":"int64"},"quantity":{"type":"integer","format":"int32"},"shipDate":{"type":"string","format":"date-time"},"status":{"type":"string","description":"Order Status","enum":["placed","approved","delivered"]},"complete":{"type":"boolean","default":false}},"xml":{"name":"Order"}},"User":{"type":"object","properties":{"id":{"type":"integer","format":"int64"},"name":{"type":"string"},"contact":{"type":"string"},"email":{"type":"string"},"password":{"type":"string"},"adresse":{"type":"string"},"sexe":{"type":"integer","description":"Le sexe 1 pour masculin 2 pour feminin","format":"int32"},"typepartenaire":{"type":"string"},"nom":{"type":"string"},"rccm":{"type":"string"},"imposition":{"type":"string"},"representant":{"type":"string"},"typeverification":{"type":"integer"},"experience":{"type":"string"}},"xml":{"name":"User"}},"Demande":{"type":"object","properties":{"id":{"type":"integer","format":"int64"},"service_id":{"type":"integer"},"user_id":{"type":"integer"},"typeintervention_id":{"type":"integer"},"longitude":{"type":"string"},"latitude":{"type":"string"},"adresse":{"type":"string"}},"xml":{"name":"Tag"}},"Metiers":{"required":["name","photoUrls"],"type":"object","properties":{"id":{"type":"integer","format":"int64"},"libelle":{"type":"string","example":"plomberie"},"imgurl":{"type":"string"},"status":{"type":"boolean","description":"pet status in the store","enum":[true,false]}},"xml":{"name":"Metiers"}}},"requestBodies":{"Pet":{"description":"Pet object that needs to be added to the store","content":{"application/json":{"schema":{"$ref":"#/components/schemas/Metiers"}},"application/xml":{"schema":{"$ref":"#/components/schemas/Metiers"}}},"required":true},"UserArray":{"description":"List of user object","content":{"application/json":{"schema":{"type":"array","items":{"$ref":"#/components/schemas/User"}}}},"required":true}},"securitySchemes":{"petstore_auth":{"type":"oauth2","flows":{"implicit":{"authorizationUrl":"http://petstore.swagger.io/oauth/dialog","scopes":{"write:pets":"modify pets in your account","read:pets":"read your pets"}}}},"api_key":{"type":"apiKey","name":"api_key","in":"header"}}}}