{"openapi":"3.0.0","info":{"title":"Kafka Producer API","description":"Kafka Producer API","contact":{"email":"you@your-company.com"},"license":{"name":"Apache 2.0","url":"http://www.apache.org/licenses/LICENSE-2.0.html"},"version":"1.0.0"},"servers":[{"url":"https://virtserver.swaggerhub.com/Nacelle-Nexus/kafka-producer-api/1.0.0","description":"SwaggerHub API Auto Mocking"}],"tags":[{"name":"admins","description":"Secured Admin-only calls"},{"name":"developers","description":"Operations available to regular developers"}],"paths":{"/producer-api/topic/{topicName}/messages/{messageId}/create":{"post":{"tags":["Producer API"],"summary":"Save content to table","operationId":"addContent","parameters":[{"name":"topicName","in":"path","description":"Topic Name","required":true,"style":"simple","explode":false,"schema":{"type":"string"}},{"name":"messageId","in":"path","description":"ID for the message","required":true,"style":"simple","explode":false,"schema":{"type":"number"}}],"responses":{"405":{"description":"Invalid input"}}}}}}