{"openapi":"3.0.0","info":{"title":"NfTouch member API for 3rd party vendors","version":"1.0.0"},"servers":[{"url":"https://virtserver.swaggerhub.com/Nan-Fung/member/1.0.0","description":"SwaggerHub API Auto Mocking"}],"paths":{"/member/{member-id}":{"get":{"tags":["member"],"parameters":[{"name":"member-id","in":"path","description":"Pass a member number for looking up his/her profile","required":true,"style":"simple","explode":false,"schema":{"type":"string"}},{"name":"X-Auth-Token","in":"header","description":"A pre-shared key (PSK) between GT and 3rd party vendors","required":true,"style":"simple","explode":false,"schema":{"type":"string"}}],"responses":{"200":{"description":"Success","content":{"application/json":{"schema":{"$ref":"#/components/schemas/Member"}}}},"400":{"description":"bad input parameter"}}}}},"components":{"schemas":{"Member":{"type":"object","properties":{"first_name__c":{"type":"string"},"last_name__c":{"type":"string"},"full_chinese_name__c":{"type":"string"},"email_address__c":{"type":"string"},"mobile_region_code__c":{"type":"string"},"mobile__c":{"type":"string"},"opt_in__c":{"type":"boolean"},"area__c":{"type":"string"},"district__c":{"type":"string"},"estate__c":{"type":"string"},"tower__c":{"type":"string"},"floor__c":{"type":"integer"},"flat__c":{"type":"string"},"corresponding_address__c":{"type":"string"},"gender__c":{"type":"string","enum":["M","F","Non-disclosure"]},"salutation__c":{"type":"string"},"age_range__c":{"type":"string"},"month_of_birth__c":{"type":"string"},"day_of_birth__c":{"type":"string"},"marital_status__c":{"type":"string"},"occupation__c":{"type":"string"},"corresponding_flat__c":{"type":"string"},"corresponding_floor__c":{"type":"integer"},"corresponding_tower__c":{"type":"string"},"corresponding_estate__c":{"type":"string"},"corresponding_street_street_no__c":{"type":"string"},"corresponding_district__c":{"type":"string"},"interest__c":{"type":"string"},"do_you_have_children_under_18__c":{"type":"boolean"},"do_you_drive__c":{"type":"boolean"},"do_you_working_at_airside__c":{"type":"boolean"},"membership_number__c":{"type":"string"},"membership_type__c":{"type":"string"},"member_status__c":{"type":"string"},"monthly_household_income__c":{"type":"string","enum":["xx,xxx - yy,yyy"]},"credit_card_autopay_registration__c":{"type":"boolean"}}}}}}