{"openapi":"3.0.0","info":{"title":"Delivery Manager API","description":"Delivery Manager API","termsOfService":"https://www.broadridge.com/legal/terms-of-use","contact":{"email":"ankush.chugh@broadridge.com"},"version":"2.0.0"},"externalDocs":{"description":"Find out more about Broadridge","url":"http://broadridge.com"},"servers":[{"url":"https://virtserver.swaggerhub.com/Narendhra.Singh/DeliveryManagerAPI/2.0.0","description":"SwaggerHub API Auto Mocking"},{"url":"https://virtserver.swaggerhub.com/BRDigitalCOE/Delivery-Manager-2.0-HIG/2.0.0","description":"SwaggerHub API Auto Mocking"}],"tags":[{"name":"Brand","description":"__To Retrive Brand (Client) information including Email/Micosite tempate placeholders__\n"},{"name":"Document Delivery","description":"__Real-Time Deliver Document API__\n"},{"name":"Stop Document Delivery","description":"__Stop a reminder communication API__"}],"paths":{"/brands/{brandId}":{"get":{"tags":["Brand"],"summary":"Fetch brand information by brand unique identifer","description":"","operationId":"getBrand","parameters":[{"name":"brandId","in":"path","description":"HIG's Unique Identifier - HIG","required":true,"style":"simple","explode":false,"schema":{"type":"string"}},{"name":"filter","in":"query","description":"Filter the brand's info by content type (form id) and fields list.","required":false,"style":"form","explode":true,"schema":{"type":"object","properties":{"filterQuery":{"type":"string","description":"This is the primary query where we can filter the contentType to only return the data for the specified form or contentType name.","example":"contentType.WC02040"},"fieldList":{"type":"string","description":"This filter works on the contentType list giving only the fields that are mentioned here in the GET call output.","example":"dataMapping,name,desc"},"additionalFilter":{"type":"string","description":"This filter works in a way that within the datamapping and commondata, but is applicable only when we have the fieldList filter active too.","example":"fieldName,fieldDisplayName"}},"additionalProperties":false}}],"responses":{"200":{"description":"successful operation","content":{"application/json":{"schema":{"$ref":"#/components/schemas/RetrieveBrandInfo"},"examples":{"HIG":{"value":{"brandId":"HIG","brandName":"HARTFORD","brandAttribute":{"commonDataMapping":{"rows":[{"fieldName":"additionalAttributes.commonData.AdjusterCity","fieldDisplayName":"Adjuster's City (Primary Address)"},{"fieldName":"additionalAttributes.commonData.AdjusterDayPhone","fieldDisplayName":"Adjuster's Day Phone"},{"fieldName":"additionalAttributes.commonData.AdjusterDepartment","fieldDisplayName":"Adjuster's Primary Office Name"},{"fieldName":"additionalAttributes.commonData.AdjusterDirectNumber","fieldDisplayName":"Adjuster's Direct Phone Number"},{"fieldName":"additionalAttributes.commonData.AdjusterEmail","fieldDisplayName":"Adjuster's Email"},{"fieldName":"additionalAttributes.commonData.AdjusterEmployeeType","fieldDisplayName":"Employee Type"},{"fieldName":"additionalAttributes.commonData.AdjusterFax","fieldDisplayName":"Adjuster's Fax"},{"fieldName":"additionalAttributes.commonData.AdjusterFormalName","fieldDisplayName":"Adjuster's Fullname"},{"fieldName":"additionalAttributes.commonData.AdjusterState","fieldDisplayName":"Adjuster's State (Primary Address)"},{"fieldName":"additionalAttributes.commonData.AdjusterStreet","fieldDisplayName":"Adjuster's Street Address (Primary Address)"},{"fieldName":"additionalAttributes.commonData.AdjusterZip","fieldDisplayName":"Adjuster's Zip (Primary Address)"},{"fieldName":"additionalAttributes.commonData.ClaimCategory","fieldDisplayName":"Claim Category"},{"fieldName":"additionalAttributes.commonData.ClaimDateofLoss","fieldDisplayName":"Loss Date"},{"fieldName":"additionalAttributes.commonData.ClaimNumber","fieldDisplayName":"Claim Event Number"},{"fieldName":"additionalAttributes.commonData.ClaimRegState","fieldDisplayName":"Indicate Benefit State Code"},{"fieldName":"additionalAttributes.commonData.ClaimSegment","fieldDisplayName":"Indicate Claim Segmentation"},{"fieldName":"additionalAttributes.commonData.CurrentDate","fieldDisplayName":"Current Date"},{"fieldName":"additionalAttributes.commonData.RecipientType","fieldDisplayName":"Recipient's Type"},{"fieldName":"additionalAttributes.commonData.RecipientAddress1","fieldDisplayName":"Recipient's Address"},{"fieldName":"additionalAttributes.commonData.RecipientCity","fieldDisplayName":"Recipient's City"},{"fieldName":"additionalAttributes.commonData.RecipientName","fieldDisplayName":"Recipient's Full Name"},{"fieldName":"additionalAttributes.commonData.RecipientState","fieldDisplayName":"Recipient's State"},{"fieldName":"additionalAttributes.commonData.RecipientZip","fieldDisplayName":"Recipient's Zipcode"},{"fieldName":"additionalAttributes.commonData.WritingCompanyName","fieldDisplayName":"Writing Company Name"}]},"contentType":[{"desc":"Claim Acknowledgement Letter","name":"WC02000","formType":["Info only","Conversational"],"documentType":"Communication Misc","documentCategory":"Communication","dataMapping":{"rows":[{"fieldName":"additionalAttributes.forms.WC02000.variables.CLAIMANTEMPLOYERNAME","fieldDisplayName":"Employer Fullname"},{"fieldName":"additionalAttributes.forms.WC02000.variables.CLAIMANTFORMALNAME","fieldDisplayName":"Claimant Fullname"},{"fieldName":"additionalAttributes.forms.WC02000.formId","fieldDisplayName":"Unique ID for the Form"},{"fieldName":"additionalAttributes.forms.WC02000.FormName","fieldDisplayName":"Name of the Form"}]}}]},"additionalAttributes":{"sourceSystemBrandId":"HIG","sourceSystemId":"HARTFORD"},"status":"Active"}}}}}},"400":{"$ref":"#/components/schemas/BadRequest"},"401":{"$ref":"#/components/schemas/Unauthorized"},"403":{"$ref":"#/components/schemas/Forbidden"},"404":{"$ref":"#/components/schemas/NotFound"},"500":{"$ref":"#/components/schemas/InternalServerError"},"503":{"$ref":"#/components/schemas/ServiceUnavailable"}}}},"/document/delivery":{"post":{"tags":["Document Delivery"],"summary":"Delivers a real time document (email,sms, etc)","description":"","operationId":"deliverDocument","requestBody":{"$ref":"#/components/requestBodies/RTEDeliverDocument"},"responses":{"200":{"description":"successful operation","content":{"application/json":{"schema":{"$ref":"#/components/schemas/RTEResponse"}}}},"400":{"description":"400 response","content":{"application/json":{"schema":{"$ref":"#/components/schemas/BadRequest"}}}},"401":{"description":"401 response","content":{"application/json":{"schema":{"$ref":"#/components/schemas/Unauthorized"}}}},"403":{"description":"403 response","content":{"application/json":{"schema":{"$ref":"#/components/schemas/Forbidden"}}}},"500":{"description":"500 response","content":{"application/json":{"schema":{"$ref":"#/components/schemas/InternalServerError"}}}},"503":{"description":"503 response","content":{"application/json":{"schema":{"$ref":"#/components/schemas/ServiceUnavailable"}}}}}}},"/document/release":{"post":{"tags":["Document Release"],"summary":"Releases the onhold transaction or batch as required. (email,sms, etc)","description":"","operationId":"releaseDocument","requestBody":{"$ref":"#/components/requestBodies/RTEReleaseDocument"},"responses":{"200":{"description":"successful operation","content":{"application/json":{"schema":{"$ref":"#/components/schemas/ReleaseDocumentResponse"}}}},"400":{"description":"400 response","content":{"application/json":{"schema":{"$ref":"#/components/schemas/BadRequest"}}}},"401":{"description":"401 response","content":{"application/json":{"schema":{"$ref":"#/components/schemas/Unauthorized"}}}},"403":{"description":"403 response","content":{"application/json":{"schema":{"$ref":"#/components/schemas/Forbidden"}}}},"500":{"description":"500 response","content":{"application/json":{"schema":{"$ref":"#/components/schemas/InternalServerError"}}}},"503":{"description":"503 response","content":{"application/json":{"schema":{"$ref":"#/components/schemas/ServiceUnavailable"}}}}}}},"/document/OnHold":{"post":{"tags":["OnHold"],"summary":"OnHold functionality between OT and Inform response","description":"","requestBody":{"$ref":"#/components/requestBodies/OnHoldDocumentAccepted"},"responses":{"200":{"description":"successful operation for Accepted","content":{"application/json":{"schema":{"$ref":"#/components/schemas/OnHoldDocumentResponseForAccepted"}}}}}}},"/document/stop-delivery":{"post":{"tags":["Stop Document Delivery"],"summary":"Stop a reminder communication","description":"","operationId":"stopDeliverDocument","requestBody":{"$ref":"#/components/requestBodies/StopRTEDeliverDocument"},"responses":{"200":{"description":"successful operation","content":{"application/json":{"schema":{"$ref":"#/components/schemas/RTEResponse"}}}},"400":{"description":"400 response","content":{"application/json":{"schema":{"$ref":"#/components/schemas/BadRequest"}}}},"401":{"description":"401 response","content":{"application/json":{"schema":{"$ref":"#/components/schemas/Unauthorized"}}}},"403":{"description":"403 response","content":{"application/json":{"schema":{"$ref":"#/components/schemas/Forbidden"}}}},"500":{"description":"500 response","content":{"application/json":{"schema":{"$ref":"#/components/schemas/InternalServerError"}}}},"503":{"description":"503 response","content":{"application/json":{"schema":{"$ref":"#/components/schemas/ServiceUnavailable"}}}}}}},"/status/inform":{"post":{"tags":["Status Update for Inform"],"summary":"Post a Status","requestBody":{"content":{"application/json":{"schema":{"$ref":"#/components/schemas/InformStatus"}},"application/x-www-form-urlencoded":{"schema":{"type":"object","properties":{"payload":{"$ref":"#/components/schemas/InformStatus"}}},"encoding":{"payload":{"contentType":"application/json","style":"form"}}}}},"responses":{"200":{"description":"OK"}}}},"/status/opentext":{"post":{"tags":["Status Update for Opentext"],"summary":"Post a Status","requestBody":{"content":{"application/json":{"schema":{"$ref":"#/components/schemas/OpentextStatus"}},"application/x-www-form-urlencoded":{"schema":{"type":"object","properties":{"payload":{"$ref":"#/components/schemas/OpentextStatus"}}},"encoding":{"payload":{"contentType":"application/json","style":"form"}}}}},"responses":{"200":{"description":"OK"}}}}},"components":{"schemas":{"InformStatus":{"title":"Status","required":["transactionId"],"type":"object","properties":{"transactionId":{"type":"string","example":"8384-837464-a38470-3948"},"formId":{"type":"string","example":"Claim Acknowledgement Letter"},"status":{"type":"string","example":"Completed"},"timestamp":{"type":"string","example":"2021-12-15T10:00:00"},"recipientId":{"type":"string","example":"12345"},"informId":{"type":"string","example":"12345"},"source":{"type":"string","example":"inform"},"toDoURL":{"type":"string","description":"Status text","example":"https://urldefense.com/v3/__http://www.google.com__;!!Ebr-cpPeAnfNniQ8HSAI-g_K5b7VKg!cK4ZoFrU1Ld5ueeiYvqkzYAxNTEATOlCD_86k-FVxk1Xm1sTSar4jb1DXh_6xyi70sBzVfdTEe09$"}}},"OpentextStatus":{"title":"Status","required":["transactionId"],"type":"object","properties":{"transactionId":{"type":"string","example":"8384-837464-a38470-3948"},"formId":{"type":"string","example":"WC02000"},"status":{"type":"string","example":"Completed"},"timestamp":{"type":"string","example":"2021-12-15T10:00:00"},"recipientId":{"type":"string","example":"12345"},"source":{"type":"string","example":"opentext"},"toDoURL":{"type":"string","description":"Status text","example":"https://urldefense.com/v3/__http://www.google.com__;!!Ebr-cpPeAnfNniQ8HSAI-g_K5b7VKg!cK4ZoFrU1Ld5ueeiYvqkzYAxNTEATOlCD_86k-FVxk1Xm1sTSar4jb1DXh_6xyi70sBzVfdTEe09$"}}},"CCAddresses":{"type":"object","properties":{"email":{"type":"array","example":["first.last@domain.com","ron.lee@broadridge.com"],"items":{"type":"string"}}},"xml":{"name":"CCAddresses"}},"FromEmail":{"required":["email","name"],"type":"object","properties":{"email":{"type":"string","description":"email addresses","example":"first.last@domain.com"},"name":{"type":"string","description":"email alias(friendly) name","example":"John Lee"}},"xml":{"name":"FromEmail"}},"ReplyToEmail":{"required":["email"],"type":"object","properties":{"email":{"type":"string","description":"email addresses","example":"first.last@domain.com"},"name":{"type":"string","description":"email alias(friendly) name","example":"John Lee"}},"xml":{"name":"ReplyToEmail"}},"EmailOptions":{"required":["email"],"type":"object","properties":{"openTracking":{"type":"boolean","description":"option to set if you want to track when and whether the delivered email has been opened by the email recipient.","example":true},"clickTracking":{"type":"boolean","description":"option to set if you want to track when and whether the attached links in the delivered email has been clicked by the email recipient.","example":true},"retryPeriod":{"type":"string","description":"if the delivery fails, how often to retry the delivery attempt.","example":"2days"}},"xml":{"name":"EmailOptions"}},"stopRTEDeliverDocument":{"type":"object","properties":{"brandId":{"maxLength":128,"type":"string","description":"IPM Unique id to identify the brand (client). Required field if sourceSystemId and sourceSystemBrandId is not specified. Specifying the brandId is the preferred choice.","example":"HXT"},"sourceSystemId":{"maxLength":128,"type":"string","description":"Source system Id. Its unique id to group the clients. Required field if brandId is not specified","example":"HEXTONE"},"sourceSystemBrandId":{"type":"string","description":"Identifies an organization which provides Content for its Consumers.This is required field if brandId is not specified.","example":"HEXTONE"},"sourceUniqueId":{"maxLength":128,"type":"string","description":"Unique id for an email/document. This is to uniquely identity the email delivered through Real-Time email process.","example":"HEXTONE-UNIQUE-ID"},"communicationId":{"maxLength":128,"type":"string","description":"Unique id for an email/document. This is to uniquely identity the email delivered through Real-Time email process.","example":"HIG-COMM-ID"},"transactionId":{"maxLength":128,"type":"string","description":"Unique id for an email/document. This is to uniquely identity the email delivered through Real-Time email process.","example":"HIG-COMM-ID"},"batchId":{"maxLength":128,"type":"string","description":"Unique id for an email/document. This is to uniquely identity the email delivered through Real-Time email process.","example":"HIG-BATCH-ID"}},"anyOf":[{"required":["batchId","communicationId","sourceUniqueId","transactionId"]}],"oneOf":[{"required":["brandId"]}]},"RTEDeliverDocument":{"required":["brandId","contentType"],"type":"object","properties":{"brandId":{"type":"string","description":"IPM Unique id to identify the brand (client). Required field if sourceSystemId and sourceSystemBrandId is not specified. Specifying the brandId is the preferred choice.","example":"HIG"},"accountNumber":{"type":"string","description":"Unique id for an user","example":"APP-4861"},"releaseType":{"type":"string","description":"to deliver the transaction automatically or through release API -  default is Auto","example":"Manual/Auto"},"contentType":{"type":"string","description":"This is for document types such as Banking Statement, Loan Statements , Trust Performance Statements, Trust Accounting Personal Statements, Trust Accounting Corporate Statements, Banking Tax forms, Loan Tax Forms, etc. It can have multiple as comma-seperated.","example":"Ack Form, Wage Statement"},"preference":{"required":["deliveryChannel","deliveryMethod"],"type":"object","properties":{"recipientId":{"type":"string","description":"Recipient's Unique Id","example":"Recipient Id"},"deliveryMethod":{"type":"string","description":"consumer's document delivery method such as EMAIL or FAX or PRINT or SMS","example":"PRINT","enum":["EMAIL","PRINT","FAX","SMS"]},"deliveryChannel":{"type":"object","description":"channel where the document is delivered. email id or fax number or mobile number or print delivery address"},"emailCCAddresses":{"allOf":[{"$ref":"#/components/schemas/CCAddresses"},{"description":"List of CC Email addresses in array format"}]},"emailBCCAddresses":{"allOf":[{"$ref":"#/components/schemas/CCAddresses"},{"description":"List of BCC Email addresses in array format"}]}},"description":"Delivery preference (method and channel) describing how and where to deliver the document.","example":{"recipientId":"cc9sit2:3470173","recipientType":"claimant or attorney or insured, etc","recipientFirstName":"Gary","recipientLastName":"Blanck","mwccLinkedUserIndicator":"Yes/No","mwccPortalLink":"https://urldefense.com/v3/__https://mwcc-portal.com/link__;!!Ebr-cpPeAnfNniQ8HSAI-g_K5b7VKg!cK4ZoFrU1Ld5ueeiYvqkzYAxNTEATOlCD_86k-FVxk1Xm1sTSar4jb1DXh_6xyi70sBzVdk8pJPk$ ","deliveryMethod":"PRINT","deliveryChannel":"{ \"structuredAddress\": { \"name\": \"string\", \"addressLine1\": \"string\", \"addressLine2\": \"string\", \"city\": \"string\", \"state\": \"string\", \"zip\": \"string\", \"country\": \"string\" } }","cc":[{"deliveryMethod":"PRINT","recipientId":"cc9sit2:3470173","deliveryChannel":"{ \"structuredAddress\": { \"name\": \"string\", \"addressLine1\": \"string\", \"addressLine2\": \"string\", \"city\": \"string\", \"state\": \"string\", \"zip\": \"string\", \"country\": \"string\" } }"}]}},"additionalAttributes":{"type":"object","additionalProperties":{"type":"string"},"description":"Its an open key-pair section. client can store any additional information about the consumer.","example":{"commonData":{"AdjusterCity":"","AdjusterDayPhone":"","AdjusterDepartment":"","AdjusterEmail":"","AdjusterEmployeeType":"","AdjusterDirectPhoneNumber":"","AdjusterFax":"","AdjusterFormalName":"","AdjusterInitials":"","AdjusterLocationName":"","AdjusterState":"","AdjusterStreet":"","AdjusterSupervisor":"","AdjusterZip":"","CCEmail":"","CCFax":"","CCUSMail":"","ClaimDateofLoss":"","ClaimLossLocation":"","ClaimCategory":"","ClaimSegment":"","ClaimNumber":"","CountryCode":"","CurrentDate":"","CurrentTime":"","DocumentName":"","HIGJobName":"","HIGOfficeLocation":"","IncludeBRE":"","InsuredCity":"","InsuredCounty":"","InsuredDayPhone":"","InsuredFormalName":"","InsuredNightPhone":"","InsuredState":"","InsuredStreet":"","InsuredsDriverLicense":"","InsuredZip":"","LOB":"","LossCity":"","LossCounty":"","LossLocationZip":"","LossState":"","PolicyEffectiveDate":"","PolicyExpirationDate":"","PolicyNumber":"","ProductCode":"","Recipient":"","RecipientAddress1":"","RecipientCity":"","RecipientName":"","RecipientState":"","RecipientCountry":"","RecipientZip":"","SpecialHandling":"","TimeofLoss":"","ToEmail":"","ToFax":"","ToUSMail":"","WritingCompanyName":"","SelectedStateContent":"","ClaimLossDescription":"","SelectedStateFullName":"","AdjusterAddress":"","AdjusterAddressline1":"","AdjusterAddressline2":"","ClaimCompany":"","ClaimDateClosed":"","ClaimJurisClmNo":"","ClaimRegState":"","EmployerFEIN":"","LossStreet":"","PolicyActInsuranceCarrier":"","PolicyNAICS":"","ProducerFullName":"","SenderFax":"","SupervisorEmail":"","SupervisorFirstName":"","SupervisorLastName":"","SupervisorPhoneNumber":"","ClaimCompanyMailingAddressString":"","InsuredFax":"","PolicyStandardIndustryCode":"","PolicyStateCarrierID":"","PPONetworkName":"","PPOSectionName":"","ClaimDateEntered":"","ClaimDateReopen":""},"forms":[{"Ack Form":{"formId":"WC02000","formName":"Claim Acknowledgement Letter","variables":{"CLAIMANTSTATE":"","CCPSCLAIMNUMBER":"","CLAIMANTBIRTHDATE":"","CLAIMANTCITY":"","CLAIMANTFORMALNAME":"","CLAIMANTSTREET":"","CLAIMANTEMPLOYERNAME":""}}},{"Wage Statement":{"formId":"PLACEHOLDER for formId","formName":"Wage Statement","variables":{"CLAIMANTSTATE":"","CCPSCLAIMNUMBER":"","CLAIMANTBIRTHDATE":"","CLAIMANTCITY":"","CLAIMANTFORMALNAME":"","CLAIMANTSTREET":""}}}],"echoBack":{"transaction":{"sourceTransactionId":"52014520210205018510001","sourceUIApp":"ecos:prod","sourceServiceApp":"digitalforms:dev","applicationId":"APP-4861","businessSegment":"Worker Compensation","workFlow":"WC_DF_FNOL","claimNum":"Y95C660678","lossEventNum":"Y95C660678","userId":"USER_ID"}}}}},"xml":{"name":"RTEDeliverDocument"},"oneOf":[{"required":["brandId"]}]},"RTEReleaseDocument":{"required":["status"],"type":"object","properties":{"transactionId":{"type":"string","description":"Transaction Id for the transaction that we want to release from OnHold Status.","example":"38aae473-a006-40fe-8dd9-f189340f1ed6"},"emailJob":{"type":"string","description":"Unique Batch Id that we want to release from OnHold Status.","example":"38aae473-a006-40fe-8dd9-f189340f1ed6"},"status":{"type":"string","description":"Status with which we want to release the batch for updating all the transactions under that batch.","example":"Accepted/Rejected"}},"xml":{"name":"RTEReleaseDocument"},"oneOf":[{"required":["emailJob","transactionId"]}]},"OnHoldDocumentResponseForAccepted":{"type":"object","properties":{"statusCode":{"type":"string","example":"200"},"body":{"type":"string","example":"\"06f407e3-ef9a-4f1c-9003-a4c2fa88fce7 submitted to step function for Approved action !\""}}},"RTEResponse":{"type":"object","properties":{"transactionId":{"type":"string","example":"b3a98ecf-3b38-41f9-b2c5-c99c32c9a863"},"status":{"type":"string","example":"SUCCESS"}}},"ReleaseDocumentResponse":{"type":"object","properties":{"statusCode":{"type":"string","example":"200"},"body":{"type":"string","example":"Transaction status is updated and further action taken."}}},"500RTEApiResponse":{"type":"object","properties":{"message":{"type":"string","example":"No brand profile found for the brandId:HXT"}}},"RetrieveBrandInfo":{"type":"object","properties":{"brandId":{"type":"string","example":"HIG"},"brandName":{"type":"string","example":"Hartford"},"brandAttribute":{"type":"object","description":"Its an open key-pair section. client can store any additional information about the brand.","example":{"commonDataMapping":{"rows":[{"fieldName":"additionalAttributes.commonData.AdjusterCity","fieldDisplayName":"AdjusterCity"},{"fieldName":"additionalAttributes.commonData.AdjusterDayPhone","fieldDisplayName":"AdjusterDayPhone"},{"fieldName":"additionalAttributes.commonData.AdjusterDepartment","fieldDisplayName":"AdjusterDepartment"},{"fieldName":"additionalAttributes.commonData.AdjusterEmail","fieldDisplayName":"Last Name"}]},"contentType":[{"desc":"Claim Acknowledgement Letter","name":"WC02000","formType":["Info only","Conversational"],"documentType":"Communication Misc","documentCategory":"Communication","dataMapping":{"rows":[{"fieldName":"additionalAttributes.forms.Form.Transaction_ID","fieldDisplayName":"Transaction_ID"},{"fieldName":"additionalAttributes.forms.Form.Template_ID","fieldDisplayName":"Template_ID"},{"fieldName":"additionalAttributes.forms.Form.Template_Name","fieldDisplayName":"Template_Name"}]}}]}},"additionalAttributes":{"type":"object","additionalProperties":{"type":"string"},"description":"Its an open key-pair section. client can store any additional information about the consumer.","example":{"sourceSystemBrandId":"HXT","sourceSystemId":"HEXTONE"}},"status":{"type":"string","description":"Client's current status","example":"Active","enum":["Active","Inactive","Deleted"]}}},"BadRequest":{"type":"object","properties":{"message":{"type":"string","example":"Invalid Request Body"}},"description":"Bad request. Required fields are missing in the request rrl or body"},"Unauthorized":{"type":"object","properties":{"message":{"type":"string","example":"Unauthorized"}},"description":"Requester is not authorized to get the content"},"NotFound":{"type":"object","properties":{"message":{"type":"string","example":"Not Found"}},"description":"Requested data is not found in the server"},"Forbidden":{"type":"object","properties":{"message":{"type":"string","example":"Forbidden"}},"description":"Requester is not authorized to get the content"},"InternalServerError":{"type":"object","properties":{"message":{"type":"string","example":"Internal Server Error"}},"description":"Internal Server Error"},"ServiceUnavailable":{"type":"object","properties":{"message":{"type":"string","example":"Service Unavailable"}},"description":"Service Unavailable"}},"responses":{"RTEInternalError":{"description":"Internal error","content":{"application/json":{"schema":{"$ref":"#/components/schemas/500RTEApiResponse"}}}}},"requestBodies":{"StopRTEDeliverDocument":{"description":"Stop a reminder communication","content":{"application/json":{"schema":{"$ref":"#/components/schemas/stopRTEDeliverDocument"}}},"required":true},"RTEDeliverDocument":{"description":"Real-Time delivery request that needs to be delivered","content":{"application/json":{"schema":{"$ref":"#/components/schemas/RTEDeliverDocument"},"examples":{"Generic":{"value":{"brandId":"string","accountNumber":"string","releaseType":"string","contentType":"string, string","preference":{"recipientId":"string","recipientType":"string","recipientFirstName":"string","recipientLastName":"string","mwccLinkedUserIndicator":"Yes/No","mwccPortalLink":"string","deliveryMethod":"PRINT","deliveryChannel":"{ \"structuredAddress\": { \"name\": \"string\", \"addressLine1\": \"string\", \"addressLine2\": \"string\", \"city\": \"string\", \"state\": \"string\", \"zip\": \"string\", \"country\": \"string\" } }","cc":[{"deliveryMethod":"PRINT","recipientId":"cc9sit2:3470173","deliveryChannel":"{ \"structuredAddress\": { \"name\": \"string\", \"addressLine1\": \"string\", \"addressLine2\": \"string\", \"city\": \"string\", \"state\": \"string\", \"zip\": \"string\", \"country\": \"string\" } }"}]},"additionalAttributes":{"commonData":{"AdjusterCity":"string","AdjusterDayPhone":"1234567890","AdjusterDepartment":"string","AdjusterDirectPhoneNumber":"1234567890","AdjusterEmail":"emailid","AdjusterEmployeeType":"test","AdjusterFax":"1234567890","AdjusterFormalName":"test test","AdjusterState":"IN","AdjusterStreet":"test st","AdjusterZip":"12345","ClaimCategory":"Lost Time","ClaimDateofLoss":"12/01/2022","ClaimNumber":"12345","ClaimRegState":"AL","ClaimSegment":"Core","CurrentDate":"01/05/2022","RecipientType":"Insured","RecipientAddress1":"test st","RecipientCity":"Indianapolis","RecipientName":"test","RecipientState":"IN","RecipientZip":"12345","WritingCompanyName":"test"},"forms":{"WC02000":{"formId":"WC02000","formName":"Claim Acknowledgement Letter","variables":{"CLAIMANTEMPLOYERNAME":"test test","CLAIMANTFORMALNAME":"test test"}}},"echoBack":{"transaction":{"sourceTransactionId":"52014520210205018510001","sourceUIApp":"ecos:prod","sourceServiceApp":"digitalforms:dev","applicationId":"APP-4861","businessSegment":"Worker Compensation","workFlow":"WC_DF_FNOL","claimNum":"Y95C660678","lossEventNum":"Y95C660678","userId":"USER_ID"}}}}},"PRINT":{"value":{"brandId":"HIG","accountNumber":"APP-4861","releaseType":"Manual/Auto","contentType":"WC02000","preference":{"recipientId":"cc9sit2:3470173","recipientType":"claimant","recipientFirstName":"Gary","recipientLastName":"Blanck","mwccLinkedUserIndicator":"Yes","mwccPortalLink":"https://mwcc-portal.com/link","deliveryMethod":"PRINT","deliveryChannel":"{ \"structuredAddress\": { \"name\": \"string\", \"addressLine1\": \"string\", \"addressLine2\": \"string\", \"city\": \"string\", \"state\": \"string\", \"zip\": \"string\", \"country\": \"string\" } }","cc":[{"deliveryMethod":"PRINT","recipientId":"cc9sit2:3470173","deliveryChannel":"{ \"structuredAddress\": { \"name\": \"string\", \"addressLine1\": \"string\", \"addressLine2\": \"string\", \"city\": \"string\", \"state\": \"string\", \"zip\": \"string\", \"country\": \"string\" } }"}]},"additionalAttributes":{"commonData":{"AdjusterCity":"LEXINGTON","AdjusterDayPhone":"(877) 469-9222 Ext. 2304404","AdjusterDepartment":"Eastern WC Claim Center","AdjusterDirectPhoneNumber":"(315) 233-1147","AdjusterEmail":"lisa.volles@thehartford.com","AdjusterEmployeeType":"Team Leader","AdjusterFax":"(888) 459-1629","AdjusterFormalName":"Lisa Volles","AdjusterState":"KY","AdjusterStreet":"PO BOX 14472","AdjusterZip":40512,"ClaimCategory":"Lost Time","ClaimDateofLoss":"02/21/2021","ClaimNumber":"Y95C660678","ClaimRegState":"OR","ClaimSegment":"Core","CurrentDate":"2021-06-07T00:00:00.000+0000","RecipientType":"Claimant","RecipientAddress1":"10 Main Street","RecipientCity":"Spring Wood","RecipientName":"Joe Jones","RecipientState":"OR","RecipientZip":97001,"WritingCompanyName":"Hartford Underwriters Insurance Company"},"forms":{"WC02000":{"formId":"WC02000","formName":"Claim Acknowledgement Letter","variables":{"CLAIMANTEMPLOYERNAME":"Jonny's Pizza","CLAIMANTFORMALNAME":"Joe Jones"}}},"echoBack":{"transaction":{"sourceTransactionId":5.201452021020502E22,"sourceUIApp":"ecos:tapit6","sourceServiceApp":"digitalforms:dev","applicationId":"APP-4861","businessSegment":"Worker Compensation","workFlow":"WC_DF_FNOL","claimNum":"Y95C660678","lossEventNum":"Y95C660678","userId":"HIG_to_provide_id_for_automated"}}}}},"EMAIL":{"value":{"brandId":"HIG","accountNumber":"APP-4861","releaseType":"Manual/Auto","contentType":"WC02000","preference":{"recipientId":"cc9sit2:3470173","recipientType":"claimant","recipientFirstName":"Gary","recipientLastName":"Blanck","mwccLinkedUserIndicator":"Yes","mwccPortalLink":"https://mwcc-portal.com/link","deliveryMethod":"EMAIL","deliveryChannel":"joe.jones@sampleemail.com"},"additionalAttributes":{"commonData":{"AdjusterCity":"LEXINGTON","AdjusterDayPhone":"(877) 469-9222 Ext. 2304404","AdjusterDepartment":"Eastern WC Claim Center","AdjusterDirectPhoneNumber":"(315) 233-1147","AdjusterEmail":"lisa.volles@thehartford.com","AdjusterEmployeeType":"Team Leader","AdjusterFax":"(888) 459-1629","AdjusterFormalName":"Lisa Volles","AdjusterState":"KY","AdjusterStreet":"PO BOX 14472","AdjusterZip":40512,"ClaimCategory":"Lost Time","ClaimDateofLoss":"02/21/2021","ClaimNumber":"Y95C660678","ClaimRegState":"OR","ClaimSegment":"Core","CurrentDate":"2021-06-07T00:00:00.000+0000","RecipientType":"Claimant","RecipientAddress1":"10 Main Street","RecipientCity":"Spring Wood","RecipientName":"Joe Jones","RecipientState":"OR","RecipientZip":97001,"WritingCompanyName":"Hartford Underwriters Insurance Company"},"forms":{"WC02000":{"formId":"WC02000","formName":"Claim Acknowledgement Letter","variables":{"CLAIMANTEMPLOYERNAME":"Jonny's Pizza","CLAIMANTFORMALNAME":"Joe Jones"}}},"echoBack":{"transaction":{"sourceTransactionId":5.201452021020502E22,"sourceUIApp":"ecos:tapit6","sourceServiceApp":"digitalforms:dev","applicationId":"APP-4861","businessSegment":"Worker Compensation","workFlow":"WC_DF_FNOL","claimNum":"Y95C660678","lossEventNum":"Y95C660678","userId":"HIG_to_provide_id_for_automated"}}}}},"PI10-EMAIL":{"value":{"brandId":"HIG","accountNumber":"APP-4861","releaseType":"Manual/Auto","contentType":"WC02000","preference":{"recipientId":"cc9sit2:3470173","recipientType":"claimant","recipientFirstName":"Gary","recipientLastName":"Blanck","mwccLinkedUserIndicator":"Yes","mwccPortalLink":"https://mwcc-portal.com/link","deliveryMethod":"EMAIL","deliveryChannel":"joe.jones@sampleemail.com","micrositeTracking":{"cmp":"EMC-CLM-IWMicrosite-06012022"}},"additionalAttributes":{"micrositeSecurityQuestions":[{"question":"In what location did the injury occur?","answer":"Oregon","fieldType":"StateDropdown","format":"String","tooltip":"information about the question (optional)","order":1},{"question":"On what date did the injury occur?","answer":"01/02/2022","fieldType":"DatePicker","format":"MM/DD/YYYY","tooltip":"information about the question (optional)","order":1}],"commonData":{"AdjusterCity":"LEXINGTON","AdjusterDayPhone":"(877) 469-9222 Ext. 2304404","AdjusterDepartment":"Eastern WC Claim Center","AdjusterDirectPhoneNumber":"(315) 233-1147","AdjusterEmail":"lisa.volles@thehartford.com","AdjusterEmployeeType":"Team Leader","AdjusterFax":"(888) 459-1629","AdjusterFormalName":"Lisa Volles","AdjusterState":"KY","AdjusterStreet":"PO BOX 14472","AdjusterZip":40512,"ClaimCategory":"Lost Time","ClaimDateofLoss":"02/21/2021","ClaimNumber":"Y95C660678","ClaimRegState":"OR","ClaimSegment":"Core","CurrentDate":"2021-06-07T00:00:00.000+0000","RecipientType":"Claimant","RecipientAddress1":"10 Main Street","RecipientCity":"Spring Wood","RecipientName":"Joe Jones","RecipientState":"OR","RecipientZip":97001,"WritingCompanyName":"Hartford Underwriters Insurance Company"},"forms":{"WC02000":{"formId":"WC02000","formType":["Info only","Conversational"],"formName":"Claim Acknowledgement Letter","variables":{"CLAIMANTEMPLOYERNAME":"Jonny's Pizza","CLAIMANTFORMALNAME":"Joe Jones"}}},"echoBack":{"transaction":{"sourceTransactionId":5.201452021020502E22,"sourceUIApp":"ecos:tapit6","sourceServiceApp":"digitalforms:dev","applicationId":"APP-4861","businessSegment":"Worker Compensation","workFlow":"WC_DF_FNOL","claimNum":"Y95C660678","lossEventNum":"Y95C660678","userId":"HIG_to_provide_id_for_automated"}}}}},"PI10-CC":{"value":{"brandId":"HIG","accountNumber":"APP-4861","releaseType":"Manual/Auto","contentType":"WC02000","preference":{"recipientId":"cc9sit2:3470173","recipientType":"claimant","recipientFirstName":"Gary","recipientLastName":"Blanck","mwccLinkedUserIndicator":"Yes","mwccPortalLink":"https://mwcc-portal.com/link__;!!Ebr-cpPeAnfNniQ8HSAI-g_K5b7VKg!cK4ZoFrU1Ld5ueeiYvqkzYAxNTEATOlCD_86k-FVxk1Xm1sTSar4jb1DXh_6xyi70sBzVdk8pJPk$ ","deliveryMethod":"EMAIL","deliveryChannel":"joe.jones@sampleemail.com","micrositeTracking":{"cmp":"EMC-CLM-IWMicrosite-06012022"},"cc":[{"recipientId":"cc9sit2:3470174","recipientType":"claimant","recipientFirstName":"Gary","recipientLastName":"Blanck","mwccLinkedUserIndicator":"Yes","mwccPortalLink":"https://mwcc-portal.com/link__;!!Ebr-cpPeAnfNniQ8HSAI-g_K5b7VKg!cK4ZoFrU1Ld5ueeiYvqkzYAxNTEATOlCD_86k-FVxk1Xm1sTSar4jb1DXh_6xyi70sBzVdk8pJPk$ ","deliveryMethod":"SMS","deliveryChannel":"012-345-6789","micrositeTracking":{"cmp":"TXT-CLM-IWMicrosite-06012022"}},{"recipientId":"cc9sit2:3470175","recipientType":"Attorney","recipientFirstName":"Joe","recipientLastName":"Jones","mwccLinkedUserIndicator":"No","mwccPortalLink":"https://mwcc-portal.com/link__;!!Ebr-cpPeAnfNniQ8HSAI-g_K5b7VKg!cK4ZoFrU1Ld5ueeiYvqkzYAxNTEATOlCD_86k-FVxk1Xm1sTSar4jb1DXh_6xyi70sBzVdk8pJPk$ ","deliveryMethod":"EMAIL","deliveryChannel":"joe.jones@sampleemail.com","micrositeTracking":{"cmp":"EMC-CLM-IWMicrosite-06012022"}}]},"additionalAttributes":{"micrositeSecurityQuestions":[{"question":"In what location did the injury occur?","answer":"Oregon","fieldType":"StateDropdown","format":"String","tooltip":"information about the question (optional)","order":1},{"question":"On what date did the injury occur?","answer":"01/02/2022","fieldType":"DatePicker","format":"MM/DD/YYYY","tooltip":"information about the question (optional)","order":1}],"commonData":{"AdjusterCity":"LEXINGTON","AdjusterDayPhone":"(877) 469-9222 Ext. 2304404","AdjusterDepartment":"Eastern WC Claim Center","AdjusterDirectPhoneNumber":"(315) 233-1147","AdjusterEmail":"lisa.volles@thehartford.com","AdjusterEmployeeType":"Team Leader","AdjusterFax":"(888) 459-1629","AdjusterFormalName":"Lisa Volles","AdjusterState":"KY","AdjusterStreet":"PO BOX 14472","AdjusterZip":40512,"ClaimCategory":"Lost Time","ClaimDateofLoss":"02/21/2021","ClaimNumber":"Y95C660678","ClaimRegState":"OR","ClaimSegment":"Core","CurrentDate":"2021-06-07T00:00:00.000Z","RecipientType":"Claimant","RecipientAddress1":"10 Main Street","RecipientCity":"Spring Wood","RecipientName":"Joe Jones","RecipientState":"OR","RecipientZip":97001,"WritingCompanyName":"Hartford Underwriters Insurance Company"},"forms":{"WC02000":{"formId":"WC02000","formType":["Info only","Conversational"],"formName":"Claim Acknowledgement Letter","variables":{"CLAIMANTEMPLOYERNAME":"Jonny's Pizza","CLAIMANTFORMALNAME":"Joe Jones"}}},"echoBack":{"transaction":{"sourceTransactionId":5.201452021020502E22,"sourceUIApp":"ecos:tapit6","sourceServiceApp":"digitalforms:dev","applicationId":"APP-4861","businessSegment":"Worker Compensation","workFlow":"WC_DF_FNOL","claimNum":"Y95C660678","lossEventNum":"Y95C660678","userId":"HIG_to_provide_id_for_automated"}}}}}}}},"required":true},"RTEReleaseDocument":{"description":"Real-Time release request that will release the document at transaction or batch level as per request.","content":{"application/json":{"schema":{"$ref":"#/components/schemas/RTEReleaseDocument"},"examples":{"Generic":{"value":{"transactionId":"string","status":"string"}},"TransactionAccepted":{"value":{"transactionId":"38aae473-a006-40fe-8dd9-f189340f1ed6","status":"Accepted"}},"TransactionRejected":{"value":{"transactionId":"38aae473-a006-40fe-8dd9-f189340f1ed6","status":"Rejected"}},"BatchAccepted":{"value":{"emailJob":"076ee74a-29b5-4408-b6e4-217ba9806914","status":"Accepted"}},"BatchRejected":{"value":{"emailJob":"076ee74a-29b5-4408-b6e4-217ba9806914","status":"Rejected"}}}}},"required":true},"OnHoldDocumentAccepted":{"content":{"application/json":{"schema":{"$ref":"#/components/schemas/OnHoldDocumentResponseForAccepted"},"examples":{"Generic":{"value":{"transactionId":"string","status":"string"}},"TransactionAccepted":{"value":{"transactionId":"bf79e25d-3d14-42ae-8f41-08771c96dfe0","status":"Accepted"}}}}}}}}}