{"openapi":"3.0.0","info":{"title":"Open Lexicon API","description":"This is the open-lexicon API documentation.","contact":{"email":"josh@madponylabs.com"},"license":{"name":"Apache 2.0","url":"http://www.apache.org/licenses/LICENSE-2.0.html"},"version":"1.0.0"},"servers":[{"url":"https://virtserver.swaggerhub.com/Nashex/Open-Lexicon/1.0.0","description":"SwaggerHub API Auto Mocking"},{"url":"https://https://openlexicon.herokuapp.com/","description":"Open Lexicon API"}],"tags":[{"name":"classroom","description":"Routes for interacting with a classroom."},{"name":"reading","description":"Access to classroom readings"},{"name":"user","description":"Operations about user"}],"paths":{"/classroom":{"post":{"tags":["classroom"],"summary":"Create a new classroom","operationId":"createClassroom","requestBody":{"$ref":"#/components/requestBodies/Classroom"},"responses":{"201":{"description":"The created classroom object.","content":{"application/json":{"schema":{"$ref":"#/components/schemas/Classroom"}}}},"403":{"description":"Unauthorized"},"400":{"description":"Invalid input"}},"security":[{"bearerAuth":[]}]}},"/classroom/{classroomId}":{"get":{"tags":["classroom"],"summary":"Find classroom by ID","description":"Returns a single classroom","operationId":"getClassroom","parameters":[{"name":"classroomId","in":"path","description":"ID of classroom to return","required":true,"style":"simple","explode":false,"schema":{"type":"string","format":"uuid"}}],"responses":{"200":{"description":"Successful operation","content":{"application/json":{"schema":{"$ref":"#/components/schemas/Classroom"}}}},"403":{"description":"Unauthorized"},"404":{"description":"Classroom not found"}},"security":[{"bearerAuth":[]}]},"post":{"tags":["classroom"],"summary":"Updates a classroom with form data","operationId":"updateClassroom","parameters":[{"name":"classroomId","in":"path","description":"ID of classroom that needs to be updated","required":true,"style":"simple","explode":false,"schema":{"type":"string","format":"uuid"}}],"requestBody":{"$ref":"#/components/requestBodies/Classroom"},"responses":{"200":{"description":"Successful operation","content":{"application/json":{"schema":{"$ref":"#/components/schemas/Classroom"}}}},"400":{"description":"Invalid body, missing required parameters."},"403":{"description":"Unauthorized"},"404":{"description":"Classroom not found"}},"security":[{"bearerAuth":[]}]},"delete":{"tags":["classroom"],"summary":"Delete a classroom","operationId":"deleteClassroom","parameters":[{"name":"classroomId","in":"path","description":"Classroom id to delete","required":true,"style":"simple","explode":false,"schema":{"type":"string","format":"uuid"}}],"responses":{"204":{"description":"Successfully deleted classroom"},"400":{"description":"Invalid ID supplied"},"404":{"description":"Classroom not found"}}}},"/classroom/join/{joinCode}":{"post":{"tags":["classroom"],"summary":"Join classroom by join code","description":"Joins a classroom and returns it","operationId":"joinClassroom","parameters":[{"name":"joinCode","in":"path","description":"Join Code of the classroom","required":true,"style":"simple","explode":false,"schema":{"type":"string"}}],"responses":{"200":{"description":"Successful operation","content":{"application/json":{"schema":{"$ref":"#/components/schemas/Classroom"}}}},"400":{"description":"Invalid classroom join code supplied"},"404":{"description":"Classroom join code not found"}},"security":[{"bearerAuth":[]}]}},"/classroom/leave/{classroomId}":{"post":{"tags":["classroom"],"summary":"Leave classroom by ID","description":"Leaves a classroom.","operationId":"leaveClassroom","parameters":[{"name":"classroomId","in":"path","description":"Id of the classroom","required":true,"style":"simple","explode":false,"schema":{"type":"string","format":"uuid"}}],"responses":{"204":{"description":"Successfully left classroom."},"404":{"description":"Classroom ID code not found"}},"security":[{"bearerAuth":[]}]}},"/user":{"post":{"tags":["user"],"summary":"Create user","description":"This can only be done by the logged in user.","operationId":"createUser","requestBody":{"description":"Created user object","content":{"application/json":{"schema":{"$ref":"#/components/schemas/User"}}},"required":true},"responses":{"201":{"description":"Successfully created user."}}}},"/user/{id}":{"get":{"tags":["user"],"summary":"Get user","description":"This can only be done by the logged in user.","operationId":"getUser","parameters":[{"name":"id","in":"path","description":"Id of the user.","required":true,"style":"simple","explode":false,"schema":{"type":"string","format":"uuid"}}],"responses":{"200":{"description":"Successfully retrieved user.","content":{"application/json":{"schema":{"$ref":"#/components/schemas/Classroom"}}}},"403":{"description":"Unable to view profiles of other users."},"404":{"description":"Unable to find user."}}},"delete":{"tags":["user"],"summary":"Delete user","description":"Deletes a user. This can only be done by the user.","operationId":"deleteUser","parameters":[{"name":"id","in":"path","description":"Id of the user.","required":true,"style":"simple","explode":false,"schema":{"type":"string","format":"uuid"}}],"responses":{"200":{"description":"Successfully retrieved user.","content":{"application/json":{"schema":{"$ref":"#/components/schemas/Classroom"}}}},"403":{"description":"Unable to view profiles of other users."},"404":{"description":"Unable to find user."}}}},"/reading/{classroomId}":{"get":{"tags":["reading"],"summary":"Find readings by classroomId","description":"Returns all the readings for a classroom","operationId":"getReadings","parameters":[{"name":"classroomId","in":"path","description":"ID of classroom to get the readings for.","required":true,"style":"simple","explode":false,"schema":{"type":"string","format":"uuid"}}],"responses":{"200":{"description":"Successful operation","content":{"application/json":{"schema":{"properties":{"readings":{"type":"array","items":{"$ref":"#/components/schemas/Reading"}}}}}}},"403":{"description":"Unauthorized"},"404":{"description":"Classroom not found"}},"security":[{"bearerAuth":[]}]},"post":{"tags":["reading"],"summary":"Create a new reading","operationId":"createReading","parameters":[{"name":"classroomId","in":"path","description":"ID of classroom to post the reading","required":true,"style":"simple","explode":false,"schema":{"type":"string","format":"uuid"}}],"requestBody":{"$ref":"#/components/requestBodies/Reading"},"responses":{"201":{"description":"Successfully created reading.","content":{"application/json":{"schema":{"$ref":"#/components/schemas/Reading"}}}},"400":{"description":"Invalid input, missing required fields"},"403":{"description":"Unauthorized"}},"security":[{"bearerAuth":[]}]}},"/classroom/{classroomId}/{readingId}":{"get":{"tags":["reading"],"summary":"Find reading by ID","description":"Returns a single reading","operationId":"getReading","parameters":[{"name":"readingId","in":"path","description":"ID of reading to return","required":true,"style":"simple","explode":false,"schema":{"type":"string","format":"uuid"}},{"name":"classroomId","in":"path","description":"ID of classroom to post the reading","required":true,"style":"simple","explode":false,"schema":{"type":"string","format":"uuid"}}],"responses":{"200":{"description":"Successful operation","content":{"application/json":{"schema":{"$ref":"#/components/schemas/Classroom"}}}},"403":{"description":"Unauthorized"},"404":{"description":"Classroom not found"}},"security":[{"bearerAuth":[]}]},"post":{"tags":["reading"],"summary":"Updates a reading with form data","operationId":"updateReading","parameters":[{"name":"readingId","in":"path","description":"ID of reading to update","required":true,"style":"simple","explode":false,"schema":{"type":"string","format":"uuid"}},{"name":"classroomId","in":"path","description":"ID of classroom that needs to be updated","required":true,"style":"simple","explode":false,"schema":{"type":"string","format":"uuid"}}],"requestBody":{"$ref":"#/components/requestBodies/Reading"},"responses":{"200":{"description":"Successful operation","content":{"application/json":{"schema":{"$ref":"#/components/schemas/Reading"}}}},"400":{"description":"Invalid body, missing required parameters."},"403":{"description":"Unauthorized"},"404":{"description":"Reading not found"}},"security":[{"bearerAuth":[]}]},"delete":{"tags":["reading"],"summary":"Delete a reading","operationId":"deleteReading","parameters":[{"name":"readingId","in":"path","description":"ID of reading to update","required":true,"style":"simple","explode":false,"schema":{"type":"string","format":"uuid"}},{"name":"classroomId","in":"path","description":"ID of classroom that needs to be updated","required":true,"style":"simple","explode":false,"schema":{"type":"string","format":"uuid"}}],"responses":{"204":{"description":"Successfully deleted reading"},"404":{"description":"Classroom not found"}}}}},"components":{"schemas":{"Reading":{"type":"object","properties":{"id":{"type":"string","description":"The id of a reading"},"authorId":{"type":"string","description":"The author of the reading"},"classroomId":{"type":"string","description":"The id of the classroom the reading is in"},"title":{"type":"string","description":"The title of a reading"},"description":{"type":"string","description":"A description for a reading"},"contentUrl":{"type":"string","description":"The link to the epub for the reading."}}},"User":{"type":"object","properties":{"id":{"type":"string","description":"The id assigned by firebase authentication.","format":"uuid"}}},"Classroom":{"type":"object","properties":{"id":{"type":"string","format":"uuid"},"name":{"type":"string","example":"Example Classroom"},"description":{"type":"string","example":"This is an example classroom description"},"ownerId":{"type":"string","format":"uuid"},"joinCode":{"type":"string","format":"int64","example":"1234"},"students":{"type":"array","items":{"$ref":"#/components/schemas/User"}}}}},"requestBodies":{"Classroom":{"description":"Classroom object","content":{"application/json":{"schema":{"required":["description","name"],"type":"object","properties":{"name":{"type":"string","example":"Jerome's Classroom"},"description":{"type":"string","example":"This is a cool classroom for cooler kids"}}}}},"required":true},"Reading":{"description":"Classroom object","content":{"application/json":{"schema":{"required":["contentUrl","description","title"],"type":"object","properties":{"title":{"type":"string","example":"Jerome in Wonderland"},"description":{"type":"string","example":"This is the coolest reading ever."},"contentUrl":{"type":"string","example":"https://gerhardsletten.github.io/react-reader/files/alice.epub."}}}}},"required":true}},"securitySchemes":{"bearerAuth":{"type":"http","scheme":"bearer","bearerFormat":"JWT"}}}}