{"openapi":"3.0.0","info":{"title":"Frikort saksbehandlingsAPI","description":"Frikort-API for saksbehandling","contact":{"name":"Forvaltningsteamet for Frikortløsningen","email":"frikort.teknisk@nav.no"},"version":"0.1"},"servers":[{"url":"/"}],"tags":[{"name":"frikort"},{"name":"borger"},{"name":"egenandel"}],"paths":{"/frikort/{frikortid}":{"get":{"tags":["frikort"],"summary":"Henter frikort med oppgitt frikortid.","description":"Henter frikort med oppgitt frikortid, inkludert frikortets historikk. Om det er oppgitt at egenandeler skal inkluderes, returneres også egenandeler (med historikk) og utbetalinger (med historikk).","operationId":"hentFrikort","parameters":[{"name":"bruker-id","in":"header","description":"Ident på bruker som utløser kallet, f.eks. saksbehandlers brukernavn.","required":true,"style":"simple","explode":false,"schema":{"type":"string"}},{"name":"frikortid","in":"path","description":"Id på frikortet som skal hentes","required":true,"style":"simple","explode":false,"schema":{"type":"number"}},{"name":"inkluderEgenandeler","in":"query","description":"Om svaret skal inkludere egenandeler registrert på frikortet.","required":false,"style":"form","explode":true,"schema":{"type":"boolean"}}],"responses":{"200":{"description":"Returnerer frikortet med oppgitt id.","content":{"application/json":{"schema":{"$ref":"#/components/schemas/Frikort"}}}},"404":{"description":"Frikort finnes ikke."}}}},"/frikort":{"get":{"tags":["frikort"],"summary":"Finner frikort basert på borgerid, år og tak","description":"Prøver å finne frikort basert på borgerid, år og tak. Merk at det kan returneres flere frikort, normalt skyldes dette at borger har kommunalt frikort, hvor det da returneres et avvist automatisk frikort, og ett godkjent kommunalt frikort. Responsen inkluderer historikk på frikortene. Om det er oppgitt at egenandeler skal inkluderes, returneres også egenandeler (med historikk) og utbetalinger (med historikk).","operationId":"finnFrikort","parameters":[{"name":"bruker-id","in":"header","description":"Ident på bruker som utløser kallet, f.eks. saksbehandlers brukernavn.","required":true,"style":"simple","explode":false,"schema":{"type":"string"}},{"name":"borgerid","in":"query","description":"Id på borger. Kan finnes ved å bruke GET /borger?fodselsnummer=\\{fødselsnummer}.","required":true,"style":"form","explode":true,"schema":{"type":"number"}},{"name":"ar","in":"query","description":"År.","required":true,"style":"form","explode":true,"schema":{"type":"number"}},{"name":"tak","in":"query","description":"Egenandelstak, lovlige verdier er 1 og 2.","required":true,"style":"form","explode":true,"schema":{"type":"number"}},{"name":"inkluderEgenandeler","in":"query","description":"Om svaret skal inkludere egenandeler registrert på frikortet.","required":false,"style":"form","explode":true,"schema":{"type":"boolean"}}],"responses":{"200":{"description":"Frikortene som ble funnet i søket.","content":{"application/json":{"schema":{"type":"array","items":{"$ref":"#/components/schemas/Frikort"}}}}},"404":{"description":"Frikort finnes ikke."}}}},"/borger/{borgerid}":{"get":{"tags":["borger"],"summary":"Henter borger med oppgitt borgerid.","description":"Henter borger med oppgitt borgerid. Borgerens historikk blir inkludert. Om det er oppgitt at adresse skal inkluderes, inkluderes også gjeldende adresse.","operationId":"hentBorger","parameters":[{"name":"bruker-id","in":"header","description":"Ident på bruker som utløser kallet, f.eks. saksbehandlers brukernavn.","required":true,"style":"simple","explode":false,"schema":{"type":"string"}},{"name":"borgerid","in":"path","required":true,"style":"simple","explode":false,"schema":{"type":"number"}},{"name":"inkluderAdresse","in":"query","required":false,"style":"form","explode":true,"schema":{"type":"boolean"}}],"responses":{"200":{"description":"Returnerer borger med oppgitt id.","content":{"application/json":{"schema":{"$ref":"#/components/schemas/Borger"}}}},"404":{"description":"Borgeren finnes ikke."}}}},"/borger":{"get":{"tags":["borger"],"summary":"Søker etter borger basert på fødselsnummer.","description":"Søker etter borger ut i fra fødselsnummer. Borger må finnes i TPS (Navs kopi av Folkeregisteret). Inkluderer adresse i svaret hvis det bes om det.","operationId":"finnBorger","parameters":[{"name":"bruker-id","in":"header","description":"Ident på bruker som utløser kallet, f.eks. saksbehandlers brukernavn.","required":true,"style":"simple","explode":false,"schema":{"type":"string"}},{"name":"fodselsnummer","in":"query","required":true,"style":"form","explode":true,"schema":{"type":"string"}},{"name":"inkluderAdresse","in":"query","required":false,"style":"form","explode":true,"schema":{"type":"boolean"}}],"responses":{"200":{"description":"Fant borger med oppgitt fødselsnummer","content":{"application/json":{"schema":{"$ref":"#/components/schemas/Borger"}}}},"404":{"description":"Fant ikke borger med oppgitt fødselsnummer"}}}},"/egenandel/{egenandelsid}":{"get":{"tags":["egenandel"],"summary":"Henter egenandel med oppgitt egenandelsid.","description":"Henter egenandel med oppgitt egenandelsid. Egenandelens historikk blir inkludert, det blir også utbetalinger på egenandelen (inkludert historikk).","operationId":"hentEgenandel","parameters":[{"name":"bruker-id","in":"header","description":"Ident på bruker som utløser kallet, f.eks. saksbehandlers brukernavn.","required":true,"style":"simple","explode":false,"schema":{"type":"string"}},{"name":"egenandelsid","in":"path","required":true,"style":"simple","explode":false,"schema":{"type":"number"}}],"responses":{"200":{"description":"Returnerer egenandel med oppgitt id.","content":{"application/json":{"schema":{"$ref":"#/components/schemas/Egenandel"}}}},"404":{"description":"Egenandelen finnes ikke."}}}},"/egenandel":{"post":{"tags":["egenandel"],"summary":"Oppretter ny egenandel.","operationId":"opprettEgenandel","parameters":[{"name":"bruker-id","in":"header","description":"Ident på bruker som utløser kallet, f.eks. saksbehandlers brukernavn.","required":true,"style":"simple","explode":false,"schema":{"type":"string"}}],"requestBody":{"content":{"application/json":{"schema":{"$ref":"#/components/schemas/NyEgenandel"}}}},"responses":{"201":{"description":"Egenandel opprettet.","headers":{"Location":{"description":"URL til opprettet egenandel","style":"simple","explode":false,"schema":{"type":"string"}}}}}}}},"components":{"schemas":{"Frikort":{"type":"object","properties":{"frikortid":{"type":"number","example":2668534},"borgerid":{"type":"number","example":480947},"frikorttypekode":{"type":"string","description":"Type frikort, enten F (vanlig automatisk frikort), I (utstedt i Infotrygd) eller K (kommunalt frikort).","example":"F"},"frikortstatuskode":{"type":"string","description":"Statuskode på frikort. Mulige verdier NY, GODKJENT, SAKSB_GODKJENT, AVVIST, MANUELL eller MANUELL_UTKVITTERT.","example":"GODKJENT"},"frikortnr":{"type":"string","description":"Nummer som trykkes på frikortslippen. Settes på objektet først når frikort er innvilget.","example":"15044701749"},"datoOpprettet":{"type":"string","description":"Dato og klokkeslett når frikortet ble opprettet i DB (normalt når første egenandel ble mottatt).","example":"2017-02-05T12:45:00+01"},"datoEndret":{"type":"string","description":"Dato og klokkeslett for endringen.","example":"2017-10-26T00:30:00+01"},"prosessmerknad":{"type":"string","description":"Merknad satt av automatiske prosesser.","example":"Frikort innvilget"},"saksbehandlermerknad":{"type":"string"},"tak":{"type":"number","example":1},"ar":{"type":"number","example":2017},"datoVedtak":{"type":"string","description":"Dato og klokkeslett for frikortvedtaket (når frikort ble innvilget).","example":"2017-10-26T00:30:00+01"},"harRettighet":{"type":"boolean","description":"Om borger er utvandret, men likevel har rettighet til frikort","example":false},"frikorthistorikker":{"type":"array","items":{"$ref":"#/components/schemas/FrikortHistorikk"}},"egenandeler":{"type":"array","items":{"$ref":"#/components/schemas/Egenandel"}}}},"FrikortHistorikk":{"type":"object","properties":{"frikorthistorikkid":{"type":"number","example":83982045},"frikortid":{"type":"number","example":2668534},"frikortnr":{"type":"string","description":"Nummer som trykkes på frikortslippen. Settes på objektet først når frikort er innvilget.","example":"15044701749"},"frikortstatuskode":{"type":"string","description":"Statuskode på frikortet. Mulige verdier NY, GODKJENT, SAKSB_GODKJENT, AVVIST, MANUELL eller MANUELL_UTKVITTERT.","example":"GODKJENT"},"datoVedtak":{"type":"string","description":"Dato og klokkeslett for frikortvedtaket (når frikort ble innvilget).","example":"2017-10-26T00:30:00+01"},"harRettighet":{"type":"boolean","description":"Om borger er utvandret, men likevel har rettighet til frikort","example":false},"prosessmerknad":{"type":"string","description":"Merknad satt av automatiske prosesser","example":"Frikort innvilget"},"datoEndret":{"type":"string","description":"Dato og klokkeslett for endringen.","example":"2017-10-26T00:30:00+01"}}},"Egenandel":{"type":"object","properties":{"egenandelsid":{"type":"number","example":90835252},"frikortid":{"type":"number","example":2668534},"borgerid":{"type":"number","example":480947},"egenandelsstatuskode":{"type":"string","description":"Statuskode på egenandelen. Mulige verdier NY, GODKJENT, SAKSB_GODKJENT, AVVIST, MANUELL eller MANUELL_UTKVITTERT.","example":"GODKJENT"},"egenandelskode":{"type":"string","description":"Kode for årsak til egenandelsfritak. Mulige verdier er A (annen), C (ikke fritak), E (forevist kommunalt frikort), F (frikort), M (minstepensjonist).","example":"C"},"enkeltregningsstatuskode":{"type":"string","description":"Status på egenandel fra avgivende system. Mulige verdier er godkjent, avvist, avkortet, manuelt_avvist, kreditering, kreditert, manuelt_godkjent.","example":"godkjent"},"samhandlertypekode":{"type":"string","description":"Kode for type samhandler. Mulige verdier er A (apotek), S (sykehusapotek), B (bandasjist), LE (lege), HS (helsestasjon), PO (poliklinikk), LR (lab/-røntgen), PS (psykolog), PR (pasientreiser), FT (fysioterapi), TB (tannbehandling), RH (rehabiliteringsopphold), BR (behandlingsreiser)","example":"LE"},"tak":{"type":"number","example":1},"egenandelsbelop":{"type":"string","example":"135.40"},"egenandelssats":{"type":"string","example":"135.40"},"datoMottatt":{"type":"string","example":"2017-08-24T13:44:50+01"},"duplikatAv":{"type":"number","description":"Id til egenandel som denne egenandelen er duplikat av.","example":409825},"krediteringAv":{"type":"number","description":"Id til egenandel som denne egenandelen er kreditering av.","example":409825},"datoTjeneste":{"type":"string","example":"2017-08-22T14:30:00+01"},"datoKjop":{"type":"string","description":"Kun interessant ved kjøp av medisiner for perioder frem i tid. I slike tilfeller vil datoTjeneste være lik periodens start, mens datoKjop er lik tidspunkt når borger faktisk betalte egenandelen. ","example":"2017-08-22T14:30:00+01"},"datoEndret":{"type":"string","example":"2017-10-26T00:30:00+01"},"eksternmerknad":{"type":"string","description":"Merknad fra kildesystem.","example":"Betalt egenandel avviker fra beregnet egenandel: Beregnet 74.49."},"enkeltregningsid":{"type":"string","description":"Enkeltregningsid fra kildesystem.","example":"391251554"},"enkeltregningsnr":{"type":"string","description":"Enkeltregningsnr fra samhandler.","example":"100948771900004"},"kildesystemkode":{"type":"string","description":"Kode for hvilket kildesystem egenandelen er mottatt fra. Mulige verdier er APOK, ERESEPT, FRIKORTKJERNEN, KUHL, KUHR, HDIR360 (Hesa).","example":"KUHR"},"prosessmerknad":{"type":"string","description":"Merknad satt av automatiske prosesser.","example":"Egenandel opprettet"},"betalt":{"type":"boolean","description":"Om egenandelen er betalt, eller innsendt før borger faktisk har betalt egenandelen.","example":true},"innsendingstypekode":{"type":"string","description":"Kode for måten egenandelen ble innsendt på. En rekke forskjellige verdier. Egenandeler fra Kuhr kan ha LOM, FOM m.fl, fra eResept vil ha kode eResept, innsendt fra borger vil ha PERSONLIG_HENVENDELSE, manuelt registrering av innsending fra samhandler vil ha MANUELL_SAMHANDLER.","example":"LOM"},"delAvVedtak":{"type":"boolean","description":"Forteller om egenandelen var del av grunnlaget for frikortvedtak (innvilging av frikort).","example":true},"egenandelfritakskode":{"type":"string","description":"Koder for årsak til at saksbehandler har tilbakebetalt (refundert) egenandelen til borger. Serie med koder, hvor de som har prefiks KF_ er refusjon pga frikort.","example":"MINSTEPENSJON"},"saksbehandlermerknad":{"type":"string"},"samhandler":{"$ref":"#/components/schemas/Samhandler"},"egenandelhistorikker":{"type":"array","items":{"$ref":"#/components/schemas/EgenandelHistorikk"}},"utbetalinger":{"type":"array","items":{"$ref":"#/components/schemas/Utbetaling"}},"merknadskoder":{"type":"array","items":{"$ref":"#/components/schemas/EgenandelMerknadskode"}},"duplikatFritak":{"type":"boolean","description":"Angir om egenandelen skal ignoreres i duplikatkontrollen (hvis true)."}}},"EgenandelHistorikk":{"type":"object","properties":{"egenandelhistorikkid":{"type":"number","example":83982045},"egenandelid":{"type":"number","example":2668534},"egenandelsstatuskode":{"type":"string","description":"Statuskode på egenandelen. Mulige verdier NY, GODKJENT, SAKSB_GODKJENT, AVVIST, MANUELL eller MANUELL_UTKVITTERT.","example":"GODKJENT"},"egenandelskode":{"type":"string","description":"Kode for årsak til egenandelsfritak. Mulige verdier er A (annen), C (ikke fritak), E (forevist kommunalt frikort), F (frikort), M (minstepensjonist).","example":"C"},"borgerid":{"type":"number","example":480947},"samhandlertypekode":{"type":"string","description":"Kode for type samhandler. Mulige verdier er A (apotek), S (sykehusapotek), B (bandasjist), LE (lege), HS (helsestasjon), PO (poliklinikk), LR (lab/-røntgen), PS (psykolog), PR (pasientreiser), FT (fysioterapi), TB (tannbehandling), RH (rehabiliteringsopphold), BR (behandlingsreiser)","example":"LE"},"samhandlerid":{"type":"number","example":34860927},"egenandelsbelop":{"type":"string","example":"135.40"},"datoMottatt":{"type":"string","example":"2017-08-24T13:44:50+01"},"datoTjeneste":{"type":"string","example":"2017-08-22T14:30:00+01"},"datoEndret":{"type":"string","description":"Dato og klokkeslett for endringen.","example":"2017-10-26T00:30:00+01"},"prosessmerknad":{"type":"string","description":"Merknad satt av automatiske prosesser.","example":"Egenandel opprettet"},"delAvVedtak":{"type":"boolean","description":"Forteller om egenandelen var del av grunnlaget for frikortvedtak (innvilging av frikort).","example":true},"egenandelfritakskode":{"type":"string","description":"Koder for årsak til at saksbehandler har tilbakebetalt (refundert) egenandelen til borger. Serie med koder, hvor de som har prefiks KF_ er refusjon pga frikort.","example":"MINSTEPENSJON"}}},"Utbetaling":{"type":"object","properties":{"utbetalingid":{"type":"number","example":83982045},"egenandelid":{"type":"number","example":2668534},"borgerid":{"type":"number","example":480947},"utbetalingsstatuskode":{"type":"string","description":"Kode for status på utbetaling. Mulige verdier er GODKJENT, SENDT, UTBETALT, RESENDT, FEILET, AVVIST, UAVHENTET, VENTER, SKAL_ANNULLERES, ANNULLERING_SENDT, ANNULLERT, ANNULLERING_FEILET, FORELDET.","example":"UTBETALT"},"belop":{"type":"string","example":"135.40"},"datoGjelderFra":{"type":"string","description":"Datoen for når utbetalingen skal kjøres ut fra Frikortløsningen. Angis ikke for utbetalinger som er kjørt ut.","example":"2017-11-05T00:00:00+01"},"datoUtbetalt":{"type":"string","description":"Datoen for når utbetalingen ble kjørt ut fra Frikortløsningen.","example":"2017-11-05T00:00:00+01"},"merknad":{"type":"string","example":"Minstepensjonistregel"},"datoOpprettet":{"type":"string","example":"2017-10-26T00:30:00+01"},"datoEndret":{"type":"string","example":"2017-10-26T00:30:00+01"},"ar":{"type":"number","example":2017},"tak":{"type":"number","example":1},"utbetalinghistorikker":{"type":"array","items":{"$ref":"#/components/schemas/UtbetalingHistorikk"}},"kontonummer":{"type":"string","description":"Oppgis kun for utbetalinger som er kjørt ut fra Frikortløsningen. Kontonummer som ble brukt for utbetalingen. Hvis den er tom og utbetalingen er kjørt ut, ble det brukt utbetalingsblankett.","example":"12341212345"},"annulleringsgrunn":{"type":"string","example":"UGYLDIG_KONTONUMMER"}}},"UtbetalingHistorikk":{"type":"object","properties":{"utbetalingshistorikkid":{"type":"number","example":546843165},"utbetalingid":{"type":"number","example":83982045},"utbetalingsstatuskode":{"type":"string","description":"Kode for status på utbetaling. Mulige verdier er GODKJENT, SENDT, UTBETALT, RESENDT, FEILET, AVVIST, UAVHENTET, VENTER, SKAL_ANNULLERES, ANNULLERING_SENDT, ANNULLERT, ANNULLERING_FEILET, FORELDET.","example":"UTBETALT"},"merknad":{"type":"string","example":"Minstepensjonistregel"},"datoGjelderFra":{"type":"string","description":"Datoen for når utbetalingen skal kjøres ut fra Frikortløsningen. Angis ikke for utbetalinger som er kjørt ut.","example":"2017-11-05T00:00:00+01"},"datoUtbetalt":{"type":"string","description":"Datoen for når utbetalingen ble kjørt ut fra Frikortløsningen.","example":"2017-11-05T00:00:00+01"},"datoEndret":{"type":"string","example":"2017-10-26T00:30:00+01"}}},"EgenandelMerknadskode":{"type":"object","properties":{"merknadid":{"type":"number","example":234242686},"egenandelsid":{"type":"number","example":98456803},"merknadskode":{"type":"string","description":"Merknadskode fra kildesystem (normalt Kuhr)","example":"517"}}},"Samhandler":{"type":"object","properties":{"samhandlerid":{"type":"number","example":23783409},"samhandlernr":{"type":"string","example":"945348345"},"navn":{"type":"string","example":"Ole Lege"},"kommunenr":{"type":"string","example":"0347"},"avdelingsnr":{"type":"string","example":"1012"},"praksisvirksomhetsid":{"type":"string","example":"2"},"praksistype":{"type":"string","example":"Legevakt"},"tknr":{"type":"string","example":"0347"},"region":{"type":"string","example":"2340"},"praksisnavn":{"type":"string","example":"Sentrum legevakt"}}},"NyEgenandel":{"type":"object","properties":{"borgerid":{"type":"number","example":480947},"egenandelskode":{"type":"string","description":"Kode for årsak til egenandelsfritak. Lovlige verdier er A (annen), C (ikke fritak), E (forevist kommunalt frikort), F (frikort), M (minstepensjonist).","example":"C"},"enkeltregningsstatuskode":{"type":"string","description":"Status på egenandel fra avgivende system. Lovlige verdier er godkjent, avvist, avkortet, manuelt_avvist, kreditering, kreditert, manuelt_godkjent.","example":"godkjent"},"samhandlertypekode":{"type":"string","description":"Kode for type samhandler. Lovlige verdier er A (apotek), S (sykehusapotek), B (bandasjist), LE (lege), HS (helsestasjon), PO (poliklinikk), LR (lab/-røntgen), PS (psykolog), PR (pasientreiser), FT (fysioterapi), TB (tannbehandling), RH (rehabiliteringsopphold), BR (behandlingsreiser)","example":"LE"},"egenandelsbelop":{"type":"string","example":"135.40"},"egenandelssats":{"type":"string","example":"135.40"},"datoTjeneste":{"type":"string","example":"2017-08-22T14:30:00+01"},"datoKjop":{"type":"string","description":"Kun interessant ved kjøp av medisiner for perioder frem i tid. I slike tilfeller vil datoTjeneste være lik periodens start, mens datoKjop er lik tidspunkt når borger faktisk betalte egenandelen. ","example":"2017-08-22T14:30:00+01"},"eksternmerknad":{"type":"string","description":"Merknad fra kildesystem.","example":"Betalt egenandel avviker fra beregnet egenandel: Beregnet 74.49."},"enkeltregningsid":{"type":"string","description":"Enkeltregningsid fra kildesystem.","example":"391251554"},"enkeltregningsnr":{"type":"string","description":"Enkeltregningsnr fra samhandler.","example":"100948771900004"},"betalt":{"type":"boolean","description":"Om egenandelen er betalt, eller innsendt før borger faktisk har betalt egenandelen.","example":true},"merknadskoder":{"type":"array","items":{"$ref":"#/components/schemas/EgenandelMerknadskode"}},"samhandler":{"$ref":"#/components/schemas/Samhandler"}}},"Borger":{"type":"object","properties":{"borgerid":{"type":"number","example":480947},"ident":{"type":"string","description":"Normalt borgers fødselsnummer, men kan også være fødselsdato eller annen ikke komplett ident.","example":"1018012345"},"reservertFraLosning":{"type":"boolean","description":"Angir om borger har reservert seg fra automatikken i Frikortløsningen."},"tknr":{"type":"string","description":"Trygdekontornummer, som er det samme som kommunenummer, og for Oslo, bydelsnummer. To første siffer er fylkesnummer.","example":"329.0"},"datoOpprettet":{"type":"string","example":"2017-10-26T00:30:00+01"},"datoEndret":{"type":"string","example":"2017-10-26T00:30:00+01"},"utbetalingerstoppet":{"type":"boolean","description":"Angir om det er sperret for utbetalinger fra Frikortløsningen på denne borgeren."},"prosessmerknad":{"type":"string","description":"Merknad satt av automatiske prosesser.","example":"Frikort innvilget"},"saksbehandlermerknad":{"type":"string"},"egenansatt":{"type":"boolean","description":"Angir om borger er flagget som egenansatt (ansatt i HELFO) i Frikortløsningen."},"kontonummer":{"type":"string","example":"12341212345"},"kodePersonStatus":{"type":"string","description":"Statuskode for borgeren. Mulige verdier er UTVANDRET og DOD (død).","example":"UTVANDRET"},"erMinstepensjonist":{"type":"boolean","description":"Angir om borgeren er registrert som minstepensjonist."},"adresse":{"$ref":"#/components/schemas/Adresse"},"borgerhistorikker":{"type":"array","items":{"$ref":"#/components/schemas/BorgerHistorikk"}}}},"Adresse":{"type":"object","properties":{"adresselinje1":{"type":"string","example":"H0201"},"adresselinje2":{"type":"string","example":"Storgata 11"},"adresselinje3":{"type":"string","example":"Øvreby"},"postnr":{"type":"string","example":"0304"},"poststed":{"type":"string","example":"OSLO"},"landkode":{"type":"string","example":"NOR"},"land":{"type":"string","example":"NORGE"}}},"BorgerHistorikk":{"type":"object","properties":{"borgerhistorikkid":{"type":"number","example":5794766},"borgerid":{"type":"number","example":480947},"ident":{"type":"string","description":"Normalt borgers fødselsnummer, men kan også være fødselsdato eller annen ikke komplett ident.","example":"1018012345"},"tknr":{"type":"string","description":"Trygdekontornummer, som er det samme som kommunenummer, og for Oslo, bydelsnummer. To første siffer er fylkesnummer.","example":"329.0"},"reservertFraLosning":{"type":"boolean","description":"Angir om borger har reservert seg fra automatikken i Frikortløsningen."},"datoEndret":{"type":"string","example":"2017-10-26T00:30:00+01"},"finnesITps":{"type":"boolean","description":"Angir om det ble funnet en borger i TPS (NAVs kopi av Folkeregisteret) med oppgitt ident."},"utbetalingerstoppet":{"type":"boolean","description":"Angir om det er sperret for utbetalinger fra Frikortløsningen på denne borgeren."},"prosessmerknad":{"type":"string","description":"Merknad satt av automatiske prosesser.","example":"Frikort innvilget"},"egenansatt":{"type":"boolean","description":"Angir om borger er flagget som egenansatt (ansatt i HELFO) i Frikortløsningen."},"saksbehandlermerknad":{"type":"string"},"kontonummer":{"type":"string","example":"12341212345"},"kodePersonStatus":{"type":"string","description":"Statuskode for borgeren. Mulige verdier er UTVANDRET og DOD (død).","example":"UTVANDRET"}}}}}}