{"openapi":"3.0.0","info":{"title":"Syndeo North API","description":"This is API list that provides ability to compute user to spin up/down compute resources and manage installed applications.","contact":{"name":"Nazar Topolnytskyi","email":"ntopolnytskyi@vidscale.com"},"license":{"name":"Private"},"version":"1.0.0"},"servers":[{"url":"https://virtserver.swaggerhub.com/NazarT/cscompute10/1.0.0","description":"SwaggerHub API Auto Mocking"},{"url":"https://virtserver.swaggerhub.com/NazarT/cscompute10"}],"tags":[{"name":"info","description":"Informational block that is requiered for compute cluster provisioning. Conatains images and machine flavors."},{"name":"provisioning","description":"Compute user area where user can provision compute resources"},{"name":"projects","description":"Set of API functions for managing project"},{"name":"clusters","description":"Set of API functions for managing user defined clusters"}],"paths":{"/syndeo/v1/location_info":{"get":{"tags":["info"],"summary":"Searches location information","description":"Used in order to get information about existance and allowed to use\nlocations provided by Syndeo environement.\n","operationId":"locationInfo","parameters":[{"name":"brand_id","in":"query","description":"Parameter that identifies brand value. Default value is \"_udn_\"","required":false,"style":"form","explode":true,"schema":{"$ref":"#/components/schemas/BrandId"}},{"name":"view","in":"query","description":"Modifies the output and gives the whole information including \nnormally hidden from Compute user. Use __'admin'__ value to see the whole\ninformation includeing Compute Provider accounts, groups and location IDs etc.\n* admin - shows the full information\n* user - shows the limited number of parmaeters\n","required":false,"style":"form","explode":true,"schema":{"$ref":"#/components/schemas/View"}}],"responses":{"200":{"description":"List of possible locations","content":{"application/json":{"schema":{"allOf":[{"$ref":"#/components/schemas/PagedResponse"},{"properties":{"data":{"type":"array","items":{"$ref":"#/components/schemas/LocationInfo"}}}}]}}}},"401":{"description":"Missing, invalid, or expired token","content":{"application/json":{"schema":{"allOf":[{"$ref":"#/components/schemas/ResponseError"},{"example":{"error":{"args":{"error":"Token is either expired or invalid"},"id":150020,"text":"AAA service error: Token is either expired or invalid"},"message":"AAA service error: Token is either expired or invalid"}}]}}}}}}},"/syndeo/v1/instance_info":{"get":{"tags":["info"],"summary":"Searches instance information","description":"Used in order to get information about existance and allowed to use\ninstance flavors provided by Syndeo environement.\n","operationId":"instanceInfo","parameters":[{"name":"brand_id","in":"query","description":"Parameter that identifies brand value. Default value is \"_udn_\"","required":false,"style":"form","explode":true,"schema":{"$ref":"#/components/schemas/BrandId"}},{"name":"view","in":"query","description":"Modifies the output and gives the whole information including \nnormally hidden from Compute user. Use __'admin'__ value to see the whole\ninformation includeing Compute Provider accounts, groups and location IDs etc.\n* admin - shows the full information\n* user - shows the limited number of parmaeters\n","required":false,"style":"form","explode":true,"schema":{"$ref":"#/components/schemas/View"}}],"responses":{"200":{"description":"List of possible instances","content":{"application/json":{"schema":{"allOf":[{"$ref":"#/components/schemas/PagedResponse"},{"properties":{"data":{"type":"array","items":{"$ref":"#/components/schemas/LocationInfo"}}}}]}}}},"401":{"description":"Missing, invalid, or expired token","content":{"application/json":{"schema":{"allOf":[{"$ref":"#/components/schemas/ResponseError"},{"example":{"error":{"args":{"error":"Token is either expired or invalid"},"id":150020,"text":"AAA service error: Token is either expired or invalid"},"message":"AAA service error: Token is either expired or invalid"}}]}}}}}}},"/syndeo/v1/projects":{"get":{"tags":["provisioning","projects"],"description":"Used in order to get the list of created projects. Depending on user level different amount of information will be returned. F.e. super user will see all projects in the whole environment regular user will see all project created for particular account and group.\n","parameters":[{"name":"brand_id","in":"query","description":"Parameter that identifies brand value. Default value is \"_udn_\"","required":false,"style":"form","explode":true,"schema":{"$ref":"#/components/schemas/BrandId"}},{"name":"account_id","in":"query","description":"Account identifier that is assigned to compute user","required":false,"style":"form","explode":true,"schema":{"$ref":"#/components/schemas/AccountId"}},{"name":"group_id","in":"query","description":"Group or subdivion identifier that is assigned to compute user","required":false,"style":"form","explode":true,"schema":{"$ref":"#/components/schemas/GroupId"}}],"responses":{"200":{"description":"List of created projects","content":{"application/json":{"schema":{"allOf":[{"$ref":"#/components/schemas/PagedResponse"},{"properties":{"data":{"type":"array","items":{"$ref":"#/components/schemas/Project"}}}}]}}}},"400":{"description":"Missing or invalid group ID","content":{"application/json":{"schema":{"allOf":[{"$ref":"#/components/schemas/ResponseError"},{"example":{"error":{"args":{"error":"Parameter group_id is not specified"},"id":13320,"text":"Parameter is not specified"},"message":"Action failed"}}]}}}},"401":{"description":"Missing, invalid, or expired token","content":{"application/json":{"schema":{"allOf":[{"$ref":"#/components/schemas/ResponseError"},{"example":{"error":{"args":{"error":"Token is either expired or invalid"},"id":150020,"text":"AAA service error: Token is either expired or invalid"},"message":"AAA service error: Token is either expired or invalid"}}]}}}},"404":{"description":"Resource, IP address or subnet not found","content":{"application/json":{"schema":{"allOf":[{"$ref":"#/components/schemas/ResponseError"},{"example":{"error":{"args":{"error":"Resource mydemo is not found"},"id":134490,"text":"Object is not found"},"message":"Object is not found"}}]}}}}}},"post":{"tags":["provisioning","projects"],"description":"Create a new project defined by compute user. All requiered data is inside of request body.\n","parameters":[{"name":"brand_id","in":"query","description":"Parameter that identifies brand value. Default value is \"_udn_\"","required":false,"style":"form","explode":true,"schema":{"$ref":"#/components/schemas/BrandId"}}],"requestBody":{"$ref":"#/components/requestBodies/Project"},"responses":{"200":{"description":"Created project","content":{"application/json":{"schema":{"allOf":[{"$ref":"#/components/schemas/Project"}]}}}},"400":{"description":"Missing or invalid group ID","content":{"application/json":{"schema":{"allOf":[{"$ref":"#/components/schemas/ResponseError"},{"example":{"error":{"args":{"error":"Parameter group_id is not specified"},"id":13320,"text":"Parameter is not specified"},"message":"Action failed"}}]}}}},"401":{"description":"Missing, invalid, or expired token","content":{"application/json":{"schema":{"allOf":[{"$ref":"#/components/schemas/ResponseError"},{"example":{"error":{"args":{"error":"Token is either expired or invalid"},"id":150020,"text":"AAA service error: Token is either expired or invalid"},"message":"AAA service error: Token is either expired or invalid"}}]}}}}}}},"/syndeo/v1/projects/{project_id}":{"get":{"tags":["provisioning","projects"],"description":"Used in order to get specific project infomration. F.e. get project with name _internal_ for account _1333_ and group _444_.\n","parameters":[{"name":"project_id","in":"path","description":"project identifier previously created by compute user","required":true,"style":"simple","explode":false,"schema":{"$ref":"#/components/schemas/ProjectId"}},{"name":"account_id","in":"query","description":"Account identifier that is assigned to compute user","required":true,"style":"form","explode":true,"schema":{"$ref":"#/components/schemas/AccountId"}},{"name":"group_id","in":"query","description":"Group or subdivion identifier that is assigned to compute user","required":true,"style":"form","explode":true,"schema":{"$ref":"#/components/schemas/GroupId"}},{"name":"brand_id","in":"query","description":"Parameter that identifies brand value. Default value is \"_udn_\"","required":false,"style":"form","explode":true,"schema":{"$ref":"#/components/schemas/BrandId"}}],"responses":{"200":{"description":"Created project","content":{"application/json":{"schema":{"allOf":[{"$ref":"#/components/schemas/Project"}]}}}},"400":{"description":"Missing or invalid group ID","content":{"application/json":{"schema":{"allOf":[{"$ref":"#/components/schemas/ResponseError"},{"example":{"error":{"args":{"error":"Parameter group_id is not specified"},"id":13320,"text":"Parameter is not specified"},"message":"Action failed"}}]}}}},"401":{"description":"Missing, invalid, or expired token","content":{"application/json":{"schema":{"allOf":[{"$ref":"#/components/schemas/ResponseError"},{"example":{"error":{"args":{"error":"Token is either expired or invalid"},"id":150020,"text":"AAA service error: Token is either expired or invalid"},"message":"AAA service error: Token is either expired or invalid"}}]}}}},"404":{"description":"Resource, IP address or subnet not found","content":{"application/json":{"schema":{"allOf":[{"$ref":"#/components/schemas/ResponseError"},{"example":{"error":{"args":{"error":"Resource mydemo is not found"},"id":134490,"text":"Object is not found"},"message":"Object is not found"}}]}}}}}},"delete":{"tags":["provisioning","projects"],"description":"Deletes the specific project for some specific account and group user. F.e. delete project with name _internal_ for account _1333_ and group _444_.\n","parameters":[{"name":"project_id","in":"path","description":"project identifier previously created by compute user","required":true,"style":"simple","explode":false,"schema":{"$ref":"#/components/schemas/ProjectId"}},{"name":"account_id","in":"query","description":"Account identifier that is assigned to compute user","required":true,"style":"form","explode":true,"schema":{"$ref":"#/components/schemas/AccountId"}},{"name":"group_id","in":"query","description":"Group or subdivion identifier that is assigned to compute user","required":true,"style":"form","explode":true,"schema":{"$ref":"#/components/schemas/GroupId"}},{"name":"brand_id","in":"query","description":"Parameter that identifies brand value. Default value is \"_udn_\"","required":false,"style":"form","explode":true,"schema":{"$ref":"#/components/schemas/BrandId"}}],"responses":{"204":{"description":"Project has been found and removed"},"400":{"description":"Missing or invalid group ID","content":{"application/json":{"schema":{"allOf":[{"$ref":"#/components/schemas/ResponseError"},{"example":{"error":{"args":{"error":"Parameter group_id is not specified"},"id":13320,"text":"Parameter is not specified"},"message":"Action failed"}}]}}}},"401":{"description":"Missing, invalid, or expired token","content":{"application/json":{"schema":{"allOf":[{"$ref":"#/components/schemas/ResponseError"},{"example":{"error":{"args":{"error":"Token is either expired or invalid"},"id":150020,"text":"AAA service error: Token is either expired or invalid"},"message":"AAA service error: Token is either expired or invalid"}}]}}}}}}},"/syndeo/v1/clusters":{"get":{"tags":["provisioning","clusters"],"description":"Used in order to get the list of created clusters. The list of cluster depends on optional parameters. F.e user may whant to view all cluster associated with his account and group, super user may whant to view all cluster for specific account and project name.\n","parameters":[{"name":"brand_id","in":"query","description":"Parameter that identifies brand value. Default value is \"_udn_\"","required":false,"style":"form","explode":true,"schema":{"$ref":"#/components/schemas/BrandId"}},{"name":"account_id","in":"query","description":"Account identifier that is assigned to compute user","required":false,"style":"form","explode":true,"schema":{"$ref":"#/components/schemas/AccountId"}},{"name":"group_id","in":"query","description":"Group or subdivion identifier that is assigned to compute user","required":false,"style":"form","explode":true,"schema":{"$ref":"#/components/schemas/GroupId"}},{"name":"project_id","in":"query","description":"project identifier defined by compute user","required":false,"style":"form","explode":true,"schema":{"$ref":"#/components/schemas/ProjectId"}},{"name":"cluster_id","in":"query","description":"Cluster identifier created by compute user","required":false,"style":"form","explode":true,"schema":{"$ref":"#/components/schemas/ClusterId"}}],"responses":{"200":{"description":"List of created clusters","content":{"application/json":{"schema":{"allOf":[{"$ref":"#/components/schemas/PagedResponse"},{"properties":{"data":{"type":"array","items":{"$ref":"#/components/schemas/Cluster"}}}}]}}}},"400":{"description":"Missing or invalid group ID","content":{"application/json":{"schema":{"allOf":[{"$ref":"#/components/schemas/ResponseError"},{"example":{"error":{"args":{"error":"Parameter group_id is not specified"},"id":13320,"text":"Parameter is not specified"},"message":"Action failed"}}]}}}},"401":{"description":"Missing, invalid, or expired token","content":{"application/json":{"schema":{"allOf":[{"$ref":"#/components/schemas/ResponseError"},{"example":{"error":{"args":{"error":"Token is either expired or invalid"},"id":150020,"text":"AAA service error: Token is either expired or invalid"},"message":"AAA service error: Token is either expired or invalid"}}]}}}},"404":{"description":"Resource, IP address or subnet not found","content":{"application/json":{"schema":{"allOf":[{"$ref":"#/components/schemas/ResponseError"},{"example":{"error":{"args":{"error":"Resource mydemo is not found"},"id":134490,"text":"Object is not found"},"message":"Object is not found"}}]}}}}}},"post":{"tags":["provisioning","clusters"],"description":"Creates cluster and associates it with some project. All requiered data is inside of request body.\n","parameters":[{"name":"brand_id","in":"query","description":"Parameter that identifies brand value. Default value is \"_udn_\"","required":false,"style":"form","explode":true,"schema":{"$ref":"#/components/schemas/BrandId"}}],"requestBody":{"$ref":"#/components/requestBodies/Cluster"},"responses":{"200":{"description":"Created cluster","content":{"application/json":{"schema":{"allOf":[{"$ref":"#/components/schemas/Cluster"}]}}}},"400":{"description":"Missing or invalid group ID","content":{"application/json":{"schema":{"allOf":[{"$ref":"#/components/schemas/ResponseError"},{"example":{"error":{"args":{"error":"Parameter group_id is not specified"},"id":13320,"text":"Parameter is not specified"},"message":"Action failed"}}]}}}},"401":{"description":"Missing, invalid, or expired token","content":{"application/json":{"schema":{"allOf":[{"$ref":"#/components/schemas/ResponseError"},{"example":{"error":{"args":{"error":"Token is either expired or invalid"},"id":150020,"text":"AAA service error: Token is either expired or invalid"},"message":"AAA service error: Token is either expired or invalid"}}]}}}}}}},"/syndeo/v1/clusters/{cluster_id}":{"get":{"tags":["provisioning","clusters"],"description":"Used in order to get specific cluster infomration. F.e. get cluster with name _sjc001_ associated with  project _internal_ for account _1333_ and group _444_.\n","parameters":[{"name":"cluster_id","in":"path","description":"Cluster identifier created by compute user","required":true,"style":"simple","explode":false,"schema":{"$ref":"#/components/schemas/ClusterId"}},{"name":"account_id","in":"query","description":"Account identifier that is assigned to compute user","required":true,"style":"form","explode":true,"schema":{"$ref":"#/components/schemas/AccountId"}},{"name":"group_id","in":"query","description":"Group or subdivion identifier that is assigned to compute user","required":true,"style":"form","explode":true,"schema":{"$ref":"#/components/schemas/GroupId"}},{"name":"project_id","in":"query","description":"project identifier defined by compute user","required":true,"style":"form","explode":true,"schema":{"$ref":"#/components/schemas/ProjectId"}},{"name":"brand_id","in":"query","description":"Parameter that identifies brand value. Default value is \"_udn_\"","required":false,"style":"form","explode":true,"schema":{"$ref":"#/components/schemas/BrandId"}}],"responses":{"200":{"description":"Created cluster","content":{"application/json":{"schema":{"allOf":[{"$ref":"#/components/schemas/Cluster"}]}}}},"400":{"description":"Missing or invalid group ID","content":{"application/json":{"schema":{"allOf":[{"$ref":"#/components/schemas/ResponseError"},{"example":{"error":{"args":{"error":"Parameter group_id is not specified"},"id":13320,"text":"Parameter is not specified"},"message":"Action failed"}}]}}}},"401":{"description":"Missing, invalid, or expired token","content":{"application/json":{"schema":{"allOf":[{"$ref":"#/components/schemas/ResponseError"},{"example":{"error":{"args":{"error":"Token is either expired or invalid"},"id":150020,"text":"AAA service error: Token is either expired or invalid"},"message":"AAA service error: Token is either expired or invalid"}}]}}}},"404":{"description":"Resource, IP address or subnet not found","content":{"application/json":{"schema":{"allOf":[{"$ref":"#/components/schemas/ResponseError"},{"example":{"error":{"args":{"error":"Resource mydemo is not found"},"id":134490,"text":"Object is not found"},"message":"Object is not found"}}]}}}}}},"delete":{"tags":["provisioning","clusters"],"description":"Used in order to delete cluster.F.e. delete cluster with name _sjc001_ associated with  project _internal_ for account _1333_ and group _444_.\n","parameters":[{"name":"brand_id","in":"query","description":"Parameter that identifies brand value. Default value is \"_udn_\"","required":false,"style":"form","explode":true,"schema":{"$ref":"#/components/schemas/BrandId"}},{"name":"cluster_id","in":"path","description":"Cluster identifier created by compute user","required":true,"style":"simple","explode":false,"schema":{"$ref":"#/components/schemas/ClusterId"}},{"name":"account_id","in":"query","description":"Account identifier that is assigned to compute user","required":true,"style":"form","explode":true,"schema":{"$ref":"#/components/schemas/AccountId"}},{"name":"group_id","in":"query","description":"Group or subdivion identifier that is assigned to compute user","required":true,"style":"form","explode":true,"schema":{"$ref":"#/components/schemas/GroupId"}},{"name":"project_id","in":"query","description":"project identifier defined by compute user","required":true,"style":"form","explode":true,"schema":{"$ref":"#/components/schemas/ProjectId"}}],"responses":{"204":{"description":"Cluster has been found and removed"},"400":{"description":"Missing or invalid group ID","content":{"application/json":{"schema":{"allOf":[{"$ref":"#/components/schemas/ResponseError"},{"example":{"error":{"args":{"error":"Parameter group_id is not specified"},"id":13320,"text":"Parameter is not specified"},"message":"Action failed"}}]}}}},"401":{"description":"Missing, invalid, or expired token","content":{"application/json":{"schema":{"allOf":[{"$ref":"#/components/schemas/ResponseError"},{"example":{"error":{"args":{"error":"Token is either expired or invalid"},"id":150020,"text":"AAA service error: Token is either expired or invalid"},"message":"AAA service error: Token is either expired or invalid"}}]}}}},"404":{"description":"Resource, IP address or subnet not found","content":{"application/json":{"schema":{"allOf":[{"$ref":"#/components/schemas/ResponseError"},{"example":{"error":{"args":{"error":"Resource mydemo is not found"},"id":134490,"text":"Object is not found"},"message":"Object is not found"}}]}}}}}}},"/syndeo/v1/instances":{"get":{"tags":["info"],"description":"Used in order to get the list of created instances. Depending on user level different amount of information will be returned. F.e. super user will see all nodes created in syndeo environment.\n","parameters":[{"name":"brand_id","in":"query","description":"Parameter that identifies brand value. Default value is \"_udn_\"","required":false,"style":"form","explode":true,"schema":{"$ref":"#/components/schemas/BrandId"}},{"name":"account_id","in":"query","description":"Account identifier that is assigned to compute user","required":false,"style":"form","explode":true,"schema":{"$ref":"#/components/schemas/AccountId"}},{"name":"group_id","in":"query","description":"Group or subdivion identifier that is assigned to compute user","required":false,"style":"form","explode":true,"schema":{"$ref":"#/components/schemas/GroupId"}},{"name":"project_id","in":"query","description":"project identifier defined by compute user","required":false,"style":"form","explode":true,"schema":{"$ref":"#/components/schemas/ProjectId"}},{"name":"cluster_id","in":"query","description":"Cluster identifier created by compute user","required":false,"style":"form","explode":true,"schema":{"$ref":"#/components/schemas/ClusterId"}}],"responses":{"200":{"description":"List of created instances","content":{"application/json":{"schema":{"allOf":[{"$ref":"#/components/schemas/PagedResponse"},{"properties":{"data":{"type":"array","items":{"$ref":"#/components/schemas/Instance"}}}}]}}}},"400":{"description":"Missing or invalid group ID","content":{"application/json":{"schema":{"allOf":[{"$ref":"#/components/schemas/ResponseError"},{"example":{"error":{"args":{"error":"Parameter group_id is not specified"},"id":13320,"text":"Parameter is not specified"},"message":"Action failed"}}]}}}},"401":{"description":"Missing, invalid, or expired token","content":{"application/json":{"schema":{"allOf":[{"$ref":"#/components/schemas/ResponseError"},{"example":{"error":{"args":{"error":"Token is either expired or invalid"},"id":150020,"text":"AAA service error: Token is either expired or invalid"},"message":"AAA service error: Token is either expired or invalid"}}]}}}},"404":{"description":"Resource, IP address or subnet not found","content":{"application/json":{"schema":{"allOf":[{"$ref":"#/components/schemas/ResponseError"},{"example":{"error":{"args":{"error":"Resource mydemo is not found"},"id":134490,"text":"Object is not found"},"message":"Object is not found"}}]}}}}}}}},"components":{"schemas":{"View":{"type":"string","description":"Type of detalization","example":"user","enum":["admin","user"]},"IataId":{"type":"string","description":"Three letter IATA code that is associated with resource","format":"^[a-z]3$","example":"sjc"},"StatusId":{"type":"string","description":"Describes the status of object","example":"Ready","enum":["Deployment","Install","Ready","Failed","Delete"]},"TimestampObject":{"required":["created_at","updated_at"],"type":"object","properties":{"created_at":{"type":"integer","description":"The time and date that the resource was created.","format":"int32","example":1507112492},"updated_at":{"type":"integer","description":"The time and date that the resource was last updated.","format":"int32","example":1507112892}},"description":"The resource creation and update times."},"BrandId":{"type":"string","description":"Brand identifier","example":"udn","default":"udn"},"BrandIdObject":{"required":["brand_id"],"type":"object","properties":{"brand_id":{"$ref":"#/components/schemas/BrandId"}}},"AccountId":{"type":"string","description":"Account identifier of compute resource owner","example":"10345"},"AccountIdObject":{"required":["account_id"],"type":"object","properties":{"account_id":{"$ref":"#/components/schemas/AccountId"}}},"GroupId":{"type":"string","description":"Group identifier of compute resource owner","example":"40382"},"GroupIdObject":{"required":["group_id"],"type":"object","properties":{"group_id":{"$ref":"#/components/schemas/GroupId"}}},"UniqueId":{"type":"string","description":"Special unique identifier for referencing on provisioning","format":"^[a-zA-Z0-9]8-[a-zA-Z0-9]4-[a-zA-Z0-9]4-[a-zA-Z0-9]4-[a-zA-Z0-9]12$","example":"30a34d92-7f8e-de34-8ad9-4fb9beef2dd6"},"UniqueIdObject":{"required":["uid"],"type":"object","properties":{"uid":{"$ref":"#/components/schemas/UniqueId"}}},"LocationId":{"type":"string","description":"Location Identifier for reference in scope of group","format":"^[a-zA-Z0-9-_\\.]*$","example":"ams01"},"ProjectId":{"type":"string","description":"project identifier in scope of group","format":"^[a-zA-Z0-9-_\\.]*$","example":"internal-env-1"},"InstanceId":{"type":"string","description":"name of machine","format":"^[a-zA-Z0-9-_\\.]*$","example":"k8s-11133-2222-internal-demo-ams.compute.org"},"ProjectIdObject":{"required":["project_id"],"type":"object","properties":{"project_id":{"$ref":"#/components/schemas/ProjectId"}}},"ClusterId":{"type":"string","description":"Cluster identifier in scope of some cluster","format":"^[a-zA-Z0-9-_\\.]*$","example":"sjc001"},"ClusterIdObject":{"required":["cluster_id"],"type":"object","properties":{"cluster_id":{"$ref":"#/components/schemas/ClusterId"}}},"LocationInfo":{"type":"object","properties":{"brand_id":{"$ref":"#/components/schemas/BrandId"},"account_id":{"$ref":"#/components/schemas/AccountId"},"group_id":{"$ref":"#/components/schemas/GroupId"},"id":{"$ref":"#/components/schemas/LocationId"},"city_name":{"type":"string","description":"City where compute resource is located","example":"Salt Lake City"},"cloud_region":{"type":"string","description":"Specific region value of cloud provider (relevant only for \ncloud provider)\n","example":"AZ"},"country_code":{"type":"string","description":"Two letter country code","example":"USA"},"iata_code":{"$ref":"#/components/schemas/IataId"},"lat":{"type":"number","description":"Lattitude value of data center where compute resource is located\n","format":"float","example":-122.232},"lon":{"type":"number","description":"Longitude value of data center where compute resource is located\n","format":"float","example":33.129},"postalcode":{"type":"string","description":"Postal code number","example":"79041"},"state":{"type":"string","description":"State of country","example":"Lviv"},"street":{"type":"string","description":"Street of data center where compute resource is located","example":"15 Tudor st"},"uid":{"$ref":"#/components/schemas/UniqueId"},"cloud_location_id\"":{"type":"string","description":"Specific to cloud provider location identifier","example":"eu-west-1"},"cloud_name\"":{"type":"string","description":"Name of the cloud provider","example":"aws"},"cloud_provider\"":{"type":"string","description":"Name of the cloud provider","example":"aws"},"boundingbox":{"maxItems":4,"minItems":4,"type":"array","description":"Geo box that is covered by location ???","example":[37.3361906,37.3361907,-121.8905834,-121.8905835],"items":{"type":"number","format":"float"}}},"example":{"account_id":1000,"boundingbox":[37.3361906,37.3361907,-121.8905834,-121.8905835],"brand_id":"udn","city_name":"San Jose","cloud_location_id":"sjc01","cloud_name":"UDN Syndeo Open Stack","cloud_provider":"os","cloud_region":"US","country_code":"us","group_id":6000,"iata_code":"sjc","id":"sjc1","lat":37.3361905,"lon":-121.8905833,"postalcode":"95113","state":"California","street":"San Fernando St","uid":"28650c59-6b34-52d3-b662-8bb2bc3a8a54"}},"InstanceInfo":{"type":"object","properties":{"brand_id":{"$ref":"#/components/schemas/BrandId"},"account_id":{"$ref":"#/components/schemas/AccountId"},"group_id":{"$ref":"#/components/schemas/GroupId"},"id":{"type":"string","description":"Instance Identifier for reference in scope of group","format":"^[a-zA-Z0-9-_\\.]*$"},"location_id":{"$ref":"#/components/schemas/LocationId"},"CPU":{"type":"integer","description":"Number of virtual CPUs provided by instance","example":4},"HDD":{"type":"string","description":"Maximum amount of HDD space provided by instance","format":"^[0-9]+(GB|MB)$","example":"80GB"},"RAM":{"type":"string","description":"Maximum amount of PAM space provided by instance8GB","format":"^[0-9]+(GB|MB)$","example":"8GB"},"os":{"type":"string","description":"OS that will be installed during node creation","example":"ubuntu_16_04"},"project_id":{"type":"string","description":"Project scope where node wil be created","example":"syndeo","default":"syndeo","enum":["syndeo"]},"uid":{"$ref":"#/components/schemas/UniqueId"}},"example":{"CPU":4,"HDD":"80GB","RAM":"8GB","account_id":1,"brand_id":"udn","group_id":6,"id":"m1-large","location_id":"ams01","os":"ubuntu-16.04-v1","project_id":"syndeo","uid":"0aab8469-0354-5872-b492-876859e1c067"}},"ProjectCreate":{"allOf":[{"$ref":"#/components/schemas/AccountIdObject"},{"$ref":"#/components/schemas/GroupIdObject"},{"title":"Project object on create","required":["id"],"type":"object","properties":{"id":{"$ref":"#/components/schemas/ProjectId"},"description":{"type":"string","description":"User defined project description text","example":"Environment for demo purpose. Created by Nazar"}},"description":"Object that represents project data requiered on creation","example":{"account_id":40223,"description":"Syndeo internal demo test","group_id":50223,"id":"internal"}}]},"Project":{"allOf":[{"$ref":"#/components/schemas/BrandIdObject"},{"$ref":"#/components/schemas/ProjectCreate"},{"$ref":"#/components/schemas/TimestampObject"},{"$ref":"#/components/schemas/UniqueIdObject"},{"title":"Object that represents project information","required":["description"],"type":"object","description":"Object that represent project data and plays role\nof container of clusters\n","example":{"account_id":40223,"brand_id":"udn","created_at":1503505334,"description":"Syndeo internal demo test","group_id":50223,"id":"internal","uid":"30a34d92-7f8e-5af6-8ac9-4fb94e6b2dd6","updated_at":150350533}}]},"Storage":{"type":"object","properties":{"size":{"maximum":99999,"minimum":1,"type":"integer","description":"The total amount of storage associated with cluster in GBi","example":2000},"type":{"type":"string","description":"The type of provisioning","example":"Dynamic","enum":["Dynamic","Static"]},"volume_type":{"type":"string","description":"The type of volume","example":"Spinning","enum":["Spinning","SSD"]},"access_mode":{"type":"string","description":"The access mode of storage","example":"ReadWriteOnce","enum":["ReadWriteOnce","ReadOnlyMany","ReadWriteMany"]},"reclamation":{"type":"string","description":"The reclaim policy","example":"Delete","enum":["Retain","Recycle","Delete"]}},"example":{"size":2000,"type":"Dynamic","volume_type":"Spinning","access_mode":"ReadWriteOnce","reclamation":"Delete"}},"Network":{"type":"object","properties":{"public_ips":{"maximum":2E+1,"minimum":0,"type":"integer","description":"The total amount of public IPs associated with cluster. Value _0_ means total number of VM nodes","example":0},"pod_subnet":{"type":"string","description":"The sub network for PODs","format":"^(([0-9]|[1-9][0-9]|1[0-9]{2}|2[0-4][0-9]|25[0-5])\\.){3}([0-9]|[1-9][0-9]|1[0-9]{2}|2[0-4][0-9]|25[0-5])(\\/([1-2][0-9]|3[0-2]))$","example":"10.233.64.0/18"},"service_addresses":{"type":"string","description":"The sub network for PODs","format":"^(([0-9]|[1-9][0-9]|1[0-9]{2}|2[0-4][0-9]|25[0-5])\\.){3}([0-9]|[1-9][0-9]|1[0-9]{2}|2[0-4][0-9]|25[0-5])(\\/([1-2][0-9]|3[0-2]))$","example":"10.233.0.0/18"}},"example":{"public_ips":0,"pod_subnet":"10.233.64.0/18","service_addresses":"10.233.0.0/18"}},"ClusterCreate":{"allOf":[{"$ref":"#/components/schemas/AccountIdObject"},{"$ref":"#/components/schemas/GroupIdObject"},{"$ref":"#/components/schemas/ProjectIdObject"},{"title":"Cluster object on create","required":["iata","id","instance_configuration_uid","k8s_workers","location_uid"],"type":"object","properties":{"id":{"$ref":"#/components/schemas/ClusterId"},"description":{"type":"string","description":"User defined cluster description text","example":"Cluster in Amsterdam for demo purpose. Created by Nazar"},"iata":{"$ref":"#/components/schemas/IataId"},"location_uid":{"allOf":[{"$ref":"#/components/schemas/UniqueId"},{"description":"Unique identifier of location where cluster is going \nto be created\n"}]},"instance_configuration_uid":{"allOf":[{"$ref":"#/components/schemas/UniqueId"},{"description":"Unique identifier of instance used for worker VM nodes\n"}]},"master_instance_configuration_uid":{"allOf":[{"$ref":"#/components/schemas/UniqueId"},{"description":"Unique identifier of instance used for master VM nodes. Parameter _instance_configuration_uid_ is used if missed.\n"}]},"workers":{"maximum":3,"minimum":1,"type":"integer","example":2},"k8s_password":{"type":"string","example":"secret"},"storage":{"allOf":[{"$ref":"#/components/schemas/Storage"}]},"network":{"allOf":[{"$ref":"#/components/schemas/Network"}]},"ssh_pub_key":{"type":"string","example":"SOME SSH KEY"}},"description":"Object for cluster creation in scope of some project","example":{"account_id":40223,"brand_id":"udn","project_id":"internal","description":"Syndeo internal demo test","group_id":50223,"iata":"ams","id":"demo","instance_configuration_uid":"0aab8469-0354-5872-b492-876859e1c067","master_instance_configuration_uid":"0aab8469-0354-5872-b492-876859e1c067","k8s_password":"demoPass","k8s_workers":1,"location_uid":"8ca43400-d4ab-5010-8048-ccba7e1a431a","ssh_pub_key":"REDACTED","storage":{"size":2000,"type":"Dynamic","volume_type":"Spinning","access_mode":"ReadWriteOnce","reclamation":"Delete"},"network":{"public_ips":0,"pod_subnet":"10.233.64.0/18","service_addresses":"10.233.0.0/18"}}}]},"Cluster":{"allOf":[{"$ref":"#/components/schemas/BrandIdObject"},{"$ref":"#/components/schemas/ClusterCreate"},{"$ref":"#/components/schemas/TimestampObject"},{"$ref":"#/components/schemas/UniqueIdObject"},{"title":"Cluster information","required":["description","job_id","k8s_password","ssh_pub_key","status"],"type":"object","properties":{"job_id":{"type":"string"},"status":{"$ref":"#/components/schemas/StatusId"}},"description":"Object that represents cluster deployed under some project","example":{"account_id":40223,"brand_id":"udn","project_id":"internal","description":"Syndeo internal demo test","group_id":50223,"iata":"ams","id":"demo","instance_configuration_uid":"0aab8469-0354-5872-b492-876859e1c067","master_instance_configuration_uid":"0aab8469-0354-5872-b492-876859e1c067","k8s_password":"demoPass","k8s_workers":1,"location_uid":"8ca43400-d4ab-5010-8048-ccba7e1a431a","ssh_pub_key":"REDACTED","storage":{"size":2000,"type":"Dynamic","volume_type":"Spinning","access_mode":"ReadWriteOnce","reclamation":"Delete"},"network":{"public_ips":0,"pod_subnet":"10.233.64.0/18","service_addresses":"10.233.0.0/18"},"status":"Ready","uid":"1058bb71-cc0c-5cfb-8e56-5361a702c29b","job_id":"None","created_at":1503572157,"updated_at":150357217}}]},"Instance":{"allOf":[{"$ref":"#/components/schemas/BrandIdObject"},{"$ref":"#/components/schemas/AccountIdObject"},{"$ref":"#/components/schemas/GroupIdObject"},{"$ref":"#/components/schemas/ProjectIdObject"},{"$ref":"#/components/schemas/ClusterIdObject"},{"$ref":"#/components/schemas/TimestampObject"},{"$ref":"#/components/schemas/UniqueIdObject"},{"title":"Instance bject","required":["id"],"type":"object","properties":{"id":{"$ref":"#/components/schemas/InstanceId"}},"description":"Object that represents one deployed instance(VM)","example":{"brand_id":"udn","account_id":40223,"group_id":50223,"project_id":"internal","cluster_id":"demo","created_at":1503505334,"uid":"30a34d92-7f8e-5af6-8ac9-4fb94e6b2dd6","updated_at":150350533,"id":"k8s-40223-50223-internal-demo-ams1.compute.org"}}]},"PagedResponse":{"type":"object","properties":{"fields":{"type":"string","nullable":true},"filter_by":{"type":"string","nullable":true},"filter_case_sensitive":{"type":"boolean","default":true},"filter_value":{"type":"string","nullable":true},"offset":{"type":"integer","default":0},"page_size":{"type":"integer","default":50},"sort_by":{"type":"string","nullable":true},"sort_order":{"type":"string","nullable":true,"enum":["asc","desc"]},"total":{"type":"integer"}}},"ErrorArgs":{"type":"object","properties":{"error":{"type":"string","description":"Details about the error","example":"Cluster ID my-nonexist-cluster-01 is not found"}}},"Error":{"required":["text"],"type":"object","properties":{"args":{"$ref":"#/components/schemas/ErrorArgs"},"id":{"type":"number","description":"Error code number","example":1.52E+3},"text":{"type":"string","description":"Some summary text about the problem","example":"Wrong cluster ID passed"}}},"ResponseError":{"required":["error","message"],"type":"object","properties":{"error":{"$ref":"#/components/schemas/Error"},"message":{"type":"string","description":"Brief error message","example":"Something goes wrong. Failed to create new object"}}}},"responses":{"Project":{"description":"Created project","content":{"application/json":{"schema":{"allOf":[{"$ref":"#/components/schemas/Project"}]}}}},"ProjectList":{"description":"List of created projects","content":{"application/json":{"schema":{"allOf":[{"$ref":"#/components/schemas/PagedResponse"},{"properties":{"data":{"type":"array","items":{"$ref":"#/components/schemas/Project"}}}}]}}}},"Cluster":{"description":"Created cluster","content":{"application/json":{"schema":{"allOf":[{"$ref":"#/components/schemas/Cluster"}]}}}},"ClusterList":{"description":"List of created clusters","content":{"application/json":{"schema":{"allOf":[{"$ref":"#/components/schemas/PagedResponse"},{"properties":{"data":{"type":"array","items":{"$ref":"#/components/schemas/Cluster"}}}}]}}}},"InstanceList":{"description":"List of created instances","content":{"application/json":{"schema":{"allOf":[{"$ref":"#/components/schemas/PagedResponse"},{"properties":{"data":{"type":"array","items":{"$ref":"#/components/schemas/Instance"}}}}]}}}},"InstanceInfoList":{"description":"List of possible instances","content":{"application/json":{"schema":{"allOf":[{"$ref":"#/components/schemas/PagedResponse"},{"properties":{"data":{"type":"array","items":{"$ref":"#/components/schemas/LocationInfo"}}}}]}}}},"LocationInfoList":{"description":"List of possible locations","content":{"application/json":{"schema":{"allOf":[{"$ref":"#/components/schemas/PagedResponse"},{"properties":{"data":{"type":"array","items":{"$ref":"#/components/schemas/LocationInfo"}}}}]}}}},"Unauthorized":{"description":"Missing, invalid, or expired token","content":{"application/json":{"schema":{"allOf":[{"$ref":"#/components/schemas/ResponseError"},{"example":{"error":{"args":{"error":"Token is either expired or invalid"},"id":150020,"text":"AAA service error: Token is either expired or invalid"},"message":"AAA service error: Token is either expired or invalid"}}]}}}},"BadRequest":{"description":"Missing or invalid group ID","content":{"application/json":{"schema":{"allOf":[{"$ref":"#/components/schemas/ResponseError"},{"example":{"error":{"args":{"error":"Parameter group_id is not specified"},"id":13320,"text":"Parameter is not specified"},"message":"Action failed"}}]}}}},"NotFound":{"description":"Resource, IP address or subnet not found","content":{"application/json":{"schema":{"allOf":[{"$ref":"#/components/schemas/ResponseError"},{"example":{"error":{"args":{"error":"Resource mydemo is not found"},"id":134490,"text":"Object is not found"},"message":"Object is not found"}}]}}}}},"parameters":{"BrandInPath":{"name":"brand","in":"path","description":"Parameter that identifies brand value.","required":true,"style":"simple","explode":false,"schema":{"$ref":"#/components/schemas/BrandId"}},"BrandOptional":{"name":"brand_id","in":"query","description":"Parameter that identifies brand value. Default value is \"_udn_\"","required":false,"style":"form","explode":true,"schema":{"$ref":"#/components/schemas/BrandId"}},"View":{"name":"view","in":"query","description":"Modifies the output and gives the whole information including \nnormally hidden from Compute user. Use __'admin'__ value to see the whole\ninformation includeing Compute Provider accounts, groups and location IDs etc.\n* admin - shows the full information\n* user - shows the limited number of parmaeters\n","required":false,"style":"form","explode":true,"schema":{"$ref":"#/components/schemas/View"}},"Account":{"name":"account_id","in":"query","description":"Account identifier that is assigned to compute user","required":true,"style":"form","explode":true,"schema":{"$ref":"#/components/schemas/AccountId"}},"AccountOptional":{"name":"account_id","in":"query","description":"Account identifier that is assigned to compute user","required":false,"style":"form","explode":true,"schema":{"$ref":"#/components/schemas/AccountId"}},"Group":{"name":"group_id","in":"query","description":"Group or subdivion identifier that is assigned to compute user","required":true,"style":"form","explode":true,"schema":{"$ref":"#/components/schemas/GroupId"}},"GroupOptional":{"name":"group_id","in":"query","description":"Group or subdivion identifier that is assigned to compute user","required":false,"style":"form","explode":true,"schema":{"$ref":"#/components/schemas/GroupId"}},"ProjectInPath":{"name":"project_id","in":"path","description":"project identifier previously created by compute user","required":true,"style":"simple","explode":false,"schema":{"$ref":"#/components/schemas/ProjectId"}},"ProjectOptional":{"name":"project_id","in":"query","description":"project identifier defined by compute user","required":false,"style":"form","explode":true,"schema":{"$ref":"#/components/schemas/ProjectId"}},"Project":{"name":"project_id","in":"query","description":"project identifier defined by compute user","required":true,"style":"form","explode":true,"schema":{"$ref":"#/components/schemas/ProjectId"}},"ClusterInPath":{"name":"cluster_id","in":"path","description":"Cluster identifier created by compute user","required":true,"style":"simple","explode":false,"schema":{"$ref":"#/components/schemas/ClusterId"}},"ClusterOptional":{"name":"cluster_id","in":"query","description":"Cluster identifier created by compute user","required":false,"style":"form","explode":true,"schema":{"$ref":"#/components/schemas/ClusterId"}},"Cluster":{"name":"cluster_id","in":"query","description":"Cluster identifier created by compute user","required":true,"style":"form","explode":true,"schema":{"$ref":"#/components/schemas/ClusterId"}}},"requestBodies":{"Project":{"description":"project that is container where user will create clusters.","content":{"application/json":{"schema":{"allOf":[{"$ref":"#/components/schemas/ProjectCreate"}]}}}},"Cluster":{"description":"Cluster that will be dpeloyed in predefined location.","content":{"application/json":{"schema":{"allOf":[{"$ref":"#/components/schemas/ClusterCreate"}]}}}}}}}