{"openapi":"3.0.0","info":{"title":"Syndeo North API","description":"This is API list that provides ability to compute user to spin up/down compute resources and manage installed applications.","contact":{"name":"Nazar Topolnytskyi","email":"ntopolnytskyi@vidscale.com"},"license":{"name":"Private"},"version":"0.5.0-1"},"servers":[{"url":"https://virtserver.swaggerhub.com/NazarT/cccompute/1.0.0"}],"tags":[{"name":"info","description":"Informational block that is requiered for compute cluster provisioning. Conatains images and machine flavors."},{"name":"provisioning","description":"Compute user area where user can provision compute resources"},{"name":"cloud_environments","description":"Set of API functions for managing cloud environment"},{"name":"clusters","description":"Set of API functions for managing user defined clusters"},{"name":"pops","description":"Set of API functions for managing user defined POP"},{"name":"applications","description":"Set of API functions for managing application installation"},{"name":"nameservers","description":"Set of API functions for managing GTM DNS names"}],"paths":{"/brands/{brand}/location_info":{"get":{"tags":["info"],"summary":"Searches location information","description":"Used in order to get information about existance and allowed to use\nlocations provided by Syndeo environement.\n","operationId":"locationInfo","parameters":[{"name":"brand","in":"path","description":"Parameter that identifies brand value.","required":true,"style":"simple","explode":false,"schema":{"$ref":"#/components/schemas/BrandId"}},{"name":"view","in":"query","description":"Modifies the output and gives the whole information including \nnormally hidden from Compute user. Use __'admin'__ value to see the whole\ninformation includeing Compute Provider accounts, groups and location IDs etc.\n* admin - shows the full information\n* user - shows the limited number of parmaeters\n","required":false,"style":"form","explode":true,"schema":{"$ref":"#/components/schemas/View"}}],"responses":{"200":{"description":"List of possible locations","content":{"application/json":{"schema":{"allOf":[{"$ref":"#/components/schemas/PagedResponse"},{"properties":{"data":{"type":"array","items":{"$ref":"#/components/schemas/LocationInfo"}}}}]}}}},"401":{"description":"Missing, invalid, or expired token","content":{"application/json":{"schema":{"allOf":[{"$ref":"#/components/schemas/ResponseError"},{"example":{"error":{"args":{"error":"Token is either expired or invalid"},"id":150020,"text":"AAA service error: Token is either expired or invalid"},"message":"AAA service error: Token is either expired or invalid"}}]}}}}}}},"/brands/{brand}/instance_info":{"get":{"tags":["info"],"summary":"Searches instance information","description":"Used in order to get information about existance and allowed to use\ninstance flavors provided by Syndeo environement.\n","operationId":"instanceInfo","parameters":[{"name":"brand","in":"path","description":"Parameter that identifies brand value.","required":true,"style":"simple","explode":false,"schema":{"$ref":"#/components/schemas/BrandId"}},{"name":"view","in":"query","description":"Modifies the output and gives the whole information including \nnormally hidden from Compute user. Use __'admin'__ value to see the whole\ninformation includeing Compute Provider accounts, groups and location IDs etc.\n* admin - shows the full information\n* user - shows the limited number of parmaeters\n","required":false,"style":"form","explode":true,"schema":{"$ref":"#/components/schemas/View"}}],"responses":{"200":{"description":"List of possible instances","content":{"application/json":{"schema":{"allOf":[{"$ref":"#/components/schemas/PagedResponse"},{"properties":{"data":{"type":"array","items":{"$ref":"#/components/schemas/LocationInfo"}}}}]}}}},"401":{"description":"Missing, invalid, or expired token","content":{"application/json":{"schema":{"allOf":[{"$ref":"#/components/schemas/ResponseError"},{"example":{"error":{"args":{"error":"Token is either expired or invalid"},"id":150020,"text":"AAA service error: Token is either expired or invalid"},"message":"AAA service error: Token is either expired or invalid"}}]}}}}}}},"/brands/{brand}/cloud_environments":{"get":{"tags":["provisioning","cloud_environments"],"description":"Used in order to get the list of created cloud environments.\n","parameters":[{"name":"brand","in":"path","description":"Parameter that identifies brand value.","required":true,"style":"simple","explode":false,"schema":{"$ref":"#/components/schemas/BrandId"}},{"name":"account_id","in":"query","description":"Account identifier that is assigned to compute user","required":false,"style":"form","explode":true,"schema":{"$ref":"#/components/schemas/AccountId"}},{"name":"group_id","in":"query","description":"Group or subdivion identifier that is assigned to compute user","required":false,"style":"form","explode":true,"schema":{"$ref":"#/components/schemas/GroupId"}}],"responses":{"200":{"description":"List of created cloud environments","content":{"application/json":{"schema":{"allOf":[{"$ref":"#/components/schemas/PagedResponse"},{"properties":{"data":{"type":"array","items":{"$ref":"#/components/schemas/CloudEnvironment"}}}}]}}}},"400":{"description":"Missing or invalid group ID","content":{"application/json":{"schema":{"allOf":[{"$ref":"#/components/schemas/ResponseError"},{"example":{"error":{"args":{"error":"Parameter group_id is not specified"},"id":13320,"text":"Parameter is not specified"},"message":"Action failed"}}]}}}},"401":{"description":"Missing, invalid, or expired token","content":{"application/json":{"schema":{"allOf":[{"$ref":"#/components/schemas/ResponseError"},{"example":{"error":{"args":{"error":"Token is either expired or invalid"},"id":150020,"text":"AAA service error: Token is either expired or invalid"},"message":"AAA service error: Token is either expired or invalid"}}]}}}},"404":{"description":"Resource, IP address or subnet not found","content":{"application/json":{"schema":{"allOf":[{"$ref":"#/components/schemas/ResponseError"},{"example":{"error":{"args":{"error":"Resource mydemo is not found"},"id":134490,"text":"Object is not found"},"message":"Object is not found"}}]}}}}}},"post":{"tags":["provisioning","cloud_environments"],"description":"Create some cloud environment by compute user","parameters":[{"name":"brand","in":"path","description":"Parameter that identifies brand value.","required":true,"style":"simple","explode":false,"schema":{"$ref":"#/components/schemas/BrandId"}}],"requestBody":{"$ref":"#/components/requestBodies/CloudEnvironment"},"responses":{"200":{"description":"Created cloud environment","content":{"application/json":{"schema":{"allOf":[{"$ref":"#/components/schemas/CloudEnvironment"}]}}}},"400":{"description":"Missing or invalid group ID","content":{"application/json":{"schema":{"allOf":[{"$ref":"#/components/schemas/ResponseError"},{"example":{"error":{"args":{"error":"Parameter group_id is not specified"},"id":13320,"text":"Parameter is not specified"},"message":"Action failed"}}]}}}},"401":{"description":"Missing, invalid, or expired token","content":{"application/json":{"schema":{"allOf":[{"$ref":"#/components/schemas/ResponseError"},{"example":{"error":{"args":{"error":"Token is either expired or invalid"},"id":150020,"text":"AAA service error: Token is either expired or invalid"},"message":"AAA service error: Token is either expired or invalid"}}]}}}}}}},"/brands/{brand}/cloud_environments/{cloud_environment_id}":{"get":{"tags":["provisioning","cloud_environments"],"description":"Used in order to get specific cloud environment infomration.\n","parameters":[{"name":"brand","in":"path","description":"Parameter that identifies brand value.","required":true,"style":"simple","explode":false,"schema":{"$ref":"#/components/schemas/BrandId"}},{"name":"cloud_environment_id","in":"path","description":"Cloud environment identifier previously created by compute user","required":true,"style":"simple","explode":false,"schema":{"$ref":"#/components/schemas/CloudEnvId"}},{"name":"account_id","in":"query","description":"Account identifier that is assigned to compute user","required":true,"style":"form","explode":true,"schema":{"$ref":"#/components/schemas/AccountId"}},{"name":"group_id","in":"query","description":"Group or subdivion identifier that is assigned to compute user","required":true,"style":"form","explode":true,"schema":{"$ref":"#/components/schemas/GroupId"}}],"responses":{"200":{"description":"Created cloud environment","content":{"application/json":{"schema":{"allOf":[{"$ref":"#/components/schemas/CloudEnvironment"}]}}}},"400":{"description":"Missing or invalid group ID","content":{"application/json":{"schema":{"allOf":[{"$ref":"#/components/schemas/ResponseError"},{"example":{"error":{"args":{"error":"Parameter group_id is not specified"},"id":13320,"text":"Parameter is not specified"},"message":"Action failed"}}]}}}},"401":{"description":"Missing, invalid, or expired token","content":{"application/json":{"schema":{"allOf":[{"$ref":"#/components/schemas/ResponseError"},{"example":{"error":{"args":{"error":"Token is either expired or invalid"},"id":150020,"text":"AAA service error: Token is either expired or invalid"},"message":"AAA service error: Token is either expired or invalid"}}]}}}},"404":{"description":"Resource, IP address or subnet not found","content":{"application/json":{"schema":{"allOf":[{"$ref":"#/components/schemas/ResponseError"},{"example":{"error":{"args":{"error":"Resource mydemo is not found"},"id":134490,"text":"Object is not found"},"message":"Object is not found"}}]}}}}}},"delete":{"tags":["provisioning","cloud_environments"],"description":"Deletes the specific cloud environment for some specific account and group user.","parameters":[{"name":"brand","in":"path","description":"Parameter that identifies brand value.","required":true,"style":"simple","explode":false,"schema":{"$ref":"#/components/schemas/BrandId"}},{"name":"cloud_environment_id","in":"path","description":"Cloud environment identifier previously created by compute user","required":true,"style":"simple","explode":false,"schema":{"$ref":"#/components/schemas/CloudEnvId"}},{"name":"account_id","in":"query","description":"Account identifier that is assigned to compute user","required":true,"style":"form","explode":true,"schema":{"$ref":"#/components/schemas/AccountId"}},{"name":"group_id","in":"query","description":"Group or subdivion identifier that is assigned to compute user","required":true,"style":"form","explode":true,"schema":{"$ref":"#/components/schemas/GroupId"}}],"responses":{"204":{"description":"Cloud environment has been found and removed"},"400":{"description":"Missing or invalid group ID","content":{"application/json":{"schema":{"allOf":[{"$ref":"#/components/schemas/ResponseError"},{"example":{"error":{"args":{"error":"Parameter group_id is not specified"},"id":13320,"text":"Parameter is not specified"},"message":"Action failed"}}]}}}},"401":{"description":"Missing, invalid, or expired token","content":{"application/json":{"schema":{"allOf":[{"$ref":"#/components/schemas/ResponseError"},{"example":{"error":{"args":{"error":"Token is either expired or invalid"},"id":150020,"text":"AAA service error: Token is either expired or invalid"},"message":"AAA service error: Token is either expired or invalid"}}]}}}}}}},"/brands/{brand}/clusters":{"get":{"tags":["provisioning","clusters"],"description":"Used in order to get the list of created cluster in scope of particular cloud environment.\n","parameters":[{"name":"brand","in":"path","description":"Parameter that identifies brand value.","required":true,"style":"simple","explode":false,"schema":{"$ref":"#/components/schemas/BrandId"}},{"name":"account_id","in":"query","description":"Account identifier that is assigned to compute user","required":false,"style":"form","explode":true,"schema":{"$ref":"#/components/schemas/AccountId"}},{"name":"group_id","in":"query","description":"Group or subdivion identifier that is assigned to compute user","required":false,"style":"form","explode":true,"schema":{"$ref":"#/components/schemas/GroupId"}},{"name":"cloud_environment_id","in":"query","description":"Cloud environment identifier defined by compute user","required":false,"style":"form","explode":true,"schema":{"$ref":"#/components/schemas/CloudEnvId"}}],"responses":{"200":{"description":"List of created cloud environments","content":{"application/json":{"schema":{"allOf":[{"$ref":"#/components/schemas/PagedResponse"},{"properties":{"data":{"type":"array","items":{"$ref":"#/components/schemas/Cluster"}}}}]}}}},"400":{"description":"Missing or invalid group ID","content":{"application/json":{"schema":{"allOf":[{"$ref":"#/components/schemas/ResponseError"},{"example":{"error":{"args":{"error":"Parameter group_id is not specified"},"id":13320,"text":"Parameter is not specified"},"message":"Action failed"}}]}}}},"401":{"description":"Missing, invalid, or expired token","content":{"application/json":{"schema":{"allOf":[{"$ref":"#/components/schemas/ResponseError"},{"example":{"error":{"args":{"error":"Token is either expired or invalid"},"id":150020,"text":"AAA service error: Token is either expired or invalid"},"message":"AAA service error: Token is either expired or invalid"}}]}}}},"404":{"description":"Resource, IP address or subnet not found","content":{"application/json":{"schema":{"allOf":[{"$ref":"#/components/schemas/ResponseError"},{"example":{"error":{"args":{"error":"Resource mydemo is not found"},"id":134490,"text":"Object is not found"},"message":"Object is not found"}}]}}}}}},"post":{"tags":["provisioning","clusters"],"description":"Create user cluster in some previously defined cloud environment.","parameters":[{"name":"brand","in":"path","description":"Parameter that identifies brand value.","required":true,"style":"simple","explode":false,"schema":{"$ref":"#/components/schemas/BrandId"}}],"requestBody":{"$ref":"#/components/requestBodies/Cluster"},"responses":{"200":{"description":"Created cloud environment","content":{"application/json":{"schema":{"allOf":[{"$ref":"#/components/schemas/Cluster"}]}}}},"400":{"description":"Missing or invalid group ID","content":{"application/json":{"schema":{"allOf":[{"$ref":"#/components/schemas/ResponseError"},{"example":{"error":{"args":{"error":"Parameter group_id is not specified"},"id":13320,"text":"Parameter is not specified"},"message":"Action failed"}}]}}}},"401":{"description":"Missing, invalid, or expired token","content":{"application/json":{"schema":{"allOf":[{"$ref":"#/components/schemas/ResponseError"},{"example":{"error":{"args":{"error":"Token is either expired or invalid"},"id":150020,"text":"AAA service error: Token is either expired or invalid"},"message":"AAA service error: Token is either expired or invalid"}}]}}}}}}},"/brands/{brand}/clusters/{cluster_id}":{"get":{"tags":["provisioning","clusters"],"description":"Used in order to get specific cluster infomration.\n","parameters":[{"name":"brand","in":"path","description":"Parameter that identifies brand value.","required":true,"style":"simple","explode":false,"schema":{"$ref":"#/components/schemas/BrandId"}},{"name":"cluster_id","in":"path","description":"Cluster identifier previously created by compute user","required":true,"style":"simple","explode":false,"schema":{"$ref":"#/components/schemas/ClusterId"}},{"name":"account_id","in":"query","description":"Account identifier that is assigned to compute user","required":true,"style":"form","explode":true,"schema":{"$ref":"#/components/schemas/AccountId"}},{"name":"group_id","in":"query","description":"Group or subdivion identifier that is assigned to compute user","required":true,"style":"form","explode":true,"schema":{"$ref":"#/components/schemas/GroupId"}},{"name":"cloud_environment_id","in":"query","description":"Cloud environment identifier defined by compute user","required":true,"style":"form","explode":true,"schema":{"$ref":"#/components/schemas/CloudEnvId"}}],"responses":{"200":{"description":"Created cloud environment","content":{"application/json":{"schema":{"allOf":[{"$ref":"#/components/schemas/Cluster"}]}}}},"400":{"description":"Missing or invalid group ID","content":{"application/json":{"schema":{"allOf":[{"$ref":"#/components/schemas/ResponseError"},{"example":{"error":{"args":{"error":"Parameter group_id is not specified"},"id":13320,"text":"Parameter is not specified"},"message":"Action failed"}}]}}}},"401":{"description":"Missing, invalid, or expired token","content":{"application/json":{"schema":{"allOf":[{"$ref":"#/components/schemas/ResponseError"},{"example":{"error":{"args":{"error":"Token is either expired or invalid"},"id":150020,"text":"AAA service error: Token is either expired or invalid"},"message":"AAA service error: Token is either expired or invalid"}}]}}}},"404":{"description":"Resource, IP address or subnet not found","content":{"application/json":{"schema":{"allOf":[{"$ref":"#/components/schemas/ResponseError"},{"example":{"error":{"args":{"error":"Resource mydemo is not found"},"id":134490,"text":"Object is not found"},"message":"Object is not found"}}]}}}}}},"delete":{"tags":["provisioning","clusters"],"description":"Deletes specific cluster previously created in scope of some cloud environment.\n","parameters":[{"name":"brand","in":"path","description":"Parameter that identifies brand value.","required":true,"style":"simple","explode":false,"schema":{"$ref":"#/components/schemas/BrandId"}},{"name":"cluster_id","in":"path","description":"Cluster identifier previously created by compute user","required":true,"style":"simple","explode":false,"schema":{"$ref":"#/components/schemas/ClusterId"}},{"name":"account_id","in":"query","description":"Account identifier that is assigned to compute user","required":true,"style":"form","explode":true,"schema":{"$ref":"#/components/schemas/AccountId"}},{"name":"group_id","in":"query","description":"Group or subdivion identifier that is assigned to compute user","required":true,"style":"form","explode":true,"schema":{"$ref":"#/components/schemas/GroupId"}},{"name":"cloud_environment_id","in":"query","description":"Cloud environment identifier defined by compute user","required":true,"style":"form","explode":true,"schema":{"$ref":"#/components/schemas/CloudEnvId"}}],"responses":{"204":{"description":"Cluster has been found and removed"},"400":{"description":"Missing or invalid group ID","content":{"application/json":{"schema":{"allOf":[{"$ref":"#/components/schemas/ResponseError"},{"example":{"error":{"args":{"error":"Parameter group_id is not specified"},"id":13320,"text":"Parameter is not specified"},"message":"Action failed"}}]}}}},"401":{"description":"Missing, invalid, or expired token","content":{"application/json":{"schema":{"allOf":[{"$ref":"#/components/schemas/ResponseError"},{"example":{"error":{"args":{"error":"Token is either expired or invalid"},"id":150020,"text":"AAA service error: Token is either expired or invalid"},"message":"AAA service error: Token is either expired or invalid"}}]}}}},"404":{"description":"Resource, IP address or subnet not found","content":{"application/json":{"schema":{"allOf":[{"$ref":"#/components/schemas/ResponseError"},{"example":{"error":{"args":{"error":"Resource mydemo is not found"},"id":134490,"text":"Object is not found"},"message":"Object is not found"}}]}}}}}}},"/brands/{brand}/pops":{"get":{"tags":["provisioning","pops"],"description":"Used in order to get the list of created POPs associated with partucular cluster.\n","parameters":[{"name":"brand","in":"path","description":"Parameter that identifies brand value.","required":true,"style":"simple","explode":false,"schema":{"$ref":"#/components/schemas/BrandId"}},{"name":"account_id","in":"query","description":"Account identifier that is assigned to compute user","required":false,"style":"form","explode":true,"schema":{"$ref":"#/components/schemas/AccountId"}},{"name":"group_id","in":"query","description":"Group or subdivion identifier that is assigned to compute user","required":false,"style":"form","explode":true,"schema":{"$ref":"#/components/schemas/GroupId"}},{"name":"cloud_environment_id","in":"query","description":"Cloud environment identifier defined by compute user","required":false,"style":"form","explode":true,"schema":{"$ref":"#/components/schemas/CloudEnvId"}},{"name":"cluster_id","in":"query","description":"Cluster identifier previously created by compute user","required":false,"style":"form","explode":true,"schema":{"$ref":"#/components/schemas/ClusterId"}}],"responses":{"200":{"description":"List of created POPs","content":{"application/json":{"schema":{"allOf":[{"$ref":"#/components/schemas/PagedResponse"},{"properties":{"data":{"type":"array","items":{"$ref":"#/components/schemas/Pop"}}}}]}}}},"400":{"description":"Missing or invalid group ID","content":{"application/json":{"schema":{"allOf":[{"$ref":"#/components/schemas/ResponseError"},{"example":{"error":{"args":{"error":"Parameter group_id is not specified"},"id":13320,"text":"Parameter is not specified"},"message":"Action failed"}}]}}}},"401":{"description":"Missing, invalid, or expired token","content":{"application/json":{"schema":{"allOf":[{"$ref":"#/components/schemas/ResponseError"},{"example":{"error":{"args":{"error":"Token is either expired or invalid"},"id":150020,"text":"AAA service error: Token is either expired or invalid"},"message":"AAA service error: Token is either expired or invalid"}}]}}}},"404":{"description":"Resource, IP address or subnet not found","content":{"application/json":{"schema":{"allOf":[{"$ref":"#/components/schemas/ResponseError"},{"example":{"error":{"args":{"error":"Resource mydemo is not found"},"id":134490,"text":"Object is not found"},"message":"Object is not found"}}]}}}}}},"post":{"tags":["provisioning","pops"],"description":"Creates POP and associates it with some cluster","parameters":[{"name":"brand","in":"path","description":"Parameter that identifies brand value.","required":true,"style":"simple","explode":false,"schema":{"$ref":"#/components/schemas/BrandId"}}],"requestBody":{"$ref":"#/components/requestBodies/Pop"},"responses":{"200":{"description":"Created POP","content":{"application/json":{"schema":{"allOf":[{"$ref":"#/components/schemas/Pop"}]}}}},"400":{"description":"Missing or invalid group ID","content":{"application/json":{"schema":{"allOf":[{"$ref":"#/components/schemas/ResponseError"},{"example":{"error":{"args":{"error":"Parameter group_id is not specified"},"id":13320,"text":"Parameter is not specified"},"message":"Action failed"}}]}}}},"401":{"description":"Missing, invalid, or expired token","content":{"application/json":{"schema":{"allOf":[{"$ref":"#/components/schemas/ResponseError"},{"example":{"error":{"args":{"error":"Token is either expired or invalid"},"id":150020,"text":"AAA service error: Token is either expired or invalid"},"message":"AAA service error: Token is either expired or invalid"}}]}}}}}}},"/brands/{brand}/pops/{pop_id}":{"get":{"tags":["provisioning","pops"],"description":"Used in order to get specific POP infomration.\n","parameters":[{"name":"brand","in":"path","description":"Parameter that identifies brand value.","required":true,"style":"simple","explode":false,"schema":{"$ref":"#/components/schemas/BrandId"}},{"name":"pop_id","in":"path","description":"POP identifier created by compute user","required":true,"style":"simple","explode":false,"schema":{"$ref":"#/components/schemas/PopId"}},{"name":"account_id","in":"query","description":"Account identifier that is assigned to compute user","required":true,"style":"form","explode":true,"schema":{"$ref":"#/components/schemas/AccountId"}},{"name":"group_id","in":"query","description":"Group or subdivion identifier that is assigned to compute user","required":true,"style":"form","explode":true,"schema":{"$ref":"#/components/schemas/GroupId"}},{"name":"cloud_environment_id","in":"query","description":"Cloud environment identifier defined by compute user","required":true,"style":"form","explode":true,"schema":{"$ref":"#/components/schemas/CloudEnvId"}},{"name":"cluster_id","in":"query","description":"Cluster identifier previously created by compute user","required":true,"style":"form","explode":true,"schema":{"$ref":"#/components/schemas/ClusterId"}}],"responses":{"200":{"description":"Created POP","content":{"application/json":{"schema":{"allOf":[{"$ref":"#/components/schemas/Pop"}]}}}},"400":{"description":"Missing or invalid group ID","content":{"application/json":{"schema":{"allOf":[{"$ref":"#/components/schemas/ResponseError"},{"example":{"error":{"args":{"error":"Parameter group_id is not specified"},"id":13320,"text":"Parameter is not specified"},"message":"Action failed"}}]}}}},"401":{"description":"Missing, invalid, or expired token","content":{"application/json":{"schema":{"allOf":[{"$ref":"#/components/schemas/ResponseError"},{"example":{"error":{"args":{"error":"Token is either expired or invalid"},"id":150020,"text":"AAA service error: Token is either expired or invalid"},"message":"AAA service error: Token is either expired or invalid"}}]}}}},"404":{"description":"Resource, IP address or subnet not found","content":{"application/json":{"schema":{"allOf":[{"$ref":"#/components/schemas/ResponseError"},{"example":{"error":{"args":{"error":"Resource mydemo is not found"},"id":134490,"text":"Object is not found"},"message":"Object is not found"}}]}}}}}},"delete":{"tags":["provisioning","pops"],"description":"Used in order to delete POP.\n","parameters":[{"name":"brand","in":"path","description":"Parameter that identifies brand value.","required":true,"style":"simple","explode":false,"schema":{"$ref":"#/components/schemas/BrandId"}},{"name":"pop_id","in":"path","description":"POP identifier created by compute user","required":true,"style":"simple","explode":false,"schema":{"$ref":"#/components/schemas/PopId"}},{"name":"account_id","in":"query","description":"Account identifier that is assigned to compute user","required":true,"style":"form","explode":true,"schema":{"$ref":"#/components/schemas/AccountId"}},{"name":"group_id","in":"query","description":"Group or subdivion identifier that is assigned to compute user","required":true,"style":"form","explode":true,"schema":{"$ref":"#/components/schemas/GroupId"}},{"name":"cloud_environment_id","in":"query","description":"Cloud environment identifier defined by compute user","required":true,"style":"form","explode":true,"schema":{"$ref":"#/components/schemas/CloudEnvId"}},{"name":"cluster_id","in":"query","description":"Cluster identifier previously created by compute user","required":true,"style":"form","explode":true,"schema":{"$ref":"#/components/schemas/ClusterId"}}],"responses":{"204":{"description":"POP has been found and removed"},"400":{"description":"Missing or invalid group ID","content":{"application/json":{"schema":{"allOf":[{"$ref":"#/components/schemas/ResponseError"},{"example":{"error":{"args":{"error":"Parameter group_id is not specified"},"id":13320,"text":"Parameter is not specified"},"message":"Action failed"}}]}}}},"401":{"description":"Missing, invalid, or expired token","content":{"application/json":{"schema":{"allOf":[{"$ref":"#/components/schemas/ResponseError"},{"example":{"error":{"args":{"error":"Token is either expired or invalid"},"id":150020,"text":"AAA service error: Token is either expired or invalid"},"message":"AAA service error: Token is either expired or invalid"}}]}}}},"404":{"description":"Resource, IP address or subnet not found","content":{"application/json":{"schema":{"allOf":[{"$ref":"#/components/schemas/ResponseError"},{"example":{"error":{"args":{"error":"Resource mydemo is not found"},"id":134490,"text":"Object is not found"},"message":"Object is not found"}}]}}}}}}},"/brands/{brand}/applications":{"get":{"tags":["provisioning","applications"],"description":"Used in order to get the list of installed applications.\n","parameters":[{"name":"brand","in":"path","description":"Parameter that identifies brand value.","required":true,"style":"simple","explode":false,"schema":{"$ref":"#/components/schemas/BrandId"}},{"name":"account_id","in":"query","description":"Account identifier that is assigned to compute user","required":false,"style":"form","explode":true,"schema":{"$ref":"#/components/schemas/AccountId"}},{"name":"group_id","in":"query","description":"Group or subdivion identifier that is assigned to compute user","required":false,"style":"form","explode":true,"schema":{"$ref":"#/components/schemas/GroupId"}},{"name":"cloud_environment_id","in":"query","description":"Cloud environment identifier defined by compute user","required":false,"style":"form","explode":true,"schema":{"$ref":"#/components/schemas/CloudEnvId"}},{"name":"cluster_id","in":"query","description":"Cluster identifier previously created by compute user","required":false,"style":"form","explode":true,"schema":{"$ref":"#/components/schemas/ClusterId"}},{"name":"pop_id","in":"query","description":"POP identifier created by compute user","required":false,"style":"form","explode":true,"schema":{"$ref":"#/components/schemas/PopId"}}],"responses":{"200":{"description":"List of installed application","content":{"application/json":{"schema":{"allOf":[{"$ref":"#/components/schemas/PagedResponse"},{"properties":{"data":{"type":"array","items":{"$ref":"#/components/schemas/Application"}}}}]}}}},"400":{"description":"Missing or invalid group ID","content":{"application/json":{"schema":{"allOf":[{"$ref":"#/components/schemas/ResponseError"},{"example":{"error":{"args":{"error":"Parameter group_id is not specified"},"id":13320,"text":"Parameter is not specified"},"message":"Action failed"}}]}}}},"401":{"description":"Missing, invalid, or expired token","content":{"application/json":{"schema":{"allOf":[{"$ref":"#/components/schemas/ResponseError"},{"example":{"error":{"args":{"error":"Token is either expired or invalid"},"id":150020,"text":"AAA service error: Token is either expired or invalid"},"message":"AAA service error: Token is either expired or invalid"}}]}}}},"404":{"description":"Resource, IP address or subnet not found","content":{"application/json":{"schema":{"allOf":[{"$ref":"#/components/schemas/ResponseError"},{"example":{"error":{"args":{"error":"Resource mydemo is not found"},"id":134490,"text":"Object is not found"},"message":"Object is not found"}}]}}}}}},"post":{"tags":["provisioning","applications"],"description":"Install application in specific cluster.\n","parameters":[{"name":"brand","in":"path","description":"Parameter that identifies brand value.","required":true,"style":"simple","explode":false,"schema":{"$ref":"#/components/schemas/BrandId"}}],"requestBody":{"$ref":"#/components/requestBodies/Application"},"responses":{"200":{"description":"Installed application","content":{"application/json":{"schema":{"allOf":[{"$ref":"#/components/schemas/Application"}]}}}},"400":{"description":"Missing or invalid group ID","content":{"application/json":{"schema":{"allOf":[{"$ref":"#/components/schemas/ResponseError"},{"example":{"error":{"args":{"error":"Parameter group_id is not specified"},"id":13320,"text":"Parameter is not specified"},"message":"Action failed"}}]}}}},"401":{"description":"Missing, invalid, or expired token","content":{"application/json":{"schema":{"allOf":[{"$ref":"#/components/schemas/ResponseError"},{"example":{"error":{"args":{"error":"Token is either expired or invalid"},"id":150020,"text":"AAA service error: Token is either expired or invalid"},"message":"AAA service error: Token is either expired or invalid"}}]}}}}}}},"/brands/{brand}/applications/{application_id}":{"get":{"tags":["provisioning","applications"],"description":"Used in order to get specific installed application.\n","parameters":[{"name":"brand","in":"path","description":"Parameter that identifies brand value.","required":true,"style":"simple","explode":false,"schema":{"$ref":"#/components/schemas/BrandId"}},{"name":"application_id","in":"path","description":"Pass mandatory parameter that identifies some application installation","required":true,"style":"simple","explode":false,"schema":{"$ref":"#/components/schemas/ApplicationId"}},{"name":"account_id","in":"query","description":"Account identifier that is assigned to compute user","required":true,"style":"form","explode":true,"schema":{"$ref":"#/components/schemas/AccountId"}},{"name":"group_id","in":"query","description":"Group or subdivion identifier that is assigned to compute user","required":true,"style":"form","explode":true,"schema":{"$ref":"#/components/schemas/GroupId"}},{"name":"cloud_environment_id","in":"query","description":"Cloud environment identifier defined by compute user","required":true,"style":"form","explode":true,"schema":{"$ref":"#/components/schemas/CloudEnvId"}},{"name":"cluster_id","in":"query","description":"Cluster identifier previously created by compute user","required":true,"style":"form","explode":true,"schema":{"$ref":"#/components/schemas/ClusterId"}}],"responses":{"200":{"description":"Installed application","content":{"application/json":{"schema":{"allOf":[{"$ref":"#/components/schemas/Application"}]}}}},"400":{"description":"Missing or invalid group ID","content":{"application/json":{"schema":{"allOf":[{"$ref":"#/components/schemas/ResponseError"},{"example":{"error":{"args":{"error":"Parameter group_id is not specified"},"id":13320,"text":"Parameter is not specified"},"message":"Action failed"}}]}}}},"401":{"description":"Missing, invalid, or expired token","content":{"application/json":{"schema":{"allOf":[{"$ref":"#/components/schemas/ResponseError"},{"example":{"error":{"args":{"error":"Token is either expired or invalid"},"id":150020,"text":"AAA service error: Token is either expired or invalid"},"message":"AAA service error: Token is either expired or invalid"}}]}}}},"404":{"description":"Resource, IP address or subnet not found","content":{"application/json":{"schema":{"allOf":[{"$ref":"#/components/schemas/ResponseError"},{"example":{"error":{"args":{"error":"Resource mydemo is not found"},"id":134490,"text":"Object is not found"},"message":"Object is not found"}}]}}}}}},"delete":{"tags":["provisioning","applications"],"description":"Used in order to uninstall application.\n","parameters":[{"name":"brand","in":"path","description":"Parameter that identifies brand value.","required":true,"style":"simple","explode":false,"schema":{"$ref":"#/components/schemas/BrandId"}},{"name":"application_id","in":"path","description":"Pass mandatory parameter that identifies some application installation","required":true,"style":"simple","explode":false,"schema":{"$ref":"#/components/schemas/ApplicationId"}},{"name":"account_id","in":"query","description":"Account identifier that is assigned to compute user","required":true,"style":"form","explode":true,"schema":{"$ref":"#/components/schemas/AccountId"}},{"name":"group_id","in":"query","description":"Group or subdivion identifier that is assigned to compute user","required":true,"style":"form","explode":true,"schema":{"$ref":"#/components/schemas/GroupId"}},{"name":"cloud_environment_id","in":"query","description":"Cloud environment identifier defined by compute user","required":true,"style":"form","explode":true,"schema":{"$ref":"#/components/schemas/CloudEnvId"}},{"name":"cluster_id","in":"query","description":"Cluster identifier previously created by compute user","required":true,"style":"form","explode":true,"schema":{"$ref":"#/components/schemas/ClusterId"}}],"responses":{"204":{"description":"Application has been found and uninstalled"},"400":{"description":"Missing or invalid group ID","content":{"application/json":{"schema":{"allOf":[{"$ref":"#/components/schemas/ResponseError"},{"example":{"error":{"args":{"error":"Parameter group_id is not specified"},"id":13320,"text":"Parameter is not specified"},"message":"Action failed"}}]}}}},"401":{"description":"Missing, invalid, or expired token","content":{"application/json":{"schema":{"allOf":[{"$ref":"#/components/schemas/ResponseError"},{"example":{"error":{"args":{"error":"Token is either expired or invalid"},"id":150020,"text":"AAA service error: Token is either expired or invalid"},"message":"AAA service error: Token is either expired or invalid"}}]}}}},"404":{"description":"Resource, IP address or subnet not found","content":{"application/json":{"schema":{"allOf":[{"$ref":"#/components/schemas/ResponseError"},{"example":{"error":{"args":{"error":"Resource mydemo is not found"},"id":134490,"text":"Object is not found"},"message":"Object is not found"}}]}}}}}}},"/brands/{brand}/nameservers":{"get":{"tags":["provisioning","nameservers"],"description":"Used in order to get the list of provisioned GTMs.\n","parameters":[{"name":"brand","in":"path","description":"Parameter that identifies brand value.","required":true,"style":"simple","explode":false,"schema":{"$ref":"#/components/schemas/BrandId"}},{"name":"account_id","in":"query","description":"Account identifier that is assigned to compute user","required":false,"style":"form","explode":true,"schema":{"$ref":"#/components/schemas/AccountId"}},{"name":"group_id","in":"query","description":"Group or subdivion identifier that is assigned to compute user","required":false,"style":"form","explode":true,"schema":{"$ref":"#/components/schemas/GroupId"}},{"name":"cloud_environment_id","in":"query","description":"Cloud environment identifier defined by compute user","required":false,"style":"form","explode":true,"schema":{"$ref":"#/components/schemas/CloudEnvId"}},{"name":"cluster_id","in":"query","description":"Cluster identifier previously created by compute user","required":false,"style":"form","explode":true,"schema":{"$ref":"#/components/schemas/ClusterId"}},{"name":"pop_id","in":"query","description":"POP identifier created by compute user","required":false,"style":"form","explode":true,"schema":{"$ref":"#/components/schemas/PopId"}},{"name":"application_id","in":"query","description":"Pass mandatory parameter that identifies some application installation","required":false,"style":"form","explode":true,"schema":{"$ref":"#/components/schemas/ApplicationId"}}],"responses":{"200":{"description":"List of provisioned GTM configuration","content":{"application/json":{"schema":{"allOf":[{"$ref":"#/components/schemas/PagedResponse"},{"properties":{"data":{"type":"array","items":{"$ref":"#/components/schemas/NameServer"}}}}]}}}},"400":{"description":"Missing or invalid group ID","content":{"application/json":{"schema":{"allOf":[{"$ref":"#/components/schemas/ResponseError"},{"example":{"error":{"args":{"error":"Parameter group_id is not specified"},"id":13320,"text":"Parameter is not specified"},"message":"Action failed"}}]}}}},"401":{"description":"Missing, invalid, or expired token","content":{"application/json":{"schema":{"allOf":[{"$ref":"#/components/schemas/ResponseError"},{"example":{"error":{"args":{"error":"Token is either expired or invalid"},"id":150020,"text":"AAA service error: Token is either expired or invalid"},"message":"AAA service error: Token is either expired or invalid"}}]}}}},"404":{"description":"Resource, IP address or subnet not found","content":{"application/json":{"schema":{"allOf":[{"$ref":"#/components/schemas/ResponseError"},{"example":{"error":{"args":{"error":"Resource mydemo is not found"},"id":134490,"text":"Object is not found"},"message":"Object is not found"}}]}}}}}},"post":{"tags":["provisioning","nameservers"],"description":"Provision GTM for specific application.\n","parameters":[{"name":"brand","in":"path","description":"Parameter that identifies brand value.","required":true,"style":"simple","explode":false,"schema":{"$ref":"#/components/schemas/BrandId"}}],"requestBody":{"$ref":"#/components/requestBodies/Application"},"responses":{"200":{"description":"Provisioned GTM configuration","content":{"application/json":{"schema":{"allOf":[{"$ref":"#/components/schemas/NameServer"}]}}}},"400":{"description":"Missing or invalid group ID","content":{"application/json":{"schema":{"allOf":[{"$ref":"#/components/schemas/ResponseError"},{"example":{"error":{"args":{"error":"Parameter group_id is not specified"},"id":13320,"text":"Parameter is not specified"},"message":"Action failed"}}]}}}},"401":{"description":"Missing, invalid, or expired token","content":{"application/json":{"schema":{"allOf":[{"$ref":"#/components/schemas/ResponseError"},{"example":{"error":{"args":{"error":"Token is either expired or invalid"},"id":150020,"text":"AAA service error: Token is either expired or invalid"},"message":"AAA service error: Token is either expired or invalid"}}]}}}}}}},"/brands/{brand}/nameservers/{nameserver_id}":{"get":{"tags":["provisioning","nameservers"],"description":"Used in order to get GTM information.\n","parameters":[{"name":"brand","in":"path","description":"Parameter that identifies brand value.","required":true,"style":"simple","explode":false,"schema":{"$ref":"#/components/schemas/BrandId"}},{"name":"nameserver_id","in":"path","description":"Pass mandatory parameter that identifies GTM configuration\n","required":true,"style":"simple","explode":false,"schema":{"$ref":"#/components/schemas/NameServerId"}},{"name":"account_id","in":"query","description":"Account identifier that is assigned to compute user","required":true,"style":"form","explode":true,"schema":{"$ref":"#/components/schemas/AccountId"}},{"name":"group_id","in":"query","description":"Group or subdivion identifier that is assigned to compute user","required":true,"style":"form","explode":true,"schema":{"$ref":"#/components/schemas/GroupId"}},{"name":"cloud_environment_id","in":"query","description":"Cloud environment identifier defined by compute user","required":true,"style":"form","explode":true,"schema":{"$ref":"#/components/schemas/CloudEnvId"}},{"name":"cluster_id","in":"query","description":"Cluster identifier previously created by compute user","required":true,"style":"form","explode":true,"schema":{"$ref":"#/components/schemas/ClusterId"}},{"name":"application_id","in":"query","description":"Pass mandatory parameter that identifies some application installation","required":true,"style":"form","explode":true,"schema":{"$ref":"#/components/schemas/ApplicationId"}}],"responses":{"200":{"description":"Provisioned GTM configuration","content":{"application/json":{"schema":{"allOf":[{"$ref":"#/components/schemas/NameServer"}]}}}},"400":{"description":"Missing or invalid group ID","content":{"application/json":{"schema":{"allOf":[{"$ref":"#/components/schemas/ResponseError"},{"example":{"error":{"args":{"error":"Parameter group_id is not specified"},"id":13320,"text":"Parameter is not specified"},"message":"Action failed"}}]}}}},"401":{"description":"Missing, invalid, or expired token","content":{"application/json":{"schema":{"allOf":[{"$ref":"#/components/schemas/ResponseError"},{"example":{"error":{"args":{"error":"Token is either expired or invalid"},"id":150020,"text":"AAA service error: Token is either expired or invalid"},"message":"AAA service error: Token is either expired or invalid"}}]}}}},"404":{"description":"Resource, IP address or subnet not found","content":{"application/json":{"schema":{"allOf":[{"$ref":"#/components/schemas/ResponseError"},{"example":{"error":{"args":{"error":"Resource mydemo is not found"},"id":134490,"text":"Object is not found"},"message":"Object is not found"}}]}}}}}},"delete":{"tags":["provisioning","nameservers"],"description":"Used in order to remove some GTM configuration.\n","parameters":[{"name":"brand","in":"path","description":"Parameter that identifies brand value.","required":true,"style":"simple","explode":false,"schema":{"$ref":"#/components/schemas/BrandId"}},{"name":"nameserver_id","in":"path","description":"Pass mandatory parameter that identifies GTM configuration\n","required":true,"style":"simple","explode":false,"schema":{"$ref":"#/components/schemas/NameServerId"}},{"name":"account_id","in":"query","description":"Account identifier that is assigned to compute user","required":true,"style":"form","explode":true,"schema":{"$ref":"#/components/schemas/AccountId"}},{"name":"group_id","in":"query","description":"Group or subdivion identifier that is assigned to compute user","required":true,"style":"form","explode":true,"schema":{"$ref":"#/components/schemas/GroupId"}},{"name":"cloud_environment_id","in":"query","description":"Cloud environment identifier defined by compute user","required":true,"style":"form","explode":true,"schema":{"$ref":"#/components/schemas/CloudEnvId"}},{"name":"cluster_id","in":"query","description":"Cluster identifier previously created by compute user","required":true,"style":"form","explode":true,"schema":{"$ref":"#/components/schemas/ClusterId"}},{"name":"application_id","in":"query","description":"Pass mandatory parameter that identifies some application installation","required":true,"style":"form","explode":true,"schema":{"$ref":"#/components/schemas/ApplicationId"}}],"responses":{"204":{"description":"GTM has been found and removed"},"400":{"description":"Missing or invalid group ID","content":{"application/json":{"schema":{"allOf":[{"$ref":"#/components/schemas/ResponseError"},{"example":{"error":{"args":{"error":"Parameter group_id is not specified"},"id":13320,"text":"Parameter is not specified"},"message":"Action failed"}}]}}}},"401":{"description":"Missing, invalid, or expired token","content":{"application/json":{"schema":{"allOf":[{"$ref":"#/components/schemas/ResponseError"},{"example":{"error":{"args":{"error":"Token is either expired or invalid"},"id":150020,"text":"AAA service error: Token is either expired or invalid"},"message":"AAA service error: Token is either expired or invalid"}}]}}}},"404":{"description":"Resource, IP address or subnet not found","content":{"application/json":{"schema":{"allOf":[{"$ref":"#/components/schemas/ResponseError"},{"example":{"error":{"args":{"error":"Resource mydemo is not found"},"id":134490,"text":"Object is not found"},"message":"Object is not found"}}]}}}}}}}},"components":{"schemas":{"View":{"type":"string","description":"Type of detalization","example":"user","enum":["admin","user"]},"IataId":{"type":"string","description":"Three letter IATA code that is associated with compute resource","format":"^[a-z]3$","example":"sjc"},"StatusId":{"type":"string","description":"Describes the status of object","example":"Ready","enum":["Deployment","Install","Ready","Failed","Delete"]},"AppType":{"type":"string","description":"Type of application deployment engine","example":"helm","enum":["helm"]},"TimestampObject":{"required":["created_at","updated_at"],"type":"object","properties":{"created_at":{"type":"integer","description":"The time and date that the resource was created.","format":"int32","example":1507112492},"updated_at":{"type":"integer","description":"The time and date that the resource was last updated.","format":"int32","example":1507112892}},"description":"The resource creation and update times."},"BrandId":{"type":"string","description":"Brand identifier","example":"udn"},"BrandIdObject":{"required":["brand_id"],"type":"object","properties":{"brand_id":{"$ref":"#/components/schemas/BrandId"}}},"AccountId":{"type":"string","description":"Account identifier of compute resource owner","example":"10345"},"AccountIdObject":{"required":["account_id"],"type":"object","properties":{"account_id":{"$ref":"#/components/schemas/AccountId"}}},"GroupId":{"type":"string","description":"Group identifier of compute resource owner","example":"40382"},"GroupIdObject":{"required":["group_id"],"type":"object","properties":{"group_id":{"$ref":"#/components/schemas/GroupId"}}},"UniqueId":{"type":"string","description":"Special unique identifier for referencing on compute provisioning","format":"^[a-zA-Z0-9]8-[a-zA-Z0-9]4-[a-zA-Z0-9]4-[a-zA-Z0-9]4-[a-zA-Z0-9]12$","example":"30a34d92-7f8e-de34-8ad9-4fb9beef2dd6"},"UniqueIdObject":{"required":["uid"],"type":"object","properties":{"uid":{"$ref":"#/components/schemas/UniqueId"}}},"LocationId":{"type":"string","description":"Location Identifier for reference in scope of group","format":"^[a-zA-Z0-9-_\\.]*$","example":"ams01"},"CloudEnvId":{"type":"string","description":"Cloud environment identifier in scope of group","format":"^[a-zA-Z0-9-_\\.]*$","example":"internal-env-1"},"CloudEnvIdObject":{"required":["cloud_environment_id"],"type":"object","properties":{"cloud_environment_id":{"$ref":"#/components/schemas/CloudEnvId"}}},"ClusterId":{"type":"string","description":"Cluster identifier in scope of some cloud environment","format":"^[a-zA-Z0-9-_\\.]*$","example":"amsterdam-001"},"ClusterIdObject":{"required":["cluster_id"],"type":"object","properties":{"cluster_id":{"$ref":"#/components/schemas/ClusterId"}}},"PopId":{"type":"string","description":"POP identifier in scope of some cluster","format":"^[a-zA-Z0-9-_\\.]*$","example":"pop-sjc001"},"PopIdObject":{"required":["pop_id"],"type":"object","properties":{"pop_id":{"$ref":"#/components/schemas/PopId"}}},"ApplicationId":{"type":"string","description":"Application identifier in scope of some cluster","format":"^[a-zA-Z0-9-_\\.]*$","example":"mywiki-app"},"ApplicationIdObject":{"required":["application_id"],"type":"object","properties":{"application_id":{"$ref":"#/components/schemas/ApplicationId"}}},"NameServerId":{"type":"string","description":"GTM resolution identifier in scope of some cluster","format":"^[a-zA-Z0-9-_\\.]*$","example":"mywiki-app"},"NameServerIdObject":{"required":["nameserver_id"],"type":"object","properties":{"nameserver_id":{"$ref":"#/components/schemas/NameServerId"}}},"LocationInfo":{"type":"object","properties":{"brand_id":{"$ref":"#/components/schemas/BrandId"},"account_id":{"$ref":"#/components/schemas/AccountId"},"group_id":{"$ref":"#/components/schemas/GroupId"},"id":{"$ref":"#/components/schemas/LocationId"},"city_name":{"type":"string","description":"City where compute resource is located","example":"Salt Lake City"},"cloud_region":{"type":"string","description":"Specific region value of cloud provider (relevant only for cloud provider)","example":"AZ"},"country_code":{"type":"string","description":"Two letter country code","example":"USA"},"iata_code":{"$ref":"#/components/schemas/IataId"},"lat":{"type":"number","description":"Lattitude value of data center where compute resource is located","format":"float","example":-122.232},"lon":{"type":"number","description":"Longitude value of data center where compute resource is located","format":"float","example":33.129},"postalcode":{"type":"string","description":"Postal code number","example":"79041"},"state":{"type":"string","description":"State of country","example":"Lviv"},"street":{"type":"string","description":"Street of data center where compute resource is located","example":"15 Tudor st"},"uid":{"$ref":"#/components/schemas/UniqueId"},"cloud_location_id\"":{"type":"string","description":"Specific to cloud provider location identifier","example":"eu-west-1"},"cloud_name\"":{"type":"string","description":"Name of the cloud provider","example":"aws"},"cloud_provider\"":{"type":"string","description":"Name of the cloud provider","example":"aws"},"boundingbox":{"maxItems":4,"minItems":4,"type":"array","description":"Geo box that is covered by location ???","example":[37.3361906,37.3361907,-121.8905834,-121.8905835],"items":{"type":"number","format":"float"}}},"example":{"account_id":1000,"boundingbox":[37.3361906,37.3361907,-121.8905834,-121.8905835],"brand_id":"udn","city_name":"San Jose","cloud_location_id":"sjc01","cloud_name":"UDN Syndeo Open Stack","cloud_provider":"os","cloud_region":"US","country_code":"us","group_id":6000,"iata_code":"sjc","id":"sjc1","lat":37.3361905,"lon":-121.8905833,"postalcode":"95113","state":"California","street":"San Fernando St","uid":"28650c59-6b34-52d3-b662-8bb2bc3a8a54"}},"InstanceInfo":{"type":"object","properties":{"brand_id":{"$ref":"#/components/schemas/BrandId"},"account_id":{"$ref":"#/components/schemas/AccountId"},"group_id":{"$ref":"#/components/schemas/GroupId"},"id":{"type":"string","description":"Instance Identifier for reference in scope of group","format":"^[a-zA-Z0-9-_\\.]*$"},"location_id":{"$ref":"#/components/schemas/LocationId"},"CPU":{"type":"integer","description":"Number of virtual CPUs provided by instance","example":4},"HDD":{"type":"string","description":"Maximum amount of HDD space provided by instance","format":"^[0-9]+(GB|MB)$","example":"80GB"},"RAM":{"type":"string","description":"Maximum amount of PAM space provided by instance8GB","format":"^[0-9]+(GB|MB)$","example":"8GB"},"os":{"type":"string","description":"Operational System that will be installed during node creation","example":"ubuntu_16_04"},"project_id":{"type":"string","description":"Project scope where node wil be created","example":"syndeo","default":"syndeo","enum":["syndeo"]},"uid":{"$ref":"#/components/schemas/UniqueId"}},"example":{"CPU":4,"HDD":"80GB","RAM":"8GB","account_id":1,"brand_id":"udn","group_id":6,"id":"m1-large","location_id":"ams01","os":"ubuntu-16.04-v1","project_id":"syndeo","uid":"0aab8469-0354-5872-b492-876859e1c067"}},"CloudEnvironmentCreate":{"allOf":[{"$ref":"#/components/schemas/AccountIdObject"},{"$ref":"#/components/schemas/GroupIdObject"},{"title":"CloudEnvironment object on create","required":["id"],"type":"object","properties":{"id":{"$ref":"#/components/schemas/CloudEnvId"},"description":{"type":"string","description":"User defined cloud environment description text","example":"Environment for demo purpose. Created by Nazar"}},"description":"Cloud environmnent object for cloud environment creation","example":{"account_id":40223,"description":"Syndeo internal demo test","group_id":50223,"id":"internal2"}}]},"CloudEnvironment":{"allOf":[{"$ref":"#/components/schemas/BrandIdObject"},{"$ref":"#/components/schemas/CloudEnvironmentCreate"},{"$ref":"#/components/schemas/TimestampObject"},{"$ref":"#/components/schemas/UniqueIdObject"},{"title":"CloudEnvironment object","required":["description"],"type":"object","description":"Cloud environmnent object that plays role of container of clusters","example":{"account_id":40223,"brand_id":"udn","created_at":1503505334,"description":"Syndeo internal demo test","group_id":50223,"id":"internal2","uid":"30a34d92-7f8e-5af6-8ac9-4fb94e6b2dd6","updated_at":150350533}}]},"ClusterCreate":{"allOf":[{"$ref":"#/components/schemas/AccountIdObject"},{"$ref":"#/components/schemas/GroupIdObject"},{"$ref":"#/components/schemas/CloudEnvIdObject"},{"title":"Cluster  object on create","required":["id"],"type":"object","properties":{"id":{"$ref":"#/components/schemas/ClusterId"},"description":{"type":"string","description":"User defined cluster description text","example":"Cluster for demo purpose. Created by Nazar"}},"description":"Cluster object for cluster creation in scope of some cluster environment","example":{"account_id":1111,"description":"Syndeo demo cluster","group_id":2222,"cloud_environment_id":"internal2","id":"internal-cluster-01"}}]},"Cluster":{"allOf":[{"$ref":"#/components/schemas/BrandIdObject"},{"$ref":"#/components/schemas/ClusterCreate"},{"$ref":"#/components/schemas/TimestampObject"},{"$ref":"#/components/schemas/UniqueIdObject"},{"title":"Cluster object","required":["description"],"type":"object","description":"Cluster where POPs will be deployed","example":{"account_id":40223,"brand_id":"udn","cloud_environment_id":"internal2","created_at":1503505437,"description":"Syndeo internal dry run demo test","group_id":50223,"id":"dry-run2","uid":"e45d9621-5ec1-56e5-a300-4d5190a8fa09","updated_at":1503505437}}]},"PopCreate":{"allOf":[{"$ref":"#/components/schemas/AccountIdObject"},{"$ref":"#/components/schemas/GroupIdObject"},{"$ref":"#/components/schemas/CloudEnvIdObject"},{"$ref":"#/components/schemas/ClusterIdObject"},{"title":"POP object on create","required":["iata","id","instance_configuration_uid","k8s_workers","location_uid"],"type":"object","properties":{"id":{"$ref":"#/components/schemas/PopId"},"description":{"type":"string","description":"User defined POP description text","example":"POP in Amsterdam for demo purpose. Created by Nazar"},"iata":{"$ref":"#/components/schemas/IataId"},"location_uid":{"allOf":[{"$ref":"#/components/schemas/UniqueId"},{"description":"Unique identifier of location where POP created"}]},"instance_configuration_uid":{"allOf":[{"$ref":"#/components/schemas/UniqueId"},{"description":"Unique identifier of instance used for each VM node"}]},"k8s_workers":{"maximum":3,"minimum":1,"type":"integer","example":2},"k8s_password":{"type":"string","example":"secret"},"ssh_pub_key":{"type":"string","example":"SOME SSH KEY"}},"description":"POP object for POP creation in scope of some cluster","example":{"account_id":40223,"brand_id":"udn","cloud_environment_id":"internal","cluster_id":"dry-run","created_at":1503572157,"description":"Syndeo internal demo test","group_id":50223,"iata":"ams","id":"demo","instance_configuration_uid":"0aab8469-0354-5872-b492-876859e1c067","k8s_password":"demoPass","k8s_workers":1,"location_uid":"8ca43400-d4ab-5010-8048-ccba7e1a431a","ssh_pub_key":"data","status":"Ready","uid":"1058bb71-cc0c-5cfb-8e56-5361a702c29b","updated_at":1503572157}}]},"Pop":{"allOf":[{"$ref":"#/components/schemas/BrandIdObject"},{"$ref":"#/components/schemas/PopCreate"},{"$ref":"#/components/schemas/TimestampObject"},{"$ref":"#/components/schemas/UniqueIdObject"},{"title":"Pop object","required":["description","job_id","k8s_password","ssh_pub_key","status"],"type":"object","properties":{"job_id":{"type":"string"},"status":{"$ref":"#/components/schemas/StatusId"}},"description":"POP where compute resources will be allocated","example":{"account_id":40223,"brand_id":"udn","cloud_environment_id":"internal","cluster_id":"dry-run","created_at":1503572157,"description":"Syndeo internal demo test","group_id":50223,"iata":"ams","id":"demo","instance_configuration_uid":"0aab8469-0354-5872-b492-876859e1c067","k8s_password":"demoPass","k8s_workers":1,"location_uid":"8ca43400-d4ab-5010-8048-ccba7e1a431a","ssh_pub_key":"data","status":"Ready","uid":"1058bb71-cc0c-5cfb-8e56-5361a702c29b","updated_at":1503572157}}]},"ApplicationCreate":{"allOf":[{"$ref":"#/components/schemas/AccountIdObject"},{"$ref":"#/components/schemas/GroupIdObject"},{"$ref":"#/components/schemas/CloudEnvIdObject"},{"$ref":"#/components/schemas/ClusterIdObject"},{"$ref":"#/components/schemas/ApplicationIdObject"},{"title":"Application on create","required":["app_type","pops"],"type":"object","properties":{"app_type":{"$ref":"#/components/schemas/AppType"},"description":{"type":"string","description":"User defined Application description text","example":"Medi Wiki deployment"},"chart":{"type":"string","description":"Chart path that need to be installed","example":"stable/mediawiki"},"pops":{"type":"array","example":["sjc-1","ams-1"],"items":{"$ref":"#/components/schemas/PopId"}},"vars":{"type":"object","additionalProperties":true,"description":"Key/value dictionary defined by user that will be used by helm installer"}},"description":"Application data requiered for application installation","example":{"account_id":20223,"group_id":30223,"cloud_environment_id":"internal","cluster_id":"deploy","application_id":"mywiki-app","description":"Medi Wiki deployment","app_type":"helm","chart":"stable/mediawiki","pops":["sjc-1","ams-1"],"vars":{"mariadb.persistence.enabled":"false","mediawikiPassword":"syndeo1","mediawikiUser":"demo","persistence.enabled":"false"}}}]},"Application":{"allOf":[{"$ref":"#/components/schemas/BrandIdObject"},{"$ref":"#/components/schemas/ApplicationCreate"},{"$ref":"#/components/schemas/TimestampObject"},{"$ref":"#/components/schemas/UniqueIdObject"},{"title":"Application object","required":["chart","description","status","vars"],"type":"object","properties":{"status":{"$ref":"#/components/schemas/StatusId"}},"description":"PApplication data","example":{"account_id":20223,"app_type":"helm","application_id":"mywiki-app","brand_id":"udn","chart":"stable/mediawiki","cloud_environment_id":"internal","cluster_id":"deploy","created_at":1507201680,"description":"Medi Wiki deployment","group_id":30223,"id":"mywiki-app","pops":["sjc-1","ams-1"],"status":"Deployment","uid":"96ac3a20-8f7b-5df6-aa12-312282f41507","updated_at":1507201680,"vars":{"mariadb.persistence.enabled":"false","mediawikiPassword":"syndeo1","mediawikiUser":"demo","persistence.enabled":"false"}}}]},"NameServerCreate":{"allOf":[{"$ref":"#/components/schemas/AccountIdObject"},{"$ref":"#/components/schemas/GroupIdObject"},{"$ref":"#/components/schemas/CloudEnvIdObject"},{"$ref":"#/components/schemas/ClusterIdObject"},{"$ref":"#/components/schemas/ApplicationIdObject"},{"title":"Nameserver object on create","required":["id"],"type":"object","properties":{"id":{"$ref":"#/components/schemas/NameServerId"}},"description":"Nameserver information required durin provisioning","example":{"account_id":20223,"group_id":30223,"cloud_environment_id":"internal","cluster_id":"deploy","application_id":"mywiki-app","id":"my-geo-balance"}}]},"NameServer":{"allOf":[{"$ref":"#/components/schemas/BrandIdObject"},{"$ref":"#/components/schemas/NameServerCreate"},{"$ref":"#/components/schemas/TimestampObject"},{"$ref":"#/components/schemas/UniqueIdObject"},{"title":"Nameserver object","required":["name","status"],"type":"object","properties":{"status":{"$ref":"#/components/schemas/StatusId"},"name":{"type":"string","format":"s-[0-9]+-[0-9]+-[a-z0-9]8.gtm.syndeo.cdx-stag.unifieddeliverynetwork.net","example":"s-40223-50223-dd3c6f35.gtm.syndeo.cdx-stag.unifieddeliverynetwork.net"},"job_id":{"type":"string"}},"description":"GTM information","example":{"account_id":40223,"application_id":"mywiki","brand_id":"udn","cloud_environment_id":"internal","cluster_id":"dry-run","created_at":1503513318,"group_id":50223,"id":"geo_balance","name":"s-40223-50223-dd3c6f35.gtm.syndeo.cdx-stag.unifieddeliverynetwork.net","status":"Ready","uid":"752328ed-230a-58f1-81a5-84d04f62999c","updated_at":1503513318}}]},"PagedResponse":{"type":"object","properties":{"fields":{"type":"string","nullable":true},"filter_by":{"type":"string","nullable":true},"filter_case_sensitive":{"type":"boolean","default":true},"filter_value":{"type":"string","nullable":true},"offset":{"type":"integer","default":0},"page_size":{"type":"integer","default":50},"sort_by":{"type":"string","nullable":true},"sort_order":{"type":"string","nullable":true,"enum":["asc","desc"]},"total":{"type":"integer"}}},"ErrorArgs":{"type":"object","properties":{"error":{"type":"string","description":"Details about the error","example":"Cluster ID my-nonexist-cluster-01 is not found"}}},"Error":{"required":["text"],"type":"object","properties":{"args":{"$ref":"#/components/schemas/ErrorArgs"},"id":{"type":"number","description":"Error code number","example":1.52E+3},"text":{"type":"string","description":"Some summary text about the problem","example":"Wrong cluster ID passed"}}},"ResponseError":{"required":["error","message"],"type":"object","properties":{"error":{"$ref":"#/components/schemas/Error"},"message":{"type":"string","description":"Brief error message","example":"Something goes wrong. Failed to create new object"}}}},"responses":{"CloudEnvironment":{"description":"Created cloud environment","content":{"application/json":{"schema":{"allOf":[{"$ref":"#/components/schemas/CloudEnvironment"}]}}}},"CloudEnvironmentList":{"description":"List of created cloud environments","content":{"application/json":{"schema":{"allOf":[{"$ref":"#/components/schemas/PagedResponse"},{"properties":{"data":{"type":"array","items":{"$ref":"#/components/schemas/CloudEnvironment"}}}}]}}}},"Cluster":{"description":"Created cloud environment","content":{"application/json":{"schema":{"allOf":[{"$ref":"#/components/schemas/Cluster"}]}}}},"ClusterList":{"description":"List of created cloud environments","content":{"application/json":{"schema":{"allOf":[{"$ref":"#/components/schemas/PagedResponse"},{"properties":{"data":{"type":"array","items":{"$ref":"#/components/schemas/Cluster"}}}}]}}}},"Pop":{"description":"Created POP","content":{"application/json":{"schema":{"allOf":[{"$ref":"#/components/schemas/Pop"}]}}}},"PopList":{"description":"List of created POPs","content":{"application/json":{"schema":{"allOf":[{"$ref":"#/components/schemas/PagedResponse"},{"properties":{"data":{"type":"array","items":{"$ref":"#/components/schemas/Pop"}}}}]}}}},"Application":{"description":"Installed application","content":{"application/json":{"schema":{"allOf":[{"$ref":"#/components/schemas/Application"}]}}}},"ApplicationList":{"description":"List of installed application","content":{"application/json":{"schema":{"allOf":[{"$ref":"#/components/schemas/PagedResponse"},{"properties":{"data":{"type":"array","items":{"$ref":"#/components/schemas/Application"}}}}]}}}},"NameServer":{"description":"Provisioned GTM configuration","content":{"application/json":{"schema":{"allOf":[{"$ref":"#/components/schemas/NameServer"}]}}}},"NameServerList":{"description":"List of provisioned GTM configuration","content":{"application/json":{"schema":{"allOf":[{"$ref":"#/components/schemas/PagedResponse"},{"properties":{"data":{"type":"array","items":{"$ref":"#/components/schemas/NameServer"}}}}]}}}},"InstanceInfoList":{"description":"List of possible instances","content":{"application/json":{"schema":{"allOf":[{"$ref":"#/components/schemas/PagedResponse"},{"properties":{"data":{"type":"array","items":{"$ref":"#/components/schemas/LocationInfo"}}}}]}}}},"LocationInfoList":{"description":"List of possible locations","content":{"application/json":{"schema":{"allOf":[{"$ref":"#/components/schemas/PagedResponse"},{"properties":{"data":{"type":"array","items":{"$ref":"#/components/schemas/LocationInfo"}}}}]}}}},"Unauthorized":{"description":"Missing, invalid, or expired token","content":{"application/json":{"schema":{"allOf":[{"$ref":"#/components/schemas/ResponseError"},{"example":{"error":{"args":{"error":"Token is either expired or invalid"},"id":150020,"text":"AAA service error: Token is either expired or invalid"},"message":"AAA service error: Token is either expired or invalid"}}]}}}},"BadRequest":{"description":"Missing or invalid group ID","content":{"application/json":{"schema":{"allOf":[{"$ref":"#/components/schemas/ResponseError"},{"example":{"error":{"args":{"error":"Parameter group_id is not specified"},"id":13320,"text":"Parameter is not specified"},"message":"Action failed"}}]}}}},"NotFound":{"description":"Resource, IP address or subnet not found","content":{"application/json":{"schema":{"allOf":[{"$ref":"#/components/schemas/ResponseError"},{"example":{"error":{"args":{"error":"Resource mydemo is not found"},"id":134490,"text":"Object is not found"},"message":"Object is not found"}}]}}}}},"parameters":{"BrandInPath":{"name":"brand","in":"path","description":"Parameter that identifies brand value.","required":true,"style":"simple","explode":false,"schema":{"$ref":"#/components/schemas/BrandId"}},"View":{"name":"view","in":"query","description":"Modifies the output and gives the whole information including \nnormally hidden from Compute user. Use __'admin'__ value to see the whole\ninformation includeing Compute Provider accounts, groups and location IDs etc.\n* admin - shows the full information\n* user - shows the limited number of parmaeters\n","required":false,"style":"form","explode":true,"schema":{"$ref":"#/components/schemas/View"}},"Account":{"name":"account_id","in":"query","description":"Account identifier that is assigned to compute user","required":true,"style":"form","explode":true,"schema":{"$ref":"#/components/schemas/AccountId"}},"AccountOptional":{"name":"account_id","in":"query","description":"Account identifier that is assigned to compute user","required":false,"style":"form","explode":true,"schema":{"$ref":"#/components/schemas/AccountId"}},"Group":{"name":"group_id","in":"query","description":"Group or subdivion identifier that is assigned to compute user","required":true,"style":"form","explode":true,"schema":{"$ref":"#/components/schemas/GroupId"}},"GroupOptional":{"name":"group_id","in":"query","description":"Group or subdivion identifier that is assigned to compute user","required":false,"style":"form","explode":true,"schema":{"$ref":"#/components/schemas/GroupId"}},"CloudEnvironmentInPath":{"name":"cloud_environment_id","in":"path","description":"Cloud environment identifier previously created by compute user","required":true,"style":"simple","explode":false,"schema":{"$ref":"#/components/schemas/CloudEnvId"}},"CloudEnvironmentOptional":{"name":"cloud_environment_id","in":"query","description":"Cloud environment identifier defined by compute user","required":false,"style":"form","explode":true,"schema":{"$ref":"#/components/schemas/CloudEnvId"}},"CloudEnvironment":{"name":"cloud_environment_id","in":"query","description":"Cloud environment identifier defined by compute user","required":true,"style":"form","explode":true,"schema":{"$ref":"#/components/schemas/CloudEnvId"}},"ClusterInPath":{"name":"cluster_id","in":"path","description":"Cluster identifier previously created by compute user","required":true,"style":"simple","explode":false,"schema":{"$ref":"#/components/schemas/ClusterId"}},"ClusterOptional":{"name":"cluster_id","in":"query","description":"Cluster identifier previously created by compute user","required":false,"style":"form","explode":true,"schema":{"$ref":"#/components/schemas/ClusterId"}},"Cluster":{"name":"cluster_id","in":"query","description":"Cluster identifier previously created by compute user","required":true,"style":"form","explode":true,"schema":{"$ref":"#/components/schemas/ClusterId"}},"PopInPath":{"name":"pop_id","in":"path","description":"POP identifier created by compute user","required":true,"style":"simple","explode":false,"schema":{"$ref":"#/components/schemas/PopId"}},"PopOptional":{"name":"pop_id","in":"query","description":"POP identifier created by compute user","required":false,"style":"form","explode":true,"schema":{"$ref":"#/components/schemas/PopId"}},"Pop":{"name":"pop_id","in":"query","description":"POP identifier created by compute user","required":true,"style":"form","explode":true,"schema":{"$ref":"#/components/schemas/PopId"}},"ApplicationInPath":{"name":"application_id","in":"path","description":"Pass mandatory parameter that identifies some application installation","required":true,"style":"simple","explode":false,"schema":{"$ref":"#/components/schemas/ApplicationId"}},"ApplicationOptional":{"name":"application_id","in":"query","description":"Pass mandatory parameter that identifies some application installation","required":false,"style":"form","explode":true,"schema":{"$ref":"#/components/schemas/ApplicationId"}},"Application":{"name":"application_id","in":"query","description":"Pass mandatory parameter that identifies some application installation","required":true,"style":"form","explode":true,"schema":{"$ref":"#/components/schemas/ApplicationId"}},"NameServerInPath":{"name":"nameserver_id","in":"path","description":"Pass mandatory parameter that identifies GTM configuration\n","required":true,"style":"simple","explode":false,"schema":{"$ref":"#/components/schemas/NameServerId"}},"NameServer":{"name":"nameserver_id","in":"query","description":"Pass mandatory parameter that identifies GTM configuration\n","required":true,"style":"form","explode":true,"schema":{"$ref":"#/components/schemas/NameServerId"}}},"requestBodies":{"CloudEnvironment":{"description":"Cloud environment that is container where user will create clusters.","content":{"application/json":{"schema":{"allOf":[{"$ref":"#/components/schemas/CloudEnvironmentCreate"}]}}}},"Cluster":{"description":"Cluster that is container where user will deploy POPs.","content":{"application/json":{"schema":{"allOf":[{"$ref":"#/components/schemas/ClusterCreate"}]}}}},"Pop":{"description":"POP that will be dpeloyed in predefined location.","content":{"application/json":{"schema":{"allOf":[{"$ref":"#/components/schemas/PopCreate"}]}}}},"Application":{"description":"Application information that will be used for installation.","content":{"application/json":{"schema":{"allOf":[{"$ref":"#/components/schemas/ApplicationCreate"}]}}}},"NameServer":{"description":"GTM configuration that will be used for installation.","content":{"application/json":{"schema":{"allOf":[{"$ref":"#/components/schemas/NameServerCreate"}]}}}}}}}