{"openapi":"3.0.0","info":{"title":"API для кинотеатра \"Искорка\"","description":"Взаимодействие между сайтом кинотеатра и системой бронирования","version":"2.0.0"},"externalDocs":{"url":"https://alfaapi.github.io/specification/"},"servers":[{"url":"https://virtserver.swaggerhub.com/NEOshKA/Cinema_line_v2/2.0.0","description":"SwaggerHub API Auto Mocking"}],"paths":{"/seance":{"get":{"summary":"Получение информации о местах","description":"Получает информацию о доступных местах на указанный сеанс","parameters":[{"name":"Id_seance","in":"query","required":true,"style":"form","explode":true,"schema":{"type":"integer"}}],"responses":{"200":{"description":"ok","content":{"application/json":{"schema":{"properties":{"Price":{"type":"string"},"Place_number":{"type":"array","items":{"type":"integer"}}}}}}}}},"patch":{"summary":"Обновление сеанса","description":"Обновляет информацию по выбранному сеансу","requestBody":{"content":{"application/json":{"schema":{"properties":{"Date":{"type":"string","format":"date"},"Start_time":{"type":"string","format":"time"},"Film_title":{"type":"string"},"Id_seance":{"type":"integer"},"Duration":{"type":"integer"},"Id_hall":{"type":"integer"}}}}}},"responses":{"200":{"description":"ok","content":{"application/json":{"schema":{"properties":{"Date":{"type":"string","format":"date"},"Start_time":{"type":"string","format":"time"},"Film_title":{"type":"string"},"Id_seance":{"type":"integer"},"Duration":{"type":"integer"},"Id_hall":{"type":"integer"}}}}}}}}},"/reservation":{"post":{"summary":"Создание бронирования","description":"Создаёт бронь на сеанс для клиента","requestBody":{"content":{"application/json":{"schema":{"properties":{"Id_buyer":{"type":"integer"},"Id_seance":{"type":"integer"},"Id_hall_place":{"type":"integer"},"Bonus_card":{"type":"string"},"Id_payment_type":{"type":"integer"}}}}}},"responses":{"200":{"description":"ok","content":{"application/json":{"schema":{"properties":{"Ticket_number":{"type":"string"},"Bonus_sum":{"type":"string"}}}}}}}},"patch":{"summary":"Отмена бронирования","description":"Отменяет бронирование сеанса","requestBody":{"content":{"application/json":{"schema":{"properties":{"Id_ticket":{"type":"integer"},"IsActual":{"type":"integer"}}}}}},"responses":{"200":{"description":"ok"}}}},"/payment":{"post":{"summary":"Создание оплаты","description":"Создаёт оплату для клиента","requestBody":{"content":{"application/json":{"schema":{"properties":{"Id_ticket":{"type":"integer"},"Id_payment_type":{"type":"integer"},"Bonus_sum":{"type":"string"}}}}}},"responses":{"200":{"description":"ok"}}}},"/bonuses":{"get":{"summary":"Получение отчёта об использовании бонусов по датам","description":"Получает отчёт об использовании бонусов по датам","parameters":[{"name":"Date_start","in":"query","required":true,"style":"form","explode":true,"schema":{"type":"string"}},{"name":"Date_end","in":"query","required":true,"style":"form","explode":true,"schema":{"type":"string"}}],"responses":{"200":{"description":"ok","content":{"application/json":{"schema":{"properties":{"Interval":{"type":"string"},"All_payment":{"type":"integer"},"Bonus_payment":{"type":"integer"},"Bonus_pyment_percent":{"type":"number"}}}}}}}}}}}