{"openapi":"3.0.0","info":{"title":"OneNet | TSO Data Exchange Platform","description":"TSO Data Exchange Platform APIs OAS3 specification <br>","contact":{"email":"goncalo.gloria@rdnester.com"},"license":{"name":"Apache 2.0","url":"http://www.apache.org/licenses/LICENSE-2.0.html"},"version":"version2"},"servers":[{"url":"https://virtserver.swaggerhub.com/Nester_OnetNet/TSO_DEP/version2","description":"SwaggerHub API Auto Mocking"}],"tags":[{"name":"SUC 01","description":"Evaluation of the Product & Grid prequalification requirements"},{"name":"SUC 02","description":"Day-Ahead & Intraday flexibility needs"},{"name":"SUC 06","description":"Maintenance plans information exchange"},{"name":"SUC 07","description":"Consumption and generation forecast information exchange"},{"name":"SUC 08","description":"Short-circuit levels information exchange"},{"name":"RUC","description":"Cross-SO grid pre-qualification"}],"paths":{"/Prequalification":{"post":{"tags":["SUC 01"],"summary":"DSO sends to TSO a Prequalification registration","description":"The Data exchange platform (DSO) will upload in the Data exchange platform (TSO) the Prequalification done on some FSP","requestBody":{"content":{"application/json":{"schema":{"$ref":"#/components/schemas/Prequalification"}}}},"responses":{"200":{"description":"Prequalification requirements received correctly"},"400":{"description":"Invalid request"},"401":{"description":"Non-registered / Not allowed API key"}},"security":[{"ApiKeyAuth":[]}]}},"/Prequalification/{ID}":{"put":{"tags":["SUC 01"],"summary":"DSO updates prequalification result with the grid prequalification result in TSO","description":"After a successful Grid Prequalification this information will be updated by the Data exchange platform (DSO) in the Data exchange platform (TSO)","parameters":[{"name":"ID","in":"path","description":"Unique ID","required":true,"style":"simple","explode":false,"schema":{"type":"string"},"example":"1A"}],"requestBody":{"content":{"application/json":{"schema":{"$ref":"#/components/schemas/Prequalification"}}}},"responses":{"200":{"description":"Prequalification result updated correctly"},"400":{"description":"Invalid request"},"401":{"description":"Non-registered / Not allowed API key"}},"security":[{"ApiKeyAuth":[]}]}},"/Flexibility/Needs":{"post":{"tags":["SUC 02"],"summary":"DSO sends to TSO its Flexibility Needs","description":"The Data exchange platform (DSO) will send to the Data exchange platform (TSO) the flexibility need cleared by the DSO.","requestBody":{"content":{"application/json":{"schema":{"$ref":"#/components/schemas/Needs"}}}},"responses":{"200":{"description":"Flexibility needs received correctly"},"400":{"description":"Invalid request"},"401":{"description":"Non-registered / Not allowed API key"}},"security":[{"ApiKeyAuth":[]}]}},"/Flexibility/Needs/SimulationFiles":{"post":{"tags":["SUC 02"],"summary":"REN sends the .raw files for assessment of the day-ahead flexibility needs","description":"REN provides the simulation files needed for the day-ahead flexibility needs evaluation","requestBody":{"content":{"multipart/form-data":{"schema":{"type":"object","properties":{"filename":{"type":"array","items":{"type":"string","format":"binary"}}}}}}},"responses":{"200":{"description":"Flexibility needs received correctly"},"400":{"description":"Invalid request"},"401":{"description":"Non-registered / Not allowed API key"}},"security":[{"ApiKeyAuth":[]}]}},"/Maintenace/Annual/":{"post":{"tags":["SUC 06"],"summary":"DSO sends to TSO the work programmes information that can affect the TSO network.","description":"The DSO DEP will post in the TSO DEP the work programmes information related with that can have impact in the other operator (TSO).","requestBody":{"content":{"application/xml":{"schema":{"$ref":"#/components/schemas/Maintenance"}}}},"responses":{"200":{"description":"Work plans received correctly"},"400":{"description":"Invalid request"},"401":{"description":"Non-registered / Not allowed API key"}},"security":[{"ApiKeyAuth":[]}]}},"/Maintenace/MWE":{"post":{"tags":["SUC 06"],"summary":"2nd SO DEP sends to 1st SO DEP the work programmes information that can affect the 1st SO network.","description":"The 2nd SO will post in the Data exchange platform of the 1st SO the work programmes information related with the other operator that can affect them.","requestBody":{"content":{"application/xml":{"schema":{"$ref":"#/components/schemas/Maintenance"}}}},"responses":{"200":{"description":"Work programmes received correctly"},"400":{"description":"Invalid request"},"401":{"description":"Non-registered / Not allowed API key"}},"security":[{"ApiKeyAuth":[]}]}},"/Maintenace/Request/Rescheduling-Reconfiguration/{ID}":{"put":{"tags":["SUC 06"],"summary":"Updated work programmes information and request reconfigurations of the grid or rescheduling of the maintenance plans. The 1st SO DEP posts it in 2nd SO DEP.","description":"The 1st SO will send to the 2nd SO Data exchange platform the updated work programmes information and request reconfigurations of the grid or rescheduling of the maintenance plans.","parameters":[{"name":"ID","in":"path","description":"Unique ID","required":true,"style":"simple","explode":false,"schema":{"type":"string"},"example":"1A"}],"requestBody":{"content":{"application/xml":{"schema":{"$ref":"#/components/schemas/Maintenance"}}}},"responses":{"200":{"description":"Request for reconfiguration or resqueduling received correctly"},"400":{"description":"Invalid request"},"401":{"description":"Non-registered / Not allowed API key"}},"security":[{"ApiKeyAuth":[]}]}},"/Maintenace/Rescheduling-Reconfiguration/{ID}":{"put":{"tags":["SUC 06"],"summary":"2nd SO DEP sends to the 1st SO DEP the work programmes information updated.","description":"The 2nd SO Data Exchange Platform will put in the 1st SO Data exchange platform the work programmes information related with the other operator that can affect them. ","parameters":[{"name":"ID","in":"path","description":"Unique ID","required":true,"style":"simple","explode":false,"schema":{"type":"string"},"example":"1A"}],"requestBody":{"content":{"application/xml":{"schema":{"$ref":"#/components/schemas/Maintenance"}}}},"responses":{"200":{"description":"Request for reconfiguration or resqueduling received correctly"},"400":{"description":"Invalid request"},"401":{"description":"Non-registered / Not allowed API key"}},"security":[{"ApiKeyAuth":[]}]}},"/Maintenace/MWE/{ID}":{"put":{"tags":["SUC 06"],"summary":"The 1st SO DEP will send to the 2nd SO Data exchange platform the final jointly work programmes information.","description":"1st SO DEP sends to 2nd SO DEP the validated maintenance works.","parameters":[{"name":"ID","in":"path","description":"Unique ID","required":true,"style":"simple","explode":false,"schema":{"type":"string"},"example":"1A"}],"requestBody":{"content":{"application/xml":{"schema":{"$ref":"#/components/schemas/Maintenance"}}}},"responses":{"200":{"description":"Jointly work programmes received correctly"},"400":{"description":"Invalid request"},"401":{"description":"Non-registered / Not allowed API key"}},"security":[{"ApiKeyAuth":[]}]}},"/Operation/Forecast":{"post":{"tags":["SUC 07"],"summary":"DSO sends consumption and generation forecasts to TSO.","description":"The DEP (of the DSO) will send the information of the consumption and generation forecast (aggregated by node, disaggregated by type/technology) to the data exchanged platform of the TSO.","requestBody":{"content":{"application/xml":{"schema":{"$ref":"#/components/schemas/Consumption"}}}},"responses":{"200":{"description":"Forecast received correctly"},"400":{"description":"Invalid request"},"401":{"description":"Non-registered / Not allowed API key"}},"security":[{"ApiKeyAuth":[]}]}},"/S-C-Forecast/":{"post":{"tags":["SUC 08"],"summary":"DEP DSO sends the forecast Short-Circuit power to DEP TSO","description":"The Data Exchange Platform (DSO) will send to the Data Exchange Platform (TSO) the Short-Circuit power forecast.","requestBody":{"content":{"application/xml":{"schema":{"$ref":"#/components/schemas/SC_forecast"}}}},"responses":{"200":{"description":"Short Circuit information received correctly"},"400":{"description":"Invalid request"},"401":{"description":"Non-registered / Not allowed API key"}},"security":[{"ApiKeyAuth":[]}]}},"/Foreign/Requirements":{"post":{"tags":["RUC"],"summary":"An Entity sends to the TSO the prequalification foreign request through OneNet System","description":"The External Entity will make available necessary information, through the OneNet System, to the Data exchange platform TSO in order for it to process a foreign prequalification.","requestBody":{"content":{"application/json":{"schema":{"$ref":"#/components/schemas/Prequalification-Cross-Border"}}}},"responses":{"201":{"description":"some"},"400":{"description":"Invalid request"}},"security":[{"ApiKeyAuth":[]}]}},"/Foreign/Answer/{ID}":{"put":{"tags":["RUC"],"summary":"An Entity sends to the TSO the prequalification foreign answer through OneNet System","description":"The External Entity will make available the answer from the foreign prequalification through the OneNet System to the Data exchange platform of the TSO.","parameters":[{"name":"ID","in":"path","description":"Unique ID","required":true,"style":"simple","explode":false,"schema":{"type":"string"},"example":"1A"}],"requestBody":{"content":{"application/json":{"schema":{"$ref":"#/components/schemas/Prequalification-Cross-Border"}}}},"responses":{"200":{"description":"some"},"400":{"description":"Invalid request"}},"security":[{"ApiKeyAuth":[]}]}}},"components":{"schemas":{"Prequalification":{"required":["ID","Locational information","Name","Product Prequalification Result","SO connected"],"type":"object","properties":{"ID":{"type":"string","example":"1A"},"Name":{"type":"string","example":"Antonio"},"Type of Resource":{"type":"integer","description":"1 -> EV Charger <br> 2 -> EV Battery <br> 3 -> PV <br>","example":1,"enum":[1,2,3]},"Mode of activation":{"type":"integer","description":"1 -> Manual <br> 2 -> Automatic <br> 3 -> Both","example":1,"enum":[1,2,3]},"Flexibility Direction":{"type":"integer","description":"1 -> Up <br> 2 -> Down <br> 3 -> Both","example":1,"enum":[1,2,3]},"Locational information":{"type":"string","example":"PT 0002 000 040 159 625"},"SO connected":{"$ref":"#/components/schemas/DSO-TSO"},"Single or Aggregated Portfolio":{"type":"integer","description":"0 -> Single <br> 1 -> Aggregated","example":0,"enum":[0,1]},"Maximum Full Activation time":{"type":"string","description":"hh:mm:ss","example":"17:32:28"},"Product Prequalification Result":{"$ref":"#/components/schemas/Accept-Reject"},"Grid Prequalification Result":{"$ref":"#/components/schemas/Accept-Reject"}}},"Prequalification-Cross-Border":{"required":["ID","Locational information","Name","SO connected"],"type":"object","properties":{"ID":{"type":"string","example":"1A"},"Name":{"type":"string","example":"Antonio"},"Type of Resource":{"type":"integer","description":"1 -> EV Charger <br> 2 -> EV Battery <br> 3 -> PV <br>","example":1,"enum":[1,2,3]},"Mode of activation":{"type":"integer","description":"1 -> Manual <br> 2 -> Automatic <br> 3 -> Both","example":1,"enum":[1,2,3]},"Flexibility Direction":{"type":"integer","description":"1 -> Up <br> 2 -> Down <br> 3 -> Both","example":1,"enum":[1,2,3]},"Locational information":{"type":"string","example":"example"},"SO connected":{"type":"string","example":"example"},"Single or Aggregated Portfolio":{"type":"integer","description":"0 -> Single <br> 1 -> Aggregated","example":0,"enum":[0,1]},"Maximum Full Activation time":{"type":"string","description":"hh:mm:ss","example":"17:32:28"},"Maximum Quantity":{"type":"number","description":"MW","format":"float","example":0.1},"Grid Prequalification Result":{"$ref":"#/components/schemas/Accept-Reject"}}},"Needs":{"required":["GridNodes","ID","Sender/Source"],"type":"object","properties":{"ID":{"type":"string","example":"1"},"Sender/Source":{"$ref":"#/components/schemas/DSO-TSO"},"GridNodes":{"$ref":"#/components/schemas/GridNodes"}}},"GridNodes":{"type":"array","items":{"required":["NodeID","periodFrom","periodTo"],"type":"object","properties":{"NodeID":{"type":"string","example":"15645"},"Active Power Quantity":{"type":"number","description":"(MW)","format":"float","example":0.1},"Recative Power Quantity":{"type":"number","description":"(MVar)","format":"float","example":0.1},"periodFrom":{"type":"string","format":"date-time","example":"2020-04-01T19:41:20Z"},"periodTo":{"type":"string","format":"date-time","example":"2020-04-01T19:41:20Z"}}}},"SC_forecast":{"required":["Bus_ID","Contribution-from-EHV-network-TSO","Contribution-from-HV-network-TSO","Contribution-from-active-HV-network-DSO","Sender","data_set_creation_GMT","data_valid_from_GMT","data_valid_to_GMT","forecast_time"],"type":"object","properties":{"Sender":{"$ref":"#/components/schemas/DSO-TSO"},"data_set_creation_GMT":{"allOf":[{"$ref":"#/components/schemas/Date"}]},"data_valid_from_GMT":{"allOf":[{"$ref":"#/components/schemas/Date"}]},"data_valid_to_GMT":{"allOf":[{"$ref":"#/components/schemas/Date"}]},"Level1":{"type":"array","items":{"type":"object","properties":{"forecast_time":{"allOf":[{"$ref":"#/components/schemas/Date"}]},"Level2":{"type":"array","xml":{"name":"BUS-ID-ARRAY"},"items":{"type":"object","properties":{"Bus_ID":{"type":"string","example":"Bus_1"},"Level3":{"type":"array","xml":{"name":"SC-TYPE-ARRAY"},"items":{"type":"object","properties":{"Contribution-from-EHV-network-TSO":{"type":"number","description":"kA","format":"float","example":1},"Contribution-from-HV-network-TSO":{"type":"number","description":"kA","format":"float","example":0.5},"Contribution-from-active-HV-network-DSO":{"type":"number","description":"A","format":"float","example":1}}}}}}}},"xml":{"name":"FORECAST-ARRAY","wrapped":true}}}}},"Consumption":{"required":["BusID","End-time-of-data","Forecasted-Value","Generation-Load-Type","Start-Time-of-Forecast","Start-time-of-data","Time-of-creation"],"type":"object","properties":{"Time-of-creation":{"allOf":[{"$ref":"#/components/schemas/Date"}]},"Start-time-of-data":{"allOf":[{"$ref":"#/components/schemas/Date"}]},"End-time-of-data":{"allOf":[{"$ref":"#/components/schemas/Date"}]},"Level1":{"type":"array","items":{"type":"object","properties":{"Start-Time-of-Forecast":{"allOf":[{"$ref":"#/components/schemas/Date"}]},"Level2":{"type":"array","items":{"type":"object","properties":{"BusID":{"type":"string","example":"M0_SACT_60kV_B673"},"Level3":{"type":"array","items":{"type":"object","properties":{"Generation-Load-Type":{"type":"integer","description":"1 -> Wind <br> 2 -> Solar (PV)<br> 3 -> Hydro ()<br> 4 -> Pump Storage <br> 5 -> Thermal <br> 6 -> Others <br> 7 ->  Load P<br> 8 -> Load Q<br>","example":1,"enum":[1,2,3,4,5,6,7,8]},"Forecasted-Value":{"type":"number","description":"MW","format":"float","example":0.1}},"xml":{"name":"GENERATION-LOAD-ARRAY"}}}},"xml":{"name":"BUS-ID-ARRAY"}}}},"xml":{"name":"START-TIME-ARRAY","wrapped":true}}}}},"Maintenance":{"required":["Case ID","Case Type","Cause of Request","Coordination Status","Created By","Daily or Permanently","Date Created","Date From","Date To","Date of Last Change","Element ID","ID","Long Name","Receiver","Remarks from Receiver","Revision","Sender","Special Condition","Status","Time From","Time To","Type","Valid From","Valid To","Voltage Level","Work Period"],"type":"object","properties":{"ID":{"type":"string","example":"1A"},"Revision":{"type":"integer","example":1},"Date-Created":{"allOf":[{"$ref":"#/components/schemas/Date"}]},"Valid-From":{"allOf":[{"$ref":"#/components/schemas/Date"}]},"Valid-To":{"allOf":[{"$ref":"#/components/schemas/Date"}]},"Created-By":{"$ref":"#/components/schemas/DSO-TSO"},"Type":{"type":"integer","description":"1 -> Load unavailability <br> 2 -> Production unavailability <br> 3 -> Line unavailability <br> 4 -> Transformer unavailability <br> 5 -> Other","example":1,"enum":[1,2,3,4,5]},"Sender":{"$ref":"#/components/schemas/DSO-TSO"},"Receiver":{"$ref":"#/components/schemas/DSO-TSO"},"Voltage-Level":{"type":"integer","description":"1 -> 400 kV <br> 2 -> 220 kV <br> 3 -> 150 kV <br> 4 -> 130 or 132 kV <br> 5 -> 60 or 63 kV <br> 6 -> 30 kV <br> 7 -> 15 kV <br> 8 -> 10 kV <br> 6 -> 400 kV <br> 10 -> 400/200 kV <br> 11 -> 400/150 kV <br> 12 -> 400/60 kV <br> 13 -> 220/150 kV <br> 14 -> 220/60 kV <br> 15 -> 220/30 or 220/31.5 kV <br> 16 -> 150/130 kV <br> 17 -> 150/60 kV","example":1,"enum":[1,2,3,4,5,6,7,8,9,10,11,12,13,14,15,16,17]},"Long-Name":{"type":"string","example":"NEEED ONE EXAMPLE"},"Case-Type":{"type":"integer","description":"1 -> Outage <br> 2 -> Special Exploration Regime","example":1,"enum":[1,2]},"Date-From":{"type":"string","format":"date","example":"2017-07-21"},"Date-To":{"type":"string","format":"date","example":"2017-07-21"},"Time-From":{"allOf":[{"$ref":"#/components/schemas/Date"}]},"Time-To":{"allOf":[{"$ref":"#/components/schemas/Date"}]},"Work-Period":{"type":"integer","description":"1 -> Weekdays <br> 2 -> Weekend <br> 3 -> Both","example":1,"enum":[1,2,3]},"Daily-Replacement":{"type":"integer","description":"1 -> Yes <br> 2 -> No","example":1,"enum":[1,2]},"Restitution-Time-Working-Days":{"type":"string","description":"hh:mm:ss","example":"17:32:28"},"Restitution-Time-Out-of-Working-Days":{"type":"string","description":"hh:mm:ss","example":"17:32:28"},"Cause-of-Request":{"type":"string","description":"Description of the work to do","example":"Remodelação da linha para aumento da capacidade de transporte."},"Special-Condition":{"type":"string","description":"Safety conditions","example":"Linha desligada, isolada e bloqueada, e ligada à terra nos extremos."},"Remarks":{"type":"string","example":"somesome"},"Person-in-Charge":{"type":"string","example":"Luis Sobral TEL:+351XXXXXXXXX"},"Coordination-Status":{"type":"integer","description":"1 -> Request 2 -> Confirm 3 -> Reject 4 -> Under Analysis 5 -> Cancelled","example":1,"enum":[1,2,3,4,5]},"Case-ID-REN":{"type":"string","example":"1A"},"Case-ID-E-REDES":{"type":"string","example":"1A"},"Unavailable-Capacity":{"type":"number","description":"Only for values above 20 MW","format":"float","example":0.1},"Element-ID":{"type":"string","example":"1A"},"Date-of-Last-Change":{"allOf":[{"$ref":"#/components/schemas/Date"}]},"Remarks-from-Receiver":{"type":"string","example":"somesome"},"Asked-by":{"type":"string","example":"José Manel"},"Authorization-Sender":{"type":"string","example":"José Carlos"},"Authorization-Receiver":{"type":"string","example":"Pedro Gloria"}}},"Date":{"type":"string","format":"date-time","example":"2020-04-01T19:40:00Z"},"Accept-Reject":{"type":"integer","description":"0 -> Reject <br> 1 -> Accept","example":0,"enum":[0,1]},"DSO-TSO":{"type":"integer","description":"0 -> DSO <br> 1 -> TSO","example":0,"enum":[0,1]}},"responses":{"invalidApiKey":{"description":"Non-registered / Not allowed API key"},"invalidRequest":{"description":"Invalid request"},"noNeeds":{"description":"No needs identified for the selected period"}},"parameters":{"ID":{"name":"ID","in":"path","description":"Unique ID","required":true,"style":"simple","explode":false,"schema":{"type":"string"},"example":"1A"},"IDquery":{"name":"ID","in":"query","description":"Unique ID","required":true,"style":"form","explode":true,"schema":{"type":"string"},"example":"1A"},"SenderSource":{"name":"Sender/Source","in":"query","description":"0 -> DSO | 1 -> TSO","required":true,"style":"form","explode":true,"schema":{"type":"integer","enum":[0,1]},"example":0},"GridNodes":{"name":"GridNodes","in":"query","description":"somesome","required":true,"style":"form","explode":true,"schema":{"$ref":"#/components/schemas/GridNodes"}}},"securitySchemes":{"ApiKeyAuth":{"type":"apiKey","name":"apiKey","in":"header"}}}}