{"openapi":"3.0.0","info":{"title":"NEXXIO H2 API","description":"Points API pour créer et clôturer des commandes par la société SERENITE H2.\n\nAvant chaque appel pour créer ou clôturer une commande, assurez-vous de vous authentifier et d'obtenir un token valide.\n","contact":{"name":"Net-ng","url":"https://www.net-ng.com/","email":"nexxio@net-ng.com"},"version":"1.0.0"},"servers":[{"url":"https://technibat.app-preprod.groupe-acorus.fr/newApi/"}],"paths":{"/h2/create_order":{"post":{"tags":["Nexxio order"],"summary":"Create the order","requestBody":{"content":{"application/json":{"schema":{"$ref":"#/components/schemas/OrderFromH2"},"example":{"Order":{"equipment_serial_number":"123445","agency_name":"MECAFOSS","contract_name":"C21-12-000012","technician":{"email":"technicien@example.com","firstname":"technicien","name":"technicien","phone_number":"+33629453298"},"comment":"..."}}}},"required":true},"responses":{"201":{"description":"Order created in the state 'taken'","content":{"application/json":{"schema":{"required":["order_link","order_uuid"],"properties":{"order_uuid":{"type":"string","description":"ID of the created order"},"order_link":{"type":"string"}}},"example":{"success":true,"message":"commande créée avec succès","data":{"order_uuid":"81dce749-0384-441d-adb0-a1599486970d","order_link":"https://acorus.local.net-ng.com:8081/form/new_report?token=eyJ0eXAiOiJKV1QiLCJhbGciOiJIUzI1NiJ9.eyJjb3Jwb3JhdGVfbmFtZSI6ICJTRVJFTklURSBIMiAoQVBJKSIsICJhY29ydXNfbnVtYmVyIjogIkExNDA2MTczIiwgInNvY2lldHlfaWQiOiAxfQ.FkpG_Dk4kZ5Ko716offm67BwKZyGBL5tv7hN3AwopDw"}}}}},"400":{"description":"Bad request."},"401":{"description":"Authorization information is missing or invalid."},"404":{"description":"Not found."},"5XX":{"description":"Unexpected error."}},"security":[{"tokenAuth":[]}]}},"/h2/close_order":{"post":{"tags":["Nexxio order"],"summary":"Close the order","requestBody":{"content":{"application/json":{"schema":{"properties":{"order_uuid":{"type":"string"}}},"example":{"order_uuid":"155b731a-8751-4e68-be53-4f789ff6adca"}}},"required":true},"responses":{"201":{"description":"Order closed"},"400":{"description":"Bad request."},"401":{"description":"Authorization information is missing or invalid."},"404":{"description":"Not found."},"5XX":{"description":"Unexpected error."}},"security":[{"tokenAuth":[]}]}},"/authentication":{"post":{"tags":["Authentication"],"summary":"Authentication and getting token","requestBody":{"content":{"application/json":{"schema":{"$ref":"#/components/schemas/H2UserInfo"},"example":{"email":"H2@gmail.com","password":"123456789"}}},"required":true},"responses":{"201":{"description":"OK","content":{"application/json":{"schema":{"required":["type"],"properties":{"token":{"type":"string"}}},"example":{"success":true,"message":"Votre token","data":{"token":"IiOiIxMjM0NTY3ODkwIiwibmFtZSI6IkpvaG4gRG9lIiwiYWRtaW4iOnRydWUsImlhdC..."}}}}},"400":{"description":"Bad request."},"401":{"description":"Authorization information is missing or invalid."},"404":{"description":"Not found."},"5XX":{"description":"Unexpected error."}}}}},"components":{"schemas":{"ContractName":{"pattern":"^C\\d\\d-\\d\\d-\\d\\d\\d\\d\\d\\d$","type":"string"},"Email":{"pattern":"^[\\w\\.\\+\\-]+\\@[\\w]+\\.[a-z]{2,3}$","type":"string"},"Technician":{"required":["firstname","name"],"type":"object","properties":{"name":{"type":"string"},"firstname":{"type":"string"},"email":{"$ref":"#/components/schemas/Email"},"phone_number":{"type":"string"}}},"OrderFromH2":{"required":["agency_name","contract_name","equipment_serial_number","technician"],"type":"object","properties":{"equipment_serial_number":{"type":"string"},"agency_name":{"type":"string"},"technician":{"$ref":"#/components/schemas/Technician"},"contract_name":{"$ref":"#/components/schemas/ContractName"},"comment":{"type":"string"}}},"H2UserInfo":{"required":["email","password"],"type":"object","properties":{"email":{"$ref":"#/components/schemas/Email"},"password":{"type":"string"}}}},"securitySchemes":{"tokenAuth":{"type":"http","scheme":"bearer","bearerFormat":"JWT"}}}}