{"openapi":"3.0.0","info":{"title":"Nfinity Organizer API","description":"Nfinity Organizer App API Documentation","contact":{"email":"msayed@identity-solutions.org"},"license":{"name":"Apache 2.0","url":"http://www.apache.org/licenses/LICENSE-2.0.html"},"version":"1.0.0"},"servers":[{"url":"https://virtserver.swaggerhub.com/Nfinity/Organizer_API/1.0.0","description":"SwaggerHub API Auto Mocking"},{"url":"https://identity-nfinity.herokuapp.com/v1","description":"Staging"}],"tags":[{"name":"Organizer | Auth","description":"Event Organizer Auth"},{"name":"Organizer | Current Event","description":"Event Organizer Events"}],"paths":{"/organizer/auth/login":{"post":{"tags":["Organizer | Auth"],"description":"Login by username\n","requestBody":{"content":{"application/json":{"schema":{"properties":{"user":{"required":["deviceId","os","password","username"],"properties":{"username":{"type":"string"},"password":{"type":"string"}}},"device":{"required":["deviceId","os","password","username"],"properties":{"deviceId":{"type":"string"},"os":{"type":"string","enum":["ANDROID","IOS"]},"fcmToken":{"type":"string"}}}}}}}},"responses":{"200":{"description":"User logged in successfully","content":{"application/json":{"schema":{"properties":{"meta":{"$ref":"#/components/schemas/SuccessResponseMeta"},"data":{"properties":{"user":{"$ref":"#/components/schemas/BasicAuthUser"},"device":{"$ref":"#/components/schemas/Device"}}}}}}}}}}},"/organizer/auth/extendToken":{"post":{"tags":["Organizer | Auth"],"description":"Extend accessToken with a valid refreshToken\n","operationId":"extendToken","requestBody":{"content":{"application/json":{"schema":{"required":["accessToken","refreshToken"],"properties":{"accessToken":{"type":"string"},"refreshToken":{"type":"string"}}}}}},"responses":{"200":{"description":"Access token extended and a device is returned","content":{"application/json":{"schema":{"properties":{"meta":{"$ref":"#/components/schemas/SuccessResponseMeta"},"data":{"properties":{"device":{"$ref":"#/components/schemas/Device"}}}}}}}}}}},"/organizer/auth/logout":{"delete":{"tags":["Organizer | Auth"],"description":"Logout user and delete his device\n","operationId":"logout","parameters":[{"name":"authorization","in":"header","description":"Device accessToken","required":false,"style":"simple","explode":false,"schema":{"type":"string"}}],"responses":{"200":{"description":"User logged out successfully","content":{"application/json":{"schema":{"properties":{"meta":{"$ref":"#/components/schemas/SuccessResponseMeta"},"data":{"type":"object"}}}}}}}}},"/organizer/events/current":{"get":{"tags":["Organizer | Current Event"],"summary":"Get Current Event","description":"Get the organizer current event\n","operationId":"searchInventory","parameters":[{"name":"authorization","in":"header","description":"Device accessToken","required":false,"style":"simple","explode":false,"schema":{"type":"string"}},{"name":"page","in":"query","description":"Number of requested page, starts from 1","required":false,"style":"form","explode":true,"schema":{"type":"integer"}},{"name":"perPage","in":"query","description":"Number of records per page","required":false,"style":"form","explode":true,"schema":{"type":"integer"}}],"responses":{"200":{"description":"Event Ranking","content":{"application/json":{"schema":{"properties":{"meta":{"$ref":"#/components/schemas/SuccessResponseMeta"},"data":{"properties":{"event":{"$ref":"#/components/schemas/Event"},"eventRankings":{"type":"array","items":{"properties":{"athlete":{"$ref":"#/components/schemas/BasicAthlete"},"scores":{"$ref":"#/components/schemas/EventScore"}}}},"pageInfo":{"$ref":"#/components/schemas/PageInfo"}}}}}}}}}}},"/organizer/events/current/athletes":{"get":{"tags":["Organizer | Current Event"],"summary":"Search for Athlete in current Event","description":"Get Specific Athlete Cards\n","parameters":[{"name":"authorization","in":"header","description":"Device accessToken","required":false,"style":"simple","explode":false,"schema":{"type":"string"}},{"name":"searchString","in":"query","required":false,"style":"form","explode":true,"schema":{"type":"string"}}],"responses":{"200":{"description":"Event Ranking","content":{"application/json":{"schema":{"properties":{"meta":{"$ref":"#/components/schemas/SuccessResponseMeta"},"data":{"properties":{"athletes":{"type":"array","items":{"$ref":"#/components/schemas/BasicAthlete"}}}}}}}}}}}},"/organizer/events/current/athletes/recent":{"get":{"tags":["Organizer | Current Event"],"summary":"Get Recently modified Athletes in current Event","description":"Get Specific Athlete Cards\n","parameters":[{"name":"authorization","in":"header","description":"Device accessToken","required":false,"style":"simple","explode":false,"schema":{"type":"string"}}],"responses":{"200":{"description":"Event Ranking","content":{"application/json":{"schema":{"properties":{"meta":{"$ref":"#/components/schemas/SuccessResponseMeta"},"data":{"properties":{"athletes":{"type":"array","items":{"$ref":"#/components/schemas/BasicAthlete"}}}}}}}}}}}},"/organizer/events/current/{athleteId}/eventResult":{"get":{"tags":["Organizer | Current Event"],"summary":"Get Specific Athlete cards","description":"Get Specific Athlete Cards\n","parameters":[{"name":"authorization","in":"header","description":"Device accessToken","required":false,"style":"simple","explode":false,"schema":{"type":"string"}},{"name":"athleteId","in":"path","required":true,"style":"simple","explode":false,"schema":{"type":"string"}}],"responses":{"200":{"description":"Event Ranking","content":{"application/json":{"schema":{"properties":{"meta":{"$ref":"#/components/schemas/SuccessResponseMeta"},"data":{"properties":{"athlete":{"$ref":"#/components/schemas/BasicAthlete"},"eventResults":{"$ref":"#/components/schemas/EventResult"}}}}}}}}}}},"/organizer/events/current/{athleteId}/agilitySkills":{"patch":{"tags":["Organizer | Current Event"],"summary":"Update performed Agility Skills for an Athlete","description":"Update performed Agility Skills for an Athlete\n","parameters":[{"name":"authorization","in":"header","description":"Device accessToken","required":false,"style":"simple","explode":false,"schema":{"type":"string"}},{"name":"athleteId","in":"path","required":true,"style":"simple","explode":false,"schema":{"type":"string"}}],"requestBody":{"content":{"application/json":{"schema":{"properties":{"performedSkills":{"$ref":"#/components/schemas/AgilityCard"}}}}}},"responses":{"200":{"description":"Agility Skills","content":{"application/json":{"schema":{"properties":{"meta":{"$ref":"#/components/schemas/SuccessResponseMeta"},"data":{"properties":{"agilityCard":{"$ref":"#/components/schemas/AgilityCard"}}}}}}}}}}},"/organizer/events/current/{athleteId}/tumblingSkills":{"patch":{"tags":["Organizer | Current Event"],"summary":"Update performed Running Tumbling Skills for an Athlete","description":"Update performed Running Tumbling Skills for an Athlete\n","parameters":[{"name":"authorization","in":"header","description":"Device accessToken","required":false,"style":"simple","explode":false,"schema":{"type":"string"}},{"name":"athleteId","in":"path","required":true,"style":"simple","explode":false,"schema":{"type":"string"}}],"requestBody":{"content":{"application/json":{"schema":{"properties":{"card":{"type":"string","enum":["RUNNINGTUMBLING","STANDINGTUMBLING"]},"performedSkillIds":{"type":"array","items":{"type":"string","format":"ObjectId","example":"6244367c95a5b29ea44c7a42"}}}}}}},"responses":{"200":{"description":"Running Tumbling Skills","content":{"application/json":{"schema":{"properties":{"meta":{"$ref":"#/components/schemas/SuccessResponseMeta"},"data":{"properties":{"tumblingCard":{"type":"array","items":{"$ref":"#/components/schemas/Skill"}}}}}}}}}}}},"/organizer/events/current/{athleteId}/stuntCard":{"post":{"tags":["Organizer | Current Event"],"summary":"Create Stunt Card for an Athlete","description":"Get Specific Athlete Cards\n","parameters":[{"name":"authorization","in":"header","description":"Device accessToken","required":false,"style":"simple","explode":false,"schema":{"type":"string"}},{"name":"athleteId","in":"path","required":true,"style":"simple","explode":false,"schema":{"type":"string"}}],"requestBody":{"content":{"application/json":{"schema":{"properties":{"cardType":{"type":"string","enum":["ALL_GIRL","COED"]},"athletePosition":{"type":"string","example":"FLYER","enum":["MAIN_BASE","SIDE_BASE","BACKSPOT","FLYER"]}}}}}},"responses":{"200":{"description":"Event Ranking","content":{"application/json":{"schema":{"properties":{"meta":{"$ref":"#/components/schemas/SuccessResponseMeta"},"data":{"properties":{"stuntCard":{"$ref":"#/components/schemas/StuntCard"}}}}}}}}}},"patch":{"tags":["Organizer | Current Event"],"summary":"Update Stunt Card's performed Skills for an Athlete","description":"Get Specific Athlete Cards\n","parameters":[{"name":"authorization","in":"header","description":"Device accessToken","required":false,"style":"simple","explode":false,"schema":{"type":"string"}},{"name":"athleteId","in":"path","required":true,"style":"simple","explode":false,"schema":{"type":"string"}}],"requestBody":{"content":{"application/json":{"schema":{"properties":{"cardId":{"type":"string","format":"ObjectId","example":"6244367c95a5b29ea44c7a77"},"performedSkillIds":{"type":"array","items":{"type":"string","format":"ObjectId","example":"6244367c95a5b29ea44c7a42"}}}}}}},"responses":{"200":{"description":"Event Ranking","content":{"application/json":{"schema":{"properties":{"meta":{"$ref":"#/components/schemas/SuccessResponseMeta"},"data":{"properties":{"stuntCard":{"$ref":"#/components/schemas/StuntCard"}}}}}}}}}}}},"components":{"schemas":{"Event":{"type":"object","properties":{"id":{"type":"string","format":"ObjectId","example":"6244367c95a5b29ea44c7a42"},"name":{"type":"string","example":"First Event"},"description":{"type":"string","example":"event description"},"startDate":{"type":"string","format":"date-time","example":"2022-03-29T22:00:00Z"},"endDate":{"type":"string","format":"date-time","example":"2022-03-29T22:00:00Z"},"place":{"type":"string","example":"ABC stadium"},"location":{"type":"string","example":"Arizona"},"imported":{"type":"boolean","example":false}}},"Skill":{"type":"object","properties":{"id":{"type":"string","format":"ObjectId","example":"6244367c95a5b29ea44c7a42"},"name":{"type":"string","example":"First Event"},"tier":{"type":"number","example":2},"index":{"type":"number","example":1},"performed":{"type":"boolean","example":true}}},"StuntCard":{"type":"object","properties":{"id":{"type":"string","format":"ObjectId","example":"6244367c95a5b29ea44c7a42"},"type":{"type":"string","example":"ALL_GIRL","enum":["ALL_GIRL","COED"]},"position":{"type":"string","example":"FLYER","enum":["MAIN_BASE","SIDE_BASE","BACKSPOT","FLYER"]},"skills":{"type":"array","items":{"$ref":"#/components/schemas/Skill"}}}},"AgilityCard":{"type":"object","properties":{"fourtyYardDash":{"type":"array","items":{"type":"number","example":3.8}},"verticalJump":{"type":"array","items":{"type":"number","example":3.8}},"broadJump":{"type":"array","items":{"type":"number","example":3.8}},"shuttleRun":{"type":"number","example":3.8},"pushUps":{"type":"number","example":6},"plankHold":{"type":"number","example":3.8}}},"EventResult":{"type":"object","properties":{"id":{"type":"string","format":"ObjectId","example":"6244367c95a5b29ea44c7a42"},"agilityCard":{"$ref":"#/components/schemas/AgilityCard"},"runningTumblingCard":{"type":"array","items":{"$ref":"#/components/schemas/Skill"}},"standingTumblingCard":{"type":"array","items":{"$ref":"#/components/schemas/Skill"}},"stuntCards":{"type":"array","items":{"$ref":"#/components/schemas/StuntCard"}}}},"EventScore":{"type":"object","properties":{"agilityScore":{"type":"number","example":2E+1},"tumblingScore":{"type":"number","example":22},"stuntingScore":{"type":"number","example":18},"total":{"type":"number","example":6E+1},"star":{"type":"number","example":3}}},"BasicAthlete":{"type":"object","properties":{"id":{"type":"string","format":"ObjectId","example":"6244367c95a5b29ea44c7a42"},"firstName":{"type":"string","example":"Muhammad"},"lastName":{"type":"string","example":"Magdy"},"photo":{"type":"string","example":"http://s3.bucket.com/nfinity/mMagdyPhoto.jpg"},"combineNumber":{"type":"number","example":3001}}},"BasicAuthUser":{"required":["firstName","id","lastName","username"],"type":"object","properties":{"id":{"type":"string","format":"ObjectId","example":"6244367c95a5b29ea44c7a42"},"firstName":{"type":"string","example":"Muhammad"},"lastName":{"type":"string","example":"Magdy"},"username":{"type":"string","example":"mmagdy"},"photo":{"type":"string","example":" http://s3.bucket.com/nfinity/mMagdyPhoto.jpg"}}},"Device":{"required":["accessToken","deviceId","id","language","os","refreshToken","timezone"],"properties":{"id":{"type":"string","format":"ObjectId","example":"6244367c95a5b29ea44c7a42"},"deviceId":{"type":"string","example":"any-string"},"os":{"type":"string","enum":["ANDROID","IOS"]},"language":{"type":"string","description":"The device language","format":"locale","example":"en"},"timezone":{"type":"string","description":"Timezone of the device","example":"Europe/Berlin"},"accessToken":{"type":"string"},"refreshToken":{"type":"string"},"fcmToken":{"type":"string","example":"any-string"}}},"PageInfo":{"required":["currentPage","nextPage","pagesCount","perPage","recordsCount"],"properties":{"currentPage":{"type":"integer","description":"starts from 1","example":1},"pagesCount":{"type":"integer","example":6},"nextPage":{"type":"integer","description":"-1 if no next pages","example":2},"perPage":{"type":"integer","description":"0 or more","example":20},"recordsCount":{"type":"integer","description":"total number of records","example":240}}},"SuccessResponseMeta":{"type":"object","properties":{"status":{"type":"integer","format":"statusCode","example":200},"message":{"type":"string","example":"Ok"}}}},"parameters":{"accessTokenHeader":{"name":"authorization","in":"header","description":"Device accessToken","required":false,"style":"simple","explode":false,"schema":{"type":"string"}},"timezoneHeader":{"name":"timezone","in":"header","description":"The device timezone","required":false,"style":"simple","explode":false,"schema":{"type":"string","example":"Europe/Berlin"}},"languageHeader":{"name":"language","in":"header","description":"The device language","required":false,"style":"simple","explode":false,"schema":{"type":"string","example":"en"}},"pageParam":{"name":"page","in":"query","description":"Number of requested page, starts from 1","required":false,"style":"form","explode":true,"schema":{"type":"integer"}},"perPageParam":{"name":"perPage","in":"query","description":"Number of records per page","required":false,"style":"form","explode":true,"schema":{"type":"integer"}}}}}