{"openapi":"3.0.0","info":{"title":"Nfinity Coach API","description":"Nfinity College Coach App API Documentation","contact":{"email":"msayed@identity-solutions.org"},"license":{"name":"Apache 2.0","url":"http://www.apache.org/licenses/LICENSE-2.0.html"},"version":"1.0.0"},"servers":[{"url":"https://virtserver.swaggerhub.com/Nfinity/Coach_API/1.0.0","description":"SwaggerHub API Auto Mocking"},{"url":"https://virtserver.swaggerhub.com/Nfinity/Athlete_API/1.0.0","description":"SwaggerHub API Auto Mocking"},{"url":"https://identity-nfinity.herokuapp.com/v1","description":"Staging"}],"tags":[{"name":"Coach | Auth","description":"Coach Auth"}],"paths":{"/coach/auth/login":{"post":{"tags":["Coach | Auth"],"description":"Login by username\n","requestBody":{"content":{"application/json":{"schema":{"properties":{"user":{"required":["deviceId","email","os","password"],"properties":{"email":{"type":"string"},"password":{"type":"string"}}},"device":{"properties":{"deviceId":{"type":"string"},"os":{"type":"string","enum":["ANDROID","IOS"]},"fcmToken":{"type":"string"}}}}}}}},"responses":{"200":{"description":"User logged in successfully","content":{"application/json":{"schema":{"properties":{"meta":{"$ref":"#/components/schemas/SuccessResponseMeta"},"data":{"properties":{"user":{"$ref":"#/components/schemas/BasicAuthUser"},"device":{"$ref":"#/components/schemas/Device"}}}}}}}}}}},"/coach/auth/extendToken":{"post":{"tags":["Coach | Auth"],"description":"Extend accessToken with a valid refreshToken\n","operationId":"extendToken","requestBody":{"content":{"application/json":{"schema":{"required":["accessToken","refreshToken"],"properties":{"accessToken":{"type":"string"},"refreshToken":{"type":"string"}}}}}},"responses":{"200":{"description":"Access token extended and a device is returned","content":{"application/json":{"schema":{"properties":{"meta":{"$ref":"#/components/schemas/SuccessResponseMeta"},"data":{"properties":{"device":{"$ref":"#/components/schemas/Device"}}}}}}}}}}},"/coach/auth/logout":{"delete":{"tags":["Coach | Auth"],"description":"Logout user and delete his device\n","operationId":"logout","parameters":[{"name":"authorization","in":"header","description":"Device accessToken","required":false,"style":"simple","explode":false,"schema":{"type":"string"}}],"responses":{"200":{"description":"User logged out successfully","content":{"application/json":{"schema":{"properties":{"meta":{"$ref":"#/components/schemas/SuccessResponseMeta"},"data":{"type":"object"}}}}}}}}},"/coach/auth/forgotPassword":{"post":{"tags":["Coach | Auth"],"description":"This endpoint should always return success, even if the email was not registered in the system. An email of password recovery is sent in case this email was already registered.\n","operationId":"forgotPassword","requestBody":{"content":{"application/json":{"schema":{"required":["email"],"properties":{"email":{"type":"string"}}}}}},"responses":{"200":{"description":"An email is sent","content":{"application/json":{"schema":{"properties":{"meta":{"$ref":"#/components/schemas/SuccessResponseMeta"},"data":{"type":"object"}}}}}}}}},"/coach/events":{"get":{"tags":["Coach | Events"],"description":"List All Events\n","parameters":[{"name":"authorization","in":"header","description":"Device accessToken","required":false,"style":"simple","explode":false,"schema":{"type":"string"}}],"responses":{"200":{"description":"User logged out successfully","content":{"application/json":{"schema":{"properties":{"meta":{"$ref":"#/components/schemas/SuccessResponseMeta"},"data":{"properties":{"events":{"type":"array","items":{"$ref":"#/components/schemas/Event"}}}}}}}}}}}},"/coach/events/{eventId}/rankings":{"get":{"tags":["Coach | Events"],"description":"List All Events\n","parameters":[{"name":"authorization","in":"header","description":"Device accessToken","required":false,"style":"simple","explode":false,"schema":{"type":"string"}},{"name":"page","in":"query","description":"Number of requested page, starts from 1","required":false,"style":"form","explode":true,"schema":{"type":"integer"}},{"name":"perPage","in":"query","description":"Number of records per page","required":false,"style":"form","explode":true,"schema":{"type":"integer"}},{"name":"eventId","in":"path","required":true,"style":"simple","explode":false,"schema":{"type":"string"}}],"responses":{"200":{"description":"Event Ranking","content":{"application/json":{"schema":{"properties":{"meta":{"$ref":"#/components/schemas/SuccessResponseMeta"},"data":{"properties":{"event":{"$ref":"#/components/schemas/Event"},"eventRankings":{"type":"array","items":{"properties":{"athlete":{"$ref":"#/components/schemas/BasicAthlete"},"scores":{"$ref":"#/components/schemas/EventScore"}}}},"pageInfo":{"$ref":"#/components/schemas/PageInfo"}}}}}}}}}}},"/coach/events/{eventId}/athletes/filter":{"get":{"tags":["Coach | Events"],"description":"List All Events\n","parameters":[{"name":"authorization","in":"header","description":"Device accessToken","required":false,"style":"simple","explode":false,"schema":{"type":"string"}},{"name":"page","in":"query","description":"Number of requested page, starts from 1","required":false,"style":"form","explode":true,"schema":{"type":"integer"}},{"name":"filterOptions","in":"query","required":false,"style":"form","explode":true,"schema":{"type":"object","properties":{"stuntPosition":{"type":"string","enum":["MAIN_BASE","SIDE_BASE","BACKSPOT","FLYER"]},"gender":{"type":"string","enum":["MALE","FEMALE","INTERSEX","TRANSGENDERED","PREFER_NOT_TO_SAY"]},"graduationYear":{"type":"number","example":2023},"sortBy":{"type":"string","enum":["stunting","tumbling","agility"]}}}},{"name":"eventId","in":"path","required":true,"style":"simple","explode":false,"schema":{"type":"string"}}],"responses":{"200":{"description":"Event Ranking","content":{"application/json":{"schema":{"properties":{"meta":{"$ref":"#/components/schemas/SuccessResponseMeta"},"data":{"properties":{"eventRankings":{"type":"array","items":{"properties":{"athlete":{"$ref":"#/components/schemas/BasicAthlete"},"scores":{"$ref":"#/components/schemas/EventScore"}}}},"pageInfo":{"$ref":"#/components/schemas/PageInfo"}}}}}}}}}}},"/coach/events/{eventId}/athletes":{"get":{"tags":["Coach | Events"],"summary":"Search for Athlete in current Event","description":"Get Specific Athlete Cards\n","parameters":[{"name":"authorization","in":"header","description":"Device accessToken","required":false,"style":"simple","explode":false,"schema":{"type":"string"}},{"name":"eventId","in":"path","required":true,"style":"simple","explode":false,"schema":{"type":"string"}},{"name":"searchString","in":"query","required":false,"style":"form","explode":true,"schema":{"type":"string"}}],"responses":{"200":{"description":"Event Ranking","content":{"application/json":{"schema":{"properties":{"meta":{"$ref":"#/components/schemas/SuccessResponseMeta"},"data":{"properties":{"athletes":{"type":"array","items":{"$ref":"#/components/schemas/BasicAthlete"}},"pageInfo":{"$ref":"#/components/schemas/PageInfo"}}}}}}}}}}},"/coach/athletes/{athleteId}":{"get":{"tags":["Coach | Athletes"],"summary":"Get Athlete Profile","description":"Get Specific Athlete profile\n","parameters":[{"name":"authorization","in":"header","description":"Device accessToken","required":false,"style":"simple","explode":false,"schema":{"type":"string"}},{"name":"athleteId","in":"path","required":true,"style":"simple","explode":false,"schema":{"type":"string"}}],"responses":{"200":{"description":"Athlete Profile","content":{"application/json":{"schema":{"properties":{"meta":{"$ref":"#/components/schemas/SuccessResponseMeta"},"data":{"properties":{"athlete":{"$ref":"#/components/schemas/BasicAthlete"},"connection":{"$ref":"#/components/schemas/Connection"},"basicInfo":{"$ref":"#/components/schemas/AthleteProfileBasic"},"skills":{"$ref":"#/components/schemas/AthleteProfileSkills"},"social":{"$ref":"#/components/schemas/AthleteProfileSocial"}}}}}}}}}}},"/coach/athletes/{athleteId}/events":{"get":{"tags":["Coach | Athletes"],"summary":"Get Athlete Previous Events","description":"Get Specific Athlete Previous Events\n","parameters":[{"name":"authorization","in":"header","description":"Device accessToken","required":false,"style":"simple","explode":false,"schema":{"type":"string"}},{"name":"athleteId","in":"path","required":true,"style":"simple","explode":false,"schema":{"type":"string"}}],"responses":{"200":{"description":"Athlete Profile","content":{"application/json":{"schema":{"properties":{"meta":{"$ref":"#/components/schemas/SuccessResponseMeta"},"data":{"properties":{"previousEvents":{"type":"array","items":{"properties":{"event":{"$ref":"#/components/schemas/EventBasic"},"scores":{"$ref":"#/components/schemas/EventScore"}}}}}}}}}}}}}},"/coach/athletes/{athleteId}/events/{eventId}":{"get":{"tags":["Coach | Athletes"],"description":"List All Events\n","parameters":[{"name":"authorization","in":"header","description":"Device accessToken","required":false,"style":"simple","explode":false,"schema":{"type":"string"}},{"name":"athleteId","in":"path","required":true,"style":"simple","explode":false,"schema":{"type":"string"}},{"name":"eventId","in":"path","required":true,"style":"simple","explode":false,"schema":{"type":"string"}}],"responses":{"200":{"description":"Event Scores","content":{"application/json":{"schema":{"properties":{"meta":{"$ref":"#/components/schemas/SuccessResponseMeta"},"data":{"properties":{"scores":{"$ref":"#/components/schemas/EventScore"},"eventResults":{"$ref":"#/components/schemas/EventResult"}}}}}}}}}}},"/coach/athletes/{athleteId}/requestContact":{"post":{"tags":["Coach | Athletes"],"description":"List All Events\n","parameters":[{"name":"authorization","in":"header","description":"Device accessToken","required":false,"style":"simple","explode":false,"schema":{"type":"string"}},{"name":"athleteId","in":"path","required":true,"style":"simple","explode":false,"schema":{"type":"string"}}],"requestBody":{"content":{"application/json":{"schema":{"required":["eventId"],"properties":{"eventId":{"type":"string"}}}}}},"responses":{"200":{"description":"Event Scores","content":{"application/json":{"schema":{"properties":{"meta":{"$ref":"#/components/schemas/SuccessResponseMeta"},"data":{"$ref":"#/components/schemas/ContactRequest"}}}}}}}}},"/users/updateFcmToken":{"patch":{"tags":["User"],"description":"Updates FCM token of user current device\n","operationId":"updateFcmToken","parameters":[{"name":"authorization","in":"header","description":"Device accessToken","required":false,"style":"simple","explode":false,"schema":{"type":"string"}}],"requestBody":{"content":{"application/json":{"schema":{"required":["fcmToken"],"properties":{"fcmToken":{"type":"string"}}}}}},"responses":{"200":{"description":"FCM token updated changed","content":{"application/json":{"schema":{"properties":{"meta":{"$ref":"#/components/schemas/SuccessResponseMeta"},"data":{"type":"object"}}}}}}}}},"/notification":{"get":{"tags":["Notification"],"description":"Reject Contact Requests\n","parameters":[{"name":"authorization","in":"header","description":"Device accessToken","required":false,"style":"simple","explode":false,"schema":{"type":"string"}}],"responses":{"200":{"description":"Notifications","content":{"application/json":{"schema":{"properties":{"meta":{"$ref":"#/components/schemas/SuccessResponseMeta"},"data":{"type":"array","items":{"$ref":"#/components/schemas/Notification"}}}}}}}}}}},"components":{"schemas":{"Event":{"type":"object","properties":{"id":{"type":"string","format":"ObjectId","example":"6244367c95a5b29ea44c7a42"},"name":{"type":"string","example":"First Event"},"description":{"type":"string","example":"event description"},"startDate":{"type":"string","format":"date-time","example":"2022-03-29T22:00:00Z"},"endDate":{"type":"string","format":"date-time","example":"2022-03-29T22:00:00Z"},"place":{"type":"string","example":"ABC stadium"},"location":{"type":"string","example":"Arizona"},"imported":{"type":"boolean","example":false},"status":{"type":"string","example":"registered","enum":["registered","ended","open"]}}},"EventBasic":{"type":"object","properties":{"id":{"type":"string","format":"ObjectId","example":"6244367c95a5b29ea44c7a42"},"name":{"type":"string","example":"First Event"},"startDate":{"type":"string","format":"date-time","example":"2022-03-29T22:00:00Z"},"endDate":{"type":"string","format":"date-time","example":"2022-03-29T22:00:00Z"}}},"Skill":{"type":"object","properties":{"id":{"type":"string","format":"ObjectId","example":"6244367c95a5b29ea44c7a42"},"name":{"type":"string","example":"First Event"},"tier":{"type":"number","example":2},"index":{"type":"number","example":1},"performed":{"type":"boolean","example":true}}},"StuntCard":{"type":"object","properties":{"id":{"type":"string","format":"ObjectId","example":"6244367c95a5b29ea44c7a42"},"type":{"type":"string","example":"ALL_GIRL","enum":["ALL_GIRL","COED"]},"position":{"type":"string","example":"FLYER","enum":["MAIN_BASE","SIDE_BASE","BACKSPOT","FLYER"]},"skills":{"type":"array","items":{"$ref":"#/components/schemas/Skill"}}}},"AgilityCard":{"type":"object","properties":{"fourtyYardDash":{"type":"array","items":{"type":"number","example":3.8}},"verticalJump":{"type":"array","items":{"type":"number","example":3.8}},"broadJump":{"type":"array","items":{"type":"number","example":3.8}},"shuttleRun":{"type":"number","example":3.8},"pushUps":{"type":"number","example":6},"plankHold":{"type":"number","example":3.8}}},"EventResult":{"type":"object","properties":{"id":{"type":"string","format":"ObjectId","example":"6244367c95a5b29ea44c7a42"},"agilityCard":{"$ref":"#/components/schemas/AgilityCard"},"runningTumblingCard":{"type":"array","items":{"$ref":"#/components/schemas/Skill"}},"standingTumblingCard":{"type":"array","items":{"$ref":"#/components/schemas/Skill"}},"stuntCards":{"type":"array","items":{"$ref":"#/components/schemas/StuntCard"}}}},"EventScore":{"type":"object","properties":{"agilityScore":{"type":"number","example":2E+1},"tumblingScore":{"type":"number","example":22},"stuntingScore":{"type":"number","example":18},"total":{"type":"number","example":6E+1},"stars":{"type":"number","example":3}}},"BasicAthlete":{"type":"object","properties":{"id":{"type":"string","format":"ObjectId","example":"6244367c95a5b29ea44c7a42"},"firstName":{"type":"string","example":"Muhammad"},"lastName":{"type":"string","example":"Magdy"},"photo":{"type":"string","example":"http://s3.bucket.com/nfinity/mMagdyPhoto.jpg"},"combineNumber":{"type":"number","example":3001}}},"BasicAuthUser":{"required":["firstName","id","lastName","username"],"type":"object","properties":{"id":{"type":"string","format":"ObjectId","example":"6244367c95a5b29ea44c7a42"},"firstName":{"type":"string","example":"Muhammad"},"lastName":{"type":"string","example":"Magdy"},"username":{"type":"string","example":"mmagdy"},"photo":{"type":"string","example":" http://s3.bucket.com/nfinity/mMagdyPhoto.jpg"}}},"AthleteProfileBasic":{"type":"object","properties":{"phone":{"type":"string","example":"0123456789"},"email":{"type":"string","example":"athlete1@identity.com"},"parentPhone":{"type":"string","example":"0123456789"},"parentEmail":{"type":"string","example":"parent1@identity.com"},"DoB":{"type":"string","format":"date","example":"2022-03-29"},"gender":{"type":"string","enum":["MALE","FEMALE","INTERSEX","TRANSGENDERED","PREFER_NOT_TO_SAY"]},"photo":{"type":"string","example":"http://s3.bucket.com/nfinity/mMagdyPhoto.jpg"},"graduationYear":{"type":"number","example":2023},"country":{"type":"string","example":"US"},"schoolName":{"type":"string","example":"Nfinity School"},"allstarGym":{"type":"string","example":"allstar_username"}}},"AthleteProfileSkills":{"type":"object","properties":{"stuntingPrefrence":{"type":"string","enum":["ALL_GIRL","COED"]},"primaryStuntPosition":{"type":"string","enum":["MAIN_BASE","SIDE_BASE","BACKSPOT","FLYER"]},"secondaryStuntPosition":{"type":"string","enum":["MAIN_BASE","SIDE_BASE","BACKSPOT","FLYER"]}}},"AthleteProfileSocial":{"type":"object","properties":{"instagramUsernam":{"type":"string"},"twitterUsername":{"type":"string"},"tiktokUsername":{"type":"string"}}},"Connection":{"type":"object","properties":{"isContact":{"type":"boolean"},"contactedBy":{"type":"number"}}},"ContactRequest":{"type":"object","properties":{"id":{"type":"string","format":"ObjectId","example":"6244367c95a5b29ea44c7a42"},"coachName":{"type":"string"},"coachCollege":{"type":"string"},"eventName":{"type":"string"},"status":{"type":"string","enum":["PENDING","ACCEPTED","REJECTED"]}}},"Device":{"required":["accessToken","deviceId","id","language","os","refreshToken","timezone"],"properties":{"id":{"type":"string","format":"ObjectId","example":"6244367c95a5b29ea44c7a42"},"deviceId":{"type":"string","example":"any-string"},"os":{"type":"string","enum":["ANDROID","IOS"]},"language":{"type":"string","description":"The device language","format":"locale","example":"en"},"timezone":{"type":"string","description":"Timezone of the device","example":"Europe/Berlin"},"accessToken":{"type":"string"},"refreshToken":{"type":"string"},"fcmToken":{"type":"string","example":"any-string"}}},"Notification":{"properties":{"id":{"type":"string","format":"ObjectId","example":"6244367c95a5b29ea44c7a42"},"type":{"type":"string"},"title":{"type":"string"},"body":{"type":"string"},"createdAt":{"type":"string","format":"date-time","example":"2022-03-29T22:00:00Z"}}},"PageInfo":{"required":["currentPage","nextPage","pagesCount","perPage","recordsCount"],"properties":{"currentPage":{"type":"integer","description":"starts from 1","example":1},"pagesCount":{"type":"integer","example":6},"nextPage":{"type":"integer","description":"-1 if no next pages","example":2},"perPage":{"type":"integer","description":"0 or more","example":20},"recordsCount":{"type":"integer","description":"total number of records","example":240}}},"SuccessResponseMeta":{"type":"object","properties":{"status":{"type":"integer","format":"statusCode","example":200},"message":{"type":"string","example":"Ok"}}}},"parameters":{"accessTokenHeader":{"name":"authorization","in":"header","description":"Device accessToken","required":false,"style":"simple","explode":false,"schema":{"type":"string"}},"timezoneHeader":{"name":"timezone","in":"header","description":"The device timezone","required":false,"style":"simple","explode":false,"schema":{"type":"string","example":"Europe/Berlin"}},"languageHeader":{"name":"language","in":"header","description":"The device language","required":false,"style":"simple","explode":false,"schema":{"type":"string","example":"en"}},"pageParam":{"name":"page","in":"query","description":"Number of requested page, starts from 1","required":false,"style":"form","explode":true,"schema":{"type":"integer"}},"perPageParam":{"name":"perPage","in":"query","description":"Number of records per page","required":false,"style":"form","explode":true,"schema":{"type":"integer"}},"filterOptions":{"name":"filterOptions","in":"query","required":false,"style":"form","explode":true,"schema":{"type":"object","properties":{"stuntPosition":{"type":"string","enum":["MAIN_BASE","SIDE_BASE","BACKSPOT","FLYER"]},"gender":{"type":"string","enum":["MALE","FEMALE","INTERSEX","TRANSGENDERED","PREFER_NOT_TO_SAY"]},"graduationYear":{"type":"number","example":2023},"sortBy":{"type":"string","enum":["stunting","tumbling","agility"]}}}}}}}