{"openapi":"3.0.0","info":{"title":"Inholland Test API","description":"This is the Inholland Test API","license":{"name":"Apache 2.0","url":"http://www.apache.org/licenses/LICENSE-2.0.html"},"version":"1.0.0"},"servers":[{"url":"https://virtserver.swaggerhub.com/Opdrachten_Week_1","description":"Inholland backend"}],"security":[{"ApiKeyAuth":[]}],"paths":{"/test":{"get":{"tags":["test"],"summary":"test call","description":"Calling this allows you to fetch the test data","operationId":"test","responses":{"200":{"description":"the test data","content":{"application/json":{"schema":{"type":"array","items":{"$ref":"#/components/schemas/TestObject"}}}}},"400":{"description":"bad input parameter"}}}},"/Articles":{"get":{"tags":["articles"],"summary":"test call","description":"Returns a list of articles, starting with the newest article in the database that fits the specified arguments. Also returns the Id of the next article, which can be used for incremental loading.","operationId":"articles","responses":{"200":{"description":"article data","content":{"application/json":{"schema":{"type":"array","items":{"$ref":"#/components/schemas/Articles"}}}}},"400":{"description":"bad input parameter"}}}},"/Articles/{id}":{"get":{"tags":["articles"],"summary":"Returns a list of articles, starting with the article with the specified Id. Also returns the Id of the next article, which can be used for incremental loading.","parameters":[{"name":"id","in":"path","description":"Numeric ID of the article to get","required":true,"style":"simple","explode":false,"schema":{"type":"integer"}}],"responses":{"200":{"description":"article data","content":{"application/json":{"schema":{"type":"array","items":{"$ref":"#/components/schemas/Articles"}}}}},"400":{"description":"bad input parameter"},"404":{"description":"resource not found"}}}},"/Articles/liked":{"get":{"tags":["articles"],"summary":"Returns a list of articles that the logged in user has liked.","operationId":"articlesLiked","responses":{"200":{"description":"like an article","content":{"application/json":{"schema":{"type":"array","items":{"$ref":"#/components/schemas/Articles"}}}}},"400":{"description":"bad input parameter"},"401":{"description":"unauthorized"},"404":{"description":"resource not found"}}}},"/Articles/{id}/like":{"put":{"tags":["articles"],"summary":"Returns a list of articles, starting with the article with the specified Id. Also returns the Id of the next article, which can be used for incremental loading.","parameters":[{"name":"id","in":"path","description":"Numeric ID of the article to get","required":true,"style":"simple","explode":false,"schema":{"type":"integer"}}],"responses":{"200":{"description":"article data","content":{"application/json":{"schema":{"type":"array","items":{"$ref":"#/components/schemas/Articles"}}}}},"400":{"description":"bad input parameter"},"404":{"description":"resource not found"}}},"delete":{"tags":["articles"],"summary":"Returns a list of articles, starting with the article with the specified Id. Also returns the Id of the next article, which can be used for incremental loading.","parameters":[{"name":"id","in":"path","description":"Numeric ID of the article to get","required":true,"style":"simple","explode":false,"schema":{"type":"integer"}}],"responses":{"200":{"description":"article data","content":{"application/json":{"schema":{"type":"array","items":{"$ref":"#/components/schemas/Articles"}}}}},"400":{"description":"bad input parameter"},"404":{"description":"resource not found"}}}},"/Users/register":{"post":{"tags":["users"],"summary":"Creates a new user.","requestBody":{"description":"Creates a new user account, if the UserName is not already in use","content":{"application/json":{"schema":{"$ref":"#/components/schemas/User"}}},"required":true},"responses":{"200":{"description":"Created a new user","content":{"application/json":{"schema":{"type":"array","items":{"$ref":"#/components/schemas/User"}}}}},"400":{"description":"bad input parameter"}}}},"/Users/login":{"post":{"tags":["users"],"summary":"Creates a new user.","requestBody":{"description":"Logs a user in and return an auth token, if the specified username and password are correct.","content":{"application/json":{"schema":{"$ref":"#/components/schemas/User"}}},"required":true},"responses":{"200":{"description":"Login user","content":{"application/json":{"schema":{"type":"array","items":{"$ref":"#/components/schemas/AuthToken"}}}}},"400":{"description":"bad input parameter"}}}}},"components":{"schemas":{"TestObject":{"required":["description","id"],"type":"object","properties":{"id":{"type":"integer"},"description":{"type":"string"}}},"Articles":{"required":["id"],"type":"object","properties":{"id":{"type":"integer"},"feed":{"type":"string"},"title":{"type":"string"},"summary":{"type":"string"},"publishdate":{"type":"string"},"image":{"type":"string"},"url":{"type":"string"},"related":{"type":"string"},"categories":{"type":"array","items":{"type":"object","properties":{"id":{"type":"integer"},"name":{"type":"string"}}}},"isliked":{"type":"boolean"},"nextId":{"type":"integer"}}},"User":{"required":["password","username"],"type":"object","properties":{"username":{"type":"string"},"password":{"type":"string"}}},"AuthToken":{"required":["authtoken"],"type":"object","properties":{"authtoken":{"type":"string"}}}},"securitySchemes":{"ApiKeyAuth":{"type":"apiKey","name":"x-authtoken","in":"header"}}}}