{"openapi":"3.0.0","info":{"title":"Testing a bank","description":"Bank Assignment","version":"1"},"servers":[{"url":"https://virtserver.swaggerhub.com/Nightfly-student/hihihi/1","description":"SwaggerHub API Auto Mocking"}],"paths":{"/api/accounts":{"get":{"tags":["Bank Account"],"summary":"Gets all Accounts","description":"Gets all Accounts from the Account Schema","operationId":"GetAccount","responses":{"200":{"description":"the results of the accounts","content":{"application/json":{"schema":{"type":"array","items":{"$ref":"#/components/schemas/AccountDTO"}}}}},"404":{"description":"not found"}}},"post":{"tags":["Bank Account"],"summary":"Creates an Account","description":"Creates an account with the information given","operationId":"CreateAccount","requestBody":{"description":"The Account to create.","content":{"application/json":{"schema":{"$ref":"#/components/schemas/AccountDTO"}}},"required":true},"responses":{"400":{"description":"Invalid Information"},"404":{"description":"Not Found"},"201":{"description":"created an bank account"}}}},"/api/accounts/{IBAN}":{"get":{"tags":["Bank Account"],"summary":"Find by Iban","description":"Get an account by Iban Number","operationId":"GetAccountIban","parameters":[{"name":"IBAN","in":"path","description":"IBAN number","required":true,"style":"simple","explode":false,"schema":{"type":"string"}}],"responses":{"400":{"description":"Invalid Information"},"404":{"description":"Not Found"},"200":{"description":"Found","content":{"application/json":{"schema":{"$ref":"#/components/schemas/AccountDTO"}}}}}}},"/api/accounts/{IBAN}/deposit":{"put":{"tags":["Transaction"],"summary":"Deposit money on account","description":"Deposit money on an account","operationId":"DepositMoney","parameters":[{"name":"IBAN","in":"path","description":"IBAN number","required":true,"style":"simple","explode":false,"schema":{"type":"string"}}],"requestBody":{"content":{"balance":{"schema":{"type":"number"}}}},"responses":{"400":{"description":"Invalid Information"},"404":{"description":"Not Found"},"200":{"description":"Deposit Done"}}}},"/api/accounts/{IBAN}/withdraw":{"put":{"tags":["Transaction"],"summary":"Withdraw money on account","description":"Withdraw money on an account","operationId":"WithdrawMoney","parameters":[{"name":"IBAN","in":"path","description":"IBAN number","required":true,"style":"simple","explode":false,"schema":{"type":"string"}}],"requestBody":{"content":{"balance":{"schema":{"type":"number"}}}},"responses":{"400":{"description":"Invalid Information"},"404":{"description":"Not Found"},"200":{"description":"Withdraw Done"}}}},"/api/transactions":{"post":{"tags":["Transaction"],"summary":"Transfer money from account to account","description":"Transfer money from iban to another iban","operationId":"Transaction","requestBody":{"content":{"application/json":{"schema":{"$ref":"#/components/schemas/TransactionDTO"}}}},"responses":{"404":{"description":"Not Found"},"200":{"description":"Transaction made"}}}}},"components":{"schemas":{"AccountDTO":{"required":["_id","balance","iban","name"],"type":"object","properties":{"_id":{"type":"string","example":"58e008800aac31001185ed07"},"iban":{"type":"string","example":"NL91ABNA0417164300"},"balance":{"type":"number","example":200.25},"name":{"type":"string","example":"Alice"}},"description":"A bank account"},"TransactionDTO":{"required":["amount","from","to","userPerforming"],"type":"object","properties":{"from":{"type":"string","example":"NL91ABNA0417164300"},"to":{"type":"string","example":"NL9INGB10417164300"},"userPerforming":{"type":"string","example":"Alice"},"amount":{"type":"number","example":2E+2}}}}}}