{"openapi":"3.0.0","info":{"title":"Elephland API Specification","description":"Specification of Elephant Management Service API","version":"1.0.0"},"servers":[{"url":"https://virtserver.swaggerhub.com/NikitaSamartsev/ElephantAPI/1.0.0","description":"SwaggerHub API Auto Mocking"}],"tags":[{"name":"elephant"},{"name":"operations"}],"paths":{"/list":{"get":{"tags":["elephant"],"summary":"Get all elephants","description":"Return array of elephants.","responses":{"200":{"description":"OK","content":{"application/json":{"schema":{"type":"array","items":{"allOf":[{"$ref":"#/components/schemas/Elephant"}]}}}}}}}},"/list/":{"post":{"tags":["elephant"],"summary":"Add elephant to ordering list","description":"Add elephant to elephant collection.","requestBody":{"description":"new elephant data","content":{"application/json":{"schema":{"$ref":"#/components/schemas/Elephant"}}},"required":true},"responses":{"201":{"description":"Created"}}}},"/info":{"get":{"tags":["elephant"],"summary":"Get elephant by id","description":"Get elephant by id","parameters":[{"name":"id","in":"query","description":"elephant id","required":true,"style":"form","explode":true,"schema":{"type":"integer","example":123}}],"responses":{"200":{"description":"OK","content":{"application/json":{"schema":{"$ref":"#/components/schemas/Elephant"}}}}}}},"/order/{id}":{"post":{"tags":["operations"],"summary":"Order elephant","description":"Operation order elephant by id.","operationId":"orderByElephantId","parameters":[{"name":"id","in":"path","description":"elephant id","required":true,"style":"simple","explode":false,"schema":{"type":"integer"}}],"responses":{"200":{"description":"ORDERED"}}}},"/change/{oldId}/{newId}":{"post":{"tags":["operations"],"summary":"Change old elephant to new elephant","description":"Operation change elephant.","operationId":"changeElephantId","parameters":[{"name":"oldId","in":"path","description":"elephant old id","required":true,"style":"simple","explode":false,"schema":{"type":"integer"}},{"name":"newId","in":"path","description":"elephant new id","required":true,"style":"simple","explode":false,"schema":{"type":"integer"}}],"responses":{"200":{"description":"CHANGED"}}}},"/revert/{id}":{"post":{"tags":["operations"],"summary":"Revert elephant","description":"Operation revert elephant by id","operationId":"revertByElephantId","parameters":[{"name":"id","in":"path","description":"elephant id","required":true,"style":"simple","explode":false,"schema":{"type":"integer"}}],"responses":{"200":{"description":"REVERTED"}}}}},"components":{"schemas":{"Elephant":{"title":"Elephant","required":["id","name"],"type":"object","properties":{"id":{"type":"integer","description":"unique id"},"name":{"type":"string","description":"Elephant name"},"age":{"type":"integer","description":"Elephant age"},"weight":{"type":"integer","description":"Elephant weight"},"ear_square":{"type":"number","description":"Elehant ear square"},"nose_lenght":{"type":"number","description":"Elephant nose lenght"},"eye_color":{"type":"string","description":"Eye color:\n * `red`\n * `green`\n * `blue`\n * `custom`\n","enum":["red","green","blue","custom"]},"elephant_status":{"type":"string","description":"Elephant status:\n  * `free`\n  * `ordered`\n  * `returned`\n","enum":["free","ordered","returned"]},"created_date":{"type":"object","description":"date of creation row"}}}}}}