{"openapi":"3.0.0","info":{"title":"openapi","description":"eShop Заказы","contact":{"name":"ОРС"},"version":"1.0"},"servers":[{"url":"http://localhost:8080"}],"paths":{"/api/v1/order-registrations":{"post":{"tags":["orders"],"summary":"Регистрация заказов","description":"Принимает коллекцию заказов и регистрирует их.","operationId":"post-api-v1-order-registration","requestBody":{"$ref":"#/components/requestBodies/RegisterOrders"},"responses":{"200":{"description":"OK","content":{"application/json":{"schema":{"allOf":[{"$ref":"#/components/schemas/ItemCollection"},{"type":"object","properties":{"data":{"type":"array","items":{"$ref":"#/components/schemas/SuccessOrderRegistration"}}}},{"type":"object","properties":{"errors":{"type":"array","items":{"$ref":"#/components/schemas/FailureOrderRegistration"}}}}]}}}},"400":{"description":"Ошибка","content":{"application/json":{"schema":{"type":"object","properties":{"data":{"type":"object","description":"Всегда пустой объект."},"errors":{"type":"array","items":{"type":"object","properties":{"code":{"type":"string","description":"Код ошибки."},"title":{"type":"string","description":"Текст ошибки."}}}}}}}}},"403":{"description":"Ошибка","content":{"application/json":{"schema":{"type":"object","properties":{"data":{"type":"object","description":"Всегда пустой объект."},"errors":{"type":"array","items":{"type":"object","properties":{"code":{"type":"string","description":"Код ошибки."},"title":{"type":"string","description":"Текст ошибки."}}}}}}}}},"500":{"description":"Ошибка","content":{"application/json":{"schema":{"type":"object","properties":{"data":{"type":"object","description":"Всегда пустой объект."},"errors":{"type":"array","items":{"type":"object","properties":{"code":{"type":"string","description":"Код ошибки."},"title":{"type":"string","description":"Текст ошибки."}}}}}}}}}}}},"/api/v1/order-registrations/{OrderRegistrationId}":{"get":{"tags":["orders"],"summary":"Получение регистрации заказа","description":"Возвращает регистрацию заказа по ее идентификатору.","operationId":"get-api-v1-order-registration-id","parameters":[{"name":"OrderRegistrationId","in":"path","description":"Идентификатор регистрации заказа.","required":true,"style":"simple","explode":false,"schema":{"type":"string","format":"uuid"}}],"responses":{"200":{"description":"OK","content":{"application/json":{"schema":{"allOf":[{"$ref":"#/components/schemas/SingleItem"},{"type":"object","properties":{"data":{"$ref":"#/components/schemas/OrderRegistration"}}}]}}}},"403":{"description":"Ошибка","content":{"application/json":{"schema":{"type":"object","properties":{"data":{"type":"object","description":"Всегда пустой объект."},"errors":{"type":"array","items":{"type":"object","properties":{"code":{"type":"string","description":"Код ошибки."},"title":{"type":"string","description":"Текст ошибки."}}}}}}}}},"404":{"description":"Ошибка","content":{"application/json":{"schema":{"type":"object","properties":{"data":{"type":"object","description":"Всегда пустой объект."},"errors":{"type":"array","items":{"type":"object","properties":{"code":{"type":"string","description":"Код ошибки."},"title":{"type":"string","description":"Текст ошибки."}}}}}}}}},"500":{"description":"Ошибка","content":{"application/json":{"schema":{"type":"object","properties":{"data":{"type":"object","description":"Всегда пустой объект."},"errors":{"type":"array","items":{"type":"object","properties":{"code":{"type":"string","description":"Код ошибки."},"title":{"type":"string","description":"Текст ошибки."}}}}}}}}}}}},"/api/v1/orders/{OrderId}":{"get":{"tags":["orders"],"summary":"Получение заказа","description":"Возвращает заказ по его номеру.","operationId":"get-api-v1-orders-id","parameters":[{"name":"OrderId","in":"path","description":"Номер заказа.","required":true,"style":"simple","explode":false,"schema":{"minimum":1,"type":"integer","example":6800455}}],"responses":{"200":{"description":"OK","content":{"application/json":{"schema":{"allOf":[{"$ref":"#/components/schemas/SingleItem"},{"type":"object","properties":{"data":{"$ref":"#/components/schemas/Order"}}}]}}}},"403":{"description":"Ошибка","content":{"application/json":{"schema":{"type":"object","properties":{"data":{"type":"object","description":"Всегда пустой объект."},"errors":{"type":"array","items":{"type":"object","properties":{"code":{"type":"string","description":"Код ошибки."},"title":{"type":"string","description":"Текст ошибки."}}}}}}}}},"404":{"description":"Ошибка","content":{"application/json":{"schema":{"type":"object","properties":{"data":{"type":"object","description":"Всегда пустой объект."},"errors":{"type":"array","items":{"type":"object","properties":{"code":{"type":"string","description":"Код ошибки."},"title":{"type":"string","description":"Текст ошибки."}}}}}}}}},"500":{"description":"Ошибка","content":{"application/json":{"schema":{"type":"object","properties":{"data":{"type":"object","description":"Всегда пустой объект."},"errors":{"type":"array","items":{"type":"object","properties":{"code":{"type":"string","description":"Код ошибки."},"title":{"type":"string","description":"Текст ошибки."}}}}}}}}}}}}},"components":{"schemas":{"Order":{"title":"Заказ","type":"object","properties":{"id":{"$ref":"#/components/schemas/OrderId"},"type":{"type":"string","default":"order"},"attributes":{"type":"object"}},"description":"Заказ."},"OrderId":{"title":"Номер заказа","minimum":1,"type":"integer","description":"Номер заказа.","example":6800415},"SuccessOrderRegistration":{"title":"Регистрация заказа","type":"object","properties":{"id":{"type":"string","description":"Идентификатор регистрации заказа.","format":"uuid"},"type":{"type":"string","default":"successRegistrationOrder"},"attributes":{"type":"object","properties":{"orderId":{"$ref":"#/components/schemas/OrderId"}}}},"description":"Регистрация заказа."},"FailureOrderRegistration":{"title":"Ошибка регистрации заказа","type":"object","properties":{"orderId":{"$ref":"#/components/schemas/OrderId"},"title":{"type":"string","description":"Текст ошибки"}},"description":"Ошибка регистрации заказа."},"OrderRegistrationId":{"title":"Идентификатор регистрации заказа","type":"string","description":"Идентификатор регистрации заказа.","format":"uuid"},"OrderRegistration":{"title":"Регистрация заказа","type":"object","properties":{"id":{"$ref":"#/components/schemas/OrderRegistrationId"},"type":{"type":"string","default":"orderRegistration"},"attributes":{"type":"object","properties":{"status":{"type":"string","description":"* registered - зарегистрировано\n* processed - обработано\n* error - ошибка обработки","enum":["registered","processed","error"]},"error":{"type":"object","properties":{"code":{"type":"string"},"title":{"type":"string"}},"nullable":true}}}},"description":"Регистрация заказа."},"SingleItem":{"title":"Объект","type":"object","properties":{"data":{"type":"object"}},"description":"Ответ с объектом."},"ItemCollection":{"title":"Коллекция объектов","type":"object","properties":{"data":{"type":"array","items":{"type":"object"}}},"description":"Ответ с коллекцией объектов."},"OrderType":{"title":"Тип заказа","type":"integer","description":"Тип заказа:\n* 1 - интернет-заказ\n* 2 - резерв в магазине (отложенный товар)","enum":[1,2]},"NoticeType":{"title":"Тип уведомления клиента","type":"integer","description":"Тип уведомления клиента:\n* 1 - email\n* 2 - sms\n* 3 - email и sms","enum":[1,2,3]},"ShopId":{"title":"Идентификатор магазина","type":"integer","description":"Идентификатор магазина:\n* 0 - Читай Город\n* 1 - Book24\n* 2 - Буквоед","enum":[0,1,2]}},"responses":{"Error":{"description":"Ошибка","content":{"application/json":{"schema":{"type":"object","properties":{"data":{"type":"object","description":"Всегда пустой объект."},"errors":{"type":"array","items":{"type":"object","properties":{"code":{"type":"string","description":"Код ошибки."},"title":{"type":"string","description":"Текст ошибки."}}}}}}}}}},"parameters":{"OrderRegistrationId":{"name":"OrderRegistrationId","in":"path","description":"Идентификатор регистрации заказа.","required":true,"style":"simple","explode":false,"schema":{"type":"string","format":"uuid"}},"OrderId":{"name":"OrderId","in":"path","description":"Номер заказа.","required":true,"style":"simple","explode":false,"schema":{"minimum":1,"type":"integer","example":6800455}}},"requestBodies":{"RegisterOrders":{"content":{"application/json":{"schema":{"type":"array","description":"Форма регистрации заказа.","items":{"required":["attributes","created_at","delivery","items","order_id","payment","recipient","shop_id","type","user"],"type":"object","properties":{"order_id":{"$ref":"#/components/schemas/OrderId"},"shop_id":{"$ref":"#/components/schemas/ShopId"},"type":{"$ref":"#/components/schemas/OrderType"},"attributes":{"required":["is_adjustment","is_exchange","is_first_order","platform_id"],"type":"object","properties":{"platform_id":{"type":"integer","description":"Источник создания заказа:\n* 1 - десктопная версия сайта\n* 2 - мобильная версия сайта\n* 3 - приложение iOS\n* 4 - пиложение Android\n","enum":[1,2,3,4]},"is_first_order":{"type":"boolean","description":"Первый заказ клиента."},"is_exchange":{"type":"boolean","description":"Обмен брака."},"is_adjustment":{"type":"boolean","description":"Заказ с отправкой недостачи."},"initial_order_id":{"type":"integer","description":"Первоначальный заказ, по которому отправляется недостающие товары или обменивается брак.","nullable":true},"mnogoru_card":{"type":"string","description":"Номер карты Многору.","nullable":true},"certificate":{"required":["code","has_blogger","value"],"type":"object","properties":{"code":{"type":"string","description":"Код сертификата."},"value":{"type":"string","description":"Номинал сертификата."},"has_blogger":{"type":"boolean","description":"Применен ли к заказу блоггерский сертфикат."}},"description":"Сертификат.","nullable":true},"coupon":{"type":"string","description":"Промокод","nullable":true}},"description":"Дополнительные атрибуты."},"user":{"required":["email","id","name","notice"],"type":"object","properties":{"id":{"type":"string","description":"Идентификатор пользователя."},"name":{"type":"string","description":"Полное имя.","example":"Иванов Иван Иванович"},"phone":{"type":"string","description":"Телефон.","nullable":true,"example":"+79123456789"},"email":{"type":"string","description":"Email","format":"email"},"discount_card":{"type":"string","description":"Номер карты любимого покупателя.","nullable":true},"notice":{"$ref":"#/components/schemas/NoticeType"},"comment":{"type":"string","description":"Клиентский комментарий при оформлении.","nullable":true},"seller":{"type":"string","description":"ФИО продавца в магазине, оформившего заказ клиенту.","nullable":true},"restrictions_info":{"type":"string","description":"Какие ограничения сработали по пользователю.","example":"Запрет доставки в ПВЗ"}},"description":"Информация о клиенте."},"legal_entity":{"required":["bik","checking_account","correspondent_account","inn","legal_address","organization"],"type":"object","properties":{"contact_name":{"type":"string","description":"ФИО контактного лица.","nullable":true},"organization":{"type":"string","description":"Наименование организации."},"inn":{"type":"string","description":"Инн."},"kpp":{"type":"string","description":"КПП","nullable":true},"legal_address":{"type":"string","description":"Юридический адрес."},"actual_address":{"type":"string","description":"Физический адрес.","nullable":true},"bank":{"type":"string","description":"Банк.","nullable":true},"checking_account":{"type":"string","description":"Расчетный счет."},"correspondent_account":{"type":"string","description":"Коррекспондентский счет."},"bik":{"type":"string","description":"БИК."},"okpo":{"type":"string","description":"ОКПО","nullable":true},"okved":{"type":"string","description":"ОКВЭД","nullable":true},"city":{"type":"string","description":"Город организации.","nullable":true},"fax":{"type":"string","description":"Телефон/факс.","nullable":true}},"description":"Данные юрлица.","nullable":true},"payment":{"required":["payments","type"],"type":"object","properties":{"type":{"type":"integer","description":"Тип оплаты:\n* 1 - наличные при полчении\n* 8 - онлайн оплата","enum":[1,8]},"payments":{"type":"array","description":"Оплаты заказа.","items":{"required":["amount","paid","pay_system_id"],"type":"object","properties":{"pay_system_id":{"type":"integer","description":"Идентификатор системы оплаты."},"paid":{"type":"boolean","description":"Флаг оплаты."},"amount":{"type":"string","description":"Сумма оплаты.","example":"1200.15"}},"description":"Оплата."}}},"description":"Оплата."},"recipient":{"required":["first_name","last_name","phone"],"type":"object","properties":{"first_name":{"type":"string","description":"Имя.","example":"Иван"},"last_name":{"type":"string","description":"Фамилия.","example":"Иванов"},"second_name":{"type":"string","description":"Отчество.","nullable":true,"example":"Иванович"},"phone":{"type":"string","description":"Телефон.","example":"+79123456789"}},"description":"Получатель."},"delivery":{"required":["address","agentId","city","country","days","delivery_zone","house","id","pickpoint","providerId","region","street"],"type":"object","properties":{"id":{"type":"integer","description":"Идентификатор службы доставки."},"providerId":{"type":"integer","description":"ID провайдера на сайте.\nНапример, 1 = Яндекс, и т.д.","example":1},"agentId":{"type":"integer","description":"ID компании у внешнего провайдера.\nНапример, 1382 - это PickPoint у Яндекса. \"Агент\", подключенный к провайдеру и оказывающий услуги.\n","example":1},"pickpoint":{"type":"string","description":"Идентификатор пункта самовывоза или номер магазина ЧГ (как во внутренней ИС).\nИли идентификатор ПВЗ в том API (провайдера), на который будет оформляться заказ на доставку."},"country":{"type":"string","description":"Страна","example":"643"},"region":{"type":"string","description":"Название региона.","example":"Ставропольский край"},"city":{"type":"string","description":"Город."},"fias":{"type":"string","description":"ФИАС адреса.","format":"uuid","nullable":true},"zip":{"type":"string","description":"Индекс.","nullable":true},"street":{"type":"string","description":"Улица."},"house":{"type":"string","description":"Дом."},"housing":{"type":"string","description":"Корпус.","nullable":true},"building":{"type":"string","description":"Строение.","nullable":true},"apartment":{"type":"string","description":"Квартира.","nullable":true},"address":{"type":"string","description":"Полный адрес без города."},"address_check":{"type":"integer","description":"Признак валидации адреса доставки:\n* -1 - валидация не требуется\n* 0 - адрес найден\n* 1 - адрес не найден\n* 2 - индекс адреса не совпал в введенным\n* 3 - город не найден\n* 4 - некорректный город\n* 5 - не проверено\n* 6 - некорректная улица\n* 7 - некорректный дом","format":"date","enum":[-1,0,1,2,3,5,6,7]},"price":{"type":"string","description":"Стоимость доставки.","nullable":true,"example":"312.00"},"codPrice":{"type":"string","description":"Процент за отправку бандероли наложенным платежом.","nullable":true,"example":"10.00"},"delivery_zone":{"type":"string","description":"Зона доставки."},"delivery_date":{"type":"string","description":"Ожидаемая дата доставки.","format":"date","nullable":true},"days":{"type":"string","description":"Количество дней доставки.","format":"date"},"time_range":{"required":["from","to"],"type":"object","properties":{"from":{"type":"string","description":"С.","example":"10:00"},"to":{"type":"string","description":"По.","example":"20:30"}},"description":"Временной интервал доставки."},"weight":{"type":"integer","description":"Вес в граммах.","nullable":true,"example":1500},"dimensions":{"required":["height","length","width"],"type":"object","properties":{"length":{"type":"integer","description":"Длина в миллиметрах.","example":150},"width":{"type":"integer","description":"Ширина в миллиметрах.","example":200},"height":{"type":"integer","description":"Высота в миллиметрах.","example":250}},"description":"Габариты.","nullable":true}},"description":"Данные о доставке."},"items":{"type":"array","description":"Корзина.","items":{"required":["book_id","is_preorder","is_present","item_id","price","quantity"],"type":"object","properties":{"item_id":{"type":"integer","description":"Идентификатор позиции товара.","example":1005899},"book_id":{"type":"integer","description":"Book ID.","example":2755988},"quantity":{"type":"integer","description":"Количество.","example":10},"price":{"required":["amount","amount_pre_bonus","bonus","discount_amount","discount_percent","return_bonus","vat"],"type":"object","properties":{"amount":{"type":"string","description":"Цена позиции в момент оформления заказа.","example":"100.10"},"amount_pre_bonus":{"type":"string","description":"Цена со скидками до применения бонусов.","example":"100.10"},"discount_percent":{"type":"string","description":"Процент скидки.","example":"0.00"},"discount_amount":{"type":"string","description":"Сумма скидки на позицию.","example":"0.00"},"bonus":{"type":"string","description":"Сумма примененных бонусов для 1 шт. товара в позиции.","example":"0.00"},"return_bonus":{"type":"string","description":"Сумма бонусов для возврата по позиции.","example":"0.00"},"vat":{"type":"string","description":"НДС.","example":"0.00"}},"description":"Цена."},"is_preorder":{"type":"boolean","description":"Является ли позиция предзаказом на момент оформления заказа."},"is_present":{"type":"boolean","description":"Является ли товар подарком."},"bundle_group":{"type":"integer","description":"Числовой признак для группы связанных товаров.\nНапример, товар + товар в подарок, книга + коробочка к ней.","nullable":true}},"description":"Позиция в заказе."}},"partner":{"required":["id","name","pin"],"type":"object","properties":{"id":{"type":"string","description":"Идентификатор партнера на сайте."},"name":{"type":"string","description":"Имя партнера на сайте."},"pin":{"type":"string","description":"ПИН веб-"}},"description":"Партнер.","nullable":true},"created_at":{"type":"string","description":"Дата создания заказа в магазине в формате atom.","example":"2022-04-24T15:12:36+00:00"}},"description":"Данные заказа для регистрации."}}}}}}}}