{"openapi":"3.0.0","info":{"title":"Student_API","description":"Simple API used to get Student with specific name, specific ID and add new student","version":"V.0.1"},"servers":[{"url":"https://virtserver.swaggerhub.com/NKOUCKA/Student_API_USE_COMPONENTS/V.0.1","description":"SwaggerHub API Auto Mocking"},{"url":"https://virtserver.swaggerhub.com/NKOUCKA/Student_API/V.0.0","description":"SwaggerHub API Auto Mocking"},{"url":"https://devapi.com","description":"dev server"},{"url":"https://proapi.com","description":"prod api"}],"paths":{"/ student":{"description":"Student Resource","get":{"description":"Operation to fetch Students","parameters":[{"name":"studentname","in":"query","required":true,"style":"form","explode":true,"schema":{"type":"string","example":"NKOUCKA"}}],"responses":{"200":{"description":"Success reponse","content":{"application/json":{"schema":{"$ref":"#/components/schemas/student2"}}}}}},"post":{"description":"Operation to add a new student","requestBody":{"content":{"application/json":{"schema":{"$ref":"#/components/schemas/student1"}}}},"responses":{"201":{"description":"record successfully added"}}}}},"components":{"schemas":{"student1":{"type":"object","properties":{"StudentID":{"type":"integer","example":3},"StudentName":{"type":"string","example":"GERAUD"},"StudentRemarks":{"type":"string","example":"High Grade Student"}}},"student2":{"type":"array","items":{"properties":{"StudentID":{"type":"integer","example":3},"StudentName":{"type":"string","example":"GERAUD"},"StudentRemarks":{"type":"string","example":"High Grade Student"}}}}}}}