{"openapi":"3.0.0","info":{"title":"SHOP ORDER API","description":"This is a shop order API","version":"1.0.0"},"servers":[{"url":"https://virtserver.swaggerhub.com/NKOUCKA/SHOP_ORDER_API/1.0.0","description":"SwaggerHub API Auto Mocking"},{"url":"http://eudrpmii0030.dc.ege.ds:50000","description":"production server"}],"tags":[{"name":"List","description":"Assigning shop order"},{"name":"Read Status","description":"Reading the status"},{"name":"Integration","description":"Updating and deleting shop orders"},{"name":"AGV status","description":"Assigning a shop order to an AGV"}],"paths":{"/ShopOrder":{"get":{"tags":["List","Read Status"],"description":"Get the Order Status of shop orders list","parameters":[{"name":"plant","in":"query","description":"plant number","required":true,"style":"form","explode":true,"schema":{"type":"integer","example":1213}},{"name":"OrderId","in":"query","description":"Order ID","required":true,"style":"form","explode":true,"schema":{"type":"string","example":"WK_1158407XA0A_12042022_002"}},{"name":"Work_Center","in":"query","description":"workcenter reference","required":false,"style":"form","explode":true,"schema":{"type":"string","example":"WC004963"}},{"name":"Material","in":"query","description":"material reference","required":false,"style":"form","explode":true,"schema":{"type":"string","example":"1158407XA0A"}},{"name":"kanban_type","in":"query","description":"type of kanban","required":false,"style":"form","explode":true,"schema":{"type":"string","example":"WK"}},{"name":"QTY_TO_BUILD","in":"query","description":"Quantity to build","required":false,"style":"form","explode":true,"schema":{"type":"string","example":"26"}},{"name":"QTY_DONE","in":"query","description":"Quantity done","required":false,"style":"form","explode":true,"schema":{"type":"integer","example":1}},{"name":"QTY_SCRAPPED","in":"query","description":"Quantity scrapped","required":false,"style":"form","explode":true,"schema":{"type":"string","example":"0"}},{"name":"RELATED_ORDER","in":"query","description":"Related Order","required":false,"style":"form","explode":true,"schema":{"type":"string"}},{"name":"CREATED_PROD_SO","in":"query","description":"CREATED_PROD_SO","required":false,"style":"form","explode":true,"schema":{"type":"string","example":"PWK_120422143231.389_XA0A_001"}},{"name":"BATCH","in":"query","description":"BATCH","required":false,"style":"form","explode":true,"schema":{"type":"string","example":"2022041201"}},{"name":"CUSTOMER","in":"query","description":"CUSTOMER","required":false,"style":"form","explode":true,"schema":{"type":"string"}},{"name":"CONTAINER_NUMBER","in":"query","description":"CONTAINER_NUMBER","required":false,"style":"form","explode":true,"schema":{"type":"string"}},{"name":"PICKING_TIME","in":"query","description":"PICKING_TIME","required":false,"style":"form","explode":true,"schema":{"type":"string","format":"date"}},{"name":"PRODUCTION_TIME","in":"query","description":"PRODUCTION_TIME","required":false,"style":"form","explode":true,"schema":{"type":"string","format":"date-time"}},{"name":"FROM_STORAGE_LOC","in":"query","description":"FROM_STORAGE_LOC","required":false,"style":"form","explode":true,"schema":{"type":"string","example":"PR20"}},{"name":"FROM_STORAGE_BIN","in":"query","description":"FROM_STORAGE_BIN","required":false,"style":"form","explode":true,"schema":{"type":"string"}},{"name":"TO_STORAGE_LOC","in":"query","description":"TO_STORAGE_LOC","required":false,"style":"form","explode":true,"schema":{"type":"string","example":"OU10"}},{"name":"TO_STORAGE_BIN","in":"query","description":"TO_STORAGE_BIN","required":false,"style":"form","explode":true,"schema":{"type":"string"}}],"responses":{"200":{"description":"Success","content":{"application/json":{"schema":{"type":"array","items":{"$ref":"#/components/schemas/ShopOrde_List_200"}}}}},"300":{"description":"Shop order does not exist","content":{"application/json":{"schema":{"type":"array","items":{"$ref":"#/components/schemas/ShopOrde_List_300"}}}}},"500":{"description":"Server error"}}},"post":{"tags":["Integration","AGV status"],"description":"Adds an item to the system","requestBody":{"description":"Inventory item to add","content":{"application/json":{"schema":{"$ref":"#/components/schemas/ShopOrder"}}}},"responses":{"201":{"description":"item created"},"400":{"description":"invalid input, object invalid"},"409":{"description":"an existing item already exists"}}}}},"components":{"schemas":{"ShopOrde_List_300":{"type":"array","items":{"properties":{"Status":{"type":"string","example":"Failure"},"Error":{"type":"string","example":"MWK_13552019201201004 does not exist"},"OrderId":{"type":"string","example":"MWK_13552019201201004"},"Plant":{"type":"string","example":"1213"},"OrderStatus":{"type":"string"}}}},"ShopOrde_List_200":{"type":"array","items":{"properties":{"Status":{"type":"string","example":"Success"},"Error":{"type":"string","example":"MWK_13552019201201004"},"OrderId":{"type":"string","example":"MWK_13552019201201004"},"Plant":{"type":"string","example":"1213"},"OrderStatus":{"type":"string","example":"SFG PIK IN PRODUCTION"}}}},"ShopOrder":{"type":"array","items":{"properties":{"plant":{"type":"string","example":"1213"},"OrderId":{"type":"string","example":"12"},"Work_Center":{"type":"string","example":"WC004963"},"Material":{"type":"string","example":"1158407XA0A"},"kanban_type":{"type":"string","example":"WK"},"QTY_TO_BUILD":{"type":"string","example":"26"},"QTY_DONE":{"type":"integer","example":1},"QTY_SCRAPPED":{"type":"string","example":"0"},"RELATED_ORDER":{"type":"string"},"CREATED_PROD_SO":{"type":"string","example":"PWK_120422143231.389_XA0A_001"},"BATCH":{"type":"string","example":"2022041201"},"CUSTOMER":{"type":"string"},"CONTAINER_NUMBER":{"type":"string"},"PICKING_TIME":{"format":"date","example":"25/12/2018 14:10:00"},"PRODUCTION_TIME":{"type":"string","format":"date-time"},"FROM_STORAGE_LOC":{"type":"string","example":"PR20"},"FROM_STORAGE_BIN":{"type":"string"},"TO_STORAGE_LOC":{"type":"string","example":"OU10"},"TO_STORAGE_BIN":{"type":"string"}}}}}}}