{"openapi":"3.0.0","info":{"title":"In-app API UI","description":"","version":"2"},"servers":[{"url":"https://inapp.brainlyads.com/api-ui/v2","description":"API is serving UI"}],"paths":{"/app":{"get":{"parameters":[{"name":"limit","in":"query","description":"Sets the number of records to return","required":false,"style":"form","explode":true,"schema":{"format":"integer"}},{"name":"offset","in":"query","description":"Number of records to skip","required":false,"style":"form","explode":true,"schema":{"format":"integer"}},{"name":"api_key","in":"header","required":false,"style":"simple","explode":false,"schema":{"format":"uuid"}}],"responses":{"200":{"description":"Apps list","content":{"application/json":{"schema":{"type":"object","properties":{"success":{"type":"boolean"},"data":{"type":"array","items":{"$ref":"#/components/schemas/app"}}}}}}}}}},"/app/{app_id}":{"get":{"parameters":[{"name":"app_id","in":"path","required":true,"style":"simple","explode":false,"schema":{"format":"integer"}},{"name":"api_key","in":"header","required":false,"style":"simple","explode":false,"schema":{"format":"uuid"}}],"responses":{"200":{"description":"Detailed information about app by ID","content":{"application/json":{"schema":{"type":"object","properties":{"success":{"type":"boolean"},"data":{"$ref":"#/components/schemas/app"}}}}}}}},"post":{"parameters":[{"name":"app_id","in":"path","required":true,"style":"simple","explode":false,"schema":{"format":"integer"}},{"name":"api_key","in":"header","required":false,"style":"simple","explode":false,"schema":{"format":"uuid"}}],"responses":{"200":{"description":"Succeeded reponse","content":{"application/json":{"schema":{"type":"object","properties":{"success":{"type":"boolean"}}}}}}}},"delete":{"parameters":[{"name":"app_id","in":"path","required":true,"style":"simple","explode":false,"schema":{"format":"integer"}},{"name":"api_key","in":"header","required":false,"style":"simple","explode":false,"schema":{"format":"uuid"}}],"responses":{"200":{"description":"Succeeded reponse","content":{"application/json":{"schema":{"type":"object","properties":{"success":{"type":"boolean"}}}}}}}}},"/ad-unit":{"get":{"parameters":[{"name":"limit","in":"query","description":"Sets the number of records to return","required":false,"style":"form","explode":true,"schema":{"format":"integer"}},{"name":"offset","in":"query","description":"Number of records to skip","required":false,"style":"form","explode":true,"schema":{"format":"integer"}},{"name":"api_key","in":"header","required":false,"style":"simple","explode":false,"schema":{"format":"uuid"}}],"responses":{"200":{"description":"Ad units list","content":{"application/json":{"schema":{"type":"object","properties":{"success":{"type":"boolean"},"data":{"type":"array","items":{"$ref":"#/components/schemas/ad_unit"}}}}}}}}}},"/ad-unit/{ad_unit_id}":{"post":{"parameters":[{"name":"ad_unit_id","in":"path","required":true,"style":"simple","explode":false,"schema":{"format":"integer"}}],"responses":{"200":{"description":"Succeeded reponse","content":{"application/json":{"schema":{"type":"object","properties":{"success":{"type":"boolean"}}}}}}}},"delete":{"parameters":[{"name":"ad_unit_id","in":"path","required":true,"style":"simple","explode":false,"schema":{"format":"integer"}}],"responses":{"200":{"description":"Succeeded reponse","content":{"application/json":{"schema":{"type":"object","properties":{"success":{"type":"boolean"}}}}}}}}}},"components":{"schemas":{"ad_unit":{"type":"object","properties":{"id":{"type":"integer"},"app_id":{"type":"integer"},"is_active":{"type":"boolean"},"name":{"type":"string"},"integration_method":{"type":"string","enum":["manual","injection"]},"ad_formats":{"type":"object","properties":{"banner":{"type":"object","properties":{"size":{"type":"string"},"position":{"type":"object","properties":{"top":{"type":"object","properties":{"padding_top":{"type":"string"}}},"bottom":{"type":"object","properties":{"padding_bottom":{"type":"string"}}},"in_content":{"type":"object","properties":{"ads_per_activity":{"type":"integer"},"injection_period":{"type":"integer"}}}}},"ad_refresh_interval":{"type":"integer"},"is_lazy_load":{"type":"boolean"}}},"interstitial":{"type":"object","properties":{"show_in":{"type":"integer"}}},"rewarded":{"type":"object","properties":{"reward_amount":{"type":"number"},"max_duration":{"type":"integer"},"is_opt_in_required":{"type":"boolean"}}},"native":{"type":"object","properties":{"size":{"type":"string","enum":["small","medium"]},"in_content":{"type":"object","properties":{"ads_per_activity":{"type":"integer"},"injection_period":{"type":"integer"}}},"ad_refresh_interval":{"type":"integer"},"is_lazy_load":{"type":"boolean"}}},"app_open":{"type":"object","properties":{"display_in":{"type":"integer"},"max_duration":{"type":"integer"}}},"direct_ad":{"type":"object","properties":{"TODO":{"type":"string"}}}}},"created_at":{"type":"string"},"updated_at":{"type":"string"}}},"app":{"type":"object","properties":{"id":{"type":"integer"},"is_active":{"type":"boolean"},"name":{"type":"string"},"url":{"type":"string"},"google_app_id":{"type":"string"},"sdk_version":{"type":"string"},"icon":{"type":"string"},"activities_count":{"type":"integer"},"created_at":{"type":"string"},"updated_at":{"type":"string"}}}},"responses":{"response_ok":{"description":"Succeeded reponse","content":{"application/json":{"schema":{"type":"object","properties":{"success":{"type":"boolean"}}}}}}}}}