{"openapi":"3.0.0","info":{"title":"Simple Inventory API","description":"This is a simple API","contact":{"email":"you@your-company.com"},"license":{"name":"Apache 2.0","url":"http://www.apache.org/licenses/LICENSE-2.0.html"},"version":"1.0.0"},"servers":[{"url":"https://virtserver.swaggerhub.com/NoBugzzZ/store/1.0.0","description":"SwaggerHub API Auto Mocking"}],"paths":{"/products":{"get":{"tags":["products"],"summary":"List all products","operationId":"listProducts","parameters":[{"name":"category","in":"query","description":"The category of the books","required":false,"style":"form","explode":true,"schema":{"type":"string"}},{"name":"page","in":"query","description":"The page of the books","required":false,"style":"form","explode":true,"schema":{"type":"integer"}}],"responses":{"200":{"description":"A paged array of products","content":{"application/json":{"schema":{"$ref":"#/components/schemas/ProductsForPagination"}}}},"default":{"description":"unexpected error","content":{"application/json":{"schema":{"$ref":"#/components/schemas/Error"}}}}}}},"/carts":{"get":{"tags":["carts"],"summary":"List all carts","operationId":"listCarts","responses":{"200":{"description":"An array of carts","content":{"application/json":{"schema":{"$ref":"#/components/schemas/Carts"}}}},"default":{"description":"unexpected error","content":{"application/json":{"schema":{"$ref":"#/components/schemas/Error"}}}}}},"post":{"tags":["carts"],"summary":"Create a new cart","operationId":"createCart","requestBody":{"description":"An empty cart","content":{"application/json":{"schema":{"$ref":"#/components/schemas/Cart"}}},"required":true},"responses":{"201":{"description":"The cart was successfully added.","content":{"application/json":{"schema":{"$ref":"#/components/schemas/Cart"}}}},"400":{"description":"Bad request.","content":{"application/json":{"schema":{"$ref":"#/components/schemas/Error"}}}},"404":{"description":"Cart not found.","content":{"application/json":{"schema":{"$ref":"#/components/schemas/Error"}}}},"500":{"description":"Server error.","content":{"application/json":{"schema":{"$ref":"#/components/schemas/Error"}}}}}}},"/carts/{cartId}":{"get":{"tags":["cart"],"summary":"Info for a specific cart","operationId":"showCartById","parameters":[{"name":"cartId","in":"path","description":"The id of the cart to retrieve","required":true,"style":"simple","explode":false,"schema":{"type":"integer","format":"int32"}}],"responses":{"200":{"description":"Expected response to a valid request","content":{"application/json":{"schema":{"$ref":"#/components/schemas/Cart"}}}}}},"post":{"tags":["cart"],"summary":"Add an item to cart","operationId":"addItemToCart","parameters":[{"name":"cartId","in":"path","description":"The id of the cart to retrieve","required":true,"style":"simple","explode":false,"schema":{"type":"integer","format":"int32"}}],"requestBody":{"description":"The details of the item.","content":{"application/json":{"schema":{"$ref":"#/components/schemas/CartItem"}}},"required":true},"responses":{"200":{"description":"Expected response to a valid request","content":{"application/json":{"schema":{"$ref":"#/components/schemas/Cart"}}}},"default":{"description":"unexpected error","content":{"application/json":{"schema":{"$ref":"#/components/schemas/Error"}}}}}}}},"components":{"schemas":{"Product":{"required":["id","name","price"],"type":"object","properties":{"id":{"type":"string","example":"1"},"name":{"type":"string","example":"Java编程思想"},"price":{"type":"number","format":"double","example":20.1},"image":{"type":"string","example":"https://www.linuxidc.com/upload/2014_08/140811101915661.jpg"}}},"Products":{"type":"array","items":{"$ref":"#/components/schemas/Product"}},"ProductsForPagination":{"type":"object","properties":{"totalpages":{"type":"number","example":2E+1},"data":{"$ref":"#/components/schemas/Products"}}},"Carts":{"type":"array","items":{"$ref":"#/components/schemas/Cart"}},"CartItem":{"type":"object","properties":{"id":{"type":"integer","format":"int32","example":1},"amount":{"type":"integer","format":"int32","example":5},"product":{"$ref":"#/components/schemas/Product"}}},"Cart":{"type":"object","properties":{"id":{"type":"integer","format":"int32","example":1},"items":{"type":"array","items":{"$ref":"#/components/schemas/CartItem"}}}},"Error":{"required":["code","message"],"type":"object","properties":{"code":{"type":"integer","format":"int32"},"message":{"type":"string"}}}}}}