{"openapi":"3.0.0","info":{"title":"RJDM Integration API for The Floow (DLG PAYD)","description":"This specification details the API requests and parameters for the RESTful\nendpoints provided by RJDM (the development partner appointed by DLG to\ncreate their app solution for this proposition) for The Floow to consume\nfor the DLG PAYD solution.\n\nPolicy and Journey data will be pushed to RJDM by The Floow on a\nnear real-time basis triggered by events such as DLG advising The Floow of\nnew policy, an update to a policy, a new journey being received from Trakm8\nor a journey being voided.\n","contact":{"name":"Ben Carpenter","email":"ben.carpenter@thefloow.com"},"version":"1.1"},"servers":[{"url":"https://{primary-hostname}","description":"Production API server"},{"url":"https://{secondary-hostname}","description":"Staging API server"}],"tags":[{"name":"insurance-contract","description":"The set of entities (Policy, Driver and Vehicle) corresponding to a given policy created via the DirectLine integration service.\n"},{"name":"journey","description":"A journey captured by a device installed in the vehicle, as commanded by a human driver in that vehicle under the cover of a policy.\n"},{"name":"monitoring","description":"Monitoring of service availability\n"}],"paths":{"/v1/insurance-contract/{brand}/{policyId}":{"put":{"tags":["insurance-contract"],"description":"Push the latest information for a policy and dependent entities (excluding scores) to RJDM.\n","parameters":[{"name":"Content-Encoding","in":"header","description":"The request body may be compressed","required":false,"style":"simple","explode":false,"schema":{"$ref":"#/components/headers/ContentEncoding"}},{"name":"brand","in":"path","description":"The DLG brand of the policy\n","required":true,"style":"simple","explode":false,"schema":{"type":"string","enum":["directline","privilege"]}},{"name":"policyId","in":"path","description":"The Floow's globally Unique Policy ID generated on policy creation\n","required":true,"style":"simple","explode":false,"schema":{"type":"string"}}],"requestBody":{"description":"The latest copy of all policy, driver and vehicle details corresponding to this policy.\n","content":{"application/json":{"schema":{"$ref":"#/components/schemas/InsuranceContract"}}},"required":true},"responses":{"204":{"description":"Update received","headers":{"X-Request-Id":{"$ref":"#/components/headers/RequestId"}}},"400":{"description":"Invalid parameter supplied, missing parameter or validation exception","headers":{"X-Request-Id":{"$ref":"#/components/headers/RequestId"}},"content":{"application/problem+json":{"schema":{"$ref":"#/components/schemas/BadRequest"}}}},"401":{"description":"Authorization information is missing or invalid","headers":{"X-Request-Id":{"$ref":"#/components/headers/RequestId"}},"content":{"application/problem+json":{"schema":{"$ref":"#/components/schemas/Unauthorized"}}}},"5XX":{"description":"An unrecoverable error has occurred on the server","headers":{"X-Request-Id":{"$ref":"#/components/headers/RequestId"}},"content":{"application/problem+json":{"schema":{"$ref":"#/components/schemas/ServerError"}}}}},"security":[{"oauth":["write"]}]}},"/v1/journey/{journeyId}":{"put":{"tags":["journey"],"description":"Push the latest information for a journey, which must be created or updated as appropriate. Multiple invocations are possible reflecting changes to an existing journey, for example updates to the tag list and/or voiding of the journey\n","parameters":[{"name":"Content-Encoding","in":"header","description":"The request body may be compressed","required":false,"style":"simple","explode":false,"schema":{"$ref":"#/components/headers/ContentEncoding"}},{"name":"journeyId","in":"path","description":"Unique Journey ID as generated by The Floow.","required":true,"style":"simple","explode":false,"schema":{"type":"string","format":"uuid"}}],"requestBody":{"description":"Journey object with latest scores and journey details.","content":{"application/json":{"schema":{"$ref":"#/components/schemas/Journey"}}},"required":true},"responses":{"204":{"description":"Update received","headers":{"X-Request-Id":{"$ref":"#/components/headers/RequestId"}}},"400":{"description":"Invalid parameter supplied, missing parameter or validation exception","headers":{"X-Request-Id":{"$ref":"#/components/headers/RequestId"}},"content":{"application/problem+json":{"schema":{"$ref":"#/components/schemas/BadRequest"}}}},"401":{"description":"Authorization information is missing or invalid","headers":{"X-Request-Id":{"$ref":"#/components/headers/RequestId"}},"content":{"application/problem+json":{"schema":{"$ref":"#/components/schemas/Unauthorized"}}}},"5XX":{"description":"An unrecoverable error has occurred on the server","headers":{"X-Request-Id":{"$ref":"#/components/headers/RequestId"}},"content":{"application/problem+json":{"schema":{"$ref":"#/components/schemas/ServerError"}}}}},"security":[{"oauth":["write"]}]}},"/ping":{"get":{"tags":["monitoring"],"description":"This allows the service to be periodically polled to verify availability, via an authenticated mechanism thus also providing a lightweight means to check token validity\n","responses":{"200":{"description":"Services are healthy","headers":{"X-Request-Id":{"$ref":"#/components/headers/RequestId"}},"content":{"text/plain":{"schema":{"type":"string","description":"Current datetime on the service (ISO 8601 format incl. timezone)","format":"date-time"}}}},"401":{"description":"Authorization information is missing or invalid","headers":{"X-Request-Id":{"$ref":"#/components/headers/RequestId"}},"content":{"application/problem+json":{"schema":{"$ref":"#/components/schemas/Unauthorized"}}}},"5XX":{"description":"An unrecoverable error has occurred on the server","headers":{"X-Request-Id":{"$ref":"#/components/headers/RequestId"}},"content":{"application/problem+json":{"schema":{"$ref":"#/components/schemas/ServerError"}}}}},"security":[{"oauth":["read"]}]}}},"components":{"schemas":{"InsuranceContract":{"required":["drivers","policy","vehicles"],"type":"object","properties":{"policy":{"$ref":"#/components/schemas/Policy"},"drivers":{"minItems":1,"type":"array","items":{"$ref":"#/components/schemas/Driver"}},"vehicles":{"minItems":1,"type":"array","items":{"$ref":"#/components/schemas/Vehicle"}}}},"Policy":{"required":["anniversary_date","created_at","entity_state","id","inception_date","policy_number","policyholder","proposition"],"type":"object","properties":{"id":{"type":"string","description":"The Floow's internal identifier of the Policy","format":"uuid","example":"30a6b35e-bcf8-432d-b55c-6de2a225ed35"},"policy_number":{"type":"string","description":"The policy number as held within the DLG systems, referred to as the Policy Client ID internally to The Floow\n"},"proposition":{"$ref":"#/components/schemas/PayAsYouDriveProposition"},"created_at":{"type":"string","description":"The date the policy was created via the integration service","format":"date-time","example":"2020-07-26T11:14:10Z"},"inception_date":{"type":"string","description":"The start date for the Policy","format":"date","example":"2020-08-01"},"anniversary_date":{"type":"string","description":"The date the policy is due to renew","format":"date","example":"2021-08-01"},"policyholder":{"$ref":"#/components/schemas/Policyholder"},"entity_state":{"$ref":"#/components/schemas/EntityState"}}},"PayAsYouDriveProposition":{"required":["code","max_billable_journey_mileage","pence_per_mile"],"type":"object","properties":{"code":{"type":"integer","description":"\"Proposition Code / Feature Code for this proposition. Fixed values\nas agreed between DLG, The Floow and partners, and amended from\ntime to time to reflect new propositions with the agreement of all\naffected partners.\n\n6 is the agreed proposition code for Pay As You Drive propositions\non the Directline and Churchill brands.\"\n","format":"int32","enum":[6]},"pence_per_mile":{"type":"number","description":"\"The charge to be applied to the journey distance recorded by the\ncustomer\"\n","format":"float","example":5.4},"max_billable_journey_mileage":{"type":"number","description":"\"The maximum journey distance that is considered billable for a\nsingle journey, for example if a customer drives 120 miles and the\nmaximum billable distance is 100 miles, they are charged for that\njourney based on 100 miles travelled.\"\n","format":"float","example":1E+2}},"additionalProperties":true},"Journey":{"required":["distance","driver_id","duration","end_datetime","policy_id","processed_at","route","start_datetime","tags","vehicle_id","void"],"type":"object","properties":{"policy_id":{"type":"string","description":"Unique Policy ID as returned by The Floow on policy creation","example":"30a6b35e-bcf8-432d-b55c-6de2a225ed35"},"driver_id":{"type":"string","description":"Unique Driver ID as returned by The Floow on driver creation","example":"a5fbbc05-4f84-43a8-9f74-fc098a0503cf"},"vehicle_id":{"type":"string","description":"Unique Vehicle ID as returned by The Floow on vehicle creation","example":"105af8a9-7d50-4f95-971c-ab5985a71fa6"},"processed_at":{"type":"string","description":"The datetime the Journey was processed.","format":"date-time"},"timezone":{"type":"string","description":"Timezone the journey was recorded in.","example":"Europe/London"},"start_datetime":{"type":"string","description":"The local date & time at which the journey started","format":"date-time"},"start_location":{"$ref":"#/components/schemas/Location"},"end_datetime":{"type":"string","description":"The local date & time at which the journey ended","format":"date-time"},"end_location":{"$ref":"#/components/schemas/Location"},"distance":{"$ref":"#/components/schemas/Distance"},"duration":{"type":"integer","description":"Duration of the journey in seconds","format":"int32","example":9194},"void":{"type":"boolean","description":"If 'True' then the Journey is excluded from the aggregated results.","example":false},"tags":{"type":"array","description":"The tag list contains journey type tag values (Car, Train, etc) and the timestamps those tags were applied. The automatically detected journey type will be the first entry in the list.\n","items":{"$ref":"#/components/schemas/JourneyTag"}},"route":{"type":"array","items":{"$ref":"#/components/schemas/Location"}}}},"Location":{"required":["latitude","longitude"],"type":"object","properties":{"latitude":{"type":"number","description":"The decimal latitude coordinate of the location","format":"float","example":53.349246},"longitude":{"type":"number","description":"The decimal longitude coordinate of the location","format":"float","example":-1.809648}}},"MapPoint":{"type":"object","allOf":[{"$ref":"#/components/schemas/Location"},{"required":["timestamp"],"properties":{"timestamp":{"type":"integer","format":"int64","example":1603447672}}}]},"JourneyTag":{"required":["datetime","type"],"type":"object","properties":{"type":{"type":"string","enum":["car","bus","passenger","train","boat","plane","bike","walking","personal","other"]},"datetime":{"type":"string","description":"The date & time at which the new tag was stored against the journey","format":"date-time"}}},"Distance":{"required":["unit","value"],"type":"object","properties":{"value":{"type":"number","description":"Floating point value, as expressed in the given `unit`","format":"float","example":4.5},"unit":{"type":"string","description":"The units applicable to the `value`, i.e. miles or kilometres","enum":["miles","km"]}}},"Driver":{"required":["created_at","date_of_birth","email_address","entity_state","first_name","id","last_name","main_driver","title"],"type":"object","properties":{"id":{"type":"string","description":"The Floow's internal identifier of the Driver","format":"uuid","example":"a5fbbc05-4f84-43a8-9f74-fc098a0503cf"},"created_at":{"type":"string","description":"The date the driver was created via the integration service","format":"date-time","example":"2020-07-26T11:14:10Z"},"title":{"type":"string","description":"Title of the driver","example":"Mr"},"first_name":{"type":"string","description":"The first name of the the driver","example":"John"},"last_name":{"type":"string","description":"The last name of the driver","example":"Smith"},"date_of_birth":{"type":"string","description":"The date of birth for the driver","format":"date","example":"2000-01-01"},"email_address":{"type":"string","description":"The email address of the driver","format":"email","example":"john.smith@example.com"},"main_driver":{"type":"boolean","description":"Specifies if this is the main driver on the policy","example":true},"entity_state":{"$ref":"#/components/schemas/EntityState"}},"description":"A driver on the policy\n"},"Policyholder":{"required":["address_1","date_of_birth","email_address","first_name","last_name","phone_number","postcode","title"],"type":"object","properties":{"title":{"type":"string","description":"Title of the policyholder","example":"Mr"},"first_name":{"type":"string","description":"The first name of the the policyholder","example":"John"},"last_name":{"type":"string","description":"The last name of the policyholder","example":"Smith"},"date_of_birth":{"type":"string","description":"The date of birth for the policyholder","format":"date","example":"2000-01-01"},"email_address":{"type":"string","description":"The email address of the policyholder","format":"email","example":"john.smith@example.com"},"address_1":{"type":"string","description":"The first line of the policyholder's address","example":"Floor 1, Aedis"},"address_2":{"type":"string","description":"The second line of the policyholder's address","example":"Fictional Street"},"address_3":{"type":"string","description":"The third line of the policyholder's address","example":"Wicker"},"address_4":{"type":"string","description":"The fourth line of the policyholder's address","example":"Sheffield"},"address_5":{"type":"string","description":"The fifth line of the policyholder's address","example":"South Yorkshire"},"postcode":{"type":"string","description":"The postcode of the policyholder's address","example":"S3 8HQ"},"phone_number":{"type":"string","description":"The primary phone number of the policyholder","example":"0114 270 1114"}},"description":"The policy holder of the insurance contract\n"},"Vehicle":{"required":["created_at","entity_state","id","vehicle_slot_id"],"type":"object","properties":{"id":{"type":"string","description":"The Floow's internal identifier of the Vehicle","format":"uuid","example":"105af8a9-7d50-4f95-971c-ab5985a71fa6"},"created_at":{"type":"string","description":"The date the vehicle was created via the integration service","format":"date-time","example":"2020-07-26T11:14:10Z"},"vehicle_slot_id":{"type":"string","description":"The policy slot for the vehicle as held within the DLG systems","example":"1"},"vehicle_registration":{"type":"string","description":"The vehicle registration number. Note this is _optional_ because if the insurance policy has been sold for a vehicle that is not yet UK registered (e.g. a new vehicle) then the first communication of the vehicle details will omit the VRN and a subsequent communication will populate it.\n","example":"NK03RKT"},"entity_state":{"$ref":"#/components/schemas/EntityState"}}},"EntityState":{"required":["client_label","status"],"type":"object","properties":{"status":{"type":"string","example":"inactive","enum":["active","inactive"]},"client_label":{"type":"string","description":"A term, meaningful to the client, that represents the current state of the entity. \n","example":"Cancelled"}},"description":"Details of the state and label associated with the fundamental state of the entity, thereby supporting active/inactive differentiation and associated labels (cancelled, lapsed, renewed, and others)\n"},"ValidationError":{"allOf":[{"$ref":"#/components/schemas/Problem"},{"type":"object","properties":{"type":{"example":"https://api.thefloow.com/problem/validation-error"},"title":{"example":"One or more fields failed to validate"},"status":{"example":400},"instance":{"example":"https://api.thefloow.com/problem/validation-error?correlationId=c29ac2eb7c9"},"detail":{"example":"The fields failing validation are listed in `field_errors`"},"field_errors":{"type":"array","description":"A map of fields to the error conditions found, e.g. Missing Field, Incorrect Type, etc.","items":{"required":["field_name","message"],"type":"object","properties":{"field_name":{"type":"string","description":"The name of the field affected by the error"},"message":{"type":"string","description":"A human readable message describing the error that occurred"},"detail":{"type":"object","description":"Additional supporting information for the error that occurred, e.g. a serialisation of a relevant structure\n"}}}}}}]},"BadRequest":{"allOf":[{"$ref":"#/components/schemas/Problem"},{"type":"object","properties":{"type":{"example":"https://api.thefloow.com/problem/bad-request"},"title":{"example":"Invalid parameter supplied, missing parameter or validation exception"},"status":{"example":400},"instance":{"example":"https://api.thefloow.com/problem/bad-request?correlationId=c29ac2eb7c9"},"detail":{"example":"The parameter X was missing"}}}]},"Unauthorized":{"allOf":[{"$ref":"#/components/schemas/Problem"},{"type":"object","properties":{"type":{"example":"https://api.thefloow.com/problem/unauthorized"},"title":{"example":"Authorization information is missing or invalid"},"status":{"example":401},"instance":{"example":"https://api.thefloow.com/problem/unauthorized?correlationId=c29ac2eb7c9"},"detail":{"example":"The credentials are invalid"}}}]},"ServerError":{"allOf":[{"$ref":"#/components/schemas/Problem"},{"type":"object","properties":{"type":{"example":"https://api.thefloow.com/problem/server-error"},"title":{"example":"An unrecoverable error has occurred on the server"},"status":{"example":503},"instance":{"example":"https://api.thefloow.com/problem/server-error?correlationId=c29ac2eb7c9"},"detail":{"example":"Connection to database timed out"}}}]},"Problem":{"required":["status","title","type"],"type":"object","properties":{"type":{"type":"string","description":"An absolute URI that identifies the problem type.  When dereferenced, it SHOULD provide human-readable documentation for the problem type (e.g., using HTML).\n","format":"uri","example":"https://api.thefloow.com/problem"},"title":{"type":"string","description":"A short, summary of the problem type. Written in English and readable for engineers (usually not suited for non technical stakeholders and not localized)\n","example":"Service Unavailable"},"status":{"maximum":6E+2,"exclusiveMaximum":true,"minimum":1E+2,"type":"integer","description":"The HTTP status code generated by the origin server for this occurrence of the problem.\n","format":"int32","example":503},"instance":{"type":"string","description":"An absolute URI that identifies the specific occurrence of the problem. It may or may not yield further information if dereferenced.\n","format":"uri","example":"https://api.thefloow.com/problem?correlationId=c29ac2eb7c9"},"detail":{"type":"string","description":"A human readable explanation specific to this occurrence of the problem.\n","example":"Connection to database timed out"}}}},"responses":{"BadRequest":{"description":"Invalid parameter supplied, missing parameter or validation exception","headers":{"X-Request-Id":{"$ref":"#/components/headers/RequestId"}},"content":{"application/problem+json":{"schema":{"$ref":"#/components/schemas/BadRequest"}}}},"Unauthorized":{"description":"Authorization information is missing or invalid","headers":{"X-Request-Id":{"$ref":"#/components/headers/RequestId"}},"content":{"application/problem+json":{"schema":{"$ref":"#/components/schemas/Unauthorized"}}}},"ServerError":{"description":"An unrecoverable error has occurred on the server","headers":{"X-Request-Id":{"$ref":"#/components/headers/RequestId"}},"content":{"application/problem+json":{"schema":{"$ref":"#/components/schemas/ServerError"}}}}},"headers":{"RequestId":{"description":"A unique identifier for this request, generated by the receiving server, which allows for clearer tracing of the request flow through logs if an issue occurs. As such, the Request ID returned should be included in all bug reports.\n","style":"simple","explode":false,"schema":{"type":"string"}},"ContentEncoding":{"style":"simple","explode":false,"schema":{"type":"string","enum":["gzip"]}}},"securitySchemes":{"oauth":{"type":"oauth2","description":"Client Credentials OAuth following the standard specification, in which a request parameter of `grant_type=client_credentials` is used in conjunction with the client ID and secret shared separately for security. It is expected the client ID and secret are sent in the HTTP Basic auth header of a token request.\n","flows":{"clientCredentials":{"tokenUrl":"/oauth/token","scopes":{"write":"Authorisation to create or update an entity.","read":"Authorisation to read data on an entity."}}}}}}}