{"openapi":"3.0.0","info":{"title":"PDDT","version":"1.0.0"},"servers":[{"url":"https://virtserver.swaggerhub.com/NotaBene/PDDT/1.0.0","description":"SwaggerHub API Auto Mocking"}],"paths":{"/timetable":{"get":{"summary":"Get timetable","responses":{"200":{"description":"Timetable returned","content":{"application/json":{"schema":{"type":"object","properties":{"groups":{"type":"array","example":[{"id":1,"title":"22304","slug":"22304"},{"id":2,"title":"Специальная группа","slug":"spec_group"}],"items":{"$ref":"#/components/schemas/Group"}},"classes":{"type":"array","example":[{"id":1,"group_id":1,"teacher_id":1,"subject_id":1,"class_type_id":1,"classroom_id":1,"week":0,"number":1},{"id":2,"group_id":1,"teacher_id":1,"subject_id":2,"class_type_id":1,"classroom_id":2,"week":0,"number":3}],"items":{"$ref":"#/components/schemas/Class"}},"teachers":{"type":"array","example":[{"id":1,"realname":"Кулаков Кирилл Александрович"},{"id":2,"realname":"Чистяков Дмитрий Борисович"}],"items":{"$ref":"#/components/schemas/Teacher"}},"classrooms":{"type":"array","example":[{"id":1,"number":"337","building_id":1},{"id":2,"number":"361","building_id":1}],"items":{"$ref":"#/components/schemas/Classroom"}},"buildings":{"type":"array","example":[{"id":1,"title":"Главный корпус","timetable_id":1},{"id":2,"title":"Учебный корпус №3","timetable_id":2}],"items":{"$ref":"#/components/schemas/Building"}},"timetables":{"type":"array","example":[{"id":1,"title":"Сетка 8:00 - 18:35"},{"id":2,"title":"Сетка 8:30 - 19:15"}],"items":{"$ref":"#/components/schemas/Timetable"}},"timetable_elements":{"type":"array","example":[{"id":1,"timetable_id":1,"class_number":1,"day":1,"start_time":"08:00","end_time":"09:35","break_start_time":"08:45","break_end_time":"08:50"},{"id":2,"timetable_id":2,"class_number":2,"day":1,"start_time":"09:45","end_time":"11:20","break_start_time":"10:30","break_end_time":"10:35"}],"items":{"$ref":"#/components/schemas/TimetableElement"}},"subjects":{"type":"array","example":[{"id":1,"name":"ТППО"},{"id":2,"name":"ОППТ"}],"items":{"$ref":"#/components/schemas/Subject"}},"class_types":{"type":"array","example":[{"id":1,"name":"Лекция"},{"id":2,"name":"Лабораторная"}],"items":{"$ref":"#/components/schemas/ClassType"}}}}}}}}}}},"components":{"schemas":{"Group":{"type":"object","properties":{"id":{"type":"integer"},"title":{"type":"string","description":"Номер группы"},"slug":{"type":"string"}}},"Class":{"type":"object","properties":{"id":{"type":"integer"},"group_id":{"type":"integer"},"teacher_id":{"type":"integer"},"subject_id":{"type":"integer"},"class_type_id":{"type":"integer"},"classroom_id":{"type":"integer"},"week":{"type":"integer","description":"Числитель - `0`, знаменатель - `1`"},"subgroup":{"type":"integer","description":"Номер подгруппы"},"number":{"type":"integer","description":"Порядковый номер пары, отсчёт начинается с `1`"}}},"Teacher":{"type":"object","properties":{"id":{"type":"integer"},"realname":{"type":"string","description":"ФИО преподавателя"}}},"Classroom":{"type":"object","properties":{"id":{"type":"integer"},"number":{"type":"string","description":"Номер аудитории"},"building_id":{"type":"integer"}}},"Building":{"type":"object","properties":{"id":{"type":"integer"},"title":{"type":"string","description":"Название корпуса"},"grid_id":{"type":"integer"}}},"Timetable":{"type":"object","properties":{"id":{"type":"integer"},"title":{"type":"string","description":"Название временной сетки (для администратора)"}}},"TimetableElement":{"type":"object","properties":{"id":{"type":"integer"},"grid_id":{"type":"integer"},"class_number":{"type":"integer","description":"Порядковый номер элемента временной сетки"},"day":{"type":"integer","description":"День недели. `1`-`7` - \"Пн\" - \"Вс\""},"start_time":{"type":"string","description":"Время начала пары. `HH:MM`"},"end_time":{"type":"string","description":"Время конца пары. `HH:MM`"},"break_start_time":{"type":"string","description":"Время начала перерыва. `HH:MM`"},"break_end_time":{"type":"string","description":"Время конца перерыва. `HH:MM`"}}},"Subject":{"type":"object","properties":{"id":{"type":"integer"},"name":{"type":"string","description":"Название предмета"}}},"ClassType":{"type":"object","properties":{"id":{"type":"integer"},"name":{"type":"string","description":"Тип занятия"}}}},"responses":{"ValidationError":{"description":"Invalid input","content":{"application/json":{"schema":{"type":"object"}}}}}}}