{"openapi":"3.0.0","info":{"title":"Customer Satisfaction Survey API","description":"Custom marketing API to retrieve customer feedback thought an online survey triggered by a customer satisfaction email campaign","contact":{"email":"web@nowoptics.com"},"version":"1.0.0"},"servers":[{"url":"https://virtserver.swaggerhub.com/Now-Optics/NowOptics_CSAT/1.0.0","description":"SwaggerHub API Auto Mocking"},{"url":"https://marketing-api.nowoptics.com:{port}","description":"CSAT API","variables":{"port":{"default":"8080","enum":["8080","443"]}}},{"url":"https://marketingapi-dev.nowoptics.com:{port}","description":"Dev DB Server","variables":{"port":{"default":"8888","enum":["8888","443"]}}}],"tags":[{"name":"developers","description":"API calls"}],"paths":{"/csat":{"put":{"tags":["developers"],"summary":"udpates a record on the table","description":"Insert survey entry records from feedback form","operationId":"USP_UpdateCSAT","requestBody":{"content":{"application/json":{"schema":{"$ref":"#/components/schemas/SurveyEntry"},"example":{"patiendId":"6326028","storeNumber":"0001","appointmentId":"6560931","orderDate":"2022-01-20","orderId":"28479457","csatScore":1,"csatDate":"2022-01-24","brand":"so","customerServiceFeedback":"Asw 1 | Asw 2 | Anw 3","otherCustomerServiceFeedback":"Tets 1","eyeExamExperienceFeedback":"Asw 1 | Asw 2 | Anw 3","otherEyeExamExperienceFeedback":"Test  2","priceAndPromotionsFeedback":"Asw 1 | Asw 2 | Anw 3","otherPriceAndPromotionsFeedback":"Test 3","insuranceFeedback":"Asw 1 | Asw 2 | Anw 3","otherInsuranceFeedback":"Test 4","productsFeedback":"Asw 1 | Asw 2 | Anw 3","otherProductsFeedback":"Test 5","otherFeedback":"Test 6"}}}},"responses":{"201":{"description":"A survey entry to be returned","content":{"application/json":{"schema":{"$ref":"#/components/schemas/SurveyEntry"}}}},"default":{"description":"Unexpected error","content":{"application/json":{"schema":{"$ref":"#/components/schemas/ErrorRes"}}}},"400":{"description":"Data could not be inserted.","content":{"application/json":{"schema":{"$ref":"#/components/schemas/ErrorRes"}}}}}},"post":{"tags":["developers"],"summary":"insert emarsys data","description":"By passing in the appropriate data through the request body, you'll insert query data from emarsys to the database.\n","operationId":"USP_AddCSAT","requestBody":{"content":{"application/json":{"schema":{"$ref":"#/components/schemas/InitialEntry"},"example":{"patiendId":"6326028","storeNumber":"0001","appointmentId":"6560931","orderDate":"2022-01-20","orderId":"28479457","csatScore":1,"csatDate":"2022-01-24","brand":"so"}}}},"responses":{"201":{"description":"Database connection successful","content":{"application/json":{"schema":{"type":"array","items":{"$ref":"#/components/schemas/InitialEntry"}}}}},"400":{"description":"bad input parameter","content":{"application/json":{"schema":{"$ref":"#/components/schemas/ErrorRes"}}}}}}}},"components":{"schemas":{"InitialEntry":{"required":["Brand","CsatDate","CsatScore","OrderId","PatiendId","StoreNumber"],"type":"object","properties":{"PatiendId":{"type":"string","example":"6326028"},"StoreNumber":{"type":"string","example":"0001"},"AppointmentId":{"type":"string","example":"6560931"},"OrderDate":{"type":"string","format":"date","example":"2022-01-20"},"OrderId":{"type":"string","example":"28479457"},"CsatScore":{"maximum":5,"minimum":1,"type":"integer","example":1},"CsatDate":{"type":"string","format":"date","example":"2022-01-20"},"Brand":{"type":"string","example":"so"}}},"SurveyEntry":{"required":["Brand","CsatDate","CsatScore","CustomerServiceFeedback","EyeExamExperienceFeedback","InsuranceFeedback","OrderDate","OrderId","OtherCustomerServiceFeedback","OtherEyeExamExperienceFeedback","OtherFeedback","OtherInsuranceFeedback","OtherPriceAndPromotionsFeedback","OtherProductsFeedback","PatiendId","PriceAndPromotionsFeedback","ProductsFeedback","StoreNumber"],"type":"object","properties":{"PatiendId":{"type":"string","example":"6326028"},"StoreNumber":{"type":"string","example":"0001"},"AppointmentId":{"type":"string","example":"6560931"},"OrderDate":{"type":"string","format":"date","example":"2022-01-20"},"OrderId":{"type":"string","example":"28479457"},"CsatScore":{"maximum":5,"minimum":1,"type":"integer","example":1},"Brand":{"type":"string","example":"so"},"CustomerServiceFeedback":{"type":"string","format":"date"},"OtherCustomerServiceFeedback":{"type":"string","example":"Test 1"},"EyeExamExperienceFeedback":{"type":"string","example":"Asw 1 | Asw 2 | Anw 3"},"OtherEyeExamExperienceFeedback":{"type":"string","example":"Test2"},"PriceAndPromotionsFeedback":{"type":"string","format":"date"},"OtherPriceAndPromotionsFeedback":{"type":"string","example":"Test 3"},"InsuranceFeedback":{"type":"string","example":"Asw 1 | Asw 2 | Anw 3"},"OtherInsuranceFeedback":{"type":"string","example":"Test 4"},"ProductsFeedback":{"type":"string","format":"date"},"OtherProductsFeedback":{"type":"string","example":"Test 5"},"OtherFeedback":{"type":"string","example":"Test 6"}}},"ErrorRes":{"type":"object","properties":{"error":{"type":"string","example":"Data could not be insterted."}}}}}}