{"openapi":"3.0.0","info":{"title":"nso server list","description":"Get NSO Server list","version":"v1"},"servers":[{"url":"https://virtserver.swaggerhub.com/NSO44/sample/v1","description":"SwaggerHub API Auto Mocking"},{"url":"https://app.swaggerhub.com/apis/NSO/v1","description":"SwaggerHub API Auto Mocking"}],"paths":{"/nsos":{"get":{"summary":"Returns a list of NSO servers","responses":{"200":{"description":"OK","content":{"application/json":{"schema":{"type":"object","properties":{"id":{"type":"integer"},"name":{"type":"string"},"hostname":{"type":"string"}}}}}}}}}}}