{"openapi":"3.0.0","info":{"title":"ms-document-management","description":"Gestión de documentos de producto.","version":"1.0.1"},"servers":[{"url":"https://dev-api.apap.com.do"}],"paths":{"/v1/product/{id}/document-groups":{"summary":"Gestión de Documetación por producto","description":"Gestión de la documentación requerida para la contratación de los productos ofertados por Asociación Popular de Ahorros y Préstamos.\n","get":{"tags":["Product Document Management"],"summary":"Documentación requerida para el producto, consultado.","operationId":"getDocumentManagementDetailByProductId","parameters":[{"name":"id","in":"path","description":"Identificador único de producto e formato `objectId`","required":true,"style":"simple","explode":false,"schema":{"type":"string"},"example":"hipotecario"}],"responses":{"200":{"description":"200 Ok","content":{"application/json":{"schema":{"$ref":"#/components/schemas/ProductDocumentManagementDetail"},"examples":{"HDFull":{"$ref":"#/components/examples/ProductDocumentManagementDetailExample"}}}}},"400":{"description":"400 Bad Request","content":{"application/json":{"schema":{"$ref":"#/components/schemas/Error"},"examples":{"BadRequest":{"$ref":"#/components/examples/BadRequest"}}}}},"401":{"description":"401 Unauthorized","content":{"application/json":{"schema":{"$ref":"#/components/schemas/Error"},"examples":{"Unauthorized":{"$ref":"#/components/examples/Unauthorized"}}}}},"403":{"description":"403 Forbidden","content":{"application/json":{"schema":{"$ref":"#/components/schemas/Error"},"examples":{"Forbidden":{"$ref":"#/components/examples/Forbidden"}}}}},"404":{"description":"404 Not Found","content":{"application/json":{"schema":{"$ref":"#/components/schemas/Error"},"examples":{"NotFound":{"$ref":"#/components/examples/NotFound"}}}}},"500":{"description":"500 Internal Server Error","content":{"application/json":{"schema":{"$ref":"#/components/schemas/Error"},"examples":{"InternalServerError":{"$ref":"#/components/examples/InternalServerError"}}}}}}},"post":{"parameters":[{"name":"id","in":"path","description":"Identificador único de producto e formato `objectId`","required":true,"style":"simple","explode":false,"schema":{"type":"string"},"example":"hipotecario"}],"responses":{"200":{"description":"200 Ok","content":{"application/json":{"schema":{"$ref":"#/components/schemas/ProductDocumentManagementDetail"},"examples":{"HDFull":{"$ref":"#/components/examples/ProductDocumentManagementDetailExample"}}}}},"400":{"description":"400 Bad Request","content":{"application/json":{"schema":{"$ref":"#/components/schemas/Error"},"examples":{"BadRequest":{"$ref":"#/components/examples/BadRequest"}}}}},"401":{"description":"401 Unauthorized","content":{"application/json":{"schema":{"$ref":"#/components/schemas/Error"},"examples":{"Unauthorized":{"$ref":"#/components/examples/Unauthorized"}}}}},"403":{"description":"403 Forbidden","content":{"application/json":{"schema":{"$ref":"#/components/schemas/Error"},"examples":{"Forbidden":{"$ref":"#/components/examples/Forbidden"}}}}},"404":{"description":"404 Not Found","content":{"application/json":{"schema":{"$ref":"#/components/schemas/Error"},"examples":{"NotFound":{"$ref":"#/components/examples/NotFound"}}}}},"500":{"description":"500 Internal Server Error","content":{"application/json":{"schema":{"$ref":"#/components/schemas/Error"},"examples":{"InternalServerError":{"$ref":"#/components/examples/InternalServerError"}}}}}}}}},"components":{"schemas":{"Error":{"required":["code","message"],"type":"object","properties":{"code":{"type":"string","description":"Código de error de solicitud"},"message":{"type":"string","description":"Mensaje de error de solicitud"}}},"ProductDocumentManagementDetail":{"type":"object","properties":{"id":{"type":"string"},"name":{"type":"string"},"description":{"type":"string"},"groups":{"$ref":"#/components/schemas/ArrayOfGroup"},"createdAt":{"type":"string"},"updatedAt":{"type":"string"}}},"Group":{"type":"object","properties":{"id":{"type":"string"},"name":{"type":"string"},"description":{"type":"string"},"required":{"type":"boolean"},"parent":{"type":"string","description":"Etiqueta de la agrupación\n","nullable":true},"categories":{"$ref":"#/components/schemas/ArrayOfCategory"}}},"ArrayOfGroup":{"type":"array","items":{"$ref":"#/components/schemas/Group"}},"Category":{"type":"object","properties":{"id":{"type":"string"},"name":{"type":"string"},"description":{"type":"string"},"required":{"type":"boolean"},"parent":{"type":"string","description":"Etiqueta de la agrupación\n","nullable":true},"subCategories":{"$ref":"#/components/schemas/ArrayOfSubCategory"},"createdAt":{"type":"string"},"updatedAt":{"type":"string"}}},"ArrayOfCategory":{"type":"array","items":{"$ref":"#/components/schemas/Category"}},"SubCategory":{"type":"object","properties":{"id":{"type":"string"},"name":{"type":"string"},"description":{"type":"string"},"required":{"type":"boolean"},"parent":{"type":"string","description":"Etiqueta de la agrupación\n","nullable":true},"documents":{"$ref":"#/components/schemas/ArrayOfDocument"},"createdAt":{"type":"string"},"updatedAt":{"type":"string"}}},"ArrayOfSubCategory":{"type":"array","items":{"$ref":"#/components/schemas/SubCategory"}},"Document":{"title":"Documento\n","type":"object","properties":{"documentCode":{"type":"string"},"documentName":{"type":"string"},"description":{"type":"string"},"required":{"type":"boolean"},"parent":{"type":"string","description":"Etiqueta de la agrupación\n","nullable":true}}},"ArrayOfDocument":{"type":"array","items":{"$ref":"#/components/schemas/Document"}}},"responses":{"NoContent":{"description":"204 No Content, successfully."},"BadRequest":{"description":"400 Bad Request","content":{"application/json":{"schema":{"$ref":"#/components/schemas/Error"},"examples":{"BadRequest":{"$ref":"#/components/examples/BadRequest"}}}}},"Unauthorized":{"description":"401 Unauthorized","content":{"application/json":{"schema":{"$ref":"#/components/schemas/Error"},"examples":{"Unauthorized":{"$ref":"#/components/examples/Unauthorized"}}}}},"Forbidden":{"description":"403 Forbidden","content":{"application/json":{"schema":{"$ref":"#/components/schemas/Error"},"examples":{"Forbidden":{"$ref":"#/components/examples/Forbidden"}}}}},"NotFound":{"description":"404 Not Found","content":{"application/json":{"schema":{"$ref":"#/components/schemas/Error"},"examples":{"NotFound":{"$ref":"#/components/examples/NotFound"}}}}},"InternalServerError":{"description":"500 Internal Server Error","content":{"application/json":{"schema":{"$ref":"#/components/schemas/Error"},"examples":{"InternalServerError":{"$ref":"#/components/examples/InternalServerError"}}}}},"ProductDocumentManagementDetailResponse":{"description":"200 Ok","content":{"application/json":{"schema":{"$ref":"#/components/schemas/ProductDocumentManagementDetail"},"examples":{"HDFull":{"$ref":"#/components/examples/ProductDocumentManagementDetailExample"}}}}}},"parameters":{"PageNumberQueryParam":{"name":"pageNumber","in":"query","description":"Número de página a mostrar en la búsqueda","required":false,"style":"form","explode":true,"schema":{"minimum":0,"type":"integer","format":"int32","default":0}},"PageSizeQueryParam":{"name":"pageSize","in":"query","description":"Número de elementos máximos a mostrar por página en la búsqueda","required":false,"style":"form","explode":true,"schema":{"maximum":5E+1,"minimum":1,"type":"integer","format":"int32","default":30}},"OrderByQueryParam":{"name":"orderBy","in":"query","description":"Campo para ordenamiento de resultados","required":false,"style":"form","explode":true,"schema":{"type":"string","default":"createdAt"}},"SortOrderQueryParam":{"name":"sortOrder","in":"query","description":"Ordenamiento ascendente y descendente  Son los siguientes valores:\n  - ASC - Ordenamiento Ascendente\n  - DESC - Ordenamiento Descendente\n","required":false,"style":"form","explode":true,"schema":{"type":"string","default":"ASC","enum":["ASC","DES"]}},"FromCreatedAtQueryParam":{"name":"fromCreatedAt","in":"query","description":"Desde la fecha de Creación en formato `yyyy-mm-ddThh:mm:ss` definido en el RFC3339","required":false,"style":"form","explode":true,"schema":{"type":"string","format":"date-time"}},"ToCreatedAtQueryParam":{"name":"toCreatedAt","in":"query","description":"Hasta la fecha de Creación en formato `yyyy-mm-ddThh:mm:ss` definido en el RFC3339","required":false,"style":"form","explode":true,"schema":{"type":"string","format":"date-time"}},"ProductIdPathParam":{"name":"id","in":"path","description":"Identificador único de producto e formato `objectId`","required":true,"style":"simple","explode":false,"schema":{"type":"string"},"example":"hipotecario"}},"examples":{"BadRequest":{"value":{"code":"400","message":"The server cannot or will not process the request due to something that is perceived to be a client error (e.g., malformed request syntax, invalid request message framing, or deceptive request routing).\n"}},"Unauthorized":{"value":{"code":"401","message":"The request has not been applied because it lacks valid authentication  credentials for the target resource\n"}},"Forbidden":{"value":{"code":"403","message":"The server understood the request but refuses to authorize it.\n"}},"NotFound":{"value":{"code":"404","message":"The origin server did not find a current representation for the target resource or is not willing to disclose that one exists.\n"}},"InternalServerError":{"value":{"code":"500","message":"The server encountered an unexpected condition that prevented it from fulfilling the request.\n"}},"ProductDocumentManagementDetailExample":{"value":{"id":"622a2db7fe83c97cd77a63a6","name":"Hipoteca Digital","description":"Crédito Hipotecaio para canales digitales","groups":[{"id":"622a2dbb7ac131be4cf389a5","name":"Documentos de Cliente","description":"Documentos requeridos por solicitante de crédito hipotecario","required":true,"categories":[{"id":"622a2dfe30fdae8fce3f6d4f","name":"Foto de cédula de ambos lados","description":"Copia legible y de ambos lados del solicitante","required":true,"subCategories":[{"id":"123456","description":"Copia legible y de ambos lados del solicitante","documents":[{"documentCode":"53","documentName":"Cédula","required":true}]}],"createdAt":"2016-05-18T16:00:00Z","updatedAt":"2016-05-18T16:00:00Z"},{"id":"622a2dfe30fdae8fce3f6d4f","name":"Certificaciones de ingresos a solicitantes","description":"Puedes presentar algunos de los siguientes documentos según corresponda","required":true,"subCategories":[{"id":"123456","name":"Carta de trabajo","description":"en papel timbrado...","required":true,"documents":[{"documentCode":"123456","documentName":"Carta de Trabajo","required":false}]},{"id":"123456","name":"Recibo de nómina","description":"último recibo...","required":true,"documents":[{"documentCode":"123456","documentName":"Recibo de nómina","required":false}]},{"id":"123456","name":"Estado de cuenta nominal","description":"Comprobante de empresa...","required":true,"documenst":[{"documentCode":"123456","documentName":"Estado de cuenta nominal","required":false}]}],"createdAt":"2016-05-18T16:00:00Z","updatedAt":"2016-05-18T16:00:00Z"},{"id":"622a2dfe30fdae8fce3f6d4f","name":"Cliente casado","required":true,"subCategories":[{"id":"123456","name":"Si es dominicano","required":true,"documents":[{"documentCode":"123456","documentName":"Acta de Matrimonio","description":"Solo en caso de estar casado, anexar acta de matrimonio legible y con 9 meses máximo de haber sido expedida","required":true},{"documentCode":"123456","documentName":"Cédula","description":"Copia de cédula de identidad de los firmantes","required":true}]},{"id":"123456","name":"Si es extranjero","required":true,"documents":[{"documentCode":"123456","documentName":"Acta de Matrimonio","description":"Acta de matrimonio debidamente traducida al español por un intérprete juducial","required":true}]}],"createdAt":"2016-05-18T16:00:00Z","updatedAt":"2016-05-18T16:00:00Z"}],"createdAt":"2016-05-18T16:00:00Z","updatedAt":"2016-05-18T16:00:00Z"},{"id":"622a2dbb7ac131be4cf389a5","name":"Requisitos para la garantía","description":"Documentos requeridos de la propiedad en garantía","required":true,"categories":[{"id":"622a2dfe30fdae8fce3f6d4f","name":"Copia de título de propiedad","required":true,"subCategories":[],"createdAt":"2016-05-18T16:00:00Z","updatedAt":"2016-05-18T16:00:00Z"},{"id":"622a2dfe30fdae8fce3f6d4f","name":"Certificación de impuestos a la propiedad inmobiliaria (IPI)","description":"Es emitida por la Direccióon General de Impuestos Internos y da constancia de la inscripción del inmueble en el registro de la direccionón General de Impuestos","required":true,"subCategories":[],"createdAt":"2016-05-18T16:00:00Z","updatedAt":"2016-05-18T16:00:00Z"},{"id":"622a2dfe30fdae8fce3f6d4f","name":"Tasación del inmueble","description":"La tasación debe ser realizad por uno de nuestros tasadores autorizados. Vigencia no mayor a seis (6) meses de antiguedad <br> <a href=\"https://apap.com.do/\">Ver listado de tasadores <em class=\"bi bi-box-arrow-up-right\"></em></a>","required":true,"subCategories":[],"createdAt":"2016-05-18T16:00:00Z","updatedAt":"2016-05-18T16:00:00Z"},{"id":"622a2dfe30fdae8fce3f6d4f","name":"Intención de venta o contrato de compra y venta","required":true,"subCategories":[],"createdAt":"2016-05-18T16:00:00Z","updatedAt":"2016-05-18T16:00:00Z"},{"id":"622a2dfe30fdae8fce3f6d4f","name":"Certificación de estado Jurídico (CEJ)","description":"Es un documento emitido por la Jurisdicción inmobiliaría, donde puedes ver las deudas, carga y gravamen que pesan sobre un título de propiedad.","required":true,"subCategories":[],"createdAt":"2016-05-18T16:00:00Z","updatedAt":"2016-05-18T16:00:00Z"}],"createdAt":"2016-05-18T16:00:00Z","updatedAt":"2016-05-18T16:00:00Z"},{"id":"622a2dbb7ac131be4cf389a5","name":"Documentos del vendedor","description":"Por favor selecciona el tipo de vendedor de la propiedad para indicarte los requisitos necesarios:","required":true,"categories":[{"id":"622a2dfe30fdae8fce3f6d4f","name":"Vendedor persona física","required":true,"subCategories":[{"id":"123456","name":"Si es dominicano","description":"Solo en caso de estar casado, anexar acta de matrimonio legible y con 9 meses máximo de haber sido expedida","documents":[{"documentCode":"53","documentName":"Cédula","required":true}]},{"id":"123456","name":"Si es extranjero","description":"Acta de matrimonio debidamente traducida al español por un intérprete juducial","documents":[{"documentCode":"65","documentName":"Acta de Matrimonio","required":true},{"documentCode":"65","documentName":"Pasaporte","required":true},{"documentCode":"65","documentName":"Identificación extranjera","required":true},{"documentCode":"65","documentName":"Cláusula  de Autorización de venta","required":true},{"documentCode":"65","documentName":"Autorización de compra de bien reservado","required":true}]}],"createdAt":"2016-05-18T16:00:00Z","updatedAt":"2016-05-18T16:00:00Z"},{"id":"622a2dfe30fdae8fce3f6d4f","name":"Empresa o constructora","required":true,"subCategories":[],"createdAt":"2016-05-18T16:00:00Z","updatedAt":"2016-05-18T16:00:00Z"}],"createdAt":"2016-05-18T16:00:00Z","updatedAt":"2016-05-18T16:00:00Z"}],"createdAt":"2016-05-18T16:00:00Z","updatedAt":"2016-05-18T16:00:00Z"}}},"requestBodies":{}}}