{"openapi":"3.0.0","info":{"title":"Tech_Data_LCVA","description":"DA node definitions for Tech_Data_LCVA","version":"1.0.0"},"servers":[{"url":"/"}],"paths":{"/DA_ChannelPickerLiveChat_salesExecASR":{"post":{"summary":"Definition for the DA_ChannelPickerLiveChat_salesExecASR data access node.","description":"","requestBody":{"content":{"application/json":{"schema":{"type":"object","properties":{"transferDestination":{"type":"string","description":"","example":"string"},"businessUnit":{"type":"string","description":"","example":"string"},"siteId":{"type":"string","description":"","example":"string"},"agentAttribute":{"$ref":"#/components/schemas/AgentAttribute"}}}}}},"responses":{"200":{"description":"List of output variables defined in Mix","content":{"application/json":{"schema":{"type":"object","properties":{"returnCode":{"type":"string","description":"0 if successful. Anything else means a failure.","example":"0"},"ndepEstimateWaitTime":{"type":"string","description":"","example":"string"},"ndepQueueDepth":{"type":"integer","description":"","example":1},"ndepInHOP":{"type":"boolean","description":"","example":true},"ndepAvailability":{"type":"boolean","description":"","example":true}}}}}}}}},"/DA_CPLC_ASR2":{"post":{"summary":"Definition for the DA_CPLC_ASR2 data access node.","description":"","requestBody":{"content":{"application/json":{"schema":{"type":"object","properties":{"transferDestination":{"type":"string","description":"","example":"string"},"businessUnit":{"type":"string","description":"","example":"string"},"siteId":{"type":"string","description":"","example":"string"}}}}}},"responses":{"200":{"description":"List of output variables defined in Mix","content":{"application/json":{"schema":{"type":"object","properties":{"returnCode":{"type":"string","description":"0 if successful. Anything else means a failure.","example":"0"},"ndepEstimateWaitTime":{"type":"string","description":"","example":"string"},"ndepQueueDepth":{"type":"integer","description":"","example":1},"ndepInHOP":{"type":"boolean","description":"","example":true},"ndepAvailability":{"type":"boolean","description":"","example":true}}}}}}}}},"/DA_CPLC_ASR":{"post":{"summary":"Definition for the DA_CPLC_ASR data access node.","description":"","requestBody":{"content":{"application/json":{"schema":{"type":"object","properties":{"transferDestination":{"type":"string","description":"","example":"string"},"businessUnit":{"type":"string","description":"","example":"string"},"siteId":{"type":"string","description":"","example":"string"}}}}}},"responses":{"200":{"description":"List of output variables defined in Mix","content":{"application/json":{"schema":{"type":"object","properties":{"returnCode":{"type":"string","description":"0 if successful. Anything else means a failure.","example":"0"},"ndepEstimateWaitTime":{"type":"string","description":"","example":"string"},"ndepQueueDepth":{"type":"integer","description":"","example":1},"ndepInHOP":{"type":"boolean","description":"","example":true},"ndepAvailability":{"type":"boolean","description":"","example":true}}}}}}}}},"/orderQuery/call":{"post":{"summary":"Definition for the DA_CallGetOrderServiceAPI_OrderIdorCustomerPO_01 data access node.","description":"","requestBody":{"content":{"application/json":{"schema":{"type":"object","properties":{"custNo":{"type":"string","description":"Value is used as part of HMAC validation with the Tech Data API - Passed through from the UI","example":"string"},"ecid":{"type":"string","description":"Value is used as part of HMAC validation with the Tech Data API - Passed through from the UI","example":"string"},"HMAC":{"type":"string","description":"Value is used as part of HMAC validation with the Tech Data API - Passed through from the UI","example":"string"},"contactFirstName":{"type":"string","description":"Value is used as part of HMAC validation with the Tech Data API - Passed through from the UI","example":"string"},"contactLastName":{"type":"string","description":"Value is used as part of HMAC validation with the Tech Data API - Passed through from the UI","example":"string"},"OrderId":{"type":"string","description":"","example":"string"},"CustomerPO":{"type":"string","description":"","example":"string"},"MixToken":{"type":"string","description":"Mix Token for C3 Validation","example":"string"}}}}}},"responses":{"200":{"description":"List of output variables defined in Mix","content":{"application/json":{"schema":{"type":"object","properties":{"returnCode":{"type":"string","description":"The return code variable for data access nodes","example":"string"},"returnMessage":{"type":"string","description":"The return message variable that describes the meaning of the returnCode variable","example":"string"},"OrderQueryResponse":{"$ref":"#/components/schemas/OrderQueryResponse"}}}}}}}}},"/DA_ChannelPickerLiveChat_salesAreaASR":{"post":{"summary":"Definition for the DA_ChannelPickerLiveChat_salesAreaASR data access node.","description":"","requestBody":{"content":{"application/json":{"schema":{"type":"object","properties":{"transferDestination":{"type":"string","description":"","example":"string"},"businessUnit":{"type":"string","description":"","example":"string"},"siteId":{"type":"string","description":"","example":"string"},"agentAttribute":{"$ref":"#/components/schemas/AgentAttribute"}}}}}},"responses":{"200":{"description":"List of output variables defined in Mix","content":{"application/json":{"schema":{"type":"object","properties":{"returnCode":{"type":"string","description":"0 if successful. Anything else means a failure.","example":"0"},"ndepEstimateWaitTime":{"type":"string","description":"","example":"string"},"ndepQueueDepth":{"type":"integer","description":"","example":1},"ndepInHOP":{"type":"boolean","description":"","example":true},"ndepAvailability":{"type":"boolean","description":"","example":true}}}}}}}}}},"components":{"schemas":{"nuance_DOUBLE":{"anyOf":[{"type":"number"},{"type":"string"}]},"nuance_GLOBAL":{"pattern":"[help|repeat|back|cancel|login]","type":"string"},"nuance_DURATION_RANGE":{"type":"object","properties":{"nuance_DURATION_RANGE_START":{"type":"object","properties":{"nuance_DURATION":{"$ref":"#/components/schemas/nuance_DURATION"}}},"nuance_DURATION_RANGE_END":{"type":"object","properties":{"nuance_DURATION":{"$ref":"#/components/schemas/nuance_DURATION"}}}}},"nuance_DURATION":{"oneOf":[{"type":"object","properties":{"nuance_DURATION_ABS":{"type":"object","properties":{"nuance_UNIT":{"pattern":"[millisecond|second|minute|hour|day|week|month|year]","type":"string"},"nuance_MODIFIER":{"pattern":"[fuzzy]","type":"string"},"nuance_NUMBER":{"oneOf":[{"type":"object","properties":{"nuance_CARDINAL_NUMBER":{"anyOf":[{"type":"number"},{"type":"string"}]}}},{"type":"object","properties":{"nuance_DOUBLE":{"anyOf":[{"type":"number"},{"type":"string"}]}}}]}}}}},{"type":"object","properties":{"nuance_DURATION_REL":{"required":["nuance_MODIFIER"],"type":"object","properties":{"nuance_MODIFIER":{"pattern":"[GT|LT|GE|LE|EQ|INC]","type":"string"},"nuance_DURATION_ABS":{"type":"object","properties":{"nuance_UNIT":{"pattern":"[millisecond|second|minute|hour|day|week|month|year]","type":"string"},"nuance_NUMBER":{"oneOf":[{"type":"object","properties":{"nuance_CARDINAL_NUMBER":{"anyOf":[{"type":"number"},{"type":"string"}]}}},{"type":"object","properties":{"nuance_DOUBLE":{"anyOf":[{"type":"number"},{"type":"string"}]}}}]}}}}}}}]},"nuance_EXPIRY_DATE":{"required":["nuance_DATE_ABS"],"type":"object","properties":{"nuance_DATE_ABS":{"type":"object","properties":{"nuance_MONTH":{"type":"number"},"nuance_YEAR":{"type":"number"}}}}},"nuance_QUANTITY":{"oneOf":[{"type":"object","properties":{"nuance_QUANTITY_ABS":{"type":"object","properties":{"nuance_NUMBER":{"oneOf":[{"type":"object","properties":{"nuance_CARDINAL_NUMBER":{"anyOf":[{"type":"number"},{"type":"string"}]}}},{"type":"object","properties":{"nuance_DOUBLE":{"anyOf":[{"type":"number"},{"type":"string"}]}}}]}}}}},{"type":"object","properties":{"nuance_QUANTITY_REL":{"required":["nuance_MODIFIER"],"type":"object","properties":{"nuance_MODIFIER":{"pattern":"[GT|LT|GE|LE|EQ|INC|NONE|SOME|LOTS]","type":"string"},"nuance_QUANTITY_ABS":{"type":"object","properties":{"nuance_NUMBER":{"oneOf":[{"type":"object","properties":{"nuance_CARDINAL_NUMBER":{"anyOf":[{"type":"number"},{"type":"string"}]}}},{"type":"object","properties":{"nuance_DOUBLE":{"anyOf":[{"type":"number"},{"type":"string"}]}}}]}}}}}}}]},"nuance_TEMPERATURE":{"type":"object","properties":{"number":{"type":"number","description":"The number of units of temperature. Whole number or floating point.","example":32},"unit":{"pattern":"[C|F|K]","type":"string","description":"The unit of measurement used for temperature. C,F, or K.","example":"C"}}},"OrderQueryResponse":{"type":"object","properties":{"shipmentDescription":{"type":"string","description":"","example":"string"},"canViewOrders":{"type":"boolean","description":"","example":true},"itemLevelStatus":{"type":"string","description":"","example":"string"},"uniqueStatusCount":{"type":"integer","description":"","example":1},"multiShipments":{"type":"boolean","description":"","example":true},"orderDetailsLink":{"type":"string","description":"","example":"string"},"shipmentTrackingLink":{"type":"string","description":"","example":"string"},"lineItems":{"type":"integer","description":"","example":1},"orderLevelStatus":{"type":"string","description":"","example":"string"},"shipmentCarrier":{"type":"string","description":"","example":"string"},"canceledCount":{"type":"integer","description":"","example":1},"inProcessCount":{"type":"integer","description":"","example":1},"shipmentTrackingNumber":{"type":"string","description":"","example":"string"},"shippedCount":{"type":"integer","description":"","example":1},"shipmentDate":{"type":"string","description":"","example":"string"},"backorderedCount":{"type":"integer","description":"","example":1},"MFRLineItems":{"type":"integer","description":"","example":1},"status":{"type":"string","description":"","example":"string"}},"description":""},"nuance_NUMBER":{"oneOf":[{"$ref":"#/components/schemas/nuance_CARDINAL_NUMBER"},{"$ref":"#/components/schemas/nuance_DOUBLE"}]},"nuance_dynamic_entity":{"type":"object","properties":{"image_url":{"type":"string","description":"(Optional) A link (URL or relative path) for the image to use on a button"},"spoken":{"type":"string","description":"(Optional) One or more additional spoken forms of the value—used by ASR; ignored for NLU"},"description":{"type":"string","description":"Optional) A description"},"canonical":{"type":"string","description":"(Optional) The value of the entity"},"label":{"type":"string","description":"(Optional) A label, such as the text to show on a button"},"literal":{"type":"string","description":"The written or spoken form of the value; doubles as the value when canonical is omitted"}}},"AgentAttribute":{"type":"object","properties":{"name":{"type":"string","description":"","example":"string"},"value":{"type":"string","description":"","example":"string"}},"description":""},"interpretation":{"type":"object","properties":{"confidence":{"type":"number","description":"","example":12.54},"intent":{"type":"string","description":"","example":"string"}},"description":"Variable type for holding each interpretation"},"nuance_CARDINAL_NUMBER":{"anyOf":[{"type":"number"},{"type":"string"}]},"nuance_DISTANCE":{"type":"object","properties":{"number":{"type":"string","description":"The number of units of distance. Whole number or floating point.","example":"5"},"unit":{"pattern":"[km|m|cm|mm|mi|yd|ft|in]","type":"string","description":"The unit of measurement used for distance.","example":"km"},"modifier":{"pattern":"[GT|LT|GE|LE|EQ|INC|FAR|CLOSE]","type":"string","description":"Modifier such as LT for \"less than\"","example":"GT"}}},"nuance_GENERIC_ORDER":{"anyOf":[{"type":"object","properties":{"ORDER_REL":{"pattern":"[min|max|succ|prec|other|middle|penultimate]","type":"string"}}},{"type":"object","properties":{"nuance_ORDINAL_NUMBER":{"anyOf":[{"type":"number"},{"type":"string"}]}}}]},"location":{"type":"object","properties":{"latitude":{"type":"string","description":"The end user's latitude coordinate","example":"string"},"longitude":{"type":"string","description":"The end user's longitude coordinate","example":"string"}},"description":"The end user's geographic coordinates"},"nuance_ORDINAL_NUMBER":{"type":"number"},"nuance_AMOUNT":{"type":"object","properties":{"number":{"type":"number","description":"Number of units. Whole number or floating point.","example":10.5},"unit":{"type":"string","description":"Unit of currency, such as USD","example":"USD"}}},"nuance_BOOLEAN":{"type":"boolean"}}}}