{"openapi":"3.0.0","info":{"title":"Configuration API","description":"API to retrieve system availability analytics","contact":{"name":"the API Designer","email":"Niran.Halevi@nuvei.com"},"version":"1.0.0"},"servers":[{"url":"https://virtserver.swaggerhub.com/NuveiDP/Configuration/1.0.0","description":"SwaggerHub API Auto Mocking"}],"tags":[{"name":"Currency Config","description":"Nuvei DP Gateway config"}],"paths":{"/currencies/clients/{clientId}/paymentmethods/{paymentMethodId*}/banks/{bankId*}":{"get":{"tags":["Currency Config"],"summary":"retrieve currency congif for a given client, paymnent method or bank","description":"retrieve data","operationId":"getCurrenciesConfig","parameters":[{"name":"clientId","in":"path","required":true,"style":"simple","explode":false,"schema":{"$ref":"#/components/schemas/ClientId"}},{"name":"paymentMethodId*","in":"path","required":true,"style":"simple","explode":false,"schema":{"oneOf":[{"$ref":"#/components/schemas/SpecialQueryValues"},{"type":"array","items":{"$ref":"#/components/schemas/PaymentMethodId"}}]}},{"name":"bankId*","in":"path","required":true,"style":"simple","explode":false,"schema":{"oneOf":[{"$ref":"#/components/schemas/SpecialQueryValues"},{"type":"array","items":{"$ref":"#/components/schemas/BankId"}}]}}],"responses":{"200":{"description":"avaliability data matching criteria","content":{"application/json":{"schema":{"type":"array","items":{"$ref":"#/components/schemas/CurrencyCode"}}}}},"400":{"description":"bad input parameter"}}}}},"components":{"schemas":{"ClientId":{"title":"Client Id","type":"integer","example":331000527},"PaymentMethodId":{"title":"Payment Method Id","type":"integer","example":5},"BankId":{"title":"Bank Id","type":"integer","example":25},"SpecialQueryValues":{"title":"All or Default","type":"string","example":"default","enum":["All","default"]},"CurrencyCode":{"title":"Currency Code","maxLength":3,"minLength":3,"type":"string","example":"EUR","enum":["USD","EUR","CAD","NIS","RON","CHF"]}},"parameters":{"BankId":{"name":"bankId","in":"path","required":true,"style":"simple","explode":false,"schema":{"$ref":"#/components/schemas/BankId"}},"BankIds":{"name":"bankId*","in":"path","required":true,"style":"simple","explode":false,"schema":{"oneOf":[{"$ref":"#/components/schemas/SpecialQueryValues"},{"type":"array","items":{"$ref":"#/components/schemas/BankId"}}]}},"PaymentMethodId":{"name":"paymentMethodId","in":"path","required":true,"style":"simple","explode":false,"schema":{"$ref":"#/components/schemas/PaymentMethodId"}},"PaymentMethodIds":{"name":"paymentMethodId*","in":"path","required":true,"style":"simple","explode":false,"schema":{"oneOf":[{"$ref":"#/components/schemas/SpecialQueryValues"},{"type":"array","items":{"$ref":"#/components/schemas/PaymentMethodId"}}]}},"ClientId":{"name":"clientId","in":"path","required":true,"style":"simple","explode":false,"schema":{"$ref":"#/components/schemas/ClientId"}},"ClientIds":{"name":"clientId*","in":"path","required":true,"style":"simple","explode":false,"schema":{"type":"array","items":{"$ref":"#/components/schemas/ClientId"}}}}}}