{"openapi":"3.0.0","info":{"title":"Accounts API","description":"Account combines buyers and payment method in a single service","version":"2.0"},"servers":[{"url":"https://virtserver.swaggerhub.com/NuveiDP/Account/2.0","description":"SwaggerHub API Auto Mocking"},{"url":"https://sandbox.nuvei.com/accounts"}],"security":[{"bearerAuth":[]}],"tags":[{"name":"Buyer Payment Tokens","description":"Manage payment tokens for buyers"},{"name":"Buyers","description":"CRUD for Buyers"},{"name":"Payment Tokens","description":"CRUD for Credit Card and APM Payment Tokens"}],"paths":{"/accounts/{processingEntityId}/buyers/{buyerId}/buyerPaymentTokens":{"get":{"tags":["Buyer Payment Tokens"],"summary":"Details of a buyer's payment tokens","operationId":"readBuyerPaymentTokens","parameters":[{"name":"processingEntityId","in":"path","description":"ientity","required":true,"style":"simple","explode":false,"schema":{"$ref":"#/components/schemas/EntityId"}},{"name":"buyerId","in":"path","description":"credit card token previoudly created","required":true,"style":"simple","explode":false,"schema":{"$ref":"#/components/schemas/BuyerId"}}],"responses":{"200":{"description":"OK","content":{"application/json":{"schema":{"type":"array","items":{"$ref":"#/components/schemas/BuyerPaymentToken"}}}}}}},"post":{"tags":["Buyer Payment Tokens"],"summary":"Create a payment token and link to a buyer","operationId":"createPaymnentTokenForBuyer","parameters":[{"name":"processingEntityId","in":"path","description":"ientity","required":true,"style":"simple","explode":false,"schema":{"$ref":"#/components/schemas/EntityId"}},{"name":"buyerId","in":"path","description":"credit card token previoudly created","required":true,"style":"simple","explode":false,"schema":{"$ref":"#/components/schemas/BuyerId"}}],"requestBody":{"description":"An object containing payment method details","content":{"application/json":{"schema":{"$ref":"#/components/schemas/PaymentTokenInput"}}},"required":true},"responses":{"200":{"description":"created","content":{"application/json":{"schema":{"$ref":"#/components/schemas/BuyerPaymentToken"}}}}}}},"/accounts/{processingEntityId}/buyers/{buyerId}/PaymentTokens":{"post":{"tags":["Buyer Payment Tokens"],"summary":"Create both buyer and payment token and link","operationId":"createBuyerAndPaymentToken","parameters":[{"name":"processingEntityId","in":"path","description":"ientity","required":true,"style":"simple","explode":false,"schema":{"$ref":"#/components/schemas/EntityId"}},{"name":"buyerId","in":"path","description":"credit card token previoudly created","required":true,"style":"simple","explode":false,"schema":{"$ref":"#/components/schemas/BuyerId"}}],"requestBody":{"description":"An object containing payment method details","content":{"application/json":{"schema":{"$ref":"#/components/schemas/BuyerAndPaymentTokenInput"}}},"required":true},"responses":{"200":{"description":"linked","content":{"application/json":{"schema":{"$ref":"#/components/schemas/BuyerPaymentToken"}}}}}}},"/accounts/{processingEntityId}/buyers/{buyerId}/PaymentTokens/{paymentTokenId}":{"post":{"tags":["Buyer Payment Tokens"],"summary":"Link an existing payment token to a buyer","operationId":"linkPaymnentTokenToBuyer","parameters":[{"name":"processingEntityId","in":"path","description":"ientity","required":true,"style":"simple","explode":false,"schema":{"$ref":"#/components/schemas/EntityId"}},{"name":"buyerId","in":"path","description":"credit card token previoudly created","required":true,"style":"simple","explode":false,"schema":{"$ref":"#/components/schemas/BuyerId"}},{"name":"paymentTokenId","in":"path","description":"credit card token previoudly created","required":true,"style":"simple","explode":false,"schema":{"$ref":"#/components/schemas/PaymentTokenId"}}],"requestBody":{"description":"An object containing payment method details","content":{"application/json":{"schema":{"$ref":"#/components/schemas/PaymentTokenIdWrapped"}}},"required":true},"responses":{"200":{"description":"linked","content":{"application/json":{"schema":{"$ref":"#/components/schemas/BuyerPaymentToken"}}}}}}},"/accounts/{processingEntityId}/buyers/{buyerId}/buyerPaymentTokens/{buyerPaymentTokenId}":{"get":{"tags":["Buyer Payment Tokens"],"summary":"Details of a buyer's payment token","operationId":"readBuyerPaymentTokenDetails","parameters":[{"name":"processingEntityId","in":"path","description":"ientity","required":true,"style":"simple","explode":false,"schema":{"$ref":"#/components/schemas/EntityId"}},{"name":"buyerId","in":"path","description":"credit card token previoudly created","required":true,"style":"simple","explode":false,"schema":{"$ref":"#/components/schemas/BuyerId"}},{"name":"buyerPaymentTokenId","in":"path","description":"credit card token previoudly created","required":true,"style":"simple","explode":false,"schema":{"$ref":"#/components/schemas/BuyerPaymentTokenId"}}],"responses":{"200":{"description":"OK","content":{"application/json":{"schema":{"$ref":"#/components/schemas/BuyerPaymentToken"}}}}}},"delete":{"tags":["Buyer Payment Tokens"],"summary":"Remove an existing payment token from a buyer","description":"Detach (unlink) the payment token from the buyer. Payment Token remains avaliable","operationId":"removePaymentTokenFromBuyer","parameters":[{"name":"processingEntityId","in":"path","description":"ientity","required":true,"style":"simple","explode":false,"schema":{"$ref":"#/components/schemas/EntityId"}},{"name":"buyerId","in":"path","description":"credit card token previoudly created","required":true,"style":"simple","explode":false,"schema":{"$ref":"#/components/schemas/BuyerId"}},{"name":"buyerPaymentTokenId","in":"path","description":"credit card token previoudly created","required":true,"style":"simple","explode":false,"schema":{"$ref":"#/components/schemas/BuyerPaymentTokenId"}}],"responses":{"200":{"description":"removed"}}}},"/accounts/{processingEntityId}/buyers":{"get":{"tags":["Buyers"],"summary":"Retrieve buyers for  a processing entity","operationId":"readBuyers","parameters":[{"name":"processingEntityId","in":"path","description":"ientity","required":true,"style":"simple","explode":false,"schema":{"$ref":"#/components/schemas/EntityId"}}],"responses":{"200":{"description":"buyer details provided in response body","content":{"application/json":{"schema":{"type":"array","items":{"$ref":"#/components/schemas/Buyer"}}}}}}}},"/accounts/{processingEntityId}/buyers/{buyerId}":{"get":{"tags":["Buyers"],"summary":"Retrive buyer details","operationId":"readBuyerDetails","parameters":[{"name":"processingEntityId","in":"path","description":"ientity","required":true,"style":"simple","explode":false,"schema":{"$ref":"#/components/schemas/EntityId"}},{"name":"buyerId","in":"path","description":"credit card token previoudly created","required":true,"style":"simple","explode":false,"schema":{"$ref":"#/components/schemas/BuyerId"}}],"responses":{"200":{"description":"buyer details provided in response body","content":{"application/json":{"schema":{"$ref":"#/components/schemas/Buyer"}}}}}},"put":{"tags":["Buyers"],"summary":"Create or update buyer","description":"Register buyer details for subsequent transactions. if the buyer","operationId":"createOrUpdateBuyer","parameters":[{"name":"processingEntityId","in":"path","description":"ientity","required":true,"style":"simple","explode":false,"schema":{"$ref":"#/components/schemas/EntityId"}},{"name":"buyerId","in":"path","description":"credit card token previoudly created","required":true,"style":"simple","explode":false,"schema":{"$ref":"#/components/schemas/BuyerId"}}],"requestBody":{"description":"An object containing buyer details","content":{"application/json":{"schema":{"$ref":"#/components/schemas/CreateBuyerInput"}}},"required":true},"responses":{"200":{"description":"buyer details created or updated","content":{"application/json":{"schema":{"$ref":"#/components/schemas/ApiResultWrapped"}}}}}},"delete":{"tags":["Buyers"],"summary":"Delete buyer details","description":"Delete a buyer (logicalliy) and unlink all the payment tokens from this buyer. payment tokens remain avaliable","operationId":"deleteBuyer","parameters":[{"name":"processingEntityId","in":"path","description":"ientity","required":true,"style":"simple","explode":false,"schema":{"$ref":"#/components/schemas/EntityId"}},{"name":"buyerId","in":"path","description":"credit card token previoudly created","required":true,"style":"simple","explode":false,"schema":{"$ref":"#/components/schemas/BuyerId"}}],"responses":{"200":{"description":"Buyer deleted"}}}},"/accounts/{processingEntityId}/paymentTokens":{"get":{"tags":["Payment Tokens"],"summary":"Read payment tokens details","operationId":"readPaymentTokens","parameters":[{"name":"processingEntityId","in":"path","description":"ientity","required":true,"style":"simple","explode":false,"schema":{"$ref":"#/components/schemas/EntityId"}}],"responses":{"200":{"description":"card details provided in the response","content":{"application/json":{"schema":{"type":"array","items":{"$ref":"#/components/schemas/PaymentTokenOutput"}}}}}}},"post":{"tags":["Payment Tokens"],"summary":"Create payment token","description":"tokenize payment details for use in subsequent transactions. | the same payment method can be tokenize few times.","operationId":"createPaymentToken","parameters":[{"name":"processingEntityId","in":"path","description":"ientity","required":true,"style":"simple","explode":false,"schema":{"$ref":"#/components/schemas/EntityId"}}],"requestBody":{"description":"An object containing payment method details","content":{"application/json":{"schema":{"$ref":"#/components/schemas/PaymentTokenInput"}}},"required":true},"responses":{"200":{"description":"token of the payment method","content":{"application/json":{"schema":{"$ref":"#/components/schemas/PaymentTokenIdWrapped"}}}}}}},"/accounts/{processingEntityId}/paymentTokens/{paymentTokenId}":{"get":{"tags":["Payment Tokens"],"summary":"Read payment token details","operationId":"readPaymentToken","parameters":[{"name":"processingEntityId","in":"path","description":"ientity","required":true,"style":"simple","explode":false,"schema":{"$ref":"#/components/schemas/EntityId"}},{"name":"paymentTokenId","in":"path","description":"credit card token previoudly created","required":true,"style":"simple","explode":false,"schema":{"$ref":"#/components/schemas/PaymentTokenId"}}],"responses":{"200":{"description":"card details provided in the response","content":{"application/json":{"schema":{"$ref":"#/components/schemas/PaymentTokenOutput"}}}}}},"delete":{"tags":["Payment Tokens"],"summary":"Delete (revoke) a payment token","description":"delete the token. After deleteion -  token cannot be used","operationId":"deletePaymentToken","parameters":[{"name":"processingEntityId","in":"path","description":"ientity","required":true,"style":"simple","explode":false,"schema":{"$ref":"#/components/schemas/EntityId"}},{"name":"paymentTokenId","in":"path","description":"credit card token previoudly created","required":true,"style":"simple","explode":false,"schema":{"$ref":"#/components/schemas/PaymentTokenId"}}],"responses":{"200":{"description":"payment token deleted"}}},"patch":{"tags":["Payment Tokens"],"summary":"Update a payment token details","description":"for cards - can update the expiration of the token","operationId":"updatePaymentToken","parameters":[{"name":"processingEntityId","in":"path","description":"ientity","required":true,"style":"simple","explode":false,"schema":{"$ref":"#/components/schemas/EntityId"}},{"name":"paymentTokenId","in":"path","description":"credit card token previoudly created","required":true,"style":"simple","explode":false,"schema":{"$ref":"#/components/schemas/PaymentTokenId"}}],"requestBody":{"description":"A JSON object containing pet information","content":{"application/json":{"schema":{"$ref":"#/components/schemas/UpdatePaymentTokenInput"}}},"required":true},"responses":{"200":{"description":"payment token updated succesfully"}}}}},"components":{"schemas":{"CreateBuyerInput":{"title":"Buyer Details Request","type":"object","properties":{"buyerDetails":{"$ref":"#/components/schemas/BuyerDetails"},"custom":{"$ref":"#/components/schemas/Custom"}}},"Buyer":{"title":"Buyer","required":["buyerDetails","buyerId"],"type":"object","properties":{"buyerId":{"$ref":"#/components/schemas/BuyerId"},"buyerDetails":{"$ref":"#/components/schemas/BuyerDetails"}}},"BuyerIdWrapper":{"title":"Buyer Id","required":["buyerId"],"type":"object","properties":{"buyerId":{"$ref":"#/components/schemas/BuyerId"}}},"BuyerId":{"type":"string","example":"This is my buyer Id"},"BuyerDetails":{"title":"Buyer Details","required":["billingAddress","firstName","lastName"],"type":"object","properties":{"firstName":{"$ref":"#/components/schemas/PersonFirstName"},"lastName":{"$ref":"#/components/schemas/PersonLastName"},"companyName":{"$ref":"#/components/schemas/OrganziationName"},"locale":{"$ref":"#/components/schemas/Locale"},"dateOfBirth":{"type":"string","format":"date"},"email":{"$ref":"#/components/schemas/Email"},"phone":{"$ref":"#/components/schemas/PhoneNumer"},"phone2":{"$ref":"#/components/schemas/PhoneNumer"},"workPhone":{"$ref":"#/components/schemas/PhoneNumer"},"nationalIdentificationNumber":{"$ref":"#/components/schemas/NationalIDNumber"},"billingAddress":{"$ref":"#/components/schemas/BillingAddress"},"shippingAddress":{"$ref":"#/components/schemas/ShippingAddress"}}},"BillingAddress":{"title":"Billing Address","required":["countryCode"],"type":"object","properties":{"address":{"$ref":"#/components/schemas/AddressLine"},"addressLine2":{"$ref":"#/components/schemas/AddressLine"},"addressLine3":{"$ref":"#/components/schemas/AddressLine"},"zip":{"$ref":"#/components/schemas/PostalCode"},"city":{"$ref":"#/components/schemas/City"},"state":{"$ref":"#/components/schemas/State"},"countryCode":{"$ref":"#/components/schemas/CountryCode"},"phone":{"$ref":"#/components/schemas/PhoneNumer"},"addressMatch":{"type":"boolean","default":false}}},"ShippingAddress":{"title":"Shipping Address","type":"object","properties":{"sameAsBilling":{"type":"boolean","default":false},"address":{"$ref":"#/components/schemas/AddressLine"},"addressLine2":{"$ref":"#/components/schemas/AddressLine"},"addressLine3":{"$ref":"#/components/schemas/AddressLine"},"zip":{"$ref":"#/components/schemas/PostalCode"},"city":{"$ref":"#/components/schemas/City"},"state":{"$ref":"#/components/schemas/State"},"countryCode":{"$ref":"#/components/schemas/CountryCode"},"firstName":{"$ref":"#/components/schemas/PersonFirstName"},"lastName":{"$ref":"#/components/schemas/PersonLastName"},"phone":{"$ref":"#/components/schemas/PhoneNumer"},"phone2":{"$ref":"#/components/schemas/PhoneNumer"}}},"PostalCode":{"maxLength":10,"type":"string"},"AddressLine":{"maxLength":60,"type":"string"},"City":{"maxLength":30,"type":"string"},"State":{"maxLength":2,"type":"string","example":"AZ"},"CountryCode":{"maxLength":2,"minLength":2,"type":"string","description":"2 letters ISO country code","example":"DE"},"NationalIDNumber":{"maxLength":25,"type":"string","example":"221685479"},"PersonFirstName":{"maxLength":30,"type":"string","example":"Sarah"},"PersonLastName":{"maxLength":40,"type":"string","example":"Fon Schwarze"},"OrganziationName":{"maxLength":100,"type":"string","example":"LLC Bean"},"Locale":{"maxLength":5,"type":"string","example":"en-US"},"Email":{"maxLength":100,"type":"string","example":"john.doe@anonymous.com"},"PhoneNumer":{"maxLength":18,"type":"string","example":"+972528882468"},"PaymentTokenId":{"title":"Payment Token Id","type":"string","example":"b2201958a713a43d5e025c34fd142366"},"PaymentTokenIdWrapped":{"title":"Payment Token Id Wrapped","type":"object","properties":{"paymentTokenId":{"$ref":"#/components/schemas/PaymentTokenId"}}},"PaymentTokenInput":{"title":"Payment Token Request","type":"object","properties":{"paymentOption":{"$ref":"#/components/schemas/CardWrapped"},"custom":{"$ref":"#/components/schemas/Custom"}}},"PaymentTokenOutput":{"title":"Card Token Response","type":"object","properties":{"paymentTokenId":{"$ref":"#/components/schemas/PaymentTokenId"},"paymentOption":{"$ref":"#/components/schemas/CardPCIdescopedWrapped"}}},"UpdatePaymentTokenInput":{"title":"Update Card Token Request","type":"object","properties":{"paymentOption":{"$ref":"#/components/schemas/UpdateCardInputWrapped"}}},"UpdateCardInputWrapped":{"type":"object","properties":{"card":{"$ref":"#/components/schemas/UpdateCardInput"},"billingAddress":{"$ref":"#/components/schemas/BillingAddress"}}},"UpdateCardInput":{"title":"Update Card Token Request","type":"object","properties":{"expirationMonth":{"$ref":"#/components/schemas/CardExpirationMonth"},"expirationYear":{"$ref":"#/components/schemas/CardExpirationYear"}}},"CardWrapped":{"required":["card"],"type":"object","properties":{"card":{"$ref":"#/components/schemas/Card"},"billingAddress":{"$ref":"#/components/schemas/BillingAddress"}}},"Card":{"title":"card details","required":["cardNumber","expirationMonth","expirationYear"],"type":"object","properties":{"cardHolderName":{"$ref":"#/components/schemas/CardHolderName"},"cardNumber":{"$ref":"#/components/schemas/CardNumber"},"expirationMonth":{"$ref":"#/components/schemas/CardExpirationMonth"},"expirationYear":{"$ref":"#/components/schemas/CardExpirationYear"},"cvv":{"$ref":"#/components/schemas/CVV"}}},"CardPCIdescopedWrapped":{"type":"object","properties":{"card":{"$ref":"#/components/schemas/CardPCIdescoped"},"billingAddress":{"$ref":"#/components/schemas/BillingAddress"}}},"CardPCIdescoped":{"title":"card PCI descoped details","required":["expirationMonth","expirationYear"],"type":"object","properties":{"cardHolderName":{"$ref":"#/components/schemas/CardHolderName"},"maskedCardNumber":{"$ref":"#/components/schemas/CardNumberMasked"},"bin":{"$ref":"#/components/schemas/CardBIN"},"expirationMonth":{"$ref":"#/components/schemas/CardExpirationMonth"},"expirationYear":{"$ref":"#/components/schemas/CardExpirationYear"},"cardType":{"$ref":"#/components/schemas/CardType"},"cardBrand":{"$ref":"#/components/schemas/CardBrand"},"cardPrdouct":{"type":"string"},"cardProgram":{"type":"string"},"cardProductType":{"type":"string"},"isPrepaid":{"type":"boolean"},"issuingCountry":{"$ref":"#/components/schemas/CountryCode"},"isVirtual":{"type":"boolean"},"isDynamicCurrencyConversionSupported":{"type":"boolean"}}},"CardNumber":{"maxLength":20,"type":"string","example":"5113981660016597"},"CardNumberMasked":{"maxLength":20,"type":"string","example":"5***6597"},"CardBIN":{"maxLength":6,"type":"string","example":"546221"},"CardHolderName":{"maxLength":70,"type":"string","example":"Jada Pinkett"},"CardExpirationMonth":{"maxLength":2,"type":"string","example":"06"},"CardExpirationYear":{"maxLength":4,"type":"string","example":"2022"},"CardBrand":{"type":"string","enum":["VISA","Master Card","Diners"]},"CardType":{"type":"string","enum":["Credit","Debit"]},"CVV":{"type":"string","example":"591"},"BuyerAndPaymentTokenInput":{"title":"Buyer and Payment Token Input","required":["billingAddress","firstName","lastName"],"type":"object","properties":{"buyerDetails":{"$ref":"#/components/schemas/BuyerDetails"},"paymentOption":{"$ref":"#/components/schemas/CardWrapped"},"custom":{"$ref":"#/components/schemas/Custom"}}},"BuyerPaymentToken":{"type":"object","properties":{"buyerPaymentTokenId":{"$ref":"#/components/schemas/BuyerPaymentTokenId"},"paymentToken":{"$ref":"#/components/schemas/PaymentTokenOutput"}}},"BuyerPaymentTokenId":{"type":"integer","example":123654987691},"ApiResultWrapped":{"type":"object","properties":{"result":{"$ref":"#/components/schemas/ApiResult"}}},"ApiResult":{"title":"Api Result","type":"object","properties":{"status":{"type":"string","enum":["success","error"]},"error":{"$ref":"#/components/schemas/ResultError"}}},"ResultError":{"title":"Result Error","type":"object","properties":{"code":{"maxLength":11,"type":"string","example":"521"},"reason":{"maxLength":400,"type":"string","example":"unexpected error"}}},"Custom":{"title":"key value pair","type":"object","example":"{\n  \"hello\": \"world\"\n}\n"},"EntityId":{"title":"Entity Id","maxLength":36,"type":"string","format":"uuid"}},"parameters":{"processingEntityIdPath":{"name":"processingEntityId","in":"path","description":"ientity","required":true,"style":"simple","explode":false,"schema":{"$ref":"#/components/schemas/EntityId"}},"buyerIdPath":{"name":"buyerId","in":"path","description":"credit card token previoudly created","required":true,"style":"simple","explode":false,"schema":{"$ref":"#/components/schemas/BuyerId"}},"buyerPaymentTokenIdPath":{"name":"buyerPaymentTokenId","in":"path","description":"credit card token previoudly created","required":true,"style":"simple","explode":false,"schema":{"$ref":"#/components/schemas/BuyerPaymentTokenId"}},"paymentTokenIdPath":{"name":"paymentTokenId","in":"path","description":"credit card token previoudly created","required":true,"style":"simple","explode":false,"schema":{"$ref":"#/components/schemas/PaymentTokenId"}}},"requestBodies":{"upoCreateBody":{"description":"A JSON object containing pet information","content":{"application/json":{"schema":{"$ref":"#/components/schemas/PaymentTokenInput"}}},"required":true}},"securitySchemes":{"bearerAuth":{"type":"http","scheme":"bearer","bearerFormat":"JWT"}}}}