{"openapi":"3.0.0","info":{"title":"Rental Object","description":"This API can be used to create, retrieve and delete Rental Objects and other related entities.","version":"0.1"},"servers":[{"url":"https://virtserver.swaggerhub.com/Objego-GmbH/RentalObjects/0.1","description":"SwaggerHub API Auto Mocking"},{"url":"https://app-int.objego.de","description":"URL of INT environment"},{"url":"https://app.objego.de","description":"URL of Production environment"}],"paths":{"/rental-objects":{"get":{"summary":"List of rental objects","description":"Returns a list of rental objects filtered by `lessor_id` and `category`.\n","parameters":[{"name":"lessor_id","in":"query","required":true,"style":"form","explode":true,"schema":{"type":"string","format":"uuid"}},{"name":"category","in":"query","required":false,"style":"form","explode":true,"schema":{"$ref":"#/components/schemas/RentalObjectCategory"}},{"name":"page","in":"query","required":false,"style":"form","explode":true,"schema":{"minimum":1,"type":"integer"}},{"name":"page_size","in":"query","required":false,"style":"form","explode":true,"schema":{"maximum":1E+3,"minimum":1,"type":"integer","default":1000}}],"responses":{"200":{"description":"Returns the paginated list of Rental Objects belonging to `lessor_id`\n","content":{"application/json":{"schema":{"type":"object","properties":{"pagination":{"$ref":"#/components/schemas/Pagination"},"rentalObjects":{"type":"array","items":{"$ref":"#/components/schemas/RentalObject"}}}}}}}}},"post":{"summary":"Create a new Rental Object\n","requestBody":{"description":"Creates a Rental Object. If `parentId` is set, it will be a child of the object referenced by `parentId`.\n","content":{"application/json":{"schema":{"$ref":"#/components/schemas/RentalObject"}}},"required":true},"responses":{"201":{"description":"Rental Object was created.\n","content":{"application/json":{"schema":{"$ref":"#/components/schemas/RentalObject"}}}}}}},"/rental-objects/{id}":{"get":{"summary":"Get the Rental Object referenced by id.","parameters":[{"name":"id","in":"path","required":true,"style":"simple","explode":false,"schema":{"type":"string","format":"uuid"}}],"responses":{"200":{"description":"Rental Object referenced by `id` was retrieved.\n","content":{"application/json":{"schema":{"$ref":"#/components/schemas/RentalObject"}}}}}},"put":{"summary":"Update the Rental Object referenced by id","description":"It only allows updating an existing rental object and doesn't allow creating one in contradiction to spec of PUT\n","parameters":[{"name":"id","in":"path","required":true,"style":"simple","explode":false,"schema":{"type":"string","format":"uuid"}}],"requestBody":{"description":"Allows updating property details of the Rental Object referenced by`id`.\n","content":{"application/json":{"schema":{"$ref":"#/components/schemas/RentalObject"}}},"required":true},"responses":{"200":{"description":"The Rental Object referenced by `id` was updated.\n","content":{"application/json":{"schema":{"$ref":"#/components/schemas/RentalObject"}}}}}},"delete":{"summary":"Delete the Rental Object referred by the id","parameters":[{"name":"id","in":"path","required":true,"style":"simple","explode":false,"schema":{"type":"string","format":"uuid"}}],"responses":{"204":{"description":"Deleted the RentalObject only."},"200":{"description":"Deleted the RentalObject with other side effects.","content":{"application/json":{"schema":{"properties":{"additionalInfo":{"type":"string","enum":["DELETED_WITH_PARENT"]}}}}}}}}}},"components":{"schemas":{"Pagination":{"type":"object","properties":{"currentPage":{"minimum":5,"type":"integer"},"totalPages":{"type":"integer","example":10},"totalRecords":{"type":"integer","example":100},"pageSize":{"type":"integer","example":10}}},"RentalObjectCategory":{"type":"string","enum":["CONTAINER","OBJECT","UNIT","BILLING_OBJECT","BILLING_INFORMATION_OBJECT"]},"RentalObjectType":{"type":"string","enum":["MULTI_FAMILY_HOUSE","ADDRESS_CONTAINER","ONE_FAMILY_HOUSE","APARTMENT","PARKING_SPACE","COMMERCIAL_UNIT","OTHER_RENTAL_OBJECT"]},"ApartmentFloorType":{"type":"string","enum":["CELLAR_FLOOR","BASEMENT_FLOOR","GROUND_FLOOR","UPPER_FLOOR","INTERMEDIATE_FLOOR","ATTIC_FLOOR"]},"ApartmentPositionType":{"type":"string","enum":["LEFT","LEFT_LEFT","MIDDLE","MIDDLE_LEFT","MIDDLE_RIGHT","RIGHT","RIGHT_RIGHT"]},"ApartmentSideType":{"type":"string","enum":["INSIDE","OUTSIDE","NONE"]},"BillingPeriod":{"type":"object","properties":{"startDate":{"type":"string","format":"date","nullable":false,"example":"2001-01-01"},"endDate":{"type":"string","format":"date","nullable":false,"example":"2011-01-01"}}},"CostPositionCategories":{"type":"array","items":{"properties":{"allocationKey":{"type":"string","description":"The allocation key is either a uuid or an Enum value such as: `FLOOR_AREA`.\n","example":"d46c9c10-c0ae-440f-b7de-fd6c403de221"},"categoryType":{"type":"string","example":"<CUSTOM>_a97cf9c5-c409-4582-a7fa-d0c9455944f2_l0hzikbg00001ygi"},"serviceCharge":{"type":"boolean","example":false}}}},"PostalAddress":{"required":["city","houseNumber","isoCountryCode","postalCode","street"],"type":"object","properties":{"houseNumber":{"maxLength":10,"type":"string","nullable":false,"example":"KVS-404"},"street":{"maxLength":60,"type":"string","nullable":false,"example":"BerlinerStraße 10"},"city":{"maxLength":40,"type":"string","nullable":false,"example":"Essen"},"postalCode":{"maxLength":10,"type":"string","nullable":false,"example":"45130"},"isoCountryCode":{"maxLength":2,"minLength":2,"type":"string","nullable":false,"example":"DE"}}},"ApartmentLocation":{"type":"object","properties":{"floor":{"maximum":99,"minimum":-99,"type":"number","example":14},"floorType":{"$ref":"#/components/schemas/ApartmentFloorType"},"positionType":{"$ref":"#/components/schemas/ApartmentPositionType"},"sideType":{"$ref":"#/components/schemas/ApartmentSideType"}}},"RentalObject":{"type":"object","discriminator":{"propertyName":"rentalObjectType","mapping":{"APARTMENT":"#/components/schemas/Apartment","COMMERCIAL_UNIT":"#/components/schemas/CommercialUnit","PARKING_SPACE":"#/components/schemas/ParkingSpace","OTHER_RENTAL_OBJECT":"#/components/schemas/OtherRentalObject","ONE_FAMILY_HOUSE":"#/components/schemas/OneFamilyHouse","ADDRESS_CONTAINER":"#/components/schemas/RentalObjectContainer","MULTI_FAMILY_HOUSE":"#/components/schemas/RentalObjectContainer"}},"oneOf":[{"$ref":"#/components/schemas/Apartment"},{"$ref":"#/components/schemas/CommercialUnit"},{"$ref":"#/components/schemas/ParkingSpace"},{"$ref":"#/components/schemas/OtherRentalObject"},{"$ref":"#/components/schemas/OneFamilyHouse"},{"$ref":"#/components/schemas/RentalObjectContainer"}]},"RentalObjectBase":{"required":["area","lessorId","name","rentalObjectType"],"type":"object","properties":{"id":{"type":"string","format":"uuid","readOnly":true},"creationDate":{"type":"string","format":"date-time","readOnly":true},"modificationDate":{"type":"string","format":"date-time","readOnly":true},"lessorId":{"type":"string","description":"The owner of the Rental Object. Can be set only on creation.\n","format":"uuid"},"postalAddress":{"$ref":"#/components/schemas/PostalAddress"},"name":{"type":"string","example":"Design Office"},"area":{"type":"number","format":"BigDecimal","example":65.56},"rentalObjectType":{"allOf":[{"$ref":"#/components/schemas/RentalObjectType"},{"description":"Set only on creation.\n"}]}}},"Apartment":{"type":"object","allOf":[{"$ref":"#/components/schemas/RentalObjectBase"},{"properties":{"coOwnershipShare":{"type":"number","format":"BigDecimal","example":2},"location":{"$ref":"#/components/schemas/ApartmentLocation"},"parentId":{"type":"string","description":"ID of this rental objects' parent if it has one. Set only on creation.\n","format":"uuid"}}},{"required":["location"]}]},"ParkingSpace":{"type":"object","allOf":[{"$ref":"#/components/schemas/RentalObjectBase"},{"properties":{"parentId":{"type":"string","description":"ID of this rental objects' parent if it has one. Set only on creation.\n","format":"uuid"}}}]},"OtherRentalObject":{"type":"object","allOf":[{"$ref":"#/components/schemas/RentalObjectBase"},{"properties":{"location":{"$ref":"#/components/schemas/ApartmentLocation"},"parentId":{"type":"string","description":"ID of this rental objects' parent if it has one. Set only on creation.\n","format":"uuid"}}}]},"CommercialUnit":{"type":"object","allOf":[{"$ref":"#/components/schemas/RentalObjectBase"},{"properties":{"location":{"$ref":"#/components/schemas/ApartmentLocation"},"parentId":{"type":"string","description":"ID of this rental objects' parent if it has one. Set only on creation.\n","format":"uuid"}}}]},"OneFamilyHouse":{"type":"object","allOf":[{"$ref":"#/components/schemas/RentalObjectBase"},{"properties":{"billingPeriod":{"$ref":"#/components/schemas/BillingPeriod"},"costPositionCategories":{"allOf":[{"$ref":"#/components/schemas/CostPositionCategories"},{"readOnly":true}]}}},{"required":["billingPeriod"]}]},"RentalObjectContainer":{"type":"object","allOf":[{"$ref":"#/components/schemas/RentalObjectBase"},{"properties":{"billingPeriod":{"$ref":"#/components/schemas/BillingPeriod"},"costPositionCategories":{"allOf":[{"$ref":"#/components/schemas/CostPositionCategories"},{"readOnly":true}]},"children":{"type":"array","description":"The Children of this rental object.\n","items":{"anyOf":[{"$ref":"#/components/schemas/Apartment"},{"$ref":"#/components/schemas/CommercialUnit"},{"$ref":"#/components/schemas/ParkingSpace"},{"$ref":"#/components/schemas/OtherRentalObject"}]}}}},{"required":["billingPeriod","children"]}]}},"parameters":{"page":{"name":"page","in":"query","required":false,"style":"form","explode":true,"schema":{"minimum":1,"type":"integer"}},"pageSize":{"name":"page_size","in":"query","required":false,"style":"form","explode":true,"schema":{"maximum":1E+3,"minimum":1,"type":"integer","default":1000}}}}}