{"openapi":"3.0.0","info":{"title":"ODGgames","description":"Cette page documente l’API du projet tutoré ODGgames.\n","license":{"name":"GPL 3.0","url":"https://www.gnu.org/licenses/gpl-3.0.txt"},"version":"1.0.0"},"servers":[{"url":"https://virtserver.swaggerhub.com/ODGgames/ODGgames/1.0.0","description":"SwaggerHub API Auto Mocking"},{"url":"https://odggames.herokuapp.com/","description":"Serveur de développement"}],"tags":[{"name":"salons","description":"Tout ce qui concerne les salons"},{"name":"joueurs","description":"Tout ce qui concerne les joueurs"},{"name":"jeux","description":"Tout ce qui concerne les jeux"},{"name":"parties","description":"Tout ce qui concerne les parties"}],"paths":{"/salons":{"post":{"tags":["salons"],"summary":"Créer un nouveau salon","responses":{"200":{"description":"Le salon a bien été créé","content":{"application/json":{"schema":{"type":"object","properties":{"idSalon":{"type":"string"}}}}}}}}},"/salons/{idSalon}":{"put":{"tags":["salons"],"summary":"Modifier le salon","parameters":[{"name":"idSalon","in":"path","description":"ID du salon","required":true,"style":"simple","explode":false,"schema":{"type":"string"}}],"responses":{"200":{"description":"Le salon a bien été modifié"}}}},"/salons/{idSalon}/joueurs":{"post":{"tags":["joueurs"],"summary":"Ajouter un joueur dans un salon","parameters":[{"name":"idSalon","in":"path","description":"ID du salon","required":true,"style":"simple","explode":false,"schema":{"type":"string"}}],"requestBody":{"description":"Joueur à créer et à ajouter au salon","content":{"application/json":{"schema":{"properties":{"pseudo":{"type":"string"},"phrase":{"type":"string"},"salon":{"type":"string"}}}}},"required":true},"responses":{"200":{"description":"Le joueur a bien rejoint le salon"},"404":{"description":"Ce salon n'existe pas"}}}},"/salons/{idSalon}/joueurs/":{"get":{"tags":["joueurs"],"summary":"Retourne les joueurs d'un salon","parameters":[{"name":"idSalon","in":"path","description":"ID du salon","required":true,"style":"simple","explode":false,"schema":{"type":"string"}}],"responses":{"200":{"description":"Les joueurs ont été récupérés","content":{"application/json":{"schema":{"type":"object","properties":{"idSalon":{"type":"string"}}}}}}}}},"/salons/{idSalon}/joueurs/{idJoueur}":{"put":{"tags":["joueurs"],"summary":"Modifier un joueur","parameters":[{"name":"idSalon","in":"path","description":"ID du salon","required":true,"style":"simple","explode":false,"schema":{"type":"string"}},{"name":"idJoueur","in":"path","description":"ID du joueur","required":true,"style":"simple","explode":false,"schema":{"type":"string"}}],"responses":{"200":{"description":"Le joueur a bien été modifié"}}},"delete":{"tags":["joueurs"],"summary":"Un joueur quitte le salon","parameters":[{"name":"idSalon","in":"path","description":"ID du salon","required":true,"style":"simple","explode":false,"schema":{"type":"string"}},{"name":"idJoueur","in":"path","description":"ID du joueur","required":true,"style":"simple","explode":false,"schema":{"type":"string"}}],"responses":{"200":{"description":"Le joueur a bien quitté le salon"}}}},"/jeux":{"get":{"tags":["jeux"],"summary":"Récupérer la liste des jeux","responses":{"200":{"description":"Récupération des jeux réussie"}}}}}}