{"openapi":"3.0.0","info":{"title":"Bank API","description":"This is a Bank API","contact":{"email":"662781@student.inholland.nl"},"license":{"name":"Apache 2.0","url":"http://www.apache.org/licenses/LICENSE-2.0.html"},"version":"1.3"},"servers":[{"url":"https://virtserver.swaggerhub.com/662781/BankAPI/1.3","description":"SwaggerHub API Auto Mocking"}],"security":[{"bearerAuth":[]}],"tags":[{"name":"Employee","description":"Operations available to employees"},{"name":"Customer","description":"Operations available to customers"}],"paths":{"/users":{"post":{"tags":["Customer"],"summary":"Register User Data","operationId":"addUser","requestBody":{"description":"New user object","content":{"application/json":{"schema":{"$ref":"#/components/schemas/UserDTO"}}},"required":true},"responses":{"201":{"description":"User created","content":{"application/json":{"schema":{"$ref":"#/components/schemas/UserDTO"}}}},"400":{"description":"Invalid user object"}},"security":[]}},"/users/login":{"post":{"tags":["Employee","Customer"],"summary":"User Login","operationId":"login","requestBody":{"description":"User object to compare to existing user","content":{"application/json":{"schema":{"$ref":"#/components/schemas/UserDTO"}}},"required":true},"responses":{"200":{"description":"User login successful","content":{"application/json":{"schema":{"$ref":"#/components/schemas/LoginResponseDTO"}}}},"401":{"description":"Request not authorized","content":{"application/json":{"schema":{"$ref":"#/components/responses/UnauthorizedError"}}}}},"security":[]}},"/users/getByPhone/{phone}":{"get":{"tags":["Employee"],"summary":"Search a user list on phone number","operationId":"getUserByPhone","parameters":[{"name":"phone","in":"path","description":"Phone Number input","required":true,"style":"simple","explode":false,"schema":{"type":"string"}}],"responses":{"200":{"description":"User found","content":{"application/json":{"schema":{"$ref":"#/components/schemas/UserDTO"}}}},"404":{"description":"User not found"},"418":{"description":"I'm a tea pot"}}}},"/users/getByUsername/{username}":{"get":{"tags":["Employee"],"summary":"Search a user list on username","operationId":"getUserByUsername","parameters":[{"name":"username","in":"path","description":"Username input","required":true,"style":"simple","explode":false,"schema":{"type":"string"}}],"responses":{"200":{"description":"User found","content":{"application/json":{"schema":{"$ref":"#/components/schemas/UserDTO"}}}},"404":{"description":"User not found"},"418":{"description":"I'm a tea pot"}}},"put":{"tags":["Employee","Customer"],"summary":"Updates a user","description":"By sending this request, an employee or customer can update the information of one user\n","operationId":"updateUser","parameters":[{"name":"username","in":"path","description":"Username input","required":true,"style":"simple","explode":false,"schema":{"type":"string"}}],"requestBody":{"description":"Updated user object","content":{"application/json":{"schema":{"$ref":"#/components/schemas/UserDTO"}}},"required":true},"responses":{"200":{"description":"User found and updated","content":{"application/json":{"schema":{"$ref":"#/components/schemas/UserDTO"}}}},"404":{"description":"User not found"},"418":{"description":"I'm a tea pot"}}}},"/accounts":{"get":{"tags":["Employee"],"summary":"Search account list with pagination","description":"By passing in the appropriate options, you can search for\naccounts in the DB\n","operationId":"getAccounts","parameters":[{"name":"skip","in":"query","description":"Number of records to skip for pagination","required":false,"style":"form","explode":true,"schema":{"minimum":0,"type":"integer","format":"int32"}},{"name":"limit","in":"query","description":"Maximum number of records to return","required":false,"style":"form","explode":true,"schema":{"maximum":2E+5,"minimum":1,"type":"integer","format":"int32"}}],"responses":{"200":{"description":"Search results matching criteria","content":{"application/json":{"schema":{"type":"array","items":{"$ref":"#/components/schemas/AccountDTO"}}}}},"400":{"description":"bad input parameter"}}},"post":{"tags":["Employee"],"summary":"Add a new bank account","operationId":"addAccount","requestBody":{"description":"New account object","content":{"application/json":{"schema":{"$ref":"#/components/schemas/AccountDTO"}}},"required":true},"responses":{"201":{"description":"Account created","content":{"application/json":{"schema":{"$ref":"#/components/schemas/AccountDTO"}}}},"400":{"description":"Invalid account object"}}}},"/accounts/{iban}":{"get":{"tags":["Employee","Customer"],"summary":"Search an account list on IBAN","operationId":"getAccount","parameters":[{"name":"iban","in":"path","description":"IBAN input","required":true,"style":"simple","explode":false,"schema":{"type":"string"}}],"responses":{"200":{"description":"Account found","content":{"application/json":{"schema":{"$ref":"#/components/schemas/AccountDTO"}}}},"404":{"description":"Account not found"},"418":{"description":"I'm a tea pot"}}},"put":{"tags":["Employee","Customer"],"summary":"Updates an account","description":"By sending this request, an employee can update the account information with the given IBAN\n","operationId":"updateAccount","parameters":[{"name":"iban","in":"path","description":"IBAN input","required":true,"style":"simple","explode":false,"schema":{"type":"string"}}],"requestBody":{"description":"Updated account object","content":{"application/json":{"schema":{"$ref":"#/components/schemas/AccountDTO"}}},"required":true},"responses":{"200":{"description":"Account found and updated","content":{"application/json":{"schema":{"$ref":"#/components/schemas/AccountDTO"}}}},"404":{"description":"Account IBAN not found"}}},"delete":{"tags":["Employee","Customer"],"summary":"Delete an account on IBAN","operationId":"deleteAccount","parameters":[{"name":"iban","in":"path","description":"IBAN input","required":true,"style":"simple","explode":false,"schema":{"type":"string"}}],"responses":{"204":{"description":"Account deleted"},"404":{"description":"Account not found"},"418":{"description":"I'm a tea pot"}}}},"/transactions":{"post":{"tags":["Employee","Customer"],"summary":"Create a new transaction","operationId":"createTransaction","requestBody":{"description":"New transaction object","content":{"application/json":{"schema":{"$ref":"#/components/schemas/TransactionDTO"}}},"required":true},"responses":{"201":{"description":"Transaction created","content":{"application/json":{"schema":{"$ref":"#/components/schemas/TransactionDTO"}}}},"400":{"description":"Invalid transaction"}}}},"/transactions/{id}":{"get":{"tags":["Employee","Customer"],"summary":"Get one transaction on Id","operationId":"getTransaction","parameters":[{"name":"id","in":"path","description":"Transaction ID input","required":true,"style":"simple","explode":false,"schema":{"type":"string","format":"uuid"}}],"responses":{"200":{"description":"Transaction found","content":{"application/json":{"schema":{"$ref":"#/components/schemas/TransactionDTO"}}}},"404":{"description":"Transaction not found"},"418":{"description":"I'm a tea pot"}}},"put":{"tags":["Employee","Customer"],"summary":"Updates a scheduled transaction","description":"By sending this request, an employee or customer can update a scheduled transaction\n","operationId":"updateTransaction","parameters":[{"name":"id","in":"path","description":"Transaction ID input","required":true,"style":"simple","explode":false,"schema":{"type":"string","format":"uuid"}}],"requestBody":{"description":"Updated transaction object","content":{"application/json":{"schema":{"$ref":"#/components/schemas/TransactionDTO"}}},"required":true},"responses":{"200":{"description":"Transaction found and updated","content":{"application/json":{"schema":{"$ref":"#/components/schemas/TransactionDTO"}}}},"404":{"description":"Transaction not found"}}},"delete":{"tags":["Employee","Customer"],"summary":"Delete a scheduled transaction","operationId":"deleteTransaction","parameters":[{"name":"id","in":"path","description":"Transaction ID input","required":true,"style":"simple","explode":false,"schema":{"type":"string","format":"uuid"}}],"responses":{"204":{"description":"Scheduled transaction deleted"},"404":{"description":"Transaction not found"},"418":{"description":"I'm a tea pot"}}}}},"components":{"schemas":{"LoginResponseDTO":{"type":"object","properties":{"token":{"type":"string","example":"eyJhbGciOiJIUzI1NiIsInR5cCI6IkpXVCJ9.eyJzdWIiOiIxMjM0NTY3ODkwIiwibmFtZSI6IkpvaG4gRG9lIiwiaWF0IjoxNTE2MjM5MDIyfQ.SflKxwRJSMeKKF2QT4fwpMeJf36POk6yJV_adQssw5c"}},"description":"Request body for login responses"},"UserDTO":{"required":["address","dob","email","firstname","lastname","phone","username"],"type":"object","properties":{"id":{"type":"string","format":"uuid","example":"d290f1ee-6c54-4b01-90e6-d701748f0851"},"userType":{"$ref":"#/components/schemas/UserType"},"username":{"type":"string","example":"FluffyUnicorn77"},"firstname":{"type":"string","example":"John"},"lastname":{"type":"string","example":"Doe"},"dob":{"type":"string","format":"date","example":"1956-04-24"},"address":{"type":"string","example":"Wolkenweg 15 8324AD Haarlem"},"email":{"type":"string","example":"johndoe@example.com"},"phone":{"type":"string","example":"+31 0634534565"},"registeredOn":{"type":"string","format":"date-time"},"dayLimit":{"type":"number","format":"double","example":5E+3},"transLimit":{"type":"number","format":"double","example":2E+3}}},"UserType":{"type":"string","enum":["employee","customer"]},"AccountDTO":{"required":["absLimit","accountType","active","balance"],"type":"object","properties":{"iban":{"type":"string","example":"NLxxINHO0xxxxxxxxx"},"accountType":{"$ref":"#/components/schemas/AccountType"},"ownerId":{"type":"string","format":"uuid","example":"d290f1ee-6c54-4b01-90e6-d701748f0851"},"balance":{"type":"number","format":"double","example":3.21},"absLimit":{"type":"number","format":"double","example":-1E+2},"active":{"type":"boolean"}}},"AccountType":{"type":"string","enum":["savings","current"]},"TransactionDTO":{"required":["amount","from","to"],"type":"object","properties":{"id":{"type":"string","format":"uuid","example":"d290f1ee-6c54-4b01-90e6-d701748f0851"},"timestamp":{"type":"string","format":"date-time"},"from":{"type":"string","example":"NLxxINHO0xxxxxxxxx"},"to":{"type":"string","example":"NLxxINHO0xxxxxxxxx"},"amount":{"type":"number","description":"Amount of Euros","format":"double","example":3.2},"userPerforming":{"type":"string","format":"uuid","example":"d290f1ee-6c54-4b01-90e6-d701748f0851"}}}},"responses":{"UnauthorizedError":{"description":"Access token is missing or invalid"}},"securitySchemes":{"bearerAuth":{"type":"http","scheme":"bearer","bearerFormat":"JWT"}}}}