{"openapi":"3.0.0","info":{"title":"utility RESTful API","description":"utility RESTful API","version":"0.0.3"},"servers":[{"url":"https://virtserver.swaggerhub.com/aba36946/utility/0.0.3","description":"SwaggerHub API Auto Mocking"}],"security":[{"bearerAuth":[]}],"paths":{"/factory/auth":{"post":{"tags":["factory"],"summary":"Auth","requestBody":{"content":{"application/json":{"schema":{"properties":{"account":{"type":"string"},"password":{"type":"string"}}},"example":{"account":"admin","password":"00:90:E8:12:34:56"}}}},"responses":{"200":{"description":"success","content":{"application/json":{"schema":{"$ref":"#/components/schemas/response-success"}}}},"400":{"description":"fail","content":{"application/json":{"schema":{"properties":{"error":{"type":"object","properties":{"code":{"type":"number","description":"error code enum","enum":[-1],"x-enum-varnames":["login fail"]}}}}},"example":{"error":{"code":-1}}}}}}}},"/factory/fwenv":{"get":{"tags":["factory"],"summary":"get firmware environment configuration","responses":{"200":{"description":"success","content":{"application/json":{"schema":{"properties":{"biosver":{"type":"string","description":"bios version"},"mp_flags":{"type":"number","description":"mp ftag"},"modelName":{"type":"string","description":"model name"},"serialNumber":{"type":"string","description":"serial number"},"firmwareVersion":{"type":"string","description":"firmware version"}}},"example":{"data":{"biosVersion":"1.0.0","mp_flag":1,"modelName":"MGate-MB-PN","serialNumber":"MOXA00000008","firmwareVersion":"1.0.0"}}}}}}}},"/utility/locate":{"get":{"tags":["utility"],"summary":"get locator information","responses":{"200":{"description":"Success.","content":{"application/json":{"schema":{"$ref":"#/components/schemas/response-locate"}}}},"400":{"description":"Error.","content":{"application/json":{"schema":{"$ref":"#/components/schemas/error"}}}}}},"post":{"tags":["utility"],"summary":"setting locator","requestBody":{"content":{"application/json":{"schema":{"$ref":"#/components/schemas/locate"},"example":{"locate_option":1,"duration":60}}}},"responses":{"201":{"description":"Success.","content":{"application/json":{"schema":{"$ref":"#/components/schemas/response-success"}}}},"400":{"description":"Error.","content":{"application/json":{"schema":{"$ref":"#/components/schemas/error"}}}}}}},"/utility/info":{"get":{"tags":["utility"],"summary":"get API version","responses":{"200":{"description":"Success.","content":{"application/json":{"schema":{"$ref":"#/components/schemas/response-info"},"example":{"data":{"version":"1.0.0"}}}}},"400":{"description":"Error.","content":{"application/json":{"schema":{"$ref":"#/components/schemas/error"}}}}}}},"/factory/fwenv/{names}":{"put":{"tags":["factory"],"summary":"put each firmware environment configuration","description":"put value of each firmware environment configuration","parameters":[{"name":"names","in":"path","description":"name of firmware environment configurations (only mp_flag can be modified)","required":true,"style":"simple","explode":false,"schema":{"type":"string"}}],"requestBody":{"content":{"application/json":{"schema":{"type":"object","properties":{"value":{"type":"string","description":"mp_flag value"}}},"example":{"value":1}}},"required":true},"responses":{"200":{"description":"success","content":{"application/json":{"schema":{"type":"object","properties":{"data":{"type":"object","properties":{"value":{"type":"string"}}}}},"example":{"data":{"value":1}}}}}}}}},"components":{"schemas":{"error":{"required":["message"],"properties":{"error":{"$ref":"#/components/schemas/error_error"}}},"error_error":{"type":"object","properties":{"message":{"type":"string"}}},"response-success":{"type":"object","properties":{"data":{"type":"object","properties":{"response":{"type":"string","default":"success"}}}}},"response-locate":{"type":"object","properties":{"data":{"type":"object","properties":{"locate_state":{"type":"number","enum":[0,1],"x-enum-variable":["stop","start"]},"remaining_time":{"type":"number","description":"locator remaining time, remaining time = -1 represent locator beep continuously"}}}}},"locate":{"type":"object","properties":{"locate_option":{"type":"number","enum":[0,1],"x-enum-variable":["stop","start"]},"duration":{"maximum":3E+2,"minimum":0,"type":"number","description":"locator duration time, duration = 0 let locator beep continuously"}}},"response-info":{"type":"object","properties":{"data":{"type":"object","properties":{"version":{"type":"string"}}}}}},"securitySchemes":{"bearerAuth":{"type":"http","scheme":"bearer","bearerFormat":"JWT"}}}}