{"openapi":"3.0.0","info":{"title":"Music API","description":"This is simple music API that imitates spotify API. \nIt only inludes sample data generated by python script.\n","contact":{"name":"email","email":"piotrwrobel.ajiiz@gmail.com"},"license":{"name":"MIT","url":"https://mit-license.org/"},"version":"1.0.0"},"externalDocs":{"description":"Github","url":"https://github.com/ajiiz"},"servers":[{"url":"https://virtserver.swaggerhub.com/ajiiz/music-api/1.0.0","description":"SwaggerHub API Auto Mocking"},{"url":"http://musicapi.xyz/"}],"tags":[{"name":"artist","description":"Artist endpoints"},{"name":"artists","description":"Artists endpoints"},{"name":"album","description":"Albums endpoints"},{"name":"track","description":"Track endpoints"},{"name":"playlist","description":"Playlist endpoints"}],"paths":{"/artist":{"post":{"tags":["artist"],"summary":"Add new artist to the music app","operationId":"addArtist","requestBody":{"$ref":"#/components/requestBodies/ArtistPost"},"responses":{"405":{"description":"Invalid input data"},"200":{"description":"successful operation"}}}},"/artist/{artistId}":{"get":{"tags":["artist"],"summary":"Find artist by id","operationId":"getArtistById","parameters":[{"name":"artistId","in":"path","description":"id of artist to get","required":true,"style":"simple","explode":false,"schema":{"type":"string","format":"string"}}],"responses":{"200":{"description":"Successful operation","content":{"application/json":{"schema":{"type":"array","items":{"$ref":"#/components/schemas/Artist"}}}}},"404":{"description":"Artist not found"}}},"put":{"tags":["artist"],"summary":"Update an existing artist","operationId":"updateArtist","parameters":[{"name":"artistId","in":"path","description":"id of artist to update","required":true,"style":"simple","explode":false,"schema":{"type":"string","format":"string"}}],"requestBody":{"$ref":"#/components/requestBodies/ArtistPut"},"responses":{"400":{"description":"Invalid id supplied"},"404":{"description":"Artist not found"},"405":{"description":"Validation exception"}}},"delete":{"tags":["artist"],"summary":"Deletes an artist","operationId":"deleteArtist","parameters":[{"name":"artistId","in":"path","description":"id of artist to delete","required":true,"style":"simple","explode":false,"schema":{"type":"string","format":"string"}}],"responses":{"200":{"description":"Successful operation"},"400":{"description":"Invalid id supplied"},"404":{"description":"Artist not found"}}}},"/artists":{"get":{"tags":["artists"],"summary":"Get all artists","operationId":"getArtists","responses":{"200":{"description":"Successful operation","content":{"application/json":{"schema":{"type":"array","items":{"$ref":"#/components/schemas/Artist"}}}}},"404":{"description":"Artists not found"}}}},"/album/{albumId}":{"get":{"tags":["album"],"summary":"Find album by id","operationId":"getAlbumById","parameters":[{"name":"albumId","in":"path","description":"id of album to get","required":true,"style":"simple","explode":false,"schema":{"type":"string","format":"string"}}],"responses":{"200":{"description":"Successful operation","content":{"application/json":{"schema":{"type":"array","items":{"$ref":"#/components/schemas/Album"}}}}},"404":{"description":"Artist not found"}}},"delete":{"tags":["album"],"summary":"Deletes an album","operationId":"deleteAlbum","parameters":[{"name":"albumId","in":"path","description":"id of album to delete","required":true,"style":"simple","explode":false,"schema":{"type":"string","format":"string"}}],"responses":{"200":{"description":"Successful operation"},"400":{"description":"Invalid id supplied"},"404":{"description":"Album not found"}}}},"/track/{trackId}":{"get":{"tags":["track"],"summary":"Find track by id","operationId":"getTrackById","parameters":[{"name":"trackId","in":"path","description":"id of track to get","required":true,"style":"simple","explode":false,"schema":{"type":"string","format":"string"}}],"responses":{"200":{"description":"successful operation","content":{"application/json":{"schema":{"type":"array","items":{"$ref":"#/components/schemas/Track"}}}}},"404":{"description":"Artist not found"}}},"put":{"tags":["track"],"summary":"Update an existing track","operationId":"updateTrack","parameters":[{"name":"trackId","in":"path","description":"id of track to update","required":true,"style":"simple","explode":false,"schema":{"type":"string","format":"string"}}],"requestBody":{"$ref":"#/components/requestBodies/TrackPut"},"responses":{"400":{"description":"Invalid id supplied"},"404":{"description":"Track not found"},"405":{"description":"Validation exception"}}},"delete":{"tags":["track"],"summary":"Deletes a track","operationId":"deleteTrack","parameters":[{"name":"trackId","in":"path","description":"id of track to delete","required":true,"style":"simple","explode":false,"schema":{"type":"string","format":"string"}}],"responses":{"200":{"description":"Successful operation"},"400":{"description":"Invalid id supplied"},"404":{"description":"Track not found"}}}},"/playlist/{playlistId}":{"get":{"tags":["playlist"],"summary":"Find playlist by id","operationId":"getPlaylistbyId","parameters":[{"name":"playlistId","in":"path","description":"id of playlist to get","required":true,"style":"simple","explode":false,"schema":{"type":"string","format":"string"}}],"responses":{"200":{"description":"Successful operation","content":{"application/json":{"schema":{"type":"array","items":{"$ref":"#/components/schemas/Playlist"}}}}},"404":{"description":"Playlist not found"}}},"delete":{"tags":["playlist"],"summary":"Deletes a playlist","operationId":"deletePlaylist","parameters":[{"name":"playlistId","in":"path","description":"id of playlist to delete","required":true,"style":"simple","explode":false,"schema":{"type":"string","format":"string"}}],"responses":{"200":{"description":"Successful operation"},"400":{"description":"Invalid id supplied"},"404":{"description":"Track not found"}}}}},"components":{"schemas":{"Artist":{"required":["id","name"],"type":"object","properties":{"id":{"type":"string"},"name":{"type":"string"},"popularity":{"type":"integer"},"followers":{"type":"integer"},"uri":{"type":"string"},"genres":{"type":"array","items":{"type":"string"}},"albums":{"type":"array","items":{"$ref":"#/components/schemas/Album"}}}},"Album":{"required":["id","name"],"type":"object","properties":{"id":{"type":"string"},"name":{"type":"string"},"total_tracks":{"type":"integer"},"followers":{"type":"integer"},"genres":{"type":"array","items":{"type":"string"}},"tracks":{"type":"array","items":{"$ref":"#/components/schemas/Track"}}}},"Track":{"required":["id","name"],"type":"object","properties":{"id":{"type":"string"},"name":{"type":"string"},"track_number":{"type":"integer"},"popularity":{"type":"integer"}}},"Playlist":{"required":["id","name"],"type":"object","properties":{"id":{"type":"string"},"name":{"type":"string"},"collaborative":{"type":"boolean"},"followers":{"type":"integer"},"public":{"type":"boolean"},"uri":{"type":"string"},"tracks":{"type":"array","items":{"$ref":"#/components/schemas/Track"}}}}},"requestBodies":{"ArtistPost":{"description":"Arist object that needs to be added to the database","content":{"application/json":{"schema":{"$ref":"#/components/schemas/Artist"}},"application/xml":{"schema":{"$ref":"#/components/schemas/Artist"}}},"required":true},"ArtistPut":{"description":"Arist object that needs to be updated in the database","content":{"application/json":{"schema":{"$ref":"#/components/schemas/Artist"}},"application/xml":{"schema":{"$ref":"#/components/schemas/Artist"}}},"required":true},"TrackPut":{"description":"Arist object that needs to be updated in the database","content":{"application/json":{"schema":{"$ref":"#/components/schemas/Track"}},"application/xml":{"schema":{"$ref":"#/components/schemas/Track"}}},"required":true}}}}