{
  "openapi": "3.0.0",
  "info": {
    "title": "LibCat",
    "description": "Library Catalogue",
    "version": "v1"
  },
  "servers": [
    {
      "url": "https://virtserver.swaggerhub.com/akrawchuk89/LibCat/v1",
      "description": "SwaggerHub API Auto Mocking"
    }
  ],
  "tags": [
    {
      "name": "Books",
      "description": "Books CRUD operations"
    },
    {
      "name": "Search",
      "description": "Search for books"
    }
  ],
  "paths": {
    "/api/v1/books": {
      "get": {
        "tags": [
          "Books"
        ],
        "summary": "List books",
        "parameters": [
          {
            "name": "page_token",
            "in": "query",
            "description": "Page number",
            "required": false,
            "style": "form",
            "explode": true,
            "schema": {
              "type": "integer"
            }
          },
          {
            "name": "page_size",
            "in": "query",
            "description": "Page size",
            "required": false,
            "style": "form",
            "explode": true,
            "schema": {
              "type": "integer"
            }
          }
        ],
        "responses": {
          "200": {
            "description": "List of books",
            "content": {
              "application/json": {
                "schema": {
                  "$ref": "#/components/schemas/BookList"
                }
              }
            }
          }
        }
      },
      "post": {
        "tags": [
          "Books"
        ],
        "summary": "Add new book",
        "requestBody": {
          "description": "New book data",
          "content": {
            "application/json": {
              "schema": {
                "$ref": "#/components/schemas/NewBook"
              }
            }
          },
          "required": true
        },
        "responses": {
          "201": {
            "description": "Book created",
            "content": {
              "application/json": {
                "schema": {
                  "$ref": "#/components/schemas/Book"
                }
              }
            }
          },
          "400": {
            "description": "Client specified an invalid payload.",
            "content": {
              "application/json": {
                "schema": {
                  "$ref": "#/components/schemas/Error"
                }
              }
            }
          },
          "401": {
            "description": "Request not authenticated.",
            "content": {
              "application/json": {
                "schema": {
                  "$ref": "#/components/schemas/Error"
                }
              }
            }
          }
        },
        "security": [
          {
            "basicAuth": []
          }
        ]
      }
    },
    "/api/v1/books/{book-id}": {
      "get": {
        "tags": [
          "Books"
        ],
        "summary": "Book details",
        "parameters": [
          {
            "name": "book-id",
            "in": "path",
            "description": "Book ID",
            "required": true,
            "style": "simple",
            "explode": false,
            "schema": {
              "type": "string"
            }
          }
        ],
        "responses": {
          "200": {
            "description": "Book data",
            "content": {
              "application/json": {
                "schema": {
                  "$ref": "#/components/schemas/Book"
                }
              }
            }
          },
          "400": {
            "description": "Client specified non-numeric book ID.",
            "content": {
              "application/json": {
                "schema": {
                  "$ref": "#/components/schemas/Error"
                }
              }
            }
          },
          "404": {
            "description": "Book by specified ID is not found.",
            "content": {
              "application/json": {
                "schema": {
                  "$ref": "#/components/schemas/Error"
                }
              }
            }
          }
        }
      },
      "put": {
        "tags": [
          "Books"
        ],
        "summary": "Update book data",
        "parameters": [
          {
            "name": "book-id",
            "in": "path",
            "description": "Book ID",
            "required": true,
            "style": "simple",
            "explode": false,
            "schema": {
              "type": "string"
            }
          }
        ],
        "requestBody": {
          "description": "Book data",
          "content": {
            "application/json": {
              "schema": {
                "$ref": "#/components/schemas/NewBook"
              }
            }
          },
          "required": true
        },
        "responses": {
          "201": {
            "description": "Book updated",
            "content": {
              "application/json": {
                "schema": {
                  "$ref": "#/components/schemas/Book"
                }
              }
            }
          },
          "400": {
            "description": "Client specified an invalid payload.",
            "content": {
              "application/json": {
                "schema": {
                  "$ref": "#/components/schemas/Error"
                }
              }
            }
          },
          "401": {
            "description": "Request not authenticated.",
            "content": {
              "application/json": {
                "schema": {
                  "$ref": "#/components/schemas/Error"
                }
              }
            }
          },
          "404": {
            "description": "Book by specified ID is not found.",
            "content": {
              "application/json": {
                "schema": {
                  "$ref": "#/components/schemas/Error"
                }
              }
            }
          }
        },
        "security": [
          {
            "basicAuth": []
          }
        ]
      },
      "delete": {
        "tags": [
          "Books"
        ],
        "summary": "Delete book",
        "parameters": [
          {
            "name": "book-id",
            "in": "path",
            "description": "Book ID",
            "required": true,
            "style": "simple",
            "explode": false,
            "schema": {
              "type": "string"
            }
          }
        ],
        "responses": {
          "204": {
            "description": "Book was deleted successfully."
          },
          "400": {
            "description": "Client specified non-numeric book ID.",
            "content": {
              "application/json": {
                "schema": {
                  "$ref": "#/components/schemas/Error"
                }
              }
            }
          },
          "401": {
            "description": "Request not authenticated.",
            "content": {
              "application/json": {
                "schema": {
                  "$ref": "#/components/schemas/Error"
                }
              }
            }
          },
          "404": {
            "description": "A book by specified ID is not found.",
            "content": {
              "application/json": {
                "schema": {
                  "$ref": "#/components/schemas/Error"
                }
              }
            }
          }
        },
        "security": [
          {
            "basicAuth": []
          }
        ]
      }
    },
    "/api/v1/search": {
      "get": {
        "tags": [
          "Search"
        ],
        "summary": "Search for books",
        "parameters": [
          {
            "name": "name",
            "in": "query",
            "description": "Book name",
            "required": false,
            "style": "form",
            "explode": true,
            "schema": {
              "type": "string"
            }
          },
          {
            "name": "author",
            "in": "query",
            "description": "Book author",
            "required": false,
            "style": "form",
            "explode": true,
            "schema": {
              "type": "string"
            }
          },
          {
            "name": "keyword",
            "in": "query",
            "description": "Book keyword",
            "required": false,
            "style": "form",
            "explode": true,
            "schema": {
              "type": "string"
            }
          },
          {
            "name": "sort-by",
            "in": "query",
            "description": "Sorting order",
            "required": false,
            "style": "form",
            "explode": true,
            "schema": {
              "type": "string",
              "enum": [
                "name",
                "author"
              ]
            }
          },
          {
            "name": "order",
            "in": "query",
            "description": "Order direction",
            "required": false,
            "style": "form",
            "explode": true,
            "schema": {
              "type": "string",
              "enum": [
                "asc",
                "desc"
              ]
            }
          }
        ],
        "responses": {
          "200": {
            "description": "Search results",
            "content": {
              "application/json": {
                "schema": {
                  "$ref": "#/components/schemas/SearchResult"
                }
              }
            }
          }
        }
      }
    }
  },
  "components": {
    "schemas": {
      "BookList": {
        "type": "object",
        "properties": {
          "total_size": {
            "type": "integer"
          },
          "pagination": {
            "$ref": "#/components/schemas/Pagination"
          },
          "books": {
            "type": "array",
            "items": {
              "$ref": "#/components/schemas/Book"
            }
          }
        }
      },
      "Book": {
        "type": "object",
        "properties": {
          "id": {
            "type": "integer"
          },
          "name": {
            "type": "string"
          },
          "authors": {
            "type": "array",
            "items": {
              "$ref": "#/components/schemas/Author"
            }
          },
          "keywords": {
            "type": "array",
            "items": {
              "$ref": "#/components/schemas/Keyword"
            }
          }
        }
      },
      "Author": {
        "type": "object",
        "properties": {
          "id": {
            "type": "integer"
          },
          "fullname": {
            "type": "string"
          }
        }
      },
      "Keyword": {
        "type": "object",
        "properties": {
          "id": {
            "type": "integer"
          },
          "name": {
            "type": "string"
          }
        }
      },
      "SearchResult": {
        "type": "object",
        "properties": {
          "search_filters": {
            "$ref": "#/components/schemas/SearchResult_search_filters"
          },
          "total_size": {
            "type": "integer"
          },
          "pagination": {
            "$ref": "#/components/schemas/Pagination"
          },
          "search_results": {
            "type": "array",
            "items": {
              "$ref": "#/components/schemas/Book"
            }
          }
        }
      },
      "Pagination": {
        "type": "object",
        "properties": {
          "page_token": {
            "type": "string"
          },
          "page_size": {
            "type": "integer"
          },
          "next_page_token": {
            "type": "string"
          }
        }
      },
      "Error": {
        "type": "object",
        "properties": {
          "code": {
            "type": "integer"
          },
          "status": {
            "type": "string"
          },
          "message": {
            "type": "string"
          }
        }
      },
      "NewBook": {
        "type": "object",
        "properties": {
          "name": {
            "type": "string",
            "description": "Book name"
          },
          "authors": {
            "type": "string",
            "description": "Book authors, comma-separated"
          },
          "keywords": {
            "type": "string",
            "description": "Book keywords, comma-separated"
          }
        }
      },
      "SearchResult_search_filters": {
        "type": "object",
        "properties": {
          "name": {
            "type": "string"
          },
          "author": {
            "type": "string"
          },
          "keyword": {
            "type": "string"
          },
          "sort_by": {
            "type": "string",
            "enum": [
              "name",
              "author"
            ]
          },
          "order": {
            "type": "string",
            "enum": [
              "asc",
              "desc"
            ]
          }
        }
      }
    },
    "securitySchemes": {
      "basicAuth": {
        "type": "http",
        "scheme": "basic"
      }
    }
  }
}