{"openapi":"3.0.0","info":{"title":"BSG-FeeComp","description":"BSG-FeeComp is the California DMV Fee Computation system managed by the Business Services Group.","termsOfService":"http://www.dmv.ca.gov","contact":{"email":"ISDFEECOMP@dmv.ca.gov"},"license":{"name":"Apache 2.0","url":"http://www.apache.org/licenses/LICENSE-2.0.html"},"version":"1.0.0"},"externalDocs":{"description":"Visit California DMV","url":"http://dmv.ca.gov"},"servers":[{"url":"https://virtserver.swaggerhub.com/alandemmin/feecomp/1.0.0","description":"SwaggerHub API Auto Mocking"},{"url":"https://petstore.swagger.io/v2"}],"tags":[{"name":"vrfees","description":"Vehicle Registration Fees","externalDocs":{"description":"Calculate My Vehicle Registration Fees","url":"https://www.dmv.ca.gov/portal/vehicle-registration/registration-fees/"}}],"paths":{"/vrfees":{"post":{"tags":["vrfees"],"summary":"Calculate Vehicle Registration Fees","operationId":"vrFees","requestBody":{"$ref":"#/components/requestBodies/FeeRequest"},"responses":{"405":{"description":"Invalid input"}},"security":[{"feecomp_auth":["read:vrfees"]}]}}},"components":{"schemas":{"FeeRequest":{"type":"object","properties":{"id":{"type":"integer","format":"int64"}}},"FeeResponse":{"type":"object","properties":{"id":{"type":"integer","format":"int64"}}}},"requestBodies":{"FeeRequest":{"description":"Fee Request object","content":{"application/json":{"schema":{"$ref":"#/components/schemas/FeeRequest"}}},"required":true}},"securitySchemes":{"feecomp_auth":{"type":"oauth2","flows":{"implicit":{"authorizationUrl":"http://dmv.ca.gov/oauth/dialog","scopes":{"read:vrfees":"calculate vr fees"}}}},"api_key":{"type":"apiKey","name":"api_key","in":"header"}}}}