{"openapi":"3.0.0","info":{"title":"AlayaCare Services API","description":"**External IDs:**\n\nThe following terms are used to reference ids that identify resources in systems external to AlayaCare:\n- client_id\n- employee_id\n- service_id\n- funder_id\n- visit_id\n- facility_id\nExternal IDs are required to be unique.\nNo other assumptions are made regarding their format; they are treated as strings.\n\n**AlayaCare IDs:**\n\nThe following terms are used to reference ids that identify resources in AlayaCare:\n- alayacare_client_id\n- alayacare_employee_id\n- alayacare_service_id\n- alayacare_funder_id\n- alayacare_visit_id\n- alayacare_facility_id\n\n**Remarks**\n- All dates must be in ISO 8601 format with timezone data\n","version":"1.0.2"},"servers":[{"url":"https://homecare.alayacare.ca/ext/api/v2/scheduler"},{"url":"https://homecare.uat.alayacare.ca/ext/api/v2/scheduler"},{"url":"https://homecare.staging.alayacare.ca/ext/api/v2/scheduler"}],"security":[{"basicAuth":[]}],"paths":{"/profile/service":{"get":{"tags":["Profile"],"summary":"Get a list of service profile attributes","parameters":[{"name":"page","in":"query","description":"Filter by page number.","required":false,"style":"form","explode":true,"schema":{"type":"integer","default":1}},{"name":"count","in":"query","description":"Number of items per page.","required":false,"style":"form","explode":true,"schema":{"type":"integer","default":100}},{"name":"filter (partial search)","in":"query","description":"Substring search on profile tag and description values.\nEx: `name`\n","required":false,"style":"form","explode":true,"schema":{"type":"string"}}],"responses":{"200":{"$ref":"#/components/schemas/ProfileAttributeList"},"401":{"description":"Authorization required","content":{"application/json":{"schema":{"$ref":"#/components/schemas/ErrorResponse"},"example":{"code":401,"message":"Authorization required."}}}}}}},"/services":{"get":{"tags":["Services"],"summary":"Get list of services","description":"**Remarks**\n- `client_id` and `alayacare_client_id` are mutually exclusive, specifying both is an invalid request.\n- `employee_id` and `alayacare_employee_id` are mutually exclusive, specifying both is an invalid request.\n- `funder_id` and `external_funder_id` are mutually exclusive, specifying both is an invalid request.\n","parameters":[{"name":"client_id","in":"query","description":"Filter by external client ID\nExternal client ID is the client ID in the system of record.\nEx. CRM client identifier\n","required":false,"style":"form","explode":true,"schema":{"type":"string"}},{"name":"alayacare_client_id","in":"query","description":"Filter by AlayaCare client ID","required":false,"style":"form","explode":true,"schema":{"type":"string"}},{"name":"employee_id","in":"query","description":"Filter by external employee ID\nExternal employee ID is the employee ID in the system of record.\nEx. HR employee number\n","required":false,"style":"form","explode":true,"schema":{"type":"string"}},{"name":"alayacare_employee_id","in":"query","description":"Filter by AlayaCare employee ID","required":false,"style":"form","explode":true,"schema":{"type":"integer"}},{"name":"funder_id","in":"query","description":"Filter by external funder ID","required":false,"style":"form","explode":true,"schema":{"type":"string"}},{"name":"alayacare_funder_id","in":"query","description":"Filter AlayaCare funder ID","required":false,"style":"form","explode":true,"schema":{"type":"integer"}},{"name":"status","in":"query","description":"Filter by service status","required":false,"style":"form","explode":true,"schema":{"type":"string","default":"active","enum":["active","on_hold","waiting_list","discharged"]}},{"name":"alayacare_cost_centre_id","in":"query","description":"Filter by AlayaCare cost centre id","required":false,"style":"form","explode":true,"schema":{"type":"integer"}},{"name":"page","in":"query","description":"Filter by page number.","required":false,"style":"form","explode":true,"schema":{"type":"integer","default":1}},{"name":"count","in":"query","description":"Number of items per page.","required":false,"style":"form","explode":true,"schema":{"type":"integer","default":100}}],"responses":{"200":{"description":"A list of services","content":{"application/json":{"schema":{"$ref":"#/components/schemas/ServiceList"}}}},"400":{"description":"Invalid request","content":{"application/json":{"schema":{"$ref":"#/components/schemas/ErrorResponse"},"example":{"code":400,"message":"funder_id and alayacare_funder_id are mutually exclusive"}}}},"401":{"description":"Authorization required","content":{"application/json":{"schema":{"$ref":"#/components/schemas/ErrorResponse"},"example":{"code":401,"message":"Authorization required."}}}}}},"post":{"tags":["Services"],"summary":"Create a service","requestBody":{"description":"- Only the creation of a service with funding methodologies **single  funder** and **split funders** are permitted \n- Funder types are limited to: \n  - CCAC \n  - HCP  \n  - Funder individual \n  - Client individual \n- Mutually Exclusive fields (specifying both of the following fields  will create an invalid request): \n  - `client_id` and `alayacare_client_id` \n  - `employee_id` and `alayacare_employee_id` \n  - `service_code_id` and `service_code_name` \n- At least one field of the following tuples is required (Not specifying  one will create an invalid request) \n  - `client_id` or `alayacare_client_id`   \n  - `service_code_id` or `service_code_name` \n","content":{"application/json":{"schema":{"$ref":"#/components/schemas/ServiceCreateSchema"}}},"required":true},"responses":{"200":{"description":"Service successfully created","content":{"application/json":{"schema":{"$ref":"#/components/schemas/SuccessResponse"},"example":{"id":1,"external_id":"sor_service_external_id_1"}}}},"400":{"description":"Invalid request","content":{"application/json":{"schema":{"$ref":"#/components/schemas/ErrorResponse"},"example":{"code":400,"message":"Invalid request"}}}},"401":{"description":"Authorization required","content":{"application/json":{"schema":{"$ref":"#/components/schemas/ErrorResponse"},"example":{"code":401,"message":"Authorization required."}}}},"409":{"description":"Employee ID and external ID are mutually exclusive","content":{"application/json":{"schema":{"$ref":"#/components/schemas/ErrorResponse"},"example":{"code":409,"message":"primary_employee_id and primary_employee_external_id are mutually exclusive"}}}}}}},"/services/{alayacare_service_id}":{"get":{"tags":["Services"],"summary":"Get service details using AlayaCare ID","parameters":[{"name":"alayacare_service_id","in":"path","description":"AlayaCare service ID","required":true,"style":"simple","explode":false,"schema":{"type":"integer"}},{"name":"with_upcoming_statuses","in":"query","description":"The upcoming status and status dates of the service. If there is no upcoming status for the service, `[]` will be returned.","required":false,"style":"form","explode":true,"schema":{"type":"boolean"}}],"responses":{"200":{"description":"Service details","content":{"application/json":{"schema":{"$ref":"#/components/schemas/ServiceDetails"}}}},"401":{"description":"Invalid request","content":{"application/json":{"schema":{"$ref":"#/components/schemas/ErrorResponse"},"example":{"code":400,"message":"funder_id and alayacare_funder_id are mutually exclusive"}}}},"404":{"description":"Service not found","content":{"application/json":{"schema":{"$ref":"#/components/schemas/ErrorResponse"},"example":{"code":404,"message":"Service not found"}}}}}},"put":{"tags":["Services"],"summary":"Update service details using AlayaCare ID","description":"**Remarks**\n- Service status can't be updated.\n- `primary_employee_id` and `primary_employee_external_id` are mutually exclusive, specifying both is an invalid request.\n- The branch of the employee must match the branch of the client, incompatible branches are an invalid request.\n","parameters":[{"name":"alayacare_service_id","in":"path","description":"AlayaCare service ID","required":true,"style":"simple","explode":false,"schema":{"type":"integer"}},{"name":"with_upcoming_statuses","in":"query","description":"The upcoming status and status dates of the service. If there is no upcoming status for the service, `[]` will be returned.","required":false,"style":"form","explode":true,"schema":{"type":"boolean"}}],"requestBody":{"description":"Service data in JSON format","content":{"application/json":{"schema":{"$ref":"#/components/schemas/ServiceUpdate"}}},"required":true},"responses":{"200":{"description":"Service successfully updated","content":{"application/json":{"schema":{"$ref":"#/components/schemas/SuccessResponse"},"example":{"id":1,"external_id":"sor_service_external_id_1"}}}},"400":{"description":"Invalid request","content":{"application/json":{"schema":{"$ref":"#/components/schemas/ErrorResponse"},"example":{"code":400,"message":"Invalid request"}}}},"401":{"description":"Authorization required","content":{"application/json":{"schema":{"$ref":"#/components/schemas/ErrorResponse"},"example":{"code":401,"message":"Authorization required."}}}},"404":{"description":"Service not found","content":{"application/json":{"schema":{"$ref":"#/components/schemas/ErrorResponse"},"example":{"code":404,"message":"Service not found"}}}},"409":{"description":"Employee ID and external ID are mutually exclusive","content":{"application/json":{"schema":{"$ref":"#/components/schemas/ErrorResponse"},"example":{"code":409,"message":"primary_employee_id and primary_employee_external_id are mutually exclusive"}}}}}}},"/services/by_id/{service_id}":{"get":{"tags":["Services"],"summary":"Get service details using external ID","parameters":[{"name":"service_id","in":"path","description":"External service ID","required":true,"style":"simple","explode":false,"schema":{"type":"string"}},{"name":"with_upcoming_statuses","in":"query","description":"The upcoming status and status dates of the service. If there is no upcoming status for the service, `[]` will be returned.","required":false,"style":"form","explode":true,"schema":{"type":"boolean"}}],"responses":{"200":{"description":"Service details","content":{"application/json":{"schema":{"$ref":"#/components/schemas/ServiceDetails"}}}},"401":{"description":"Invalid request","content":{"application/json":{"schema":{"$ref":"#/components/schemas/ErrorResponse"},"example":{"code":400,"message":"funder_id and alayacare_funder_id are mutually exclusive"}}}},"404":{"description":"Service not found","content":{"application/json":{"schema":{"$ref":"#/components/schemas/ErrorResponse"},"example":{"code":404,"message":"Service not found"}}}}}},"put":{"tags":["Services"],"summary":"Update service details using external ID","description":"**Remarks**\n- Service status can't be updated.\n- primary_employee_id and primary_employee_external_id are mutually exclusive, specifying both is an invalid request.\n- The branch of the employee must match the branch of the client, incompatible branches are an invalid request.\n","parameters":[{"name":"service_id","in":"path","description":"External service ID","required":true,"style":"simple","explode":false,"schema":{"type":"string"}},{"name":"with_upcoming_statuses","in":"query","description":"The upcoming status and status dates of the service. If there is no upcoming status for the service, `[]` will be returned.","required":false,"style":"form","explode":true,"schema":{"type":"boolean"}}],"requestBody":{"description":"Service data in JSON format","content":{"application/json":{"schema":{"$ref":"#/components/schemas/ServiceUpdate"}}},"required":true},"responses":{"200":{"description":"Service successfully updated","content":{"application/json":{"schema":{"$ref":"#/components/schemas/SuccessResponse"},"example":{"id":1,"external_id":"sor_service_external_id_1"}}}},"400":{"description":"Invalid request","content":{"application/json":{"schema":{"$ref":"#/components/schemas/ErrorResponse"},"example":{"code":400,"message":"Invalid request"}}}},"401":{"description":"Authorization required","content":{"application/json":{"schema":{"$ref":"#/components/schemas/ErrorResponse"},"example":{"code":401,"message":"Authorization required."}}}},"404":{"description":"Service not found","content":{"application/json":{"schema":{"$ref":"#/components/schemas/ErrorResponse"},"example":{"code":404,"message":"Service not found"}}}},"409":{"description":"Employee ID and external ID are mutually exclusive","content":{"application/json":{"schema":{"$ref":"#/components/schemas/ErrorResponse"},"example":{"code":409,"message":"primary_employee_id and primary_employee_external_id are mutually exclusive"}}}}}}},"/service_codes":{"get":{"tags":["Service Codes"],"summary":"Get list of service codes","description":"Get a list of service codes\n- `client_id` and `alayacare_client_id` are mutually exclusive, specifying both is an invalid request.\n- `funder_id` and `alayacare_funder_id` are mutually exclusive, specifying both is an invalid request.\n-  Field `cliend_id` must be specified along with `funder_id`\n","parameters":[{"name":"client_id","in":"query","description":"Filter by client id","required":false,"style":"form","explode":true,"schema":{"type":"integer"}},{"name":"alayacare_client_id","in":"query","description":"Filter by external client id","required":false,"style":"form","explode":true,"schema":{"type":"string"}},{"name":"funder_id","in":"query","description":"Filter by funder id","required":false,"style":"form","explode":true,"schema":{"type":"integer"}},{"name":"alayacare_funder_id","in":"query","description":"Filter by external funder id","required":false,"style":"form","explode":true,"schema":{"type":"string"}},{"name":"page","in":"query","description":"Filter by page number.","required":false,"style":"form","explode":true,"schema":{"type":"integer","default":1}},{"name":"count","in":"query","description":"Number of items per page.","required":false,"style":"form","explode":true,"schema":{"type":"integer","default":100}},{"name":"branch_id","in":"query","description":"Filter by branch ID `(default: current user branch)`\n","required":false,"style":"form","explode":true,"schema":{"type":"integer"}}],"responses":{"200":{"description":"The list of service codes","content":{"application/json":{"schema":{"$ref":"#/components/schemas/ServiceCodeList"}}}},"400":{"description":"Mutually exclusive","content":{"application/json":{"schema":{"$ref":"#/components/schemas/ErrorResponse"},"example":{"code":400,"message":"client_id and alayacare_client_id are mutually exclusive"}}}},"401":{"description":"Authorization required","content":{"application/json":{"schema":{"$ref":"#/components/schemas/ErrorResponse"},"example":{"code":401,"message":"Authorization required."}}}}}}},"/services/tags":{"get":{"tags":["Service Tags"],"summary":"Get list of service tags","description":"Get a list of service tags\n","parameters":[{"name":"page","in":"query","description":"Filter by page number.","required":false,"style":"form","explode":true,"schema":{"type":"integer","default":1}},{"name":"count","in":"query","description":"Number of items per page.","required":false,"style":"form","explode":true,"schema":{"type":"integer","default":100}}],"responses":{"200":{"description":"The list of service tags","content":{"application/json":{"schema":{"$ref":"#/components/schemas/ServiceTagList"}}}},"401":{"description":"Authorization required","content":{"application/json":{"schema":{"$ref":"#/components/schemas/ErrorResponse"},"example":{"code":401,"message":"Authorization required."}}}}}}},"/services/forms":{"get":{"tags":["Service Forms"],"summary":"Get list of forms that can be attached to services","description":"Get a list of forms\n","parameters":[{"name":"name","in":"query","description":"Filter by the name of the form","required":false,"style":"form","explode":true,"schema":{"type":"string"}},{"name":"branch_id","in":"query","description":"Filter by the branch_id of the form","required":false,"style":"form","explode":true,"schema":{"type":"string"}},{"name":"page","in":"query","description":"Filter by page number.","required":false,"style":"form","explode":true,"schema":{"type":"integer","default":1}},{"name":"count","in":"query","description":"Number of items per page.","required":false,"style":"form","explode":true,"schema":{"type":"integer","default":100}}],"responses":{"200":{"description":"The list of forms","content":{"application/json":{"schema":{"$ref":"#/components/schemas/ServiceFormList"}}}},"401":{"description":"Authorization required","content":{"application/json":{"schema":{"$ref":"#/components/schemas/ErrorResponse"},"example":{"code":401,"message":"Authorization required."}}}}}}}},"components":{"schemas":{"Branch":{"type":"object","properties":{"id":{"type":"integer","description":"Branch ID","example":1000},"name":{"type":"string","description":"Branch name","example":"Toronto branch"}},"description":"AlayaCare branch"},"ClientDetails":{"required":["full_name","id"],"type":"object","properties":{"id":{"type":"integer","description":"AlayaCare client ID","example":1001},"external_id":{"type":"string","description":"External client ID","example":"sor_client_id_1","x-nullable":true},"profile_id":{"type":"integer","description":"AlayaCare client profile ID","example":7890},"full_name":{"type":"string","description":"Client full name","example":"John Smith"},"timezone":{"type":"string","description":"Time Zone name in IANA format (iana.org/time-zones)","example":"America/Toronto"}},"description":"Visit client details"},"EmployeeDetails":{"required":["full_name","id"],"type":"object","properties":{"id":{"type":"integer","description":"AlayaCare employee ID","example":1001},"external_id":{"type":"string","description":"External employee ID","example":"sor_employee_id_1","x-nullable":true},"profile_id":{"type":"integer","description":"AlayaCare client profile ID","example":7891},"full_name":{"type":"string","description":"Employee full name","example":"Jane Smith"},"email":{"type":"string","description":"Employee email","example":"employee_1@workplace.com"},"timezone":{"type":"string","description":"Time Zone name in IANA format (iana.org/time-zones)","example":"America/Toronto"}},"description":"Visit employee details","x-nullable":true},"SuccessResponse":{"required":["external_id","id"],"type":"object","properties":{"id":{"type":"integer","description":"AlayaCare ID","example":1001},"external_id":{"type":"string","description":"External ID","example":"entity_external_id"}},"description":"Success response."},"ErrorResponse":{"required":["code","message"],"type":"object","properties":{"code":{"type":"integer","description":"Response code","example":400},"message":{"type":"string","description":"Detailed error message","example":"Invalid request"}},"description":"Error response"},"ProfileAttribute":{"type":"object","properties":{"tag":{"type":"string","description":"Attribute key in the demographics object","example":"first_name"},"description":{"type":"string","description":"Attribute description as it shows in the web application","example":"First Name"}}},"ProfileAttributeList":{"properties":{"items":{"type":"array","items":{"$ref":"#/components/schemas/ProfileAttribute"}}},"description":"Paginated list of profile attributes","allOf":[{"$ref":"#/components/schemas/PaginatedList"}]},"ServiceStatus":{"type":"string","description":"Current service status.","enum":["active","on_hold","waiting_list","discharged"]},"UpcomingServiceStatus":{"type":"string","description":"Upcoming service status.","enum":["on_hold","waiting_list","discharged","active"]},"Service":{"required":["alayacare_service_id","service_name","service_status"],"type":"object","properties":{"alayacare_service_code_id":{"type":"integer","description":"AlayaCare service code ID","example":1},"alayacare_service_id":{"type":"integer","description":"AlayaCare service ID","example":1},"service_code_name":{"type":"string","description":"Service code defined for service","example":"OTVISIT"},"service_id":{"type":"string","description":"external service ID","example":"sor_service_id_1","x-nullable":true},"service_name":{"type":"string","description":"Name of client's service","example":"PSW Home Visit"},"service_start_date":{"type":"string","description":"Date where the service began","example":"2021-03-19"},"service_status":{"$ref":"#/components/schemas/ServiceStatus"},"service_reason":{"type":"string","description":"the reason corresponding to service status","example":"hospitalization"}}},"ServiceList":{"properties":{"items":{"type":"array","items":{"$ref":"#/components/schemas/Service"}}},"description":"Paginated list of services","allOf":[{"$ref":"#/components/schemas/PaginatedList"}]},"ServiceFunderDetails":{"required":["id","name"],"type":"object","properties":{"id":{"type":"integer","description":"AlayaCare funder ID","example":1},"external_id":{"type":"string","description":"External funder ID","example":"sor_funder_id_1","x-nullable":true},"name":{"type":"string","description":"Funder name","example":"Insurance Company"},"code":{"type":"string","description":"Funder code","example":"IC-1"},"organization":{"type":"string","description":"Organization","example":"Home Healthcare Agency"},"organization_code":{"type":"string","description":"Organization code","example":"HHC-0101"},"percentage":{"type":"integer","example":100},"billing_contact":{"$ref":"#/components/schemas/ServiceFunderBillingContact"}}},"ServiceFunderBillingContact":{"type":"object","properties":{"profile_id":{"type":"integer","description":"Billing contact profile ID","example":1},"name":{"type":"string","description":"Billing contact full name.","example":"Clark Kent"}},"x-nullable":true},"ServiceDetails":{"required":["alayacare_service_id","service_name","service_status"],"type":"object","properties":{"alayacare_service_code_id":{"type":"integer","description":"AlayaCare service code ID","example":1},"alayacare_service_id":{"type":"string","description":"Alaycare service ID","example":"347"},"cost_centre":{"$ref":"#/components/schemas/CostCentre"},"employee":{"$ref":"#/components/schemas/EmployeeDetails"},"funders":{"type":"array","items":{"$ref":"#/components/schemas/ServiceFunderDetails"}},"patient":{"$ref":"#/components/schemas/ClientDetails"},"profile":{"$ref":"#/components/schemas/ServiceProfile"},"provider_details":{"$ref":"#/components/schemas/ServiceProviderDetails"},"service_code_name":{"type":"string","description":"Service code defined for service.","example":"OTVISIT"},"service_id":{"type":"string","description":"External service ID","example":"347","x-nullable":true},"service_instructions":{"type":"string","description":"Service instructions","example":"Call in the morning to confirm each visit","x-nullable":true},"service_name":{"type":"string","description":"Name of client's service","example":"OT Home Visit"},"service_start_date":{"type":"string","description":"Date the service starts","example":"2021-03-19"},"service_status":{"$ref":"#/components/schemas/ServiceStatus"},"start_date":{"type":"string","description":"Service start datetime","example":"2018-01-01"},"status_end_date":{"type":"string","description":"The current service status end date","example":"2021-03-21T13:30:00+00:00"},"status_reason":{"type":"string","description":"The reason of the service status","example":"Hospitalized"},"status_start_date":{"type":"string","description":"The current service status date","example":"2021-03-19T13:30:00+00:00"},"use_client_address":{"type":"boolean","description":"whether or not to use the client address","example":true}}},"UpcomingStatusesList":{"required":["alayacare_service_id","service_name","service_status"],"type":"object","properties":{"status":{"$ref":"#/components/schemas/UpcomingServiceStatus"},"effective_date":{"type":"string","description":"The effective date of the upcoming status","example":"2021-05-10T13:30:00+00:0"},"end_date":{"type":"string","description":"The end date of the upcoming status","example":"2021-05-30T13:30:00+00:00"},"reason":{"type":"string","description":"The reason of the upcoming status","example":"Hospitalized"}}},"ServiceCode":{"type":"object","properties":{"id":{"type":"integer","description":"Service code id","example":1},"name":{"type":"string","description":"Service Code name","example":"SC1"},"branch":{"$ref":"#/components/schemas/Branch"}},"description":"Details of service codes"},"ServiceCodeList":{"properties":{"items":{"type":"array","items":{"$ref":"#/components/schemas/ServiceCode"}}},"description":"Paginated list of service codes","allOf":[{"$ref":"#/components/schemas/PaginatedList"}]},"ServiceTagList":{"properties":{"items":{"type":"array","example":["Diabetes service","Hospice care"],"items":{"type":"string"}}},"description":"Paginated list of service tags","allOf":[{"$ref":"#/components/schemas/PaginatedList"}]},"ServiceForm":{"type":"object","properties":{"branch":{"$ref":"#/components/schemas/Branch"},"id":{"type":"integer","description":"Service code id","example":1},"name":{"type":"string","description":"Service Code name","example":"SC1"},"status":{"type":"string","description":"service form status","example":"active"},"version":{"type":"string","description":"service form version","example":"1"}},"description":"Details of forms"},"ServiceFormList":{"properties":{"items":{"type":"array","items":{"$ref":"#/components/schemas/ServiceForm"}}},"description":"Paginated list of forms","allOf":[{"$ref":"#/components/schemas/PaginatedList"}]},"CostCentre":{"type":"object","properties":{"description":{"type":"string","description":"Cost centre description","example":"Montreal"},"id":{"type":"integer","description":"Cost centre ID","example":2},"number":{"type":"string","description":"Cost centre number for display in-app","example":"5555"},"status":{"type":"string","description":"Cost centre status","example":"enabled"}},"description":"Details of a cost centre","x-nullable":true},"ServiceProfile":{"type":"object","description":"Collection of key/value pairs where keys are existing attributes in the service profile, defined through the AlayaCare web application.\nOn the example below default profile keys for the service are used.\nExample profile attributes:\n+ `city`: string\n+ `state`: string\n+ `address`: string\n+ `country`: string\n+ `zip`: string\n+ `address_suite`: string\n+ `first_name`: string\n+ `last_name`: string\n+ `emergency_response_level`: string\n","example":{"city":"Montreal","state":"QC","address":"4200 Blvd. St.-Laurent","country":"Canada","zip":"H2W2R2","address_suite":800}},"ServiceProviderDetails":{"type":"object","properties":{"authorization_schedule_type_name":{"type":"string","description":"Summary of provider's authorization for service","example":"Patient is currently available for service"},"billing_code_1":{"type":"string","description":"Bill code for the service. Additional bill codes will result in incrementing keys.","example":"1000 - Home nursing visit"},"brn":{"type":"string","description":"Billing Reference Number of the service","example":"12345"},"client_guid":{"type":"string","description":"GUID of the client in funder's system of record","example":"11aaa11-22b2-c333-44d4-55555555e555"},"contract_code":{"type":"string","description":"Provider's CCAC contract code","example":"ALAYA-HOM-HME-V-NU"},"end_date_1":{"type":"string","description":"Service end date. Subsequent frequency updates will result in incrementing keys.","example":"2018-01-31"},"focus_intervention":{"type":"string","description":"Summary of focus of intervention","example":"Client requires nursing for wound care management."},"geographic_area":{"type":"string","description":"Geographic indicator of service area, e.g. postal code","example":"H4C"},"notification_notes":{"type":"string","description":"Provider notification notes","example":"Scheduled 4 weeks of care"},"offer_id":{"type":"string","description":"ID of the service offer","example":"12345"},"organization_code":{"type":"string","description":"Service provider's organization code","example":"10ALAYA"},"patient_available_date":{"type":"string","description":"Date patient is available for service","example":"2018-01-31"},"provider_assignment_id":{"type":"string","description":"ID of the service provider","example":"12345"},"quantity_of_service_1":{"type":"string","description":"Quantity of service based on units of service","example":"1.00"},"referral_caseload":{"type":"string","description":"Client's referral caseload","example":"ALAYA - MTL - Nursing"},"required_first_visit_date":{"type":"string","description":"First visit of the service must be scheduled on or before this date","example":"2018-01-31"},"service_assignment_id":{"type":"string","description":"Unique ID of the service","example":"11aaa11-22b2-c333-44d4-55555555e555"},"service_delivery_location_code":{"type":"string","description":"Code for service delivery location","example":"Home"},"service_delivery_type":{"type":"string","description":"Description of the type of service delivery","example":"Visit nursing home"},"service_plan_goals":{"type":"string","description":"Summary of service plan goals","example":"Client will receive wound care"},"service_type_code":{"type":"string","description":"Code for type of service","example":"Nursing"},"start_date_1":{"type":"string","description":"Service start date. Subsequent frequency updates will result in incrementing keys.","example":"2018-01-31"},"summary_1":{"type":"string","description":"Summary of scheduled service frequency. Subsequent frequency updates will result in incrementing keys.","example":"8.00 visit(s), starting 01-Jan-2018 and ending 31-Jan-2018"},"treatment_orders":{"type":"string","description":"Treatment orders","example":"Patient requires weekly deliveries of medical supplies"},"unit_of_service_1":{"type":"string","description":"Unit of service","example":"Visits"}},"description":"Collection of key/value pairs representing service details for the Service Provider.\nAll values are treated as strings.\nCorresponds to the \"Latest Referral Info\" section of the service on the AlayaCare web application.\n"},"ServiceCreateSchema":{"required":["client","funder","funding_methodology","name","service_code_id"],"allOf":[{"$ref":"#/components/schemas/ServiceSchema"},{"$ref":"#/components/schemas/ServiceRelationSchema"}]},"ServiceSchema":{"type":"object","properties":{"billable_rate":{"type":"number","description":"The billable rate for a Service","example":25},"service_id":{"type":"string","description":"The external id of this Service","example":"ext_id_44"},"name":{"type":"string","description":"The name of the Service","example":"Personal Care"},"client":{"type":"object","properties":{"alayacare_client_id":{"type":"integer","description":"The AlayaCare Client Id","example":1001},"client_id":{"type":"string","description":"The external Client Id","example":"sor_external_client_id"}}},"start_date":{"type":"string","description":"The start date of the Service (ISO8601)","example":"2020-01-01"},"projected_end_date":{"type":"string","description":"The projected end date of the Service (ISO8601)","example":"2021-01-31"},"notes":{"type":"string","description":"Notes associated with the Service","example":"Be kind"},"service_instructions":{"type":"string","description":"Instructions associated with the Service","example":"Please use buzz code 203"},"use_client_address":{"type":"boolean","description":"Whether or not the client address is used","example":false},"funder_details":{"type":"object","description":"Funder details accepted as a dictionary. All values must be strings."},"guid_funder_breakdowns":{"type":"array","description":"The Guid Funder Breakdowns for this Service","items":{"$ref":"#/components/schemas/GuidFunderBreakdownsSchema"}},"funding_methodology":{"type":"string","description":"The funding methodology for this Service","enum":["single_funder","split_funders"]},"service_code_name":{"type":"string","description":"The unique name of the Service's Service Code","example":"CODE"},"service_code_id":{"type":"integer","description":"The ID of the Service's Service Code","example":1},"employee":{"type":"object","properties":{"alayacare_employee_id":{"type":"integer","description":"The id of the Service's primary employee","example":101},"employee_id":{"type":"string","description":"The external id of the service's primary employee","example":"ext_employee_id_123"}},"description":"The fields 'employee_id' and 'alayacare_employee_id' are mutually exclusive, specifying both is an invalid request.\n"},"profile":{"$ref":"#/components/schemas/ServiceProfile"},"import_id":{"type":"string","description":"The import id for this Service","example":"IMPORT_ID_A"},"add_to_associated_employees":{"type":"boolean","description":"Whether or not to add the primary employee to the list of associated employees","example":true},"report_ids":{"type":"array","description":"List of Report IDs to be attached in the service. This field is only accepted if the feature flag Forms 2.0 is deactivated.","example":[1,2,3],"items":{"type":"integer","description":"Report ID"}},"form_ids":{"type":"array","description":"List of Form IDs to be attached in the service. This field is only accepted if the feature flag Forms 2.0 is activated.","example":[4,5,6],"items":{"type":"integer","description":"Form ID"}},"activity_code_ids":{"type":"array","description":"List of activity code IDs to be attached to the service.","example":[10,11,12],"items":{"type":"integer","description":"Activity codes IDs"}},"service_tags":{"type":"array","description":"List of service tags to be attached to the service.","example":["Diabetes service","Hospice care"],"items":{"type":"string","description":"Service tags"}},"cost_centre_id":{"type":"integer","description":"The ID of the cost centre of the service.","example":10}}},"GuidFunderBreakdownsSchema":{"type":"object","properties":{"id":{"type":"integer","description":"The id for the Guid Funder Breakdown","example":1},"contact_id":{"type":"integer","description":"The id of the billing contact\nThis field  is only accepted if the funder type sent is Client individual\n","example":10},"funder_id":{"type":"integer","description":"The id of the funder","example":1},"is_primary":{"type":"integer","description":"Whether or not this is the primary funder","example":1},"percentage":{"type":"integer","description":"The percentage paid by this funder","example":100}}},"ServiceRelationSchema":{"type":"object","properties":{"skills":{"type":"array","items":{"required":["id"],"type":"object","properties":{"id":{"type":"integer","description":"The id of a skill","example":5}}}}}},"ServiceUpdate":{"type":"object","properties":{"profile":{"$ref":"#/components/schemas/ServiceProfile"},"provider_details":{"$ref":"#/components/schemas/ServiceProviderDetails"},"service_id":{"type":"string","description":"External service id","example":"sor_external_service_id_1"},"service_instructions":{"type":"string","description":"Service instructions","example":"Call in the morning to confirm each visit","x-nullable":true},"primary_employee_id":{"type":"integer","description":"The ID of the primary employee assigned to the service","example":100,"x-nullable":true},"primary_employee_external_id":{"type":"string","description":"The external ID of the primary employee assigned to the service","example":"sor_employee_id_1","x-nullable":true}},"description":"AlayaCare service entity data for creation"},"PaginatedList":{"required":["count","items","page","total_pages"],"type":"object","properties":{"count":{"type":"integer","description":"Number of items in the response","example":1},"page":{"type":"integer","description":"Current page number","example":1},"total_pages":{"type":"integer","description":"Total number of pages availbale","example":1},"items":{"type":"array","items":{"type":"object"}}},"description":"Base model of all paginated lists"}},"responses":{"ErrorResponseAuthentication":{"description":"Authorization required","content":{"application/json":{"schema":{"$ref":"#/components/schemas/ErrorResponse"},"example":{"code":401,"message":"Authorization required."}}}},"ErrorResponseMutuallyExclusive":{"description":"Mutually exclusive","content":{"application/json":{"schema":{"$ref":"#/components/schemas/ErrorResponse"},"example":{"code":400,"message":"client_id and alayacare_client_id are mutually exclusive"}}}},"SuccessResponseUpdateService":{"description":"Service successfully updated","content":{"application/json":{"schema":{"$ref":"#/components/schemas/SuccessResponse"},"example":{"id":1,"external_id":"sor_service_external_id_1"}}}},"SuccessResponseCreationService":{"description":"Service successfully created","content":{"application/json":{"schema":{"$ref":"#/components/schemas/SuccessResponse"},"example":{"id":1,"external_id":"sor_service_external_id_1"}}}},"ErrorResponseServiceInvalidRequest":{"description":"Invalid request","content":{"application/json":{"schema":{"$ref":"#/components/schemas/ErrorResponse"},"example":{"code":400,"message":"funder_id and alayacare_funder_id are mutually exclusive"}}}},"ErrorResponseServiceNotFound":{"description":"Service not found","content":{"application/json":{"schema":{"$ref":"#/components/schemas/ErrorResponse"},"example":{"code":404,"message":"Service not found"}}}},"ErrorResponseServiceUpdateInvalidRequest":{"description":"Invalid request","content":{"application/json":{"schema":{"$ref":"#/components/schemas/ErrorResponse"},"example":{"code":400,"message":"Invalid request"}}}},"ErrorResponseServiceUpdateInvalidEmployeeIds":{"description":"Employee ID and external ID are mutually exclusive","content":{"application/json":{"schema":{"$ref":"#/components/schemas/ErrorResponse"},"example":{"code":409,"message":"primary_employee_id and primary_employee_external_id are mutually exclusive"}}}}},"parameters":{"page":{"name":"page","in":"query","description":"Filter by page number.","required":false,"style":"form","explode":true,"schema":{"type":"integer","default":1}},"count":{"name":"count","in":"query","description":"Number of items per page.","required":false,"style":"form","explode":true,"schema":{"type":"integer","default":100}},"branch_id":{"name":"branch_id","in":"query","description":"Filter by branch ID `(default: current user branch)`\n","required":false,"style":"form","explode":true,"schema":{"type":"integer"}},"client_id":{"name":"client_id","in":"query","description":"Filter by external client ID\nExternal client ID is the client ID in the system of record.\nEx. CRM client identifier\n","required":false,"style":"form","explode":true,"schema":{"type":"string"}},"alayacare_client_id":{"name":"alayacare_client_id","in":"query","description":"Filter by AlayaCare client ID","required":false,"style":"form","explode":true,"schema":{"type":"string"}},"employee_id":{"name":"employee_id","in":"query","description":"Filter by external employee ID\nExternal employee ID is the employee ID in the system of record.\nEx. HR employee number\n","required":false,"style":"form","explode":true,"schema":{"type":"string"}},"alayacare_employee_id":{"name":"alayacare_employee_id","in":"query","description":"Filter by AlayaCare employee ID","required":false,"style":"form","explode":true,"schema":{"type":"integer"}},"service_id":{"name":"service_id","in":"path","description":"External service ID","required":true,"style":"simple","explode":false,"schema":{"type":"string"}},"alayacare_service_id":{"name":"alayacare_service_id","in":"path","description":"AlayaCare service ID","required":true,"style":"simple","explode":false,"schema":{"type":"integer"}},"filter_partial_search":{"name":"filter (partial search)","in":"query","description":"Substring search on profile tag and description values.\nEx: `name`\n","required":false,"style":"form","explode":true,"schema":{"type":"string"}}},"securitySchemes":{"basicAuth":{"type":"http","scheme":"basic"}}}}