{"openapi":"3.0.0","info":{"title":"personsmartchoicetransaction","description":"The service is designed to fetch recent account transactions from legacy and alegeus system for smartchoice account.","contact":{"name":"Alight Api Support Mailbox","email":"alight.ApiSupport@alight.com"},"version":"1.0.0"},"servers":[{"url":"https://virtserver.swaggerhub.com/AlightSolutions1/personsmartchoicetransactions/1.0.0","description":"SwaggerHub API Auto Mocking"}],"paths":{"/personsmartchoicetransactions":{"get":{"tags":["Person smart choice transaction Account"],"summary":"Get Person smart choice transaction account View.","description":"Get recent account transactions from legacy and alegeus system for smartchoice account.","operationId":"personsmartchoicetransactions","parameters":[{"name":"alightPersonSessionToken","in":"header","description":"Person session token which gets created after making call to startSessionForPerson Api.","required":true,"style":"simple","explode":false,"schema":{"type":"string"}},{"name":"alightRequestHeader","in":"header","description":"Request header is a json which contains clientId,consumerReferenceId as mandatory fields.","required":true,"style":"simple","explode":false,"schema":{"type":"string"}},{"name":"ysaAccountType","in":"query","description":"This query paramter will filter the response based on the account type value provided. Default value is 'ALL'.","required":false,"style":"form","explode":true,"schema":{"type":"string"}},{"name":"rangeBeginDate","in":"query","description":"This query paramter will filter the response based on range begin date provided. Format should be 'CCYY-MM-DD'.","required":false,"style":"form","explode":true,"schema":{"type":"string","format":"date"}},{"name":"rangeEndDate","in":"query","description":"This query paramter will filter the response based on range end date provided. Format should be 'CCYY-MM-DD'.","required":false,"style":"form","explode":true,"schema":{"type":"string","format":"date"}},{"name":"countLimit","in":"query","description":"This query paramter will limit the number of transactions to populate.","required":false,"style":"form","explode":true,"schema":{"type":"string","format":"number"}},{"name":"platformType","in":"query","description":"This query paramter will fetch transaction based on platfrom type provided. If the value is not provided code will fetch data from alegeus and legacy system. Valid values are 'YSA','WCA' and 'ALL'. Default value is 'ALL'.","required":true,"style":"form","explode":true,"schema":{"type":"string"}},{"name":"alegeusAccountTypeCode","in":"query","description":"This query paramter will be used to filter transaction based on alegeusWealthCareAccountTypeCode.","required":false,"style":"form","explode":false,"schema":{"type":"array","items":{"type":"string"}},"examples":{"oneId":{"summary":"Example of one id","value":["HCRA"]},"multipleIds":{"summary":"Example of multiple id","value":["HCA1","HRA2","HLTH1"]}}}],"responses":{"200":{"description":"The request succeeded.","headers":{"alightPersonSessionToken":{"style":"simple","explode":false,"schema":{"type":"string"}},"alightResponseHeader":{"style":"simple","explode":false,"schema":{"type":"object"}}},"content":{"application/json":{"schema":{"$ref":"#/components/schemas/PersonSmartChoiceTransaction"}}}},"400":{"description":"Bad request."},"500":{"description":"Internal server error."},"204":{"description":"No content found."},"default":{"description":"Unexpected error."}}}},"/personsmartchoicetransactions/detail":{"get":{"tags":["Person smart choice transaction Account details"],"summary":"Get Person smart choice transaction account details View.","description":"Get recent account transactions details from legacy or alegeus system for smartchoice account.","operationId":"personsmartchoicetransactiondetail","parameters":[{"name":"alightPersonSessionToken","in":"header","description":"Person session token which gets created after making call to startSessionForPerson Api.","required":true,"style":"simple","explode":false,"schema":{"type":"string"}},{"name":"alightRequestHeader","in":"header","description":"Request header is a json which contains clientId,consumerReferenceId as mandatory fields.","required":true,"style":"simple","explode":false,"schema":{"type":"string"}},{"name":"transactionKey","in":"query","description":"This query paramter will fetch transaction details based on transaction Key provided.","required":true,"style":"form","explode":true,"schema":{"type":"string"}},{"name":"platformType","in":"query","description":"This query parameter will determine if the call has to be made to Alegeus or legacy YSA to fetch details.","required":true,"style":"form","explode":true,"schema":{"type":"string"}}],"responses":{"200":{"description":"The request succeeded.","headers":{"alightPersonSessionToken":{"style":"simple","explode":false,"schema":{"type":"string"}},"alightResponseHeader":{"style":"simple","explode":false,"schema":{"type":"object"}}},"content":{"application/json":{"schema":{"$ref":"#/components/schemas/personsmartchoicetransactiondetail"}}}},"400":{"description":"Bad request."},"500":{"description":"Internal server error."},"204":{"description":"No content found."},"default":{"description":"Unexpected error."}}}}},"components":{"schemas":{"PersonSmartChoiceTransaction":{"type":"object","properties":{"transactions":{"type":"array","description":"Contains data required for the Accounts activity transactions summary.","items":{"$ref":"#/components/schemas/Transaction"}}}},"Transaction":{"type":"object","properties":{"accountType":{"type":"string","description":"This field contains the account type for which the activity is incurred.","example":"HLTH"},"transactionDescription":{"type":"string","description":"This field contains the activity description.","example":"Employee Contributions"},"transactionAmount":{"type":"number","description":"This field contains transaction amount.","format":"double","example":200.12},"transactionDate":{"type":"string","description":"This field contains transaction date in format CCYY-MM-DD.","example":"2021-12-27"},"transactionStatus":{"type":"string","description":"This field contains the transaction status.","example":"Approved"},"transactionType":{"type":"string","description":"This field contains transaction type.","example":"claim"},"transactionId":{"type":"string","description":"This field contains transaction id ie claim ref number text from legacy and transaction-id from alegeus.","example":"20997812-01"},"platformType":{"type":"string","description":"This field contains platform for the transaction.","example":"WCA"},"alegeusAccountTypeCode":{"type":"string","description":"This field contains alegeus account type code.","example":"HLT1"},"alegeusAdjudicationReason":{"type":"string","description":"This field contains alegeus adjudication reason code for the claim.","example":"AA1"}}},"personsmartchoicetransactiondetail":{"type":"object","properties":{"platformType":{"type":"string","description":"This field represent from which platform deatils are fetched.","example":"WCA"},"claimDescription":{"type":"string","description":"This field contains the claim description.","example":"Eye examinations"},"planTypeCode":{"type":"string","description":"This field contains the plan type code. It will only be populated for legacy YSA transactions.","example":"HLTH"},"claimSubmissionDate":{"type":"string","description":"This field contains the date on which claim is submitted.Format is CCYY-MM-DD.","example":"2021-12-27T00:00:00.000+0000"},"requestedAmount":{"type":"number","description":"This field contains requested amount.","format":"double","example":200.12},"paidAmount":{"type":"number","description":"This field contains paid amount.","format":"double","example":200.12},"deniedAmount":{"type":"number","description":"This field contains denied amount.","format":"double","example":200.12},"pendingAmount":{"type":"number","description":"This field contains pending amount.","format":"double","example":200.12},"claimStatus":{"type":"string","description":"This field contains the claim status.","example":"Approved"},"paymentStatus":{"type":"string","description":"This field contains the payment status.","example":"Account transfer."},"serviceBeginDate":{"type":"string","description":"This field contains service begin date in format CCYY-MM-DD.","example":"2021-12-27T00:00:00.000+0000"},"serviceEndDate":{"type":"string","description":"This field contains service end date in format CCYY-MM-DD.","example":"2021-12-27T00:00:00.000+0000"},"expiryDate":{"type":"string","description":"This field contains the date on which claim will be expired.Format is CCYY-MM-DD. This will be only populated for legacy transactions.","example":"2021-12-27T00:00:00.000+0000"},"originalServiceBeginDate":{"type":"string","description":"This field contains original service begin  date in format CCYY-MM-DD.This will be only populated for legacy transactions.","example":"2021-12-27T00:00:00.000+0000"},"providerName":{"type":"string","description":"This field contains provider name.","example":"HealthEquity"},"payToProviderCode":{"type":"string","description":"This field represent if payment was made to Provider.","example":"Y"},"denialReason":{"type":"string","description":"This field represent the reason if claim is denied. It will only exist for WCA claims.","example":"Inaccurate document."},"excludedReason":{"type":"string","description":"This field represent the reason if claim is excluded. It will only exist for WCA claims.","example":"Inaccurate document."},"pendedReason":{"type":"string","description":"This field represent the reason if claim is pended. It will only exist for WCA claims.","example":"Inaccurate document."},"pendedComment":{"type":"string","description":"This field represent the comment if claim is pended. It will only exist for WCA claims.","example":"Inaccurate document."},"serviceCategoryCode":{"type":"string","description":"This field represent the service category code. It will only exist for WCA claims.","example":"8021.0"},"serviceCategoryName":{"type":"string","description":"This field represent the service category name. It will only exist for WCA claims.","example":"Dentists."},"transanctionType":{"type":"string","description":"This field represent the transanction Type. It will only exist for WCA claims.","example":"card."},"adjudicationReasons":{"type":"array","description":"Contains adjudication details.","items":{"$ref":"#/components/schemas/adjudicationReason"}},"claimPaymentstatuses":{"type":"array","description":"Contains data required for the claim payments status summary.","items":{"$ref":"#/components/schemas/claimPaymentstatuses"}}}},"adjudicationReason":{"type":"object","properties":{"adjudicationReason":{"type":"string","description":"This field contains the adjudication reason.","example":"Approved"},"adjudicationBeginDate":{"type":"string","description":"This field contains adjudication begin date in format CCYY-MM-DD.","example":"2021-12-27T00:00:00.000+0000"},"adjudicationPlanId":{"type":"string","description":"This field contains the adjudication plan id.","example":"HLTH"}}},"claimPaymentstatuses":{"type":"object","properties":{"claimPaymentDetailStatus":{"type":"string","description":"This field contains the claim payment detail status.","example":"PCIC"},"claimPaymentCategory":{"type":"string","description":"This field contains claim payment category.","example":"PC"},"claimCheckStatus":{"type":"string","description":"This field contains the claim check status.","example":"IC"},"chequeNumber":{"type":"string","description":"This field contains the claim cheque Number. This will only be published for WCA claims.","example":"2597886"},"reimbursementDate":{"type":"string","description":"This field contains the reimbursement Date in format of CCYY-MM-DD.","example":"2597886"},"claimPayments":{"type":"array","description":"Contains data required for the claim payments summary.","items":{"$ref":"#/components/schemas/claimPayments"}}}},"claimPayments":{"type":"object","properties":{"claimPaymentInternalId":{"type":"string","description":"This field contains the claim payment internal id.","example":"SAA_PMT_AT"},"claimPaymentGenericCode":{"type":"string","description":"This field contains the claim payment generic code.","example":"APR2"},"claimPaymentGenericText":{"type":"string","description":"This field contains the claim payment generic text.","example":"3.0"}}}}}}