{
  "openapi": "3.0.0",
  "info": {
    "title": "Direct Debits",
    "description": "APIs for the creation and management of Direct Debit instructions",
    "contact": {
      "email": "it@allpay.net"
    },
    "version": "1.0.0"
  },
  "servers": [
    {
      "url": "https://{API Host}/AllpayAPI/",
      "description": "Sandbox environment"
    },
    {
      "url": "https://{API Host}/AllpayAPI/",
      "description": "Production environment"
    }
  ],
  "security": [
    {
      "ApiKeyAuth": []
    },
    {
      "BearerTokenAuth": []
    }
  ],
  "paths": {
    "/Customers/{schemeCode}/Mandates/Create": {
      "post": {
        "description": "Create a mandate",
        "parameters": [
          {
            "name": "schemeCode",
            "in": "path",
            "required": true,
            "style": "simple",
            "explode": false,
            "schema": {
              "$ref": "#/components/schemas/SchemeCode"
            }
          },
          {
            "name": "User-Agent",
            "in": "header",
            "required": true,
            "style": "simple",
            "explode": false,
            "schema": {
              "type": "string",
              "description": "The User Agent making the request",
              "example": "Mozilla/5.0 (Windows NT 10.0; Win64; x64) AppleWebKit/537.36 (KHTML, like Gecko) Chrome/42.0.2311.135 Safari/537.36 Edge/12.246"
            }
          }
        ],
        "requestBody": {
          "content": {
            "application/json": {
              "schema": {
                "$ref": "#/components/schemas/CreateMandateRequest"
              }
            }
          }
        },
        "responses": {
          "200": {
            "description": "Accepted",
            "content": {
              "application/json": {
                "schema": {
                  "$ref": "#/components/schemas/inline_response_200"
                }
              }
            }
          },
          "400": {
            "description": "Bad Request"
          },
          "401": {
            "description": "Unauthorized"
          },
          "404": {
            "description": "Resource Not Found"
          },
          "503": {
            "description": "Service Unavailable"
          }
        }
      }
    },
    "/Customers/{schemeCode}/{encodedClientReference}/{encodedLastName}": {
      "get": {
        "description": "Retrieve customer account details",
        "parameters": [
          {
            "name": "schemeCode",
            "in": "path",
            "required": true,
            "style": "simple",
            "explode": false,
            "schema": {
              "$ref": "#/components/schemas/SchemeCode"
            }
          },
          {
            "name": "encodedClientReference",
            "in": "path",
            "required": true,
            "style": "simple",
            "explode": false,
            "schema": {
              "$ref": "#/components/schemas/EncodedClientReference"
            }
          },
          {
            "name": "encodedLastName",
            "in": "path",
            "required": true,
            "style": "simple",
            "explode": false,
            "schema": {
              "$ref": "#/components/schemas/EncodedLastName"
            }
          },
          {
            "name": "User-Agent",
            "in": "header",
            "required": true,
            "style": "simple",
            "explode": false,
            "schema": {
              "type": "string",
              "description": "The User Agent making the request",
              "example": "Mozilla/5.0 (Windows NT 10.0; Win64; x64) AppleWebKit/537.36 (KHTML, like Gecko) Chrome/42.0.2311.135 Safari/537.36 Edge/12.246"
            }
          }
        ],
        "responses": {
          "200": {
            "description": "Accepted",
            "content": {
              "application/json": {
                "schema": {
                  "$ref": "#/components/schemas/inline_response_200_1"
                }
              }
            }
          },
          "400": {
            "description": "Bad Request"
          },
          "401": {
            "description": "Unauthorized"
          },
          "404": {
            "description": "Resource Not Found"
          },
          "503": {
            "description": "Service Unavailable"
          }
        }
      }
    },
    "/Customers/{schemeCode}/{encodedClientReference}/{encodedLastName}/BankAccounts": {
      "get": {
        "description": "Retrieve customer bank account details",
        "parameters": [
          {
            "name": "schemeCode",
            "in": "path",
            "required": true,
            "style": "simple",
            "explode": false,
            "schema": {
              "$ref": "#/components/schemas/SchemeCode"
            }
          },
          {
            "name": "encodedClientReference",
            "in": "path",
            "required": true,
            "style": "simple",
            "explode": false,
            "schema": {
              "$ref": "#/components/schemas/EncodedClientReference"
            }
          },
          {
            "name": "encodedLastName",
            "in": "path",
            "required": true,
            "style": "simple",
            "explode": false,
            "schema": {
              "$ref": "#/components/schemas/EncodedLastName"
            }
          },
          {
            "name": "User-Agent",
            "in": "header",
            "required": true,
            "style": "simple",
            "explode": false,
            "schema": {
              "type": "string",
              "description": "The User Agent making the request",
              "example": "Mozilla/5.0 (Windows NT 10.0; Win64; x64) AppleWebKit/537.36 (KHTML, like Gecko) Chrome/42.0.2311.135 Safari/537.36 Edge/12.246"
            }
          }
        ],
        "responses": {
          "200": {
            "description": "Accepted",
            "content": {
              "application/json": {
                "schema": {
                  "$ref": "#/components/schemas/inline_response_200_2"
                }
              }
            }
          },
          "400": {
            "description": "Bad Request"
          },
          "401": {
            "description": "Unauthorized"
          },
          "404": {
            "description": "Resource Not Found"
          },
          "503": {
            "description": "Service Unavailable"
          }
        }
      }
    },
    "/Customers/{schemeCode}/{encodedClientReference}/Mandates": {
      "get": {
        "description": "Retrieve mandate information via Direct Debit reference",
        "parameters": [
          {
            "name": "schemeCode",
            "in": "path",
            "required": true,
            "style": "simple",
            "explode": false,
            "schema": {
              "$ref": "#/components/schemas/SchemeCode"
            }
          },
          {
            "name": "encodedClientReference",
            "in": "path",
            "required": true,
            "style": "simple",
            "explode": false,
            "schema": {
              "$ref": "#/components/schemas/EncodedClientReference"
            }
          },
          {
            "name": "encodedLastName",
            "in": "path",
            "required": true,
            "style": "simple",
            "explode": false,
            "schema": {
              "$ref": "#/components/schemas/EncodedLastName"
            }
          },
          {
            "name": "User-Agent",
            "in": "header",
            "required": true,
            "style": "simple",
            "explode": false,
            "schema": {
              "type": "string",
              "description": "The User Agent making the request",
              "example": "Mozilla/5.0 (Windows NT 10.0; Win64; x64) AppleWebKit/537.36 (KHTML, like Gecko) Chrome/42.0.2311.135 Safari/537.36 Edge/12.246"
            }
          }
        ],
        "responses": {
          "200": {
            "description": "Accepted",
            "content": {
              "application/json": {
                "schema": {
                  "$ref": "#/components/schemas/inline_response_200_3"
                }
              }
            }
          },
          "400": {
            "description": "Bad Request"
          },
          "401": {
            "description": "Unauthorized"
          },
          "404": {
            "description": "Resource Not Found"
          },
          "503": {
            "description": "Service Unavailable"
          }
        }
      },
      "delete": {
        "description": "Removes the future closure date from a mandate",
        "parameters": [
          {
            "name": "schemeCode",
            "in": "path",
            "required": true,
            "style": "simple",
            "explode": false,
            "schema": {
              "$ref": "#/components/schemas/SchemeCode"
            }
          },
          {
            "name": "encodedClientReference",
            "in": "path",
            "required": true,
            "style": "simple",
            "explode": false,
            "schema": {
              "$ref": "#/components/schemas/EncodedClientReference"
            }
          },
          {
            "name": "encodedLastName",
            "in": "path",
            "required": true,
            "style": "simple",
            "explode": false,
            "schema": {
              "$ref": "#/components/schemas/EncodedLastName"
            }
          },
          {
            "name": "User-Agent",
            "in": "header",
            "required": true,
            "style": "simple",
            "explode": false,
            "schema": {
              "type": "string",
              "description": "The User Agent making the request",
              "example": "Mozilla/5.0 (Windows NT 10.0; Win64; x64) AppleWebKit/537.36 (KHTML, like Gecko) Chrome/42.0.2311.135 Safari/537.36 Edge/12.246"
            }
          }
        ],
        "responses": {
          "200": {
            "description": "Accepted"
          },
          "400": {
            "description": "Bad Request"
          },
          "401": {
            "description": "Unauthorized"
          },
          "404": {
            "description": "Resource Not Found"
          },
          "503": {
            "description": "Service Unavailable"
          }
        }
      }
    },
    "/Customers/{schemeCode}/{encodedClientReference}/Mandates/{date}": {
      "delete": {
        "description": "Closes a mandate",
        "parameters": [
          {
            "name": "schemeCode",
            "in": "path",
            "required": true,
            "style": "simple",
            "explode": false,
            "schema": {
              "$ref": "#/components/schemas/SchemeCode"
            }
          },
          {
            "name": "encodedClientReference",
            "in": "path",
            "required": true,
            "style": "simple",
            "explode": false,
            "schema": {
              "$ref": "#/components/schemas/EncodedClientReference"
            }
          },
          {
            "name": "encodedLastName",
            "in": "path",
            "required": true,
            "style": "simple",
            "explode": false,
            "schema": {
              "$ref": "#/components/schemas/EncodedLastName"
            }
          },
          {
            "name": "date",
            "in": "path",
            "description": "The closure date for a mandate",
            "required": true,
            "style": "simple",
            "explode": false,
            "schema": {
              "type": "string",
              "format": "date"
            }
          },
          {
            "name": "User-Agent",
            "in": "header",
            "required": true,
            "style": "simple",
            "explode": false,
            "schema": {
              "type": "string",
              "description": "The User Agent making the request",
              "example": "Mozilla/5.0 (Windows NT 10.0; Win64; x64) AppleWebKit/537.36 (KHTML, like Gecko) Chrome/42.0.2311.135 Safari/537.36 Edge/12.246"
            }
          }
        ],
        "responses": {
          "200": {
            "description": "Accepted"
          },
          "400": {
            "description": "Bad Request"
          },
          "401": {
            "description": "Unauthorized"
          },
          "404": {
            "description": "Resource Not Found"
          },
          "503": {
            "description": "Service Unavailable"
          }
        }
      }
    },
    "/Customers/{schemeCode}/{encodedClientReference}/Mandates/PaymentHistory": {
      "get": {
        "description": "Retrieve payment history via Direct Debit reference",
        "parameters": [
          {
            "name": "schemeCode",
            "in": "path",
            "required": true,
            "style": "simple",
            "explode": false,
            "schema": {
              "$ref": "#/components/schemas/SchemeCode"
            }
          },
          {
            "name": "encodedClientReference",
            "in": "path",
            "required": true,
            "style": "simple",
            "explode": false,
            "schema": {
              "$ref": "#/components/schemas/EncodedClientReference"
            }
          },
          {
            "name": "encodedLastName",
            "in": "path",
            "required": true,
            "style": "simple",
            "explode": false,
            "schema": {
              "$ref": "#/components/schemas/EncodedLastName"
            }
          },
          {
            "name": "User-Agent",
            "in": "header",
            "required": true,
            "style": "simple",
            "explode": false,
            "schema": {
              "type": "string",
              "description": "The User Agent making the request",
              "example": "Mozilla/5.0 (Windows NT 10.0; Win64; x64) AppleWebKit/537.36 (KHTML, like Gecko) Chrome/42.0.2311.135 Safari/537.36 Edge/12.246"
            }
          }
        ],
        "responses": {
          "200": {
            "description": "Accepted",
            "content": {
              "application/json": {
                "schema": {
                  "$ref": "#/components/schemas/inline_response_200_4"
                }
              }
            }
          },
          "400": {
            "description": "Bad Request"
          },
          "401": {
            "description": "Unauthorized"
          },
          "404": {
            "description": "Resource Not Found"
          },
          "503": {
            "description": "Service Unavailable"
          }
        }
      }
    }
  },
  "components": {
    "schemas": {
      "Address": {
        "type": "object",
        "properties": {
          "Line1": {
            "type": "string",
            "description": "Line 1 of the address",
            "example": "FLAT 1"
          },
          "Line2": {
            "type": "string",
            "description": "Line 2 of the address",
            "example": "HIGH TOWN"
          },
          "Town": {
            "type": "string",
            "description": "The town of the address",
            "example": "ANYTOWN"
          },
          "County": {
            "type": "string",
            "description": "Thecounty of the address",
            "example": "ANYCOUNTY"
          },
          "PostCode": {
            "type": "string",
            "description": "The Post Code of the address",
            "example": "EC1A 1AA"
          }
        }
      },
      "BankDetails": {
        "type": "object",
        "properties": {
          "AccountName": {
            "type": "string",
            "description": "The name of the account holder",
            "example": "Jones"
          },
          "SortCode": {
            "type": "string",
            "description": "The Sort Code of the Account",
            "example": "123456"
          },
          "AccountNumber": {
            "type": "string",
            "description": "The Account Number of the Account",
            "example": "12345678"
          }
        }
      },
      "ClientReference": {
        "maxLength": 9,
        "minLength": 9,
        "type": "string",
        "description": "Unique identifier for the client",
        "example": "ALPD12345"
      },
      "CreateMandateRequest": {
        "$ref": "#/components/schemas/Mandate"
      },
      "EncodedClientReference": {
        "type": "string",
        "description": "Base-64 encoded unique identifier for the client",
        "example": "QUxQRDEyMzQ1"
      },
      "EncodedLastName": {
        "type": "string",
        "description": "Base-64 encoded unique identifier for the mandate-holder's last name",
        "example": "U21pdGg="
      },
      "LastName": {
        "type": "string",
        "description": "The last name of the mandate creator",
        "example": "Smith"
      },
      "Mandate": {
        "type": "object",
        "properties": {
          "Customer": {
            "allOf": [
              {
                "$ref": "#/components/schemas/Person"
              },
              {
                "$ref": "#/components/schemas/Address"
              }
            ]
          },
          "Schedules": {
            "type": "array",
            "items": {
              "$ref": "#/components/schemas/Schedule"
            }
          },
          "BankAccount": {
            "$ref": "#/components/schemas/Mandate_BankAccount"
          }
        }
      },
      "MandateState": {
        "type": "string",
        "description": "The state of the mandate",
        "example": "open",
        "enum": [
          "open",
          "cancelled",
          "submitted",
          "transferred"
        ]
      },
      "MandateWithState": {
        "type": "object",
        "properties": {
          "Mandate": {
            "$ref": "#/components/schemas/Mandate"
          },
          "MandateState": {
            "$ref": "#/components/schemas/MandateState"
          }
        }
      },
      "Payment": {
        "type": "object",
        "properties": {
          "Date": {
            "type": "string",
            "description": "The date of the payment",
            "format": "date"
          },
          "Amount": {
            "type": "number",
            "description": "Payment amount in pence",
            "example": 10000
          }
        },
        "description": "Representation of a payment"
      },
      "Person": {
        "type": "object",
        "properties": {
          "TitleInitials": {
            "type": "string",
            "description": "Title and initials for the customer",
            "example": "MR J"
          },
          "LastName": {
            "type": "string",
            "description": "Last name for the customer",
            "example": "Smith"
          }
        }
      },
      "Schedule": {
        "type": "object",
        "properties": {
          "ScheduleDate": {
            "type": "string",
            "description": "The date on which the schedule is to be invoked",
            "format": "date"
          },
          "Amount": {
            "type": "number",
            "description": "The amount of the schedule, in pence",
            "example": 1111
          },
          "Frequency": {
            "type": "number",
            "description": "The frequency of the schedule",
            "example": 1
          },
          "TotalPayments": {
            "type": "number",
            "description": "The number of payments to be taken",
            "example": 1
          }
        }
      },
      "SchemeCode": {
        "maxLength": 4,
        "minLength": 4,
        "type": "string",
        "description": "The scheme code related to the request",
        "example": "ALPD"
      },
      "inline_response_200": {
        "type": "object",
        "properties": {
          "SchemeCode": {
            "$ref": "#/components/schemas/SchemeCode"
          },
          "ClientReference": {
            "$ref": "#/components/schemas/ClientReference"
          },
          "LastName": {
            "$ref": "#/components/schemas/LastName"
          }
        }
      },
      "inline_response_200_1": {
        "type": "object",
        "properties": {
          "Address": {
            "allOf": [
              {
                "$ref": "#/components/schemas/Address"
              },
              {
                "$ref": "#/components/schemas/Person"
              }
            ]
          },
          "SchemeCode": {
            "$ref": "#/components/schemas/SchemeCode"
          },
          "ClientReference": {
            "$ref": "#/components/schemas/ClientReference"
          },
          "LastName": {
            "$ref": "#/components/schemas/LastName"
          }
        }
      },
      "inline_response_200_2": {
        "type": "object",
        "properties": {
          "Address": {
            "allOf": [
              {
                "$ref": "#/components/schemas/Address"
              },
              {
                "$ref": "#/components/schemas/Person"
              }
            ]
          },
          "BankDetails": {
            "$ref": "#/components/schemas/BankDetails"
          },
          "MandateState": {
            "$ref": "#/components/schemas/MandateState"
          }
        }
      },
      "inline_response_200_3": {
        "type": "object",
        "properties": {
          "TotalRecords": {
            "type": "number",
            "description": "The number of records retrieved",
            "example": 1
          },
          "Mandates": {
            "type": "array",
            "items": {
              "$ref": "#/components/schemas/MandateWithState"
            }
          }
        }
      },
      "inline_response_200_4": {
        "type": "object",
        "properties": {
          "TotalRecords": {
            "type": "number",
            "description": "The number of records retrieved",
            "example": 1
          },
          "Payments": {
            "type": "array",
            "items": {
              "$ref": "#/components/schemas/Payment"
            }
          },
          "SchemeCode": {
            "$ref": "#/components/schemas/SchemeCode"
          },
          "ClientReference": {
            "$ref": "#/components/schemas/ClientReference"
          },
          "LastName": {
            "$ref": "#/components/schemas/LastName"
          }
        }
      },
      "Mandate_BankAccount": {
        "type": "object",
        "properties": {
          "BankDetails": {
            "$ref": "#/components/schemas/BankDetails"
          },
          "Address": {
            "allOf": [
              {
                "$ref": "#/components/schemas/Person"
              },
              {
                "$ref": "#/components/schemas/Address"
              }
            ]
          }
        }
      }
    },
    "parameters": {
      "dateParam": {
        "name": "date",
        "in": "path",
        "description": "The closure date for a mandate",
        "required": true,
        "style": "simple",
        "explode": false,
        "schema": {
          "type": "string",
          "format": "date"
        }
      },
      "encodedClientReferenceParam": {
        "name": "encodedClientReference",
        "in": "path",
        "required": true,
        "style": "simple",
        "explode": false,
        "schema": {
          "$ref": "#/components/schemas/EncodedClientReference"
        }
      },
      "encodedLastNameParam": {
        "name": "encodedLastName",
        "in": "path",
        "required": true,
        "style": "simple",
        "explode": false,
        "schema": {
          "$ref": "#/components/schemas/EncodedLastName"
        }
      },
      "schemeCodeParam": {
        "name": "schemeCode",
        "in": "path",
        "required": true,
        "style": "simple",
        "explode": false,
        "schema": {
          "$ref": "#/components/schemas/SchemeCode"
        }
      },
      "userAgentParam": {
        "name": "User-Agent",
        "in": "header",
        "required": true,
        "style": "simple",
        "explode": false,
        "schema": {
          "type": "string",
          "description": "The User Agent making the request",
          "example": "Mozilla/5.0 (Windows NT 10.0; Win64; x64) AppleWebKit/537.36 (KHTML, like Gecko) Chrome/42.0.2311.135 Safari/537.36 Edge/12.246"
        }
      }
    },
    "securitySchemes": {
      "ApiKeyAuth": {
        "type": "apiKey",
        "name": "Ocp-Apim-Subscription-Key",
        "in": "header"
      },
      "BearerTokenAuth": {
        "type": "http",
        "scheme": "bearer",
        "bearerFormat": "string"
      }
    }
  }
}