{"openapi":"3.0.0","info":{"title":"My Company API","description":"Esta API permite obtener información de lo empleados","termsOfService":"http:localhost/terms","contact":{"name":"Alvaro","url":"http://www.alvaro.com","email":"alvaro.ruiz.navarroo@gmail.com"},"license":{"name":"Apache 2.0","url":"http://www.apache.org/licenses/LICENSE-2.0.html"},"version":"1.0.0"},"servers":[{"url":"http://www.google.com/api","description":"Google Server"},{"url":"http://www.facebook.com/api","description":"Facebook Server"},{"url":"https://virtserver.swaggerhub.com/alvaroruizzz/MyCompanyAPI/1.0.0","description":"SwaggerHub API Auto Mocking"}],"paths":{"/employees":{"get":{"description":"Permite obtener lista de empleados segun los parametros o condiciones","parameters":[{"name":"id","in":"query","description":"Codigo del empleado","required":true,"style":"form","explode":true,"schema":{"type":"number","example":465}},{"name":"sueldo","in":"query","description":"Sueldo del empleado","required":false,"style":"form","explode":true,"schema":{"type":"number","example":2E+3}}],"responses":{"200":{"description":"Succesful request","content":{"application/json":{"schema":{"type":"array","items":{"properties":{"id":{"type":"integer","example":465},"nombre":{"type":"string","example":"Alvaro Ruiz"},"sueldo":{"type":"number","format":"float","example":2E+4}}}}}}},"404":{"description":"Request not found","content":{"application/json":{"schema":{"type":"string","example":"{\"message\":\"Error 404. Page or Request not found\"}"}}}}}},"post":{"description":"Permite crear usuarios en la base de datos","parameters":[{"name":"employee","in":"query","description":"Crear un nuevo empleado en la base de datos","required":false,"style":"form","explode":true,"schema":{"type":"object","properties":{"nombre":{"type":"string","description":"Primer nombre","example":"Alvaro"},"id":{"type":"number","description":"ID del empleado","example":321},"email":{"type":"string","description":"Correo electronico del empleado","example":"alvaro@gmail.com"}}}}],"responses":{"200":{"description":"Successfull request","content":{"application/json":{"schema":{"type":"string","example":"ok"}},"application/xml":{"schema":{"type":"string","example":"ok"}}}}}}},"/employes/{id}":{"get":{"description":"Obtener información de un empleado ingresando su ID","parameters":[{"name":"id","in":"path","description":"Codigo del empleado","required":true,"style":"simple","explode":false,"schema":{"type":"number","example":465}}],"responses":{"200":{"description":"Succesful request","content":{"application/json":{"schema":{"type":"string","example":"Alvaro Ruiz"}}}}}}}}}