{"openapi":"3.0.0","info":{"title":"VirtualPOS Integración API","description":"La siguiente documentación especifica la API REST para integración de comercios con VirtualPOS.\nLas operaciones permitirán realizar transacciones financieras de pago con todos los medios de pago disponibles.\n\nRequisitos preliminares para integrarse:\n\n1.  El comercio debe tener un convenio activo con VirtualPOS\n2.  Contar con una secret_key activa y válida para utilizar la API.\n3.  Contar con una plataforma de software que implemente el estándar JWT (RFC 7519)\n\nPara consultas técnicas asociada la integración deb en ser enviadas a soporte@virtualpos.cl\n\n**Breve explicación del modelo de integración**\n\nEl comercio deberá iniciar una transacción y seguir los siguientes pasos:\n\n1.  **Iniciar una transacción VirtualPOS.**\n    El inicio de la transacción se realiza a través del método de la API **/payment/request** esta operación creará una orden de recaudación en estado “pendiente” en VirtualPOS con toda la información necesaria para gestionar su autorización a través de los medios de pago disponibles (WebpayPlus, Onepay, Khipu, MACH, Chek, HitesPay, etc.). Transcurridos 5 días seguidos en estado “pendiente” la orden de recaudación pasará a estado “expirada”, impidiendo su pago.\n2.  **Redireccionamiento.** \n  El redireccionamiento permite al pagador visualizar los medios de pago en su navegador Web. Se mostrarán únicamente los medios de pago contratados por el establecimiento. El usuario pagador debe ser redirigido a la URL **“url_redirect”** entregada como resultado del método API **/payment/request**.\n  \n    De forma alternativa, para medios de pago que soporten QR (Onepay, MACH, Chek, etc.), es posible desplegar directamente el código QR en la solución de software del comercio, ejemplo sistema de caja, aplicación móvil, voucher impreso, etc. de tal forma que el usuario pagado escanee y acepte directamente el pago en su App, mejorando así la experiencia de compra.\n  \n  3.  **Recepcionar y validar resultado de transacción.** Para pagos direccionados al checkout de virtualPOS, una vez resuelta la autorización financiera del pago se redireccionará a la página de solución del comercio, enviado el parámetro **“uuid”** a través del verbo HTTP/POST. Al momento de recepcionar el “uuid” se deberá ejecutar la operación **/payment/getstatus** para conocer el estado y resultado de la transacción.  El estado “pendiente”,  indica que aún no se ha obtenido autorización financiera. El estado **\"pagado\"** indica que el pago ya se encuentra autorizado y el comercio podrá entregar el producto o servicio a su cliente.\n  4.  **Webhook de notificación**. Con el objetivo de garantizar que el comercio reciba la respuesta por parte de VirtualPOS, es posible incorporar en el inicio de la transaccion la url de un Webhook (parámetro callback_url) que deberá implementar el comercio para recepcionar la notificacion asíncrona. Si el cliente pagador pierde conexión o cierra su navegador web, el resultado de la transacción podrá ser recuperado a través de la notificación enviada al webhook. Esta notificación siempre se enviará independientemente de si el flujo de páginas en el navegador del cliente termina de forma exitosa o no. La notificación se realiza a través de una llamada **POST** al **callback_url** con el parámetro uuid de la transacción, posterior a eso el comercio deberá consultar el estado de la transacción invocando el método **getstatus**, y si es necesario, actualizar el estado del pago en sus sistemas.\n  \nPara pagos directos con QR, es necesario una vez desplegado el QR consultar de forma periódica el estado de la transacción. Se recomienda consultar cada 5 segundos por un periodo total de 1 minuto.\n\nEs requisito almacenar por al menos 1 año la información del pago autorizado entregada en la consulta del estado (uuid de la transacción, fecha de autorización, monto, código de autorización, cantidad de cuotas, monto de cada cuota)\n\nDependiendo del resultado de la transacción, el comercio debe desplegar un mensaje al usuario pagador de éxito o fracaso. En caso de fracaso se debe permitir reintentar el pago a través del mismo “uuid” de transacción.      \n  \n  **Firma de operaciones de la API**  \n  \n  Para integrarse con VirtualPOS es necesario firmar el mensaje con la secret_key asociada a la cuenta VirtualPOS, con el fin de se garantizar que ninguno de los valores enviados sean alterados en el tránsito del mensaje.\n  \n  En el siguiente recuadro se ejemplifica, en lenguaje PHP, el código necesario para la firma del mensaje utilizando la secret key de su cuenta virtualpos y la invocación de la API.\n  \n  En este ejemplo, asociado al método getstatus requiere 1 parámetro:\n\n  1.  uuid\n\n  Una vez generada la firma, esta debe ser incluida en el listado de parámetros del objeto JSON como un parámetro más (“signature”).\n\n  En el header es necesario incluir el parámetro “Authorization” con valor de la api key del Comercio.\n  \n<!--\ntitle: \"PHP\"\nlineNumbers: true\n-->\n\n```\n$token_payload = array();\n$token_payload['uuid'] = $uuid;\n\n    \n$jwt = JWT::encode($token_payload, $secret_key);\n$client = new Client([\n                        'headers' => [ \n                        'Content-Type' => 'application/json' ,\n                        'Authorization'=>$api_key ]\n                        ]);\n                        \n$response = $client->post( $endpoint , [\n    'json' => [\n        'uuid' => $uuid,\n        'signature' => $jwt\n            ]\n        ]);                    \n\n$response_decode = json_decode($response->getBody()->getContents());\n\n```\n","version":"3.0.0"},"servers":[{"url":"https://virtserver.swaggerhub.com/AndesTecnologia/VirtualPOS/3.0.0","description":"SwaggerHub API Auto Mocking"},{"url":"https://api.virtualpos.cl/v3","description":"VirtualPOS API Producción, una vez realizada la integración y validado que el software funciona correctamente, podra operar en el ambiente de producción de virtualPOS, aqui su cliente podra realizar transacciones de compra con el metodo de pago que tenga disponible."},{"url":"https://api.virtualpos-sandbox.com/v3","description":"VirtualPOS API Desarrollo, este ambiente esta destinado para poder realizar la integración de su software con virtualPOS, podra realizar transacciones de prueba y validar condiciones de borde."}],"tags":[{"name":"payment","description":"Realizar un pago spot en virtualpos.cl","externalDocs":{"description":"Más información","url":"http://www.virtualpos.cl"}}],"paths":{"/payment/request":{"post":{"tags":["payment"],"summary":"Inicia una transacción de pago spot en VirtualPOS.","requestBody":{"description":"Valores obligatorios señalados con un Asterisco","content":{"application/json":{"schema":{"required":["amount","callback_url","description","email","first_name","last_name","return_url","signature","social_id"],"type":"object","properties":{"amount":{"type":"integer","description":"Monto de la venta en pesos chilenos (CLP)","example":9990},"email":{"type":"string","description":"Correo electrónico del cliente","format":"email"},"social_id":{"type":"string","description":"Rut del cliente","example":"12345678-9"},"first_name":{"type":"string","description":"Nombre del cliente","example":"John"},"last_name":{"type":"string","description":"Apellido del cliente","example":"Doe"},"phone":{"type":"string","description":"Teléfono del cliente","format":"phone","example":"56987654321"},"description":{"type":"string","description":"Detalle del producto o Servicio que se requiere ser pagado por el cliente, se debe incluir el detalle del producto o servicio a pagar","example":"OC-1234 : Apple Watch 3G 2021"},"return_url":{"type":"string","description":"URL a la cual se retornará una vez que se haya finalizado el proceso de pago en VirtualPOS, La URL debe ser codificada en Base64","example":"Base64('http://www.miecommerce.com/return')"},"callback_url":{"type":"string","description":"URL a la cual se realizará un callback Asincrono una vez que se haya finalizado el proceso de pago en VirtualPOS, La URL debe ser codificada en Base64","example":"Base64('http://www.miecommerce.com/callback')"},"merchant_internal_code":{"type":"string","description":"Identificador del comercio, útil para efectuar la trazabilidad de la transacción, por ejemplo el número de factura, pedido, boleta, etc.","example":"id_1234"},"merchant_internal_channel":{"type":"string","description":"Identificador del canal que utiliza el comercio para iniciar la transaccion VirtualPOS","example":"portal_pagos"},"payment_method":{"type":"string","description":"Identificador del medio de pago con el cual se realizará la transacción, de no incluir este parámetro, la transaccion se iniciara con el checkout por defecto que incluye todos los medios de pagos disponibles.","example":"webpay","enum":["webpay","onepay","khipu","mach","chek","quickpay","all"]},"signature":{"type":"string","description":"Firma de la transacción","example":"jwt_encode()"}}}}},"required":true},"responses":{"200":{"description":"JSON con el objeto de la transaccion Spot VirtualPOS","content":{"application/json":{"schema":{"type":"object","properties":{"status":{"type":"string","description":"Glosa estado de la solicitud de inicio de transacción virtualpos","format":"int64","example":"OK"},"code":{"type":"integer","description":"Código estado de la solicitud de inicio de transacción","format":"int64","example":200},"client":{"type":"object","properties":{"email":{"type":"string","description":"Correo electrónico del cliente","format":"email","example":"user@example.com"},"first_name":{"type":"string","description":"Nombre del cliente","example":"John"},"last_name":{"type":"string","description":"Apellido del cliente","example":"Doe"},"social_id":{"type":"string","description":"Rut de cliente","example":"12345678-9"},"phone":{"type":"string","description":"Teléfono del cliente","example":"56961934502"}}},"commerce":{"type":"object","properties":{"commerce_id":{"type":"string","description":"rut del comercio para el cual se creará y procesará la orden.","example":"76123456-7"},"name":{"type":"string","description":"Nombre del comercio para el cual se creará y procesará la orden.","example":"Comercial Andes"}}},"order":{"type":"object","properties":{"uuid":{"type":"string","description":"identificador único de la transacción en virtualpos","example":"57276136aad3ecad"},"status":{"type":"string","description":"Estado de la orden VirtualPOS","enum":["pagado","pendiente","rechazado","expirado"]},"created_at":{"type":"string","description":"Fecha de creación de la orden de pago VirtualPOS","format":"date-time"}}},"url_redirect":{"type":"string","description":"url donde debe ser redirigido el cliente para continuar con el pago en VirtualPOS","example":"https://pay.virtualpos-sandbox.com/preview/083613a748190d26"}}}}}},"401":{"description":"JSON con el error en el inicio de la transacción","content":{"application/json":{"schema":{"type":"object","properties":{"status":{"type":"string","description":"Glosa estado de la solicitud de inicio de transacción virtualpos","format":"int64","example":"ERROR"},"code":{"type":"integer","description":"Código de error.","format":"int64","example":401},"message":{"type":"string","description":"Glosa con el detalle del error.","example":"Ocurrió un problema al iniciar la transacción."}}}}}}},"security":[{"api_key":[]}]}},"/payment/getstatus":{"post":{"tags":["payment"],"summary":"Obtiene el status de la transacción de pago spot de VirtualPOS.","requestBody":{"description":"Valores obligatorios señalados con un Asterisco","content":{"application/json":{"schema":{"required":["signature","uuid"],"type":"object","properties":{"uuid":{"type":"string","description":"identificador único de la transacción en virtualpos","example":"083613a748190d26"},"signature":{"type":"string","description":"Firma de la transacción","example":"jwt_encode()"}}}}},"required":true},"responses":{"200":{"description":"JSON con el objeto de la transaccion Spot VirtualPOS","content":{"application/json":{"schema":{"type":"object","properties":{"status":{"type":"string","description":"Glosa estado de la solicitud de inicio de transacción virtualpos","format":"int64","example":"OK"},"code":{"type":"integer","description":"Código estado de la solicitud de inicio de transacción","format":"int64","example":200},"client":{"type":"object","properties":{"email":{"type":"string","description":"Correo electrónico del cliente","format":"email","example":"user@example.com"},"first_name":{"type":"string","description":"Nombre del cliente","example":"John"},"last_name":{"type":"string","description":"Apellido del cliente","example":"Doe"},"social_id":{"type":"string","description":"Rut de cliente","example":"12345678-9"},"phone":{"type":"string","description":"Teléfono del cliente","example":"56961934502"}}},"commerce":{"type":"object","properties":{"commerce_id":{"type":"string","description":"rut del comercio para el cual se creó y procesó la orden.","example":"76123456-7"},"name":{"type":"string","description":"Nombre del comercio para el cual se creó y procesó la orden.","example":"Comercial Andes"}}},"order":{"type":"object","properties":{"uuid":{"type":"string","description":"identificador único de la transacción en virtualpos","example":"083613a748190d26"},"status":{"type":"string","description":"Estado de la orden VirtualPOS","enum":["pagado","pendiente","rechazado","expirado"]},"created_at":{"type":"string","description":"Fecha de creación de la orden de pago VirtualPOS","example":"2021-09-08 11:20:31"},"card_number":{"type":"integer","description":"Últimos 4 digitos de la tarjeta con la que se realizó el pago","format":"int64","example":1234},"authorized_at":{"type":"string","description":"Fecha en la cual se autorizo la transacción","example":"2021-09-08 11:21:31"},"auth_code":{"type":"string","description":"código de autorizacion de la transacción","example":"1234"},"installment_amount":{"type":"integer","description":"monto de cada una de las cuota","format":"int64","example":0},"installment_number":{"type":"integer","description":"Número de cuotas con la cual se realizó la compra","format":"int64","example":0},"payment_type_code":{"type":"string","example":"VN","enum":["VC","VN","SI","Transferencia","QR"]},"amount":{"type":"integer","description":"monto total de la transacción","format":"int64","example":9990},"merchant_internal_code":{"type":"string","description":"Identificar del comercio, útil para realizar trazabilidad de la trasaccion","example":"OC-1234"},"merchant_internal_channel":{"type":"string","description":"Identificar del canal del comercio que realiza la transacción virtualpos","example":"portal_pagos"},"deposits":{"type":"array","description":"depositos o abonos que se realizaran en la cuenta corriente del comercio","items":{"type":"object","properties":{"description":{"type":"string","description":"Número del abono con respecto al total de abonos.","example":"1/1"},"installment":{"type":"integer","description":"Monto total de la cuota sujeta a comision","example":9900},"processing_flat_fee":{"type":"integer","description":"Costo fijo de comision que cobrará VirtualPOS","example":0},"processing_fee":{"type":"integer","description":"Costo variable de comision que cobrará VirtualPOS","example":117},"payout_amount":{"type":"integer","description":"Monto del abono que realizará VirtualPOS","example":9783},"payout_date":{"type":"string","description":"Fecha en que se realizará abono","example":"2021-09-21"}}}}}}}}}}},"401":{"description":"JSON con el error al recuperar la transacción","content":{"application/json":{"schema":{"type":"object","properties":{"status":{"type":"string","description":"Glosa estado de la solicitud de inicio de transacción virtualpos","format":"int64","example":"ERROR"},"code":{"type":"integer","description":"Código de error.","format":"int64","example":401},"message":{"type":"string","description":"Glosa con el detalle del error.","example":"Ocurrió un problema al recuperar la información de la transacción."}}}}}}},"security":[{"api_key":[]}]}}},"components":{"securitySchemes":{"api_key":{"type":"apiKey","description":"API key to authorize requests.","name":"authorization","in":"header"}}}}