{"openapi":"3.0.0","info":{"title":"Customer API","description":"This is an API for HPlusSport customers","contact":{"email":"you@hplussport.com"},"license":{"name":"Apache 2.0","url":"http://www.apache.org/licenses/LICENSE-2.0.html"},"version":"2.0.0"},"servers":[{"url":"https://virtserver.swaggerhub.com/anderson_ardila/customer/2.0.0","description":"SwaggerHub API Auto Mocking"}],"tags":[{"name":"customer","description":"Customer related calls"}],"paths":{"/customer":{"get":{"tags":["customer"],"summary":"searches customer","description":"By passing in the appropriate options, you can search for\navailable customers in the system\n","operationId":"searchCustomer","responses":{"200":{"description":"search results matching criteria","content":{"application/json":{"schema":{"type":"array","items":{"$ref":"#/components/schemas/Customer"}}}}},"400":{"description":"bad input parameter"}}}}},"components":{"schemas":{"Customer":{"required":["firstName","lastName","number"],"type":"object","properties":{"firstName":{"type":"string","example":"John"},"lastName":{"type":"string","example":"Doe"},"number":{"type":"string","example":"10157545454"},"phone":{"type":"string","example":"573167651774"}}}}}}