{"openapi":"3.0.0","info":{"title":"PH UI API","description":"API specification for banks directory for frontend from backend","version":"1.0.0"},"servers":[{"url":"https://virtserver.swaggerhub.com/antonio.micali/reserve/1.0.0","description":"SwaggerHub API Auto Mocking"},{"url":"https://virtserver.avaloq.com/api/v1/","description":"SwaggerHub API Auto Mocking"},{"url":"https://virtserver.avaloq.com/api/v1/","description":"SwaggerHub API Auto Mocking"}],"paths":{"/bank-dir-elements":{"get":{"tags":["bank-dir-elements"],"summary":"get the list of all tenants","description":"Returns all tenants from the system that the user has access to","operationId":"getBankDirElements","parameters":[{"name":"filter[country]","in":"query","description":"filter for country - ISO code","required":true,"style":"form","explode":true,"schema":{"minLength":2,"type":"string"}},{"name":"filter[searchString]","in":"query","description":"search string for looking up the banks","required":true,"style":"form","explode":true,"schema":{"minLength":3,"type":"string"}},{"name":"limit","in":"query","description":"maximum number of records to return","required":false,"style":"form","explode":true,"schema":{"maximum":5E+1,"minimum":1,"type":"integer","format":"int32"}}],"responses":{"200":{"description":"search results matching criteria","content":{"application/json":{"schema":{"type":"array","items":{"$ref":"#/components/schemas/BankDirElement"}}}}},"400":{"description":"bad input parameter"},"408":{"description":"request timeout"}}}},"/tenants":{"get":{"tags":["tenants"],"summary":"get the list of all tenants","description":"Returns all tenants from the system that the user has access to \n","operationId":"getTenants","responses":{"200":{"description":"search results matching criteria","content":{"application/json":{"schema":{"type":"array","items":{"$ref":"#/components/schemas/Tenants"}}}}}}},"post":{"tags":["tenants"],"summary":"creates a tenant from the available list","description":"creates a tenant from the available list","operationId":"createTenant","responses":{"201":{"description":"Tenant created"},"400":{"description":"invalid input, object invalid"},"409":{"description":"selected Tenant already exists"}}}},"/tenants/{tenantId}":{"get":{"tags":["tenants"],"summary":"get tenants information","description":"Returns tenant from the system that the user has access to \n","operationId":"getTenant","parameters":[{"name":"tenantId","in":"path","description":"Id of the tenant","required":true,"style":"simple","explode":false,"schema":{"type":"string"}}],"responses":{"200":{"description":"search results matching criteria","content":{"application/json":{"schema":{"type":"array","items":{"$ref":"#/components/schemas/Tenants"}}}}}}},"put":{"tags":["tenants"],"summary":"update tenants information","description":"Update tenant information\n","operationId":"updateTenant","parameters":[{"name":"tenantId","in":"path","description":"Id of the tenant","required":true,"style":"simple","explode":false,"schema":{"type":"string"}}],"responses":{"200":{"description":"search results matching criteria","content":{"application/json":{"schema":{"type":"array","items":{"$ref":"#/components/schemas/Tenants"}}}}}}}},"/tenants/{tenantId}/configuration":{"get":{"tags":["tenants"],"summary":"get tenants configuration","description":"Returns tenant configuration\n","parameters":[{"name":"tenantId","in":"path","description":"Id of the tenant","required":true,"style":"simple","explode":false,"schema":{"type":"string"}}],"responses":{"200":{"description":"ok"}}},"put":{"tags":["tenants"],"summary":"update tenants configuration","description":"Update tenant configuration\n","parameters":[{"name":"tenantId","in":"path","description":"Id of the tenant","required":true,"style":"simple","explode":false,"schema":{"type":"string"}}],"responses":{"200":{"description":"ok"}}},"post":{"tags":["tenants"],"summary":"create tenants configuration (is a new configuration created from UI?)","description":"Create tenant configuration\n","parameters":[{"name":"tenantId","in":"path","description":"Id of the tenant","required":true,"style":"simple","explode":false,"schema":{"type":"string"}}],"responses":{"200":{"description":"ok"}}}},"/tenants/{tenantId}/features":{"get":{"tags":["tenants"],"summary":"get tenants features (to discuss if it will be provided in MVP)","parameters":[{"name":"tenantId","in":"path","description":"Id of the tenant","required":true,"style":"simple","explode":false,"schema":{"type":"string"}}],"responses":{"200":{"description":"ok"}}}},"/tenants/{tenantId}/features/{featureId}":{"get":{"tags":["tenants"],"summary":"get tenants features (to discuss if it will be provided in MVP)","parameters":[{"name":"tenantId","in":"path","description":"Id of the tenant","required":true,"style":"simple","explode":false,"schema":{"type":"string"}},{"name":"featureId","in":"path","description":"Id of the feature","required":true,"style":"simple","explode":false,"schema":{"type":"string"}}],"responses":{"200":{"description":"ok"}}},"put":{"tags":["tenants"],"summary":"update tenants features (to discuss if it will be provided in MVP)","parameters":[{"name":"tenantId","in":"path","description":"Id of the tenant","required":true,"style":"simple","explode":false,"schema":{"type":"string"}},{"name":"featureId","in":"path","description":"Id of the feature","required":true,"style":"simple","explode":false,"schema":{"type":"string"}}],"responses":{"200":{"description":"ok"}}},"post":{"tags":["tenants"],"summary":"create tenants features (can a new feature be created in the UI? Or it can anly be enabled/disabled?) Probably to remove","parameters":[{"name":"tenantId","in":"path","description":"Id of the tenant","required":true,"style":"simple","explode":false,"schema":{"type":"string"}},{"name":"featureId","in":"path","description":"Id of the feature","required":true,"style":"simple","explode":false,"schema":{"type":"string"}}],"responses":{"200":{"description":"ok"}}},"patch":{"tags":["tenants"],"summary":"enable/disable feature for tennant (to discuss if it will be provided in MVP)","parameters":[{"name":"tenantId","in":"path","description":"Id of the tenant","required":true,"style":"simple","explode":false,"schema":{"type":"string"}},{"name":"featureId","in":"path","description":"Id of the feature","required":true,"style":"simple","explode":false,"schema":{"type":"string"}}],"responses":{"200":{"description":"ok"}}}},"/tenants/{tenantId}/features/{featureId}/feature-sets":{"get":{"tags":["tenants"],"summary":"get tenants features-sets (to discuss if it will be provided in MVP)","description":"Returns tenant configuration\n","parameters":[{"name":"tenantId","in":"path","description":"Id of the tenant","required":true,"style":"simple","explode":false,"schema":{"type":"string"}},{"name":"featureId","in":"path","description":"Id of the feature","required":true,"style":"simple","explode":false,"schema":{"type":"string"}}],"responses":{"200":{"description":"ok"}}}},"/tenants/{tenantId}/features/{featureId}/feature-sets/{featureSetId}":{"get":{"tags":["tenants"],"summary":"get tenants features-sets (to discuss if it will be provided in MVP)","description":"Returns tenant configuration\n","parameters":[{"name":"tenantId","in":"path","description":"Id of the tenant","required":true,"style":"simple","explode":false,"schema":{"type":"string"}},{"name":"featureId","in":"path","description":"Id of the feature","required":true,"style":"simple","explode":false,"schema":{"type":"string"}},{"name":"featureSetId","in":"path","description":"Id of the feature-set","required":true,"style":"simple","explode":false,"schema":{"type":"string"}}],"responses":{"200":{"description":"ok"}}},"put":{"tags":["tenants"],"summary":"update tenants features-sets (to discuss if it will be provided in MVP)","description":"Returns tenant configuration\n","parameters":[{"name":"tenantId","in":"path","description":"Id of the tenant","required":true,"style":"simple","explode":false,"schema":{"type":"string"}},{"name":"featureId","in":"path","description":"Id of the feature","required":true,"style":"simple","explode":false,"schema":{"type":"string"}},{"name":"featureSetId","in":"path","description":"Id of the feature-set","required":true,"style":"simple","explode":false,"schema":{"type":"string"}}],"responses":{"200":{"description":"ok"}}},"post":{"tags":["tenants"],"summary":"create tenants features-sets (can a new feature be created in the UI? Or it can anly be enabled/disabled?)","description":"Returns tenant configuration\n","parameters":[{"name":"tenantId","in":"path","description":"Id of the tenant","required":true,"style":"simple","explode":false,"schema":{"type":"string"}},{"name":"featureId","in":"path","description":"Id of the feature","required":true,"style":"simple","explode":false,"schema":{"type":"string"}},{"name":"featureSetId","in":"path","description":"Id of the feature-set","required":true,"style":"simple","explode":false,"schema":{"type":"string"}}],"responses":{"200":{"description":"ok"}}}},"/tenants/{tenantId}/basepar":{"get":{"tags":["tenants"],"summary":"get tenants basepars","parameters":[{"name":"tenantId","in":"path","description":"Id of the tenant","required":true,"style":"simple","explode":false,"schema":{"type":"string"}}],"responses":{"200":{"description":"ok"}}}},"/tenants/{tenantId}/basepar/{baseparId}":{"get":{"tags":["tenants"],"summary":"get tenants basepar","parameters":[{"name":"tenantId","in":"path","description":"Id of the tenant","required":true,"style":"simple","explode":false,"schema":{"type":"string"}},{"name":"baseparId","in":"path","description":"Id of the basepar","required":true,"style":"simple","explode":false,"schema":{"type":"string"}}],"responses":{"200":{"description":"ok"}}},"put":{"tags":["tenants"],"summary":"modify tenant basepar","parameters":[{"name":"tenantId","in":"path","description":"Id of the tenant","required":true,"style":"simple","explode":false,"schema":{"type":"string"}},{"name":"baseparId","in":"path","description":"Id of the basepar","required":true,"style":"simple","explode":false,"schema":{"type":"string"}}],"responses":{"200":{"description":"ok"}}},"post":{"tags":["tenants"],"summary":"create tenant basepar","parameters":[{"name":"tenantId","in":"path","description":"Id of the tenant","required":true,"style":"simple","explode":false,"schema":{"type":"string"}},{"name":"baseparId","in":"path","description":"Id of the basepar","required":true,"style":"simple","explode":false,"schema":{"type":"string"}}],"responses":{"200":{"description":"ok"}}},"patch":{"tags":["tenants"],"summary":"enable/disable tenant basepar","parameters":[{"name":"tenantId","in":"path","description":"Id of the tenant","required":true,"style":"simple","explode":false,"schema":{"type":"string"}},{"name":"baseparId","in":"path","description":"Id of the basepar","required":true,"style":"simple","explode":false,"schema":{"type":"string"}}],"responses":{"200":{"description":"ok"}}}},"/reference-data/countries/{fileId}":{"get":{"tags":["reference-data"],"summary":"download country files (THIS API CAN'T BE IMPLEMENTED IN THE SERVICES BECAUSE FILES ARE NOT PERSISTENT)","parameters":[{"name":"fileId","in":"path","required":true,"style":"simple","explode":false,"schema":{"type":"string"}}],"responses":{"200":{"description":"OK","content":{"text/plain":{"schema":{"type":"string","format":"binary"}}}}}}},"/reference-data/countries/fileMetaData":{"get":{"tags":["reference-data"],"summary":"Retrieve country file upload metadata.","description":"Meta data of uploaded files.","operationId":"getFileMetadata","responses":{"200":{"description":"OK","content":{"application/json;charset=UTF-8":{"schema":{"type":"array","items":{"$ref":"#/components/schemas/FileMetadata"}}}}}}}},"/reference-data/countries/upload":{"post":{"tags":["reference-data"],"summary":"update country files","parameters":[{"name":"active_from","in":"query","description":"Date-Time Range Start we should fetch results data from, must be used with toDateTime if provided. Should be a ISO-8601 date. To discuss if we want to add it starting from MVP","required":false,"style":"form","explode":true,"schema":{"pattern":"(\\d{4}-\\d{2}-\\d{2})[A-Z]+(\\d{2}:\\d{2}:\\d{2}).([0-9+-:]+)","type":"string"}}],"requestBody":{"content":{"multipart/form-data":{"schema":{"properties":{"countryCode":{"type":"string","format":"binary"},"countryOrg":{"type":"string","format":"binary"},"ibanstructure":{"type":"string","format":"binary"}}}}}},"responses":{"200":{"description":"ok"}}}},"/reference-data/currencies/upload":{"post":{"tags":["reference-data"],"summary":"update currency list","parameters":[{"name":"active_from","in":"query","description":"Date-Time Range Start we should fetch results data from, must be used with toDateTime if provided. Should be a ISO-8601 date. To discuss if we want to add it starting from MVP","required":false,"style":"form","explode":true,"schema":{"pattern":"(\\d{4}-\\d{2}-\\d{2})[A-Z]+(\\d{2}:\\d{2}:\\d{2}).([0-9+-:]+)","type":"string"}}],"requestBody":{"content":{"multipart/form-data":{"schema":{"properties":{"file":{"type":"string","format":"binary"}}}}}},"responses":{"200":{"description":"ok"}}}},"/reference-data/holidays/upload":{"post":{"tags":["reference-data"],"summary":"update holidays list","responses":{"200":{"description":"ok"}}}},"/reference-data/external_code_set/upload":{"post":{"tags":["reference-data"],"summary":"update iban dir","responses":{"200":{"description":"ok"}}}},"/reference-data/tenants/{tenantId}/costrules/upload":{"post":{"tags":["reference-data"],"summary":"update costrules list","parameters":[{"name":"tenantId","in":"path","description":"Id of the tenant","required":true,"style":"simple","explode":false,"schema":{"type":"string"}}],"responses":{"200":{"description":"ok"}}}},"/reference-data/payment/directories/iban/upload":{"post":{"tags":["reference-data"],"summary":"update iban dirs (to check with Paul)","requestBody":{"content":{"multipart/form-data":{"schema":{"properties":{"ibanPlusDir":{"type":"string","format":"binary"},"ibanExclDir":{"type":"string","format":"binary"}}}}}},"responses":{"200":{"description":"ok"}}}},"/reference-data/payment/directories/bank_directory_plus/upload":{"post":{"tags":["reference-data"],"summary":"update bank dir (NEEDED DEPENDING ON /bank-dir-elements USE CASE)","responses":{"200":{"description":"ok"}}}},"/reference-data/payment/directories/sic_directory/upload":{"post":{"tags":["reference-data"],"summary":"update SIC dir","description":"Allows upload of the SIC Bank Master Data file (supplied by SIX)","requestBody":{"content":{"multipart/form-data":{"schema":{"properties":{"file":{"type":"string","format":"binary"}}}}}},"responses":{"200":{"description":"ok"}}}},"/reference-data/payment/directories/ibanstructure_directory/upload":{"post":{"tags":["reference-data"],"summary":"update Iban Structure dir","description":"Allows upload of iban structure file (supplied by SWIFT)","requestBody":{"content":{"multipart/form-data":{"schema":{"properties":{"file":{"type":"string","format":"binary"}}}}}},"responses":{"200":{"description":"ok"}}}},"/activity-logs":{"get":{"tags":["activity-logs"],"summary":"get activity log","parameters":[{"name":"filter","in":"query","description":"Filter (i. e. tenantId)","required":true,"style":"form","explode":true,"schema":{"type":"string"}}],"responses":{"200":{"description":"ok"}}}},"/activity-logs/{logId}":{"get":{"tags":["activity-logs"],"summary":"get activity log","parameters":[{"name":"logId","in":"path","description":"Id of the tenant","required":true,"style":"simple","explode":false,"schema":{"type":"string"}}],"responses":{"200":{"description":"ok"}}}},"/activity-logs/activity-types":{"get":{"tags":["activity-logs"],"summary":"get activity types","responses":{"200":{"description":"ok"}}}},"/activity-logs/organizations":{"get":{"tags":["activity-logs"],"summary":"get list of organizations","responses":{"200":{"description":"ok"}}}},"/payments":{"get":{"tags":["payments"],"summary":"get the list of all payments (minimal information)","description":"Returns all payments","parameters":[{"name":"filter","in":"query","description":"Filter for payment","required":false,"style":"form","explode":true,"schema":{"type":"string"}}],"responses":{"200":{"description":"ok"}}}},"/payments/{paymentId}":{"get":{"tags":["payments"],"summary":"get payment (complete information).","description":"Returns payment information","parameters":[{"name":"paymentId","in":"path","description":"Id of the payment","required":true,"style":"simple","explode":false,"schema":{"type":"string"}}],"responses":{"200":{"description":"ok"}}}},"/payments/{paymentId}/histories":{"get":{"tags":["payments"],"summary":"get payment history","parameters":[{"name":"paymentId","in":"path","description":"Id of the payment","required":true,"style":"simple","explode":false,"schema":{"type":"string"}}],"responses":{"200":{"description":"ok"}}}},"/payments/{paymentId}/messages":{"get":{"tags":["payments"],"summary":"get payment history","parameters":[{"name":"paymentId","in":"path","description":"Id of the payment","required":true,"style":"simple","explode":false,"schema":{"type":"string"}}],"responses":{"200":{"description":"ok"}}}},"/payments/{paymentId}/relations":{"get":{"tags":["payments"],"summary":"get payment relations wih other orders","parameters":[{"name":"paymentId","in":"path","description":"Id of the payment","required":true,"style":"simple","explode":false,"schema":{"type":"string"}}],"responses":{"200":{"description":"ok"}}}},"/payments/incoming":{"get":{"tags":["payments"],"summary":"get the list of all incoming payments (minimal information) (is this necessary?)","description":"Returns all incoming payments","parameters":[{"name":"filter","in":"query","description":"Filter for payment","required":false,"style":"form","explode":true,"schema":{"type":"string"}}],"responses":{"200":{"description":"ok"}}}},"/payments/outgoing":{"get":{"tags":["payments"],"summary":"get the list of all outgoing payments (minimal information) (is this necessary?)","description":"Returns all outgoing payments","parameters":[{"name":"filter","in":"query","description":"Filter for payment","required":false,"style":"form","explode":true,"schema":{"type":"string"}}],"responses":{"200":{"description":"ok"}}}},"/payments/statuses":{"get":{"tags":["payments"],"summary":"get the list of all statuses for all payments","responses":{"200":{"description":"ok"}}}},"/messages":{"get":{"tags":["messages"],"summary":"get the list of all messages","description":"Returns all messages","parameters":[{"name":"correlationId","in":"query","description":"Id of the correlation (is this a correct parameter)","required":true,"style":"form","explode":true,"schema":{"type":"string"}}],"responses":{"200":{"description":"ok"}}}},"/messages/{messageId}":{"get":{"tags":["messages"],"summary":"get the list of all messages","description":"Returns all messages","parameters":[{"name":"messageId","in":"path","description":"Id of the message","required":true,"style":"simple","explode":false,"schema":{"type":"string"}}],"responses":{"200":{"description":"ok"}}}},"/statistics/payments/distribution":{"get":{"tags":["statistics"],"summary":"get payment distribution","responses":{"200":{"description":"ok"}}}},"/statistics/payments/throughput":{"get":{"tags":["statistics"],"summary":"get payment throughput","responses":{"200":{"description":"ok"}}}},"/statistics/payments/execution":{"get":{"tags":["statistics"],"summary":"get payment execution","responses":{"200":{"description":"ok"}}}},"/statistics/payments/successfulRate":{"get":{"tags":["statistics"],"summary":"get payment success rate (incoming + outgoing???)","responses":{"200":{"description":"ok"}}}},"/statistics/system/performance":{"get":{"tags":["statistics"],"summary":"get payment execution","responses":{"200":{"description":"ok"}}}},"/security/users":{"get":{"tags":["security"],"summary":"get users","parameters":[{"name":"tenantId","in":"query","description":"Id of the tenant","required":true,"style":"form","explode":true,"schema":{"type":"string"}},{"name":"filter[active]","in":"query","description":"Filter active/inactive users","required":false,"style":"form","explode":true,"schema":{"type":"boolean"}}],"responses":{"200":{"description":"ok"}}},"post":{"tags":["security"],"summary":"create user (Still under discussion)","responses":{"200":{"description":"ok"}}}},"/security/users/{id}":{"get":{"tags":["security"],"summary":"get user (is configuration part of this API? (i. e. Role, language))","parameters":[{"name":"id","in":"path","required":true,"style":"simple","explode":false,"schema":{"type":"string"}},{"name":"filter[active]","in":"query","description":"Filter active/inactive users","required":false,"style":"form","explode":true,"schema":{"type":"boolean"}}],"responses":{"200":{"description":"ok"}}},"put":{"tags":["security"],"summary":"update user","parameters":[{"name":"id","in":"path","required":true,"style":"simple","explode":false,"schema":{"type":"string"}}],"responses":{"200":{"description":"ok"}}},"patch":{"tags":["security"],"summary":"enable/disable user","parameters":[{"name":"id","in":"path","required":true,"style":"simple","explode":false,"schema":{"type":"string"}}],"responses":{"200":{"description":"ok"}}}},"/security/users/avaloq":{"get":{"tags":["security"],"summary":"get avaloq users (could we merge this endpoint with GET users?)","responses":{"200":{"description":"ok"}}}},"/security/roles":{"get":{"tags":["security"],"summary":"get roles","responses":{"200":{"description":"ok"}}}},"/subscriptions":{"post":{"tags":["subscriptions"],"summary":"subscribe to notifications (probably not part of MVP)","responses":{"200":{"description":"ok"}}}}},"components":{"schemas":{"BankDirElement":{"required":["bic8","city","country","institution_name","status","street_address1","street_address2","street_address3","street_address4","tenant_id","zip_code"],"type":"object","properties":{"institution_name":{"type":"string"},"bic8":{"type":"string"},"street_address1":{"type":"string"},"street_address2":{"type":"string"},"street_address3":{"type":"string"},"street_address4":{"type":"string"},"city":{"type":"string"},"zip_code":{"type":"string"},"country":{"$ref":"#/components/schemas/Country"},"status":{"type":"string"}}},"Tenants":{"required":["bank_code","country","institution_name","location","logo"],"type":"object","properties":{"institution_name":{"type":"string"},"bank_code":{"type":"string"},"location":{"type":"string"},"logo":{"type":"string"},"country":{"$ref":"#/components/schemas/Country"}}},"Country":{"required":["iso_code","name"],"type":"object","properties":{"iso_code":{"type":"string"},"name":{"type":"string"}}},"FileMetadata":{"type":"object","properties":{"id":{"type":"string","format":"uuid","readOnly":true},"filename":{"type":"string","description":"Name of the uploaded file.","readOnly":true},"referenceDataType":{"type":"string","description":"Type of reference data uploaded within the file. Currency, Country, Cost Rule, ...","readOnly":true},"tenantId":{"type":"string","description":"tenant for which the file was uploaded.","readOnly":true},"fileUploadedAt":{"type":"string","format":"date-time"},"fileUploadedBy":{"type":"string"},"fileValidFrom":{"type":"string","format":"date-time"},"fileSizeInKb":{"type":"integer","format":"int64","readOnly":true},"fileMd5Hash":{"type":"string","description":"MD5 hash of the file uploaded.","readOnly":true},"fileEntries":{"type":"integer","format":"int64","readOnly":true},"requestId":{"type":"string","format":"uuid","readOnly":true}}}}}}