{"openapi":"3.0.0","info":{"title":"Amada User Portal API","description":"Amada User Portal API (in short amadauserapi) is a serverless API for authenticate AEE services based on AWS Cognito","version":"v1"},"servers":[{"url":"https://virtserver.swaggerhub.com/AOMIntegrationModule/amadauserapi/v1","description":"SwaggerHub API Auto Mocking"}],"paths":{"/crm/offices":{"post":{"tags":["crm","offices"],"summary":"Called by CRM to create or update an office (Customer or SSC). If an office with the specified code does NOT exist it will be created. If an office with the specified code exists it will be updated.","operationId":"createOrUpdateOffice","requestBody":{"$ref":"#/components/requestBodies/createOrUpdateOfficeCommand"},"responses":{"200":{"description":"OK, The resource was updated"},"201":{"description":"Created, The resource was created","headers":{"Location":{"description":"URI of the created resource (e.g. /offices/C12345)","style":"simple","explode":false,"schema":{"type":"string"}}}},"400":{"description":"Bad Request, The request contains syntax errors","content":{"application/json":{"schema":{"oneOf":[{"$ref":"#/components/schemas/applicationException"},{"$ref":"#/components/schemas/exception"}]}}}},"403":{"description":"Forbidden, The operation is invalid","content":{"application/json":{"schema":{"oneOf":[{"$ref":"#/components/schemas/applicationException"},{"$ref":"#/components/schemas/exception"}]}}}},"404":{"description":"Not found, A related resource was not found","content":{"application/json":{"schema":{"oneOf":[{"$ref":"#/components/schemas/applicationException"},{"$ref":"#/components/schemas/exception"}]}}}},"408":{"description":"Timed Out, The request timed out","content":{"application/json":{"schema":{"oneOf":[{"$ref":"#/components/schemas/applicationException"},{"$ref":"#/components/schemas/exception"}]}}}},"409":{"description":"Conflict, The request generated a conflict","content":{"application/json":{"schema":{"oneOf":[{"$ref":"#/components/schemas/applicationException"},{"$ref":"#/components/schemas/exception"}]}}}},"422":{"description":"Unprocessable entity, The request contains semantic errors","content":{"application/json":{"schema":{"oneOf":[{"$ref":"#/components/schemas/applicationException"},{"$ref":"#/components/schemas/exception"}]}}}},"500":{"description":"Internal server error, A domain error or an unxpected error was raised","content":{"application/json":{"schema":{"oneOf":[{"$ref":"#/components/schemas/applicationException"},{"$ref":"#/components/schemas/exception"}]}}}}},"security":[{"xApiKey":[]}]}},"/crm/offices/{officeCode}":{"put":{"tags":["crm","offices"],"summary":"Called by CRM to create or update an office (Customer or SSC). If an office with the specified code does NOT exist it will be created. If an office withe the specified code exists it will be updated.","operationId":"updateOrCreateOffice","parameters":[{"name":"officeCode","in":"path","description":"Office code: Must start with 'C' character. For Develop Environment only should start also with 'X' character","required":true,"style":"simple","explode":false,"schema":{"pattern":"^(C|X)\\d{5}$","type":"string"}}],"requestBody":{"$ref":"#/components/requestBodies/createOrUpdateOfficeCommand"},"responses":{"200":{"description":"OK, The resource was updated"},"201":{"description":"Created, The resource was created","headers":{"Location":{"description":"URI of the created resource (e.g. /offices/C12345)","style":"simple","explode":false,"schema":{"type":"string"}}}},"400":{"description":"Bad Request, The request contains syntax errors","content":{"application/json":{"schema":{"oneOf":[{"$ref":"#/components/schemas/applicationException"},{"$ref":"#/components/schemas/exception"}]}}}},"403":{"description":"Forbidden, The operation is invalid","content":{"application/json":{"schema":{"oneOf":[{"$ref":"#/components/schemas/applicationException"},{"$ref":"#/components/schemas/exception"}]}}}},"404":{"description":"Not found, A related resource was not found","content":{"application/json":{"schema":{"oneOf":[{"$ref":"#/components/schemas/applicationException"},{"$ref":"#/components/schemas/exception"}]}}}},"408":{"description":"Timed Out, The request timed out","content":{"application/json":{"schema":{"oneOf":[{"$ref":"#/components/schemas/applicationException"},{"$ref":"#/components/schemas/exception"}]}}}},"409":{"description":"Conflict, The request generated a conflict","content":{"application/json":{"schema":{"oneOf":[{"$ref":"#/components/schemas/applicationException"},{"$ref":"#/components/schemas/exception"}]}}}},"422":{"description":"Unprocessable entity, The request contains semantic errors","content":{"application/json":{"schema":{"oneOf":[{"$ref":"#/components/schemas/applicationException"},{"$ref":"#/components/schemas/exception"}]}}}},"500":{"description":"Internal server error, A domain error or an unxpected error was raised","content":{"application/json":{"schema":{"oneOf":[{"$ref":"#/components/schemas/applicationException"},{"$ref":"#/components/schemas/exception"}]}}}}},"security":[{"xApiKey":[]}]},"delete":{"tags":["crm","offices"],"summary":"Called by CRM to delete an office (Customer or SSC). A logical delete will be performed","operationId":"deleteOffice","parameters":[{"name":"officeCode","in":"path","description":"Office code: Must start with 'C' character. For Develop Environment only should start also with 'X' character","required":true,"style":"simple","explode":false,"schema":{"pattern":"^(C|X)\\d{5}$","type":"string"}}],"responses":{"200":{"description":"OK, The resource was deletd"},"400":{"description":"Bad Request, The request contains syntax errors","content":{"application/json":{"schema":{"oneOf":[{"$ref":"#/components/schemas/applicationException"},{"$ref":"#/components/schemas/exception"}]}}}},"403":{"description":"Forbidden, The operation is invalid","content":{"application/json":{"schema":{"oneOf":[{"$ref":"#/components/schemas/applicationException"},{"$ref":"#/components/schemas/exception"}]}}}},"404":{"description":"Not found, The resource or a related resource was not found","content":{"application/json":{"schema":{"oneOf":[{"$ref":"#/components/schemas/applicationException"},{"$ref":"#/components/schemas/exception"}]}}}},"408":{"description":"Timed Out, The request timed out","content":{"application/json":{"schema":{"oneOf":[{"$ref":"#/components/schemas/applicationException"},{"$ref":"#/components/schemas/exception"}]}}}},"409":{"description":"Conflict, The request generated a conflict","content":{"application/json":{"schema":{"oneOf":[{"$ref":"#/components/schemas/applicationException"},{"$ref":"#/components/schemas/exception"}]}}}},"422":{"description":"Unprocessable entity, The request contains semantic errors","content":{"application/json":{"schema":{"oneOf":[{"$ref":"#/components/schemas/applicationException"},{"$ref":"#/components/schemas/exception"}]}}}},"500":{"description":"Internal server error, A domain error or an unxpected error was raised","content":{"application/json":{"schema":{"oneOf":[{"$ref":"#/components/schemas/applicationException"},{"$ref":"#/components/schemas/exception"}]}}}}},"security":[{"xApiKey":[]}]}},"/crm/offices/bulk":{"post":{"tags":["crm","offices","bulk"],"summary":"Called by CRM to create or update multiple offices (Customers or SSCs).","operationId":"bulkCreateOrUpdateOffices","requestBody":{"$ref":"#/components/requestBodies/createOrUpdateOfficeCommandList"},"responses":{"207":{"description":"Multiple content, the response body contains the result of the operation, create or update, for each office.","content":{"application/json":{"schema":{"$ref":"#/components/schemas/bulkResponse"}}}},"400":{"description":"Bad Request, The request contains syntax errors","content":{"application/json":{"schema":{"oneOf":[{"$ref":"#/components/schemas/applicationException"},{"$ref":"#/components/schemas/exception"}]}}}},"408":{"description":"Timed Out, The request timed out","content":{"application/json":{"schema":{"oneOf":[{"$ref":"#/components/schemas/applicationException"},{"$ref":"#/components/schemas/exception"}]}}}},"409":{"description":"Conflict, The request generated a conflict","content":{"application/json":{"schema":{"oneOf":[{"$ref":"#/components/schemas/applicationException"},{"$ref":"#/components/schemas/exception"}]}}}},"500":{"description":"Internal server error, An unxpected error was raised","content":{"application/json":{"schema":{"oneOf":[{"$ref":"#/components/schemas/applicationException"},{"$ref":"#/components/schemas/exception"}]}}}}},"security":[{"xApiKey":[]}]}},"/crm/offices/{officeCode}/products":{"post":{"tags":["crm","offices","products"],"summary":"Called by CRM to add or update a product to an office (Customer or SSC). If a product with a specified code was not found it was added to the office otherwise it is updated. If the product is associated to another office it must be removed from the previous office and added to the current one","operationId":"addOrUpdateProductToOffice","parameters":[{"name":"officeCode","in":"path","description":"Office code: Must start with 'C' character. For Develop Environment only should start also with 'X' character","required":true,"style":"simple","explode":false,"schema":{"pattern":"^(C|X)\\d{5}$","type":"string"}}],"requestBody":{"$ref":"#/components/requestBodies/addOrUpdateProductToOfficeCommand"},"responses":{"200":{"description":"OK, The resource was updated"},"201":{"description":"Created, The resource was created","headers":{"Location":{"style":"simple","explode":false,"schema":{"type":"string","description":"URI of the created resource (e.g. /offices/C12345/products/0011)"}}}},"400":{"description":"Bad Request, The request contains syntax errors","content":{"application/json":{"schema":{"oneOf":[{"$ref":"#/components/schemas/applicationException"},{"$ref":"#/components/schemas/exception"}]}}}},"403":{"description":"Forbidden, The operation is invalid","content":{"application/json":{"schema":{"oneOf":[{"$ref":"#/components/schemas/applicationException"},{"$ref":"#/components/schemas/exception"}]}}}},"404":{"description":"Not found, A related resource was not found","content":{"application/json":{"schema":{"oneOf":[{"$ref":"#/components/schemas/applicationException"},{"$ref":"#/components/schemas/exception"}]}}}},"408":{"description":"Timed Out, The request timed out","content":{"application/json":{"schema":{"oneOf":[{"$ref":"#/components/schemas/applicationException"},{"$ref":"#/components/schemas/exception"}]}}}},"409":{"description":"Conflict, The request generated a conflict","content":{"application/json":{"schema":{"oneOf":[{"$ref":"#/components/schemas/applicationException"},{"$ref":"#/components/schemas/exception"}]}}}},"422":{"description":"Unprocessable entity, The request contains semantic errors","content":{"application/json":{"schema":{"oneOf":[{"$ref":"#/components/schemas/applicationException"},{"$ref":"#/components/schemas/exception"}]}}}},"500":{"description":"Internal server error, A domain error or an unxpected error was raised","content":{"application/json":{"schema":{"oneOf":[{"$ref":"#/components/schemas/applicationException"},{"$ref":"#/components/schemas/exception"}]}}}}},"security":[{"xApiKey":[]}]}},"/crm/offices/{officeCode}/products/{productKey}":{"put":{"tags":["crm","offices","products"],"summary":"Called by CRM to add or update a product to an office (Customer or SSC). If a product with a specified code was not found it was added to the office otherwise it is updated. If the product is associated to another office it must be removed from the previous office and added to the current one","operationId":"updateOrAddProductToOffice","parameters":[{"name":"officeCode","in":"path","description":"Office code: Must start with 'C' character. For Develop Environment only should start also with 'X' character","required":true,"style":"simple","explode":false,"schema":{"pattern":"^(C|X)\\d{5}$","type":"string"}},{"name":"productKey","in":"path","description":"Product key","required":true,"style":"simple","explode":false,"schema":{"type":"string"}}],"requestBody":{"$ref":"#/components/requestBodies/addOrUpdateProductToOfficeCommand"},"responses":{"200":{"description":"OK, The resource was updated"},"201":{"description":"Created, The resource was created","headers":{"Location":{"description":"URI of the created resource (e.g. /offices/C12345/products/0011)","style":"simple","explode":false,"schema":{"type":"string"}}}},"400":{"description":"Bad Request, The request contains syntax errors","content":{"application/json":{"schema":{"oneOf":[{"$ref":"#/components/schemas/applicationException"},{"$ref":"#/components/schemas/exception"}]}}}},"403":{"description":"Forbidden, The operation is invalid","content":{"application/json":{"schema":{"oneOf":[{"$ref":"#/components/schemas/applicationException"},{"$ref":"#/components/schemas/exception"}]}}}},"404":{"description":"Not found, A related resource was not found","content":{"application/json":{"schema":{"oneOf":[{"$ref":"#/components/schemas/applicationException"},{"$ref":"#/components/schemas/exception"}]}}}},"408":{"description":"Timed Out, The request timed out","content":{"application/json":{"schema":{"oneOf":[{"$ref":"#/components/schemas/applicationException"},{"$ref":"#/components/schemas/exception"}]}}}},"409":{"description":"Conflict, The request generated a conflict","content":{"application/json":{"schema":{"oneOf":[{"$ref":"#/components/schemas/applicationException"},{"$ref":"#/components/schemas/exception"}]}}}},"422":{"description":"Unprocessable entity, The request contains semantic errors","content":{"application/json":{"schema":{"oneOf":[{"$ref":"#/components/schemas/applicationException"},{"$ref":"#/components/schemas/exception"}]}}}},"500":{"description":"Internal server error, A domain error or an unxpected error was raised","content":{"application/json":{"schema":{"oneOf":[{"$ref":"#/components/schemas/applicationException"},{"$ref":"#/components/schemas/exception"}]}}}}},"security":[{"xApiKey":[]}]},"delete":{"tags":["crm","offices","products"],"summary":"Called by CRM to remove a product from an office (Customer or SSC).","operationId":"removeProductToOffice","parameters":[{"name":"officeCode","in":"path","description":"Office code: Must start with 'C' character. For Develop Environment only should start also with 'X' character","required":true,"style":"simple","explode":false,"schema":{"pattern":"^(C|X)\\d{5}$","type":"string"}},{"name":"productKey","in":"path","description":"Product key","required":true,"style":"simple","explode":false,"schema":{"type":"string"}}],"responses":{"204":{"description":"Deleted, The resource was deleted"},"400":{"description":"Bad Request, The request contains syntax errors","content":{"application/json":{"schema":{"oneOf":[{"$ref":"#/components/schemas/applicationException"},{"$ref":"#/components/schemas/exception"}]}}}},"403":{"description":"Forbidden, The operation is invalid","content":{"application/json":{"schema":{"oneOf":[{"$ref":"#/components/schemas/applicationException"},{"$ref":"#/components/schemas/exception"}]}}}},"404":{"description":"Not found, Product or a related resource was not found","content":{"application/json":{"schema":{"oneOf":[{"$ref":"#/components/schemas/applicationException"},{"$ref":"#/components/schemas/exception"}]}}}},"408":{"description":"Timed Out, The request timed out","content":{"application/json":{"schema":{"oneOf":[{"$ref":"#/components/schemas/applicationException"},{"$ref":"#/components/schemas/exception"}]}}}},"409":{"description":"Conflict, The request generated a conflict","content":{"application/json":{"schema":{"oneOf":[{"$ref":"#/components/schemas/applicationException"},{"$ref":"#/components/schemas/exception"}]}}}},"422":{"description":"Unprocessable entity, The request contains semantic errors","content":{"application/json":{"schema":{"oneOf":[{"$ref":"#/components/schemas/applicationException"},{"$ref":"#/components/schemas/exception"}]}}}},"500":{"description":"Internal server error, A domain error or an unxpected error was raised","content":{"application/json":{"schema":{"oneOf":[{"$ref":"#/components/schemas/applicationException"},{"$ref":"#/components/schemas/exception"}]}}}}},"security":[{"xApiKey":[]}]}},"/offices":{"get":{"tags":["frontend","offices"],"summary":"Get the list of offices visible to the authenticated user","operationId":"getOffices","responses":{"200":{"description":"OK","content":{"application/json":{"schema":{"$ref":"#/components/schemas/officeList"}}}},"408":{"description":"Timed Out, The request timed out","content":{"application/json":{"schema":{"oneOf":[{"$ref":"#/components/schemas/applicationException"},{"$ref":"#/components/schemas/exception"}]}}}},"500":{"description":"Internal server error, An unxpected error was raised","content":{"application/json":{"schema":{"oneOf":[{"$ref":"#/components/schemas/applicationException"},{"$ref":"#/components/schemas/exception"}]}}}}},"security":[{"jwt":[]}]}},"/offices/{officeCode}":{"get":{"tags":["frontend","offices"],"summary":"Get office information","operationId":"getOffice","parameters":[{"name":"officeCode","in":"path","description":"Office code: Must start with 'C' character. For Develop Environment only should start also with 'X' character","required":true,"style":"simple","explode":false,"schema":{"pattern":"^(C|X)\\d{5}$","type":"string"}}],"responses":{"200":{"description":"OK","content":{"application/json":{"schema":{"$ref":"#/components/schemas/officeDetail"}}}},"403":{"description":"Forbidden, Authenticated user has no access to the resource or the operation is invalid","content":{"application/json":{"schema":{"oneOf":[{"$ref":"#/components/schemas/applicationException"},{"$ref":"#/components/schemas/exception"}]}}}},"408":{"description":"Timed Out, The request timed out","content":{"application/json":{"schema":{"oneOf":[{"$ref":"#/components/schemas/applicationException"},{"$ref":"#/components/schemas/exception"}]}}}},"500":{"description":"Internal server error, An unxpected error was raised","content":{"application/json":{"schema":{"oneOf":[{"$ref":"#/components/schemas/applicationException"},{"$ref":"#/components/schemas/exception"}]}}}}},"security":[{"jwt":[]}]}},"/offices/{officeCode}/machines":{"post":{"tags":["frontend","offices","machines"],"summary":"Add or update a machine to an office. User editors are allowed to create or update machines for their SSC or their child SSCs. User that are not editors are allowed to update only themself. Customer users are not allowed to create or update machines","operationId":"addOrUpdateMachineToOffice","parameters":[{"name":"officeCode","in":"path","description":"Office code: Must start with 'C' character. For Develop Environment only should start also with 'X' character","required":true,"style":"simple","explode":false,"schema":{"pattern":"^(C|X)\\d{5}$","type":"string"}}],"requestBody":{"$ref":"#/components/requestBodies/addOrUpdateMachineToOfficeCommand"},"responses":{"200":{"description":"OK, The resource was updated"},"201":{"description":"Created, The resource was created","headers":{"Location":{"style":"simple","explode":false,"schema":{"type":"string","description":"URI of the created resource (e.g. /offices/C12345/machines/123KYW)"}}}},"400":{"description":"Bad Request, The request contains syntax errors","content":{"application/json":{"schema":{"oneOf":[{"$ref":"#/components/schemas/applicationException"},{"$ref":"#/components/schemas/exception"}]}}}},"403":{"description":"Forbidden, Authenticated user has no access to the resource or the operation is invalid","content":{"application/json":{"schema":{"oneOf":[{"$ref":"#/components/schemas/applicationException"},{"$ref":"#/components/schemas/exception"}]}}}},"404":{"description":"Not found, A related resource was not found","content":{"application/json":{"schema":{"oneOf":[{"$ref":"#/components/schemas/applicationException"},{"$ref":"#/components/schemas/exception"}]}}}},"408":{"description":"Timed Out, The request timed out","content":{"application/json":{"schema":{"oneOf":[{"$ref":"#/components/schemas/applicationException"},{"$ref":"#/components/schemas/exception"}]}}}},"409":{"description":"Conflict, The request generated a conflict","content":{"application/json":{"schema":{"oneOf":[{"$ref":"#/components/schemas/applicationException"},{"$ref":"#/components/schemas/exception"}]}}}},"422":{"description":"Unprocessable entity, The request contains semantic errors","content":{"application/json":{"schema":{"oneOf":[{"$ref":"#/components/schemas/applicationException"},{"$ref":"#/components/schemas/exception"}]}}}},"500":{"description":"Internal server error, A domain error or an unxpected error was raised","content":{"application/json":{"schema":{"oneOf":[{"$ref":"#/components/schemas/applicationException"},{"$ref":"#/components/schemas/exception"}]}}}}},"security":[{"jwt":[]}]}},"/offices/{officeCode}/machines/{machineSerial}":{"put":{"tags":["frontend","offices","machines"],"summary":"Add or update a machine to an office User editors are allowed to create or update machines for their SSC or their child SSC. User that are not editors are allowed to update only themself. Customer users are not allowed to create or update machines","operationId":"updateOrAddMachineToOffice","parameters":[{"name":"officeCode","in":"path","description":"Office code: Must start with 'C' character. For Develop Environment only should start also with 'X' character","required":true,"style":"simple","explode":false,"schema":{"pattern":"^(C|X)\\d{5}$","type":"string"}},{"name":"machineSerial","in":"path","description":"Machine serial number","required":true,"style":"simple","explode":false,"schema":{"type":"string"}}],"requestBody":{"$ref":"#/components/requestBodies/addOrUpdateMachineToOfficeCommand"},"responses":{"200":{"description":"OK, The resource was updated"},"201":{"description":"Created, The resource was created","headers":{"Location":{"style":"simple","explode":false,"schema":{"type":"string","description":"URI of the created resource (e.g. /offices/C12345/machines/123KYW)"}}}},"400":{"description":"Bad Request, The request contains syntax errors","content":{"application/json":{"schema":{"oneOf":[{"$ref":"#/components/schemas/applicationException"},{"$ref":"#/components/schemas/exception"}]}}}},"403":{"description":"Authenticated user has no access to the resource or the operation is invalid","content":{"application/json":{"schema":{"oneOf":[{"$ref":"#/components/schemas/applicationException"},{"$ref":"#/components/schemas/exception"}]}}}},"404":{"description":"Not found, A related resource was not found","content":{"application/json":{"schema":{"oneOf":[{"$ref":"#/components/schemas/applicationException"},{"$ref":"#/components/schemas/exception"}]}}}},"408":{"description":"Timed Out, The request timed out","content":{"application/json":{"schema":{"oneOf":[{"$ref":"#/components/schemas/applicationException"},{"$ref":"#/components/schemas/exception"}]}}}},"409":{"description":"Conflict, The request generated a conflict","content":{"application/json":{"schema":{"oneOf":[{"$ref":"#/components/schemas/applicationException"},{"$ref":"#/components/schemas/exception"}]}}}},"422":{"description":"Unprocessable entity, The request contains semantic errors","content":{"application/json":{"schema":{"oneOf":[{"$ref":"#/components/schemas/applicationException"},{"$ref":"#/components/schemas/exception"}]}}}},"500":{"description":"Internal server error, A domain error or an unxpected error was raised","content":{"application/json":{"schema":{"oneOf":[{"$ref":"#/components/schemas/applicationException"},{"$ref":"#/components/schemas/exception"}]}}}}},"security":[{"jwt":[]}]},"delete":{"tags":["frontend","offices","machines"],"summary":"Remove a machine to an office. User editors are allowed to create delete machines for their SSC or their child SSCs.","operationId":"removeMachineToOffice","parameters":[{"name":"officeCode","in":"path","description":"Office code: Must start with 'C' character. For Develop Environment only should start also with 'X' character","required":true,"style":"simple","explode":false,"schema":{"pattern":"^(C|X)\\d{5}$","type":"string"}},{"name":"machineSerial","in":"path","description":"Machine serial","required":true,"style":"simple","explode":false,"schema":{"type":"string"}}],"responses":{"204":{"description":"Deleted, The resource was deleted"},"400":{"description":"Bad Request, The request contains syntax errors","content":{"application/json":{"schema":{"oneOf":[{"$ref":"#/components/schemas/applicationException"},{"$ref":"#/components/schemas/exception"}]}}}},"403":{"description":"Forbidden, Authenticated user has no access to the resource or the operation is invalid","content":{"application/json":{"schema":{"oneOf":[{"$ref":"#/components/schemas/applicationException"},{"$ref":"#/components/schemas/exception"}]}}}},"404":{"description":"Not found, Product or a related resource was not found","content":{"application/json":{"schema":{"oneOf":[{"$ref":"#/components/schemas/applicationException"},{"$ref":"#/components/schemas/exception"}]}}}},"408":{"description":"Timed Out, The request timed out","content":{"application/json":{"schema":{"oneOf":[{"$ref":"#/components/schemas/applicationException"},{"$ref":"#/components/schemas/exception"}]}}}},"409":{"description":"Conflict, The request generated a conflict","content":{"application/json":{"schema":{"oneOf":[{"$ref":"#/components/schemas/applicationException"},{"$ref":"#/components/schemas/exception"}]}}}},"422":{"description":"Unprocessable entity, The request contains semantic errors","content":{"application/json":{"schema":{"oneOf":[{"$ref":"#/components/schemas/applicationException"},{"$ref":"#/components/schemas/exception"}]}}}},"500":{"description":"Internal server error, A domain error or an unxpected error was raised","content":{"application/json":{"schema":{"oneOf":[{"$ref":"#/components/schemas/applicationException"},{"$ref":"#/components/schemas/exception"}]}}}}},"security":[{"xApiKey":[]}]}},"/users":{"get":{"tags":["frontend","users"],"summary":"Get the list of users visible to the authenticated user","responses":{"200":{"description":"OK","content":{"application/json":{"schema":{"$ref":"#/components/schemas/userList"}}}},"408":{"description":"Timed Out, The request timed out","content":{"application/json":{"schema":{"oneOf":[{"$ref":"#/components/schemas/applicationException"},{"$ref":"#/components/schemas/exception"}]}}}},"500":{"description":"Internal server error, An unxpected error was raised","content":{"application/json":{"schema":{"oneOf":[{"$ref":"#/components/schemas/applicationException"},{"$ref":"#/components/schemas/exception"}]}}}}},"security":[{"jwt":[]}]},"post":{"tags":["frontend","users"],"summary":"Create or update a user and associated it to the specified office. The user is created on both MongoDB and AWS Cognito. User editors are allowed to create or update users for their SSC or their child SSCs. User that are not editors are allowed to update only themself","operationId":"createOrUpdateUser","requestBody":{"$ref":"#/components/requestBodies/createOrUpdateUserCommand"},"responses":{"200":{"description":"OK, The resource was updated"},"201":{"description":"Created, The resource was created","headers":{"Location":{"description":"URI of the created resource (e.g. /users/user@email.com)","style":"simple","explode":false,"schema":{"type":"string"}}}},"400":{"description":"Bad Request, The request contains syntax errors","content":{"application/json":{"schema":{"oneOf":[{"$ref":"#/components/schemas/applicationException"},{"$ref":"#/components/schemas/exception"}]}}}},"403":{"description":"Forbidden, The operation is invalid","content":{"application/json":{"schema":{"oneOf":[{"$ref":"#/components/schemas/applicationException"},{"$ref":"#/components/schemas/exception"}]}}}},"404":{"description":"Not found, A related resource was not found","content":{"application/json":{"schema":{"oneOf":[{"$ref":"#/components/schemas/applicationException"},{"$ref":"#/components/schemas/exception"}]}}}},"408":{"description":"Timed Out, The request timed out","content":{"application/json":{"schema":{"oneOf":[{"$ref":"#/components/schemas/applicationException"},{"$ref":"#/components/schemas/exception"}]}}}},"409":{"description":"Conflict, The request generated a conflict","content":{"application/json":{"schema":{"oneOf":[{"$ref":"#/components/schemas/applicationException"},{"$ref":"#/components/schemas/exception"}]}}}},"422":{"description":"Unprocessable entity, The request contains semantic errors","content":{"application/json":{"schema":{"oneOf":[{"$ref":"#/components/schemas/applicationException"},{"$ref":"#/components/schemas/exception"}]}}}},"500":{"description":"Internal server error, A domain error or an unxpected error was raised","content":{"application/json":{"schema":{"oneOf":[{"$ref":"#/components/schemas/applicationException"},{"$ref":"#/components/schemas/exception"}]}}}}},"security":[{"jwt":[]}]}},"/users/{username}":{"get":{"tags":["frontend","users"],"summary":"Get user information","parameters":[{"name":"username","in":"path","description":"Username","required":true,"style":"simple","explode":false,"schema":{"type":"string","format":"email"}}],"responses":{"200":{"description":"OK","content":{"application/json":{"schema":{"$ref":"#/components/schemas/userDetail"}}}},"403":{"description":"Forbidden, Authenticated user has no access to the resource or the operation is invalid","content":{"application/json":{"schema":{"oneOf":[{"$ref":"#/components/schemas/applicationException"},{"$ref":"#/components/schemas/exception"}]}}}},"408":{"description":"Timed Out, The request timed out","content":{"application/json":{"schema":{"oneOf":[{"$ref":"#/components/schemas/applicationException"},{"$ref":"#/components/schemas/exception"}]}}}},"500":{"description":"Internal server error, An unxpected error was raised","content":{"application/json":{"schema":{"oneOf":[{"$ref":"#/components/schemas/applicationException"},{"$ref":"#/components/schemas/exception"}]}}}}},"security":[{"jwt":[]}]},"put":{"tags":["frontend","users"],"summary":"Create or update a user and associated it to the specified office. The user is created on both MongoDB and AWS Cognito. User editors are allowed to create or update users for their SSC or their child SSCs. User that are not editors are allowed to update only themself: name, family name, image URL and site URL property only can be changed by non editor users","operationId":"updateOrCreateUser","parameters":[{"name":"username","in":"path","description":"User unique identifier (username / user email)","required":true,"style":"simple","explode":false,"schema":{"type":"string","format":"email"}}],"requestBody":{"$ref":"#/components/requestBodies/createOrUpdateUserCommand"},"responses":{"200":{"description":"OK, The resource was updated"},"201":{"description":"Created, The resource was created","headers":{"Location":{"description":"URI of the created resource (e.g. /users/user@email.com)","style":"simple","explode":false,"schema":{"type":"string"}}}},"400":{"description":"Bad Request, The request contains syntax errors","content":{"application/json":{"schema":{"oneOf":[{"$ref":"#/components/schemas/applicationException"},{"$ref":"#/components/schemas/exception"}]}}}},"403":{"description":"Forbidden, Authenticated user has no access to the resource or the operation is invalid","content":{"application/json":{"schema":{"oneOf":[{"$ref":"#/components/schemas/applicationException"},{"$ref":"#/components/schemas/exception"}]}}}},"404":{"description":"Not found, A related resource was not found","content":{"application/json":{"schema":{"oneOf":[{"$ref":"#/components/schemas/applicationException"},{"$ref":"#/components/schemas/exception"}]}}}},"408":{"description":"Timed Out, The request timed out","content":{"application/json":{"schema":{"oneOf":[{"$ref":"#/components/schemas/applicationException"},{"$ref":"#/components/schemas/exception"}]}}}},"409":{"description":"Conflict, The request generated a conflict","content":{"application/json":{"schema":{"oneOf":[{"$ref":"#/components/schemas/applicationException"},{"$ref":"#/components/schemas/exception"}]}}}},"422":{"description":"Unprocessable entity, The request contains semantic errors","content":{"application/json":{"schema":{"oneOf":[{"$ref":"#/components/schemas/applicationException"},{"$ref":"#/components/schemas/exception"}]}}}},"500":{"description":"Internal server error, A domain error or an unxpected error was raised","content":{"application/json":{"schema":{"oneOf":[{"$ref":"#/components/schemas/applicationException"},{"$ref":"#/components/schemas/exception"}]}}}}},"security":[{"jwt":[]}]},"delete":{"tags":["frontend","users"],"summary":"Delete a user. Logical deletion will be performed. User managers are allowed to delete users for their SSC or their child SSCs.","operationId":"deleteUser","parameters":[{"name":"username","in":"path","description":"Username","required":true,"style":"simple","explode":false,"schema":{"type":"string"}}],"responses":{"200":{"description":"OK, The resource was deletd"},"400":{"description":"Bad Request, The request contains syntax errors","content":{"application/json":{"schema":{"oneOf":[{"$ref":"#/components/schemas/applicationException"},{"$ref":"#/components/schemas/exception"}]}}}},"403":{"description":"Forbidden, The operation is invalid","content":{"application/json":{"schema":{"oneOf":[{"$ref":"#/components/schemas/applicationException"},{"$ref":"#/components/schemas/exception"}]}}}},"404":{"description":"Not found, The resource or a related resource was not found","content":{"application/json":{"schema":{"oneOf":[{"$ref":"#/components/schemas/applicationException"},{"$ref":"#/components/schemas/exception"}]}}}},"408":{"description":"Timed Out, The request timed out","content":{"application/json":{"schema":{"oneOf":[{"$ref":"#/components/schemas/applicationException"},{"$ref":"#/components/schemas/exception"}]}}}},"409":{"description":"Conflict, The request generated a conflict","content":{"application/json":{"schema":{"oneOf":[{"$ref":"#/components/schemas/applicationException"},{"$ref":"#/components/schemas/exception"}]}}}},"422":{"description":"Unprocessable entity, The request contains semantic errors","content":{"application/json":{"schema":{"oneOf":[{"$ref":"#/components/schemas/applicationException"},{"$ref":"#/components/schemas/exception"}]}}}},"500":{"description":"Internal server error, A domain error or an unxpected error was raised","content":{"application/json":{"schema":{"oneOf":[{"$ref":"#/components/schemas/applicationException"},{"$ref":"#/components/schemas/exception"}]}}}}},"security":[{"jwt":[]}]}},"/users/{username}/products":{"post":{"tags":["frontend","users","products"],"summary":"Add or update product to a user. If a product with a specified code was not found it was added to the user otherwise it is updated User editors are allowed to create or update products for users for their SSC or their child SSCs.","operationId":"addOrUpdateProductToUser","parameters":[{"name":"username","in":"path","description":"Username","required":true,"style":"simple","explode":false,"schema":{"type":"string"}}],"requestBody":{"$ref":"#/components/requestBodies/addOrUpdateProductToUserCommand"},"responses":{"200":{"description":"OK, The resource was updated"},"201":{"description":"Created, The resource was created","headers":{"Location":{"style":"simple","explode":false,"schema":{"type":"string","description":"URI of the created resource (e.g. /user/user1@email.com/products/0011)"}}}},"400":{"description":"Bad Request, The request contains syntax errors","content":{"application/json":{"schema":{"oneOf":[{"$ref":"#/components/schemas/applicationException"},{"$ref":"#/components/schemas/exception"}]}}}},"403":{"description":"Forbidden, Authenticated user has no access to the resource or the operation is invalid","content":{"application/json":{"schema":{"oneOf":[{"$ref":"#/components/schemas/applicationException"},{"$ref":"#/components/schemas/exception"}]}}}},"404":{"description":"Not found, A related resource was not found","content":{"application/json":{"schema":{"oneOf":[{"$ref":"#/components/schemas/applicationException"},{"$ref":"#/components/schemas/exception"}]}}}},"408":{"description":"Timed Out, The request timed out","content":{"application/json":{"schema":{"oneOf":[{"$ref":"#/components/schemas/applicationException"},{"$ref":"#/components/schemas/exception"}]}}}},"409":{"description":"Conflict, The request generated a conflict","content":{"application/json":{"schema":{"oneOf":[{"$ref":"#/components/schemas/applicationException"},{"$ref":"#/components/schemas/exception"}]}}}},"422":{"description":"Unprocessable entity, The request contains semantic errors","content":{"application/json":{"schema":{"oneOf":[{"$ref":"#/components/schemas/applicationException"},{"$ref":"#/components/schemas/exception"}]}}}},"500":{"description":"Internal server error, A domain error or an unxpected error was raised","content":{"application/json":{"schema":{"oneOf":[{"$ref":"#/components/schemas/applicationException"},{"$ref":"#/components/schemas/exception"}]}}}}},"security":[{"xApiKey":[]}]}},"/users/{username}/products/{productKey}":{"put":{"tags":["frontend","users"],"summary":"Add or update a product to a User. If a product with a specified code was not found it was added to the user otherwise it is updated. User editors only are allowed to create or update products for users for their SSC or their child SSCs.","operationId":"updateOrAddProductToUser","parameters":[{"name":"username","in":"path","description":"Username","required":true,"style":"simple","explode":false,"schema":{"type":"string"}},{"name":"productKey","in":"path","description":"Product key","required":true,"style":"simple","explode":false,"schema":{"type":"string"}}],"requestBody":{"$ref":"#/components/requestBodies/addOrUpdateProductToUserCommand"},"responses":{"200":{"description":"OK, The resource was updated"},"201":{"description":"Created, The resource was created","headers":{"Location":{"description":"URI of the created resource (e.g. /offices/user1@email.com/products/0011)","style":"simple","explode":false,"schema":{"type":"string"}}}},"400":{"description":"Bad Request, The request contains syntax errors","content":{"application/json":{"schema":{"oneOf":[{"$ref":"#/components/schemas/applicationException"},{"$ref":"#/components/schemas/exception"}]}}}},"403":{"description":"Forbidden, Authenticated user has no access to the resource or the operation is invalid","content":{"application/json":{"schema":{"oneOf":[{"$ref":"#/components/schemas/applicationException"},{"$ref":"#/components/schemas/exception"}]}}}},"404":{"description":"Not found, A related resource was not found","content":{"application/json":{"schema":{"oneOf":[{"$ref":"#/components/schemas/applicationException"},{"$ref":"#/components/schemas/exception"}]}}}},"408":{"description":"Timed Out, The request timed out","content":{"application/json":{"schema":{"oneOf":[{"$ref":"#/components/schemas/applicationException"},{"$ref":"#/components/schemas/exception"}]}}}},"409":{"description":"Conflict, The request generated a conflict","content":{"application/json":{"schema":{"oneOf":[{"$ref":"#/components/schemas/applicationException"},{"$ref":"#/components/schemas/exception"}]}}}},"422":{"description":"Unprocessable entity, The request contains semantic errors","content":{"application/json":{"schema":{"oneOf":[{"$ref":"#/components/schemas/applicationException"},{"$ref":"#/components/schemas/exception"}]}}}},"500":{"description":"Internal server error, A domain error or an unxpected error was raised","content":{"application/json":{"schema":{"oneOf":[{"$ref":"#/components/schemas/applicationException"},{"$ref":"#/components/schemas/exception"}]}}}}},"security":[{"xApiKey":[]}]},"delete":{"tags":["frontend","users"],"summary":"Remove a product to a user. User editors are allowed to remove product from users for their SSC or their child SSCs.","operationId":"removeProductToUser","parameters":[{"name":"username","in":"path","description":"Office code: Must start with 'C' character. For Develop Environment only should start also with 'X' character","required":true,"style":"simple","explode":false,"schema":{"type":"string"}},{"name":"productKey","in":"path","description":"Product key","required":true,"style":"simple","explode":false,"schema":{"type":"string"}}],"responses":{"204":{"description":"Deleted, The resource was deleted"},"400":{"description":"Bad Request, The request contains syntax errors","content":{"application/json":{"schema":{"oneOf":[{"$ref":"#/components/schemas/applicationException"},{"$ref":"#/components/schemas/exception"}]}}}},"403":{"description":"Forbidden, Authenticated user has no access to the resource or the operation is invalid","content":{"application/json":{"schema":{"oneOf":[{"$ref":"#/components/schemas/applicationException"},{"$ref":"#/components/schemas/exception"}]}}}},"404":{"description":"Not found, Product or a related resource was not found","content":{"application/json":{"schema":{"oneOf":[{"$ref":"#/components/schemas/applicationException"},{"$ref":"#/components/schemas/exception"}]}}}},"408":{"description":"Timed Out, The request timed out","content":{"application/json":{"schema":{"oneOf":[{"$ref":"#/components/schemas/applicationException"},{"$ref":"#/components/schemas/exception"}]}}}},"409":{"description":"Conflict, The request generated a conflict","content":{"application/json":{"schema":{"oneOf":[{"$ref":"#/components/schemas/applicationException"},{"$ref":"#/components/schemas/exception"}]}}}},"422":{"description":"Unprocessable entity, The request contains semantic errors","content":{"application/json":{"schema":{"oneOf":[{"$ref":"#/components/schemas/applicationException"},{"$ref":"#/components/schemas/exception"}]}}}},"500":{"description":"Internal server error, A domain error or an unxpected error was raised","content":{"application/json":{"schema":{"oneOf":[{"$ref":"#/components/schemas/applicationException"},{"$ref":"#/components/schemas/exception"}]}}}}},"security":[{"xApiKey":[]}]}},"/users/{username}/profile_picture":{"post":{"tags":["frontend","users"],"summary":"Add or update an user profile picture. User that are not editors are allowed to update only their own image.","operationId":"addOrUpdateProfilePictureToUser","parameters":[{"name":"username","in":"path","description":"Username","required":true,"style":"simple","explode":false,"schema":{"type":"string"}}],"requestBody":{"$ref":"#/components/requestBodies/addOrUpdateProfilePictureToUserCommand"},"responses":{"201":{"description":"Created, The resource was created","content":{"application/json":{"schema":{"$ref":"#/components/schemas/s3PutPresignedUrlResponse"}}}},"400":{"description":"Bad Request, The request contains syntax errors","content":{"application/json":{"schema":{"oneOf":[{"$ref":"#/components/schemas/applicationException"},{"$ref":"#/components/schemas/exception"}]}}}},"403":{"description":"Forbidden, Authenticated user has no access to the resource or the operation is invalid","content":{"application/json":{"schema":{"oneOf":[{"$ref":"#/components/schemas/applicationException"},{"$ref":"#/components/schemas/exception"}]}}}},"404":{"description":"Not found, A related resource was not found","content":{"application/json":{"schema":{"oneOf":[{"$ref":"#/components/schemas/applicationException"},{"$ref":"#/components/schemas/exception"}]}}}},"408":{"description":"Timed Out, The request timed out","content":{"application/json":{"schema":{"oneOf":[{"$ref":"#/components/schemas/applicationException"},{"$ref":"#/components/schemas/exception"}]}}}},"409":{"description":"Conflict, The request generated a conflict","content":{"application/json":{"schema":{"oneOf":[{"$ref":"#/components/schemas/applicationException"},{"$ref":"#/components/schemas/exception"}]}}}},"422":{"description":"Unprocessable entity, The request contains semantic errors","content":{"application/json":{"schema":{"oneOf":[{"$ref":"#/components/schemas/applicationException"},{"$ref":"#/components/schemas/exception"}]}}}},"500":{"description":"Internal server error, A domain error or an unxpected error was raised","content":{"application/json":{"schema":{"oneOf":[{"$ref":"#/components/schemas/applicationException"},{"$ref":"#/components/schemas/exception"}]}}}}},"security":[{"xApiKey":[]}]}},"/machinemodels":{"get":{"tags":["frontend","machine models"],"summary":"Get the list of machine models","responses":{"200":{"description":"OK","content":{"application/json":{"schema":{"$ref":"#/components/schemas/machineModelList"}}}},"408":{"description":"Timed Out, The request timed out","content":{"application/json":{"schema":{"oneOf":[{"$ref":"#/components/schemas/applicationException"},{"$ref":"#/components/schemas/exception"}]}}}},"500":{"description":"Internal server error, An unxpected error was raised","content":{"application/json":{"schema":{"oneOf":[{"$ref":"#/components/schemas/applicationException"},{"$ref":"#/components/schemas/exception"}]}}}}},"security":[{"jwt":[]}]},"post":{"tags":["frontend","machine models"],"summary":"Create or update a Machine Model. Only user editors that belongs to admin SSC are allowed to create or update machine models. Machine models of type Blanking can have technology of types Laser, Combi or NCT only. Machine model of type Bending can have technology of types Bend or BendRobot","operationId":"createOrUpdateMachineModel","requestBody":{"$ref":"#/components/requestBodies/createOrUpdateMachineModelCommand"},"responses":{"200":{"description":"OK, The resource was updated"},"201":{"description":"Created, The resource was created","headers":{"Location":{"description":"URI of the created resource (e.g. /machinemodels/ENSIS3015AJ)","style":"simple","explode":false,"schema":{"type":"string"}}}},"400":{"description":"Bad Request, The request contains syntax errors","content":{"application/json":{"schema":{"oneOf":[{"$ref":"#/components/schemas/applicationException"},{"$ref":"#/components/schemas/exception"}]}}}},"403":{"description":"Forbidden, The operation is invalid","content":{"application/json":{"schema":{"oneOf":[{"$ref":"#/components/schemas/applicationException"},{"$ref":"#/components/schemas/exception"}]}}}},"404":{"description":"Not found, A related resource was not found","content":{"application/json":{"schema":{"oneOf":[{"$ref":"#/components/schemas/applicationException"},{"$ref":"#/components/schemas/exception"}]}}}},"408":{"description":"Timed Out, The request timed out","content":{"application/json":{"schema":{"oneOf":[{"$ref":"#/components/schemas/applicationException"},{"$ref":"#/components/schemas/exception"}]}}}},"409":{"description":"Conflict, The request generated a conflict","content":{"application/json":{"schema":{"oneOf":[{"$ref":"#/components/schemas/applicationException"},{"$ref":"#/components/schemas/exception"}]}}}},"422":{"description":"Unprocessable entity, The request contains semantic errors","content":{"application/json":{"schema":{"oneOf":[{"$ref":"#/components/schemas/applicationException"},{"$ref":"#/components/schemas/exception"}]}}}},"500":{"description":"Internal server error, A domain error or an unxpected error was raised","content":{"application/json":{"schema":{"oneOf":[{"$ref":"#/components/schemas/applicationException"},{"$ref":"#/components/schemas/exception"}]}}}}},"security":[{"jwt":[]}]}},"/machinemodels/{machineModelName}":{"get":{"tags":["frontend","machine models"],"summary":"Get machine model information","parameters":[{"name":"machineModelName","in":"path","description":"Machine model name","required":true,"style":"simple","explode":false,"schema":{"type":"string","format":"email"}}],"responses":{"200":{"description":"OK","content":{"application/json":{"schema":{"$ref":"#/components/schemas/machineModelDetail"}}}},"403":{"description":"Forbidden, Invalid operation","content":{"application/json":{"schema":{"oneOf":[{"$ref":"#/components/schemas/applicationException"},{"$ref":"#/components/schemas/exception"}]}}}},"408":{"description":"Timed Out, The request timed out","content":{"application/json":{"schema":{"oneOf":[{"$ref":"#/components/schemas/applicationException"},{"$ref":"#/components/schemas/exception"}]}}}},"500":{"description":"Internal server error, An unxpected error was raised","content":{"application/json":{"schema":{"oneOf":[{"$ref":"#/components/schemas/applicationException"},{"$ref":"#/components/schemas/exception"}]}}}}},"security":[{"jwt":[]}]},"put":{"tags":["frontend","machine models"],"summary":"Create or update a Machine Model. Only user editors that belongs to admin SSC are allowed to create or update machine models. Machine models of type Blanking can have technology of types Laser, Combi or NCT only. Machine model of type Bending can have technology of types Bend or BendRobot","operationId":"updtaeOrCreateMachineModel","parameters":[{"name":"machineModelName","in":"path","description":"Machine model name (unique identifier)","required":true,"style":"simple","explode":false,"schema":{"type":"string","format":"email"}}],"requestBody":{"$ref":"#/components/requestBodies/createOrUpdateMachineModelCommand"},"responses":{"200":{"description":"OK, The resource was updated"},"201":{"description":"Created, The resource was created","headers":{"Location":{"description":"URI of the created resource (e.g. /users/user@email.com)","style":"simple","explode":false,"schema":{"type":"string"}}}},"400":{"description":"Bad Request, The request contains syntax errors","content":{"application/json":{"schema":{"oneOf":[{"$ref":"#/components/schemas/applicationException"},{"$ref":"#/components/schemas/exception"}]}}}},"403":{"description":"Forbidden, The operation is invalid","content":{"application/json":{"schema":{"oneOf":[{"$ref":"#/components/schemas/applicationException"},{"$ref":"#/components/schemas/exception"}]}}}},"404":{"description":"Not found, A related resource was not found","content":{"application/json":{"schema":{"oneOf":[{"$ref":"#/components/schemas/applicationException"},{"$ref":"#/components/schemas/exception"}]}}}},"408":{"description":"Timed Out, The request timed out","content":{"application/json":{"schema":{"oneOf":[{"$ref":"#/components/schemas/applicationException"},{"$ref":"#/components/schemas/exception"}]}}}},"409":{"description":"Conflict, The request generated a conflict","content":{"application/json":{"schema":{"oneOf":[{"$ref":"#/components/schemas/applicationException"},{"$ref":"#/components/schemas/exception"}]}}}},"422":{"description":"Unprocessable entity, The request contains semantic errors","content":{"application/json":{"schema":{"oneOf":[{"$ref":"#/components/schemas/applicationException"},{"$ref":"#/components/schemas/exception"}]}}}},"500":{"description":"Internal server error, A domain error or an unxpected error was raised","content":{"application/json":{"schema":{"oneOf":[{"$ref":"#/components/schemas/applicationException"},{"$ref":"#/components/schemas/exception"}]}}}}},"security":[{"jwt":[]}]},"delete":{"tags":["frontend","machine models"],"summary":"Delete a machine model. Logical deletion will be performed Only user editors that belongs to admin SSC are allowed to create or update machine models","operationId":"deleteMachineModel","parameters":[{"name":"machineModelName","in":"path","description":"Machine model name","required":true,"style":"simple","explode":false,"schema":{"type":"string"}}],"responses":{"200":{"description":"OK, The resource was deletd"},"400":{"description":"Bad Request, The request contains syntax errors","content":{"application/json":{"schema":{"oneOf":[{"$ref":"#/components/schemas/applicationException"},{"$ref":"#/components/schemas/exception"}]}}}},"403":{"description":"Forbidden, The operation is invalid","content":{"application/json":{"schema":{"oneOf":[{"$ref":"#/components/schemas/applicationException"},{"$ref":"#/components/schemas/exception"}]}}}},"404":{"description":"Not found, The resource or a related resource was not found","content":{"application/json":{"schema":{"oneOf":[{"$ref":"#/components/schemas/applicationException"},{"$ref":"#/components/schemas/exception"}]}}}},"408":{"description":"Timed Out, The request timed out","content":{"application/json":{"schema":{"oneOf":[{"$ref":"#/components/schemas/applicationException"},{"$ref":"#/components/schemas/exception"}]}}}},"409":{"description":"Conflict, The request generated a conflict","content":{"application/json":{"schema":{"oneOf":[{"$ref":"#/components/schemas/applicationException"},{"$ref":"#/components/schemas/exception"}]}}}},"422":{"description":"Unprocessable entity, The request contains semantic errors","content":{"application/json":{"schema":{"oneOf":[{"$ref":"#/components/schemas/applicationException"},{"$ref":"#/components/schemas/exception"}]}}}},"500":{"description":"Internal server error, A domain error or an unxpected error was raised","content":{"application/json":{"schema":{"oneOf":[{"$ref":"#/components/schemas/applicationException"},{"$ref":"#/components/schemas/exception"}]}}}}},"security":[{"jwt":[]}]}},"/machinemodels/{machineModelName}/picture":{"post":{"tags":["frontend","machine models"],"summary":"Add or update a machine model picture. Only user editors that belongs to admin SSC are allowed to add or update a machine model picture.","operationId":"addOrUpdateMachineModelPicture","parameters":[{"name":"machineModelName","in":"path","description":"Machine model name (unique identifier)","required":true,"style":"simple","explode":false,"schema":{"type":"string","format":"email"}}],"requestBody":{"$ref":"#/components/requestBodies/addOrUpdateMachineModelPictureCommand"},"responses":{"201":{"description":"Created, The resource was created","content":{"application/json":{"schema":{"$ref":"#/components/schemas/s3PutPresignedUrlResponse"}}}},"400":{"description":"Bad Request, The request contains syntax errors","content":{"application/json":{"schema":{"oneOf":[{"$ref":"#/components/schemas/applicationException"},{"$ref":"#/components/schemas/exception"}]}}}},"403":{"description":"Forbidden, Authenticated user has no access to the resource or the operation is invalid","content":{"application/json":{"schema":{"oneOf":[{"$ref":"#/components/schemas/applicationException"},{"$ref":"#/components/schemas/exception"}]}}}},"404":{"description":"Not found, A related resource was not found","content":{"application/json":{"schema":{"oneOf":[{"$ref":"#/components/schemas/applicationException"},{"$ref":"#/components/schemas/exception"}]}}}},"408":{"description":"Timed Out, The request timed out","content":{"application/json":{"schema":{"oneOf":[{"$ref":"#/components/schemas/applicationException"},{"$ref":"#/components/schemas/exception"}]}}}},"409":{"description":"Conflict, The request generated a conflict","content":{"application/json":{"schema":{"oneOf":[{"$ref":"#/components/schemas/applicationException"},{"$ref":"#/components/schemas/exception"}]}}}},"422":{"description":"Unprocessable entity, The request contains semantic errors","content":{"application/json":{"schema":{"oneOf":[{"$ref":"#/components/schemas/applicationException"},{"$ref":"#/components/schemas/exception"}]}}}},"500":{"description":"Internal server error, A domain error or an unxpected error was raised","content":{"application/json":{"schema":{"oneOf":[{"$ref":"#/components/schemas/applicationException"},{"$ref":"#/components/schemas/exception"}]}}}}},"security":[{"xApiKey":[]}]}}},"components":{"schemas":{"createOrUpdateOfficeCommand":{"description":"Office creation or update command schema","allOf":[{"$ref":"#/components/schemas/office"},{"type":"object","properties":{"address":{"type":"object","properties":{"street":{"type":"string"},"number":{"type":"string"},"city":{"type":"string"},"province":{"type":"string"},"postalCode":{"type":"string"},"state":{"type":"string"}},"description":"Office address"},"products":{"type":"array","description":"List of product for the office. If the field is missing, when updating an office, the actual office's product will be preserved. If the field is valued, when updating an office, the actual office's product will be replaced","items":{"$ref":"#/components/schemas/product"}}}}]},"addOrUpdateProductToOfficeCommand":{"description":"Product add or update command schema","allOf":[{"$ref":"#/components/schemas/product"},{"required":["officeCode"],"type":"object","properties":{"officeCode":{"pattern":"^(C|X)\\d{5}$","type":"string","description":"Office code: Must start with 'C' character. For Develop Environment only should start also with 'X' character"}}}]},"addOrUpdateProductToUserCommand":{"description":"Product add or update command schema","allOf":[{"$ref":"#/components/schemas/product"},{"required":["username"],"type":"object","properties":{"username":{"type":"string","description":"User name"}}}]},"addOrUpdateProfilePictureToUserCommand":{"required":["filename","officeCode","username"],"type":"object","properties":{"username":{"type":"string","description":"User name"},"officeCode":{"pattern":"^(C|X)\\d{5}$","type":"string","description":"Office code: Must start with 'C' character. For Develop Environment only should start also with 'X' character"},"filename":{"type":"string","description":"File name"}},"description":"Profile picture add or update command schema"},"addOrUpdateMachineToOfficeCommand":{"description":"Machine add or update command schema","allOf":[{"$ref":"#/components/schemas/machine"},{"required":["officeCode"],"type":"object","properties":{"officeCode":{"pattern":"^(C|X)\\d{5}$","type":"string","description":"Office code: Must start with 'C' character. For Develop Environment only should start also with 'X' character"}}}]},"createOrUpdateOfficeCommandList":{"type":"array","description":"Bulk office creation or update command schema","items":{"$ref":"#/components/schemas/createOrUpdateOfficeCommand"}},"createOrUpdateUserCommand":{"description":"User creation or update command schema","allOf":[{"$ref":"#/components/schemas/user"},{"required":["officeCode"],"type":"object","properties":{"officeCode":{"pattern":"^(C|X)\\d{5}$","type":"string","description":"Office code: Must start with 'C' character. For Develop Environment only should start also with 'X' character"},"products":{"type":"array","description":"List of product for the user","items":{"$ref":"#/components/schemas/product"}}}}]},"createOrUpdateMachineModelCommand":{"description":"Machine Model creation or update command schema","allOf":[{"$ref":"#/components/schemas/machineModel"}]},"addOrUpdateMachineModelPictureCommand":{"required":["filename","username"],"type":"object","properties":{"username":{"type":"string","description":"User name"},"filename":{"type":"string","description":"File name"}},"description":"Machine model picture add or update command schema"},"applicationException":{"type":"object","properties":{"message":{"type":"string"},"key":{"type":"string"},"args":{"type":"array","items":{"type":"string"}},"traceback":{"type":"string"}},"description":"Application exception schema"},"s3PutPresignedUrlResponse":{"type":"object","properties":{"message":{"type":"string","description":"Presigned PUT URL to call for create or update a specific item on S3. That item is required in the body of the request.","format":"uri"},"location":{"type":"string"},"key":{"type":"string"},"args":{"type":"array","items":{"type":"string","nullable":true}},"traceback":{"type":"string"}},"description":"Response item schema for s3 PUT presigned url"},"exception":{"type":"object","properties":{"message":{"type":"string"},"traceback":{"type":"string"}},"description":"Generic exception schema"},"bulkResponseItem":{"required":["id","statusCode"],"type":"object","properties":{"id":{"type":"string","description":"Identifier of the single entity to which the response refers"},"statusCode":{"type":"number","description":"HTTP status code","format":"Int16"},"body":{"minProperties":1,"type":"object","description":"Response body"},"exception":{"description":"Raised error","oneOf":[{"$ref":"#/components/schemas/applicationException"},{"$ref":"#/components/schemas/exception"}]}},"description":"Response item schema for bulk commands"},"bulkResponse":{"type":"array","description":"Response schema for bulk commands","items":{"$ref":"#/components/schemas/bulkResponseItem"}},"office":{"required":["code","email","name","type"],"type":"object","properties":{"code":{"pattern":"^(C|X)\\d{5}$","type":"string","description":"Office code: Must start with 'C' character. For Develop Environment only should start also with 'X' character"},"name":{"type":"string","description":"Office name"},"email":{"type":"string","description":"Office email","format":"email"},"type":{"$ref":"#/components/schemas/officeType"},"parentSSC":{"pattern":"^(C|X)\\d{5}$","type":"string","description":"Parent SSC Code code: Must start with 'C' character. For Develop Environment only should start also with 'X' character"}},"description":"Office base schema for both commands and queries"},"product":{"required":["code","name","productKey","type"],"type":"object","properties":{"code":{"type":"string","description":"Product CRM internal ID"},"name":{"type":"string","description":"Product name"},"productKey":{"type":"string","description":"Product license number, product id, product key"},"startDate":{"type":"string","description":"License start date","format":"date-time"},"expireDate":{"type":"string","description":"License expiry date","format":"date-time"},"type":{"$ref":"#/components/schemas/licenseType"}},"description":"Product base schema for both commands and queries"},"user":{"required":["editor","familyName","name","username"],"type":"object","properties":{"username":{"type":"string","description":"User email (unique identifier)","format":"email"},"name":{"type":"string","description":"User name"},"familyName":{"type":"string","description":"User family name"},"imageURL":{"type":"string","description":"User image URL","format":"uri"},"siteURL":{"type":"string","description":"User social media URL","format":"uri"},"editor":{"type":"boolean","description":"Determine if the user can edit machine and users information: if the user is an editor he can create or update user and machine for its SSC or its child SSCs. if a user is not user manager he can update only information about itself"}},"description":"User base schema for both commands and queries"},"address":{"type":"object","properties":{"street":{"type":"string"},"number":{"type":"string"},"city":{"type":"string"},"province":{"type":"string"},"postalCode":{"type":"string"},"state":{"type":"string"}},"description":"Address base schema for both commands and queries"},"machine":{"required":["displayName","modelCode","phase","serial","technology","vsddName"],"type":"object","properties":{"serial":{"type":"string","description":"Machine serial (unique identifier)"},"displayName":{"type":"string","description":"Machine name displayed"},"vsddName":{"type":"string","description":"Machine name on VSDD"},"modelCode":{"type":"string","description":"Machine model code"},"technology":{"type":"string","description":"Machine model technology","enum":["Laser","Combi","NCT","Bend","BendRobot"]}},"description":"Machine base schema for both commands and queries"},"machineModel":{"required":["imageURL","name","phase","technology"],"type":"object","properties":{"name":{"type":"string","description":"Machine Model name"},"phase":{"$ref":"#/components/schemas/phase"},"imageURL":{"type":"string","format":"uri"},"technology":{"type":"string","description":"Machine model technology","enum":["Laser","Combi","NCT","Bend","BendRobot"]}},"description":"Machine Model base schema for both commands and queries"},"phase":{"type":"string","description":"Phases","enum":["blanking","bending"]},"officeType":{"type":"string","description":"Office types","enum":["Customer","SSC","Admin"]},"licenseType":{"type":"string","description":"License types","enum":["Perpetual","Service"]},"machineDetail":{"description":"Machine detail schema for query","allOf":[{"$ref":"#/components/schemas/machine"},{"required":["phase"],"type":"object","properties":{"phase":{"$ref":"#/components/schemas/phase"},"imageURL":{"type":"string","format":"uri"}}}]},"officeDetail":{"description":"Office detail query schema","allOf":[{"$ref":"#/components/schemas/office"},{"required":["machines","products","users"],"type":"object","properties":{"parentSSC":{"allOf":[{"$ref":"#/components/schemas/office"},{"required":["code","name"],"type":"object","properties":{"parentSSC":{"type":"object","properties":{"code":{"pattern":"^(C|X)\\d{5}$","type":"string","description":"Parent SSC code: Must start with 'C' character. For Develop Environment only should start also with 'X' character"},"name":{"type":"string","description":"Parent SSC name"}}}}}]},"address":{"$ref":"#/components/schemas/address"},"products":{"type":"array","description":"List of product for the office.","items":{"$ref":"#/components/schemas/product"}},"machines":{"type":"array","description":"List of machines for the office.","items":{"$ref":"#/components/schemas/machineDetail"}},"users":{"type":"array","description":"List of user for the office.","items":{"allOf":[{"$ref":"#/components/schemas/user"},{"required":["products"],"type":"object","properties":{"products":{"type":"array","description":"List of product for the user.","items":{"$ref":"#/components/schemas/product"}}}}]}}}}]},"officeListItem":{"description":"Office list query item schema","allOf":[{"$ref":"#/components/schemas/office"},{"required":["code","name"],"type":"object","properties":{"parentSSC":{"type":"object","properties":{"code":{"pattern":"^(C|X)\\d{5}$","type":"string","description":"Parent SSC code: Must start with 'C' character. For Develop Environment only should start also with 'X' character"},"name":{"type":"string","description":"Parent SSC name"}}}}}]},"officeList":{"type":"array","description":"Office list query schema","items":{"$ref":"#/components/schemas/officeListItem"}},"userDetail":{"description":"User detail query schema","allOf":[{"$ref":"#/components/schemas/user"},{"required":["office","products"],"type":"object","properties":{"products":{"type":"array","description":"List of product for the user.","items":{"$ref":"#/components/schemas/product"}},"office":{"allOf":[{"$ref":"#/components/schemas/office"},{"required":["products"],"type":"object","properties":{"products":{"type":"array","description":"List of product for the office.","items":{"$ref":"#/components/schemas/product"}}}}]}}}]},"userListItem":{"description":"User list query item schema","allOf":[{"$ref":"#/components/schemas/user"},{"required":["officeCode","officeName"],"type":"object","properties":{"officeCode":{"pattern":"^(C|X)\\d{5}$","type":"string","description":"Office code to which the user belongs: Must start with 'C' character. For Develop             Environment only should start also with 'X' character"},"officeName":{"type":"string","description":"Office name to which the user belongs"}}}]},"userList":{"type":"array","description":"User list query schema","items":{"$ref":"#/components/schemas/userListItem"}},"machineModelDetail":{"description":"Machine model detail query schema","allOf":[{"$ref":"#/components/schemas/machineModel"}]},"machineModelListItem":{"description":"User list query item schema","allOf":[{"$ref":"#/components/schemas/machineModel"}]},"machineModelList":{"type":"array","description":"User list query schema","items":{"$ref":"#/components/schemas/machineModelListItem"}}},"requestBodies":{"createOrUpdateOfficeCommand":{"description":"Represent an office (Customer or SSC)","content":{"application/json":{"schema":{"$ref":"#/components/schemas/createOrUpdateOfficeCommand"}}},"required":true},"createOrUpdateOfficeCommandList":{"description":"Represent a list of offices (Customers or SSCs)","content":{"application/json":{"schema":{"$ref":"#/components/schemas/createOrUpdateOfficeCommandList"}}},"required":true},"addOrUpdateProductToOfficeCommand":{"description":"Represent a product (license)","content":{"application/json":{"schema":{"$ref":"#/components/schemas/addOrUpdateProductToOfficeCommand"}}},"required":true},"addOrUpdateProductToUserCommand":{"description":"Represent a product (license)","content":{"application/json":{"schema":{"$ref":"#/components/schemas/addOrUpdateProductToUserCommand"}}},"required":true},"addOrUpdateProfilePictureToUserCommand":{"description":"Represent an user profile picture","content":{"application/json":{"schema":{"$ref":"#/components/schemas/addOrUpdateProfilePictureToUserCommand"}}},"required":true},"addOrUpdateMachineToOfficeCommand":{"description":"Represent a machine","content":{"application/json":{"schema":{"$ref":"#/components/schemas/addOrUpdateMachineToOfficeCommand"}}},"required":true},"createOrUpdateUserCommand":{"description":"Represent an user","content":{"application/json":{"schema":{"$ref":"#/components/schemas/createOrUpdateUserCommand"}}},"required":true},"createOrUpdateMachineModelCommand":{"description":"Represent a machine model","content":{"application/json":{"schema":{"$ref":"#/components/schemas/createOrUpdateMachineModelCommand"}}},"required":true},"addOrUpdateMachineModelPictureCommand":{"description":"Represent a machine model picture","content":{"application/json":{"schema":{"$ref":"#/components/schemas/addOrUpdateMachineModelPictureCommand"}}},"required":true}},"securitySchemes":{"xApiKey":{"type":"apiKey","name":"x-api-key","in":"header"},"jwt":{"type":"http","scheme":"bearer","bearerFormat":"JWT"}}}}