{"openapi":"3.0.0","info":{"title":"BlueG API","description":"A simple API to illustrate OpenAPI concepts","version":"v1.0.0"},"servers":[{"url":"https://virtserver.swaggerhub.com/aruna.d/BlueG-API/v1.0.0","description":"SwaggerHub API Auto Mocking"},{"url":"https://example.io/api/v1.0/","description":"development server"}],"tags":[{"name":"Identity Verification"}],"paths":{"/pan":{"post":{"tags":["Identity Verification"],"description":"verifies a pan and return Response","operationId":"login","requestBody":{"description":"Optional description in *Markdown*","content":{"application/json":{"schema":{"type":"array","example":[{"case_id":"713408","serial_no":"1","component_id":8}],"items":{"type":"string"}}}},"required":true},"responses":{"200":{"description":"Pan is verified","content":{"application/json":{"schema":{"$ref":"#/components/schemas/Pan"}}}},"400":{"description":"Error 400","content":{"application/json":{"schema":{"$ref":"#/components/schemas/400"}}}}}}}},"components":{"schemas":{"400":{"type":"object","properties":{"error":{"type":"string","example":"Bad-Request -- Invalid body in your request"}},"description":"Schema for 400"},"Pan":{"type":"object","properties":{"status":{"type":"number","example":2E+2},"success":{"type":"string","example":"true"},"data":{"type":"object","example":{"ResumeID":"2227D00162","Doc_type":"pan","Status":"Valid"}},"message":{"type":"string","example":"Identity Verification Success"}}},"inline_response_200":{"type":"object","properties":{"ResumeID":{"type":"string","example":"2227D00162"},"Doc_type":{"type":"string","example":"pan"},"Status":{"type":"string","example":"InValid"}}}},"securitySchemes":{"ApiAuthKey":{"type":"apiKey","name":"X-Auth-Token","in":"header"}}}}