{"openapi":"3.0.0","info":{"title":"SPINpop","license":{"name":"MIT"},"version":"1.0.0"},"servers":[{"url":"https://virtserver.swaggerhub.com/aviXP/SPINpop/1.0.0","description":"SwaggerHub API Auto Mocking"},{"url":"https://spin-3642.spinpos.com/api/pop"}],"security":[{"BasicAuth":[]}],"paths":{"/v6/products":{"get":{"tags":["product"],"summary":"Products","description":"Returns information about Products","operationId":"TBD","parameters":[{"name":"since","in":"query","description":"Return products changed since the given date and time","required":false,"style":"form","explode":true,"schema":{"type":"string","example":"2022-04-30T14:33:56+0200"}}],"responses":{"200":{"description":"Details about products","content":{"application/json":{"schema":{"$ref":"#/components/schemas/Product"}}}},"default":{"description":"Unexpected error","content":{"application/json":{"schema":{"$ref":"#/components/schemas/Error"}}}}}}}},"components":{"schemas":{"Product":{"type":"object","properties":{"id":{"type":"integer","format":"int64"},"name":{"type":"string"}}},"Error":{"required":["code","message"],"type":"object","properties":{"code":{"type":"integer","format":"int32"},"message":{"type":"string"}}}},"securitySchemes":{"BasicAuth":{"type":"http","scheme":"basic"}}}}