{"openapi":"3.0.0","info":{"title":"Simple Inventory API","description":"This is a simple API","contact":{"email":"you@your-company.com"},"license":{"name":"Apache 2.0","url":"http://www.apache.org/licenses/LICENSE-2.0.html"},"version":"1.0.0"},"servers":[{"url":"https://virtserver.swaggerhub.com/Pantek/InsightTest/1.0.0","description":"SwaggerHub API Auto Mocking"}],"tags":[{"name":"admins","description":"Calls for game administrators"},{"name":"players","description":"Calls for player GUI"}],"paths":{"/create/{modelFileName}":{"get":{"tags":["admins"],"description":"Create a new game, set its time step to 0 and make it ready for player login.","parameters":[{"name":"modelFileName","in":"path","description":"File name of the exported XML model file that is to be used for the creation of the new game.","required":true,"style":"simple","explode":false,"schema":{"type":"string"}}],"responses":{"200":{"description":"Game has been created successfully and its game key is returned.","content":{"text/plain":{"schema":{"type":"string","example":"A245F"}}}},"400":{"description":"Error creating game"}}}},"/destroy/{gameKey}":{"get":{"tags":["admins"],"description":"Delete active game","parameters":[{"name":"gameKey","in":"path","description":"Game key of active game","required":true,"style":"simple","explode":false,"schema":{"type":"string"}}],"responses":{"200":{"description":"Game has been found and deleted."},"404":{"description":"Game key not found"}}}},"/list/files":{"get":{"tags":["admins"],"description":"List all model files on server.","responses":{"200":{"description":"Array of model file names on server.","content":{"application/json":{"schema":{"type":"array","example":["demo.xml","starter.xml","bullwhipModel.xml"],"items":{"type":"string"}}}}},"404":{"description":"No model files found"}}}},"/list/games":{"get":{"tags":["admins"],"description":"List all games already running or waiting to run.","responses":{"200":{"description":"Active games are returned in the form of an array of game keys.","content":{"application/json":{"schema":{"type":"array","example":["7F34A","G28CV","652D9"],"items":{"type":"string"}}}}},"400":{"description":"No active games"}}}},"/getInfo/{gameKey}":{"get":{"tags":["admins"],"description":"Get information for active game.","parameters":[{"name":"gameKey","in":"path","description":"Game key of active game","required":true,"style":"simple","explode":false,"schema":{"type":"string"}}],"responses":{"200":{"description":"GameInfo object for selected active game","content":{"application/json":{"schema":{"$ref":"#/components/schemas/GameInfo"}}}},"404":{"description":"Game key not found"}}}},"/getInfo/{gameKey}/{playerName}":{"get":{"tags":["admins"],"description":"Get information for active game.","parameters":[{"name":"gameKey","in":"path","description":"Game key of active game","required":true,"style":"simple","explode":false,"schema":{"type":"string"}},{"name":"playerName","in":"path","description":"Player name in active game","required":true,"style":"simple","explode":false,"schema":{"type":"string"}}],"responses":{"200":{"description":"PlayerInfo object for selected player","content":{"application/json":{"schema":{"$ref":"#/components/schemas/GameInfo"}}}},"404":{"description":"Game key or player not found"}}}},"/model/delete/{fileName}":{"get":{"tags":["admins"],"description":"Delete model file from server","parameters":[{"name":"fileName","in":"path","description":"Name of model file to be deleted","required":true,"style":"simple","explode":false,"schema":{"type":"string"}}],"responses":{"200":{"description":"Model deleted successfully"},"404":{"description":"File not found"}}}},"/model/upload/{fileName}":{"post":{"tags":["admins"],"description":"Upload model file to server","parameters":[{"name":"fileName","in":"path","description":"Name of model file to be created","required":true,"style":"simple","explode":false,"schema":{"type":"string"}}],"requestBody":{"content":{"text/xml":{"schema":{"type":"string"}}}},"responses":{"200":{"description":"File uploaded successfully"}}}},"/login/{gameKey}/{playerName}":{"get":{"tags":["players"],"description":"Add player to game in status 0","parameters":[{"name":"gameKey","in":"path","description":"Game key of active game","required":true,"style":"simple","explode":false,"schema":{"type":"string"}},{"name":"playerName","in":"path","description":"Name of player logging in","required":true,"style":"simple","explode":false,"schema":{"type":"string"}}],"responses":{"200":{"description":"Initial data for GUI setup","content":{"application/json":{"schema":{"$ref":"#/components/schemas/TurnData"}}}},"404":{"description":"Game key not found"}}}},"/turn/{gameKey}/{playerName}":{"get":{"tags":["players"],"description":"Send user input for active turn","parameters":[{"name":"gameKey","in":"path","description":"Game key of active game","required":true,"style":"simple","explode":false,"schema":{"type":"string"}},{"name":"playerName","in":"path","description":"Name of player logging in","required":true,"style":"simple","explode":false,"schema":{"type":"string"}},{"name":"values","in":"header","required":true,"style":"simple","explode":false,"content":{"application/json":{"schema":{"$ref":"#/components/schemas/TurnData"}}}}],"responses":{"200":{"description":"GameInfo object for selected active game","content":{"application/json":{"schema":{"$ref":"#/components/schemas/TurnData"}}}},"404":{"description":"Game key not found"}}}}},"components":{"schemas":{"GameInfo":{"type":"object","properties":{"gameKey":{"type":"string","example":"f34dp2"},"players":{"type":"array","example":["Player 1","Player 2","Player 3"],"items":{"type":"string"}},"status":{"type":"integer","description":"0 = waiting for players<br>1 = game running<br>2 = game over","example":0},"timeStep":{"type":"integer","example":3},"modelFileName":{"type":"string","example":"simpleModel.xml"},"createdAt":{"type":"string","example":"2021-03-25T14:31:40Z"}}},"PlayerInfo":{"type":"array","description":"Array of user input primitive names and values for model execution.","items":{"$ref":"#/components/schemas/PrimitiveObject"}},"PrimitiveObject":{"type":"object","properties":{"name":{"type":"string","example":"Market Outflow"},"value":{"type":"number","example":8.34}}},"TurnData":{"type":"object","properties":{"timestep":{"type":"integer","example":0},"values":{"type":"array","description":"Array of user input primitive names and values for model execution.","items":{"$ref":"#/components/schemas/PrimitiveObject"}}},"description":"Object with timestep and primitive data"}}}}