{"openapi":"3.0.0","info":{"title":"Robot API","description":"Bluehill robot API","version":"v1"},"servers":[{"url":"https://api.bluehill.coffee/v1"}],"tags":[{"name":"device-gateway","description":"Inbound and outbound gateway service"},{"name":"device-mgmt","description":"Device metadata and state management service"},{"name":"device-configuration-mgmt","description":"Device configuration management service"},{"name":"device-action-mgmt","description":"Device program, task, action magement service"},{"name":"device-software-mgmt","description":"Device software management service"}],"paths":{"/robot_programs":{"get":{"tags":["device-action-mgmt"],"summary":"Get robot programs","operationId":"getRobotPrograms","parameters":[{"name":"pagination.pageSize","in":"query","required":false,"style":"form","explode":true,"schema":{"type":"integer"}},{"name":"pagination.lastItem","in":"query","required":false,"style":"form","explode":true,"schema":{"type":"string"}},{"name":"configuration","in":"query","required":true,"style":"form","explode":true,"schema":{"type":"integer","format":"int64"}}],"responses":{"200":{"description":"Get robot programs response","content":{"application/vnd.coffee.bluehill.usecommonfieldsnaming+json":{"schema":{"$ref":"#/components/schemas/GetRobotProgramsResponse"}}}}}},"post":{"tags":["device-action-mgmt"],"summary":"Create robot program","operationId":"createRobotProgram","requestBody":{"content":{"application/json":{"schema":{"$ref":"#/components/schemas/CreateRobotProgramRequest"}}},"required":true},"responses":{"200":{"description":"Create robot program response","content":{"application/json":{"schema":{"$ref":"#/components/schemas/CreateRobotProgramResponse"}}}}}}},"/robot_programs/{id}":{"get":{"tags":["device-action-mgmt"],"summary":"Get robot program by robot program Id","operationId":"getRobotProgram","parameters":[{"name":"id","in":"path","required":true,"style":"simple","explode":false,"schema":{"type":"integer","format":"int64"}}],"responses":{"200":{"description":"Get robot program response","content":{"application/json":{"schema":{"$ref":"#/components/schemas/GetRobotProgramResponse"}}}}}},"put":{"tags":["device-action-mgmt"],"summary":"Update robot program","operationId":"updateRobotProgram","parameters":[{"name":"id","in":"path","required":true,"style":"simple","explode":false,"schema":{"type":"integer","format":"int64"}}],"requestBody":{"content":{"application/json":{"schema":{"$ref":"#/components/schemas/UpdateRobotProgramRequest"}}},"required":true},"responses":{"200":{"description":"Update robot program response","content":{"application/json":{"schema":{"type":"string"},"example":""}}}}},"delete":{"tags":["device-action-mgmt"],"summary":"Delete robot program by robot program Id","operationId":"deleteRobotProgram","parameters":[{"name":"id","in":"path","required":true,"style":"simple","explode":false,"schema":{"type":"integer","format":"int64"}}],"responses":{"200":{"description":"Delete robot program response","content":{"application/json":{"schema":{"type":"string"},"example":""}}}}}},"/robot_tasks":{"get":{"tags":["device-action-mgmt"],"summary":"Get robot tasks","operationId":"getRobotTasks","parameters":[{"name":"pagination.pageSize","in":"query","required":false,"style":"form","explode":true,"schema":{"type":"integer"}},{"name":"pagination.lastItem","in":"query","required":false,"style":"form","explode":true,"schema":{"type":"string"}},{"name":"configuration","in":"query","required":true,"style":"form","explode":true,"schema":{"type":"integer","format":"int64"}}],"responses":{"200":{"description":"Get robot tasks response","content":{"application/vnd.coffee.bluehill.usecommonfieldsnaming+json":{"schema":{"$ref":"#/components/schemas/GetRobotTasksResponse"}}}}}},"post":{"tags":["device-action-mgmt"],"summary":"Create robot task","operationId":"createRobotTask","requestBody":{"content":{"application/json":{"schema":{"$ref":"#/components/schemas/CreateRobotTaskRequest"}}},"required":true},"responses":{"200":{"description":"Create robot action response","content":{"application/json":{"schema":{"$ref":"#/components/schemas/CreateRobotTaskResponse"}}}}}}},"/robot_tasks/{id}":{"get":{"tags":["device-action-mgmt"],"summary":"Get robot task by ID","operationId":"getRobotTask","parameters":[{"name":"id","in":"path","required":true,"style":"simple","explode":false,"schema":{"type":"integer","format":"int64"}}],"responses":{"200":{"description":"Get robot task response","content":{"application/json":{"schema":{"$ref":"#/components/schemas/GetRobotTaskResponse"}}}}}},"put":{"tags":["device-action-mgmt"],"summary":"Update robot task by ID","operationId":"updateRobotTask","parameters":[{"name":"id","in":"path","required":true,"style":"simple","explode":false,"schema":{"type":"integer","format":"int64"}}],"requestBody":{"content":{"application/json":{"schema":{"$ref":"#/components/schemas/UpdateRobotTaskRequest"}}},"required":true},"responses":{"200":{"description":"Update robot task response","content":{"application/json":{"schema":{"type":"string"},"example":""}}}}},"delete":{"tags":["device-action-mgmt"],"summary":"Delete robot task by ID","operationId":"deleteRobotTask","parameters":[{"name":"id","in":"path","required":true,"style":"simple","explode":false,"schema":{"type":"integer","format":"int64"}}],"responses":{"200":{"description":"Get robot task response","content":{"application/json":{"schema":{"type":"string"},"example":""}}}}}},"/robot_tasks/~/operations/multi_get/executions":{"post":{"tags":["device-action-mgmt"],"summary":"Get multiple robot tasks","operationId":"getMultipleRobotTasks","requestBody":{"content":{"application/vnd.coffee.bluehill.usecommonfieldsnaming+json":{"schema":{"$ref":"#/components/schemas/GetMultiRobotTasksRequest"}}},"required":true},"responses":{"200":{"description":"Get multiple robot tasks response","content":{"application/vnd.coffee.bluehill.usecommonfieldsnaming+json":{"schema":{"$ref":"#/components/schemas/GetMultiRobotTasksResponse"}}}}}}},"/robot_actions":{"get":{"tags":["device-action-mgmt"],"summary":"Get robot actions","operationId":"getRobotActions","parameters":[{"name":"pagination.pageSize","in":"query","required":false,"style":"form","explode":true,"schema":{"type":"integer"}},{"name":"pagination.lastItem","in":"query","required":false,"style":"form","explode":true,"schema":{"type":"string"}},{"name":"configuration","in":"query","required":true,"style":"form","explode":true,"schema":{"type":"integer","format":"int64"},"example":0},{"name":"fields","in":"query","required":false,"style":"form","explode":true,"schema":{"type":"array","example":["id","cloudHash"],"items":{"type":"string"}}}],"responses":{"200":{"description":"Get robot tasks response","content":{"application/vnd.coffee.bluehill.usecommonfieldsnaming+json":{"schema":{"$ref":"#/components/schemas/GetRobotActionsResponse"}}}}}},"post":{"tags":["device-action-mgmt"],"summary":"Create robot action","operationId":"createRobotAction","requestBody":{"content":{"application/json":{"schema":{"$ref":"#/components/schemas/CreateRobotActionRequest"}}},"required":true},"responses":{"200":{"description":"Create robot action response","content":{"application/json":{"schema":{"$ref":"#/components/schemas/CreateRobotActionResponse"}}}}}}},"/robot_actions/{id}":{"get":{"tags":["device-action-mgmt"],"summary":"Get robot action by ID","operationId":"getRobotAction","parameters":[{"name":"id","in":"path","required":true,"style":"simple","explode":false,"schema":{"type":"integer","format":"int64"}}],"responses":{"200":{"description":"Get robot action response","content":{"application/json":{"schema":{"$ref":"#/components/schemas/GetRobotActionResponse"}}}}}},"put":{"tags":["device-action-mgmt"],"summary":"Update robot action","operationId":"updateRobotAction","parameters":[{"name":"id","in":"path","required":true,"style":"simple","explode":false,"schema":{"type":"integer","format":"int64"}}],"requestBody":{"content":{"application/json":{"schema":{"$ref":"#/components/schemas/UpdateRobotActionRequest"}}},"required":true},"responses":{"200":{"description":"Update robot action response","content":{"application/json":{"schema":{"type":"string"},"example":""}}}}},"delete":{"tags":["device-action-mgmt"],"summary":"Delete robot action","operationId":"deleteRobotAction","parameters":[{"name":"id","in":"path","required":true,"style":"simple","explode":false,"schema":{"type":"integer","format":"int64"}}],"responses":{"200":{"description":"Delete robot action response","content":{"application/json":{"schema":{"type":"string"},"example":""}}}}}},"/robot_actions/~/operations/multi_get/executions":{"post":{"tags":["device-action-mgmt"],"summary":"Get multiple robot actions","operationId":"getMultipleRobotActions","requestBody":{"content":{"application/vnd.coffee.bluehill.usecommonfieldsnaming+json":{"schema":{"$ref":"#/components/schemas/GetMultiRobotActionsRequest"}}},"required":true},"responses":{"200":{"description":"Get multiple robot actions response","content":{"application/vnd.coffee.bluehill.usecommonfieldsnaming+json":{"schema":{"$ref":"#/components/schemas/GetMultiRobotActionsResponse"}}}}}}},"/robot_attributes":{"get":{"tags":["device-action-mgmt"],"summary":"Get robot attributes","operationId":"getRobotAttributes","parameters":[{"name":"configuration","in":"query","required":true,"style":"form","explode":true,"schema":{"type":"integer","format":"int64"}},{"name":"productId","in":"query","required":false,"style":"form","explode":true,"schema":{"type":"integer","format":"int64"}},{"name":"attributeId","in":"query","required":false,"style":"form","explode":true,"schema":{"type":"integer","format":"int64"}},{"name":"optionId","in":"query","required":false,"style":"form","explode":true,"schema":{"type":"integer","format":"int64"}},{"name":"pagination.pageSize","in":"query","required":false,"style":"form","explode":true,"schema":{"type":"integer"}},{"name":"pagination.lastItem","in":"query","required":false,"style":"form","explode":true,"schema":{"type":"string"}}],"responses":{"200":{"description":"Get robot attributes response","content":{"application/json":{"schema":{"$ref":"#/components/schemas/GetRobotAttributesResponse"}}}}}}},"/robots_metadata":{"get":{"tags":["device-mgmt"],"summary":"Get robots metadata","operationId":"getRobotsMetadata","parameters":[{"name":"pagination.pageSize","in":"query","description":"Page size","required":false,"style":"form","explode":true,"schema":{"type":"integer"}},{"name":"pagination.lastItem","in":"query","description":"Pagination offset","required":false,"style":"form","explode":true,"schema":{"type":"string"}}],"responses":{"200":{"description":"Get robots metadata response","content":{"application/json":{"schema":{"$ref":"#/components/schemas/GetRobotsMetadataResponse"}}}}}}},"/robots_metadata/{robotId}":{"get":{"tags":["device-mgmt"],"summary":"Get robot metadata by robot ID","operationId":"getRobotMetadata","parameters":[{"name":"robotId","in":"path","required":true,"style":"simple","explode":false,"schema":{"type":"integer","format":"int64"}}],"responses":{"200":{"description":"Get robot metadata response","content":{"application/json":{"schema":{"$ref":"#/components/schemas/GetRobotMetadataResponse"}}}}}}},"/robots_state/{robotId}":{"get":{"tags":["device-mgmt"],"summary":"Get robot state by robot ID","operationId":"getRobotState","parameters":[{"name":"robotId","in":"path","required":true,"style":"simple","explode":false,"schema":{"type":"integer","format":"int64"}}],"responses":{"200":{"description":"Get robot state response","content":{"application/json":{"schema":{"$ref":"#/components/schemas/GetRobotStateResponse"}}}}}}},"/robots/{robotId}/ios":{"get":{"tags":["device-mgmt"],"summary":"Get robot IOs by robot ID","operationId":"getRobotIOs","parameters":[{"name":"robotId","in":"path","required":true,"style":"simple","explode":false,"schema":{"type":"integer","format":"int64"}}],"responses":{"200":{"description":"Get robot IOs response","content":{"application/json":{"schema":{"$ref":"#/components/schemas/GetRobotIOsResponse"}}}}}}},"/robots/{robotId}/orders/~/items/~/metrics":{"get":{"tags":["device-mgmt"],"summary":"Get order item metrics by robotId","operationId":"getRobotOrderItemMetrics","parameters":[{"name":"robotId","in":"path","required":true,"style":"simple","explode":false,"schema":{"type":"integer","format":"int64"},"example":0}],"responses":{"200":{"description":"Order item metrics","content":{"application/json":{"schema":{"$ref":"#/components/schemas/GetRobotOrderItemMetricsResponse"}}}}}}},"/robot_configurations/{configuration}/objects":{"get":{"tags":["device-configuration-mgmt"],"summary":"Get robot objects by configuration","operationId":"getRobotObjects","parameters":[{"name":"configuration","in":"path","required":true,"style":"simple","explode":false,"schema":{"type":"integer","format":"int64"}}],"responses":{"200":{"description":"Get robot objects response","content":{"application/json":{"schema":{"$ref":"#/components/schemas/GetRobotObjectsResponse"}}}}}}},"/robot_configurations/{configuration}/arucos/{arucoId}/states":{"post":{"tags":["device-configuration-mgmt"],"summary":"Upload aruco state","operationId":"uploadArucoState","parameters":[{"name":"configuration","in":"path","required":true,"style":"simple","explode":false,"schema":{"type":"integer","format":"int64"}},{"name":"arucoId","in":"path","required":true,"style":"simple","explode":false,"schema":{"type":"integer","format":"int64"}}],"requestBody":{"content":{"application/json":{"schema":{"$ref":"#/components/schemas/UploadArucoStateRequest"}}},"required":true},"responses":{"200":{"description":"Upload aruco state response","content":{"application/json":{"schema":{"$ref":"#/components/schemas/UploadArucoStateResponse"}}}}}}},"/robot_configurations/{configuration}/arucos/~/states":{"get":{"tags":["device-configuration-mgmt"],"summary":"Get aruco states","operationId":"getArucoStates","parameters":[{"name":"configuration","in":"path","required":true,"style":"simple","explode":false,"schema":{"type":"integer","format":"int64"}},{"name":"latest","in":"query","description":"Return latest aruco states for each arucoId when it is true. Not compatible with other parameters.","required":false,"style":"form","explode":true,"schema":{"type":"boolean"}},{"name":"startTime","in":"query","description":"Start time of aruco state. Not compatible with `latest` parameter.","required":false,"style":"form","explode":true,"schema":{"type":"integer","format":"int64"}},{"name":"endTime","in":"query","description":"End time of aruco state. Not compatible with `latest` parameter.","required":false,"style":"form","explode":true,"schema":{"type":"integer","format":"int64"}},{"name":"pagination.pageSize","in":"query","description":"Page size. Not compatible with `latest` parameter.","required":false,"style":"form","explode":true,"schema":{"type":"integer"}},{"name":"pagination.lastItem","in":"query","description":"Pagination offset. Not compatible with `latest` parameter.","required":false,"style":"form","explode":true,"schema":{"type":"string"}}],"responses":{"200":{"description":"Get aruco states","content":{"application/json":{"schema":{"$ref":"#/components/schemas/GetArucoStatesResponse"}}}}}}},"/robots/{robotId}/directive":{"post":{"tags":["device-gateway"],"summary":"Send directive to robot.","operationId":"sendDirective","parameters":[{"name":"robotId","in":"path","required":true,"style":"simple","explode":false,"schema":{"type":"integer","format":"int64"}}],"requestBody":{"content":{"application/json":{"schema":{"$ref":"#/components/schemas/DirectiveVo"},"examples":{"ExecuteProgramExample":{"$ref":"#/components/examples/ExecuteProgramExample"},"OrderItemExample":{"$ref":"#/components/examples/OrderItemExample"},"SetIOState":{"$ref":"#/components/examples/SetIOStateExample"},"MoveEndEffectorExample":{"$ref":"#/components/examples/MoveEndEffectorExample"},"SetVolumeExample":{"$ref":"#/components/examples/SetVolumeExample"},"PlayVoiceExample":{"$ref":"#/components/examples/PlayVoiceExample"},"AdjustTaskExample":{"$ref":"#/components/examples/AdjustTaskExample"},"ApplyActionOffsetExample":{"$ref":"#/components/examples/ApplyActionOffsetExample"},"DeploySoftwareExample":{"$ref":"#/components/examples/DeploySoftwareExample"}}}},"required":true},"responses":{"200":{"description":"Success"}}}},"/robots/{robotId}/event":{"post":{"tags":["device-gateway"],"summary":"Report event to cloud","operationId":"reportEvent","parameters":[{"name":"robotId","in":"path","required":true,"style":"simple","explode":false,"schema":{"type":"integer","format":"int64"}}],"requestBody":{"content":{"application/json":{"schema":{"$ref":"#/components/schemas/EventVo"},"examples":{"RobotStatusReportEventExample":{"$ref":"#/components/examples/RobotStatusReportEventExample"},"ActionOffsetAppliedExample":{"$ref":"#/components/examples/ActionOffsetAppliedEventExample"},"ActionsAdjustedExample":{"$ref":"#/components/examples/ActionAdjustedExample"},"RobotSoftwareInfoReportEventExample":{"$ref":"#/components/examples/RobotSoftwareInfoReportEventExample"},"FixedObjectPoseReportEventExample":{"$ref":"#/components/examples/FixedObjectPoseReportEventExample"}}}},"required":true},"responses":{"200":{"description":"Success"}}}},"/robots/{robotId}/deployments":{"post":{"tags":["device-software-mgmt"],"summary":"Create a robot software deployment","operationId":"createRobotSoftwareDeployment","parameters":[{"name":"robotId","in":"path","required":true,"style":"simple","explode":false,"schema":{"type":"integer","format":"int64"}}],"requestBody":{"content":{"application/json":{"schema":{"$ref":"#/components/schemas/CreateRobotSoftwareDeploymentRequest"}}},"required":true},"responses":{"200":{"description":"Success"}}}},"/robots/{robotId}/software_info":{"get":{"tags":["device-software-mgmt"],"summary":"Get robot software information","operationId":"getRobotSoftwareInfo","parameters":[{"name":"robotId","in":"path","required":true,"style":"simple","explode":false,"schema":{"type":"integer","format":"int64"}}],"responses":{"200":{"description":"Get robot software infomation response","content":{"application/json":{"schema":{"$ref":"#/components/schemas/GetRobotSoftwareInfoResponse"}}}}}}},"/robot_software":{"post":{"tags":["device-software-mgmt"],"summary":"Create a new version of robot software for testing or release","operationId":"createRobotSoftwareRelease","requestBody":{"content":{"multipart/form-data":{"schema":{"$ref":"#/components/schemas/CreateRobotSoftwareReleaseRequest"}}},"required":true},"responses":{"200":{"description":"Get robot software release response","content":{"application/json":{"schema":{"$ref":"#/components/schemas/CreateRobotSoftwareReleaseResponse"}}}}}}},"/robot_software/{softwareVersion}":{"get":{"tags":["device-software-mgmt"],"summary":"Get robot software release information","operationId":"getRobotSoftwareRelease","parameters":[{"name":"softwareVersion","in":"path","required":true,"style":"simple","explode":false,"schema":{"type":"string"}}],"responses":{"200":{"description":"Get robot software release response","content":{"application/json":{"schema":{"$ref":"#/components/schemas/GetRobotSoftwareReleaseResponse"}}}}}}}},"components":{"schemas":{"GetRobotSoftwareReleaseResponse":{"required":["createdTime","downloadUrl","md5Url","softwareVersion"],"type":"object","properties":{"softwareVersion":{"type":"string","example":"1.20.2"},"downloadUrl":{"type":"string"},"md5":{"type":"string"},"createdTime":{"type":"integer","format":"int64"},"changelog":{"type":"string"}}},"CreateRobotSoftwareReleaseRequest":{"required":["changelog","uploadUrl"],"type":"object","properties":{"uploadUrl":{"type":"string"},"changelog":{"type":"string"}}},"CreateRobotSoftwareReleaseResponse":{"required":["softwareVersion"],"type":"object","properties":{"softwareVersion":{"type":"string","example":"1.21.1"}}},"GetRobotSoftwareInfoResponse":{"required":["actual","expected","robotId","temporary"],"type":"object","properties":{"robotId":{"type":"integer","format":"int64","example":2},"released":{"$ref":"#/components/schemas/RobotSoftwrareInfoPayload"},"temporary":{"$ref":"#/components/schemas/RobotSoftwrareInfoPayload"},"current":{"$ref":"#/components/schemas/RobotSoftwrareInfoPayload"}}},"RobotSoftwrareInfoPayload":{"required":["softwareVersion"],"type":"object","properties":{"softwareVersion":{"type":"string","example":"1.20.1"}}},"CreateRobotSoftwareDeploymentRequest":{"required":["softwareVersion"],"type":"object","properties":{"softwareVersion":{"type":"string","example":"1.20.2"},"temporary":{"type":"boolean","example":true,"default":false}}},"GetRobotsMetadataResponse":{"required":["pagination","robotsMetadata"],"type":"object","properties":{"robotsMetadata":{"type":"array","items":{"$ref":"#/components/schemas/GetRobotMetadataResponse"}},"pagination":{"$ref":"#/components/schemas/PaginationParam"}}},"GetRobotMetadataResponse":{"required":["configuration","robotId","storeId"],"type":"object","properties":{"robotId":{"type":"integer","format":"int64","example":2},"storeId":{"type":"integer","format":"int64","example":3},"configuration":{"type":"integer","format":"int32","example":2}}},"GetRobotStateResponse":{"required":["joinStates","robotId","status","statusDescription"],"type":"object","properties":{"robotId":{"type":"integer","format":"int64","example":2},"status":{"type":"string","example":"PENDING"},"statusDescription":{"type":"string","example":"Robot can't see aruco code"},"joinStates":{"type":"array","example":[0.1,0.2,0.3,0.4,0.5,0.6],"items":{"maxLength":6,"minLength":6,"type":"number"}}}},"GetRobotOrderItemMetricsResponse":{"required":["metrics","robotId"],"type":"object","properties":{"robotId":{"type":"integer","format":"int64","example":0},"metrics":{"type":"object","properties":{"arduinoSyrupScaleNoContainerWeight":{"properties":{"value":{"type":"integer","example":10}}},"arduinoIceScaleNoContainerWeight":{"properties":{"value":{"type":"integer","example":15}}}}}}},"GetRobotIOsResponse":{"required":["ios","robotId"],"type":"object","properties":{"robotId":{"type":"integer","format":"int64","example":0},"ios":{"type":"array","items":{"$ref":"#/components/schemas/GetRobotIOResponse"}}}},"GetRobotIOResponse":{"required":["ioControlKey","ioKey","ioName"],"type":"object","properties":{"ioKey":{"type":"string","example":"syrupdispenser.vanilla"},"ioControlKey":{"type":"string","example":"syrupdispenser.0"},"ioName":{"type":"string","example":"Vanilla Syrup"},"displayType":{"type":"string","example":"TOGGLE"},"promptyMessage":{"type":"string"}}},"DirectiveVo":{"required":["id","name","payload","timestamp","type"],"type":"object","properties":{"id":{"type":"string","example":"testDirectiveId"},"type":{"type":"string","example":"ROBOT"},"name":{"type":"string","description":"For the name field, cloud prefers upper snake case, like SET_IO_STATE. However, for backward compatible, cloud also support lower camel case for the name field, like setIoState.","example":"ADJUST_ACTIONS"},"timestamp":{"type":"integer","format":"int64"},"payload":{"type":"object"}}},"EventVo":{"required":["directiveId","id","name","payload","timestamp","type"],"type":"object","properties":{"id":{"type":"string","example":"testEventId"},"directiveId":{"type":"string","example":"testDirectiveId"},"type":{"type":"string","example":"ROBOT"},"name":{"type":"string","description":"For the name field, cloud prefers upper snake case, like SET_IO_STATE. However, for backward compatible, cloud also support lower camel case for the name field, like setIoState.","example":"ACTION_ADJUSTED"},"payload":{"required":["actions","adjustType"],"type":"object","properties":{"adjustType":{"type":"string","example":"MILK_FROTHING"},"actions":{"type":"array","items":{"$ref":"#/components/schemas/GetRobotMetadataResponse"}}}},"timestamp":{"type":"integer","format":"int64"}}},"GetRobotProgramsResponse":{"required":["pagination","programs"],"type":"object","properties":{"programs":{"type":"array","items":{"$ref":"#/components/schemas/GetRobotProgramResponse"}},"pagination":{"$ref":"#/components/schemas/PaginationParam"}}},"GetMultiRobotProgramsRequest":{"required":["ids"],"type":"object","properties":{"ids":{"type":"array","example":[2,10],"items":{"type":"integer"}}}},"GetMultiRobotProgramsResponse":{"required":["programs"],"type":"object","properties":{"programs":{"type":"array","example":[{"programId":2,"name":"Product 2","taskIds":[100,105,99],"configuration":1},{"programId":10,"name":"Product 10","taskIds":[406,312,311],"configuration":1}],"items":{"$ref":"#/components/schemas/GetRobotProgramResponse"}}}},"GetRobotProgramResponse":{"required":["configuration","id","name","taskIds","updatedTime"],"type":"object","properties":{"id":{"type":"integer","description":"Program ID","format":"int64","example":10},"name":{"type":"string","description":"Program name","example":"Make Latte"},"taskIds":{"type":"array","description":"Task IDs","example":[406,312,311],"items":{"type":"integer","format":"int64"}},"productId":{"type":"integer","description":"Menu product ID","format":"int64","example":3},"configuration":{"type":"integer","description":"Robot configuration ID","format":"int64","example":1}}},"CreateRobotProgramRequest":{"required":["configuration","name","taskIds","updatedTime"],"type":"object","properties":{"name":{"type":"string","description":"Program name","example":"Make Latte"},"taskIds":{"type":"array","description":"Task IDs","example":[406,312,311],"items":{"type":"integer","format":"int64"}},"configuration":{"type":"integer","description":"Robot configuration ID","format":"int64","example":1}}},"CreateRobotProgramResponse":{"required":["id"],"type":"object","properties":{"id":{"type":"integer","description":"Program ID","format":"int64","example":10}}},"UpdateRobotProgramRequest":{"required":["configuration","name","taskIds","updatedTime"],"type":"object","properties":{"name":{"type":"string","description":"Program name","example":"Make Latte"},"taskIds":{"type":"array","description":"Task IDs","example":[406,312,311],"items":{"type":"integer","format":"int64"}},"configuration":{"type":"integer","description":"Robot configuration ID","format":"int64","example":1}}},"GetRobotTasksResponse":{"required":["pagination","tasks"],"type":"object","properties":{"tasks":{"type":"array","items":{"$ref":"#/components/schemas/GetRobotTaskResponse"}},"pagination":{"$ref":"#/components/schemas/PaginationParam"}}},"GetRobotTaskResponse":{"required":["actionIds","configuration","id","name","updatedTime"],"type":"object","properties":{"id":{"type":"integer","description":"Task ID","format":"int64","example":406},"name":{"type":"string","description":"Task name","example":"Dispense Milk & Syrup (Opening Store) <R2>"},"actionIds":{"type":"array","description":"Action IDs","example":[1639,1658],"items":{"type":"integer","format":"int64"}},"configuration":{"type":"integer","description":"Robot configuration ID","format":"int64","example":1}}},"CreateRobotTaskRequest":{"required":["actionIds","configuration","name","updatedTime"],"type":"object","properties":{"name":{"type":"string","description":"Task name","example":"Dispense Milk & Syrup (Opening Store) <R2>"},"actionIds":{"type":"array","description":"Action IDs","example":[1639,1658],"items":{"type":"integer","format":"int64"}},"configuration":{"type":"integer","description":"Robot configuration ID","format":"int64","example":1}}},"CreateRobotTaskResponse":{"required":["id"],"type":"object","properties":{"id":{"type":"integer","description":"Task IDm'","format":"int64","example":406}}},"UpdateRobotTaskRequest":{"required":["actionIds","configuration","name","updatedTime"],"type":"object","properties":{"name":{"type":"string","description":"Task name","example":"Dispense Milk & Syrup (Opening Store) <R2>"},"actionIds":{"type":"array","description":"Action IDs","example":[1639,1658],"items":{"type":"integer","format":"int64"}},"configuration":{"type":"integer","description":"Robot configuration ID","format":"int64","example":1}}},"GetMultiRobotTasksRequest":{"required":["ids"],"type":"object","properties":{"taskIds":{"type":"array","example":[406,312],"items":{"type":"integer"}}}},"GetMultiRobotTasksResponse":{"required":["tasks"],"type":"object","properties":{"tasks":{"type":"array","items":{"$ref":"#/components/schemas/GetRobotTaskResponse"}}}},"GetRobotActionsResponse":{"required":["actions","pagination"],"type":"object","properties":{"actions":{"type":"array","items":{"$ref":"#/components/schemas/GetRobotActionResponse"}},"pagination":{"$ref":"#/components/schemas/PaginationParam"}}},"GetRobotActionResponse":{"required":["id","name","properties","rootId","type","updatedTime"],"type":"object","properties":{"id":{"type":"integer","description":"Action ID","format":"int64","example":1639},"name":{"type":"string","description":"Action name","example":""},"type":{"type":"integer","description":"Action type","example":5},"rootId":{"type":"integer","format":"int64","example":1},"hash":{"type":"string","description":"hash of action object","example":"5077192424394245318"},"properties":{"type":"object","properties":{"watchId":{"type":"integer"},"conditionId":{"type":"integer"},"events":{"type":"array","items":{"type":"object"}},"goal":{"type":"array","items":{"type":"object"}},"waitTime":{"type":"number"},"ioPin":{"type":"integer"},"ioState":{"type":"boolean"},"syrupId":{"type":"integer"},"syrupTime":{"type":"integer"},"arucoId":{"type":"integer"},"arucoPoses":{"type":"array","items":{"type":"object"}},"approachSpeed":{"type":"number"},"arucoPose":{"type":"object"},"relativePoses":{"type":"array","items":{"type":"object"}},"relative":{"type":"boolean"},"relativeInitial":{"type":"object"},"sharpness":{"type":"integer"},"keypoint":{"type":"string"}},"description":"Action properties"},"additionalProperties":{"type":"object","description":"Additional properties"}}},"GetMultiRobotActionsRequest":{"required":["ids"],"type":"object","properties":{"ids":{"type":"array","example":[1,1639],"items":{"type":"integer","format":"int64"}}}},"GetMultiRobotActionsResponse":{"required":["actions"],"type":"object","properties":{"actions":{"type":"array","items":{"$ref":"#/components/schemas/GetRobotActionResponse"}}}},"CreateRobotActionRequest":{"required":["hash","name","properties","rootId","type","updatedTime"],"type":"object","properties":{"id":{"type":"integer","description":"Action ID","format":"int64","example":1639},"name":{"type":"string","description":"Action name","example":""},"hash":{"type":"integer","description":"hash of action object","format":"int64","example":5077192424394245318},"type":{"type":"integer","description":"Action type","example":5},"rootId":{"type":"integer","format":"int64","example":1},"properties":{"type":"object","properties":{"watchId":{"type":"integer"},"conditionId":{"type":"integer"},"events":{"type":"array","items":{"type":"object"}},"goal":{"type":"array","items":{"type":"object"}},"waitTime":{"type":"number"},"ioPin":{"type":"integer"},"ioState":{"type":"boolean"},"syrupId":{"type":"integer"},"syrupTime":{"type":"integer"},"arucoId":{"type":"integer"},"arucoPoses":{"type":"array","items":{"type":"object"}},"approachSpeed":{"type":"number"},"arucoPose":{"type":"object"},"relativePoses":{"type":"array","items":{"type":"object"}},"relative":{"type":"boolean"},"relativeInitial":{"type":"object"},"sharpness":{"type":"integer"},"keypoint":{"type":"string"}},"description":"Action properties"},"additionalProperties":{"type":"object","description":"Additional properties"}}},"CreateRobotActionResponse":{"required":["id"],"type":"object","properties":{"id":{"type":"integer","description":"Action ID","format":"int64","example":1639}}},"UpdateRobotActionRequest":{"required":["hash","name","properties","rootId","type","updatedTime"],"type":"object","properties":{"id":{"type":"integer","description":"Action ID","format":"int64","example":1639},"name":{"type":"string","description":"Action name","example":""},"hash":{"type":"integer","description":"hash of action object","format":"int64","example":5077192424394245318},"type":{"type":"integer","description":"Action type","example":5},"rootId":{"type":"integer","format":"int64","example":1},"properties":{"type":"object","properties":{"watchId":{"type":"integer"},"conditionId":{"type":"integer"},"events":{"type":"array","items":{"type":"object"}},"goal":{"type":"array","items":{"type":"object"}},"waitTime":{"type":"number"},"ioPin":{"type":"integer"},"ioState":{"type":"boolean"},"syrupId":{"type":"integer"},"syrupTime":{"type":"integer"},"arucoId":{"type":"integer"},"arucoPoses":{"type":"array","items":{"type":"object"}},"approachSpeed":{"type":"number"},"arucoPose":{"type":"object"},"relativePoses":{"type":"array","items":{"type":"object"}},"relative":{"type":"boolean"},"relativeInitial":{"type":"object"},"sharpness":{"type":"integer"},"keypoint":{"type":"string"}},"description":"Action properties"},"additionalProperties":{"type":"object","description":"Additional properties"}}},"GetRobotAttributesResponse":{"required":["attributes","pagination"],"type":"object","properties":{"attributes":{"type":"array","items":{"$ref":"#/components/schemas/GetRobotAttributeResponse"}},"pagination":{"$ref":"#/components/schemas/PaginationParam"}}},"GetRobotAttributeResponse":{"required":["attributeId","configuration","enabled","id","modifiers","name","optionId","productId"],"type":"object","properties":{"id":{"type":"integer","description":"Auto generated ID","format":"int64","example":1002},"name":{"type":"string","description":"Task name","example":"Oat Milk"},"productId":{"type":"integer","format":"int64","example":3},"attributeId":{"type":"integer","format":"int64","example":3},"optionId":{"type":"integer","format":"int64","example":10},"modifiers":{"type":"array","items":{"type":"object","properties":{"type":{"type":"string","example":"REPLACE_TASK"},"fromId":{"type":"integer","format":"int64","example":1},"toId":{"type":"integer","format":"int64","example":2}}}},"configuration":{"type":"integer","description":"Robot configuration ID","format":"int64","example":1},"enabled":{"type":"boolean","example":true,"default":true}}},"UploadArucoStateRequest":{"required":["arucoPose","cameraSerial","confidence","jointState","robotId"],"type":"object","properties":{"cameraSerial":{"type":"string","example":"cam0"},"confidence":{"type":"number","example":0.840201},"arucoPose":{"type":"object"},"jointState":{"type":"object"}}},"UploadArucoStateResponse":{"required":["stateId"],"type":"object","properties":{"stateId":{"type":"integer","format":"int64","example":113}}},"GetArucoStatesResponse":{"required":["arucos","pagination"],"properties":{"arucoCodePoses":{"type":"array","items":{"$ref":"#/components/schemas/GetArucoStateResponse"}},"pagination":{"$ref":"#/components/schemas/PaginationParam"}}},"GetArucoStateResponse":{"required":["arucoId","arucoPose","cameraSerial","confidence","configuration","jointState","stateId"],"type":"object","properties":{"stateId":{"type":"integer","format":"int64","example":113},"configuration":{"type":"integer","format":"int64","example":3},"arucoId":{"type":"integer","example":8},"cameraSerial":{"type":"string","example":"cam0"},"confidence":{"type":"number","example":0.840201},"arucoPose":{"type":"object"},"joinState":{"type":"object"}}},"GetRobotObjectsResponse":{"required":["objects","pagination"],"type":"object","properties":{"objects":{"type":"array","items":{"$ref":"#/components/schemas/GetRobotObjectResponse"}},"pagination":{"$ref":"#/components/schemas/PaginationParam"}}},"GetRobotObjectResponse":{"required":["configuration","id","properties","subtypeId","type","updatedTime"],"type":"object","properties":{"id":{"type":"integer","format":"int64","example":123},"type":{"type":"string","example":"WATCH"},"subtypeId":{"type":"integer","format":"int64","example":10},"properties":{"type":"object"},"configuration":{"type":"integer","format":"int64","example":1},"updatedTime":{"type":"integer","format":"int64","example":123456789}}},"PaginationParam":{"required":["lastItem","pageSize"],"type":"object","properties":{"pageSize":{"type":"integer","format":"int64","example":15},"lastItem":{"type":"string","example":"mockstring"}}}},"examples":{"ExecuteProgramExample":{"value":{"id":"testDirectiveId","type":"COMMAND","name":"EXECUTE_PROGRAM","timestamp":123456789,"payload":{"programName":"Press All Cups","taskIds":[100,101,115]}}},"SetIOStateExample":{"value":{"id":"testDirectiveId","type":"COMMAND","name":"SET_IO_STATE","timestamp":123456789,"payload":{"ioKey":"arm.gripper","value":true}}},"OrderItemExample":{"value":{"id":"testDirectiveId","type":"ORDER","name":"ITEM","timestamp":123456789,"payload":{"orderId":"testOrderId","itemId":"testItemId","ownerName":"Jim Carrey","productName":"Latte","deliveryName":"Pickup 1","storePickupSlotId":4,"attributeNames":["Cup Size","Coffee Bean","Milk Type","Syrup"],"optionNames":["12oz","Decaf","Oat Milk","Vanilla"],"taskIds":[1,5,10],"tasks":[{"id":1},{"id":3,"taskKey":"DISPENSE_ICE_BY_WEIGHT","taskType":"DISPENSE_BY_WEIGHT","variables":{"dispenseWeight":100,"ioKey":"icedispenser.ice"}},{"id":5,"taskKey":"DISPENSE_MILK_BY_WEIGHT","taskType":"DISPENSE_BY_WEIGHT","variables":{"dispenseWeight":150,"ioKey":"milkdispenser.oatMilk"}},{"id":6,"taskKey":"DISPENSE_SYRUP_BY_DURATION","taskType":"DISPENSE_BY_DURATION","variables":{"dispenseDuration":15,"ioKey":"syrupdispenser.vanilla"}},{"id":6,"taskKey":"DISPENSE_SYRUP_2_BY_DURATION","taskType":"DISPENSE_BY_DURATION","variables":{"dispenseDuration":15,"ioKey":"syrupdispenser.honey"}}],"itemDoneTaskId":3,"actions":"[1, 2, 3, 4, 5, 6]","actionList":[1,2,3,4,5,6],"actionIds":[1,2,3,4,5,6],"containsFrothMilk":true,"displayInfo":{"displayProductName":"12oz Latte","displayOptionsSummary":"Decaf, Oat Milk"}}}},"MoveEndEffectorExample":{"value":{"id":"testDirectiveId","type":"COMMAND","name":"MOVE_END_EFFECTOR","timestamp":123456789,"payload":{"axis":"Y","distance":35,"unit":"mm"}}},"SetVolumeExample":{"value":{"id":"testDirectiveId","type":"COMMAND","name":"SET_VOLUME","timestamp":123456789,"payload":{"volume":0}}},"SetVolumeV2Example":{"value":{"id":"testDirectiveId","type":"COMMAND","name":"SET_MODULE_PROPERTY","timestamp":123456789,"payload":{"moduleId":"computer","property":{"key":"volume","value":0}}}},"PlayVoiceExample":{"value":{"id":"testDirectiveId","type":"COMMAND","name":"PLAY_VOICE","timestamp":123456789,"payload":{"voiceString":"Excellent Choice! Chris!","sentences":[{"text":"Excellent Choice!","required":true},{"text":"Chris!","required":false}]}}},"AdjustTaskExample":{"value":{"id":"testDirectiveId","type":"ROBOT","name":"ADJUST_TASK","timestamp":123456789,"payload":{"executionId":"12345","taskId":2,"actionIds":[1,3,7,8,15,16,20]}}},"ApplyActionOffsetExample":{"value":{"id":"testDirectiveId","type":"ROBOT","name":"APPLY_ACTION_OFFSET","timestamp":123456789,"payload":{"actionId":1234,"xOffset":1.5,"yOffset":-2.5,"zOffset":0.5,"tiltOffset":10.5,"facingOffset":5.5}}},"DeploySoftwareExample":{"value":{"id":"testDirectiveId","type":"COMMAND","name":"DEPLOY_SOFTWARE","timestamp":123456789,"payload":{"softwareVersion":"1.20.1"}}},"FixedObjectPoseReportEventExample":{"value":{"id":"testEventId","type":"ROBOT","name":"FIXED_OBJECT_POSE_REPORT","timestamp":123456789,"payload":{"objectId":10,"expectedPose":{"x":0.12345,"y":0.12345,"z":0.12345,"rw":0.12345,"rx":0.12345,"ry":0.12345,"rz":0.12345},"observedPose":{"x":0.12345,"y":0.12345,"z":0.12345,"rw":0.12345,"rx":0.12345,"ry":0.12345,"rz":0.12345},"positionDistance":0.02,"orientationDistance":0.1}}},"ActionOffsetAppliedEventExample":{"value":{"id":"testEventId","type":"ROBOT","name":"ACTION_OFFSET_APPLIED","timestamp":123456789,"payload":{"status":"SUCCESS","directiveId":"testDirectiveId","actionId":123,"error":{"message":"Can 't apply action"}}}},"RobotStatusReportEventExample":{"value":{"id":"testEventId","type":"ROBOT","name":"ROBOT_STATUS_REPORT","timestamp":123456789,"payload":{"status":"IDLE","statusDescription":"Waiting for new order","ioStates":[{"ioKey":"arm.gripper","value":true}],"joinStates":[0,0,0,0,0,0]}}},"RobotSoftwareInfoReportEventExample":{"value":{"id":"testEventId","type":"ROBOT","name":"SOFTWARE_INFO_REPORT","timestamp":123456789,"payload":{"softwareVersion":"1.21.1"}}},"ActionAdjustedExample":{"value":{"id":"testEventId","type":"ROBOT","name":"ACTION_ADJUSTED","timestamp":123456789,"payload":{"executionId":"12345","taskId":2,"adjustedAction":{"name":"To Froth Point <20ozMilkPitcher> <Camera=R1>","type":4,"watchId":0,"conditionId":0,"waitTime":0,"ioPin":0,"ioState":0,"syrupId":0,"syrupTime":0,"arucoId":10,"approachSpeed":0,"arucoPose":"{\"x\": 0.045292, \"y\": -0.0534669, \"z\": 0.0724676, \"rw\": -0.194128, \"rx\": -0.265546, \"ry\": 0.892669, \"rz\": 0.308126}","relativePoses":"[{\"stampSec\": 0, \"stampNsec\": 0, \"x\": 0.0559575, \"y\": 0.250402, \"z\": -0.119983, \"rw\": 0.873115, \"rx\": -0.3311, \"ry\": -0.357791, \"rz\": 0.00542417},{\"stampSec\": 0, \"stampNsec\": 100000000, \"x\": 0.0559575, \"y\": 0.250402, \"z\": -0.119983, \"rw\": 0.873115, \"rx\": -0.3311, \"ry\": -0.357791, \"rz\": 0.00542417},{\"stampSec\": 0, \"stampNsec\": 200000000, \"x\": 0.0559575, \"y\": 0.250402, \"z\": -0.119983, \"rw\": 0.873115, \"rx\": -0.3311, \"ry\": -0.357791, \"rz\": 0.00542417}]","relative":0,"relativeInitial":"{\"stampSec\": 0, \"stampNsec\": 0, \"jointAngles\": []}","sharpness":0,"rootId":0}}}}}}}