{"openapi":"3.0.0","info":{"title":"Login and authentication","description":"Describing the multifactor authentication process of the portal","version":"1.0.0"},"servers":[{"url":"https://virtserver.swaggerhub.com/borthkror/login/1.0.0","description":"SwaggerHub API Auto Mocking"},{"url":"/api/v4","description":"Base"}],"paths":{"/auth/user":{"get":{"summary":"Get details of the authenticated user","description":"Validates user by JWT, rechecks if user is anonymous\nand if user device is authenticated\n","operationId":"current-user","parameters":[{"name":"fingerprint","in":"header","description":"device fingerprint of user","required":true,"style":"simple","explode":false,"schema":{"type":"string"},"example":"fingerprint: qwe456asd123"}],"responses":{"200":{"description":"Identifies user with JWT and return user object on success","content":{"application/json":{"schema":{"$ref":"#/components/schemas/UserAuthSerializer"}}}},"400":{"description":"Reason: Missing device fingerprint\n\nDetail: Device fingerprint is missing.\n\nCode: MISSING_FINGERPRINT\n"},"401":{"description":"There can be muliple reasons for a 401 response:\n- Reason: Invalid JWT\n\n  Headers:\n  - Www-Authenticate: JWT realm=\"login\"\n\n  Detail: Invalid signature.\n- Reason: User needs two factor authentication\n\n  Headers:\n  - Www-Authenticate: TFA realm=\"login\"\n  - access-control-expose-headers: Www-Authenticate\n\n  Detail: Needs two factor authentication.\n"},"403":{"description":"There can be muliple reasons for a 403 response:\n\n- Reason: User is anonymous\n\n  Headers:\n  - Www-Authenticate: JWT realm=\"login\"\n\n  Detail: Invalid user. Authorization header is missing.\n- Reason: Rate limit exceeded\n\n  Headers:\n  - Www-Authenticate: JWT realm=\"api\"\n\n  Detail: You have reached the maximum number of attempts.\n\n  Code: RATE_LIMIT_EXCEEDED\n\n  Body: {\"failed_attempts\": integer, \"max_attempts\": integer}\n"}},"security":[{"jwtAuth":[]}]}},"/auth/authenticate-user":{"post":{"summary":"Authenticates user with credentials and returns JWT and user object on success","description":"Adds an item to the system","operationId":"login","parameters":[{"name":"fingerprint","in":"header","description":"device fingerprint of user","required":true,"style":"simple","explode":false,"schema":{"type":"string"},"example":"fingerprint: qwe456asd123"}],"requestBody":{"content":{"application/json":{"schema":{"$ref":"#/components/schemas/Credentials"}}}},"responses":{"200":{"description":"successful authentication","content":{"application/json":{"schema":{"$ref":"#/components/schemas/LoginSerializer"}}}},"400":{"description":"There can be muliple reasons for a 400 response:\n\n- Reason: Missing device fingerprint\n\n  Detail: Device fingerprint is missing.\n\n  Code: MISSING_FINGERPRINT\n- Reason: Missing credentials\n\n  Detail: Must include \"email\" and \"password\".\n\n  Code: invalid\n- Reason: Untrusted IP address\n\n\n  Detail: Accessing the server from an untrusted IP address.\n\n  Code: invalid\n"},"401":{"description":"There can be muliple reasons for a 401 response:\n\n- Reason: User is disabled\n\n  Headers:\n  - Www-Authenticate: JWT realm=\"login\"\n\n  Detail: User account is disabled.\n- Reason: User does not exist\n\n  Headers:\n  - Www-Authenticate: JWT realm=\"login\"\n\n  Detail: User does not exist.\n- Reason: User needs two factor authentication\n\n  Headers:\n  - Www-Authenticate: TFA realm=\"login\"\n  - access-control-expose-headers: Www-Authenticate\n\n  Detail: Needs two factor authentication.\n"},"403":{"description":"Reason: Rate limit exceeded\n\nHeaders:\n  - Www-Authenticate: JWT realm=\"api\"\n\nDetail: You have reached the maximum number of attempts.\n\nCode: RATE_LIMIT_EXCEEDED\n\nBody: {\"failed_attempts\": integer, \"max_attempts\": integer}\n"}}}},"/auth/authenticate-device":{"post":{"summary":"Authenticates user device with passcode and device fingerprint and returns JWT on success","operationId":"user-device-authenticate","parameters":[{"name":"fingerprint","in":"header","description":"device fingerprint of user","required":true,"style":"simple","explode":false,"schema":{"type":"string"},"example":"fingerprint: qwe456asd123"}],"requestBody":{"content":{"application/json":{"schema":{"$ref":"#/components/schemas/Passcode"}}}},"responses":{"200":{"description":"successful device authentication","content":{"application/json":{"schema":{"$ref":"#/components/schemas/AuthenticateUserDeviceSerializer"}}}},"400":{"description":"Reason: Missing device fingerprint\n\nDetail: Device fingerprint is missing.\n\nCode: MISSING_FINGERPRINT\n"},"403":{"description":"There can be muliple reasons for a 403 response:\n\n- Reason: No passcode\n\n  Headers:\n  - Www-Authenticate: TFA realm=\"api\"\n\n  Detail: No passcode.\n\n  Code: ERROR_NO_PASSCODE\n- Reason: Wrong passcode\n\n  Headers:\n  - Www-Authenticate: TFA realm=\"api\"\n\n  Detail: Failed to authenticate with passcode <passcode> and device fingerprint <device_fingerprint>.\n\n  Code: ERROR_WRONG_PASSCODE\n"}}}}},"components":{"schemas":{"Credentials":{"required":["email","password"],"type":"object","properties":{"email":{"type":"string","format":"email"},"password":{"type":"string"}}},"Passcode":{"required":["passcode"],"type":"object","properties":{"passcode":{"type":"string"}}},"LoginSerializer":{"type":"object","properties":{"user":{"$ref":"#/components/schemas/UserAuthSerializer"},"token":{"type":"string","readOnly":true}}},"UserAuthSerializer":{"type":"object","properties":{"id":{"type":"integer"},"organization":{"type":"object"},"facilities":{"type":"array","items":{"type":"object"}},"email":{"type":"string"},"title_name":{"type":"string"},"first_name":{"type":"string"},"middle_name":{"type":"string"},"last_name":{"type":"string"},"organization_group":{"type":"integer"},"roles":{"type":"array","items":{"type":"string"}},"organizations":{"type":"array","items":{"type":"object"}},"permissions":{"type":"array","items":{"type":"string"}}}},"AuthenticateUserDeviceSerializer":{"properties":{"is_authenticated":{"type":"boolean"},"token":{"type":"string","readOnly":true}}}},"parameters":{"fingerprintParam":{"name":"fingerprint","in":"header","description":"device fingerprint of user","required":true,"style":"simple","explode":false,"schema":{"type":"string"},"example":"fingerprint: qwe456asd123"}},"securitySchemes":{"jwtAuth":{"type":"http","scheme":"bearer","bearerFormat":"JWT"}}}}