{
  "openapi": "3.0.2",
  "info": {
    "title": "EXTRACTION API V1",
    "description": "\n# Introduction\n\nThe BSPK RESTful JSON API gives you access to your company's BSPK data.\nFor all BSPK API related questions please email: *bspk-support@bspk.com*\n\n\n### Authentication\n\nBSPK uses Token-Based API Authentication. API keys can be managed from the API Keys section in your admin interface. All unauthenticated requests will return an HTTP 401 response.\n\n**Important:**  Developers with BSPK API keys will be granted full access to the data in each endpoint. Access to this data is binary: everything or nothing.\n\n**Authorization header**\nYour  `Authorization`  header should be in the following format:\n```\nAuthorization: Bearer [API_KEY]\n```\n\n\n### Filter params\n\n`client_ids`: Accept multiple ids in a comma separated way, eg.: `client_ids=CLI1,CLI2` and can't be combined with `sales_associate_ids` filter param.\n  Example: To filter messages by Sales Associates CL1 and CL2 you should do `https://api.bspk.com/api/extraction/v1/messages?client_ids=CLI1,CLI2`.\n\n`sales_associate_ids`: Accept multiple ids in a comma separated way, eg.: `sales_associate_ids=SA1,SA2` and can't be combined with `client_ids` filter param.\n  Example: To filter messages by Sales Associates SA1 and SA2 you should do `https://api.bspk.com/api/extraction/v1/messages?sales_associate_ids=SA1,SA2`.\n\n`from`: Accepts date-time value (YYYY-MM-DDTHH:MM:SS) to filter records created after the specified value (boundaries included).\n  Example: To filter messages by a Sales Associate from July 16, 2020 till the present date you should do `https://api.bspk.com/api/extraction/v1/messages?sales_associate_ids=SA1&from=2020-07-16T00:00:00`.\n\n`to`: Accepts date-time value (YYYY-MM-DDTHH:MM:SS) to filter records created before the specified value (boundaries included).\n  Example: To filter messages by a Sales Associate since the begining till July 16, 2020 (inclusive) you should do `https://api.bspk.com/api/extraction/v1/messages?sales_associate_ids=SA1&from=2020-07-16T23:59:59`.\n\n`page`: Accepts a page number to filter records, defaults to `1`. \n  Example: To return the second page of messages created you should do `https://api.bspk.com/api/v1/messages?page=2`.\n  \n`per_page`: Accepts a number of records per page to filter records, defaults to `100` (maximum of `1000`).\n  Example: To return the `30` messages per page you should do `https://api.bspk.com/api/extraction/v1/messages?per_page=30`.\n\n### Pagination information\n\nWe basically expose the pagination information all via header attributes, as follows: \n\n- Information about the total records the query will return in total (all pages) you can find the attribute `x-total-count` in the header.\n\n- Information about pagination is provided in the [Link header](https://datatracker.ietf.org/doc/html/rfc5988) of an API call.\n\nFor example, let's make a curl request to the messages API, to find out how many message we have for the client CLI1:\n`$ curl -I \"https://api.bspk.com/api/extraction/v1/messages?client_ids=CLI1\"`\n\nThe `-I` parameter indicates that we only care about the headers, not the actual content. In examining the result, you'll notice some information in the Link header that looks like this:\n\n```\nLink: <https://api.bspk.com/api/extraction/v1/messages?client_ids=CLI1&page=2>; rel=\"next\",\n      <https://api.bspk.com/api/extraction/v1/messages?client_ids=CLI1&page=30>; rel=\"last\"\n```\n\nSince by default, all paginated queries start at page 1. rel=\"last\" provides some more information, stating that the last page of results is on page 30. Thus, we have 29 more pages of information about messages from client CLI1 that we can consume.\n\nAlways rely on these link relations provided to you. Don't try to guess or construct your own URL.\n\n\n### Throttling\n\nAPI requests are limited to the amount specified in the returned `X-RateLimit-Limit` header (per 10 seconds). Exceeding that limit will cause BSPK to return an `HTTP 429` response. Check the `X-RateLimit-Limit` and `X-RateLimit-Remaining` headers to see how many more requests you are allowed until throttling kicks in.\n\n\n### Error Codes\n\n- 400 - Bad Request.\n- 401 - Unauthorized – Invalid BSPK API key.\n- 404 - Not Found – Resource not found.\n- 422 - Unprocessable entity.\n- 429 - Throttle Limit reached.\n- 500 - BSPK Internal Server Error\n\n### Validation\n\nMethods that take input will validate all parameters. Any parameter that fails validation will trigger an error response with status HTTP 422. The response body will be a JSON object like the example below which includes a list of fields that failed validation.\n\n`{'errors':[{'title': 'No clients found with IDs: [NON_EXISTING_ID, OTHER_NON_EXISTING_ID]','code':'not_found'}]}`\n\n\n### Additional Information\n\n- Fields without a value will return null\n- Timestamps are rendered in ISO-8601 format (e.g. 2018-07-21T17:32:28Z)\n- BSPK reserves the right to add more properties to objects, but will never change or remove them. Any breaking changes will result in a major API version update.\n     ",
    "contact": {
      "name": "BSPK API Support",
      "email": "bspk-support@bspk.com"
    },
    "version": "1.0.0"
  },
  "servers": [
    {
      "url": "https://api.bspk.com",
      "description": "Production Server"
    },
    {
      "url": "https://api-staging.bspk.com",
      "description": "Staging Server"
    }
  ],
  "security": [
    {
      "BearerAuth": []
    }
  ],
  "paths": {
    "/api/extraction/v1/appointments": {
      "get": {
        "tags": [
          "Appointments"
        ],
        "summary": "List Appointments",
        "description": "List appointments",
        "operationId": "listAppointments",
        "parameters": [
          {
            "name": "client_ids",
            "in": "query",
            "description": "Client id owned by the brand",
            "required": false,
            "style": "form",
            "explode": true,
            "schema": {
              "type": "string"
            }
          },
          {
            "name": "sales_associate_ids",
            "in": "query",
            "description": "Sales Associate id owned by the brand",
            "required": false,
            "style": "form",
            "explode": true,
            "schema": {
              "type": "string"
            }
          },
          {
            "name": "from",
            "in": "query",
            "description": "Only show appointments updated after the given time. This is a timestamp in ISO 8601 format: YYYY-MM-DDTHH:MM:SSZ.",
            "required": false,
            "style": "form",
            "explode": true,
            "schema": {
              "type": "string"
            }
          },
          {
            "name": "to",
            "in": "query",
            "description": "Combined with the `from` parameter, only show appointments updated whitin the given range (from..to) time. This is a timestamp in ISO 8601 format: YYYY-MM-DDTHH:MM:SSZ.",
            "required": false,
            "style": "form",
            "explode": true,
            "schema": {
              "type": "string"
            }
          },
          {
            "name": "page",
            "in": "query",
            "description": "Page number of the results to fetch. Default: 1",
            "required": false,
            "style": "form",
            "explode": true,
            "schema": {
              "type": "string"
            }
          },
          {
            "name": "per_page",
            "in": "query",
            "description": "Results per page (max 100). Default: 30",
            "required": false,
            "style": "form",
            "explode": true,
            "schema": {
              "type": "string"
            }
          }
        ],
        "responses": {
          "200": {
            "description": "Successful response, returns array of appointments",
            "content": {
              "application/json": {
                "schema": {
                  "$ref": "#/components/schemas/appointment"
                },
                "example": [
                  {
                    "store_id": "1",
                    "store_name": "Store-5",
                    "sales_associate_id": "SA_01",
                    "sales_associate_name": "FirstName-3 LastName-3",
                    "client_id": "CL_01",
                    "client_name": "FirstName-4 LastName-4",
                    "title": "Some title",
                    "body": "Some notes\n here.",
                    "starts_at": "2021-12-09T00:00:00.000Z",
                    "is_done": false,
                    "created_at": "2021-12-08T08:37:56.908Z",
                    "updated_at": "2021-12-08T08:37:56.908Z"
                  }
                ]
              }
            }
          }
        },
        "security": [
          {
            "BearerAuth": []
          }
        ]
      }
    },
    "/api/extraction/v1/calls": {
      "get": {
        "tags": [
          "Calls"
        ],
        "summary": "List Calls",
        "description": "List calls",
        "operationId": "listCalls",
        "parameters": [
          {
            "name": "client_ids",
            "in": "query",
            "description": "Client id owned by the brand",
            "required": false,
            "style": "form",
            "explode": true,
            "schema": {
              "type": "string"
            }
          },
          {
            "name": "sales_associate_ids",
            "in": "query",
            "description": "Sales Associate id owned by the brand",
            "required": false,
            "style": "form",
            "explode": true,
            "schema": {
              "type": "string"
            }
          },
          {
            "name": "from",
            "in": "query",
            "description": "Only show calls updated after the given time. This is a timestamp in ISO 8601 format: YYYY-MM-DDTHH:MM:SSZ.",
            "required": false,
            "style": "form",
            "explode": true,
            "schema": {
              "type": "string"
            }
          },
          {
            "name": "to",
            "in": "query",
            "description": "Combined with the `from` parameter, only show calls updated whitin the given range (from..to) time. This is a timestamp in ISO 8601 format: YYYY-MM-DDTHH:MM:SSZ.",
            "required": false,
            "style": "form",
            "explode": true,
            "schema": {
              "type": "string"
            }
          },
          {
            "name": "page",
            "in": "query",
            "description": "Page number of the results to fetch. Default: 1",
            "required": false,
            "style": "form",
            "explode": true,
            "schema": {
              "type": "string"
            }
          },
          {
            "name": "per_page",
            "in": "query",
            "description": "Results per page (max 100). Default: 30",
            "required": false,
            "style": "form",
            "explode": true,
            "schema": {
              "type": "string"
            }
          }
        ],
        "responses": {
          "200": {
            "description": "Successful response, returns array of calls",
            "content": {
              "application/json": {
                "schema": {
                  "$ref": "#/components/schemas/call"
                },
                "example": [
                  {
                    "store_id": "1",
                    "store_name": "Store-8",
                    "sales_associate_id": "SA_01",
                    "sales_associate_name": "FirstName-7 LastName-7",
                    "client_id": "EXTERNAL_ID_10",
                    "client_name": "FirstName-8 LastName-8",
                    "created_at": "2021-12-08T08:37:57.213Z"
                  },
                  {
                    "store_id": "1",
                    "store_name": "Store-8",
                    "sales_associate_id": "SA_01",
                    "sales_associate_name": "FirstName-7 LastName-7",
                    "client_id": "EXTERNAL_ID_10",
                    "client_name": "FirstName-8 LastName-8",
                    "created_at": "2021-12-08T08:37:57.215Z"
                  }
                ]
              }
            }
          }
        },
        "security": [
          {
            "BearerAuth": []
          }
        ]
      }
    },
    "/api/extraction/v1/clients": {
      "get": {
        "tags": [
          "Clients"
        ],
        "summary": "List Clients",
        "description": "List clients",
        "operationId": "listClients",
        "parameters": [
          {
            "name": "client_ids",
            "in": "query",
            "description": "Client id owned by the brand",
            "required": false,
            "style": "form",
            "explode": true,
            "schema": {
              "type": "string"
            }
          },
          {
            "name": "sales_associate_ids",
            "in": "query",
            "description": "Sales Associate id owned by the brand",
            "required": false,
            "style": "form",
            "explode": true,
            "schema": {
              "type": "string"
            }
          },
          {
            "name": "from",
            "in": "query",
            "description": "Only show clients updated after the given time. This is a timestamp in ISO 8601 format: YYYY-MM-DDTHH:MM:SSZ.",
            "required": false,
            "style": "form",
            "explode": true,
            "schema": {
              "type": "string"
            }
          },
          {
            "name": "to",
            "in": "query",
            "description": "Combined with the `from` parameter, only show clients updated whitin the given range (from..to) time. This is a timestamp in ISO 8601 format: YYYY-MM-DDTHH:MM:SSZ.",
            "required": false,
            "style": "form",
            "explode": true,
            "schema": {
              "type": "string"
            }
          },
          {
            "name": "page",
            "in": "query",
            "description": "Page number of the results to fetch. Default: 1",
            "required": false,
            "style": "form",
            "explode": true,
            "schema": {
              "type": "string"
            }
          },
          {
            "name": "per_page",
            "in": "query",
            "description": "Results per page (max 100). Default: 30",
            "required": false,
            "style": "form",
            "explode": true,
            "schema": {
              "type": "string"
            }
          }
        ],
        "responses": {
          "200": {
            "description": "Successful response, returns array of clients",
            "content": {
              "application/json": {
                "schema": {
                  "$ref": "#/components/schemas/client"
                },
                "example": [
                  {
                    "current_sales_associate_id": "SA_01",
                    "current_sales_associate_name": "FirstName-12 LastName-12",
                    "client_id": "EXTERNAL_ID_15",
                    "name": "FirstName-13 LastName-13",
                    "email": "someone13@example.com",
                    "mobile_phone": "+14153400007",
                    "other_phone": "+14153400007",
                    "address": "",
                    "communication_preferences": {
                      "chat_opt_in": true,
                      "email_opt_in": true,
                      "phone_opt_in": true,
                      "whatsapp_opt_in": false,
                      "wechat_opt_in": false,
                      "opt_out": false
                    },
                    "segments": [],
                    "consent": false,
                    "notify_of_new_collection": false,
                    "last_contacted_at": "2021-12-03T08:37:57.510Z",
                    "created_at": "2021-12-08T08:37:57.528Z",
                    "updated_at": "2021-12-08T08:37:57.528Z"
                  },
                  {
                    "current_sales_associate_id": "SA_01",
                    "current_sales_associate_name": "FirstName-12 LastName-12",
                    "client_id": "EXTERNAL_ID_16",
                    "name": "FirstName-14 LastName-14",
                    "email": "someone14@example.com",
                    "mobile_phone": "+14153400008",
                    "other_phone": "+14153400008",
                    "address": "",
                    "communication_preferences": {
                      "chat_opt_in": true,
                      "email_opt_in": true,
                      "phone_opt_in": true,
                      "whatsapp_opt_in": false,
                      "wechat_opt_in": false,
                      "opt_out": false
                    },
                    "segments": [],
                    "consent": false,
                    "notify_of_new_collection": false,
                    "last_contacted_at": "2021-12-03T08:37:57.532Z",
                    "created_at": "2021-12-08T08:37:57.554Z",
                    "updated_at": "2021-12-08T08:37:57.554Z"
                  }
                ]
              }
            }
          }
        },
        "security": [
          {
            "BearerAuth": []
          }
        ]
      }
    },
    "/api/extraction/v1/emails": {
      "get": {
        "tags": [
          "Emails"
        ],
        "summary": "List Emails",
        "description": "List emails",
        "operationId": "listEmails",
        "parameters": [
          {
            "name": "client_ids",
            "in": "query",
            "description": "Client id owned by the brand",
            "required": false,
            "style": "form",
            "explode": true,
            "schema": {
              "type": "string"
            }
          },
          {
            "name": "sales_associate_ids",
            "in": "query",
            "description": "Sales Associate id owned by the brand",
            "required": false,
            "style": "form",
            "explode": true,
            "schema": {
              "type": "string"
            }
          },
          {
            "name": "from",
            "in": "query",
            "description": "Only show emails updated after the given time. This is a timestamp in ISO 8601 format: YYYY-MM-DDTHH:MM:SSZ.",
            "required": false,
            "style": "form",
            "explode": true,
            "schema": {
              "type": "string"
            }
          },
          {
            "name": "to",
            "in": "query",
            "description": "Combined with the `from` parameter, only show emails updated whitin the given range (from..to) time. This is a timestamp in ISO 8601 format: YYYY-MM-DDTHH:MM:SSZ.",
            "required": false,
            "style": "form",
            "explode": true,
            "schema": {
              "type": "string"
            }
          },
          {
            "name": "page",
            "in": "query",
            "description": "Page number of the results to fetch. Default: 1",
            "required": false,
            "style": "form",
            "explode": true,
            "schema": {
              "type": "string"
            }
          },
          {
            "name": "per_page",
            "in": "query",
            "description": "Results per page (max 100). Default: 30",
            "required": false,
            "style": "form",
            "explode": true,
            "schema": {
              "type": "string"
            }
          }
        ],
        "responses": {
          "200": {
            "description": "Successful response, returns array of emails",
            "content": {
              "application/json": {
                "schema": {
                  "$ref": "#/components/schemas/email"
                },
                "example": [
                  {
                    "store_id": "1",
                    "store_name": "Store-12",
                    "sales_associate_id": "SA_01",
                    "sales_associate_name": "FirstName-17 LastName-17",
                    "client_id": "EXTERNAL_ID_21",
                    "client_name": "FirstName-18 LastName-18",
                    "template_id": "2",
                    "template_name": "Test Template",
                    "media": [],
                    "created_at": "2021-12-08T08:37:57.936Z"
                  }
                ]
              }
            }
          }
        },
        "security": [
          {
            "BearerAuth": []
          }
        ]
      }
    },
    "/api/extraction/v1/ideabook_actions": {
      "get": {
        "tags": [
          "Ideabook"
        ],
        "summary": "Get clients' ideabook actions (likes, dislikes, wishlists)",
        "description": "Gets a list of ideabook actions for specified clients. The actions include all reactions to ideabook objects (ideabook object can stand for an item or simply attachment shared by sales associate like image or video). Among type of actions that might be performed by client there are:\n- like\n- dislike\n- adding to wishlist\n- like removal\n- dislike removal\n- removing from wishlist\n\nIf there are no clients found with given client IDs the API returns an error about no records found.\n\nIf among passed clients IDs in the query parameter there is at least one client who exists in the database the API will return an object with client IDs as keys and an array of ideabook actions as values. IDs of the clients that weren't found in the DB will not be returned in the response object.",
        "operationId": "getClientsIdeabookActions",
        "parameters": [
          {
            "name": "client_ids",
            "in": "query",
            "description": "Format: `/api/extraction/v1/ideabook_actions?client_ids=CLIENT_ID_1,CLIENT_ID_2`",
            "required": true,
            "style": "form",
            "explode": true,
            "schema": {
              "type": "string"
            }
          }
        ],
        "responses": {
          "200": {
            "description": "Get clients' ideabook actions",
            "content": {
              "application/json": {
                "example": {
                  "CLIENT_ID_2": [
                    {
                      "created_by_sales_associate_id": "SALES_ASOCIATE_ID_1",
                      "skus": [
                        "SKU_3",
                        "SKU_4"
                      ],
                      "created_date": "2021-03-30T12:40:30.000Z",
                      "feedback_date": "2021-12-08T08:37:58.453Z",
                      "feedback_type": "Remove like",
                      "item_id": "ITEM_ID_2",
                      "image_url": "https://fake.cdn.aws.com/media/000/000/003/original/file-name-3."
                    },
                    {
                      "created_date": "2021-04-01T17:25:10.000Z",
                      "feedback_date": "2021-12-08T08:37:58.471Z",
                      "feedback_type": "Remove dislike",
                      "image_url": "https://fake.cdn.aws.com/media/000/000/004/original/file-name-4."
                    },
                    {
                      "created_by_sales_associate_id": "SALES_ASOCIATE_ID_1",
                      "skus": [
                        "SKU_3",
                        "SKU_4"
                      ],
                      "created_date": "2021-04-03T20:10:20.000Z",
                      "feedback_date": "2021-12-08T08:37:58.475Z",
                      "feedback_type": "Remove from wishlist",
                      "item_id": "ITEM_ID_2",
                      "image_url": "https://fake.cdn.aws.com/media/000/000/003/original/file-name-3."
                    }
                  ],
                  "CLIENT_ID_1": [
                    {
                      "created_by_sales_associate_id": "SALES_ASOCIATE_ID_1",
                      "skus": [
                        "SKU_1",
                        "SKU_2"
                      ],
                      "created_date": "2021-03-30T12:40:30.000Z",
                      "feedback_date": "2021-12-08T08:37:58.300Z",
                      "feedback_type": "Like",
                      "item_id": "ITEM_ID_1",
                      "image_url": "https://fake.cdn.aws.com/media/000/000/001/original/file-name-1."
                    },
                    {
                      "created_date": "2021-04-01T17:25:10.000Z",
                      "feedback_date": "2021-12-08T08:37:58.400Z",
                      "feedback_type": "Dislike",
                      "image_url": "https://fake.cdn.aws.com/media/000/000/002/original/file-name-2."
                    },
                    {
                      "created_by_sales_associate_id": "SALES_ASOCIATE_ID_1",
                      "skus": [
                        "SKU_1",
                        "SKU_2"
                      ],
                      "created_date": "2021-04-03T20:10:20.000Z",
                      "feedback_date": "2021-12-08T08:37:58.434Z",
                      "feedback_type": "Add to wishlist",
                      "item_id": "ITEM_ID_1",
                      "image_url": "https://fake.cdn.aws.com/media/000/000/001/original/file-name-1."
                    }
                  ],
                  "NON_EXISTING_CLIENT_ID": []
                }
              }
            }
          },
          "422": {
            "description": "No clients with given IDs found",
            "content": {
              "application/json": {
                "example": {
                  "errors": [
                    {
                      "title": "No clients found with IDs: [NON_EXISTING_ID, OTHER_NON_EXISTING_ID]",
                      "code": "not_found"
                    }
                  ]
                }
              }
            }
          }
        },
        "security": [
          {
            "BearerAuth": []
          }
        ]
      }
    },
    "/api/extraction/v1/messages": {
      "get": {
        "tags": [
          "Messages"
        ],
        "summary": "List Messages",
        "description": "List messages",
        "operationId": "listMessages",
        "parameters": [
          {
            "name": "client_ids",
            "in": "query",
            "description": "Client id owned by the brand",
            "required": false,
            "style": "form",
            "explode": true,
            "schema": {
              "type": "string"
            }
          },
          {
            "name": "sales_associate_ids",
            "in": "query",
            "description": "Sales Associate id owned by the brand",
            "required": false,
            "style": "form",
            "explode": true,
            "schema": {
              "type": "string"
            }
          },
          {
            "name": "from",
            "in": "query",
            "description": "Only show messages updated after the given time. This is a timestamp in ISO 8601 format: YYYY-MM-DDTHH:MM:SSZ.",
            "required": false,
            "style": "form",
            "explode": true,
            "schema": {
              "type": "string"
            }
          },
          {
            "name": "to",
            "in": "query",
            "description": "Combined with the `from` parameter, only show messages updated whitin the given range (from..to) time. This is a timestamp in ISO 8601 format: YYYY-MM-DDTHH:MM:SSZ.",
            "required": false,
            "style": "form",
            "explode": true,
            "schema": {
              "type": "string"
            }
          },
          {
            "name": "page",
            "in": "query",
            "description": "Page number of the results to fetch. Default: 1",
            "required": false,
            "style": "form",
            "explode": true,
            "schema": {
              "type": "string"
            }
          },
          {
            "name": "per_page",
            "in": "query",
            "description": "Results per page (max 100). Default: 30",
            "required": false,
            "style": "form",
            "explode": true,
            "schema": {
              "type": "string"
            }
          }
        ],
        "responses": {
          "200": {
            "description": "Successful response, returns array of messages",
            "content": {
              "application/json": {
                "schema": {
                  "$ref": "#/components/schemas/message"
                },
                "example": [
                  {
                    "store_id": "1",
                    "store_name": "Store-15",
                    "sales_associate_id": "SA_01",
                    "sales_associate_name": "FirstName-26 LastName-26",
                    "client_id": "EXTERNAL_ID_35",
                    "client_name": "FirstName-27 LastName-27",
                    "channel": "SMS",
                    "media": [],
                    "created_at": "2021-12-08T08:37:58.941Z"
                  }
                ]
              }
            }
          }
        },
        "security": [
          {
            "BearerAuth": []
          }
        ]
      }
    },
    "/api/extraction/v1/notes": {
      "get": {
        "tags": [
          "Notes"
        ],
        "summary": "List Notes",
        "description": "List notes",
        "operationId": "listNotes",
        "parameters": [
          {
            "name": "client_ids",
            "in": "query",
            "description": "Client id owned by the brand, supply",
            "required": false,
            "style": "form",
            "explode": true,
            "schema": {
              "type": "string"
            }
          },
          {
            "name": "sales_associate_ids",
            "in": "query",
            "description": "Sales Associate id owned by the brand",
            "required": false,
            "style": "form",
            "explode": true,
            "schema": {
              "type": "string"
            }
          },
          {
            "name": "from",
            "in": "query",
            "description": "Only show notes updated after the given time. This is a timestamp in ISO 8601 format: YYYY-MM-DDTHH:MM:SSZ.",
            "required": false,
            "style": "form",
            "explode": true,
            "schema": {
              "type": "string"
            }
          },
          {
            "name": "to",
            "in": "query",
            "description": "Combined with the `from` parameter, only show notes updated whitin the given range (from..to) time. This is a timestamp in ISO 8601 format: YYYY-MM-DDTHH:MM:SSZ.",
            "required": false,
            "style": "form",
            "explode": true,
            "schema": {
              "type": "string"
            }
          },
          {
            "name": "page",
            "in": "query",
            "description": "Page number of the results to fetch. Default: 1",
            "required": false,
            "style": "form",
            "explode": true,
            "schema": {
              "type": "string"
            }
          },
          {
            "name": "per_page",
            "in": "query",
            "description": "Results per page (max 100). Default: 30",
            "required": false,
            "style": "form",
            "explode": true,
            "schema": {
              "type": "string"
            }
          }
        ],
        "responses": {
          "200": {
            "description": "Successful response, returns array of notes",
            "content": {
              "application/json": {
                "schema": {
                  "$ref": "#/components/schemas/note"
                },
                "example": [
                  {
                    "store_id": "1",
                    "store_name": "Store-17",
                    "sales_associate_id": "SA_01",
                    "sales_associate_name": "FirstName-30 LastName-30",
                    "client_id": "EXTERNAL_ID_39",
                    "client_name": "FirstName-31 LastName-31",
                    "body": "Test notes",
                    "media": [],
                    "created_at": "2021-12-08T08:37:59.242Z"
                  }
                ]
              }
            }
          }
        },
        "security": [
          {
            "BearerAuth": []
          }
        ]
      }
    },
    "/api/extraction/v1/reminders": {
      "get": {
        "tags": [
          "Reminders"
        ],
        "summary": "List Reminders",
        "description": "List reminders",
        "operationId": "listReminders",
        "parameters": [
          {
            "name": "client_ids",
            "in": "query",
            "description": "Client id owned by the brand",
            "required": false,
            "style": "form",
            "explode": true,
            "schema": {
              "type": "string"
            }
          },
          {
            "name": "sales_associate_ids",
            "in": "query",
            "description": "Sales Associate id owned by the brand",
            "required": false,
            "style": "form",
            "explode": true,
            "schema": {
              "type": "string"
            }
          },
          {
            "name": "from",
            "in": "query",
            "description": "Only show reminders updated after the given time. This is a timestamp in ISO 8601 format: YYYY-MM-DDTHH:MM:SSZ.",
            "required": false,
            "style": "form",
            "explode": true,
            "schema": {
              "type": "string"
            }
          },
          {
            "name": "to",
            "in": "query",
            "description": "Combined with the `from` parameter, only show reminders updated whitin the given range (from..to) time. This is a timestamp in ISO 8601 format: YYYY-MM-DDTHH:MM:SSZ.",
            "required": false,
            "style": "form",
            "explode": true,
            "schema": {
              "type": "string"
            }
          },
          {
            "name": "page",
            "in": "query",
            "description": "Page number of the results to fetch. Default: 1",
            "required": false,
            "style": "form",
            "explode": true,
            "schema": {
              "type": "string"
            }
          },
          {
            "name": "per_page",
            "in": "query",
            "description": "Results per page (max 100). Default: 30",
            "required": false,
            "style": "form",
            "explode": true,
            "schema": {
              "type": "string"
            }
          }
        ],
        "responses": {
          "200": {
            "description": "Successful response, returns array of reminders",
            "content": {
              "application/json": {
                "schema": {
                  "$ref": "#/components/schemas/reminder"
                },
                "example": [
                  {
                    "store_id": "1",
                    "store_name": "Store-22",
                    "sales_associate_id": "SA_01",
                    "sales_associate_name": "FirstName-34 LastName-34",
                    "client_id": "CL_01",
                    "client_name": "FirstName-35 LastName-35",
                    "title": "Some title",
                    "body": "Some notes\n here.",
                    "starts_at": "2021-12-09T00:00:00.000Z",
                    "is_done": false,
                    "created_at": "2021-12-08T08:37:59.550Z",
                    "updated_at": "2021-12-08T08:37:59.550Z"
                  }
                ]
              }
            }
          }
        },
        "security": [
          {
            "BearerAuth": []
          }
        ]
      }
    },
    "/api/extraction/v1/sales_associates": {
      "get": {
        "tags": [
          "Sales Associates"
        ],
        "summary": "List Sales Associates",
        "description": "List Sales Associates",
        "operationId": "listSalesAssociates",
        "parameters": [
          {
            "name": "sales_associate_ids",
            "in": "query",
            "description": "Sales Associate id owned by the brand",
            "required": false,
            "style": "form",
            "explode": true,
            "schema": {
              "type": "string"
            }
          },
          {
            "name": "from",
            "in": "query",
            "description": "Only show reminders updated after the given time. This is a timestamp in ISO 8601 format: YYYY-MM-DDTHH:MM:SSZ.",
            "required": false,
            "style": "form",
            "explode": true,
            "schema": {
              "type": "string"
            }
          },
          {
            "name": "to",
            "in": "query",
            "description": "Combined with the `from` parameter, only show reminders updated whitin the given range (from..to) time. This is a timestamp in ISO 8601 format: YYYY-MM-DDTHH:MM:SSZ.",
            "required": false,
            "style": "form",
            "explode": true,
            "schema": {
              "type": "string"
            }
          },
          {
            "name": "page",
            "in": "query",
            "description": "Page number of the results to fetch. Default: 1",
            "required": false,
            "style": "form",
            "explode": true,
            "schema": {
              "type": "string"
            }
          },
          {
            "name": "per_page",
            "in": "query",
            "description": "Results per page (max 100). Default: 30",
            "required": false,
            "style": "form",
            "explode": true,
            "schema": {
              "type": "string"
            }
          }
        ],
        "responses": {
          "200": {
            "description": "Successful response, returns array of Sales Associates",
            "content": {
              "application/json": {
                "schema": {
                  "$ref": "#/components/schemas/sales_associate"
                },
                "example": [
                  {
                    "created_at": "2021-12-08T08:37:59.776Z",
                    "updated_at": "2021-12-08T08:37:59.814Z",
                    "current_store_id": "1",
                    "sales_associate_name": "FirstName-38 LastName-38",
                    "username": "username-18",
                    "email": "someone38@example.com",
                    "job_title": "Manager",
                    "imessage_enabled": false,
                    "wechat_enabled": false,
                    "line_enabled": false,
                    "adyen_enabled": false
                  }
                ]
              }
            }
          }
        },
        "security": [
          {
            "BearerAuth": []
          }
        ]
      }
    },
    "/api/extraction/v1/slices": {
      "get": {
        "tags": [
          "Slices"
        ],
        "summary": "List Slices",
        "description": "List slices",
        "operationId": "listSlices",
        "parameters": [
          {
            "name": "sales_associate_ids",
            "in": "query",
            "description": "Sales Associate id owned by the brand",
            "required": false,
            "style": "form",
            "explode": true,
            "schema": {
              "type": "string"
            }
          },
          {
            "name": "from",
            "in": "query",
            "description": "Only show slices updated after the given time. This is a timestamp in ISO 8601 format: YYYY-MM-DDTHH:MM:SSZ.",
            "required": false,
            "style": "form",
            "explode": true,
            "schema": {
              "type": "string"
            }
          },
          {
            "name": "to",
            "in": "query",
            "description": "Combined with the `from` parameter, only show slices updated whitin the given range (from..to) time. This is a timestamp in ISO 8601 format: YYYY-MM-DDTHH:MM:SSZ.",
            "required": false,
            "style": "form",
            "explode": true,
            "schema": {
              "type": "string"
            }
          },
          {
            "name": "page",
            "in": "query",
            "description": "Page number of the results to fetch. Default: 1",
            "required": false,
            "style": "form",
            "explode": true,
            "schema": {
              "type": "string"
            }
          },
          {
            "name": "per_page",
            "in": "query",
            "description": "Results per page (max 100). Default: 30",
            "required": false,
            "style": "form",
            "explode": true,
            "schema": {
              "type": "string"
            }
          }
        ],
        "responses": {
          "200": {
            "description": "Successful response, returns array of slices",
            "content": {
              "application/json": {
                "schema": {
                  "$ref": "#/components/schemas/slice"
                },
                "example": [
                  {
                    "store_id": "1",
                    "store_name": "Store-29",
                    "created_by_sales_associate_id": "SA_01",
                    "created_by_sales_associate_name": "FirstName-41 LastName-41",
                    "created_at": "2021-12-08T08:38:00.115Z",
                    "updated_at": "2021-12-08T08:38:00.115Z",
                    "item_ids": [
                      "ITEM_OO1"
                    ]
                  }
                ]
              }
            }
          }
        },
        "security": [
          {
            "BearerAuth": []
          }
        ]
      }
    }
  },
  "components": {
    "schemas": {
      "appointment": {
        "type": "array",
        "items": {
          "$ref": "#/components/schemas/appointment_inner"
        }
      },
      "reminder": {
        "type": "array",
        "items": {
          "$ref": "#/components/schemas/reminder_inner"
        }
      },
      "slice": {
        "type": "array",
        "items": {
          "$ref": "#/components/schemas/slice_inner"
        }
      },
      "email": {
        "type": "array",
        "items": {
          "$ref": "#/components/schemas/email_inner"
        }
      },
      "call": {
        "type": "array",
        "items": {
          "$ref": "#/components/schemas/call_inner"
        }
      },
      "message": {
        "type": "array",
        "items": {
          "$ref": "#/components/schemas/message_inner"
        }
      },
      "note": {
        "type": "array",
        "items": {
          "$ref": "#/components/schemas/note_inner"
        }
      },
      "client": {
        "type": "array",
        "items": {
          "$ref": "#/components/schemas/client_inner"
        }
      },
      "sales_associate": {
        "type": "array",
        "items": {
          "$ref": "#/components/schemas/sales_associate_inner"
        }
      },
      "error": {
        "type": "object",
        "properties": {
          "errors": {
            "type": "array",
            "items": {
              "$ref": "#/components/schemas/error_errors"
            }
          }
        }
      },
      "appointment_inner": {
        "required": [
          "body",
          "client_id",
          "client_name",
          "created_at",
          "ends_at",
          "is_done",
          "is_done_at",
          "sales_associate_id",
          "sales_associate_name",
          "starts_at",
          "store_id",
          "store_name",
          "title",
          "updated_at"
        ],
        "type": "object",
        "properties": {
          "store_id": {
            "type": "string",
            "description": "Unique identifier of the store where the appointment was created (based on associate assignment)"
          },
          "store_name": {
            "type": "string",
            "description": "Store name of where the appointment was created (based on associate assignment)",
            "nullable": true
          },
          "sales_associate_id": {
            "type": "string",
            "description": "Unique identifier of the associate that created the appointment"
          },
          "sales_associate_name": {
            "type": "string",
            "description": "Full name of the associate who created the appointment"
          },
          "client_id": {
            "type": "string",
            "description": "Unique identifier of the client that the appointment is with"
          },
          "client_name": {
            "type": "string",
            "description": "Full name of the client that the appointment is with"
          },
          "title": {
            "type": "string",
            "description": "Short description of the appointment added by the associate",
            "nullable": true
          },
          "body": {
            "type": "string",
            "description": "TODO: Details added to the appointment by the associate",
            "nullable": true
          },
          "created_at": {
            "type": "string",
            "description": "Timestamp of when the appointment was created",
            "format": "date_time"
          },
          "updated_at": {
            "type": "string",
            "description": "Timestamp of when the appointment was last updated",
            "format": "date_time"
          },
          "starts_at": {
            "type": "string",
            "description": "Timestamp of when the appointment was scheduled to start",
            "format": "date_time"
          },
          "ends_at": {
            "type": "string",
            "description": "Timestamp of when the appointment was scheduled to end",
            "format": "date_time",
            "nullable": true
          },
          "is_done": {
            "type": "boolean",
            "description": "Whether or not the appointment was marked as done by the associate. If the appointment is marked as done this will be `true`, otherwise defaults to `false`"
          },
          "is_done_at": {
            "type": "string",
            "description": "Timestamp of when the appointment was marked as done by the associate",
            "format": "date_time",
            "nullable": true
          }
        },
        "description": "Get appointment details scheduled between a sales associate and a client"
      },
      "reminder_inner": {
        "required": [
          "body",
          "client_id",
          "client_name",
          "created_at",
          "ends_at",
          "is_done",
          "is_done_at",
          "sales_associate_id",
          "sales_associate_name",
          "starts_at",
          "store_id",
          "store_name",
          "title",
          "updated_at"
        ],
        "type": "object",
        "properties": {
          "store_id": {
            "type": "string",
            "description": "Unique identifier of the store where the reminder was created (based on associate assignment)"
          },
          "store_name": {
            "type": "string",
            "description": "Store name of where the reminder was created (based on associate assignment)",
            "nullable": true
          },
          "sales_associate_id": {
            "type": "string",
            "description": "Unique identifier of the associate that created the reminder"
          },
          "sales_associate_name": {
            "type": "string",
            "description": "Full name of the associate who created the reminder"
          },
          "client_id": {
            "type": "string",
            "description": "Unique identifier of the client that the reminder is with"
          },
          "client_name": {
            "type": "string",
            "description": "Full name of the client that the reminder is with"
          },
          "title": {
            "type": "string",
            "description": "Short description of the reminder added by the associate",
            "nullable": true
          },
          "body": {
            "type": "string",
            "description": "Details added to the reminder by the associate",
            "nullable": true
          },
          "created_at": {
            "type": "string",
            "description": "Timestamp of when the reminder was created",
            "format": "date_time"
          },
          "updated_at": {
            "type": "string",
            "description": "Timestamp of when the reminder was last updated",
            "format": "date_time"
          },
          "starts_at": {
            "type": "string",
            "description": "Timestamp of when the reminder was scheduled to start",
            "format": "date_time"
          },
          "ends_at": {
            "type": "string",
            "description": "Timestamp of when the reminder was scheduled to end",
            "format": "date_time",
            "nullable": true
          },
          "is_done": {
            "type": "boolean",
            "description": "Whether or not the reminder was marked as done by the associate. If the reminder is marked as done this will be `true`, otherwise defaults to `false`"
          },
          "is_done_at": {
            "type": "string",
            "description": "Timestamp of when the reminder was marked as done by the associate",
            "format": "date_time",
            "nullable": true
          }
        },
        "description": "Get details about all notifications (reminders) scheduled by the sales associate on a clients profile"
      },
      "slice_inner": {
        "required": [
          "body",
          "created_at",
          "created_by_sales_associate_id",
          "created_by_sales_associate_name",
          "item_ids",
          "store_id",
          "store_name",
          "title",
          "updated_at"
        ],
        "type": "object",
        "properties": {
          "store_id": {
            "type": "string",
            "description": "Unique identifier of the store where the slice was created (based on associate assignment)"
          },
          "store_name": {
            "type": "string",
            "description": "Store name of where the slice was created (based on associate assignment)"
          },
          "created_by_sales_associate_id": {
            "type": "string",
            "description": "Unique identifier of the associate that created the slice"
          },
          "created_by_sales_associate_name": {
            "type": "string",
            "description": "Full name of the associate who created the slice"
          },
          "title": {
            "type": "string",
            "description": "Short description of the slice added by the original associate",
            "nullable": true
          },
          "body": {
            "type": "string",
            "description": "Details added to the slice by the original associate",
            "nullable": true
          },
          "created_at": {
            "type": "string",
            "description": "Timestamp of when the slice was created",
            "format": "date_time"
          },
          "updated_at": {
            "type": "string",
            "description": "Timestamp of when the slice was last updated",
            "format": "date_time"
          },
          "item_ids": {
            "type": "array",
            "description": "Unique identifiers of the items that were included in the slice",
            "items": {
              "type": "string"
            }
          }
        },
        "description": "Get details about all slices (a curation of images) created and shared from sales associates to their clients"
      },
      "email_inner": {
        "required": [
          "client_id",
          "client_name",
          "created_at",
          "media",
          "sales_associate_id",
          "sales_associate_name",
          "slice_id",
          "store_id",
          "store_name",
          "template_id",
          "template_name"
        ],
        "type": "object",
        "properties": {
          "store_id": {
            "type": "string",
            "description": "Unique identifier of the store where the email originated from (based on associate assignment)"
          },
          "store_name": {
            "type": "string",
            "description": "Store name of where the email originated from (based on associate assignment)",
            "nullable": true
          },
          "sales_associate_id": {
            "type": "string",
            "description": "Unique identifier of the associate that created the email"
          },
          "sales_associate_name": {
            "type": "string",
            "description": "Full name of the associate who created the email"
          },
          "client_id": {
            "type": "string",
            "description": "Unique identifier of the client that the email was sent to"
          },
          "client_name": {
            "type": "string",
            "description": "Full name of the client that the email was sent to"
          },
          "template_id": {
            "type": "string",
            "description": "Unique identifier of the template that was used for the email",
            "nullable": true
          },
          "template_name": {
            "type": "string",
            "description": "Name of the template that was used for the email",
            "nullable": true
          },
          "slice_id": {
            "type": "string",
            "description": "Unique identifier of the Slice that was include in the email (if any)",
            "nullable": true
          },
          "media": {
            "type": "array",
            "items": {
              "required": [
                "content_type",
                "size",
                "url"
              ],
              "type": "object",
              "properties": {
                "content_type": {
                  "type": "string",
                  "description": "The mime type of the media"
                },
                "url": {
                  "type": "string",
                  "description": "The url of the images, videos or collection items included in the email"
                },
                "size": {
                  "type": "string",
                  "description": "The size in KBs of the media"
                }
              }
            }
          },
          "created_at": {
            "type": "string",
            "description": "Timestamp of when the email was created",
            "format": "date_time"
          }
        },
        "description": "Get details about emails started from the BSPK application"
      },
      "call_inner": {
        "required": [
          "client_id",
          "client_name",
          "created_at",
          "sales_associate_id",
          "sales_associate_name",
          "store_id",
          "store_name",
          "to"
        ],
        "type": "object",
        "properties": {
          "store_id": {
            "type": "string",
            "description": "Unique identifier of the store where the call originated from (based on associate assignment)"
          },
          "store_name": {
            "type": "string",
            "description": "Store name of where the call originated from (based on associate assignment)",
            "nullable": true
          },
          "sales_associate_id": {
            "type": "string",
            "description": "Unique identifier of the associate that started the call"
          },
          "sales_associate_name": {
            "type": "string",
            "description": "Full name of the associate who started the call"
          },
          "client_id": {
            "type": "string",
            "description": "Unique identifier of the client that was called"
          },
          "client_name": {
            "type": "string",
            "description": "Full name of the client that was called"
          },
          "to": {
            "type": "string",
            "description": "Phone number the call was to (clients phone number)",
            "nullable": true
          },
          "created_at": {
            "type": "string",
            "description": "Timestamp of when the call was started",
            "format": "date_time"
          }
        },
        "description": "Get details about phone calls started from the BSPK application"
      },
      "message_inner": {
        "required": [
          "body",
          "channel",
          "client_id",
          "client_name",
          "created_at",
          "media",
          "proxy_phone_number",
          "sales_associate_id",
          "sales_associate_name",
          "slice_id",
          "store_id",
          "store_name",
          "template_id",
          "template_name"
        ],
        "type": "object",
        "properties": {
          "store_id": {
            "type": "string",
            "description": "Unique identifier of the store where the message was created (based on associate assignment)"
          },
          "store_name": {
            "type": "string",
            "description": "Store name of where the message was created (based on associate assignment)",
            "nullable": true
          },
          "sales_associate_id": {
            "type": "string",
            "description": "Unique identifier of the associate that created the message"
          },
          "sales_associate_name": {
            "type": "string",
            "description": "Full name of the associate who created the message"
          },
          "client_id": {
            "type": "string",
            "description": "Unique identifier of the client that the message is to"
          },
          "client_name": {
            "type": "string",
            "description": "Full name of the client that the message is to"
          },
          "proxy_phone_number": {
            "type": "string",
            "description": "Phone number of the associate that created the message (if proxy number is enabled)",
            "nullable": true
          },
          "body": {
            "type": "string",
            "description": "The text included in the message",
            "nullable": true
          },
          "channel": {
            "type": "string",
            "description": "The channel in which the message was sent from"
          },
          "template_id": {
            "type": "string",
            "description": "Unique identifier of the template that was used for the message",
            "nullable": true
          },
          "template_name": {
            "type": "string",
            "description": "Name of the template that was used for the message",
            "nullable": true
          },
          "slice_id": {
            "type": "integer",
            "description": "Unique identifier of the Slice that was include in the email (if any)",
            "nullable": true
          },
          "media": {
            "type": "array",
            "items": {
              "required": [
                "content_type",
                "size",
                "url"
              ],
              "type": "object",
              "properties": {
                "content_type": {
                  "type": "string",
                  "description": "The mime type of the media"
                },
                "url": {
                  "type": "string",
                  "description": "The url of the images, videos or collection items included in the message"
                },
                "size": {
                  "type": "string",
                  "description": "The size in KBs of the media"
                }
              }
            }
          },
          "created_at": {
            "type": "string",
            "description": "Timestamp of when the message was created",
            "format": "date_time"
          }
        },
        "description": "Get details about all messages sent by sales associates via Chat, Apple Messages, WhatsApp, WeChat or Line"
      },
      "note_inner": {
        "required": [
          "body",
          "client_id",
          "client_name",
          "created_at",
          "media",
          "sales_associate_id",
          "sales_associate_name",
          "store_id",
          "store_name"
        ],
        "type": "object",
        "properties": {
          "store_id": {
            "type": "string",
            "description": "Unique identifier of the store where the note was created (based on associate assignment)"
          },
          "store_name": {
            "type": "string",
            "description": "Store name of where the note was created (based on associate assignment)",
            "nullable": true
          },
          "sales_associate_id": {
            "type": "string",
            "description": "Unique identifier of the associate that created the note"
          },
          "sales_associate_name": {
            "type": "string",
            "description": "Full name of the associate who created the note"
          },
          "client_id": {
            "type": "string",
            "description": "Unique identifier of the client that the note was for"
          },
          "client_name": {
            "type": "string",
            "description": "Full name of the client that the note was for"
          },
          "body": {
            "type": "string",
            "description": "The text included in the note"
          },
          "media": {
            "type": "array",
            "items": {
              "required": [
                "content_type",
                "size",
                "url"
              ],
              "type": "object",
              "properties": {
                "content_type": {
                  "type": "string",
                  "description": "The mime type of the media"
                },
                "url": {
                  "type": "string",
                  "description": "The url of the images, videos or collection items included in the message"
                },
                "size": {
                  "type": "string",
                  "description": "The size in KBs of the media"
                }
              }
            }
          },
          "created_at": {
            "type": "string",
            "description": "Timestamp of when the note was created",
            "format": "date_time"
          }
        },
        "description": "Get details about all notes made on a client profile by sales associates"
      },
      "client_inner": {
        "required": [
          "address",
          "birthday",
          "client_id",
          "communication_preferences",
          "consent",
          "created_at",
          "current_sales_associate_id",
          "current_sales_associate_name",
          "current_store_id",
          "current_store_name",
          "email",
          "gender",
          "language",
          "last_contacted_at",
          "mobile_phone",
          "name",
          "nationality",
          "notify_of_new_collection",
          "other_phone",
          "preferred_contact_channel",
          "segments",
          "title",
          "updated_at"
        ],
        "type": "object",
        "properties": {
          "client_id": {
            "type": "string",
            "description": "Unique identifier of the client"
          },
          "name": {
            "type": "string",
            "description": "Name of the client",
            "nullable": true
          },
          "title": {
            "type": "string",
            "description": "Title of the client",
            "nullable": true
          },
          "address": {
            "type": "string",
            "description": "Address of the client",
            "nullable": true
          },
          "email": {
            "type": "string",
            "description": "Email of the client",
            "nullable": true
          },
          "mobile_phone": {
            "type": "string",
            "description": "Mobile phone of the client",
            "nullable": true
          },
          "other_phone": {
            "type": "string",
            "description": "Other phone of the client",
            "nullable": true
          },
          "birthday": {
            "type": "string",
            "description": "Birthday of the client",
            "format": "date_time",
            "nullable": true
          },
          "gender": {
            "type": "string",
            "description": "Gender of the client",
            "nullable": true,
            "enum": [
              "M",
              "F",
              null
            ]
          },
          "nationality": {
            "type": "string",
            "description": "Nationality of the client",
            "nullable": true
          },
          "language": {
            "type": "string",
            "description": "Nationality of the client",
            "nullable": true
          },
          "preferred_contact_channel": {
            "type": "string",
            "description": "The preferred channel of the client",
            "nullable": true,
            "enum": [
              "chat",
              "email",
              "line",
              "whastapp",
              "wechat",
              "call",
              null
            ]
          },
          "current_sales_associate_id": {
            "type": "string",
            "description": "Unique identifier of the associate that the client is assigned to",
            "nullable": true
          },
          "current_sales_associate_name": {
            "type": "string",
            "description": "Full name of the associate that the client is assigned to",
            "nullable": true
          },
          "current_store_id": {
            "type": "string",
            "description": "Unique identifier of the store that the client is assigned to",
            "nullable": true
          },
          "current_store_name": {
            "type": "string",
            "description": "Name of the store that the client is assigned to",
            "nullable": true
          },
          "communication_preferences": {
            "required": [
              "chat_opt_in",
              "email_opt_in",
              "opt_out",
              "phone_opt_in",
              "wechat_opt_in",
              "whatsapp_opt_in"
            ],
            "type": "object",
            "properties": {
              "chat_opt_in": {
                "type": "boolean",
                "description": "Whether or not the client has enabled being contacted by Chat or Messages"
              },
              "email_opt_in": {
                "type": "boolean",
                "description": "Whether or not the client has enabled being contacted by Email"
              },
              "phone_opt_in": {
                "type": "boolean",
                "description": "Whether or not the client has enabled being contacted by Phone Call"
              },
              "whatsapp_opt_in": {
                "type": "boolean",
                "description": "Whether or not the client has enabled being contacted by WhatsApp"
              },
              "wechat_opt_in": {
                "type": "boolean",
                "description": "Whether or not the client has enabled being contacted by WeChat"
              },
              "opt_out": {
                "type": "boolean",
                "description": "Whether or not the client has opted-out of being contacted"
              }
            }
          },
          "segments": {
            "type": "array",
            "items": {
              "required": [
                "name",
                "value"
              ],
              "type": "object",
              "properties": {
                "name": {
                  "type": "string",
                  "description": "Name of the segment"
                },
                "value": {
                  "type": "string",
                  "description": "Value of the segment"
                }
              }
            }
          },
          "consent": {
            "type": "boolean",
            "description": "Whether or not the client has given consent"
          },
          "notify_of_new_collection": {
            "type": "boolean",
            "description": "Whether or not the client wants to be notified of new collections"
          },
          "last_contacted_at": {
            "type": "string",
            "description": "The last date the client was contacted by a Sales Associate",
            "format": "date_time",
            "nullable": true
          },
          "created_at": {
            "type": "string",
            "description": "Timestamp of when the client was created",
            "format": "date_time"
          },
          "updated_at": {
            "type": "string",
            "description": "Timestamp of when the client was updated",
            "format": "date_time"
          }
        }
      },
      "sales_associate_inner": {
        "required": [
          "adyen_enabled",
          "associate_id",
          "associate_id_2",
          "created_at",
          "current_store_id",
          "email",
          "imessage_enabled",
          "job_title",
          "line_enabled",
          "mobile_phone",
          "sales_associate_name",
          "updated_at",
          "username",
          "wechat_code",
          "wechat_enabled"
        ],
        "type": "object",
        "properties": {
          "current_store_id": {
            "type": "string",
            "description": "Unique identifier of the store where associate is assigned to",
            "nullable": true
          },
          "associate_id": {
            "type": "string",
            "description": "Unique identifier of the associate",
            "nullable": true
          },
          "associate_id_2": {
            "type": "string",
            "description": "Second unique identifier of the associate",
            "nullable": true
          },
          "sales_associate_name": {
            "type": "string",
            "description": "Full name of the associate",
            "nullable": true
          },
          "username": {
            "type": "string",
            "description": "Associate's username that they use to login to BSPK",
            "nullable": true
          },
          "email": {
            "type": "string",
            "description": "Associate's email",
            "nullable": true
          },
          "mobile_phone": {
            "type": "string",
            "description": "Associate's mobile phone",
            "nullable": true
          },
          "job_title": {
            "type": "string",
            "description": "Associate's job title",
            "nullable": true
          },
          "wechat_enabled": {
            "type": "boolean",
            "description": "Whether or not the associate has wechat enabled",
            "nullable": true
          },
          "wechat_code": {
            "type": "string",
            "description": "Wechat code whenever it has wechat enable.",
            "nullable": true
          },
          "imessage_enabled": {
            "type": "boolean",
            "description": "Whether or not the associate has Apple Messages enabled",
            "nullable": true
          },
          "line_enabled": {
            "type": "boolean",
            "description": "Whether or not the associate has Line enabled",
            "nullable": true
          },
          "adyen_enabled": {
            "type": "boolean",
            "description": "Whether or not the associate has Adyen Pay by Link enabled",
            "nullable": true
          },
          "created_at": {
            "type": "string",
            "description": "Timestamp of when the note was created",
            "format": "date_time"
          },
          "updated_at": {
            "type": "string",
            "description": "Timestamp of when the note was updated",
            "format": "date_time"
          }
        },
        "description": "Get details about all sales associates"
      },
      "error_errors": {
        "required": [
          "code",
          "title"
        ],
        "type": "object",
        "properties": {
          "title": {
            "type": "string",
            "description": "TODO: Add business description"
          },
          "code": {
            "type": "string"
          }
        }
      }
    },
    "securitySchemes": {
      "BearerAuth": {
        "type": "http",
        "scheme": "bearer"
      }
    }
  }
}