{"openapi":"3.0.0","info":{"title":"SOW API","description":"This is a simple API","contact":{"email":"you@your-company.com"},"license":{"name":"Apache 2.0","url":"http://www.apache.org/licenses/LICENSE-2.0.html"},"version":"1.0.0"},"servers":[{"url":"https://virtserver.swaggerhub.com/cabeutel/statements-of-work/1.0.0","description":"SwaggerHub API Auto Mocking"}],"paths":{"/":{"get":{"operationId":"getSows","parameters":[{"name":"profileType","in":"query","required":false,"style":"form","explode":true,"schema":{"type":"integer"}},{"name":"role","in":"query","required":false,"style":"form","explode":true,"schema":{"type":"integer"}}],"responses":{"200":{"description":"search results matching criteria","content":{"application/json":{"schema":{"type":"array","items":{"$ref":"#/components/schemas/SOW"}},"examples":{"results":{"$ref":"#/components/examples/SowList"}}}}},"400":{"description":"bad input parameter"}}},"post":{"description":"Adds an item to the system","operationId":"addSow","requestBody":{"content":{"application/json":{"schema":{"$ref":"#/components/schemas/SOW"}}}},"responses":{"201":{"description":"sow created"}}}},"/{sowId}":{"get":{"operationId":"getSow","parameters":[{"name":"sowId","in":"path","required":true,"style":"simple","explode":false,"schema":{"type":"string","format":"guid"}},{"name":"role","in":"query","required":false,"style":"form","explode":true,"schema":{"type":"string"}}],"responses":{"200":{"description":"a single sow","content":{"application/json":{"schema":{"$ref":"#/components/schemas/SOW"},"examples":{"results":{"$ref":"#/components/examples/bd72cf22-d11d-4405-a6c1-c98a17a77fb9"}}}}},"400":{"description":"bad request"}}},"put":{"operationId":"updateSow","parameters":[{"name":"sowId","in":"path","required":true,"style":"simple","explode":false,"schema":{"type":"string","format":"guid"}}],"requestBody":{"content":{"application/json":{"schema":{"$ref":"#/components/schemas/SOW"}}}},"responses":{"201":{"description":"sow updated"}}},"delete":{"operationId":"deleteSow","parameters":[{"name":"sowId","in":"path","required":true,"style":"simple","explode":false,"schema":{"type":"string","format":"guid"}}],"responses":{"201":{"description":"sow deleted"}}}},"/{sowId}/services":{"get":{"operationId":"getServices","parameters":[{"name":"sowId","in":"path","required":true,"style":"simple","explode":false,"schema":{"type":"string","format":"guid"}}],"responses":{"200":{"description":"all services for sow","content":{"application/json":{"schema":{"type":"array","items":{"$ref":"#/components/schemas/Service"}},"examples":{"results":{"$ref":"#/components/examples/ServiceList"}}}}}}},"post":{"operationId":"addService","parameters":[{"name":"sowId","in":"path","required":true,"style":"simple","explode":false,"schema":{"type":"string","format":"guid"}}],"requestBody":{"content":{"application/json":{"schema":{"$ref":"#/components/schemas/Service"}}}},"responses":{"201":{"description":"added service"}}}},"/{sowId}/services/{serviceId}":{"get":{"operationId":"getService","parameters":[{"name":"sowId","in":"path","required":true,"style":"simple","explode":false,"schema":{"type":"string","format":"guid"}},{"name":"serviceId","in":"path","required":true,"style":"simple","explode":false,"schema":{"type":"string","format":"guid"}}],"responses":{"200":{"description":"get a single service","content":{"application/json":{"schema":{"$ref":"#/components/schemas/Service"}}}}}},"put":{"operationId":"updateService","parameters":[{"name":"sowId","in":"path","required":true,"style":"simple","explode":false,"schema":{"type":"string","format":"guid"}},{"name":"serviceId","in":"path","required":true,"style":"simple","explode":false,"schema":{"type":"string","format":"guid"}}],"requestBody":{"content":{"application/json":{"schema":{"$ref":"#/components/schemas/Service"}}}},"responses":{"201":{"description":"service updated"}}},"delete":{"operationId":"deleteService","parameters":[{"name":"sowId","in":"path","required":true,"style":"simple","explode":false,"schema":{"type":"string","format":"guid"}},{"name":"serviceId","in":"path","required":true,"style":"simple","explode":false,"schema":{"type":"string","format":"guid"}}],"responses":{"201":{"description":"service deleted"}}}},"/{sowId}/services/{serviceId}/activities":{"get":{"operationId":"getActivities","parameters":[{"name":"sowId","in":"path","required":true,"style":"simple","explode":false,"schema":{"type":"string","format":"guid"}},{"name":"serviceId","in":"path","required":true,"style":"simple","explode":false,"schema":{"type":"string","format":"guid"}}],"responses":{"200":{"description":"all activities","content":{"application/json":{"schema":{"type":"array","items":{"$ref":"#/components/schemas/Activity"}}}}}}},"post":{"operationId":"addActivity","parameters":[{"name":"sowId","in":"path","required":true,"style":"simple","explode":false,"schema":{"type":"string","format":"guid"}},{"name":"serviceId","in":"path","required":true,"style":"simple","explode":false,"schema":{"type":"string","format":"guid"}}],"requestBody":{"content":{"application/json":{"schema":{"$ref":"#/components/schemas/Activity"}}}},"responses":{"201":{"description":"added activity"}}}},"/{sowId}/services/{serviceId}/activities/{activityId}":{"get":{"operationId":"getActivity","parameters":[{"name":"sowId","in":"path","required":true,"style":"simple","explode":false,"schema":{"type":"string","format":"guid"}},{"name":"serviceId","in":"path","required":true,"style":"simple","explode":false,"schema":{"type":"string","format":"guid"}},{"name":"activityId","in":"path","required":true,"style":"simple","explode":false,"schema":{"type":"string","format":"guid"}}],"responses":{"200":{"description":"one activity","content":{"application/json":{"schema":{"$ref":"#/components/schemas/Activity"}}}}}},"put":{"operationId":"updateActivity","parameters":[{"name":"sowId","in":"path","required":true,"style":"simple","explode":false,"schema":{"type":"string","format":"guid"}},{"name":"serviceId","in":"path","required":true,"style":"simple","explode":false,"schema":{"type":"string","format":"guid"}},{"name":"activityId","in":"path","required":true,"style":"simple","explode":false,"schema":{"type":"string","format":"guid"}}],"requestBody":{"content":{"application/json":{"schema":{"$ref":"#/components/schemas/Activity"}}}},"responses":{"201":{"description":"activity updated"}}},"delete":{"operationId":"deleteActivity","parameters":[{"name":"sowId","in":"path","required":true,"style":"simple","explode":false,"schema":{"type":"string","format":"guid"}},{"name":"serviceId","in":"path","required":true,"style":"simple","explode":false,"schema":{"type":"string","format":"guid"}},{"name":"activityId","in":"path","required":true,"style":"simple","explode":false,"schema":{"type":"string","format":"guid"}}],"responses":{"201":{"description":"activity deleted"}}}},"/{sowId}/services/{serviceId}/inputs":{"get":{"operationId":"getInputs","parameters":[{"name":"sowId","in":"path","required":true,"style":"simple","explode":false,"schema":{"type":"string","format":"guid"}},{"name":"serviceId","in":"path","required":true,"style":"simple","explode":false,"schema":{"type":"string","format":"guid"}}],"responses":{"200":{"description":"all inputs","content":{"application/json":{"schema":{"type":"array","items":{"$ref":"#/components/schemas/Input"}}}}}}},"post":{"operationId":"addInput","parameters":[{"name":"sowId","in":"path","required":true,"style":"simple","explode":false,"schema":{"type":"string","format":"guid"}},{"name":"serviceId","in":"path","required":true,"style":"simple","explode":false,"schema":{"type":"string","format":"guid"}}],"requestBody":{"content":{"application/json":{"schema":{"$ref":"#/components/schemas/Input"}}}},"responses":{"201":{"description":"added input"}}}},"/{sowId}/services/{serviceId}/inputs/{inputId}":{"get":{"operationId":"getInput","parameters":[{"name":"sowId","in":"path","required":true,"style":"simple","explode":false,"schema":{"type":"string","format":"guid"}},{"name":"serviceId","in":"path","required":true,"style":"simple","explode":false,"schema":{"type":"string","format":"guid"}},{"name":"inputId","in":"path","required":true,"style":"simple","explode":false,"schema":{"type":"string","format":"guid"}}],"responses":{"200":{"description":"one input","content":{"application/json":{"schema":{"$ref":"#/components/schemas/Input"}}}}}},"put":{"operationId":"updateInput","parameters":[{"name":"sowId","in":"path","required":true,"style":"simple","explode":false,"schema":{"type":"string","format":"guid"}},{"name":"serviceId","in":"path","required":true,"style":"simple","explode":false,"schema":{"type":"string","format":"guid"}},{"name":"inputId","in":"path","required":true,"style":"simple","explode":false,"schema":{"type":"string","format":"guid"}}],"requestBody":{"content":{"application/json":{"schema":{"$ref":"#/components/schemas/Input"}}}},"responses":{"201":{"description":"input updated"}}},"delete":{"operationId":"deleteInput","parameters":[{"name":"sowId","in":"path","required":true,"style":"simple","explode":false,"schema":{"type":"string","format":"guid"}},{"name":"serviceId","in":"path","required":true,"style":"simple","explode":false,"schema":{"type":"string","format":"guid"}},{"name":"inputId","in":"path","required":true,"style":"simple","explode":false,"schema":{"type":"string","format":"guid"}}],"responses":{"201":{"description":"input deleted"}}}}},"components":{"schemas":{"SOW":{"type":"object","properties":{"id":{"type":"string","format":"uuid","example":"d290f1ee-6c54-4b01-90e6-d701748f0851"},"projectName":{"type":"string","example":"Test Project"},"estimatedStartDate":{"type":"string","format":"date-time","example":"2016-08-29T09:12:33.001Z"},"estimatedEndDate":{"type":"string","format":"date-time","example":"2016-08-29T09:12:33.001Z"},"shortTermOutcome":{"type":"string"},"mediumTermOutcome":{"type":"string"},"longTermOutcome":{"type":"string"},"parentId":{"type":"string"},"childrenIds":{"type":"array","items":{"type":"string"}},"specialRequirements":{"type":"array","items":{"type":"string"}},"businessCase":{"type":"object","properties":{"serviceDeliveryCost":{"type":"string"},"averageFullTimeEmployees":{"type":"integer"}}},"primaryPopulations":{"type":"array","items":{"$ref":"#/components/schemas/Resource"}},"geographicCoverage":{"$ref":"#/components/schemas/GeoCoverage"},"requester":{"$ref":"#/components/schemas/SowParticipant"},"provider":{"$ref":"#/components/schemas/SowParticipant"}}},"Resource":{"type":"object","properties":{"name":{"type":"string"},"resourceId":{"type":"string","format":"guid"}}},"GeoCoverage":{"type":"object","properties":{"name":{"type":"string"},"states":{"type":"array","items":{"type":"string"}},"counties":{"type":"array","items":{"type":"string"}},"cities":{"type":"array","items":{"type":"string"}},"zipcodes":{"type":"array","items":{"type":"string"}},"streets":{"type":"array","items":{"type":"string"}},"buildingNumbers":{"type":"array","items":{"type":"string"}}}},"SowParticipant":{"type":"object","properties":{"accepted":{"type":"boolean"},"isOwner":{"type":"boolean"},"participant":{"type":"object","properties":{"id":{"type":"string","format":"guid"},"organizationId":{"type":"string","format":"guid"},"profileType":{"type":"integer"}}}}},"Service":{"type":"object","properties":{"id":{"type":"string","format":"guid"},"isProvidedDirectly":{"type":"boolean"},"reimbursements":{"type":"string"},"status":{"type":"object","properties":{"quantityFulfilled":{"type":"integer"},"quantityRequested":{"type":"integer"}}}}},"Activity":{"type":"object","properties":{"id":{"type":"string","format":"guid"},"name":{"type":"string"},"quantity":{"type":"integer"},"formats":{"type":"array","items":{"$ref":"#/components/schemas/Resource"}},"requiresPayerAuthorization":{"type":"boolean"},"authorizationProcess":{"type":"string"},"estimatedTimeFrame":{"type":"string"},"billingCode":{"type":"string"},"anticipatedReimbursement":{"type":"object","properties":{"billingCodeRate":{"type":"number"},"perMemberPerMonthRate":{"type":"number"},"outcomeBonus":{"type":"string"},"otherDescription":{"type":"string"}}},"maxBillings":{"type":"integer"},"maxBillingsOtherExplanation":{"type":"string"},"requiredDocumentation":{"type":"string"},"informPayerOfResults":{"type":"boolean"},"reasonToInformPayerOfResults":{"type":"string"},"assessments":{"type":"array","items":{"$ref":"#/components/schemas/Resource"}},"compatibleQualifications":{"type":"array","items":{"$ref":"#/components/schemas/Resource"}}}},"Input":{"type":"object","properties":{"id":{"type":"string","format":"guid"},"equipment":{"type":"array","items":{"$ref":"#/components/schemas/Resource"}},"fundingSources":{"type":"array","items":{"type":"object","properties":{"status":{"type":"string"},"name":{"type":"string"},"totalFunding":{"type":"number"},"type":{"type":"string"},"isWillingToCowriteGrant":{"type":"boolean"}}}},"inKindContributions":{"type":"string"},"totalCashContribution":{"type":"number"},"otherServiceContributions":{"type":"array","items":{"type":"object","properties":{"name":{"type":"string"},"type":{"type":"string"},"totalContribution":{"type":"number"}}}},"additionalFundingOpportunities":{"type":"array","items":{"type":"object","properties":{"businessName":{"type":"string"},"contactFullName":{"type":"string"},"contactPrimaryPhone":{"type":"string"},"contactPrimaryEmail":{"type":"string"},"opportunityDescription":{"type":"string"}}}}}}},"examples":{"SowList":{"value":[{"id":"0e6a80db-76b5-463f-80e5-798f65965b08","requester":{"isOwner":true,"participant":{"id":"74849e25-f00e-4827-960d-f886236bee3a","organizationId":"d97b1cdf-f551-4bf9-affe-b594b69089c5","profileType":3}},"provider":{"isOwner":false,"participant":{"id":"14e3f1b3-d9ab-42c1-90e0-0622245e78a0","organizationId":"d97b1cdf-f551-4bf9-affe-b594b69089c5","profileType":2}}},{"id":"bd72cf22-d11d-4405-a6c1-c98a17a77fb9","projectName":"Test Proj w/Children","requester":{"isOwner":true,"participant":{"id":"14e3f1b3-d9ab-42c1-90e0-0622245e78a0","organizationId":"d97b1cdf-f551-4bf9-affe-b594b69089c5","profileType":2}},"childrenIds":["44d71c9f-5d79-47bb-b168-703dabf2559d","b739a83f-6694-4967-b0df-d940babb54fd","1658b475-3377-4742-a6da-d5932559058b"]},{"id":"ab2f4dee-17b0-4ab6-89e9-f48d571b8ff8","requester":{"isOwner":false,"participant":{"id":"14e3f1b3-d9ab-42c1-90e0-0622245e78a0","organizationId":"d97b1cdf-f551-4bf9-affe-b594b69089c5","profileType":2}},"provider":{"isOwner":true,"participant":{"id":"74849e25-f00e-4827-960d-f886236bee3a","organizationId":"d97b1cdf-f551-4bf9-affe-b594b69089c5","profileType":1}}},{"id":"8ef00557-41af-4209-8334-b39eaade3a71","provider":{"isOwner":true,"participant":{"id":"14e3f1b3-d9ab-42c1-90e0-0622245e78a0","organizationId":"d97b1cdf-f551-4bf9-affe-b594b69089c5","profileType":2}}},{"id":"e56af270-11a5-4923-8cd4-be0f2ebb38a9","provider":{"isOwner":true,"participant":{"id":"14e3f1b3-d9ab-42c1-90e0-0622245e78a0","organizationId":"d97b1cdf-f551-4bf9-affe-b594b69089c5","profileType":2}}}]},"bd72cf22-d11d-4405-a6c1-c98a17a77fb9":{"value":{"id":"bd72cf22-d11d-4405-a6c1-c98a17a77fb9","projectName":"Test Proj w/Children test","requester":{"isOwner":true,"participant":{"id":"14e3f1b3-d9ab-42c1-90e0-0622245e78a0","organizationId":"d97b1cdf-f551-4bf9-affe-b594b69089c5","profileType":2}},"childrenIds":["44d71c9f-5d79-47bb-b168-703dabf2559d","b739a83f-6694-4967-b0df-d940babb54fd","1658b475-3377-4742-a6da-d5932559058b"]}},"ServiceList":{"value":[{"id":"165c0d76-8d20-4e68-9a0f-6851773f08e8","isProvidedDirectly":false,"reimbursements":""}]}}}}