{"openapi":"3.0.0","info":{"title":"Dialect API","description":"This is the API for Dialect","license":{"name":"GNU General Public License 3.0","url":"https://www.gnu.org/licenses/gpl-3.0.en.html"},"version":"0.5.0"},"servers":[{"url":"/"}],"paths":{"/api/verify":{"get":{"summary":"mandatory step before posting","description":"Clients must call this endpoint before posting. The response informs the client whether a captcha header is required for their next post.","responses":{"200":{"description":"OK","content":{"application/json":{"schema":{"type":"object","properties":{"captchaRequired":{"type":"boolean"}}},"example":{"captchaRequired":false}}}},"400":{"description":"bad request"}}}},"/api/post":{"post":{"summary":"make a new post and retrieve a random post to be viewed","description":"Clients can only post after having performed verification.","parameters":[{"name":"captcha-token","in":"header","description":"client-side captcha response token (only sometimes required)","required":false,"style":"simple","explode":false,"schema":{"type":"string"}}],"requestBody":{"content":{"application/json":{"schema":{"required":["postContent"],"type":"object","properties":{"postContent":{"type":"string","description":"content of the new post to be made"},"replyId":{"type":"integer","description":"id of the post to reply to"}}},"examples":{"Creating a new post":{"value":{"postContent":"What a beautiful day!"}},"Replying to an existing post":{"value":{"postContent":"I disagree. You can easily disprove this.","replyId":184}}}}}},"responses":{"200":{"description":"OK","content":{"application/json":{"schema":{"type":"array","example":[{"postContent":"Did you know that the human body is made up of over 70 percent water? I think that's pretty cool.","path":"/233","id":233},{"postContent":"No, I didn't know that. How interesting!","path":"/233/279","id":279},{"postContent":"Of course I knew that...","path":"/233/284","id":284},{"postContent":"No need to be rude!","path":"/233/284/337","id":337},{"postContent":"I wasn't being rude!","path":"/233/284/337/365","id":365},{"postContent":"Lame fact.","path":"/233/370","id":370}],"items":{"$ref":"#/components/schemas/PostItem"}}}}},"400":{"description":"bad request"}}}},"/api/vote":{"post":{"summary":"vote on a post and retrieve the resulting vote count","description":"Clients can only vote on posts in the latest thread sent to them.","requestBody":{"content":{"application/json":{"schema":{"required":["postId","voteAction"],"type":"object","properties":{"postId":{"type":"integer","description":"id of the post to vote on"},"voteAction":{"type":"boolean","description":"like - true; dislike - false"}}},"examples":{"Liking a post":{"value":{"postId":145,"voteAction":true}},"Disliking a post":{"value":{"postId":171,"voteAction":false}}}}}},"responses":{"200":{"description":"OK","content":{"application/json":{"schema":{"type":"array","example":[{"likes":3,"dislikes":1,"id":233},{"likes":0,"dislikes":0,"id":279},{"likes":0,"dislikes":1,"id":284},{"likes":5,"dislikes":2,"id":337},{"likes":3,"dislikes":1,"id":365},{"likes":1,"dislikes":2,"id":370}],"items":{"$ref":"#/components/schemas/VoteItem"}}}}},"400":{"description":"bad request"}}}}},"components":{"schemas":{"PostItem":{"required":["id","path","postContent"],"type":"object","properties":{"postContent":{"type":"string"},"path":{"type":"string"},"id":{"type":"integer"}},"example":{"postContent":"Did you know that the human body is made up of over 70 percent water? I think that's pretty cool.","path":"/233","id":233}},"VoteItem":{"required":["dislikes","id","likes"],"type":"object","properties":{"likes":{"type":"integer"},"dislikes":{"type":"integer"},"id":{"type":"integer"}},"example":{"likes":3,"dislikes":1,"id":233}}}}}