{
  "openapi": "3.0.0",
  "info": {
    "title": "Document Service API",
    "description": "This is default casava document service endpoint to manage document uploads within Casava (Core API and Seed). Supported document types include - EMPLOYMENT_LETTER, INTL_PASSPORT, BANK_STATEMENT, DRIVER_LICENSE etc",
    "contact": {
      "email": "apiteam@casava.co"
    },
    "license": {
      "name": "Casava Engineering",
      "url": "https://casava.co/"
    },
    "version": "1.0.0"
  },
  "servers": [
    {
      "url": "https://virtserver.swaggerhub.com/casa618/document-service/1.0.0",
      "description": "SwaggerHub API Auto Mocking"
    }
  ],
  "tags": [
    {
      "name": "documents",
      "description": "Casava document management service"
    }
  ],
  "paths": {
    "/documents": {
      "get": {
        "tags": [
          "documents"
        ],
        "summary": "Get a list of specific type of documents",
        "description": "Get an uploaded document or returns a list of documents that match the query filter. It returns a preSigned url that can be used to download the document\n",
        "operationId": "listDocuments",
        "parameters": [
          {
            "name": "documentKey",
            "in": "query",
            "description": "the full uploaded document file key returned from the document upload endpoint",
            "required": false,
            "style": "form",
            "explode": true,
            "schema": {
              "type": "string"
            }
          },
          {
            "name": "documentType",
            "in": "query",
            "description": "Used to filter by type of uploaded document",
            "required": false,
            "style": "form",
            "explode": true,
            "schema": {
              "type": "string",
              "enum": [
                "EMPLOYMENT_LETTER",
                "INTL_PASSPORT",
                "BANK_STATEMENT",
                "DRIVER_LICENSE",
                "BVN_SLIP",
                "NIN_SLIP",
                "OTHER"
              ]
            }
          },
          {
            "name": "pageSize",
            "in": "query",
            "description": "Number of result to display",
            "required": false,
            "style": "form",
            "explode": true,
            "schema": {
              "type": "integer",
              "format": "int32",
              "default": 50
            }
          },
          {
            "name": "pageIndex",
            "in": "query",
            "description": "Page index",
            "required": false,
            "style": "form",
            "explode": true,
            "schema": {
              "type": "integer",
              "format": "int32",
              "default": 0
            }
          }
        ],
        "responses": {
          "200": {
            "description": "successful operation",
            "content": {
              "application/json": {
                "schema": {
                  "type": "array",
                  "items": {
                    "$ref": "#/components/schemas/UploadDocumentResponse"
                  }
                }
              }
            }
          },
          "400": {
            "description": "bad input parameter",
            "content": {
              "application/json": {
                "schema": {
                  "$ref": "#/components/schemas/ValidationError"
                }
              }
            }
          },
          "404": {
            "description": "Document not found",
            "content": {
              "application/json": {
                "schema": {
                  "$ref": "#/components/schemas/ValidationError"
                }
              }
            }
          }
        },
        "security": [
          {
            "api_key": []
          }
        ]
      },
      "post": {
        "tags": [
          "documents"
        ],
        "summary": "Upload a document",
        "operationId": "uploadDocument",
        "requestBody": {
          "description": "used to upload a document",
          "content": {
            "multipart/form-data": {
              "schema": {
                "$ref": "#/components/schemas/UploadDocument"
              }
            }
          },
          "required": true
        },
        "responses": {
          "200": {
            "description": "Document uploaded successfully",
            "content": {
              "application/json": {
                "schema": {
                  "$ref": "#/components/schemas/UploadDocumentResponse"
                }
              }
            }
          },
          "400": {
            "description": "Validation error while uploading document",
            "content": {
              "application/json": {
                "schema": {
                  "$ref": "#/components/schemas/ValidationError"
                }
              }
            }
          }
        },
        "security": [
          {
            "api_key": []
          }
        ]
      },
      "delete": {
        "tags": [
          "documents"
        ],
        "summary": "Used to delete an uploaded document",
        "operationId": "deleteDocument",
        "parameters": [
          {
            "name": "documentKey",
            "in": "query",
            "description": "the full uploaded document file key returned from the document upload endpoint",
            "required": true,
            "style": "form",
            "explode": true,
            "schema": {
              "type": "string"
            }
          }
        ],
        "responses": {
          "204": {
            "description": "successfully deleted the document"
          },
          "400": {
            "description": "bad input parameter",
            "content": {
              "application/json": {
                "schema": {
                  "$ref": "#/components/schemas/ValidationError"
                }
              }
            }
          },
          "404": {
            "description": "Document not found",
            "content": {
              "application/json": {
                "schema": {
                  "$ref": "#/components/schemas/ValidationError"
                }
              }
            }
          }
        },
        "security": [
          {
            "api_key": []
          }
        ]
      }
    }
  },
  "components": {
    "schemas": {
      "ValidationError": {
        "required": [
          "message",
          "statusCode"
        ],
        "type": "object",
        "properties": {
          "statusCode": {
            "type": "string"
          },
          "message": {
            "type": "string"
          },
          "timestamp": {
            "type": "string"
          },
          "path": {
            "type": "string"
          },
          "error": {
            "type": "object"
          }
        }
      },
      "UploadDocument": {
        "required": [
          "file",
          "name",
          "type"
        ],
        "type": "object",
        "properties": {
          "name": {
            "type": "string",
            "description": "unique file name + file extension (full identifier) for the file to be uploaded."
          },
          "type": {
            "type": "string",
            "description": "allowed data type for document type",
            "default": "EMPLOYMENT_LETTER",
            "enum": [
              "EMPLOYMENT_LETTER",
              "INTL_PASSPORT",
              "BANK_STATEMENT",
              "DRIVER_LICENSE",
              "BVN_SLIP",
              "NIN_SLIP",
              "OTHER"
            ]
          },
          "file": {
            "type": "string",
            "description": "the file object to upload",
            "format": "binary"
          }
        }
      },
      "UploadDocumentResponse": {
        "required": [
          "fileKey",
          "presignedUrl",
          "type"
        ],
        "type": "object",
        "properties": {
          "fileKey": {
            "type": "string",
            "description": "full uploaded file path on the document service (should be unique)."
          },
          "type": {
            "type": "string",
            "description": "allowed data type for document type",
            "default": "EMPLOYMENT_LETTER",
            "enum": [
              "EMPLOYMENT_LETTER",
              "INTL_PASSPORT",
              "BANK_STATEMENT",
              "DRIVER_LICENSE",
              "BVN_SLIP",
              "NIN_SLIP",
              "OTHER"
            ]
          },
          "presignedUrl": {
            "type": "string",
            "description": "the full presigned url to download the uploaded file. The url is valid for 5 minutes (TTL is controlled from the config)"
          },
          "uploadedAt": {
            "type": "string",
            "description": "date time that this upload occurred",
            "format": "date-time",
            "example": "2021-12-01T09:12:33.001Z"
          }
        }
      }
    },
    "securitySchemes": {
      "api_key": {
        "type": "apiKey",
        "name": "x-api-key",
        "in": "header"
      }
    }
  }
}