{
  "openapi": "3.0.1",
  "info": {
    "title": "Casava Validations",
    "description": "This is used to describe the integration requirements for providing validations and lookup functionalities to various casava portals",
    "contact": {
      "email": "apiteam@casava.co"
    },
    "version": "1.0.8"
  },
  "servers": [
    {
      "url": "https://virtserver.swaggerhub.com/casa618/Validations/1.0.8",
      "description": "SwaggerHub API Auto Mocking"
    },
    {
      "url": "https://virtserver.swaggerhub.com/casa618/casava-seed-accounting/1.0.4",
      "description": "SwaggerHub API Auto Mocking"
    },
    {
      "url": "https://validations.dev.casava.co/api/validation-service/v1"
    }
  ],
  "tags": [
    {
      "name": "pages",
      "description": "Used exposing validation page functionalities"
    },
    {
      "name": "lookups",
      "description": "Support casava lookups"
    }
  ],
  "paths": {
    "/page": {
      "post": {
        "tags": [
          "pages"
        ],
        "summary": "Used to create a unique validation page reference",
        "operationId": "GetPage",
        "requestBody": {
          "description": "Used to create a unique validation page reference",
          "content": {
            "application/json": {
              "schema": {
                "$ref": "#/components/schemas/GetPage"
              }
            }
          },
          "required": true
        },
        "responses": {
          "201": {
            "description": "validation page created successfully",
            "content": {
              "application/json": {
                "schema": {
                  "$ref": "#/components/schemas/GetPageResponse"
                }
              }
            }
          },
          "400": {
            "description": "Validation error creating page",
            "content": {
              "application/json": {
                "schema": {
                  "$ref": "#/components/schemas/ValidationError"
                }
              }
            }
          }
        },
        "security": [
          {
            "api_key": []
          }
        ]
      }
    },
    "/page/{requestId}": {
      "get": {
        "tags": [
          "pages"
        ],
        "summary": "Get details about a validation page",
        "operationId": "GetPageById",
        "parameters": [
          {
            "name": "requestId",
            "in": "path",
            "description": "unique requestId to identify the request",
            "required": true,
            "style": "simple",
            "explode": false,
            "schema": {
              "type": "string"
            }
          }
        ],
        "responses": {
          "200": {
            "description": "successful operation",
            "content": {
              "application/json": {
                "schema": {
                  "$ref": "#/components/schemas/GetPageDetailResponse"
                }
              }
            }
          },
          "404": {
            "description": "page not found"
          }
        },
        "security": [
          {
            "api_key": []
          }
        ]
      }
    },
    "/lookup/bankAccount": {
      "post": {
        "tags": [
          "lookups"
        ],
        "summary": "Used to verify the bank account details shared",
        "operationId": "BankAccountLookup",
        "requestBody": {
          "description": "Used to verify the bank account details shared",
          "content": {
            "application/json": {
              "schema": {
                "$ref": "#/components/schemas/BankAccountLookup"
              }
            }
          },
          "required": true
        },
        "responses": {
          "201": {
            "description": "Used to verify the bank account details shared",
            "content": {
              "application/json": {
                "schema": {
                  "$ref": "#/components/schemas/BankAccountLookupResponse"
                }
              }
            }
          },
          "400": {
            "description": "Validation error commiting transaction",
            "content": {
              "application/json": {
                "schema": {
                  "$ref": "#/components/schemas/ValidationError"
                }
              }
            }
          }
        },
        "security": [
          {
            "api_key": []
          }
        ]
      }
    }
  },
  "components": {
    "schemas": {
      "ValidationError": {
        "required": [
          "message",
          "statusCode"
        ],
        "type": "object",
        "properties": {
          "statusCode": {
            "type": "string"
          },
          "message": {
            "type": "string"
          },
          "timestamp": {
            "type": "string"
          },
          "path": {
            "type": "string"
          },
          "error": {
            "type": "object"
          }
        }
      },
      "GetPage": {
        "required": [
          "policyHolderNumber",
          "policyNumber",
          "referralURL",
          "requestId",
          "serviceType"
        ],
        "type": "object",
        "properties": {
          "requestId": {
            "type": "string",
            "description": "unique requestId to identify the request",
            "example": "1234567890"
          },
          "policyHolderNumber": {
            "type": "string",
            "description": "policy holder identier",
            "example": "policy holder number"
          },
          "policyNumber": {
            "type": "string",
            "description": "unique reference used to identify a policy with a policy holder",
            "example": "12345623"
          },
          "serviceType": {
            "type": "array",
            "description": "type of validation or lookup to perform",
            "example": [
              "BANK_ACCOUNT"
            ],
            "items": {
              "type": "string"
            }
          },
          "referralURL": {
            "type": "string",
            "description": "URL to redirect on completion of the validation process",
            "example": "https://claims.dev.casava.co/validation/bank_account/bank"
          }
        }
      },
      "GetPageResponse": {
        "type": "object",
        "properties": {
          "requestId": {
            "type": "string",
            "description": "unique requestId to identify the request",
            "example": "1234567890"
          },
          "redirectURL": {
            "type": "string",
            "description": "URL to redirect to complete business validations",
            "example": "https://validation.dev.casava.co/25363363t73"
          }
        }
      },
      "GetPageDetailResponse": {
        "type": "object",
        "properties": {
          "requestId": {
            "type": "string",
            "description": "unique requestId to identify the request",
            "example": "1234567890"
          },
          "policyHolderNumber": {
            "type": "string",
            "description": "policy holder identier",
            "example": "policy holder number"
          },
          "policyNumber": {
            "type": "string",
            "description": "unique reference used to identify a policy with a policy holder",
            "example": "12345623"
          },
          "serviceType": {
            "type": "array",
            "description": "type of validation or lookup to perform",
            "example": [
              "BANK_ACCOUNT"
            ],
            "items": {
              "type": "string"
            }
          },
          "redirectURL": {
            "type": "string",
            "description": "URL to redirect to complete business validations",
            "example": "https://validation.dev.casava.co/25363363t73"
          },
          "referralURL": {
            "type": "string",
            "description": "URL to redirect on completion of the validation process",
            "example": "https://claims.dev.casava.co/validation/bank_account/bank"
          },
          "pageValues": {
            "type": "array",
            "items": {
              "$ref": "#/components/schemas/PageFieldValues"
            }
          }
        }
      },
      "PageFieldValues": {
        "required": [
          "key",
          "value"
        ],
        "type": "object",
        "properties": {
          "key": {
            "type": "string",
            "description": "Identifier",
            "example": "BankCode"
          },
          "value": {
            "type": "string",
            "description": "Identifier value",
            "example": "51"
          }
        }
      },
      "BankAccountLookup": {
        "required": [
          "bankCode",
          "bankNumber",
          "requestId"
        ],
        "type": "object",
        "properties": {
          "requestId": {
            "type": "string",
            "description": "unique requestId to identify the request",
            "example": "1234567890"
          },
          "bankCode": {
            "type": "string",
            "description": "nuban bank account code",
            "example": "51"
          },
          "bankNumber": {
            "type": "string",
            "description": "nuban bank account number",
            "example": "1234567890"
          }
        }
      },
      "BankAccountLookupResponse": {
        "required": [
          "bankCode",
          "bankName",
          "bankNumber",
          "requestId"
        ],
        "type": "object",
        "properties": {
          "requestId": {
            "type": "string",
            "description": "unique requestId to identify the request",
            "example": "1234567890"
          },
          "bankCode": {
            "type": "string",
            "description": "nuban bank account code",
            "example": "51"
          },
          "bankNumber": {
            "type": "string",
            "description": "nuban bank account number",
            "example": "1234567890"
          },
          "bankAccountName": {
            "type": "string",
            "description": "nuban bank account name",
            "example": "John Doe"
          }
        }
      },
      "ServiceType": {
        "required": [
          "values"
        ],
        "type": "object",
        "properties": {
          "values": {
            "type": "array",
            "items": {
              "type": "string"
            }
          }
        },
        "description": "A list of values"
      }
    },
    "securitySchemes": {
      "api_key": {
        "type": "apiKey",
        "name": "api_key",
        "in": "header"
      }
    }
  }
}