{
  "openapi": "3.0.1",
  "info": {
    "title": "Notification Service",
    "description": "This is default casava notification service endpoint for either SMS , EMAIL , WHATSAPP , PUSH etc",
    "contact": {
      "email": "apiteam@casava.co"
    },
    "version": "1.0.1"
  },
  "servers": [
    {
      "url": "https://virtserver.swaggerhub.com/casa618/notification-service/1.0.1",
      "description": "SwaggerHub API Auto Mocking"
    }
  ],
  "tags": [
    {
      "name": "notification",
      "description": "Casava Notifications"
    }
  ],
  "paths": {
    "/notification": {
      "get": {
        "tags": [
          "notification"
        ],
        "summary": "Get a list of notification messages",
        "operationId": "GetNotification",
        "parameters": [
          {
            "name": "sender",
            "in": "query",
            "description": "Used to filter by sender",
            "required": false,
            "style": "form",
            "explode": true,
            "schema": {
              "type": "string"
            }
          },
          {
            "name": "requestId",
            "in": "query",
            "description": "Used to filter by requestId",
            "required": false,
            "style": "form",
            "explode": true,
            "schema": {
              "type": "string"
            }
          },
          {
            "name": "startDateTime",
            "in": "query",
            "description": "Used to filter notification by the date sent default to last 30 days if blank (ddMMYYYYHHmmss)",
            "required": false,
            "style": "form",
            "explode": true,
            "schema": {
              "type": "string"
            }
          },
          {
            "name": "endDateTime",
            "in": "query",
            "description": "Used to filter notification by the date sent default to current datetime if blank (ddMMYYYYHHmmss)",
            "required": false,
            "style": "form",
            "explode": true,
            "schema": {
              "type": "string"
            }
          },
          {
            "name": "pageSize",
            "in": "query",
            "description": "Number of result to display",
            "required": false,
            "style": "form",
            "explode": true,
            "schema": {
              "type": "integer",
              "format": "int32",
              "default": 50
            }
          },
          {
            "name": "pageIndex",
            "in": "query",
            "description": "Page index",
            "required": false,
            "style": "form",
            "explode": true,
            "schema": {
              "type": "integer",
              "format": "int32",
              "default": 0
            }
          }
        ],
        "responses": {
          "200": {
            "description": "successful operation",
            "content": {
              "application/json": {
                "schema": {
                  "type": "array",
                  "items": {
                    "$ref": "#/components/schemas/NotificationResponse"
                  }
                }
              }
            }
          },
          "404": {
            "description": "Notification not found"
          }
        },
        "security": [
          {
            "api_key": []
          }
        ]
      },
      "post": {
        "tags": [
          "notification"
        ],
        "summary": "Notification Message",
        "operationId": "sendNotification",
        "requestBody": {
          "description": "used to send notification",
          "content": {
            "application/json": {
              "schema": {
                "$ref": "#/components/schemas/Notification"
              }
            }
          },
          "required": true
        },
        "responses": {
          "201": {
            "description": "Notification logged successfully"
          },
          "400": {
            "description": "Validation error logging notification",
            "content": {
              "application/json": {
                "schema": {
                  "$ref": "#/components/schemas/ValidationError"
                }
              }
            }
          }
        },
        "security": [
          {
            "api_key": []
          }
        ]
      }
    }
  },
  "components": {
    "schemas": {
      "ValidationError": {
        "required": [
          "message",
          "statusCode"
        ],
        "type": "object",
        "properties": {
          "statusCode": {
            "type": "string"
          },
          "message": {
            "type": "string"
          },
          "timestamp": {
            "type": "string"
          },
          "path": {
            "type": "string"
          },
          "error": {
            "type": "object"
          }
        }
      },
      "Notification": {
        "required": [
          "body",
          "notificationType",
          "recipient",
          "requestId",
          "sender"
        ],
        "type": "object",
        "properties": {
          "requestId": {
            "type": "string",
            "description": "unique identifier for the notification message."
          },
          "notificationType": {
            "type": "string",
            "description": "allowed data type for notification type",
            "default": "EMAIL",
            "enum": [
              "EMAIL",
              "SMS",
              "PUSH",
              "WHATSAPP"
            ]
          },
          "subject": {
            "type": "string",
            "description": "optional message subject any placeholder can be replaced with the key value mappings in parameters",
            "example": "johndoe@example.com"
          },
          "body": {
            "type": "string",
            "description": "message to notify recipient/s any placeholder can be replaced with the key value mappings in parameters",
            "example": "hello {fullname} welcome to casava"
          },
          "sender": {
            "type": "string",
            "description": "reference for the message sender",
            "example": "johndoe@example.com"
          },
          "provider": {
            "type": "string",
            "description": "notification provider that would be responsible for transport. if blank default to the service default provider for the notification type",
            "example": "infobip"
          },
          "providerTemplateId": {
            "type": "string",
            "description": "template specific to the notification provider",
            "example": "123456780oiuyttwrqy"
          },
          "templateId": {
            "type": "string",
            "description": "internal casava template reference",
            "example": "123456780oiuyttwrqy"
          },
          "recipient": {
            "type": "array",
            "example": [
              "you@example.com",
              "me@example.com",
              "them@example.com"
            ],
            "items": {
              "type": "string"
            }
          },
          "parameters": {
            "type": "array",
            "items": {
              "$ref": "#/components/schemas/NotificationParameters"
            }
          },
          "attachments": {
            "type": "array",
            "items": {
              "$ref": "#/components/schemas/NotificationAttachment"
            }
          }
        }
      },
      "NotificationResponse": {
        "required": [
          "body",
          "notificationType",
          "recipient",
          "requestId",
          "sender"
        ],
        "type": "object",
        "properties": {
          "requestId": {
            "type": "string",
            "description": "unique identifier for the notification message."
          },
          "notificationType": {
            "type": "string",
            "description": "allowed data type for notification type",
            "default": "EMAIL",
            "enum": [
              "EMAIL",
              "SMS",
              "PUSH",
              "WHATSAPP"
            ]
          },
          "subject": {
            "type": "string",
            "description": "optional message subject any placeholder can be replaced with the key value mappings in parameters",
            "example": "johndoe@example.com"
          },
          "body": {
            "type": "string",
            "description": "message to notify recipient/s any placeholder can be replaced with the key value mappings in parameters",
            "example": "hello {fullname} welcome to casava"
          },
          "sender": {
            "type": "string",
            "description": "reference for the message sender",
            "example": "johndoe@example.com"
          },
          "provider": {
            "type": "string",
            "description": "notification provider that would be responsible for transport. if blank default to the service default provider for the notification type",
            "example": "infobip"
          },
          "providerTemplateId": {
            "type": "string",
            "description": "template specific to the notification provider",
            "example": "123456780oiuyttwrqy"
          },
          "templateId": {
            "type": "string",
            "description": "internal casava template reference",
            "example": "123456780oiuyttwrqy"
          },
          "created_at": {
            "type": "string",
            "description": "timestamp notification was logged in our system",
            "example": "22-11-2021 09-09-22"
          },
          "sent_at": {
            "type": "string",
            "description": "timestamp notification was sent in our system",
            "example": "22-11-2021 09-09-22"
          },
          "status": {
            "type": "string",
            "description": "allowed data type for notification status",
            "default": "PENDING",
            "enum": [
              "PENDING",
              "SENT",
              "FAILED",
              "ABADONDED"
            ]
          },
          "providerResponse": {
            "type": "string",
            "description": "response message from the actual notification provider used for transport",
            "example": "sent successfully"
          },
          "providerReference": {
            "type": "string",
            "description": "reference or identifier from the notification provider",
            "example": "123456780"
          },
          "recipient": {
            "type": "array",
            "example": [
              "you@example.com",
              "me@example.com",
              "them@example.com"
            ],
            "items": {
              "type": "string"
            }
          },
          "parameters": {
            "type": "array",
            "items": {
              "$ref": "#/components/schemas/NotificationParameters"
            }
          }
        }
      },
      "NotificationParameters": {
        "required": [
          "key",
          "value"
        ],
        "type": "object",
        "properties": {
          "key": {
            "type": "string",
            "description": "notification parameter key",
            "example": "fullname"
          },
          "value": {
            "type": "string",
            "description": "notification parameter replacement value",
            "example": "John Doe"
          }
        }
      },
      "NotificationAttachment": {
        "required": [
          "content",
          "type"
        ],
        "type": "object",
        "properties": {
          "content": {
            "type": "string",
            "description": "Base64 encoding of the attachment",
            "example": "772828992992"
          },
          "type": {
            "type": "string",
            "description": "The MIME type of the content you are attaching",
            "example": "application/pdf"
          },
          "filename": {
            "type": "string",
            "description": "The attachment's filename",
            "example": "772828992992"
          },
          "disposition": {
            "type": "string",
            "description": "The attachment's content-disposition, specifying how you would like the attachment to be displayed. For example, “inline” results in the attached file are displayed automatically within the message while “attachment” results in the attached file require some action to be taken before it is displayed, such as opening or downloading the file",
            "example": "attachment"
          }
        }
      }
    },
    "securitySchemes": {
      "api_key": {
        "type": "apiKey",
        "name": "api_key",
        "in": "header"
      }
    }
  }
}