{
  "openapi": "3.0.0",
  "info": {
    "title": "Search API",
    "description": "Search API provides functionality to index and search Resources",
    "license": {
      "name": "© Casebook"
    },
    "version": "1.4"
  },
  "servers": [
    {
      "url": "/"
    }
  ],
  "paths": {
    "/search/people": {
      "get": {
        "summary": "Returns search results sorted by relevance to the search query",
        "parameters": [
          {
            "name": "Accept-Version",
            "in": "header",
            "required": true,
            "style": "simple",
            "explode": false,
            "schema": {
              "type": "string",
              "default": "v0"
            }
          },
          {
            "name": "Authorization: Bearer",
            "in": "header",
            "description": "JSON Web Token signed by the authentication service, required for every request",
            "required": true,
            "style": "simple",
            "explode": false,
            "schema": {
              "type": "string"
            }
          },
          {
            "name": "page[number]",
            "in": "query",
            "required": true,
            "style": "form",
            "explode": true,
            "schema": {
              "minimum": 1,
              "type": "integer"
            }
          },
          {
            "name": "page[size]",
            "in": "query",
            "required": true,
            "style": "form",
            "explode": true,
            "schema": {
              "minimum": 1,
              "type": "integer"
            }
          },
          {
            "name": "query",
            "in": "query",
            "description": "The query being searched for as entered by the user\n  - Full text query searches following attributes:\n       - first_name\n       - last_name\n       - middle_name\n       - suffix\n       - formatted_name\n       - ssn\n       - race\n       - gender\n       - aliases\n       - phone_number\n       - email\n       - legacy_id\n       - location\n         - address1\n         - address2\n         - city\n         - zip_code\n         - county\n         - state\n         - country\n",
            "required": true,
            "style": "form",
            "explode": true,
            "schema": {
              "type": "string"
            }
          },
          {
            "name": "filter[type]",
            "in": "query",
            "description": "The type of search to perform.\n  - type=text : performs text search\n  - type=auto : performs autocomplete search only searching the first_name, middle_name, last_name & ssn, id\n",
            "required": false,
            "style": "form",
            "explode": true,
            "schema": {
              "type": "string",
              "default": "text",
              "enum": [
                "text",
                "auto"
              ]
            }
          },
          {
            "name": "filter[min_age]",
            "in": "query",
            "description": "Filter search result by date of birth that person age should be greater than or equal to min_age (Person should be same age or older than min_age)\n",
            "required": false,
            "style": "form",
            "explode": true,
            "schema": {
              "type": "integer"
            }
          },
          {
            "name": "filter[max_age]",
            "in": "query",
            "description": "Filter search result by date of birth that person age should be less than or equal to max_age (Person should be same age or younger than max_age)\n",
            "required": false,
            "style": "form",
            "explode": true,
            "schema": {
              "type": "integer"
            }
          }
        ],
        "responses": {
          "200": {
            "content": {
              "application/vnd.api+json": {
                "schema": {
                  "$ref": "#/components/schemas/PeopleSearchResponse"
                }
              }
            }
          },
          "400": {
            "description": "Invalid request body",
            "content": {
              "application/vnd.api+json": {
                "schema": {
                  "$ref": "#/components/schemas/Errors"
                }
              }
            }
          },
          "406": {
            "description": "No version submitted in request header",
            "content": {
              "application/vnd.api+json": {
                "schema": {
                  "$ref": "#/components/schemas/Errors"
                }
              }
            }
          },
          "500": {
            "description": "Internal server error",
            "content": {
              "application/vnd.api+json": {
                "schema": {
                  "$ref": "#/components/schemas/Errors"
                }
              }
            }
          }
        }
      }
    },
    "/search/people/{id}": {
      "get": {
        "summary": "Get a person by Id",
        "parameters": [
          {
            "name": "Accept-Version",
            "in": "header",
            "required": true,
            "style": "simple",
            "explode": false,
            "schema": {
              "type": "string",
              "default": "v0"
            }
          },
          {
            "name": "Authorization: Bearer",
            "in": "header",
            "description": "JSON Web Token signed by the authentication service, required for every request",
            "required": true,
            "style": "simple",
            "explode": false,
            "schema": {
              "type": "string"
            }
          },
          {
            "name": "id",
            "in": "path",
            "required": true,
            "style": "simple",
            "explode": false,
            "schema": {
              "type": "string"
            }
          }
        ],
        "responses": {
          "200": {
            "description": "A single Person resource",
            "content": {
              "application/vnd.api+json": {
                "schema": {
                  "$ref": "#/components/schemas/PersonData"
                }
              }
            }
          },
          "400": {
            "description": "Invalid request body",
            "content": {
              "application/vnd.api+json": {
                "schema": {
                  "$ref": "#/components/schemas/Errors"
                }
              }
            }
          },
          "401": {
            "description": "Not Authenticated",
            "content": {
              "application/vnd.api+json": {
                "schema": {
                  "$ref": "#/components/schemas/Errors"
                }
              }
            }
          },
          "403": {
            "description": "Forbidden - Not Authorized",
            "content": {
              "application/vnd.api+json": {
                "schema": {
                  "$ref": "#/components/schemas/Errors"
                }
              }
            }
          },
          "404": {
            "description": "Not Found",
            "content": {
              "application/vnd.api+json": {
                "schema": {
                  "$ref": "#/components/schemas/Errors"
                }
              }
            }
          },
          "406": {
            "description": "No version submitted in request header",
            "content": {
              "application/vnd.api+json": {
                "schema": {
                  "$ref": "#/components/schemas/Errors"
                }
              }
            }
          },
          "500": {
            "description": "Internal server error",
            "content": {
              "application/vnd.api+json": {
                "schema": {
                  "$ref": "#/components/schemas/Errors"
                }
              }
            }
          }
        }
      }
    },
    "/search/providers": {
      "get": {
        "summary": "Returns search results sorted by relevance to the search query",
        "parameters": [
          {
            "name": "Accept-Version",
            "in": "header",
            "required": true,
            "style": "simple",
            "explode": false,
            "schema": {
              "type": "string",
              "default": "v0"
            }
          },
          {
            "name": "Authorization: Bearer",
            "in": "header",
            "description": "JSON Web Token signed by the authentication service, required for every request",
            "required": true,
            "style": "simple",
            "explode": false,
            "schema": {
              "type": "string"
            }
          },
          {
            "name": "page[number]",
            "in": "query",
            "required": true,
            "style": "form",
            "explode": true,
            "schema": {
              "minimum": 1,
              "type": "integer"
            }
          },
          {
            "name": "page[size]",
            "in": "query",
            "required": true,
            "style": "form",
            "explode": true,
            "schema": {
              "minimum": 1,
              "type": "integer"
            }
          },
          {
            "name": "query",
            "in": "query",
            "description": "The query being searched for as entered by the user - Full text query searches following attributes:\n      - id\n      - name\n      - ein\n      - email\n      - phone_number\n      - provider_type\n      - contact_person\n        - first_name\n        - last_name\n        - middle_name\n",
            "required": true,
            "style": "form",
            "explode": true,
            "schema": {
              "type": "string"
            }
          },
          {
            "name": "filter[type]",
            "in": "query",
            "description": "The type of search to perform.\n  - type=text : performs text search\n  - type=auto : performs autocomplete search only searching the name & ein\n",
            "required": false,
            "style": "form",
            "explode": true,
            "schema": {
              "type": "string",
              "default": "text",
              "enum": [
                "text",
                "auto"
              ]
            }
          }
        ],
        "responses": {
          "200": {
            "content": {
              "application/vnd.api+json": {
                "schema": {
                  "$ref": "#/components/schemas/ProviderSearchResponse"
                }
              }
            }
          },
          "400": {
            "description": "Invalid request body",
            "content": {
              "application/vnd.api+json": {
                "schema": {
                  "$ref": "#/components/schemas/Errors"
                }
              }
            }
          },
          "406": {
            "description": "No version submitted in request header",
            "content": {
              "application/vnd.api+json": {
                "schema": {
                  "$ref": "#/components/schemas/Errors"
                }
              }
            }
          },
          "500": {
            "description": "Internal server error",
            "content": {
              "application/vnd.api+json": {
                "schema": {
                  "$ref": "#/components/schemas/Errors"
                }
              }
            }
          }
        }
      }
    },
    "/search/providers/{id}": {
      "get": {
        "summary": "Get a provider by Id",
        "parameters": [
          {
            "name": "Accept-Version",
            "in": "header",
            "required": true,
            "style": "simple",
            "explode": false,
            "schema": {
              "type": "string",
              "default": "v0"
            }
          },
          {
            "name": "Authorization: Bearer",
            "in": "header",
            "description": "JSON Web Token signed by the authentication service, required for every request",
            "required": true,
            "style": "simple",
            "explode": false,
            "schema": {
              "type": "string"
            }
          },
          {
            "name": "id",
            "in": "path",
            "required": true,
            "style": "simple",
            "explode": false,
            "schema": {
              "type": "string"
            }
          }
        ],
        "responses": {
          "200": {
            "description": "A single Provider resource",
            "content": {
              "application/vnd.api+json": {
                "schema": {
                  "$ref": "#/components/schemas/ProviderData"
                }
              }
            }
          },
          "400": {
            "description": "Invalid request body",
            "content": {
              "application/vnd.api+json": {
                "schema": {
                  "$ref": "#/components/schemas/Errors"
                }
              }
            }
          },
          "401": {
            "description": "Not Authenticated",
            "content": {
              "application/vnd.api+json": {
                "schema": {
                  "$ref": "#/components/schemas/Errors"
                }
              }
            }
          },
          "403": {
            "description": "Forbidden - Not Authorized",
            "content": {
              "application/vnd.api+json": {
                "schema": {
                  "$ref": "#/components/schemas/Errors"
                }
              }
            }
          },
          "404": {
            "description": "Not Found",
            "content": {
              "application/vnd.api+json": {
                "schema": {
                  "$ref": "#/components/schemas/Errors"
                }
              }
            }
          },
          "406": {
            "description": "No version submitted in request header",
            "content": {
              "application/vnd.api+json": {
                "schema": {
                  "$ref": "#/components/schemas/Errors"
                }
              }
            }
          },
          "500": {
            "description": "Internal server error",
            "content": {
              "application/vnd.api+json": {
                "schema": {
                  "$ref": "#/components/schemas/Errors"
                }
              }
            }
          }
        }
      }
    },
    "/search/users": {
      "get": {
        "summary": "Returns search results sorted by relevance to the search query",
        "parameters": [
          {
            "name": "Accept-Version",
            "in": "header",
            "required": true,
            "style": "simple",
            "explode": false,
            "schema": {
              "type": "string",
              "default": "v0"
            }
          },
          {
            "name": "Authorization: Bearer",
            "in": "header",
            "description": "JSON Web Token signed by the authentication service, required for every request",
            "required": true,
            "style": "simple",
            "explode": false,
            "schema": {
              "type": "string"
            }
          },
          {
            "name": "page[number]",
            "in": "query",
            "required": true,
            "style": "form",
            "explode": true,
            "schema": {
              "minimum": 1,
              "type": "integer"
            }
          },
          {
            "name": "page[size]",
            "in": "query",
            "required": true,
            "style": "form",
            "explode": true,
            "schema": {
              "minimum": 1,
              "type": "integer"
            }
          },
          {
            "name": "query",
            "in": "query",
            "description": "The query being searched for as entered by the user\n  - Full text query searches following attributes:\n       - id\n       - first_name\n       - last_name\n       - identity_provider_id\n       - groups\n       - aliases\n       - phone_number\n       - email\n",
            "required": true,
            "style": "form",
            "explode": true,
            "schema": {
              "type": "string"
            }
          },
          {
            "name": "filter[type]",
            "in": "query",
            "description": "The type of search to perform.\n  - type=text : performs text search\n  - type=auto : performs autocomplete search only searching the first_name, last_name, id\n",
            "required": false,
            "style": "form",
            "explode": true,
            "schema": {
              "type": "string",
              "default": "text",
              "enum": [
                "text",
                "auto"
              ]
            }
          }
        ],
        "responses": {
          "200": {
            "content": {
              "application/vnd.api+json": {
                "schema": {
                  "$ref": "#/components/schemas/UsersSearchResponse"
                }
              }
            }
          },
          "400": {
            "description": "Invalid request body",
            "content": {
              "application/vnd.api+json": {
                "schema": {
                  "$ref": "#/components/schemas/Errors"
                }
              }
            }
          },
          "406": {
            "description": "No version submitted in request header",
            "content": {
              "application/vnd.api+json": {
                "schema": {
                  "$ref": "#/components/schemas/Errors"
                }
              }
            }
          },
          "500": {
            "description": "Internal server error",
            "content": {
              "application/vnd.api+json": {
                "schema": {
                  "$ref": "#/components/schemas/Errors"
                }
              }
            }
          }
        }
      }
    },
    "/search/users/{id}": {
      "get": {
        "summary": "Get a user by Id",
        "parameters": [
          {
            "name": "Accept-Version",
            "in": "header",
            "required": true,
            "style": "simple",
            "explode": false,
            "schema": {
              "type": "string",
              "default": "v0"
            }
          },
          {
            "name": "Authorization: Bearer",
            "in": "header",
            "description": "JSON Web Token signed by the authentication service, required for every request",
            "required": true,
            "style": "simple",
            "explode": false,
            "schema": {
              "type": "string"
            }
          },
          {
            "name": "id",
            "in": "path",
            "required": true,
            "style": "simple",
            "explode": false,
            "schema": {
              "type": "string"
            }
          }
        ],
        "responses": {
          "200": {
            "description": "A single User resource",
            "content": {
              "application/vnd.api+json": {
                "schema": {
                  "$ref": "#/components/schemas/UserData"
                }
              }
            }
          },
          "400": {
            "description": "Invalid request body",
            "content": {
              "application/vnd.api+json": {
                "schema": {
                  "$ref": "#/components/schemas/Errors"
                }
              }
            }
          },
          "401": {
            "description": "Not Authenticated",
            "content": {
              "application/vnd.api+json": {
                "schema": {
                  "$ref": "#/components/schemas/Errors"
                }
              }
            }
          },
          "403": {
            "description": "Forbidden - Not Authorized",
            "content": {
              "application/vnd.api+json": {
                "schema": {
                  "$ref": "#/components/schemas/Errors"
                }
              }
            }
          },
          "404": {
            "description": "Not Found",
            "content": {
              "application/vnd.api+json": {
                "schema": {
                  "$ref": "#/components/schemas/Errors"
                }
              }
            }
          },
          "406": {
            "description": "No version submitted in request header",
            "content": {
              "application/vnd.api+json": {
                "schema": {
                  "$ref": "#/components/schemas/Errors"
                }
              }
            }
          },
          "500": {
            "description": "Internal server error",
            "content": {
              "application/vnd.api+json": {
                "schema": {
                  "$ref": "#/components/schemas/Errors"
                }
              }
            }
          }
        }
      }
    },
    "/search/reports": {
      "get": {
        "summary": "Returns search results sorted by relevance to the search query",
        "parameters": [
          {
            "name": "Accept-Version",
            "in": "header",
            "required": true,
            "style": "simple",
            "explode": false,
            "schema": {
              "type": "string",
              "default": "v0"
            }
          },
          {
            "name": "Authorization: Bearer",
            "in": "header",
            "description": "JSON Web Token signed by the authentication service, required for every request",
            "required": true,
            "style": "simple",
            "explode": false,
            "schema": {
              "type": "string"
            }
          },
          {
            "name": "page[number]",
            "in": "query",
            "required": true,
            "style": "form",
            "explode": true,
            "schema": {
              "minimum": 1,
              "type": "integer"
            }
          },
          {
            "name": "page[size]",
            "in": "query",
            "required": true,
            "style": "form",
            "explode": true,
            "schema": {
              "minimum": 1,
              "type": "integer"
            }
          },
          {
            "name": "query",
            "in": "query",
            "description": "The query being searched for as entered by the report\n  - Full text query searches following attributes:\n       - id\n       - name\n       - reported_at\n       - intake_people\n       - location\n",
            "required": true,
            "style": "form",
            "explode": true,
            "schema": {
              "type": "string"
            }
          },
          {
            "name": "filter[type]",
            "in": "query",
            "description": "The type of search to perform.\n  - type=text : performs text search\n",
            "required": false,
            "style": "form",
            "explode": true,
            "schema": {
              "type": "string",
              "default": "text",
              "enum": [
                "text",
                "auto"
              ]
            }
          }
        ],
        "responses": {
          "200": {
            "content": {
              "application/vnd.api+json": {
                "schema": {
                  "$ref": "#/components/schemas/ReportsSearchResponse"
                }
              }
            }
          },
          "400": {
            "description": "Invalid request body",
            "content": {
              "application/vnd.api+json": {
                "schema": {
                  "$ref": "#/components/schemas/Errors"
                }
              }
            }
          },
          "406": {
            "description": "No version submitted in request header",
            "content": {
              "application/vnd.api+json": {
                "schema": {
                  "$ref": "#/components/schemas/Errors"
                }
              }
            }
          },
          "500": {
            "description": "Internal server error",
            "content": {
              "application/vnd.api+json": {
                "schema": {
                  "$ref": "#/components/schemas/Errors"
                }
              }
            }
          }
        }
      }
    },
    "/search/reports/{id}": {
      "get": {
        "summary": "Get a report by Id",
        "parameters": [
          {
            "name": "Accept-Version",
            "in": "header",
            "required": true,
            "style": "simple",
            "explode": false,
            "schema": {
              "type": "string",
              "default": "v0"
            }
          },
          {
            "name": "Authorization: Bearer",
            "in": "header",
            "description": "JSON Web Token signed by the authentication service, required for every request",
            "required": true,
            "style": "simple",
            "explode": false,
            "schema": {
              "type": "string"
            }
          },
          {
            "name": "id",
            "in": "path",
            "required": true,
            "style": "simple",
            "explode": false,
            "schema": {
              "type": "string"
            }
          }
        ],
        "responses": {
          "200": {
            "description": "A single Report resource",
            "content": {
              "application/vnd.api+json": {
                "schema": {
                  "$ref": "#/components/schemas/ReportData"
                }
              }
            }
          },
          "400": {
            "description": "Invalid request body",
            "content": {
              "application/vnd.api+json": {
                "schema": {
                  "$ref": "#/components/schemas/Errors"
                }
              }
            }
          },
          "401": {
            "description": "Not Authenticated",
            "content": {
              "application/vnd.api+json": {
                "schema": {
                  "$ref": "#/components/schemas/Errors"
                }
              }
            }
          },
          "403": {
            "description": "Forbidden - Not Authorized",
            "content": {
              "application/vnd.api+json": {
                "schema": {
                  "$ref": "#/components/schemas/Errors"
                }
              }
            }
          },
          "404": {
            "description": "Not Found",
            "content": {
              "application/vnd.api+json": {
                "schema": {
                  "$ref": "#/components/schemas/Errors"
                }
              }
            }
          },
          "406": {
            "description": "No version submitted in request header",
            "content": {
              "application/vnd.api+json": {
                "schema": {
                  "$ref": "#/components/schemas/Errors"
                }
              }
            }
          },
          "500": {
            "description": "Internal server error",
            "content": {
              "application/vnd.api+json": {
                "schema": {
                  "$ref": "#/components/schemas/Errors"
                }
              }
            }
          }
        }
      }
    },
    "/search/cases": {
      "get": {
        "summary": "Returns search results sorted by relevance to the search query",
        "parameters": [
          {
            "name": "Accept-Version",
            "in": "header",
            "required": true,
            "style": "simple",
            "explode": false,
            "schema": {
              "type": "string",
              "default": "v0"
            }
          },
          {
            "name": "Authorization: Bearer",
            "in": "header",
            "description": "JSON Web Token signed by the authentication service, required for every request",
            "required": true,
            "style": "simple",
            "explode": false,
            "schema": {
              "type": "string"
            }
          },
          {
            "name": "page[number]",
            "in": "query",
            "required": true,
            "style": "form",
            "explode": true,
            "schema": {
              "minimum": 1,
              "type": "integer"
            }
          },
          {
            "name": "page[size]",
            "in": "query",
            "required": true,
            "style": "form",
            "explode": true,
            "schema": {
              "minimum": 1,
              "type": "integer"
            }
          },
          {
            "name": "query",
            "in": "query",
            "description": "The query being searched for as entered by the report\n  - Full text query searches following attributes:\n       - id\n       - case_name\n       - county.name\n       - type.name\n       - people.first_name\n       - people.middle_name\n       - people.last_name\n       - people.formatted_name\n",
            "required": true,
            "style": "form",
            "explode": true,
            "schema": {
              "type": "string"
            }
          },
          {
            "name": "filter[type]",
            "in": "query",
            "description": "The type of search to perform.\n  - type=text : performs text search\n",
            "required": false,
            "style": "form",
            "explode": true,
            "schema": {
              "type": "string",
              "default": "text",
              "enum": [
                "text",
                "auto"
              ]
            }
          }
        ],
        "responses": {
          "200": {
            "content": {
              "application/vnd.api+json": {
                "schema": {
                  "$ref": "#/components/schemas/CasesSearchResponse"
                }
              }
            }
          },
          "400": {
            "description": "Invalid request body",
            "content": {
              "application/vnd.api+json": {
                "schema": {
                  "$ref": "#/components/schemas/Errors"
                }
              }
            }
          },
          "406": {
            "description": "No version submitted in request header",
            "content": {
              "application/vnd.api+json": {
                "schema": {
                  "$ref": "#/components/schemas/Errors"
                }
              }
            }
          },
          "500": {
            "description": "Internal server error",
            "content": {
              "application/vnd.api+json": {
                "schema": {
                  "$ref": "#/components/schemas/Errors"
                }
              }
            }
          }
        }
      }
    },
    "/search/cases/{id}": {
      "get": {
        "summary": "Get a case by Id",
        "parameters": [
          {
            "name": "Accept-Version",
            "in": "header",
            "required": true,
            "style": "simple",
            "explode": false,
            "schema": {
              "type": "string",
              "default": "v0"
            }
          },
          {
            "name": "Authorization: Bearer",
            "in": "header",
            "description": "JSON Web Token signed by the authentication service, required for every request",
            "required": true,
            "style": "simple",
            "explode": false,
            "schema": {
              "type": "string"
            }
          },
          {
            "name": "id",
            "in": "path",
            "required": true,
            "style": "simple",
            "explode": false,
            "schema": {
              "type": "string"
            }
          }
        ],
        "responses": {
          "200": {
            "description": "A single Case resource",
            "content": {
              "application/vnd.api+json": {
                "schema": {
                  "$ref": "#/components/schemas/Case"
                }
              }
            }
          },
          "400": {
            "description": "Invalid request body",
            "content": {
              "application/vnd.api+json": {
                "schema": {
                  "$ref": "#/components/schemas/Errors"
                }
              }
            }
          },
          "401": {
            "description": "Not Authenticated",
            "content": {
              "application/vnd.api+json": {
                "schema": {
                  "$ref": "#/components/schemas/Errors"
                }
              }
            }
          },
          "403": {
            "description": "Forbidden - Not Authorized",
            "content": {
              "application/vnd.api+json": {
                "schema": {
                  "$ref": "#/components/schemas/Errors"
                }
              }
            }
          },
          "404": {
            "description": "Not Found",
            "content": {
              "application/vnd.api+json": {
                "schema": {
                  "$ref": "#/components/schemas/Errors"
                }
              }
            }
          },
          "406": {
            "description": "No version submitted in request header",
            "content": {
              "application/vnd.api+json": {
                "schema": {
                  "$ref": "#/components/schemas/Errors"
                }
              }
            }
          },
          "500": {
            "description": "Internal server error",
            "content": {
              "application/vnd.api+json": {
                "schema": {
                  "$ref": "#/components/schemas/Errors"
                }
              }
            }
          }
        }
      }
    },
    "/search/servicesv2": {
      "get": {
        "summary": "Returns search results sorted by relevance to the search query",
        "parameters": [
          {
            "name": "Accept-Version",
            "in": "header",
            "required": true,
            "style": "simple",
            "explode": false,
            "schema": {
              "type": "string",
              "default": "v0"
            }
          },
          {
            "name": "Authorization: Bearer",
            "in": "header",
            "description": "JSON Web Token signed by the authentication service, required for every request",
            "required": true,
            "style": "simple",
            "explode": false,
            "schema": {
              "type": "string"
            }
          },
          {
            "name": "page[number]",
            "in": "query",
            "required": true,
            "style": "form",
            "explode": true,
            "schema": {
              "minimum": 1,
              "type": "integer"
            }
          },
          {
            "name": "page[size]",
            "in": "query",
            "required": true,
            "style": "form",
            "explode": true,
            "schema": {
              "minimum": 1,
              "type": "integer"
            }
          },
          {
            "name": "query",
            "in": "query",
            "description": "The query being searched for as entered by the report\n  - Full text query searches following attributes:\n       - id\n       - service type\n       - service name\n       - provider name\n       - provider address\n       - provider type\n       - provider subtype\n       - language\n",
            "required": true,
            "style": "form",
            "explode": true,
            "schema": {
              "type": "string"
            }
          },
          {
            "name": "filter[type]",
            "in": "query",
            "description": "The type of search to perform.\n  - type=text : performs text search\n",
            "required": false,
            "style": "form",
            "explode": true,
            "schema": {
              "type": "string",
              "default": "text",
              "enum": [
                "text",
                "auto"
              ]
            }
          }
        ],
        "responses": {
          "200": {
            "content": {
              "application/vnd.api+json": {
                "schema": {
                  "$ref": "#/components/schemas/ServiceOfferingSearchResponse"
                }
              }
            }
          },
          "400": {
            "description": "Invalid request body",
            "content": {
              "application/vnd.api+json": {
                "schema": {
                  "$ref": "#/components/schemas/Errors"
                }
              }
            }
          },
          "406": {
            "description": "No version submitted in request header",
            "content": {
              "application/vnd.api+json": {
                "schema": {
                  "$ref": "#/components/schemas/Errors"
                }
              }
            }
          },
          "500": {
            "description": "Internal server error",
            "content": {
              "application/vnd.api+json": {
                "schema": {
                  "$ref": "#/components/schemas/Errors"
                }
              }
            }
          }
        }
      }
    },
    "/search/servicesv2/{id}": {
      "get": {
        "summary": "Get a service by Id",
        "parameters": [
          {
            "name": "Accept-Version",
            "in": "header",
            "required": true,
            "style": "simple",
            "explode": false,
            "schema": {
              "type": "string",
              "default": "v0"
            }
          },
          {
            "name": "Authorization: Bearer",
            "in": "header",
            "description": "JSON Web Token signed by the authentication service, required for every request",
            "required": true,
            "style": "simple",
            "explode": false,
            "schema": {
              "type": "string"
            }
          },
          {
            "name": "id",
            "in": "path",
            "required": true,
            "style": "simple",
            "explode": false,
            "schema": {
              "type": "string"
            }
          }
        ],
        "responses": {
          "200": {
            "description": "A single Service resource",
            "content": {
              "application/vnd.api+json": {
                "schema": {
                  "$ref": "#/components/schemas/ServiceOffering"
                }
              }
            }
          },
          "400": {
            "description": "Invalid request body",
            "content": {
              "application/vnd.api+json": {
                "schema": {
                  "$ref": "#/components/schemas/Errors"
                }
              }
            }
          },
          "401": {
            "description": "Not Authenticated",
            "content": {
              "application/vnd.api+json": {
                "schema": {
                  "$ref": "#/components/schemas/Errors"
                }
              }
            }
          },
          "403": {
            "description": "Forbidden - Not Authorized",
            "content": {
              "application/vnd.api+json": {
                "schema": {
                  "$ref": "#/components/schemas/Errors"
                }
              }
            }
          },
          "404": {
            "description": "Not Found",
            "content": {
              "application/vnd.api+json": {
                "schema": {
                  "$ref": "#/components/schemas/Errors"
                }
              }
            }
          },
          "406": {
            "description": "No version submitted in request header",
            "content": {
              "application/vnd.api+json": {
                "schema": {
                  "$ref": "#/components/schemas/Errors"
                }
              }
            }
          },
          "500": {
            "description": "Internal server error",
            "content": {
              "application/vnd.api+json": {
                "schema": {
                  "$ref": "#/components/schemas/Errors"
                }
              }
            }
          }
        }
      }
    },
    "/search/global": {
      "get": {
        "summary": "Returns search results sorted by relevance to the search query",
        "parameters": [
          {
            "name": "Accept-Version",
            "in": "header",
            "required": true,
            "style": "simple",
            "explode": false,
            "schema": {
              "type": "string",
              "default": "v0"
            }
          },
          {
            "name": "Authorization: Bearer",
            "in": "header",
            "description": "JSON Web Token signed by the authentication service, required for every request",
            "required": true,
            "style": "simple",
            "explode": false,
            "schema": {
              "type": "string"
            }
          },
          {
            "name": "page[number]",
            "in": "query",
            "required": true,
            "style": "form",
            "explode": true,
            "schema": {
              "minimum": 1,
              "type": "integer"
            }
          },
          {
            "name": "page[size]",
            "in": "query",
            "required": true,
            "style": "form",
            "explode": true,
            "schema": {
              "minimum": 1,
              "type": "integer"
            }
          },
          {
            "name": "query",
            "in": "query",
            "description": "The query being searched for as entered by the user\n  - Full text query searches following attributes:\n       - Provider Searchable Fields\n       - People Searchable Fields\n       - Report Searchable Fields\n       - Case Searchable Fields\n",
            "required": true,
            "style": "form",
            "explode": true,
            "schema": {
              "type": "string"
            }
          },
          {
            "name": "indexes",
            "in": "query",
            "description": "Comma seperated list of indexes to search. Defaults to all globally searchable indexes. Valid values are 'people', 'reports', 'providers' and 'cases'\n",
            "required": false,
            "style": "form",
            "explode": true,
            "schema": {
              "type": "string",
              "default": "providers,people,reports,cases"
            }
          }
        ],
        "responses": {
          "200": {
            "content": {
              "application/vnd.api+json": {
                "schema": {
                  "$ref": "#/components/schemas/GlobalSearchResponse"
                }
              }
            }
          },
          "400": {
            "description": "Invalid request body",
            "content": {
              "application/vnd.api+json": {
                "schema": {
                  "$ref": "#/components/schemas/Errors"
                }
              }
            }
          },
          "406": {
            "description": "No version submitted in request header",
            "content": {
              "application/vnd.api+json": {
                "schema": {
                  "$ref": "#/components/schemas/Errors"
                }
              }
            }
          },
          "500": {
            "description": "Internal server error",
            "content": {
              "application/vnd.api+json": {
                "schema": {
                  "$ref": "#/components/schemas/Errors"
                }
              }
            }
          }
        }
      }
    }
  },
  "components": {
    "schemas": {
      "PeopleSearchResponse": {
        "required": [
          "data",
          "meta"
        ],
        "type": "object",
        "properties": {
          "data": {
            "type": "array",
            "items": {
              "$ref": "#/components/schemas/PersonSearchResult"
            }
          },
          "meta": {
            "$ref": "#/components/schemas/MetaPagingData"
          }
        }
      },
      "MetaPagingData": {
        "required": [
          "totalResourceCount"
        ],
        "type": "object",
        "properties": {
          "totalResourceCount": {
            "minimum": 0,
            "type": "number"
          }
        }
      },
      "MetaResultData": {
        "required": [
          "score"
        ],
        "type": "object",
        "properties": {
          "score": {
            "minimum": 0,
            "type": "number"
          },
          "text_highlighted": {
            "type": "array",
            "items": {
              "$ref": "#/components/schemas/MetaResultData_text_highlighted"
            }
          }
        }
      },
      "PersonSearchResult": {
        "required": [
          "attributes",
          "id",
          "type"
        ],
        "type": "object",
        "properties": {
          "type": {
            "type": "string"
          },
          "id": {
            "type": "string"
          },
          "attributes": {
            "$ref": "#/components/schemas/Person"
          },
          "meta": {
            "$ref": "#/components/schemas/MetaResultData"
          }
        }
      },
      "PersonData": {
        "required": [
          "data"
        ],
        "type": "object",
        "properties": {
          "data": {
            "$ref": "#/components/schemas/PersonData_data"
          }
        }
      },
      "Person": {
        "type": "object",
        "properties": {
          "last_name": {
            "type": "string"
          },
          "middle_name": {
            "type": "string"
          },
          "first_ame": {
            "type": "string"
          },
          "suffix": {
            "$ref": "#/components/schemas/Reference"
          },
          "formatted_name": {
            "type": "string"
          },
          "ssn": {
            "type": "string"
          },
          "date_of_birth": {
            "type": "string",
            "format": "date-time"
          },
          "date_of_birth_text": {
            "$ref": "#/components/schemas/Day"
          },
          "is_deceased": {
            "type": "boolean"
          },
          "date_of_death": {
            "type": "string",
            "format": "date-time"
          },
          "races": {
            "type": "array",
            "items": {
              "$ref": "#/components/schemas/PersonRace"
            }
          },
          "hispanic_or_latino": {
            "type": "string",
            "enum": [
              "yes",
              "no",
              "unknown",
              "declined"
            ]
          },
          "gender_identity": {
            "$ref": "#/components/schemas/Reference"
          },
          "sexual_orientation": {
            "$ref": "#/components/schemas/Reference"
          },
          "sex": {
            "$ref": "#/components/schemas/Reference"
          },
          "aliases": {
            "type": "array",
            "items": {
              "$ref": "#/components/schemas/Alias"
            }
          },
          "phones": {
            "type": "array",
            "items": {
              "$ref": "#/components/schemas/Phone"
            }
          },
          "emails": {
            "type": "array",
            "items": {
              "$ref": "#/components/schemas/Email"
            }
          },
          "primary_phone": {
            "$ref": "#/components/schemas/Phone"
          },
          "primary_email": {
            "$ref": "#/components/schemas/Email"
          },
          "current_profile_picture": {
            "$ref": "#/components/schemas/ProfilePicture"
          },
          "legacy_id": {
            "type": "string"
          },
          "primary_langauge": {
            "$ref": "#/components/schemas/Reference"
          },
          "languages": {
            "type": "array",
            "items": {
              "$ref": "#/components/schemas/PersonLanguage"
            }
          },
          "locations": {
            "type": "array",
            "items": {
              "$ref": "#/components/schemas/PersonLocation"
            }
          },
          "created_at": {
            "type": "string",
            "format": "date-time",
            "readOnly": true
          },
          "updated_at": {
            "type": "string",
            "format": "date-time",
            "readOnly": true
          }
        }
      },
      "Alias": {
        "type": "object",
        "properties": {
          "id": {
            "type": "string"
          },
          "first_name": {
            "type": "string"
          },
          "middle_name": {
            "type": "string"
          },
          "last_name": {
            "type": "string"
          },
          "suffix": {
            "$ref": "#/components/schemas/Reference"
          },
          "aliax_type": {
            "$ref": "#/components/schemas/Reference"
          }
        }
      },
      "Email": {
        "type": "object",
        "properties": {
          "id": {
            "type": "string"
          },
          "email": {
            "type": "string"
          },
          "email_type": {
            "$ref": "#/components/schemas/Reference"
          }
        }
      },
      "PersonLanguage": {
        "type": "object",
        "properties": {
          "id": {
            "type": "string"
          },
          "language": {
            "$ref": "#/components/schemas/Reference"
          }
        }
      },
      "PersonLocation": {
        "type": "object",
        "properties": {
          "id": {
            "type": "string"
          },
          "started_on": {
            "type": "string",
            "format": "date-time"
          },
          "ended_on": {
            "type": "string",
            "format": "date-time"
          },
          "location": {
            "$ref": "#/components/schemas/PeopleAPILocation"
          },
          "person_location_type": {
            "$ref": "#/components/schemas/Reference"
          }
        }
      },
      "PeopleAPILocation": {
        "type": "object",
        "properties": {
          "id": {
            "type": "string"
          },
          "school_district": {
            "type": "string"
          },
          "location_type": {
            "$ref": "#/components/schemas/Reference"
          },
          "name": {
            "type": "string"
          },
          "notes": {
            "type": "string"
          },
          "google_place_id": {
            "type": "string"
          },
          "latitude": {
            "type": "number"
          },
          "longitude": {
            "type": "number"
          },
          "verified": {
            "type": "boolean"
          },
          "address1": {
            "type": "string"
          },
          "address2": {
            "type": "string"
          },
          "city": {
            "type": "string"
          },
          "state": {
            "type": "string"
          },
          "county": {
            "$ref": "#/components/schemas/Reference"
          },
          "zip_code": {
            "type": "string"
          },
          "country": {
            "type": "string"
          },
          "geo_point": {
            "$ref": "#/components/schemas/GeoPoint"
          }
        }
      },
      "PersonRace": {
        "type": "object",
        "properties": {
          "id": {
            "type": "string"
          },
          "race": {
            "$ref": "#/components/schemas/Reference"
          }
        }
      },
      "Phone": {
        "type": "object",
        "properties": {
          "id": {
            "type": "string"
          },
          "number": {
            "type": "string"
          },
          "phone_type": {
            "$ref": "#/components/schemas/Reference"
          },
          "contact_time": {
            "$ref": "#/components/schemas/Reference"
          }
        }
      },
      "ProfilePicture": {
        "type": "object",
        "properties": {
          "id": {
            "type": "string"
          },
          "attachment_id": {
            "type": "string"
          },
          "download_file_url": {
            "type": "string"
          }
        }
      },
      "ProviderData": {
        "required": [
          "data"
        ],
        "type": "object",
        "properties": {
          "data": {
            "$ref": "#/components/schemas/ProviderData_data"
          }
        }
      },
      "ProviderSearchResponse": {
        "required": [
          "data",
          "meta"
        ],
        "type": "object",
        "properties": {
          "data": {
            "type": "array",
            "items": {
              "$ref": "#/components/schemas/ProviderSearchResult"
            }
          },
          "meta": {
            "$ref": "#/components/schemas/MetaPagingData"
          }
        }
      },
      "ProviderSearchResult": {
        "required": [
          "attributes",
          "id",
          "type"
        ],
        "type": "object",
        "properties": {
          "type": {
            "type": "string"
          },
          "id": {
            "type": "string"
          },
          "attributes": {
            "$ref": "#/components/schemas/Provider"
          },
          "meta": {
            "$ref": "#/components/schemas/MetaResultData"
          }
        }
      },
      "Provider": {
        "type": "object",
        "properties": {
          "provider_name": {
            "type": "string"
          },
          "email": {
            "type": "string"
          },
          "phone_number": {
            "type": "string"
          },
          "ein": {
            "type": "string"
          },
          "under_contract": {
            "type": "number"
          },
          "accredited": {
            "type": "number"
          },
          "active": {
            "type": "boolean"
          },
          "provider_type": {
            "$ref": "#/components/schemas/Reference"
          },
          "services": {
            "type": "array",
            "items": {
              "$ref": "#/components/schemas/Service"
            }
          },
          "license": {
            "type": "array",
            "items": {
              "$ref": "#/components/schemas/License"
            }
          },
          "provider_people": {
            "type": "array",
            "items": {
              "$ref": "#/components/schemas/ProviderPerson"
            }
          },
          "assignees": {
            "type": "array",
            "items": {
              "$ref": "#/components/schemas/Assignee"
            }
          },
          "contact_person": {
            "$ref": "#/components/schemas/ProviderPerson"
          },
          "assignee": {
            "$ref": "#/components/schemas/Assignee"
          },
          "created_at": {
            "type": "string",
            "format": "date-time",
            "readOnly": true
          },
          "updated_at": {
            "type": "string",
            "format": "date-time",
            "readOnly": true
          }
        }
      },
      "Service": {
        "type": "object",
        "properties": {
          "id": {
            "type": "string"
          },
          "name": {
            "type": "string"
          },
          "description": {
            "type": "string"
          },
          "capacity_usage": {
            "type": "integer"
          },
          "service_type": {
            "$ref": "#/components/schemas/Reference"
          }
        }
      },
      "License": {
        "type": "object",
        "properties": {
          "id": {
            "type": "string"
          },
          "max_capacity": {
            "type": "integer"
          },
          "license_type": {
            "$ref": "#/components/schemas/Reference"
          },
          "license_status": {
            "$ref": "#/components/schemas/Reference"
          },
          "started_on": {
            "type": "string",
            "format": "date-time"
          },
          "ended_on": {
            "type": "string",
            "format": "date-time"
          },
          "license_conditions": {
            "type": "array",
            "items": {
              "$ref": "#/components/schemas/LicenseCondition"
            }
          }
        }
      },
      "ProviderPerson": {
        "type": "object",
        "properties": {
          "person": {
            "$ref": "#/components/schemas/PersonReference"
          },
          "title": {
            "type": "string"
          },
          "org_id": {
            "type": "string"
          },
          "provider_person_role": {
            "$ref": "#/components/schemas/Reference"
          },
          "started_at": {
            "type": "string",
            "format": "date-time"
          },
          "ended_at": {
            "type": "string",
            "format": "date-time"
          }
        }
      },
      "Assignee": {
        "type": "object",
        "properties": {
          "assigned_user": {
            "$ref": "#/components/schemas/UserReference"
          },
          "started_at": {
            "type": "string",
            "format": "date-time"
          },
          "ended_at": {
            "type": "string",
            "format": "date-time"
          }
        }
      },
      "Day": {
        "type": "string",
        "format": "date",
        "readOnly": true
      },
      "Location": {
        "properties": {
          "address1": {
            "type": "string"
          },
          "address2": {
            "type": "string"
          },
          "city": {
            "type": "string"
          },
          "state": {
            "type": "string"
          },
          "county": {
            "$ref": "#/components/schemas/Reference"
          },
          "zip_code": {
            "type": "string"
          },
          "country": {
            "type": "string"
          },
          "geo_point": {
            "$ref": "#/components/schemas/GeoPoint"
          }
        }
      },
      "GeoPoint": {
        "properties": {
          "lat": {
            "type": "number"
          },
          "lon": {
            "type": "number"
          }
        }
      },
      "LicenseCondition": {
        "properties": {
          "gender": {
            "$ref": "#/components/schemas/Reference"
          },
          "min_age": {
            "type": "number"
          },
          "max_age": {
            "type": "number"
          }
        }
      },
      "UsersSearchResponse": {
        "required": [
          "data",
          "meta"
        ],
        "type": "object",
        "properties": {
          "data": {
            "type": "array",
            "items": {
              "$ref": "#/components/schemas/UserSearchResult"
            }
          },
          "meta": {
            "$ref": "#/components/schemas/MetaPagingData"
          }
        }
      },
      "UserSearchResult": {
        "required": [
          "attributes",
          "id",
          "type"
        ],
        "type": "object",
        "properties": {
          "type": {
            "type": "string"
          },
          "id": {
            "type": "string"
          },
          "attributes": {
            "$ref": "#/components/schemas/UserSearchResultItem"
          },
          "meta": {
            "$ref": "#/components/schemas/MetaResultData"
          }
        }
      },
      "UserData": {
        "required": [
          "data"
        ],
        "type": "object",
        "properties": {
          "data": {
            "$ref": "#/components/schemas/UserData_data"
          }
        }
      },
      "User": {
        "type": "object",
        "properties": {
          "last_name": {
            "type": "string"
          },
          "first_name": {
            "type": "string"
          },
          "identity_provider_id": {
            "type": "string"
          },
          "groups": {
            "type": "array",
            "items": {
              "type": "string"
            }
          },
          "email": {
            "type": "string",
            "description": "name@domain"
          },
          "status": {
            "type": "string"
          },
          "external": {
            "type": "boolean"
          },
          "created_at": {
            "type": "string",
            "format": "date-time",
            "readOnly": true
          },
          "updated_at": {
            "type": "string",
            "format": "date-time",
            "readOnly": true
          }
        }
      },
      "UserSearchResultItem": {
        "type": "object",
        "properties": {
          "last_name": {
            "type": "string"
          },
          "first_name": {
            "type": "string"
          },
          "identity_provider_id": {
            "type": "string"
          },
          "groups": {
            "type": "array",
            "items": {
              "type": "string"
            }
          },
          "email": {
            "type": "string",
            "description": "name@domain"
          }
        }
      },
      "ReportsSearchResponse": {
        "required": [
          "data",
          "meta"
        ],
        "type": "object",
        "properties": {
          "data": {
            "type": "array",
            "items": {
              "$ref": "#/components/schemas/ReportSearchResult"
            }
          },
          "meta": {
            "$ref": "#/components/schemas/MetaPagingData"
          }
        }
      },
      "ReportSearchResult": {
        "required": [
          "attributes",
          "id",
          "type"
        ],
        "type": "object",
        "properties": {
          "type": {
            "type": "string"
          },
          "id": {
            "type": "string"
          },
          "attributes": {
            "$ref": "#/components/schemas/Report"
          },
          "meta": {
            "$ref": "#/components/schemas/MetaResultData"
          }
        }
      },
      "ReportData": {
        "required": [
          "data"
        ],
        "type": "object",
        "properties": {
          "data": {
            "$ref": "#/components/schemas/ReportData_data"
          }
        }
      },
      "Report": {
        "type": "object",
        "properties": {
          "report_name": {
            "type": "string"
          },
          "provider_id": {
            "type": "string"
          },
          "referred_by": {
            "type": "string"
          },
          "decision": {
            "$ref": "#/components/schemas/Reference"
          },
          "report_type": {
            "$ref": "#/components/schemas/Reference"
          },
          "report_status": {
            "$ref": "#/components/schemas/Reference"
          },
          "response_type": {
            "$ref": "#/components/schemas/Reference"
          },
          "assigned_at": {
            "type": "string",
            "format": "date-time"
          },
          "reported_at": {
            "type": "string",
            "format": "date-time"
          },
          "reported_at_text": {
            "$ref": "#/components/schemas/Day"
          },
          "published": {
            "type": "boolean"
          },
          "published_at": {
            "type": "string",
            "format": "date-time"
          },
          "published_by": {
            "type": "string"
          },
          "intake_people": {
            "type": "array",
            "items": {
              "$ref": "#/components/schemas/PersonReference"
            }
          },
          "primary_intake_person": {
            "$ref": "#/components/schemas/PersonReference"
          },
          "reporter": {
            "$ref": "#/components/schemas/PersonReference"
          },
          "assigned_user": {
            "$ref": "#/components/schemas/UserReference"
          },
          "location": {
            "$ref": "#/components/schemas/ReportsAPILocation"
          },
          "created_at": {
            "type": "string",
            "format": "date-time",
            "readOnly": true
          },
          "updated_at": {
            "type": "string",
            "format": "date-time",
            "readOnly": true
          }
        }
      },
      "ReportsAPILocation": {
        "type": "object",
        "properties": {
          "id": {
            "type": "string"
          },
          "phone_number": {
            "type": "string"
          },
          "location_type": {
            "$ref": "#/components/schemas/Reference"
          },
          "name": {
            "type": "string"
          },
          "notes": {
            "type": "string"
          },
          "google_place_id": {
            "type": "string"
          },
          "latitude": {
            "type": "number"
          },
          "longitude": {
            "type": "number"
          },
          "address1": {
            "type": "string"
          },
          "address2": {
            "type": "string"
          },
          "city": {
            "type": "string"
          },
          "state": {
            "type": "string"
          },
          "county": {
            "$ref": "#/components/schemas/Reference"
          },
          "zip_code": {
            "type": "string"
          },
          "country": {
            "type": "string"
          },
          "geo_point": {
            "$ref": "#/components/schemas/GeoPoint"
          }
        }
      },
      "CasesSearchResponse": {
        "required": [
          "data",
          "meta"
        ],
        "type": "object",
        "properties": {
          "data": {
            "type": "array",
            "items": {
              "$ref": "#/components/schemas/CaseSearchResult"
            }
          },
          "meta": {
            "$ref": "#/components/schemas/MetaPagingData"
          }
        }
      },
      "CaseSearchResult": {
        "required": [
          "attributes",
          "id",
          "type"
        ],
        "type": "object",
        "properties": {
          "type": {
            "type": "string"
          },
          "id": {
            "type": "string"
          },
          "attributes": {
            "$ref": "#/components/schemas/Case"
          },
          "meta": {
            "$ref": "#/components/schemas/MetaResultData"
          }
        }
      },
      "Case": {
        "type": "object",
        "properties": {
          "case_name": {
            "type": "string"
          },
          "primary_assignee": {
            "$ref": "#/components/schemas/UserReference"
          },
          "type": {
            "$ref": "#/components/schemas/Reference"
          },
          "status": {
            "$ref": "#/components/schemas/Reference"
          },
          "county": {
            "$ref": "#/components/schemas/Reference"
          },
          "people": {
            "type": "array",
            "items": {
              "$ref": "#/components/schemas/PersonReference"
            }
          },
          "created_at": {
            "type": "string",
            "format": "date-time",
            "readOnly": true
          },
          "updated_at": {
            "type": "string",
            "format": "date-time",
            "readOnly": true
          }
        }
      },
      "ServiceOfferingSearchResponse": {
        "required": [
          "attributes",
          "id",
          "type"
        ],
        "type": "object",
        "properties": {
          "type": {
            "type": "string"
          },
          "id": {
            "type": "string"
          },
          "attributes": {
            "$ref": "#/components/schemas/ServiceOffering"
          },
          "meta": {
            "$ref": "#/components/schemas/MetaResultData"
          }
        }
      },
      "ServiceOffering": {
        "type": "object",
        "properties": {
          "service_name": {
            "type": "string"
          },
          "service_provider_name": {
            "type": "string"
          },
          "service_calculated_usage": {
            "type": "number"
          },
          "service_max_capacity": {
            "type": "number"
          },
          "service_type": {
            "$ref": "#/components/schemas/Reference"
          },
          "provider_type": {
            "$ref": "#/components/schemas/Reference"
          },
          "provider_subtype": {
            "$ref": "#/components/schemas/Reference"
          },
          "service_languages": {
            "type": "array",
            "items": {
              "$ref": "#/components/schemas/Reference"
            }
          },
          "service_location": {
            "$ref": "#/components/schemas/Location"
          },
          "created_at": {
            "type": "string",
            "format": "date-time",
            "readOnly": true
          },
          "updated_at": {
            "type": "string",
            "format": "date-time",
            "readOnly": true
          }
        }
      },
      "GlobalSearchResponse": {
        "required": [
          "data",
          "meta"
        ],
        "type": "object",
        "properties": {
          "data": {
            "type": "array",
            "items": {
              "anyOf": [
                {
                  "$ref": "#/components/schemas/ProviderSearchResult"
                },
                {
                  "$ref": "#/components/schemas/PersonSearchResult"
                }
              ]
            }
          },
          "meta": {
            "$ref": "#/components/schemas/MetaPagingData"
          }
        }
      },
      "Reference": {
        "properties": {
          "id": {
            "type": "string"
          },
          "name": {
            "type": "string"
          }
        }
      },
      "PersonReference": {
        "properties": {
          "id": {
            "type": "string"
          },
          "last_name": {
            "type": "string"
          },
          "middle_name": {
            "type": "string"
          },
          "first_name": {
            "type": "string"
          },
          "suffix": {
            "$ref": "#/components/schemas/Reference"
          },
          "formatted_name": {
            "type": "string"
          }
        }
      },
      "UserReference": {
        "properties": {
          "id": {
            "type": "string"
          },
          "last_name": {
            "type": "string"
          },
          "middle_name": {
            "type": "string"
          },
          "first_name": {
            "type": "string"
          },
          "formatted_name": {
            "type": "string"
          }
        }
      },
      "Error": {
        "properties": {
          "status": {
            "type": "string"
          },
          "title": {
            "type": "string"
          },
          "detail": {
            "type": "string"
          },
          "source": {
            "type": "string"
          }
        }
      },
      "Errors": {
        "properties": {
          "errors": {
            "type": "array",
            "items": {
              "$ref": "#/components/schemas/Error"
            }
          }
        }
      },
      "MetaResultData_text_highlighted": {
        "type": "object",
        "properties": {
          "field_name": {
            "type": "string"
          },
          "matches": {
            "type": "array",
            "items": {
              "type": "string"
            }
          }
        }
      },
      "PersonData_data": {
        "type": "object",
        "properties": {
          "type": {
            "type": "string"
          },
          "id": {
            "type": "string"
          },
          "attributes": {
            "$ref": "#/components/schemas/Person"
          }
        }
      },
      "ProviderData_data": {
        "type": "object",
        "properties": {
          "type": {
            "type": "string"
          },
          "id": {
            "type": "string"
          },
          "attributes": {
            "$ref": "#/components/schemas/Provider"
          }
        }
      },
      "UserData_data": {
        "type": "object",
        "properties": {
          "type": {
            "type": "string"
          },
          "id": {
            "type": "string"
          },
          "attributes": {
            "$ref": "#/components/schemas/User"
          }
        }
      },
      "ReportData_data": {
        "type": "object",
        "properties": {
          "type": {
            "type": "string"
          },
          "id": {
            "type": "string"
          },
          "attributes": {
            "$ref": "#/components/schemas/Report"
          }
        }
      }
    },
    "responses": {
      "Standard406ErrorResponse": {
        "description": "No version submitted in request header",
        "content": {
          "application/vnd.api+json": {
            "schema": {
              "$ref": "#/components/schemas/Errors"
            }
          }
        }
      },
      "Standard400ErrorResponse": {
        "description": "Invalid request body",
        "content": {
          "application/vnd.api+json": {
            "schema": {
              "$ref": "#/components/schemas/Errors"
            }
          }
        }
      },
      "Standard500ErrorResponse": {
        "description": "Internal server error",
        "content": {
          "application/vnd.api+json": {
            "schema": {
              "$ref": "#/components/schemas/Errors"
            }
          }
        }
      },
      "Standard401ErrorResponse": {
        "description": "Not Authenticated",
        "content": {
          "application/vnd.api+json": {
            "schema": {
              "$ref": "#/components/schemas/Errors"
            }
          }
        }
      },
      "Standard403ErrorResponse": {
        "description": "Forbidden - Not Authorized",
        "content": {
          "application/vnd.api+json": {
            "schema": {
              "$ref": "#/components/schemas/Errors"
            }
          }
        }
      },
      "Standard404ErrorResponse": {
        "description": "Not Found",
        "content": {
          "application/vnd.api+json": {
            "schema": {
              "$ref": "#/components/schemas/Errors"
            }
          }
        }
      }
    },
    "parameters": {
      "version": {
        "name": "Accept-Version",
        "in": "header",
        "required": true,
        "style": "simple",
        "explode": false,
        "schema": {
          "type": "string",
          "default": "v0"
        }
      },
      "jwt-authentication": {
        "name": "Authorization: Bearer",
        "in": "header",
        "description": "JSON Web Token signed by the authentication service, required for every request",
        "required": true,
        "style": "simple",
        "explode": false,
        "schema": {
          "type": "string"
        }
      }
    }
  }
}