{"openapi":"3.0.0","info":{"title":"Payment Services Application API (DRAFT)","description":"This API handles the process of applying for merchant services.","contact":{"email":"jonathan.cooper@versapay.com"},"version":"1.0.0"},"servers":[{"url":"https://virtserver.swaggerhub.com/ChargeLogic/PaymentServicesApplication/1.0.0","description":"SwaggerHub API Auto Mocking"},{"url":"https://secure.versapay.com/api/onboarding/v1","description":"Versapay Production"},{"url":"https://uat.versapay.com/api/onboarding/v1","description":"Versapay UAT"}],"tags":[{"name":"developers","description":"Operations available to regular developers"}],"paths":{"/terms":{"get":{"tags":["developers"],"summary":"retrieves rates and terms for merchant services","description":"The system will return the rates, terms, and conditions for merchant services\n","operationId":"getTerms","parameters":[{"name":"locale","in":"query","description":"pass an optional country and language","required":false,"style":"form","explode":true,"schema":{"$ref":"#/components/schemas/Locale"}}],"responses":{"200":{"description":"terms parameters","content":{"application/json":{"schema":{"$ref":"#/components/schemas/ApplicationParameters"}}}},"400":{"description":"bad input parameter"}},"security":[{"partner_basic_auth":[]}]}},"/applications":{"post":{"tags":["developers"],"summary":"create a new applicaiton","description":"adds an application to the system","operationId":"addApplication","requestBody":{"description":"Inventory item to add","content":{"application/json":{"schema":{"$ref":"#/components/schemas/Application"}}}},"responses":{"201":{"description":"applicaiton created","content":{"application/json":{"schema":{"$ref":"#/components/schemas/ApplicationCreatedResponse"}}}},"400":{"description":"invalid input, object invalid","content":{"application/json":{"schema":{"$ref":"#/components/schemas/ApplicationErrorResponse"}}}},"409":{"description":"an existing item already exists"}},"security":[{"partner_basic_auth":[]}]}},"/applications/{id}":{"get":{"tags":["developers"],"summary":"get application status","description":"get the status of an existing application","operationId":"getApplicationStatus","parameters":[{"name":"id","in":"path","description":"Application Token","required":true,"style":"simple","explode":false,"schema":{"$ref":"#/components/schemas/ApplicationToken"}}],"responses":{"200":{"description":"application status","content":{"application/json":{"schema":{"$ref":"#/components/schemas/ApplicationStatusResponse"}}}},"404":{"description":"application not found"}},"security":[{"partner_basic_auth":[]}]}}},"components":{"schemas":{"Locale":{"pattern":"^[a-z]{2}-[a-z]{2}$","type":"string","example":"en-us"},"ApplicationStatusResponse":{"required":["application_status"],"type":"object","properties":{"application_status":{"$ref":"#/components/schemas/ApplicationStatus"},"api_credentials":{"$ref":"#/components/schemas/APICredentials"}}},"APICredentials":{"required":["api_key","api_token"],"type":"object","properties":{"api_token":{"$ref":"#/components/schemas/APIToken"},"api_key":{"$ref":"#/components/schemas/APIKey"}}},"APIToken":{"type":"string","example":"6ySjc8LfeRwqciWK8owT"},"APIKey":{"type":"string","example":"Bl5cgjTnysXxyNyysXiw"},"ApplicationStatus":{"type":"string","example":"Received","enum":["Received","Processing","Provisionally Approved","Approved","On Hold","Closed"]},"ApplicationCreatedResponse":{"required":["application_token"],"type":"object","properties":{"application_token":{"$ref":"#/components/schemas/ApplicationToken"}}},"ApplicationToken":{"type":"string","format":"guid","example":"1c47dece-489b-4521-89db-0a940ac58235"},"ApplicationErrorResponse":{"type":"object","properties":{"address_errors":{"$ref":"#/components/schemas/ApplicationAddressErrors"},"tax_id_errors":{"$ref":"#/components/schemas/ApplicationTaxIDErrors"},"field_errors":{"$ref":"#/components/schemas/ApplicationErrors"}}},"ApplicationErrors":{"type":"array","items":{"$ref":"#/components/schemas/ApplicationError"}},"ApplicationError":{"required":["error_message","field"],"type":"object","properties":{"field":{"type":"string"},"error_message":{"$ref":"#/components/schemas/ErrorMessage"}}},"ApplicationTaxIDErrors":{"type":"array","items":{"$ref":"#/components/schemas/ApplicationTaxIDError"}},"ApplicationTaxIDError":{"required":["error_message","field"],"type":"object","properties":{"field":{"type":"string","example":"Owner 1","enum":["Owner 1","Owner 2","Owner 3","Owner 4","Business"]},"error_message":{"$ref":"#/components/schemas/ErrorMessage"}}},"ApplicationAddressErrors":{"type":"array","items":{"$ref":"#/components/schemas/ApplicationAddressError"}},"ApplicationAddressError":{"required":["error_message","field"],"type":"object","properties":{"field":{"type":"string","example":"Owner 1","enum":["Owner 1","Owner 2","Owner 3","Owner 4","Business Physical Address","Business Billing Address"]},"error_message":{"$ref":"#/components/schemas/ErrorMessage"},"address_candidates":{"type":"array","items":{"$ref":"#/components/schemas/Address"}}}},"ErrorMessage":{"type":"string","example":"Please specify a valid value"},"Application":{"required":["agrees_terms_and_conditions","annual_card_volume","average_ticket_amount","business_billing_address","business_dba_name","business_email","business_established_date","business_legal_name","business_phone","business_physical_address","business_tax_id_number","business_type","business_website","control_prong","deposit_account","high_ticket_amount","naics_code","ownership_type","primary_contact","sells_prohibited_products","terms_and_conditions"],"type":"object","properties":{"business_legal_name":{"$ref":"#/components/schemas/BusinessName"},"business_dba_name":{"$ref":"#/components/schemas/BusinessName"},"business_tax_id_number":{"$ref":"#/components/schemas/BusinessTaxIdentifier"},"business_physical_address":{"$ref":"#/components/schemas/Address"},"business_billing_address":{"$ref":"#/components/schemas/Address"},"ownership_type":{"$ref":"#/components/schemas/OwnershipType"},"stock_ticker_symbol":{"$ref":"#/components/schemas/StockTickerSymbol"},"business_type":{"$ref":"#/components/schemas/BusinessType"},"naics_code":{"$ref":"#/components/schemas/NAICSCode"},"business_phone":{"$ref":"#/components/schemas/Phone"},"business_email":{"$ref":"#/components/schemas/Email"},"business_website":{"$ref":"#/components/schemas/URL"},"business_established_date":{"$ref":"#/components/schemas/Date"},"annual_card_volume":{"$ref":"#/components/schemas/Range"},"average_ticket_amount":{"$ref":"#/components/schemas/Range"},"high_ticket_amount":{"$ref":"#/components/schemas/Range"},"business_owners":{"$ref":"#/components/schemas/BusinessOwners"},"non_business_owner_control_prong":{"$ref":"#/components/schemas/NonBusinessOwnerControlProng"},"primary_contact":{"$ref":"#/components/schemas/Contact"},"control_prong":{"$ref":"#/components/schemas/ControlProng"},"deposit_account":{"$ref":"#/components/schemas/DDA"},"sells_prohibited_products":{"$ref":"#/components/schemas/Boolean"},"agrees_terms_and_conditions":{"$ref":"#/components/schemas/Boolean"},"terms_and_conditions":{"$ref":"#/components/schemas/TermsAndConditions"},"financial_statement":{"$ref":"#/components/schemas/Document"},"merchant_statement":{"$ref":"#/components/schemas/Document"},"locale":{"$ref":"#/components/schemas/Locale"}}},"Document":{"required":["base64","filename"],"type":"object","properties":{"filename":{"type":"string","example":"example.pdf"},"base64":{"type":"string","format":"base64","example":"ZXhhbXBsZQ=="}}},"Boolean":{"type":"boolean","example":false},"DDA":{"required":["account_number","routing_number"],"type":"object","properties":{"routing_number":{"$ref":"#/components/schemas/RoutingNumber"},"account_number":{"$ref":"#/components/schemas/DemandDepositAccountNumber"}}},"RoutingNumber":{"pattern":"^\\d{9}$","type":"string","example":"123456780"},"DemandDepositAccountNumber":{"pattern":"^\\d+$","type":"string","example":"9876543210"},"ControlProng":{"type":"string","example":"Non-Owner","enum":["Owner 1","Owner 2","Owner 3","Owner 4","Non-Owner"]},"Contact":{"required":["email","name","phone"],"type":"object","properties":{"name":{"$ref":"#/components/schemas/Person"},"phone":{"$ref":"#/components/schemas/Phone"},"email":{"$ref":"#/components/schemas/Email"}}},"BusinessOwners":{"maxItems":4,"type":"array","items":{"$ref":"#/components/schemas/BusinessOwner"}},"BusinessOwner":{"required":["email","home_address","home_phone","individual_tax_id_number","name","ownership_percentage"],"type":"object","properties":{"name":{"$ref":"#/components/schemas/Person"},"ownership_percentage":{"maximum":1E+2,"minimum":25,"type":"number","format":"float","example":25},"individual_tax_id_number":{"$ref":"#/components/schemas/IndividualTaxIdentifier"},"birth_date":{"$ref":"#/components/schemas/Date"},"home_address":{"$ref":"#/components/schemas/Address"},"home_phone":{"$ref":"#/components/schemas/Phone"},"email":{"$ref":"#/components/schemas/Email"}}},"NonBusinessOwnerControlProng":{"required":["email","home_address","home_phone","individual_tax_id_number","name"],"type":"object","properties":{"name":{"$ref":"#/components/schemas/Person"},"individual_tax_id_number":{"$ref":"#/components/schemas/IndividualTaxIdentifier"},"birth_date":{"$ref":"#/components/schemas/Date"},"home_address":{"$ref":"#/components/schemas/Address"},"home_phone":{"$ref":"#/components/schemas/Phone"},"email":{"$ref":"#/components/schemas/Email"}},"description":"This is a required object when the control_prong is set to Non-Owner\n"},"IndividualTaxIdentifier":{"required":["itin"],"type":"object","properties":{"itin":{"$ref":"#/components/schemas/ITIN"},"override_validation":{"$ref":"#/components/schemas/OverrideValidation"}}},"BusinessTaxIdentifier":{"required":["tin"],"type":"object","properties":{"tin":{"$ref":"#/components/schemas/TIN"},"override_validation":{"$ref":"#/components/schemas/OverrideValidation"}}},"ITIN":{"pattern":"^\\d{3}\\-?\\d{2}\\-?\\d{4}$","type":"string","example":"99-9999999"},"TIN":{"pattern":"^\\d{2}\\-?\\d{7}$","type":"string","example":"99-9999999"},"OverrideValidation":{"type":"boolean","example":false},"Date":{"type":"string","format":"date","example":"2022-01-15"},"NAICSCode":{"pattern":"^[0-9]{6}$","type":"string","example":"335220"},"BusinessType":{"type":"string","example":"Mail Order","enum":["Retail","Mail Order","E-Commerce","Auto Rental","Financial Institution","Restaurant","Grocery Store","Hotel","Passenger Transport","Automated Fueling"]},"StockTickerSymbol":{"type":"string","example":"EXMPL"},"OwnershipType":{"type":"string","example":"LLC","enum":["Financial Institution","Government","LLC","Non-Profit","Partnership","Private Corporation","Public Corporation","SEC Regulated Corporation","Sole Proprietorship","Trust"]},"BusinessName":{"type":"string","example":"Acme Corporation"},"Currency":{"maxLength":3,"minLength":3,"pattern":"^[a-z]{3}$","type":"string","example":"usd"},"ApplicationParameters":{"required":["prohibited_products","rates","terms_and_conditions"],"type":"object","properties":{"rates":{"$ref":"#/components/schemas/Rates"},"prohibited_products":{"$ref":"#/components/schemas/ProhibitedProducts"},"terms_and_conditions":{"$ref":"#/components/schemas/TermsAndConditions"},"ranges":{"$ref":"#/components/schemas/AmountRanges"}}},"AmountRanges":{"type":"object","properties":{"currency_code":{"$ref":"#/components/schemas/Currency"},"annual_volumes":{"$ref":"#/components/schemas/Ranges"},"average_ticket_amounts":{"$ref":"#/components/schemas/Ranges"},"high_ticket_amounts":{"$ref":"#/components/schemas/Ranges"}}},"Ranges":{"type":"array","items":{"$ref":"#/components/schemas/Range"}},"Range":{"type":"object","properties":{"from":{"type":"number","example":0},"to":{"type":"number","example":5E+2}},"nullable":true},"ProhibitedProducts":{"type":"object","properties":{"url":{"$ref":"#/components/schemas/URL"},"prohibited_product_list":{"$ref":"#/components/schemas/ProhibitedProductList"}}},"TermsAndConditions":{"type":"object","properties":{"url":{"$ref":"#/components/schemas/URL"},"terms_and_conditions_text":{"$ref":"#/components/schemas/TermsAndConditionsText"}}},"Rates":{"type":"array","items":{"$ref":"#/components/schemas/Rate"}},"Rate":{"required":["currency_code","description","monthly_account_fees","payment_methods","url"],"type":"object","properties":{"description":{"type":"string","example":"Versapay Payment Services"},"currency_code":{"$ref":"#/components/schemas/Currency"},"url":{"type":"string","format":"url","example":"https://www.versapay.com/merchant-services"},"monthly_account_fees":{"$ref":"#/components/schemas/AccountFees"},"payment_methods":{"$ref":"#/components/schemas/PaymentMethods"}}},"AccountFees":{"required":["per_month_amount"],"type":"object","properties":{"per_month_amount":{"minimum":0,"type":"number","format":"float","example":5.05}}},"PaymentMethods":{"type":"array","items":{"$ref":"#/components/schemas/PaymentMethodFees"}},"PaymentMethodFees":{"required":["description","per_month_amount","per_transaction_amount","per_transaction_percent"],"type":"object","properties":{"description":{"type":"string","example":"Credit Card"},"per_transaction_amount":{"minimum":0,"type":"number","format":"float","example":5.05},"per_transaction_percent":{"minimum":0,"type":"number","format":"float","example":5.05},"per_month_amount":{"minimum":0,"type":"number","format":"float","example":5.05}}},"ProhibitedProductList":{"type":"array","items":{"type":"string","example":"Firearms"}},"TermsAndConditionsText":{"type":"string","example":"This Merchant Services Agreement (this \"Agreement\") is entered into between..."},"Person":{"required":["first_name","last_name"],"type":"object","properties":{"first_name":{"type":"string","example":"Alice"},"middle_initial":{"maxLength":1,"minLength":1,"type":"string","example":"B"},"last_name":{"type":"string","example":"Smith"},"title":{"type":"string","example":"CFO"}}},"Address":{"required":["address1","city","country","state_province"],"type":"object","properties":{"address1":{"minLength":1,"type":"string","example":"123 Main Street"},"address2":{"type":"string","example":"Apartment 1"},"city":{"minLength":1,"type":"string","example":"Anytown"},"state_province":{"type":"string","example":"CA"},"post_code":{"type":"string","example":"55555"},"country":{"maxLength":2,"minLength":2,"pattern":"^[a-z]{2}$","type":"string","example":"us"},"override_validation":{"$ref":"#/components/schemas/OverrideValidation"}}},"Phone":{"type":"string","example":"555-555-5555"},"Email":{"type":"string","format":"email","example":"me@example.com"},"URL":{"type":"string","format":"url","example":"https://www.example.com"}},"securitySchemes":{"partner_basic_auth":{"type":"http","description":"Partner API Token and API Key","scheme":"basic"}}}}