{"openapi":"3.0.0","info":{"title":"MyCostaServices","description":"MyCostaServices API Referers to 'eShop REST-API (v03.53)' Hybris documentation","contact":{"name":"Keytechnologies S.p.A.","url":"https://www.keytech.it","email":"support.b2c.b2b@keytech.it"},"version":"v1"},"servers":[{"url":"https://serviceplatform.costacrociere.it/rest/{version}/MyCostaServices","variables":{"version":{"description":"The API Version","default":"v1"}}},{"url":"https://virtserver.swaggerhub.com/christian.dellamorte/MyCosta/v1","description":"SwaggerHub API Auto Mocking"}],"tags":[{"name":"Session","description":"Session related APIs"},{"name":"Product","description":"Product related APIs"},{"name":"Cart","description":"Cart related APIs"},{"name":"Embarkation","description":"Embarkation related APIs"},{"name":"Data","description":"Data (booking independent) related APIs"}],"paths":{"/MyCostaLogin":{"post":{"tags":["Session"],"summary":"This method authorize an user to enter in MyCosta and return basic information of user, booking and Hybris shopping session.","description":"Questo servizio orchestra le seguenti API di BE:\n- API \"getAgency\" di TTG \n- API \"DisplayBooking\" di TTG \n- API \"RetDatiCartaWRP_v2\" di CRM\n- API \"/session/login\" di Hybris \n\nQuesto metodo implemeta la seguente logica appli:\n1) Ottiene l'agenzia del booking (API \"getAgency\")\n2) Esegue una \"DispalyBooking\" con BkgNo passato e ADV presa al punto 1.\n   Verifica che tra i pax presenti sul booking ce ne sia uno corrispondende a \n   Cognome (e nome se fornito) passati e lo seleziona.\n   In caso di omonimia applica la seguente logica:\n   a) se il Nome è stato passato, e questo permette una seleziona univoca, la effettua\n   b) se il Nome è stato passato ma non permette una seleziona univoca:\n      - se uno dei pax con corrispondenza è marcato come \"PrimaryPax\" seleziona quello\n      - altrimenti seleziona quello più vecchio\n3) Ottiene le Costa Club info, se presenti su CRM (con la API \"RetDatiCartaWRP_v2\"), del pax seleziona al punto 2.\n4) Effettua una login Hybris (api \"/session/login\")","parameters":[{"name":"AgentId","in":"query","description":"The requesting agency id (default adv for market)","required":true,"style":"form","explode":true,"schema":{"type":"string"}}],"requestBody":{"description":"login request parameters","content":{"application/json":{"schema":{"$ref":"#/components/schemas/MyCostaLoginRequest"}}}},"responses":{"200":{"description":"OK","content":{"application/json":{"schema":{"$ref":"#/components/schemas/MyCostaLoginResponse"}}}},"400":{"description":"Reporting a backend (Hybris) error","content":{"application/json":{"schema":{"$ref":"#/components/schemas/DefaultError400"}}}},"500":{"description":"Inernal (WSP) error (System error)","content":{"application/json":{"schema":{"$ref":"#/components/schemas/DefaultError500"}}}}}}},"/Login":{"post":{"tags":["Session"],"summary":"This method initiates a web service API session on Hybris for a booking","description":"Use the 'login' (/session/login) Hybris API","parameters":[{"name":"AgentId","in":"query","description":"The requesting agency id (associated with current booking)","required":true,"style":"form","explode":true,"schema":{"type":"string"}}],"requestBody":{"description":"login request parameters","content":{"application/json":{"schema":{"$ref":"#/components/schemas/LoginRequest"}}}},"responses":{"200":{"description":"OK","content":{"application/json":{"schema":{"$ref":"#/components/schemas/LoginResponse"}}}},"400":{"description":"Reporting a backend (Hybris) error","content":{"application/json":{"schema":{"$ref":"#/components/schemas/DefaultError400"}}}},"500":{"description":"Inernal (WSP) error (System error)","content":{"application/json":{"schema":{"$ref":"#/components/schemas/DefaultError500"}}}}}}},"/Logout":{"post":{"tags":["Session"],"summary":"This method could be used to terminate an active web services API session.The response must not be cached.","description":"Use the 'logout' (/session/logout) Hybris API","parameters":[{"name":"AgentId","in":"query","description":"The requesting agency id (associated with current booking)","required":true,"style":"form","explode":true,"schema":{"type":"string"}}],"requestBody":{"content":{"application/json":{"schema":{"$ref":"#/components/schemas/LogoutRequest"}}}},"responses":{"200":{"description":"OK","content":{"application/json":{"schema":{"$ref":"#/components/schemas/LogoutResponse"}}}},"400":{"description":"Reporting a backend (Hybris) error","content":{"application/json":{"schema":{"$ref":"#/components/schemas/DefaultError400"}}}},"500":{"description":"Inernal (WSP) error (System error)","content":{"application/json":{"schema":{"$ref":"#/components/schemas/DefaultError500"}}}}}}},"/Embarkation/Tickets":{"post":{"tags":["Embarkation"],"summary":"This method could be used to retrive all ticket of booking","description":"Get all tickets infos related to provided booking from DB","parameters":[{"name":"AgentId","in":"query","description":"The requesting agency id (associated with current booking)","required":true,"style":"form","explode":true,"schema":{"type":"string"}}],"requestBody":{"content":{"application/json":{"schema":{"$ref":"#/components/schemas/TicketRequest"}}}},"responses":{"200":{"description":"OK","content":{"application/json":{"schema":{"$ref":"#/components/schemas/TicketResponse"}}}},"400":{"description":"Reporting a backend (Hybris) error","content":{"application/json":{"schema":{"$ref":"#/components/schemas/DefaultError400"}}}},"500":{"description":"Inernal (WSP) error (System error)","content":{"application/json":{"schema":{"$ref":"#/components/schemas/DefaultError500"}}}}}}},"/Embarkation/WebCheckIn":{"post":{"tags":["Embarkation"],"summary":"Triggers a document production in eDocs","description":"Use the 'RealTimeService' Soap WS on eDOCS","parameters":[{"name":"AgentId","in":"query","description":"The requesting agency id (associated with current booking)","required":true,"style":"form","explode":true,"schema":{"type":"string"}}],"requestBody":{"content":{"application/json":{"schema":{"$ref":"#/components/schemas/WebCheckInRequest"}}}},"responses":{"200":{"description":"OK","content":{"application/json":{"schema":{"$ref":"#/components/schemas/WebCheckInResponse"}}}},"400":{"description":"Reporting a backend (Hybris) error","content":{"application/json":{"schema":{"$ref":"#/components/schemas/DefaultError400"}}}},"500":{"description":"Inernal (WSP) error (System error)","content":{"application/json":{"schema":{"$ref":"#/components/schemas/DefaultError500"}}}}}}},"/Product/Search":{"post":{"tags":["Product"],"summary":"This method could be used for searching of all services.","description":"Use the 'searchProducts' (/product/searchProducts) Hybris API","parameters":[{"name":"AgentId","in":"query","description":"The requesting agency id (associated with current booking)","required":true,"style":"form","explode":true,"schema":{"type":"string"}}],"requestBody":{"description":"login request parameters","content":{"application/json":{"schema":{"$ref":"#/components/schemas/ProductSearchRequest"}}}},"responses":{"200":{"description":"OK","content":{"application/json":{"schema":{"$ref":"#/components/schemas/ProductSearchResponse"}}}},"400":{"description":"Reporting a backend (Hybris) error","content":{"application/json":{"schema":{"$ref":"#/components/schemas/DefaultError400"}}}},"500":{"description":"Inernal (WSP) error (System error)","content":{"application/json":{"schema":{"$ref":"#/components/schemas/DefaultError500"}}}}}}},"/Product/Details":{"post":{"tags":["Product"],"summary":"This methods delivers detailed data for one or more products.","description":"Use the 'getProductDetails' (/product/getProductDetails) Hybris API","parameters":[{"name":"AgentId","in":"query","description":"The requesting agency id (associated with current booking)","required":true,"style":"form","explode":true,"schema":{"type":"string"}}],"requestBody":{"content":{"application/json":{"schema":{"$ref":"#/components/schemas/ProductDetailsRequest"}}}},"responses":{"200":{"description":"OK","content":{"application/json":{"schema":{"$ref":"#/components/schemas/ProductDetailsResponse"}}}},"400":{"description":"Reporting a backend (Hybris) error","content":{"application/json":{"schema":{"$ref":"#/components/schemas/DefaultError400"}}}},"500":{"description":"Inernal (WSP) error (System error)","content":{"application/json":{"schema":{"$ref":"#/components/schemas/DefaultError500"}}}}}}},"/Product/PortDateCombinations":{"post":{"tags":["Product"],"summary":"This method delivers all possible port and day combinations of a cruise booking.","description":"Use the 'getPortDateCombinations' (/product/getPortDateCombinations) Hybris API","parameters":[{"name":"AgentId","in":"query","description":"The requesting agency id (associated with current booking)","required":true,"style":"form","explode":true,"schema":{"type":"string"}}],"requestBody":{"content":{"application/json":{"schema":{"$ref":"#/components/schemas/PortDateCombinationsRequest"}}}},"responses":{"200":{"description":"OK","content":{"application/json":{"schema":{"$ref":"#/components/schemas/PortDateCombinationsResponse"}}}},"400":{"description":"Reporting a backend (Hybris) error","content":{"application/json":{"schema":{"$ref":"#/components/schemas/DefaultError400"}}}},"500":{"description":"Inernal (WSP) error (System error)","content":{"application/json":{"schema":{"$ref":"#/components/schemas/DefaultError500"}}}}}}},"/Product/AvailableDays":{"post":{"tags":["Product"],"summary":"This methods delivers a list of all days where a product is bookable. For every day associated prices and discounts are delivered too.","description":"Use the 'getAvailableDays' (/product/getAvailableDays) Hybris API","parameters":[{"name":"AgentId","in":"query","description":"The requesting agency id (associated with current booking)","required":true,"style":"form","explode":true,"schema":{"type":"string"}}],"requestBody":{"content":{"application/json":{"schema":{"$ref":"#/components/schemas/AvailableDaysRequest"}}}},"responses":{"200":{"description":"OK","content":{"application/json":{"schema":{"$ref":"#/components/schemas/AvailableDaysResponse"}}}},"400":{"description":"Reporting a backend (Hybris) error","content":{"application/json":{"schema":{"$ref":"#/components/schemas/DefaultError400"}}}},"500":{"description":"Inernal (WSP) error (System error)","content":{"application/json":{"schema":{"$ref":"#/components/schemas/DefaultError500"}}}}}}},"/Product/AvailableTimeSlots":{"post":{"tags":["Product"],"summary":"This methods delivers a list of all times where a product is bookable on a given date. For every time associated prices and discounts are delivered too.","description":"Use the 'getAvailableTimeSlots' (/product/getAvailableTimeSlots) Hybris API","parameters":[{"name":"AgentId","in":"query","description":"The requesting agency id (associated with current booking)","required":true,"style":"form","explode":true,"schema":{"type":"string"}}],"requestBody":{"content":{"application/json":{"schema":{"$ref":"#/components/schemas/AvailableTimeSlotsRequest"}}}},"responses":{"200":{"description":"OK","content":{"application/json":{"schema":{"$ref":"#/components/schemas/AvailableTimeSlotsResponse"}}}},"400":{"description":"Reporting a backend (Hybris) error","content":{"application/json":{"schema":{"$ref":"#/components/schemas/DefaultError400"}}}},"500":{"description":"Inernal (WSP) error (System error)","content":{"application/json":{"schema":{"$ref":"#/components/schemas/DefaultError500"}}}}}}},"/Cart/AllBookingArticles":{"post":{"tags":["Cart"],"summary":"This method delivers informations regarding the complete contents of cruise bookings carts.","description":"Use the 'getAllArticlesOfBooking' (/cart/getAllArticlesOfBooking) Hybris API","parameters":[{"name":"AgentId","in":"query","description":"The requesting agency id (associated with current booking)","required":true,"style":"form","explode":true,"schema":{"type":"string"}}],"requestBody":{"content":{"application/json":{"schema":{"$ref":"#/components/schemas/AllBookingArticlesRequest"}}}},"responses":{"200":{"description":"OK","content":{"application/json":{"schema":{"$ref":"#/components/schemas/AllBookingArticlesResponse"}}}},"400":{"description":"Reporting a backend (Hybris) error","content":{"application/json":{"schema":{"$ref":"#/components/schemas/DefaultError400"}}}},"500":{"description":"Inernal (WSP) error (System error)","content":{"application/json":{"schema":{"$ref":"#/components/schemas/DefaultError500"}}}}}}},"/Cart/AddToCart":{"post":{"tags":["Cart"],"summary":"This methods is used to add articles of one product to cart or wishlist of cruise booking.","description":"Use the 'addToCart' (/cart/addToCart) Hybris API","parameters":[{"name":"AgentId","in":"query","description":"The requesting agency id (associated with current booking)","required":true,"style":"form","explode":true,"schema":{"type":"string"}}],"requestBody":{"content":{"application/json":{"schema":{"$ref":"#/components/schemas/AddToCartRequest"}}}},"responses":{"200":{"description":"OK","content":{"application/json":{"schema":{"$ref":"#/components/schemas/AddToCartResponse"}}}},"400":{"description":"Reporting a backend (Hybris) error","content":{"application/json":{"schema":{"$ref":"#/components/schemas/DefaultError400"}}}},"500":{"description":"Inernal (WSP) error (System error)","content":{"application/json":{"schema":{"$ref":"#/components/schemas/DefaultError500"}}}}}}},"/Cart/RemoveArticlesFromCart":{"post":{"tags":["Cart"],"summary":"This method could be used to remove one or more articles from cart of cruise booking.","description":"Use the 'removeArticlesFromCart' (/cart/removeArticlesFromCart) Hybris API","parameters":[{"name":"AgentId","in":"query","description":"The requesting agency id (associated with current booking)","required":true,"style":"form","explode":true,"schema":{"type":"string"}}],"requestBody":{"content":{"application/json":{"schema":{"$ref":"#/components/schemas/RemoveArticlesFromCartRequest"}}}},"responses":{"200":{"description":"OK","content":{"application/json":{"schema":{"$ref":"#/components/schemas/RemoveArticlesFromCartResponse"}}}},"400":{"description":"Reporting a backend (Hybris) error","content":{"application/json":{"schema":{"$ref":"#/components/schemas/DefaultError400"}}}},"500":{"description":"Inernal (WSP) error (System error)","content":{"application/json":{"schema":{"$ref":"#/components/schemas/DefaultError500"}}}}}}},"/Cart/ModifyArticles":{"post":{"tags":["Cart"],"summary":"This method could be used to change details of one, more than one, or all articles of a certain product/date combination for one or more than one guest of a booking.","description":"Use the 'modifyArticles' (/cart/modifyArticles) Hybris API","parameters":[{"name":"AgentId","in":"query","description":"The requesting agency id (associated with current booking)","required":true,"style":"form","explode":true,"schema":{"type":"string"}}],"requestBody":{"content":{"application/json":{"schema":{"$ref":"#/components/schemas/ModifyArticlesRequest"}}}},"responses":{"200":{"description":"OK","content":{"application/json":{"schema":{"$ref":"#/components/schemas/ModifyArticlesResponse"}}}},"400":{"description":"Reporting a backend (Hybris) error","content":{"application/json":{"schema":{"$ref":"#/components/schemas/DefaultError400"}}}},"500":{"description":"Inernal (WSP) error (System error)","content":{"application/json":{"schema":{"$ref":"#/components/schemas/DefaultError500"}}}}}}},"/Cart/Checkout":{"post":{"tags":["Cart"],"summary":"This method performs the checkout for the selected list of articles of a cruise booking.","description":"Use the 'performCheckout' (/cart/performCheckout) Hybris API","parameters":[{"name":"AgentId","in":"query","description":"The requesting agency id (associated with current booking)","required":true,"style":"form","explode":true,"schema":{"type":"string"}}],"requestBody":{"content":{"application/json":{"schema":{"$ref":"#/components/schemas/CheckoutRequest"}}}},"responses":{"200":{"description":"OK","content":{"application/json":{"schema":{"$ref":"#/components/schemas/CheckoutResponse"}}}},"400":{"description":"Reporting a backend (Hybris) error","content":{"application/json":{"schema":{"$ref":"#/components/schemas/DefaultError400"}}}},"500":{"description":"Inernal (WSP) error (System error)","content":{"application/json":{"schema":{"$ref":"#/components/schemas/DefaultError500"}}}}}}},"/Cart/CancelCheckout":{"post":{"tags":["Cart"],"summary":"This method performs the checkout for all delivered articles of a cruise booking.","description":"Use the 'performCancelCheckout' (/cart/performCancelCheckout) Hybris API","parameters":[{"name":"AgentId","in":"query","description":"The requesting agency id (associated with current booking)","required":true,"style":"form","explode":true,"schema":{"type":"string"}}],"requestBody":{"content":{"application/json":{"schema":{"$ref":"#/components/schemas/CancelCheckoutRequest"}}}},"responses":{"200":{"description":"OK","content":{"application/json":{"schema":{"$ref":"#/components/schemas/CancelCheckoutResponse"}}}},"400":{"description":"Reporting a backend (Hybris) error","content":{"application/json":{"schema":{"$ref":"#/components/schemas/DefaultError400"}}}},"500":{"description":"Inernal (WSP) error (System error)","content":{"application/json":{"schema":{"$ref":"#/components/schemas/DefaultError500"}}}}}}},"/Data/AllProductDetails":{"post":{"tags":["Data"],"summary":"This method delivers static (booking independent) attributes of all product belonging a given categories (online catalog version only).","description":"Use the 'getAllProductDetails' (/common/getAllProductDetails) Hybris API","parameters":[{"name":"AgentId","in":"query","description":"The requesting agency id (associated with current booking)","required":true,"style":"form","explode":true,"schema":{"type":"string"}}],"requestBody":{"content":{"application/json":{"schema":{"$ref":"#/components/schemas/AllProductDatailsRequest"}}}},"responses":{"200":{"description":"OK","content":{"application/json":{"schema":{"$ref":"#/components/schemas/AllProductDatailsResponse"}}}},"400":{"description":"Reporting a backend (Hybris) error","content":{"application/json":{"schema":{"$ref":"#/components/schemas/DefaultError400"}}}},"500":{"description":"Inernal (WSP) error (System error)","content":{"application/json":{"schema":{"$ref":"#/components/schemas/DefaultError500"}}}}}}}},"components":{"schemas":{"LoginRequest":{"type":"object","properties":{"ClientId":{"type":"string"},"AreaId":{"type":"string"},"BookingNumber":{"type":"string"},"FirstName":{"type":"string"},"LastName":{"type":"string"},"Market":{"type":"string"},"Channel":{"type":"string"},"EntryPoint":{"type":"string"},"UserId":{"type":"string"},"UserName":{"type":"string"},"LanguageCode":{"type":"string"}}},"LoginResponse":{"type":"object","properties":{"SessionToken":{"type":"string"},"BookingStartDate":{"type":"string","format":"yyyy-MM-dd"},"MessageCodes":{"type":"array","items":{"properties":{"Code":{"type":"string"},"Priority":{"type":"string"},"Discount":{"type":"string"},"LimitPerPaxDay":{"type":"string"},"LimitPerPaxTrip":{"type":"string"},"DedicatedVisualization":{"type":"string"},"Recommendations":{"type":"array","items":{"type":"object","properties":{"ProductCode":{"type":"string"}}}}}}},"CouponRedemptionPossible":{"type":"string","format":"fix (true | false)"},"ServiceInfo":{"$ref":"#/components/schemas/ServiceInfo"}}},"LogoutRequest":{"type":"object","properties":{"SessionToken":{"type":"string","description":"Token of a valid API session"},"LanguageCode":{"type":"string"}}},"LogoutResponse":{"type":"object","properties":{"ServiceInfo":{"$ref":"#/components/schemas/ServiceInfo"}}},"ProductSearchRequest":{"type":"object","properties":{"SessionToken":{"type":"string","description":"Token of a valid API session"},"SearchType":{"type":"string"},"Categories":{"type":"array","items":{"type":"string"}},"SearchCriteria":{"type":"array","items":{"type":"object","properties":{"SearchAttribute":{"type":"string"},"SearchValue":{"type":"string"}}}},"SortCriteria":{"type":"array","items":{"type":"object","properties":{"SortOrder":{"type":"string"},"SortAttribute":{"type":"string"}}}},"GetProductDetails":{"type":"string","format":"fix (true | false)"},"GetProductBookingDetailsOnly":{"type":"string","format":"fix (true | false)"},"GetTeaseredProductsOnly":{"type":"string","format":"fix (true | false)"},"GetDiscountedProductsOnly":{"type":"string","format":"fix (true | false)"},"PageSize":{"type":"string"},"PageOffset":{"type":"string"},"LanguageCode":{"type":"string"}}},"ProductSearchResponse":{"type":"object","properties":{"ProductCountAll":{"type":"string"},"ProductCountPage":{"type":"string"},"PageNo":{"type":"string"},"ProductData":{"type":"array","items":{"type":"object","properties":{"ProductCode":{"type":"string"},"TypeCode":{"type":"string"},"ICode":{"type":"string"},"PortCode":{"type":"string"},"Date":{"type":"string","format":"yyyy-MM-dd"},"Time":{"type":"string","format":"HH:mm[:ss]"},"SortIndex":{"type":"string"},"CategoryCodes":{"type":"array","items":{"type":"string"}},"MainCategoryCodes":{"type":"array","items":{"type":"string"}},"Classifications":{"type":"array","items":{"type":"object","properties":{"Type":{"type":"string"},"Code":{"type":"string"},"Filterable":{"type":"string","format":"fix (true | false)"}}}},"RecommendationGroupCode":{"type":"string"},"RecommendationGroupPriority":{"type":"string"},"Prices":{"type":"array","items":{"type":"object","properties":{"CurrencyCode":{"type":"string"},"PriceNotDiscounted":{"type":"string"},"Price":{"type":"string"},"PriceUserGroup":{"type":"string"},"PriceMultiple":{"type":"string","format":"fix (true | false)"},"PriceReferenceCode":{"type":"string"},"Discount":{"type":"string"},"DiscountMultiple":{"type":"string","format":"fix (true | false)"},"Duration":{"type":"string"},"DurationTotal":{"type":"string"},"PackageType":{"type":"string"},"SearchResultPresentationMode":{"type":"string"},"Bookable":{"type":"string","format":"fix (true | false)"},"BookingMessageCode":{"type":"string"},"RecommendedProduct":{"type":"string","format":"fix (true | false)"},"TopProduct":{"type":"string","format":"fix (true | false)"},"AvailableSlots":{"type":"string"},"BusinessRuleCodes":{"type":"array","items":{"type":"string"}},"UpsellProduct":{"type":"string","format":"fix (true | false)"},"BaseProductCode":{"type":"string"},"UpsellProductCodes":{"type":"array","items":{"type":"string"}},"Promotion":{"type":"string"},"FreeSlotsSubscriptionPossible":{"type":"string","format":"fix (true | false)"},"FreeSlotsSubscriptionStatus":{"type":"object","properties":{"SubscriptionId":{"type":"string"},"EmailAddress":{"type":"string"},"MinRequestedSlots":{"type":"string"},"Frequency":{"type":"string"}}}}}}}}},"SearchResultSubscriptionPossible":{"type":"string","format":"fix (true | false)"},"SearchResultSubscription":{"type":"object","properties":{"SubscriptionId":{"type":"string"},"EmailAddress":{"type":"string"},"Frequency":{"type":"string"}}},"LastUsedSubscriptionEmailAddress":{"type":"string"},"ReservationDetails":{"type":"object","properties":{"Default":{"type":"string","format":"fix (true | false)"},"ReservationDate":{"type":"string","format":"fix (true | false)"},"ReservationTime":{"type":"string","format":"fix (true | false)"},"Quantity":{"type":"string","format":"fix (true | false)"},"Location":{"type":"string","format":"fix (true | false)"},"TourGuideLanguage":{"type":"string","format":"fix (true | false)"}}},"ServiceInfo":{"$ref":"#/components/schemas/ServiceInfo"}}},"ProductDetailsRequest":{"type":"object","properties":{"SessionToken":{"type":"string","description":"Token of a valid API session"},"DisablePriceDelivery":{"type":"string","format":"fix (true | false)"},"DeliverRemarkCode":{"type":"string","format":"fix (true | false)"},"ProductData":{"type":"array","items":{"type":"object","properties":{"ProductCode":{"type":"string"},"Date":{"type":"string","format":"yyyy-MM-dd"},"Time":{"type":"string","format":"HH:mm[:ss]"}}}},"LanguageCode":{"type":"string"}}},"ProductDetailsResponse":{"type":"object","properties":{"ProductData":{"type":"array","items":{"type":"object","properties":{"ProductCode":{"type":"string"},"TypeCode":{"type":"string"},"MobileBookingAllowed":{"type":"string"},"ICode":{"type":"string"},"PortCode":{"type":"string"},"Ship":{"type":"string"},"MinAge":{"type":"string"},"MinAgeInvolved":{"type":"string"},"MaxAge":{"type":"string"},"MaxAgeInvolved":{"type":"string"},"MaxAgeInfantPrice":{"type":"string"},"MaxAgeChildPrice":{"type":"string"},"ImportantRemarks":{"type":"array","items":{"type":"string"}},"Remarks":{"type":"array","items":{"type":"string"}},"ProductAttributes":{"type":"array","items":{"type":"object","properties":{"Code":{"type":"string"},"Value":{"type":"string"},"ValueType":{"type":"string"}}}},"CategoryCodes":{"type":"array","items":{"type":"string"}},"MainCategoryCodes":{"type":"array","items":{"type":"string"}},"Classifications":{"type":"array","items":{"type":"object","properties":{"Type":{"type":"string"},"Code":{"type":"string"}}}},"Prices":{"type":"array","items":{"type":"object","properties":{"CurrencyCode":{"type":"string"},"PriceNotDiscounted":{"type":"string"},"Price":{"type":"string"},"PriceUserGroup":{"type":"string"},"PriceMultiple":{"type":"string","format":"fix (true | false)"}}}},"PriceReferenceCode":{"type":"string"},"Discount":{"type":"string"},"DiscountMultiple":{"type":"string","format":"fix (true | false)"},"DiscountMessageCode":{"type":"string"},"Duration":{"type":"string"},"DurationTotal":{"type":"string"},"MinParticipants":{"type":"string"},"MaxParticipants":{"type":"string"},"AssignmentPeriod":{"type":"string"},"PaxAssignmentType":{"type":"string"},"PaxSelectionType":{"type":"string"},"SpecialInfantHandling":{"type":"string","format":"fix (true | false)"},"Promotion":{"type":"string"},"TourGuideLanguages":{"type":"array","items":{"type":"string"}},"ForPrebooking":{"type":"string","format":"fix (true | false)"},"ForPurchase":{"type":"string","format":"fix (true | false)"},"Bookable":{"type":"string","format":"fix (true | false)"},"BookingMessage":{"type":"string"},"ServiceIntervalDisplayMode":{"type":"string"},"CruisePlannerDisplayMode":{"type":"string"},"BusinessRuleCodes":{"type":"array","items":{"type":"string"}},"Hints":{"type":"array","items":{"type":"object","properties":{"TypeCode":{"type":"string"},"TextCode":{"type":"string"},"Important":{"type":"string","format":"fix (true | false)"},"Content":{"type":"string"}}}},"CustomAttributes":{"type":"array","items":{"type":"object","properties":{"Code":{"type":"string"},"Value":{"type":"string"},"ValueType":{"type":"string"},"MinValue":{"type":"string"},"MaxValue":{"type":"string"},"MinLength":{"type":"string"},"MaxLength":{"type":"string"},"MinSelectionEntries":{"type":"string"},"MaxSelectionEntries":{"type":"string"},"Required":{"type":"string","format":"fix (true | false)"},"CheckRegex":{"type":"string"},"Reference":{"type":"string"},"SelectionValues":{"type":"array","items":{"type":"object","properties":{"SelectionCode":{"type":"string"}}}},"FreeSlotsSubscriptionPossible":{"type":"object","properties":{"SubscriptionId":{"type":"string"},"EmailAddress":{"type":"string"},"MinRequestedSlots":{"type":"string"},"Frequency":{"type":"string"},"LastUsedSubscriptionEmailAddress":{"type":"string"}}}}}},"CabinGreetingPossible":{"type":"string","format":"fix (true | false)"},"SurpriseMessagePossible":{"type":"string","format":"fix (true | false)"},"BundleContainer":{"type":"string","format":"fix (true | false)"},"OnlyAvailableAsBundle":{"type":"string","format":"fix (true | false)"},"DeliveryTypes":{"type":"array","items":{"type":"string"}},"ReservationDetails":{"$ref":"#/components/schemas/ReservationDetails"},"ProductRecommendations":{"type":"array","items":{"type":"object","properties":{"ProductCode":{"type":"string"}}}},"ContainedProducts":{"type":"array","items":{"type":"object","properties":{"BundleAssignment":{"type":"string"},"ProductCode":{"type":"string"},"TypeCode":{"type":"string"},"MobileBookingAllowed":{"type":"string","format":"fix (true | false)"},"ICode":{"type":"string"},"PortCode":{"type":"string"},"TourGuideLanguages":{"type":"array","items":{"type":"string"}},"Classifications":{"type":"array","items":{"type":"object","properties":{"Type":{"type":"string"},"Code":{"type":"string"}}}},"Prices":{"type":"array","items":{"type":"object","properties":{"CurrencyCode":{"type":"string"},"PriceNotDiscounted":{"type":"string"},"Price":{"type":"string"},"PriceUserGroup":{"type":"string"},"PriceMultiple":{"type":"string","format":"fix (true | false)"}}}},"PriceReferenceCode":{"type":"string"},"Discount":{"type":"string"},"DiscountMultiple":{"type":"string","format":"fix (true | false)"},"Duration":{"type":"string"},"DurationTotal":{"type":"string"},"CustomAttributes":{"type":"array","items":{"type":"object","properties":{"Code":{"type":"string"},"Value":{"type":"string"},"ValueType":{"type":"string"},"MinValue":{"type":"string"},"MaxValue":{"type":"string"},"MinLength":{"type":"string"},"MaxLength":{"type":"string"},"Required":{"type":"string","format":"fix (true | false)"},"CheckRegex":{"type":"string"},"Reference":{"type":"string"},"SelectionValues":{"type":"array","items":{"type":"object","properties":{"SelectionCode":{"type":"string"}}}},"ReservationDetails":{"$ref":"#/components/schemas/ReservationDetails"}}}}}}}}}},"ServiceInfo":{"$ref":"#/components/schemas/ServiceInfo"}}},"PortDateCombinationsRequest":{"type":"object","properties":{"SessionToken":{"type":"string","description":"Token of a valid API session"},"LanguageCode":{"type":"string"}}},"PortDateCombinationsResponse":{"type":"object","properties":{"PortDateCombinations":{"type":"array","items":{"type":"object","properties":{"PortCode":{"type":"string"},"Date":{"type":"string","format":"yyyy-MM-dd"},"Arrival":{"type":"string","format":"HH:mm[:ss]"},"Departure":{"type":"string","format":"HH:mm[:ss]"}}}},"ServiceInfo":{"$ref":"#/components/schemas/ServiceInfo"}}},"AvailableDaysRequest":{"type":"object","properties":{"SessionToken":{"type":"string","description":"Token of a valid API session"},"ProductCode":{"type":"string"},"LanguageCode":{"type":"string"}}},"AvailableDaysResponse":{"type":"object","properties":{"Dates":{"type":"array","items":{"type":"object","properties":{"Date":{"type":"string","format":"yyyy-MM-dd"},"Prices":{"type":"array","items":{"type":"object","properties":{"CurrencyCode":{"type":"string"},"PriceNotDiscounted":{"type":"string"},"Price":{"type":"string"},"PriceUserGroup":{"type":"string"},"PriceMultiple":{"type":"string","format":"fix (true | false)"},"Paxes":{"type":"array","items":{"type":"string"}}}}},"Discounts":{"type":"array","items":{"type":"object","properties":{"DiscountDayType":{"type":"string"},"Discount":{"type":"string"},"DiscountMultiple":{"type":"string","format":"fix (true | false)"}}}}}}},"ServiceInfo":{"$ref":"#/components/schemas/ServiceInfo"}}},"AvailableTimeSlotsRequest":{"type":"object","properties":{"SessionToken":{"type":"string","description":"Token of a valid API session"},"ProductCode":{"type":"string"},"Date":{"type":"string","format":"yyyy-MM-dd"},"LanguageCode":{"type":"string"}}},"AvailableTimeSlotsResponse":{"type":"object","properties":{"Starts":{"type":"array","items":{"type":"object","properties":{"Begin":{"type":"string","format":"yyyy-MM-dd HH:mm[:ss]"},"FlagAmPm":{"type":"string"},"FreeContingent":{"type":"string"},"FreeSlots":{"type":"string"},"Price":{"type":"array","items":{"type":"object","properties":{"CurrencyCode":{"type":"string"},"PriceNotDiscounted":{"type":"string"},"Price":{"type":"string"},"PriceUserGroup":{"type":"string"},"Paxes":{"type":"array","items":{"type":"string"}}}}},"Discount":{"type":"string"}}}},"ServiceInfo":{"$ref":"#/components/schemas/ServiceInfo"}}},"AllBookingArticlesRequest":{"type":"object","properties":{"SessionToken":{"type":"string","description":"Token of a valid API session"},"Scope":{"type":"string"},"LanguageCode":{"type":"string"}}},"AllBookingArticlesResponse":{"type":"object","properties":{"ShopItems":{"type":"array","items":{"type":"object","properties":{"ShopItem":{"type":"string"},"PaxId":{"type":"string"},"TypeCode":{"type":"string"},"ProductCode":{"type":"string"},"ICode":{"type":"string"},"Amount":{"type":"string"},"Start":{"type":"string","format":"yyyy-MM-dd"},"End":{"type":"string","format":"yyyy-MM-dd"},"CruiseId":{"type":"string"},"BasePriceNotDiscounted":{"type":"string"},"BasePrice":{"type":"string"},"Price":{"type":"string"},"CurrencyCode":{"type":"string"},"PriceReferenceCode":{"type":"string"},"Discount":{"type":"string"},"Scope":{"type":"string"},"ArticleState":{"type":"string"},"ContingentExhausted":{"type":"string","format":"fix (true | false)"},"CancelationAllowed":{"type":"string","format":"fix (true | false)"},"InvolvedPaxes":{"type":"array","items":{"type":"object","properties":{"InvolvedPaxId":{"type":"string"}}}},"IsGroupItem":{"type":"string","format":"fix (true | false)"},"IncludedItem":{"type":"string","format":"fix (true | false)"},"CheckoutNumber":{"type":"string"},"PaymentNumber":{"type":"string"},"PaymentState":{"type":"string"},"PaymentRepeatable":{"type":"string","format":"fix (true | false)"},"CruisePlannerDisplayMode":{"type":"string"},"ServiceIntervalDisplayMode":{"type":"string"},"BusinessRuleCodes":{"type":"array","items":{"type":"string"}},"BundleType":{"type":"string"},"SearchResultPresentationMode":{"type":"string"},"ArticleSource":{"type":"string"},"ReservationDate":{"type":"string","format":"yyyy-MM-dd"},"SalesChannel":{"type":"string","format":"yyyy-MM-dd"},"Upsell":{"type":"string","format":"fix (true | false)"},"UpsellItem":{"type":"string"},"BaseItem":{"type":"string"},"MessageCode":{"type":"string"},"TourGuideLanguageCode":{"type":"string"},"DeliveryType":{"type":"string"},"ContainedShopItems":{"type":"array","items":{"type":"object","properties":{"ShopItem":{"type":"string"},"PaxId":{"type":"string"},"TypeCode":{"type":"string"},"ProductCode":{"type":"string"},"ICode":{"type":"string"},"Amount":{"type":"string"},"Start":{"type":"string","format":"yyyy-MM-dd"},"End":{"type":"string","format":"yyyy-MM-dd"},"CruiseId":{"type":"string"},"BasePriceNotDiscounted":{"type":"string"},"BasePrice":{"type":"string"},"Price":{"type":"string"},"Discount":{"type":"string"},"ContingentExhausted":{"type":"string","format":"fix (true | false)"},"CruisePlannerDisplayMode":{"type":"string"},"ServiceIntervalDisplayMode":{"type":"string"},"TourGuideLanguageCode":{"type":"string"},"DeliveryType":{"type":"string"}}}}}}},"ServiceInfo":{"$ref":"#/components/schemas/ServiceInfo"}}},"AddToCartRequest":{"type":"object","properties":{"SessionToken":{"type":"string","description":"Token of a valid API session"},"TargetType":{"type":"string","format":"fix (cart | wishlist)"},"Surprise":{"type":"object","properties":{"Flag":{"type":"string","format":"fix (true| false)"},"Pin":{"type":"string"},"Message":{"type":"string"}}},"CabinGreeting":{"type":"string"},"BundledProduct":{"type":"string","format":"fix (true | false)"},"Products":{"type":"array","items":{"type":"object","properties":{"MainProduct":{"type":"string","format":"fix (true | false)"},"ProductCode":{"type":"string"},"Start":{"type":"string","format":"yyyy-MM-dd HH:mm[:ss]"},"Amount":{"type":"string"},"TourGuideLanguageCode":{"type":"string"},"DeliveryType":{"type":"string"},"Articles":{"type":"array","items":{"type":"object","properties":{"PaxId":{"type":"string"},"PaxBirthdate":{"type":"string","format":"yyyy-MM-dd"},"CustomAttributes":{"type":"array","items":{"type":"object","properties":{"Code":{"type":"string"},"Value":{"type":"string"}}}},"InvolvedPaxes":{"type":"array","items":{"type":"object","properties":{"PaxId":{"type":"string"},"Birthdate":{"type":"string","format":"yyyy-MM-dd"}}}}}}}}}}}},"AddToCartResponse":{"type":"object","properties":{"ArticlesAdded":{"type":"string"},"SumArticlesAdded":{"type":"string"},"CurrencyCode":{"type":"string"},"ProductRecommendations":{"type":"array","items":{"type":"object","properties":{"ProductCode":{"type":"string"}}}},"ServiceInfo":{"$ref":"#/components/schemas/ServiceInfo"}}},"RemoveArticlesFromCartRequest":{"type":"object","properties":{"SessionToken":{"type":"string","description":"Token of a valid API session"},"Articles":{"type":"array","items":{"type":"string"}}}},"RemoveArticlesFromCartResponse":{"type":"object","properties":{"ArticlesRemoved":{"type":"string"},"ServiceInfo":{"$ref":"#/components/schemas/ServiceInfo"}}},"ModifyArticlesRequest":{"type":"object","properties":{"SessionToken":{"type":"string","description":"Token of a valid API session"},"ProductCode":{"type":"string"},"OldStart":{"type":"string","format":"yyyy-MM-dd HH:mm[:ss]"},"NewStart":{"type":"string","format":"yyyy-MM-dd"},"NewArticles":{"type":"array","items":{"type":"object","properties":{"ShopItem":{"type":"string"},"ChangeId":{"type":"string","format":"fix (NONE | ADD | DEL | MOD)"},"TargetCode":{"type":"string","format":"fix (CHECKOUT | CART)"},"PaxId":{"type":"string"},"PaxBirthdate":{"type":"string"},"TourGuideLanguageCode":{"type":"string"},"DeliveryType":{"type":"string"},"Amount":{"type":"string"},"Surprise":{"type":"object","properties":{"Flag":{"type":"string","format":"fix (true | false)"},"Pin":{"type":"string"},"Message":{"type":"string"}}},"CabinGreeting":{"type":"string"},"CustomAttributes":{"type":"array","items":{"type":"object","properties":{"Code":{"type":"string"},"Value":{"type":"string"}}}},"InvolvedPaxes":{"type":"object","properties":{"PaxId":{"type":"string"},"Birthdate":{"type":"string","format":"yyy-MM-dd"}}},"ContainedArticles":{"type":"array","items":{"type":"object","properties":{"ProductCode":{"type":"string"},"ShopItem":{"type":"string"},"ChangeId":{"type":"string","format":"fix (NONE | ADD | DEL | MOD)"},"NewStart":{"type":"string","format":"yyyy-MM-dd HH:mm[:ss]"},"CustomAttributes":{"type":"array","items":{"type":"object","properties":{"Code":{"type":"string"},"Value":{"type":"string"}}}},"TourGuideLanguageCode":{"type":"string"},"DeliveryType":{"type":"string"}}}}}}},"Payer":{"type":"object","properties":{"PaxId":{"type":"string"},"FirstName":{"type":"string"},"LastName":{"type":"string"},"Title":{"type":"string"},"Gender":{"type":"string","format":"fix (F | M)"},"Email":{"type":"string"},"Company":{"type":"string"},"CompanyAdd":{"type":"string"},"Street":{"type":"string"},"StreetNumber":{"type":"string"},"City":{"type":"string"},"ZipCode":{"type":"string"},"CountryCode":{"type":"string"},"DirectDebitPayment":{"type":"object","properties":{"AccountHolder":{"type":"object","properties":{"FirstName":{"type":"string"},"LastName":{"type":"string"}}},"Bank":{"type":"object","properties":{"Name":{"type":"string"},"Iban":{"type":"string"},"Bic":{"type":"string"}}}}}}},"TermsConditionsAccepted":{"type":"string","format":"fix (true | false)"},"DataUsageAccepted":{"type":"string","format":"fix (true | false)"},"PromotionalMailsAgreed":{"type":"string","format":"fix (true | false)"},"ProfilationAgreed":{"type":"string","format":"fix (true | false)"},"SuccessUrl":{"type":"string"},"CancelUrl":{"type":"string"},"ErrorUrl":{"type":"string"},"LanguageCode":{"type":"string"}}},"ModifyArticlesResponse":{"type":"object","properties":{"Articles":{"type":"object","properties":{"AmountAdded":{"type":"string"},"AmountChanged":{"type":"string"},"AmountCanceled":{"type":"string"}}},"ServiceInfo":{"$ref":"#/components/schemas/ServiceInfo"}}},"CheckoutRequest":{"type":"object","properties":{"SessionToken":{"type":"string","description":"Token of a valid API session"},"CheckoutSum":{"type":"string"},"TransactionFee":{"type":"string"},"PaymentMethodCode":{"type":"string"},"TermsConditionsAccepted":{"type":"string","format":"fix (true | false)"},"DataUsageAccepted":{"type":"string","format":"fix (true | false)"},"PromotionalMailsAgreed":{"type":"string","format":"fix (true | false)"},"profilationAgreed":{"type":"string","format":"fix (true | false)"},"NewsletterOptions":{"type":"object","properties":{"AllowedByAida":{"type":"string","format":"fix (true | false)"},"AllowedByOther":{"type":"string","format":"fix (true | false)"},"NewsletterOnline":{"type":"string","format":"fix (true | false)"},"NewsletterPostal":{"type":"string","format":"fix (true | false)"}}},"UsePaxCredit":{"type":"string","format":"fix (true | false)"},"PaxCredit":{"type":"string"},"Payer":{"type":"object","properties":{"PaxId":{"type":"string"},"FirstName":{"type":"string"},"LastName":{"type":"string"},"Title":{"type":"string"},"Gender":{"type":"string","format":"fix (F | M)"},"Email":{"type":"string"},"Company":{"type":"string"},"CompanyAdd":{"type":"string"},"Street":{"type":"string"},"StreetNumber":{"type":"string"},"City":{"type":"string"},"ZipCode":{"type":"string"},"CountryCode":{"type":"string"},"DirectDebitPayment":{"type":"object","properties":{"AccountHolder":{"type":"object","properties":{"FirstNamne":{"type":"string"},"LastName":{"type":"string"}}},"BanK":{"type":"object","properties":{"Name":{"type":"string"},"Iban":{"type":"string"},"Bic":{"type":"string"}}}}}}},"ShopItems":{"type":"array","items":{"type":"object","properties":{"ShopItem":{"type":"string"}}}},"SuccessUrl":{"type":"string"},"CancelUrl":{"type":"string"},"ErrorUrl":{"type":"string"},"LanguageCode":{"type":"string"},"CurrencyCode":{"type":"string"}}},"CheckoutResponse":{"type":"object","properties":{"ArticlesBooked":{"type":"string"},"SumArticlesBooked":{"type":"string"},"CurrencyCode":{"type":"string"},"CheckoutNumber":{"type":"string"},"InvoiceNumber":{"type":"string"},"ProviderUrl":{"type":"string"},"FormMethod":{"type":"string"},"PaymentParameters":{"type":"array","items":{"type":"object","properties":{"Key":{"type":"string"},"Value":{"type":"string"}}}},"PaxCredit":{"type":"string"},"UsedPaxCreditValue":{"type":"string"},"MessageCodes":{"type":"array","items":{"type":"object","properties":{"Code":{"type":"string"},"Priority":{"type":"string"},"Discount":{"type":"string"},"LimitPerPaxDay":{"type":"string"},"LimitPerPaxTrip":{"type":"string"},"DedicatedVisualization":{"type":"string"},"Recommendations":{"type":"array","items":{"type":"object","properties":{"ProductCode":{"type":"string"}}}}}}},"ServiceInfo":{"$ref":"#/components/schemas/ServiceInfo"}}},"CancelCheckoutRequest":{"type":"object","properties":{"SessionToken":{"type":"string"},"ShopItems":{"type":"array","items":{"type":"object","properties":{"ShopItem":{"type":"string"}}}},"TermsConditionsAccepted":{"type":"string","format":"fix (true | false)"},"DataUsageAccepted":{"type":"string","format":"fix (true | false)"},"Payer":{"type":"object","properties":{"PaxId":{"type":"string"},"FirstName":{"type":"string"},"LastName":{"type":"string"},"Title":{"type":"string"},"Gender":{"type":"string","format":"fix (F | M)"},"Email":{"type":"string"},"Company":{"type":"string"},"CompanyAdd":{"type":"string"},"Street":{"type":"string"},"StreetNumber":{"type":"string"},"City":{"type":"string"},"ZipCode":{"type":"string"},"CountryCode":{"type":"string"}}},"LanguageCode":{"type":"string"}}},"CancelCheckoutResponse":{"type":"object","properties":{"ArticlesCanceled":{"type":"string"},"Checkout":{"type":"array","items":{"type":"object","properties":{"ArticlesCanceled":{"type":"string"},"SumArticlesCanceled":{"type":"string"},"PaxCreditRefunded":{"type":"string"},"CurrencyCode":{"type":"string"},"CheckoutNumber":{"type":"string"},"Invoices":{"type":"array","items":{"type":"string"}}}}},"paxCredit":{"type":"string"},"MessageCodes":{"type":"array","items":{"type":"object","properties":{"Code":{"type":"string"},"Priority":{"type":"string"},"Discount":{"type":"string"},"LimitPerPaxDay":{"type":"string"},"LimitPerPaxTrip":{"type":"string"},"DedicatedVisualization":{"type":"string"},"Recommendations":{"type":"array","items":{"type":"object","properties":{"productCode":{"type":"string"}}}}}}},"ServiceInfo":{"$ref":"#/components/schemas/ServiceInfo"}}},"MyCostaLoginRequest":{"type":"object","properties":{"BookingNumber":{"type":"string"},"FirstName":{"type":"string"},"LastName":{"type":"string"},"LanguageCode":{"type":"string"}}},"MyCostaLoginResponse":{"type":"object","properties":{"ShoppingSessionInfo":{"type":"object","properties":{"SessionToken":{"type":"string"},"BookingStartDate":{"type":"string"},"MessageCodes":{"type":"array","items":{"type":"object","properties":{"Code":{"type":"string"},"Priority":{"type":"string"},"Discount":{"type":"string"},"LimitPerPaxDay":{"type":"string"},"LimitPerPaxTrip":{"type":"string"},"DedicatedVisualization":{"type":"string"},"Recommendations":{"type":"array","items":{"type":"object","properties":{"ProductCode":{"type":"string"}}}}}}},"CouponRedemptionPossible":{"type":"string"}}},"Customer":{"type":"object","properties":{"Id":{"type":"string"},"FirstName":{"type":"string"},"LastName":{"type":"string"},"BirthDate":{"type":"string"},"BirthPlace":{"type":"string"},"Gender":{"type":"object","properties":{"Code":{"type":"string"}}},"MaritalStatus":{"type":"object","properties":{"Id":{"type":"string"}}},"Language":{"type":"object","properties":{"Id":{"type":"string"},"Code":{"type":"string"}}},"Nationality":{"type":"object","properties":{"Id":{"type":"string"},"Code":{"type":"string"}}},"Address":{"type":"object","properties":{"Street":{"type":"string"},"StreetNumber":{"type":"string"},"Building":{"type":"string"},"MinorTown":{"type":"string"},"MajorTown":{"type":"string"},"Province":{"type":"string"},"Country":{"type":"object","properties":{"Code":{"type":"string"}}},"PostCode":{"type":"string"}}},"Contact":{"type":"object","properties":{"PhoneNumber1":{"type":"string"},"PgoneNumber2":{"type":"string"},"EmailAddress":{"type":"string"},"Preferences":{"type":"object","properties":{"IsEmail":{"type":"string"},"IsPhone":{"type":"string"},"IsPost":{"type":"string"}}},"PreferredChannelId":{"type":"string"}}},"Privacy":{"type":"object","properties":{"IsTDP":{"type":"string"},"IsIM":{"type":"string"},"IsDAA":{"type":"string"}}},"Card":{"type":"object","properties":{"Number":{"type":"string"},"Loyalty":{"type":"object","properties":{"Status":{"type":"string"},"Category":{"type":"string"},"LoyaltyScore":{"type":"string"},"LoyaltyGoldExpire":{"type":"string"}}},"Vip":{"type":"string"},"VipScore":{"type":"string"},"ExpireDate":{"type":"string"}}},"Document":{"type":"object","properties":{"Type":{"type":"object","properties":{"Code":{"type":"string"}}},"Number":{"type":"string"},"ExpireDate":{"type":"string"}}},"Flag_Dato":{"type":"string"}}},"BookingInfo":{"type":"object","properties":{"SynchronizationID":{"type":"string"},"BookingNum":{"type":"string"},"BookDate":{"type":"string"},"BookTime":{"type":"string"},"CompatibilityInd":{"type":"string"},"BkgCreationChannel":{"type":"string"},"Status":{"type":"object","properties":{"Code":{"type":"string"}}},"Agency":{"type":"object","properties":{"Code":{"type":"string"},"User":{"type":"object","properties":{"Id":{"type":"string"}}},"WebCheckIn":{"type":"object","properties":{"Block":{"type":"string"},"Type":{"type":"string"}}}}},"Rate":{"type":"object","properties":{"Code":{"type":"string"},"Description":{"type":"string"},"AirPromo":{"type":"object","properties":{"AirPromoInd":{"type":"string"},"FeesInd":{"type":"string"}}}}},"Currency":{"type":"object","properties":{"Code":{"type":"string"}}},"OptionDate":{"type":"object","properties":{"ExtendInd":{"type":"string"}}},"Sailings":{"type":"array","items":{"type":"object","properties":{"Cruise":{"type":"object","properties":{"Code":{"type":"string"},"Date":{"type":"string"},"Days":{"type":"string"},"Ship":{"type":"object","properties":{"Code":{"type":"string"},"Name":{"type":"string"}}},"Itinerary":{"type":"object","properties":{"Code":{"type":"string"},"Description":{"type":"string"}}},"Destination":{"type":"object","properties":{"Code":{"type":"string"},"Description":{"type":"string"}}},"DeparturePort":{"type":"object","properties":{"Code":{"type":"string"}}},"ArrivalPort":{"type":"object","properties":{"Code":{"type":"string"}}}}},"Cabins":{"type":"array","items":{"type":"object","properties":{"Number":{"type":"string"},"Guartantee":{"type":"string"},"Category":{"type":"object","properties":{"Code":{"type":"string"},"Name":{"type":"string"},"CabinLocation":{"type":"object","properties":{"Code":{"type":"string"}}},"Status":{"type":"object","properties":{"Code":{"type":"string"}}},"AvailableInd":{"type":"string"}}},"ModifiedInd":{"type":"string"},"Occupancy":{"type":"object","properties":{"Min":{"type":"string"},"Max":{"type":"string"}}},"Dining":{"type":"object","properties":{"Restaurant":{"type":"object","properties":{"Code":{"type":"string"}}},"Seating":{"type":"object","properties":{"Code":{"type":"string"},"Description":{"type":"string"}}},"Table":{"type":"object","properties":{"Size":{"type":"string"}}},"ClubRestaurant":{"type":"string"}}},"Embarkation":{"type":"array","items":{"type":"object","properties":{"Description":{"type":"string"},"Time":{"type":"string"}}}},"Disembarkation":{"type":"array","items":{"type":"object","properties":{"Description":{"type":"string"},"Time":{"type":"string"}}}},"Status":{"type":"object","properties":{"Code":{"type":"string"}}}}}}}}},"Guests":{"type":"array","items":{"type":"object","properties":{"SeqNumber":{"type":"string"},"Age":{"type":"object","properties":{"Code":{"type":"string"},"Amount":{"type":"string"}}},"FirstName":{"type":"string"},"LastName":{"type":"string"},"BirthDate":{"type":"string"},"Total":{"type":"object","properties":{"Price":{"type":"string"},"InsuranceAmount":{"type":"string"},"OtherCharges":{"type":"string"},"TaxesAndFees":{"type":"string"},"Amount":{"type":"string"}}},"Title":{"type":"string"},"PrimaryContactInd":{"type":"string"},"Gender":{"type":"object","properties":{"Code":{"type":"string"}}},"Nationality":{"type":"object","properties":{"Code":{"type":"string"}}},"Insurance":{"type":"object","properties":{"Code":{"type":"string"},"InsuranceInd":{"type":"string"}}},"Sailings":{"type":"array","items":{"type":"object","properties":{"Cruise":{"type":"object","properties":{"Code":{"type":"string"}}},"Cabin":{"type":"object","properties":{"Number":{"type":"string"},"Position":{"type":"string"},"IsPrimary":{"type":"string"}}}}}},"Embarkation":{"type":"object","properties":{"Start":{"type":"object","properties":{"Date":{"type":"string"},"Time":{"type":"string"}}},"End":{"type":"object","properties":{"Date":{"type":"string"},"Time":{"type":"string"}}}}},"Transportations":{"type":"array","items":{"type":"object","properties":{"Type":{"type":"string"},"Direction":{"type":"string"},"StatusCode":{"type":"string"}}}},"Address":{"type":"object","properties":{"Street1":{"type":"string"},"City":{"type":"string"},"State":{"type":"object","properties":{"Code":{"type":"string"}}},"Country":{"type":"object","properties":{"Code":{"type":"string"}}},"ZipCode":{"type":"string"},"Email":{"type":"string"}}},"EmergencyContacts":{"type":"array","items":{"type":"object","properties":{"Type":{"type":"object","properties":{"Code":{"type":"string"}}},"Number":{"type":"string"},"FirstName":{"type":"string"},"LastName":{"type":"string"}}}},"RevisionControl":{"type":"object","properties":{"NameChangeInd":{"type":"string"},"TransportationChangeInd":{"type":"string"},"SpecialServiceChangeInd":{"type":"string"},"RateCodeChgInd":{"type":"string"},"PackageChangeInd":{"type":"string"}}},"Language":{"type":"object","properties":{"Code":{"type":"string"}}},"EmergencyPersonalContacts":{"type":"array","items":{"type":"object","properties":{"SeqNumber":{"type":"string"},"Number":{"type":"string"}}}}}}},"ConsumerInfo":{"type":"object","properties":{"FirstName":{"type":"string"}}},"Prices":{"type":"array","items":{"type":"object","properties":{"Type":{"type":"string"},"Code":{"type":"string"},"Description":{"type":"string"},"Amount":{"type":"string"},"ByGuests":{"type":"array","items":{"type":"object","properties":{"SeqNumber":{"type":"string"},"Amount":{"type":"string"}}}}}}},"Promos":{"type":"array","items":{"type":"object","properties":{"Code":{"type":"string"},"Sailings":{"type":"object","properties":{"Cruise":{"type":"object","properties":{"Code":{"type":"string"}}},"Cabin":{"type":"object","properties":{"Number":{"type":"string"}}}}},"Amount":{"type":"string"},"ByGuests":{"type":"array","items":{"type":"object","properties":{"SeqNumber":{"type":"string"},"Amount":{"type":"string"}}}},"Class":{"type":"object","properties":{"Code":{"type":"string"}}}}}},"CommissionInfo":{"type":"object","properties":{"CalChannel":{"type":"string"},"Commissions":{"type":"array","items":{"type":"object","properties":{"Code":{"type":"string"},"Description":{"type":"string"},"Amount":{"type":"string"},"Percentage":{"type":"string"},"GrossAmount":{"type":"string"},"ByGuests":{"type":"array","items":{"type":"object","properties":{"GrossAmount":{"type":"string"},"Percentage":{"type":"string"},"Amount":{"type":"string"},"SeqNumber":{"type":"string"}}}}}}}}},"PaymentInfo":{"type":"object","properties":{"AgencyPaymentType":{"type":"string"},"Amount":{"type":"string"},"Full":{"type":"string"},"PaymentTypes":{"type":"array","items":{"type":"object","properties":{"Code":{"type":"string"},"Description":{"type":"string"}}}},"PaymentSchedules":{"type":"array","items":{"type":"object","properties":{"Code":{"type":"string"},"Description":{"type":"string"},"DueDate":{"type":"string"},"Amount":{"type":"string"}}}}}},"AvailableIns":{"type":"array","items":{"type":"object","properties":{"Code":{"type":"string"},"Description":{"type":"string"},"ByGuests":{"type":"array","items":{"type":"object","properties":{"SeqNumber":{"type":"string"},"Amount":{"type":"string"}}}}}}},"TotalPrices":{"type":"object","properties":{"Amount":{"type":"string"},"OtherCharges":{"type":"string"},"TaxesAndFees":{"type":"string"},"TaxesAndFeesCombined":{"type":"string"}}},"DeclarationForm":{"type":"object","properties":{"Required":{"type":"string"}}},"RevisionControl":{"type":"object","properties":{"BookingChangeInd":{"type":"string"},"CruiseChangeInd":{"type":"string"},"CabinChangeInd":{"type":"string"},"CategoryChangeInd":{"type":"string"},"InsuranceChangeInd":{"type":"string"},"ReinstateInd":{"type":"string"},"GuestAddInd":{"type":"string"},"GuestCancellInd":{"type":"string"}}},"BookingDetail":{"type":"object","properties":{"PortChargeAmount":{"type":"string"},"MiscChargeAmount":{"type":"string"}}},"NetInvoice":{"type":"object","properties":{"IsAgency":{"type":"string"},"IsBooking":{"type":"string"}}},"VaxRule":{"type":"object","properties":{"Code":{"type":"string"}}}}},"ServiceInfo":{"$ref":"#/components/schemas/ServiceInfo"}}},"TicketRequest":{"type":"object","properties":{"BookingNumber":{"type":"string"}}},"TicketResponse":{"type":"object","properties":{"Tickets":{"type":"array","items":{"type":"object","properties":{"Url":{"type":"string"},"BookNumber":{"type":"string"},"CabinNumber":{"type":"string"},"CruiseId":{"type":"string"},"TicketId":{"type":"string"}}}},"ServiceInfo":{"$ref":"#/components/schemas/ServiceInfo"}}},"WebCheckInRequest":{"type":"object","properties":{"TriggerRequestXML":{"type":"string"}}},"WebCheckInResponse":{"type":"object","properties":{"ProducedDocument":{"type":"string","description":"base64Binary string that rapresent the document (pdf)"},"DocumentRequestId":{"type":"string"},"ServiceInfo":{"$ref":"#/components/schemas/ServiceInfo"}}},"AllProductDatailsRequest":{"type":"object","properties":{"ClientId":{"type":"string"},"CategoryCodes":{"type":"array","items":{"type":"string"}}}},"AllProductDatailsResponse":{"type":"object","properties":{"ProductDatas":{"type":"array","items":{"type":"object","properties":{"ProductCode":{"type":"string"},"TypeCode":{"type":"string"},"ICode":{"type":"string"},"PortCode":{"type":"string"},"MinAge":{"type":"string"},"MinAgeInvolved":{"type":"string"},"MaxAge":{"type":"string"},"MaxAgeInvolved":{"type":"string"},"MaxAgeInfantPrice":{"type":"string"},"MaxAgeChildPrice":{"type":"string"},"CategoryCodes":{"type":"array","items":{"type":"string"}},"MainCategoryCodes":{"type":"array","items":{"type":"string"}},"Classifications":{"type":"array","items":{"type":"object","properties":{"Type":{"type":"string"},"Code":{"type":"string"}}}},"Duration":{"type":"string"},"DurationTotal":{"type":"string"},"PackageType":{"type":"string"},"MinParticipants":{"type":"string"},"MaxParticipants":{"type":"string"},"AssignmentPeriod":{"type":"string"},"PaxAssignmentType":{"type":"string"},"PaxSelectionType":{"type":"string"},"UpsellProduct":{"type":"string","format":"fix (true | false)"},"Promotion":{"type":"string"},"TourGuideLanguages":{"type":"array","items":{"type":"string"}},"ForPrebooking":{"type":"string","format":"fix (true | false)"},"ForPurchase":{"type":"string","format":"fix (true | false)"},"ServiceIntervalDisplayMode":{"type":"string"},"CruisePlannerDisplayMode":{"type":"string"},"Hints":{"type":"array","items":{"type":"object","properties":{"TextCode":{"type":"string"},"Important":{"type":"string","format":"fix (true | false)"}}}},"CustomAttributes":{"type":"array","items":{"type":"object","properties":{"Code":{"type":"string"},"Value":{"type":"string"},"ValueType":{"type":"string"},"MinValue":{"type":"string"},"MaxValue":{"type":"string"},"MinLength":{"type":"string"},"MaxLength":{"type":"string"},"MinSelectionEntries":{"type":"string"},"MaxSelectionEntries":{"type":"string"},"Required":{"type":"string","format":"fix (true | false)"},"CheckRegex":{"type":"string"},"Reference":{"type":"string"},"SelectionValues":{"type":"array","items":{"type":"object","properties":{"SelectionCode":{"type":"string"}}}}}}},"BundleContainer":{"type":"string","format":"fix (true | false)"},"OnlyAvailableAsBundle":{"type":"string","format":"fix (true | false)"},"DeliveryTypes":{"type":"array","items":{"type":"string"}},"ReservationDetails":{"type":"object","properties":{"Defaults":{"type":"string","format":"fix (true | false)"},"ReservationDate":{"type":"string","format":"fix (true | false)"},"ReservationTime":{"type":"string","format":"fix (true | false)"},"Quantity":{"type":"string","format":"fix (true | false)"},"Location":{"type":"string","format":"fix (true | false)"},"TourGuideLanguage":{"type":"string","format":"fix (true | false)"}}},"ContainedProducts":{"type":"array","items":{"type":"object","properties":{"BundleAssignment":{"type":"string"},"ProductCode":{"type":"string"}}}}}}},"ServiceInfo":{"$ref":"#/components/schemas/ServiceInfo"}}},"DefaultError400":{"type":"object","properties":{"eventSource":{"type":"string","description":"TODO","example":"WSP"},"requestId":{"type":"string","description":"A GUID that indicate the current request's pipeline","example":"e2bfa904-01dc-4d5a-b688-3953acb49bf4"},"errorCode":{"type":"string","description":"Reports the backend error code","format":"[3]_{HybrisErrorCode}","example":"3_1234"},"errorDescription":{"type":"string","description":"Reports the backend error message","example":"Hybris Error Description"},"errorDetails":{"$ref":"#/components/schemas/ErrorDetails"}},"description":"Contains informations about the error"},"DefaultError500":{"type":"object","properties":{"eventSource":{"type":"string","description":"TODO","example":"WSP"},"requestId":{"type":"string","description":"A GUID that indicate the current request's pipeline","example":"e2bfa904-01dc-4d5a-b688-3953acb49bf4"},"errorCode":{"type":"string","description":"Error Code"},"errorDescription":{"type":"string","description":"Error Description"}},"description":"Contains informations about the error"},"ServiceInfo":{"type":"object","properties":{"guid":{"type":"string","description":"A GUID that indicate the current request's pipeline","example":"e2bfa904-01dc-4d5a-b688-3953acb49bf4"},"startTime":{"type":"string","description":"Request start DateTime","format":"dd-MM-yyyy hh:mm:ss:ms","example":"01-03-2022 09:49:05:019"},"endTime":{"type":"string","description":"Request end DateTime","format":"dd-MM-yyyy hh:mm:ss:ms","example":"01-03-2022 09:49:12:620"},"serverName":{"type":"string","description":"Front-end that manage the request","format":"dd-MM-yyyy hh:mm:ss:ms","example":"vglt329-wswm.costa.it"}},"description":"Contains a service informations about the request"},"ReservationDetails":{"type":"object","properties":{"Default":{"type":"string","format":"fix (true | false)"},"ReservationDate":{"type":"string","format":"fix (true | false)"},"ReservationTime":{"type":"string","format":"fix (true | false)"},"Quantity":{"type":"string","format":"fix (true | false)"},"Location":{"type":"string","format":"fix (true | false)"},"TourGuideLanguage":{"type":"string","format":"fix (true | false)"}}},"ErrorDetails":{"type":"object","properties":{"Code":{"type":"string"},"ErrorObjects":{"type":"array","items":{"type":"object","properties":{"Key":{"type":"string"},"Value":{"type":"string"}}}},"SpecificError":{"$ref":"#/components/schemas/SpecificError"}}},"SpecificError":{"type":"object","properties":{"Code":{"type":"string"},"ErrorObjects":{"type":"array","items":{"type":"object","properties":{"Key":{"type":"string"},"Value":{"type":"string"}}}}}}},"responses":{"400":{"description":"Reporting a backend (Hybris) error","content":{"application/json":{"schema":{"$ref":"#/components/schemas/DefaultError400"}}}},"500":{"description":"Inernal (WSP) error (System error)","content":{"application/json":{"schema":{"$ref":"#/components/schemas/DefaultError500"}}}}},"parameters":{"AgentIdParameter":{"name":"AgentId","in":"query","description":"The requesting agency id (associated with current booking)","required":true,"style":"form","explode":true,"schema":{"type":"string"}},"VersionParameter":{"name":"version","in":"path","description":"The APIs version.","required":true,"style":"simple","explode":false,"schema":{"minimum":1,"type":"string"}}}}}