{"openapi":"3.0.0","info":{"title":"myCareer API","description":"This is an example of using OAuth2 Application Flow in a specification to describe security to your API.","version":"1.0.0"},"servers":[{"url":"https://virtserver.swaggerhub.com/chunyenchao/myCareer/1.0.0","description":"SwaggerHub API Auto Mocking"},{"url":"https://api-develop.mycareer.iiiedu.org","description":"myCareer-develop API Auto Mocking"},{"url":"https://api.mycareer.iiiedu.org","description":"myCareer API Auto Mocking"}],"security":[{"bearerAuth":[]}],"paths":{"/api/login":{"post":{"summary":"會員登入","description":"會員登入","requestBody":{"content":{"application/json":{"schema":{"$ref":"#/components/schemas/Login"}}}},"responses":{"200":{"description":"OK"}}}},"/api/register":{"post":{"summary":"會員註冊","description":"會員註冊","requestBody":{"content":{"application/json":{"schema":{"$ref":"#/components/schemas/Register"}}}},"responses":{"200":{"description":"OK"}}}},"/api/user":{"get":{"tags":["user"],"summary":"取得使用者資訊","description":"驗證使用者登入","responses":{"200":{"description":"OK","content":{"application/json":{"schema":{"$ref":"#/components/schemas/User"}}}}}}},"/api/user/passport":{"put":{"tags":["user"],"summary":"審核使用者護照","description":"企業審核護照","requestBody":{"content":{"application/json":{"schema":{"type":"object","properties":{"email":{"type":"string","example":"test@iii.org.tw"},"passport_uuid":{"type":"string","example":"p7s03……"},"effective_date":{"type":"string","example":"2022-03-20"},"expired_date":{"type":"string","example":"2023-03-20"},"active":{"type":"boolean","example":true}}}}}},"responses":{"200":{"description":"OK"}}},"post":{"tags":["user"],"summary":"指派使用者護照","description":"企業指派護照","requestBody":{"content":{"application/json":{"schema":{"type":"object","properties":{"email":{"type":"string","example":"test@iii.org.tw"},"passport_uuid":{"type":"string","example":"p7s03……"}}}}}},"responses":{"200":{"description":"OK"}}}},"/api/user/task":{"post":{"tags":["user"],"summary":"審核使用者工作","description":"企業審核工作","requestBody":{"content":{"application/json":{"schema":{"type":"object","properties":{"email":{"type":"string","example":"test@iii.org.tw"},"task":{"$ref":"#/components/schemas/Task"}}}}}},"responses":{"200":{"description":"OK"}}}}},"components":{"schemas":{"Login":{"type":"object","properties":{"email":{"type":"string","example":""},"password":{"type":"string","example":""}}},"Register":{"type":"object","properties":{"name":{"type":"string","example":""},"email":{"type":"string","example":""},"password":{"type":"string","example":""},"password_confirmation":{"type":"string","example":""}}},"User":{"type":"object","properties":{"id":{"type":"integer","example":1},"name":{"type":"string","example":"user_name"},"nickname":{"type":"string","example":"user_nickname"},"picture_url":{"type":"string","example":"user_picture_url"},"email":{"type":"string","example":"test@iii.org.tw"}}},"Passport":{"type":"object","properties":{"uu_id":{"type":"integer"},"name":{"type":"string"}}},"Passports":{"type":"array","items":{"$ref":"#/components/schemas/Passport"}},"Task":{"type":"object","properties":{"id":{"type":"integer","example":123},"task_desc":{"type":"string","example":"找出網路、主機、終端設備之安全需求，並依據需求選擇與建置合適之資安防護設備"},"mission":{"type":"array","items":{"type":"object","properties":{"id":{"type":"integer","example":456},"mission_desc":{"type":"string","example":"應用基礎職能內涵，為業主進行資安資產盤點，提供對應資安防護建議和報告，並在專案結束時，獲得業主之認可。"},"is_pass":{"type":"boolean","example":true},"passed_org":{"type":"string","example":"財團法人資訊工業策進會"},"passed_by":{"type":"string","example":"蔡提姆"},"passed_at":{"type":"string","example":"2022-03-20"},"knowledge_labels":{"type":"array","items":{"type":"string","example":"[\"網路拓樸（Topology）\",\"網路路由（Network Routing）\"]"}},"skill_labels":{"type":"array","items":{"type":"string","example":"[\"規劃、配置防火牆\",\"規劃、配置網路型入侵偵測/防禦系統\"]"}}}}}}}},"securitySchemes":{"bearerAuth":{"type":"http","scheme":"bearer","bearerFormat":"JWT"}}}}