{"openapi":"3.0.0","info":{"title":"Clean Wagon API","description":"Description","termsOfService":"http://swagger.io/terms/","license":{"name":"Apache 2.0","url":"http://www.apache.org/licenses/LICENSE-2.0.html"},"version":"1.0.0"},"servers":[{"url":"http://ec2-16-170-167-138.eu-north-1.compute.amazonaws.com/api/v1","description":"URL"}],"tags":[{"name":"Journeys","description":"Access to journeys"},{"name":"Events","description":"Access to events."},{"name":"Images","description":"Access to images."},{"name":"Coordinates","description":"Access to coordinates"}],"paths":{"/events":{"post":{"tags":["Events"],"summary":"Add a new event","requestBody":{"content":{"multipart/form-data":{"schema":{"type":"object","properties":{"image":{"type":"string","format":"binary"},"coordinate_id":{"type":"number","example":16},"event_type":{"type":"string"}}}}}},"responses":{"201":{"description":"Created event","content":{"application/json":{"schema":{"type":"object","properties":{"coordinate_id":{"type":"number","example":13},"event_type":{"type":"string","example":"Obstacle"},"image_id":{"type":"string","example":"025e6855d102fc7b283f86c23b7b90f8"},"object_desc":{"type":"string","example":"Cat"}}}}}},"400":{"description":"Invalid input","content":{"application/json":{"schema":{"type":"object","properties":{"errorCode":{"type":"number","example":4E+2},"errorMessage":{"type":"string","example":"No image in request"}}}}}}}}},"/events/by-mowerid/{mower_id}":{"get":{"tags":["Events"],"description":"Example: /events/by-mowerid/2?limit=5","parameters":[{"name":"mower_id","in":"path","description":"The mower ID","required":true,"style":"simple","explode":false,"schema":{"minimum":1,"type":"integer"},"example":2},{"name":"limit","in":"query","description":"The maximum number of items to return","required":false,"style":"form","explode":true,"schema":{"type":"integer","default":10}}],"responses":{"200":{"description":"A list of events","content":{"application/json":{"schema":{"type":"array","items":{"$ref":"#/components/schemas/ArrayOfEvents"}}}}},"404":{"description":"If mowers do not have any events","content":{"application/json":{"schema":{"$ref":"#/components/schemas/EventsNotFound"}}}}}}},"/images/{image_id}":{"get":{"tags":["Images"],"description":"Example: /images/b41edf34e9ac5661ab06dfcaacac699d","parameters":[{"name":"image_id","in":"path","description":"The image ID","required":true,"style":"simple","explode":false,"schema":{"type":"string"},"example":"b41edf34e9ac5661ab06dfcaacac699d"}],"responses":{"200":{"description":"Returns image","content":{"image/png":{"schema":{"type":"string","format":"binary","example":"aW1hZ2U="}}}}}}}},"components":{"schemas":{"ArrayOfEvents":{"type":"object","properties":{"coordinate_id":{"type":"integer","example":16},"journey_id":{"type":"integer","example":4},"event_type":{"type":"string","example":"Obstacle"},"image_id":{"type":"string","example":"f24be689c859da1c625fa9d75b1b9904"},"object_desc":{"type":"string","example":"Cat"}}},"EventsNotFound":{"type":"object","properties":{"errorCode":{"type":"string","example":"EventsNotFound"},"results":{"type":"array","items":{"type":"object"}}}}}}}