{"openapi":"3.0.0","info":{"title":"Home API","description":"Home API Documentaion.\n","contact":{"email":"marco@test.io"},"license":{"name":"Apache 2.0","url":"http://www.apache.org/licenses/LICENSE-2.0.html"},"version":"1.0.0"},"servers":[{"url":"https://virtserver.swaggerhub.com/cloudlove/Home/1.0.0","description":"SwaggerHub API Auto Mocking"},{"url":"https://pending_azure/v2"}],"paths":{"/data-upload":{"post":{"tags":["fileUpload"],"summary":"Upload Excel Sheet","operationId":"dataUplload","requestBody":{"$ref":"#/components/requestBodies/Excel"},"responses":{"405":{"description":"Invalid input"},"201":{"description":"successful operation"}}}},"/ticket":{"get":{"tags":["ticket"],"summary":"Ge tickets filter by","operationId":"getTicketsService","responses":{"405":{"description":"Invalid input"},"200":{"description":"successful operation","content":{"application/json":{"schema":{"$ref":"#/components/schemas/Tickets"}}}}}},"post":{"tags":["ticket"],"summary":"Create ticket","operationId":"postTicketService","requestBody":{"$ref":"#/components/requestBodies/Ticket"},"responses":{"405":{"description":"Invalid input"},"201":{"description":"successful operation"}}}},"/project/{uuid}":{"get":{"tags":["projcet"],"summary":"Ge projects filter by","operationId":"getProjectService","parameters":[{"name":"uuid","in":"path","description":"ID of project","required":true,"style":"simple","explode":false,"schema":{"type":"string"}}],"responses":{"405":{"description":"Invalid input"},"200":{"description":"successful operation","content":{"application/json":{"schema":{"$ref":"#/components/schemas/Project"}}}}}},"patch":{"tags":["projcet"],"summary":"Update projet","operationId":"patchProjectService","parameters":[{"name":"uuid","in":"path","description":"ID of project","required":true,"style":"simple","explode":false,"schema":{"type":"string"}}],"requestBody":{"$ref":"#/components/requestBodies/Project"},"responses":{"405":{"description":"Invalid input"},"201":{"description":"successful operation"}}}},"/project":{"get":{"tags":["projcet"],"summary":"Get projects filter by","operationId":"getProjectsService","responses":{"405":{"description":"Invalid input"},"200":{"description":"successful operation","content":{"application/json":{"schema":{"$ref":"#/components/schemas/Projects"}}}}}}}},"components":{"schemas":{"Tickets":{"type":"array","items":{"$ref":"#/components/schemas/Ticket"}},"Projects":{"type":"array","items":{"$ref":"#/components/schemas/Project"}},"Project":{"type":"object","properties":{"type":{"type":"string"}}},"Ticket":{"type":"object","properties":{"type":{"type":"string"},"description":{"type":"string"},"created_by":{"type":"string"},"vertical":{"type":"string"},"project_id":{"type":"string"},"wbs":{"type":"string"}}}},"requestBodies":{"Project":{"content":{"application/json":{"schema":{"$ref":"#/components/schemas/Project"}}}},"Ticket":{"content":{"application/json":{"schema":{"$ref":"#/components/schemas/Ticket"}}}},"Excel":{"content":{"multipart/form-data":{"schema":{"type":"object","properties":{"file":{"type":"string","format":"binary"}}}}}}}}}