{"openapi":"3.0.0","info":{"title":"Kennel Apis","description":"This is a sample Petstore server.  You can find\nout more about Swagger at\n[specification](https://swagger.io/specification/) or on\n[irc.freenode.net, #swagger](http://swagger.io/irc/).\n","termsOfService":"http://swagger.io/terms/","contact":{"email":"turingdrive.cloud@gmail.com"},"license":{"name":"Apache 2.0","url":"http://www.apache.org/licenses/LICENSE-2.0.html"},"version":"1.0.0"},"servers":[{"url":"https://virtserver.swaggerhub.com/cloudApis/KennelApis/1.0.0","description":"SwaggerHub API Auto Mocking"},{"url":"https://petstore.swagger.io/v2"}],"tags":[{"name":"location","description":"Everything about vehicle location"},{"name":"carStatus","description":"Everything about vehicle status"},{"name":"fence","description":"about vehicle fence status"}],"paths":{"/location/{vehicleId}":{"get":{"tags":["location"],"summary":"Find location by one vehicle ID","description":"Returns latest GPS location.","operationId":"getGPSLocationById","parameters":[{"name":"vehicleId","in":"path","description":"ID of vehicle","required":true,"style":"simple","explode":false,"schema":{"type":"string","format":"string"}}],"responses":{"200":{"description":"successful operation","content":{"application/json":{"schema":{"type":"object","properties":{"{vehicleId}":{"$ref":"#/components/schemas/Location"}}}}}},"400":{"description":"Invalid vehicle ID supplied"},"404":{"description":"Vehicle not found"}},"security":[{"api_key":[]}]}},"/history/location/{vehicleId}":{"get":{"tags":["location"],"summary":"List the location history by  one vehicle ID","operationId":"getGPSLocationHistoryById","parameters":[{"name":"vehicleId","in":"path","description":"ID of vehicle","required":true,"style":"simple","explode":false,"schema":{"type":"string","format":"string"}},{"name":"startTime","in":"query","description":"start search time","required":true,"style":"form","explode":true,"schema":{"type":"string","format":"date-time"}},{"name":"endTime","in":"query","description":"end search time","required":true,"style":"form","explode":true,"schema":{"type":"string","format":"date-time"}}],"responses":{"200":{"description":"successful operation","content":{"application/json":{"schema":{"type":"object","properties":{"{vehicleId}":{"type":"array","items":{"$ref":"#/components/schemas/Location"}}}}}}}},"security":[{"api_key":[]}]}},"/status/{vehicleId}":{"get":{"tags":["carStatus"],"summary":"List vehicle status by vehicle ID","description":"list the vehicle status like ODO, velocity, throttle, brake status,  steering angle by vehicle ID","operationId":"getCarStatusById","parameters":[{"name":"vehicleId","in":"path","description":"ID of vehicle","required":true,"style":"simple","explode":false,"schema":{"type":"string","format":"string"}}],"responses":{"200":{"description":"successful operation","content":{"application/json":{"schema":{"type":"object","properties":{"{vehicleId}":{"anyOf":[{"$ref":"#/components/schemas/HuskyStatus"},{"$ref":"#/components/schemas/ShibaStatus"}]}}}}}},"400":{"description":"Invalid vehicle ID supplied"},"404":{"description":"Vehicle not found"}}}},"/history/status/{vehicleId}":{"get":{"tags":["carStatus"],"summary":"List vehicle status history by vehicle ID","description":"list the vehicle status history like ODO, velocity, throttle, brake status,  steering angle by vehicle ID","operationId":"getCarStatusHistoryById","parameters":[{"name":"vehicleId","in":"path","description":"ID of vehicle","required":true,"style":"simple","explode":false,"schema":{"type":"string","format":"string"}},{"name":"startTime","in":"query","description":"start search time","required":true,"style":"form","explode":true,"schema":{"type":"string","format":"date-time"}},{"name":"endTime","in":"query","description":"end search time","required":true,"style":"form","explode":true,"schema":{"type":"string","format":"date-time"}}],"responses":{"200":{"description":"successful operation","content":{"application/json":{"schema":{"type":"object","properties":{"{vehicleId}":{"type":"array","items":{"anyOf":[{"$ref":"#/components/schemas/HuskyStatus"},{"$ref":"#/components/schemas/ShibaStatus"}]}}}}}}},"400":{"description":"Invalid vehicle ID supplied"},"404":{"description":"Vehicle not found"}}}},"/fence/{vehicleId}":{"get":{"tags":["fence"],"summary":"List vehicle fence status by vehicle ID","description":"list the vehicle fence status by vehicle ID","operationId":"getCarFenceById","parameters":[{"name":"vehicleId","in":"path","description":"ID of vehicle","required":true,"style":"simple","explode":false,"schema":{"type":"string","format":"string"}}],"responses":{"200":{"description":"successful operation","content":{"application/json":{"schema":{"type":"object","properties":{"{vehicleId}":{"$ref":"#/components/schemas/CarFenceStatus"}}}}}},"400":{"description":"Invalid vehicle ID supplied"},"404":{"description":"Vehicle not found"}}}},"/history/fence/{vehicleId}":{"get":{"tags":["fence"],"summary":"List vehicle fence status history by vehicle ID","description":"list the vehicle fence status history by vehicle ID","operationId":"getCarFenceHistoryById","parameters":[{"name":"vehicleId","in":"path","description":"ID of vehicle","required":true,"style":"simple","explode":false,"schema":{"type":"string","format":"string"}},{"name":"startTime","in":"query","description":"start search time","required":true,"style":"form","explode":true,"schema":{"type":"string","format":"date-time"}},{"name":"endTime","in":"query","description":"end search time","required":true,"style":"form","explode":true,"schema":{"type":"string","format":"date-time"}}],"responses":{"200":{"description":"successful operation","content":{"application/json":{"schema":{"type":"object","properties":{"{vehicleId}":{"type":"array","items":{"$ref":"#/components/schemas/CarFenceStatus"}}}}}}},"400":{"description":"Invalid vehicle ID supplied"},"404":{"description":"Vehicle not found"}}}}},"components":{"schemas":{"Location":{"required":["latitude","longitude","time"],"type":"object","properties":{"time":{"type":"string","format":"date-time"},"latitude":{"type":"number","format":"float","example":23.33},"longitude":{"type":"number","format":"float","example":121.01}},"xml":{"name":"Location"}},"HuskyStatus":{"required":["ODO"],"example":{"ODO":100.1,"time":"2022-05-03T11:24:27.446+8:00","throttle":55.1,"gear":"R","break":0,"steeringAngle":178.8,"velocity":20.3,"voltage":48.3,"chargingPortStatus":0},"xml":{"name":"HuskyStatus"},"allOf":[{"$ref":"#/components/schemas/basicCarStatus"},{"type":"object","properties":{"ODO":{"maximum":999999,"minimum":0,"type":"number","format":"float"}}}]},"ShibaStatus":{"$ref":"#/components/schemas/basicCarStatus"},"basicCarStatus":{"required":["brake","chargingPortStatus","gear","steeringAngle","throttle","time","velocity","voltage"],"type":"object","properties":{"time":{"type":"string","format":"date-time"},"throttle":{"maximum":1E+2,"minimum":-1E+2,"type":"number","format":"float"},"gear":{"maxLength":1,"type":"string","format":"string","enum":["P","R","N","D"]},"brake":{"maximum":1,"minimum":0,"type":"integer","description":"brake Status","format":"int32"},"steeringAngle":{"maximum":3E+3,"minimum":-3E+3,"type":"number","format":"float"},"velocity":{"maximum":1E+2,"minimum":0,"type":"number","format":"float"},"voltage":{"maximum":8E+2,"minimum":0,"type":"number","format":"float"},"chargingPortStatus":{"maximum":1,"minimum":0,"type":"integer","format":"int32"}},"example":{"time":"2022-05-03T11:24:27.446+8:00","throttle":55.1,"gear":"R","break":0,"steeringAngle":178.8,"velocity":20.3,"voltage":48.3,"chargingPortStatus":0},"xml":{"name":"basicCarStatus"}},"CarFenceStatus":{"type":"object","properties":{"timestamp":{"type":"number","format":"int"},"fid":{"type":"array","items":{"type":"boolean"}}},"example":{"timestamp":1650895237,"fid":[1,0,0,0,0]},"xml":{"name":"CarFenceStatus"}}},"securitySchemes":{"api_key":{"type":"apiKey","name":"api_key","in":"header"}}}}