{"openapi":"3.0.0","info":{"title":"User API","description":"API to create and manage Users","contact":{"name":"Coinflip"},"license":{"name":"Proprietary to CoinFlip"},"version":"1.0.0"},"servers":[{"url":"https://user.dev.coinflip.tech","description":"API Gateway"}],"tags":[{"name":"User"}],"paths":{"/v1/users":{"get":{"tags":["User"],"summary":"Get all user","description":"Get a paginated list of users\nLambda: get-all-users","operationId":"get-v1-user","parameters":[{"name":"offset","in":"query","description":"Offset from start","required":false,"style":"form","explode":true,"schema":{"type":"integer"}},{"name":"limit","in":"query","description":"Maximum response size","required":false,"style":"form","explode":true,"schema":{"type":"integer","default":100}},{"name":"sortBy","in":"query","description":"Field name to sort by","required":false,"style":"form","explode":true,"schema":{"type":"string"}},{"name":"sortOrder","in":"query","description":"Order of sorting, ascending or descending","required":false,"style":"form","explode":true,"schema":{"type":"string","enum":["ASC","DESC"]}}],"responses":{"200":{"description":"OK","content":{"application/json":{"schema":{"type":"object","properties":{"offset":{"type":"number"},"size":{"type":"number"},"data":{"type":"array","items":{"type":"object","properties":{"id":{"type":"string","format":"uuid"},"firstName":{"type":"string"},"lastName":{"type":"string"}}}}}},"examples":{"example-1":{"value":{"offset":0,"size":0,"data":[{"id":"497f6eca-6276-4993-bfeb-53cbbbba6f08","firstName":"string","lastName":"string"}]}}}}}},"400":{"description":"Bad Request","content":{"application/json":{"schema":{"type":"array","items":{"$ref":"#/components/schemas/Error"}}}}},"401":{"description":"Unauthorized","content":{"application/json":{"schema":{"$ref":"#/components/schemas/Error"},"examples":{"example-1":{"value":{"code":"401","message":"Unauthorized"}}}}}},"500":{"description":"Internal Server Error","content":{"application/json":{"schema":{"$ref":"#/components/schemas/Error"},"examples":{"example-1":{"value":{"code":"ER-11","message":"Internal server error"}}}}}}}},"post":{"tags":["User"],"summary":"Register User","description":"API to create a new User\nLambda: create-user","operationId":"post-user-register","requestBody":{"$ref":"#/components/requestBodies/UserRequest"},"responses":{"200":{"description":"OK","content":{"application/json":{"schema":{"$ref":"#/components/schemas/User"},"examples":{"example-1":{"value":{"id":"497f6eca-6276-4993-bfeb-53cbbbba6f08","firstName":"string","lastName":"string","email":"user@example.com","phone":"string","notificationSettings":"string","phoneVerified":true,"productLimit":"string","emailVerified":true,"marketingOptIn":true,"userAgreementAccepted":true,"userAgreementCreatedOn":"2019-08-24T14:15:22Z","userAgreementVersion":"string","privacyPolicyAccepted":true,"privacyPolicyCreatedOn":"2019-08-24T14:15:22Z","privacyPolicyVersion":"string","phoneType":"string","phoneCountry":"string","streetAddress":"string","city":"string","state":"string","country":"string","zipCode":"string","kycStatus":"VALID","dateOfBirth":"2019-08-24","ssn":"string","onWatchList":true,"watchlistLastScannedOn":"2019-08-24T14:15:22Z","occupation":"string","expectedTradeVolume":0,"fundSource":"string","citizenship":"string","tranNotificationEnabled":true,"marketNotificationEnabled":true}}}}}},"400":{"description":"Bad Request","content":{"application/json":{"schema":{"type":"array","items":{"$ref":"#/components/schemas/Error"}}}}},"401":{"description":"Unauthorized","content":{"application/json":{"schema":{"$ref":"#/components/schemas/Error"},"examples":{"example-1":{"value":{"code":"401","message":"Unauthorized"}}}}}},"500":{"description":"Internal Server Error","content":{"application/json":{"schema":{"$ref":"#/components/schemas/Error"},"examples":{"example-1":{"value":{"code":"ER-11","message":"Internal server error"}}}}}}}}},"/v1/users/{userId}":{"get":{"tags":["User"],"summary":"Get User Details","description":"API to get details for given user id\nLambda: get-user-by-id","operationId":"get-user-profile","parameters":[{"name":"userId","in":"path","description":"User identifier","required":true,"style":"simple","explode":false,"schema":{"type":"string"}}],"responses":{"200":{"description":"OK","content":{"application/json":{"schema":{"$ref":"#/components/schemas/User"},"examples":{"example-1":{"value":{"id":"497f6eca-6276-4993-bfeb-53cbbbba6f08","firstName":"string","lastName":"string","email":"user@example.com","phone":"string","notificationSettings":"string","phoneVerified":true,"productLimit":"string","emailVerified":true,"marketingOptIn":true,"userAgreementAccepted":true,"userAgreementCreatedOn":"2019-08-24T14:15:22Z","userAgreementVersion":"string","privacyPolicyAccepted":true,"privacyPolicyCreatedOn":"2019-08-24T14:15:22Z","privacyPolicyVersion":"string","phoneType":"string","phoneCountry":"string","streetAddress":"string","city":"string","state":"string","country":"string","zipCode":"string","kycStatus":"VALID","dateOfBirth":"2019-08-24","ssn":"string","onWatchList":true,"watchlistLastScannedOn":"2019-08-24T14:15:22Z","occupation":"string","expectedTradeVolume":0,"fundSource":"string","citizenship":"string","tranNotificationEnabled":true,"marketNotificationEnabled":true}}}}}},"400":{"description":"Bad Request","content":{"application/json":{"schema":{"type":"array","items":{"$ref":"#/components/schemas/Error"}}}}},"401":{"description":"Unauthorized","content":{"application/json":{"schema":{"$ref":"#/components/schemas/Error"},"examples":{"example-1":{"value":{"code":"401","message":"Unauthorized"}}}}}},"500":{"description":"Internal Server Error","content":{"application/json":{"schema":{"$ref":"#/components/schemas/Error"},"examples":{"example-1":{"value":{"code":"ER-11","message":"Internal server error"}}}}}}}},"put":{"tags":["User"],"summary":"Update User","description":"API to update user details\nLambda: update-user","operationId":"put-v1-user-userId","parameters":[{"name":"userId","in":"path","description":"User identifier","required":true,"style":"simple","explode":false,"schema":{"type":"string"}}],"requestBody":{"$ref":"#/components/requestBodies/UserRequest"},"responses":{"200":{"description":"OK","content":{"application/json":{"schema":{"$ref":"#/components/schemas/User"}}}},"400":{"description":"Bad Request","content":{"application/json":{"schema":{"type":"array","items":{"$ref":"#/components/schemas/Error"}}}}},"401":{"description":"Unauthorized","content":{"application/json":{"schema":{"$ref":"#/components/schemas/Error"},"examples":{"example-1":{"value":{"code":"401","message":"Unauthorized"}}}}}},"500":{"description":"Internal Server Error","content":{"application/json":{"schema":{"$ref":"#/components/schemas/Error"},"examples":{"example-1":{"value":{"code":"ER-11","message":"Internal server error"}}}}}}}}},"/v1/users/{userId}/permissions":{"get":{"tags":["User"],"summary":"Retrieve User Permissions","description":"Retrieves all of user permissions\nLambda: get-user-permissions","operationId":"get-user-permissions","parameters":[{"name":"userId","in":"path","description":"User Identifier","required":true,"style":"simple","explode":false,"schema":{"type":"string"}}],"responses":{"200":{"description":"OK","content":{"application/json":{"schema":{"$ref":"#/components/schemas/Permission"},"examples":{"example-1":{"value":{"BUY_COINS":true,"SELL_COINS":true}}}}}},"400":{"description":"Bad Request","content":{"application/json":{"schema":{"type":"array","items":{"$ref":"#/components/schemas/Error"}}}}},"401":{"description":"Unauthorized","content":{"application/json":{"schema":{"$ref":"#/components/schemas/Error"},"examples":{"example-1":{"value":{"code":"401","message":"Unauthorized"}}}}}},"500":{"description":"Internal Server Error","content":{"application/json":{"schema":{"$ref":"#/components/schemas/Error"},"examples":{"example-1":{"value":{"code":"ER-11","message":"Internal server error"}}}}}}}}},"/v1/users/{userId}/transactions":{"get":{"tags":["User"],"summary":"User Transactions","description":"List of transactions for given user\nLambda: get-all-user-transactions","operationId":"get-user-transactions","parameters":[{"name":"userId","in":"path","description":"User Identifier","required":true,"style":"simple","explode":false,"schema":{"type":"string"}},{"name":"offset","in":"query","description":"Offset value from first transaction","required":false,"style":"form","explode":true,"schema":{"type":"number"}},{"name":"limit","in":"query","description":"Maximum number of transactions to fetch","required":false,"style":"form","explode":true,"schema":{"type":"string"}}],"responses":{"200":{"description":"Transaction response","content":{"application/json":{"schema":{"type":"object","properties":{"offset":{"type":"integer"},"size":{"type":"integer"},"data":{"type":"array","items":{"$ref":"#/components/schemas/Transaction"}}}},"examples":{"example-1":{"value":{"offset":0,"size":0,"data":[{"id":"string"}]}}}}}},"400":{"description":"Bad Request","content":{"application/json":{"schema":{"type":"array","items":{"$ref":"#/components/schemas/Error"}}}}},"401":{"description":"Unauthorized","content":{"application/json":{"schema":{"$ref":"#/components/schemas/Error"},"examples":{"example-1":{"value":{"code":"401","message":"Unauthorized"}}}}}},"500":{"description":"Internal Server Error","content":{"application/json":{"schema":{"$ref":"#/components/schemas/Error"},"examples":{"example-1":{"value":{"code":"ER-11","message":"Internal server error"}}}}}}}}},"/v1/users/{userId}/accounts":{"get":{"tags":["User"],"summary":"Get All user accounts","description":"Get all accounts associated with the user\nLambda: get-all-accounts","operationId":"get-v1-user-userId-account","parameters":[{"name":"userId","in":"path","required":true,"style":"simple","explode":false,"schema":{"type":"string"}}],"responses":{"200":{"description":"Example response","content":{"application/json":{"schema":{"type":"array","items":{"type":"object","properties":{"id":{"type":"string","format":"uuid"},"name":{"type":"string"},"type":{"type":"string","enum":["WALLET","ACH","CARD"]},"metadata":{"type":"object"}}}},"examples":{"example-1":{"value":[{"id":"497f6eca-6276-4993-bfeb-53cbbbba6f08","name":"my wallet","type":"WALLET","metadata":{"publicKey":"MIIBCgKCAQEA+xGZ/wcz9ugFpP07Nspo6U17l0YhFiFpxxU4pTk3Lifz9R3zsIsu","blockchain":"ethereum"}},{"id":"231f6eca-6276-4993-bfeb-53cbbbba6d42","name":"my card","type":"CARD","metadata":{"cardType":"VISA","lastFourDigits":3365,"expiryYear":2023,"expiryMonth":9,"cvcCheck":"pass"}},{"id":"417f6eca-6276-4993-bfeb-53cbbbba6f02","name":"Checking Account","type":"ACH","metadata":{"nickName":"Bank Of America (Checking)","routingNumber":9234,"accNumber":1145}}]}}}}},"400":{"description":"Bad Request","content":{"application/json":{"schema":{"type":"array","items":{"$ref":"#/components/schemas/Error"}}}}},"401":{"description":"Unauthorized","content":{"application/json":{"schema":{"$ref":"#/components/schemas/Error"},"examples":{"example-1":{"value":{"code":"401","message":"Unauthorized"}}}}}},"500":{"description":"Internal Server Error","content":{"application/json":{"schema":{"$ref":"#/components/schemas/Error"},"examples":{"example-1":{"value":{"code":"ER-11","message":"Internal server error"}}}}}}}}},"/v1/users/{userId}/accounts/{accountId}":{"get":{"tags":["User"],"summary":"Get Account","description":"Get account by id\nLambda: get-account-by-id","operationId":"get-v1-user-userId-account-accountId","parameters":[{"name":"userId","in":"path","required":true,"style":"simple","explode":false,"schema":{"type":"string"}},{"name":"accountId","in":"path","required":true,"style":"simple","explode":false,"schema":{"type":"string"}}],"responses":{"200":{"description":"OK","content":{"application/json":{"schema":{"type":"object","properties":{"id":{"type":"string","format":"uuid"},"name":{"type":"string"},"type":{"type":"string","enum":["WALLET","ACH","CARD"]}}},"examples":{"wallet":{"value":{"id":"497f6eca-6276-4993-bfeb-53cbbbba6f08","name":"account 1","type":"WALLET","publicKey":"MIIBCgKCAQEA+xGZ/wcz9ugFpP07Nspo6U17l0YhFiFpxxU4pTk3Lifz9R3zsIsu","blockchain":"BINANCE"}},"card":{"value":{"id":"497f6eca-6276-4993-bfeb-53cbbbba6f08","name":"account-2","type":"CARD","cardType":"VISA","lastFourDigits":3365,"expiryYear":2023,"expiryMonth":9,"cvcCheck":"pass"}},"ach":{"value":{"id":"497f6eca-6276-4993-bfeb-53cbbbba6f08","name":"account-3","nickName":"Bank Of America (Checking)","type":"ACH","routingNumber":9234,"accNumber":1145}}}}}},"400":{"description":"Bad Request","content":{"application/json":{"schema":{"type":"array","items":{"$ref":"#/components/schemas/Error"}}}}},"401":{"description":"Unauthorized","content":{"application/json":{"schema":{"$ref":"#/components/schemas/Error"},"examples":{"example-1":{"value":{"code":"401","message":"Unauthorized"}}}}}},"500":{"description":"Internal Server Error","content":{"application/json":{"schema":{"$ref":"#/components/schemas/Error"},"examples":{"example-1":{"value":{"code":"ER-11","message":"Internal server error"}}}}}}}},"delete":{"tags":["User"],"summary":"Delete Account","description":"Delete account\nLambda: delete-account-by-id","operationId":"delete-v1-user-userId-account-accountId","parameters":[{"name":"userId","in":"path","required":true,"style":"simple","explode":false,"schema":{"type":"string"}},{"name":"accountId","in":"path","required":true,"style":"simple","explode":false,"schema":{"type":"string"}}],"responses":{"204":{"description":"No Content"},"400":{"description":"Bad Request","content":{"application/json":{"schema":{"type":"array","items":{"$ref":"#/components/schemas/Error"}}}}},"401":{"description":"Unauthorized","content":{"application/json":{"schema":{"$ref":"#/components/schemas/Error"},"examples":{"example-1":{"value":{"code":"401","message":"Unauthorized"}}}}}},"500":{"description":"Internal Server Error","content":{"application/json":{"schema":{"$ref":"#/components/schemas/Error"},"examples":{"example-1":{"value":{"code":"ER-11","message":"Internal server error"}}}}}}}}},"/v1/users/{userId}/accounts/wallet":{"post":{"tags":["User"],"summary":"Create a new Account of type Wallet","description":"Create a new account of type Wallet\nLambda: create-account-wallet","operationId":"post-v1-users-userId-accounts-wallet","parameters":[{"name":"userId","in":"path","required":true,"style":"simple","explode":false,"schema":{"type":"string"}}],"requestBody":{"$ref":"#/components/requestBodies/WalletAccountRequest"},"responses":{"200":{"description":"OK","content":{"application/json":{"schema":{"$ref":"#/components/schemas/WalletAccount"},"examples":{"example-1":{"value":{"id":"497f6eca-6276-4993-bfeb-53cbbbba6f08","name":"My coinflip account","publicKey":"MIIBCgKCAQEA+xGZ/wcz9ugFpP07Nspo6U17l0YhFiFpxxU4pTk3Lifz9R3zsIsu","blockchain":"BINANCE"}}}}}},"400":{"description":"Bad Request","content":{"application/json":{"schema":{"type":"array","items":{"$ref":"#/components/schemas/Error"}}}}},"401":{"description":"Unauthorized","content":{"application/json":{"schema":{"$ref":"#/components/schemas/Error"},"examples":{"example-1":{"value":{"code":"401","message":"Unauthorized"}}}}}},"500":{"description":"Internal Server Error","content":{"application/json":{"schema":{"$ref":"#/components/schemas/Error"},"examples":{"example-1":{"value":{"code":"ER-11","message":"Internal server error"}}}}}}}}},"/v1/users/{userId}/accounts/card":{"post":{"tags":["User"],"summary":"Create a new Account of type Card","description":"Create a new Account of type Card\nLambda: create-account-card","operationId":"post-v1-users-userId-accounts-card","parameters":[{"name":"userId","in":"path","required":true,"style":"simple","explode":false,"schema":{"type":"string"}}],"requestBody":{"$ref":"#/components/requestBodies/CardAccountRequest"},"responses":{"200":{"description":"OK","content":{"application/json":{"schema":{"$ref":"#/components/schemas/CardAccount"},"examples":{"example-1":{"value":{"id":"497f6eca-6276-4993-bfeb-53cbbbba6f08","name":"string","cardType":"VISA","lastFourDigits":8463,"expiryYear":2023,"expiryMonth":9,"cvcCheck":"pass"}}}}}},"400":{"description":"Bad Request","content":{"application/json":{"schema":{"type":"array","items":{"$ref":"#/components/schemas/Error"}}}}},"401":{"description":"Unauthorized","content":{"application/json":{"schema":{"$ref":"#/components/schemas/Error"},"examples":{"example-1":{"value":{"code":"401","message":"Unauthorized"}}}}}},"500":{"description":"Internal Server Error","content":{"application/json":{"schema":{"$ref":"#/components/schemas/Error"},"examples":{"example-1":{"value":{"code":"ER-11","message":"Internal server error"}}}}}}}}},"/v1/users/{userId}/accounts/{accountId}/wallet":{"put":{"tags":["User"],"summary":"Update Wallet Account","description":"Update Wallet Account\nLambda: update-account-wallet","operationId":"put-v1-users-userId-accounts-accountId-wallet","parameters":[{"name":"userId","in":"path","required":true,"style":"simple","explode":false,"schema":{"type":"string"}},{"name":"accountId","in":"path","required":true,"style":"simple","explode":false,"schema":{"type":"string"}}],"requestBody":{"$ref":"#/components/requestBodies/WalletAccountRequest"},"responses":{"200":{"description":"OK","content":{"application/json":{"schema":{"$ref":"#/components/schemas/WalletAccount"}}}},"400":{"description":"Bad Request","content":{"application/json":{"schema":{"type":"array","items":{"$ref":"#/components/schemas/Error"}}}}},"401":{"description":"Unauthorized","content":{"application/json":{"schema":{"$ref":"#/components/schemas/Error"},"examples":{"example-1":{"value":{"code":"401","message":"Unauthorized"}}}}}},"500":{"description":"Internal Server Error","content":{"application/json":{"schema":{"$ref":"#/components/schemas/Error"},"examples":{"example-1":{"value":{"code":"ER-11","message":"Internal server error"}}}}}}}}},"/v1/users/{userId}/accounts/{accountId}/card":{"put":{"tags":["User"],"summary":"Update Card Account","description":"Update Card Account\nLambda: update-account-card","operationId":"put-v1-users-userId-accounts-accountId-card","parameters":[{"name":"userId","in":"path","required":true,"style":"simple","explode":false,"schema":{"type":"string"}},{"name":"accountId","in":"path","required":true,"style":"simple","explode":false,"schema":{"type":"string"}}],"requestBody":{"$ref":"#/components/requestBodies/CardAccountRequest"},"responses":{"200":{"description":"OK","content":{"application/json":{"schema":{"$ref":"#/components/schemas/CardAccount"}}}},"400":{"description":"Bad Request","content":{"application/json":{"schema":{"type":"array","items":{"$ref":"#/components/schemas/Error"}}}}},"401":{"description":"Unauthorized","content":{"application/json":{"schema":{"$ref":"#/components/schemas/Error"},"examples":{"example-1":{"value":{"code":"401","message":"Unauthorized"}}}}}},"500":{"description":"Internal Server Error","content":{"application/json":{"schema":{"$ref":"#/components/schemas/Error"},"examples":{"example-1":{"value":{"code":"ER-11","message":"Internal server error"}}}}}}}}}},"components":{"schemas":{"User":{"title":"User","required":["email","emailVerified","firstName","id","lastName","privacyPolicyAccepted","privacyPolicyCreatedOn","privacyPolicyVersion","termsAndConditionsAccepted","userAgreementAccepted","userAgreementCreatedOn","userAgreementVersion"],"type":"object","properties":{"id":{"type":"string","description":"Unique identifier for the given user.","format":"uuid"},"firstName":{"type":"string","description":"First Name of the Customer"},"lastName":{"type":"string","description":"Last Name of the Customer"},"email":{"type":"string","description":"Customer Email","format":"email"},"phone":{"type":"string","description":"Customer phone number"},"phoneVerified":{"type":"boolean","description":"Has the Customer verified a phone number?"},"emailVerified":{"type":"boolean","description":"Has the Customer verified an email?"},"marketingOptIn":{"type":"boolean","description":"Has the Customer opted in to receive Marketing materials?"},"userAgreementAccepted":{"type":"boolean","description":"Has the customer agreed to the CoinFlip User Agreement"},"privacyPolicyAccepted":{"type":"boolean","description":"Has the customer agreed to the Privacy Policy?"},"userAgreementCreatedOn":{"type":"string","description":"Date and time user consented to User Agreement","format":"date-time"},"privacyPolicyCreatedOn":{"type":"string","description":"Date and time user agreed to Privacy Policy","format":"date-time"},"userAgreementVersion":{"type":"string","description":"Version of User Agreement"},"privacyPolicyVersion":{"type":"string","description":"Version of the Privacy Policy"},"phoneType":{"type":"string"},"phoneCountry":{"type":"string"},"streetAddress":{"type":"string"},"city":{"type":"string"},"state":{"type":"string"},"country":{"type":"string"},"zipCode":{"type":"string"},"kycStatus":{"type":"string","description":"KYC tier of the customer","enum":["TIER1","TIER2","REJECTED","NONE"]},"dateOfBirth":{"type":"string","format":"date"},"ssn":{"type":"string"},"onWatchList":{"type":"boolean"},"watchlistLastScannedOn":{"type":"string","format":"date-time"},"occupation":{"type":"string"},"expectedTradeVolume":{"type":"string"},"fundSource":{"type":"string"},"citizenship":{"type":"string"},"tranNotificationEnabled":{"type":"boolean"},"marketNotificationEnabled":{"type":"boolean"}},"description":"","x-examples":{"example-1":{"id":"497f6eca-6276-4993-bfeb-53cbbbba6f08","firstName":"string","lastName":"string","email":"user@example.com","phone":"string","notificationSettings":"string","phoneVerified":true,"productLimit":"string","emailVerified":true,"marketingOptIn":true,"userAgreementAccepted":true,"userAgreementCreatedOn":"2019-08-24T14:15:22Z","userAgreementVersion":"string","privacyPolicyAccepted":true,"privacyPolicyCreatedOn":"2019-08-24T14:15:22Z","privacyPolicyVersion":"string","phoneType":"string","phoneCountry":"string","streetAddress":"string","city":"string","state":"string","country":"string","zipCode":"string","kycStatus":"VALID","dateOfBirth":"2019-08-24","ssn":"string","onWatchList":true,"watchlistLastScannedOn":"2019-08-24T14:15:22Z","occupation":"string","expectedTradeVolume":0,"fundSource":"string","citizenship":"string","currencyPreference":"string","languagePreference":"string","twoFactorAuthPreference":"string","favouriteMarkets":["string"],"colorPreference":"string","tranNotificationEnabled":true,"marketNotificationEnabled":true}}},"Permission":{"title":"Permission","type":"object","additionalProperties":{"type":"boolean"},"x-examples":{"example-1":{"BUY_COINS":true,"SELL_COINS":true}}},"Transaction":{"title":"Transaction","type":"object","properties":{"id":{"type":"string"}}},"WalletAccount":{"title":"WalletAccount","required":["blockchain","id","name","publicKey"],"type":"object","properties":{"id":{"type":"string","description":"Unique id of account","format":"uuid"},"name":{"type":"string","description":"Name of account"},"publicKey":{"type":"string","description":"Public key of WALLET account"},"blockchain":{"type":"string","description":"Blockchain for WALLET account"}},"x-examples":{}},"CardAccount":{"title":"CardAccount","required":["cardType","id","lastFourDigits","name"],"type":"object","properties":{"id":{"type":"string","description":"Unique id of account","format":"uuid"},"name":{"type":"string","description":"Name of account"},"cardType":{"type":"string","description":"Card type for CARD account","enum":["VISA","MASTER_CARD","AMEX"]},"lastFourDigits":{"type":"integer","description":"Last 4 digits of card number for CARD account"},"expiryYear":{"type":"integer","description":"Expiry Year"},"expiryMonth":{"type":"integer","description":"Expiry Month"},"cvcCheck":{"type":"string","description":"CVC validated"}},"x-examples":{"example-1":{"id":"497f6eca-6276-4993-bfeb-53cbbbba6f08","name":"string","cardType":"VISA","lastFourDigits":1234,"expiryYear":2023,"expiryMonth":9,"cvcCheck":"pass"}}},"Error":{"title":"Error","type":"object","properties":{"code":{"type":"string"},"message":{"type":"string"}}}},"responses":{"Transaction-Response":{"description":"Transaction response","content":{"application/json":{"schema":{"type":"object","properties":{"offset":{"type":"integer"},"size":{"type":"integer"},"data":{"type":"array","items":{"$ref":"#/components/schemas/Transaction"}}}},"examples":{"example-1":{"value":{"offset":0,"size":0,"data":[{"id":"string"}]}}}}}},"AccountListResponse":{"description":"Example response","content":{"application/json":{"schema":{"type":"array","items":{"type":"object","properties":{"id":{"type":"string","format":"uuid"},"name":{"type":"string"},"type":{"type":"string","enum":["WALLET","ACH","CARD"]},"metadata":{"type":"object"}}}},"examples":{"example-1":{"value":[{"id":"497f6eca-6276-4993-bfeb-53cbbbba6f08","name":"my wallet","type":"WALLET","metadata":{"publicKey":"MIIBCgKCAQEA+xGZ/wcz9ugFpP07Nspo6U17l0YhFiFpxxU4pTk3Lifz9R3zsIsu","blockchain":"ethereum"}},{"id":"231f6eca-6276-4993-bfeb-53cbbbba6d42","name":"my card","type":"CARD","metadata":{"cardType":"VISA","lastFourDigits":3365,"expiryYear":2023,"expiryMonth":9,"cvcCheck":"pass"}},{"id":"417f6eca-6276-4993-bfeb-53cbbbba6f02","name":"Checking Account","type":"ACH","metadata":{"nickName":"Bank Of America (Checking)","routingNumber":9234,"accNumber":1145}}]}}}}}},"requestBodies":{"UserRequest":{"content":{"application/json":{"schema":{"required":["citizenship","city","country","currencyPreference","dateOfBirth","email","expectedTradeVolume","firstName","fundSource","lastName","occupation","phone","phoneCountry","phoneType","privacyPolicyVersion","state","streetAddress","twoFactorAuthPreference","userAgreementVersion","zipCode"],"type":"object","properties":{"firstName":{"type":"string"},"lastName":{"type":"string"},"email":{"type":"string","format":"email"},"phone":{"type":"string"},"marketingOptIn":{"type":"boolean"},"userAgreementVersion":{"type":"string"},"privacyPolicyVersion":{"type":"string"},"phoneType":{"type":"string"},"phoneCountry":{"type":"string"},"streetAddress":{"type":"string"},"city":{"type":"string"},"state":{"type":"string"},"country":{"type":"string"},"zipCode":{"type":"string"},"dateOfBirth":{"type":"string","format":"date"},"ssn":{"type":"string"},"occupation":{"type":"string"},"expectedTradeVolume":{"type":"number"},"fundSource":{"type":"string"},"citizenship":{"type":"string"},"currencyPreference":{"type":"string"},"languagePreference":{"type":"string"},"twoFactorAuthPreference":{"type":"string"},"favouriteMarkets":{"type":"array","items":{"type":"string"}},"colorPreference":{"type":"string"},"tranNotificationEnabled":{"type":"boolean"},"marketNotificationEnabled":{"type":"boolean"}}},"examples":{"example-1":{"value":{"firstName":"string","lastName":"string","email":"user@example.com","phone":"string","marketingOptIn":true,"userAgreementVersion":"string","privacyPolicyVersion":"string","phoneType":"string","phoneCountry":"string","streetAddress":"string","city":"string","state":"string","country":"string","zipCode":"string","dateOfBirth":"2019-08-24","ssn":"string","occupation":"string","expectedTradeVolume":0,"fundSource":"string","citizenship":"string","currencyPreference":"string","languagePreference":"string","twoFactorAuthPreference":"string","favouriteMarkets":["string"],"colorPreference":"string","tranNotificationEnabled":true,"marketNotificationEnabled":true}}}}}},"WalletAccountRequest":{"content":{"application/json":{"schema":{"required":["blockchain","name","publicKey"],"type":"object","properties":{"name":{"type":"string","description":"Name of account"},"publicKey":{"type":"string","description":"Public key of WALLET account"},"blockchain":{"type":"string","description":"Blockchain for WALLET account"}}},"examples":{"example-1":{"value":{"name":"Wallet","publicKey":"MIIBCgKCAQEA+xGZ/wcz9ugFpP07Nspo6U17l0YhFiFpxxU4pTk3Lifz9R3zsIsu","blockchain":"BINANCE"}}}}}},"CardAccountRequest":{"content":{"application/json":{"schema":{"required":["cardNumber","cardType","expiryMonth","expiryYear","name"],"type":"object","properties":{"name":{"type":"string","description":"Name of account"},"cardType":{"type":"string","description":"Card type for CARD account","enum":["VISA","MASTER_CARD","AMEX"]},"cardNumber":{"type":"integer","description":"Credit Card Number"},"expiryYear":{"type":"integer","description":"Expiry Year"},"expiryMonth":{"type":"integer","description":"Expiry Month"}}},"examples":{"example-1":{"value":{"name":"string","cardType":"VISA","cardNumber":123408978463,"expiryYear":2023,"expiryMonth":9}}}}}}}}}