{
  "openapi": "3.0.1",
  "info": {
    "title": "Conjre OpenAPI Video",
    "description": "Client serving api to request new video",
    "version": "0.0.2"
  },
  "servers": [
    {
      "url": "https://api.conj.re"
    }
  ],
  "paths": {
    "/campaign/{clientId}": {
      "post": {
        "description": "Create new campaign",
        "parameters": [
          {
            "name": "clientId",
            "in": "path",
            "description": "UUID of Client",
            "required": true,
            "style": "simple",
            "explode": false,
            "schema": {
              "type": "string",
              "format": "uuid"
            }
          }
        ],
        "requestBody": {
          "content": {
            "application/json": {
              "schema": {
                "$ref": "#/components/schemas/campaign_clientId_body"
              }
            }
          }
        },
        "responses": {
          "202": {
            "description": "Campaign Creation",
            "content": {
              "application/json": {
                "schema": {
                  "$ref": "#/components/schemas/inline_response_202"
                },
                "examples": {
                  "campaign created": {
                    "value": "{\"campaign_id\":\"3fee754e-c0aa-48a9-bd00-a53ddf953669\"}\n"
                  }
                }
              }
            }
          },
          "400": {
            "description": "Bad Request",
            "content": {
              "application/json": {
                "schema": {
                  "$ref": "#/components/schemas/inline_response_400"
                },
                "examples": {
                  "creation error": {
                    "value": "{\"error\":\"Invalid paramters\", \"detail\": \"parameter X is invalid\"}\n"
                  }
                }
              }
            }
          },
          "404": {
            "description": "Client Not Found",
            "content": {
              "application/json": {
                "schema": {
                  "$ref": "#/components/schemas/inline_response_400"
                },
                "examples": {
                  "client not found": {
                    "value": "{\"error\":\"client not found\", \"detail\": \"client not found\"}\n"
                  }
                }
              }
            }
          }
        }
      }
    },
    "/campaign/{clientId}/status/{campaignId}": {
      "get": {
        "description": "Campaign Setup Status",
        "parameters": [
          {
            "name": "clientId",
            "in": "path",
            "description": "UUID of Client",
            "required": true,
            "style": "simple",
            "explode": false,
            "schema": {
              "type": "string",
              "format": "uuid"
            }
          },
          {
            "name": "campaignId",
            "in": "path",
            "description": "UUID of campaign",
            "required": true,
            "style": "simple",
            "explode": false,
            "schema": {
              "type": "string",
              "format": "uuid"
            }
          }
        ],
        "responses": {
          "200": {
            "description": "Status of Campaign",
            "content": {
              "application/json": {
                "schema": {
                  "$ref": "#/components/schemas/inline_response_200"
                },
                "examples": {
                  "campaign active": {
                    "value": "{\"campaign_id\": \"asdf-1234-54321-asd\", \"status\":\"active\"}\n"
                  },
                  "campaign pending": {
                    "value": "{\"campaign_id\": \"asdf-1234-54321-asd\", \"status\":\"pending\"}\n"
                  },
                  "campaign creation failed": {
                    "value": "{\"campaign_id\": \"asdf-1234-54321-asd\", \"status\":\"failed\"}\n"
                  }
                }
              }
            }
          },
          "404": {
            "description": "Campaign/Client not found",
            "content": {
              "application/json": {
                "schema": {
                  "$ref": "#/components/schemas/inline_response_400"
                },
                "examples": {
                  "campaign not found": {
                    "value": "{\"error\": \"campaign not found\", \"detail\": \"campaign not found\"}\n"
                  },
                  "client not found": {
                    "value": "{\"error\": \"client not found\", \"detail\": \"client not found\"}\n"
                  }
                }
              }
            }
          }
        }
      }
    },
    "/campaign/{clientId}/video/{campaignId}": {
      "post": {
        "summary": "API library for Conjre",
        "description": "Requests a new video to be generated",
        "parameters": [
          {
            "name": "clientId",
            "in": "path",
            "description": "UUID of Client",
            "required": true,
            "style": "simple",
            "explode": false,
            "schema": {
              "type": "string",
              "format": "uuid"
            }
          },
          {
            "name": "campaignId",
            "in": "path",
            "description": "UUID of campaign",
            "required": true,
            "style": "simple",
            "explode": false,
            "schema": {
              "type": "string",
              "format": "uuid"
            }
          }
        ],
        "requestBody": {
          "content": {
            "application/json": {
              "schema": {
                "$ref": "#/components/schemas/video_campaignId_body"
              }
            }
          }
        },
        "responses": {
          "202": {
            "description": "Accepted request to generate new video asset",
            "content": {
              "application/json": {
                "schema": {
                  "$ref": "#/components/schemas/inline_response_202_1"
                },
                "examples": {
                  "video job created": {
                    "value": "{\"video_id\": \"asdf-1234-54321-asd\", \"destination_uri\":\"s3://path/to/file.mp4\"}\n"
                  }
                }
              }
            }
          },
          "404": {
            "description": "Bad request - video not requested",
            "content": {
              "application/json": {
                "schema": {
                  "$ref": "#/components/schemas/inline_response_400"
                },
                "examples": {
                  "campaign not found": {
                    "value": "{\"error\": \"campaign not found\", \"detail\": \"campaign not found\"}\n"
                  },
                  "client not found": {
                    "value": "{\"error\": \"client not found\", \"detail\": \"client not found\"}\n"
                  }
                }
              }
            }
          }
        },
        "servers": [
          {
            "url": "https://api.conj.re"
          }
        ]
      },
      "servers": [
        {
          "url": "https://api.conj.re"
        }
      ]
    },
    "/{videoId}/status": {
      "get": {
        "description": "Status of video generation job",
        "parameters": [
          {
            "name": "videoId",
            "in": "path",
            "description": "UUID of video",
            "required": true,
            "style": "simple",
            "explode": false,
            "schema": {
              "type": "string",
              "format": "uuid"
            }
          }
        ],
        "responses": {
          "200": {
            "description": "Success request for job",
            "content": {
              "application/json": {
                "schema": {
                  "$ref": "#/components/schemas/inline_response_200_1"
                },
                "examples": {
                  "STARTED": {
                    "value": "{\"video_id\":\"3fee754e-c0aa-48a9-bd00-a53ddf953669\",\"status\":\"STARTED\",\"state\":\"STARTED\"}\n"
                  },
                  "PENDING": {
                    "value": "{\"video_id\":\"3fee754e-c0aa-48a9-bd00-a53ddf953669\",\"status\":\"PENDING\",\"state\":\"PENDING\"}\n"
                  },
                  "SUCCESS": {
                    "value": "{\"video_id\":\"3fee754e-c0aa-48a9-bd00-a53ddf953669\",\"status\":\"SUCCESS\",\"state\":\"SUCCESS\"}\n"
                  }
                }
              }
            }
          },
          "404": {
            "description": "Job does not exist",
            "content": {
              "application/json": {
                "schema": {
                  "$ref": "#/components/schemas/inline_response_404"
                },
                "examples": {
                  "not found": {
                    "value": "{\"error\":\"video not found\",\"detail\":\"video not found\"}\n"
                  }
                }
              }
            }
          }
        },
        "servers": [
          {
            "url": "https://api.conj.re"
          }
        ]
      },
      "servers": [
        {
          "url": "https://api.conj.re"
        }
      ]
    }
  },
  "components": {
    "schemas": {
      "campaignclientId_constraints_duration_cut_restrictions": {
        "type": "object",
        "properties": {
          "3s": {
            "type": "boolean"
          },
          "5s": {
            "type": "boolean"
          },
          "10s": {
            "type": "boolean"
          },
          "15s": {
            "type": "boolean"
          },
          "20s": {
            "type": "boolean"
          },
          "30s": {
            "type": "boolean"
          },
          "60s": {
            "type": "boolean"
          },
          "90s": {
            "type": "boolean"
          },
          "6_minute_skippable": {
            "type": "boolean"
          },
          "custom_seconds": {
            "type": "array",
            "items": {
              "type": "integer",
              "description": "custom durations"
            }
          }
        },
        "description": "Restricts to certain cut lengths. Default unspecified."
      },
      "campaignclientId_constraints_defined_head_selection": {
        "type": "object",
        "properties": {
          "video_uri": {
            "type": "string",
            "format": "url"
          },
          "start_timecode": {
            "type": "integer"
          },
          "stop_timecode": {
            "type": "integer"
          }
        }
      },
      "campaignclientId_constraints": {
        "type": "object",
        "properties": {
          "duration_cut_restrictions": {
            "$ref": "#/components/schemas/campaignclientId_constraints_duration_cut_restrictions"
          },
          "defined_head_selection": {
            "$ref": "#/components/schemas/campaignclientId_constraints_defined_head_selection"
          },
          "defined_tail_selection": {
            "$ref": "#/components/schemas/campaignclientId_constraints_defined_head_selection"
          }
        }
      },
      "campaign_clientId_body": {
        "required": [
          "campaign_name",
          "constraints",
          "video_assets"
        ],
        "type": "object",
        "properties": {
          "video_assets": {
            "type": "array",
            "items": {
              "type": "string",
              "format": "url"
            }
          },
          "campaign_name": {
            "type": "string"
          },
          "constraints": {
            "$ref": "#/components/schemas/campaignclientId_constraints"
          }
        }
      },
      "inline_response_202": {
        "type": "object",
        "properties": {
          "campaign_id": {
            "type": "string"
          }
        }
      },
      "inline_response_400": {
        "type": "object",
        "properties": {
          "error": {
            "type": "string"
          },
          "detail": {
            "type": "string"
          }
        }
      },
      "inline_response_200": {
        "type": "object",
        "properties": {
          "campaign_id": {
            "type": "string",
            "format": "uuid"
          },
          "status": {
            "type": "string"
          }
        }
      },
      "video_campaignId_body": {
        "required": [
          "callback_url",
          "tags"
        ],
        "type": "object",
        "properties": {
          "tags": {
            "type": "array",
            "items": {
              "type": "string"
            }
          },
          "callback_url": {
            "type": "string",
            "format": "url"
          }
        }
      },
      "inline_response_202_1": {
        "type": "object",
        "properties": {
          "video_id": {
            "type": "string",
            "format": "uuid"
          },
          "destination_uri": {
            "type": "string",
            "format": "url"
          }
        }
      },
      "inline_response_200_1": {
        "type": "object",
        "properties": {
          "calculationId": {
            "type": "string"
          },
          "state": {
            "type": "string"
          },
          "status": {
            "type": "string"
          }
        }
      },
      "inline_response_404": {
        "type": "object",
        "properties": {
          "error": {
            "type": "boolean"
          },
          "detail": {
            "type": "string"
          }
        }
      }
    }
  }
}