{"openapi":"3.0.0","info":{"title":"Connect Delivery API","description":"API для проекта Connect Delivery","contact":{"email":"nevsen@xn--l1aej.pw"},"license":{"name":"Apache 2.0","url":"http://www.apache.org/licenses/LICENSE-2.0.html"},"version":"1.0.0"},"servers":[{"url":"https://мос.pw/api","description":"Delivery API"},{"url":"https://virtserver.swaggerhub.com/Connect-Delivery/Delivery/1.0.0","description":"SwaggerHub API Auto Mocking"}],"tags":[{"name":"Auth","description":"Аутентификация в системе."},{"name":"Profile","description":"Интерфейс работы с профилем."},{"name":"Orders","description":"CRUD - интерфейс администратора для работы с заказами."},{"name":"Users","description":"CRUD - интерфейс администратора для работы с пользователями."},{"name":"Photo","description":"Интерфейс работы с аватаром."}],"paths":{"/login":{"post":{"tags":["Auth"],"summary":"Вход в систему.","description":"JWT аутентификация производится передачей\nсоответствующих параметров.\nТокен можно скопировать и использовать в запросах, в целях демонстрации.\nПросто заменив соответсвтующее поле в тестовом запросе.\n","operationId":"loginUser","requestBody":{"content":{"application/json":{"schema":{"type":"object","properties":{"email":{"type":"string","description":"Email пользователя"},"password":{"type":"string","description":"Пароль пользователя"}},"example":{"email":"admin@admin.com","password":123456789}}}}},"responses":{"200":{"description":"Успешная аутентификация и авторизация пользователя.","content":{"application/json":{"schema":{"type":"object","properties":{"id":{"type":"integer"},"name":{"type":"string"},"email":{"type":"string"},"email_verified_at":{"type":"string"},"role_id":{"type":"integer"},"user_status_id":{"type":"integer"},"coords":{"type":"string","nullable":true},"created_at":{"type":"string"},"updated_at":{"type":"string","nullable":true},"is_deleted":{"type":"integer"},"role_title":{"type":"string"},"user_status":{"type":"string"}},"example":{"message":"Success","currentUser":{"id":"1,","name":"Admin","email":"admin@admin.com","email_verified_at":"2022-03-30T19:23:41.000000Z","role_id":2,"user_status_id":2,"created_at":"2022-03-30T19:23:41.000000Z","is_deleted":0,"role_title":"admin","user_status":"Online"},"auth-token":"ID|HASHTOKEN"}}}}},"403":{"description":"Недействительные учетные данные.","content":{"application/json":{"schema":{"type":"object","properties":{"message":{"type":"string"}}},"example":{"message":"Invalid credentials"}}}}}}},"/logout":{"post":{"tags":["Auth"],"summary":"Выход из системы.","description":"Выход из системы производится передачей JWT-токена в запросе.\n","operationId":"logoutUser","parameters":[{"name":"auth-token","in":"query","description":"JWT-токен аутентифицированного пользователя.","required":true,"style":"form","explode":true,"schema":{"type":"string","example":"ID|HASHEDTOKEN"}}],"requestBody":{"content":{"application/json":{"schema":{"type":"object","properties":{"auth-token":{"type":"string"}},"example":{"auth-token":"ID|HASHEDTOKEN"}}}}},"responses":{"200":{"description":"Успешный выход из системы","content":{"application/json":{"schema":{"type":"object","properties":{"message":{"type":"string"}},"example":{"message":"Success"}}}}},"401":{"description":"Недействительные учетные данные (токен отсутствует).","content":{"application/json":{"schema":{"type":"object","properties":{"message":{"type":"string"}}},"example":{"message":"Invalid credentials"}}}}}}},"/register":{"post":{"tags":["Auth"],"summary":"Регистрация нового пользователя.","description":"Регистрация нового пользователя в системе.\n","operationId":"registerUser","parameters":[{"name":"name","in":"query","description":"Имя пользоватля.","required":true,"style":"form","explode":true,"schema":{"type":"string","example":"John"}},{"name":"email","in":"query","description":"E-mail пользователя.","required":true,"style":"form","explode":true,"schema":{"type":"string","example":"johndoe@gmail.com"}},{"name":"password","in":"query","description":"Пароль пользователя.","required":true,"style":"form","explode":true,"schema":{"type":"string","example":"123456789"}}],"requestBody":{"content":{"application/json":{"schema":{"type":"object","properties":{"name":{"type":"string"},"email":{"type":"string"},"password":{"type":"string"}},"example":{"name":"John Doe","email":"johndoe@gmail.com","password":"123456789"}}}}},"responses":{"201":{"description":"Успешное создание пользователя.","content":{"application/json":{"schema":{"type":"object","properties":{"id":{"type":"integer"},"name":{"type":"string"},"email":{"type":"string"},"role_id":{"type":"integer"},"user_status_id":{"type":"integer"},"coords":{"type":"string","nullable":true},"created_at":{"type":"string"},"updated_at":{"type":"string","nullable":true},"is_deleted":{"type":"integer"},"role_title":{"type":"string"},"user_status":{"type":"string"}},"example":{"message":"Success","currentUser":{"id":"1,","name":"John Doe","email":"johndoe@gmail.com","role_id":1,"user_status_id":1,"created_at":"2022-03-30T19:23:41.000000Z","is_deleted":0,"role_title":"courier","user_status":"Offline"}}}}}},"401":{"description":"Недействительные учетные данные.","content":{"application/json":{"schema":{"type":"object","properties":{"message":{"type":"string"}}},"example":{"message":"Invalid credentials"}}}}}}},"/profile":{"get":{"tags":["Profile"],"summary":"Профиль текущего пользователя.","description":"Получение профиля текущего пользователя производится\nпередачей JWT-токена в запросе.\n","operationId":"currentUserProfile","parameters":[{"name":"X-Requested-With","in":"header","required":true,"style":"simple","explode":false,"schema":{"type":"string","default":"XMLHttpRequest"}},{"name":"auth-token","in":"query","description":"JWT-токен аутентифицированного пользователя.","required":true,"style":"form","explode":true,"schema":{"type":"string","example":"ID|HASHEDTOKEN"}}],"responses":{"200":{"description":"Профиль текущего пользователя.","content":{"application/json":{"schema":{"type":"object","properties":{"id":{"type":"integer"},"name":{"type":"string"},"email":{"type":"string"},"email_verified_at":{"type":"string"},"role_id":{"type":"integer"},"user_status_id":{"type":"integer"},"coords":{"type":"string","nullable":true},"created_at":{"type":"string"},"updated_at":{"type":"string","nullable":true},"is_deleted":{"type":"integer"},"role_title":{"type":"string"},"user_status":{"type":"string"}},"example":{"id":1,"name":"Admin","email":"admin@admin.com","email_verified_at":"2022-03-30T19:23:41.000000Z","role_id":2,"user_status_id":2,"created_at":"2022-03-30T19:23:41.000000Z","is_deleted":0,"role_title":"admin","user_status":"Online"}}}}},"401":{"description":"Недействительные учетные данные (токен отсутствует).","content":{"application/json":{"schema":{"type":"object","properties":{"message":{"type":"string"}}},"example":{"message":"Invalid credentials"}}}}}}},"/profile/update":{"put":{"tags":["Profile"],"summary":"Изменение профиля текущего пользователя.","description":"Изменение данных пользователя производится предоставлением токена аутентификации, а также соответствующих данных к изменению.\n","operationId":"updateCurrentUserProfile","parameters":[{"name":"X-Requested-With","in":"header","required":true,"style":"simple","explode":false,"schema":{"type":"string","default":"XMLHttpRequest"}},{"name":"auth-token","in":"query","description":"JWT-токен аутентифицированного пользователя.","required":true,"style":"form","explode":true,"schema":{"type":"string","example":"ID|HASHEDTOKEN"}}],"requestBody":{"content":{"application/json":{"schema":{"type":"object","properties":{"auth-token":{"type":"string"},"data":{"properties":{"name":{"type":"string","nullable":false},"city":{"type":"string","nullable":true},"phone":{"type":"string","nullable":true},"date_of_birth":{"type":"string","nullable":true}}}},"example":{"auth-token":"ID|HASHEDTOKEN","data":{"name":"Иван Иванов","city":"Самара","phone":"+7 999 888 77 66"}}}}}},"responses":{"200":{"description":"Обновлённый профиль пользователя.","content":{"application/json":{"schema":{"type":"object","properties":{"message":{"type":"string"},"updatedUser":{"type":"object","properties":{"id":{"type":"integer"},"name":{"type":"string"},"email":{"type":"string"},"email_verified_at":{"type":"string"},"role_id":{"type":"integer"},"user_status_id":{"type":"integer"},"coords":{"type":"string","nullable":true},"created_at":{"type":"string"},"updated_at":{"type":"string","nullable":true},"is_deleted":{"type":"integer","default":0},"role_title":{"type":"string"},"user_status":{"type":"string"},"city":{"type":"string","nullable":true},"phone":{"type":"string","nullable":true},"date_of_birth":{"type":"string","nullable":true}}}},"example":{"message":"User updated","updatedUser":{"id":1,"name":"John Doe","email":"egor.avdeev@example.com","email_verified_at":"2022-03-31T17:52:15.000000Z","role_id":1,"user_status_id":3,"coords":"55.9,37.9","created_at":"2022-03-30T19:23:41.000000Z","updated_at":"2022-04-09T00:00:08.000000Z","is_deleted":0,"role_title":"courier","user_status":"Busy","city":"Белгород","date_of_birth":"1992-08-23"}}}}}},"401":{"description":"Недействительные учетные данные (токен отсутствует).","content":{"application/json":{"schema":{"type":"object","properties":{"message":{"type":"string"}}},"example":{"message":"Invalid credentials"}}}}}}},"/uploadPhoto":{"post":{"tags":["Photo"],"summary":"Загрузить новое изображение.","description":"Загрузка нового изображения пользователя.","operationId":"uploadPhoto","parameters":[{"name":"X-Requested-With","in":"header","required":true,"style":"simple","explode":false,"schema":{"type":"string","default":"XMLHttpRequest"}}],"requestBody":{"content":{"multipart/form-data":{"schema":{"type":"object","properties":{"auth-token":{"type":"string","description":"JWT-токен аутентифицированного пользователя.","format":"ID|HASHEDTOKEN"},"profilePhoto":{"type":"string","format":"binary"}}},"encoding":{"profilePhoto":{"contentType":"image/png, image/jpeg, image/jpg","style":"form"}}}}},"responses":{"200":{"description":"Заказ изменён.","content":{"application/json":{"schema":{"type":"object","properties":{"message":{"type":"string"}}},"example":{"message":"File uploaded"}}}},"401":{"description":"Недействительные учетные данные (токен отсутствует).","content":{"application/json":{"schema":{"type":"object","properties":{"message":{"type":"string"}}},"example":{"message":"Invalid credentials"}}}},"409":{"description":"Недействительный формат изображения.","content":{"application/json":{"schema":{"type":"object","properties":{"errors":{"type":"object","properties":{"profilePhoto":{"type":"string"}}}}},"example":{"errors":{"profilePhoto":"File type must be: png, jpg, jpeg, gif"}}}}}}}},"/admin/orders":{"get":{"tags":["Orders"],"summary":"Получить список всех заказов.","description":"Для получения списка всех заказов, необходимо быть авторизованным пользователем - администратором.\nПолучение производится предоставлением токена аутентификации.\n","operationId":"getAllOrders","parameters":[{"name":"X-Requested-With","in":"header","required":true,"style":"simple","explode":false,"schema":{"type":"string","default":"XMLHttpRequest"}},{"name":"auth-token","in":"query","description":"JWT-токен аутентифицированного пользователя.","required":true,"style":"form","explode":true,"schema":{"type":"string","example":"ID|HASHEDTOKEN"}}],"responses":{"200":{"description":"Список заказов","content":{"application/json":{"schema":{"type":"array","items":{"$ref":"#/components/schemas/Orders"}}}}},"401":{"description":"Недействительные учетные данные (токен отсутствует).","content":{"application/json":{"schema":{"type":"object","properties":{"message":{"type":"string"}}},"example":{"message":"Invalid credentials"}}}}}},"post":{"tags":["Orders"],"summary":"Создать новый заказ.","description":"Добавление нового заказа в таблицу.","operationId":"addNewOrder","parameters":[{"name":"X-Requested-With","in":"header","required":true,"style":"simple","explode":false,"schema":{"type":"string","default":"XMLHttpRequest"}},{"name":"auth-token","in":"query","description":"JWT-токен аутентифицированного пользователя.","required":true,"style":"form","explode":true,"schema":{"type":"string","example":"ID|HASHEDTOKEN"}}],"requestBody":{"description":"Пример запроса для добавления нового заказа.","content":{"application/json":{"schema":{"type":"object","properties":{"auth-token":{"type":"string"},"data":{"properties":{"name":{"type":"string"},"address":{"type":"string"},"comment":{"type":"string"},"delivery_date":{"type":"string"}}}},"example":{"auth-token":"ID|HASHEDTOKEN","data":{"name":"Диван","address":"Дмитров, бульвар Сталина, 70","comment":"Доставить к 17.00","delivery_date":"2022-05-08"}}}}}},"responses":{"200":{"description":"Заказ изменён.","content":{"application/json":{"schema":{"type":"object","properties":{"id":{"type":"integer"},"name":{"type":"string"},"address":{"type":"string"},"comment":{"type":"string"},"delivery_date":{"type":"string"},"order_status_id":{"type":"integer"},"user_id":{"type":"integer","nullable":true},"created_at":{"type":"string"},"updated_at":{"type":"string","nullable":true},"courier_name":{"type":"string","nullable":true},"status":{"type":"string"}},"example":{"message":"Order created","newOrder":{"id":1,"name":"Диван","address":"Сергиев Посад, ул. Сталина, 87","comment":"Позвонить","delivery_date":"2022-09-15","order_status_id":1,"created_at":"2022-03-30T19:23:41.000000Z","status":"В обработке"}}}}}},"400":{"description":"Ошибки валидации.","content":{"application/json":{"schema":{"type":"object","properties":{"message":{"type":"string"}}},"example":{"message":"Errors"}}}},"401":{"description":"Недействительные учетные данные (токен отсутствует).","content":{"application/json":{"schema":{"type":"object","properties":{"message":{"type":"string"}}},"example":{"message":"Invalid credentials"}}}}}}},"/admin/orders/{order}":{"get":{"tags":["Orders"],"summary":"Получить конкретный заказ.","description":"Для получения конкретного заказа, необходимо быть авторизованным пользователем - администратором.\nПолучение производится предоставлением токена аутентификации.\nА также идентификатора заказа в строке URL.\n","operationId":"getOneOrder","parameters":[{"name":"X-Requested-With","in":"header","required":true,"style":"simple","explode":false,"schema":{"type":"string","default":"XMLHttpRequest"}},{"name":"order","in":"path","description":"Идентификатор заказа.","required":true,"style":"simple","explode":false,"schema":{"type":"integer","example":1}},{"name":"auth-token","in":"query","description":"JWT-токен аутентифицированного пользователя.","required":true,"style":"form","explode":true,"schema":{"type":"string","example":"ID|HASHEDTOKEN"}}],"responses":{"200":{"description":"Конкретный заказ.","content":{"application/json":{"schema":{"type":"object","properties":{"data":{"properties":{"id":{"type":"integer"},"name":{"type":"string"},"address":{"type":"string"},"comment":{"type":"string"},"delivery_date":{"type":"string"},"order_status_id":{"type":"integer"},"user_id":{"type":"integer","nullable":true},"created_at":{"type":"string"},"updated_at":{"type":"string","nullable":true},"courier_name":{"type":"string","nullable":true},"status":{"type":"string"}},"example":{"id":1,"name":"Диван","address":"Сергиев Посад, ул. Сталина, 87","comment":"Позвонить","delivery_date":"2022-09-15","order_status_id":1,"created_at":"2022-03-30T19:23:41.000000Z","status":"В обработке"}}}}}}},"401":{"description":"Недействительные учетные данные (токен отсутствует).","content":{"application/json":{"schema":{"type":"object","properties":{"message":{"type":"string"}}},"example":{"message":"Invalid credentials"}}}},"404":{"description":"Заказ не найден.","content":{"application/json":{"schema":{"type":"object","properties":{"message":{"type":"string"}}},"example":{"message":"Errors"}}}}}},"put":{"tags":["Orders"],"summary":"Изменить данные заказа.","description":"Для изменения, необходимо быть авторизованным пользователем - администратором.\nИзменение заказа производится предоставлением токена аутентификации, соответствующих данных к изменению.\nА также идентификатора заказа в строке URL.\n","operationId":"updateOrder","parameters":[{"name":"X-Requested-With","in":"header","required":true,"style":"simple","explode":false,"schema":{"type":"string","default":"XMLHttpRequest"}},{"name":"order","in":"path","description":"Идентификатор заказа.","required":true,"style":"simple","explode":false,"schema":{"type":"integer","example":1}},{"name":"auth-token","in":"query","description":"JWT-токен аутентифицированного пользователя.","required":true,"style":"form","explode":true,"schema":{"type":"string","example":"ID|HASHEDTOKEN"}}],"requestBody":{"content":{"application/json":{"schema":{"type":"object","properties":{"auth-token":{"type":"string"},"data":{"properties":{"name":{"type":"string","nullable":false},"address":{"type":"string","nullable":false},"comment":{"type":"string","nullable":true},"delivery_date":{"type":"string","nullable":false},"user_id":{"type":"integer","format":"unsigned","nullable":true},"order_status_id":{"type":"integer","format":"unsigned","nullable":false}}}},"example":{"auth-token":"ID|HASHEDTOKEN","data":{"name":"Диван","address":"Сергиев Посад, ул. Сталина, 87","comment":"Позвонить"}}}}}},"responses":{"200":{"description":"Заказ изменён.","content":{"application/json":{"schema":{"type":"object","properties":{"id":{"type":"integer"},"name":{"type":"string"},"address":{"type":"string"},"comment":{"type":"string"},"delivery_date":{"type":"string"},"order_status_id":{"type":"integer"},"user_id":{"type":"integer","nullable":true},"created_at":{"type":"string"},"updated_at":{"type":"string","nullable":true},"courier_name":{"type":"string","nullable":true},"status":{"type":"string"}},"example":{"message":"Success","updatedOrder":{"id":1,"name":"Диван","address":"Сергиев Посад, ул. Сталина, 87","comment":"Позвонить","delivery_date":"2022-09-15","order_status_id":1,"created_at":"2022-03-30T19:23:41.000000Z","status":"В обработке"}}}}}},"401":{"description":"Недействительные учетные данные (токен отсутствует).","content":{"application/json":{"schema":{"type":"object","properties":{"message":{"type":"string"}}},"example":{"message":"Invalid credentials"}}}},"404":{"description":"Заказ не найден.","content":{"application/json":{"schema":{"type":"object","properties":{"message":{"type":"string"}}},"example":{"message":"Errors"}}}}}},"delete":{"tags":["Orders"],"summary":"Удалить заказ.","description":"Для удаления, необходимо быть авторизованным пользователем - администратором.\nУдаление заказа производится предоставлением токена аутентификации.\nА также идентификатора заказа в строке URL.\n","operationId":"deleteOrder","parameters":[{"name":"X-Requested-With","in":"header","required":true,"style":"simple","explode":false,"schema":{"type":"string","default":"XMLHttpRequest"}},{"name":"order","in":"path","description":"Идентификатор заказа.","required":true,"style":"simple","explode":false,"schema":{"type":"integer","example":1}},{"name":"auth-token","in":"query","description":"JWT-токен аутентифицированного пользователя.","required":true,"style":"form","explode":true,"schema":{"type":"string","example":"ID|HASHEDTOKEN"}}],"responses":{"200":{"description":"Заказ удалён.","content":{"application/json":{"schema":{"type":"object","properties":{"message":{"type":"string"}}},"example":{"message":"Success"}}}},"401":{"description":"Недействительные учетные данные (токен отсутствует).","content":{"application/json":{"schema":{"type":"object","properties":{"message":{"type":"string"}}},"example":{"message":"Invalid credentials"}}}},"404":{"description":"Заказ не найден.","content":{"application/json":{"schema":{"type":"object","properties":{"message":{"type":"string"}}},"example":{"message":"Errors"}}}}}}},"/admin/users":{"get":{"tags":["Users"],"summary":"Получить список всех пользователей.","description":"Для получения списка всех пользователей (курьеров), необходимо быть авторизованным пользователем - администратором.\nПолучение производится предоставлением токена аутентификации.\n","operationId":"getAllUsers","parameters":[{"name":"X-Requested-With","in":"header","required":true,"style":"simple","explode":false,"schema":{"type":"string","default":"XMLHttpRequest"}},{"name":"auth-token","in":"query","description":"JWT-токен аутентифицированного пользователя.","required":true,"style":"form","explode":true,"schema":{"type":"string","example":"ID|HASHEDTOKEN"}}],"responses":{"200":{"description":"Список заказов приходит в массиве \"data\"","content":{"application/json":{"schema":{"type":"array","items":{"oneOf":[{"$ref":"#/components/schemas/Users"},{"$ref":"#/components/schemas/Users"}]}}}}},"401":{"description":"Недействительные учетные данные (токен отсутствует).","content":{"application/json":{"schema":{"type":"object","properties":{"message":{"type":"string"}}},"example":{"message":"Invalid credentials"}}}}}}},"/admin/users/{user}":{"get":{"tags":["Users"],"summary":"Получить конкретного пользователя.","description":"Для получения конкретного пользователя, необходимо быть авторизованным пользователем - администратором.\nПолучение производится предоставлением токена аутентификации.\nА также идентификатора пользователя в строке URL.\n","operationId":"getOneUser","parameters":[{"name":"X-Requested-With","in":"header","required":true,"style":"simple","explode":false,"schema":{"type":"string","default":"XMLHttpRequest"}},{"name":"user","in":"path","description":"Идентификатор пользователя.","required":true,"style":"simple","explode":false,"schema":{"type":"integer","example":1}},{"name":"auth-token","in":"query","description":"JWT-токен аутентифицированного пользователя.","required":true,"style":"form","explode":true,"schema":{"type":"string","example":"ID|HASHEDTOKEN"}}],"responses":{"200":{"description":"Конкретный пользователь.","content":{"application/json":{"schema":{"type":"object","properties":{"data":{"properties":{"id":{"type":"integer"},"name":{"type":"string","nullable":false},"email":{"type":"string","nullable":false},"email_verified_at":{"type":"string","nullable":false},"role_id":{"type":"integer","nullable":false,"default":1},"user_status_id":{"type":"integer","nullable":false,"default":1},"created_at":{"type":"string"},"updated_at":{"type":"string","nullable":true},"role_title":{"type":"string","nullable":false},"user_status":{"type":"string","nullable":false}},"example":{"id":1,"name":"John Doe","email":"hmelnikova@example.org","role_id":1,"user_status_id":2,"created_at":"2022-03-30T19:23:41.000000Z","role_title":"courier","user_status":"Online"}}}}}}},"401":{"description":"Недействительные учетные данные (токен отсутствует).","content":{"application/json":{"schema":{"type":"object","properties":{"message":{"type":"string"}}},"example":{"message":"Invalid credentials"}}}},"404":{"description":"Пользователь не найден.","content":{"application/json":{"schema":{"type":"object","properties":{"message":{"type":"string"}}},"example":{"message":"Errors"}}}}}},"put":{"tags":["Users"],"summary":"Изменить данные пользователя.","description":"Для изменения, необходимо быть авторизованным пользователем - администратором.\nИзменение данных пользователя производится предоставлением токена аутентификации,\nсоответствующих данных к изменению.\nА также идентификатора пользователя в строке URL.\nОбновление данных производится без валидации ( временно ).\n","operationId":"updateUser","parameters":[{"name":"X-Requested-With","in":"header","required":true,"style":"simple","explode":false,"schema":{"type":"string","default":"XMLHttpRequest"}},{"name":"user","in":"path","description":"Идентификатор заказа.","required":true,"style":"simple","explode":false,"schema":{"type":"integer","example":1}},{"name":"auth-token","in":"query","description":"JWT-токен аутентифицированного пользователя.","required":true,"style":"form","explode":true,"schema":{"type":"string","example":"ID|HASHEDTOKEN"}}],"requestBody":{"content":{"application/json":{"schema":{"type":"object","properties":{"auth-token":{"type":"string"},"data":{"properties":{"name":{"type":"string","nullable":false},"email":{"type":"string","nullable":false},"role_id":{"type":"integer","nullable":false,"default":1},"user_status_id":{"type":"integer","nullable":false,"default":1},"coords":{"type":"string","nullable":true}}}},"example":{"auth-token":"ID|HASHEDTOKEN","data":{"name":"John Doe","email":"email@email.com","coords":"55.8,37.7"}}}}}},"responses":{"200":{"description":"Данные пользователя изменены.","content":{"application/json":{"schema":{"type":"object","properties":{"id":{"type":"integer"},"name":{"type":"string"},"address":{"type":"string"},"comment":{"type":"string"},"delivery_date":{"type":"string"},"order_status_id":{"type":"integer"},"user_id":{"type":"integer","nullable":true},"created_at":{"type":"string"},"updated_at":{"type":"string","nullable":true},"courier_name":{"type":"string","nullable":true},"status":{"type":"string"}},"example":{"message":"User updated","updatedUser":{"id":1,"name":"John Doe","email":"egor.avdeev@example.com","email_verified_at":"2022-03-31T17:52:15.000000Z","role_id":1,"user_status_id":3,"coords":"55.9,37.9","created_at":"2022-03-30T19:23:41.000000Z","updated_at":"2022-04-09T00:00:08.000000Z","is_deleted":0,"role_title":"courier","user_status":"Work"}}}}}},"401":{"description":"Недействительные учетные данные (токен отсутствует).","content":{"application/json":{"schema":{"type":"object","properties":{"message":{"type":"string"}}},"example":{"message":"Invalid credentials"}}}},"404":{"description":"Пользователь не найден.","content":{"application/json":{"schema":{"type":"object","properties":{"message":{"type":"string"}}},"example":{"message":"Errors"}}}},"409":{"description":"Пользователь имеет активные заказы.","content":{"application/json":{"schema":{"type":"object","properties":{"errors":{"type":"object","properties":{"user_status_id":{"type":"string"}}}}},"example":{"errors":{"user_status_id":"The user has active orders"}}}}}}},"delete":{"tags":["Users"],"summary":"Удалить пользователя.","description":"Для удаления, необходимо быть авторизованным пользователем - администратором.\nУдаление пользователя производится предоставлением токена аутентификации.\nА также идентификатора пользователя в строке URL.\n","operationId":"deleteUser","parameters":[{"name":"X-Requested-With","in":"header","required":true,"style":"simple","explode":false,"schema":{"type":"string","default":"XMLHttpRequest"}},{"name":"user","in":"path","description":"Идентификатор заказа.","required":true,"style":"simple","explode":false,"schema":{"type":"integer","example":1}},{"name":"auth-token","in":"query","description":"JWT-токен аутентифицированного пользователя.","required":true,"style":"form","explode":true,"schema":{"type":"string","example":"ID|HASHEDTOKEN"}}],"responses":{"200":{"description":"Пользователь удалён.","content":{"application/json":{"schema":{"type":"object","properties":{"message":{"type":"string"}}},"example":{"message":"Success"}}}},"401":{"description":"Недействительные учетные данные (токен отсутствует).","content":{"application/json":{"schema":{"type":"object","properties":{"message":{"type":"string"}}},"example":{"message":"Invalid credentials"}}}},"404":{"description":"Пользователь не найден.","content":{"application/json":{"schema":{"type":"object","properties":{"message":{"type":"string"}}},"example":{"message":"Errors"}}}},"409":{"description":"Пользователь имеет активные заказы.","content":{"application/json":{"schema":{"type":"object","properties":{"errors":{"type":"object","properties":{"user_status_id":{"type":"string"}}}}},"example":{"errors":{"user_status_id":"The user has active orders"}}}}}}}}},"components":{"schemas":{"Users":{"required":["email","name"],"type":"object","properties":{"id":{"type":"integer","description":"Идентификатор пользователя","format":"unsigned","nullable":false},"name":{"type":"string","description":"Имя пользователя","nullable":false,"example":"John Doe"},"email":{"type":"string","description":"Email пользователя","format":"email","nullable":false,"example":"email@email.com"},"role_id":{"$ref":"#/components/schemas/Role"},"user_status_id":{"$ref":"#/components/schemas/UserStatus"},"coords":{"type":"string","nullable":true,"example":"X.X,Y.Y"},"is_deleted":{"type":"boolean","nullable":false,"default":false}},"description":"Таблица пользователей"},"Orders":{"type":"object","properties":{"id":{"type":"integer","description":"Идентификатор заказа","format":"unsigned"},"name":{"type":"string","description":"Наименование заказа","nullable":false},"address":{"type":"string","description":"Адрес доставки","nullable":false},"delivery_date":{"type":"string","description":"Дата доставки","nullable":false},"comment":{"type":"string","description":"Комментарий к доставке","nullable":true},"order_status_id":{"$ref":"#/components/schemas/OrderStatus"},"user_id":{"$ref":"#/components/schemas/UserStatus"}},"description":"Таблица заказов"},"UserStatus":{"type":"object","properties":{"id":{"type":"integer","format":"unsigned"},"title":{"type":"string","nullable":false,"example":"Курьер"}},"description":"Таблица статусов пользователя"},"OrderStatus":{"type":"object","properties":{"id":{"type":"integer","format":"unsigned"},"title":{"type":"string","nullable":false,"example":"В пути"}},"description":"Таблица статусов заказа"},"Role":{"type":"object","properties":{"id":{"type":"integer","format":"unsigned"},"title":{"type":"string","nullable":false,"example":"owner"}},"description":"Таблица ролей пользователей"}}}}