{"openapi":"3.0.0","info":{"title":"Asuntoyhtyma API service API documentation","description":"API used by services such as [joo-kodit.fi](https://joo-kodit.fi/). APIs also support page based and [cursor](https://phauer.com/2018/web-api-pagination-timestamp-id-continuation-token/) based pagination mechanisms.\\\nPage based pagination - using _page_ and _limit_ query parameters - is useful in UI where we need to limit the amount of shown content, but we need to provide a way for the user to jump to page N. The downside with this pagination is it's not very efficient for the database when the data set is large.\\\n[Cursor](https://phauer.com/2018/web-api-pagination-timestamp-id-continuation-token/) based pagination - using _cursor_ and _limit_ query parameters - allows us to read changed data into our separate Elastic search data index - for instance - very efficiently without having to build a separate API end point for that purpose. In short the cursor is a combination of a updatedAt timestamp and row ID and when the database have both of those columns indexed it's very efficient to read data from the DB this way. When the cursor is used, API will always return a new cursor value (which is created from the timestamp and ID of the latest returned element) for the client.","license":{"name":"All rights reserved, Asuntoyhtymä Oy","url":"https://asuntoyhtyma.fi"},"version":"0.2.0"},"servers":[{"url":"https://api.asuntoyhtyma.fi","description":"Production server"},{"url":"https://test-api.asuntoyhtyma.fi","description":"Test server"},{"url":"https://dev-api.asuntoyhtyma.fi","description":"Development server"}],"security":[{"BearerAuth":[]}],"paths":{"/cooperatives":{"get":{"summary":"Returns a list of cooperatives","description":"Returns a list of cooperatives in ascending order based on the name field","operationId":"getCooperatives","parameters":[{"name":"city","in":"query","description":"Limits requested data to a given city. The city name is in URL slug form ie. lower case, å -> a, ä -> a, ö -> o and spaces -> - character conversions have been done for the passed parameter.","required":false,"style":"form","explode":true,"schema":{"type":"string"},"example":"vantaa"},{"name":"district","in":"query","description":"Limits requested cooperatives to a given district name. The name is in URL slug form ie. lower case, å -> a, ä -> a, ö -> o and spaces -> - character conversions have been done for the passed parameter.","required":false,"style":"form","explode":true,"schema":{"type":"string"},"example":"masala"},{"name":"includeDeleted","in":"query","description":"Include also deleted elements into request results","required":false,"style":"form","explode":true,"schema":{"type":"boolean","default":false},"example":true},{"name":"limit","in":"query","description":"Maximum returned cooperatives limit. Used with page and cursor based pagination.","required":false,"style":"form","explode":true,"schema":{"maximum":1E+2,"minimum":1,"type":"integer","format":"int32","default":10},"example":20},{"name":"cursor","in":"query","description":"Used with cursor based pagination. When set returns object _updated after_ cursor parameter. Shouldn't be used together with _page_ parameter.","required":false,"style":"form","explode":true,"schema":{"type":"string"},"example":"1095379198_345"},{"name":"page","in":"query","description":"Page value, used with page-based pagination together with _limit_ parameter. Shouldn't be used together with _cursor_ parameter.","required":false,"style":"form","explode":true,"schema":{"minimum":1,"type":"integer","format":"int32"},"example":3}],"responses":{"200":{"description":"OK","content":{"application/json":{"schema":{"required":["data","pagination"],"type":"object","properties":{"data":{"type":"array","items":{"$ref":"#/components/schemas/Cooperative"}},"pagination":{"$ref":"#/components/schemas/Pagination"}}},"example":{"data":[{"id":"4567-ea11-80cf","name":"Vantaan Ruutulippu","slug":"vantaan-ruutulippu","postalArea":"Vantaa","postalCode":"00750","address":"Ajolenkki 11","region":"Uusimaa","city":"Vantaa","district":"Keimola","coordinates":{"lat":60.29414,"lon":25.04099},"contactPerson":{"firstName":"Example","lastName":"Person","email":"example@example.com","phone":"+123123456","image":{"url":"https://example.com/person1.png"}},"commissioningDay":"2020-02-01T00:00:00Z","images":[{"url":"https://example.com/dog.png"},{"name":"Cat image","url":"https://example.com/cat.png"}],"updatedAt":"2020-05-30T13:00:00Z"},{"id":"4568-ea11-80cf","name":"Kirkkonummen Manhattan","slug":"kirkkonummen-manhattan","postalArea":"Kirkkonummi","postalCode":"02400","address":"Seppä-Kallen Kuja 2","region":"Uusimaa","city":"Kirkkonummi","district":"Masala","coordinates":{"lat":60.12381,"lon":24.43853},"contactPerson":{"firstName":"Second","lastName":"Person","email":"example@example.com","phone":"+123123456","image":{"url":"https://example.com/person2.png"}},"commissioningDay":"2020-02-01T00:00:00Z","images":[{"url":"https://example.com/apartment.png"}],"updatedAt":"2021-05-21T14:00:00Z"},{"id":"4569-ea11-80cf","name":"Kirkkonummen Shibuya","slug":"kirkkonummen-shibuya","postalArea":"Kirkkonummi","postalCode":"02400","address":"Seppä-Kallen Kuja 1","region":"Uusimaa","city":"Kirkkonummi","district":"Masala","coordinates":{"lat":60.12381,"lon":24.43853},"contactPerson":{"firstName":"Third","lastName":"Person","email":"example@example.com","phone":"+123123456","image":{"url":"https://example.com/person3.png"}},"commissioningDay":"2020-02-01T00:00:00Z","images":[{"url":"https://example.com/apartment.png"}],"updatedAt":"2021-02-01T00:00:00Z","deletedAt":"2021-02-01T00:00:00Z"}],"pagination":{"cursor":"1621605600_4568","page":1,"limit":10,"total":2}}}}},"400":{"description":"Invalid syntax","content":{"application/json":{"schema":{"$ref":"#/components/schemas/Error"},"example":{"errors":[{"message":"Invalid query parameter 'district'. Valid values are 'city'."},{"message":"Invalid query parameter 'city' value. Valid values are 'helsinki, 'vantaa' or 'tampere'."}],"reqId":"123e4567-e89b-12d3-a456-426614174000"}}}},"401":{"description":"API key is missing or invalid","content":{"application/json":{"schema":{"$ref":"#/components/schemas/Error"},"example":{"errors":[{"message":"API key is missing"}],"reqId":"123e4567-e89b-12d3-a456-426614174000"}}}},"404":{"description":"Requested resource not found","content":{"application/json":{"schema":{"$ref":"#/components/schemas/Error"},"example":{"errors":[{"message":"Requested resource not found"}],"reqId":"123e4567-e89b-12d3-a456-426614174000"}}}},"405":{"description":"Requested method not allowed","content":{"application/json":{"schema":{"$ref":"#/components/schemas/Error"},"example":{"errors":[{"message":"Method 'Put' not allowed. Allowed methods are 'Get' and 'Post'."}],"reqId":"123e4567-e89b-12d3-a456-426614174000"}}}},"500":{"description":"Internal server error","content":{"application/json":{"schema":{"$ref":"#/components/schemas/Error"},"example":{"errors":[{"message":"Internal server error"}],"reqId":"123e4567-e89b-12d3-a456-426614174000"}}}}}}},"/cooperatives/{cooperativeSlug}":{"get":{"summary":"Returns a single cooperative by name","description":"Returns a single cooperative by name.","operationId":"getCooperative","parameters":[{"name":"cooperativeSlug","in":"path","description":"Cooperative slug. The cooperative slug is the cooperative name in URL slug form ie. lower case, å -> a, ä -> a, ö -> o and spaces -> - character conversions have been done for the passed parameter.","required":true,"style":"simple","explode":false,"schema":{"minLength":3,"type":"string"},"example":"nokian-varjaamo"}],"responses":{"200":{"description":"OK","content":{"application/json":{"schema":{"required":["data"],"type":"object","properties":{"data":{"$ref":"#/components/schemas/Cooperative"}}},"example":{"data":{"id":"4567-ea11-80cf","name":"Vantaan Ruutulippu","slug":"vantaan-ruutulippu","postalArea":"Vantaa","postalCode":"00750","address":"Ajolenkki 11","region":"Uusimaa","city":"Vantaa","district":"Keimola","coordinates":{"lat":60.29414,"lon":25.04099},"contactPerson":{"firstName":"Example","lastName":"Person","email":"example@example.com","phone":"+123123456","image":{"url":"https://example.com/person1.png"}},"commissioningDay":"2020-02-01T00:00:00Z","images":[{"url":"https://example.com/coop1.png"},{"url":"https://example.com/coop2.png"},{"url":"https://example.com/apartment_a34.jpg"}],"campaigns":[{"heading":[{"text":"Ensimmäinen kuukausi 0€","locale":"fi"}],"description":[{"text":"__Ensimmäinen kuukausi 0€.__ Koskee vain 1.5.2022 - 15.5.2022 välisenä aikana tehtyjä sopimuksia.","locale":"fi"}],"startDate":"2020-05-01T00:00:00Z","endDate":"2020-05-15T00:00:00Z"}],"updatedAt":"2021-05-21T14:00:00Z"}}}}},"400":{"description":"Invalid syntax","content":{"application/json":{"schema":{"$ref":"#/components/schemas/Error"},"example":{"errors":[{"message":"Invalid query parameter 'district'. Valid values are 'city'."},{"message":"Invalid query parameter 'city' value. Valid values are 'helsinki, 'vantaa' or 'tampere'."}],"reqId":"123e4567-e89b-12d3-a456-426614174000"}}}},"401":{"description":"API key is missing or invalid","content":{"application/json":{"schema":{"$ref":"#/components/schemas/Error"},"example":{"errors":[{"message":"API key is missing"}],"reqId":"123e4567-e89b-12d3-a456-426614174000"}}}},"404":{"description":"Requested resource not found","content":{"application/json":{"schema":{"$ref":"#/components/schemas/Error"},"example":{"errors":[{"message":"Requested resource not found"}],"reqId":"123e4567-e89b-12d3-a456-426614174000"}}}},"405":{"description":"Requested method not allowed","content":{"application/json":{"schema":{"$ref":"#/components/schemas/Error"},"example":{"errors":[{"message":"Method 'Put' not allowed. Allowed methods are 'Get' and 'Post'."}],"reqId":"123e4567-e89b-12d3-a456-426614174000"}}}},"500":{"description":"Internal server error","content":{"application/json":{"schema":{"$ref":"#/components/schemas/Error"},"example":{"errors":[{"message":"Internal server error"}],"reqId":"123e4567-e89b-12d3-a456-426614174000"}}}}}}},"/spaces":{"get":{"summary":"Returns a list of spaces","description":"Returns a list of spaces. The space can be an apartment, a parking space or a business space for example. Request support various filters and pagination.","operationId":"getSpaces","parameters":[{"name":"cooperativeSlug","in":"query","description":"Limits requested data to a given cooperative. The cooperative name is in URL slug form ie. lower case, å -> a, ä -> a, ö -> o and spaces -> - character conversions have been done for the passed parameter.","required":false,"style":"form","explode":true,"schema":{"minLength":3,"type":"string"},"example":"nokian-varjaamo"},{"name":"city","in":"query","description":"Limits requested data to a given city. The city name is in URL slug form ie. lower case, å -> a, ä -> a, ö -> o and spaces -> - character conversions have been done for the passed parameter.","required":false,"style":"form","explode":true,"schema":{"type":"string"},"example":"vantaa"},{"name":"district","in":"query","description":"Limits requested cooperatives to a given district name. The name is in URL slug form ie. lower case, å -> a, ä -> a, ö -> o and spaces -> - character conversions have been done for the passed parameter.","required":false,"style":"form","explode":true,"schema":{"type":"string"},"example":"masala"},{"name":"type","in":"query","description":"Limits requested spaces based on type","required":false,"style":"form","explode":true,"schema":{"type":"string","default":"asuinhuoneisto","enum":["asuinhuoneisto","parkkipaikka","all"]},"example":"all"},{"name":"includeDeleted","in":"query","description":"Include also deleted elements into request results","required":false,"style":"form","explode":true,"schema":{"type":"boolean","default":false},"example":true},{"name":"limit","in":"query","description":"Maximum returned cooperatives limit. Used with page and cursor based pagination.","required":false,"style":"form","explode":true,"schema":{"maximum":1E+2,"minimum":1,"type":"integer","format":"int32","default":10},"example":20},{"name":"cursor","in":"query","description":"Used with cursor based pagination. When set returns object _updated after_ cursor parameter. Shouldn't be used together with _page_ parameter.","required":false,"style":"form","explode":true,"schema":{"type":"string"},"example":"1095379198_345"},{"name":"page","in":"query","description":"Page value, used with page-based pagination together with _limit_ parameter. Shouldn't be used together with _cursor_ parameter.","required":false,"style":"form","explode":true,"schema":{"minimum":1,"type":"integer","format":"int32"},"example":3}],"responses":{"200":{"description":"OK","content":{"application/json":{"schema":{"required":["data","pagination"],"type":"object","properties":{"data":{"type":"array","items":{"$ref":"#/components/schemas/Space"}},"pagination":{"$ref":"#/components/schemas/Pagination"}}},"example":{"data":[{"id":"1234-ea11-80cf","cooperativeName":"Vantaan Ruutulippu","cooperativeSlug":"vantaan-ruutulippu","name":"A 34","slug":"a-34","postalArea":"Vantaa","postalCode":"00750","address":"Ajolenkki 11 A 34","region":"Uusimaa","city":"Vantaa","district":"Keimola","coordinates":{"lat":60.29414,"lon":25.04099},"contactPerson":{"firstName":"John","lastName":"Doe","email":"johndoe@example.com","phone":"+123123456","image":{"url":"https://example.com/johndoe.png"}},"type":"Asuinhuoneisto","status":"Vacant","commissioningDay":"2019-11-01T00:00:00Z","completionDay":"2019-11-15T00:00:00Z","generalDescriptionHeader":[{"text":"A-34 on todella hieno asunto Vantaalla!","locale":"fi"}],"generalDescription":[{"text":"__Todella__ hieno _asunto_ Vantaan Ruutulipussa!","locale":"fi"}],"floor":2,"rent":890,"mediaFee":10,"waterFee":25,"size":42.5,"rooms":[{"text":"2H + K + S","locale":"fi"}],"sauna":true,"images":[{"url":"https://example.com/livingroom.png","tags":["Interior","Living room"]},{"url":"https://example.com/kitchen.png","tags":["Interior","Kitchen"]}],"updatedAt":"2020-05-30T13:00:00Z"},{"id":"4567-ea11-80cf","cooperativeName":"Vantaan Konepaja","cooperativeSlug":"vantaan-konepaja","name":"D 8","slug":"d-8","postalArea":"Vantaa","postalCode":"00750","address":"Keimolantie 3 D 8","region":"Uusimaa","city":"Vantaa","district":"Keimola","coordinates":{"lat":60.29414,"lon":25.04099},"contactPerson":{"firstName":"June","lastName":"Summer","email":"junesummer@example.com"},"type":"Asuinhuoneisto","status":"Vacant","contracts":[{"endDate":"2021-11-01T23:59:59Z"}],"renovatedUntil":"2022-01-05T23:59:59Z","commissioningDay":"2020-02-01T00:00:00Z","completionDay":"2020-02-15T00:00:00Z","generalDescriptionHeader":[{"text":"D-8 on todella hieno asunto Vantaalla!","locale":"fi"},{"text":"D-8 is super nice apartment in Vantaa!","locale":"en"}],"generalDescription":[{"text":"__Todella__ hieno _asunto_ Vantaan Konepajalla! Asunto on lähellä luontoa ja harrastusmahdollisuudet ovat vertaansa vailla!","locale":"fi"},{"text":"__Super__ nice _apartment_ in Vantaa Konepaja! Lot's of nature nearby and the hobby and sport facilities are unparalleled!","locale":"en"}],"floor":3,"rent":560,"waterFee":29.5,"size":22.5,"sauna":false,"rooms":[{"text":"1H + K","locale":"fi"}],"images":[{"url":"https://example.com/kitchen.png","tags":["Interior","Kitchen"]}],"presentationUrl":"https://my.matterport.com/models/PBRGVQyJDWb","updatedAt":"2021-01-02T00:00:00Z","deletedAt":"2021-01-02T00:00:00Z"}],"pagination":{"cursor":"1621605600_2345","page":1,"limit":10,"total":2}}}}},"400":{"description":"Invalid syntax","content":{"application/json":{"schema":{"$ref":"#/components/schemas/Error"},"example":{"errors":[{"message":"Invalid query parameter 'district'. Valid values are 'city'."},{"message":"Invalid query parameter 'city' value. Valid values are 'helsinki, 'vantaa' or 'tampere'."}],"reqId":"123e4567-e89b-12d3-a456-426614174000"}}}},"401":{"description":"API key is missing or invalid","content":{"application/json":{"schema":{"$ref":"#/components/schemas/Error"},"example":{"errors":[{"message":"API key is missing"}],"reqId":"123e4567-e89b-12d3-a456-426614174000"}}}},"404":{"description":"Requested resource not found","content":{"application/json":{"schema":{"$ref":"#/components/schemas/Error"},"example":{"errors":[{"message":"Requested resource not found"}],"reqId":"123e4567-e89b-12d3-a456-426614174000"}}}},"405":{"description":"Requested method not allowed","content":{"application/json":{"schema":{"$ref":"#/components/schemas/Error"},"example":{"errors":[{"message":"Method 'Put' not allowed. Allowed methods are 'Get' and 'Post'."}],"reqId":"123e4567-e89b-12d3-a456-426614174000"}}}},"500":{"description":"Internal server error","content":{"application/json":{"schema":{"$ref":"#/components/schemas/Error"},"example":{"errors":[{"message":"Internal server error"}],"reqId":"123e4567-e89b-12d3-a456-426614174000"}}}}}}},"/spaces/{cooperativeSlug}/{spaceSlug}":{"get":{"summary":"Returns a single space","description":"Returns a single space from a given cooperative. The space can be an apartment, a parking space or a business space for example.","operationId":"getSpace","parameters":[{"name":"cooperativeSlug","in":"path","description":"Cooperative slug. The cooperative slug is the cooperative name in URL slug form ie. lower case, å -> a, ä -> a, ö -> o and spaces -> - character conversions have been done for the passed parameter.","required":true,"style":"simple","explode":false,"schema":{"minLength":3,"type":"string"},"example":"nokian-varjaamo"},{"name":"spaceSlug","in":"path","description":"Space slug. The space name is in URL slug form ie. lower case, å -> a, ä -> a, ö -> o and spaces -> - character conversions have been done for the passed parameter.","required":true,"style":"simple","explode":false,"schema":{"minLength":3,"type":"string"},"example":"b-42"}],"responses":{"200":{"description":"OK","content":{"application/json":{"schema":{"required":["data"],"type":"object","properties":{"data":{"$ref":"#/components/schemas/Space"}}},"example":{"data":{"id":"1234-ea11-80cf","cooperativeName":"Vantaan Ruutulippu","cooperativeSlug":"vantaan-ruutulippu","name":"A 34","slug":"a-34","postalArea":"Vantaa","postalCode":"00750","address":"Ajolenkki 11 A 34","region":"Uusimaa","city":"Vantaa","district":"Keimola","coordinates":{"lat":60.29414,"lon":25.04099},"contactPerson":{"firstName":"John","lastName":"Doe","email":"johndoe@example.com","phone":"+123123456","image":{"url":"https://example.com/johndoe.png"}},"type":"Asuinhuoneisto","status":"Occupied","contracts":[{"startDate":"2020-05-21T10:00:00Z","endDate":"2022-01-31T23:59:59Z"},{"startDate":"2022-02-01T00:00:00Z"}],"commissioningDay":"2019-11-01T00:00:00Z","completionDay":"2019-11-15T00:00:00Z","floor":2,"floorTotal":8,"generalDescriptionHeader":[{"text":"A-34 on todella hieno asunto Vantaalla!","locale":"fi"},{"text":"A-34 is super nice apartment in Vantaa!","locale":"en"}],"generalDescription":[{"text":"__Todella__ hieno _asunto_ Vantaalla! Asunto on lähellä luontoa ja harrastusmahdollisuudet ovat vertaansa vailla!","locale":"fi"},{"text":"__Super__ nice _apartment_ in Vantaa! Lot's of nature nearby and the hobby and sport facilities are unparalleled!","locale":"en"}],"rent":890,"mediaFee":10,"waterFee":25,"sauna":true,"size":42.5,"rooms":[{"text":"2H + K + S","locale":"fi"},{"text":"1BR + K + S","locale":"en"}],"images":[{"name":"A34 modern living room","url":"https://example.com/livingroom.png","tags":["Interior","Living room"]},{"url":"https://example.com/floorplan.png","tags":["Floor plan"]}],"presentationUrl":"https://my.matterport.com/models/PBRGVQyJDWb","campaigns":[{"heading":[{"text":"Ensimmäinen kuukausi 0€","locale":"fi"}],"description":[{"text":"__Ensimmäinen kuukausi 0€.__ Koskee vain 1.5.2022 - 15.5.2022 välisenä aikana tehtyjä sopimuksia.","locale":"fi"}],"startDate":"2020-05-01T00:00:00Z","endDate":"2020-05-15T00:00:00Z"}],"updatedAt":"2021-05-21T14:00:00Z"}}}}},"400":{"description":"Invalid syntax","content":{"application/json":{"schema":{"$ref":"#/components/schemas/Error"},"example":{"errors":[{"message":"Invalid query parameter 'district'. Valid values are 'city'."},{"message":"Invalid query parameter 'city' value. Valid values are 'helsinki, 'vantaa' or 'tampere'."}],"reqId":"123e4567-e89b-12d3-a456-426614174000"}}}},"401":{"description":"API key is missing or invalid","content":{"application/json":{"schema":{"$ref":"#/components/schemas/Error"},"example":{"errors":[{"message":"API key is missing"}],"reqId":"123e4567-e89b-12d3-a456-426614174000"}}}},"404":{"description":"Requested resource not found","content":{"application/json":{"schema":{"$ref":"#/components/schemas/Error"},"example":{"errors":[{"message":"Requested resource not found"}],"reqId":"123e4567-e89b-12d3-a456-426614174000"}}}},"405":{"description":"Requested method not allowed","content":{"application/json":{"schema":{"$ref":"#/components/schemas/Error"},"example":{"errors":[{"message":"Method 'Put' not allowed. Allowed methods are 'Get' and 'Post'."}],"reqId":"123e4567-e89b-12d3-a456-426614174000"}}}},"500":{"description":"Internal server error","content":{"application/json":{"schema":{"$ref":"#/components/schemas/Error"},"example":{"errors":[{"message":"Internal server error"}],"reqId":"123e4567-e89b-12d3-a456-426614174000"}}}}}}},"/cities":{"get":{"summary":"Returns a list of cities","description":"Returns a list of cities - in aplhabetical order - where Asuntoyhtymä has cooperatives (and spaces).","operationId":"getCities","responses":{"200":{"description":"OK","content":{"application/json":{"schema":{"required":["data"],"type":"object","properties":{"data":{"type":"array","items":{"$ref":"#/components/schemas/City"}},"pagination":{"$ref":"#/components/schemas/Pagination"}}},"example":{"data":[{"name":"Helsinki"},{"name":"Kirkkonummi"},{"name":"Vantaa"}]}}}},"400":{"description":"Invalid syntax","content":{"application/json":{"schema":{"$ref":"#/components/schemas/Error"},"example":{"errors":[{"message":"Invalid query parameter 'district'. Valid values are 'city'."},{"message":"Invalid query parameter 'city' value. Valid values are 'helsinki, 'vantaa' or 'tampere'."}],"reqId":"123e4567-e89b-12d3-a456-426614174000"}}}},"401":{"description":"API key is missing or invalid","content":{"application/json":{"schema":{"$ref":"#/components/schemas/Error"},"example":{"errors":[{"message":"API key is missing"}],"reqId":"123e4567-e89b-12d3-a456-426614174000"}}}},"404":{"description":"Requested resource not found","content":{"application/json":{"schema":{"$ref":"#/components/schemas/Error"},"example":{"errors":[{"message":"Requested resource not found"}],"reqId":"123e4567-e89b-12d3-a456-426614174000"}}}},"405":{"description":"Requested method not allowed","content":{"application/json":{"schema":{"$ref":"#/components/schemas/Error"},"example":{"errors":[{"message":"Method 'Put' not allowed. Allowed methods are 'Get' and 'Post'."}],"reqId":"123e4567-e89b-12d3-a456-426614174000"}}}},"500":{"description":"Internal server error","content":{"application/json":{"schema":{"$ref":"#/components/schemas/Error"},"example":{"errors":[{"message":"Internal server error"}],"reqId":"123e4567-e89b-12d3-a456-426614174000"}}}}}}},"/districts":{"get":{"summary":"Returns a list of districst","description":"Returns a list of districts - alphabetically ordered by (primarily) city and (secondarily) district names - where Asuntoyhtymä has cooperatives (and spaces).","operationId":"getDistricts","parameters":[{"name":"city","in":"query","description":"Limits requested data to a given city. The city name is in URL slug form ie. lower case, å -> a, ä -> a, ö -> o and spaces -> - character conversions have been done for the passed parameter.","required":false,"style":"form","explode":true,"schema":{"type":"string"},"example":"vantaa"},{"name":"limit","in":"query","description":"Maximum returned cooperatives limit. Used with page and cursor based pagination.","required":false,"style":"form","explode":true,"schema":{"maximum":1E+2,"minimum":1,"type":"integer","format":"int32","default":10},"example":20},{"name":"cursor","in":"query","description":"Used with cursor based pagination. When set returns object _updated after_ cursor parameter. Shouldn't be used together with _page_ parameter.","required":false,"style":"form","explode":true,"schema":{"type":"string"},"example":"1095379198_345"},{"name":"page","in":"query","description":"Page value, used with page-based pagination together with _limit_ parameter. Shouldn't be used together with _cursor_ parameter.","required":false,"style":"form","explode":true,"schema":{"minimum":1,"type":"integer","format":"int32"},"example":3}],"responses":{"200":{"description":"OK","content":{"application/json":{"schema":{"required":["data","pagination"],"type":"object","properties":{"data":{"type":"array","items":{"$ref":"#/components/schemas/District"}},"pagination":{"$ref":"#/components/schemas/Pagination"}}},"example":{"data":[{"name":"Kalasamata","city":"Helsinki"},{"name":"Keskusta","city":"Helsinki"},{"name":"Masala","city":"Kirkkonummi"},{"name":"Keimolanmäki","city":"Vantaa"}],"pagination":{"cursor":"1621605600_5432","page":1,"limit":10,"total":2}}}}},"400":{"description":"Invalid syntax","content":{"application/json":{"schema":{"$ref":"#/components/schemas/Error"},"example":{"errors":[{"message":"Invalid query parameter 'district'. Valid values are 'city'."},{"message":"Invalid query parameter 'city' value. Valid values are 'helsinki, 'vantaa' or 'tampere'."}],"reqId":"123e4567-e89b-12d3-a456-426614174000"}}}},"401":{"description":"API key is missing or invalid","content":{"application/json":{"schema":{"$ref":"#/components/schemas/Error"},"example":{"errors":[{"message":"API key is missing"}],"reqId":"123e4567-e89b-12d3-a456-426614174000"}}}},"404":{"description":"Requested resource not found","content":{"application/json":{"schema":{"$ref":"#/components/schemas/Error"},"example":{"errors":[{"message":"Requested resource not found"}],"reqId":"123e4567-e89b-12d3-a456-426614174000"}}}},"405":{"description":"Requested method not allowed","content":{"application/json":{"schema":{"$ref":"#/components/schemas/Error"},"example":{"errors":[{"message":"Method 'Put' not allowed. Allowed methods are 'Get' and 'Post'."}],"reqId":"123e4567-e89b-12d3-a456-426614174000"}}}},"500":{"description":"Internal server error","content":{"application/json":{"schema":{"$ref":"#/components/schemas/Error"},"example":{"errors":[{"message":"Internal server error"}],"reqId":"123e4567-e89b-12d3-a456-426614174000"}}}}}}},"/application/{cooperativeSlug}/{spaceSlug}":{"post":{"summary":"Posts a rental application for a space","description":"Endpoint for sending a rental application for a single space","operationId":"postApplication","parameters":[{"name":"cooperativeSlug","in":"path","description":"Cooperative slug. The cooperative slug is the cooperative name in URL slug form ie. lower case, å -> a, ä -> a, ö -> o and spaces -> - character conversions have been done for the passed parameter.","required":true,"style":"simple","explode":false,"schema":{"minLength":3,"type":"string"},"example":"nokian-varjaamo"},{"name":"spaceSlug","in":"path","description":"Space slug. The space name is in URL slug form ie. lower case, å -> a, ä -> a, ö -> o and spaces -> - character conversions have been done for the passed parameter.","required":true,"style":"simple","explode":false,"schema":{"minLength":3,"type":"string"},"example":"b-42"}],"requestBody":{"content":{"application/json":{"schema":{"$ref":"#/components/schemas/Application"}}},"required":true},"responses":{"201":{"description":"OK","content":{"application/json":{"schema":{"required":["applicationId"],"type":"object","properties":{"applicationId":{"type":"string","description":"Application ID for the created application","example":"12344-123fdg-2131454-453454"}},"description":"Timestamp in UTC date-time format"}}}},"400":{"description":"Invalid syntax","content":{"application/json":{"schema":{"$ref":"#/components/schemas/Error"},"example":{"errors":[{"message":"Invalid query parameter 'district'. Valid values are 'city'."},{"message":"Invalid query parameter 'city' value. Valid values are 'helsinki, 'vantaa' or 'tampere'."}],"reqId":"123e4567-e89b-12d3-a456-426614174000"}}}},"401":{"description":"API key is missing or invalid","content":{"application/json":{"schema":{"$ref":"#/components/schemas/Error"},"example":{"errors":[{"message":"API key is missing"}],"reqId":"123e4567-e89b-12d3-a456-426614174000"}}}},"404":{"description":"Requested resource not found","content":{"application/json":{"schema":{"$ref":"#/components/schemas/Error"},"example":{"errors":[{"message":"Requested resource not found"}],"reqId":"123e4567-e89b-12d3-a456-426614174000"}}}},"405":{"description":"Requested method not allowed","content":{"application/json":{"schema":{"$ref":"#/components/schemas/Error"},"example":{"errors":[{"message":"Method 'Put' not allowed. Allowed methods are 'Get' and 'Post'."}],"reqId":"123e4567-e89b-12d3-a456-426614174000"}}}},"500":{"description":"Internal server error","content":{"application/json":{"schema":{"$ref":"#/components/schemas/Error"},"example":{"errors":[{"message":"Internal server error"}],"reqId":"123e4567-e89b-12d3-a456-426614174000"}}}}}}}},"components":{"schemas":{"Slug":{"type":"string","description":"Slug formatted string field. Can only include lowercase a-z letters, numbers and - characters.","example":"b-324"},"Coordinates":{"required":["lat","lon"],"type":"object","properties":{"lat":{"type":"number"},"lon":{"type":"number"}}},"Image":{"required":["url"],"type":"object","properties":{"name":{"type":"string"},"url":{"type":"string"},"tags":{"type":"array","description":"Array of tags","example":["Interior","Kitchen","Ajotie 14 A 9","Kirkkonummen Manhattan"],"items":{"type":"string","description":"Metadata tag for the image","example":"Kitchen"}}}},"ContactPerson":{"required":["firstName","lastName"],"type":"object","properties":{"firstName":{"type":"string"},"lastName":{"type":"string"},"phone":{"type":"string"},"email":{"type":"string"},"image":{"$ref":"#/components/schemas/Image"}}},"Timestamp":{"type":"string","description":"Timestamp in UTC date-time format","format":"date-time","example":"2018-01-25T22:00:00Z"},"TranslatedString":{"required":["locale","text"],"type":"object","properties":{"text":{"type":"string","description":"Content in regular string format"},"locale":{"type":"string","description":"Locale for the content. Only _fi_ is initially supported.","enum":["fi","en","sv"]}},"description":"String type of field with locale support"},"TranslatedCommonMark":{"required":["locale","text"],"type":"object","properties":{"text":{"type":"string","description":"Content in [CommonMark](https://commonmark.org) format"},"locale":{"type":"string","description":"Locale for the content. Only _fi_ is initially supported.","enum":["fi","en","sv"]}},"description":"Free text [CommonMark](https://commonmark.org) formatted description field with locale support."},"Campaign":{"required":["heading"],"type":"object","properties":{"heading":{"type":"array","description":"Human readable translatable heading for the campaing i.e. First month 0 €","items":{"$ref":"#/components/schemas/TranslatedString"}},"description":{"type":"array","description":"Optional human readable translatable desciption. Supports CommonMark formatting.","items":{"$ref":"#/components/schemas/TranslatedCommonMark"}},"startDate":{"description":"Timestamp in UTC date-time format. Optional start date of the campaign (inclusive).","allOf":[{"$ref":"#/components/schemas/Timestamp"}]},"endDate":{"description":"Timestamp in UTC date-time format. Optional end date of the campaign (inclusive).","allOf":[{"$ref":"#/components/schemas/Timestamp"}]}}},"Cooperative":{"required":["address","city","commissioningDay","coordinates","district","id","images","name","postalArea","postalCode","region","slug","updatedAt"],"type":"object","properties":{"id":{"type":"string"},"name":{"type":"string"},"slug":{"description":"Cooperative name in slug formatted string field.","example":"vantaan-ruutulippu","allOf":[{"$ref":"#/components/schemas/Slug"}]},"postalArea":{"type":"string"},"postalCode":{"type":"string"},"address":{"type":"string","description":"Street address part of the complete address","example":"Mannerheimintie 123"},"region":{"type":"string","description":"Human readable region name e.g. \"Uusimaa\" or \"Etelä-Karjala\"","example":"Etelä-Karjala"},"city":{"type":"string","description":"Human readable city name e.g. \"Seinäjoki\"","example":"Seinäjoki"},"district":{"type":"string","description":"Human readable distric name e.g. \"Männistö\"","example":"Männistö"},"coordinates":{"$ref":"#/components/schemas/Coordinates"},"contactPerson":{"$ref":"#/components/schemas/ContactPerson"},"spaces":{"type":"integer","format":"uint32"},"parkingSlots":{"type":"integer","format":"uint32"},"commissioningDay":{"$ref":"#/components/schemas/Timestamp"},"images":{"type":"array","items":{"$ref":"#/components/schemas/Image"}},"campaigns":{"type":"array","description":"Affecting campaigns","items":{"$ref":"#/components/schemas/Campaign"}},"updatedAt":{"$ref":"#/components/schemas/Timestamp"},"deletedAt":{"$ref":"#/components/schemas/Timestamp"}},"example":{"id":"4567-ea11-80cf","name":"Vantaan Ruutulippu","slug":"vantaan-ruutulippu","postalArea":"Vantaa","postalCode":"00750","address":"Ajolenkki 11","region":"Uusimaa","city":"Vantaa","district":"Keimola","coordinates":{"lat":60.29414,"lon":25.04099},"parkingSlots":18,"spaces":78,"commissioningDay":"2020-02-01T00:00:00Z","images":[{"url":"https://example.com/coop1.png"},{"url":"https://example.com/coop2.png"},{"url":"https://example.com/apartment_a34.jpg"}],"campaigns":[{"heading":[{"text":"Ensimmäinen kuukausi 0€","locale":"fi"}],"description":[{"text":"Ensimmäinen kuukausi 0€. Koskee vain 1.5.2022 - 15.5.2022 välisenä aikana tehtyjä sopimuksia.","locale":"fi"}],"startDate":"2020-05-01T00:00:00Z","endDate":"2020-05-15T00:00:00Z"}],"updatedAt":"2021-05-21T14:00:00Z"}},"Pagination":{"required":["limit","total"],"properties":{"cursor":{"type":"string","description":"Time stamp and id based cursor string. The cursor is created based on the last returned element so that if client passes this as a query parameter in future the server will return elements _after_ (and not including) the element from which the cursor was created from. The beginning is the timestamp in [Unix time](https://en.wikipedia.org/wiki/Unix_time) in seconds and the end part is an element id. Server will always create and return the cursor and client should not need to care about the structure.","example":"1095379198345"},"page":{"minimum":1,"type":"integer","format":"int32"},"limit":{"maximum":1E+2,"minimum":1,"type":"integer","format":"int32"},"total":{"type":"integer","format":"int64"}}},"Error":{"required":["errors"],"type":"object","properties":{"errors":{"type":"array","description":"Array of detailed error messages","items":{"type":"object","properties":{"message":{"type":"string"}}}},"reqId":{"type":"string","description":"Server generated UUID for the request to help with API issue solving"}}},"Contract":{"type":"object","properties":{"startDate":{"$ref":"#/components/schemas/Timestamp"},"endDate":{"$ref":"#/components/schemas/Timestamp"}},"description":"Contract object. If startDate is missing, the contract continues until endDate. If endDate is missing, the contract continues indefinitely from startDate."},"Space":{"required":["address","city","commissioningDay","completionDay","cooperativeName","cooperativeSlug","coordinates","district","floor","generalDescription","generalDescriptionHeader","id","images","name","postalArea","postalCode","region","rent","rooms","size","slug","status","type","updatedAt"],"type":"object","properties":{"id":{"type":"string"},"name":{"type":"string","description":"Human readable space name e.g. \"B 5\"","example":"B 5"},"slug":{"description":"Apartment name in slug formatted string field.","example":"a-321","allOf":[{"$ref":"#/components/schemas/Slug"}]},"cooperativeName":{"type":"string","description":"Human readable cooperative name","example":"Vantaan Ruutulippu"},"cooperativeSlug":{"description":"Cooperative name in slug formatted string field.","example":"vantaan-ruutulippu","allOf":[{"$ref":"#/components/schemas/Slug"}]},"postalArea":{"type":"string","description":"Human readable postal area","example":"Seinäjoki"},"postalCode":{"type":"string","example":"60100"},"address":{"type":"string","description":"Street address part of the complete address e.g. \"Mannerheimintie 123 A 3\"","example":"Mannerheimintie 123 A 3"},"region":{"type":"string","description":"Human readable region name e.g. \"Uusimaa\" or \"Etelä-Karjala\"","example":"Etelä-Karjala"},"city":{"type":"string","description":"Human readable city name e.g. \"Seinäjoki\"","example":"Seinäjoki"},"district":{"type":"string","description":"Human readable distric name e.g. \"Männistö\"","example":"Männistö"},"coordinates":{"$ref":"#/components/schemas/Coordinates"},"contactPerson":{"$ref":"#/components/schemas/ContactPerson"},"type":{"type":"string","description":"Whether the space is an apartment, parking space etc.","example":"Asuinhuoneisto","enum":["Asuinhuoneisto"]},"status":{"type":"string","description":"System internal status of the space. Used i.e. for deducting if a space is available for renting. _Vacant_ means space is free and available for renting. _Occupied_ means space is reserved for contract finalization process and is not available for renting. _Leased_ means space is rented, contract is ongoing without known end date or it is more than 3 months to the end of contract. _Transfer_ means space is “available”, but there is already a signed contract which is starting some point in the future, so the space is not available for renting. _Releasing_ means space is rented, but the contract has been terminated and the contract is ending within 3 months and so the space is available for renting after contract termination date. _Sold_ means the space has been sold and not available for renting anymore. Internally DE-Lease checks and updates the status field every night for each space.","example":"Vacant","enum":["Vacant","Leased","Occupied","Transfer","Releasing","Sold"]},"contracts":{"type":"array","description":"Currently affecting rent contracts (current and future). The contract end date is exclusive from availability point of view -> The apartment will be available for renting the next day after the contract end date.","items":{"$ref":"#/components/schemas/Contract"}},"renovatedUntil":{"description":"Timestamp in UTC date-time format. Possible end date of apartment renovations. From availability point of view the date is exclusive -> The apartment will be available for renting the next day after the renovated until date.","allOf":[{"$ref":"#/components/schemas/Timestamp"}]},"commissioningDay":{"description":"Timestamp in UTC date-time format. The date of commissioning i.e. when it was built/ready for use from legal point of view. However this date cannot be used for deducting when the apartment is available for renting.","allOf":[{"$ref":"#/components/schemas/Timestamp"}]},"completionDay":{"description":"Timestamp in UTC date-time format. The date (inclusive) from which onwards the space/apartment is available for renting.","allOf":[{"$ref":"#/components/schemas/Timestamp"}]},"generalDescriptionHeader":{"type":"array","description":"Optional header field for spaces","items":{"$ref":"#/components/schemas/TranslatedString"}},"generalDescription":{"type":"array","description":"Translatable description for spaces, allows to use basic [common mark formatting](https://commonmark.org/help/)","items":{"$ref":"#/components/schemas/TranslatedCommonMark"}},"floor":{"type":"integer","description":"Space floor","format":"int32"},"floorTotal":{"type":"integer","description":"Total number of floors in the coop/building","format":"int32"},"numRooms":{"minimum":1,"type":"integer","description":"Number of rooms, starts from 1","format":"int32"},"rent":{"type":"number","description":"Target montly rent for the space in euros","format":"float"},"mediaFee":{"type":"number","description":"Optional media fee (due to internet connection etc)","format":"float"},"waterFee":{"type":"number","description":"Optional water fee, although in practice this is probably set for all apartment spaces","format":"float"},"rooms":{"type":"array","description":"Human readable rooms configuration e.g. \"3H + K + S\"","items":{"$ref":"#/components/schemas/TranslatedString"}},"sauna":{"type":"boolean"},"size":{"type":"number","description":"Space size in square meters","format":"float"},"images":{"type":"array","items":{"$ref":"#/components/schemas/Image"}},"presentationUrl":{"type":"string","description":"Url into external apartment presentations (e.g. Matterport 360)"},"campaigns":{"type":"array","description":"Affecting campaigns","items":{"$ref":"#/components/schemas/Campaign"}},"updatedAt":{"$ref":"#/components/schemas/Timestamp"},"deletedAt":{"$ref":"#/components/schemas/Timestamp"}},"example":{"id":"1234-ea11-80cf","cooperativeName":"Vantaan Ruutulippu","cooperativeSlug":"vantaan-ruutulippu","name":"A 34","slug":"a-34","postalArea":"Vantaa","postalCode":"00750","address":"Ajolenkki 11 A 34","region":"Uusimaa","city":"Vantaa","district":"Keimola","coordinates":{"lat":60.29414,"lon":25.04099},"type":"Asuinhuoneisto","status":"Occupied","contracts":[{"startDate":"2020-05-21T10:00:00Z","endDate":"2022-01-31T23:59:59Z"},{"startDate":"2022-02-01T00:00:00Z"}],"commissioningDay":"2019-11-01T00:00:00Z","completionDay":"2019-11-15T00:00:00Z","floor":3,"floorTotal":14,"numRooms":2,"rent":890,"mediaFee":10,"waterFee":25,"sauna":true,"size":42.5,"rooms":[{"text":"2H + K + S","locale":"fi"}],"images":[{"url":"https://example.com/livingroom.png","tags":["Interior","Living room"]},{"url":"https://example.com/kitchen.png","tags":["Interior","Kitchen"]}],"campaigns":[{"heading":[{"text":"Ensimmäinen kuukausi 0€","locale":"fi"}],"description":[{"text":"Ensimmäinen kuukausi 0€. Koskee vain 1.5.2022 - 15.5.2022 välisenä aikana tehtyjä sopimuksia.","locale":"fi"}],"startDate":"2020-05-01T00:00:00Z","endDate":"2020-05-15T00:00:00Z"}],"presentationUrl":"https://my.matterport.com/models/PBRGVQyJDWb","updatedAt":"2020-05-30T13:00:00Z"}},"City":{"required":["name"],"type":"object","properties":{"name":{"type":"string"}}},"District":{"required":["city","name"],"type":"object","properties":{"name":{"type":"string"},"city":{"type":"string"}}},"Applicant":{"required":["additionalInfo","address","country","email","firstName","lastName","phone","ssn"],"type":"object","properties":{"firstName":{"type":"string"},"lastName":{"type":"string"},"email":{"type":"string"},"phone":{"type":"string"},"ssn":{"type":"string"},"address":{"type":"string","description":"Complete address including street etc"},"postalArea":{"type":"string","description":"Optional human readable postal area","example":"Seinäjoki"},"postalCode":{"type":"string","description":"Optional postal code","example":"60100"},"country":{"type":"string","description":"In what format should the country be provided? Fi or FIN or Finlang or something else?","example":"Finland"}}},"Application":{"required":["additionalInfo","additionalPersonsCount","applicants","cooperativeName","language","spaceName","startDate"],"type":"object","properties":{"language":{"type":"string","example":"fi","enum":["fi","en"]},"startDate":{"description":"Timestamp in UTC date-time format. Starting date (inclusive) for the rental contract.","allOf":[{"$ref":"#/components/schemas/Timestamp"}]},"endDate":{"description":"Timestamp in UTC date-time format. Optional ending date (inclusive) for the rental contract.","allOf":[{"$ref":"#/components/schemas/Timestamp"}]},"marketingPermission":{"type":"boolean","description":"Possible marketing permission field"},"applicants":{"maximum":1E+1,"minimum":1,"type":"array","description":"Array of applicants which will sign the contract","items":{"$ref":"#/components/schemas/Applicant"}},"additionalPersonsCount":{"maximum":3E+1,"minimum":0,"type":"integer","description":"Number of other persons who might be living in the apartment, but wont sign the contract i.e. children under 18, grandparents etc","format":"int32"},"additionalInfo":{"type":"string","description":"Additional information or wishies etc the applicant might provide. May also contain some server filled information about Joo+ services or wishes to visit the aparmentment (or not) before signing the contract."}},"example":{"language":"fi","startDate":"2021-05-01T00:00:00Z","marketingPermission":true,"applicants":[{"firstName":"Jane","lastName":"Doe","email":"jane@example.com","phone":"+123 4567890","ssn":"123456A1234","address":"Examplestreet 123, 01700 Vantaa","postalArea":"Vantaa","postalCode":"01700","country":"Finland"},{"firstName":"John","lastName":"Doe","email":"john@example.com","phone":"+321 0987654","ssn":"654321A1234","address":"Examplestreet 123, 01700 Vantaa","postalArea":"Vantaa","postalCode":"01700","country":"Finland"}],"additionalPersonsCount":1,"additionalInfo":"Interested in Joo+! We'd like to visit the apartment. Preferred times for visiting the apartment: every day between 17-20."}}},"responses":{"BadRequest":{"description":"Invalid syntax","content":{"application/json":{"schema":{"$ref":"#/components/schemas/Error"},"example":{"errors":[{"message":"Invalid query parameter 'district'. Valid values are 'city'."},{"message":"Invalid query parameter 'city' value. Valid values are 'helsinki, 'vantaa' or 'tampere'."}],"reqId":"123e4567-e89b-12d3-a456-426614174000"}}}},"Unauthorized":{"description":"API key is missing or invalid","content":{"application/json":{"schema":{"$ref":"#/components/schemas/Error"},"example":{"errors":[{"message":"API key is missing"}],"reqId":"123e4567-e89b-12d3-a456-426614174000"}}}},"NotFound":{"description":"Requested resource not found","content":{"application/json":{"schema":{"$ref":"#/components/schemas/Error"},"example":{"errors":[{"message":"Requested resource not found"}],"reqId":"123e4567-e89b-12d3-a456-426614174000"}}}},"MethodNotAllowed":{"description":"Requested method not allowed","content":{"application/json":{"schema":{"$ref":"#/components/schemas/Error"},"example":{"errors":[{"message":"Method 'Put' not allowed. Allowed methods are 'Get' and 'Post'."}],"reqId":"123e4567-e89b-12d3-a456-426614174000"}}}},"InternalServerError":{"description":"Internal server error","content":{"application/json":{"schema":{"$ref":"#/components/schemas/Error"},"example":{"errors":[{"message":"Internal server error"}],"reqId":"123e4567-e89b-12d3-a456-426614174000"}}}}},"parameters":{"city":{"name":"city","in":"query","description":"Limits requested data to a given city. The city name is in URL slug form ie. lower case, å -> a, ä -> a, ö -> o and spaces -> - character conversions have been done for the passed parameter.","required":false,"style":"form","explode":true,"schema":{"type":"string"},"example":"vantaa"},"district":{"name":"district","in":"query","description":"Limits requested cooperatives to a given district name. The name is in URL slug form ie. lower case, å -> a, ä -> a, ö -> o and spaces -> - character conversions have been done for the passed parameter.","required":false,"style":"form","explode":true,"schema":{"type":"string"},"example":"masala"},"deleted":{"name":"includeDeleted","in":"query","description":"Include also deleted elements into request results","required":false,"style":"form","explode":true,"schema":{"type":"boolean","default":false},"example":true},"limit":{"name":"limit","in":"query","description":"Maximum returned cooperatives limit. Used with page and cursor based pagination.","required":false,"style":"form","explode":true,"schema":{"maximum":1E+2,"minimum":1,"type":"integer","format":"int32","default":10},"example":20},"cursor":{"name":"cursor","in":"query","description":"Used with cursor based pagination. When set returns object _updated after_ cursor parameter. Shouldn't be used together with _page_ parameter.","required":false,"style":"form","explode":true,"schema":{"type":"string"},"example":"1095379198_345"},"page":{"name":"page","in":"query","description":"Page value, used with page-based pagination together with _limit_ parameter. Shouldn't be used together with _cursor_ parameter.","required":false,"style":"form","explode":true,"schema":{"minimum":1,"type":"integer","format":"int32"},"example":3},"cooperativeSlug":{"name":"cooperativeSlug","in":"path","description":"Cooperative slug. The cooperative slug is the cooperative name in URL slug form ie. lower case, å -> a, ä -> a, ö -> o and spaces -> - character conversions have been done for the passed parameter.","required":true,"style":"simple","explode":false,"schema":{"minLength":3,"type":"string"},"example":"nokian-varjaamo"},"cooperativeSlug-2":{"name":"cooperativeSlug","in":"query","description":"Limits requested data to a given cooperative. The cooperative name is in URL slug form ie. lower case, å -> a, ä -> a, ö -> o and spaces -> - character conversions have been done for the passed parameter.","required":false,"style":"form","explode":true,"schema":{"minLength":3,"type":"string"},"example":"nokian-varjaamo"},"apartmentType":{"name":"type","in":"query","description":"Limits requested spaces based on type","required":false,"style":"form","explode":true,"schema":{"type":"string","default":"asuinhuoneisto","enum":["asuinhuoneisto","parkkipaikka","all"]},"example":"all"},"spaceSlug":{"name":"spaceSlug","in":"path","description":"Space slug. The space name is in URL slug form ie. lower case, å -> a, ä -> a, ö -> o and spaces -> - character conversions have been done for the passed parameter.","required":true,"style":"simple","explode":false,"schema":{"minLength":3,"type":"string"},"example":"b-42"}},"securitySchemes":{"BearerAuth":{"type":"http","scheme":"bearer","bearerFormat":"JWT"}}}}