{"openapi":"3.0.0","info":{"title":"Content API","description":"Use the CreativeX API to create preflights","version":"1.2"},"servers":[{"url":"https://virtserver.swaggerhub.com/CreativeX/CreativeX/1.2","description":"SwaggerHub API Auto Mocking"},{"url":"https://creativex.com/api/v1"}],"paths":{"/presigned_url":{"get":{"summary":"Get a pre-signed url for an asset.","parameters":[{"name":"access_token","in":"query","description":"An access token is used to access organization level information.","required":true,"style":"form","explode":true,"schema":{"type":"string"}},{"name":"filename","in":"query","required":true,"style":"form","explode":true,"schema":{"type":"string"}}],"responses":{"200":{"description":"Successfully returned a pre-signed url.","content":{"application/json":{"schema":{"type":"string"}}}},"400":{"description":"Invalid request","content":{"application/json":{"schema":{"type":"object","properties":{"message":{"type":"string"}}}}}}}}},"/preflights/{id}":{"get":{"summary":"Get the status/details of a preflight.","parameters":[{"name":"access_token","in":"query","description":"An access token is used to access organization level information.","required":true,"style":"form","explode":true,"schema":{"type":"string"}},{"name":"id","in":"path","required":true,"style":"simple","explode":false,"schema":{"type":"string"}}],"responses":{"200":{"description":"Successfully returned a preflight.","content":{"application/json":{"schema":{"type":"object","properties":{"status":{"$ref":"#/components/schemas/PreflightStatus"},"preflight":{"$ref":"#/components/schemas/PreflightResult"}}}}}},"400":{"description":"Invalid request","content":{"application/json":{"schema":{"type":"object","properties":{"message":{"type":"string"}}}}}}}},"delete":{"summary":"Delete a preflight.","parameters":[{"name":"access_token","in":"query","description":"An access token is used to access organization level information.","required":true,"style":"form","explode":true,"schema":{"type":"string"}},{"name":"id","in":"path","required":true,"style":"simple","explode":false,"schema":{"type":"string"}}],"responses":{"200":{"description":"Successfully deleted a preflight."}}},"patch":{"summary":"Set the webhook url of a preflight.","parameters":[{"name":"access_token","in":"query","description":"An access token is used to access organization level information.","required":true,"style":"form","explode":true,"schema":{"type":"string"}},{"name":"id","in":"path","required":true,"style":"simple","explode":false,"schema":{"type":"string"}}],"requestBody":{"content":{"application/json":{"schema":{"type":"object","properties":{"webhook_url":{"type":"string"}}}}},"required":true},"responses":{"200":{"description":"Updated the preflight successfully."}}}},"/preflights/assets/{id}":{"get":{"summary":"Get the results of a given asset in a pre-flight.","parameters":[{"name":"access_token","in":"query","description":"An access token is used to access organization level information.","required":true,"style":"form","explode":true,"schema":{"type":"string"}},{"name":"id","in":"path","description":"CreativeX Asset ID","required":true,"style":"simple","explode":false,"schema":{"type":"string"}}],"responses":{"200":{"description":"Successfully returned asset results.","content":{"application/json":{"schema":{"type":"object","properties":{"preflight":{"$ref":"#/components/schemas/PreflightResult"}}}}}},"400":{"description":"Invalid request","content":{"application/json":{"schema":{"type":"object","properties":{"message":{"type":"string"}}}}}}}}},"/preflights":{"get":{"summary":"Get all preflights.","parameters":[{"name":"access_token","in":"query","description":"An access token is used to access organization level information.","required":true,"style":"form","explode":true,"schema":{"type":"string"}}],"responses":{"200":{"description":"Successfully returned all preflights.","content":{"application/json":{"schema":{"type":"array","items":{"$ref":"#/components/schemas/PreflightResult"}}}}},"400":{"description":"Invalid request","content":{"application/json":{"schema":{"type":"object","properties":{"message":{"type":"string"}}}}}}}},"post":{"summary":"Create a new preflight.","parameters":[{"name":"access_token","in":"query","description":"An access token is used to access organization level information.","required":true,"style":"form","explode":true,"schema":{"type":"string"}}],"requestBody":{"content":{"application/json":{"schema":{"$ref":"#/components/schemas/PreflightRequest"}}},"required":true},"responses":{"201":{"description":"Successfully created a preflight.","content":{"application/json":{"schema":{"type":"object","properties":{"id":{"type":"integer","description":"id of the newly created preflight."}}}}}},"400":{"description":"Invalid request","content":{"application/json":{"schema":{"type":"object","properties":{"message":{"type":"string"}}}}}}}}},"/preflights/brands":{"get":{"summary":"Get all available brands.","parameters":[{"name":"access_token","in":"query","description":"An access token is used to access organization level information.","required":true,"style":"form","explode":true,"schema":{"type":"string"}}],"responses":{"200":{"description":"Successfully returned all available brands.","content":{"application/json":{"schema":{"type":"object","properties":{"brands":{"type":"array","items":{"type":"string"}}}}}}},"400":{"description":"Invalid request","content":{"application/json":{"schema":{"type":"object","properties":{"message":{"type":"string"}}}}}}}}}},"components":{"schemas":{"Asset":{"type":"object","properties":{"url":{"type":"string"},"link_to_creativex":{"type":"string"},"content_type":{"type":"string","enum":["image"]},"filename":{"type":"string"}}},"AssetResult":{"allOf":[{"$ref":"#/components/schemas/Asset"},{"type":"object","properties":{"creativex_url":{"type":"string"},"creativex_id":{"type":"integer"}}},{"type":"object","properties":{"score":{"type":"integer"},"rule_results":{"type":"array","items":{"$ref":"#/components/schemas/RuleResult"}}}}]},"RuleResult":{"type":"object","properties":{"rule":{"type":"string"},"weight":{"type":"integer"},"passed":{"type":"boolean"}}},"PreflightStatus":{"type":"string","enum":["processing","completed","failed","received","error"]},"Preflight":{"type":"object","properties":{"name":{"type":"string"},"brand":{"type":"string"},"channel":{"type":"string","enum":["display_ads","fashiontv_paid","iqiyi_paid","mango_paid","out_of_home","point_of_sale","pptv_paid","rutube","sohu_paid","tencent_paid","toutiao_paid","tv_paid","wechat_paid","weibo_paid","xiaomi_paid","youku_paid","tiktok_paid","google_adwords","amazon_paid","dv360","facebook_paid","twitter_paid","youtube_organic","youtube_paid","facebook_organic","instagram_organic","twitter_organic","snapchat_paid","instagram_stories","instagram_paid","ok","vkontakte_paid","my_com","mail_ru","yandex","my_target_paid"]},"market":{"type":"string","enum":["Global","Afghanistan","Albania","Algeria","American Samoa","Andorra","Angola","Anguilla","Antarctica","Antigua and Barbuda","Argentina","Armenia","Aruba","Australia","Austria","Azerbaijan","Bahamas","Bahrain","Bangladesh","Barbados","Belarus","Belgium","Belize","Benin","Bermuda","Bhutan","Bolivia","Bonaire, Sint Eustatius and Saba","Bosnia and Herzegovina","Botswana","Bouvet Island","Brazil","British Indian Ocean Territory","Brunei Darussalam","Bulgaria","Burkina Faso","Burundi","Cabo Verde","Cambodia","Cameroon","Canada","Cayman Islands","Central","Central African Republic","Chad","Chile","China","Christmas Island","Cocos (Keeling) Islands","Colombia","Comoros","Congo","Congo (Democratic Republic of the)","Cook Islands","Costa Rica","Croatia","Cuba","Curaçao","Cyprus","Czechia","Côte d'Ivoire","Denmark","Djibouti","Dominica","Dominican Republic","Ecuador","Egypt","El Salvador","Equatorial Guinea","Eritrea","Estonia","Ethiopia","Falkland Islands (Malvinas)","Faroe Islands","Fiji","Finland","France","French Guiana","French Polynesia","French Southern Territories","Gabon","Gambia","Georgia","Germany","Ghana","Gibraltar","Greece","Greenland","Grenada","Guadeloupe","Guam","Guatemala","Guernsey","Guinea","Guinea-Bissau","Guyana","Haiti","Heard Island and McDonald Islands","Holy See","Honduras","Hong Kong","Hungary","Iceland","India","Indonesia","Iran (Islamic Republic of)","Iraq","Ireland","Isle of Man","Israel","Italy","Jamaica","Japan","Jersey","Jordan","Kazakhstan","Kenya","Kiribati","Korea (Democratic People's Republic of)","Kuwait","Kyrgyzstan","Lao People's Democratic Republic","Latvia","Lebanon","Lesotho","Liberia","Libya","Liechtenstein","Lithuania","Luxembourg","Macao","Macedonia (the former Yugoslav Republic of)","Madagascar","Malawi","Malaysia","Maldives","Mali","Malta","Marshall Islands","Martinique","Mauritania","Mauritius","Mayotte","Mexico","Micronesia (Federated States of)","Moldova (Republic of)","Monaco","Mongolia","Montenegro","Montserrat","Morocco","Mozambique","Myanmar","Namibia","Nauru","Nepal","Netherlands","New Caledonia","New Zealand","Nicaragua","Niger","Nigeria","Niue","Norfolk Island","Northern Mariana Islands","Norway","Oman","Pakistan","Palau","Palestine, State of","Panama","Papua New Guinea","Paraguay","Peru","Philippines","Pitcairn","Poland","Portugal","Puerto Rico","Qatar","Romania","Russia","Rwanda","Réunion","Saint Barthélemy","Saint Helena, Ascension and Tristan da Cunha","Saint Kitts and Nevis","Saint Lucia","Saint Martin (French part)","Saint Pierre and Miquelon","Saint Vincent and the Grenadines","Samoa","San Marino","Sao Tome and Principe","Saudi Arabia","Senegal","Serbia","Seychelles","Sierra Leone","Singapore","Sint Maarten (Dutch part)","Slovakia","Slovenia","Solomon Islands","Somalia","South Africa","South Georgia and the South Sandwich Islands","South Korea","South Sudan","Spain","Sri Lanka","Sudan","Suriname","Svalbard and Jan Mayen","Swaziland","Sweden","Switzerland","Syrian Arab Republic","Taiwan, Province of China","Tajikistan","Tanzania, United Republic of","Thailand","Timor-Leste","Togo","Tokelau","Tonga","Trinidad and Tobago","Tunisia","Turkey","Turkmenistan","Turks and Caicos Islands","Tuvalu","Uganda","Ukraine","United Arab Emirates","United Kingdom","United States Minor Outlying Islands","United States of America","Uruguay","Uzbekistan","Vanuatu","Venezuela","Vietnam","Virgin Islands (British)","Virgin Islands (U.S.)","Wallis and Futuna","Western Sahara","Yemen","Zambia","Zimbabwe","Åland Islands"]},"campaign_objective":{"type":"string","enum":["app_installs","brand_awareness","canvas_app_engagement","canvas_app_installs","conversions","event_responses","lead_generation","link_clicks","local_awareness","messages","mobile_app_engagement","mobile_app_installs","none","offer_claims","page_likes","post_engagement","product_catalog_sales","reach","store_visits","video_views"]},"assets":{"type":"array","items":{"$ref":"#/components/schemas/Asset"}}}},"PreflightRequest":{"allOf":[{"$ref":"#/components/schemas/Preflight"},{"type":"object","properties":{"placements":{"type":"array","items":{"$ref":"#/components/schemas/Placement"}}}}]},"PreflightResult":{"allOf":[{"$ref":"#/components/schemas/Preflight"},{"type":"object","properties":{"id":{"type":"integer"},"placements":{"$ref":"#/components/schemas/Placement"},"assets":{"type":"array","items":{"$ref":"#/components/schemas/AssetResult"}}}}]},"Placement":{"type":"object","properties":{"publisher":{"type":"string","enum":["facebook","instagram","audience_network","messenger"]},"placement":{"type":"string","enum":["facebook_groups_feed","facebook_stories","feed","instant_article","instream_video","marketplace","right_hand_column","search","search_serp","suggested_video","unknown","video_feeds","feed","instagram_explore","instagram_stories","an_classic","instream_video","rewarded_video","messenger_inbox","messenger_stories"]}}}},"responses":{"400Error":{"description":"Invalid request","content":{"application/json":{"schema":{"type":"object","properties":{"message":{"type":"string"}}}}}}},"parameters":{"AccessToken":{"name":"access_token","in":"query","description":"An access token is used to access organization level information.","required":true,"style":"form","explode":true,"schema":{"type":"string"}}}}}