{"openapi":"3.0.0","info":{"title":"ms-credit-prequalification","description":"Gestión de aplicaciones de créditos, en proceso de pre-calificación  para crédito hipotecario originadas en el portal público o mediante back office.\n","version":"1.0.3"},"servers":[{"url":"https://dev-api.apap.com.do"}],"paths":{"/v1/credits/prequalification":{"summary":"Precalificaciones de Crédito","description":"Gestión de precalificaciones de crédito, generadas mediante el portal `Público Hipotecario` o mediante el `Back Office de Crédito Hipotecario`.\n","get":{"tags":["Credit Prequalification"],"summary":"Paginación de aplicaciones de crédito","operationId":"getPaginationOfCreditApplication","parameters":[{"name":"pageNumber","in":"query","description":"Número de página a mostrar en la búsqueda","required":false,"style":"form","explode":true,"schema":{"minimum":0,"type":"integer","format":"int32","default":0}},{"name":"pageSize","in":"query","description":"Número de elementos máximos a mostrar por página en la búsqueda","required":false,"style":"form","explode":true,"schema":{"maximum":5E+1,"minimum":1,"type":"integer","format":"int32","default":30}},{"name":"orderBy","in":"query","description":"Campo para ordenamiento de resultados","required":false,"style":"form","explode":true,"schema":{"type":"string","default":"createdAt"}},{"name":"sortOrder","in":"query","description":"Ordenamiento ascendente y descendente  Son los siguientes valores:\n  - ASC - Ordenamiento Ascendente\n  - DESC - Ordenamiento Descendente\n","required":false,"style":"form","explode":true,"schema":{"type":"string","default":"ASC","enum":["ASC","DES"]}},{"name":"fromCreatedAt","in":"query","description":"Desde la fecha de Creación en formato `yyyy-mm-ddThh:mm:ss` definido en el RFC3339","required":false,"style":"form","explode":true,"schema":{"type":"string","format":"date-time"}},{"name":"toCreatedAt","in":"query","description":"Hasta la fecha de Creación en formato `yyyy-mm-ddThh:mm:ss` definido en el RFC3339","required":false,"style":"form","explode":true,"schema":{"type":"string","format":"date-time"}}],"responses":{"200":{"description":"Ok","content":{"application/json":{"schema":{"$ref":"#/components/schemas/PaginationOfCreditApplication"}}}},"400":{"description":"400 Bad Request","content":{"application/json":{"schema":{"$ref":"#/components/schemas/Error"},"examples":{"BadRequest":{"$ref":"#/components/examples/BadRequest"}}}}},"401":{"description":"401 Unauthorized","content":{"application/json":{"schema":{"$ref":"#/components/schemas/Error"},"examples":{"Unauthorized":{"$ref":"#/components/examples/Unauthorized"}}}}},"403":{"description":"403 Forbidden","content":{"application/json":{"schema":{"$ref":"#/components/schemas/Error"},"examples":{"Forbidden":{"$ref":"#/components/examples/Forbidden"}}}}},"404":{"description":"404 Not Found","content":{"application/json":{"schema":{"$ref":"#/components/schemas/Error"},"examples":{"NotFound":{"$ref":"#/components/examples/NotFound"}}}}},"500":{"description":"500 Internal Server Error","content":{"application/json":{"schema":{"$ref":"#/components/schemas/Error"},"examples":{"InternalServerError":{"$ref":"#/components/examples/InternalServerError"}}}}}}},"post":{"tags":["Credit Prequalification"],"summary":"Creación de nueva Aplicaciones de Crédito","operationId":"createdRequestV1","requestBody":{"$ref":"#/components/requestBodies/CreatedCreditApplicationBody"},"responses":{"201":{"description":"201 - Created","headers":{"location":{"style":"simple","explode":false,"schema":{"type":"string","description":"El header `location` indica la URL a la que redirigir una respuesta. Solo proporciona un significado cuando se sirve con una respuesta de estado 3xx (redireccionamiento) o (creado) 201. example: 'https://api.apap.com.do/v1/credit-applications/61fdb3ee79aab26e6d5e796e'\n"}}},"content":{"application/json":{"schema":{"$ref":"#/components/schemas/CreditApplicationDetail"}}}},"400":{"description":"400 Bad Request","content":{"application/json":{"schema":{"$ref":"#/components/schemas/Error"},"examples":{"BadRequest":{"$ref":"#/components/examples/BadRequest"}}}}},"401":{"description":"401 Unauthorized","content":{"application/json":{"schema":{"$ref":"#/components/schemas/Error"},"examples":{"Unauthorized":{"$ref":"#/components/examples/Unauthorized"}}}}},"403":{"description":"403 Forbidden","content":{"application/json":{"schema":{"$ref":"#/components/schemas/Error"},"examples":{"Forbidden":{"$ref":"#/components/examples/Forbidden"}}}}},"404":{"description":"404 Not Found","content":{"application/json":{"schema":{"$ref":"#/components/schemas/Error"},"examples":{"NotFound":{"$ref":"#/components/examples/NotFound"}}}}},"500":{"description":"500 Internal Server Error","content":{"application/json":{"schema":{"$ref":"#/components/schemas/Error"},"examples":{"InternalServerError":{"$ref":"#/components/examples/InternalServerError"}}}}}}}},"/v1/credits/prequalification/{creditApplicantionId}":{"summary":"Aplicaciones de Crédito","description":"Este recurso representa el detalle individual de una Aplicaciones de Crédito. Cada Aplicaciones de Crédito está identificada por un \"ID\" en formato `objectId`.\n","get":{"tags":["Credit Application"],"summary":"Detalle de Aplicaciones de Crédito por ID.","description":"Detalle de Aplicaciones de Crédito por ID.\n","operationId":"getCreditApplicationById","parameters":[{"name":"creditApplicantionId","in":"path","description":"Identificador único de Aplicaciones de Crédito en formato `objectId`","required":true,"style":"simple","explode":false,"schema":{"type":"string"}}],"responses":{"200":{"description":"Ok","content":{"application/json":{"schema":{"$ref":"#/components/schemas/CreditApplicationDetail"}}}},"400":{"description":"400 Bad Request","content":{"application/json":{"schema":{"$ref":"#/components/schemas/Error"},"examples":{"BadRequest":{"$ref":"#/components/examples/BadRequest"}}}}},"401":{"description":"401 Unauthorized","content":{"application/json":{"schema":{"$ref":"#/components/schemas/Error"},"examples":{"Unauthorized":{"$ref":"#/components/examples/Unauthorized"}}}}},"403":{"description":"403 Forbidden","content":{"application/json":{"schema":{"$ref":"#/components/schemas/Error"},"examples":{"Forbidden":{"$ref":"#/components/examples/Forbidden"}}}}},"404":{"description":"404 Not Found","content":{"application/json":{"schema":{"$ref":"#/components/schemas/Error"},"examples":{"NotFound":{"$ref":"#/components/examples/NotFound"}}}}},"500":{"description":"500 Internal Server Error","content":{"application/json":{"schema":{"$ref":"#/components/schemas/Error"},"examples":{"InternalServerError":{"$ref":"#/components/examples/InternalServerError"}}}}}}},"put":{"tags":["Credit Application"],"summary":"Actualización de Aplicaciones de Crédito por ID.","description":"Detalle de Aplicaciones de Crédito por ID.\n","operationId":"putCreditApplicantById","parameters":[{"name":"creditApplicantionId","in":"path","description":"Identificador único de Aplicaciones de Crédito en formato `objectId`","required":true,"style":"simple","explode":false,"schema":{"type":"string"}}],"responses":{"200":{"description":"Ok","content":{"application/json":{"schema":{"$ref":"#/components/schemas/CreditApplicationDetail"}}}},"400":{"description":"400 Bad Request","content":{"application/json":{"schema":{"$ref":"#/components/schemas/Error"},"examples":{"BadRequest":{"$ref":"#/components/examples/BadRequest"}}}}},"401":{"description":"401 Unauthorized","content":{"application/json":{"schema":{"$ref":"#/components/schemas/Error"},"examples":{"Unauthorized":{"$ref":"#/components/examples/Unauthorized"}}}}},"403":{"description":"403 Forbidden","content":{"application/json":{"schema":{"$ref":"#/components/schemas/Error"},"examples":{"Forbidden":{"$ref":"#/components/examples/Forbidden"}}}}},"404":{"description":"404 Not Found","content":{"application/json":{"schema":{"$ref":"#/components/schemas/Error"},"examples":{"NotFound":{"$ref":"#/components/examples/NotFound"}}}}},"500":{"description":"500 Internal Server Error","content":{"application/json":{"schema":{"$ref":"#/components/schemas/Error"},"examples":{"InternalServerError":{"$ref":"#/components/examples/InternalServerError"}}}}}}}},"/v1/credits/prequalification/{creditApplicantionId}/comments":{"summary":"Aplicaciones de Crédito","description":"Gestión de comentarios registrados por el Call Center en la aplicación de Crédito por su `id` único.\n","get":{"tags":["Credit Application Comments"],"summary":"Comentarios de aplicación de crédito.","description":"Consulta los comentarios registrados por un operador del Call Center, de número de teléfonos registrado, correo electrónico, redes sociales registradas en la aplicación de crédito.\n","operationId":"getCommentsByCreditApplicationId","parameters":[{"name":"creditApplicantionId","in":"path","description":"Identificador único de Aplicaciones de Crédito en formato `objectId`","required":true,"style":"simple","explode":false,"schema":{"type":"string"}}],"responses":{"200":{"description":"Ok","content":{"application/json":{"schema":{"$ref":"#/components/schemas/PaginationOfCreditApplicationComment"},"examples":{"PaginationOfCreditApplicationCommentExample":{"$ref":"#/components/examples/PaginationOfCreditApplicationCommentExample"}}}}}}},"post":{"tags":["Credit Application Comments"],"summary":"Creación de nuevo comentario de Aplicación de Crédito","operationId":"createdCreditApplicationCommentV1","parameters":[{"name":"creditApplicantionId","in":"path","description":"Identificador único de Aplicaciones de Crédito en formato `objectId`","required":true,"style":"simple","explode":false,"schema":{"type":"string"}}],"requestBody":{"$ref":"#/components/requestBodies/CreatedCreditApplicationCommentBody"},"responses":{"201":{"description":"201 - Created","headers":{"location":{"style":"simple","explode":false,"schema":{"type":"string","description":"El header `location` indica la URL a la que redirigir una respuesta. Solo proporciona un significado cuando se sirve con una respuesta de estado 3xx (redireccionamiento) o (creado) 201. example: 'https://api.apap.com.do/v1/credit-applications/61fdb3ee79aab26e6d5e796e/comments/6227aaa09287a2187fe06828'\n"}}},"content":{"application/json":{"schema":{"$ref":"#/components/schemas/CreditApplicationComment"},"examples":{"FullResponse":{"$ref":"#/components/examples/CreatedCreditApplicationCommentResponseExample"}}}}},"400":{"description":"400 Bad Request","content":{"application/json":{"schema":{"$ref":"#/components/schemas/Error"},"examples":{"BadRequest":{"$ref":"#/components/examples/BadRequest"}}}}},"401":{"description":"401 Unauthorized","content":{"application/json":{"schema":{"$ref":"#/components/schemas/Error"},"examples":{"Unauthorized":{"$ref":"#/components/examples/Unauthorized"}}}}},"403":{"description":"403 Forbidden","content":{"application/json":{"schema":{"$ref":"#/components/schemas/Error"},"examples":{"Forbidden":{"$ref":"#/components/examples/Forbidden"}}}}},"404":{"description":"404 Not Found","content":{"application/json":{"schema":{"$ref":"#/components/schemas/Error"},"examples":{"NotFound":{"$ref":"#/components/examples/NotFound"}}}}},"500":{"description":"500 Internal Server Error","content":{"application/json":{"schema":{"$ref":"#/components/schemas/Error"},"examples":{"InternalServerError":{"$ref":"#/components/examples/InternalServerError"}}}}}}}},"/v1/credits/prequalification/{creditApplicantionId}/applicants/{applicantId}/works/{workId}/comments":{"summary":"Aplicaciones de Crédito","description":"Gestión de comentarios registrados por el Call Center en el empleo registrado por el aplicante mediante su `id` único.\n","get":{"tags":["Work Comments"],"summary":"Comentarios de empleo.","description":"Consulta los comentarios registrados por un operador del Call Center, en el empleo registrado.\n","operationId":"getCommentsByWorkId","parameters":[{"name":"creditApplicantionId","in":"path","description":"Identificador único de Aplicaciones de Crédito en formato `objectId`","required":true,"style":"simple","explode":false,"schema":{"type":"string"}},{"name":"applicantId","in":"path","description":"Identificador único de aplicante de solicitud de Crédito en formato `objectId`","required":true,"style":"simple","explode":false,"schema":{"type":"string"}},{"name":"workId","in":"path","description":"Identificador único de empleo formato `objectId`","required":true,"style":"simple","explode":false,"schema":{"type":"string"}}],"responses":{"200":{"description":"Ok","content":{"application/json":{"schema":{"$ref":"#/components/schemas/PaginationOfWorkComment"},"examples":{"PaginationOfCreditApplicationCommentExample":{"$ref":"#/components/examples/PaginationOfWorkCommentExample"}}}}}}},"post":{"tags":["Work Comments"],"summary":"Creación de nuevo comentario de empleo","description":"Registra un nuevo comentario en un empleo de aplicante previamente registrado\n","operationId":"createdWorkCommentV1","parameters":[{"name":"creditApplicantionId","in":"path","description":"Identificador único de Aplicaciones de Crédito en formato `objectId`","required":true,"style":"simple","explode":false,"schema":{"type":"string"}},{"name":"applicantId","in":"path","description":"Identificador único de aplicante de solicitud de Crédito en formato `objectId`","required":true,"style":"simple","explode":false,"schema":{"type":"string"}},{"name":"workId","in":"path","description":"Identificador único de empleo formato `objectId`","required":true,"style":"simple","explode":false,"schema":{"type":"string"}}],"requestBody":{"$ref":"#/components/requestBodies/CreatedWorkCommentBody"},"responses":{"201":{"description":"201 - Created","headers":{"location":{"style":"simple","explode":false,"schema":{"type":"string","description":"El header `location` indica la URL a la que redirigir una respuesta. Solo proporciona un significado cuando se sirve con una respuesta de estado 3xx (redireccionamiento) o (creado) 201. example: 'https://api.apap.com.do/v1/credit-applications/61fdb3ee79aab26e6d5e796e/applicants/6234b98a30d1e8c12e8e033f/works/6227aaa09287a2187fe06828/comments/6234b9ac6a7b3ccde6c256e5'\n"}}},"content":{"application/json":{"schema":{"$ref":"#/components/schemas/CreatedWorkComment"},"examples":{"FullResponse":{"$ref":"#/components/examples/CreatedWorkResponseExample"}}}}},"400":{"description":"400 Bad Request","content":{"application/json":{"schema":{"$ref":"#/components/schemas/Error"},"examples":{"BadRequest":{"$ref":"#/components/examples/BadRequest"}}}}},"401":{"description":"401 Unauthorized","content":{"application/json":{"schema":{"$ref":"#/components/schemas/Error"},"examples":{"Unauthorized":{"$ref":"#/components/examples/Unauthorized"}}}}},"403":{"description":"403 Forbidden","content":{"application/json":{"schema":{"$ref":"#/components/schemas/Error"},"examples":{"Forbidden":{"$ref":"#/components/examples/Forbidden"}}}}},"404":{"description":"404 Not Found","content":{"application/json":{"schema":{"$ref":"#/components/schemas/Error"},"examples":{"NotFound":{"$ref":"#/components/examples/NotFound"}}}}},"500":{"description":"500 Internal Server Error","content":{"application/json":{"schema":{"$ref":"#/components/schemas/Error"},"examples":{"InternalServerError":{"$ref":"#/components/examples/InternalServerError"}}}}}}}}},"components":{"schemas":{"Error":{"required":["code","message"],"type":"object","properties":{"code":{"type":"string","description":"Código de error de solicitud"},"message":{"type":"string","description":"Mensaje de error de solicitud"}}},"AuhtorType":{"type":"string","description":"A continuación se listan los tipos de autores de un recurso:\n * `PROSPECT` - Prospecto\n * `CLIENT`   - Cliente\n * `EMPLOYED` - EMPLOYED\n","enum":["PROSPECT","CLIENT","EMPLOYED"]},"Author":{"title":"Autor del recurso registrado","required":["id","name","type"],"type":"object","properties":{"id":{"type":"string","description":"Identificador del autor del recurso"},"name":{"type":"string","description":"Nombre del autor del recurso registrado"},"type":{"$ref":"#/components/schemas/AuhtorType"}}},"MortagageType":{"title":"Tipo de cálculo de Hipoteca","type":"string","description":"Tipos de cálculo de Hipoteca:\n  * `AMOUNT` - Monto\n  * `FEE`    - Cuota\n","enum":["AMONUNT"]},"MortgageSimulationOutput":{"title":"Resultado de Simulación Hipotecaria","required":["amountExtraPrima","applicants","dateAproxSale","interest","priceSaleProperty","results","termExtraPrima","termToMonths","type"],"type":"object","properties":{"type":{"$ref":"#/components/schemas/MortagageType"},"loanAmount":{"maximum":4E+7,"minimum":1,"type":"number","description":"Monto del prestamo","format":"float"},"desiredFee":{"maximum":4E+7,"minimum":1,"type":"number","description":"Monto de la cuota","format":"float"},"priceSaleProperty":{"type":"number","description":"Precio de Venta del inmueble","format":"float"},"applicants":{"$ref":"#/components/schemas/ArrayOfApplicantMin"},"amountExtraPrima":{"type":"number","description":"Monto de prima de seguro de vida","format":"float"},"termToMonths":{"maximum":744,"minimum":12,"type":"number","description":"Plazo en meses","format":"int32"},"campaign":{"$ref":"#/components/schemas/Campaign"},"dateAproxSale":{"type":"string","description":"Fecha aproximada de compra en formato  `yyyy-mm-dd` siguiendo el formato de `full-date` - RFC3339","format":"date"},"results":{"type":"array","items":{"$ref":"#/components/schemas/SimulationResult"}}}},"SimulationType":{"type":"string","description":"A continuación se listan los tipos de simulación soportados:\n * `MORTAGAGE` - Simulación Hipotecaria\n","enum":["Mortagage"]},"SimulationMin":{"required":["id"],"type":"object","properties":{"id":{"type":"string","description":"Identificador único de simulación en formato `ObjectId`","example":"620450b85bb16b18c1eb5e4d"}}},"SimulationDetail":{"title":"Detalle de la simuación","required":["createdAt","createdBy","id","mortagage","output","type","updatedAt"],"type":"object","properties":{"id":{"type":"string","description":"Identificador único de simulación en formato `ObjectId`"},"type":{"$ref":"#/components/schemas/SimulationType"},"createdBy":{"$ref":"#/components/schemas/Author"},"mortagage":{"$ref":"#/components/schemas/MortgageSimulationOutput"},"createdAt":{"type":"string","description":"Fecha de creación de la simulación","format":"date-time"},"updatedAt":{"type":"string","description":"Fecha de última actualización de la simulación","format":"date-time"}}},"SimulationResult":{"title":"Detalle de la simulación","type":"object","properties":{"selected":{"type":"boolean","description":"Opción principal de la simulación."},"totalQuota":{"type":"number","description":"Cuota final","format":"float"},"amountCapitalQuotaIntere":{"type":"number","description":"Cuota sin suguro de vida","format":"float"},"lifeInsurance":{"type":"number","description":"Seguro de vida","format":"float"},"insuredValue":{"type":"number","description":"Valor del inmueble","format":"float"},"taxRate":{"type":"number","description":"Rango de tasa","format":"float"},"fireInsurence":{"type":"number","description":"Seguro de incendio","format":"float"},"insuranceAdministration":{"type":"number","description":"Impuestos gubernamental","format":"float"},"legalExpenses":{"type":"number","description":"Gastos Legales","format":"float"},"transferenceInsurance":{"type":"number","description":"Impuesto de transferencia, se calculo a partir del 3% del valor de inmueble","format":"float"}}},"CreatedWork":{"title":"Crear nuevo Empleo","required":["currentStartedAt","currentWorkFlag","existsInCatalogFlag","income"],"properties":{"type":{"title":"Tipo de Empleo","type":"object","properties":{"id":{"type":"string","example":"61fdb3ee79aab26e6d5e796e"},"name":{"type":"string","example":"Empleado privado"}}},"name":{"type":"string","description":"Nombre del empleo\n","example":"CLAUDIO CHEZ FILMS"},"existsInCatalogFlag":{"type":"boolean","description":"Indica si el registro actual existe en el catalogo de empresas\n","example":true},"employment":{"type":"string","description":"Puesto del empleo","example":"Asesor de Logística"},"currentWorkFlag":{"type":"boolean","description":"Indica si es el empleo actual"},"income":{"type":"integer","description":"Ingresos mensuales","format":"float"},"currentStartedAt":{"type":"string","description":"Fecha de ingreso del empleo","format":"date","example":"2022-02-01"},"beforeStartedAt":{"type":"string","description":"Fecha de ingreso al anterior empleo","format":"date","example":"2021-02-01"}}},"ArrayOfCreatedWork":{"title":"Coleción de trabajos","type":"array","items":{"$ref":"#/components/schemas/CreatedWork"}},"Work":{"title":"Empleo","properties":{"id":{"type":"string","description":"Identificador de nuevo empleo de aplicante.\n","example":"6203e62fd7bb91bd9b301c95"},"type":{"title":"Tipo de Empleo","type":"object","properties":{"id":{"type":"string","example":"61fdb3ee79aab26e6d5e796e"},"name":{"type":"string","example":"Empleado privado"}}},"name":{"type":"string","description":"Nombre del empleo\n","example":"CLAUDIO CHEZ FILMS"},"existsInCatalog":{"type":"boolean","description":"Indica si el registro actual existe en el catalogo de empresas\n","example":true},"employment":{"type":"string","description":"Puesto del empleo","example":"Asesor de Logística"},"currentWork":{"type":"boolean","description":"Indica si es el empleo actual"},"income":{"type":"integer","description":"Ingresos mensuales","format":"float"},"currentStartedAt":{"type":"string","description":"Fecha de ingreso del empleo","format":"date","example":"2022-02-01"},"beforeStartedAt":{"type":"string","description":"Fecha de ingreso al anterior empleo","format":"date","example":"2021-02-01"},"createdAt":{"type":"string","description":"Fecha de registro del empleo","format":"date-time"},"updatedAt":{"type":"string","description":"Fecha de última actualización del empleo","format":"date-time"}}},"ArrayOfWork":{"title":"Coleción de trabajos","type":"array","items":{"$ref":"#/components/schemas/Work"}},"PhoneTypeEnum":{"type":"string","description":"A continuación se lista la clasificación de teléfonos:\n * `PHONE_NUMBER` - Teléfono celular\n * `PHONE_HOUSE` - Teléfono fijo  \n * `OTHER` - Otro\n","enum":["PHONE_NUMBER","PHONE_HOUSE","OTHER"]},"ResidenceTypeEnum":{"type":"string","description":"A continuación se lista la clasificación de tipos de residencia:\n * `NATIONAL` - Nacional\n * `FOREIGN`  - Extranjero \n","enum":["NATIONAL","FOREIGN"]},"CivilStatusMin":{"title":"Estado Cívil","required":["id","name"],"type":"object","properties":{"id":{"type":"string","description":"Identificador único de estado cívil en formato `ObjectId`\n","example":"62044facf7e44c11be212ef6"},"name":{"type":"string","description":"Nombre del estado cívil.\n","example":"Soltero"}}},"Identification":{"title":"Identificación de aplicante","required":["documentId","documentTypeCode"],"type":"object","properties":{"documentTypeCode":{"type":"string","description":"Código de tipo de documento"},"documentId":{"type":"string","description":"Identificador único de número de documento, ex´siten tres caso:\n  - Cédula | Corresponde al númeor de cédula\n  - Pasaporte | Corresponde al número de pasaporte\n"}}},"ApplicantMin":{"title":"Mínimo de Aplicante","required":["age","email","name"],"type":"object","properties":{"name":{"type":"string","description":"Nombre del aplicante"},"email":{"type":"string","description":"Dirección de correo electrónico de aplicante","format":"email"},"age":{"maximum":9E+1,"minimum":18,"type":"number","description":"Edad del aplicante","format":"int32"}}},"CreatedApplicant":{"title":"Detalle de Aplicante","required":["age","civilStatus","creditHistory","email","identification","name","phoneNumber","phoneType","residenceCountry","residenceType","works"],"type":"object","properties":{"identification":{"$ref":"#/components/schemas/Identification"},"name":{"maxLength":50,"minLength":3,"type":"string","description":"Nombre del aplicante","example":"Cristian Gerardo"},"lastName":{"maxLength":50,"minLength":3,"type":"string","description":"Apellido paterno del aplicante","example":"Jaramillo"},"secondLastName":{"maxLength":50,"minLength":3,"type":"string","description":"Apellido materno del aplicante","example":"Cruz"},"age":{"maximum":9E+1,"minimum":18,"type":"number","description":"Edad del aplicante","format":"int32","example":28},"email":{"type":"string","description":"Correo electrónico del aplicante","format":"email","example":"cristian_gerar@hotmail.com"},"phoneType":{"$ref":"#/components/schemas/PhoneTypeEnum"},"phoneNumber":{"pattern":"^[0-9]{10}$","type":"string","description":"Número de teléfono del aplicante","example":"5582575441"},"segment":{"type":"string","description":"Segmento del aplicante"},"civilStatus":{"$ref":"#/components/schemas/CivilStatusMin"},"residenceType":{"$ref":"#/components/schemas/ResidenceTypeEnum"},"residenceCountry":{"maxLength":50,"type":"string","description":"Nombre del país de residencia","example":"República Dominicana"},"creditHistory":{"$ref":"#/components/schemas/CreatedCreditHistory"},"works":{"$ref":"#/components/schemas/ArrayOfCreatedWork"}}},"Applicant":{"title":"Detalle de Aplicante","required":["age","civilStatus","createdAt","creditHistory","email","name","phoneNumber","phoneType","residenceCountry","residenceType","updatedAt","works"],"type":"object","properties":{"identification":{"$ref":"#/components/schemas/Identification"},"name":{"maxLength":50,"minLength":3,"type":"string","description":"Nombre del aplicante","example":"Cristian Gerardo"},"lastName":{"maxLength":50,"minLength":3,"type":"string","description":"Apellido paterno del aplicante","example":"Jaramillo"},"secondLastName":{"maxLength":50,"minLength":3,"type":"string","description":"Apellido materno del aplicante","example":"Cruz"},"age":{"maximum":9E+1,"minimum":18,"type":"number","description":"Edad del aplicante","format":"int32","example":28},"email":{"type":"string","description":"Correo electrónico del aplicante","format":"email","example":"cristian_gerar@hotmail.com"},"phoneType":{"$ref":"#/components/schemas/PhoneTypeEnum"},"phoneNumber":{"pattern":"^[0-9]{10}$","type":"string","description":"Número de teléfono del aplicante","example":"5582575441"},"segment":{"type":"string","description":"Segmento del aplicante"},"civilStatus":{"$ref":"#/components/schemas/CivilStatusMin"},"residenceType":{"$ref":"#/components/schemas/ResidenceTypeEnum"},"residenceCountry":{"maxLength":50,"type":"string","description":"Nombre del país de residencia","example":"República Dominicana"},"createdAt":{"type":"string","description":"Fecha de creación de aplicante","format":"date-time"},"updatedAt":{"type":"string","description":"Fecha de última actualización de aplicante","format":"date-time"}}},"ApplicantDetail":{"title":"Detalle de Aplicante","required":["age","civilStatus","createdAt","creditHistory","email","name","phoneNumber","phoneType","residenceCountry","residenceType","updatedAt","works"],"type":"object","properties":{"identification":{"$ref":"#/components/schemas/Identification"},"name":{"maxLength":50,"minLength":3,"type":"string","description":"Nombre del aplicante","example":"Cristian Gerardo"},"lastName":{"maxLength":50,"minLength":3,"type":"string","description":"Apellido paterno del aplicante","example":"Jaramillo"},"secondLastName":{"maxLength":50,"minLength":3,"type":"string","description":"Apellido materno del aplicante","example":"Cruz"},"age":{"maximum":9E+1,"minimum":18,"type":"number","description":"Edad del aplicante","format":"int32","example":28},"email":{"type":"string","description":"Correo electrónico del aplicante","format":"email","example":"cristian_gerar@hotmail.com"},"phoneType":{"$ref":"#/components/schemas/PhoneTypeEnum"},"phoneNumber":{"pattern":"^[0-9]{10}$","type":"string","description":"Número de teléfono del aplicante","example":"5582575441"},"segment":{"type":"string","description":"Segmento del aplicante"},"civilStatus":{"$ref":"#/components/schemas/CivilStatusMin"},"residenceType":{"$ref":"#/components/schemas/ResidenceTypeEnum"},"residenceCountry":{"maxLength":50,"type":"string","description":"Nombre del país de residencia","example":"República Dominicana"},"creditHistory":{"$ref":"#/components/schemas/CreditHistory"},"works":{"$ref":"#/components/schemas/ArrayOfCreatedWork"},"createdAt":{"type":"string","description":"Fecha de creación de aplicante","format":"date-time"},"updatedAt":{"type":"string","description":"Fecha de última actualización de aplicante","format":"date-time"}}},"ArrayOfCreatedApplicant":{"title":"Colección de nuevos aplicantes","type":"array","items":{"$ref":"#/components/schemas/CreatedApplicant"}},"ArrayOfApplicant":{"title":"Colección de aplicantes con detalle","type":"array","items":{"$ref":"#/components/schemas/Applicant"}},"ArrayOfApplicantMin":{"title":"Collección de aplicantes mínimos","type":"array","items":{"$ref":"#/components/schemas/ApplicantMin"}},"Campaign":{"title":"Campaña Hipotecaria","required":["campaignCode","campaignName","id","interestRateSelected"],"type":"object","properties":{"id":{"type":"string","description":"Identificador único de campaña"},"campaignCode":{"type":"string","description":"Código de campaña"},"campaignName":{"type":"string","description":"Nombre de campaña"},"interestRateSelected":{"$ref":"#/components/schemas/InterestRate"}}},"ContentOfCampaign":{"title":"Colleción de Campañas Hipotecarias","type":"array","items":{"$ref":"#/components/schemas/Campaign"}},"PaginationOfCampaign":{"title":"Paginación de Simulaciones","type":"object","properties":{"content":{"$ref":"#/components/schemas/ContentOfCampaign"},"page":{"$ref":"#/components/schemas/Page"}}},"InterestRate":{"title":"Tasa de Interés","required":["id"],"type":"object","properties":{"id":{"type":"string","description":"Identificador único de tasa de interés asociado a una campaña."},"rate":{"type":"number","description":"Porcentaje de interés","format":"float"},"durationType":{"type":"string","description":"Tipos de duración de la tasa de interés:\n - Meses\n - Años\n - Fecha exacta\n"},"durationRate":{"type":"string","description":"Tiempo de sostenibilidad de la tasa de interés\n"}}},"ProductTypeEnum":{"type":"string","description":"A continuación se listan los tipos de simulación soportados:\n * `MORTAGAGE` - Simulación Hipotecaria\n","enum":["MORTAGAGE"]},"CreatedCreditApplication":{"title":"Creación de Aplicación de Solicitud","required":["applicant","campaign","loadIntention","productType","simulation"],"type":"object","properties":{"productType":{"$ref":"#/components/schemas/ProductTypeEnum"},"mortagageType":{"$ref":"#/components/schemas/MortagageType"},"loanAmount":{"maximum":4E+7,"minimum":1,"type":"number","description":"Monto del prestamo","format":"float"},"desiredFee":{"maximum":4E+7,"minimum":1,"type":"number","description":"Monto de la cuota","format":"float"},"priceSaleProperty":{"type":"number","description":"Precio de Venta del inmueble","format":"float"},"amountExtraPrima":{"type":"number","description":"Monto de prima de seguro de vida","format":"float"},"termToMonths":{"maximum":744,"minimum":12,"type":"number","description":"Plazo en meses","format":"int32"},"dateAproxSale":{"type":"string","description":"Fecha aproximada de compra en formato  `yyyy-mm-dd` siguiendo el formato de `full-date` - RFC3339","format":"date"},"loanIntetion":{"$ref":"#/components/schemas/LoanIntention"},"simulation":{"$ref":"#/components/schemas/SimulationMin"},"principal":{"$ref":"#/components/schemas/CreatedApplicant"},"applicants":{"$ref":"#/components/schemas/ArrayOfCreatedApplicant"},"campaign":{"$ref":"#/components/schemas/Campaign"}}},"CreditApplication":{"required":["applicants","campaign","createdAt","id","loadIntention","productType","simulation","updatedAt"],"type":"object","properties":{"id":{"type":"string","description":"Identificador único de la solicitud de aplicación en formato `ObjectId`"},"productType":{"$ref":"#/components/schemas/ProductTypeEnum"},"status":{"type":"string","description":"Estado de la Aplicaciones de Crédito\n"},"mortagageType":{"$ref":"#/components/schemas/MortagageType"},"loanAmount":{"maximum":4E+7,"minimum":1,"type":"number","description":"Monto del prestamo","format":"float"},"desiredFee":{"maximum":4E+7,"minimum":1,"type":"number","description":"Monto de la cuota","format":"float"},"priceSaleProperty":{"type":"number","description":"Precio de Venta del inmueble","format":"float"},"amountExtraPrima":{"type":"number","description":"Monto de prima de seguro de vida","format":"float"},"termToMonths":{"maximum":744,"minimum":12,"type":"number","description":"Plazo en meses","format":"int32"},"dateAproxSale":{"type":"string","description":"Fecha aproximada de compra en formato  `yyyy-mm-dd` siguiendo el formato de `full-date` - RFC3339","format":"date"},"loanIntetion":{"$ref":"#/components/schemas/LoanIntention"},"simulation":{"$ref":"#/components/schemas/SimulationMin"},"principal":{"$ref":"#/components/schemas/CreatedApplicant"},"campaign":{"$ref":"#/components/schemas/Campaign"},"createdAt":{"type":"string","description":"Fecha de creación de aplicación de crédito","format":"date-time"},"updatedAt":{"type":"string","description":"Fecha de última actualización de aplicación de crédito","format":"date-time"}}},"CreditApplicationDetail":{"title":"Detalle de Aplicaciones de Crédito","required":["applicant","campaign","createdAt","id","loadIntention","productType","simulation","updatedAt"],"type":"object","properties":{"id":{"type":"string","description":"Identificador único de la solicitud de aplicación en formato `ObjectId`"},"productType":{"$ref":"#/components/schemas/ProductTypeEnum"},"status":{"type":"string","description":"Estado de la Aplicaciones de Crédito\n"},"mortagageType":{"$ref":"#/components/schemas/MortagageType"},"loanAmount":{"maximum":4E+7,"minimum":1,"type":"number","description":"Monto del prestamo","format":"float"},"desiredFee":{"maximum":4E+7,"minimum":1,"type":"number","description":"Monto de la cuota","format":"float"},"priceSaleProperty":{"type":"number","description":"Precio de Venta del inmueble","format":"float"},"amountExtraPrima":{"type":"number","description":"Monto de prima de seguro de vida","format":"float"},"termToMonths":{"maximum":744,"minimum":12,"type":"number","description":"Plazo en meses","format":"int32"},"dateAproxSale":{"type":"string","description":"Fecha aproximada de compra en formato  `yyyy-mm-dd` siguiendo el formato de `full-date` - RFC3339","format":"date"},"loanIntetion":{"$ref":"#/components/schemas/LoanIntention"},"simulation":{"$ref":"#/components/schemas/SimulationMin"},"principal":{"$ref":"#/components/schemas/CreatedApplicant"},"applicants":{"$ref":"#/components/schemas/ArrayOfCreatedApplicant"},"campaign":{"$ref":"#/components/schemas/Campaign"},"createdAt":{"type":"string","description":"Fecha de creación de aplicación de crédito","format":"date-time"},"updatedAt":{"type":"string","description":"Fecha de última actualización de aplicación de crédito","format":"date-time"}}},"UpdateCreditApplication":{"title":"Actualización de Aplicación de Aplicaciones de Crédito","type":"object"},"ContentOfCreditApplication":{"type":"array","items":{"$ref":"#/components/schemas/CreditApplication"}},"PaginationOfCreditApplication":{"title":"Paginación de aplicaciónes de crédito","type":"object","properties":{"content":{"$ref":"#/components/schemas/ContentOfCreditApplication"},"page":{"$ref":"#/components/schemas/Page"}}},"LoanIntention":{"title":"Intención de compra","required":["id","name"],"type":"object","properties":{"id":{"type":"string","description":"Identificador único de intención de compra.\n"},"name":{"type":"string","description":"Nombre de la intención de compra.\n"},"destination":{"type":"string","description":"Destino de la intención de compra\n"},"purpose":{"type":"string","description":"Finalidad de la intención de compra\n"}}},"CreatedAuthorizationDocument":{"required":["documentCode","documentContentBase64"],"type":"object","properties":{"documentCode":{"type":"string"},"documentContentBase64":{"type":"string"}}},"AuthorizationDocument":{"required":["documentCode","documentContentBase64"],"type":"object","properties":{"documentId":{"type":"string"},"documentCode":{"type":"string"},"documentStatus":{"type":"string"}}},"CreatedCreditHistory":{"title":"Crear Autorización de Historial Crediticio","required":["autorizatedAt","autorizationFlag"],"type":"object","properties":{"autorizationFlag":{"type":"boolean","description":"Indicador de consetiemineto del aplicante para la consulta a buró de crédito.\n"},"autorizatedAt":{"type":"string","description":"Fecha y hora de aceptación de la autorización para la consulta de buró.\n","format":"date-time"},"authorizationDocument":{"$ref":"#/components/schemas/CreatedAuthorizationDocument"}}},"CreditHistory":{"title":"Historial de Crédito","required":["autorizatedAt","autorizationFlag"],"type":"object","properties":{"id":{"type":"string","description":"Identificador único de generado por la consulta del motor de buró interno\n"},"autorizationFlag":{"type":"boolean","description":"Indicador de consetiemineto del aplicante para la consulta a buró de crédito.\n"},"autorizatedAt":{"type":"string","description":"Fecha y hora de aceptación de la autorización para la consulta de buró.\n"},"authorizationDocument":{"$ref":"#/components/schemas/AuthorizationDocument"}}},"CreatedCreditApplicationComment":{"title":"Comentario del Call Center","required":["author","contactMessage","contactResult","contactType","contactValue"],"type":"object","properties":{"author":{"$ref":"#/components/schemas/Author"},"contactType":{"type":"string","description":"Tipo de contacto registrado.\n"},"contactValue":{"type":"string","description":"Número de teléfono, correco electrónico o red social registrada.\n"},"contactResult":{"type":"string","description":"Resultado del contacto realizado.\n"},"contactMessage":{"type":"string","description":"Mensaje adicional ingresado por el operador de call center.\n"}}},"CreditApplicationComment":{"title":"Comentario del Call Center","required":["author","contactMessage","contactResult","contactType","contactValue","createdAt","id"],"type":"object","properties":{"id":{"type":"string","description":"Identificador único de comentario"},"author":{"$ref":"#/components/schemas/Author"},"contactType":{"type":"string","description":"Tipo de contacto registrado.\n"},"contactValue":{"type":"string","description":"Número de teléfono, correco electrónico o red social registrada.\n"},"contactResult":{"type":"string","description":"Resultado del contacto realizado.\n"},"contactMessage":{"type":"string","description":"Mensaje adicional ingresado por el operador de call center.\n"},"createdAt":{"type":"string","description":"Fecha de creación del comentario del call center","format":"date-time"}}},"ContentOfCreditApplicationComment":{"title":"Colección de comentarios de aplicación de crédito","type":"array","items":{"$ref":"#/components/schemas/CreditApplicationComment"}},"PaginationOfCreditApplicationComment":{"title":"Paginación de comentarios de una aplicación de crédito","type":"object","properties":{"content":{"$ref":"#/components/schemas/ContentOfCreditApplicationComment"},"page":{"$ref":"#/components/schemas/Page"}}},"CreatedWorkComment":{"title":"Comentario del Call Center para empleo","required":["author","message"],"type":"object","properties":{"author":{"$ref":"#/components/schemas/Author"},"message":{"type":"string","description":"Mensaje adicional ingresado por el operador de call center.\n"}}},"WorkComment":{"title":"Comentario del Call Center","required":["author","createdAt","id","message"],"type":"object","properties":{"id":{"type":"string","description":"Identificador único de comentario"},"author":{"$ref":"#/components/schemas/Author"},"message":{"type":"string","description":"Mensaje adicional ingresado por el operador de call center.\n"},"createdAt":{"type":"string","description":"Fecha de creación del comentario del call center","format":"date-time"}}},"ContentOfWorkComment":{"title":"Colección de comentarios de aplicación de crédito","type":"array","items":{"$ref":"#/components/schemas/WorkComment"}},"PaginationOfWorkComment":{"title":"Paginación de comentarios de una aplicación de crédito","type":"object","properties":{"content":{"$ref":"#/components/schemas/ContentOfWorkComment"},"page":{"$ref":"#/components/schemas/Page"}}},"Link":{"type":"object","properties":{"key":{"type":"string"},"value":{"type":"string"}}},"LinkArray":{"type":"array","items":{"$ref":"#/components/schemas/Link"}},"Page":{"required":["number","size","totalElements","totalPages"],"type":"object","properties":{"number":{"type":"integer","description":"Número de página"},"size":{"type":"integer","description":"Número de elementos solicitados"},"totalPages":{"type":"integer","description":"Número de páginas encontradas"},"totalElements":{"type":"integer","description":"Total de coincidencias encontradas"}},"description":"Información de paginación"}},"responses":{"PaginationOfCreditApplicantResponse":{"description":"Ok","content":{"application/json":{"schema":{"$ref":"#/components/schemas/PaginationOfCreditApplication"}}}},"CreatedCreditApplicationResponse":{"description":"201 - Created","headers":{"location":{"style":"simple","explode":false,"schema":{"type":"string","description":"El header `location` indica la URL a la que redirigir una respuesta. Solo proporciona un significado cuando se sirve con una respuesta de estado 3xx (redireccionamiento) o (creado) 201. example: 'https://api.apap.com.do/v1/credit-applications/61fdb3ee79aab26e6d5e796e'\n"}}},"content":{"application/json":{"schema":{"$ref":"#/components/schemas/CreditApplicationDetail"}}}},"GetCreditApplicationByIdResponse":{"description":"Ok","content":{"application/json":{"schema":{"$ref":"#/components/schemas/CreditApplicationDetail"}}}},"PutCreditApplicationByIdResponse":{"description":"Ok","content":{"application/json":{"schema":{"$ref":"#/components/schemas/CreditApplicationDetail"}}}},"PaginationOfCreditApplicantCommentResponse":{"description":"Ok","content":{"application/json":{"schema":{"$ref":"#/components/schemas/PaginationOfCreditApplicationComment"},"examples":{"PaginationOfCreditApplicationCommentExample":{"$ref":"#/components/examples/PaginationOfCreditApplicationCommentExample"}}}}},"PaginationOfWorkCommentResponse":{"description":"Ok","content":{"application/json":{"schema":{"$ref":"#/components/schemas/PaginationOfWorkComment"},"examples":{"PaginationOfCreditApplicationCommentExample":{"$ref":"#/components/examples/PaginationOfWorkCommentExample"}}}}},"CreatedCreditApplicationCommentResponse":{"description":"201 - Created","headers":{"location":{"style":"simple","explode":false,"schema":{"type":"string","description":"El header `location` indica la URL a la que redirigir una respuesta. Solo proporciona un significado cuando se sirve con una respuesta de estado 3xx (redireccionamiento) o (creado) 201. example: 'https://api.apap.com.do/v1/credit-applications/61fdb3ee79aab26e6d5e796e/comments/6227aaa09287a2187fe06828'\n"}}},"content":{"application/json":{"schema":{"$ref":"#/components/schemas/CreditApplicationComment"},"examples":{"FullResponse":{"$ref":"#/components/examples/CreatedCreditApplicationCommentResponseExample"}}}}},"CreatedWorkCommentResponse":{"description":"201 - Created","headers":{"location":{"style":"simple","explode":false,"schema":{"type":"string","description":"El header `location` indica la URL a la que redirigir una respuesta. Solo proporciona un significado cuando se sirve con una respuesta de estado 3xx (redireccionamiento) o (creado) 201. example: 'https://api.apap.com.do/v1/credit-applications/61fdb3ee79aab26e6d5e796e/applicants/6234b98a30d1e8c12e8e033f/works/6227aaa09287a2187fe06828/comments/6234b9ac6a7b3ccde6c256e5'\n"}}},"content":{"application/json":{"schema":{"$ref":"#/components/schemas/CreatedWorkComment"},"examples":{"FullResponse":{"$ref":"#/components/examples/CreatedWorkResponseExample"}}}}},"NoContent":{"description":"204 No Content, successfully."},"BadRequest":{"description":"400 Bad Request","content":{"application/json":{"schema":{"$ref":"#/components/schemas/Error"},"examples":{"BadRequest":{"$ref":"#/components/examples/BadRequest"}}}}},"Unauthorized":{"description":"401 Unauthorized","content":{"application/json":{"schema":{"$ref":"#/components/schemas/Error"},"examples":{"Unauthorized":{"$ref":"#/components/examples/Unauthorized"}}}}},"Forbidden":{"description":"403 Forbidden","content":{"application/json":{"schema":{"$ref":"#/components/schemas/Error"},"examples":{"Forbidden":{"$ref":"#/components/examples/Forbidden"}}}}},"NotFound":{"description":"404 Not Found","content":{"application/json":{"schema":{"$ref":"#/components/schemas/Error"},"examples":{"NotFound":{"$ref":"#/components/examples/NotFound"}}}}},"InternalServerError":{"description":"500 Internal Server Error","content":{"application/json":{"schema":{"$ref":"#/components/schemas/Error"},"examples":{"InternalServerError":{"$ref":"#/components/examples/InternalServerError"}}}}}},"parameters":{"PageNumberQueryParam":{"name":"pageNumber","in":"query","description":"Número de página a mostrar en la búsqueda","required":false,"style":"form","explode":true,"schema":{"minimum":0,"type":"integer","format":"int32","default":0}},"PageSizeQueryParam":{"name":"pageSize","in":"query","description":"Número de elementos máximos a mostrar por página en la búsqueda","required":false,"style":"form","explode":true,"schema":{"maximum":5E+1,"minimum":1,"type":"integer","format":"int32","default":30}},"OrderByQueryParam":{"name":"orderBy","in":"query","description":"Campo para ordenamiento de resultados","required":false,"style":"form","explode":true,"schema":{"type":"string","default":"createdAt"}},"SortOrderQueryParam":{"name":"sortOrder","in":"query","description":"Ordenamiento ascendente y descendente  Son los siguientes valores:\n  - ASC - Ordenamiento Ascendente\n  - DESC - Ordenamiento Descendente\n","required":false,"style":"form","explode":true,"schema":{"type":"string","default":"ASC","enum":["ASC","DES"]}},"FromCreatedAtQueryParam":{"name":"fromCreatedAt","in":"query","description":"Desde la fecha de Creación en formato `yyyy-mm-ddThh:mm:ss` definido en el RFC3339","required":false,"style":"form","explode":true,"schema":{"type":"string","format":"date-time"}},"ToCreatedAtQueryParam":{"name":"toCreatedAt","in":"query","description":"Hasta la fecha de Creación en formato `yyyy-mm-ddThh:mm:ss` definido en el RFC3339","required":false,"style":"form","explode":true,"schema":{"type":"string","format":"date-time"}},"CreditApplicationIdPathParam":{"name":"creditApplicantionId","in":"path","description":"Identificador único de Aplicaciones de Crédito en formato `objectId`","required":true,"style":"simple","explode":false,"schema":{"type":"string"}},"ApplicantIdPathParam":{"name":"applicantId","in":"path","description":"Identificador único de aplicante de solicitud de Crédito en formato `objectId`","required":true,"style":"simple","explode":false,"schema":{"type":"string"}},"WorkIdPathParam":{"name":"workId","in":"path","description":"Identificador único de empleo formato `objectId`","required":true,"style":"simple","explode":false,"schema":{"type":"string"}}},"examples":{"PaginationOfCreditApplicationCommentExample":{"value":{"content":[{"id":"6227ef924af9d4595b39a972","author":{"id":"cjaramillo","name":"Cristian Jaramillo","type":"EMPLOYMENT"},"contactType":"Teléfono","contactValue":"8090000000","contactResult":"No contactado","contactMessage":"Salio 3 veces la contestadora","createdAt":"2022-03-09T00:05:10.427Z"}],"page":{"number":0,"size":20,"totalPages":1,"totalElements":20}}},"CreatedCreditApplicationCommentRequestBodyExample":{"value":{"author":{"id":"cjaramillo","name":"Cristian Jaramillo","type":"EMPLOYMENT"},"contactType":"Teléfono","contactValue":"8090000000","contactResult":"No contactado","contactMessage":"Salio 3 veces la contestadora"}},"CreatedCreditApplicationCommentResponseExample":{"value":{"id":"6227ef924af9d4595b39a972","author":{"id":"cjaramillo","name":"Cristian Jaramillo","type":"EMPLOYMENT"},"contactType":"Teléfono","contactValue":"8090000000","contactResult":"No contactado","contactMessage":"Salio 3 veces la contestadora","createdAt":"2022-03-09T00:05:10.427Z"}},"PaginationOfWorkCommentExample":{"value":{"content":[{"id":"6227ef924af9d4595b39a972","author":{"id":"cjaramillo","name":"Cristian Jaramillo","type":"EMPLOYMENT"},"message":"Empleo no registrado","createdAt":"2022-03-09T00:05:10.427Z"}],"page":{"number":0,"size":20,"totalPages":1,"totalElements":20}}},"CreatedWorkCommentRequestBodyExample":{"value":{"author":{"id":"cjaramillo","name":"Cristian Jaramillo","type":"EMPLOYMENT"},"message":"Empleo no registrado"}},"CreatedWorkResponseExample":{"value":{"id":"6227ef924af9d4595b39a972","author":{"id":"cjaramillo","name":"Cristian Jaramillo","type":"EMPLOYMENT"},"contactType":"Teléfono","contactValue":"8090000000","contactResult":"No contactado","contactMessage":"Empleo no registrado","createdAt":"2022-03-09T00:05:10.427Z"}},"BadRequest":{"value":{"code":"400","message":"The server cannot or will not process the request due to something that is perceived to be a client error (e.g., malformed request syntax, invalid request message framing, or deceptive request routing).\n"}},"Unauthorized":{"value":{"code":"401","message":"The request has not been applied because it lacks valid authentication  credentials for the target resource\n"}},"Forbidden":{"value":{"code":"403","message":"The server understood the request but refuses to authorize it.\n"}},"NotFound":{"value":{"code":"404","message":"The origin server did not find a current representation for the target resource or is not willing to disclose that one exists.\n"}},"InternalServerError":{"value":{"code":"500","message":"The server encountered an unexpected condition that prevented it from fulfilling the request.\n"}}},"requestBodies":{"CreatedCreditApplicationBody":{"description":"Contiene los datos mínimos para la creación de una Aplicaciones de Crédito","content":{"application/json":{"schema":{"$ref":"#/components/schemas/CreatedCreditApplication"}}},"required":true},"CreatedCreditApplicationCommentBody":{"description":"Contiene los datos mínimos para la creación de un comentario para una Aplicación de Crédito","content":{"application/json":{"schema":{"$ref":"#/components/schemas/CreatedCreditApplicationComment"},"examples":{"FullRequestBody":{"$ref":"#/components/examples/CreatedCreditApplicationCommentRequestBodyExample"}}}},"required":true},"CreatedWorkCommentBody":{"description":"Contiene los datos mínimos para la creación de un comentario de un empleo registrado","content":{"application/json":{"schema":{"$ref":"#/components/schemas/CreatedWorkComment"},"examples":{"FullRequestBody":{"$ref":"#/components/examples/CreatedWorkCommentRequestBodyExample"}}}},"required":true}}}}