{"openapi":"3.0.0","info":{"title":"Maker-Zone/backend","description":"router> ${URL_CLIENT}/api/v1/","version":"1.3.0"},"servers":[{"url":"https://virtserver.swaggerhub.com/CS-Leslie/MakerZone/1.3.0","description":"SwaggerHub API Auto Mocking"},{"url":"http://localhost:3001/api/v1/","description":"SwaggerHub API Auto Mocking"}],"paths":{"/signup":{"post":{"tags":["Auth"],"summary":"Create a new user.","requestBody":{"description":"The name of the keys must be the same.","content":{"application/json":{"schema":{"required":["acceptedTerms","birthDay","email","password","username"],"type":"object","properties":{"username":{"minLength":60,"type":"string"},"birthDay":{"type":"string","format":"date"},"email":{"pattern":"email","type":"string"},"password":{"maxLength":100,"type":"string"},"acceptedTerms":{"type":"boolean","default":false}},"example":{"username":"Yonathan Berith Jaramillo Ramírez","birthDay":"17/08/1997","email":"test@mail.com","password":"makerzonepass","acceptedTerms":true}}}},"required":true},"responses":{"201":{"description":"SEND EMAIL","content":{"application/json":{"schema":{"type":"object","properties":{"message":{"type":"string"}},"example":{"message":"We've sent an email to you!"}}}}},"400":{"description":"EMAIL TAKEN, have three options.","content":{"application/json":{"schema":{"type":"object","properties":{"message":{"type":"string"}},"example":[{"message":"The email is already taken!"},{"message":"There was a problem creating the user"},{"message":"There was an error sending the email"}]}}}},"401":{"description":"EMAIL IS TAKEN","content":{"application/json":{"schema":{"type":"object","properties":{"message":{"type":"string"}},"example":{"message":"The email is already taken!"}}}}},"403":{"description":"EMAIL BANNED","content":{"application/json":{"schema":{"type":"object","properties":{"message":{"type":"string"}},"example":{"message":"This email is banned"}}}}}}}},"/login":{"post":{"tags":["Auth"],"summary":"Allow someone to go through the procedures.","description":"This operation shows how to override the global security defined above, as we want to open it up for all users.        ","requestBody":{"description":"The name of the keys must be the same.","content":{"application/json":{"schema":{"required":["email","password"],"type":"object","properties":{"email":{"pattern":"email","type":"string"},"password":{"maxLength":100,"type":"string"}},"example":{"email":"q@gmail.com","password":"password"}}}},"required":true},"responses":{"200":{"description":"User logged in successfully","content":{"application/json":{"schema":{"type":"object","properties":{"message":{"type":"string"},"username":{"type":"string"},"avatar":{"type":"string"},"token":{"type":"string"}},"example":{"message":"User was created successfully","username":"Leslie","avatar":"any_link","token":"any_bearerToken"}}}}},"401":{"description":"Account not verified","content":{"application/json":{"schema":{"type":"object","properties":{"message":{"type":"string"}},"example":{"message":"Account not verified"}}}}},"403":{"description":"Password or email is incorrect","content":{"application/json":{"schema":{"type":"object","properties":{"message":{"type":"string"}},"example":{"message":"Password or email is incorrect"}}}}},"404":{"description":"User not found","content":{"application/json":{"schema":{"type":"object","properties":{"message":{"type":"string"}},"example":{"message":"User not found"}}}}},"412":{"description":"Email and password are required","content":{"application/json":{"schema":{"type":"object","properties":{"message":{"type":"string"}},"example":{"message":"Email and password are required"}}}}}}}},"/forgot-password":{"put":{"tags":["Auth"],"summary":"Allow someone to go through the procedures.","description":"Send a email to reset password ","requestBody":{"description":"The name of the keys must be the same.","content":{"application/json":{"schema":{"required":["email","redirect"],"type":"object","properties":{"email":{"pattern":"email","type":"string"},"redirect":{"type":"string"}},"example":{"email":"q@gmail.com","redirect":"URL_CLIENT/any_link"}}}},"required":true},"responses":{"200":{"description":"SEND TOKEN","content":{"application/json":{"schema":{"type":"object","properties":{"message":{"type":"string"}},"example":["<FIRST OPTION>","any_token","<SECOND OPTION>",{"message":"The email has been sent!"}]}}}},"400":{"description":"ERROR SENDING TOKEN","content":{"application/json":{"schema":{"type":"object","properties":{"message":{"type":"string"}},"example":["<FIRST OPTION>",{"message":"This email is not associated with any account!"},"<SECOND OPTION>",{"error":"Error sending link to reset password!"}]}}}}}}},"/reset-password/:{token}":{"put":{"tags":["Auth"],"summary":"url to resert password","description":"URL TO RESET PASSWORD, then redirect to screen.","parameters":[{"name":"token","in":"path","description":"Alphanumeric ID of the user to get","required":true,"style":"simple","explode":false,"schema":{"type":"string"}}],"responses":{"200":{"description":"SEND TOKEN","content":{"application/json":{"schema":{"type":"object","properties":{"message":{"type":"string"}},"example":["<FIRST OPTION>","any_token","<SECOND OPTION>",{"message":"The email has been sent!"}]}}}}}}},"/email/confirm/:{token}":{"get":{"tags":["Auth"],"summary":"Confirm email.","description":"This operation is necesary to log in.     ","parameters":[{"name":"token","in":"path","description":"Alphanumeric ID of the user to get","required":true,"style":"simple","explode":false,"schema":{"type":"string"}}],"responses":{"202":{"description":"REDIRECT TO login screen.","content":{"application/json":{"schema":{"type":"object","properties":{"redirectTo":{"type":"string"}},"example":{"redirectTo":"CLIENT_URL"}}}}},"400":{"description":"There are two options. IS NOT THE SAME LINK, bdd -> user email or confim email error","content":{"application/json":{"schema":{"type":"object","properties":{"message":{"type":"string"}},"example":["FIRST OPTION>",{"message":"Could not generate link."},"SECOND OPTION>",{"message":"Something went wrong in confirm email."}]}}}},"401":{"description":"ERROR GENERATING URL","content":{"application/json":{"schema":{"type":"object","properties":{"message":{"type":"string"}},"example":{"message":"It is not the same link"}}}}}}}},"/contacts/sendFriendRequest/:{contactId}":{"patch":{"tags":["User"],"summary":"Send friend request.","description":"Send friend request","parameters":[{"name":"contactId","in":"path","description":"Alphanumeric ID of the user to get","required":true,"style":"simple","explode":false,"schema":{"type":"string"}}],"responses":{"200":{"description":"SEND TOKEN","content":{"application/json":{"schema":{"type":"object","properties":{"message":{"type":"string"}},"example":["<FIRST OPTION>","any_token","<SECOND OPTION>",{"message":"The email has been sent!"}]}}}}},"security":[{"bearerAuth":["read"]}]}}},"components":{"securitySchemes":{"bearerAuth":{"type":"http","scheme":"bearer","bearerFormat":"JWT"}}}}