{"openapi":"3.0.0","info":{"title":"FIS API","description":"This API exposes information from the CSIU's Financial Information System (FIS). \n\nVersion 1.0.0 is generally focused on Staff Information in regards to Demographics, Insurance, W2, and Hourly/Daily Reporting as used by NavigateHCR.\n\nEach client has their own unique site and URL. In general, requests must be accompanied with a 'FIS-API-KEY' header with an API Key generated by the Client in their FIS.","contact":{"email":"nkriner@csiu.org"},"version":"1.0.0"},"servers":[{"url":"https://virtserver.swaggerhub.com/CSIU-Developers/FIS/1.0.0","description":"SwaggerHub API Auto Mocking"},{"url":"https://{serverID}.csiu-technology.org/{clientWebID}/api/v1","description":"FIS Sites","variables":{"serverID":{"description":"Server assigned to the Client.","default":"fis","enum":["fis","fis2","fis3","fis4","fis5","fis6","fis7","fis8","fis9","fis10"]},"clientWebID":{"description":"Client's Web ID. \nThis is used when building a URL for their website, and is usually, but not always, the same as thier Client ID.\nA Client's Web ID can be up to 50 characters.\n","default":"CSIU"}}}],"security":[{"FIS-API-Key":[]}],"tags":[{"name":"NHCR","description":"Implemented for NHCR usage"}],"paths":{"/NHCR":{"get":{"tags":["NHCR"],"summary":"returns generic information about a Client","description":"Provides general information about a Client needed for NHCR onboarding.\n","responses":{"200":{"description":"Agency Information","content":{"application/json":{"schema":{"type":"object","properties":{"agencyName":{"maxLength":75,"minLength":1,"type":"string","description":"The Client-entered name of their Agency.","example":"CENTRAL SUSQUEHANNA INT. UNIT"},"agencyID":{"maxLength":4,"minLength":1,"type":"string","description":"A FIS-defined identifier for the Client.\n\nThis is the ID used for a client when they make support calls, but does not necessarily match clientWebID in their URL.\n","example":"CSIU"},"agencyType":{"type":"string","description":"Client's Agency Type","example":"IU","enum":["School District","IU","Charter School","Vo-Tech","Other"]},"averageStaffCount":{"type":"integer","description":"Average number of Staff for the Client.\n\nIf today's day is greater than the 5th of the month, this average comes from the prior month.\n\nOtherwise, this average is from two months prior.\n","example":500},"purchased":{"type":"boolean","description":"True when the client has notified us that they have purchased ACA reporting capabilities from NavigateHCR.\n"}}}}}}},"security":[]}},"/NHCR/Agency/EIN":{"get":{"tags":["NHCR"],"summary":"returns Agency's EIN","description":"Returns the Agency's EIN.\n","responses":{"200":{"description":"Agency EIN","content":{"application/json":{"schema":{"properties":{"ein":{"maxLength":9,"minLength":9,"description":"Client's Employer Identification Number (EIN), also known as a Federal Tax Identification Number.\n","example":"001111111"}}}}}},"401":{"description":"Authentication information is missing or invalid.","headers":{"FIS-API-KEY":{"description":"Generated by a client in their FIS.","style":"simple","explode":false,"schema":{"type":"string"}}}},"403":{"description":"Authentication information is invalid.","headers":{"FIS-API-KEY":{"description":"Generated by a client in their FIS.","style":"simple","explode":false,"schema":{"type":"string"}}}}}}},"/NHCR/Staff/Demographics":{"get":{"tags":["NHCR"],"summary":"returns information on Staff Demographics","description":"Provides general information on Staff including Staff ID (used to associate a staff with other information), Birth Date, SSN, Name, and Address.\n","parameters":[{"name":"year","in":"query","description":"Restricts results to Staff with information in the given year.\n\nIf year is not provided, it defaults to the prior year.\n","required":false,"style":"form","explode":true,"schema":{"type":"integer"}},{"name":"staffID","in":"query","description":"Restricts results to Staff with the given Staff ID.\n\nIf Staff ID is not provided, only Staff who have either Pay History (checks) or Medical Insurance information are returned.\n","required":false,"style":"form","explode":true,"schema":{"type":"integer"}}],"responses":{"200":{"description":"Staff Demographics","content":{"application/json":{"schema":{"type":"array","items":{"$ref":"#/components/schemas/Staff"}}}}},"401":{"description":"Authentication information is missing or invalid.","headers":{"FIS-API-KEY":{"description":"Generated by a client in their FIS.","style":"simple","explode":false,"schema":{"type":"string"}}}},"403":{"description":"Authentication information is invalid.","headers":{"FIS-API-KEY":{"description":"Generated by a client in their FIS.","style":"simple","explode":false,"schema":{"type":"string"}}}}}}},"/NHCR/Staff/Insurances":{"get":{"tags":["NHCR"],"summary":"returns information on Staff Insurances","description":"Provides information on Staff Insurances\n","parameters":[{"name":"year","in":"query","description":"Restricts results to Staff with information in the given year.\n\nIf year is not provided, it defaults to the prior year.\n","required":false,"style":"form","explode":true,"schema":{"type":"integer"}},{"name":"staffID","in":"query","description":"Restricts results to Staff with the given Staff ID.\n\nIf Staff ID is not provided, only Staff who have either Pay History (checks) or Medical Insurance information are returned.\n","required":false,"style":"form","explode":true,"schema":{"type":"integer"}}],"responses":{"200":{"description":"Success","content":{"application/json":{"schema":{"type":"array","items":{"type":"object","properties":{"staffID":{"type":"integer","example":12345},"staffInsurances":{"type":"array","items":{"$ref":"#/components/schemas/StaffInsurance"}}}}}}}},"401":{"description":"Authentication information is missing or invalid.","headers":{"FIS-API-KEY":{"description":"Generated by a client in their FIS.","style":"simple","explode":false,"schema":{"type":"string"}}}},"403":{"description":"Authentication information is invalid.","headers":{"FIS-API-KEY":{"description":"Generated by a client in their FIS.","style":"simple","explode":false,"schema":{"type":"string"}}}}}}},"/NHCR/Staff/W2":{"get":{"tags":["NHCR"],"summary":"returns Box 1 and Box 12 DD for Staff","description":"Provides amounts from Box 1 and Box 12, Code DD, for Staff.","parameters":[{"name":"year","in":"query","description":"Restricts results to Staff with information in the given year.\n\nIf year is not provided, it defaults to the prior year.\n","required":false,"style":"form","explode":true,"schema":{"type":"integer"}},{"name":"staffID","in":"query","description":"Restricts results to Staff with the given Staff ID.\n\nIf Staff ID is not provided, only Staff who have either Pay History (checks) or Medical Insurance information are returned.\n","required":false,"style":"form","explode":true,"schema":{"type":"integer"}}],"responses":{"200":{"description":"Success","content":{"application/json":{"schema":{"type":"array","items":{"type":"object","properties":{"staffID":{"type":"integer","description":"Integer identifier for a Staff in the Client's FIS. Staff IDs are unique per Client.\n\nThis is not sensitive information. Clients frequently use Staff ID for imports/exports to avoid using SSN when possible.\n","example":12345},"w2Box1":{"type":"number","description":"Amount reported in Box 1 of a Staff's W2 issued by the Client for the given year.\n","example":52435.22},"w2Box12":{"type":"number","description":"Amount reported in Box 12 with code DD on a Staff's W2 issued by the Client for the given year.\n","example":8243.55}}}}}}},"204":{"description":"Request was successful, but W2 Information is not available for the given year.\n\nThis could either be because the Client did not do W2 Calculations in the FIS that year, or they started the W2 Calculation process but have not finalized it.\n"},"401":{"description":"Authentication information is missing or invalid.","headers":{"FIS-API-KEY":{"description":"Generated by a client in their FIS.","style":"simple","explode":false,"schema":{"type":"string"}}}},"403":{"description":"Authentication information is invalid.","headers":{"FIS-API-KEY":{"description":"Generated by a client in their FIS.","style":"simple","explode":false,"schema":{"type":"string"}}}}}}},"/NHCR/Staff/MonthlyTimeTracking":{"get":{"tags":["NHCR"],"summary":"returns hours and days Staff were paid for","description":"Provides information on Insurance Plans, Coverage Types, and Coverage Rates. This information describes Insurance Plans set up in the FIS.\n","parameters":[{"name":"year","in":"query","description":"Restricts results to the given year.\n","required":true,"style":"form","explode":true,"schema":{"type":"integer"}},{"name":"month","in":"query","description":"Restricts results to the given month.\n","required":true,"style":"form","explode":true,"schema":{"type":"integer"}},{"name":"excludeFullTime","in":"query","description":"When this is true, staff with an employment status of Full-time will be excluded from the results.\n","required":false,"style":"form","explode":true,"schema":{"type":"boolean","default":true}},{"name":"onlyWithUnits","in":"query","description":"When this is true, only staff with Hours, Overtime Hours, or Days will be included.\n","required":false,"style":"form","explode":true,"schema":{"type":"boolean","default":true}}],"responses":{"200":{"description":"Success","content":{"application/json":{"schema":{"type":"array","items":{"type":"object","properties":{"staffID":{"type":"integer","example":12345},"currentEmploymentStatus":{"type":"string","description":"The Employment Status of the Staff as of today's date.\n","example":"Full-time","enum":["Full-time","Part-time","Retired","Resigned","On Leave","Insurance Only","Terminated","Furloughed","Volunteer"]},"paidAsEmploymentStatus":{"type":"array","description":"The Employment Status of the Staff's Pays in the given month.\n\nThis will generally only have one item, but if the staff is paid as Part-time for the first pay of a month and Full-time on a subsequent pay, it will have two items to represent that.\n","example":["Part-time","Full-time"],"items":{"type":"string"}},"hours":{"type":"number","description":"Decimal amount of Hours a Staff was paid for. This does not include Overtime Hours.\n\nThis value is for Staff paid on an Hourly basis.\n","example":2E+1},"overtimeHours":{"type":"number","description":"Decimal amount of Overtime Hours a Staff was paid for.\n\nThis value is for Staff paid on an Hourly basis.\n","example":0},"days":{"type":"number","description":"Decimal amount of Days a Staff was paid for.\n\nThis value is for Staff paid on a Daily basis. \n","example":0}},"description":"Salaried staff will generally not have Hours or Days units.\n"}}}}},"204":{"description":"Request was successful, but Pay History information is not created or finalized yet for the given year and month.\n"},"401":{"description":"Authentication information is missing or invalid.","headers":{"FIS-API-KEY":{"description":"Generated by a client in their FIS.","style":"simple","explode":false,"schema":{"type":"string"}}}},"403":{"description":"Authentication information is invalid.","headers":{"FIS-API-KEY":{"description":"Generated by a client in their FIS.","style":"simple","explode":false,"schema":{"type":"string"}}}}}}},"/NHCR/Insurance/Plans":{"get":{"tags":["NHCR"],"summary":"returns Insurance Plans, Coverage Types, and Coverage Rates","description":"Provides information on Insurance Plans, Coverage Types, and Coverage Rates. This information describes Insurance Plans set up in the FIS.\n","parameters":[{"name":"year","in":"query","required":false,"style":"form","explode":true,"schema":{"type":"integer","description":"Restricts results to Insurance Plans and Coverage Types that are effective within the given year.\n\nIf there are no Coverage Rates within a given year, or if the rates in the year do not cover every date, Coverage Rates from prior years will included in the results to make sure all dates in a year have an associated Rate.\n"}},{"name":"planID","in":"query","required":false,"style":"form","explode":true,"schema":{"type":"integer","description":"Restricts results to Insurance Plans with the given Plan ID.\n"}},{"name":"coverageTypeID","in":"query","required":false,"style":"form","explode":true,"schema":{"type":"integer","description":"Restricts results to Insurance Plans and Coverage Types with the given Coverage Type ID.\n"}}],"responses":{"200":{"description":"Success","content":{"application/json":{"schema":{"type":"array","items":{"$ref":"#/components/schemas/InsurancePlan"}}}}},"401":{"description":"Authentication information is missing or invalid.","headers":{"FIS-API-KEY":{"description":"Generated by a client in their FIS.","style":"simple","explode":false,"schema":{"type":"string"}}}},"403":{"description":"Authentication information is invalid.","headers":{"FIS-API-KEY":{"description":"Generated by a client in their FIS.","style":"simple","explode":false,"schema":{"type":"string"}}}}}}},"/NHCR/IRSTemplate/Queue":{"get":{"tags":["NHCR"],"summary":"returns records based on \"IRS Template with SQL Remarks.xlsx\"","description":"Generates records with fields mapped in column order to \"IRS Template with SQL Remarks.xlsx\".\n","parameters":[{"name":"year","in":"query","required":true,"style":"form","explode":true,"schema":{"type":"integer","description":"Restricts results to the given year.\n"}}],"responses":{"202":{"description":"Request for an IRS Template data export was successfully queued. \n\nThe exported data is retrieved using the url provided in retrievalUrl.\n","content":{"application/json":{"schema":{"type":"object","properties":{"id":{"maxLength":36,"minLength":36,"type":"string","example":"abcd1234-ef56-gh78-ij90-opqrstuvwxyz"},"statusCode":{"type":"integer","example":0,"enum":[0,1,-1]},"statusCodeDescription":{"type":"string","example":"In Progress","enum":["In Progress","Completed","Error"]},"queuedTime":{"type":"string","format":"date-time","example":"2022-04-16T13:15:48.7096067-04:00"},"estimatedCompletionTime":{"type":"string","format":"date-time","example":"2022-04-16T13:16:48.7096067-04:00"},"completionTime":{"type":"string","format":"date-time"},"retrievalUrl":{"type":"string","description":"Url built using the id returned by a succesful queue.\n\nThe status of the process can be checked by performing a GET on this url.\n","format":"url","example":"https://fistest.csiu-technology.org/CSIU/api/v1/NHCR/IRSTemplate/Retrieve?id=abcd1234-ef56-gh78-ij90-opqrstuvwxyz"},"records":{"type":"string"},"exception":{"type":"string"}}}}}},"401":{"description":"Authentication information is missing or invalid.","headers":{"FIS-API-KEY":{"description":"Generated by a client in their FIS.","style":"simple","explode":false,"schema":{"type":"string"}}}},"403":{"description":"Authentication information is invalid.","headers":{"FIS-API-KEY":{"description":"Generated by a client in their FIS.","style":"simple","explode":false,"schema":{"type":"string"}}}}}}},"/NHCR/IRSTemplate/Retrieve":{"get":{"tags":["NHCR"],"summary":"returns records from a previously-queued IRS Template export","description":"Generates records with fields mapped in column order to \"IRS Template.xlsx\".\n\nThe status of the process can be checked by inspecting statusCode or statusCodeDescription in the returned Json.\n\n[0, In Progress] means the process is still actively running - 'records' will be null. Check back later for results.\n\n[1, Completed] means the process has finished running - 'records' will have data.\n\n[-1, Error] means the process has finished running, but was not successful - 'exception' will define why the process was not succesful.\n","parameters":[{"name":"id","in":"query","description":"id returned from a Queue call","required":true,"style":"form","explode":true,"schema":{"type":"string"}}],"responses":{"200":{"description":"Request for an IRS Template data export retrieval was succesful.\n","content":{"application/json":{"schema":{"type":"object","properties":{"id":{"maxLength":36,"minLength":36,"type":"string","example":"abcd1234-ef56-gh78-ij90-opqrstuvwxyz"},"statusCode":{"type":"integer","example":1,"enum":[0,1,-1]},"statusCodeDescription":{"type":"string","example":"Completed","enum":["In Progress","Completed","Error"]},"queuedTime":{"type":"string","format":"date-time","example":"2022-04-16T13:15:48.7096067-04:00"},"estimatedCompletionTime":{"type":"string","format":"date-time","example":"2022-04-16T13:16:48.7096067-04:00"},"completionTime":{"type":"string","format":"date-time","example":"2022-04-16T13:16:05.7448574-04:00"},"retrievalUrl":{"type":"string","description":"Url built using the id returned by a succesful queue.\n\nThe status of the process can be checked by performing a GET on this url.\n","format":"url","example":"https://fistest.csiu-technology.org/CSIU/api/v1/NHCR/IRSTemplate/Retrieve?id=abcd1234-ef56-gh78-ij90-opqrstuvwxyz"},"records":{"type":"array","items":{"$ref":"#/components/schemas/IRSTemplateXLSXRecord"}},"exception":{"type":"string"}}}}}},"401":{"description":"Authentication information is missing or invalid.","headers":{"FIS-API-KEY":{"description":"Generated by a client in their FIS.","style":"simple","explode":false,"schema":{"type":"string"}}}},"403":{"description":"Authentication information is invalid.","headers":{"FIS-API-KEY":{"description":"Generated by a client in their FIS.","style":"simple","explode":false,"schema":{"type":"string"}}}}}}}},"components":{"schemas":{"Staff":{"type":"object","properties":{"staffID":{"type":"integer","description":"Integer identifier for a Staff in the Client's FIS. Staff IDs are unique per Client.\n\nThis is not sensitive information. Clients frequently use Staff ID for imports/exports to avoid using SSN when possible.\n","example":12345},"socialSecurityNumber":{"maxLength":9,"minLength":9,"type":"string","description":"Social Security Number without dashes","example":"000112222"},"firstName":{"maxLength":50,"type":"string","example":"John"},"middleNameOrInitial":{"maxLength":50,"type":"string","example":"Quincy"},"lastName":{"maxLength":50,"type":"string","example":"Doe"},"birthDate":{"type":"string","format":"date","example":"1995-03-15"},"address1":{"type":"string","description":"First line of a USPS address after the Recipient Line (Staff Name).\n","example":"8565 Cypress Boulevard"},"address2":{"type":"string","description":"Second line of a USPS address after the Recipient Line (Staff Name).\n"},"city":{"type":"string","example":"Philadelphia"},"countryCode":{"type":"string","description":"This will only have a value if the Staff's Country of residence is not the United States.\n\nPotential values are from 'Country Code' the IRS's list of Country Codes.\n"},"countryName":{"type":"string","description":"This will only have a value if the Staff's Country of residence is not the United States.\n\nPotential values are from 'Country Name' in the IRS's list of Country Codes.\n"},"state":{"type":"string","description":"Two-character State abbreviation as defined by the IRS. Potentially empty if the Staff lives outside of the US.\n","example":"PA"},"zipCode":{"type":"string","example":"19152"},"zipCodeExtension":{"type":"string","description":"Four digit extension of a Staff's Zip Code, aka Zip+4.\n"}}},"Dependent":{"type":"object","properties":{"socialSecurityNumber":{"maxLength":9,"minLength":9,"type":"string","description":"Social Security Number without dashes","example":"0002211111"},"firstName":{"maxLength":50,"type":"string","example":"Jane"},"middleNameOrInitial":{"maxLength":50,"type":"string","example":"Quinn"},"lastName":{"maxLength":50,"type":"string","example":"Doe"},"isSpouse":{"type":"boolean","example":true},"relationshipDescription":{"maxLength":50,"type":"string","description":"This is defined by a client and for informational purposes only.\n","example":"Partner"},"gender":{"maxLength":20,"type":"string","example":"Female","enum":["Female","Male"]},"birthDate":{"type":"string","format":"date","example":"1995-08-05"},"dependentCoverage":{"type":"object","properties":{"startDate":{"type":"string","format":"date","example":"2021-04-01"},"endDate":{"type":"string","format":"date","nullable":true},"otherCoverage":{"type":"boolean","example":false}}}}},"StaffInsurance":{"type":"object","properties":{"planID":{"type":"integer","description":"Integer identifier for an Insurance Plan in the FIS.\n","example":15},"coverageTypeID":{"type":"integer","description":"Integer identifier for an Insurance Plan Coverage Type in the FIS.\n","example":47},"startDate":{"type":"string","description":"Date on which the Insurance Plan and Coverage Type became effective for the Staff.\n","format":"date","example":"2021-04-01"},"endDate":{"type":"string","description":"Date on which the Insurance Plan and Coverage Type is no longer in effect for the Staff.\n","format":"date","nullable":true},"selfPaidType":{"type":"string","description":"All clients start with 'Retiree', but they are able to add new Self-Paid Types and edit existing ones.\n\nGenerally, most clients have 'Retiree', 'Cobra', and other types.\n\nExamples: Retiree, Cobra, Cobra/Leave, Cobra/Employee, Spouse, Part-time\n"},"dependents":{"type":"array","description":"Dependents included here are covered by the same Insurance Plan and Coverage Type between their given Start and End Date.\n","items":{"$ref":"#/components/schemas/Dependent"}}}},"InsurancePlan":{"type":"object","properties":{"planID":{"type":"integer","example":15},"planType":{"maxLength":20,"type":"string","description":"For initial release, all insurance information is restricted to Medical.\n","example":"Medical","enum":["Medical","Dental","Life","Disability","Vision","Group Term Life","RX"]},"planName":{"maxLength":50,"type":"string","example":"Capital Blue"},"coverageTypes":{"type":"array","items":{"$ref":"#/components/schemas/CoverageType"}}}},"CoverageType":{"type":"object","properties":{"coverageTypeID":{"type":"integer","example":47},"coverageTypeName":{"type":"string","example":"PPO Family over 40 000"},"acaOfferID":{"type":"string","example":"1A","enum":["1A","1B","1C","1D","1E","1F","1G","1H","1I","1J","1K","1L","1M","1N","1O","1P","1Q","1R","1S","1T","1U"]},"insuranceTierID":{"type":"string","description":"Integer Identifier for an Insurance Tier in the FIS.\n","example":"5"},"insuranceTierDescription":{"type":"string","description":"All clients start with an initial list, but they are able to both add new Insurance Tiers and edit the descriptions of existing ones. The ones they start with are:\n\n0-Declined Coverage\n\n1-Single\n\n2-Husband and Wife\n\n3-Parent and Child\n\n4-Parent and Children\n\n5-Family\n","example":"Family"},"coverageRates":{"type":"array","items":{"$ref":"#/components/schemas/CoverageRate"}}}},"CoverageRate":{"type":"object","properties":{"effectiveDate":{"type":"string","description":"Approximately 85% are effective July 1st, 10% Janaury 1st, and 5% other.\n","format":"date","example":"2022-07-01"},"monthlyCostAsReportedInW2Box12DD":{"type":"number","description":"Monthly Cost as used for determining W2 Box 12 DD reporting.\n","example":1530.95},"singleCoverageLowestMonthlyCost":{"type":"number","description":"Employee Share of Lowest Cost Monthly Premium.\n","example":82.33},"waivedCoverage":{"type":"boolean","description":"True when the employee declined the offered coverage","example":false}}},"IRSTemplateXLSXRecord":{"type":"object","properties":{"employer_CompanyEIN":{"type":"string","example":"00-9999999"},"employee_EmployeeID":{"maxLength":100,"type":"string","example":"12345"},"employee_LastName":{"maxLength":35,"type":"string","example":"Doe"},"employee_FirstName":{"maxLength":35,"type":"string","example":"John"},"employee_MiddleInitial":{"maxLength":35,"type":"string","example":"Quincy"},"employee_OriginalDateOfHire":{"type":"string","format":"date","example":"2018-11-23"},"employee_TermDate1":{"type":"string","format":"date"},"employee_RehireDate1":{"type":"string","format":"date"},"employee_TermDate2":{"type":"string","format":"date"},"employee_RehireDate2":{"type":"string","format":"date"},"employee_SSN":{"type":"string"},"employee_DOB":{"type":"string","format":"date","example":"1993-03-15"},"employee_Address":{"maxLength":100,"type":"string","example":"3667 Apple Grove APT 968"},"employee_City":{"maxLength":35,"type":"string","example":"NICHOLSON"},"employee_State":{"maxLength":35,"type":"string","example":"PA"},"employee_Zip":{"maxLength":35,"type":"string","example":"18446"},"employee_Email":{"maxLength":100,"type":"string","format":"email"},"employee_CompanyName":{"maxLength":100,"type":"string","example":"CENTRAL SUSQUEHANNA INT. UNIT"},"employee_Unit#":{"type":"string"},"employee_Union":{"maxLength":1,"type":"string","example":"N"},"employee_Status":{"maxLength":3,"type":"string","example":"FT","enum":["VHE","FT"]},"employee_StatusChangeTo":{"maxLength":3,"type":"string","example":"N","enum":["N","Y"]},"employee_ChangeDate":{"type":"string","format":"date"},"employee_MiscCode":{"type":"string","example":"Salary","enum":["Salary","Hourly","Daily"]},"employee_MiscCode2":{"type":"string","example":"Family"},"employee_BenefitEligibleDate1":{"type":"string","format":"date"},"employee_BenefitEligibleDate2":{"type":"string","format":"date"},"employee_EnrolledStartDate":{"type":"string","format":"date","example":"2018-11-23"},"employee_EnrolledEndDate":{"type":"string","format":"date"},"employee_PlanStartMonth":{"type":"integer","example":1},"selfInsuredOnly_PolicyCode":{"type":"string"},"employeeShareOfLowestCostMonthlyPremium_All":{"type":"number","example":141.2},"employeeShareOfLowestCostMonthlyPremium_Jan":{"type":"number"},"employeeShareOfLowestCostMonthlyPremium_Feb":{"type":"number"},"employeeShareOfLowestCostMonthlyPremium_Mar":{"type":"number"},"employeeShareOfLowestCostMonthlyPremium_Apr":{"type":"number"},"employeeShareOfLowestCostMonthlyPremium_May":{"type":"number"},"employeeShareOfLowestCostMonthlyPremium_Jun":{"type":"number"},"employeeShareOfLowestCostMonthlyPremium_Jul":{"type":"number"},"employeeShareOfLowestCostMonthlyPremium_Aug":{"type":"number"},"employeeShareOfLowestCostMonthlyPremium_Sep":{"type":"number"},"employeeShareOfLowestCostMonthlyPremium_Oct":{"type":"number"},"employeeShareOfLowestCostMonthlyPremium_Nov":{"type":"number"},"employeeShareOfLowestCostMonthlyPremium_Dec":{"type":"number"},"monthsOfCoverageOffered_All":{"maxLength":1,"type":"string","example":"Y"},"monthsOfCoverageOffered_Jan":{"maxLength":1,"type":"string"},"monthsOfCoverageOffered_Feb":{"maxLength":1,"type":"string"},"monthsOfCoverageOffered_Mar":{"maxLength":1,"type":"string"},"monthsOfCoverageOffered_Apr":{"maxLength":1,"type":"string"},"monthsOfCoverageOffered_May":{"maxLength":1,"type":"string"},"monthsOfCoverageOffered_Jun":{"maxLength":1,"type":"string"},"monthsOfCoverageOffered_Jul":{"maxLength":1,"type":"string"},"monthsOfCoverageOffered_Aug":{"maxLength":1,"type":"string"},"monthsOfCoverageOffered_Sep":{"maxLength":1,"type":"string"},"monthsOfCoverageOffered_Oct":{"maxLength":1,"type":"string"},"monthsOfCoverageOffered_Nov":{"maxLength":1,"type":"string"},"monthsOfCoverageOffered_Dec":{"maxLength":1,"type":"string"},"monthsOfCoverageEnrolled_All":{"maxLength":1,"type":"string","example":"Y"},"monthsOfCoverageEnrolled_Jan":{"maxLength":1,"type":"string"},"monthsOfCoverageEnrolled_Feb":{"maxLength":1,"type":"string"},"monthsOfCoverageEnrolled_Mar":{"maxLength":1,"type":"string"},"monthsOfCoverageEnrolled_Apr":{"maxLength":1,"type":"string"},"monthsOfCoverageEnrolled_May":{"maxLength":1,"type":"string"},"monthsOfCoverageEnrolled_Jun":{"maxLength":1,"type":"string"},"monthsOfCoverageEnrolled_Jul":{"maxLength":1,"type":"string"},"monthsOfCoverageEnrolled_Aug":{"maxLength":1,"type":"string"},"monthsOfCoverageEnrolled_Sep":{"maxLength":1,"type":"string"},"monthsOfCoverageEnrolled_Oct":{"maxLength":1,"type":"string"},"monthsOfCoverageEnrolled_Nov":{"maxLength":1,"type":"string"},"monthsOfCoverageEnrolled_Dec":{"maxLength":1,"type":"string"},"selfInsuredOnlyEnrollmentStatus_All":{"type":"string"},"selfInsuredOnlyEnrollmentStatus_Jan":{"type":"string"},"selfInsuredOnlyEnrollmentStatus_Feb":{"type":"string"},"selfInsuredOnlyEnrollmentStatus_Mar":{"type":"string"},"selfInsuredOnlyEnrollmentStatus_Apr":{"type":"string"},"selfInsuredOnlyEnrollmentStatus_May":{"type":"string"},"selfInsuredOnlyEnrollmentStatus_Jun":{"type":"string"},"selfInsuredOnlyEnrollmentStatus_Jul":{"type":"string"},"selfInsuredOnlyEnrollmentStatus_Aug":{"type":"string"},"selfInsuredOnlyEnrollmentStatus_Sep":{"type":"string"},"selfInsuredOnlyEnrollmentStatus_Oct":{"type":"string"},"selfInsuredOnlyEnrollmentStatus_Nov":{"type":"string"},"selfInsuredOnlyEnrollmentStatus_Dec":{"type":"string"},"selfInsuredOnlyStatusChangeMonth_MonthlySelection":{"type":"string"},"selfInsuredOnlyStatusChangeType_EnrollmentStatus":{"type":"string"},"dependentInformation1_LastName":{"type":"string","example":"Doe"},"dependentInformation1_FirstName":{"type":"string","example":"Jane"},"dependentInformation1_MI":{"type":"string","example":"Quinn"},"dependentInformation1_SSN":{"type":"string","example":"000-22-11111"},"dependentInformation1_DOB":{"type":"string","format":"date","example":"1995-08-05"},"dependentInformation1_EnrolledStartDate":{"type":"string","format":"date","example":"2021-04-01"},"dependentInformation1_EnrolledEndDate":{"type":"string","format":"date"},"dependentInformation1_All":{"type":"string","example":"Y"},"dependentInformation1_Jan":{"type":"string"},"dependentInformation1_Feb":{"type":"string"},"dependentInformation1_Mar":{"type":"string"},"dependentInformation1_Apr":{"type":"string"},"dependentInformation1_May":{"type":"string"},"dependentInformation1_Jun":{"type":"string"},"dependentInformation1_Jul":{"type":"string"},"dependentInformation1_Aug":{"type":"string"},"dependentInformation1_Sep":{"type":"string"},"dependentInformation1_Oct":{"type":"string"},"dependentInformation1_Nov":{"type":"string"},"dependentInformation1_Dec":{"type":"string"},"dependentInformation2_LastName":{"type":"string"},"dependentInformation2_FirstName":{"type":"string"},"dependentInformation2_MI":{"type":"string"},"dependentInformation2_SSN":{"type":"string"},"dependentInformation2_DOB":{"type":"string","format":"date"},"dependentInformation2_EnrolledStartDate":{"type":"string","format":"date"},"dependentInformation2_EnrolledEndDate":{"type":"string","format":"date"},"dependentInformation2_All":{"type":"string"},"dependentInformation2_Jan":{"type":"string"},"dependentInformation2_Feb":{"type":"string"},"dependentInformation2_Mar":{"type":"string"},"dependentInformation2_Apr":{"type":"string"},"dependentInformation2_May":{"type":"string"},"dependentInformation2_Jun":{"type":"string"},"dependentInformation2_Jul":{"type":"string"},"dependentInformation2_Aug":{"type":"string"},"dependentInformation2_Sep":{"type":"string"},"dependentInformation2_Oct":{"type":"string"},"dependentInformation2_Nov":{"type":"string"},"dependentInformation2_Dec":{"type":"string"},"dependentInformation3_LastName":{"type":"string"},"dependentInformation3_FirstName":{"type":"string"},"dependentInformation3_MI":{"type":"string"},"dependentInformation3_SSN":{"type":"string"},"dependentInformation3_DOB":{"type":"string","format":"date"},"dependentInformation3_EnrolledStartDate":{"type":"string","format":"date"},"dependentInformation3_EnrolledEndDate":{"type":"string","format":"date"},"dependentInformation3_All":{"type":"string"},"dependentInformation3_Jan":{"type":"string"},"dependentInformation3_Feb":{"type":"string"},"dependentInformation3_Mar":{"type":"string"},"dependentInformation3_Apr":{"type":"string"},"dependentInformation3_May":{"type":"string"},"dependentInformation3_Jun":{"type":"string"},"dependentInformation3_Jul":{"type":"string"},"dependentInformation3_Aug":{"type":"string"},"dependentInformation3_Sep":{"type":"string"},"dependentInformation3_Oct":{"type":"string"},"dependentInformation3_Nov":{"type":"string"},"dependentInformation3_Dec":{"type":"string"},"dependentInformation4_LastName":{"type":"string"},"dependentInformation4_FirstName":{"type":"string"},"dependentInformation4_MI":{"type":"string"},"dependentInformation4_SSN":{"type":"string"},"dependentInformation4_DOB":{"type":"string","format":"date"},"dependentInformation4_EnrolledStartDate":{"type":"string","format":"date"},"dependentInformation4_EnrolledEndDate":{"type":"string","format":"date"},"dependentInformation4_All":{"type":"string"},"dependentInformation4_Jan":{"type":"string"},"dependentInformation4_Feb":{"type":"string"},"dependentInformation4_Mar":{"type":"string"},"dependentInformation4_Apr":{"type":"string"},"dependentInformation4_May":{"type":"string"},"dependentInformation4_Jun":{"type":"string"},"dependentInformation4_Jul":{"type":"string"},"dependentInformation4_Aug":{"type":"string"},"dependentInformation4_Sep":{"type":"string"},"dependentInformation4_Oct":{"type":"string"},"dependentInformation4_Nov":{"type":"string"},"dependentInformation4_Dec":{"type":"string"},"dependentInformation5_LastName":{"type":"string"},"dependentInformation5_FirstName":{"type":"string"},"dependentInformation5_MI":{"type":"string"},"dependentInformation5_SSN":{"type":"string"},"dependentInformation5_DOB":{"type":"string","format":"date"},"dependentInformation5_EnrolledStartDate":{"type":"string","format":"date"},"dependentInformation5_EnrolledEndDate":{"type":"string","format":"date"},"dependentInformation5_All":{"type":"string"},"dependentInformation5_Jan":{"type":"string"},"dependentInformation5_Feb":{"type":"string"},"dependentInformation5_Mar":{"type":"string"},"dependentInformation5_Apr":{"type":"string"},"dependentInformation5_May":{"type":"string"},"dependentInformation5_Jun":{"type":"string"},"dependentInformation5_Jul":{"type":"string"},"dependentInformation5_Aug":{"type":"string"},"dependentInformation5_Sep":{"type":"string"},"dependentInformation5_Oct":{"type":"string"},"dependentInformation5_Nov":{"type":"string"},"dependentInformation5_Dec":{"type":"string"},"dependentInformation6_LastName":{"type":"string"},"dependentInformation6_FirstName":{"type":"string"},"dependentInformation6_MI":{"type":"string"},"dependentInformation6_SSN":{"type":"string"},"dependentInformation6_DOB":{"type":"string","format":"date"},"dependentInformation6_EnrolledStartDate":{"type":"string","format":"date"},"dependentInformation6_EnrolledEndDate":{"type":"string","format":"date"},"dependentInformation6_All":{"type":"string"},"dependentInformation6_Jan":{"type":"string"},"dependentInformation6_Feb":{"type":"string"},"dependentInformation6_Mar":{"type":"string"},"dependentInformation6_Apr":{"type":"string"},"dependentInformation6_May":{"type":"string"},"dependentInformation6_Jun":{"type":"string"},"dependentInformation6_Jul":{"type":"string"},"dependentInformation6_Aug":{"type":"string"},"dependentInformation6_Sep":{"type":"string"},"dependentInformation6_Oct":{"type":"string"},"dependentInformation6_Nov":{"type":"string"},"dependentInformation6_Dec":{"type":"string"},"dependentInformation7_LastName":{"type":"string"},"dependentInformation7_FirstName":{"type":"string"},"dependentInformation7_MI":{"type":"string"},"dependentInformation7_SSN":{"type":"string"},"dependentInformation7_DOB":{"type":"string","format":"date"},"dependentInformation7_EnrolledStartDate":{"type":"string","format":"date"},"dependentInformation7_EnrolledEndDate":{"type":"string","format":"date"},"dependentInformation7_All":{"type":"string"},"dependentInformation7_Jan":{"type":"string"},"dependentInformation7_Feb":{"type":"string"},"dependentInformation7_Mar":{"type":"string"},"dependentInformation7_Apr":{"type":"string"},"dependentInformation7_May":{"type":"string"},"dependentInformation7_Jun":{"type":"string"},"dependentInformation7_Jul":{"type":"string"},"dependentInformation7_Aug":{"type":"string"},"dependentInformation7_Sep":{"type":"string"},"dependentInformation7_Oct":{"type":"string"},"dependentInformation7_Nov":{"type":"string"},"dependentInformation7_Dec":{"type":"string"},"dependentInformation8_LastName":{"type":"string"},"dependentInformation8_FirstName":{"type":"string"},"dependentInformation8_MI":{"type":"string"},"dependentInformation8_SSN":{"type":"string"},"dependentInformation8_DOB":{"type":"string","format":"date"},"dependentInformation8_EnrolledStartDate":{"type":"string","format":"date"},"dependentInformation8_EnrolledEndDate":{"type":"string","format":"date"},"dependentInformation8_All":{"type":"string"},"dependentInformation8_Jan":{"type":"string"},"dependentInformation8_Feb":{"type":"string"},"dependentInformation8_Mar":{"type":"string"},"dependentInformation8_Apr":{"type":"string"},"dependentInformation8_May":{"type":"string"},"dependentInformation8_Jun":{"type":"string"},"dependentInformation8_Jul":{"type":"string"},"dependentInformation8_Aug":{"type":"string"},"dependentInformation8_Sep":{"type":"string"},"dependentInformation8_Oct":{"type":"string"},"dependentInformation8_Nov":{"type":"string"},"dependentInformation8_Dec":{"type":"string"},"dependentInformation9_LastName":{"type":"string"},"dependentInformation9_FirstName":{"type":"string"},"dependentInformation9_MI":{"type":"string"},"dependentInformation9_SSN":{"type":"string"},"dependentInformation9_DOB":{"type":"string","format":"date"},"dependentInformation9_EnrolledStartDate":{"type":"string","format":"date"},"dependentInformation9_EnrolledEndDate":{"type":"string","format":"date"},"dependentInformation9_All":{"type":"string"},"dependentInformation9_Jan":{"type":"string"},"dependentInformation9_Feb":{"type":"string"},"dependentInformation9_Mar":{"type":"string"},"dependentInformation9_Apr":{"type":"string"},"dependentInformation9_May":{"type":"string"},"dependentInformation9_Jun":{"type":"string"},"dependentInformation9_Jul":{"type":"string"},"dependentInformation9_Aug":{"type":"string"},"dependentInformation9_Sep":{"type":"string"},"dependentInformation9_Oct":{"type":"string"},"dependentInformation9_Nov":{"type":"string"},"dependentInformation9_Dec":{"type":"string"},"dependentInformation10_LastName":{"type":"string"},"dependentInformation10_FirstName":{"type":"string"},"dependentInformation10_MI":{"type":"string"},"dependentInformation10_SSN":{"type":"string"},"dependentInformation10_DOB":{"type":"string","format":"date"},"dependentInformation10_EnrolledStartDate":{"type":"string","format":"date"},"dependentInformation10_EnrolledEndDate":{"type":"string","format":"date"},"dependentInformation10_All":{"type":"string"},"dependentInformation10_Jan":{"type":"string"},"dependentInformation10_Feb":{"type":"string"},"dependentInformation10_Mar":{"type":"string"},"dependentInformation10_Apr":{"type":"string"},"dependentInformation10_May":{"type":"string"},"dependentInformation10_Jun":{"type":"string"},"dependentInformation10_Jul":{"type":"string"},"dependentInformation10_Aug":{"type":"string"},"dependentInformation10_Sep":{"type":"string"},"dependentInformation10_Oct":{"type":"string"},"dependentInformation10_Nov":{"type":"string"},"dependentInformation10_Dec":{"type":"string"}}}},"responses":{"401":{"description":"Authentication information is missing or invalid.","headers":{"FIS-API-KEY":{"description":"Generated by a client in their FIS.","style":"simple","explode":false,"schema":{"type":"string"}}}},"403":{"description":"Authentication information is invalid.","headers":{"FIS-API-KEY":{"description":"Generated by a client in their FIS.","style":"simple","explode":false,"schema":{"type":"string"}}}},"204":{"description":"No content."},"404":{"description":"Resource not found."}},"securitySchemes":{"FIS-API-Key":{"type":"apiKey","name":"FIS-API-KEY","in":"header"}}}}