{"openapi":"3.0.0","info":{"title":"Simple Inventory API","description":"This is a simple API","contact":{"email":"you@your-company.com"},"license":{"name":"Apache 2.0","url":"http://www.apache.org/licenses/LICENSE-2.0.html"},"version":"1.0.0"},"servers":[{"url":"https://virtserver.swaggerhub.com/cwheart/Library/1.0.0","description":"SwaggerHub API Auto Mocking"}],"security":[{"bearerAuth":[]}],"tags":[{"name":"sessions","description":"Sign in and sign up"},{"name":"books","description":"Books"}],"paths":{"/login":{"post":{"tags":["sessions"],"summary":"user login","description":"login to the system","operationId":"login","requestBody":{"description":"Login data","content":{"application/json":{"schema":{"$ref":"#/components/schemas/LoginInput"}}}},"responses":{"201":{"description":"login success","content":{"application/json":{"schema":{"type":"object","properties":{"session":{"$ref":"#/components/schemas/Session"}}}}}},"400":{"description":"invalid input, object invalid"},"401":{"description":""}},"security":[]}},"/signup":{"post":{"tags":["sessions"],"summary":"user sign up","description":"create a new account","operationId":"signup","requestBody":{"description":"User input","content":{"application/json":{"schema":{"$ref":"#/components/schemas/UserInput"}}}},"responses":{"201":{"description":"user created","content":{"application/json":{"schema":{"type":"object","properties":{"session":{"$ref":"#/components/schemas/User"}}}}}},"400":{"description":"invalid input, object invalid"}},"security":[]}},"/books":{"get":{"tags":["books"],"summary":"search books","description":"search books","operationId":"getBooks","parameters":[{"name":"q","in":"query","description":"search keyword","required":false,"style":"form","explode":true,"schema":{"type":"string"}},{"name":"last_id","in":"query","description":"last id","required":false,"style":"form","explode":true,"schema":{"type":"string"}},{"name":"limit","in":"query","description":"limit","required":false,"style":"form","explode":true,"schema":{"type":"integer"}}],"responses":{"200":{"description":"books search result","content":{"application/json":{"schema":{"type":"object","properties":{"books":{"type":"array","items":{"$ref":"#/components/schemas/Book"}}}}}}}}},"post":{"tags":["books"],"summary":"create book","description":"create book","operationId":"createBook","requestBody":{"description":"Book to add","content":{"application/json":{"schema":{"$ref":"#/components/schemas/BookInput"}}}},"responses":{"201":{"description":"book created","content":{"application/json":{"schema":{"type":"object","properties":{"book":{"$ref":"#/components/schemas/Book"}}}}}},"400":{"description":"invalid input, object invalid"}}}},"/books/{id}":{"put":{"tags":["books"],"summary":"update book","description":"update book","operationId":"updateBook","parameters":[{"name":"id","in":"path","description":"book id","required":true,"style":"simple","explode":false,"schema":{"type":"integer"}}],"requestBody":{"description":"Book to add","content":{"application/json":{"schema":{"$ref":"#/components/schemas/BookInput"}}}},"responses":{"200":{"description":"book updated","content":{"application/json":{"schema":{"type":"object","properties":{"book":{"$ref":"#/components/schemas/Book"}}}}}},"400":{"description":"invalid input, object invalid"}}}}},"components":{"schemas":{"Session":{"required":["token"],"type":"object","properties":{"token":{"type":"string"}}},"User":{"required":["email","name","number"],"type":"object","properties":{"email":{"type":"string","format":"email","example":"test@demo.com"},"name":{"type":"string","example":"张三"},"number":{"type":"string","description":"学号","format":"date-time"}}},"UserInput":{"required":["email","name","number","password","password_confirmation"],"type":"object","properties":{"email":{"type":"string","format":"email","example":"test@demo.com"},"name":{"type":"string","example":"张三"},"number":{"type":"string","description":"学号","format":"date-time"},"password":{"type":"string","format":"password"},"password_confirmation":{"type":"string","format":"password"}}},"LoginInput":{"required":["email","password"],"properties":{"email":{"type":"string","format":"email","example":"test@demo.com"},"password":{"type":"string","format":"password"}}},"BookInput":{"required":["status","title"],"type":"object","properties":{"title":{"type":"string"},"publication_date":{"type":"string","format":"date"},"language":{"type":"string"},"authors":{"type":"array","items":{"type":"string"}},"pages":{"type":"string","format":"number"}}},"Book":{"properties":{"id":{"type":"string","format":"int"},"state":{"type":"string","enum":["free","borrowed"]}},"allOf":[{"$ref":"#/components/schemas/BookInput"}]}},"securitySchemes":{"bearerAuth":{"type":"http","scheme":"bearer","bearerFormat":"JWT"}}}}