{"openapi":"3.0.0","info":{"title":"CyclingHero API","description":"Main API for CyclingHero website + app\n","contact":{"email":"info@cyclinghero.cc"},"version":"1.0"},"servers":[{"url":"https://virtserver.swaggerhub.com/CyclingHero/CH-API/1.0","description":"SwaggerHub API Auto Mocking"},{"url":"https://localhost:8686/v1","description":"Local API"},{"url":"https://api-test.cyclinghero.cc/v1","description":"Staging API"}],"tags":[{"name":"itinerary","description":"Itinerary API"},{"name":"climb","description":"Climbs API"},{"name":"location","description":"Location API"},{"name":"route","description":"Route API"}],"paths":{"/itinerary/list":{"post":{"tags":["itinerary"],"summary":"Returns a filtered list of itineraries","operationId":"listItinerary","requestBody":{"content":{"application/json":{"schema":{"oneOf":[{"required":["days"],"type":"object","properties":{"days":{"type":"integer","description":"filter itineraries by number of days","example":6}},"additionalProperties":false},{"type":"object","properties":{"climb":{"type":"object","properties":{"code":{"type":"string","example":"PG-01"},"slug":{"type":"string","example":"passo-giau-westside"}},"description":"filter itineraries which contain given climb"}},"additionalProperties":false}]},"examples":{"itinerary days":{"summary":"Example using itinerary days filter","value":{"days":6}},"climb code":{"summary":"Example using climb code as filter","value":{"climb":{"code":"PG-01"}}},"climb slug":{"summary":"Example using climb slug as filter","value":{"climb":{"slug":"passo-giau-westside"}}}}}}},"responses":{"200":{"description":"successful operation","content":{"application/json":{"schema":{"type":"object","properties":{"items":{"type":"array","items":{"allOf":[{"$ref":"#/components/schemas/ExistingObject"},{"$ref":"#/components/schemas/Itinerary"}]}}}}}}}}}},"/itinerary/get":{"post":{"tags":["itinerary"],"summary":"Returns data for a single itinerary","operationId":"getItinerary","requestBody":{"content":{"application/json":{"schema":{"oneOf":[{"type":"object","properties":{"code":{"type":"string","description":"itinerary code","example":"PG-01"}},"additionalProperties":false},{"type":"object","properties":{"slug":{"type":"string","description":"itinerary slug","example":"passo-giau-westside"}},"additionalProperties":false}]},"examples":{"itineraryCodeExample":{"summary":"Example using itinerary code as filter","value":{"code":"GIR-12"}},"itinerarySlugExample":{"summary":"Example using itinerary slug as filter","value":{"slug":"epic-mountains-giro-ditalia"}}}}}},"responses":{"200":{"description":"successful operation","content":{"application/json":{"schema":{"$ref":"#/components/schemas/Itinerary"}}}},"404":{"description":"Itinerary not found"}}}},"/itinerary/{itineraryId}":{"get":{"tags":["itinerary"],"summary":"Find itinerary by ID","description":"Returns a single itinerary","operationId":"getItineraryById","parameters":[{"name":"itineraryId","in":"path","description":"ID of itinerary to return","required":true,"style":"simple","explode":false,"schema":{"type":"integer","format":"int64"}}],"responses":{"200":{"description":"successful operation","content":{"application/json":{"schema":{"$ref":"#/components/schemas/Itinerary"}}}},"404":{"description":"Itinerary not found"}}}},"/adm/itinerary/add":{"post":{"tags":["itinerary"],"summary":"Add a new itinerary","operationId":"addItinerary","requestBody":{"content":{"application/json":{"schema":{"allOf":[{"$ref":"#/components/schemas/Itinerary"},{"$ref":"#/components/schemas/SessionId"}]}}}},"responses":{"200":{"description":"Successful operation"},"405":{"description":"Validation exception"}}}},"/adm/itinerary/edit":{"post":{"tags":["itinerary"],"summary":"Updates an existing itinerary","operationId":"editItinerary","requestBody":{"content":{"application/json":{"schema":{"allOf":[{"$ref":"#/components/schemas/ExistingObject"},{"$ref":"#/components/schemas/Itinerary"},{"$ref":"#/components/schemas/SessionId"}]}}}},"responses":{"200":{"description":"Successful operation"},"404":{"description":"Itinerary not found"},"405":{"description":"Invalid input"}}}},"/adm/itinerary/{itineraryId}":{"post":{"tags":["itinerary"],"summary":"Updates an existing itinerary","operationId":"editItineraryById","parameters":[{"name":"itineraryId","in":"path","description":"ID of itinerary that needs to be updated","required":true,"style":"simple","explode":false,"schema":{"type":"integer","format":"int64"}}],"requestBody":{"content":{"application/json":{"schema":{"allOf":[{"$ref":"#/components/schemas/ExistingObject"},{"$ref":"#/components/schemas/Itinerary"},{"$ref":"#/components/schemas/SessionId"}]}}}},"responses":{"200":{"description":"Successful operation"},"404":{"description":"Itinerary not found"},"405":{"description":"Invalid input"}}}},"/climb/list":{"post":{"tags":["climb"],"summary":"Returns a filtered list of climbs","operationId":"listClimb","requestBody":{"content":{"application/json":{"schema":{"oneOf":[{"type":"object","properties":{"category":{"type":"string","description":"filter climbs by category","example":"HC"}},"additionalProperties":false},{"type":"object","properties":{"gradient":{"type":"integer","description":"filter climbs by average gradient value (in %)","example":8}},"additionalProperties":false},{"type":"object","properties":{"max_gradient":{"type":"integer","description":"filter clmbs by max gradient value (in %)","example":15}},"additionalProperties":false}]},"examples":{"climb category":{"summary":"Example using climb category as filter","value":{"category":"HC"}},"climb gradient":{"summary":"Example using climb average gradient as filter","value":{"gradient":6}},"climb max gradient":{"summary":"Example using climb max gradient as filter","value":{"max_gradient":13}}}}}},"responses":{"200":{"description":"successful operation","content":{"application/json":{"schema":{"type":"object","properties":{"items":{"type":"array","items":{"allOf":[{"$ref":"#/components/schemas/ExistingObject"},{"$ref":"#/components/schemas/Climb"}]}}}}}}}}}},"/climb/get":{"post":{"tags":["climb"],"summary":"Returns data for a single climb","operationId":"getClimb","requestBody":{"content":{"application/json":{"schema":{"oneOf":[{"type":"object","properties":{"code":{"type":"string","description":"climb code","example":"PG-01"}},"additionalProperties":false},{"type":"object","properties":{"slug":{"type":"string","description":"climb slug","example":"passo-giau-westside"}},"additionalProperties":false}]},"examples":{"climb code":{"summary":"Example using climb code","value":{"code":"PG-01"}},"climb slug":{"summary":"Example using climb slug","value":{"slug":"passo-giau-westside"}}}}}},"responses":{"200":{"description":"successful operation","content":{"application/json":{"schema":{"$ref":"#/components/schemas/Climb"}}}},"404":{"description":"Climb not found"}}}},"/climb/{climbId}":{"get":{"tags":["climb"],"summary":"Find climb by ID","description":"Returns a single climb","operationId":"getClimbById","parameters":[{"name":"climbId","in":"path","description":"ID of climb to return","required":true,"style":"simple","explode":false,"schema":{"type":"integer","format":"int64"}}],"responses":{"200":{"description":"successful operation","content":{"application/json":{"schema":{"$ref":"#/components/schemas/Climb"}}}},"404":{"description":"Climb not found"}}}},"/adm/climb/add":{"post":{"tags":["climb"],"summary":"Add a new climb","operationId":"addClimb","requestBody":{"content":{"application/json":{"schema":{"allOf":[{"$ref":"#/components/schemas/Climb"},{"$ref":"#/components/schemas/SessionId"}]}}}},"responses":{"200":{"description":"Successful operation"},"405":{"description":"Validation exception"}}}},"/adm/climb/edit":{"post":{"tags":["climb"],"summary":"Updates an existing climb","operationId":"editClimb","requestBody":{"content":{"application/json":{"schema":{"allOf":[{"$ref":"#/components/schemas/ExistingObject"},{"$ref":"#/components/schemas/Climb"},{"$ref":"#/components/schemas/SessionId"}]}}}},"responses":{"200":{"description":"Successful operation"},"404":{"description":"Climb not found"},"405":{"description":"Invalid input"}}}},"/adm/climb/{climbId}":{"post":{"tags":["climb"],"summary":"Updates an existing climb","operationId":"editClimbById","parameters":[{"name":"climbId","in":"path","description":"ID of climb that needs to be updated","required":true,"style":"simple","explode":false,"schema":{"type":"integer","format":"int64"}}],"requestBody":{"content":{"application/json":{"schema":{"allOf":[{"$ref":"#/components/schemas/ExistingObject"},{"$ref":"#/components/schemas/Climb"},{"$ref":"#/components/schemas/SessionId"}]}}}},"responses":{"200":{"description":"Successful operation"},"404":{"description":"Climb not found"},"405":{"description":"Invalid input"}}}},"/location/list":{"post":{"tags":["location"],"summary":"Returns a filtered list of locations","operationId":"listLocation","requestBody":{"content":{"application/json":{"schema":{"oneOf":[{"type":"object","properties":{"type":{"type":"integer","description":"filter by location type","example":2}},"additionalProperties":false},{"type":"object","properties":{"route_id":{"type":"integer","description":"filter locations by route ID","example":8}},"additionalProperties":false}]},"examples":{"location type":{"summary":"filter by location type","value":{"type":4}},"route id":{"summary":"filter locations by route ID","value":{"route_id":13}}}}}},"responses":{"200":{"description":"successful operation","content":{"application/json":{"schema":{"type":"object","properties":{"items":{"type":"array","items":{"allOf":[{"$ref":"#/components/schemas/ExistingObject"},{"$ref":"#/components/schemas/Route"}]}}}}}}}}}},"/location/get":{"post":{"tags":["location"],"summary":"Returns data for a single location","operationId":"getLocation","requestBody":{"content":{"application/json":{"schema":{"oneOf":[{"type":"object","properties":{"code":{"type":"string","description":"location code","example":"GRAPPA-01"}},"additionalProperties":false},{"type":"object","properties":{"slug":{"type":"string","description":"location slug","example":"monte-grappa-summit"}},"additionalProperties":false}]},"examples":{"route code":{"summary":"Example using location code","value":{"code":"GRAPPA-01"}},"route slug":{"summary":"Example using location slug","value":{"slug":"monte-grappa-summit"}}}}}},"responses":{"200":{"description":"successful operation","content":{"application/json":{"schema":{"$ref":"#/components/schemas/Route"}}}},"404":{"description":"Route not found"}}}},"/location/{locationId}":{"get":{"tags":["location"],"summary":"Find route by ID","description":"Returns a single location","operationId":"getLocationById","parameters":[{"name":"locationId","in":"path","description":"ID of pet to return","required":true,"style":"simple","explode":false,"schema":{"type":"integer","format":"int64"}}],"responses":{"200":{"description":"successful operation","content":{"application/json":{"schema":{"$ref":"#/components/schemas/Location"}}}},"404":{"description":"Climb not found"}}}},"/adm/location/add":{"post":{"tags":["location"],"summary":"Add a new location","operationId":"addLocation","requestBody":{"content":{"application/json":{"schema":{"allOf":[{"$ref":"#/components/schemas/Location"},{"$ref":"#/components/schemas/SessionId"}]}}}},"responses":{"200":{"description":"Successful operation"},"405":{"description":"Validation exception"}}}},"/adm/location/edit":{"post":{"tags":["location"],"summary":"Updates an existing location","operationId":"editLocation","requestBody":{"content":{"application/json":{"schema":{"allOf":[{"$ref":"#/components/schemas/ExistingObject"},{"$ref":"#/components/schemas/Location"},{"$ref":"#/components/schemas/SessionId"}]}}}},"responses":{"200":{"description":"Successful operation"},"404":{"description":"Route not found"},"405":{"description":"Invalid input"}}}},"/adm/location/{locationId}":{"post":{"tags":["location"],"summary":"Updates an existing location","operationId":"editLocationById","parameters":[{"name":"locationId","in":"path","description":"ID of location that needs to be updated","required":true,"style":"simple","explode":false,"schema":{"type":"integer","format":"int64"}}],"requestBody":{"content":{"application/json":{"schema":{"allOf":[{"$ref":"#/components/schemas/ExistingObject"},{"$ref":"#/components/schemas/Location"},{"$ref":"#/components/schemas/SessionId"}]}}}},"responses":{"200":{"description":"Successful operation"},"404":{"description":"Route not found"},"405":{"description":"Invalid input"}}}},"/route/list":{"post":{"tags":["route"],"summary":"Returns a filtered list of routes","operationId":"listRoute","requestBody":{"content":{"application/json":{"schema":{"oneOf":[{"type":"object","properties":{"difficulty":{"type":"integer","description":"filter by route difficulty value","example":2}},"additionalProperties":false},{"type":"object","properties":{"start_location_id":{"type":"integer","description":"filter routes by start location ID","example":8}},"additionalProperties":false},{"type":"object","properties":{"end_location_id":{"type":"integer","description":"filter routes by end location ID","example":15}},"additionalProperties":false}]},"examples":{"route difficulty":{"summary":"filter by route difficulty value","value":{"difficulty":4}},"route start location id":{"summary":"filter by route start location ID","value":{"start_location_id":13}},"route end location id":{"summary":"filter by route end location ID","value":{"end_location_id":44}}}}}},"responses":{"200":{"description":"successful operation","content":{"application/json":{"schema":{"type":"object","properties":{"items":{"type":"array","items":{"allOf":[{"$ref":"#/components/schemas/ExistingObject"},{"$ref":"#/components/schemas/Route"}]}}}}}}}}}},"/route/get":{"post":{"tags":["route"],"summary":"Returns data for a single route","operationId":"getRoute","requestBody":{"content":{"application/json":{"schema":{"oneOf":[{"type":"object","properties":{"code":{"type":"string","description":"route code","example":"SBG-01"}},"additionalProperties":false},{"type":"object","properties":{"slug":{"type":"string","description":"route slug","example":"passo-san-boldo-and-giro"}},"additionalProperties":false}]},"examples":{"route code":{"summary":"Example using route code","value":{"code":"PG-01"}},"route slug":{"summary":"Example using route slug","value":{"slug":"passo-san-boldo-and-giro"}}}}}},"responses":{"200":{"description":"successful operation","content":{"application/json":{"schema":{"$ref":"#/components/schemas/Route"}}}},"404":{"description":"Route not found"}}}},"/route/{routeId}":{"get":{"tags":["route"],"summary":"Find route by ID","description":"Returns a single route","operationId":"getRouteById","parameters":[{"name":"routeId","in":"path","description":"ID of pet to return","required":true,"style":"simple","explode":false,"schema":{"type":"integer","format":"int64"}}],"responses":{"200":{"description":"successful operation","content":{"application/json":{"schema":{"$ref":"#/components/schemas/Route"}}}},"404":{"description":"Climb not found"}}}},"/adm/route/add":{"post":{"tags":["route"],"summary":"Add a new route","operationId":"addRoute","requestBody":{"content":{"application/json":{"schema":{"allOf":[{"$ref":"#/components/schemas/Route"},{"$ref":"#/components/schemas/SessionId"}]}}}},"responses":{"200":{"description":"Successful operation"},"405":{"description":"Validation exception"}}}},"/adm/route/edit":{"post":{"tags":["route"],"summary":"Updates an existing route","operationId":"editRoute","requestBody":{"content":{"application/json":{"schema":{"allOf":[{"$ref":"#/components/schemas/ExistingObject"},{"$ref":"#/components/schemas/Route"},{"$ref":"#/components/schemas/SessionId"}]}}}},"responses":{"200":{"description":"Successful operation"},"404":{"description":"Route not found"},"405":{"description":"Invalid input"}}}},"/adm/route/{routeId}":{"post":{"tags":["route"],"summary":"Updates an existing route","operationId":"editRouteById","parameters":[{"name":"routeId","in":"path","description":"ID of route that needs to be updated","required":true,"style":"simple","explode":false,"schema":{"type":"integer","format":"int64"}}],"requestBody":{"content":{"application/json":{"schema":{"allOf":[{"$ref":"#/components/schemas/ExistingObject"},{"$ref":"#/components/schemas/Route"},{"$ref":"#/components/schemas/SessionId"}]}}}},"responses":{"200":{"description":"Successful operation"},"404":{"description":"Route not found"},"405":{"description":"Invalid input"}}}}},"components":{"schemas":{"SessionId":{"required":["session_id"],"type":"object","properties":{"session_id":{"type":"string","example":"98p59ls5egfqei6d9k1st74rve389m1ie9lghsd0jmf5bf0mcjdm05r0dd83i3qb"}}},"ExistingObject":{"required":["id"],"type":"object","properties":{"id":{"type":"integer","format":"int64","example":1}}},"Climb":{"required":["name"],"type":"object","properties":{"code":{"type":"string","example":"PG-01"},"name":{"type":"string","example":"Passo Giau Westside"},"slug":{"type":"string","example":"passo-giau-westside"},"copy":{"type":"string","example":"Sometimes referred to as the beauty and the beast, the Passo Giau is an extremely harsh and difficult test but is considered by many to be the most picturesque mountain pass in the Dolomites range."},"length":{"type":"integer","format":"int32","example":13043},"height":{"type":"integer","format":"int32","example":860},"elevation":{"type":"integer","format":"int32","example":2100},"category":{"type":"string","example":"HC"},"estimated_time":{"type":"string","example":"90 minutes"},"gearing":{"type":"string","example":"32-34"},"gradient":{"type":"integer","format":"int32","example":7},"max_gradient":{"type":"integer","format":"int32","example":13}}},"Itinerary":{"required":["name"],"type":"object","properties":{"code":{"type":"string","example":"GIR-12"},"name":{"type":"string","example":"Epic Mountains & the Giro d’Italia"},"slug":{"type":"string","example":"epic-mountains-giro-ditalia"},"copy":{"type":"string","example":"Get ready for an unforgettable cycling tour through the lands of the Veneto, the Prosecco Valley and the Dolomites chasing the pros in their efforts to conquest the Maglia Rosa. We have curated for you a quite challenging itinerary which will gradually bring you to face the Dolomiti Passes, starting from the mostly flat Pianura Padana and gradually heading towards the hills and the pre-alps. Warm up your legs and get pedalling!"},"days":{"type":"integer","example":6}}},"Location":{"required":["name"],"type":"object","properties":{"code":{"type":"string","example":"GRAPPA-01"},"name":{"type":"string","example":"Monte Grappa Summit"},"slug":{"type":"string","example":"monte-grappa-summit"},"copy":{"type":"string","example":"On the summit of Monte Grappa there is a military memorial monument, designed by the architect Giovanni Greppi in collaboration with the sculptor Giannino Castiglioni. It was inaugurated on 22 September 1935. In the central body lie the remains of 12,615 soldiers, of these the identities of 10,332 are unknown. The monument is composed of five concentric circles laid on top of each other to form a pyramid. On the top there is the little sanctuary of the Madonnina del Grappa."},"type":{"type":"integer","example":4},"lat":{"type":"number","example":45.8666661},"long":{"type":"number","example":11.7956226}}},"Route":{"required":["name"],"type":"object","properties":{"code":{"type":"string","example":"SBG-01"},"name":{"type":"string","example":"Passo San Boldo and the Giro"},"slug":{"type":"string","example":"passo-san-boldo-and-giro"},"copy":{"type":"string","example":"The road from Mogliano to the north offers a perfect warm up before reaching the Montello, a forested hillside that is a favourite with cyclists from the area. The Montello offers a variety of options, from the basically flat perimeter to some very steep ‘Prese’ access roads. We choose the middle way and take the more gently climbing “Dorsale” up to the highest point of the Montello, Santa Maria della Vittoria. Exiting the Montello at Montebelluna there is time for a quick refreshment in town before heading up to the Mercato Vecchio and onward toward the unique hills of the ‘Colli Asolani’. The last challenge of the day is the climb into Asolo itself, named the “city of a hundred horizons” and ranked as one of the most beautiful towns in Italy."},"start_location_id":{"type":"integer","example":1},"end_location_id":{"type":"integer","example":2},"climbs":{"type":"array","example":[1,2],"items":{"type":"integer"}},"pois":{"type":"array","example":[1,2],"items":{"type":"integer"}}}}}}}