{"openapi":"3.0.0","info":{"title":"Letter Service","description":"Letter Service API","version":"0.0.1"},"servers":[{"url":"/"}],"security":[{"bearerAuth":[]}],"paths":{"/v1/token":{"post":{"summary":"Get an access token for authentication on all other API calls","operationId":"getAccessToken","requestBody":{"$ref":"#/components/requestBodies/TokenRequestBody"},"responses":{"200":{"description":"Access token returned for use in subsequent API calls.","content":{"application/json":{"schema":{"$ref":"#/components/schemas/Token"}}}},"400":{"description":"Bad request.","content":{"application/json":{"schema":{"$ref":"#/components/schemas/ErrorResponse"},"example":{"name":"RequestValidationError","errorCode":"VALIDATION_FAILED","message":"Bad request","items":{"errorCode":"MISSING_REQUIRED_PROPERTY","message":"someProperty is required"},"retryDelay":0}}}},"401":{"description":"Authentication failed.","content":{"application/json":{"schema":{"$ref":"#/components/schemas/ErrorResponse"},"example":{"name":"TenantAuthenticationError","errorCode":"AUTHENTICATION_FAILED","message":"Unable to authenticate","items":[],"retryDelay":0}}}},"429":{"description":"Too many requests.","content":{"application/json":{"schema":{"$ref":"#/components/schemas/ErrorResponse"},"example":{"name":"TooManyRequestsError","errorCode":"TOO_MANY_REQUESTS","message":"Too many requests, please re-try","items":[],"retryDelay":500}}}},"default":{"description":"Error messages returned to the caller.","content":{"application/json":{"schema":{"$ref":"#/components/schemas/ErrorResponse"},"example":{"name":"ErrorResponse","errorCode":"UNEXPECTED","message":"An unexpected error occurred","items":[],"retryDelay":0}}}}},"security":[]}},"/v1/template/{templateId}":{"get":{"summary":"Get versions of a template including download URLs.  Pass versionId to get a specific version.","description":"Gets template versions. Will return one version if optional versionId parameter is passed or the last up to 500 versions if no versionId is passed in.","operationId":"getTemplate","parameters":[{"name":"templateId","in":"path","description":"Immutable string that uniquely identifies a template.  All versions of a template share the same templateId.","required":true,"style":"simple","explode":false,"schema":{"maxLength":250,"type":"string"}},{"name":"versionId","in":"query","required":false,"style":"form","explode":false,"schema":{"type":"string","format":"uuid"}},{"name":"maxVersions","in":"query","required":false,"style":"form","explode":false,"schema":{"maximum":5E+2,"minimum":1,"type":"integer"}}],"responses":{"200":{"description":"Information describing the template and download URL.","content":{"application/json":{"schema":{"$ref":"#/components/schemas/Template"}}}},"400":{"description":"Bad request.","content":{"application/json":{"schema":{"$ref":"#/components/schemas/ErrorResponse"},"example":{"name":"RequestValidationError","errorCode":"VALIDATION_FAILED","message":"Bad request","items":{"errorCode":"MISSING_REQUIRED_PROPERTY","message":"someProperty is required"},"retryDelay":0}}}},"401":{"description":"Authentication failed.","content":{"application/json":{"schema":{"$ref":"#/components/schemas/ErrorResponse"},"example":{"name":"TenantAuthenticationError","errorCode":"AUTHENTICATION_FAILED","message":"Unable to authenticate","items":[],"retryDelay":0}}}},"404":{"description":"Resource not found.","content":{"application/json":{"schema":{"$ref":"#/components/schemas/ErrorResponse"},"example":{"name":"ErrorResponse","errorCode":"NOT_FOUND","message":"Resource not found","items":[],"retryDelay":0}}}},"429":{"description":"Too many requests.","content":{"application/json":{"schema":{"$ref":"#/components/schemas/ErrorResponse"},"example":{"name":"TooManyRequestsError","errorCode":"TOO_MANY_REQUESTS","message":"Too many requests, please re-try","items":[],"retryDelay":500}}}},"default":{"description":"Error messages returned to the caller.","content":{"application/json":{"schema":{"$ref":"#/components/schemas/ErrorResponse"},"example":{"name":"ErrorResponse","errorCode":"UNEXPECTED","message":"An unexpected error occurred","items":[],"retryDelay":0}}}}}},"put":{"summary":"Create a version of a template.","description":"PUT body contains request to submit a template.  Record creation is idempotent, update is not supported.","operationId":"createTemplate","parameters":[{"name":"templateId","in":"path","description":"Immutable string that uniquely identifies a template.  All versions of a template share the same templateId.","required":true,"style":"simple","explode":false,"schema":{"maxLength":250,"type":"string"}}],"requestBody":{"$ref":"#/components/requestBodies/TemplateRequestBody"},"responses":{"201":{"description":"Template Uploaded","content":{"text/plain":{"schema":{"type":"string","example":"Template Uploaded"}}}},"400":{"description":"Bad request.","content":{"application/json":{"schema":{"$ref":"#/components/schemas/ErrorResponse"},"example":{"name":"RequestValidationError","errorCode":"VALIDATION_FAILED","message":"Bad request","items":{"errorCode":"MISSING_REQUIRED_PROPERTY","message":"someProperty is required"},"retryDelay":0}}}},"401":{"description":"Authentication failed.","content":{"application/json":{"schema":{"$ref":"#/components/schemas/ErrorResponse"},"example":{"name":"TenantAuthenticationError","errorCode":"AUTHENTICATION_FAILED","message":"Unable to authenticate","items":[],"retryDelay":0}}}},"409":{"description":"Conflict with existing resource.","content":{"application/json":{"schema":{"$ref":"#/components/schemas/ErrorResponse"},"example":{"name":"DatabaseConflictError","errorCode":"CONFLICT","message":"Conflict with existing resource.","items":[],"retryDelay":0}}}},"429":{"description":"Too many requests.","content":{"application/json":{"schema":{"$ref":"#/components/schemas/ErrorResponse"},"example":{"name":"TooManyRequestsError","errorCode":"TOO_MANY_REQUESTS","message":"Too many requests, please re-try","items":[],"retryDelay":500}}}},"default":{"description":"Error messages returned to the caller.","content":{"application/json":{"schema":{"$ref":"#/components/schemas/ErrorResponse"},"example":{"name":"ErrorResponse","errorCode":"UNEXPECTED","message":"An unexpected error occurred","items":[],"retryDelay":0}}}}}},"delete":{"summary":"Delete all versions of a template that are not associated with a request.  Pass versionId to delete a specific template version.","operationId":"deleteTemplate","parameters":[{"name":"templateId","in":"path","description":"Immutable string that uniquely identifies a template.  All versions of a template share the same templateId.","required":true,"style":"simple","explode":false,"schema":{"maxLength":250,"type":"string"}},{"name":"versionId","in":"query","required":false,"style":"form","explode":false,"schema":{"type":"string","format":"uuid"}}],"responses":{"204":{"description":"Template has been removed."},"400":{"description":"Bad request.","content":{"application/json":{"schema":{"$ref":"#/components/schemas/ErrorResponse"},"example":{"name":"RequestValidationError","errorCode":"VALIDATION_FAILED","message":"Bad request","items":{"errorCode":"MISSING_REQUIRED_PROPERTY","message":"someProperty is required"},"retryDelay":0}}}},"401":{"description":"Authentication failed.","content":{"application/json":{"schema":{"$ref":"#/components/schemas/ErrorResponse"},"example":{"name":"TenantAuthenticationError","errorCode":"AUTHENTICATION_FAILED","message":"Unable to authenticate","items":[],"retryDelay":0}}}},"404":{"description":"Resource not found.","content":{"application/json":{"schema":{"$ref":"#/components/schemas/ErrorResponse"},"example":{"name":"ErrorResponse","errorCode":"NOT_FOUND","message":"Resource not found","items":[],"retryDelay":0}}}},"409":{"description":"Conflict with existing resource.","content":{"application/json":{"schema":{"$ref":"#/components/schemas/ErrorResponse"},"example":{"name":"DatabaseConflictError","errorCode":"CONFLICT","message":"Conflict with existing resource.","items":[],"retryDelay":0}}}},"429":{"description":"Too many requests.","content":{"application/json":{"schema":{"$ref":"#/components/schemas/ErrorResponse"},"example":{"name":"TooManyRequestsError","errorCode":"TOO_MANY_REQUESTS","message":"Too many requests, please re-try","items":[],"retryDelay":500}}}},"default":{"description":"Error messages returned to the caller.","content":{"application/json":{"schema":{"$ref":"#/components/schemas/ErrorResponse"},"example":{"name":"ErrorResponse","errorCode":"UNEXPECTED","message":"An unexpected error occurred","items":[],"retryDelay":0}}}}}}},"/v1/template/{templateId}/current":{"get":{"summary":"Get current version of a template.","operationId":"getCurrentTemplate","parameters":[{"name":"templateId","in":"path","description":"Immutable string that uniquely identifies a template.  All versions of a template share the same templateId.","required":true,"style":"simple","explode":false,"schema":{"maxLength":250,"type":"string"}}],"responses":{"200":{"description":"Information describing the template and download URL.","content":{"application/json":{"schema":{"$ref":"#/components/schemas/Template"}}}},"400":{"description":"Bad request.","content":{"application/json":{"schema":{"$ref":"#/components/schemas/ErrorResponse"},"example":{"name":"RequestValidationError","errorCode":"VALIDATION_FAILED","message":"Bad request","items":{"errorCode":"MISSING_REQUIRED_PROPERTY","message":"someProperty is required"},"retryDelay":0}}}},"401":{"description":"Authentication failed.","content":{"application/json":{"schema":{"$ref":"#/components/schemas/ErrorResponse"},"example":{"name":"TenantAuthenticationError","errorCode":"AUTHENTICATION_FAILED","message":"Unable to authenticate","items":[],"retryDelay":0}}}},"404":{"description":"Resource not found.","content":{"application/json":{"schema":{"$ref":"#/components/schemas/ErrorResponse"},"example":{"name":"ErrorResponse","errorCode":"NOT_FOUND","message":"Resource not found","items":[],"retryDelay":0}}}},"429":{"description":"Too many requests.","content":{"application/json":{"schema":{"$ref":"#/components/schemas/ErrorResponse"},"example":{"name":"TooManyRequestsError","errorCode":"TOO_MANY_REQUESTS","message":"Too many requests, please re-try","items":[],"retryDelay":500}}}},"default":{"description":"Error messages returned to the caller.","content":{"application/json":{"schema":{"$ref":"#/components/schemas/ErrorResponse"},"example":{"name":"ErrorResponse","errorCode":"UNEXPECTED","message":"An unexpected error occurred","items":[],"retryDelay":0}}}}}}},"/v1/template/preview":{"post":{"summary":"Generate a preview from a template file and data.  Designed to be used before creating the template record.  No data persisted.","description":"POST body contains template file and data.","operationId":"previewTemplate","requestBody":{"$ref":"#/components/requestBodies/TemplatePreviewRequestBody"},"responses":{"200":{"description":"A DOCX or PDF file","content":{"application/octet-stream":{"schema":{"type":"string","format":"byte","example":"QmFzZTY0IGZpbGUgY29udGVudHM="}}}},"400":{"description":"Bad request.","content":{"application/json":{"schema":{"$ref":"#/components/schemas/ErrorResponse"},"example":{"name":"RequestValidationError","errorCode":"VALIDATION_FAILED","message":"Bad request","items":{"errorCode":"MISSING_REQUIRED_PROPERTY","message":"someProperty is required"},"retryDelay":0}}}},"401":{"description":"Authentication failed.","content":{"application/json":{"schema":{"$ref":"#/components/schemas/ErrorResponse"},"example":{"name":"TenantAuthenticationError","errorCode":"AUTHENTICATION_FAILED","message":"Unable to authenticate","items":[],"retryDelay":0}}}},"429":{"description":"Too many requests.","content":{"application/json":{"schema":{"$ref":"#/components/schemas/ErrorResponse"},"example":{"name":"TooManyRequestsError","errorCode":"TOO_MANY_REQUESTS","message":"Too many requests, please re-try","items":[],"retryDelay":500}}}},"default":{"description":"Error messages returned to the caller.","content":{"application/json":{"schema":{"$ref":"#/components/schemas/ErrorResponse"},"example":{"name":"ErrorResponse","errorCode":"UNEXPECTED","message":"An unexpected error occurred","items":[],"retryDelay":0}}}}}}},"/v1/request/{requestId}/generateDocument":{"put":{"summary":"Generate document from an array of templates and data","description":"PUT body contains request to generate a document. Record creation is idempotent, update is not supported.","operationId":"generateDocument","parameters":[{"name":"requestId","in":"path","description":"UUID to use as primary key.","required":true,"style":"simple","explode":false,"schema":{"type":"string","format":"uuid"}}],"requestBody":{"$ref":"#/components/requestBodies/GenerateDocumentRequestBody"},"responses":{"202":{"description":"Document generation request has been accepted.","content":{"text/plain":{"schema":{"type":"string","example":"Document generation request has been accepted."}}}},"400":{"description":"Bad request.","content":{"application/json":{"schema":{"$ref":"#/components/schemas/ErrorResponse"},"example":{"name":"RequestValidationError","errorCode":"VALIDATION_FAILED","message":"Bad request","items":{"errorCode":"MISSING_REQUIRED_PROPERTY","message":"someProperty is required"},"retryDelay":0}}}},"401":{"description":"Authentication failed.","content":{"application/json":{"schema":{"$ref":"#/components/schemas/ErrorResponse"},"example":{"name":"TenantAuthenticationError","errorCode":"AUTHENTICATION_FAILED","message":"Unable to authenticate","items":[],"retryDelay":0}}}},"409":{"description":"Conflict with existing resource.","content":{"application/json":{"schema":{"$ref":"#/components/schemas/ErrorResponse"},"example":{"name":"DatabaseConflictError","errorCode":"CONFLICT","message":"Conflict with existing resource.","items":[],"retryDelay":0}}}},"429":{"description":"Too many requests.","content":{"application/json":{"schema":{"$ref":"#/components/schemas/ErrorResponse"},"example":{"name":"TooManyRequestsError","errorCode":"TOO_MANY_REQUESTS","message":"Too many requests, please re-try","items":[],"retryDelay":500}}}},"default":{"description":"Error messages returned to the caller.","content":{"application/json":{"schema":{"$ref":"#/components/schemas/ErrorResponse"},"example":{"name":"ErrorResponse","errorCode":"UNEXPECTED","message":"An unexpected error occurred","items":[],"retryDelay":0}}}}}}},"/v1/request/{requestId}/mailDocument":{"put":{"summary":"Mail an existing document","description":"PUT body contains request to mail a document. Record creation is idempotent, update is not supported.","operationId":"mailDocument","parameters":[{"name":"requestId","in":"path","description":"UUID to use as primary key.","required":true,"style":"simple","explode":false,"schema":{"type":"string","format":"uuid"}}],"requestBody":{"$ref":"#/components/requestBodies/MailDocumentRequestBody"},"responses":{"202":{"description":"Document mailing request has been accepted.","content":{"text/plain":{"schema":{"type":"string","example":"Document mailing request has been accepted."}}}},"400":{"description":"Bad request.","content":{"application/json":{"schema":{"$ref":"#/components/schemas/ErrorResponse"},"example":{"name":"RequestValidationError","errorCode":"VALIDATION_FAILED","message":"Bad request","items":{"errorCode":"MISSING_REQUIRED_PROPERTY","message":"someProperty is required"},"retryDelay":0}}}},"401":{"description":"Authentication failed.","content":{"application/json":{"schema":{"$ref":"#/components/schemas/ErrorResponse"},"example":{"name":"TenantAuthenticationError","errorCode":"AUTHENTICATION_FAILED","message":"Unable to authenticate","items":[],"retryDelay":0}}}},"409":{"description":"Conflict with existing resource.","content":{"application/json":{"schema":{"$ref":"#/components/schemas/ErrorResponse"},"example":{"name":"DatabaseConflictError","errorCode":"CONFLICT","message":"Conflict with existing resource.","items":[],"retryDelay":0}}}},"429":{"description":"Too many requests.","content":{"application/json":{"schema":{"$ref":"#/components/schemas/ErrorResponse"},"example":{"name":"TooManyRequestsError","errorCode":"TOO_MANY_REQUESTS","message":"Too many requests, please re-try","items":[],"retryDelay":500}}}},"default":{"description":"Error messages returned to the caller.","content":{"application/json":{"schema":{"$ref":"#/components/schemas/ErrorResponse"},"example":{"name":"ErrorResponse","errorCode":"UNEXPECTED","message":"An unexpected error occurred","items":[],"retryDelay":0}}}}}}},"/v1/request/{requestId}/generateAndMailDocument":{"put":{"summary":"Generate and mail a document from an array of templates and data","description":"PUT body contains request to generate and mail a document. Record creation is idempotent, update is not supported.","operationId":"generateAndMailDocument","parameters":[{"name":"requestId","in":"path","description":"UUID to use as primary key.","required":true,"style":"simple","explode":false,"schema":{"type":"string","format":"uuid"}}],"requestBody":{"$ref":"#/components/requestBodies/GenerateAndMailDocumentRequestBody"},"responses":{"202":{"description":"Document generation and mailing request has been accepted.","content":{"text/plain":{"schema":{"type":"string","example":"Document generation and mailing request has been accepted."}}}},"400":{"description":"Bad request.","content":{"application/json":{"schema":{"$ref":"#/components/schemas/ErrorResponse"},"example":{"name":"RequestValidationError","errorCode":"VALIDATION_FAILED","message":"Bad request","items":{"errorCode":"MISSING_REQUIRED_PROPERTY","message":"someProperty is required"},"retryDelay":0}}}},"401":{"description":"Authentication failed.","content":{"application/json":{"schema":{"$ref":"#/components/schemas/ErrorResponse"},"example":{"name":"TenantAuthenticationError","errorCode":"AUTHENTICATION_FAILED","message":"Unable to authenticate","items":[],"retryDelay":0}}}},"409":{"description":"Conflict with existing resource.","content":{"application/json":{"schema":{"$ref":"#/components/schemas/ErrorResponse"},"example":{"name":"DatabaseConflictError","errorCode":"CONFLICT","message":"Conflict with existing resource.","items":[],"retryDelay":0}}}},"429":{"description":"Too many requests.","content":{"application/json":{"schema":{"$ref":"#/components/schemas/ErrorResponse"},"example":{"name":"TooManyRequestsError","errorCode":"TOO_MANY_REQUESTS","message":"Too many requests, please re-try","items":[],"retryDelay":500}}}},"default":{"description":"Error messages returned to the caller.","content":{"application/json":{"schema":{"$ref":"#/components/schemas/ErrorResponse"},"example":{"name":"ErrorResponse","errorCode":"UNEXPECTED","message":"An unexpected error occurred","items":[],"retryDelay":0}}}}}}},"/v1/request/batchGet":{"post":{"summary":"Get an array of requests by ID.","description":"Returns all request attributes including merge items if they exist.","operationId":"batchGetRequests","requestBody":{"$ref":"#/components/requestBodies/RequestBatchGetRequestBody"},"responses":{"200":{"description":"Request data.","content":{"application/json":{"schema":{"type":"array","items":{"$ref":"#/components/schemas/Request"}}}}},"400":{"description":"Bad request.","content":{"application/json":{"schema":{"$ref":"#/components/schemas/ErrorResponse"},"example":{"name":"RequestValidationError","errorCode":"VALIDATION_FAILED","message":"Bad request","items":{"errorCode":"MISSING_REQUIRED_PROPERTY","message":"someProperty is required"},"retryDelay":0}}}},"401":{"description":"Authentication failed.","content":{"application/json":{"schema":{"$ref":"#/components/schemas/ErrorResponse"},"example":{"name":"TenantAuthenticationError","errorCode":"AUTHENTICATION_FAILED","message":"Unable to authenticate","items":[],"retryDelay":0}}}},"404":{"description":"Resource not found.","content":{"application/json":{"schema":{"$ref":"#/components/schemas/ErrorResponse"},"example":{"name":"ErrorResponse","errorCode":"NOT_FOUND","message":"Resource not found","items":[],"retryDelay":0}}}},"429":{"description":"Too many requests.","content":{"application/json":{"schema":{"$ref":"#/components/schemas/ErrorResponse"},"example":{"name":"TooManyRequestsError","errorCode":"TOO_MANY_REQUESTS","message":"Too many requests, please re-try","items":[],"retryDelay":500}}}},"default":{"description":"Error messages returned to the caller.","content":{"application/json":{"schema":{"$ref":"#/components/schemas/ErrorResponse"},"example":{"name":"ErrorResponse","errorCode":"UNEXPECTED","message":"An unexpected error occurred","items":[],"retryDelay":0}}}}}}},"/v1/request/batchGet/status":{"post":{"summary":"Get an array of request statuses by ID.","description":"Returns only the request attributes that can change.","operationId":"batchGetRequestStatus","requestBody":{"$ref":"#/components/requestBodies/RequestBatchGetRequestBody"},"responses":{"200":{"description":"Request data that can change.","content":{"application/json":{"schema":{"type":"array","items":{"$ref":"#/components/schemas/RequestPartial"}}}}},"400":{"description":"Bad request.","content":{"application/json":{"schema":{"$ref":"#/components/schemas/ErrorResponse"},"example":{"name":"RequestValidationError","errorCode":"VALIDATION_FAILED","message":"Bad request","items":{"errorCode":"MISSING_REQUIRED_PROPERTY","message":"someProperty is required"},"retryDelay":0}}}},"401":{"description":"Authentication failed.","content":{"application/json":{"schema":{"$ref":"#/components/schemas/ErrorResponse"},"example":{"name":"TenantAuthenticationError","errorCode":"AUTHENTICATION_FAILED","message":"Unable to authenticate","items":[],"retryDelay":0}}}},"404":{"description":"Resource not found.","content":{"application/json":{"schema":{"$ref":"#/components/schemas/ErrorResponse"},"example":{"name":"ErrorResponse","errorCode":"NOT_FOUND","message":"Resource not found","items":[],"retryDelay":0}}}},"429":{"description":"Too many requests.","content":{"application/json":{"schema":{"$ref":"#/components/schemas/ErrorResponse"},"example":{"name":"TooManyRequestsError","errorCode":"TOO_MANY_REQUESTS","message":"Too many requests, please re-try","items":[],"retryDelay":500}}}},"default":{"description":"Error messages returned to the caller.","content":{"application/json":{"schema":{"$ref":"#/components/schemas/ErrorResponse"},"example":{"name":"ErrorResponse","errorCode":"UNEXPECTED","message":"An unexpected error occurred","items":[],"retryDelay":0}}}}}}},"/v1/request/{requestId}":{"get":{"summary":"Get a request by ID.","description":"Returns all request attributes including merge items if they exist.","operationId":"getRequest","parameters":[{"name":"requestId","in":"path","description":"UUID to use as primary key.","required":true,"style":"simple","explode":false,"schema":{"type":"string","format":"uuid"}}],"responses":{"200":{"description":"Request data.","content":{"application/json":{"schema":{"$ref":"#/components/schemas/Request"}}}},"400":{"description":"Bad request.","content":{"application/json":{"schema":{"$ref":"#/components/schemas/ErrorResponse"},"example":{"name":"RequestValidationError","errorCode":"VALIDATION_FAILED","message":"Bad request","items":{"errorCode":"MISSING_REQUIRED_PROPERTY","message":"someProperty is required"},"retryDelay":0}}}},"401":{"description":"Authentication failed.","content":{"application/json":{"schema":{"$ref":"#/components/schemas/ErrorResponse"},"example":{"name":"TenantAuthenticationError","errorCode":"AUTHENTICATION_FAILED","message":"Unable to authenticate","items":[],"retryDelay":0}}}},"404":{"description":"Resource not found.","content":{"application/json":{"schema":{"$ref":"#/components/schemas/ErrorResponse"},"example":{"name":"ErrorResponse","errorCode":"NOT_FOUND","message":"Resource not found","items":[],"retryDelay":0}}}},"429":{"description":"Too many requests.","content":{"application/json":{"schema":{"$ref":"#/components/schemas/ErrorResponse"},"example":{"name":"TooManyRequestsError","errorCode":"TOO_MANY_REQUESTS","message":"Too many requests, please re-try","items":[],"retryDelay":500}}}},"default":{"description":"Error messages returned to the caller.","content":{"application/json":{"schema":{"$ref":"#/components/schemas/ErrorResponse"},"example":{"name":"ErrorResponse","errorCode":"UNEXPECTED","message":"An unexpected error occurred","items":[],"retryDelay":0}}}}}}},"/v1/request/{requestId}/status":{"get":{"summary":"Get request status by ID.","description":"Returns only the request attributes that can change.","operationId":"getRequestStatus","parameters":[{"name":"requestId","in":"path","description":"UUID to use as primary key.","required":true,"style":"simple","explode":false,"schema":{"type":"string","format":"uuid"}}],"responses":{"200":{"description":"Request data that can change.","content":{"application/json":{"schema":{"$ref":"#/components/schemas/RequestPartial"}}}},"400":{"description":"Bad request.","content":{"application/json":{"schema":{"$ref":"#/components/schemas/ErrorResponse"},"example":{"name":"RequestValidationError","errorCode":"VALIDATION_FAILED","message":"Bad request","items":{"errorCode":"MISSING_REQUIRED_PROPERTY","message":"someProperty is required"},"retryDelay":0}}}},"401":{"description":"Authentication failed.","content":{"application/json":{"schema":{"$ref":"#/components/schemas/ErrorResponse"},"example":{"name":"TenantAuthenticationError","errorCode":"AUTHENTICATION_FAILED","message":"Unable to authenticate","items":[],"retryDelay":0}}}},"404":{"description":"Resource not found.","content":{"application/json":{"schema":{"$ref":"#/components/schemas/ErrorResponse"},"example":{"name":"ErrorResponse","errorCode":"NOT_FOUND","message":"Resource not found","items":[],"retryDelay":0}}}},"429":{"description":"Too many requests.","content":{"application/json":{"schema":{"$ref":"#/components/schemas/ErrorResponse"},"example":{"name":"TooManyRequestsError","errorCode":"TOO_MANY_REQUESTS","message":"Too many requests, please re-try","items":[],"retryDelay":500}}}},"default":{"description":"Error messages returned to the caller.","content":{"application/json":{"schema":{"$ref":"#/components/schemas/ErrorResponse"},"example":{"name":"ErrorResponse","errorCode":"UNEXPECTED","message":"An unexpected error occurred","items":[],"retryDelay":0}}}}}}},"/v1/document/batchGet":{"post":{"summary":"Get an array of documents by ID.","operationId":"batchGetDocuments","requestBody":{"$ref":"#/components/requestBodies/DocumentBatchGetRequestBody"},"responses":{"200":{"description":"Document data and download URL.","content":{"application/json":{"schema":{"type":"array","items":{"$ref":"#/components/schemas/Document"}}}}},"400":{"description":"Bad request.","content":{"application/json":{"schema":{"$ref":"#/components/schemas/ErrorResponse"},"example":{"name":"RequestValidationError","errorCode":"VALIDATION_FAILED","message":"Bad request","items":{"errorCode":"MISSING_REQUIRED_PROPERTY","message":"someProperty is required"},"retryDelay":0}}}},"401":{"description":"Authentication failed.","content":{"application/json":{"schema":{"$ref":"#/components/schemas/ErrorResponse"},"example":{"name":"TenantAuthenticationError","errorCode":"AUTHENTICATION_FAILED","message":"Unable to authenticate","items":[],"retryDelay":0}}}},"404":{"description":"Resource not found.","content":{"application/json":{"schema":{"$ref":"#/components/schemas/ErrorResponse"},"example":{"name":"ErrorResponse","errorCode":"NOT_FOUND","message":"Resource not found","items":[],"retryDelay":0}}}},"429":{"description":"Too many requests.","content":{"application/json":{"schema":{"$ref":"#/components/schemas/ErrorResponse"},"example":{"name":"TooManyRequestsError","errorCode":"TOO_MANY_REQUESTS","message":"Too many requests, please re-try","items":[],"retryDelay":500}}}},"default":{"description":"Error messages returned to the caller.","content":{"application/json":{"schema":{"$ref":"#/components/schemas/ErrorResponse"},"example":{"name":"ErrorResponse","errorCode":"UNEXPECTED","message":"An unexpected error occurred","items":[],"retryDelay":0}}}}}}},"/v1/document/{documentId}":{"get":{"summary":"Get a document by ID.","operationId":"getDocument","parameters":[{"name":"documentId","in":"path","description":"UUID to use as primary key.","required":true,"style":"simple","explode":false,"schema":{"type":"string","format":"uuid"}}],"responses":{"200":{"description":"Document data and download URL.","content":{"application/json":{"schema":{"type":"array","items":{"$ref":"#/components/schemas/Document"}}}}},"400":{"description":"Bad request.","content":{"application/json":{"schema":{"$ref":"#/components/schemas/ErrorResponse"},"example":{"name":"RequestValidationError","errorCode":"VALIDATION_FAILED","message":"Bad request","items":{"errorCode":"MISSING_REQUIRED_PROPERTY","message":"someProperty is required"},"retryDelay":0}}}},"401":{"description":"Authentication failed.","content":{"application/json":{"schema":{"$ref":"#/components/schemas/ErrorResponse"},"example":{"name":"TenantAuthenticationError","errorCode":"AUTHENTICATION_FAILED","message":"Unable to authenticate","items":[],"retryDelay":0}}}},"404":{"description":"Resource not found.","content":{"application/json":{"schema":{"$ref":"#/components/schemas/ErrorResponse"},"example":{"name":"ErrorResponse","errorCode":"NOT_FOUND","message":"Resource not found","items":[],"retryDelay":0}}}},"429":{"description":"Too many requests.","content":{"application/json":{"schema":{"$ref":"#/components/schemas/ErrorResponse"},"example":{"name":"TooManyRequestsError","errorCode":"TOO_MANY_REQUESTS","message":"Too many requests, please re-try","items":[],"retryDelay":500}}}},"default":{"description":"Error messages returned to the caller.","content":{"application/json":{"schema":{"$ref":"#/components/schemas/ErrorResponse"},"example":{"name":"ErrorResponse","errorCode":"UNEXPECTED","message":"An unexpected error occurred","items":[],"retryDelay":0}}}}}},"put":{"summary":"Upload a document that can later be mailed.","description":"PUT body contains request to upload a document. Record creation is idempotent, update is not supported.","operationId":"createDocument","parameters":[{"name":"documentId","in":"path","description":"UUID to use as primary key.","required":true,"style":"simple","explode":false,"schema":{"type":"string","format":"uuid"}}],"requestBody":{"$ref":"#/components/requestBodies/DocumentCreateRequestBody"},"responses":{"201":{"description":"Document Uploaded","content":{"text/plain":{"schema":{"type":"string","example":"Document Uploaded"}}}},"400":{"description":"Bad request.","content":{"application/json":{"schema":{"$ref":"#/components/schemas/ErrorResponse"},"example":{"name":"RequestValidationError","errorCode":"VALIDATION_FAILED","message":"Bad request","items":{"errorCode":"MISSING_REQUIRED_PROPERTY","message":"someProperty is required"},"retryDelay":0}}}},"401":{"description":"Authentication failed.","content":{"application/json":{"schema":{"$ref":"#/components/schemas/ErrorResponse"},"example":{"name":"TenantAuthenticationError","errorCode":"AUTHENTICATION_FAILED","message":"Unable to authenticate","items":[],"retryDelay":0}}}},"409":{"description":"Conflict with existing resource.","content":{"application/json":{"schema":{"$ref":"#/components/schemas/ErrorResponse"},"example":{"name":"DatabaseConflictError","errorCode":"CONFLICT","message":"Conflict with existing resource.","items":[],"retryDelay":0}}}},"429":{"description":"Too many requests.","content":{"application/json":{"schema":{"$ref":"#/components/schemas/ErrorResponse"},"example":{"name":"TooManyRequestsError","errorCode":"TOO_MANY_REQUESTS","message":"Too many requests, please re-try","items":[],"retryDelay":500}}}},"default":{"description":"Error messages returned to the caller.","content":{"application/json":{"schema":{"$ref":"#/components/schemas/ErrorResponse"},"example":{"name":"ErrorResponse","errorCode":"UNEXPECTED","message":"An unexpected error occurred","items":[],"retryDelay":0}}}}}},"delete":{"summary":"Delete a document that is not associated with any requests.","operationId":"deleteDocument","parameters":[{"name":"documentId","in":"path","description":"UUID to use as primary key.","required":true,"style":"simple","explode":false,"schema":{"type":"string","format":"uuid"}}],"responses":{"204":{"description":"Document has been removed."},"400":{"description":"Bad request.","content":{"application/json":{"schema":{"$ref":"#/components/schemas/ErrorResponse"},"example":{"name":"RequestValidationError","errorCode":"VALIDATION_FAILED","message":"Bad request","items":{"errorCode":"MISSING_REQUIRED_PROPERTY","message":"someProperty is required"},"retryDelay":0}}}},"401":{"description":"Authentication failed.","content":{"application/json":{"schema":{"$ref":"#/components/schemas/ErrorResponse"},"example":{"name":"TenantAuthenticationError","errorCode":"AUTHENTICATION_FAILED","message":"Unable to authenticate","items":[],"retryDelay":0}}}},"404":{"description":"Resource not found.","content":{"application/json":{"schema":{"$ref":"#/components/schemas/ErrorResponse"},"example":{"name":"ErrorResponse","errorCode":"NOT_FOUND","message":"Resource not found","items":[],"retryDelay":0}}}},"409":{"description":"Conflict with existing resource.","content":{"application/json":{"schema":{"$ref":"#/components/schemas/ErrorResponse"},"example":{"name":"DatabaseConflictError","errorCode":"CONFLICT","message":"Conflict with existing resource.","items":[],"retryDelay":0}}}},"429":{"description":"Too many requests.","content":{"application/json":{"schema":{"$ref":"#/components/schemas/ErrorResponse"},"example":{"name":"TooManyRequestsError","errorCode":"TOO_MANY_REQUESTS","message":"Too many requests, please re-try","items":[],"retryDelay":500}}}},"default":{"description":"Error messages returned to the caller.","content":{"application/json":{"schema":{"$ref":"#/components/schemas/ErrorResponse"},"example":{"name":"ErrorResponse","errorCode":"UNEXPECTED","message":"An unexpected error occurred","items":[],"retryDelay":0}}}}}}},"/v1/webhook":{"get":{"summary":"Get a list of all webhooks - limit of 10. Most tenants will only need two - one for each event.","operationId":"getWebhooks","responses":{"200":{"description":"An array of Webhook records.","content":{"application/json":{"schema":{"type":"array","items":{"$ref":"#/components/schemas/Webhook"}}}}},"401":{"description":"Authentication failed.","content":{"application/json":{"schema":{"$ref":"#/components/schemas/ErrorResponse"},"example":{"name":"TenantAuthenticationError","errorCode":"AUTHENTICATION_FAILED","message":"Unable to authenticate","items":[],"retryDelay":0}}}},"429":{"description":"Too many requests.","content":{"application/json":{"schema":{"$ref":"#/components/schemas/ErrorResponse"},"example":{"name":"TooManyRequestsError","errorCode":"TOO_MANY_REQUESTS","message":"Too many requests, please re-try","items":[],"retryDelay":500}}}},"default":{"description":"Error messages returned to the caller.","content":{"application/json":{"schema":{"$ref":"#/components/schemas/ErrorResponse"},"example":{"name":"ErrorResponse","errorCode":"UNEXPECTED","message":"An unexpected error occurred","items":[],"retryDelay":0}}}}}}},"/v1/webhook/{webhookId}":{"put":{"summary":"Create or update a webhook for an event.","description":"PUT body contains webhook event and callback URL.  Callback URL for a given event must be unique, but multiple callback URLs can be registered for an event.","operationId":"createWebhook","parameters":[{"name":"webhookId","in":"path","description":"UUID to use as primary key.","required":true,"style":"simple","explode":false,"schema":{"type":"string","format":"uuid"}}],"requestBody":{"$ref":"#/components/requestBodies/WebhookCreateRequestBody"},"responses":{"204":{"description":"Webhook created.","content":{"text/plain":{"schema":{"type":"string","example":"Webhook created."}}}},"400":{"description":"Bad request.","content":{"application/json":{"schema":{"$ref":"#/components/schemas/ErrorResponse"},"example":{"name":"RequestValidationError","errorCode":"VALIDATION_FAILED","message":"Bad request","items":{"errorCode":"MISSING_REQUIRED_PROPERTY","message":"someProperty is required"},"retryDelay":0}}}},"401":{"description":"Authentication failed.","content":{"application/json":{"schema":{"$ref":"#/components/schemas/ErrorResponse"},"example":{"name":"TenantAuthenticationError","errorCode":"AUTHENTICATION_FAILED","message":"Unable to authenticate","items":[],"retryDelay":0}}}},"409":{"description":"Conflict with existing resource.","content":{"application/json":{"schema":{"$ref":"#/components/schemas/ErrorResponse"},"example":{"name":"DatabaseConflictError","errorCode":"CONFLICT","message":"Conflict with existing resource.","items":[],"retryDelay":0}}}},"429":{"description":"Too many requests.","content":{"application/json":{"schema":{"$ref":"#/components/schemas/ErrorResponse"},"example":{"name":"TooManyRequestsError","errorCode":"TOO_MANY_REQUESTS","message":"Too many requests, please re-try","items":[],"retryDelay":500}}}},"default":{"description":"Error messages returned to the caller.","content":{"application/json":{"schema":{"$ref":"#/components/schemas/ErrorResponse"},"example":{"name":"ErrorResponse","errorCode":"UNEXPECTED","message":"An unexpected error occurred","items":[],"retryDelay":0}}}}},"callbacks":{"onRequestUpdate":{"{$request.body#/callbackUrl}?callbackSecret=${request.body#/callbackSecret}":{"post":{"requestBody":{"content":{"application/json":{"schema":{"$ref":"#/components/schemas/RequestPartial"}}}},"responses":{"200":{"description":"OK"}}}}}}},"delete":{"summary":"Delete a webhook by ID","operationId":"deleteWebhook","parameters":[{"name":"webhookId","in":"path","description":"UUID to use as primary key.","required":true,"style":"simple","explode":false,"schema":{"type":"string","format":"uuid"}}],"responses":{"204":{"description":"Webhook has been removed."},"400":{"description":"Bad request.","content":{"application/json":{"schema":{"$ref":"#/components/schemas/ErrorResponse"},"example":{"name":"RequestValidationError","errorCode":"VALIDATION_FAILED","message":"Bad request","items":{"errorCode":"MISSING_REQUIRED_PROPERTY","message":"someProperty is required"},"retryDelay":0}}}},"401":{"description":"Authentication failed.","content":{"application/json":{"schema":{"$ref":"#/components/schemas/ErrorResponse"},"example":{"name":"TenantAuthenticationError","errorCode":"AUTHENTICATION_FAILED","message":"Unable to authenticate","items":[],"retryDelay":0}}}},"404":{"description":"Resource not found.","content":{"application/json":{"schema":{"$ref":"#/components/schemas/ErrorResponse"},"example":{"name":"ErrorResponse","errorCode":"NOT_FOUND","message":"Resource not found","items":[],"retryDelay":0}}}},"429":{"description":"Too many requests.","content":{"application/json":{"schema":{"$ref":"#/components/schemas/ErrorResponse"},"example":{"name":"TooManyRequestsError","errorCode":"TOO_MANY_REQUESTS","message":"Too many requests, please re-try","items":[],"retryDelay":500}}}},"default":{"description":"Error messages returned to the caller.","content":{"application/json":{"schema":{"$ref":"#/components/schemas/ErrorResponse"},"example":{"name":"ErrorResponse","errorCode":"UNEXPECTED","message":"An unexpected error occurred","items":[],"retryDelay":0}}}}}}}},"components":{"schemas":{"TokenRequest":{"required":["clientId","clientSecret"],"type":"object","properties":{"clientId":{"type":"string"},"clientSecret":{"type":"string"}}},"TemplateCreateRequest":{"required":["file","publishDateTime","versionId"],"type":"object","properties":{"versionId":{"type":"string","description":"UUID to use as primary key of template version.","format":"uuid"},"file":{"type":"string","description":"Base64 encoded contents of template file.","format":"byte"},"publishDateTime":{"type":"string","description":"Date and time that template becomes the active version. Default: now","format":"date-time"},"isStatic":{"type":"boolean","description":"Boolean flag to mark whether a template is static (has no template data fields). Default: false.","default":false}}},"TemplatePreviewRequest":{"required":["file","mergeData"],"type":"object","properties":{"file":{"type":"string","description":"Base64 contents of template file","format":"byte"},"mergeData":{"type":"object"},"convertToPdf":{"type":"boolean","default":false}}},"GenerateDocumentRequest":{"required":["mergeItems"],"type":"object","properties":{"mergeItems":{"maxItems":12,"minItems":1,"type":"array","items":{"$ref":"#/components/schemas/MergeItem"}}}},"MergeItem":{"required":["templateId"],"type":"object","properties":{"templateId":{"type":"string","format":"uuid"},"templateVersionId":{"type":"string","format":"uuid"},"mergeData":{"type":"object"}}},"MailDocumentRequest":{"required":["address","documentId"],"type":"object","properties":{"documentId":{"type":"string","format":"uuid"},"address":{"$ref":"#/components/schemas/Address"}}},"GenerateAndMailDocumentRequest":{"required":["address","mergeItems"],"type":"object","properties":{"mergeItems":{"maxItems":12,"minItems":1,"type":"array","items":{"$ref":"#/components/schemas/MergeItem"}},"address":{"$ref":"#/components/schemas/Address"}}},"RequestBatchGetRequest":{"required":["requestId"],"type":"object","properties":{"requestId":{"maxItems":100,"minItems":1,"uniqueItems":true,"type":"array","items":{"type":"string","format":"uuid"}}}},"DocumentBatchGetRequest":{"required":["documentId"],"type":"object","properties":{"documentId":{"maxItems":100,"minItems":1,"uniqueItems":true,"type":"array","items":{"type":"string","format":"uuid"}}}},"DocumentCreateRequest":{"type":"string","format":"byte"},"WebhookCreateRequest":{"required":["callbackSecret","callbackUrl","event"],"type":"object","properties":{"event":{"$ref":"#/components/schemas/WebhookEvents"},"callbackUrl":{"type":"string"},"callbackSecret":{"type":"string"}}},"Token":{"required":["accessToken","expiresIn"],"type":"object","properties":{"accessToken":{"type":"string"},"expiresIn":{"type":"number"}}},"Address":{"required":["addressLine1","countryCode","postalCode","recipient","stateProvince"],"type":"object","properties":{"recipient":{"maxLength":45,"type":"string"},"addressLine1":{"maxLength":45,"type":"string"},"addressLine2":{"maxLength":45,"type":"string"},"addressLine3":{"maxLength":45,"type":"string"},"city":{"maxLength":45,"type":"string"},"stateProvince":{"maxLength":45,"type":"string"},"postalCode":{"maxLength":10,"type":"string"},"countryCode":{"$ref":"#/components/schemas/CountryCode"}}},"Template":{"required":["isStatic","publishDateTime","templateId","uploadStatus","versionId"],"type":"object","properties":{"versionId":{"type":"string"},"templateId":{"type":"string"},"publishDateTime":{"type":"string","format":"date-time"},"createDateTime":{"type":"string","format":"date-time"},"lastModifiedDateTime":{"type":"string","format":"date-time"},"isStatic":{"type":"boolean"},"uploadStatus":{"$ref":"#/components/schemas/UploadStatus"},"downloadUrl":{"type":"string"}}},"Request":{"required":["createDateTime","lastModifiedDateTime","requestId","requestStatus","requestType"],"type":"object","properties":{"requestId":{"type":"string"},"documentId":{"type":"string"},"requestType":{"$ref":"#/components/schemas/RequestType"},"requestStatus":{"$ref":"#/components/schemas/RequestStatus"},"address":{"$ref":"#/components/schemas/Address"},"createDateTime":{"type":"string","format":"date-time"},"lastModifiedDateTime":{"type":"string","format":"date-time"},"postmarkDate":{"type":"string","format":"date"},"errorCode":{"$ref":"#/components/schemas/ErrorCodes"},"errorMessage":{"type":"string"},"mergeItems":{"type":"array","items":{"$ref":"#/components/schemas/MergeItem"}}}},"RequestPartial":{"required":["lastModifiedDateTime","requestId","requestStatus"],"type":"object","properties":{"requestId":{"type":"string"},"documentId":{"type":"string"},"requestStatus":{"$ref":"#/components/schemas/RequestStatus"},"lastModifiedDateTime":{"type":"string","format":"date-time"},"postmarkDate":{"type":"string","format":"date"},"errorCode":{"$ref":"#/components/schemas/ErrorCodes"},"errorMessage":{"type":"string"}}},"Document":{"required":["createDateTime","documentId","isGenerated","uploadStatus"],"type":"object","properties":{"documentId":{"type":"string","format":"uuid"},"isGenerated":{"type":"boolean"},"uploadStatus":{"$ref":"#/components/schemas/UploadStatus"},"createDateTime":{"type":"string","format":"date-time"},"lastModifiedDateTime":{"type":"string","format":"date-time"},"downloadUrl":{"type":"string"}}},"Webhook":{"required":["callbackUrl","event","webhookId"],"type":"object","properties":{"webhookId":{"type":"string"},"event":{"$ref":"#/components/schemas/WebhookEvents"},"callbackUrl":{"type":"string"},"callbackSecret":{"type":"string"},"createDateTime":{"type":"string","format":"date-time"},"lastModifiedDateTime":{"type":"string","format":"date-time"}}},"ErrorResponse":{"required":["errorCode","message","name"],"type":"object","properties":{"name":{"type":"string"},"errorCode":{"$ref":"#/components/schemas/ErrorCodes"},"message":{"type":"string","description":"Message describing the error and possible resolution."},"retryDelay":{"type":"number","description":"Optional number of milliseconds to wait before retrying."},"items":{"type":"array","items":{"$ref":"#/components/schemas/ErrorItem"}}}},"ErrorItem":{"required":["errorCode"],"type":"object","properties":{"errorCode":{"$ref":"#/components/schemas/ErrorItemCodes"},"message":{"type":"string","description":"Message describing the error and possible resolution."}}},"ErrorCodes":{"type":"string","enum":["VALIDATION_FAILED","UNEXPECTED","UNAUTHORIZED","NOT_FOUND","TOO_MANY_REQUESTS","AUTHENTICATION_FAILED","CONFLICT","CUSTOM"]},"ErrorItemCodes":{"type":"string","enum":["MISSING_REQUIRED_PROPERTY","TYPE_MISMATCH","ENUM_MISMATCH","DATE_FORMAT","CONSTRAINTS_VIOLATION","CUSTOM","NOT_FOUND"]},"RequestType":{"type":"string","enum":["generate","mail","generateAndMail"]},"RequestStatus":{"type":"string","enum":["generationPending","generationProcessing","generationFailed","generationComplete","mailPending","mailProcessing","mailAwaitingPostmark","mailFailed","mailComplete"]},"UploadStatus":{"type":"string","enum":["pending","complete","failed"]},"WebhookEvents":{"type":"string","enum":["onGenerationComplete","onGenerationPending"]},"CountryCode":{"type":"string","enum":["AF","AX","AL","DZ","AS","AD","AO","AI","AQ","AG","AR","AM","AW","AU","AT","AZ","BS","BH","BD","BB","BY","BE","BZ","BJ","BM","BT","BO","BQ","BA","BW","BV","BR","IO","BN","BG","BF","BI","KH","CM","CA","CV","KY","CF","TD","CL","CN","CX","CC","CO","KM","CG","CD","CK","CR","CI","HR","CU","CW","CY","CZ","DK","DJ","DM","DO","EC","EG","SV","GQ","ER","EE","ET","FK","FO","FJ","FI","FR","GF","PF","TF","GA","GM","GE","DE","GH","GI","GR","GL","GD","GP","GU","GT","GG","GN","GW","GY","HT","HM","VA","HN","HK","HU","IS","IN","ID","IR","IQ","IE","IM","IL","IT","JM","JP","JE","JO","KZ","KE","KI","KP","KR","XK","KW","KG","LA","LV","LB","LS","LR","LY","LI","LT","LU","MO","MK","MG","MW","MY","MV","ML","MT","MH","MQ","MR","MU","YT","MX","FM","MD","MC","MN","ME","MS","MA","MZ","MM","NA","NR","NP","NL","AN","NC","NZ","NI","NE","NG","NU","NF","MP","NO","OM","PK","PW","PS","PA","PG","PY","PE","PH","PN","PL","PT","PR","QA","RE","RO","RU","RW","BL","SH","KN","LC","MF","PM","VC","WS","SM","ST","SA","SN","RS","CS","SC","SL","SG","SX","SK","SI","SB","SO","ZA","GS","SS","ES","LK","SD","SR","SJ","SZ","SE","CH","SY","TW","TJ","TZ","TH","TL","TG","TK","TO","TT","TN","TR","TM","TC","TV","UG","UA","AE","GB","US","UM","UY","UZ","VU","VE","VN","VG","VI","WF","EH","YE","ZM","ZW"]}},"responses":{"TokenResponse":{"description":"Access token returned for use in subsequent API calls.","content":{"application/json":{"schema":{"$ref":"#/components/schemas/Token"}}}},"BadRequestErrorResponse":{"description":"Bad request.","content":{"application/json":{"schema":{"$ref":"#/components/schemas/ErrorResponse"},"example":{"name":"RequestValidationError","errorCode":"VALIDATION_FAILED","message":"Bad request","items":{"errorCode":"MISSING_REQUIRED_PROPERTY","message":"someProperty is required"},"retryDelay":0}}}},"DefaultErrorResponse":{"description":"Error messages returned to the caller.","content":{"application/json":{"schema":{"$ref":"#/components/schemas/ErrorResponse"},"example":{"name":"ErrorResponse","errorCode":"UNEXPECTED","message":"An unexpected error occurred","items":[],"retryDelay":0}}}},"UnauthorizedErrorResponse":{"description":"Authentication failed.","content":{"application/json":{"schema":{"$ref":"#/components/schemas/ErrorResponse"},"example":{"name":"TenantAuthenticationError","errorCode":"AUTHENTICATION_FAILED","message":"Unable to authenticate","items":[],"retryDelay":0}}}},"NotFoundErrorResponse":{"description":"Resource not found.","content":{"application/json":{"schema":{"$ref":"#/components/schemas/ErrorResponse"},"example":{"name":"ErrorResponse","errorCode":"NOT_FOUND","message":"Resource not found","items":[],"retryDelay":0}}}},"TooManyRequestsErrorResponse":{"description":"Too many requests.","content":{"application/json":{"schema":{"$ref":"#/components/schemas/ErrorResponse"},"example":{"name":"TooManyRequestsError","errorCode":"TOO_MANY_REQUESTS","message":"Too many requests, please re-try","items":[],"retryDelay":500}}}},"ConflictErrorResponse":{"description":"Conflict with existing resource.","content":{"application/json":{"schema":{"$ref":"#/components/schemas/ErrorResponse"},"example":{"name":"DatabaseConflictError","errorCode":"CONFLICT","message":"Conflict with existing resource.","items":[],"retryDelay":0}}}},"TemplateResponse":{"description":"Information describing the template and download URL.","content":{"application/json":{"schema":{"$ref":"#/components/schemas/Template"}}}},"RequestBatchGetResponse":{"description":"Request data.","content":{"application/json":{"schema":{"type":"array","items":{"$ref":"#/components/schemas/Request"}}}}},"RequestBatchGetStatusResponse":{"description":"Request data that can change.","content":{"application/json":{"schema":{"type":"array","items":{"$ref":"#/components/schemas/RequestPartial"}}}}},"RequestResponse":{"description":"Request data.","content":{"application/json":{"schema":{"$ref":"#/components/schemas/Request"}}}},"RequestStatusResponse":{"description":"Request data that can change.","content":{"application/json":{"schema":{"$ref":"#/components/schemas/RequestPartial"}}}},"DocumentResponse":{"description":"Document data and download URL.","content":{"application/json":{"schema":{"type":"array","items":{"$ref":"#/components/schemas/Document"}}}}},"DocumentBatchGetResponse":{"description":"Document data and download URL.","content":{"application/json":{"schema":{"type":"array","items":{"$ref":"#/components/schemas/Document"}}}}},"WebhookResponse":{"description":"An array of Webhook records.","content":{"application/json":{"schema":{"type":"array","items":{"$ref":"#/components/schemas/Webhook"}}}}}},"parameters":{"TemplateIdPathParam":{"name":"templateId","in":"path","description":"Immutable string that uniquely identifies a template.  All versions of a template share the same templateId.","required":true,"style":"simple","explode":false,"schema":{"maxLength":250,"type":"string"}},"RequestIdPathParam":{"name":"requestId","in":"path","description":"UUID to use as primary key.","required":true,"style":"simple","explode":false,"schema":{"type":"string","format":"uuid"}},"VersionIdQueryParam":{"name":"versionId","in":"query","required":false,"style":"form","explode":false,"schema":{"type":"string","format":"uuid"}},"MaxVersionsQueryParam":{"name":"maxVersions","in":"query","required":false,"style":"form","explode":false,"schema":{"maximum":5E+2,"minimum":1,"type":"integer"}},"DocumentIdPathParam":{"name":"documentId","in":"path","description":"UUID to use as primary key.","required":true,"style":"simple","explode":false,"schema":{"type":"string","format":"uuid"}},"WebhookIdPathParam":{"name":"webhookId","in":"path","description":"UUID to use as primary key.","required":true,"style":"simple","explode":false,"schema":{"type":"string","format":"uuid"}}},"requestBodies":{"TemplateRequestBody":{"content":{"application/json":{"schema":{"$ref":"#/components/schemas/TemplateCreateRequest"}}},"required":true},"GenerateDocumentRequestBody":{"content":{"application/json":{"schema":{"$ref":"#/components/schemas/GenerateDocumentRequest"}}},"required":true},"MailDocumentRequestBody":{"content":{"application/json":{"schema":{"$ref":"#/components/schemas/MailDocumentRequest"}}},"required":true},"GenerateAndMailDocumentRequestBody":{"content":{"application/json":{"schema":{"$ref":"#/components/schemas/GenerateAndMailDocumentRequest"}}},"required":true},"RequestBatchGetRequestBody":{"content":{"application/json":{"schema":{"$ref":"#/components/schemas/RequestBatchGetRequest"}}},"required":true},"DocumentBatchGetRequestBody":{"content":{"application/json":{"schema":{"$ref":"#/components/schemas/DocumentBatchGetRequest"}}},"required":true},"DocumentCreateRequestBody":{"content":{"application/pdf":{"schema":{"$ref":"#/components/schemas/DocumentCreateRequest"}}},"required":true},"WebhookCreateRequestBody":{"content":{"application/json":{"schema":{"$ref":"#/components/schemas/WebhookCreateRequest"}}},"required":true},"TokenRequestBody":{"content":{"application/json":{"schema":{"$ref":"#/components/schemas/TokenRequest"}}},"required":true},"TemplatePreviewRequestBody":{"content":{"application/json":{"schema":{"$ref":"#/components/schemas/TemplatePreviewRequest"}}},"required":true}},"securitySchemes":{"bearerAuth":{"type":"http","scheme":"bearer","bearerFormat":"JWT"}}}}