{"openapi":"3.0.0","info":{"title":"Aufgabe 5 ACC","description":"Dies ist eine Anwendung für Informationen bzgl. Flugverbindungen und Kunden sowie für die Erstellung von Flugbuchungen, die auf einer Anwendung für die Pflege von Kundenstammdaten aufbaut. Eine Flugverbindung besteht aus einem Flug und einem Datum, an dem der Flug stattfindet. Ein Flug ist eine Verbindung von 2 Flughäfen (mit Stadt und Land) sowie einem Flugzeugtyp und einer Abflug- und Ankunftszeit. Die Verbindung wird von einem Carrier angeboten (Fluggesellschaft).\n","termsOfService":"http://swagger.io/terms/","contact":{"email":"apiteam@swagger.io"},"license":{"name":"Apache 2.0","url":"http://www.apache.org/licenses/LICENSE-2.0.html"},"version":"1.0.0"},"externalDocs":{"description":"Find out more about Swagger","url":"http://swagger.io"},"servers":[{"url":"https://virtserver.swaggerhub.com/daria.daniker/Aufgabe5/1.0.0","description":"SwaggerHub API Auto Mocking"}],"tags":[{"name":"Customer","description":"Kunden"},{"name":"Flights","description":"Flugverbindungen"},{"name":"Reservations","description":"Buchungen"},{"name":"Carrier","description":"Fluggesellschaft"}],"paths":{"/customers":{"get":{"tags":["Customer"],"summary":"Get all customers (alle Kunden als Liste suchen/anzeigen)","operationId":"getAllCustomers","responses":{"200":{"description":"Operation successful","content":{"application/json":{"schema":{"type":"array","items":{"$ref":"#/components/schemas/CustomerList"}}}}},"404":{"description":"Not Found"}}},"put":{"tags":["Customer"],"summary":"Update customer (Kunde ändern)","operationId":"updateCustomer","requestBody":{"$ref":"#/components/requestBodies/Customer"},"responses":{"200":{"description":"Operation successful","content":{"application/json":{"schema":{"type":"array","items":{"$ref":"#/components/schemas/Customer"}}}}},"405":{"description":"Invalid input"},"404":{"description":"Customer not found"}}},"post":{"tags":["Customer"],"summary":"Create new customer (Kunde anlegen)","operationId":"createCustomer","requestBody":{"$ref":"#/components/requestBodies/Customer"},"responses":{"200":{"description":"Operation successful","content":{"application/json":{"schema":{"type":"array","items":{"$ref":"#/components/schemas/Customer"}}}}},"405":{"description":"Invalid input"}}}},"/customers/{id}":{"get":{"tags":["Customer"],"summary":"Get customer by ID (Kunde nach ID suchen/anzeigen)","operationId":"getCustomerByID","parameters":[{"name":"id","in":"path","description":"ID of customer","required":true,"style":"simple","explode":false,"schema":{"type":"integer","format":"Int64"}}],"responses":{"200":{"description":"Operation successful","content":{"application/json":{"schema":{"$ref":"#/components/schemas/Customer"}}}},"404":{"description":"Not Found"}}}},"/customers/{zipcode}":{"get":{"tags":["Customer"],"summary":"Get customer by zipcode (Kunde nach ZIP-Code suchen/anzeigen)","operationId":"getCustomerByZipCode","parameters":[{"name":"zipcode","in":"path","required":true,"style":"simple","explode":false,"schema":{"type":"string"}}],"responses":{"200":{"description":"Operation successful","content":{"application/json":{"schema":{"type":"array","items":{"$ref":"#/components/schemas/Customer"}}}}},"404":{"description":"Not Found"}}}},"/flights":{"get":{"tags":["Flights"],"summary":"Get all flight connections (alle Flugverbindungen als Liste suchen/anzeigen)","operationId":"getAllFlights","responses":{"200":{"description":"Operation successful","content":{"application/json":{"schema":{"type":"array","items":{"$ref":"#/components/schemas/FlightList"}}}}},"404":{"description":"Not Found"}}},"put":{"tags":["Flights"],"summary":"Update flight connection (Flugverbindung ändern)","operationId":"updateFlight","requestBody":{"$ref":"#/components/requestBodies/Flight"},"responses":{"200":{"description":"Operation successful","content":{"application/json":{"schema":{"type":"array","items":{"$ref":"#/components/schemas/Flight"}}}}},"405":{"description":"Invalid input"},"404":{"description":"Flight connection not found"}}},"post":{"tags":["Flights"],"summary":"Create new flight connection (Flugverbindung anlegen)","operationId":"createFlight","requestBody":{"$ref":"#/components/requestBodies/Flight"},"responses":{"200":{"description":"Operation successful","content":{"application/json":{"schema":{"type":"array","items":{"$ref":"#/components/schemas/Flight"}}}}},"405":{"description":"Invalid input"}}}},"/flights/{connid}":{"get":{"tags":["Flights"],"summary":"Get flight connection by ID (Flugverbindungen nach ID suchen/anzeigen)","operationId":"getFlightByID","parameters":[{"name":"connid","in":"path","description":"ID of flight connection","required":true,"style":"simple","explode":false,"schema":{"type":"integer","format":"Int64"}}],"responses":{"200":{"description":"Operation successful","content":{"application/json":{"schema":{"$ref":"#/components/schemas/Flight"}}}},"404":{"description":"Not Found"}}},"delete":{"tags":["Flights"],"summary":"Delete flight connection (Flugverbindung löschen)","operationId":"deleteFlight","parameters":[{"name":"connid","in":"path","description":"ID of flight connection","required":true,"style":"simple","explode":false,"schema":{"type":"integer","format":"Int64"}}],"responses":{"400":{"description":"Invalid connid"},"404":{"description":"Flight connection not found"},"200":{"description":"Operation successful"}}}},"/reservations":{"get":{"tags":["Reservations"],"summary":"Get all reservations (alle Buchungen als Liste suchen/anzeigen)","operationId":"getAllReservations","responses":{"200":{"description":"Operation successful","content":{"application/json":{"schema":{"type":"array","items":{"$ref":"#/components/schemas/ReservationList"}}}}},"404":{"description":"Not Found"}}},"post":{"tags":["Reservations"],"summary":"Create reservation (Buchung anlegen/Flug buchen)","operationId":"createReservation","requestBody":{"$ref":"#/components/requestBodies/Reservation"},"responses":{"200":{"description":"Operation successful","content":{"application/json":{"schema":{"type":"array","items":{"$ref":"#/components/schemas/Reservation"}}}}},"405":{"description":"Invalid input"}}}},"/reservations/{bookid}":{"get":{"tags":["Reservations"],"summary":"Get reservation by ID (Buchung nach ID suchen/anzeigen)","operationId":"getReservationByID","parameters":[{"name":"bookid","in":"path","description":"ID of reservation","required":true,"style":"simple","explode":false,"schema":{"type":"integer","format":"Int64"}}],"responses":{"200":{"description":"Operation successful","content":{"application/json":{"schema":{"$ref":"#/components/schemas/Reservation"}}}},"404":{"description":"Not Found"}}},"delete":{"tags":["Reservations"],"summary":"Delete reservation (Buchung stornieren/löschen)","operationId":"deleteReservation","parameters":[{"name":"bookid","in":"path","description":"ID of reservation","required":true,"style":"simple","explode":false,"schema":{"type":"integer","format":"Int64"}}],"responses":{"400":{"description":"Invalid bookid"},"404":{"description":"Reservation not found"},"200":{"description":"Operation successful"}}}},"/reservations/{connid}":{"get":{"tags":["Reservations"],"summary":"Get reservation by connection ID (alle Buchungen zu einer Flugverbindung suchen/anzeigen)","operationId":"getReservationByConnectionID","parameters":[{"name":"connid","in":"path","description":"ID of connection","required":true,"style":"simple","explode":false,"schema":{"type":"string","format":"uuid"}}],"responses":{"200":{"description":"Operation successful","content":{"application/json":{"schema":{"$ref":"#/components/schemas/ReservationList"}}}},"404":{"description":"Not Found"}}}},"/reservations/{customid}":{"get":{"tags":["Reservations"],"summary":"Get reservation by customer ID (alle Buchungen zu einem Kunden suchen/anzeigen)","operationId":"getReservationByCustomerID","parameters":[{"name":"customid","in":"path","description":"ID of customer","required":true,"style":"simple","explode":false,"schema":{"type":"string","format":"uuid"}}],"responses":{"200":{"description":"Operation successful","content":{"application/json":{"schema":{"$ref":"#/components/schemas/ReservationList"}}}},"404":{"description":"Not Found"}}}},"/carriers":{"get":{"tags":["Carrier"],"summary":"Get all carriers (alle Fluggesellschaften als Liste suchen/anzeigen)","operationId":"getAllCarriers","responses":{"200":{"description":"Operation successful","content":{"application/json":{"schema":{"type":"array","items":{"$ref":"#/components/schemas/CarrierList"}}}}},"404":{"description":"Not Found"}}}},"/carrier/{carrid}":{"get":{"tags":["Carrier"],"summary":"Get carrier by ID (Fluggesellschaft nach ID suchen/anzeigen)","operationId":"getCarrierByID","parameters":[{"name":"carrid","in":"path","description":"ID of carrier","required":true,"style":"simple","explode":false,"schema":{"type":"string","format":"uuid"}}],"responses":{"200":{"description":"Operation successful","content":{"application/json":{"schema":{"type":"array","items":{"$ref":"#/components/schemas/Carrier"}}}}},"404":{"description":"Not Found"}}}},"/carrier/{connid}":{"get":{"tags":["Carrier"],"summary":"Get carrier by connection ID (Fluggesellschaft zu einer Flugverbindung suchen/anzeigen)","operationId":"getCarrierByConnectionID","parameters":[{"name":"connid","in":"path","description":"ID of connection","required":true,"style":"simple","explode":false,"schema":{"type":"string","format":"uuid"}}],"responses":{"200":{"description":"Operation successful","content":{"application/json":{"schema":{"type":"array","items":{"$ref":"#/components/schemas/Carrier"}}}}},"404":{"description":"Not Found"}}}},"/carrier/{bookid}":{"get":{"tags":["Carrier"],"summary":"Get carrier by book ID (Fluggesellschaft zu einer Buchung suchen/anzeigen)","operationId":"getCarrierByBookID","parameters":[{"name":"bookid","in":"path","description":"ID of reservation","required":true,"style":"simple","explode":false,"schema":{"type":"string","format":"uuid"}}],"responses":{"200":{"description":"Operation successful","content":{"application/json":{"schema":{"type":"array","items":{"$ref":"#/components/schemas/Carrier"}}}}},"404":{"description":"Not Found"}}}}},"components":{"schemas":{"Customer":{"required":["id","name"],"type":"object","properties":{"id":{"type":"string","format":"uuid","example":"d290f1ee-6c54-4b01-90e6-d701748f0851"},"city":{"type":"string","example":"München"},"country":{"type":"string","example":"Deutschland"},"langu":{"type":"string","example":"Deutsch"},"name":{"type":"string","example":"Daria"},"form":{"type":"string","example":"Frau"},"postcode":{"type":"string","example":"88677"},"telephone":{"type":"string","example":"+49 123 456789"},"email":{"type":"string","example":"daria.daniker@rwu.de"},"region":{"type":"string","example":"Bodenseekreis"}}},"CustomerList":{"type":"array","example":[{"id":"d290f1ee-6c54-4b01-90e6-d701748f0851","name":"Daria"},{"id":"d290f1ee-6c54-4b01-90e6-d701748f0788","name":"John Watson"}],"items":{"$ref":"#/components/schemas/Customer"}},"Flight":{"type":"object","properties":{"carrid":{"type":"string","format":"uuid","example":"d290f1ee-6c54-4b01-90e6-d701748f0456"},"connid":{"type":"string","format":"uuid","example":"d290f1ee-6c54-4b01-90e6-d701748f0788"},"fldate":{"type":"string","format":"date-time","example":"2022-04-28T09:12:33.001Z"},"planetype":{"type":"string","example":"A380"},"airpfrom":{"type":"string","example":"FRA"},"airpto":{"type":"string","example":"LAX"},"cityfrom":{"type":"string","example":"Frankfurt"},"cityto":{"type":"string","example":"Los Angeles"},"countryfr":{"type":"string","example":"Deutschland"},"countryto":{"type":"string","example":"Vereinigte Staaten von Amerika"},"seatsmax":{"type":"integer","format":"Int64","example":200},"seatsocc":{"type":"integer","format":"Int64","example":14},"price":{"type":"number","format":"float"},"currency":{"type":"string","example":"USD"}}},"FlightList":{"type":"array","example":[{"connid":"d290f1ee-6c54-4b01-90e6-d701748f0851","carrid":"d290f1ee-6c56-4b05-90e6-d701748f0851","fldate":"2022-04-28T09:12:33.001Z"},{"connid":"d290f1ee-6c54-4b01-98e6-d701748f0111","carrid":"d290f3ee-6c54-4b01-98e6-d701748f0122","fldate":"2022-08-15T06:20:00.001Z"}],"items":{"$ref":"#/components/schemas/Flight"}},"Reservation":{"type":"object","properties":{"carrid":{"type":"string","format":"uuid","example":"d290f1ee-6c54-4b01-90e6-d701748f0890"},"connid":{"type":"string","format":"uuid","example":"d290f1ee-6c54-4b01-90e6-d701748f0123"},"fldate":{"type":"string","format":"date-time","example":"2022-04-28T09:12:33.001Z"},"bookid":{"type":"string","format":"uuid","example":"d290f1ee-6c54-4b01-90e6-d701748f0834"},"customid":{"type":"string","format":"uuid","example":"d290f1ee-6c54-4b01-90e6-d701748f9845"},"luggweigh":{"type":"number","format":"float"},"wunit":{"type":"string","example":"A5"},"cancelled":{"type":"boolean","example":true}}},"ReservationList":{"type":"array","example":[{"connid":"d290f1ee-6c54-4b01-90e6-d701748f0851","bookid":"d245f1ee-6c56-4b05-90e6-d701748f0851","customid":"d245f1ee-6c56-4b05-90e6-d701748f1234"},{"connid":"d290f1ee-6c54-4b01-98e6-d701748f0111","bookid":"d300f3ee-6c54-4b01-98e6-d701748f0122","customid":"d245f1ee-6c56-4b05-90e6-d701748f6243"}],"items":{"$ref":"#/components/schemas/Reservation"}},"Plane":{"type":"object","properties":{"planetype":{"type":"string","example":"A380"},"seatsmax":{"type":"integer","format":"Int64","example":200},"tankcap":{"type":"string","example":"A34DD"},"cap_unit":{"type":"string","example":"B3"},"weight":{"type":"number","format":"float"},"wie_unit":{"type":"string","example":"Z7"},"op_speed":{"type":"number","format":"float"},"speed_unit":{"type":"string","example":"km/h"}}},"Carrier":{"type":"object","properties":{"carrid":{"type":"string","format":"uuid","example":"d290f1ee-6c54-4b01-90e6-d701748f0890"},"name":{"type":"string","example":"Lufthansa"},"Sitz":{"type":"string","example":"Deutschland"}}},"CarrierList":{"type":"array","example":[{"carrid":"d290f1ee-6c54-4b01-90e6-d701748f0851","name":"Lufthansa"},{"carrid":"d290f1ee-6c54-4b01-90e6-d701748f0788","name":"Eurowings"}],"items":{"$ref":"#/components/schemas/Carrier"}}},"requestBodies":{"Customer":{"content":{"application/json":{"schema":{"$ref":"#/components/schemas/Customer"}}},"required":true},"Flight":{"content":{"application/json":{"schema":{"$ref":"#/components/schemas/Flight"}}},"required":true},"Reservation":{"content":{"application/json":{"schema":{"$ref":"#/components/schemas/Reservation"}}},"required":true}}}}