{"openapi":"3.0.0","info":{"title":"Transplant API","version":"1"},"servers":[{"url":"/"}],"paths":{"/api/PotentialDonor":{"get":{"parameters":[{"name":"patientID","in":"query","required":false,"style":"form","explode":true,"schema":{"type":"string"}}],"responses":{"200":{"description":"List of Potential Donors Retreived","content":{"application/json":{"schema":{"type":"array","items":{"$ref":"#/components/schemas/PotentialDonor"}}}}}}},"post":{"parameters":[{"name":"patientID","in":"query","required":false,"style":"form","explode":true,"schema":{"type":"string"}},{"name":"PotentialDonor","in":"query","required":false,"style":"form","explode":true,"content":{"application/json":{"schema":{"$ref":"#/components/schemas/PotentialDonor"}}}}],"responses":{"200":{"description":"Potential Donor Created","content":{"application/json":{"schema":{"$ref":"#/components/schemas/PotentialDonor"}}}}}},"delete":{"parameters":[{"name":"PotentialDonorID","in":"query","required":false,"style":"form","explode":true,"schema":{"type":"integer"}}],"responses":{"200":{"description":"Potential Donor Deleted","content":{"application/json":{"schema":{"$ref":"#/components/schemas/PotentialDonor"}}}}}}},"/api/PotentialDonor/\"CommentHistory\"":{"get":{"parameters":[{"name":"potentialDonorID","in":"query","required":false,"style":"form","explode":true,"schema":{"type":"string"}}],"responses":{"200":{"description":"Potential Donor Comment History Retreived","content":{"application/json":{"schema":{"type":"array","items":{"$ref":"#/components/schemas/PotentialDonorComment"}}}}}}},"post":{"parameters":[{"name":"potentialDonorID","in":"query","required":false,"style":"form","explode":true,"schema":{"type":"string"}},{"name":"commentText?","in":"query","required":false,"style":"form","explode":true,"schema":{"type":"string","nullable":true}}],"responses":{"200":{"description":"Potential Donor Comment Created","content":{"application/json":{"schema":{"$ref":"#/components/schemas/PotentialDonorComment"}}}}}}},"/api/PotentialDonor/Relationship":{"get":{"responses":{"200":{"description":"List of Potential Donor Replationships Retreived","content":{"application/json":{"schema":{"type":"array","items":{"$ref":"#/components/schemas/DonorRelationship"}}}}}}}},"/api/Comment":{"get":{"parameters":[{"name":"patientCenterStatusID","in":"query","required":false,"style":"form","explode":true,"schema":{"type":"integer"}}],"responses":{"200":{"description":"Comments Retreived","content":{"application/json":{"schema":{"type":"array","items":{"$ref":"#/components/schemas/StatusComment"}}}}}}},"post":{"parameters":[{"name":"patientCenterStatusID","in":"query","required":false,"style":"form","explode":true,"schema":{"type":"integer"}},{"name":"CommentText","in":"query","required":false,"style":"form","explode":true,"schema":{"type":"string"}}],"responses":{"200":{"description":"Comment Created","content":{"application/json":{"schema":{"$ref":"#/components/schemas/StatusComment"}}}}}}},"/api/PatientCenterStatus":{"get":{"parameters":[{"name":"patientID","in":"query","required":false,"style":"form","explode":true,"schema":{"type":"integer"}}],"responses":{"200":{"description":"Center Status List Retreived","content":{"application/json":{"schema":{"$ref":"#/components/schemas/PatientCenterStatusDto"}}}}}},"put":{"parameters":[{"name":"patientCenterStatus","in":"query","required":false,"style":"form","explode":true,"schema":{"$ref":"#/components/schemas/PatientCenterStatusDto"}},{"name":"previousPatientcenterStatus","in":"query","required":false,"style":"form","explode":true,"schema":{"type":"integer","nullable":true}}],"responses":{"200":{"description":"PatientCenterStatus Updated","content":{"application/json":{"schema":{"$ref":"#/components/schemas/PatientCenterStatusDto"}}}}}},"post":{"parameters":[{"name":"patientCenterStatus","in":"query","required":false,"style":"form","explode":true,"schema":{"$ref":"#/components/schemas/PatientCenterStatusDto"}},{"name":"previousPatientcenterStatusID","in":"query","required":false,"style":"form","explode":true,"schema":{"type":"integer","nullable":true}},{"name":"transplantCenterLocationID","in":"query","required":false,"style":"form","explode":true,"schema":{"type":"string","nullable":true}}],"responses":{"200":{"description":"PatientCenterStatus Created","content":{"application/json":{"schema":{"$ref":"#/components/schemas/PatientCenterStatusDto"}}}}}}},"/api/PatientCenterStatus/\"End\"":{"put":{"parameters":[{"name":"patientCenterStatusID","in":"query","required":false,"style":"form","explode":true,"schema":{"type":"string"}}],"responses":{"200":{"description":"Patient Center Status Ended","content":{"application/json":{"schema":{"type":"integer"}}}}}}},"/api/PatientCenterStatus/\"StatusChangeReasons\"":{"get":{"parameters":[{"name":"waitlistStatusID","in":"query","required":false,"style":"form","explode":true,"schema":{"type":"integer"}}],"responses":{"200":{"description":"Status Change Reasons Retreived","content":{"application/json":{"schema":{"$ref":"#/components/schemas/StatusChangeReason"}}}}}}},"/api/PatientCenterStatus/\"MissedAppointmentReason\"":{"get":{"responses":{"200":{"description":"Missed Appointment Reasons Retreived","content":{"application/json":{"schema":{"$ref":"#/components/schemas/MissedAppointmentReason"}}}}}}},"/api/EPTS":{"get":{"parameters":[{"name":"patientID","in":"query","required":false,"style":"form","explode":true,"schema":{"type":"string"}}],"responses":{"200":{"description":"Missed Appointment Reasons Retreived","content":{"application/json":{"schema":{"type":"number"}}}}}}},"/api/Champion":{"get":{"parameters":[{"name":"locationID","in":"query","required":false,"style":"form","explode":true,"schema":{"type":"string"}}],"responses":{"200":{"description":"Clinic Champions Retrieved","content":{"application/json":{"schema":{"$ref":"#/components/schemas/Champion"}}}}}},"post":{"parameters":[{"name":"champions","in":"query","required":false,"style":"form","explode":true,"schema":{"type":"array","items":{"$ref":"#/components/schemas/Champion"}}}],"responses":{"200":{"description":"Clinic Champions Updated","content":{"application/json":{"schema":{"$ref":"#/components/schemas/Champion"}}}}}}},"/api/Clinic":{"get":{"parameters":[{"name":"locationID","in":"query","required":false,"style":"form","explode":true,"schema":{"type":"string"}}],"responses":{"200":{"description":"List of all Patient Center Statuses for a given location","content":{"application/json":{"schema":{"$ref":"#/components/schemas/PatientCenterStatusDto"}}}}}}},"/api/Clinic/\"Analytics\"":{"get":{"responses":{"200":{"description":"Clinic Transplant Analytics Retrieved","content":{"application/json":{"schema":{"$ref":"#/components/schemas/TransplantAnalytics"}}}}}}},"/api/Center":{"get":{"parameters":[{"name":"locationID","in":"query","required":false,"style":"form","explode":true,"schema":{"type":"string"}}],"responses":{"200":{"description":"List of Transplant Centers for a given location","content":{"application/json":{"schema":{"$ref":"#/components/schemas/TransplantCenterDto"}}}}}}},"/api/Center/\"Coordinator\"":{"get":{"parameters":[{"name":"centerID","in":"query","required":false,"style":"form","explode":true,"schema":{"type":"string"}}],"responses":{"200":{"description":"Center Coordinator Retrieved","content":{"application/json":{"schema":{"$ref":"#/components/schemas/CenterCoordinatorContact"}}}}}},"post":{"parameters":[{"name":"centerCoordinatorContact","in":"query","required":false,"style":"form","explode":true,"schema":{"$ref":"#/components/schemas/CenterCoordinatorContact"}}],"responses":{"200":{"description":"Center Coordinator Retrieved","content":{"application/json":{"schema":{"$ref":"#/components/schemas/CenterCoordinatorContact"}}}}}}}},"components":{"schemas":{"StatusComment":{"type":"object","properties":{"StatusCommentID":{"type":"integer"},"CommentText":{"type":"string"},"CreatedBy":{"type":"string"},"CreatedDate":{"type":"object"}}},"PatientCenterStatusDto":{"type":"object","properties":{"PatientCenterStatusID":{"type":"integer"},"PatientCenterID":{"type":"integer"},"PatientID":{"type":"string"},"PatientName":{"type":"string"},"CenterName":{"type":"string"},"CenterID":{"type":"string"},"CenterStateAbbreviation":{"type":"string"},"WaitlistStatusID":{"type":"integer"},"WaitlistSatusName":{"type":"string"},"StartDate":{"type":"object"},"IsApproximateStartDate":{"type":"boolean"},"EndDate":{"type":"object"},"IsApproximateEndDate":{"type":"boolean"},"ApprovedBy":{"type":"string"},"ApprovedByName":{"type":"string"},"DonorTypeID":{"type":"integer","nullable":true},"DonorTypeName":{"type":"string","nullable":true},"PreviousStatusStartDate":{"type":"object","nullable":true},"FirstAppointmentDate":{"type":"object","nullable":true},"IsFirstAppointmentComplete":{"type":"boolean"},"MissedAppointmentReasonName":{"type":"string","nullable":true},"MissedAppointmentReasonID":{"type":"integer","nullable":true}}},"StatusChangeReason":{"type":"object","properties":{"StatusChangeReasonID":{"type":"integer"},"StatusChangeReason":{"type":"string"}}},"FirstAppointment":{"type":"object","properties":{"FirstAppointmentDate":{"type":"object"},"IsComplete":{"type":"boolean"},"MissedAppointmentReason?":{"$ref":"#/components/schemas/MissedAppointmentReason"}}},"MissedAppointmentReason":{"type":"object","properties":{"MissedAppointmentReason":{"type":"string","nullable":true},"MissedAppointmentReasonID":{"type":"integer","nullable":true}}},"TransplantAnalytics":{"type":"object","properties":{"NoStatusPatients":{"type":"integer"},"DeclinesReferralPatients":{"type":"integer"},"ActivePatients":{"type":"integer"},"TemporarilyInactivePatients":{"type":"integer"},"OverdueTaskCount":{"type":"integer"},"PendingSoonTaskCount":{"type":"integer"}}},"DonorRelationship":{"type":"object","properties":{"RelationshipID":{"type":"integer"},"RelationshipName":{"type":"string"}}},"PotentialDonorComment":{"type":"object","properties":{"PotentialDonorCommentID":{"type":"integer"},"PotentialDonorID":{"type":"integer"},"CommentText":{"type":"string"},"ActionBy":{"type":"string"},"ValidFrom":{"type":"object"}}},"Champion":{"type":"object","properties":{"LocationID":{"type":"string"},"UserID":{"type":"string"},"Seq":{"type":"boolean"},"ActionBy":{"type":"string"},"ValidFrom":{"type":"string"}}},"PotentialDonor":{"type":"object","properties":{"PotentialDonorID":{"type":"integer"},"LatestCommentText":{"type":"string"},"CreatedDate":{"type":"object"},"RelationshipID":{"type":"integer"},"RelationshipName":{"type":"string"}}},"CenterCoordinatorContact":{"type":"object","properties":{"CoordinatorName":{"type":"string"},"Phone":{"type":"string","nullable":true},"PhoneExtension":{"type":"string","nullable":true},"Email":{"type":"string","nullable":true}}},"TransplantCenterDto":{"type":"object","properties":{"CenterID":{"type":"string"},"Name":{"type":"string"},"Address":{"type":"string"},"City":{"type":"string"},"StateAbbreviation":{"type":"string"},"ZipCode":{"type":"string"},"Phone":{"type":"string"}}}}}}