{"openapi":"3.0.0","info":{"title":"Posybe2 Configuration Management API","description":"Configuration API for centralized configuration management","version":"1.1.0"},"servers":[{"url":"/"}],"paths":{"/configuration/{configurationVersion}/system":{"get":{"summary":"Returns system configuration","operationId":"getSystemConfiguration","parameters":[{"name":"configurationVersion","in":"path","description":"Configuration version","required":true,"style":"simple","explode":false,"schema":{"type":"integer"}}],"responses":{"200":{"description":"Configuration returned","content":{"application/json":{"schema":{"$ref":"#/components/schemas/SystemConfiguration"}}}},"400":{"description":"Input not valid","content":{"application/json":{"schema":{"$ref":"#/components/schemas/ErrorResponse"}}}}}},"post":{"summary":"Creates or updates system configuration","description":"Fires event: \"Configuration.System.Changed\"","operationId":"setSystemConfiguration","parameters":[{"name":"configurationVersion","in":"path","description":"Configuration version","required":true,"style":"simple","explode":false,"schema":{"type":"integer"}}],"requestBody":{"content":{"application/json":{"schema":{"$ref":"#/components/schemas/SystemConfiguration"}}}},"responses":{"204":{"description":"Configuration created"},"400":{"description":"Input not valid","content":{"application/json":{"schema":{"$ref":"#/components/schemas/ErrorResponse"}}}}}}},"/configuration/{configurationVersion}/merchant/{merchantId}":{"get":{"summary":"Returns merchant configuration","operationId":"getMerchantConfiguration","parameters":[{"name":"configurationVersion","in":"path","description":"Configuration version","required":true,"style":"simple","explode":false,"schema":{"type":"integer"}},{"name":"merchantId","in":"path","description":"Merchant ID","required":true,"style":"simple","explode":false,"schema":{"type":"integer"}}],"responses":{"200":{"description":"Configuration returned","content":{"application/json":{"schema":{"$ref":"#/components/schemas/MerchantConfiguration"}}}},"400":{"description":"Input not valid","content":{"application/json":{"schema":{"$ref":"#/components/schemas/ErrorResponse"}}}}}},"post":{"summary":"Creates or updates system configuration","description":"Fires event: \"Configuration.Merchant.Changed\"","operationId":"setMerchantConfiguration","parameters":[{"name":"configurationVersion","in":"path","description":"Configuration version","required":true,"style":"simple","explode":false,"schema":{"type":"integer"}},{"name":"merchantId","in":"path","description":"Merchant ID","required":true,"style":"simple","explode":false,"schema":{"type":"integer"}}],"requestBody":{"content":{"application/json":{"schema":{"$ref":"#/components/schemas/MerchantConfiguration"}}}},"responses":{"204":{"description":"Configuration created"},"400":{"description":"Input not valid","content":{"application/json":{"schema":{"$ref":"#/components/schemas/ErrorResponse"}}}}}}},"/configuration/{configurationVersion}/business/{merchantId}":{"get":{"summary":"Returns business configuration","operationId":"getBusinessConfiguration","parameters":[{"name":"configurationVersion","in":"path","description":"Configuration version","required":true,"style":"simple","explode":false,"schema":{"type":"integer"}},{"name":"merchantId","in":"path","description":"Merchant ID","required":true,"style":"simple","explode":false,"schema":{"type":"integer"}}],"responses":{"200":{"description":"Configuration returned","content":{"application/json":{"schema":{"$ref":"#/components/schemas/BusinessConfiguration"}}}},"400":{"description":"Input not valid","content":{"application/json":{"schema":{"$ref":"#/components/schemas/ErrorResponse"}}}}}},"post":{"summary":"Creates or updates business configuration","description":"Fires event: \"Configuration.Business.Changed\"","operationId":"setBusinessConfiguration","parameters":[{"name":"configurationVersion","in":"path","description":"Configuration version","required":true,"style":"simple","explode":false,"schema":{"type":"integer"}},{"name":"merchantId","in":"path","description":"Merchant ID","required":true,"style":"simple","explode":false,"schema":{"type":"integer"}}],"requestBody":{"content":{"application/json":{"schema":{"$ref":"#/components/schemas/BusinessConfiguration"}}}},"responses":{"204":{"description":"Configuration created"},"400":{"description":"Input not valid","content":{"application/json":{"schema":{"$ref":"#/components/schemas/ErrorResponse"}}}}}}},"/configuration/{configurationVersion}/device/{merchantId}/{deviceId}":{"get":{"summary":"Returns device configuration","operationId":"getDeviceConfiguration","parameters":[{"name":"configurationVersion","in":"path","description":"Configuration version","required":true,"style":"simple","explode":false,"schema":{"type":"integer"}},{"name":"merchantId","in":"path","description":"Merchant ID","required":true,"style":"simple","explode":false,"schema":{"type":"integer"}},{"name":"deviceId","in":"path","required":true,"style":"simple","explode":false,"schema":{"type":"integer"}}],"responses":{"200":{"description":"Configuration returned","content":{"application/json":{"schema":{"$ref":"#/components/schemas/DeviceConfiguration"}}}},"400":{"description":"Input not valid","content":{"application/json":{"schema":{"$ref":"#/components/schemas/ErrorResponse"}}}}}},"post":{"summary":"Creates or updates device configuration","description":"Fires event: \"Configuration.Device.Changed\"","operationId":"setDeviceConfiguration","parameters":[{"name":"configurationVersion","in":"path","description":"Configuration version","required":true,"style":"simple","explode":false,"schema":{"type":"integer"}},{"name":"merchantId","in":"path","description":"Merchant ID","required":true,"style":"simple","explode":false,"schema":{"type":"integer"}},{"name":"deviceId","in":"path","required":true,"style":"simple","explode":false,"schema":{"type":"integer"}}],"requestBody":{"content":{"application/json":{"schema":{"$ref":"#/components/schemas/DeviceConfiguration"}}}},"responses":{"204":{"description":"Configuration created"},"400":{"description":"Input not valid","content":{"application/json":{"schema":{"$ref":"#/components/schemas/ErrorResponse"}}}}}}},"/configuration/{configurationVersion}/application/{appName}":{"get":{"summary":"Returns application configuration","operationId":"getAppConfiguration","parameters":[{"name":"configurationVersion","in":"path","description":"Configuration version","required":true,"style":"simple","explode":false,"schema":{"type":"integer"}},{"name":"appName","in":"path","required":true,"style":"simple","explode":false,"schema":{"type":"string"}},{"name":"appVersion","in":"query","required":false,"style":"form","explode":false,"schema":{"type":"string"}}],"responses":{"200":{"description":"Configuration returned","content":{"application/json":{"schema":{"$ref":"#/components/schemas/ApplicationConfiguration"}}}},"400":{"description":"Input not valid","content":{"application/json":{"schema":{"$ref":"#/components/schemas/ErrorResponse"}}}}}},"post":{"summary":"Creates or updates application configuration","description":"Fires event: \"Configuration.Application.Changed\"","operationId":"setAppConfiguration","parameters":[{"name":"configurationVersion","in":"path","description":"Configuration version","required":true,"style":"simple","explode":false,"schema":{"type":"integer"}},{"name":"appName","in":"path","required":true,"style":"simple","explode":false,"schema":{"type":"string"}},{"name":"appVersion","in":"query","required":false,"style":"form","explode":false,"schema":{"type":"string"}}],"requestBody":{"content":{"application/json":{"schema":{"$ref":"#/components/schemas/ApplicationConfiguration"}}}},"responses":{"204":{"description":"Configuration created"},"400":{"description":"Input not valid","content":{"application/json":{"schema":{"$ref":"#/components/schemas/ErrorResponse"}}}}}}},"/configuration/{configurationVersion}/user/{merchantId}/{userId}":{"get":{"summary":"Returns user configuration","operationId":"getUserConfiguration","parameters":[{"name":"configurationVersion","in":"path","description":"Configuration version","required":true,"style":"simple","explode":false,"schema":{"type":"integer"}},{"name":"merchantId","in":"path","description":"Merchant ID","required":true,"style":"simple","explode":false,"schema":{"type":"integer"}},{"name":"userId","in":"path","required":true,"style":"simple","explode":false,"schema":{"type":"integer"}}],"responses":{"200":{"description":"Configuration returned","content":{"application/json":{"schema":{"$ref":"#/components/schemas/UserConfiguration"}}}},"400":{"description":"Input not valid","content":{"application/json":{"schema":{"$ref":"#/components/schemas/ErrorResponse"}}}}}},"post":{"summary":"Creates or updates user configuration","description":"Fires event: \"Configuration.User.Changed\"","operationId":"setUserConfiguration","parameters":[{"name":"configurationVersion","in":"path","description":"Configuration version","required":true,"style":"simple","explode":false,"schema":{"type":"integer"}},{"name":"merchantId","in":"path","description":"Merchant ID","required":true,"style":"simple","explode":false,"schema":{"type":"integer"}},{"name":"userId","in":"path","required":true,"style":"simple","explode":false,"schema":{"type":"integer"}}],"requestBody":{"content":{"application/json":{"schema":{"$ref":"#/components/schemas/UserConfiguration"}}}},"responses":{"204":{"description":"Configuration created"},"400":{"description":"Input not valid","content":{"application/json":{"schema":{"$ref":"#/components/schemas/ErrorResponse"}}}}}}},"/health":{"get":{"summary":"Health check","operationId":"getHealthCheckResult","responses":{"default":{"description":"Operation executes service health check and returns the result","content":{"application/json":{"schema":{"$ref":"#/components/schemas/HealthCheckResult"}}}}}}},"/healthself":{"get":{"summary":"Self health check. Without services on which this depends on","operationId":"getSelfHealthCheckResult","responses":{"default":{"description":"Self health check. Without services on which this depends on","content":{"application/json":{"schema":{"$ref":"#/components/schemas/HealthCheckResult"}}}}}}}},"components":{"schemas":{"Aggregates":{"type":"object","properties":{"LocalAssortmentAggregate":{"$ref":"#/components/schemas/API"},"InventoryAggregate":{"$ref":"#/components/schemas/API"},"ReportAggregate":{"$ref":"#/components/schemas/API"}},"description":"Configuration specific for aggregates."},"API":{"type":"object","properties":{"Version":{"type":"string","description":"API version.","nullable":true},"URL":{"type":"string","description":"API URL.","nullable":true}},"description":"API URL and version."},"APIs":{"type":"object","properties":{"Aggr":{"$ref":"#/components/schemas/Aggregates"},"Bapi":{"$ref":"#/components/schemas/BAPIs"},"DAL":{"$ref":"#/components/schemas/DALs"}},"description":"APIs configuration."},"ApplicationConfiguration":{"type":"object","properties":{"AppName":{"maxLength":50,"minLength":0,"type":"string","description":"Name of application.","nullable":true},"AppVersion":{"maxLength":20,"minLength":0,"type":"string","description":"Version of application. If configuration is global for all versions, then null.","nullable":true},"AppQueueName":{"type":"string","description":"Application queue name in event bus.","nullable":true},"Configuration":{"type":"string","description":"Application configuration. Application should understand the value.","nullable":true}},"description":"Configuration specific for an application.","allOf":[{"$ref":"#/components/schemas/BaseConfiguration"}]},"ApplicationConfigurationMessage":{"type":"object","properties":{"Configuration":{"$ref":"#/components/schemas/ApplicationConfiguration"}},"description":"Application configuration event model.","allOf":[{"$ref":"#/components/schemas/MessageBase"}]},"BAPIs":{"type":"object","properties":{"Assortment":{"$ref":"#/components/schemas/API"},"Cash":{"$ref":"#/components/schemas/API"},"Device":{"$ref":"#/components/schemas/API"},"Inventory":{"$ref":"#/components/schemas/API"},"Location":{"$ref":"#/components/schemas/API"},"Merchant":{"$ref":"#/components/schemas/API"},"Partner":{"$ref":"#/components/schemas/API"},"Payment":{"$ref":"#/components/schemas/API"},"Price":{"$ref":"#/components/schemas/API"},"Product":{"$ref":"#/components/schemas/API"},"Sales":{"$ref":"#/components/schemas/API"},"Tax":{"$ref":"#/components/schemas/API"},"User":{"$ref":"#/components/schemas/API"},"DocumentBuilder":{"$ref":"#/components/schemas/API"},"EDS":{"$ref":"#/components/schemas/API"},"CustomerServices":{"$ref":"#/components/schemas/API"},"CountryAndCurrency":{"$ref":"#/components/schemas/API"}},"description":"Configuration specific for BAPIs."},"BaseConfiguration":{"type":"object","properties":{"ModifiedOn":{"type":"string","description":"Date time of last modification.","format":"date-time","nullable":true},"Version":{"type":"integer","description":"Configuration version.","format":"int32"}},"description":"Common configuration parameters."},"BusinessConfiguration":{"type":"object","properties":{"Payment":{"$ref":"#/components/schemas/PaymentConfiguration"}},"description":"Configuration specific for a business process.","allOf":[{"$ref":"#/components/schemas/BaseConfiguration"}]},"BusinessConfigurationMessage":{"type":"object","properties":{"Configuration":{"$ref":"#/components/schemas/BusinessConfiguration"}},"description":"Business configuration event model.","allOf":[{"$ref":"#/components/schemas/MessageBase"}]},"CashConfiguration":{"type":"object","properties":{"MaxTransactionAmount":{"type":"number","description":"Max cash amount per transaction.","format":"decimal"}},"description":"Configuration specific for a cash payment process."},"ConnectedDevices":{"type":"object","properties":{"Scales":{"type":"array","description":"List of connected scales.","nullable":true,"items":{"$ref":"#/components/schemas/Scale"}},"ESLs":{"type":"array","description":"List of ESLs.","nullable":true,"items":{"$ref":"#/components/schemas/ESL"}}},"description":"Configuration of connected devices."},"ConnectionString":{"type":"object","properties":{"Value":{"type":"string","description":"Connection string value.","nullable":true},"DbType":{"$ref":"#/components/schemas/DBType"},"Schema":{"type":"string","description":"Connection string DB schema.","nullable":true}},"description":"Connection string model."},"ConnectionStrings":{"type":"object","properties":{"Assortment":{"$ref":"#/components/schemas/ConnectionString"},"Cash":{"$ref":"#/components/schemas/ConnectionString"},"Configuration":{"$ref":"#/components/schemas/ConnectionString"},"Device":{"$ref":"#/components/schemas/ConnectionString"},"InventoryAggregate":{"$ref":"#/components/schemas/ConnectionString"},"Inventory":{"$ref":"#/components/schemas/ConnectionString"},"LocalAssortmentAggregate":{"$ref":"#/components/schemas/ConnectionString"},"Location":{"$ref":"#/components/schemas/ConnectionString"},"Media":{"$ref":"#/components/schemas/ConnectionString"},"Merchant":{"$ref":"#/components/schemas/ConnectionString"},"Partner":{"$ref":"#/components/schemas/ConnectionString"},"Payment":{"$ref":"#/components/schemas/ConnectionString"},"Price":{"$ref":"#/components/schemas/ConnectionString"},"Product":{"$ref":"#/components/schemas/ConnectionString"},"ReportAggregate":{"$ref":"#/components/schemas/ConnectionString"},"Sales":{"$ref":"#/components/schemas/ConnectionString"},"Tax":{"$ref":"#/components/schemas/ConnectionString"},"User":{"$ref":"#/components/schemas/ConnectionString"},"AdvancedReporting":{"$ref":"#/components/schemas/ConnectionString"},"CustomerServices":{"$ref":"#/components/schemas/ConnectionString"},"CountryAndCurrency":{"$ref":"#/components/schemas/ConnectionString"}},"description":"Connection strings model."},"DALs":{"type":"object","properties":{"AdvancedReporting":{"$ref":"#/components/schemas/API"},"Assortment":{"$ref":"#/components/schemas/API"},"Cash":{"$ref":"#/components/schemas/API"},"Device":{"$ref":"#/components/schemas/API"},"Inventory":{"$ref":"#/components/schemas/API"},"Location":{"$ref":"#/components/schemas/API"},"Media":{"$ref":"#/components/schemas/API"},"Merchant":{"$ref":"#/components/schemas/API"},"Partner":{"$ref":"#/components/schemas/API"},"Payment":{"$ref":"#/components/schemas/API"},"Price":{"$ref":"#/components/schemas/API"},"Product":{"$ref":"#/components/schemas/API"},"Sales":{"$ref":"#/components/schemas/API"},"Tax":{"$ref":"#/components/schemas/API"},"User":{"$ref":"#/components/schemas/API"},"CustomerServices":{"$ref":"#/components/schemas/API"},"CountryAndCurrency":{"$ref":"#/components/schemas/API"}},"description":"Configuration specific for DALs."},"DBType":{"type":"string","description":"Type of DB.\r\n* 1=MS_SQL\r\n* 2=PostgreSQL\r\n* 3=Oracle\r\n* 4=MongoDB\r\n* 9999=InMemory","enum":["MS_SQL","PostgreSQL","Oracle","MongoDB","InMemory"],"x-ms-enum":{"name":"DBType"}},"DeviceConfiguration":{"type":"object","properties":{"DeviceId":{"type":"integer","description":"Device Id.","format":"int32","nullable":false},"EventBus":{"$ref":"#/components/schemas/EventBusConfig"},"ConnectedDevice":{"$ref":"#/components/schemas/ConnectedDevices"},"PlatformLogin":{"$ref":"#/components/schemas/UserPasswordLogin"},"CustomConfiguration":{"type":"string","description":"Custom device configuration.","nullable":true}},"description":"Configuration specific for a device.","allOf":[{"$ref":"#/components/schemas/BaseConfiguration"}]},"DeviceConfigurationMessage":{"type":"object","properties":{"Configuration":{"$ref":"#/components/schemas/DeviceConfiguration"}},"description":"Device configuration event model.","allOf":[{"$ref":"#/components/schemas/MessageBase"}]},"ESL":{"type":"object","properties":{"Connection":{"type":"string","description":"Connection definition for ESL.\r\ne.g.: \"ftp://user:pass","nullable":true}},"description":"ESL device configuration. (Electronic Shelf Labels)"},"EventBusConfig":{"type":"object","properties":{"Queue":{"type":"string","description":"Device queue name.","nullable":true},"Login":{"$ref":"#/components/schemas/UserPasswordLogin"}},"description":"Event bus configuration."},"EventBusConfiguration":{"type":"object","properties":{"Type":{"$ref":"#/components/schemas/EventBusType"},"RabbitMQ":{"$ref":"#/components/schemas/RabbitMQConfig"},"RetryCount":{"type":"integer","description":"Number of retries on failure.","format":"int32"}},"description":"Event bus configuration."},"EventBusType":{"type":"string","description":"Types of event bus.","enum":["RabbitMQ"],"x-ms-enum":{"name":"EventBusType"}},"GridColumn":{"type":"object","properties":{"Name":{"type":"string","description":"Name of column.","nullable":true},"Order":{"type":"integer","description":"Specify order of columns.","format":"int32"},"Visible":{"type":"boolean","description":"Indicates if column is visible."},"Sort":{"type":"string","description":"Column sorting (e.g. \"asc\", \"desc\").","nullable":true}},"description":"Grid column definition."},"GridDefinition":{"type":"object","properties":{"Name":{"type":"string","description":"Name of grid.","nullable":true},"Columns":{"type":"array","description":"Grid columns.","nullable":true,"items":{"$ref":"#/components/schemas/GridColumn"}}},"description":"Grid definition."},"MerchantConfiguration":{"type":"object","properties":{"LocalAPI":{"$ref":"#/components/schemas/APIs"},"RemoteAPI":{"$ref":"#/components/schemas/APIs"},"ConnectionString":{"$ref":"#/components/schemas/ConnectionStrings"},"AdvancedStockManagementAllowed":{"type":"boolean","description":"Indicates if advanced stock management is allowed."},"AutomaticProductAssortmentAllowed":{"type":"boolean","description":"Indicates if automatic product assortment is allowed."},"AdvancedReportingEnabled":{"type":"boolean","description":"Indicates if advanced reporting is enabled."},"PropertyManagementIntegrationEnabled":{"type":"boolean","description":"Indicates if property management integration is enabled."},"Recovery":{"$ref":"#/components/schemas/RecoveryData"}},"description":"Configuration specific for a merchant.","allOf":[{"$ref":"#/components/schemas/BaseConfiguration"}]},"MerchantConfigurationMessage":{"type":"object","properties":{"Configuration":{"$ref":"#/components/schemas/MerchantConfiguration"}},"description":"Merchant configuration event model.","allOf":[{"$ref":"#/components/schemas/MessageBase"}]},"MessageBase":{"type":"object","properties":{"MerchantId":{"type":"integer","description":"Merchant id.","format":"int32","nullable":false},"Targets":{"$ref":"#/components/schemas/MessageTargets"},"AuthToken":{"type":"string","description":"Token used in request, which generates the event.","nullable":true},"Published":{"type":"string","description":"Date time when the event was published.","format":"date-time","nullable":true},"MessageId":{"type":"string","description":"Message id for better identification.","nullable":true}},"description":"Class of base event message properties."},"MessageTargets":{"type":"object","properties":{"Locations":{"type":"array","description":"List of message target locations.","nullable":true,"items":{"type":"integer","format":"int32","nullable":false}},"Devices":{"type":"array","description":"List of message target devices.","nullable":true,"items":{"type":"integer","format":"int32","nullable":false}}},"description":"Class of message target locations."},"PaymentConfiguration":{"type":"object","properties":{"Cash":{"$ref":"#/components/schemas/CashConfiguration"}},"description":"Configuration specific for a payment process."},"RabbitMQConfig":{"type":"object","properties":{"Host":{"type":"string","description":"RabbitMQ server host name.","nullable":true},"Login":{"$ref":"#/components/schemas/UserPasswordLogin"},"VirtualHost":{"type":"string","description":"RabbitMQ server virtual host.","nullable":true},"PlatformExchange":{"type":"string","description":"Default platform exchange.","nullable":true},"Port":{"type":"integer","description":"RabbitMQ server port.","format":"int32"}},"description":"RabbitMQ configuration."},"RecoveryData":{"type":"object","properties":{"Sales":{"type":"integer","description":"Sales recovery Id.","format":"int32"},"Cash":{"type":"integer","description":"Cash recovery Id.","format":"int32"}},"description":"Recovery data."},"Scale":{"type":"object","properties":{"Type":{"$ref":"#/components/schemas/ScaleType"},"Connection":{"type":"string","description":"Connection value for a scale.","nullable":true}},"description":"Configuration specific for a scale."},"ScaleType":{"type":"string","description":"Types of scale.","enum":["CASPR2"],"x-ms-enum":{"name":"ScaleType"}},"SystemConfiguration":{"type":"object","properties":{"TimeZone":{"type":"string","description":"Time zone for merchant.","nullable":true},"Language":{"type":"string","description":"Default system language.","nullable":true},"DateTimeFormat":{"type":"string","description":"Default system date time format.","nullable":true},"AllowAnonymousAccess":{"type":"boolean","description":"Specify if the platform can be accessed without access validation."},"EventBus":{"$ref":"#/components/schemas/EventBusConfiguration"},"KeycloakRealmAPI":{"type":"string","description":"Keycloak API URL to the specific realm.","nullable":true},"AppNameAliases":{"type":"object","additionalProperties":{"type":"string"},"description":"Application name aliases.","nullable":true}},"description":"Configuration specific for a system.","allOf":[{"$ref":"#/components/schemas/BaseConfiguration"}]},"SystemConfigurationMessage":{"type":"object","properties":{"Configuration":{"$ref":"#/components/schemas/SystemConfiguration"}},"description":"System configuration event model.","allOf":[{"$ref":"#/components/schemas/MessageBase"}]},"UserConfiguration":{"type":"object","properties":{"UserId":{"type":"integer","description":"User Id.","format":"int32","nullable":false},"Language":{"type":"string","description":"Preferred user language. If not specified, then system default is used.","nullable":true},"DateTimeFormat":{"type":"string","description":"Preferred date time format of user. If not specified, then default system date\r\ntime format should be used.","nullable":true},"GridDefinitions":{"type":"array","description":"Grid definitions.","nullable":true,"items":{"$ref":"#/components/schemas/GridDefinition"}}},"description":"Configuration specific for a user.","allOf":[{"$ref":"#/components/schemas/BaseConfiguration"}]},"UserConfigurationMessage":{"type":"object","properties":{"Configuration":{"$ref":"#/components/schemas/UserConfiguration"}},"description":"User configuration event model.","allOf":[{"$ref":"#/components/schemas/MessageBase"}]},"UserPasswordLogin":{"type":"object","properties":{"User":{"type":"string","description":"Login user.","nullable":true},"Password":{"type":"string","description":"Login password.","nullable":true}},"description":"Login with user and password."},"ErrorResponse":{"type":"object","properties":{"Message":{"type":"string","description":"Description of the error","nullable":true},"ValidationErrors":{"type":"array","description":"List of the validation errors","nullable":true,"items":{"$ref":"#/components/schemas/ValidationError"}}},"description":"Error response"},"ValidationError":{"type":"object","properties":{"ErrorCode":{"$ref":"#/components/schemas/ValidationErrorCodes"},"ErrorMessage":{"type":"string","description":"Error message.","nullable":true},"FieldId":{"type":"string","description":"Field Id.","nullable":true},"FieldValue":{"type":"string","description":"Field value.","nullable":true}},"description":"Class of validation error."},"ValidationErrorCodes":{"type":"string","description":"Validation error codes.","enum":["UnexpectedError","NotFound","InconsistentData","OperationNotAllowed","Duplicate"],"x-ms-enum":{"name":"ValidationErrorCodes"}},"HealthCheckResult":{"required":["status","version"],"type":"object","properties":{"status":{"$ref":"#/components/schemas/HealthCheckResultStatus"},"version":{"type":"string","description":"Version"},"dbHealth":{"minItems":0,"type":"array","items":{"$ref":"#/components/schemas/DatabaseHealthCheckResult"}}}},"HealthCheckResultStatus":{"type":"string","description":"# Health status\n* Healthy - Everything is fine\n* Degraded - Something is wrong but still working and functionality is provided\n* Unhealthy - Malfunction. Functionality is not provided\n","enum":["Healthy","Degraded","Unhealthy"]},"DatabaseHealthCheckResult":{"required":["connectionString","status"],"type":"object","properties":{"status":{"$ref":"#/components/schemas/HealthCheckResultStatus"},"connectionString":{"type":"string","description":"Connection string. May not containt sensitive data"},"connectionStringName":{"type":"string","description":"Connection string name if available"},"version":{"type":"string","description":"Database version"}},"description":"Database health result\n"}},"responses":{"BadRequest":{"description":"Input not valid","content":{"application/json":{"schema":{"$ref":"#/components/schemas/ErrorResponse"}}}},"ConfigurationCreated":{"description":"Configuration created"}},"parameters":{"MerchantId":{"name":"merchantId","in":"path","description":"Merchant ID","required":true,"style":"simple","explode":false,"schema":{"type":"integer"}},"ConfigurationVersion":{"name":"configurationVersion","in":"path","description":"Configuration version","required":true,"style":"simple","explode":false,"schema":{"type":"integer"}}}}}