{"openapi":"3.0.0","info":{"title":"Posybe2 Report Aggregate","description":"# Posybe2 Report Aggregate\n\n[API specifications](https://skdatapac.sharepoint.com/:f:/s/Posybe20/EkQSZujK0kVPm_JZN0OGU_0BJUaDyzg1ZxoiYAKTyqNLKw?e=JBbuSm)\n\n[API events](https://skdatapac.sharepoint.com/:w:/s/Posybe20/ESHa85WhRsBOnWB-028CLyoBAqOvrjJQJRE5UUvj3fW-nA?e=lbniXf)\n","contact":{"name":"Roman Sladek","email":"roman.sladek@datapac.sk"},"license":{"name":"Datapac private","url":"https://www.datapac.sk"},"version":"1.0.0"},"servers":[{"url":"/"}],"paths":{"/{MerchantId}/Reporting/InventoryStoragesKPIs":{"get":{"summary":"Returns inventory storage KPI values","description":"Returns inventory storage with location.","operationId":"getInventoryStorageExt","parameters":[{"name":"MerchantId","in":"path","description":"Merchant ID","required":true,"style":"simple","explode":false,"schema":{"type":"integer"}}],"responses":{"200":{"description":"Inventory Storage Aggregate","content":{"application/json":{"schema":{"type":"array","items":{"$ref":"#/components/schemas/InventoryStoragesKPI"}}}}}}}},"/{MerchantId}/Reporting/InventoryTurnover":{"get":{"summary":"Returns inventory turnover","description":"Returns inventory turnover.","operationId":"getInventoryTurnover","parameters":[{"name":"MerchantId","in":"path","description":"Merchant ID","required":true,"style":"simple","explode":false,"schema":{"type":"integer"}},{"name":"PeriodLengthType","in":"query","description":"Period length type Id","required":true,"style":"form","explode":false,"schema":{"$ref":"#/components/schemas/ReportPeriodLengthTypeEnum"}},{"name":"LocationId","in":"query","description":"Location Id","required":false,"style":"form","explode":false,"schema":{"type":"integer"}},{"name":"MerchandiseCategoryId","in":"query","description":"Merchandise category Id","required":false,"style":"form","explode":false,"schema":{"type":"integer"}},{"name":"TurnoverDirection","in":"query","description":"Turnover direction","required":false,"style":"form","explode":false,"schema":{"type":"string","default":"asc","enum":["asc","desc"]}}],"responses":{"200":{"description":"Inventory turnover","content":{"application/json":{"schema":{"$ref":"#/components/schemas/InventoryTurnover"}}}}}}},"/{MerchantId}/Reporting/Rebuild":{"get":{"summary":"Rebuilds cache from DAL APIs","description":"Rebuilds whole cache from DAL APIs into temporary schema \nand then replace old one schema with rebuilded schema\n","operationId":"rebuildReportingAggregateData","parameters":[{"name":"MerchantId","in":"path","description":"Merchant ID","required":true,"style":"simple","explode":false,"schema":{"type":"integer"}}],"responses":{"200":{"description":"Cache rebuilded successfully"},"400":{"description":"Operation fails","content":{"application/json":{"schema":{"$ref":"#/components/schemas/ErrorResponse"}}}}}}},"/{MerchantId}/Reporting/Refresh":{"get":{"summary":"Removes old data","description":"Removes old data","operationId":"refreshReportingAggregateData","parameters":[{"name":"MerchantId","in":"path","description":"Merchant ID","required":true,"style":"simple","explode":false,"schema":{"type":"integer"}}],"responses":{"200":{"description":"Old data was removed successfully"},"400":{"description":"Operation fails","content":{"application/json":{"schema":{"$ref":"#/components/schemas/ErrorResponse"}}}}}}}},"components":{"schemas":{"CompanyBase":{"type":"object","properties":{"Id":{"type":"integer","description":"Identification number in the internal system.","format":"int32","nullable":false},"Name":{"maxLength":128,"minLength":0,"type":"string","description":"Name of a company.","nullable":true},"IdentificationNumber":{"maxLength":32,"minLength":0,"type":"string","description":"Identification number from the business register.","nullable":true}},"description":"Definition of a base company."},"InventoryStoragesKPI":{"type":"object","properties":{"StartedDaysCount":{"type":"integer","description":"Started days count of a report period.","format":"int32"},"InventoryStoragesAmount":{"type":"number","description":"Amount of inventory storages.","format":"decimal"},"AverageInventoryStoragesAmount":{"type":"number","description":"Average amount of inventory storages. Calculated as division of inventory\r\nstorages amount by count of started days in a report period.","format":"decimal"}},"description":"Data model for key performance indicators of inventory storages.","allOf":[{"$ref":"#/components/schemas/ReportDataModelBase"}]},"InventoryStoragesKPIMessage":{"type":"object","properties":{"InventoryStoragesKPIs":{"type":"array","description":"List of  Datapac.Posybe.ReportAggregate.Model.InventoryStoragesKPI.","nullable":true,"items":{"$ref":"#/components/schemas/InventoryStoragesKPI"}}},"description":"Message data for inventory storages KPI.","allOf":[{"$ref":"#/components/schemas/MessageBase"}]},"InventoryTurnover":{"type":"object","properties":{"Product":{"$ref":"#/components/schemas/ProductBase"},"Turnover":{"type":"number","description":"Turnover of a product.","format":"decimal"}},"description":"Data model of turnover per products."},"MerchandiseCategoriesTotal":{"type":"object","properties":{"MerchandiseCategory":{"$ref":"#/components/schemas/MerchandiseCategoryBase"},"SalesTransactionsAmount":{"type":"number","description":"Amount of sales transactions.","format":"decimal"}},"description":"Data model of sales transactions per merchandise categories.","allOf":[{"$ref":"#/components/schemas/ReportDataModelBase"}]},"MerchandiseCategoriesTotalMessage":{"type":"object","properties":{"MerchandiseCategoriesTotals":{"type":"array","description":"List of Datapac.Posybe.ReportAggregate.Model.MerchandiseCategoriesTotal.","nullable":true,"items":{"$ref":"#/components/schemas/MerchandiseCategoriesTotal"}}},"description":"Message data for merchandise categories total.","allOf":[{"$ref":"#/components/schemas/MessageBase"}]},"MerchandiseCategoryBase":{"type":"object","properties":{"Id":{"type":"integer","description":"Merchandise category Id.","format":"int32","nullable":false},"Name":{"maxLength":128,"minLength":0,"type":"string","description":"Merchandise category name.","nullable":true},"Code":{"maxLength":32,"minLength":0,"type":"string","description":"Merchandise category code.","nullable":true}},"description":"Base merchandise category model."},"MessageBase":{"type":"object","properties":{"MerchantId":{"type":"integer","description":"Merchant id.","format":"int32","nullable":false},"Targets":{"$ref":"#/components/schemas/MessageTargets"},"AuthToken":{"type":"string","description":"Token used in request, which generates the event.","nullable":true},"Published":{"type":"string","description":"Date time when the event was published.","format":"date-time","nullable":true},"MessageId":{"type":"string","description":"Message id for better identification.","nullable":true}},"description":"Class of base event message properties."},"MessageTargets":{"type":"object","properties":{"Locations":{"type":"array","description":"List of message target locations.","nullable":true,"items":{"type":"integer","format":"int32","nullable":false}},"Devices":{"type":"array","description":"List of message target devices.","nullable":true,"items":{"type":"integer","format":"int32","nullable":false}}},"description":"Class of message target locations."},"MOPBase":{"type":"object","properties":{"Id":{"type":"integer","description":"Id  of a method of payment.","format":"int32","nullable":false},"Code":{"maxLength":64,"minLength":0,"type":"string","description":"Code of method of payment. Shorted designation for the MOP.","nullable":true},"Name":{"maxLength":64,"minLength":0,"type":"string","description":"Name of a method of payment.","nullable":true}},"description":"Base method of payment model."},"MOPsTotal":{"type":"object","properties":{"MOP":{"$ref":"#/components/schemas/MOPBase"},"SalesTransactionsCount":{"type":"integer","description":"Count of sales transactions.","format":"int32"},"SalesTransactionsAmount":{"type":"number","description":"Amount of sales transactions.","format":"decimal"}},"description":"Data model of sales transactions per MOPs.","allOf":[{"$ref":"#/components/schemas/ReportDataModelBase"}]},"MOPsTotalMessage":{"type":"object","properties":{"MOPsTotals":{"type":"array","description":"List of Datapac.Posybe.ReportAggregate.Model.MOPsTotal.","nullable":true,"items":{"$ref":"#/components/schemas/MOPsTotal"}}},"description":"Data message for MOPs total.","allOf":[{"$ref":"#/components/schemas/MessageBase"}]},"POSBase":{"type":"object","properties":{"Id":{"type":"integer","description":"The Id of a POS.","format":"int32","nullable":false},"Number":{"type":"integer","description":"The number of a POS.","format":"int32"},"Name":{"maxLength":128,"minLength":0,"type":"string","description":"The name of a POS.","nullable":true}},"description":"Base point of sale model."},"ProductBase":{"type":"object","properties":{"Id":{"type":"integer","description":"Product Id.","format":"int32","nullable":false},"Name":{"maxLength":128,"minLength":0,"type":"string","description":"Product name.","nullable":true},"Number":{"maxLength":64,"minLength":0,"type":"string","description":"Unique product number. If it is not entered by the user, the system will\r\ngenerate it as the next number after the largest one. It can be alphanumeric.","nullable":true}},"description":"Definition of a base product."},"ProductsTotal":{"type":"object","properties":{"MerchandiseCategory":{"$ref":"#/components/schemas/MerchandiseCategoryBase"},"Product":{"$ref":"#/components/schemas/ProductBase"},"SalesTransactionsAmount":{"type":"number","description":"Amount of sales transactions.","format":"decimal"},"SalesTransactionQuantity":{"type":"number","description":"Quantity of sales transactions.","format":"decimal"},"InventoryStoragesQuantity":{"type":"number","description":"Quantity of inventory storages.","format":"decimal"}},"description":"Data model of sales transactions per products.","allOf":[{"$ref":"#/components/schemas/ReportDataModelBase"}]},"ProductsTotalMessage":{"type":"object","properties":{"ProductsTotals":{"type":"array","description":"List of Datapac.Posybe.ReportAggregate.Model.ProductsTotal.","nullable":true,"items":{"$ref":"#/components/schemas/ProductsTotal"}}},"description":"Data message for products total.","allOf":[{"$ref":"#/components/schemas/MessageBase"}]},"ReportDataModelBase":{"type":"object","properties":{"Id":{"type":"integer","description":"Id of a report data.","format":"int32","nullable":false},"PeriodLengthType":{"$ref":"#/components/schemas/ReportPeriodLengthTypeEnum"},"Period":{"type":"string","description":"Date of a report period.","format":"date-time"},"Location":{"$ref":"#/components/schemas/CompanyBase"}},"description":"Base data model of report."},"ReportPeriod":{"type":"object","properties":{"Id":{"type":"integer","description":"Id of a report period.","format":"int32","nullable":false},"Type":{"$ref":"#/components/schemas/ReportPeriodTypeEnum"},"Name":{"maxLength":32,"minLength":0,"type":"string","description":"Name depends on a report period type.","nullable":true}},"description":"Data model of a report period."},"ReportPeriodLength":{"type":"object","properties":{"Id":{"type":"integer","description":"Id of a report period length.","format":"int32","nullable":false},"Type":{"$ref":"#/components/schemas/ReportPeriodLengthTypeEnum"},"Period":{"type":"string","description":"Date of a report period.","format":"date-time"},"StartedDaysCount":{"type":"integer","description":"Started days count of a report period. Computed column.","format":"int32"},"IsCurrentPeriod":{"type":"boolean","description":"A flag indicating whether a period  is the current period. Computed column."},"Status":{"$ref":"#/components/schemas/ReportPeriodLengthStatusEnum"}},"description":"Data model of a report period length."},"ReportPeriodLengthConfiguration":{"type":"object","properties":{"Id":{"type":"integer","description":"Id of a report period length configuration.","format":"int32","nullable":false},"Type":{"$ref":"#/components/schemas/ReportPeriodLengthTypeEnum"},"Length":{"type":"integer","description":"Length of report period.","format":"int32"}},"description":"Data model of a report period length configuration."},"ReportPeriodLengthConfigurationMessage":{"type":"object","properties":{"ReportPeriodLengthConfigurations":{"type":"array","description":"List of Datapac.Posybe.ReportAggregate.Model.ReportPeriodLengthConfiguration.","nullable":true,"items":{"$ref":"#/components/schemas/ReportPeriodLengthConfiguration"}}},"description":"Data message for report period length.","allOf":[{"$ref":"#/components/schemas/MessageBase"}]},"ReportPeriodLengthMessage":{"type":"object","properties":{"ReportPeriodLengths":{"type":"array","description":"List of Datapac.Posybe.ReportAggregate.Model.ReportPeriodLength.","nullable":true,"items":{"$ref":"#/components/schemas/ReportPeriodLength"}}},"description":"Data message for report period length.","allOf":[{"$ref":"#/components/schemas/MessageBase"}]},"ReportPeriodLengthStatusEnum":{"type":"string","description":"Status of a report period length. Defines whether or not a value is actual.\r\n* 1=Actual\r\n* 2=OutOfDate","enum":["Actual","OutOfDate"],"x-ms-enum":{"name":"ReportPeriodLengthStatusEnum"}},"ReportPeriodLengthTypeEnum":{"type":"string","description":"Type of a report period length.\r\n* 1=Days\r\n* 2=Weeks\r\n* 3=Months\r\n* 4=Years","enum":["Days","Weeks","Months","Years"],"x-ms-enum":{"name":"ReportPeriodLengthTypeEnum"}},"ReportPeriodMessage":{"type":"object","properties":{"ReportPeriods":{"type":"array","description":"List of Datapac.Posybe.ReportAggregate.Model.ReportPeriod.","nullable":true,"items":{"$ref":"#/components/schemas/ReportPeriod"}}},"description":"Data message for report period.","allOf":[{"$ref":"#/components/schemas/MessageBase"}]},"ReportPeriodTypeEnum":{"type":"string","description":"Type of a report period.\r\n* 1=Hour\r\n* 2=Day","enum":["Hour","Day"],"x-ms-enum":{"name":"ReportPeriodTypeEnum"}},"SalesTransactionsKPI":{"type":"object","properties":{"StartedDaysCount":{"type":"integer","description":"Started days count of a report period.","format":"int32"},"IsCurrentPeriod":{"type":"boolean","description":"A flag indicating whether a period  is the current period."},"SalesTransactionsCount":{"type":"integer","description":"Count of sales transactions.","format":"int32"},"SalesTransactionsAmount":{"type":"number","description":"Amount of sales transactions.","format":"decimal"},"BasketSize":{"type":"number","description":"Size of a basket. Calculated as division of amount of sales transactions by\r\ncount sales transactions.","format":"decimal"},"DiscountSalesTransactionsCount":{"type":"integer","description":"Count of sales transactions with a discount.","format":"int32"},"DiscountSalesTransactionsAmount":{"type":"number","description":"Amount of sales transactions with a discount.","format":"decimal"},"DiscountSalesTransactionsRate":{"type":"number","description":"Rate of sales transactions with a discount. Calculated as division of total\r\ncount of sales transactions by count of sales transactions with discount.","format":"decimal"}},"description":"Data model for key performance indicators of sales transactions.","allOf":[{"$ref":"#/components/schemas/ReportDataModelBase"}]},"SalesTransactionsKPIMessage":{"type":"object","properties":{"SalesTransactionsKPIs":{"type":"array","description":"List of Datapac.Posybe.ReportAggregate.Model.SalesTransactionsKPI.","nullable":true,"items":{"$ref":"#/components/schemas/SalesTransactionsKPI"}}},"description":"Data message for sales transactions KPI.","allOf":[{"$ref":"#/components/schemas/MessageBase"}]},"SalesTransactionsTotal":{"type":"object","properties":{"Cashier":{"$ref":"#/components/schemas/UserBase"},"SalesTransactionsCount":{"type":"integer","description":"Count of sales transactions.","format":"int32"},"SalesTransactionsAmount":{"type":"number","description":"Amount of sales transactions.","format":"decimal"},"SalesTransactionsCancellationsCount":{"type":"integer","description":"Count of sales transactions cancellations.","format":"int32"},"SalesTransactionsCancellationsAmount":{"type":"number","description":"Amount of sales transactions cancellations.","format":"decimal"}},"description":"Data model of sales transactions total.","allOf":[{"$ref":"#/components/schemas/ReportDataModelBase"}]},"SalesTransactionsTotalMessage":{"type":"object","properties":{"SalesTransactionsTotals":{"type":"array","description":"List of Datapac.Posybe.ReportAggregate.Model.SalesTransactionsTotal.","nullable":true,"items":{"$ref":"#/components/schemas/SalesTransactionsTotal"}}},"description":"Data message for sales transactions total.","allOf":[{"$ref":"#/components/schemas/MessageBase"}]},"UserBase":{"type":"object","properties":{"Id":{"type":"integer","description":"Id of user.","format":"int32","nullable":false},"Name":{"maxLength":50,"minLength":0,"type":"string","description":"Name of user.","nullable":true}},"description":"Base user model."},"VatBase":{"type":"object","properties":{"Id":{"type":"integer","description":"Vat Id.","format":"int32","nullable":false},"Title":{"maxLength":64,"minLength":0,"type":"string","description":"Title of a VAT.","nullable":true},"Value":{"type":"number","description":"Vat value.","format":"decimal","nullable":true}},"description":"Base VAT model."},"VatsTotal":{"type":"object","properties":{"POS":{"$ref":"#/components/schemas/POSBase"},"Vat":{"$ref":"#/components/schemas/VatBase"},"SalesTransactionsBaseAmount":{"type":"number","description":"Sales transactions amount without VAT.","format":"decimal"},"SalesTransactionsVatAmount":{"type":"number","description":"Sales transactions VAT amount.","format":"decimal"},"SalesTransactionsAmount":{"type":"number","description":"Sales transactions amount with VAT.","format":"decimal"}},"description":"Data model of sales transactions VATs.","allOf":[{"$ref":"#/components/schemas/ReportDataModelBase"}]},"VatsTotalMessage":{"type":"object","properties":{"VatsTotals":{"type":"array","description":"List of Datapac.Posybe.ReportAggregate.Model.VatsTotal.","nullable":true,"items":{"$ref":"#/components/schemas/VatsTotal"}}},"description":"Data message for VATs total.","allOf":[{"$ref":"#/components/schemas/MessageBase"}]},"VisitRateKPI":{"type":"object","properties":{"StartedDaysCount":{"type":"integer","description":"Started days count of a report period.","format":"int32"},"PeriodType":{"$ref":"#/components/schemas/ReportPeriodTypeEnum"},"PeriodName":{"maxLength":32,"minLength":0,"type":"string","description":"Name depends on a report period type.","nullable":true},"SalesTransactionsCount":{"type":"integer","description":"Count of sales transactions.","format":"int32"},"SalesTransactionsAmount":{"type":"number","description":"Amount of sales transactions.","format":"decimal"},"VisitRateCount":{"type":"number","description":"Visit rate from sales transactions count. Calculated as division of sales\r\ntransactions count by started days count of a report period.","format":"decimal"},"VisitRateAmount":{"type":"number","description":"Visit rate from sales transactions amount. Calculated as division of sales\r\ntransactions amount by started days count of a report period.","format":"decimal"}},"description":"Data model for key performance indicators of a visit rate.","allOf":[{"$ref":"#/components/schemas/ReportDataModelBase"}]},"VisitRateKPIMessage":{"type":"object","properties":{"VisitRateKPIs":{"type":"array","description":"List of Datapac.Posybe.ReportAggregate.Model.VisitRateKPI.","nullable":true,"items":{"$ref":"#/components/schemas/VisitRateKPI"}}},"description":"Data message for a visit rate KPI.","allOf":[{"$ref":"#/components/schemas/MessageBase"}]},"ErrorResponse":{"type":"object","properties":{"Message":{"type":"string","description":"Description of the error","nullable":true},"ValidationErrors":{"type":"array","description":"List of the validation errors","nullable":true,"items":{"$ref":"#/components/schemas/ValidationError"}}},"description":"Error response"},"ValidationError":{"type":"object","properties":{"ErrorCode":{"$ref":"#/components/schemas/ValidationErrorCodes"},"ErrorMessage":{"type":"string","description":"Error message.","nullable":true},"FieldId":{"type":"string","description":"Field Id.","nullable":true},"FieldValue":{"type":"string","description":"Field value.","nullable":true}},"description":"Class of validation error."},"ValidationErrorCodes":{"type":"string","description":"Validation error codes.","enum":["UnexpectedError","NotFound","InconsistentData","OperationNotAllowed","Duplicate"],"x-ms-enum":{"name":"ValidationErrorCodes"}}},"parameters":{"MerchantId":{"name":"MerchantId","in":"path","description":"Merchant ID","required":true,"style":"simple","explode":false,"schema":{"type":"integer"}}}}}