{"openapi":"3.0.0","info":{"title":"Posybe2 Price management API","description":"# Posybe2 Price management API\n\n[API specifications](https://skdatapac.sharepoint.com/:f:/s/Posybe20/EkQSZujK0kVPm_JZN0OGU_0BJUaDyzg1ZxoiYAKTyqNLKw?e=JBbuSm)\n\n[API events](https://skdatapac.sharepoint.com/:w:/s/Posybe20/ESHa85WhRsBOnWB-028CLyoBAqOvrjJQJRE5UUvj3fW-nA?e=lbniXf)\n","contact":{"name":"Roman Sladek","email":"roman.sladek@datapac.sk"},"license":{"name":"Datapac private","url":"https://www.datapac.sk"},"version":"1.0.0"},"servers":[{"url":"/"}],"paths":{"/{MerchantId}/sellprice":{"post":{"summary":"Create new sell price","description":"Create new sell price\n\nFire evnets\n* SellPrice.Created (PriceMessage)\n","operationId":"createSellPrice","parameters":[{"name":"MerchantId","in":"path","description":"Merchant ID","required":true,"style":"simple","explode":false,"schema":{"type":"integer"}}],"requestBody":{"content":{"application/json":{"schema":{"$ref":"#/components/schemas/SellPrice"}}}},"responses":{"200":{"description":"Sell price created","content":{"application/json":{"schema":{"$ref":"#/components/schemas/SellPrice"}}}},"400":{"description":"invalid input, object invalid","content":{"application/json":{"schema":{"$ref":"#/components/schemas/ErrorResponse"}}}}}}},"/{MerchantId}/sellprice/{id}":{"put":{"summary":"Update existing sell price","description":"Update existing sell price\n\nFire evnets\n* SellPrice.Updated (PriceMessage)\n","operationId":"updateSellPrice","parameters":[{"name":"MerchantId","in":"path","description":"Merchant ID","required":true,"style":"simple","explode":false,"schema":{"type":"integer"}},{"name":"id","in":"path","description":"Sell price Id","required":true,"style":"simple","explode":false,"schema":{"type":"integer"}}],"requestBody":{"content":{"application/json":{"schema":{"$ref":"#/components/schemas/SellPrice"}}}},"responses":{"200":{"description":"Sell price updated","content":{"application/json":{"schema":{"$ref":"#/components/schemas/SellPrice"}}}},"400":{"description":"Invalid input data","content":{"application/json":{"schema":{"$ref":"#/components/schemas/ErrorResponse"}}}},"404":{"description":"Sell price not found"}}},"delete":{"summary":"Delete existing sell price","description":"Delete existring sell price\n\nFire evnets\n* SellPrice.Deleted (PriceMessage)\n","operationId":"deleteSellPrice","parameters":[{"name":"MerchantId","in":"path","description":"Merchant ID","required":true,"style":"simple","explode":false,"schema":{"type":"integer"}},{"name":"id","in":"path","description":"Sell price Id","required":true,"style":"simple","explode":false,"schema":{"type":"integer"}}],"responses":{"200":{"description":"Sell price deleted, return deleted sell price","content":{"application/json":{"schema":{"$ref":"#/components/schemas/SellPrice"}}}},"404":{"description":"Sell price not found"}}},"patch":{"summary":"Partiall update of existing sell price","description":"Partial update of existring sell price\n\nFire evnets\n* SellPrice.Updated (PriceMessage)\n","operationId":"partialUpdateSellPrice","parameters":[{"name":"MerchantId","in":"path","description":"Merchant ID","required":true,"style":"simple","explode":false,"schema":{"type":"integer"}},{"name":"id","in":"path","description":"Sell price Id","required":true,"style":"simple","explode":false,"schema":{"type":"integer"}}],"requestBody":{"content":{"application/json":{"schema":{"$ref":"#/components/schemas/SellPrice"}}}},"responses":{"200":{"description":"Sell price updated","content":{"application/json":{"schema":{"$ref":"#/components/schemas/SellPrice"}}}},"400":{"description":"Invalid input data","content":{"application/json":{"schema":{"$ref":"#/components/schemas/ErrorResponse"}}}},"404":{"description":"Sell price not found"}}}},"/{MerchantId}/margin":{"post":{"summary":"Create new margin","description":"Create new margin\n\nFire events\n* Margin.Created (MarginMessage)\n","operationId":"createMargin","parameters":[{"name":"MerchantId","in":"path","description":"Merchant ID","required":true,"style":"simple","explode":false,"schema":{"type":"integer"}}],"requestBody":{"content":{"application/json":{"schema":{"$ref":"#/components/schemas/Margin"}}}},"responses":{"200":{"description":"Margin created","content":{"application/json":{"schema":{"$ref":"#/components/schemas/Margin"}}}},"400":{"description":"invalid input, object invalid","content":{"application/json":{"schema":{"$ref":"#/components/schemas/ErrorResponse"}}}}}}},"/{MerchantId}/margin/{id}":{"put":{"summary":"Update existing margin","description":"Update existing margin\n\nFire events\n* Margin.Updated (MarginMessage)\n","operationId":"updateMargin","parameters":[{"name":"MerchantId","in":"path","description":"Merchant ID","required":true,"style":"simple","explode":false,"schema":{"type":"integer"}},{"name":"id","in":"path","description":"Margin Id","required":true,"style":"simple","explode":false,"schema":{"type":"integer"}}],"requestBody":{"content":{"application/json":{"schema":{"$ref":"#/components/schemas/Margin"}}}},"responses":{"200":{"description":"Margin updated","content":{"application/json":{"schema":{"$ref":"#/components/schemas/Margin"}}}},"400":{"description":"Invalid input data","content":{"application/json":{"schema":{"$ref":"#/components/schemas/ErrorResponse"}}}},"404":{"description":"Margin not found"}}},"delete":{"summary":"Delete existing margin","description":"Delete existing margin\n\nFire events\n* Margin.Deleted (MarginMessage)\n","operationId":"deleteMargin","parameters":[{"name":"MerchantId","in":"path","description":"Merchant ID","required":true,"style":"simple","explode":false,"schema":{"type":"integer"}},{"name":"id","in":"path","description":"Margin Id","required":true,"style":"simple","explode":false,"schema":{"type":"integer"}}],"responses":{"200":{"description":"Margin deleted, return deleted margin","content":{"application/json":{"schema":{"$ref":"#/components/schemas/Margin"}}}},"404":{"description":"Margin not found"}}},"patch":{"summary":"Partial update of existing margin","description":"Partial update of existing margin\n\nFire events\n* Margin.Updated (MarginMessage)\n","operationId":"partialUpdateMargin","parameters":[{"name":"MerchantId","in":"path","description":"Merchant ID","required":true,"style":"simple","explode":false,"schema":{"type":"integer"}},{"name":"id","in":"path","description":"Margin Id","required":true,"style":"simple","explode":false,"schema":{"type":"integer"}}],"requestBody":{"content":{"application/json":{"schema":{"$ref":"#/components/schemas/Margin"}}}},"responses":{"200":{"description":"Margin updated","content":{"application/json":{"schema":{"$ref":"#/components/schemas/Margin"}}}},"400":{"description":"Invalid input data","content":{"application/json":{"schema":{"$ref":"#/components/schemas/ErrorResponse"}}}},"404":{"description":"Margin not found"}}}},"/{MerchantId}/purchaseprice":{"post":{"summary":"Create new purchase price","description":"Create new purchase price\n\nFire events\n* PurchasePrice.Created (PurchasePriceMessage)\n","operationId":"createPurchasePrice","parameters":[{"name":"MerchantId","in":"path","description":"Merchant ID","required":true,"style":"simple","explode":false,"schema":{"type":"integer"}}],"requestBody":{"content":{"application/json":{"schema":{"$ref":"#/components/schemas/PurchasePrice"}}}},"responses":{"200":{"description":"Purchase price created","content":{"application/json":{"schema":{"$ref":"#/components/schemas/PurchasePrice"}}}},"400":{"description":"invalid input, object invalid","content":{"application/json":{"schema":{"$ref":"#/components/schemas/ErrorResponse"}}}}}}},"/{MerchantId}/purchaseprice/{id}":{"put":{"summary":"Update existing purchase price","description":"Update existing purchase price\n\nFire events\n* PurchasePrice.Updated (PurchasePriceMessage)\n","operationId":"updatePurchasePrice","parameters":[{"name":"MerchantId","in":"path","description":"Merchant ID","required":true,"style":"simple","explode":false,"schema":{"type":"integer"}},{"name":"id","in":"path","description":"Purchase price Id","required":true,"style":"simple","explode":false,"schema":{"type":"integer"}}],"requestBody":{"content":{"application/json":{"schema":{"$ref":"#/components/schemas/PurchasePrice"}}}},"responses":{"200":{"description":"Purchase price updated","content":{"application/json":{"schema":{"$ref":"#/components/schemas/PurchasePrice"}}}},"400":{"description":"Invalid input data","content":{"application/json":{"schema":{"$ref":"#/components/schemas/ErrorResponse"}}}},"404":{"description":"Purchase price not found"}}},"delete":{"summary":"Delete existing purchase price","description":"Delete existing purchase price\n\nFire events\n* PurchasePrice.Deleted (PurchasePriceMessage)\n","operationId":"deletePurchasePrice","parameters":[{"name":"MerchantId","in":"path","description":"Merchant ID","required":true,"style":"simple","explode":false,"schema":{"type":"integer"}},{"name":"id","in":"path","description":"Purchase price Id","required":true,"style":"simple","explode":false,"schema":{"type":"integer"}}],"responses":{"200":{"description":"Purchase price deleted, return deleted purchase price","content":{"application/json":{"schema":{"$ref":"#/components/schemas/PurchasePrice"}}}},"404":{"description":"Purchase price not found"}}},"patch":{"summary":"Partial update of existing purchase price","description":"Partial update of existing purchase price\n\nFire events\n* PurchasePrice.Updated (PurchasePriceMessage)\n","operationId":"partialUpdatePurchasePrice","parameters":[{"name":"MerchantId","in":"path","description":"Merchant ID","required":true,"style":"simple","explode":false,"schema":{"type":"integer"}},{"name":"id","in":"path","description":"Purchase price Id","required":true,"style":"simple","explode":false,"schema":{"type":"integer"}}],"requestBody":{"content":{"application/json":{"schema":{"$ref":"#/components/schemas/PurchasePrice"}}}},"responses":{"200":{"description":"Purchase price updated","content":{"application/json":{"schema":{"$ref":"#/components/schemas/PurchasePrice"}}}},"400":{"description":"Invalid input data","content":{"application/json":{"schema":{"$ref":"#/components/schemas/ErrorResponse"}}}},"404":{"description":"Purchase price not found"}}}},"/health":{"get":{"summary":"Health check","operationId":"getHealthCheckResult","responses":{"default":{"description":"Operation executes service health check and returns the result","content":{"application/json":{"schema":{"$ref":"#/components/schemas/HealthCheckResult"}}}}}}},"/healthself":{"get":{"summary":"Self health check. Without services on which this depends on","operationId":"getSelfHealthCheckResult","responses":{"default":{"description":"Self health check. Without services on which this depends on","content":{"application/json":{"schema":{"$ref":"#/components/schemas/HealthCheckResult"}}}}}}}},"components":{"schemas":{"Margin":{"type":"object","properties":{"Id":{"type":"integer","description":"Margin Id.","format":"int32","nullable":false},"LocationId":{"type":"integer","description":"Location Id. If not specified, the price is not bound to a location.","format":"int32","nullable":true},"MeasurementUnitId":{"type":"integer","description":"Measure unit Id.","format":"int32","nullable":true},"Value":{"type":"number","description":"Value of margin.","format":"decimal","nullable":true},"ProductId":{"type":"integer","description":"Product Id.","format":"int32","nullable":false},"ValidFrom":{"type":"string","description":"Date and time from which the margin should be valid.","format":"date-time","nullable":true}},"description":"Margin for products."},"MarginMessage":{"type":"object","properties":{"Margin":{"$ref":"#/components/schemas/Margin"}},"description":"Message data for margin message.","allOf":[{"$ref":"#/components/schemas/MessageBase"}]},"MessageBase":{"type":"object","properties":{"MerchantId":{"type":"integer","description":"Merchant id.","format":"int32","nullable":false},"Targets":{"$ref":"#/components/schemas/MessageTargets"},"AuthToken":{"type":"string","description":"Token used in request, which generates the event.","nullable":true},"Published":{"type":"string","description":"Date time when the event was published.","format":"date-time","nullable":true},"MessageId":{"type":"string","description":"Message id for better identification.","nullable":true}},"description":"Class of base event message properties."},"MessageTargets":{"type":"object","properties":{"Locations":{"type":"array","description":"List of message target locations.","nullable":true,"items":{"type":"integer","format":"int32","nullable":false}},"Devices":{"type":"array","description":"List of message target devices.","nullable":true,"items":{"type":"integer","format":"int32","nullable":false}}},"description":"Class of message target locations."},"PurchasePrice":{"type":"object","properties":{"Id":{"type":"integer","description":"Purchase price Id.","format":"int32","nullable":false},"LocationId":{"type":"integer","description":"Location Id. If not specified, the price is not bound to a location.","format":"int32","nullable":true},"MeasurementUnitId":{"type":"integer","description":"Measure unit Id.","format":"int32","nullable":true},"Value":{"type":"number","description":"Purchase price excluding VAT.","format":"decimal","nullable":true},"ProductId":{"type":"integer","description":"Product Id.","format":"int32","nullable":false},"ValidFrom":{"type":"string","description":"Date and time from which the price should be valid.","format":"date-time","nullable":true}},"description":"Purchase price for products."},"PurchasePriceMessage":{"type":"object","properties":{"PurchasePrice":{"$ref":"#/components/schemas/PurchasePrice"}},"description":"Message data for purchase price message.","allOf":[{"$ref":"#/components/schemas/MessageBase"}]},"SellPrice":{"type":"object","properties":{"Id":{"type":"integer","description":"Sell price Id.","format":"int32","nullable":false},"LocationId":{"type":"integer","description":"Location Id. If not specified, the price is not bound to a location.","format":"int32","nullable":true},"MeasurementUnitId":{"type":"integer","description":"Measure unit Id.","format":"int32","nullable":true},"SalesPrice":{"type":"number","description":"Sell price including VAT.","format":"decimal","nullable":true},"ProductId":{"type":"integer","description":"Product Id.","format":"int32","nullable":false},"ValidFrom":{"type":"string","description":"Date and time from which the price should be valid.","format":"date-time","nullable":true}},"description":"Sell priced for products."},"SellPriceMessage":{"type":"object","properties":{"SellPrice":{"$ref":"#/components/schemas/SellPrice"}},"description":"Message data for sell price message.","allOf":[{"$ref":"#/components/schemas/MessageBase"}]},"ErrorResponse":{"type":"object","properties":{"Message":{"type":"string","description":"Description of the error","nullable":true},"ValidationErrors":{"type":"array","description":"List of the validation errors","nullable":true,"items":{"$ref":"#/components/schemas/ValidationError"}}},"description":"Error response"},"ValidationError":{"type":"object","properties":{"ErrorCode":{"$ref":"#/components/schemas/ValidationErrorCodes"},"ErrorMessage":{"type":"string","description":"Error message.","nullable":true},"FieldId":{"type":"string","description":"Field Id.","nullable":true},"FieldValue":{"type":"string","description":"Field value.","nullable":true}},"description":"Class of validation error."},"ValidationErrorCodes":{"type":"string","description":"Validation error codes.","enum":["UnexpectedError","NotFound","InconsistentData","OperationNotAllowed","Duplicate"],"x-ms-enum":{"name":"ValidationErrorCodes"}},"HealthCheckResult":{"required":["status","version"],"type":"object","properties":{"status":{"$ref":"#/components/schemas/HealthCheckResultStatus"},"version":{"type":"string","description":"Version"},"dbHealth":{"minItems":0,"type":"array","items":{"$ref":"#/components/schemas/DatabaseHealthCheckResult"}}}},"HealthCheckResultStatus":{"type":"string","description":"# Health status\n* Healthy - Everything is fine\n* Degraded - Something is wrong but still working and functionality is provided\n* Unhealthy - Malfunction. Functionality is not provided\n","enum":["Healthy","Degraded","Unhealthy"]},"DatabaseHealthCheckResult":{"required":["connectionString","status"],"type":"object","properties":{"status":{"$ref":"#/components/schemas/HealthCheckResultStatus"},"connectionString":{"type":"string","description":"Connection string. May not containt sensitive data"},"connectionStringName":{"type":"string","description":"Connection string name if available"},"version":{"type":"string","description":"Database version"}},"description":"Database health result\n"}},"parameters":{"MerchantId":{"name":"MerchantId","in":"path","description":"Merchant ID","required":true,"style":"simple","explode":false,"schema":{"type":"integer"}}}}}