{"openapi":"3.0.0","info":{"title":"Swagger IOT Core","description":"iot core","version":"1.0.0"},"servers":[{"url":"https://virtserver.swaggerhub.com/Dexatek-Technology/Dexatek_IoT_Core/1.0.0","description":"SwaggerHub API Auto Mocking"},{"url":"https://petstore.swagger.io/v2"},{"url":"https://iot-api-qa.jci-hitachi-smarthome.com"}],"security":[{"bearerAuth":[]}],"tags":[{"name":"User","description":"basic user operation(e.g. signup, login, remove ...etc)"},{"name":"Device","description":"basic iot thing operation(e.g add, remove, list, update iot things)"},{"name":"Aggregation","description":"Aggregate raw data"},{"name":"Job","description":"Schedule/Advance Jobs"},{"name":"HistoryEvent","description":"History Event Query"},{"name":"Transition","description":"Transition for CASA user"},{"name":"Region","description":"Device region"},{"name":"Group","description":"Device group"},{"name":"Internal","description":"Tools for admin user"}],"paths":{"/GetHistoryEventByUser":{"post":{"tags":["HistoryEvent"],"parameters":[{"name":"Authorization","in":"header","required":true,"style":"simple","explode":false,"schema":{"type":"string","format":"idToken"},"example":"Bearer {CognitoUserIdToken}"},{"name":"Content-Type","in":"header","required":false,"style":"simple","explode":false,"schema":{"type":"string","format":"string"},"example":"application/json"}],"requestBody":{"description":"parameter \"DeviceType\" is optional","content":{"application/json":{"schema":{"properties":{"TimeStart":{"type":"number","description":"starting timestamp (utc)","example":1612345678},"TimeEnd":{"type":"number","description":"ending timestamp (utc)","example":1612365678},"PaginationKey":{"type":"string","description":"(Optional)this is for dynamodb pagination key, provide if exists. For more info, please visit http://wiki.dexatek.com/index.php?title=IoT_Core_API_Flow","example":"abcs1234_4321abc"}}}}}},"responses":{"200":{"description":"OK - successful operation","content":{"application/json":{"schema":{"properties":{"status":{"$ref":"#/components/schemas/GenericStatusObject"},"results":{"type":"object","properties":{"PaginationKey":{"type":"string","description":"this is for dynamodb pagination key, will provide if exits, for more info please visit http://wiki.dexatek.com/index.php?title=IoT_Core_API_Flow","example":"abcs1234_4321abc"},"Datas":{"type":"array","items":{"type":"object","properties":{"Timestamp":{"type":"integer"},"ThingName":{"type":"string","example":"CognitoIdentityId_DecimalMACAddress"},"Condition":{"type":"string"},"Switch":{"type":"integer","example":1}}}}}}}}}}},"400":{"description":"Bad Request - Server cannot or will not process the request due to something that is perceived to be a client error (e.g., malformed request syntax, invalid request message framing, or deceptive request routing)"},"401":{"description":"Unauthorized - Missing or bad authentication"},"403":{"description":"Forbidden - User is authenticated but isn't authorized to perform the requested operation on the given resource"},"500":{"description":"Internal Server Error - An unexpected condition was encountered and no more specific message is suitable"},"503":{"description":"Service Unavailable - Server cannot handle the request (because it is overloaded or down for maintenance)"},"504":{"description":"Gateway Timeout - The server was acting as a gateway or proxy and did not receive a timely response from the upstream server"}}}},"/InitialDeviceMeter":{"post":{"tags":["DemoBoardMeters"],"parameters":[{"name":"Authorization","in":"header","required":true,"style":"simple","explode":false,"schema":{"type":"string","format":"idToken"},"example":"Bearer {CognitoUserIdToken}"},{"name":"Content-Type","in":"header","required":false,"style":"simple","explode":false,"schema":{"type":"string","format":"string"},"example":"application/json"}],"requestBody":{"content":{"application/json":{"schema":{"properties":{"ThingName":{"type":"string"}}}}}},"responses":{"200":{"description":"OK - successful operation","content":{"application/json":{"schema":{"properties":{"status":{"$ref":"#/components/schemas/GenericStatusObject"},"results":{"type":"object"}}}}}},"400":{"description":"Bad Request - Server cannot or will not process the request due to something that is perceived to be a client error (e.g., malformed request syntax, invalid request message framing, or deceptive request routing)"},"401":{"description":"Unauthorized - Missing or bad authentication"},"403":{"description":"Forbidden - User is authenticated but isn't authorized to perform the requested operation on the given resource"},"500":{"description":"Internal Server Error - An unexpected condition was encountered and no more specific message is suitable"},"503":{"description":"Service Unavailable - Server cannot handle the request (because it is overloaded or down for maintenance)"},"504":{"description":"Gateway Timeout - The server was acting as a gateway or proxy and did not receive a timely response from the upstream server"}}}},"/GetUserAllDeviceMeter":{"post":{"tags":["DemoBoardMeters"],"parameters":[{"name":"Authorization","in":"header","required":true,"style":"simple","explode":false,"schema":{"type":"string","format":"idToken"},"example":"Bearer {CognitoUserIdToken}"},{"name":"Content-Type","in":"header","required":false,"style":"simple","explode":false,"schema":{"type":"string","format":"string"},"example":"application/json"}],"responses":{"200":{"description":"OK - successful operation","content":{"application/json":{"schema":{"properties":{"status":{"$ref":"#/components/schemas/GenericStatusObject"},"results":{"type":"object","properties":{"DeviceQuotaList":{"type":"array","items":{"$ref":"#/components/schemas/DeviceMeterObject"}}}}}}}}},"400":{"description":"Bad Request - Server cannot or will not process the request due to something that is perceived to be a client error (e.g., malformed request syntax, invalid request message framing, or deceptive request routing)"},"401":{"description":"Unauthorized - Missing or bad authentication"},"403":{"description":"Forbidden - User is authenticated but isn't authorized to perform the requested operation on the given resource"},"500":{"description":"Internal Server Error - An unexpected condition was encountered and no more specific message is suitable"},"503":{"description":"Service Unavailable - Server cannot handle the request (because it is overloaded or down for maintenance)"},"504":{"description":"Gateway Timeout - The server was acting as a gateway or proxy and did not receive a timely response from the upstream server"}}}},"/GetDeviceMeter":{"post":{"tags":["DemoBoardMeters"],"parameters":[{"name":"Authorization","in":"header","required":true,"style":"simple","explode":false,"schema":{"type":"string","format":"idToken"},"example":"Bearer {CognitoUserIdToken}"},{"name":"Content-Type","in":"header","required":false,"style":"simple","explode":false,"schema":{"type":"string","format":"string"},"example":"application/json"}],"requestBody":{"content":{"application/json":{"schema":{"properties":{"ThingName":{"type":"string"}}}}}},"responses":{"200":{"description":"OK - successful operation","content":{"application/json":{"schema":{"properties":{"status":{"$ref":"#/components/schemas/GenericStatusObject"},"results":{"$ref":"#/components/schemas/DeviceMeterObject"}}}}}},"400":{"description":"Bad Request - Server cannot or will not process the request due to something that is perceived to be a client error (e.g., malformed request syntax, invalid request message framing, or deceptive request routing)"},"401":{"description":"Unauthorized - Missing or bad authentication"},"403":{"description":"Forbidden - User is authenticated but isn't authorized to perform the requested operation on the given resource"},"500":{"description":"Internal Server Error - An unexpected condition was encountered and no more specific message is suitable"},"503":{"description":"Service Unavailable - Server cannot handle the request (because it is overloaded or down for maintenance)"},"504":{"description":"Gateway Timeout - The server was acting as a gateway or proxy and did not receive a timely response from the upstream server"}}}},"/GetHistoryEventByThingName":{"post":{"tags":["HistoryEvent"],"parameters":[{"name":"Authorization","in":"header","required":true,"style":"simple","explode":false,"schema":{"type":"string","format":"idToken"},"example":"Bearer {CognitoUserIdToken}"},{"name":"Content-Type","in":"header","required":false,"style":"simple","explode":false,"schema":{"type":"string","format":"string"},"example":"application/json"}],"requestBody":{"description":"parameter \"DeviceType\" is optional","content":{"application/json":{"schema":{"properties":{"TimeStart":{"type":"number","description":"starting timestamp (utc)","example":1612345678},"TimeEnd":{"type":"number","description":"ending timestamp (utc)","example":1612365678},"ThingName":{"type":"string","example":"CognitoIdentityId_DecimalMACAddress"},"PaginationKey":{"type":"string","description":"(Optional)this is for dynamodb pagination key, provide if exists. For more info, please visit http://wiki.dexatek.com/index.php?title=IoT_Core_API_Flow","example":"abcs1234_4321abc"}}}}}},"responses":{"200":{"description":"OK - successful operation","content":{"application/json":{"schema":{"properties":{"status":{"$ref":"#/components/schemas/GenericStatusObject"},"results":{"type":"object","properties":{"PaginationKey":{"type":"string","description":"this is for dynamodb pagination key, will provide if exits, for more info please visit http://wiki.dexatek.com/index.php?title=IoT_Core_API_Flow","example":"abcs1234_4321abc"},"Datas":{"type":"array","items":{"type":"object","properties":{"Timestamp":{"type":"integer"},"ThingName":{"type":"string","example":"CognitoIdentityId_DecimalMACAddress"},"Condition":{"type":"string"},"Switch":{"type":"integer","example":1}}}}}}}}}}},"400":{"description":"Bad Request - Server cannot or will not process the request due to something that is perceived to be a client error (e.g., malformed request syntax, invalid request message framing, or deceptive request routing)"},"401":{"description":"Unauthorized - Missing or bad authentication"},"403":{"description":"Forbidden - User is authenticated but isn't authorized to perform the requested operation on the given resource"},"500":{"description":"Internal Server Error - An unexpected condition was encountered and no more specific message is suitable"},"503":{"description":"Service Unavailable - Server cannot handle the request (because it is overloaded or down for maintenance)"},"504":{"description":"Gateway Timeout - The server was acting as a gateway or proxy and did not receive a timely response from the upstream server"}}}},"/InitializeUser":{"post":{"tags":["User"],"parameters":[{"name":"Authorization","in":"header","required":true,"style":"simple","explode":false,"schema":{"type":"string","format":"idToken"},"example":"Bearer {CognitoUserIdToken}"},{"name":"AccessToken","in":"header","required":true,"style":"simple","explode":false,"schema":{"type":"string","format":"accessToken"},"example":"Bearer {AccessToken}"}],"responses":{"200":{"description":"OK - successful operation","content":{"application/json":{"schema":{"properties":{"status":{"$ref":"#/components/schemas/GenericStatusObject"},"results":{"type":"object"}}}}}},"400":{"description":"Bad Request - Server cannot or will not process the request due to something that is perceived to be a client error (e.g., malformed request syntax, invalid request message framing, or deceptive request routing)"},"401":{"description":"Unauthorized - Missing or bad authentication"},"403":{"description":"Forbidden - User is authenticated but isn't authorized to perform the requested operation on the given resource"},"500":{"description":"Internal Server Error - An unexpected condition was encountered and no more specific message is suitable"},"503":{"description":"Service Unavailable - Server cannot handle the request (because it is overloaded or down for maintenance)"},"504":{"description":"Gateway Timeout - The server was acting as a gateway or proxy and did not receive a timely response from the upstream server"}}}},"/DeleteUser":{"post":{"tags":["User"],"operationId":"delete_user","parameters":[{"name":"Authorization","in":"header","required":true,"style":"simple","explode":false,"schema":{"type":"string","format":"idToken"},"example":"Bearer {CognitoUserIdToken}"},{"name":"AccessToken","in":"header","required":true,"style":"simple","explode":false,"schema":{"type":"string","format":"accessToken"},"example":"Bearer {AccessToken}"}],"responses":{"200":{"description":"OK - successful operation","content":{"application/json":{"schema":{"properties":{"status":{"$ref":"#/components/schemas/GenericStatusObject"},"User":{"type":"string","example":"CognitoIdentityId"},"DeletedThingName":{"type":"array","example":["CognitoIdentityId_DecimalMACAddress"],"items":{"type":"string"}}}}}}},"400":{"description":"Bad Request - Server cannot or will not process the request due to something that is perceived to be a client error (e.g., malformed request syntax, invalid request message framing, or deceptive request routing)"},"401":{"description":"Unauthorized - Missing or bad authentication"},"403":{"description":"Forbidden - User is authenticated but isn't authorized to perform the requested operation on the given resource"},"500":{"description":"Internal Server Error - An unexpected condition was encountered and no more specific message is suitable"},"503":{"description":"Service Unavailable - Server cannot handle the request (because it is overloaded or down for maintenance)"},"504":{"description":"Gateway Timeout - The server was acting as a gateway or proxy and did not receive a timely response from the upstream server"}}}},"/AddSubUser":{"post":{"tags":["User"],"operationId":"addSubUser","parameters":[{"name":"Authorization","in":"header","required":true,"style":"simple","explode":false,"schema":{"type":"string","format":"idToken"},"example":"Bearer {CognitoUserIdToken}"},{"name":"AccessToken","in":"header","required":true,"style":"simple","explode":false,"schema":{"type":"string","format":"accessToken"},"example":"Bearer {AccessToken}"},{"name":"Content-Type","in":"header","required":false,"style":"simple","explode":false,"schema":{"type":"string","format":"string"},"example":"application/json"}],"requestBody":{"$ref":"#/components/requestBodies/EmailArray"},"responses":{"200":{"description":"OK - successful operation","content":{"application/json":{"schema":{"properties":{"status":{"$ref":"#/components/schemas/GenericStatusObject"},"results":{"type":"object"}}}}}},"400":{"description":"Bad Request - Server cannot or will not process the request due to something that is perceived to be a client error (e.g., malformed request syntax, invalid request message framing, or deceptive request routing)"},"401":{"description":"Unauthorized - Missing or bad authentication"},"403":{"description":"Forbidden - User is authenticated but isn't authorized to perform the requested operation on the given resource"},"500":{"description":"Internal Server Error - An unexpected condition was encountered and no more specific message is suitable"},"503":{"description":"Service Unavailable - Server cannot handle the request (because it is overloaded or down for maintenance)"},"504":{"description":"Gateway Timeout - The server was acting as a gateway or proxy and did not receive a timely response from the upstream server"}}}},"/AddSubUserQrCodeMode":{"post":{"tags":["User"],"operationId":"addSubUserQrCodeMode","parameters":[{"name":"Authorization","in":"header","required":true,"style":"simple","explode":false,"schema":{"type":"string","format":"idToken"},"example":"Bearer {CognitoUserIdToken}"},{"name":"Content-Type","in":"header","required":false,"style":"simple","explode":false,"schema":{"type":"string","format":"string"},"example":"application/json"}],"responses":{"200":{"description":"OK - successful operation","content":{"application/json":{"schema":{"properties":{"status":{"$ref":"#/components/schemas/GenericStatusObject"},"results":{"type":"object","properties":{"InviteCode":{"type":"string"},"ExpiredInSecond":{"type":"integer"}}}}}}}},"400":{"description":"Bad Request - Server cannot or will not process the request due to something that is perceived to be a client error (e.g., malformed request syntax, invalid request message framing, or deceptive request routing)"},"401":{"description":"Unauthorized - Missing or bad authentication"},"403":{"description":"Forbidden - User is authenticated but isn't authorized to perform the requested operation on the given resource"},"500":{"description":"Internal Server Error - An unexpected condition was encountered and no more specific message is suitable"},"503":{"description":"Service Unavailable - Server cannot handle the request (because it is overloaded or down for maintenance)"},"504":{"description":"Gateway Timeout - The server was acting as a gateway or proxy and did not receive a timely response from the upstream server"}}}},"/ConfirmSubUser":{"get":{"tags":["User"],"parameters":[{"name":"hostIdentityId","in":"query","required":false,"style":"form","explode":true,"schema":{"type":"string","example":"CognitoIdentityId"}},{"name":"SecurityCode","in":"query","required":false,"style":"form","explode":true,"schema":{"type":"string"}},{"name":"type","in":"query","required":false,"style":"form","explode":true,"schema":{"type":"string"}},{"name":"token","in":"query","description":"if this value is not provided, will redirect to login web page","required":false,"style":"form","explode":true,"schema":{"type":"string","example":"Sub User CognitoIdentity Id token"}},{"name":"accessToken","in":"query","required":false,"style":"form","explode":true,"schema":{"type":"string","example":"host user access token"}}],"responses":{"200":{"description":"OK - redirect to a static html saying the successfully added"},"400":{"description":"Bad Request - Server cannot or will not process the request due to something that is perceived to be a client error (e.g., malformed request syntax, invalid request message framing, or deceptive request routing)"},"401":{"description":"Unauthorized - Missing or bad authentication"},"403":{"description":"Forbidden - User is authenticated but isn't authorized to perform the requested operation on the given resource"},"500":{"description":"Internal Server Error - An unexpected condition was encountered and no more specific message is suitable"},"503":{"description":"Service Unavailable - Server cannot handle the request (because it is overloaded or down for maintenance)"},"504":{"description":"Gateway Timeout - The server was acting as a gateway or proxy and did not receive a timely response from the upstream server"}}}},"/ConfirmSubUserQrCodeMode":{"post":{"tags":["User"],"requestBody":{"content":{"application/json":{"schema":{"properties":{"InviteCode":{"type":"string"}}}}}},"responses":{"200":{"description":"OK - successful operation","content":{"application/json":{"schema":{"properties":{"status":{"$ref":"#/components/schemas/GenericStatusObject"},"results":{"type":"object"}}}}}},"400":{"description":"Bad Request - Server cannot or will not process the request due to something that is perceived to be a client error (e.g., malformed request syntax, invalid request message framing, or deceptive request routing)"},"401":{"description":"Unauthorized - Missing or bad authentication"},"403":{"description":"Forbidden - User is authenticated but isn't authorized to perform the requested operation on the given resource"},"500":{"description":"Internal Server Error - An unexpected condition was encountered and no more specific message is suitable"},"503":{"description":"Service Unavailable - Server cannot handle the request (because it is overloaded or down for maintenance)"},"504":{"description":"Gateway Timeout - The server was acting as a gateway or proxy and did not receive a timely response from the upstream server"}}}},"/ListSubUser":{"post":{"tags":["User"],"parameters":[{"name":"Authorization","in":"header","required":true,"style":"simple","explode":false,"schema":{"type":"string","format":"idToken"},"example":"Bearer {CognitoUserIdToken}"}],"responses":{"200":{"description":"OK - successful operation, we allow user to register account with its username or email, the response body will only show either \"username\" or \"email\", base on the methed that user choose during registration","content":{"application/json":{"schema":{"properties":{"status":{"$ref":"#/components/schemas/GenericStatusObject"},"results":{"properties":{"FamilyMemberList":{"type":"array","items":{"$ref":"#/components/schemas/FamilyUserObject"}}}}}}}}},"400":{"description":"Bad Request - Server cannot or will not process the request due to something that is perceived to be a client error (e.g., malformed request syntax, invalid request message framing, or deceptive request routing)"},"401":{"description":"Unauthorized - Missing or bad authentication"},"403":{"description":"Forbidden - User is authenticated but isn't authorized to perform the requested operation on the given resource"},"500":{"description":"Internal Server Error - An unexpected condition was encountered and no more specific message is suitable"},"503":{"description":"Service Unavailable - Server cannot handle the request (because it is overloaded or down for maintenance)"},"504":{"description":"Gateway Timeout - The server was acting as a gateway or proxy and did not receive a timely response from the upstream server"}}}},"/AddDevice":{"post":{"tags":["Device"],"parameters":[{"name":"Authorization","in":"header","required":true,"style":"simple","explode":false,"schema":{"type":"string","format":"idToken"},"example":"Bearer {CognitoUserIdToken}"},{"name":"AccessToken","in":"header","required":true,"style":"simple","explode":false,"schema":{"type":"string","format":"accessToken"},"example":"Bearer {AccessToken}"},{"name":"Content-Type","in":"header","required":false,"style":"simple","explode":false,"schema":{"type":"string","format":"string"},"example":"application/json"}],"requestBody":{"$ref":"#/components/requestBodies/AddDevice"},"responses":{"200":{"description":"OK - successful operation","content":{"application/json":{"schema":{"properties":{"status":{"$ref":"#/components/schemas/GenericStatusObject"},"results":{"type":"object","properties":{"ThingName":{"type":"string","example":"CognitoIdentityId_DecimalMACAddress"},"CustomDeviceName":{"type":"string","example":"my light"},"FirmwareId":{"type":"string","example":"1"},"DeviceType":{"type":"string","example":"1"},"OTP":{"type":"string","example":"ZUhJTlRrd09EY3dNVFkz"}}}}}}}},"400":{"description":"Bad Request - Server cannot or will not process the request due to something that is perceived to be a client error (e.g., malformed request syntax, invalid request message framing, or deceptive request routing)"},"401":{"description":"Unauthorized - Missing or bad authentication"},"403":{"description":"Forbidden - User is authenticated but isn't authorized to perform the requested operation on the given resource"},"500":{"description":"Internal Server Error - An unexpected condition was encountered and no more specific message is suitable"},"503":{"description":"Service Unavailable - Server cannot handle the request (because it is overloaded or down for maintenance)"},"504":{"description":"Gateway Timeout - The server was acting as a gateway or proxy and did not receive a timely response from the upstream server"}}}},"/GenerateCerts":{"post":{"tags":["Device"],"parameters":[{"name":"Authorization","in":"header","required":true,"style":"simple","explode":false,"schema":{"type":"string","format":"idToken"},"example":"Bearer {DexatekOTP}"},{"name":"Content-Type","in":"header","required":false,"style":"simple","explode":false,"schema":{"type":"string","format":"string"},"example":"application/json"}],"requestBody":{"$ref":"#/components/requestBodies/GeneraterCerts"},"responses":{"200":{"description":"OK - successful operation","content":{"application/json":{"schema":{"properties":{"status":{"$ref":"#/components/schemas/GenericStatusObject"},"results":{"type":"object","properties":{"ThingName":{"type":"string","example":"CognitoIdentityId_DecimalMACAddress"},"CertificatePem":{"type":"string","example":"certificate pem text"},"PrivateKey":{"type":"string","example":"private key text"},"RootCA":{"type":"string","example":"root ca text"},"DeviceType":{"type":"string","example":"1"},"Crc":{"type":"integer","example":21661}}}}}}}},"400":{"description":"Bad Request - Server cannot or will not process the request due to something that is perceived to be a client error (e.g., malformed request syntax, invalid request message framing, or deceptive request routing)"},"401":{"description":"Unauthorized - Missing or bad authentication"},"403":{"description":"Forbidden - User is authenticated but isn't authorized to perform the requested operation on the given resource"},"500":{"description":"Internal Server Error - An unexpected condition was encountered and no more specific message is suitable"},"503":{"description":"Service Unavailable - Server cannot handle the request (because it is overloaded or down for maintenance)"},"504":{"description":"Gateway Timeout - The server was acting as a gateway or proxy and did not receive a timely response from the upstream server"}}}},"/UpdateDeviceInfo":{"post":{"tags":["Device"],"parameters":[{"name":"Authorization","in":"header","required":true,"style":"simple","explode":false,"schema":{"type":"string","format":"idToken"},"example":"Bearer {CognitoUserIdToken}"},{"name":"Content-Type","in":"header","required":false,"style":"simple","explode":false,"schema":{"type":"string","format":"string"},"example":"application/json"}],"requestBody":{"$ref":"#/components/requestBodies/UpdateDeviceInfo"},"responses":{"200":{"description":"OK - successful operation","content":{"application/json":{"schema":{"properties":{"status":{"$ref":"#/components/schemas/GenericStatusObject"},"results":{"$ref":"#/components/schemas/ThingObeject"}}}}}},"400":{"description":"Bad Request - Server cannot or will not process the request due to something that is perceived to be a client error (e.g., malformed request syntax, invalid request message framing, or deceptive request routing)"},"401":{"description":"Unauthorized - Missing or bad authentication"},"403":{"description":"Forbidden - User is authenticated but isn't authorized to perform the requested operation on the given resource"},"500":{"description":"Internal Server Error - An unexpected condition was encountered and no more specific message is suitable"},"503":{"description":"Service Unavailable - Server cannot handle the request (because it is overloaded or down for maintenance)"},"504":{"description":"Gateway Timeout - The server was acting as a gateway or proxy and did not receive a timely response from the upstream server"}}}},"/GetAllDevice":{"post":{"tags":["Device"],"parameters":[{"name":"Authorization","in":"header","required":true,"style":"simple","explode":false,"schema":{"type":"string","format":"idToken"},"example":"Bearer {CognitoUserIdToken}"}],"responses":{"200":{"description":"OK - successful operation","content":{"application/json":{"schema":{"properties":{"status":{"$ref":"#/components/schemas/GenericStatusObject"},"results":{"type":"object","properties":{"Things":{"type":"array","items":{"$ref":"#/components/schemas/ThingObeject"}}}}}}}}},"400":{"description":"Bad Request - Server cannot or will not process the request due to something that is perceived to be a client error (e.g., malformed request syntax, invalid request message framing, or deceptive request routing)"},"401":{"description":"Unauthorized - Missing or bad authentication"},"403":{"description":"Forbidden - User is authenticated but isn't authorized to perform the requested operation on the given resource"},"500":{"description":"Internal Server Error - An unexpected condition was encountered and no more specific message is suitable"},"503":{"description":"Service Unavailable - Server cannot handle the request (because it is overloaded or down for maintenance)"},"504":{"description":"Gateway Timeout - The server was acting as a gateway or proxy and did not receive a timely response from the upstream server"}}}},"/RemoveSubUser":{"post":{"tags":["User"],"parameters":[{"name":"Authorization","in":"header","required":true,"style":"simple","explode":false,"schema":{"type":"string","format":"idToken"},"example":"Bearer {CognitoUserIdToken}"},{"name":"AccessToken","in":"header","required":true,"style":"simple","explode":false,"schema":{"type":"string","format":"accessToken"},"example":"Bearer {AccessToken}"},{"name":"Content-Type","in":"header","required":false,"style":"simple","explode":false,"schema":{"type":"string","format":"string"},"example":"application/json"}],"requestBody":{"content":{"application/json":{"schema":{"properties":{"subUserId":{"type":"string","example":"CognitoIdentityId"}}}}}},"responses":{"200":{"description":"OK - successful operation","content":{"application/json":{"schema":{"type":"object","properties":{"status":{"$ref":"#/components/schemas/GenericStatusObject"},"results":{"type":"object","properties":{"FamilyMemberList":{"type":"array","items":{"type":"string","example":"subuser_cognito_identity_id"}}}}}}}}},"400":{"description":"Bad Request - Server cannot or will not process the request due to something that is perceived to be a client error (e.g., malformed request syntax, invalid request message framing, or deceptive request routing)"},"401":{"description":"Unauthorized - Missing or bad authentication"},"403":{"description":"Forbidden - User is authenticated but isn't authorized to perform the requested operation on the given resource"},"500":{"description":"Internal Server Error - An unexpected condition was encountered and no more specific message is suitable"},"503":{"description":"Service Unavailable - Server cannot handle the request (because it is overloaded or down for maintenance)"},"504":{"description":"Gateway Timeout - The server was acting as a gateway or proxy and did not receive a timely response from the upstream server"}}}},"/RemoveSubUserBySubUser":{"post":{"tags":["User"],"parameters":[{"name":"Authorization","in":"header","required":true,"style":"simple","explode":false,"schema":{"type":"string","format":"idToken"},"example":"Bearer {CognitoUserIdToken}"},{"name":"AccessToken","in":"header","required":true,"style":"simple","explode":false,"schema":{"type":"string","format":"accessToken"},"example":"Bearer {AccessToken}"},{"name":"Content-Type","in":"header","required":false,"style":"simple","explode":false,"schema":{"type":"string","format":"string"},"example":"application/json"}],"responses":{"200":{"description":"OK - successful operation","content":{"application/json":{"schema":{"type":"object","properties":{"status":{"$ref":"#/components/schemas/GenericStatusObject"},"results":{"type":"object","properties":{"FamilyMemberList":{"type":"array","items":{"type":"string","example":"subuser_cognito_identity_id"}}}}}}}}},"400":{"description":"Bad Request - Server cannot or will not process the request due to something that is perceived to be a client error (e.g., malformed request syntax, invalid request message framing, or deceptive request routing)"},"401":{"description":"Unauthorized - Missing or bad authentication"},"403":{"description":"Forbidden - User is authenticated but isn't authorized to perform the requested operation on the given resource"},"500":{"description":"Internal Server Error - An unexpected condition was encountered and no more specific message is suitable"},"503":{"description":"Service Unavailable - Server cannot handle the request (because it is overloaded or down for maintenance)"},"504":{"description":"Gateway Timeout - The server was acting as a gateway or proxy and did not receive a timely response from the upstream server"}}}},"/MobileDeviceSetting":{"post":{"tags":["User"],"description":"For mobile device setup for push notification, includes a register, config ENABLE, DISABLE, REMOVE, If the DeviceToken has changed you need to call this API again.","parameters":[{"name":"Authorization","in":"header","required":true,"style":"simple","explode":false,"schema":{"type":"string","format":"idToken"},"example":"Bearer {CognitoUserIdToken}"},{"name":"AccessToken","in":"header","required":true,"style":"simple","explode":false,"schema":{"type":"string","format":"accessToken"},"example":"Bearer {AccessToken}"},{"name":"Content-Type","in":"header","required":false,"style":"simple","explode":false,"schema":{"type":"string","format":"string"},"example":"application/json"}],"requestBody":{"content":{"application/json":{"schema":{"required":["DeviceToken","DeviceType","Status"],"properties":{"DeviceType":{"type":"string","example":"IOS","enum":["ANDROID","IOS","IOS_SANDBOX"]},"DeviceToken":{"type":"string","example":"a0ed499f3d17055ce4edd0674a78c3980140e5e64658ab7894b1015901d57079"},"Status":{"type":"string","example":"ENABLE","default":"ENABLE","enum":["ENABLE","DISABLE","REMOVE"]},"AppVersion":{"maxLength":100,"type":"string"},"DeviceModel":{"maxLength":250,"type":"string"}}}}}},"responses":{"200":{"description":"OK - successful operation","content":{"application/json":{"schema":{"type":"object","properties":{"status":{"$ref":"#/components/schemas/GenericStatusObject"}}}}}},"400":{"description":"Bad Request - Server cannot or will not process the request due to something that is perceived to be a client error (e.g., malformed request syntax, invalid request message framing, or deceptive request routing)"},"401":{"description":"Unauthorized - Missing or bad authentication"},"403":{"description":"Forbidden - User is authenticated but isn't authorized to perform the requested operation on the given resource"},"500":{"description":"Internal Server Error - An unexpected condition was encountered and no more specific message is suitable"},"503":{"description":"Service Unavailable - Server cannot handle the request (because it is overloaded or down for maintenance)"},"504":{"description":"Gateway Timeout - The server was acting as a gateway or proxy and did not receive a timely response from the upstream server"}}}},"/GetAppLogUploadUrl":{"post":{"tags":["User"],"description":"Get pre signed URL to upload APP logs. When you got the URL use the **PUT** method to upload it.<br />Accepted file Content-Type: **application/vnd.ms-exce**l<br />Upload url will expire in 86400 seconds","parameters":[{"name":"Authorization","in":"header","required":true,"style":"simple","explode":false,"schema":{"type":"string","format":"idToken"},"example":"Bearer {CognitoUserIdToken}"},{"name":"Content-Type","in":"header","required":false,"style":"simple","explode":false,"schema":{"type":"string","format":"string"},"example":"application/json"}],"requestBody":{"content":{"application/json":{"schema":{"required":["NumberOfUploadedFiles"],"properties":{"NumberOfUploadedFiles":{"maximum":5E+1,"type":"integer","example":20}}}}}},"responses":{"200":{"description":"OK - successful operation","content":{"application/json":{"schema":{"type":"object","properties":{"status":{"$ref":"#/components/schemas/GenericStatusObject"},"results":{"type":"array","items":{"type":"string"}}}}}}},"400":{"description":"Bad Request - Server cannot or will not process the request due to something that is perceived to be a client error (e.g., malformed request syntax, invalid request message framing, or deceptive request routing)"},"401":{"description":"Unauthorized - Missing or bad authentication"},"403":{"description":"Forbidden - User is authenticated but isn't authorized to perform the requested operation on the given resource"},"500":{"description":"Internal Server Error - An unexpected condition was encountered and no more specific message is suitable"},"503":{"description":"Service Unavailable - Server cannot handle the request (because it is overloaded or down for maintenance)"},"504":{"description":"Gateway Timeout - The server was acting as a gateway or proxy and did not receive a timely response from the upstream server"}}}},"/RemoveDevice":{"post":{"tags":["Device"],"parameters":[{"name":"Authorization","in":"header","required":true,"style":"simple","explode":false,"schema":{"type":"string","format":"idToken"},"example":"Bearer {CognitoUserIdToken}"},{"name":"Content-Type","in":"header","required":false,"style":"simple","explode":false,"schema":{"type":"string","format":"string"},"example":"application/json"}],"requestBody":{"content":{"application/json":{"schema":{"properties":{"ThingName":{"type":"string","example":"CognitoIdentityId_DecimalMAC"}}}}}},"responses":{"200":{"description":"OK - successful operation","content":{"application/json":{"schema":{"type":"object","properties":{"status":{"$ref":"#/components/schemas/GenericStatusObject"},"results":{"type":"object","properties":{"ThingName":{"type":"string","example":"CognitoIdentityId_DecimalMAC"}}}}}}}},"400":{"description":"Bad Request - Server cannot or will not process the request due to something that is perceived to be a client error (e.g., malformed request syntax, invalid request message framing, or deceptive request routing)"},"401":{"description":"Unauthorized - Missing or bad authentication"},"403":{"description":"Forbidden - User is authenticated but isn't authorized to perform the requested operation on the given resource"},"500":{"description":"Internal Server Error - An unexpected condition was encountered and no more specific message is suitable"},"503":{"description":"Service Unavailable - Server cannot handle the request (because it is overloaded or down for maintenance)"},"504":{"description":"Gateway Timeout - The server was acting as a gateway or proxy and did not receive a timely response from the upstream server"}}}},"/DeviceExists":{"post":{"tags":["Device"],"parameters":[{"name":"x-api-key","in":"header","required":true,"style":"simple","explode":false,"schema":{"type":"string","format":"api key"},"example":"sjfdkh28sifhid8937e"},{"name":"Content-Type","in":"header","required":false,"style":"simple","explode":false,"schema":{"type":"string","format":"string"},"example":"application/json"}],"requestBody":{"content":{"application/json":{"schema":{"properties":{"ThingName":{"type":"string","example":"CognitoIdentityId_DecimalMAC"}}}}}},"responses":{"200":{"description":"OK - successful operation","content":{"application/json":{"schema":{"type":"object","properties":{"status":{"$ref":"#/components/schemas/GenericStatusObject"}}}}}},"400":{"description":"Bad Request - Server cannot or will not process the request due to something that is perceived to be a client error (e.g., malformed request syntax, invalid request message framing, or deceptive request routing)"},"401":{"description":"Unauthorized - Missing or bad authentication"},"403":{"description":"Forbidden - User is authenticated but isn't authorized to perform the requested operation on the given resource"},"500":{"description":"Internal Server Error - An unexpected condition was encountered and no more specific message is suitable"},"503":{"description":"Service Unavailable - Server cannot handle the request (because it is overloaded or down for maintenance)"},"504":{"description":"Gateway Timeout - The server was acting as a gateway or proxy and did not receive a timely response from the upstream server"}}}},"/GetThingAggregationRawData":{"post":{"tags":["Aggregation"],"parameters":[{"name":"Authorization","in":"header","required":true,"style":"simple","explode":false,"schema":{"type":"string","format":"idToken"},"example":"Bearer {CognitoUserIdToken}"},{"name":"Content-Type","in":"header","required":false,"style":"simple","explode":false,"schema":{"type":"string","format":"string"},"example":"application/json"}],"requestBody":{"description":"must either provide \"DeviceId\" or \"DataType\"","content":{"application/json":{"schema":{"properties":{"TimeStart":{"type":"number","description":"starting timestamp (utc)","example":1612345678},"TimeEnd":{"type":"number","description":"ending timestamp (utc)","example":1687654321},"ThingName":{"type":"string","description":"optional","example":"CognitoUserIdentityId_PMACAddress"}}}}}},"responses":{"200":{"description":"OK - successful operation","content":{"application/json":{"schema":{"type":"object","properties":{"status":{"$ref":"#/components/schemas/GenericStatusObject"},"results":{"type":"object","properties":{"Data":{"type":"array","items":{"type":"object","properties":{"ThingName":{"type":"string","example":"CognitoUserIdentityId_PMACAddress"},"Timestamp":{"type":"number","example":1612748706},"PowerConsumption":{"type":"number","example":1E+1}}}}}}}}}}},"400":{"description":"Bad Request - Server cannot or will not process the request due to something that is perceived to be a client error (e.g., malformed request syntax, invalid request message framing, or deceptive request routing)"},"401":{"description":"Unauthorized - Missing or bad authentication"},"403":{"description":"Forbidden - User is authenticated but isn't authorized to perform the requested operation on the given resource"},"500":{"description":"Internal Server Error - An unexpected condition was encountered and no more specific message is suitable"},"503":{"description":"Service Unavailable - Server cannot handle the request (because it is overloaded or down for maintenance)"},"504":{"description":"Gateway Timeout - The server was acting as a gateway or proxy and did not receive a timely response from the upstream server"}}}},"/GetAvailableAggregationDailyData":{"post":{"tags":["Aggregation"],"parameters":[{"name":"Authorization","in":"header","required":true,"style":"simple","explode":false,"schema":{"type":"string","format":"idToken"},"example":"Bearer {CognitoUserIdToken}"},{"name":"Content-Type","in":"header","required":false,"style":"simple","explode":false,"schema":{"type":"string","format":"string"},"example":"application/json"}],"requestBody":{"description":"must either provide \"DeviceId\" or \"DataType\"","content":{"application/json":{"schema":{"properties":{"PaginationKey":{"type":"string","description":"this is for dynamodb pagination key, provide if exists. For more info, please visit http://wiki.dexatek.com/index.php?title=IoT_Core_API_Flow","example":"abcs1234_4321abc"},"TimeStart":{"type":"number","description":"starting timestamp  (utc)","example":1612345678},"TimeEnd":{"type":"number","description":"ending timestamp  (utc)","example":1687654321},"ThingName":{"type":"string","example":"CognitoUserIdentityId_PMACAddress"}}}}}},"responses":{"200":{"description":"OK - successful operation","content":{"application/json":{"schema":{"type":"object","properties":{"status":{"$ref":"#/components/schemas/GenericStatusObject"},"results":{"type":"object","properties":{"paginationKey":{"type":"string","description":"this is for dynamodb pagination key, will provide if exits, for more info please visit http://wiki.dexatek.com/index.php?title=IoT_Core_API_Flow","example":"abcs1234_4321abc"},"Data":{"type":"array","items":{"type":"object","properties":{"ThingName":{"type":"string","example":"CognitoUserIdentityId_PMACAddress"},"Timestamp":{"type":"number","example":1612748706},"PowerConsumption":{"type":"number","example":1E+1},"PowerConsumption_Avg":{"type":"number","example":1E+1},"PowerConsumption_Min":{"type":"number","example":1E+1},"PowerConsumption_Max":{"type":"number","example":1E+1},"PowerConsumption_Sum":{"type":"number","example":1E+2},"PowerConsumption_Count":{"type":"number","example":1E+1}}}}}}}}}}},"400":{"description":"Bad Request - Server cannot or will not process the request due to something that is perceived to be a client error (e.g., malformed request syntax, invalid request message framing, or deceptive request routing)"},"401":{"description":"Unauthorized - Missing or bad authentication"},"403":{"description":"Forbidden - User is authenticated but isn't authorized to perform the requested operation on the given resource"},"500":{"description":"Internal Server Error - An unexpected condition was encountered and no more specific message is suitable"},"503":{"description":"Service Unavailable - Server cannot handle the request (because it is overloaded or down for maintenance)"},"504":{"description":"Gateway Timeout - The server was acting as a gateway or proxy and did not receive a timely response from the upstream server"}}}},"/GetAvailableAggregationMonthlyData":{"post":{"tags":["Aggregation"],"parameters":[{"name":"Authorization","in":"header","required":true,"style":"simple","explode":false,"schema":{"type":"string","format":"idToken"},"example":"Bearer {CognitoUserIdToken}"},{"name":"Content-Type","in":"header","required":false,"style":"simple","explode":false,"schema":{"type":"string","format":"string"},"example":"application/json"}],"requestBody":{"content":{"application/json":{"schema":{"properties":{"TimeStart":{"type":"number","description":"starting timestamp (utc)","example":1612345678},"TimeEnd":{"type":"number","description":"ending timestamp (utc)","example":1687654321},"ThingName":{"type":"string","description":"optional","example":"CognitoUserIdentityId_PMACAddress"}}}}}},"responses":{"200":{"description":"OK - successful operation","content":{"application/json":{"schema":{"type":"object","properties":{"status":{"$ref":"#/components/schemas/GenericStatusObject"},"results":{"type":"object","properties":{"Data":{"type":"array","items":{"type":"object","properties":{"ThingName":{"type":"string","example":"CognitoUserIdentityId_PMACAddress"},"Timestamp":{"type":"number","example":1612748706},"PowerConsumption":{"type":"number","example":1E+1},"PowerConsumption_Avg":{"type":"number","example":1E+1},"PowerConsumption_Min":{"type":"number","example":1E+1},"PowerConsumption_Max":{"type":"number","example":1E+1},"PowerConsumption_Sum":{"type":"number","example":1E+2},"PowerConsumption_Count":{"type":"number","example":1E+1}}}}}}}}}}},"400":{"description":"Bad Request - Server cannot or will not process the request due to something that is perceived to be a client error (e.g., malformed request syntax, invalid request message framing, or deceptive request routing)"},"401":{"description":"Unauthorized - Missing or bad authentication"},"403":{"description":"Forbidden - User is authenticated but isn't authorized to perform the requested operation on the given resource"},"500":{"description":"Internal Server Error - An unexpected condition was encountered and no more specific message is suitable"},"503":{"description":"Service Unavailable - Server cannot handle the request (because it is overloaded or down for maintenance)"},"504":{"description":"Gateway Timeout - The server was acting as a gateway or proxy and did not receive a timely response from the upstream server"}}}},"/TransitionAddDevice":{"post":{"tags":["Transition"],"parameters":[{"name":"Authorization","in":"header","required":true,"style":"simple","explode":false,"schema":{"type":"string","format":"idToken"},"example":"Bearer {CASAServerCognitoUserIdToken}"},{"name":"Content-Type","in":"header","required":false,"style":"simple","explode":false,"schema":{"type":"string","format":"string"},"example":"application/json"}],"requestBody":{"$ref":"#/components/requestBodies/TransitionAddDevice"},"responses":{"200":{"description":"OK - successful operation","content":{"application/json":{"schema":{"properties":{"status":{"$ref":"#/components/schemas/GenericStatusObject"},"results":{"type":"object","properties":{"ThingName":{"type":"string","example":"CognitoIdentityId_DecimalMACAddress"},"CertificatePem":{"type":"string","example":"certificate pem text"},"PrivateKey":{"type":"string","example":"private key text"},"RootCA":{"type":"string","example":"root ca text"},"DeviceType":{"type":"string","example":"1"},"Crc":{"type":"integer","example":21661}}}}}}}},"400":{"description":"Bad Request - Server cannot or will not process the request due to something that is perceived to be a client error (e.g., malformed request syntax, invalid request message framing, or deceptive request routing)"},"401":{"description":"Unauthorized - Missing or bad authentication"},"403":{"description":"Forbidden - User is authenticated but isn't authorized to perform the requested operation on the given resource"},"500":{"description":"Internal Server Error - An unexpected condition was encountered and no more specific message is suitable"},"503":{"description":"Service Unavailable - Server cannot handle the request (because it is overloaded or down for maintenance)"},"504":{"description":"Gateway Timeout - The server was acting as a gateway or proxy and did not receive a timely response from the upstream server"}}}},"/TransitionRemoveDevice":{"post":{"tags":["Transition"],"parameters":[{"name":"Authorization","in":"header","required":true,"style":"simple","explode":false,"schema":{"type":"string","format":"idToken"},"example":"Bearer {CASAServerCognitoUserIdToken}"},{"name":"Content-Type","in":"header","required":false,"style":"simple","explode":false,"schema":{"type":"string","format":"string"},"example":"application/json"}],"requestBody":{"content":{"application/json":{"schema":{"properties":{"ThingName":{"type":"string","example":"CognitoIdentityId_DecimalMAC"}}}}}},"responses":{"200":{"description":"OK - successful operation","content":{"application/json":{"schema":{"type":"object","properties":{"status":{"$ref":"#/components/schemas/GenericStatusObject"},"results":{"type":"object","properties":{"ThingName":{"type":"string","example":"CognitoIdentityId_DecimalMAC"}}}}}}}},"400":{"description":"Bad Request - Server cannot or will not process the request due to something that is perceived to be a client error (e.g., malformed request syntax, invalid request message framing, or deceptive request routing)"},"401":{"description":"Unauthorized - Missing or bad authentication"},"403":{"description":"Forbidden - User is authenticated but isn't authorized to perform the requested operation on the given resource"},"500":{"description":"Internal Server Error - An unexpected condition was encountered and no more specific message is suitable"},"503":{"description":"Service Unavailable - Server cannot handle the request (because it is overloaded or down for maintenance)"},"504":{"description":"Gateway Timeout - The server was acting as a gateway or proxy and did not receive a timely response from the upstream server"}}}},"/TransitionAddScheduleJob":{"post":{"tags":["Transition"],"parameters":[{"name":"Authorization","in":"header","required":true,"style":"simple","explode":false,"schema":{"type":"string","format":"idToken"},"example":"Bearer {CASAServerCognitoUserIdToken}"},{"name":"Content-Type","in":"header","required":false,"style":"simple","explode":false,"schema":{"type":"string","format":"string"},"example":"application/json"}],"requestBody":{"$ref":"#/components/requestBodies/TransitionAddScheduleJob"},"responses":{"200":{"description":"OK - successful operation","content":{"application/json":{"schema":{"properties":{"status":{"$ref":"#/components/schemas/GenericStatusObject"},"results":{"$ref":"#/components/schemas/TransitionAddScheduleJobResponse"}}}}}},"400":{"description":"Bad Request - Server cannot or will not process the request due to something that is perceived to be a client error (e.g., malformed request syntax, invalid request message framing, or deceptive request routing)"},"401":{"description":"Unauthorized - Missing or bad authentication"},"403":{"description":"Forbidden - User is authenticated but isn't authorized to perform the requested operation on the given resource"},"500":{"description":"Internal Server Error - An unexpected condition was encountered and no more specific message is suitable"},"503":{"description":"Service Unavailable - Server cannot handle the request (because it is overloaded or down for maintenance)"},"504":{"description":"Gateway Timeout - The server was acting as a gateway or proxy and did not receive a timely response from the upstream server"}}}},"/TransitionGetScheduleJob":{"post":{"tags":["Transition"],"parameters":[{"name":"Authorization","in":"header","required":true,"style":"simple","explode":false,"schema":{"type":"string","format":"idToken"},"example":"Bearer {CASAServerCognitoUserIdToken}"},{"name":"Content-Type","in":"header","required":false,"style":"simple","explode":false,"schema":{"type":"string","format":"string"},"example":"application/json"}],"requestBody":{"$ref":"#/components/requestBodies/TransitionGetScheduleJob"},"responses":{"200":{"description":"OK - successful operation","content":{"application/json":{"schema":{"properties":{"status":{"$ref":"#/components/schemas/GenericStatusObject"},"results":{"$ref":"#/components/schemas/TransitionGetScheduleJobResponse"}}}}}},"400":{"description":"Bad Request - Server cannot or will not process the request due to something that is perceived to be a client error (e.g., malformed request syntax, invalid request message framing, or deceptive request routing)"},"401":{"description":"Unauthorized - Missing or bad authentication"},"403":{"description":"Forbidden - User is authenticated but isn't authorized to perform the requested operation on the given resource"},"500":{"description":"Internal Server Error - An unexpected condition was encountered and no more specific message is suitable"},"503":{"description":"Service Unavailable - Server cannot handle the request (because it is overloaded or down for maintenance)"},"504":{"description":"Gateway Timeout - The server was acting as a gateway or proxy and did not receive a timely response from the upstream server"}}}},"/SetUserPassword":{"post":{"tags":["Transition"],"parameters":[{"name":"Authorization","in":"header","required":true,"style":"simple","explode":false,"schema":{"type":"string","format":"idToken"},"example":"Bearer {CASAServerCognitoUserIdToken}"},{"name":"Content-Type","in":"header","required":false,"style":"simple","explode":false,"schema":{"type":"string","format":"string"},"example":"application/json"}],"requestBody":{"$ref":"#/components/requestBodies/TransitionSetUserPassword"},"responses":{"200":{"description":"OK - successful operation","content":{"application/json":{"schema":{"type":"object","properties":{"status":{"$ref":"#/components/schemas/GenericStatusObject"}}}}}},"400":{"description":"Bad Request - Server cannot or will not process the request due to something that is perceived to be a client error (e.g., malformed request syntax, invalid request message framing, or deceptive request routing)"},"401":{"description":"Unauthorized - Missing or bad authentication"},"403":{"description":"Forbidden - User is authenticated but isn't authorized to perform the requested operation on the given resource"},"500":{"description":"Internal Server Error - An unexpected condition was encountered and no more specific message is suitable"},"503":{"description":"Service Unavailable - Server cannot handle the request (because it is overloaded or down for maintenance)"},"504":{"description":"Gateway Timeout - The server was acting as a gateway or proxy and did not receive a timely response from the upstream server"}}}},"/PublishMQTT":{"post":{"tags":["Transition"],"parameters":[{"name":"Authorization","in":"header","required":true,"style":"simple","explode":false,"schema":{"type":"string","format":"idToken"},"example":"Bearer {CASAServerCognitoUserIdToken}"},{"name":"Content-Type","in":"header","required":false,"style":"simple","explode":false,"schema":{"type":"string","format":"string"},"example":"application/json"}],"requestBody":{"$ref":"#/components/requestBodies/TransitionPublishMQTT"},"responses":{"200":{"description":"OK - successful operation","content":{"application/json":{"schema":{"type":"object","properties":{"status":{"$ref":"#/components/schemas/GenericStatusObject"}}}}}},"400":{"description":"Bad Request - Server cannot or will not process the request due to something that is perceived to be a client error (e.g., malformed request syntax, invalid request message framing, or deceptive request routing)"},"401":{"description":"Unauthorized - Missing or bad authentication"},"403":{"description":"Forbidden - User is authenticated but isn't authorized to perform the requested operation on the given resource"},"500":{"description":"Internal Server Error - An unexpected condition was encountered and no more specific message is suitable"},"503":{"description":"Service Unavailable - Server cannot handle the request (because it is overloaded or down for maintenance)"},"504":{"description":"Gateway Timeout - The server was acting as a gateway or proxy and did not receive a timely response from the upstream server"}}}},"/CreateRegion":{"post":{"tags":["Region"],"parameters":[{"name":"Authorization","in":"header","required":true,"style":"simple","explode":false,"schema":{"type":"string","format":"idToken"},"example":"Bearer {CognitoUserIdToken}"},{"name":"Content-Type","in":"header","required":false,"style":"simple","explode":false,"schema":{"type":"string","format":"string"},"example":"application/json"}],"requestBody":{"content":{"application/json":{"schema":{"properties":{"RegionName":{"type":"string","example":"Taipei 101"},"GeoLoc":{"type":"object","properties":{"Latitude":{"type":"string","example":"25.033964"},"Longitude":{"type":"string","example":"121.564468"}}},"ThingNames":{"type":"array","example":["CognitoIdentityId_DecimalMAC"],"items":{"type":"string"}}}}}}},"responses":{"200":{"description":"OK - successful operation","content":{"application/json":{"schema":{"type":"object","properties":{"status":{"$ref":"#/components/schemas/GenericStatusObject"},"results":{"type":"object","properties":{"RegionId":{"type":"string","example":"bd65600d-8669-4903-8a14-af88203add38"},"RegionTimeZone":{"type":"string","example":"Europe/Berlin"}}}}}}}},"400":{"description":"Bad Request - Server cannot or will not process the request due to something that is perceived to be a client error (e.g., malformed request syntax, invalid request message framing, or deceptive request routing)"},"401":{"description":"Unauthorized - Missing or bad authentication"},"403":{"description":"Forbidden - User is authenticated but isn't authorized to perform the requested operation on the given resource"},"500":{"description":"Internal Server Error - An unexpected condition was encountered and no more specific message is suitable"},"503":{"description":"Service Unavailable - Server cannot handle the request (because it is overloaded or down for maintenance)"},"504":{"description":"Gateway Timeout - The server was acting as a gateway or proxy and did not receive a timely response from the upstream server"}}}},"/EditRegionInfo":{"post":{"tags":["Region"],"parameters":[{"name":"Authorization","in":"header","required":true,"style":"simple","explode":false,"schema":{"type":"string","format":"idToken"},"example":"Bearer {CognitoUserIdToken}"},{"name":"Content-Type","in":"header","required":false,"style":"simple","explode":false,"schema":{"type":"string","format":"string"},"example":"application/json"}],"requestBody":{"description":"Partial update","content":{"application/json":{"schema":{"properties":{"RegionId":{"type":"string","example":"bd65600d-8669-4903-8a14-af88203add38"},"RegionName":{"type":"string","example":"Taipei 101"},"GeoLoc":{"type":"object","properties":{"Latitude":{"type":"string","example":"25.033964"},"Longitude":{"type":"string","example":"121.564468"}}}}}}},"required":true},"responses":{"200":{"description":"OK - successful operation","content":{"application/json":{"schema":{"type":"object","properties":{"status":{"$ref":"#/components/schemas/GenericStatusObject"},"results":{"type":"object","properties":{"RegionTimeZone":{"type":"string","example":"Europe/Berlin"}}}}}}}},"400":{"description":"Bad Request - Server cannot or will not process the request due to something that is perceived to be a client error (e.g., malformed request syntax, invalid request message framing, or deceptive request routing)"},"401":{"description":"Unauthorized - Missing or bad authentication"},"403":{"description":"Forbidden - User is authenticated but isn't authorized to perform the requested operation on the given resource"},"500":{"description":"Internal Server Error - An unexpected condition was encountered and no more specific message is suitable"},"503":{"description":"Service Unavailable - Server cannot handle the request (because it is overloaded or down for maintenance)"},"504":{"description":"Gateway Timeout - The server was acting as a gateway or proxy and did not receive a timely response from the upstream server"}}}},"/AddDeviceToRegion":{"post":{"tags":["Region"],"parameters":[{"name":"Authorization","in":"header","required":true,"style":"simple","explode":false,"schema":{"type":"string","format":"idToken"},"example":"Bearer {CognitoUserIdToken}"},{"name":"Content-Type","in":"header","required":false,"style":"simple","explode":false,"schema":{"type":"string","format":"string"},"example":"application/json"}],"requestBody":{"content":{"application/json":{"schema":{"properties":{"RegionId":{"type":"string","example":"bd65600d-8669-4903-8a14-af88203add38"},"ThingNames":{"type":"array","example":["CognitoIdentityId_DecimalMAC"],"items":{"type":"string"}}}}}}},"responses":{"200":{"description":"OK - successful operation","content":{"application/json":{"schema":{"type":"object","properties":{"status":{"$ref":"#/components/schemas/GenericStatusObject"}}}}}},"400":{"description":"Bad Request - Server cannot or will not process the request due to something that is perceived to be a client error (e.g., malformed request syntax, invalid request message framing, or deceptive request routing)"},"401":{"description":"Unauthorized - Missing or bad authentication"},"403":{"description":"Forbidden - User is authenticated but isn't authorized to perform the requested operation on the given resource"},"500":{"description":"Internal Server Error - An unexpected condition was encountered and no more specific message is suitable"},"503":{"description":"Service Unavailable - Server cannot handle the request (because it is overloaded or down for maintenance)"},"504":{"description":"Gateway Timeout - The server was acting as a gateway or proxy and did not receive a timely response from the upstream server"}}}},"/RemoveDeviceFromRegion":{"post":{"tags":["Region"],"parameters":[{"name":"Authorization","in":"header","required":true,"style":"simple","explode":false,"schema":{"type":"string","format":"idToken"},"example":"Bearer {CognitoUserIdToken}"},{"name":"Content-Type","in":"header","required":false,"style":"simple","explode":false,"schema":{"type":"string","format":"string"},"example":"application/json"}],"requestBody":{"content":{"application/json":{"schema":{"properties":{"RegionId":{"type":"string","example":"bd65600d-8669-4903-8a14-af88203add38"},"ThingNames":{"type":"array","example":["CognitoIdentityId_DecimalMAC"],"items":{"type":"string"}}}}}}},"responses":{"200":{"description":"OK - successful operation","content":{"application/json":{"schema":{"type":"object","properties":{"status":{"$ref":"#/components/schemas/GenericStatusObject"}}}}}},"400":{"description":"Bad Request - Server cannot or will not process the request due to something that is perceived to be a client error (e.g., malformed request syntax, invalid request message framing, or deceptive request routing)"},"401":{"description":"Unauthorized - Missing or bad authentication"},"403":{"description":"Forbidden - User is authenticated but isn't authorized to perform the requested operation on the given resource"},"500":{"description":"Internal Server Error - An unexpected condition was encountered and no more specific message is suitable"},"503":{"description":"Service Unavailable - Server cannot handle the request (because it is overloaded or down for maintenance)"},"504":{"description":"Gateway Timeout - The server was acting as a gateway or proxy and did not receive a timely response from the upstream server"}}}},"/GetAllRegion":{"post":{"tags":["Region"],"parameters":[{"name":"Authorization","in":"header","required":true,"style":"simple","explode":false,"schema":{"type":"string","format":"idToken"},"example":"Bearer {CognitoUserIdToken}"},{"name":"Content-Type","in":"header","required":false,"style":"simple","explode":false,"schema":{"type":"string","format":"string"},"example":"application/json"}],"responses":{"200":{"description":"OK - successful operation","content":{"application/json":{"schema":{"type":"object","properties":{"status":{"$ref":"#/components/schemas/GenericStatusObject"},"results":{"type":"array","items":{"$ref":"#/components/schemas/RegionObject"}}}}}}},"400":{"description":"Bad Request - Server cannot or will not process the request due to something that is perceived to be a client error (e.g., malformed request syntax, invalid request message framing, or deceptive request routing)"},"401":{"description":"Unauthorized - Missing or bad authentication"},"403":{"description":"Forbidden - User is authenticated but isn't authorized to perform the requested operation on the given resource"},"500":{"description":"Internal Server Error - An unexpected condition was encountered and no more specific message is suitable"},"503":{"description":"Service Unavailable - Server cannot handle the request (because it is overloaded or down for maintenance)"},"504":{"description":"Gateway Timeout - The server was acting as a gateway or proxy and did not receive a timely response from the upstream server"}}}},"/RemoveRegion":{"post":{"tags":["Region"],"parameters":[{"name":"Authorization","in":"header","required":true,"style":"simple","explode":false,"schema":{"type":"string","format":"idToken"},"example":"Bearer {CognitoUserIdToken}"},{"name":"Content-Type","in":"header","required":false,"style":"simple","explode":false,"schema":{"type":"string","format":"string"},"example":"application/json"}],"requestBody":{"content":{"application/json":{"schema":{"properties":{"RegionIds":{"type":"array","example":["bd65600d-8669-4903-8a14-af88203add38"],"items":{"type":"string"}}}}}}},"responses":{"200":{"description":"OK - successful operation","content":{"application/json":{"schema":{"type":"object","properties":{"status":{"$ref":"#/components/schemas/GenericStatusObject"}}}}}},"400":{"description":"Bad Request - Server cannot or will not process the request due to something that is perceived to be a client error (e.g., malformed request syntax, invalid request message framing, or deceptive request routing)"},"401":{"description":"Unauthorized - Missing or bad authentication"},"403":{"description":"Forbidden - User is authenticated but isn't authorized to perform the requested operation on the given resource"},"500":{"description":"Internal Server Error - An unexpected condition was encountered and no more specific message is suitable"},"503":{"description":"Service Unavailable - Server cannot handle the request (because it is overloaded or down for maintenance)"},"504":{"description":"Gateway Timeout - The server was acting as a gateway or proxy and did not receive a timely response from the upstream server"}}}},"/CreateGroup":{"post":{"tags":["Group"],"parameters":[{"name":"Authorization","in":"header","required":true,"style":"simple","explode":false,"schema":{"type":"string","format":"idToken"},"example":"Bearer {CognitoUserIdToken}"},{"name":"Content-Type","in":"header","required":false,"style":"simple","explode":false,"schema":{"type":"string","format":"string"},"example":"application/json"}],"requestBody":{"content":{"application/json":{"schema":{"properties":{"GroupName":{"type":"string","example":"Home"},"ThingNames":{"type":"array","example":["CognitoIdentityId_DecimalMAC"],"items":{"type":"string"}}}}}}},"responses":{"200":{"description":"OK - successful operation","content":{"application/json":{"schema":{"type":"object","properties":{"status":{"$ref":"#/components/schemas/GenericStatusObject"},"results":{"type":"object","properties":{"GroupId":{"type":"string","example":"bd65600d-8669-4903-8a14-af88203add38"}}}}}}}},"400":{"description":"Bad Request - Server cannot or will not process the request due to something that is perceived to be a client error (e.g., malformed request syntax, invalid request message framing, or deceptive request routing)"},"401":{"description":"Unauthorized - Missing or bad authentication"},"403":{"description":"Forbidden - User is authenticated but isn't authorized to perform the requested operation on the given resource"},"500":{"description":"Internal Server Error - An unexpected condition was encountered and no more specific message is suitable"},"503":{"description":"Service Unavailable - Server cannot handle the request (because it is overloaded or down for maintenance)"},"504":{"description":"Gateway Timeout - The server was acting as a gateway or proxy and did not receive a timely response from the upstream server"}}}},"/EditGroupInfo":{"post":{"tags":["Group"],"parameters":[{"name":"Authorization","in":"header","required":true,"style":"simple","explode":false,"schema":{"type":"string","format":"idToken"},"example":"Bearer {CognitoUserIdToken}"},{"name":"Content-Type","in":"header","required":false,"style":"simple","explode":false,"schema":{"type":"string","format":"string"},"example":"application/json"}],"requestBody":{"description":"Partial update","content":{"application/json":{"schema":{"properties":{"GroupId":{"type":"string","example":"bd65600d-8669-4903-8a14-af88203add38"},"GroupName":{"type":"string","example":"Home"}}}}},"required":true},"responses":{"200":{"description":"OK - successful operation","content":{"application/json":{"schema":{"type":"object","properties":{"status":{"$ref":"#/components/schemas/GenericStatusObject"},"results":{"type":"object"}}}}}},"400":{"description":"Bad Request - Server cannot or will not process the request due to something that is perceived to be a client error (e.g., malformed request syntax, invalid request message framing, or deceptive request routing)"},"401":{"description":"Unauthorized - Missing or bad authentication"},"403":{"description":"Forbidden - User is authenticated but isn't authorized to perform the requested operation on the given resource"},"500":{"description":"Internal Server Error - An unexpected condition was encountered and no more specific message is suitable"},"503":{"description":"Service Unavailable - Server cannot handle the request (because it is overloaded or down for maintenance)"},"504":{"description":"Gateway Timeout - The server was acting as a gateway or proxy and did not receive a timely response from the upstream server"}}}},"/AddDeviceToGroup":{"post":{"tags":["Group"],"parameters":[{"name":"Authorization","in":"header","required":true,"style":"simple","explode":false,"schema":{"type":"string","format":"idToken"},"example":"Bearer {CognitoUserIdToken}"},{"name":"Content-Type","in":"header","required":false,"style":"simple","explode":false,"schema":{"type":"string","format":"string"},"example":"application/json"}],"requestBody":{"content":{"application/json":{"schema":{"properties":{"GroupId":{"type":"string","example":"bd65600d-8669-4903-8a14-af88203add38"},"ThingNames":{"type":"array","example":["CognitoIdentityId_DecimalMAC"],"items":{"type":"string"}}}}}}},"responses":{"200":{"description":"OK - successful operation","content":{"application/json":{"schema":{"type":"object","properties":{"status":{"$ref":"#/components/schemas/GenericStatusObject"}}}}}},"400":{"description":"Bad Request - Server cannot or will not process the request due to something that is perceived to be a client error (e.g., malformed request syntax, invalid request message framing, or deceptive request routing)"},"401":{"description":"Unauthorized - Missing or bad authentication"},"403":{"description":"Forbidden - User is authenticated but isn't authorized to perform the requested operation on the given resource"},"500":{"description":"Internal Server Error - An unexpected condition was encountered and no more specific message is suitable"},"503":{"description":"Service Unavailable - Server cannot handle the request (because it is overloaded or down for maintenance)"},"504":{"description":"Gateway Timeout - The server was acting as a gateway or proxy and did not receive a timely response from the upstream server"}}}},"/RemoveDeviceFromGroup":{"post":{"tags":["Group"],"parameters":[{"name":"Authorization","in":"header","required":true,"style":"simple","explode":false,"schema":{"type":"string","format":"idToken"},"example":"Bearer {CognitoUserIdToken}"},{"name":"Content-Type","in":"header","required":false,"style":"simple","explode":false,"schema":{"type":"string","format":"string"},"example":"application/json"}],"requestBody":{"content":{"application/json":{"schema":{"properties":{"GroupId":{"type":"string","example":"bd65600d-8669-4903-8a14-af88203add38"},"ThingNames":{"type":"array","example":["CognitoIdentityId_DecimalMAC"],"items":{"type":"string"}}}}}}},"responses":{"200":{"description":"OK - successful operation","content":{"application/json":{"schema":{"type":"object","properties":{"status":{"$ref":"#/components/schemas/GenericStatusObject"}}}}}},"400":{"description":"Bad Request - Server cannot or will not process the request due to something that is perceived to be a client error (e.g., malformed request syntax, invalid request message framing, or deceptive request routing)"},"401":{"description":"Unauthorized - Missing or bad authentication"},"403":{"description":"Forbidden - User is authenticated but isn't authorized to perform the requested operation on the given resource"},"500":{"description":"Internal Server Error - An unexpected condition was encountered and no more specific message is suitable"},"503":{"description":"Service Unavailable - Server cannot handle the request (because it is overloaded or down for maintenance)"},"504":{"description":"Gateway Timeout - The server was acting as a gateway or proxy and did not receive a timely response from the upstream server"}}}},"/GetAllGroup":{"post":{"tags":["Group"],"parameters":[{"name":"Authorization","in":"header","required":true,"style":"simple","explode":false,"schema":{"type":"string","format":"idToken"},"example":"Bearer {CognitoUserIdToken}"},{"name":"Content-Type","in":"header","required":false,"style":"simple","explode":false,"schema":{"type":"string","format":"string"},"example":"application/json"}],"responses":{"200":{"description":"OK - successful operation","content":{"application/json":{"schema":{"type":"object","properties":{"status":{"$ref":"#/components/schemas/GenericStatusObject"},"results":{"type":"array","items":{"$ref":"#/components/schemas/GroupObject"}}}}}}},"400":{"description":"Bad Request - Server cannot or will not process the request due to something that is perceived to be a client error (e.g., malformed request syntax, invalid request message framing, or deceptive request routing)"},"401":{"description":"Unauthorized - Missing or bad authentication"},"403":{"description":"Forbidden - User is authenticated but isn't authorized to perform the requested operation on the given resource"},"500":{"description":"Internal Server Error - An unexpected condition was encountered and no more specific message is suitable"},"503":{"description":"Service Unavailable - Server cannot handle the request (because it is overloaded or down for maintenance)"},"504":{"description":"Gateway Timeout - The server was acting as a gateway or proxy and did not receive a timely response from the upstream server"}}}},"/RemoveGroup":{"post":{"tags":["Group"],"parameters":[{"name":"Authorization","in":"header","required":true,"style":"simple","explode":false,"schema":{"type":"string","format":"idToken"},"example":"Bearer {CognitoUserIdToken}"},{"name":"Content-Type","in":"header","required":false,"style":"simple","explode":false,"schema":{"type":"string","format":"string"},"example":"application/json"}],"requestBody":{"content":{"application/json":{"schema":{"properties":{"GroupIds":{"type":"array","example":["bd65600d-8669-4903-8a14-af88203add38"],"items":{"type":"string"}}}}}}},"responses":{"200":{"description":"OK - successful operation","content":{"application/json":{"schema":{"type":"object","properties":{"status":{"$ref":"#/components/schemas/GenericStatusObject"}}}}}},"400":{"description":"Bad Request - Server cannot or will not process the request due to something that is perceived to be a client error (e.g., malformed request syntax, invalid request message framing, or deceptive request routing)"},"401":{"description":"Unauthorized - Missing or bad authentication"},"403":{"description":"Forbidden - User is authenticated but isn't authorized to perform the requested operation on the given resource"},"500":{"description":"Internal Server Error - An unexpected condition was encountered and no more specific message is suitable"},"503":{"description":"Service Unavailable - Server cannot handle the request (because it is overloaded or down for maintenance)"},"504":{"description":"Gateway Timeout - The server was acting as a gateway or proxy and did not receive a timely response from the upstream server"}}}},"/DebugSetting":{"post":{"tags":["Internal"],"parameters":[{"name":"Authorization","in":"header","required":true,"style":"simple","explode":false,"schema":{"type":"string","format":"idToken"},"example":"Bearer {CognitoAdminUserIdToken}"},{"name":"Content-Type","in":"header","required":false,"style":"simple","explode":false,"schema":{"type":"string","format":"string"},"example":"application/json"}],"requestBody":{"content":{"application/json":{"schema":{"properties":{"Email":{"type":"string","example":"abc@mail.com"},"QAMode":{"type":"boolean","example":true},"APIEndpoint":{"type":"string","example":"https://qa.com"},"Password":{"type":"string","example":"Aa123456789@"}}}}}},"responses":{"200":{"description":"OK - successful operation","content":{"application/json":{"schema":{"type":"object","properties":{"status":{"$ref":"#/components/schemas/GenericStatusObject"}}}}}},"400":{"description":"Bad Request - Server cannot or will not process the request due to something that is perceived to be a client error (e.g., malformed request syntax, invalid request message framing, or deceptive request routing)"},"401":{"description":"Unauthorized - Missing or bad authentication"},"403":{"description":"Forbidden - User is authenticated but isn't authorized to perform the requested operation on the given resource"},"500":{"description":"Internal Server Error - An unexpected condition was encountered and no more specific message is suitable"},"503":{"description":"Service Unavailable - Server cannot handle the request (because it is overloaded or down for maintenance)"},"504":{"description":"Gateway Timeout - The server was acting as a gateway or proxy and did not receive a timely response from the upstream server"}}}},"/SignUp(SDK)":{"put":{"tags":["User"],"responses":{"200":{"description":"https://boto3.amazonaws.com/v1/documentation/api/latest/reference/services/cognito-idp.html#CognitoIdentityProvider.Client.sign_up"}}}},"/Confirm(SDK)":{"put":{"tags":["User"],"responses":{"200":{"description":"https://boto3.amazonaws.com/v1/documentation/api/latest/reference/services/cognito-idp.html#CognitoIdentityProvider.Client.confirm_sign_up"}}}},"/SignIn(SDK)":{"put":{"tags":["User"],"responses":{"200":{"description":"https://boto3.amazonaws.com/v1/documentation/api/latest/reference/services/cognito-idp.html#CognitoIdentityProvider.Client.initiate_auth"}}}},"/ForgetPassword(SDK)":{"put":{"tags":["User"],"responses":{"200":{"description":"https://boto3.amazonaws.com/v1/documentation/api/latest/reference/services/cognito-idp.html#CognitoIdentityProvider.Client.forget_password"}}}},"/ResetPassword(SDK)":{"put":{"tags":["User"],"responses":{"200":{"description":"https://boto3.amazonaws.com/v1/documentation/api/latest/reference/services/cognito-idp.html#CognitoIdentityProvider.Client.change_password"}}}},"/UpdateUserInfo(SDK)":{"put":{"tags":["User"],"responses":{"200":{"description":"https://boto3.amazonaws.com/v1/documentation/api/latest/reference/services/cognito-idp.html#CognitoIdentityProvider.Client.update_user_attributes"}}}},"/RenewIdToken(SDK)":{"put":{"tags":["User"],"responses":{"200":{"description":"https://boto3.amazonaws.com/v1/documentation/api/latest/reference/services/cognito-idp.html#CognitoIdentityProvider.Client.initiate_auth"}}}},"/AddScheduleJob(SDK)":{"put":{"tags":["Job"],"responses":{"200":{"description":"https://boto3.amazonaws.com/v1/documentation/api/latest/reference/services/iot-data.html#IoTDataPlane.Client.update_thing_shadow"}}}},"/DeleteScheduleJob(SDK)":{"put":{"tags":["Job"],"responses":{"200":{"description":"https://boto3.amazonaws.com/v1/documentation/api/latest/reference/services/iot-data.html#IoTDataPlane.Client.delete_thing_shadow"}}}},"/ListScheduleJob(SDK)":{"put":{"tags":["Job"],"responses":{"200":{"description":"https://boto3.amazonaws.com/v1/documentation/api/latest/reference/services/iot-data.html#IoTDataPlane.Client.get_thing_shadow"}}}},"/UpdateSchedule(SDK)":{"put":{"tags":["Job"],"responses":{"200":{"description":"https://boto3.amazonaws.com/v1/documentation/api/latest/reference/services/iot-data.html#IoTDataPlane.Client.update_thing_shadow"}}}},"/AddAdvancedJob(SDK)":{"put":{"tags":["Job"],"responses":{"200":{"description":"https://boto3.amazonaws.com/v1/documentation/api/latest/reference/services/iot-data.html#IoTDataPlane.Client.update_thing_shadow"}}}},"/RemoveAdvancedJob(SDK)":{"put":{"tags":["Job"],"responses":{"200":{"description":"https://boto3.amazonaws.com/v1/documentation/api/latest/reference/services/iot-data.html#IoTDataPlane.Client.delete_thing_shadow"}}}},"/ListAdvancedJob(SDK)":{"put":{"tags":["Job"],"responses":{"200":{"description":"https://boto3.amazonaws.com/v1/documentation/api/latest/reference/services/iot-data.html#IoTDataPlane.Client.get_thing_shadow"}}}},"/UpdateAdvancedJob(SDK)":{"put":{"tags":["Job"],"responses":{"200":{"description":"https://boto3.amazonaws.com/v1/documentation/api/latest/reference/services/iot-data.html#IoTDataPlane.Client.update_thing_shadow"}}}}},"components":{"schemas":{"GenericStatusObject":{"type":"object","properties":{"code":{"$ref":"#/components/schemas/ErrorCode"},"error":{"type":"string"}}},"ErrorCode":{"type":"integer","description":"error code:\n  - `0` - SUCCESS\n  - `1` - MISSING_PARAMETER\n  - `2` - NOT_FOUND\n  - `3` - INVALID_PARAMETER\n  - `4` - UNAUTHORIZED_ACCESS\n  - `5` - EXPIRED\n  - `6` - UNEXPECTED_DATA_TYPE\n  - `7` - INVALID_PAGINATION_KEY\n  - `8` - INVALID_VALUE_RELATIONSHIP\n  - `9` - OUT_OF_RANGE\n  - `10` - INVALID_FORMAT\n  ###### internal server error code\n  - `500` - INTERNAL_SERVER_ERROR_CODE\n  ###### generic error code\n  - `1000` - GENERIC_ERROR_CODE\n"},"FamilyUserObject":{"type":"object","properties":{"userId":{"type":"string","example":"CognitoIdentityId"},"firstName":{"type":"string","example":"andy"},"lastName":{"type":"string","example":"tseng"},"isHost":{"type":"boolean","example":true},"email":{"type":"string","example":"andy.tseng@dexatek.com"}}},"RegionObject":{"type":"object","properties":{"RegionId":{"type":"string","example":"bd65600d-8669-4903-8a14-af88203add38"},"RegionName":{"type":"string","example":"Taipei 101"},"RegionTimeZone":{"type":"string","example":"Europe/Berlin"},"GeoLoc":{"type":"object","properties":{"Latitude":{"type":"string","example":"25.033964"},"Longitude":{"type":"string","example":"121.564468"}}},"ThingNames":{"type":"array","example":["CognitoIdentityId_DecimalMAC"],"items":{"type":"string"}}}},"GroupObject":{"type":"object","properties":{"GroupId":{"type":"string","example":"bd65600d-8669-4903-8a14-af88203add38"},"GroupName":{"type":"string","example":"Taipei 101"},"ThingNames":{"type":"array","example":["CognitoIdentityId_DecimalMAC"],"items":{"type":"string"}}}},"DeviceMeterObject":{"type":"object","properties":{"ThingName":{"type":"string","example":"CognitoIdentityId_DecimalMACAddress"},"BIEnable":{"type":"boolean"},"Exceed":{"type":"boolean"},"MQTTQuota":{"type":"integer"},"MQTTQuotaUsed":{"type":"integer"}}},"ThingObeject":{"type":"object","properties":{"ThingName":{"type":"string","example":"CognitoIdentityId_DecimalMACAddress"},"CustomDeviceName":{"type":"string","example":"my light"},"TimeZone":{"type":"string","example":"Europe/Berlin"},"GeoLoc":{"type":"object","properties":{"Latitude":{"type":"string","example":"25.033964"},"Longitude":{"type":"string","example":"121.564468"}}}}},"TransitionAddScheduleJobResponse":{"type":"object","properties":{"ConditionShadowName":{"type":"string","example":"conditions-22"},"ExecutionShadowName":{"type":"string","example":"executions-19"}}},"TransitionGetScheduleJobResponse":{"type":"object","properties":{"ConditionPayload":{"type":"object","properties":{"ScheduleOneShot":{"type":"object","properties":{"Timestamp":{"type":"integer"}}},"Schedule":{"type":"object","properties":{"Days":{"type":"array","example":[1,3,5,7],"items":{"type":"integer"}},"Time":{"type":"array","example":[23,59],"items":{"type":"integer"}},"ExecutionsIndex":{"type":"array","items":{"type":"integer"}}}}}},"ExecutionPayload":{"type":"array","items":{"properties":{"ThingName":{"type":"string","example":"ap-northeast-1:58226161-c053-4a69-ad00-d58dacb058c4_1619510460201"},"Control":{"type":"object","properties":{"Switch":{"type":"integer","example":1},"CleanSwitch":{"type":"integer","example":1}}},"Timestamp":{"type":"integer","example":0}}}}}}},"requestBodies":{"UpdateDeviceInfo":{"content":{"application/json":{"schema":{"required":["ThingName"],"properties":{"ThingName":{"type":"string","example":"CognitoIdentityId_DecimalMAC"},"CustomDeviceName":{"type":"string","example":"my light"},"GeoLoc":{"type":"object","properties":{"Latitude":{"type":"string","example":"25.033964"},"Longitude":{"type":"string","example":"121.564468"}}}}}}}},"AddDevice":{"content":{"application/json":{"schema":{"required":["DeviceName","DeviceType","FirmwareId","GeoLoc","MACAddress"],"properties":{"MACAddress":{"type":"string","example":"Decimal_MACAddress"},"DeviceName":{"type":"string","example":"UserCustomDeviceName"},"FirmwareId":{"type":"string","example":"1"},"DeviceType":{"type":"string","example":"1"},"GeoLoc":{"required":["Latitude","Longitude"],"type":"object","properties":{"Latitude":{"type":"string","example":"25.033964"},"Longitude":{"type":"string","example":"121.564468"}}}}}}}},"GeneraterCerts":{"content":{"application/json":{"schema":{"properties":{"MACAddress":{"type":"string","example":"Decimal_MACAddress"}}}}}},"TransitionAddDevice":{"content":{"application/json":{"schema":{"properties":{"CognitoID":{"type":"string","example":"ap-northeast-1:77e1be01-46e4-4614-99d2-2b5e1b562240"},"Email":{"type":"string","example":"abc@gmail.com"},"MACAddress":{"type":"string","example":"Decimal_MACAddress"},"DeviceName":{"type":"string","example":"UserCustomDeviceName"},"FirmwareId":{"type":"string","example":"1"},"DeviceType":{"type":"string","example":"1"},"GeoLoc":{"required":["Latitude","Longitude"],"type":"object","properties":{"Latitude":{"type":"string","example":"25.033964"},"Longitude":{"type":"string","example":"121.564468"}}}}}}}},"TransitionAddScheduleJob":{"content":{"application/json":{"schema":{"properties":{"ThingName":{"type":"string","example":"ap-northeast-1:77e1be01-46e4-4614-99d2-2b5e1b562240_123456789"},"ScheduleJobs":{"type":"array","items":{"required":["Condition","Executions"],"type":"object","properties":{"Condition":{"type":"object","properties":{"ScheduleOneShot":{"type":"object","properties":{"Timestamp":{"type":"integer"}}},"Schedule":{"type":"object","properties":{"Days":{"type":"array","example":[1,3,5,7],"items":{"type":"integer"}},"Time":{"type":"array","example":[23,59],"items":{"type":"integer"}}}}}},"Executions":{"type":"array","items":{"required":["Control","ThingName","Timestamp"],"type":"object","properties":{"ThingName":{"type":"string"},"Control":{"type":"object","properties":{"Switch":{"type":"integer"},"CleanSwitch":{"type":"integer"}}},"Timestamp":{"type":"integer"}}}}}}}}}}}},"TransitionGetScheduleJob":{"content":{"application/json":{"schema":{"properties":{"ThingName":{"type":"string","example":"ap-northeast-1:77e1be01-46e4-4614-99d2-2b5e1b562240_123456789"},"ConditionShadowName":{"type":"string","example":"conditions-0"}}}}}},"TransitionSetUserPassword":{"content":{"application/json":{"schema":{"properties":{"Username":{"type":"string","example":"xxx@email.com"},"Password":{"type":"string","example":"Abcd1234!!"}}}}}},"TransitionPublishMQTT":{"content":{"application/json":{"schema":{"properties":{"CognitoID":{"type":"string","example":"ap-northeast-1:77e1be01-46e4-4614-99d2-2b5e1b562240"},"TopicTemplateName":{"type":"string","example":"datachange_region_add","enum":["datachange_region_add","datachange_region_add_thing"]},"Payload":{"type":"object","properties":{"RegionId":{"type":"string","example":"bd65600d-8669-4903-8a14-af88203add38"},"RegionName":{"type":"string","example":"Taipei 101"},"RegionTimeZone":{"type":"string","example":"Europe/Berlin"},"GeoLoc":{"required":["Latitude","Longitude"],"type":"object","properties":{"Latitude":{"type":"string","example":"25.033964"},"Longitude":{"type":"string","example":"121.564468"}}},"ThingNames":{"type":"array","example":["CognitoIdentityId_DecimalMAC"],"items":{"type":"string"}}}}}}}}},"EmailArray":{"content":{"application/json":{"schema":{"type":"array","example":["Email1","Email2"],"items":{"type":"string"}}}}}},"securitySchemes":{"bearerAuth":{"type":"http","scheme":"bearer","bearerFormat":"JWT"}}}}