{"openapi":"3.0.0","info":{"title":"DirectMail.io Webhook API","description":"The Inbound section describes an endpoint that can be used to push Recipients into DirectMail.io. The Outbound section describes how DirectMail.io can push leads into any system that can accept a JSON post.","version":"1"},"servers":[{"url":"/"}],"paths":{"/recipient/hooks/{api_key}":{"post":{"tags":["Inbound"],"description":"This is the Inbound Recipient Webhook. Use this webhook url to receive your list data from any external service (Zapier, LeadsBridge, etc). Once activated and mapped all the webhook data will be imported into single Recipient List, which can be found in the List Manager.","parameters":[{"name":"api_key","in":"path","description":"This is a api key for recipient webhook. This field is required.","required":true,"style":"simple","explode":false,"schema":{"type":"string"}},{"name":"Webhook Secret Key","in":"query","description":"This field is optional. If you save a secret key, on each HTTP request that you send, add a Signature HTTP header. The signature is created by combining the secret key with the body of the request you are sending using a standard HMAC-SHA256 keyed hash.","required":false,"style":"form","explode":true,"schema":{"type":"string"}}],"requestBody":{"description":"You can pass array of object like the example value. The only requirement is to post a JSON array of recipient objects. There is no requirement for the formatting of each individual recipient object. There is a mapping step that will alow you to let us know which fields should be imported.","content":{"application/json":{"schema":{"type":"array","items":{"$ref":"#/components/schemas/hooks_api_key_body"}}}},"required":true},"responses":{"200":{"description":"**ok**"},"400":{"description":"**Campaign is expired**\n \n **The webhook is disabled. Please enable and activate the webhook**\n \n **Missing HTTP header: Signature**\n \n **Incorrect HMAC token**\n \n **Invalid JSON**\n \n **Invalid JSON type. The JSON should be in Array of Objects format**\n \n"},"401":{"description":"**Unauthorized**"}}}},"/LeadWebhookOutbound":{"post":{"tags":["Outbound"],"description":"This is a lead webhook. Use a webhook to send your list data to any external service (Zapier, LeadsBridge, etc). Once activated, all leads will be send to the provided webhook url","parameters":[{"name":"url","in":"query","description":"Once activated, a JSON array of up to 100 lead objects will be sent to this URL via POST request.","required":false,"style":"form","explode":true,"schema":{"type":"string"}},{"name":"Webhook Secret Key","in":"query","description":"Optional. Use this value in the receiving application to verify the signature of the request.","required":false,"style":"form","explode":true,"schema":{"type":"string"}}],"responses":{"200":{"description":"This is an example of how the lead look like. Any value can be empty or null.","content":{"application/json":{"schema":{"$ref":"#/components/schemas/Lead"}}}}}}},"/RecipientWebhookOutbound":{"post":{"tags":["Outbound"],"description":"This is the Outbound Recipient Webhook. Use this webhook to send your recipient lists to any external service (Zapier, LeadsBridge, etc). Once activated, all recipient lists will send their contents to the provided webhook url. Each lists recipient webhook status will be shown in its info button in the List Manager.","parameters":[{"name":"url","in":"query","description":"Once activated, a JSON array of up to 100 recipient objects will be sent to this URL via POST request. The test sends a JSON array of 3 test recipient objects.","required":false,"style":"form","explode":true,"schema":{"type":"string"}},{"name":"Webhook Secret Key","in":"query","description":"Optional. Use this value in the receiving application to verify the signature of the request.","required":false,"style":"form","explode":true,"schema":{"type":"string"}}],"responses":{"200":{"description":"This is an example of how the recipient look like. Any value can be empty or null.","content":{"application/json":{"schema":{"$ref":"#/components/schemas/RecipientWebhooksOutbound"}}}}}}}},"components":{"schemas":{"ApiResponse":{"type":"object","properties":{"code":{"type":"integer","format":"int32"},"message":{"type":"string"}}},"Lead":{"type":"array","description":"This should be the same data type ","items":{"$ref":"#/components/schemas/Lead_inner"}},"RecipientWebhooksOutbound":{"type":"array","items":{"$ref":"#/components/schemas/RecipientWebhooksOutbound_inner"}},"hooks_api_key_body":{"type":"object","properties":{"city":{"type":"string","example":"Springville"},"email":{"type":"string","example":"john@emailprovider.com"},"first_name":{"type":"string","example":"John"},"last_name":{"type":"string","example":"Smith"},"state":{"type":"string","example":"TX"},"street":{"type":"string","example":"1234 Example Lane"},"street_two":{"type":"string","example":"Apt 1"},"telephone_number":{"type":"string","example":"111225555"},"zip":{"type":"string","example":"12345"},"Zip_plus_four":{"type":"string","example":"8888"}}},"Lead_inner":{"type":"object","properties":{"appointment":{"type":"string","format":"date-time"},"campaign_id":{"type":"string","example":"700"},"camaign_name":{"type":"string","example":"ABC Motors"},"city":{"type":"string","example":"Springville"},"contact_id":{"type":"integer","example":500},"created_at":{"type":"string","format":"date-time"},"custom_variables":{"type":"array","items":{"type":"object","properties":{"name":{"type":"string","example":"Token"},"value":{"type":"string","example":"fadfadf"}}}},"email":{"type":"string","example":"john@emailprovider.com"},"first_name":{"type":"string","example":"John"},"last_name":{"type":"string","example":"Smith"},"list_friendly_name":{"type":"string","example":"Drop 1"},"list_name":{"type":"string","example":"Leads-2022-03-25.csv"},"state":{"type":"string","example":"TX"},"street":{"type":"string","example":"1234 Example Lane"},"street_two":{"type":"string","example":"Apt 1"},"survey_results":{"type":"array","items":{"type":"object","properties":{"answer":{"type":"string","example":"Email"},"question":{"type":"string","example":"What is your preferred method of contact?"}}}},"telephone_number":{"type":"string","example":"1112225555"},"zip":{"type":"string","example":"12345"},"vehicle":{"type":"object","properties":{"make":{"type":"string","example":"Toyota"},"milage":{"type":"string","example":"28,000"},"model":{"type":"string","example":"corolla"},"per_aprroval_amt":{"type":"string"},"trade_in_value":{"type":"string","example":"$13000"},"trim":{"type":"string","example":"L"},"vin":{"type":"string"},"year":{"type":"string","example":"2020"}}},"zip_plus_four":{"type":"string","example":"8888"}}},"RecipientWebhooksOutbound_inner":{"type":"object","properties":{"campaign_id":{"type":"string","example":"700"},"camaign_name":{"type":"string","example":"ABC Motors"},"city":{"type":"string","example":"Springville"},"created_at":{"type":"string","format":"date-time"},"custom_variables":{"type":"array","items":{"type":"object","properties":{"name":{"type":"string","example":"Token"},"value":{"type":"string","example":"fadfadf"}}}},"email":{"type":"string","example":"john@emailprovider.com"},"first_name":{"type":"string","example":"John"},"last_name":{"type":"string","example":"Smith"},"list_friendly_name":{"type":"string","example":"Drop 1"},"list_name":{"type":"string","example":"Leads-2022-03-25.csv"},"recipient_id":{"type":"integer","example":789},"state":{"type":"string","example":"TX"},"street":{"type":"string","example":"1234 Example Lane"},"street_two":{"type":"string","example":"Apt 1"},"telephone_number":{"type":"string","example":"1112225555"},"vehicle":{"type":"object","properties":{"make":{"type":"string","example":"Toyota"},"milage":{"type":"string","example":"28,000"},"model":{"type":"string","example":"corolla"},"per_aprroval_amt":{"type":"string"},"trade_in_value":{"type":"string","example":"$13000"},"trim":{"type":"string","example":"L"},"vin":{"type":"string"},"year":{"type":"string","example":"2020"}}},"visit":{"type":"array","items":{"type":"object","properties":{"url":{"type":"string","example":"https://example.com/"},"visited_at":{"type":"string","format":"date-time"}}}},"zip":{"type":"string","example":"12345"},"zip_plus_four":{"type":"string","example":"8888"}}}}}}