{"openapi":"3.0.0","info":{"title":"dnsdb","description":"dnsdb","version":"2.0"},"servers":[{"url":"https://dnsdbfront.labs.fsi.io/dnsdb/v2"}],"paths":{"/ping":{"get":{"responses":{"200":{"description":"ok","content":{"application/json":{"schema":{"$ref":"#/components/schemas/ping"}}}}}}},"/rate_limit":{"get":{"responses":{"200":{"description":"rate limit","content":{"application/json":{"schema":{"$ref":"#/components/schemas/rate_limit"},"examples":{"time based quota":{"value":{"rate":{"reset":1433980800,"limit":1000,"remaining":999}}},"block quota":{"value":{"rate":{"reset":"n/a","burst_size":10,"expires":1555370914,"burst_window":300,"offset max":3000000,"results_max":256,"limit":600,"remaining":8}}},"unlimited":{"value":{"rate":{"reset":"n/a","limit":"unlimited","remaining":"n/a"}}}}}}}},"security":[{"apikey":[]}]}},"/lookup/rrset/{type}/{value}":{"get":{"parameters":[{"name":"value","in":"path","description":"Value","required":true,"style":"simple","explode":false,"schema":{"type":"string"}},{"name":"type","in":"path","description":"Type of query","required":true,"style":"simple","explode":false,"schema":{"type":"string","enum":["name","raw"]}},{"name":"time_first_before","in":"query","description":"time first before","required":false,"style":"form","explode":true,"schema":{"type":"number"}},{"name":"time_first_after","in":"query","description":"time first after","required":false,"style":"form","explode":true,"schema":{"type":"number"}},{"name":"time_last_before","in":"query","description":"time last before","required":false,"style":"form","explode":true,"schema":{"type":"number"}},{"name":"time_last_after","in":"query","description":"time last after","required":false,"style":"form","explode":true,"schema":{"type":"number"}},{"name":"limit","in":"query","description":"Limit","required":false,"style":"form","explode":true,"schema":{"minimum":1,"type":"number"}},{"name":"swclient","in":"query","description":"swclient","required":false,"style":"form","explode":true,"schema":{"type":"string"}},{"name":"version","in":"query","description":"version","required":false,"style":"form","explode":true,"schema":{"type":"string"}},{"name":"id","in":"query","description":"id","required":false,"style":"form","explode":true,"schema":{"type":"string"}},{"name":"aggr","in":"query","description":"aggr","required":false,"style":"form","explode":true,"schema":{"type":"boolean"}},{"name":"humantime","in":"query","description":"humantime","required":false,"style":"form","explode":true,"schema":{"type":"boolean"}},{"name":"offset","in":"query","description":"offset","required":false,"style":"form","explode":true,"schema":{"minimum":0,"type":"number"}}],"responses":{"200":{"description":"lookup response","headers":{"X-RateLimit-Limit":{"$ref":"#/components/headers/X-RateLimit-Limit"},"X-RateLimit-Remaining":{"$ref":"#/components/headers/X-RateLimit-Remaining"},"X-RateLimit-Reset":{"$ref":"#/components/headers/X-RateLimit-Reset"},"X-RateLimit-Expires":{"$ref":"#/components/headers/X-RateLimit-Expires"}},"content":{"application/json":{"schema":{"type":"array","items":{"type":"object","properties":{"obj":{"$ref":"#/components/schemas/pdns_cof"}}}}}}}},"security":[{"apikey":[]}]}},"/lookup/rrset/{type}/{value}/{rrtype}":{"get":{"parameters":[{"name":"type","in":"path","description":"Type of query","required":true,"style":"simple","explode":false,"schema":{"type":"string","enum":["name","raw"]}},{"name":"value","in":"path","description":"Value","required":true,"style":"simple","explode":false,"schema":{"type":"string"}},{"name":"rrtype","in":"path","description":"rrtype","required":true,"style":"simple","explode":false,"schema":{"type":"string"}},{"name":"time_first_before","in":"query","description":"time first before","required":false,"style":"form","explode":true,"schema":{"type":"number"}},{"name":"time_first_after","in":"query","description":"time first after","required":false,"style":"form","explode":true,"schema":{"type":"number"}},{"name":"time_last_before","in":"query","description":"time last before","required":false,"style":"form","explode":true,"schema":{"type":"number"}},{"name":"time_last_after","in":"query","description":"time last after","required":false,"style":"form","explode":true,"schema":{"type":"number"}},{"name":"limit","in":"query","description":"Limit","required":false,"style":"form","explode":true,"schema":{"minimum":1,"type":"number"}},{"name":"swclient","in":"query","description":"swclient","required":false,"style":"form","explode":true,"schema":{"type":"string"}},{"name":"version","in":"query","description":"version","required":false,"style":"form","explode":true,"schema":{"type":"string"}},{"name":"id","in":"query","description":"id","required":false,"style":"form","explode":true,"schema":{"type":"string"}},{"name":"aggr","in":"query","description":"aggr","required":false,"style":"form","explode":true,"schema":{"type":"boolean"}},{"name":"humantime","in":"query","description":"humantime","required":false,"style":"form","explode":true,"schema":{"type":"boolean"}},{"name":"offset","in":"query","description":"offset","required":false,"style":"form","explode":true,"schema":{"minimum":0,"type":"number"}}],"responses":{"200":{"description":"lookup response","headers":{"X-RateLimit-Limit":{"$ref":"#/components/headers/X-RateLimit-Limit"},"X-RateLimit-Remaining":{"$ref":"#/components/headers/X-RateLimit-Remaining"},"X-RateLimit-Reset":{"$ref":"#/components/headers/X-RateLimit-Reset"},"X-RateLimit-Expires":{"$ref":"#/components/headers/X-RateLimit-Expires"}},"content":{"application/json":{"schema":{"type":"array","items":{"type":"object","properties":{"obj":{"$ref":"#/components/schemas/pdns_cof"}}}}}}}},"security":[{"apikey":[]}]}},"/lookup/rrset/{type}/{value}/{rrtype}/{bailiwick}":{"get":{"parameters":[{"name":"type","in":"path","description":"Type of query","required":true,"style":"simple","explode":false,"schema":{"type":"string","enum":["name","raw"]}},{"name":"value","in":"path","description":"Value","required":true,"style":"simple","explode":false,"schema":{"type":"string"}},{"name":"rrtype","in":"path","description":"rrtype","required":true,"style":"simple","explode":false,"schema":{"type":"string"}},{"name":"bailiwick","in":"path","description":"bailiwick","required":true,"style":"simple","explode":false,"schema":{"type":"string"}},{"name":"time_first_before","in":"query","description":"time first before","required":false,"style":"form","explode":true,"schema":{"type":"number"}},{"name":"time_first_after","in":"query","description":"time first after","required":false,"style":"form","explode":true,"schema":{"type":"number"}},{"name":"time_last_before","in":"query","description":"time last before","required":false,"style":"form","explode":true,"schema":{"type":"number"}},{"name":"time_last_after","in":"query","description":"time last after","required":false,"style":"form","explode":true,"schema":{"type":"number"}},{"name":"limit","in":"query","description":"Limit","required":false,"style":"form","explode":true,"schema":{"minimum":1,"type":"number"}},{"name":"swclient","in":"query","description":"swclient","required":false,"style":"form","explode":true,"schema":{"type":"string"}},{"name":"version","in":"query","description":"version","required":false,"style":"form","explode":true,"schema":{"type":"string"}},{"name":"id","in":"query","description":"id","required":false,"style":"form","explode":true,"schema":{"type":"string"}},{"name":"aggr","in":"query","description":"aggr","required":false,"style":"form","explode":true,"schema":{"type":"boolean"}},{"name":"humantime","in":"query","description":"humantime","required":false,"style":"form","explode":true,"schema":{"type":"boolean"}},{"name":"offset","in":"query","description":"offset","required":false,"style":"form","explode":true,"schema":{"minimum":0,"type":"number"}}],"responses":{"200":{"description":"lookup response","headers":{"X-RateLimit-Limit":{"$ref":"#/components/headers/X-RateLimit-Limit"},"X-RateLimit-Remaining":{"$ref":"#/components/headers/X-RateLimit-Remaining"},"X-RateLimit-Reset":{"$ref":"#/components/headers/X-RateLimit-Reset"},"X-RateLimit-Expires":{"$ref":"#/components/headers/X-RateLimit-Expires"}},"content":{"application/json":{"schema":{"type":"array","items":{"type":"object","properties":{"obj":{"$ref":"#/components/schemas/pdns_cof"}}}}}}}},"security":[{"apikey":[]}]}},"/lookup/rdata/{type}/{value}":{"get":{"parameters":[{"name":"value","in":"path","description":"Value","required":true,"style":"simple","explode":false,"schema":{"type":"string"}},{"name":"type","in":"path","description":"Type of query","required":true,"style":"simple","explode":false,"schema":{"type":"string","enum":["name","ip","raw"]}},{"name":"time_first_before","in":"query","description":"time first before","required":false,"style":"form","explode":true,"schema":{"type":"number"}},{"name":"time_first_after","in":"query","description":"time first after","required":false,"style":"form","explode":true,"schema":{"type":"number"}},{"name":"time_last_before","in":"query","description":"time last before","required":false,"style":"form","explode":true,"schema":{"type":"number"}},{"name":"time_last_after","in":"query","description":"time last after","required":false,"style":"form","explode":true,"schema":{"type":"number"}},{"name":"limit","in":"query","description":"Limit","required":false,"style":"form","explode":true,"schema":{"minimum":1,"type":"number"}},{"name":"swclient","in":"query","description":"swclient","required":false,"style":"form","explode":true,"schema":{"type":"string"}},{"name":"version","in":"query","description":"version","required":false,"style":"form","explode":true,"schema":{"type":"string"}},{"name":"id","in":"query","description":"id","required":false,"style":"form","explode":true,"schema":{"type":"string"}},{"name":"aggr","in":"query","description":"aggr","required":false,"style":"form","explode":true,"schema":{"type":"boolean"}},{"name":"humantime","in":"query","description":"humantime","required":false,"style":"form","explode":true,"schema":{"type":"boolean"}},{"name":"offset","in":"query","description":"offset","required":false,"style":"form","explode":true,"schema":{"minimum":0,"type":"number"}}],"responses":{"200":{"description":"lookup response","headers":{"X-RateLimit-Limit":{"$ref":"#/components/headers/X-RateLimit-Limit"},"X-RateLimit-Remaining":{"$ref":"#/components/headers/X-RateLimit-Remaining"},"X-RateLimit-Reset":{"$ref":"#/components/headers/X-RateLimit-Reset"},"X-RateLimit-Expires":{"$ref":"#/components/headers/X-RateLimit-Expires"}},"content":{"application/json":{"schema":{"type":"array","items":{"type":"object","properties":{"obj":{"$ref":"#/components/schemas/pdns_cof"}}}}}}}},"security":[{"apikey":[]}]}},"/lookup/rdata/{type}/{value}/{rrtype}":{"get":{"parameters":[{"name":"type","in":"path","description":"Type of query","required":true,"style":"simple","explode":false,"schema":{"type":"string","enum":["name","ip","raw"]}},{"name":"value","in":"path","description":"Value","required":true,"style":"simple","explode":false,"schema":{"type":"string"}},{"name":"rrtype","in":"path","description":"rrtype","required":true,"style":"simple","explode":false,"schema":{"type":"string"}},{"name":"time_first_before","in":"query","description":"time first before","required":false,"style":"form","explode":true,"schema":{"type":"number"}},{"name":"time_first_after","in":"query","description":"time first after","required":false,"style":"form","explode":true,"schema":{"type":"number"}},{"name":"time_last_before","in":"query","description":"time last before","required":false,"style":"form","explode":true,"schema":{"type":"number"}},{"name":"time_last_after","in":"query","description":"time last after","required":false,"style":"form","explode":true,"schema":{"type":"number"}},{"name":"limit","in":"query","description":"Limit","required":false,"style":"form","explode":true,"schema":{"minimum":1,"type":"number"}},{"name":"swclient","in":"query","description":"swclient","required":false,"style":"form","explode":true,"schema":{"type":"string"}},{"name":"version","in":"query","description":"version","required":false,"style":"form","explode":true,"schema":{"type":"string"}},{"name":"id","in":"query","description":"id","required":false,"style":"form","explode":true,"schema":{"type":"string"}},{"name":"aggr","in":"query","description":"aggr","required":false,"style":"form","explode":true,"schema":{"type":"boolean"}},{"name":"humantime","in":"query","description":"humantime","required":false,"style":"form","explode":true,"schema":{"type":"boolean"}},{"name":"offset","in":"query","description":"offset","required":false,"style":"form","explode":true,"schema":{"minimum":0,"type":"number"}}],"responses":{"200":{"description":"lookup response","headers":{"X-RateLimit-Limit":{"$ref":"#/components/headers/X-RateLimit-Limit"},"X-RateLimit-Remaining":{"$ref":"#/components/headers/X-RateLimit-Remaining"},"X-RateLimit-Reset":{"$ref":"#/components/headers/X-RateLimit-Reset"},"X-RateLimit-Expires":{"$ref":"#/components/headers/X-RateLimit-Expires"}},"content":{"application/json":{"schema":{"type":"array","items":{"type":"object","properties":{"obj":{"$ref":"#/components/schemas/pdns_cof"}}}}}}}},"security":[{"apikey":[]}]}},"/summarize/rrset/{type}/{value}":{"get":{"parameters":[{"name":"value","in":"path","description":"Value","required":true,"style":"simple","explode":false,"schema":{"type":"string"}},{"name":"type","in":"path","description":"Type of query","required":true,"style":"simple","explode":false,"schema":{"type":"string","enum":["name","raw"]}},{"name":"time_first_before","in":"query","description":"time first before","required":false,"style":"form","explode":true,"schema":{"type":"number"}},{"name":"time_first_after","in":"query","description":"time first after","required":false,"style":"form","explode":true,"schema":{"type":"number"}},{"name":"time_last_before","in":"query","description":"time last before","required":false,"style":"form","explode":true,"schema":{"type":"number"}},{"name":"time_last_after","in":"query","description":"time last after","required":false,"style":"form","explode":true,"schema":{"type":"number"}},{"name":"limit","in":"query","description":"Limit","required":false,"style":"form","explode":true,"schema":{"minimum":1,"type":"number"}},{"name":"swclient","in":"query","description":"swclient","required":false,"style":"form","explode":true,"schema":{"type":"string"}},{"name":"version","in":"query","description":"version","required":false,"style":"form","explode":true,"schema":{"type":"string"}},{"name":"id","in":"query","description":"id","required":false,"style":"form","explode":true,"schema":{"type":"string"}},{"name":"aggr","in":"query","description":"aggr","required":false,"style":"form","explode":true,"schema":{"type":"boolean"}},{"name":"humantime","in":"query","description":"humantime","required":false,"style":"form","explode":true,"schema":{"type":"boolean"}},{"name":"max_count","in":"query","description":"max count","required":false,"style":"form","explode":true,"schema":{"minimum":1,"type":"number"}}],"responses":{"200":{"description":"summarize response","headers":{"X-RateLimit-Limit":{"$ref":"#/components/headers/X-RateLimit-Limit"},"X-RateLimit-Remaining":{"$ref":"#/components/headers/X-RateLimit-Remaining"},"X-RateLimit-Reset":{"$ref":"#/components/headers/X-RateLimit-Reset"},"X-RateLimit-Expires":{"$ref":"#/components/headers/X-RateLimit-Expires"}},"content":{"application/json":{"schema":{"type":"array","items":{"type":"object","properties":{"obj":{"$ref":"#/components/schemas/summarize"}}}}}}}},"security":[{"apikey":[]}]}},"/summarize/rrset/{type}/{value}/{rrtype}":{"get":{"parameters":[{"name":"type","in":"path","description":"Type of query","required":true,"style":"simple","explode":false,"schema":{"type":"string","enum":["name","raw"]}},{"name":"value","in":"path","description":"Value","required":true,"style":"simple","explode":false,"schema":{"type":"string"}},{"name":"rrtype","in":"path","description":"rrtype","required":true,"style":"simple","explode":false,"schema":{"type":"string"}},{"name":"time_first_before","in":"query","description":"time first before","required":false,"style":"form","explode":true,"schema":{"type":"number"}},{"name":"time_first_after","in":"query","description":"time first after","required":false,"style":"form","explode":true,"schema":{"type":"number"}},{"name":"time_last_before","in":"query","description":"time last before","required":false,"style":"form","explode":true,"schema":{"type":"number"}},{"name":"time_last_after","in":"query","description":"time last after","required":false,"style":"form","explode":true,"schema":{"type":"number"}},{"name":"limit","in":"query","description":"Limit","required":false,"style":"form","explode":true,"schema":{"minimum":1,"type":"number"}},{"name":"swclient","in":"query","description":"swclient","required":false,"style":"form","explode":true,"schema":{"type":"string"}},{"name":"version","in":"query","description":"version","required":false,"style":"form","explode":true,"schema":{"type":"string"}},{"name":"id","in":"query","description":"id","required":false,"style":"form","explode":true,"schema":{"type":"string"}},{"name":"aggr","in":"query","description":"aggr","required":false,"style":"form","explode":true,"schema":{"type":"boolean"}},{"name":"humantime","in":"query","description":"humantime","required":false,"style":"form","explode":true,"schema":{"type":"boolean"}},{"name":"max_count","in":"query","description":"max count","required":false,"style":"form","explode":true,"schema":{"minimum":1,"type":"number"}}],"responses":{"200":{"description":"summarize response","headers":{"X-RateLimit-Limit":{"$ref":"#/components/headers/X-RateLimit-Limit"},"X-RateLimit-Remaining":{"$ref":"#/components/headers/X-RateLimit-Remaining"},"X-RateLimit-Reset":{"$ref":"#/components/headers/X-RateLimit-Reset"},"X-RateLimit-Expires":{"$ref":"#/components/headers/X-RateLimit-Expires"}},"content":{"application/json":{"schema":{"type":"array","items":{"type":"object","properties":{"obj":{"$ref":"#/components/schemas/summarize"}}}}}}}},"security":[{"apikey":[]}]}},"/summarize/rrset/{type}/{value}/{rrtype}/{bailiwick}":{"get":{"parameters":[{"name":"type","in":"path","description":"Type of query","required":true,"style":"simple","explode":false,"schema":{"type":"string","enum":["name","raw"]}},{"name":"value","in":"path","description":"Value","required":true,"style":"simple","explode":false,"schema":{"type":"string"}},{"name":"rrtype","in":"path","description":"rrtype","required":true,"style":"simple","explode":false,"schema":{"type":"string"}},{"name":"bailiwick","in":"path","description":"bailiwick","required":true,"style":"simple","explode":false,"schema":{"type":"string"}},{"name":"time_first_before","in":"query","description":"time first before","required":false,"style":"form","explode":true,"schema":{"type":"number"}},{"name":"time_first_after","in":"query","description":"time first after","required":false,"style":"form","explode":true,"schema":{"type":"number"}},{"name":"time_last_before","in":"query","description":"time last before","required":false,"style":"form","explode":true,"schema":{"type":"number"}},{"name":"time_last_after","in":"query","description":"time last after","required":false,"style":"form","explode":true,"schema":{"type":"number"}},{"name":"limit","in":"query","description":"Limit","required":false,"style":"form","explode":true,"schema":{"minimum":1,"type":"number"}},{"name":"swclient","in":"query","description":"swclient","required":false,"style":"form","explode":true,"schema":{"type":"string"}},{"name":"version","in":"query","description":"version","required":false,"style":"form","explode":true,"schema":{"type":"string"}},{"name":"id","in":"query","description":"id","required":false,"style":"form","explode":true,"schema":{"type":"string"}},{"name":"aggr","in":"query","description":"aggr","required":false,"style":"form","explode":true,"schema":{"type":"boolean"}},{"name":"humantime","in":"query","description":"humantime","required":false,"style":"form","explode":true,"schema":{"type":"boolean"}},{"name":"max_count","in":"query","description":"max count","required":false,"style":"form","explode":true,"schema":{"minimum":1,"type":"number"}}],"responses":{"200":{"description":"summarize response","headers":{"X-RateLimit-Limit":{"$ref":"#/components/headers/X-RateLimit-Limit"},"X-RateLimit-Remaining":{"$ref":"#/components/headers/X-RateLimit-Remaining"},"X-RateLimit-Reset":{"$ref":"#/components/headers/X-RateLimit-Reset"},"X-RateLimit-Expires":{"$ref":"#/components/headers/X-RateLimit-Expires"}},"content":{"application/json":{"schema":{"type":"array","items":{"type":"object","properties":{"obj":{"$ref":"#/components/schemas/summarize"}}}}}}}},"security":[{"apikey":[]}]}},"/summarize/rdata/{type}/{value}":{"get":{"parameters":[{"name":"value","in":"path","description":"Value","required":true,"style":"simple","explode":false,"schema":{"type":"string"}},{"name":"type","in":"path","description":"Type of query","required":true,"style":"simple","explode":false,"schema":{"type":"string","enum":["name","ip","raw"]}},{"name":"time_first_before","in":"query","description":"time first before","required":false,"style":"form","explode":true,"schema":{"type":"number"}},{"name":"time_first_after","in":"query","description":"time first after","required":false,"style":"form","explode":true,"schema":{"type":"number"}},{"name":"time_last_before","in":"query","description":"time last before","required":false,"style":"form","explode":true,"schema":{"type":"number"}},{"name":"time_last_after","in":"query","description":"time last after","required":false,"style":"form","explode":true,"schema":{"type":"number"}},{"name":"limit","in":"query","description":"Limit","required":false,"style":"form","explode":true,"schema":{"minimum":1,"type":"number"}},{"name":"swclient","in":"query","description":"swclient","required":false,"style":"form","explode":true,"schema":{"type":"string"}},{"name":"version","in":"query","description":"version","required":false,"style":"form","explode":true,"schema":{"type":"string"}},{"name":"id","in":"query","description":"id","required":false,"style":"form","explode":true,"schema":{"type":"string"}},{"name":"aggr","in":"query","description":"aggr","required":false,"style":"form","explode":true,"schema":{"type":"boolean"}},{"name":"humantime","in":"query","description":"humantime","required":false,"style":"form","explode":true,"schema":{"type":"boolean"}},{"name":"max_count","in":"query","description":"max count","required":false,"style":"form","explode":true,"schema":{"minimum":1,"type":"number"}}],"responses":{"200":{"description":"summarize response","headers":{"X-RateLimit-Limit":{"$ref":"#/components/headers/X-RateLimit-Limit"},"X-RateLimit-Remaining":{"$ref":"#/components/headers/X-RateLimit-Remaining"},"X-RateLimit-Reset":{"$ref":"#/components/headers/X-RateLimit-Reset"},"X-RateLimit-Expires":{"$ref":"#/components/headers/X-RateLimit-Expires"}},"content":{"application/json":{"schema":{"type":"array","items":{"type":"object","properties":{"obj":{"$ref":"#/components/schemas/summarize"}}}}}}}},"security":[{"apikey":[]}]}},"/summarize/rdata/{type}/{value}/{rrtype}":{"get":{"parameters":[{"name":"type","in":"path","description":"Type of query","required":true,"style":"simple","explode":false,"schema":{"type":"string","enum":["name","ip","raw"]}},{"name":"value","in":"path","description":"Value","required":true,"style":"simple","explode":false,"schema":{"type":"string"}},{"name":"rrtype","in":"path","description":"rrtype","required":true,"style":"simple","explode":false,"schema":{"type":"string"}},{"name":"time_first_before","in":"query","description":"time first before","required":false,"style":"form","explode":true,"schema":{"type":"number"}},{"name":"time_first_after","in":"query","description":"time first after","required":false,"style":"form","explode":true,"schema":{"type":"number"}},{"name":"time_last_before","in":"query","description":"time last before","required":false,"style":"form","explode":true,"schema":{"type":"number"}},{"name":"time_last_after","in":"query","description":"time last after","required":false,"style":"form","explode":true,"schema":{"type":"number"}},{"name":"limit","in":"query","description":"Limit","required":false,"style":"form","explode":true,"schema":{"minimum":1,"type":"number"}},{"name":"swclient","in":"query","description":"swclient","required":false,"style":"form","explode":true,"schema":{"type":"string"}},{"name":"version","in":"query","description":"version","required":false,"style":"form","explode":true,"schema":{"type":"string"}},{"name":"id","in":"query","description":"id","required":false,"style":"form","explode":true,"schema":{"type":"string"}},{"name":"aggr","in":"query","description":"aggr","required":false,"style":"form","explode":true,"schema":{"type":"boolean"}},{"name":"humantime","in":"query","description":"humantime","required":false,"style":"form","explode":true,"schema":{"type":"boolean"}},{"name":"max_count","in":"query","description":"max count","required":false,"style":"form","explode":true,"schema":{"minimum":1,"type":"number"}}],"responses":{"200":{"description":"summarize response","headers":{"X-RateLimit-Limit":{"$ref":"#/components/headers/X-RateLimit-Limit"},"X-RateLimit-Remaining":{"$ref":"#/components/headers/X-RateLimit-Remaining"},"X-RateLimit-Reset":{"$ref":"#/components/headers/X-RateLimit-Reset"},"X-RateLimit-Expires":{"$ref":"#/components/headers/X-RateLimit-Expires"}},"content":{"application/json":{"schema":{"type":"array","items":{"type":"object","properties":{"obj":{"$ref":"#/components/schemas/summarize"}}}}}}}},"security":[{"apikey":[]}]}},"/{method}/{key}/{value}":{"description":"Flex search","get":{"parameters":[{"name":"method","in":"path","description":"flex search method","required":true,"style":"simple","explode":false,"schema":{"type":"string","enum":["regex","glob"]}},{"name":"key","in":"path","description":"search key","required":true,"style":"simple","explode":false,"schema":{"type":"string","enum":["rrnames","rdata"]}},{"name":"value","in":"path","description":"Value","required":true,"style":"simple","explode":false,"schema":{"type":"string"}},{"name":"time_first_before","in":"query","description":"time first before","required":false,"style":"form","explode":true,"schema":{"type":"number"}},{"name":"time_first_after","in":"query","description":"time first after","required":false,"style":"form","explode":true,"schema":{"type":"number"}},{"name":"time_last_before","in":"query","description":"time last before","required":false,"style":"form","explode":true,"schema":{"type":"number"}},{"name":"time_last_after","in":"query","description":"time last after","required":false,"style":"form","explode":true,"schema":{"type":"number"}},{"name":"limit","in":"query","description":"Limit","required":false,"style":"form","explode":true,"schema":{"minimum":1,"type":"number"}},{"name":"id","in":"query","description":"id","required":false,"style":"form","explode":true,"schema":{"type":"string"}},{"name":"swclient","in":"query","description":"swclient","required":false,"style":"form","explode":true,"schema":{"type":"string"}},{"name":"version","in":"query","description":"version","required":false,"style":"form","explode":true,"schema":{"type":"string"}},{"name":"exclude","in":"query","required":false,"style":"form","explode":true,"schema":{"type":"string"}},{"name":"offset","in":"query","description":"offset","required":false,"style":"form","explode":true,"schema":{"minimum":0,"type":"number"}}],"responses":{"200":{"description":"ok","headers":{"X-RateLimit-Limit":{"$ref":"#/components/headers/X-RateLimit-Limit"},"X-RateLimit-Remaining":{"$ref":"#/components/headers/X-RateLimit-Remaining"},"X-RateLimit-Reset":{"$ref":"#/components/headers/X-RateLimit-Reset"},"X-RateLimit-Expires":{"$ref":"#/components/headers/X-RateLimit-Expires"}},"content":{"application/json":{"schema":{"type":"array","items":{"type":"object","properties":{"obj":{"$ref":"#/components/schemas/flex"}}}},"examples":{"rrnames":{"value":[{"obj":{"rname":"dnsdb.info."}}]},"rdata":{"value":[{"obj":{"rdata":"dnsdb.info.","rdata_raw":"05646E73646204696E666F00"}}]}}}}}},"security":[{"apikey":[]}]}}},"components":{"schemas":{"pdns_cof":{"required":["bailiwick","count","rrname","rrtype"],"type":"object","properties":{"rrname":{"type":"string"},"rrtype":{"type":"string"},"bailiwick":{"type":"string"},"rdata":{"oneOf":[{"type":"array","items":{"type":"string"}},{"type":"string"}]},"count":{"type":"number"},"time_first":{"type":"number"},"time_last":{"type":"number"},"zone_time_first":{"type":"number"},"zone_time_last":{"type":"number"}},"additionalProperties":false,"oneOf":[{"required":["time_first","time_last"]},{"required":["zone_time_first","zone_time_last"]}]},"summarize":{"required":["count","num_results"],"type":"object","properties":{"count":{"type":"number"},"num_results":{"type":"number"},"time_first":{"type":"number"},"time_last":{"type":"number"},"zone_time_first":{"type":"number"},"zone_time_last":{"type":"number"}},"anyOf":[{"required":["time_first","time_last"]},{"required":["zone_time_first","zone_time_last"]}]},"flex":{"required":["rrtype"],"type":"object","properties":{"rrname":{"type":"string"},"rdata":{"type":"string"},"rdata_raw":{"type":"string"},"rrtype":{"type":"string"}},"additionalProperties":false,"oneOf":[{"required":["rrname"]},{"required":["rdata","rdata_raw"]}]},"ping":{"required":["ping"],"type":"object","properties":{"ping":{"type":"string","enum":["ok"]}},"additionalProperties":false,"example":{"ping":"ok"}},"rate_limit":{"type":"object","properties":{"limit":{"oneOf":[{"type":"number"},{"type":"string","enum":["unlimited"]}]},"remaining":{"oneOf":[{"type":"number"},{"type":"string","enum":["n/a"]}]},"reset":{"oneOf":[{"type":"number"},{"type":"string","enum":["n/a"]}]},"expires":{"type":"number"},"results_max":{"type":"number"},"offset_max":{"type":"number"},"burst_size":{"type":"number"},"burst_window":{"type":"number"}}}},"responses":{"lookup":{"description":"lookup response","headers":{"X-RateLimit-Limit":{"$ref":"#/components/headers/X-RateLimit-Limit"},"X-RateLimit-Remaining":{"$ref":"#/components/headers/X-RateLimit-Remaining"},"X-RateLimit-Reset":{"$ref":"#/components/headers/X-RateLimit-Reset"},"X-RateLimit-Expires":{"$ref":"#/components/headers/X-RateLimit-Expires"}},"content":{"application/json":{"schema":{"type":"array","items":{"type":"object","properties":{"obj":{"$ref":"#/components/schemas/pdns_cof"}}}}}}},"summarize":{"description":"summarize response","headers":{"X-RateLimit-Limit":{"$ref":"#/components/headers/X-RateLimit-Limit"},"X-RateLimit-Remaining":{"$ref":"#/components/headers/X-RateLimit-Remaining"},"X-RateLimit-Reset":{"$ref":"#/components/headers/X-RateLimit-Reset"},"X-RateLimit-Expires":{"$ref":"#/components/headers/X-RateLimit-Expires"}},"content":{"application/json":{"schema":{"type":"array","items":{"type":"object","properties":{"obj":{"$ref":"#/components/schemas/summarize"}}}}}}}},"parameters":{"value":{"name":"value","in":"path","description":"Value","required":true,"style":"simple","explode":false,"schema":{"type":"string"}},"rrset_type":{"name":"type","in":"path","description":"Type of query","required":true,"style":"simple","explode":false,"schema":{"type":"string","enum":["name","raw"]}},"rdata_type":{"name":"type","in":"path","description":"Type of query","required":true,"style":"simple","explode":false,"schema":{"type":"string","enum":["name","ip","raw"]}},"rrtype":{"name":"rrtype","in":"path","description":"rrtype","required":true,"style":"simple","explode":false,"schema":{"type":"string"}},"bailiwick":{"name":"bailiwick","in":"path","description":"bailiwick","required":true,"style":"simple","explode":false,"schema":{"type":"string"}},"time_first_before":{"name":"time_first_before","in":"query","description":"time first before","required":false,"style":"form","explode":true,"schema":{"type":"number"}},"time_first_after":{"name":"time_first_after","in":"query","description":"time first after","required":false,"style":"form","explode":true,"schema":{"type":"number"}},"time_last_before":{"name":"time_last_before","in":"query","description":"time last before","required":false,"style":"form","explode":true,"schema":{"type":"number"}},"time_last_after":{"name":"time_last_after","in":"query","description":"time last after","required":false,"style":"form","explode":true,"schema":{"type":"number"}},"limit":{"name":"limit","in":"query","description":"Limit","required":false,"style":"form","explode":true,"schema":{"minimum":1,"type":"number"}},"swclient":{"name":"swclient","in":"query","description":"swclient","required":false,"style":"form","explode":true,"schema":{"type":"string"}},"version":{"name":"version","in":"query","description":"version","required":false,"style":"form","explode":true,"schema":{"type":"string"}},"id":{"name":"id","in":"query","description":"id","required":false,"style":"form","explode":true,"schema":{"type":"string"}},"aggr":{"name":"aggr","in":"query","description":"aggr","required":false,"style":"form","explode":true,"schema":{"type":"boolean"}},"humantime":{"name":"humantime","in":"query","description":"humantime","required":false,"style":"form","explode":true,"schema":{"type":"boolean"}},"offset":{"name":"offset","in":"query","description":"offset","required":false,"style":"form","explode":true,"schema":{"minimum":0,"type":"number"}},"max_count":{"name":"max_count","in":"query","description":"max count","required":false,"style":"form","explode":true,"schema":{"minimum":1,"type":"number"}}},"headers":{"X-RateLimit-Limit":{"description":"limit in period","style":"simple","explode":false,"schema":{"oneOf":[{"type":"number"},{"type":"string","enum":["unlimited"]}]}},"X-RateLimit-Remaining":{"description":"remaining in period","style":"simple","explode":false,"schema":{"oneOf":[{"type":"number"},{"type":"string","enum":["n/a"]}]}},"X-RateLimit-Reset":{"description":"when period resets","style":"simple","explode":false,"schema":{"oneOf":[{"type":"number"},{"type":"string","enum":["n/a"]}]}},"X-RateLimit-Expires":{"description":"when period expires","style":"simple","explode":false,"schema":{"type":"number"}}},"securitySchemes":{"apikey":{"type":"apiKey","name":"X-API-KEY","in":"header"}}}}