{"openapi":"3.0.0","info":{"title":"Classic Monitors","description":"When having scalable and flexible access to DomainTools' market leading domain intelligence data is critical to your business, you need the DomainTools API. It delivers all the data that drives the industry-leading research and monitoring tools on this site. In particular, if you're using our data for security investigations or incident response, you cannot afford stale, inaccurate or missing records.\n","version":"1.0"},"servers":[{"url":"https://api.domaintools.com","description":"prod"}],"security":[{"api_Username":[],"api_Key":[]}],"tags":[{"name":"Information","description":"Information about your account"},{"name":"Classic Monitors","description":"Track information and receive alerts as soon as changes are detected"}],"paths":{"/v1/account/":{"get":{"tags":["Information"],"summary":"Account Information","description":"Information of the active API endpoints, rate limits and usage for an account.","externalDocs":{"url":"https://www.domaintools.com/resources/api-documentation/account-information/"},"parameters":[{"name":"format","in":"query","description":"data format","required":false,"style":"form","explode":true,"schema":{"type":"string","enum":["json","xml","html"]}}],"responses":{"200":{"description":"OK","content":{"application/json":{"schema":{"$ref":"#/components/schemas/account_information"}}}},"206":{"description":"Results error out"},"400":{"description":"Query is malformed"},"403":{"description":"Error","content":{"application/json":{"schema":{"type":"object","properties":{"error":{"type":"object","properties":{"code":{"type":"integer"},"message":{"type":"string"}}},"resources":{"type":"object","properties":{"support":{"type":"string"}}}}}}}},"404":{"description":"Domain doesn't exist"},"500":{"description":"Hit a rate limit on our backend service"},"503":{"description":"Exceed your service level limits"}}}},"/v1/mark-alert/":{"get":{"tags":["Classic Monitors"],"summary":"Brand Monitor","description":"Monitor new domain registrations for specific keywords","externalDocs":{"url":"https://www.domaintools.com/resources/api-documentation/brand-monitor/"},"parameters":[{"name":"query","in":"query","description":"One or more terms, where the pipe character ( | )may be used as a logical AND to require that all strings be present in order to match.","required":true,"style":"form","explode":true,"schema":{"type":"string"}},{"name":"exclude","in":"query","description":"Domain names with these words will be excluded from the result set. For exclusions of multiple terms, use the ( | ) character as a logical AND.","required":false,"style":"form","explode":true,"schema":{"type":"string"}},{"name":"domain_status","in":"query","description":"Sets the scope of domain names to search. By default, the API will search both new domain names and domains which are now on-hold (pending delete). To narrow your search to only one of these status codes, set this parameter to either new or on-hold.","required":false,"style":"form","explode":true,"schema":{"type":"string","enum":["new","on-hold"]}},{"name":"days_back","in":"query","description":"Use this parameter in exceptional circumstances where you need to search domains registered up to six days prior to the current date. Set the value to an integer in the range of 1-6.","required":false,"style":"form","explode":true,"schema":{"type":"integer","enum":[1,2,3,4,5,6]}}],"responses":{"200":{"description":"OK","content":{"application/json":{"schema":{"$ref":"#/components/schemas/Brand_Monitor"}}}},"206":{"description":"Results error out"},"400":{"description":"Query is malformed"},"403":{"description":"Error","content":{"application/json":{"schema":{"type":"object","properties":{"error":{"type":"object","properties":{"code":{"type":"integer"},"message":{"type":"string"}}},"resources":{"type":"object","properties":{"support":{"type":"string"}}}}}}}},"404":{"description":"Domain doesn't exist"},"500":{"description":"Hit a rate limit on our backend service"},"503":{"description":"Exceed your service level limits"}}}},"/v1/ip-monitor/":{"get":{"tags":["Classic Monitors"],"summary":"IP Monitor","description":"Receive notification when there are new and/or deleted domains on a given IP Address","externalDocs":{"url":"https://www.domaintools.com/resources/api-documentation/ip-monitor/"},"parameters":[{"name":"IP Address","in":"query","description":"The IP Address you wish to query","required":true,"style":"form","explode":true,"schema":{"type":"string","format":"ipv4"}},{"name":"days_back","in":"query","description":"Use this parameter in exceptional circumstances where you need to search domains registered up to six days prior to the current date. Set the value to an integer in the range of 1-6.","required":false,"style":"form","explode":true,"schema":{"type":"integer","enum":[1,2,3,4,5,6]}},{"name":"page","in":"query","description":"Sets the page of results to retrieve from the server.","required":false,"style":"form","explode":true,"schema":{"type":"integer"}},{"name":"format","in":"query","description":"data format","required":false,"style":"form","explode":true,"schema":{"type":"string","enum":["json","xml","html"]}}],"responses":{"200":{"description":"OK","content":{"application/json":{"schema":{"$ref":"#/components/schemas/IP_Monitor"}}}},"206":{"description":"Results error out"},"400":{"description":"Query is malformed"},"403":{"description":"Error","content":{"application/json":{"schema":{"type":"object","properties":{"error":{"type":"object","properties":{"code":{"type":"integer"},"message":{"type":"string"}}},"resources":{"type":"object","properties":{"support":{"type":"string"}}}}}}}},"404":{"description":"Domain doesn't exist"},"500":{"description":"Hit a rate limit on our backend service"},"503":{"description":"Exceed your service level limits"}}}},"/v1/ip-registrant-monitor/":{"get":{"tags":["Classic Monitors"],"summary":"IP Registrant Monitor","description":"Receive notification when specific people or organizations are allocated new IP ranges or have existing ranges de-allocated","externalDocs":{"url":"https://www.domaintools.com/resources/api-documentation/ip-registrant-monitor/"},"parameters":[{"name":"query","in":"query","description":"A space separated list of free text query terms. Returns the list of IP ranges that satisfy the query. The query terms have the following rules:\n    \n+term: Term must be included in the results.\n  \n-term: Term must not be included in the results.\n    \nterm*: Term as a prefix must be included in the results.\n    \nNo modifiers: The search performed is a phrase searc\n","required":true,"style":"form","explode":true,"schema":{"type":"string"}},{"name":"country","in":"query","description":"Limits results to IP addresses allocated to an entity with a particular country. Valid options are ISO 3166-1 two character country codes.\n    \nDefault: (All country codes)\n","required":false,"style":"form","explode":true,"schema":{"type":"string"}},{"name":"server","in":"query","description":"Limits results to ranges from a particular Whois server.\nDefault: (All whois servers)\n","required":false,"style":"form","explode":true,"schema":{"type":"string","enum":["whois.arin.net","whois.apnic.net","whois.ripe.net","whois.lacnic.net","whois.afrinic.net"]}},{"name":"include_total_count","in":"query","description":"Returns the total number of results for a query. This should typically be used only for the first page of a large result set.","required":false,"style":"form","explode":true,"schema":{"type":"boolean"}},{"name":"page","in":"query","description":"Sets the page of results to retrieve from the server.","required":false,"style":"form","explode":true,"schema":{"type":"integer"}},{"name":"search_type","in":"query","description":"Type of changes to return","required":false,"style":"form","explode":true,"schema":{"type":"string","default":"all","enum":["all","additions","removals","modifications"]}},{"name":"format","in":"query","description":"data format","required":false,"style":"form","explode":true,"schema":{"type":"string","enum":["json","xml","html"]}}],"responses":{"200":{"description":"OK","content":{"application/json":{"schema":{"$ref":"#/components/schemas/IP_Registrant_Monitor"}}}},"206":{"description":"Results error out"},"400":{"description":"Query is malformed"},"403":{"description":"Error","content":{"application/json":{"schema":{"type":"object","properties":{"error":{"type":"object","properties":{"code":{"type":"integer"},"message":{"type":"string"}}},"resources":{"type":"object","properties":{"support":{"type":"string"}}}}}}}},"404":{"description":"Domain doesn't exist"},"500":{"description":"Hit a rate limit on our backend service"},"503":{"description":"Exceed your service level limits"}}}},"/v1/name-server-monitor/":{"get":{"tags":["Classic Monitors"],"summary":"Name Server Monitor","description":"Receive notification when there are new and/or deleted domains on a given Domain Name Server","externalDocs":{"url":"https://www.domaintools.com/resources/api-documentation/name-server-monitor/"},"parameters":[{"name":"domain","in":"query","description":"domain name","required":true,"style":"form","explode":true,"schema":{"type":"string"}},{"name":"days_back","in":"query","description":"Use this parameter in exceptional circumstances where you need to search domains registered up to six days prior to the current date. Set the value to an integer in the range of 1-6.","required":false,"style":"form","explode":true,"schema":{"type":"integer","enum":[1,2,3,4,5,6]}},{"name":"page","in":"query","description":"Sets the page of results to retrieve from the server.","required":false,"style":"form","explode":true,"schema":{"type":"integer"}},{"name":"format","in":"query","description":"data format","required":false,"style":"form","explode":true,"schema":{"type":"string","enum":["json","xml","html"]}}],"responses":{"200":{"description":"OK","content":{"application/json":{"schema":{"$ref":"#/components/schemas/Name_Server_Monitor"}}}},"206":{"description":"Results error out"},"400":{"description":"Query is malformed"},"404":{"description":"Domain doesn't exist"},"500":{"description":"Hit a rate limit on our backend service"},"503":{"description":"Exceed your service level limits"}}}},"/v1/registrant-alert/":{"get":{"tags":["Classic Monitors"],"summary":"Registrant Monitor","description":"Receive notification when specific people or organizations register, renew or delete domain names","externalDocs":{"url":"https://www.domaintools.com/resources/api-documentation/registrant-monitor/"},"parameters":[{"name":"query","in":"query","description":"One or more terms, where the pipe character ( | )may be used as a logical AND to require that all strings be present in order to match.","required":true,"style":"form","explode":true,"schema":{"type":"string"}},{"name":"exclude","in":"query","description":"Domain names with these words will be excluded from the result set. For exclusions of multiple terms, use the ( | ) character as a logical AND.","required":false,"style":"form","explode":true,"schema":{"type":"string"}},{"name":"days_back","in":"query","description":"Use this parameter in exceptional circumstances where you need to search domains registered up to six days prior to the current date. Set the value to an integer in the range of 1-6.","required":false,"style":"form","explode":true,"schema":{"type":"integer","enum":[1,2,3,4,5,6]}},{"name":"limit","in":"query","description":"Specify the maximum number of records to retrieve in an API query.","required":false,"style":"form","explode":true,"schema":{"maximum":1E+2,"minimum":1,"type":"integer"}},{"name":"format","in":"query","description":"data format","required":false,"style":"form","explode":true,"schema":{"type":"string","enum":["json","xml","html"]}}],"responses":{"200":{"description":"OK","content":{"application/json":{"schema":{"$ref":"#/components/schemas/Registrant_Monitor"}}}},"206":{"description":"Results error out"},"400":{"description":"Query is malformed"},"404":{"description":"Domain doesn't exist"},"500":{"description":"Hit a rate limit on our backend service"},"503":{"description":"Exceed your service level limit"}}}}},"components":{"schemas":{"generic_value":{"type":"object","properties":{"value":{"type":"string"}}},"general_contact":{"type":"object","properties":{"name":{"$ref":"#/components/schemas/generic_value"},"org":{"$ref":"#/components/schemas/generic_value"},"street":{"$ref":"#/components/schemas/generic_value"},"city":{"$ref":"#/components/schemas/generic_value"},"state":{"$ref":"#/components/schemas/generic_value"},"postal":{"$ref":"#/components/schemas/generic_value"},"country":{"$ref":"#/components/schemas/generic_value"},"phone":{"$ref":"#/components/schemas/generic_value"},"fax":{"$ref":"#/components/schemas/generic_value"},"email":{"type":"array","items":{"$ref":"#/components/schemas/generic_value"}}}},"general_contact1":{"type":"object","properties":{"name":{"type":"string"},"org":{"type":"string"},"street":{"type":"array","items":{"type":"string"}},"city":{"type":"string"},"state":{"type":"string"},"postal":{"type":"string"},"country":{"type":"string"},"phone":{"type":"string"},"fax":{"type":"string"},"email":{"type":"string"}}},"generic_network":{"type":"object","properties":{"host":{"type":"object","properties":{"value":{"type":"string"}}},"domain":{"type":"object","properties":{"value":{"type":"string"}}},"ip":{"type":"array","items":{"type":"object","properties":{"value":{"type":"string"}}}}}},"generic_network_priority":{"type":"object","properties":{"host":{"type":"object","properties":{"value":{"type":"string"}}},"domain":{"type":"object","properties":{"value":{"type":"string"}}},"ip":{"type":"array","items":{"type":"object","properties":{"value":{"type":"string"}}}},"priority":{"type":"integer"}}},"proximity":{"type":"object","properties":{"name":{"type":"string","default":"proximity"},"risk_score":{"type":"integer"}}},"threat_profile":{"type":"object","properties":{"name":{"type":"string","default":"threat_profile"},"risk_score":{"type":"integer"},"threats":{"type":"array","items":{"type":"string","enum":["malware","phishing"]}},"evidence":{"type":"array","items":{"type":"string","enum":["domain name","registrant","name server"]}}}},"threat_profile_malware":{"type":"object","properties":{"name":{"type":"string","default":"threat_profile_malware"},"risk_score":{"type":"integer"},"threats":{"type":"array","items":{"type":"string","enum":["malware"]}}}},"threat_profile_phishing":{"type":"object","properties":{"name":{"type":"string","default":"threat_profile_phishing"},"risk_score":{"type":"integer"},"threats":{"type":"array","items":{"type":"string","enum":["phishing"]}}}},"threat_profile_spam":{"type":"object","properties":{"name":{"type":"string","default":"threat_profile_spam"},"risk_score":{"type":"integer"}}},"account_information":{"type":"object","properties":{"response":{"type":"object","properties":{"account":{"type":"object","properties":{"api_username":{"type":"string"},"active":{"type":"boolean"}}},"products":{"type":"array","items":{"type":"object","properties":{"id":{"type":"string"},"per_month_limit":{"type":"string"},"per_minute_limit":{"type":"string"},"absolute_limit":{"type":"string"},"usage":{"type":"object","properties":{"today":{"type":"string"},"month":{"type":"string"}}},"expiration_date":{"type":"string"}}}}}}}},"Brand_Monitor":{"type":"object","properties":{"response":{"type":"object","properties":{"query":{"type":"string"},"exclude":{"type":"string"},"new":{"type":"boolean"},"on-hold":{"type":"boolean"},"date":{"type":"string"},"total":{"type":"integer"},"alerts":{"type":"array","items":{"type":"object","properties":{"domain":{"type":"string"},"status":{"type":"string"}}}}}}}},"Domain_Profile":{"type":"object","properties":{"response":{"type":"object","properties":{"registrant":{"type":"object","properties":{"name":{"type":"string"},"domain":{"type":"integer"},"product_url":{"type":"string"}}},"server":{"type":"object","properties":{"ip_address":{"type":"string"},"other_domains":{"type":"integer"},"product_url":{"type":"string"}}},"registration":{"type":"object","properties":{"created":{"type":"string"},"expires":{"type":"string"},"updated":{"type":"string"},"registrar":{"type":"string"},"statuses":{"type":"array","items":{"type":"string"}}}},"name_servers":{"type":"array","items":{"type":"object","properties":{"server":{"type":"string"},"product_url":{"type":"string"}}}},"history":{"type":"object","properties":{"registrar":{"type":"object","properties":{"earliest_event":{"type":"string"},"events":{"type":"integer"},"product_url":{"type":"string"}}},"name_server":{"type":"object","properties":{"events":{"type":"integer"},"timespan_in_years":{"type":"integer"},"product_url":{"type":"string"}}},"ip_address":{"type":"object","properties":{"events":{"type":"integer"},"timespan_in_years":{"type":"integer"},"product_url":{"type":"string"}}},"whois":{"type":"object","properties":{"records":{"type":"integer"},"earliest_event":{"type":"string"},"product_url":{"type":"string"}}}}},"seo":{"type":"object","properties":{"score":{"type":"integer"},"product_url":{"type":"string"}}},"website_data":{"type":"object","properties":{"response_code":{"type":"integer"},"title":{"type":"string"},"server":{"type":"string"},"meta":{"type":"array","items":{"type":"string"}},"product_url":{"type":"string"}}}}}}},"Domain_Reputation":{"type":"object","properties":{"response":{"type":"object","properties":{"domain":{"type":"string"},"risk_score":{"type":"string"},"reasons":{"type":"string"}}}}},"Domain_Risk_Score":{"type":"object","properties":{"response":{"type":"object","properties":{"domain":{"type":"string"},"risk_score":{"type":"integer"},"components":{"type":"array","items":{"type":"object","properties":{"name":{"type":"string","enum":["proximity","threat_profile","threat_profile_phishing","threat_profile_malware","threat_profile_spam"]},"risk_score":{"type":"integer"}}}}}}}},"Domain_Risk_Score_Evidence":{"type":"object","properties":{"response":{"type":"object","properties":{"domain":{"type":"string"},"risk_score":{"type":"integer"},"components":{"type":"array","items":{"type":"object","properties":{"name":{"type":"string","enum":["proximity","threat_profile","threat_profile_phishing","threat_profile_malware","threat_profile_spam"]},"risk_score":{"type":"integer"},"threats":{"type":"array","items":{"type":"string","enum":["phishing","malware","spam"]}},"evidence":{"type":"array","items":{"type":"string"}}}}}}}}},"Hosting_History":{"type":"object","properties":{"response":{"type":"object","properties":{"domain_name":{"type":"string"},"ip_history":{"type":"array","items":{"type":"object","properties":{"action":{"type":"string"},"action_in_words":{"type":"string"},"actiondate":{"type":"string"},"domain":{"type":"string"},"post_ip":{"type":"string"},"pre_ip":{"type":"string"}}}},"nameserver_history":{"type":"array","items":{"type":"object","properties":{"action":{"type":"string"},"action_in_words":{"type":"string"},"actiondate":{"type":"string"},"domain":{"type":"string"},"post_mns":{"type":"string"},"pre_mns":{"type":"string"}}}},"registrar_history":{"type":"array","items":{"type":"object","properties":{"date_created":{"type":"string"},"date_expires":{"type":"string"},"date_lastchecked":{"type":"string"},"date_updated":{"type":"string"},"domain":{"type":"string"},"registrar":{"type":"string"},"registrartag":{"type":"string"}}}}}}}},"IP_Monitor":{"type":"object","properties":{"response":{"type":"object","properties":{"limit":{"type":"integer"},"date":{"type":"string"},"ip_address":{"type":"string"},"total":{"type":"string"},"page":{"type":"integer"},"page_count":{"type":"integer"},"alerts":{"type":"array","items":{"type":"object","properties":{"previous_ip_address":{"type":"string"},"new_ip_address":{"type":"string"},"action":{"type":"string"},"domain":{"type":"string"}}}}}}}},"IP_Registrant_Monitor":{"type":"object","properties":{"response":{"type":"object","properties":{"record_count":{"type":"integer"},"modified":{"type":"array","items":{"type":"string"}},"page":{"type":"number"},"added":{"type":"array","items":{"type":"object","properties":{"ip_to":{"type":"string"},"organization":{"type":"string"},"record_ip":{"type":"string"},"record_date":{"type":"string"},"range":{"type":"string"},"ip_from":{"type":"string"},"server":{"type":"string"},"country":{"type":"string"}}}},"removed":{"type":"array","items":{"type":"object","properties":{"ip_to":{"type":"string"},"record_ip":{"type":"string"},"record_date":{"type":"string"},"range":{"type":"string"},"ip_from":{"type":"string"},"organization":{"type":"string"},"server":{"type":"string"},"country":{"type":"string"}}}},"has_more_pages":{"type":"string"},"date":{"type":"string"},"query":{"type":"string"}}}}},"Iris_result":{"type":"object","properties":{"domain":{"type":"string"},"whois_url":{"type":"string"},"adsense":{"$ref":"#/components/schemas/generic_value"},"alexa":{"type":"string"},"active":{"type":"boolean"},"google_analytics":{"$ref":"#/components/schemas/generic_value"},"admin_contact":{"$ref":"#/components/schemas/general_contact"},"billing_contact":{"$ref":"#/components/schemas/general_contact"},"registrant_contact":{"$ref":"#/components/schemas/general_contact"},"technical_contact":{"$ref":"#/components/schemas/general_contact"},"create_date":{"$ref":"#/components/schemas/generic_value"},"expiration_date":{"$ref":"#/components/schemas/generic_value"},"email_domain":{"type":"array","items":{"$ref":"#/components/schemas/generic_value"}},"soa_email":{"type":"array","items":{"$ref":"#/components/schemas/generic_value"}},"ssl_email":{"type":"array","items":{"$ref":"#/components/schemas/generic_value"}},"additional_whois_email":{"type":"array","items":{"$ref":"#/components/schemas/generic_value"}},"ip":{"type":"array","items":{"type":"object","properties":{"address":{"type":"string"},"asn":{"type":"array","items":{"properties":{"value":{"type":"string"}}}},"country_code":{"type":"object","properties":{"value":{"type":"string"}}},"isp":{"type":"object","properties":{"value":{"type":"string"}}}}}},"mx":{"type":"array","items":{"$ref":"#/components/schemas/generic_network_priority"}},"name_server":{"type":"array","items":{"$ref":"#/components/schemas/generic_network"}},"domain_risk":{"type":"object","properties":{"risk_score":{"type":"integer"},"components":{"type":"array","items":{"anyOf":[{"$ref":"#/components/schemas/proximity"},{"$ref":"#/components/schemas/threat_profile"},{"$ref":"#/components/schemas/threat_profile_malware"},{"$ref":"#/components/schemas/threat_profile_phishing"},{"$ref":"#/components/schemas/threat_profile_spam"}]}}}},"redirect":{"$ref":"#/components/schemas/generic_value"},"redirect_domain":{"$ref":"#/components/schemas/generic_value"},"registrant_name":{"$ref":"#/components/schemas/generic_value"},"registrant_org":{"$ref":"#/components/schemas/generic_value"},"registrar":{"$ref":"#/components/schemas/generic_value"},"registrar_status":{"type":"array","items":{"type":"string"}},"spf_info":{"type":"string"},"ssl_info":{"type":"array","items":{"type":"object","properties":{"hash":{"type":"object","properties":{"value":{"type":"string"},"subject":{"type":"object","properties":{"value":{"type":"string"}}},"organization":{"type":"object","properties":{"value":{"type":"string"}}},"email":{"type":"array","items":{"type":"string"}}}}}}},"tld":{"type":"string"},"website_response":{"type":"string"},"data_updated_timestamp":{"type":"string"},"tags":{"type":"array","items":{"type":"string"}}}},"Name_Server_Monitor":{"type":"object","properties":{"response":{"type":"object","properties":{"limit":{"type":"integer"},"date":{"type":"string"},"name_server":{"type":"string"},"total":{"type":"integer"},"page":{"type":"integer"},"page_count":{"type":"integer"},"alerts":{"type":"array","items":{"type":"object","properties":{"new_name_server":{"type":"string"},"old_name_server":{"type":"string"},"action":{"type":"string"},"domain":{"type":"string"}}}}}}}},"Parsed_Whois_Domain":{"type":"object","properties":{"response":{"type":"object","properties":{"registrant":{"type":"string"},"registration":{"type":"object","properties":{"created":{"type":"string"},"expires":{"type":"string"},"updated":{"type":"string"},"registrarv":{"type":"string"},"statuses":{"type":"array","items":{"type":"string"}}}},"name_servers":{"type":"array","items":{"type":"string"}},"parsed_whois":{"type":"object","properties":{"domain":{"type":"string"},"created_date":{"type":"string"},"updated_date":{"type":"string"},"expired_date":{"type":"string"},"statuses":{"type":"array","items":{"type":"string"}},"name_servers":{"type":"array","items":{"type":"string"}},"registrar":{"type":"object","properties":{"name":{"type":"string"},"abuse_contact_phone":{"type":"string"},"abuse_contact_email":{"type":"string"},"iana_id":{"type":"string"},"url":{"type":"string"},"whois_server":{"type":"string"}}},"contacts":{"type":"object","properties":{"registrant":{"$ref":"#/components/schemas/general_contact1"},"admin":{"$ref":"#/components/schemas/general_contact1"},"tech":{"$ref":"#/components/schemas/general_contact1"},"billing":{"$ref":"#/components/schemas/general_contact1"}}},"other_properties":{"type":"object","properties":{}}}},"whois":{"type":"object","properties":{"date":{"type":"string"},"record":{"type":"string"}}}}}}},"Parsed_Whois_IP":{"type":"object","properties":{"response":{"type":"object","properties":{"registrant":{"type":"string"},"record_source":{"type":"string"},"parsed_whois":{"type":"object","properties":{"networks":{"type":"array","items":{"type":"object","properties":{"id":{"type":"string"},"range":{"type":"object","properties":{"from":{"type":"string"},"to":{"type":"string"},"cidr":{"type":"array","items":{"type":"string"}},"count":{"type":"number"}}},"asn":{"type":"array","items":{"type":"string"}},"name":{"type":"string"},"org":{"type":"string"},"parent":{"type":"string"},"parent_id":{"type":"string"},"customer":{"type":"string"},"country":{"type":"string"},"phone":{"type":"array","items":{"type":"string"}},"descr":{"type":"array","items":{"type":"string"}},"contact_keys":{"type":"object","properties":{"org":{"type":"array","items":{"type":"string"}},"tech":{"type":"array","items":{"type":"string"}}}},"status":{"type":"string"},"remarks":{"type":"array","items":{"type":"string"}},"notify_email":{"type":"array","items":{"type":"string"}},"mnt_keys":{"type":"object","properties":{}},"created_date":{"type":"string"},"updated_date":{"type":"string"},"changed_by":{"type":"array","items":{"type":"string"}},"source":{"type":"string"},"ref":{"type":"string"},"other":{"type":"object","properties":{}}}}},"contacts":{"type":"array","items":{"type":"object","properties":{"id":{"type":"string"},"type":{"type":"string"},"name":{"type":"string"},"address":{"type":"array","items":{"type":"string"}},"country":{"type":"string"},"phone":{"type":"array","items":{"type":"string"}},"fax":{"type":"array","items":{"type":"string"}},"email":{"type":"array","items":{"type":"string"}},"descr":{"type":"array","items":{"type":"string"}},"contact_keys":{"type":"object","properties":{}},"remarks":{"type":"array","items":{"type":"string"}},"notify_email":{"type":"array","items":{"type":"string"}},"abuse_mailbox":{"type":"array","items":{"type":"string"}},"mnt_keys":{"type":"object","properties":{}},"created_date":{"type":"string"},"updated_date":{"type":"string"},"changed_by":{"type":"array","items":{"type":"string"}},"source":{"type":"string"},"ref":{"type":"string"},"other":{"type":"object","properties":{}}}}},"routes":{"type":"array","items":{"type":"string"}},"referral_servers":{"type":"array","items":{"type":"string"}},"other_properties":{"type":"array","items":{"type":"string"}}}},"whois":{"type":"object","properties":{"date":{"type":"string"},"record":{"type":"string"}}}}}}},"PhishEye_Term_List":{"type":"object","properties":{"response":{"type":"object","properties":{"terms":{"type":"array","items":{"type":"object","properties":{"term":{"type":"string"},"active":{"type":"boolean"},"user_monitor_count":{"type":"number"}}}}}}}},"PhishEye_Domain_List":{"type":"object","properties":{"response":{"type":"object","properties":{"term":{"type":"string"},"date":{"type":"string"},"domains":{"type":"array","items":{"type":"object","properties":{"domain":{"type":"string"},"tld":{"type":"string"},"created_date":{"type":"string"},"registrant_email":{"type":"string"},"name_servers":{"type":"array","items":{"type":"string"}},"registrar_name":{"type":"string"},"risk_score":{"type":"number"}}}}}}}},"Registrant_Monitor":{"type":"object","properties":{"response":{"type":"object","properties":{"query":{"type":"string"},"limit":{"type":"number"},"total":{"type":"number"},"date":{"type":"string"},"alerts":{"type":"array","items":{"type":"object","properties":{"domain":{"type":"string"},"match_type":{"type":"string"},"current_owner":{"type":"string"},"created":{"type":"string"},"modified":{"type":"string"},"last_owner":{"type":"string"}}}}}}}},"Reverse_IP":{"type":"object","properties":{"response":{"type":"object","properties":{"ip_addresses":{"type":"array","items":{"type":"object","properties":{"domain_count":{"type":"integer"},"domain_names":{"type":"array","items":{"type":"string"}},"ip_address":{"type":"string"}}}}}}}},"Reverse_IP_Whois_Query":{"type":"object","properties":{"response":{"type":"object","properties":{"has_more_pages":{"type":"boolean"},"page":{"type":"integer"},"total_count":{"type":"integer"},"record_count":{"type":"integer"},"records":{"type":"array","items":{"type":"object","properties":{"ip_from":{"type":"string"},"ip_to":{"type":"string"},"record_ip":{"type":"string"},"record_date":{"type":"string"},"server":{"type":"string"},"organization":{"type":"string"},"country":{"type":"string"},"range":{"type":"string"}}}}}}}},"Reverse_IP_Whois_IP":{"type":"object","properties":{"response":{"type":"object","properties":{"ip_from":{"type":"string"},"ip_to":{"type":"string"},"ip_from_alloc":{"type":"string"},"ip_to_alloc":{"type":"string"},"record_ip":{"type":"string"},"record_date":{"type":"string"},"server":{"type":"string"},"organization":{"type":"string"},"country":{"type":"string"},"range":{"type":"string"},"whois_record":{"type":"string"}}}}},"Reverse_Name_Server":{"type":"object","properties":{"response":{"type":"object","properties":{"name_server":{"type":"object","properties":{"hostname":{"type":"string"},"primary":{"type":"integer"},"secondary":{"type":"string"},"total":{"type":"integer"}}},"primary_domains":{"type":"array","items":{"type":"string"}},"secondary_domains":{"type":"array","items":{"type":"string"}}}}}},"Reverse_Whois":{"type":"object","properties":{"response":{"type":"object","properties":{"domain_count":{"type":"object","properties":{"current":{"type":"integer"},"historic":{"type":"integer"}}},"domains":{"type":"array","items":{"type":"string"}},"report_price":{"type":"object","properties":{"current":{"type":"integer"},"historic":{"type":"integer"}}}}}}},"Whois_History":{"type":"object","properties":{"response":{"type":"object","properties":{"record_count":{"type":"number"},"history":{"type":"array","items":{"type":"object","properties":{"date":{"type":"string"},"is_private":{"type":"string"},"whois":{"type":"object","properties":{"registrant":{"type":"string"},"registration":{"type":"object","properties":{"created":{"type":"string"},"expires":{"type":"string"},"registrar":{"type":"string"},"statuses":{"type":"array","items":{"type":"string"}}}},"name_servers":{"type":"array","items":{"type":"string"}},"server":{"type":"string"},"record":{"type":"string"}}}}}}}}}},"Whois_Lookup":{"type":"object","properties":{"response":{"type":"object","properties":{"registrant":{"type":"string"},"registration":{"type":"object","properties":{"created":{"type":"string"},"expires":{"type":"string"},"updated":{"type":"string"},"registrar":{"type":"string"},"statuses":{"type":"array","items":{"type":"string"}}}},"name_servers":{"type":"array","items":{"type":"string"}},"whois":{"type":"object","properties":{"date":{"type":"string"},"record":{"type":"string"}}}}}}},"monitor_list":{"type":"object","properties":{"total_count":{"type":"integer"},"offset":{"type":"integer"},"limit":{"type":"integer"},"monitors":{"type":"array","items":{"type":"object","properties":{"term":{"type":"string"},"match_substring_variations":{"type":"boolean"},"nameserver_exclusions":{"type":"array","items":{"type":"string"}},"text_exclusions":{"type":"array","items":{"type":"string"}},"id":{"type":"string"},"created_date":{"type":"string"},"updated_date":{"type":"string"},"state":{"type":"string","enum":["active","inactive"]},"status":{"type":"string"},"domain_counts":{"type":"object","properties":{"new":{"type":"integer"},"watched":{"type":"integer"},"escalated":{"type":"integer"},"changed":{"type":"integer"}}},"created_by":{"type":"string"}}}}}},"domains":{"type":"object","properties":{"watchlist_domains":{"type":"array","items":{"type":"object","properties":{"state":{"type":"string"},"domain":{"type":"string"},"status":{"type":"string","enum":["active","inactive"]},"discovered_date":{"type":"string"},"changed_date":{"type":"string"},"risk_score":{"type":"integer"},"risk_score_status":{"type":"string"},"risk_score_components":{"type":"object","properties":{"proximity":{"type":"integer"},"threat_profile":{"type":"object","properties":{"phishing":{"type":"integer"}}}}},"mx_exists":{"type":"boolean"},"tld":{"type":"string"},"id":{"type":"string"},"escalations":{"type":"object","properties":{"escalation_type":{"type":"string","enum":["blocked","google_safe"]},"id":{"type":"string"},"created":{"type":"string"},"created_by":{"type":"string"}}},"monitor_ids":{"type":"array","items":{"type":"string"}},"name_server":{"type":"array","items":{"type":"object","properties":{"host":{"type":"string"}}}},"registrant_contact_email":{"type":"array","items":{"type":"string"}},"registrar":{"type":"string"},"create_date":{"type":"string"},"ip":{"type":"array","items":{"type":"object","properties":{"country_code":{"type":"string"},"ip":{"type":"string"},"isp":{"type":"string"}}}},"mx":{"type":"array","items":{"type":"object","properties":{"host":{"type":"string"}}}}}}},"total_count":{"type":"integer"},"count":{"type":"integer"},"offset":{"type":"integer"},"limit":{"type":"integer"}}},"watchlist":{"type":"object","properties":{"watchlist_domains":{"type":"array","items":{"type":"object","properties":{"state":{"type":"string","enum":["watched","ignored"]},"domain":{"type":"string"},"discovered_date":{"type":"string"},"changed_date":{"type":"string"},"id":{"type":"string"},"assigned_by":{"type":"string"},"assigned_date":{"type":"string"}}}}}},"escalations":{"type":"object","properties":{"watchlist_domains":{"type":"array","items":{"type":"object","properties":{"state":{"type":"string"},"domain":{"type":"string"},"discovered_date":{"type":"string"},"changed_date":{"type":"string"},"id":{"type":"string"},"assigned_by":{"type":"string"},"assigned_date":{"type":"string"}}}}}}},"responses":{"206":{"description":"Results error out"},"400":{"description":"Query is malformed"},"403":{"description":"Error","content":{"application/json":{"schema":{"type":"object","properties":{"error":{"type":"object","properties":{"code":{"type":"integer"},"message":{"type":"string"}}},"resources":{"type":"object","properties":{"support":{"type":"string"}}}}}}}},"404":{"description":"Domain doesn't exist"},"500":{"description":"Hit a rate limit on our backend service"},"503":{"description":"Exceed your service level limits"},"200_iris":{"description":"OK","content":{"application/json":{"schema":{"type":"object","properties":{"response":{"type":"object","properties":{"limit_exceeded":{"type":"boolean"},"has_more_results":{"type":"boolean"},"message":{"type":"string"},"results_count":{"type":"integer"},"total_count":{"type":"integer"},"results":{"type":"array","items":{"$ref":"#/components/schemas/Iris_result"}},"missing_domains":{"type":"array","items":{"type":"string"}}}}}}}}}},"parameters":{"active":{"name":"active","in":"query","description":"Set to “true” to only return domains that have either an entry in the global DNS system, OR are listed as registered by the registry. Set to “false” to only return domains that do not have an entry in the global DNS system AND are not listed as registered by the registry.","required":false,"style":"form","explode":true,"schema":{"type":"boolean"}},"data_updated_after":{"name":"data_updated_after","in":"query","description":"Iris records that were updated on or after midnight on this date, in YYYY-MM-DD format. Must be paired with another parameter.\n\nExample: YYYY-MM-DD\n","required":false,"style":"form","explode":true,"schema":{"type":"string"}},"tld":{"name":"tld","in":"query","description":"Limit results to only include domains in a specific top-level domain","required":false,"style":"form","explode":true,"schema":{"type":"string"}},"create_date":{"name":"create_date","in":"query","description":"Only include domains created on a specific date\n\nExample: YYYY-MM-DD\n","required":false,"style":"form","explode":true,"schema":{"type":"string"}},"expiration_date":{"name":"expiration_date","in":"query","description":"Only include domains expiring on a specific date\n\nExample: YYYY-MM-DD\n","required":false,"style":"form","explode":true,"schema":{"type":"string"}},"not_tagged_with_any":{"name":"not_tagged_with_any","in":"query","description":"Exclude all domains which are tagged with ‘a specific’ tag/ ‘one-of-the’ tags in the Iris Investigation platform","required":false,"style":"form","explode":true,"schema":{"type":"string"}},"not_tagged_with_all":{"name":"not_tagged_with_all","in":"query","description":"Exclude all domains which are tagged with ‘a list of tags’ in the Iris Investigation platform","required":false,"style":"form","explode":true,"schema":{"type":"string"}},"include_inactive":{"name":"include_inactive","in":"query","description":"Use this parameter to display terms that may have been inactivated in users' lists.","required":false,"style":"form","explode":true,"schema":{"type":"boolean"}},"ip_version":{"name":"ip_version","in":"query","description":"Limits the query search results to a particular IP version. If omitted, the default is to query against IPv4. Valid options are 4 or 6.","required":false,"style":"form","explode":true,"schema":{"type":"integer","default":4,"enum":[4,6]}},"scope":{"name":"scope","in":"query","description":"Sets the scope of the report to include only current Whois records, or to include both current and historic records. Value must be current (the default) or historic.","required":false,"style":"form","explode":true,"schema":{"type":"string"}},"mode":{"name":"mode","in":"query","description":"An optional parameter that changes the mode of the API result\n\n* check_existence - checks if the domain exists in the DomainTools database. Returns a result of true or false.\n\n* count - Returns a record_count of how many historical records are associated with the queried domain.\n\n* list - This is the default for this parameter and returns the historical records associated with the domain.\n","required":false,"style":"form","explode":true,"schema":{"type":"string","enum":["check_existence","count","list"]}},"mode_reverse_whois":{"name":"mode","in":"query","description":"* quote : only lists the size and retail price of the query if you have per-domain pricing access\n* purchase : includes the complete list of domain names that match the query\n","required":false,"style":"form","explode":true,"schema":{"type":"string","enum":["quote","purchase"]}},"term_complex":{"name":"query","in":"query","description":"One or more terms, where the pipe character ( | )may be used as a logical AND to require that all strings be present in order to match.","required":true,"style":"form","explode":true,"schema":{"type":"string"}},"term_simple":{"name":"query","in":"query","description":"Each term in the query string must be at least three characters long. Use spaces to separate multiple terms, but be sure to URL encode the values before passing them to the API.","required":true,"style":"form","explode":true,"schema":{"type":"string"}},"term_reverse_whois":{"name":"terms","in":"query","description":"One or more terms, where the pipe character ( | )may be used as a logical AND to require that all strings be present in order to match.","required":true,"style":"form","explode":true,"schema":{"type":"string"}},"term_phisheye":{"name":"query","in":"query","description":"Term for which the day's domains are desired. Note that this must be a term that is already set up in the account before our processing cycle runs.","required":true,"style":"form","explode":true,"schema":{"type":"string"}},"term_ip_registrant_monitor":{"name":"query","in":"query","description":"A space separated list of free text query terms. Returns the list of IP ranges that satisfy the query. The query terms have the following rules:\n    \n+term: Term must be included in the results.\n  \n-term: Term must not be included in the results.\n    \nterm*: Term as a prefix must be included in the results.\n    \nNo modifiers: The search performed is a phrase searc\n","required":true,"style":"form","explode":true,"schema":{"type":"string"}},"max_length":{"name":"max_length","in":"query","description":"Limit the maximum domain character count.","required":false,"style":"form","explode":true,"schema":{"maxLength":65,"type":"integer"}},"min_length":{"name":"min_length","in":"query","description":"Limit the minimum domain character count.","required":false,"style":"form","explode":true,"schema":{"minLength":2,"type":"integer"}},"has_hyphen":{"name":"has_hyphen","in":"query","description":"Return results with hyphens in the domain name.","required":false,"style":"form","explode":true,"schema":{"type":"boolean"}},"has_number":{"name":"has_number","in":"query","description":"Return results with numbers in the domain name.","required":false,"style":"form","explode":true,"schema":{"type":"boolean"}},"active_only":{"name":"active_only","in":"query","description":"Return only domains currently registered.","required":false,"style":"form","explode":true,"schema":{"type":"boolean"}},"deleted_only":{"name":"deleted_only","in":"query","description":"Return only domains previously registered but not currently registered.","required":false,"style":"form","explode":true,"schema":{"type":"boolean"}},"anchor_left":{"name":"anchor_left","in":"query","description":"Return only domains that start with the query term.","required":false,"style":"form","explode":true,"schema":{"type":"boolean"}},"anchor_right":{"name":"anchor_right","in":"query","description":"Return only domains that end with the query term.","required":false,"style":"form","explode":true,"schema":{"type":"boolean"}},"page":{"name":"page","in":"query","description":"Sets the page of results to retrieve from the server.","required":false,"style":"form","explode":true,"schema":{"type":"integer"}},"page_limit":{"name":"page","in":"query","description":"Providing the page number allows access to additional pages of data. Results are returned 1000 ranges at a time. The maximum allowed value is 5.","required":false,"style":"form","explode":true,"schema":{"type":"integer","default":1,"enum":[1,2,3,4,5]}},"ip_address":{"name":"IP Address","in":"query","description":"The IP Address you wish to query","required":true,"style":"form","explode":true,"schema":{"type":"string","format":"ipv4"}},"ip_address_path":{"name":"query","in":"path","description":"The IP Address you wish to query","required":true,"style":"simple","explode":false,"schema":{"type":"string"}},"exclude_query":{"name":"exclude_query","in":"query","description":"Terms to exclude from matching — each term in the query string must be at least three characters long. Use spaces to separate multiple terms","required":false,"style":"form","explode":true,"schema":{"type":"string"}},"exclude":{"name":"exclude","in":"query","description":"Domain names with these words will be excluded from the result set. For exclusions of multiple terms, use the ( | ) character as a logical AND.","required":false,"style":"form","explode":true,"schema":{"type":"string"}},"domain_status":{"name":"domain_status","in":"query","description":"Sets the scope of domain names to search. By default, the API will search both new domain names and domains which are now on-hold (pending delete). To narrow your search to only one of these status codes, set this parameter to either new or on-hold.","required":false,"style":"form","explode":true,"schema":{"type":"string","enum":["new","on-hold"]}},"days_back":{"name":"days_back","in":"query","description":"Use this parameter in exceptional circumstances where you need to search domains registered up to six days prior to the current date. Set the value to an integer in the range of 1-6.","required":false,"style":"form","explode":true,"schema":{"type":"integer","enum":[1,2,3,4,5,6]}},"days_back_7":{"name":"days_back","in":"query","description":"Use this parameter in exceptional circumstances where you need to search domains registered up to six days prior to the current date. Set the value to an integer in the range of 1-6.","required":false,"style":"form","explode":true,"schema":{"type":"integer","enum":[1,2,3,4,5,6,7]}},"whois_server":{"name":"server","in":"query","description":"Limits results to ranges from a particular Whois server.\nDefault: (All whois servers)\n","required":false,"style":"form","explode":true,"schema":{"type":"string","enum":["whois.arin.net","whois.apnic.net","whois.ripe.net","whois.lacnic.net","whois.afrinic.net"]}},"search_type":{"name":"search_type","in":"query","description":"Type of changes to return","required":false,"style":"form","explode":true,"schema":{"type":"string","default":"all","enum":["all","additions","removals","modifications"]}},"include_total_count":{"name":"include_total_count","in":"query","description":"Returns the total number of results for a query. This should typically be used only for the first page of a large result set.","required":false,"style":"form","explode":true,"schema":{"type":"boolean"}},"country":{"name":"country","in":"query","description":"Limits results to IP addresses allocated to an entity with a particular country. Valid options are ISO 3166-1 two character country codes.\n    \nDefault: (All country codes)\n","required":false,"style":"form","explode":true,"schema":{"type":"string"}},"domain":{"name":"domain","in":"query","description":"domain name","required":true,"style":"form","explode":true,"schema":{"type":"string"}},"domain_not":{"name":"domain","in":"query","description":"Domain (e.g. name.tld) to be investigated or comma-separated list of domains","required":false,"style":"form","explode":true,"schema":{"type":"string"}},"domain_list":{"name":"domain","in":"query","description":"Domain (e.g. name.tld) to be investigated or comma-separated list of domains","required":true,"style":"form","explode":true,"schema":{"type":"string"}},"format":{"name":"format","in":"query","description":"data format","required":false,"style":"form","explode":true,"schema":{"type":"string","enum":["json","xml","html"]}},"position":{"name":"position","in":"query","description":"retrieve the next result set","required":false,"style":"form","explode":true,"schema":{"type":"string"}},"ip_domain_path":{"name":"query","in":"path","description":"domain names or ip address","required":true,"style":"simple","explode":false,"schema":{"type":"string"}},"domain_path":{"name":"query","in":"path","description":"domain names","required":true,"style":"simple","explode":false,"schema":{"type":"string"}},"domain_query":{"name":"query","in":"query","description":"domain names","required":true,"style":"form","explode":true,"schema":{"type":"string"}},"ip":{"name":"ip","in":"query","description":"IPv4 address the registered domain was last known to point to during an active DNS check","required":false,"style":"form","explode":true,"schema":{"type":"string","format":"ipv4"}},"email":{"name":"email","in":"query","description":"Email address from the most recently available Whois record, DNS SOA record or SSL certificate","required":false,"style":"form","explode":true,"schema":{"type":"string","format":"email"}},"email_domain":{"name":"email_domain","in":"query","description":"Only the domain portion of a Whois or DNS SOA email address","required":false,"style":"form","explode":true,"schema":{"type":"string"}},"nameserver_host":{"name":"nameserver_host","in":"query","description":"Fully-qualified host name of the name server","required":false,"style":"form","explode":true,"schema":{"type":"string"}},"nameserver_domain":{"name":"nameserver_domain","in":"query","description":"Registered domain portion of the name server","required":false,"style":"form","explode":true,"schema":{"type":"string"}},"nameserver_ip":{"name":"nameserver_ip","in":"query","description":"IP address of the name server","required":false,"style":"form","explode":true,"schema":{"type":"string","format":"ipv4"}},"registrar":{"name":"registrar","in":"query","description":"Exact match to the Whois registrar field","required":false,"style":"form","explode":true,"schema":{"type":"string"}},"registrant":{"name":"registrant","in":"query","description":"Exact match to the Whois registrant field","required":false,"style":"form","explode":true,"schema":{"type":"string"}},"registrant_org":{"name":"registrant_org","in":"query","description":"Exact match to the Whois registrant organization field","required":false,"style":"form","explode":true,"schema":{"type":"string"}},"mailserver_host":{"name":"mailserver_host","in":"query","description":"Fully-qualified host name of the mail server (mx.domaintools.net)  Reverse MX","required":false,"style":"form","explode":true,"schema":{"type":"string"}},"tagged_with_any":{"name":"tagged_with_any","in":"query","description":"Comma-separated list of Iris Investigate tags. Returns domains tagged with any of the tags in a list","required":false,"style":"form","explode":true,"schema":{"type":"string"}},"tagged_with_all":{"name":"tagged_with_all","in":"query","description":"Comma-separated list of tags. Only returns domains tagged with the full list of tags","required":false,"style":"form","explode":true,"schema":{"type":"string"}},"mailserver_domain":{"name":"mailserver_domain","in":"query","description":"Only the registered domain portion of the mail server (domaintools.net)","required":false,"style":"form","explode":true,"schema":{"type":"string"}},"mailserver_ip":{"name":"mailserver_ip","in":"query","description":"IP address of the mail server","required":false,"style":"form","explode":true,"schema":{"type":"string"}},"redirect_domain":{"name":"redirect_domain","in":"query","description":"Find domains observed to redirect to another domain name","required":false,"style":"form","explode":true,"schema":{"type":"string"}},"ssl_hash":{"name":"ssl_hash","in":"query","description":"SSL certificate SHA-1 hash","required":false,"style":"form","explode":true,"schema":{"type":"string"}},"ssl_org":{"name":"ssl_org","in":"query","description":"Exact match to the organization name on the SSL certificate","required":false,"style":"form","explode":true,"schema":{"type":"string"}},"ssl_subject":{"name":"ssl_subject","in":"query","description":"Subject field from the SSL certificate","required":false,"style":"form","explode":true,"schema":{"type":"string"}},"ssl_email":{"name":"ssl_email","in":"query","description":"Email address from the SSL certificate","required":false,"style":"form","explode":true,"schema":{"type":"string","format":"email"}},"google_analytics":{"name":"google_analytics","in":"query","description":"Domains with a Google Analytics tracking code","required":false,"style":"form","explode":true,"schema":{"type":"string"}},"adsense":{"name":"adsense","in":"query","description":"Domains with a Google AdSense tracking code","required":false,"style":"form","explode":true,"schema":{"type":"string"}},"search_hash":{"name":"search_hash","in":"query","description":"Encoded search from the Iris UI","required":false,"style":"form","explode":true,"schema":{"type":"string"}},"monitor_id":{"name":"monitor_id","in":"query","description":"Monitor ID from the monitors response - only used when requesting domains for specific monitors.","required":false,"style":"form","explode":true,"schema":{"type":"string"}},"escalation_types":{"name":"escalation_types[]","in":"query","description":"Filters on specific escalation types","required":false,"style":"form","explode":true,"schema":{"type":"string","enum":["blocked","google_safe"]}},"tlds":{"name":"tlds[]","in":"query","description":"Filters on specific TLDs","required":false,"style":"form","explode":true,"schema":{"type":"string"}},"risk_score_ranges":{"name":"risk_score_ranges[]","in":"query","description":"Filters on domains with a risk score in different ranges","required":false,"style":"form","explode":true,"schema":{"type":"string","enum":["0-0","1-39","40-69","70-99","100-100"]}},"mx_exists":{"name":"mx_exists","in":"query","description":"Filters on specific escalation types","required":false,"style":"form","explode":true,"schema":{"type":"boolean"}},"domain_state":{"name":"domain_state","in":"query","description":"domain state","required":false,"style":"form","explode":true,"schema":{"type":"string","enum":["active","inactive"]}},"discovered_since":{"name":"discovered_since","in":"query","description":"Most relevant for the /new endpoint to control the timeframe for when a new domain was discovered. \n\nExample: 2022-02-10 00:00:00\n","required":false,"style":"form","explode":true,"schema":{"type":"string"}},"changed_since":{"name":"changed_since","in":"query","description":"Most relevant for the /watched endpoint to control the timeframe for changes to DNS or Whois fields for watched domains.\n\nExample: 2022-02-10 00:00:00\n","required":false,"style":"form","explode":true,"schema":{"type":"string"}},"escalated_since":{"name":"escalated_since","in":"query","description":"Most relevant for the /watched endpoint to control the timeframe for when a domain was most recently escalated\n\nExample: 2022-02-10 00:00:00\n","required":false,"style":"form","explode":true,"schema":{"type":"string"}},"search":{"name":"search","in":"query","description":"A “contains” search for domain name","required":false,"style":"form","explode":true,"schema":{"type":"string"}},"sort":{"name":"sort","in":"query","description":"Sort the records returned in either ascending or descending order.","required":false,"style":"form","explode":true,"schema":{"type":"string","enum":["date_asc","date_desc"]}},"sort_detect":{"name":"sort[]","in":"query","description":"Sort order of domain list response","required":false,"style":"form","explode":true,"schema":{"type":"string","enum":["domain_discovered","domain_changed","risk_score"]}},"order":{"name":"order","in":"query","description":"Ordering options for sorting","required":false,"style":"form","explode":true,"schema":{"type":"string","enum":["asc","desc"]}},"include_domain_data":{"name":"include_domain_data","in":"query","description":"Includes DNS and Whois details","required":false,"style":"form","explode":true,"schema":{"type":"boolean"}},"offset":{"name":"offset","in":"query","description":"For paginating requests beyond the limit","required":false,"style":"form","explode":true,"schema":{"type":"integer"}},"limit_no":{"name":"limit","in":"query","description":"Specify the maximum number of records to retrieve in an API query.","required":false,"style":"form","explode":true,"schema":{"type":"integer"}},"limit":{"name":"limit","in":"query","description":"Specify the maximum number of records to retrieve in an API query.","required":false,"style":"form","explode":true,"schema":{"maximum":1E+2,"minimum":1,"type":"integer"}},"limit_detect":{"name":"limit","in":"query","description":"Limits result size.\n\n50 if include_domain_data=true\n","required":false,"style":"form","explode":true,"schema":{"type":"integer"}},"preview":{"name":"preview","in":"query","description":"Use during API implementation and testing.\n\nWill limit results to 10 but not be limited by hourly restrictions. \n","required":false,"style":"form","explode":true,"schema":{"type":"boolean"}}},"requestBodies":{"iris_investigate":{"content":{"application/x-www-form-urlencoded":{"schema":{"type":"object","properties":{"api_username":{"type":"string","description":"Your API username"},"api_key":{"type":"string","description":"Your API key","format":"password"},"domain":{"type":"string","description":"Domain (e.g. name.tld) to be investigated or comma-separated list of domains"},"ip":{"type":"string","description":"IPv4 address the registered domain was last known to point to during an active DNS check","format":"ipv4"},"email":{"type":"string","description":"Email address from the most recently available Whois record, DNS SOA record or SSL certificate","format":"email"},"email_domain":{"type":"string","description":"Only the domain portion of a Whois or DNS SOA email address"},"nameserver_host":{"type":"string","description":"Fully-qualified host name of the name server"},"nameserver_domain":{"type":"string","description":"Registered domain portion of the name server"},"nameserver_ip":{"type":"string","description":"IP address of the name server","format":"ipv4"},"registrar":{"type":"string","description":"Exact match to the Whois registrar field"},"registrant":{"type":"string","description":"Exact match to the Whois registrant field"},"registrant_org":{"type":"string","description":"Exact match to the Whois registrant organization field"},"mailserver_host":{"type":"string","description":"Fully-qualified host name of the mail server (mx.domaintools.net) Reverse MX"},"tagged_with_any":{"type":"string","description":"Comma-separated list of Iris Investigate tags. Returns domains tagged with any of the tags in a list"},"tagged_with_all":{"type":"string","description":"Comma-separated list of tags. Only returns domains tagged with the full list of tags"},"mailserver_domain":{"type":"string","description":"Only the registered domain portion of the mail server (domaintools.net)"},"mailserver_ip":{"type":"string","description":"IP address of the mail server","format":"ipv4"},"redirect_domain":{"type":"string","description":"Find domains observed to redirect to another domain name"},"ssl_hash":{"type":"string","description":"SSL certificate SHA-1 hash"},"ssl_org":{"type":"string","description":"Exact match to the organization name on the SSL certificate"},"ssl_subject":{"type":"string","description":"Subject field from the SSL certificate"},"ssl_email":{"type":"string","description":"Email address from the SSL certificate","format":"email"},"google_analytics":{"type":"string","description":"Domains with a Google Analytics tracking code"},"adsense":{"type":"string","description":"Domains with a Google AdSense tracking code"},"search_hash":{"type":"string","description":"Encoded search from the Iris UI"},"format":{"type":"string","description":"data format","default":"json","enum":["json","xml","html"]},"position":{"type":"string","description":"retrieve the next result set"},"active":{"type":"boolean","description":"Set to “true” to only return domains that have either an entry in the global DNS system, OR are listed as registered by the registry. Set to “false” to only return domains that do not have an entry in the global DNS system AND are not listed as registered by the registry."},"data_updated_after":{"type":"string","description":"Iris records that were updated on or after midnight on this date, in YYYY-MM-DD format. Must be paired with another parameter.\n\nExample: YYYY-MM-DD\n","format":"date"},"tld":{"type":"string","description":"Limit results to only include domains in a specific top-level domain"},"create_date":{"type":"string","description":"Only include domains created on a specific date\n\nExample: YYYY-MM-DD\n","format":"date"},"expiration_date":{"type":"string","description":"Only include domains expiring on a specific date\n\nExample: YYYY-MM-DD\n","format":"date"},"not_tagged_with_any":{"type":"string","description":"Exclude all domains which are tagged with ‘a specific’ tag/ ‘one-of-the’ tags in the Iris Investigation platform"},"not_tagged_with_all":{"type":"string","description":"Exclude all domains which are tagged with ‘a list of tags’ in the Iris Investigation platform"}}}}},"required":true}},"securitySchemes":{"api_Username":{"type":"apiKey","name":"api_username","in":"query"},"api_Key":{"type":"apiKey","name":"api_key","in":"query"}}}}