{"openapi":"3.0.0","info":{"title":"Pup Public API","description":"This is a test API for some public facing data queries","contact":{"email":"angus@powerupsports.com"},"license":{"name":"Apache 2.0","url":"http://www.apache.org/licenses/LICENSE-2.0.html"},"version":"1.0.0"},"servers":[{"url":"https://virtserver.swaggerhub.com/EastSideAngus/pupdev2/1.0.0","description":"SwaggerHub API Auto Mocking"}],"tags":[{"name":"admins","description":"Secured Admin-only calls"},{"name":"developers","description":"Operations available to regular developers"}],"paths":{"/schedule":{"get":{"tags":["developers"],"summary":"Returns a schedule of events for a division or specific team","description":"By passing in the appropriate options, you can return a schedule for a single team or all teams in a particular division\n","operationId":"getSchedule","parameters":[{"name":"season","in":"query","description":"season identifier","required":false,"style":"form","explode":true,"schema":{"minimum":0,"type":"integer","format":"int32"}},{"name":"category","in":"query","description":"category identifier","required":false,"style":"form","explode":true,"schema":{"minimum":0,"type":"integer","format":"int32"}},{"name":"division","in":"query","description":"category identifier","required":false,"style":"form","explode":true,"schema":{"minimum":0,"type":"integer","format":"int32"}},{"name":"team","in":"query","description":"category identifier","required":false,"style":"form","explode":true,"schema":{"minimum":0,"type":"integer","format":"int32"}},{"name":"skip","in":"query","description":"number of records to skip for pagination","required":false,"style":"form","explode":true,"schema":{"minimum":0,"type":"integer","format":"int32"}},{"name":"limit","in":"query","description":"maximum number of records to return","required":false,"style":"form","explode":true,"schema":{"maximum":5E+1,"minimum":0,"type":"integer","format":"int32"}}],"responses":{"200":{"description":"search results matching criteria","content":{"application/json":{"schema":{"type":"array","items":{"$ref":"#/components/schemas/InventoryItem"}}}}},"400":{"description":"bad input parameter"}}}}},"components":{"schemas":{"InventoryItem":{"required":["id","manufacturer","name","releaseDate"],"type":"object","properties":{"id":{"type":"string","format":"uuid","example":"d290f1ee-6c54-4b01-90e6-d701748f0851"},"name":{"type":"string","example":"Widget Adapter"},"releaseDate":{"type":"string","format":"date-time","example":"2016-08-29T09:12:33.001Z"},"manufacturer":{"$ref":"#/components/schemas/Manufacturer"}}},"Manufacturer":{"required":["name"],"type":"object","properties":{"name":{"type":"string","example":"ACME Corporation"},"homePage":{"type":"string","format":"url","example":"https://www.acme-corp.com"},"phone":{"type":"string","example":"408-867-5309"}}}}}}