{"openapi":"3.0.0","info":{"title":"FAX API","description":"Olive's Faxing API (FAX API)\n","termsOfService":"http://swagger.io/terms/","contact":{"email":"eidher.escalona@oliveai.com"},"license":{"name":"Apache 2.0","url":"http://www.apache.org/licenses/LICENSE-2.0.html"},"version":"1.0.0"},"externalDocs":{"description":"Find out more about Swagger","url":"http://swagger.io"},"servers":[{"url":"https://virtserver.swaggerhub.com/Eidher/FAX-API/1.0.0","description":"SwaggerHub API Auto Mocking"},{"url":"https://fax.oliveai.com/api/v1","description":"Production server"},{"url":"https://fax.stg.oliveai.com/api/v1","description":"Staging server"},{"url":"https://fax.dev.oliveai.com/api/v1","description":"Development server"}],"tags":[{"name":"fax","description":"Operations related to faxes"}],"paths":{"/fax":{"get":{"tags":["fax"],"summary":"Query faxes","description":"Query faxes based on multiple criteria.","operationId":"queryFaxes","responses":{"200":{"description":"successful operation","content":{"application/json":{"schema":{"type":"array","items":{"$ref":"#/components/schemas/Fax"}}}}},"400":{"description":"Invalid tag value"},"401":{"description":"Access token is missing or invalid"}},"security":[{"bearerAuth":[]}]},"post":{"tags":["fax"],"summary":"Asynchronously create a fax job.","operationId":"createFaxJob","requestBody":{"$ref":"#/components/requestBodies/Fax"},"responses":{"401":{"description":"Access token is missing or invalid"},"405":{"description":"Invalid input"}}}},"/fax/{faxId}":{"get":{"tags":["fax"],"summary":"Get a fax by its ID","description":"Get a fax by its ID","operationId":"getFaxById","parameters":[{"name":"faxId","in":"path","description":"ID of fax to return","required":true,"style":"simple","explode":false,"schema":{"type":"string","format":"uuid"}}],"responses":{"200":{"description":"Successful operation","content":{"application/json":{"schema":{"$ref":"#/components/schemas/Fax"}}}},"400":{"description":"Invalid tag value"},"401":{"description":"Access token is missing or invalid"}},"security":[{"bearerAuth":[]}]}},"/fax/{faxId}/status":{"get":{"tags":["fax"],"summary":"Query faxes","description":"Get a fax status by its ID","operationId":"getStatusByFaxId","parameters":[{"name":"faxId","in":"path","description":"ID of fax to return","required":true,"style":"simple","explode":false,"schema":{"type":"string","format":"uuid"}}],"responses":{"200":{"description":"Successful operation","content":{"application/json":{"schema":{"$ref":"#/components/schemas/Status"}}}},"400":{"description":"Invalid tag value"},"401":{"description":"Access token is missing or invalid"}},"security":[{"bearerAuth":[]}]}},"/customer":{"get":{"tags":["customer"],"summary":"Query customers","description":"Query customers based on multiple criteria.","operationId":"queryCustomers","parameters":[{"name":"start","in":"query","description":"start","required":true,"style":"form","explode":true,"schema":{"type":"number"}},{"name":"limit","in":"query","description":"limit","required":true,"style":"form","explode":true,"schema":{"type":"number"}}],"responses":{"200":{"description":"successful operation","content":{"application/json":{"schema":{"type":"array","items":{"$ref":"#/components/schemas/Customer"}}}}},"400":{"description":"Invalid tag value"},"401":{"description":"Access token is missing or invalid"}},"security":[{"bearerAuth":[]}]},"post":{"tags":["customer"],"summary":"Asynchronously create a customer job.","operationId":"createCustomerJob","requestBody":{"$ref":"#/components/requestBodies/Customer"},"responses":{"401":{"description":"Access token is missing or invalid"},"405":{"description":"Invalid input"}},"security":[{"bearerAuth":[]}]}},"/customer/{customerId}":{"get":{"tags":["customer"],"summary":"Get a customer by its ID","description":"Get a customer by its ID","operationId":"getCustomerById","parameters":[{"name":"customerId","in":"path","description":"ID of customer to return","required":true,"style":"simple","explode":false,"schema":{"type":"string","format":"uuid"}}],"responses":{"200":{"description":"Successful operation","content":{"application/json":{"schema":{"$ref":"#/components/schemas/Customer"}}}},"400":{"description":"Invalid tag value"},"401":{"description":"Access token is missing or invalid"}},"security":[{"bearerAuth":[]}]},"put":{"tags":["customer"],"summary":"Updates a customer","operationId":"updateCustomerJob","parameters":[{"name":"customerId","in":"path","description":"ID of customer to return","required":true,"style":"simple","explode":false,"schema":{"type":"string","format":"uuid"}}],"requestBody":{"$ref":"#/components/requestBodies/Customer"},"responses":{"405":{"description":"Invalid input"}},"security":[{"bearerAuth":[]}]},"delete":{"tags":["customer"],"summary":"Deletes a customer","operationId":"deleteCustomerJob","parameters":[{"name":"customerId","in":"path","description":"ID of customer to return","required":true,"style":"simple","explode":false,"schema":{"type":"string","format":"uuid"}}],"responses":{"401":{"description":"Access token is missing or invalid"},"405":{"description":"Invalid input"}},"security":[{"bearerAuth":[]}]}}},"components":{"schemas":{"Customer":{"type":"object","properties":{"_id":{"type":"string","format":"uuid"},"name":{"type":"string"},"maxRetries":{"type":"number"},"createdAt":{"type":"string","format":"date-time"},"updatedAt":{"type":"string","format":"date-time"},"deletedAt":{"type":"string","format":"date-time"}}},"Document":{"required":["content"],"type":"object","properties":{"type":{"type":"string","default":"pdf","enum":["pdf"]},"content":{"type":"string","description":"Base64-encoded contects of the pdf document","format":"byte"},"description":{"type":"string","description":"Document description. Optional."}}},"Fax":{"type":"object","properties":{"_id":{"type":"string","format":"uuid"},"status":{"type":"string","enum":["FAX_JOB_SUCCEEDED","FAX_JOB_PENDING","FAX_JOB_FAILED"]},"faxNumber":{"maxLength":12,"minLength":7,"type":"string"},"companyName":{"type":"string"},"contactPerson":{"type":"string"},"coverSheet":{"type":"string"},"document":{"type":"string"},"customerId":{"type":"string","format":"uuid"},"organizationId":{"type":"string","format":"uuid"},"createdAt":{"type":"string","format":"date-time"},"updatedAt":{"type":"string","format":"date-time"},"deletedAt":{"type":"string","format":"date-time"}}},"Status":{"required":["code"],"type":"object","properties":{"code":{"type":"string","enum":["FAX_JOB_SUCCEEDED","FAX_JOB_PENDING","FAX_JOB_FAILED"]},"description":{"type":"string","description":"Status description. Optional"}}},"ApiResponse":{"type":"object","properties":{"code":{"type":"integer","format":"int32"},"type":{"type":"string"},"message":{"type":"string"}}}},"responses":{"UnauthorizedError":{"description":"Access token is missing or invalid"}},"requestBodies":{"Fax":{"description":"Fax object that needs to be sent","content":{"application/json":{"schema":{"type":"object","properties":{"document":{"type":"string"},"coverSheet":{"type":"string"},"faxNumber":{"maxLength":12,"minLength":7,"type":"string"},"companyName":{"type":"string"},"contactPerson":{"type":"string"},"customerId":{"type":"string","format":"uuid"},"organizationId":{"type":"string","format":"uuid"}}}}},"required":true},"Customer":{"description":"Fax object that needs to be sent","content":{"application/json":{"schema":{"type":"object","properties":{"name":{"type":"string"},"maxRetries":{"type":"number"}}}}},"required":true}},"securitySchemes":{"bearerAuth":{"type":"http","scheme":"bearer","bearerFormat":"JWT"}}}}