{"openapi":"3.0.0","info":{"title":"EcOptimaApi","description":"Proste Api do Optimy","contact":{"email":"you@your-company.com"},"license":{"name":"Apache 2.0","url":"http://www.apache.org/licenses/LICENSE-2.0.html"},"version":"1.0.0"},"servers":[{"url":"http://localhost","description":"New Server 1"}],"tags":[{"name":"Magazyn","description":"Pobieranie stanów magazynowych"},{"name":"Towary","description":"Informacje o towarach"},{"name":"Cena","description":"Ceny Towarów"},{"name":"AtrybutyTowaru","description":"Pobieranie atrybutów towaru"}],"paths":{"/stany-magazynowe/magazyn/{MagId}":{"get":{"tags":["Magazyn"],"summary":"Pobieranie stanu magazynowego","description":"Pobiera stany magazynowe towarów","operationId":"PobierzStanyMag","parameters":[{"name":"MagId","in":"path","description":"Id magazynu z którego pobieramy dostępną ilość towaru","required":true,"style":"simple","explode":false,"schema":{"minimum":1,"type":"integer","format":"int32"}},{"name":"dni","in":"query","description":"Produkty których stan magazynowych zmienił się w ciągu X ostatnich dni","required":false,"style":"form","explode":true,"schema":{"minimum":1,"type":"integer","format":"int32"}},{"name":"TwrIds","in":"query","description":"Id towarów dla których pobieramy stan magazynowy","required":false,"style":"form","explode":false,"schema":{"minItems":1,"type":"array","format":"int32","items":{"type":"integer"}}},{"name":"skip","in":"query","description":"number of records to skip for pagination","required":false,"style":"form","explode":true,"schema":{"minimum":0,"type":"integer","format":"int32"}},{"name":"limit","in":"query","description":"maximum number of records to return","required":false,"style":"form","explode":true,"schema":{"maximum":1E+4,"minimum":0,"type":"integer","format":"int32"}}],"responses":{"200":{"description":"search results matching criteria","content":{"application/json":{"schema":{"type":"array","items":{"$ref":"#/components/schemas/IloscItem"}}}}},"400":{"description":"Błędne parametry"}}},"post":{"tags":["Magazyn"],"summary":"Pobieranie stanu magazynowego","description":"Pobiera stany magazynowe towarów","operationId":"PobierzStanyMagPost","parameters":[{"name":"MagId","in":"path","description":"Id magazynu z którego pobieramy dostępną ilość towaru","required":true,"style":"simple","explode":false,"schema":{"minimum":1,"type":"integer","format":"int32"}},{"name":"dni","in":"query","description":"Produkty których stan magazynowych zmienił się w ciągu X ostatnich dni","required":false,"style":"form","explode":true,"schema":{"minimum":1,"type":"integer","format":"int32"}},{"name":"TwrIds","in":"query","description":"Id towarów dla których pobieramy stan magazynowy","required":false,"style":"form","explode":false,"schema":{"minItems":1,"type":"array","format":"int32","items":{"type":"integer"}}},{"name":"skip","in":"query","description":"number of records to skip for pagination","required":false,"style":"form","explode":true,"schema":{"minimum":0,"type":"integer","format":"int32"}},{"name":"limit","in":"query","description":"maximum number of records to return","required":false,"style":"form","explode":true,"schema":{"maximum":1E+4,"minimum":0,"type":"integer","format":"int32"}}],"requestBody":{"description":"Lista TwrId dla których chcemy pobrać cenę","content":{"application/json":{"schema":{"type":"array","items":{"type":"integer"}}}},"required":true},"responses":{"200":{"description":"search results matching criteria","content":{"application/json":{"schema":{"type":"array","items":{"$ref":"#/components/schemas/IloscItem"}}}}},"400":{"description":"Błędne parametry"}}}},"/stany-magazynowe/ilosc-towaru":{"post":{"tags":["Magazyn"],"summary":"Pobieranie stanu magazynowego","description":"Pobiera dostępną ilość towaru z wybranych magazynów","operationId":"PobierzIloscTowaru","parameters":[{"name":"MagId","in":"query","description":"Lista magazynów  z których sumujemy dostępną ilość towaru","required":true,"style":"form","explode":true,"schema":{"type":"array","items":{"minimum":1,"format":"int32"}}},{"name":"dni","in":"query","description":"Produkty których stan magazynowych zmienił się w ciągu X ostatnich dni","required":false,"style":"form","explode":true,"schema":{"minimum":1,"type":"integer","format":"int32"}},{"name":"skip","in":"query","description":"number of records to skip for pagination","required":false,"style":"form","explode":true,"schema":{"minimum":0,"type":"integer","format":"int32"}},{"name":"limit","in":"query","description":"maximum number of records to return","required":false,"style":"form","explode":true,"schema":{"maximum":1E+4,"minimum":0,"type":"integer","format":"int32"}}],"requestBody":{"description":"Lista TwrId dla których chcemy pobrać cenę","content":{"application/json":{"schema":{"type":"array","items":{"type":"integer"}}}},"required":true},"responses":{"200":{"description":"search results matching criteria","content":{"application/json":{"schema":{"type":"array","items":{"$ref":"#/components/schemas/IloscTowaruItem"}}}}},"400":{"description":"Błędne parametry"}}}},"/stany-magazynowe/towary/{TwrId}/Magazyn/{MagId}":{"get":{"tags":["Magazyn"],"summary":"Pobiera stan magazynowy towaru","description":"Pobieranie stanu magazynowego dla pojedńczego towaru z określonego magazynu","operationId":"PobierzStanMagazynowyDlaTowaru","parameters":[{"name":"TwrId","in":"path","description":"Id Towaru dla którego pobieramy dostępną ilość","required":true,"style":"simple","explode":true,"schema":{"type":"integer","format":"int32"}},{"name":"MagId","in":"path","description":"Id Magazynu","required":true,"style":"simple","explode":false,"schema":{"minimum":0,"type":"integer","format":"int32"}}],"responses":{"200":{"description":"search results matching criteria","content":{"application/json":{"schema":{"$ref":"#/components/schemas/IloscItem"}}}},"400":{"description":"Błędne parametry"}}}},"/magazyn/magazyny-def":{"get":{"tags":["Magazyn"],"summary":"Pobiera listę magazynów","description":"Pobierz listę magazynów","operationId":"PobierzDefMagazyny","responses":{"200":{"description":"search results matching criteria","content":{"application/json":{"schema":{"type":"array","items":{"$ref":"#/components/schemas/MagazynItem"}}}}},"400":{"description":"Błędne"}}}},"/ceny/cennik/{CennikId}":{"get":{"tags":["Cena"],"summary":"Pobiera Cennik","description":"Pobieranie ceny towarów dla określonej Ceny(CennikId)","operationId":"PobierzCennik","parameters":[{"name":"CennikId","in":"path","description":"Id Cennika z którego pobieramy ceny","required":true,"style":"simple","explode":false,"schema":{"type":"integer"}},{"name":"skip","in":"query","description":"number of records to skip for pagination","required":false,"style":"form","explode":true,"schema":{"minimum":0,"type":"integer","format":"int32"}},{"name":"limit","in":"query","description":"maximum number of records to return","required":false,"style":"form","explode":true,"schema":{"maximum":1E+4,"minimum":0,"type":"integer","format":"int32"}}],"responses":{"200":{"description":"search results matching criteria","content":{"application/json":{"schema":{"type":"array","items":{"$ref":"#/components/schemas/CennikItem"}}}}},"400":{"description":"Błędne parametry"}}},"post":{"tags":["Cena"],"summary":"Pobiera Ceny tylko dla wybranych towarów","operationId":"PobierzCennikPost","parameters":[{"name":"CennikId","in":"path","description":"Id Cennika z którego pobieramy ceny","required":true,"style":"simple","explode":false,"schema":{"type":"integer"}}],"requestBody":{"description":"Optional description in *Markdown*","content":{"application/json":{"schema":{"type":"array","items":{"type":"integer"}}}},"required":true},"responses":{"200":{"description":"search results matching criteria","content":{"application/json":{"schema":{"type":"array","items":{"$ref":"#/components/schemas/CennikItem"}}}}},"400":{"description":"Błędne parametry"}}}},"/cena/ceny/{CenaId}/towary/{TwrId}":{"get":{"tags":["Cena"],"summary":"Pobiera cenę dla towaru","description":"Pobieranie ceny towaru z określonego Cennika(CennikId)","operationId":"PobierzCeneTowaru","parameters":[{"name":"CenaId","in":"path","description":"Id Cennika z którego pobieramy ceny","required":true,"style":"simple","explode":false,"schema":{"type":"integer"}},{"name":"TwrId","in":"path","description":"Id Towaru dla którego pobieramy cenę","required":true,"style":"simple","explode":false,"schema":{"type":"integer"}},{"name":"skip","in":"query","description":"number of records to skip for pagination","required":false,"style":"form","explode":true,"schema":{"minimum":0,"type":"integer","format":"int32"}},{"name":"limit","in":"query","description":"maximum number of records to return","required":false,"style":"form","explode":true,"schema":{"maximum":1E+4,"minimum":0,"type":"integer","format":"int32"}}],"responses":{"200":{"description":"search results matching criteria","content":{"application/json":{"schema":{"$ref":"#/components/schemas/CennikItem"}}}},"400":{"description":"Błędne parametry"}}}},"/cena/towary/{TwrId}":{"get":{"tags":["Cena"],"summary":"Pobieranie cen określonego towaru.","description":"Pobieranie cen towaru","operationId":"PobierzCenyTowaru","parameters":[{"name":"TwrId","in":"path","description":"Id Towaru dla którego pobieramy cenę","required":true,"style":"simple","explode":false,"schema":{"type":"integer"}}],"responses":{"200":{"description":"search results matching criteria","content":{"application/json":{"schema":{"type":"array","items":{"$ref":"#/components/schemas/CennikItem"}}}}},"400":{"description":"Błędne parametry"}}}},"/cena/ceny-def":{"get":{"tags":["Cena"],"summary":"Pobieranie definicji cen.","description":"Pobieranie definicji cen","operationId":"PobierzDefCeny","responses":{"200":{"description":"Ceny definicje","content":{"application/json":{"schema":{"type":"array","items":{"$ref":"#/components/schemas/CenyDefItem"}}}}},"400":{"description":"Błędne parametry"}}}},"/atrybuty-towaru/towary/{TwrId}/atrybut-towaru/{AttrKod}":{"get":{"tags":["AtrybutyTowaru"],"summary":"Pobieranie atrybutów","description":"Pobiera atrybut","operationId":"PobierzAtrybut","parameters":[{"name":"TwrId","in":"path","description":"Id Towaru dla którego pobieramy atrybut","required":true,"style":"simple","explode":false,"schema":{"type":"integer","format":"int32"}},{"name":"AttrKod","in":"path","description":"Kod Atrybutu","required":true,"style":"simple","explode":false,"schema":{"type":"string"}}],"responses":{"200":{"description":"Zwraca wartosc atrybutu towaru 'components/schemas/AtrybutTowaruItem'","content":{"application/json":{"schema":{"$ref":"#/components/schemas/AtrybutTowaruItem"}}}},"400":{"description":"Błędne parametry"}}}},"/atrybuty-towaru/towary/{TwrId}/atrybut/{AttrKod}":{"put":{"tags":["AtrybutyTowaru"],"summary":"Ustawianie atrybutu towaru.","description":"Ustawia atrybut","operationId":"UstawAtrybut","parameters":[{"name":"TwrId","in":"path","description":"Id Towaru dla którego pobieramy atrybut","required":true,"style":"simple","explode":false,"schema":{"type":"integer","format":"int32"}},{"name":"AttrKod","in":"path","description":"Kod Atrybutu","required":true,"style":"simple","explode":false,"schema":{"type":"string"}}],"requestBody":{"description":"Wartość którą ustawiamy atrybutowi","content":{"application/json":{"schema":{"$ref":"#/components/schemas/AtrybutTowaruWartoscItem"}}},"required":true},"responses":{"200":{"description":"Pomyślnie wykonano"},"400":{"description":"Błędne parametry"}}}},"/atrybuty-towaru/wartosc/{AttrKod}":{"put":{"tags":["AtrybutyTowaru"],"summary":"Zmienia wartosc istniejacego atrybutu produktu na okreslona wartosc","description":"Ustawia","operationId":"ZmienWszystkimProduktomWartoscAtrybutu","parameters":[{"name":"AttrKod","in":"path","description":"Kod Atrybutu","required":true,"style":"simple","explode":false,"schema":{"type":"string"}}],"requestBody":{"description":"Wartość którą ustawiamy atrybutowi","content":{"application/json":{"schema":{"$ref":"#/components/schemas/AtrybutTowaruWartoscItem"}}},"required":true},"responses":{"200":{"description":"Pomyślnie wykonano"},"400":{"description":"Błędne parametry"}}}},"/atrybuty-towaru/{AttrKod}":{"delete":{"tags":["AtrybutyTowaru"],"summary":"Usuwanie atrybutów z towarów.","description":"Usuwa atrybut o podanym kodzie ze wszystkich produktów","operationId":"WyczyscAtrybutTowaru","parameters":[{"name":"AttrKod","in":"path","description":"Kod Atrybutu","required":true,"style":"simple","explode":false,"schema":{"type":"string"}}],"responses":{"200":{"description":"Pomyślnie wykonano"},"400":{"description":"Błędne parametry"}}}},"/atrybuty-towaru":{"post":{"tags":["AtrybutyTowaru"],"summary":"Ustawianie atrybutów towaru masowo.","description":"Ustawia atrybuty","operationId":"UstawAtrybuty","requestBody":{"description":"Wartość którą ustawiamy atrybutowi","content":{"application/json":{"schema":{"type":"array","items":{"$ref":"#/components/schemas/AtrybutTowaruItem"}}}},"required":true},"responses":{"200":{"description":"Pomyślnie wykonano"},"400":{"description":"Błędne parametry"}}}}},"components":{"schemas":{"CennikItem":{"required":["CennikId","TwrId","Typ","Wartosc"],"type":"object","properties":{"CennikId":{"type":"integer","format":"int64","example":2},"TwrId":{"type":"integer","format":"int64","example":567},"Wartosc":{"type":"number","format":"double","example":56.7},"Typ":{"type":"integer","example":1},"Waluta":{"type":"string","example":"PLN"}}},"IloscItem":{"required":["Ilosc","MagId","TwrId","id"],"type":"object","properties":{"id":{"type":"integer","format":"int64","example":408},"TwrId":{"type":"integer","format":"int64","example":567},"MagId":{"type":"integer","format":"int64","example":1},"Data":{"type":"string","format":"date-time","example":"2021-11-29T09:12:33.001Z"},"Ilosc":{"type":"number","format":"double","example":4},"Wartosc":{"type":"number","format":"double","example":0},"Braki":{"type":"number","format":"double","example":0},"Rezerwacje":{"type":"number","format":"double","example":0},"Zamowienia":{"type":"number","format":"double","example":0}}},"IloscTowaruItem":{"required":["Ilosc","TwrId"],"type":"object","properties":{"TwrId":{"type":"integer","format":"int64","example":567},"Ilosc":{"type":"number","format":"double","example":4}}},"MagazynItem":{"required":["Id","Nazwa","Symbol"],"type":"object","properties":{"Id":{"type":"integer","format":"int64","example":408},"Symbol":{"type":"string","example":"Jakaś nazwa"},"Nazwa":{"type":"string","example":"567"}}},"CenyDefItem":{"required":["Id","Nazwa","Symbol"],"type":"object","properties":{"Id":{"type":"integer","format":"int64","example":408},"Symbol":{"type":"string","example":"SymbolNazwa"},"Nazwa":{"type":"string","example":"567"}}},"TowarItem":{"required":["Id","Kod","Nazwa"],"type":"object","properties":{"Id":{"type":"integer","format":"int64","example":408},"Kod":{"type":"string","example":"SymbolNazwa"},"Nazwa":{"type":"string","example":"567"}}},"AtrybutTowaruItem":{"required":["Kod","TwrId","Wartosc"],"type":"object","properties":{"TwrId":{"type":"integer","format":"int64","example":5899},"KodAtrybutu":{"type":"string","example":"KodNazwa"},"Nazwa":{"type":"string","example":"567"},"Wartosc":{"$ref":"#/components/schemas/AtrybutTowaruWartoscItem"}}},"AtrybutTowaruWartoscItem":{"type":"object","properties":{"Wartosc":{"type":"string"}}}}}}