{"openapi":"3.0.0","info":{"title":"B2C Customer API","description":"","version":"1.0"},"servers":[{"url":"https://virtserver.swaggerhub.com/ENCAMINA/B2CCustomerAPI/1.0","description":"SwaggerHub API Auto Mocking"}],"paths":{"/ValidateCustomerByPolicy":{"get":{"tags":["SignUp"],"summary":"Validate a customer using policy identifier","parameters":[{"name":"dni","in":"query","required":true,"style":"form","explode":true,"schema":{"type":"string"}},{"name":"bornDate","in":"query","required":true,"style":"form","explode":true,"schema":{"type":"string"}},{"name":"policyId","in":"query","required":true,"style":"form","explode":true,"schema":{"type":"string"}}],"responses":{"200":{"description":"Customer found","content":{"application/json":{"schema":{"$ref":"#/components/schemas/CustomerValidationResponse"}}}},"404":{"description":"Customer not found"}}}},"/ValidateCustomerByBank":{"get":{"tags":["SignUp"],"summary":"Validate a customer using las four digits of his bank account","parameters":[{"name":"dni","in":"query","required":true,"style":"form","explode":true,"schema":{"type":"string"}},{"name":"bornDate","in":"query","required":true,"style":"form","explode":true,"schema":{"type":"string"}},{"name":"lastDigitsBankAccount","in":"query","required":true,"style":"form","explode":true,"schema":{"type":"string"}}],"responses":{"200":{"description":"Customer found","content":{"application/json":{"schema":{"$ref":"#/components/schemas/CustomerValidationResponse"}}}},"404":{"description":"Customer not found"}}}},"/ValidateCustomer":{"get":{"tags":["SignIn"],"summary":"Validate a customer using Customer Identifier (DNI or NIE)","parameters":[{"name":"customerId","in":"query","required":true,"style":"form","explode":true,"schema":{"type":"string"}}],"responses":{"200":{"description":"Customer found"},"404":{"description":"Customer not found"}}}}},"components":{"schemas":{"CustomerValidationResponse":{"type":"object","properties":{"customerId":{"type":"string","format":"string"}}}}}}