{"openapi":"3.0.0","info":{"title":"Fundamentals API","description":"Fundamentals API","version":"v1-oas3"},"servers":[{"url":"https://api.plataformafasttrade.com.br/fundamentals-api/","description":"Production"},{"url":"https://hml-api.plataformafasttrade.com.br/fundamentals-api/","description":"Sandbox"}],"paths":{"/summary":{"get":{"tags":["Fundamentals"],"summary":"Requisição utilizada para buscar um resumo da situação atual da empresa","parameters":[{"name":"symbol","in":"query","description":"Símbolo da empresa","required":false,"style":"form","explode":true,"schema":{"type":"string"},"example":"PETR"},{"name":"price","in":"query","description":"Preço da ação com base no qual os indicadores de valuation serão calculados.","required":false,"style":"form","explode":true,"schema":{"type":"string"},"example":10.5},{"name":"login","in":"query","description":"Login","required":false,"style":"form","explode":true,"schema":{"type":"string"}},{"name":"password","in":"query","description":"Senha (Criptografada em MD5)","required":false,"style":"form","explode":true,"schema":{"type":"string"}}],"responses":{"200":{"description":"Success","content":{"application/json":{"schema":{"$ref":"#/components/schemas/summary"}}}}}}},"/indicators":{"get":{"tags":["Fundamentals"],"summary":"Requisição utilizada para buscar os indicadores da empresa","parameters":[{"name":"symbol","in":"query","description":"Símbolo da empresa","required":false,"style":"form","explode":true,"schema":{"type":"string"},"example":"PETR"},{"name":"date","in":"query","description":"Data a ser consultada","required":false,"style":"form","explode":true,"schema":{"type":"string"},"example":"2020-06-30"},{"name":"id","in":"query","description":"Id do indicador a ser pesquisado","required":false,"style":"form","explode":true,"schema":{"type":"string"},"example":"GROSS_MARGIN, EBITDA_MARGIN, NET_MARGIN, CURRENT_RATIO, QUICK_RATIO"},{"name":"period","in":"query","description":"Trimestre a ser consultado","required":false,"style":"form","explode":true,"schema":{"type":"string"},"example":"1T2011"},{"name":"price","in":"query","description":"Preço da ação com base no qual os indicadores de valuation serão calculados.","required":false,"style":"form","explode":true,"schema":{"type":"string"},"example":10.5},{"name":"login","in":"query","description":"Login","required":false,"style":"form","explode":true,"schema":{"type":"string"}},{"name":"password","in":"query","description":"Senha (Criptografada em MD5)","required":false,"style":"form","explode":true,"schema":{"type":"string"}}],"responses":{"200":{"description":"Success,","content":{"application/json":{"schema":{"$ref":"#/components/schemas/indicators"}}}}}}},"/reports":{"get":{"tags":["Fundamentals"],"summary":"Requisição utilizada para buscar os demonstrativos contábeis da empresa","parameters":[{"name":"symbol","in":"query","description":"Símbolo da empresa","required":false,"style":"form","explode":true,"schema":{"type":"string"},"example":"PETR"},{"name":"period","in":"query","description":"Trimestre a ser consultado","required":false,"style":"form","explode":true,"schema":{"type":"string"},"example":"1T2011"},{"name":"reference_date","in":"query","description":"Data de referência do demonstrativo a ser pesquisado","required":false,"style":"form","explode":true,"schema":{"type":"string"},"example":"2020-12-31"},{"name":"type","in":"query","description":"Tipo de demonstrativo","required":false,"style":"form","explode":true,"schema":{"type":"string"},"example":"BPA_ind, BPP_ind, DRE_ind, DVA_ind, DFC_MD_ind, DFC_MI_ind, BPA_con, BPP_con, DRE_con, DVA_con, DFC_MD_con, DFC_MI_con"},{"name":"login","in":"query","description":"Login","required":false,"style":"form","explode":true,"schema":{"type":"string"}},{"name":"password","in":"query","description":"Senha (Criptografada em MD5)","required":false,"style":"form","explode":true,"schema":{"type":"string"}}],"responses":{"200":{"description":"Success,","content":{"application/json":{"schema":{"$ref":"#/components/schemas/reports"}}}}}}}},"components":{"schemas":{"summary":{"type":"object","properties":{"data":{"type":"object","properties":{"company":{"type":"object","properties":{"name":{"type":"string"},"trading_name":{"type":"string"},"cnpj":{"type":"string"},"symbol":{"type":"string"}}},"indicators":{"type":"object","properties":{"Indicadores de Eficiência":{"type":"object","properties":{"Margem Bruta":{"type":"object","properties":{"value":{"type":"number"},"value_string":{"type":"string"}}},"Margem EBITDA":{"type":"object","properties":{"value":{"type":"number"},"value_string":{"type":"string"}}},"Margem EBIT":{"type":"object","properties":{"value":{"type":"number"},"value_string":{"type":"string"}}},"Margem Líquida":{"type":"object","properties":{"value":{"type":"number"},"value_string":{"type":"string"}}}}},"Indicadores de Endividamento":{"type":"object","properties":{"Liquidez Geral":{"type":"object","properties":{"value":{"type":"number"},"value_string":{"type":"string"}}},"Liquidez Seca":{"type":"object","properties":{"value":{"type":"number"},"value_string":{"type":"string"}}},"Liquidez Imediata":{"type":"object","properties":{"value":{"type":"number"},"value_string":{"type":"string"}}},"Liquidez Corrente":{"type":"object","properties":{"value":{"type":"number"},"value_string":{"type":"string"}}},"DL/PL":{"type":"object","properties":{"value":{"type":"number"},"value_string":{"type":"string"}}},"DL/EBIT":{"type":"object","properties":{"value":{"type":"number"},"value_string":{"type":"string"}}},"DL/EBITDA":{"type":"object","properties":{"value":{"type":"number"},"value_string":{"type":"string"}}},"Debt Ratio":{"type":"object","properties":{"value":{"type":"number"},"value_string":{"type":"string"}}},"PL/Ativos":{"type":"object","properties":{"value":{"type":"number"},"value_string":{"type":"string"}}},"Passivos/Ativos":{"type":"object","properties":{"value":{"type":"number"},"value_string":{"type":"string"}}},"Financial Leverage":{"type":"object","properties":{"value":{"type":"integer","format":"int32"},"value_string":{"type":"string"}}},"Interest Coverage Ratio":{"type":"object","properties":{"value":{"type":"number"},"value_string":{"type":"string"}}},"Ativo/Patrimônio Líquido":{"type":"object","properties":{"value":{"type":"number"},"value_string":{"type":"string"}}},"Patrimônio Líquido/Ativo":{"type":"object","properties":{"value":{"type":"number"},"value_string":{"type":"string"}}}}},"Indicadores de Rentabilidade":{"type":"object","properties":{"Return on Equity":{"type":"object","properties":{"value":{"type":"number"},"value_string":{"type":"string"}}},"Return on Assets":{"type":"object","properties":{"value":{"type":"number"},"value_string":{"type":"string"}}},"Return on Invested Capital":{"type":"object","properties":{"value":{"type":"number"},"value_string":{"type":"string"}}},"Return on Capital Employed":{"type":"object","properties":{"value":{"type":"number"},"value_string":{"type":"string"}}},"Giro do Ativo":{"type":"object","properties":{"value":{"type":"number"},"value_string":{"type":"string"}}},"Return on Sales":{"type":"object","properties":{"value":{"type":"number"},"value_string":{"type":"string"}}}}},"Indicadores de Valuation":{"type":"object","properties":{"P/L":{"type":"object","properties":{"value":{"type":"number"},"value_string":{"type":"string"}}},"EV/EBIT":{"type":"object","properties":{"value":{"type":"number"},"value_string":{"type":"string"}}},"EV/EBITDA":{"type":"object","properties":{"value":{"type":"number"},"value_string":{"type":"string"}}},"P/EBITDA":{"type":"object","properties":{"value":{"type":"number"},"value_string":{"type":"string"}}},"P/EBIT":{"type":"object","properties":{"value":{"type":"number"},"value_string":{"type":"string"}}},"P/VP":{"type":"object","properties":{"value":{"type":"number"},"value_string":{"type":"string"}}},"VPA":{"type":"object","properties":{"value":{"type":"number"},"value_string":{"type":"string"}}},"P/Ativo":{"type":"object","properties":{"value":{"type":"number"},"value_string":{"type":"string"}}},"LPA":{"type":"object","properties":{"value":{"type":"number"},"value_string":{"type":"string"}}},"P/Cap. Giro":{"type":"object","properties":{"value":{"type":"number"},"value_string":{"type":"string"}}},"P/Ativo Circulante Líquido":{"type":"object","properties":{"value":{"type":"number"},"value_string":{"type":"string"}}},"P/SR":{"type":"object","properties":{"value":{"type":"number"},"value_string":{"type":"string"}}}}},"Indicadores de Banco":{"type":"object","properties":{"Margem Financeira dos Ativos":{"type":"object","properties":{"value":{"type":"number"},"value_string":{"type":"string"}}},"Margem Financeira Bruta":{"type":"object","properties":{"value":{"type":"number"},"value_string":{"type":"string"}}},"Indice de Eficiencia":{"type":"object","properties":{"value":{"type":"integer","format":"int32"},"value_string":{"type":"string"}}}}},"Indicadores de Liquidez":{"type":"object","properties":{"Interest Coverage Ratio":{"type":"object","properties":{"value":{"type":"number"},"value_string":{"type":"string"}}}}}}},"balance":{"type":"object","properties":{"Patrimônio Líquido":{"type":"object","properties":{"value":{"type":"integer","format":"int64"},"value_string":{"type":"string"}}},"Ativos":{"type":"object","properties":{"value":{"type":"integer","format":"int64"},"value_string":{"type":"string"}}},"Disponibilidade":{"type":"object","properties":{"value":{"type":"integer","format":"int64"},"value_string":{"type":"string"}}},"Ativo Circulante":{"type":"object","properties":{"value":{"type":"integer","format":"int64"},"value_string":{"type":"string"}}},"Dívida Bruta":{"type":"object","properties":{"value":{"type":"integer","format":"int64"},"value_string":{"type":"string"}}},"Dívida Líquida":{"type":"object","properties":{"value":{"type":"integer","format":"int64"},"value_string":{"type":"string"}}},"Valor de Mercado":{"type":"object","properties":{"value":{"type":"integer","format":"int64"},"value_string":{"type":"string"}}},"Valor de Firma":{"type":"object","properties":{"value":{"type":"integer","format":"int64"},"value_string":{"type":"string"}}},"Quantidade de Ações":{"type":"object","properties":{"value":{"type":"integer","format":"int64"},"value_string":{"type":"string"}}}}},"statement":{"type":"object","properties":{"annual":{"type":"object","properties":{"2020-12-31":{"type":"object","properties":{"Receita Líquida":{"type":"object","properties":{"value":{"type":"integer","format":"int64"},"value_string":{"type":"string"}}},"Custos":{"type":"object","properties":{"value":{"type":"integer","format":"int64"},"value_string":{"type":"string"}}},"Lucro Líquido":{"type":"object","properties":{"value":{"type":"integer","format":"int64"},"value_string":{"type":"string"}}},"Caixa":{"type":"object","properties":{"value":{"type":"integer","format":"int64"},"value_string":{"type":"string"}}},"EBITDA":{"type":"object","properties":{"value":{"type":"integer","format":"int64"},"value_string":{"type":"string"}}},"ROE":{"type":"object","properties":{"value":{"type":"number"},"value_string":{"type":"string"}}},"Margem Líquida":{"type":"object","properties":{"value":{"type":"number"},"value_string":{"type":"string"}}},"Dívida Líquida":{"type":"object","properties":{"value":{"type":"integer","format":"int64"},"value_string":{"type":"string"}}}}},"2019-12-31":{"type":"object","properties":{"Receita Líquida":{"type":"object","properties":{"value":{"type":"integer","format":"int64"},"value_string":{"type":"string"}}},"Custos":{"type":"object","properties":{"value":{"type":"integer","format":"int64"},"value_string":{"type":"string"}}},"Lucro Líquido":{"type":"object","properties":{"value":{"type":"integer","format":"int64"},"value_string":{"type":"string"}}},"Caixa":{"type":"object","properties":{"value":{"type":"integer","format":"int64"},"value_string":{"type":"string"}}},"EBITDA":{"type":"object","properties":{"value":{"type":"integer","format":"int64"},"value_string":{"type":"string"}}},"ROE":{"type":"object","properties":{"value":{"type":"number"},"value_string":{"type":"string"}}},"Margem Líquida":{"type":"object","properties":{"value":{"type":"number"},"value_string":{"type":"string"}}},"Dívida Líquida":{"type":"object","properties":{"value":{"type":"integer","format":"int64"},"value_string":{"type":"string"}}}}},"2018-12-31":{"type":"object","properties":{"Receita Líquida":{"type":"object","properties":{"value":{"type":"integer","format":"int64"},"value_string":{"type":"string"}}},"Custos":{"type":"object","properties":{"value":{"type":"integer","format":"int64"},"value_string":{"type":"string"}}},"Lucro Líquido":{"type":"object","properties":{"value":{"type":"integer","format":"int64"},"value_string":{"type":"string"}}},"Caixa":{"type":"object","properties":{"value":{"type":"integer","format":"int64"},"value_string":{"type":"string"}}},"EBITDA":{"type":"object","properties":{"value":{"type":"integer","format":"int64"},"value_string":{"type":"string"}}},"ROE":{"type":"object","properties":{"value":{"type":"number"},"value_string":{"type":"string"}}},"Margem Líquida":{"type":"object","properties":{"value":{"type":"number"},"value_string":{"type":"string"}}},"Dívida Líquida":{"type":"object","properties":{"value":{"type":"integer","format":"int64"},"value_string":{"type":"string"}}}}},"2017-12-31":{"type":"object","properties":{"Receita Líquida":{"type":"object","properties":{"value":{"type":"integer","format":"int64"},"value_string":{"type":"string"}}},"Custos":{"type":"object","properties":{"value":{"type":"integer","format":"int64"},"value_string":{"type":"string"}}},"Lucro Líquido":{"type":"object","properties":{"value":{"type":"integer","format":"int32"},"value_string":{"type":"string"}}},"Caixa":{"type":"object","properties":{"value":{"type":"integer","format":"int64"},"value_string":{"type":"string"}}},"EBITDA":{"type":"object","properties":{"value":{"type":"integer","format":"int64"},"value_string":{"type":"string"}}},"ROE":{"type":"object","properties":{"value":{"type":"number"},"value_string":{"type":"string"}}},"Margem Líquida":{"type":"object","properties":{"value":{"type":"number"},"value_string":{"type":"string"}}},"Dívida Líquida":{"type":"object","properties":{"value":{"type":"integer","format":"int64"},"value_string":{"type":"string"}}}}},"2016-12-31":{"type":"object","properties":{"Receita Líquida":{"type":"object","properties":{"value":{"type":"integer","format":"int64"},"value_string":{"type":"string"}}},"Custos":{"type":"object","properties":{"value":{"type":"integer","format":"int64"},"value_string":{"type":"string"}}},"Lucro Líquido":{"type":"object","properties":{"value":{"type":"integer","format":"int64"},"value_string":{"type":"string"}}},"Caixa":{"type":"object","properties":{"value":{"type":"integer","format":"int64"},"value_string":{"type":"string"}}},"EBITDA":{"type":"object","properties":{"value":{"type":"integer","format":"int64"},"value_string":{"type":"string"}}},"ROE":{"type":"object","properties":{"value":{"type":"number"},"value_string":{"type":"string"}}},"Margem Líquida":{"type":"object","properties":{"value":{"type":"number"},"value_string":{"type":"string"}}},"Dívida Líquida":{"type":"object","properties":{"value":{"type":"integer","format":"int64"},"value_string":{"type":"string"}}}}},"2015-12-31":{"type":"object","properties":{"Receita Líquida":{"type":"object","properties":{"value":{"type":"integer","format":"int64"},"value_string":{"type":"string"}}},"Custos":{"type":"object","properties":{"value":{"type":"integer","format":"int64"},"value_string":{"type":"string"}}},"Lucro Líquido":{"type":"object","properties":{"value":{"type":"integer","format":"int64"},"value_string":{"type":"string"}}},"Caixa":{"type":"object","properties":{"value":{"type":"integer","format":"int64"},"value_string":{"type":"string"}}},"EBITDA":{"type":"object","properties":{"value":{"type":"integer","format":"int64"},"value_string":{"type":"string"}}},"ROE":{"type":"object","properties":{"value":{"type":"number"},"value_string":{"type":"string"}}},"Margem Líquida":{"type":"object","properties":{"value":{"type":"number"},"value_string":{"type":"string"}}},"Dívida Líquida":{"type":"object","properties":{"value":{"type":"integer","format":"int64"},"value_string":{"type":"string"}}}}},"2014-12-31":{"type":"object","properties":{"Receita Líquida":{"type":"object","properties":{"value":{"type":"integer","format":"int64"},"value_string":{"type":"string"}}},"Custos":{"type":"object","properties":{"value":{"type":"integer","format":"int64"},"value_string":{"type":"string"}}},"Lucro Líquido":{"type":"object","properties":{"value":{"type":"integer","format":"int64"},"value_string":{"type":"string"}}},"Caixa":{"type":"object","properties":{"value":{"type":"integer","format":"int64"},"value_string":{"type":"string"}}},"EBITDA":{"type":"object","properties":{"value":{"type":"integer","format":"int64"},"value_string":{"type":"string"}}},"ROE":{"type":"object","properties":{"value":{"type":"number"},"value_string":{"type":"string"}}},"Margem Líquida":{"type":"object","properties":{"value":{"type":"number"},"value_string":{"type":"string"}}},"Dívida Líquida":{"type":"object","properties":{"value":{"type":"integer","format":"int64"},"value_string":{"type":"string"}}}}},"2013-12-31":{"type":"object","properties":{"Receita Líquida":{"type":"object","properties":{"value":{"type":"integer","format":"int64"},"value_string":{"type":"string"}}},"Custos":{"type":"object","properties":{"value":{"type":"integer","format":"int64"},"value_string":{"type":"string"}}},"Lucro Líquido":{"type":"object","properties":{"value":{"type":"integer","format":"int64"},"value_string":{"type":"string"}}},"Caixa":{"type":"object","properties":{"value":{"type":"integer","format":"int64"},"value_string":{"type":"string"}}},"EBITDA":{"type":"object","properties":{"value":{"type":"integer","format":"int64"},"value_string":{"type":"string"}}},"ROE":{"type":"object","properties":{"value":{"type":"number"},"value_string":{"type":"string"}}},"Margem Líquida":{"type":"object","properties":{"value":{"type":"number"},"value_string":{"type":"string"}}},"Dívida Líquida":{"type":"object","properties":{"value":{"type":"integer","format":"int64"},"value_string":{"type":"string"}}}}},"2012-12-31":{"type":"object","properties":{"Receita Líquida":{"type":"object","properties":{"value":{"type":"integer","format":"int64"},"value_string":{"type":"string"}}},"Custos":{"type":"object","properties":{"value":{"type":"integer","format":"int64"},"value_string":{"type":"string"}}},"Lucro Líquido":{"type":"object","properties":{"value":{"type":"integer","format":"int64"},"value_string":{"type":"string"}}},"Caixa":{"type":"object","properties":{"value":{"type":"integer","format":"int64"},"value_string":{"type":"string"}}},"EBITDA":{"type":"object","properties":{"value":{"type":"integer","format":"int64"},"value_string":{"type":"string"}}},"ROE":{"type":"object","properties":{"value":{"type":"number"},"value_string":{"type":"string"}}},"Margem Líquida":{"type":"object","properties":{"value":{"type":"number"},"value_string":{"type":"string"}}},"Dívida Líquida":{"type":"object","properties":{"value":{"type":"integer","format":"int64"},"value_string":{"type":"string"}}}}},"2011-12-31":{"type":"object","properties":{"Receita Líquida":{"type":"object","properties":{"value":{"type":"integer","format":"int64"},"value_string":{"type":"string"}}},"Custos":{"type":"object","properties":{"value":{"type":"integer","format":"int64"},"value_string":{"type":"string"}}},"Lucro Líquido":{"type":"object","properties":{"value":{"type":"integer","format":"int64"},"value_string":{"type":"string"}}},"Caixa":{"type":"object","properties":{"value":{"type":"integer","format":"int64"},"value_string":{"type":"string"}}},"EBITDA":{"type":"object","properties":{"value":{"type":"integer","format":"int64"},"value_string":{"type":"string"}}},"ROE":{"type":"object","properties":{"value":{"type":"number"},"value_string":{"type":"string"}}},"Margem Líquida":{"type":"object","properties":{"value":{"type":"number"},"value_string":{"type":"string"}}},"Dívida Líquida":{"type":"object","properties":{"value":{"type":"integer","format":"int64"},"value_string":{"type":"string"}}}}}}},"quarterly":{"type":"object","properties":{"2021-03-31":{"type":"object","properties":{"Receita Líquida":{"type":"object","properties":{"value":{"type":"integer","format":"int64"},"value_string":{"type":"string"}}},"Custos":{"type":"object","properties":{"value":{"type":"integer","format":"int64"},"value_string":{"type":"string"}}},"Lucro Líquido":{"type":"object","properties":{"value":{"type":"integer","format":"int32"},"value_string":{"type":"string"}}},"Caixa":{"type":"object","properties":{"value":{"type":"integer","format":"int64"},"value_string":{"type":"string"}}},"EBITDA":{"type":"object","properties":{"value":{"type":"integer","format":"int64"},"value_string":{"type":"string"}}},"ROE":{"type":"object","properties":{"value":{"type":"number"},"value_string":{"type":"string"}}},"Margem Líquida":{"type":"object","properties":{"value":{"type":"number"},"value_string":{"type":"string"}}},"Dívida Líquida":{"type":"object","properties":{"value":{"type":"integer","format":"int64"},"value_string":{"type":"string"}}}}},"2020-12-31":{"type":"object","properties":{"Receita Líquida":{"type":"object","properties":{"value":{"type":"integer","format":"int64"},"value_string":{"type":"string"}}},"Custos":{"type":"object","properties":{"value":{"type":"integer","format":"int64"},"value_string":{"type":"string"}}},"Lucro Líquido":{"type":"object","properties":{"value":{"type":"integer","format":"int64"},"value_string":{"type":"string"}}},"Caixa":{"type":"object","properties":{"value":{"type":"integer","format":"int64"},"value_string":{"type":"string"}}},"EBITDA":{"type":"object","properties":{"value":{"type":"integer","format":"int64"},"value_string":{"type":"string"}}},"ROE":{"type":"object","properties":{"value":{"type":"number"},"value_string":{"type":"string"}}},"Margem Líquida":{"type":"object","properties":{"value":{"type":"number"},"value_string":{"type":"string"}}},"Dívida Líquida":{"type":"object","properties":{"value":{"type":"integer","format":"int64"},"value_string":{"type":"string"}}}}},"2020-09-30":{"type":"object","properties":{"Receita Líquida":{"type":"object","properties":{"value":{"type":"integer","format":"int64"},"value_string":{"type":"string"}}},"Custos":{"type":"object","properties":{"value":{"type":"integer","format":"int64"},"value_string":{"type":"string"}}},"Lucro Líquido":{"type":"object","properties":{"value":{"type":"integer","format":"int32"},"value_string":{"type":"string"}}},"Caixa":{"type":"object","properties":{"value":{"type":"integer","format":"int64"},"value_string":{"type":"string"}}},"EBITDA":{"type":"object","properties":{"value":{"type":"integer","format":"int64"},"value_string":{"type":"string"}}},"ROE":{"type":"object","properties":{"value":{"type":"number"},"value_string":{"type":"string"}}},"Margem Líquida":{"type":"object","properties":{"value":{"type":"number"},"value_string":{"type":"string"}}},"Dívida Líquida":{"type":"object","properties":{"value":{"type":"integer","format":"int64"},"value_string":{"type":"string"}}}}},"2020-06-30":{"type":"object","properties":{"Receita Líquida":{"type":"object","properties":{"value":{"type":"integer","format":"int64"},"value_string":{"type":"string"}}},"Custos":{"type":"object","properties":{"value":{"type":"integer","format":"int64"},"value_string":{"type":"string"}}},"Lucro Líquido":{"type":"object","properties":{"value":{"type":"integer","format":"int64"},"value_string":{"type":"string"}}},"Caixa":{"type":"object","properties":{"value":{"type":"integer","format":"int64"},"value_string":{"type":"string"}}},"EBITDA":{"type":"object","properties":{"value":{"type":"integer","format":"int64"},"value_string":{"type":"string"}}},"ROE":{"type":"object","properties":{"value":{"type":"number"},"value_string":{"type":"string"}}},"Margem Líquida":{"type":"object","properties":{"value":{"type":"number"},"value_string":{"type":"string"}}},"Dívida Líquida":{"type":"object","properties":{"value":{"type":"integer","format":"int64"},"value_string":{"type":"string"}}}}},"2020-03-31":{"type":"object","properties":{"Receita Líquida":{"type":"object","properties":{"value":{"type":"integer","format":"int64"},"value_string":{"type":"string"}}},"Custos":{"type":"object","properties":{"value":{"type":"integer","format":"int64"},"value_string":{"type":"string"}}},"Lucro Líquido":{"type":"object","properties":{"value":{"type":"integer","format":"int64"},"value_string":{"type":"string"}}},"Caixa":{"type":"object","properties":{"value":{"type":"integer","format":"int64"},"value_string":{"type":"string"}}},"EBITDA":{"type":"object","properties":{"value":{"type":"integer","format":"int64"},"value_string":{"type":"string"}}},"ROE":{"type":"object","properties":{"value":{"type":"number"},"value_string":{"type":"string"}}},"Margem Líquida":{"type":"object","properties":{"value":{"type":"number"},"value_string":{"type":"string"}}},"Dívida Líquida":{"type":"object","properties":{"value":{"type":"integer","format":"int64"},"value_string":{"type":"string"}}}}},"2019-12-31":{"type":"object","properties":{"Receita Líquida":{"type":"object","properties":{"value":{"type":"integer","format":"int64"},"value_string":{"type":"string"}}},"Custos":{"type":"object","properties":{"value":{"type":"integer","format":"int64"},"value_string":{"type":"string"}}},"Lucro Líquido":{"type":"object","properties":{"value":{"type":"integer","format":"int64"},"value_string":{"type":"string"}}},"Caixa":{"type":"object","properties":{"value":{"type":"integer","format":"int64"},"value_string":{"type":"string"}}},"EBITDA":{"type":"object","properties":{"value":{"type":"integer","format":"int64"},"value_string":{"type":"string"}}},"ROE":{"type":"object","properties":{"value":{"type":"number"},"value_string":{"type":"string"}}},"Margem Líquida":{"type":"object","properties":{"value":{"type":"number"},"value_string":{"type":"string"}}},"Dívida Líquida":{"type":"object","properties":{"value":{"type":"integer","format":"int64"},"value_string":{"type":"string"}}}}},"2019-09-30":{"type":"object","properties":{"Receita Líquida":{"type":"object","properties":{"value":{"type":"integer","format":"int64"},"value_string":{"type":"string"}}},"Custos":{"type":"object","properties":{"value":{"type":"integer","format":"int64"},"value_string":{"type":"string"}}},"Lucro Líquido":{"type":"object","properties":{"value":{"type":"integer","format":"int64"},"value_string":{"type":"string"}}},"Caixa":{"type":"object","properties":{"value":{"type":"integer","format":"int64"},"value_string":{"type":"string"}}},"EBITDA":{"type":"object","properties":{"value":{"type":"integer","format":"int64"},"value_string":{"type":"string"}}},"ROE":{"type":"object","properties":{"value":{"type":"number"},"value_string":{"type":"string"}}},"Margem Líquida":{"type":"object","properties":{"value":{"type":"number"},"value_string":{"type":"string"}}},"Dívida Líquida":{"type":"object","properties":{"value":{"type":"integer","format":"int64"},"value_string":{"type":"string"}}}}},"2019-06-30":{"type":"object","properties":{"Receita Líquida":{"type":"object","properties":{"value":{"type":"integer","format":"int64"},"value_string":{"type":"string"}}},"Custos":{"type":"object","properties":{"value":{"type":"integer","format":"int64"},"value_string":{"type":"string"}}},"Lucro Líquido":{"type":"object","properties":{"value":{"type":"integer","format":"int64"},"value_string":{"type":"string"}}},"Caixa":{"type":"object","properties":{"value":{"type":"integer","format":"int64"},"value_string":{"type":"string"}}},"EBITDA":{"type":"object","properties":{"value":{"type":"integer","format":"int64"},"value_string":{"type":"string"}}},"ROE":{"type":"object","properties":{"value":{"type":"number"},"value_string":{"type":"string"}}},"Margem Líquida":{"type":"object","properties":{"value":{"type":"number"},"value_string":{"type":"string"}}},"Dívida Líquida":{"type":"object","properties":{"value":{"type":"integer","format":"int64"},"value_string":{"type":"string"}}}}},"2019-03-31":{"type":"object","properties":{"Receita Líquida":{"type":"object","properties":{"value":{"type":"integer","format":"int64"},"value_string":{"type":"string"}}},"Custos":{"type":"object","properties":{"value":{"type":"integer","format":"int64"},"value_string":{"type":"string"}}},"Lucro Líquido":{"type":"object","properties":{"value":{"type":"integer","format":"int64"},"value_string":{"type":"string"}}},"Caixa":{"type":"object","properties":{"value":{"type":"integer","format":"int64"},"value_string":{"type":"string"}}},"EBITDA":{"type":"object","properties":{"value":{"type":"integer","format":"int64"},"value_string":{"type":"string"}}},"ROE":{"type":"object","properties":{"value":{"type":"number"},"value_string":{"type":"string"}}},"Margem Líquida":{"type":"object","properties":{"value":{"type":"number"},"value_string":{"type":"string"}}},"Dívida Líquida":{"type":"object","properties":{"value":{"type":"integer","format":"int64"},"value_string":{"type":"string"}}}}},"2018-12-31":{"type":"object","properties":{"Receita Líquida":{"type":"object","properties":{"value":{"type":"integer","format":"int64"},"value_string":{"type":"string"}}},"Custos":{"type":"object","properties":{"value":{"type":"integer","format":"int64"},"value_string":{"type":"string"}}},"Lucro Líquido":{"type":"object","properties":{"value":{"type":"integer","format":"int64"},"value_string":{"type":"string"}}},"Caixa":{"type":"object","properties":{"value":{"type":"integer","format":"int64"},"value_string":{"type":"string"}}},"EBITDA":{"type":"object","properties":{"value":{"type":"integer","format":"int64"},"value_string":{"type":"string"}}},"ROE":{"type":"object","properties":{"value":{"type":"number"},"value_string":{"type":"string"}}},"Margem Líquida":{"type":"object","properties":{"value":{"type":"number"},"value_string":{"type":"string"}}},"Dívida Líquida":{"type":"object","properties":{"value":{"type":"integer","format":"int64"},"value_string":{"type":"string"}}}}},"2018-09-30":{"type":"object","properties":{"Receita Líquida":{"type":"object","properties":{"value":{"type":"integer","format":"int64"},"value_string":{"type":"string"}}},"Custos":{"type":"object","properties":{"value":{"type":"integer","format":"int64"},"value_string":{"type":"string"}}},"Lucro Líquido":{"type":"object","properties":{"value":{"type":"integer","format":"int64"},"value_string":{"type":"string"}}},"Caixa":{"type":"object","properties":{"value":{"type":"integer","format":"int64"},"value_string":{"type":"string"}}},"EBITDA":{"type":"object","properties":{"value":{"type":"integer","format":"int64"},"value_string":{"type":"string"}}},"ROE":{"type":"object","properties":{"value":{"type":"number"},"value_string":{"type":"string"}}},"Margem Líquida":{"type":"object","properties":{"value":{"type":"number"},"value_string":{"type":"string"}}},"Dívida Líquida":{"type":"object","properties":{"value":{"type":"integer","format":"int64"},"value_string":{"type":"string"}}}}},"2018-06-30":{"type":"object","properties":{"Receita Líquida":{"type":"object","properties":{"value":{"type":"integer","format":"int64"},"value_string":{"type":"string"}}},"Custos":{"type":"object","properties":{"value":{"type":"integer","format":"int64"},"value_string":{"type":"string"}}},"Lucro Líquido":{"type":"object","properties":{"value":{"type":"integer","format":"int64"},"value_string":{"type":"string"}}},"Caixa":{"type":"object","properties":{"value":{"type":"integer","format":"int64"},"value_string":{"type":"string"}}},"EBITDA":{"type":"object","properties":{"value":{"type":"integer","format":"int64"},"value_string":{"type":"string"}}},"ROE":{"type":"object","properties":{"value":{"type":"number"},"value_string":{"type":"string"}}},"Margem Líquida":{"type":"object","properties":{"value":{"type":"number"},"value_string":{"type":"string"}}},"Dívida Líquida":{"type":"object","properties":{"value":{"type":"integer","format":"int64"},"value_string":{"type":"string"}}}}},"2018-03-31":{"type":"object","properties":{"Receita Líquida":{"type":"object","properties":{"value":{"type":"integer","format":"int64"},"value_string":{"type":"string"}}},"Custos":{"type":"object","properties":{"value":{"type":"integer","format":"int64"},"value_string":{"type":"string"}}},"Lucro Líquido":{"type":"object","properties":{"value":{"type":"integer","format":"int64"},"value_string":{"type":"string"}}},"Caixa":{"type":"object","properties":{"value":{"type":"integer","format":"int64"},"value_string":{"type":"string"}}},"EBITDA":{"type":"object","properties":{"value":{"type":"integer","format":"int64"},"value_string":{"type":"string"}}},"ROE":{"type":"object","properties":{"value":{"type":"number"},"value_string":{"type":"string"}}},"Margem Líquida":{"type":"object","properties":{"value":{"type":"number"},"value_string":{"type":"string"}}},"Dívida Líquida":{"type":"object","properties":{"value":{"type":"integer","format":"int64"},"value_string":{"type":"string"}}}}},"2017-12-31":{"type":"object","properties":{"Receita Líquida":{"type":"object","properties":{"value":{"type":"integer","format":"int64"},"value_string":{"type":"string"}}},"Custos":{"type":"object","properties":{"value":{"type":"integer","format":"int64"},"value_string":{"type":"string"}}},"Lucro Líquido":{"type":"object","properties":{"value":{"type":"integer","format":"int64"},"value_string":{"type":"string"}}},"Caixa":{"type":"object","properties":{"value":{"type":"integer","format":"int64"},"value_string":{"type":"string"}}},"EBITDA":{"type":"object","properties":{"value":{"type":"integer","format":"int64"},"value_string":{"type":"string"}}},"ROE":{"type":"object","properties":{"value":{"type":"number"},"value_string":{"type":"string"}}},"Margem Líquida":{"type":"object","properties":{"value":{"type":"number"},"value_string":{"type":"string"}}},"Dívida Líquida":{"type":"object","properties":{"value":{"type":"integer","format":"int64"},"value_string":{"type":"string"}}}}},"2017-09-30":{"type":"object","properties":{"Receita Líquida":{"type":"object","properties":{"value":{"type":"integer","format":"int64"},"value_string":{"type":"string"}}},"Custos":{"type":"object","properties":{"value":{"type":"integer","format":"int64"},"value_string":{"type":"string"}}},"Lucro Líquido":{"type":"object","properties":{"value":{"type":"integer","format":"int32"},"value_string":{"type":"string"}}},"Caixa":{"type":"object","properties":{"value":{"type":"integer","format":"int64"},"value_string":{"type":"string"}}},"EBITDA":{"type":"object","properties":{"value":{"type":"integer","format":"int64"},"value_string":{"type":"string"}}},"ROE":{"type":"object","properties":{"value":{"type":"number"},"value_string":{"type":"string"}}},"Margem Líquida":{"type":"object","properties":{"value":{"type":"number"},"value_string":{"type":"string"}}},"Dívida Líquida":{"type":"object","properties":{"value":{"type":"integer","format":"int64"},"value_string":{"type":"string"}}}}},"2017-06-30":{"type":"object","properties":{"Receita Líquida":{"type":"object","properties":{"value":{"type":"integer","format":"int64"},"value_string":{"type":"string"}}},"Custos":{"type":"object","properties":{"value":{"type":"integer","format":"int64"},"value_string":{"type":"string"}}},"Lucro Líquido":{"type":"object","properties":{"value":{"type":"integer","format":"int32"},"value_string":{"type":"string"}}},"Caixa":{"type":"object","properties":{"value":{"type":"integer","format":"int64"},"value_string":{"type":"string"}}},"EBITDA":{"type":"object","properties":{"value":{"type":"integer","format":"int64"},"value_string":{"type":"string"}}},"ROE":{"type":"object","properties":{"value":{"type":"number"},"value_string":{"type":"string"}}},"Margem Líquida":{"type":"object","properties":{"value":{"type":"number"},"value_string":{"type":"string"}}},"Dívida Líquida":{"type":"object","properties":{"value":{"type":"integer","format":"int64"},"value_string":{"type":"string"}}}}},"2017-03-31":{"type":"object","properties":{"Receita Líquida":{"type":"object","properties":{"value":{"type":"integer","format":"int64"},"value_string":{"type":"string"}}},"Custos":{"type":"object","properties":{"value":{"type":"integer","format":"int64"},"value_string":{"type":"string"}}},"Lucro Líquido":{"type":"object","properties":{"value":{"type":"integer","format":"int64"},"value_string":{"type":"string"}}},"Caixa":{"type":"object","properties":{"value":{"type":"integer","format":"int64"},"value_string":{"type":"string"}}},"EBITDA":{"type":"object","properties":{"value":{"type":"integer","format":"int64"},"value_string":{"type":"string"}}},"ROE":{"type":"object","properties":{"value":{"type":"number"},"value_string":{"type":"string"}}},"Margem Líquida":{"type":"object","properties":{"value":{"type":"number"},"value_string":{"type":"string"}}},"Dívida Líquida":{"type":"object","properties":{"value":{"type":"integer","format":"int64"},"value_string":{"type":"string"}}}}},"2016-12-31":{"type":"object","properties":{"Receita Líquida":{"type":"object","properties":{"value":{"type":"integer","format":"int64"},"value_string":{"type":"string"}}},"Custos":{"type":"object","properties":{"value":{"type":"integer","format":"int64"},"value_string":{"type":"string"}}},"Lucro Líquido":{"type":"object","properties":{"value":{"type":"integer","format":"int64"},"value_string":{"type":"string"}}},"Caixa":{"type":"object","properties":{"value":{"type":"integer","format":"int64"},"value_string":{"type":"string"}}},"EBITDA":{"type":"object","properties":{"value":{"type":"integer","format":"int64"},"value_string":{"type":"string"}}},"ROE":{"type":"object","properties":{"value":{"type":"number"},"value_string":{"type":"string"}}},"Margem Líquida":{"type":"object","properties":{"value":{"type":"number"},"value_string":{"type":"string"}}},"Dívida Líquida":{"type":"object","properties":{"value":{"type":"integer","format":"int64"},"value_string":{"type":"string"}}}}},"2016-09-30":{"type":"object","properties":{"Receita Líquida":{"type":"object","properties":{"value":{"type":"integer","format":"int64"},"value_string":{"type":"string"}}},"Custos":{"type":"object","properties":{"value":{"type":"integer","format":"int64"},"value_string":{"type":"string"}}},"Lucro Líquido":{"type":"object","properties":{"value":{"type":"integer","format":"int64"},"value_string":{"type":"string"}}},"Caixa":{"type":"object","properties":{"value":{"type":"integer","format":"int64"},"value_string":{"type":"string"}}},"EBITDA":{"type":"object","properties":{"value":{"type":"integer","format":"int64"},"value_string":{"type":"string"}}},"ROE":{"type":"object","properties":{"value":{"type":"number"},"value_string":{"type":"string"}}},"Margem Líquida":{"type":"object","properties":{"value":{"type":"number"},"value_string":{"type":"string"}}},"Dívida Líquida":{"type":"object","properties":{"value":{"type":"integer","format":"int64"},"value_string":{"type":"string"}}}}},"2016-06-30":{"type":"object","properties":{"Receita Líquida":{"type":"object","properties":{"value":{"type":"integer","format":"int64"},"value_string":{"type":"string"}}},"Custos":{"type":"object","properties":{"value":{"type":"integer","format":"int64"},"value_string":{"type":"string"}}},"Lucro Líquido":{"type":"object","properties":{"value":{"type":"integer","format":"int32"},"value_string":{"type":"string"}}},"Caixa":{"type":"object","properties":{"value":{"type":"integer","format":"int64"},"value_string":{"type":"string"}}},"EBITDA":{"type":"object","properties":{"value":{"type":"integer","format":"int64"},"value_string":{"type":"string"}}},"ROE":{"type":"object","properties":{"value":{"type":"number"},"value_string":{"type":"string"}}},"Margem Líquida":{"type":"object","properties":{"value":{"type":"number"},"value_string":{"type":"string"}}},"Dívida Líquida":{"type":"object","properties":{"value":{"type":"integer","format":"int64"},"value_string":{"type":"string"}}}}},"2016-03-31":{"type":"object","properties":{"Receita Líquida":{"type":"object","properties":{"value":{"type":"integer","format":"int64"},"value_string":{"type":"string"}}},"Custos":{"type":"object","properties":{"value":{"type":"integer","format":"int64"},"value_string":{"type":"string"}}},"Lucro Líquido":{"type":"object","properties":{"value":{"type":"integer","format":"int32"},"value_string":{"type":"string"}}},"Caixa":{"type":"object","properties":{"value":{"type":"integer","format":"int64"},"value_string":{"type":"string"}}},"EBITDA":{"type":"object","properties":{"value":{"type":"integer","format":"int64"},"value_string":{"type":"string"}}},"ROE":{"type":"object","properties":{"value":{"type":"number"},"value_string":{"type":"string"}}},"Margem Líquida":{"type":"object","properties":{"value":{"type":"number"},"value_string":{"type":"string"}}},"Dívida Líquida":{"type":"object","properties":{"value":{"type":"integer","format":"int64"},"value_string":{"type":"string"}}}}},"2015-12-31":{"type":"object","properties":{"Receita Líquida":{"type":"object","properties":{"value":{"type":"integer","format":"int64"},"value_string":{"type":"string"}}},"Custos":{"type":"object","properties":{"value":{"type":"integer","format":"int64"},"value_string":{"type":"string"}}},"Lucro Líquido":{"type":"object","properties":{"value":{"type":"integer","format":"int64"},"value_string":{"type":"string"}}},"Caixa":{"type":"object","properties":{"value":{"type":"integer","format":"int64"},"value_string":{"type":"string"}}},"EBITDA":{"type":"object","properties":{"value":{"type":"integer","format":"int64"},"value_string":{"type":"string"}}},"ROE":{"type":"object","properties":{"value":{"type":"number"},"value_string":{"type":"string"}}},"Margem Líquida":{"type":"object","properties":{"value":{"type":"number"},"value_string":{"type":"string"}}},"Dívida Líquida":{"type":"object","properties":{"value":{"type":"integer","format":"int64"},"value_string":{"type":"string"}}}}},"2015-09-30":{"type":"object","properties":{"Receita Líquida":{"type":"object","properties":{"value":{"type":"integer","format":"int64"},"value_string":{"type":"string"}}},"Custos":{"type":"object","properties":{"value":{"type":"integer","format":"int64"},"value_string":{"type":"string"}}},"Lucro Líquido":{"type":"object","properties":{"value":{"type":"integer","format":"int64"},"value_string":{"type":"string"}}},"Caixa":{"type":"object","properties":{"value":{"type":"integer","format":"int64"},"value_string":{"type":"string"}}},"EBITDA":{"type":"object","properties":{"value":{"type":"integer","format":"int64"},"value_string":{"type":"string"}}},"ROE":{"type":"object","properties":{"value":{"type":"number"},"value_string":{"type":"string"}}},"Margem Líquida":{"type":"object","properties":{"value":{"type":"number"},"value_string":{"type":"string"}}},"Dívida Líquida":{"type":"object","properties":{"value":{"type":"integer","format":"int64"},"value_string":{"type":"string"}}}}},"2015-06-30":{"type":"object","properties":{"Receita Líquida":{"type":"object","properties":{"value":{"type":"integer","format":"int64"},"value_string":{"type":"string"}}},"Custos":{"type":"object","properties":{"value":{"type":"integer","format":"int64"},"value_string":{"type":"string"}}},"Lucro Líquido":{"type":"object","properties":{"value":{"type":"integer","format":"int32"},"value_string":{"type":"string"}}},"Caixa":{"type":"object","properties":{"value":{"type":"integer","format":"int64"},"value_string":{"type":"string"}}},"EBITDA":{"type":"object","properties":{"value":{"type":"integer","format":"int64"},"value_string":{"type":"string"}}},"ROE":{"type":"object","properties":{"value":{"type":"number"},"value_string":{"type":"string"}}},"Margem Líquida":{"type":"object","properties":{"value":{"type":"number"},"value_string":{"type":"string"}}},"Dívida Líquida":{"type":"object","properties":{"value":{"type":"integer","format":"int64"},"value_string":{"type":"string"}}}}},"2015-03-31":{"type":"object","properties":{"Receita Líquida":{"type":"object","properties":{"value":{"type":"integer","format":"int64"},"value_string":{"type":"string"}}},"Custos":{"type":"object","properties":{"value":{"type":"integer","format":"int64"},"value_string":{"type":"string"}}},"Lucro Líquido":{"type":"object","properties":{"value":{"type":"integer","format":"int64"},"value_string":{"type":"string"}}},"Caixa":{"type":"object","properties":{"value":{"type":"integer","format":"int64"},"value_string":{"type":"string"}}},"EBITDA":{"type":"object","properties":{"value":{"type":"integer","format":"int64"},"value_string":{"type":"string"}}},"ROE":{"type":"object","properties":{"value":{"type":"number"},"value_string":{"type":"string"}}},"Margem Líquida":{"type":"object","properties":{"value":{"type":"number"},"value_string":{"type":"string"}}},"Dívida Líquida":{"type":"object","properties":{"value":{"type":"integer","format":"int64"},"value_string":{"type":"string"}}}}},"2014-12-31":{"type":"object","properties":{"Receita Líquida":{"type":"object","properties":{"value":{"type":"integer","format":"int64"},"value_string":{"type":"string"}}},"Custos":{"type":"object","properties":{"value":{"type":"integer","format":"int64"},"value_string":{"type":"string"}}},"Lucro Líquido":{"type":"object","properties":{"value":{"type":"integer","format":"int64"},"value_string":{"type":"string"}}},"Caixa":{"type":"object","properties":{"value":{"type":"integer","format":"int64"},"value_string":{"type":"string"}}},"EBITDA":{"type":"object","properties":{"value":{"type":"integer","format":"int64"},"value_string":{"type":"string"}}},"ROE":{"type":"object","properties":{"value":{"type":"number"},"value_string":{"type":"string"}}},"Margem Líquida":{"type":"object","properties":{"value":{"type":"number"},"value_string":{"type":"string"}}},"Dívida Líquida":{"type":"object","properties":{"value":{"type":"integer","format":"int64"},"value_string":{"type":"string"}}}}},"2014-09-30":{"type":"object","properties":{"Receita Líquida":{"type":"object","properties":{"value":{"type":"integer","format":"int64"},"value_string":{"type":"string"}}},"Custos":{"type":"object","properties":{"value":{"type":"integer","format":"int64"},"value_string":{"type":"string"}}},"Lucro Líquido":{"type":"object","properties":{"value":{"type":"integer","format":"int64"},"value_string":{"type":"string"}}},"Caixa":{"type":"object","properties":{"value":{"type":"integer","format":"int64"},"value_string":{"type":"string"}}},"EBITDA":{"type":"object","properties":{"value":{"type":"integer","format":"int64"},"value_string":{"type":"string"}}},"ROE":{"type":"object","properties":{"value":{"type":"number"},"value_string":{"type":"string"}}},"Margem Líquida":{"type":"object","properties":{"value":{"type":"number"},"value_string":{"type":"string"}}},"Dívida Líquida":{"type":"object","properties":{"value":{"type":"integer","format":"int64"},"value_string":{"type":"string"}}}}},"2014-06-30":{"type":"object","properties":{"Receita Líquida":{"type":"object","properties":{"value":{"type":"integer","format":"int64"},"value_string":{"type":"string"}}},"Custos":{"type":"object","properties":{"value":{"type":"integer","format":"int64"},"value_string":{"type":"string"}}},"Lucro Líquido":{"type":"object","properties":{"value":{"type":"integer","format":"int64"},"value_string":{"type":"string"}}},"Caixa":{"type":"object","properties":{"value":{"type":"integer","format":"int64"},"value_string":{"type":"string"}}},"EBITDA":{"type":"object","properties":{"value":{"type":"integer","format":"int64"},"value_string":{"type":"string"}}},"ROE":{"type":"object","properties":{"value":{"type":"number"},"value_string":{"type":"string"}}},"Margem Líquida":{"type":"object","properties":{"value":{"type":"number"},"value_string":{"type":"string"}}},"Dívida Líquida":{"type":"object","properties":{"value":{"type":"integer","format":"int64"},"value_string":{"type":"string"}}}}},"2014-03-31":{"type":"object","properties":{"Receita Líquida":{"type":"object","properties":{"value":{"type":"integer","format":"int64"},"value_string":{"type":"string"}}},"Custos":{"type":"object","properties":{"value":{"type":"integer","format":"int64"},"value_string":{"type":"string"}}},"Lucro Líquido":{"type":"object","properties":{"value":{"type":"integer","format":"int64"},"value_string":{"type":"string"}}},"Caixa":{"type":"object","properties":{"value":{"type":"integer","format":"int64"},"value_string":{"type":"string"}}},"EBITDA":{"type":"object","properties":{"value":{"type":"integer","format":"int64"},"value_string":{"type":"string"}}},"ROE":{"type":"object","properties":{"value":{"type":"number"},"value_string":{"type":"string"}}},"Margem Líquida":{"type":"object","properties":{"value":{"type":"number"},"value_string":{"type":"string"}}},"Dívida Líquida":{"type":"object","properties":{"value":{"type":"integer","format":"int64"},"value_string":{"type":"string"}}}}},"2013-12-31":{"type":"object","properties":{"Receita Líquida":{"type":"object","properties":{"value":{"type":"integer","format":"int64"},"value_string":{"type":"string"}}},"Custos":{"type":"object","properties":{"value":{"type":"integer","format":"int64"},"value_string":{"type":"string"}}},"Lucro Líquido":{"type":"object","properties":{"value":{"type":"integer","format":"int64"},"value_string":{"type":"string"}}},"Caixa":{"type":"object","properties":{"value":{"type":"integer","format":"int64"},"value_string":{"type":"string"}}},"EBITDA":{"type":"object","properties":{"value":{"type":"integer","format":"int64"},"value_string":{"type":"string"}}},"ROE":{"type":"object","properties":{"value":{"type":"number"},"value_string":{"type":"string"}}},"Margem Líquida":{"type":"object","properties":{"value":{"type":"number"},"value_string":{"type":"string"}}},"Dívida Líquida":{"type":"object","properties":{"value":{"type":"integer","format":"int64"},"value_string":{"type":"string"}}}}},"2013-09-30":{"type":"object","properties":{"Receita Líquida":{"type":"object","properties":{"value":{"type":"integer","format":"int64"},"value_string":{"type":"string"}}},"Custos":{"type":"object","properties":{"value":{"type":"integer","format":"int64"},"value_string":{"type":"string"}}},"Lucro Líquido":{"type":"object","properties":{"value":{"type":"integer","format":"int64"},"value_string":{"type":"string"}}},"Caixa":{"type":"object","properties":{"value":{"type":"integer","format":"int64"},"value_string":{"type":"string"}}},"EBITDA":{"type":"object","properties":{"value":{"type":"integer","format":"int64"},"value_string":{"type":"string"}}},"ROE":{"type":"object","properties":{"value":{"type":"number"},"value_string":{"type":"string"}}},"Margem Líquida":{"type":"object","properties":{"value":{"type":"number"},"value_string":{"type":"string"}}},"Dívida Líquida":{"type":"object","properties":{"value":{"type":"integer","format":"int64"},"value_string":{"type":"string"}}}}},"2013-06-30":{"type":"object","properties":{"Receita Líquida":{"type":"object","properties":{"value":{"type":"integer","format":"int64"},"value_string":{"type":"string"}}},"Custos":{"type":"object","properties":{"value":{"type":"integer","format":"int64"},"value_string":{"type":"string"}}},"Lucro Líquido":{"type":"object","properties":{"value":{"type":"integer","format":"int64"},"value_string":{"type":"string"}}},"Caixa":{"type":"object","properties":{"value":{"type":"integer","format":"int64"},"value_string":{"type":"string"}}},"EBITDA":{"type":"object","properties":{"value":{"type":"integer","format":"int64"},"value_string":{"type":"string"}}},"ROE":{"type":"object","properties":{"value":{"type":"number"},"value_string":{"type":"string"}}},"Margem Líquida":{"type":"object","properties":{"value":{"type":"number"},"value_string":{"type":"string"}}},"Dívida Líquida":{"type":"object","properties":{"value":{"type":"integer","format":"int64"},"value_string":{"type":"string"}}}}},"2013-03-31":{"type":"object","properties":{"Receita Líquida":{"type":"object","properties":{"value":{"type":"integer","format":"int64"},"value_string":{"type":"string"}}},"Custos":{"type":"object","properties":{"value":{"type":"integer","format":"int64"},"value_string":{"type":"string"}}},"Lucro Líquido":{"type":"object","properties":{"value":{"type":"integer","format":"int64"},"value_string":{"type":"string"}}},"Caixa":{"type":"object","properties":{"value":{"type":"integer","format":"int64"},"value_string":{"type":"string"}}},"EBITDA":{"type":"object","properties":{"value":{"type":"integer","format":"int64"},"value_string":{"type":"string"}}},"ROE":{"type":"object","properties":{"value":{"type":"number"},"value_string":{"type":"string"}}},"Margem Líquida":{"type":"object","properties":{"value":{"type":"number"},"value_string":{"type":"string"}}},"Dívida Líquida":{"type":"object","properties":{"value":{"type":"integer","format":"int64"},"value_string":{"type":"string"}}}}},"2012-12-31":{"type":"object","properties":{"Receita Líquida":{"type":"object","properties":{"value":{"type":"integer","format":"int64"},"value_string":{"type":"string"}}},"Custos":{"type":"object","properties":{"value":{"type":"integer","format":"int64"},"value_string":{"type":"string"}}},"Lucro Líquido":{"type":"object","properties":{"value":{"type":"integer","format":"int64"},"value_string":{"type":"string"}}},"Caixa":{"type":"object","properties":{"value":{"type":"integer","format":"int64"},"value_string":{"type":"string"}}},"EBITDA":{"type":"object","properties":{"value":{"type":"integer","format":"int64"},"value_string":{"type":"string"}}},"ROE":{"type":"object","properties":{"value":{"type":"number"},"value_string":{"type":"string"}}},"Margem Líquida":{"type":"object","properties":{"value":{"type":"number"},"value_string":{"type":"string"}}},"Dívida Líquida":{"type":"object","properties":{"value":{"type":"integer","format":"int64"},"value_string":{"type":"string"}}}}},"2012-09-30":{"type":"object","properties":{"Receita Líquida":{"type":"object","properties":{"value":{"type":"integer","format":"int64"},"value_string":{"type":"string"}}},"Custos":{"type":"object","properties":{"value":{"type":"integer","format":"int64"},"value_string":{"type":"string"}}},"Lucro Líquido":{"type":"object","properties":{"value":{"type":"integer","format":"int64"},"value_string":{"type":"string"}}},"Caixa":{"type":"object","properties":{"value":{"type":"integer","format":"int64"},"value_string":{"type":"string"}}},"EBITDA":{"type":"object","properties":{"value":{"type":"integer","format":"int64"},"value_string":{"type":"string"}}},"ROE":{"type":"object","properties":{"value":{"type":"number"},"value_string":{"type":"string"}}},"Margem Líquida":{"type":"object","properties":{"value":{"type":"number"},"value_string":{"type":"string"}}},"Dívida Líquida":{"type":"object","properties":{"value":{"type":"integer","format":"int64"},"value_string":{"type":"string"}}}}},"2012-06-30":{"type":"object","properties":{"Receita Líquida":{"type":"object","properties":{"value":{"type":"integer","format":"int64"},"value_string":{"type":"string"}}},"Custos":{"type":"object","properties":{"value":{"type":"integer","format":"int64"},"value_string":{"type":"string"}}},"Lucro Líquido":{"type":"object","properties":{"value":{"type":"integer","format":"int32"},"value_string":{"type":"string"}}},"Caixa":{"type":"object","properties":{"value":{"type":"integer","format":"int64"},"value_string":{"type":"string"}}},"EBITDA":{"type":"object","properties":{"value":{"type":"integer","format":"int64"},"value_string":{"type":"string"}}},"ROE":{"type":"object","properties":{"value":{"type":"number"},"value_string":{"type":"string"}}},"Margem Líquida":{"type":"object","properties":{"value":{"type":"number"},"value_string":{"type":"string"}}},"Dívida Líquida":{"type":"object","properties":{"value":{"type":"integer","format":"int64"},"value_string":{"type":"string"}}}}},"2012-03-31":{"type":"object","properties":{"Receita Líquida":{"type":"object","properties":{"value":{"type":"integer","format":"int64"},"value_string":{"type":"string"}}},"Custos":{"type":"object","properties":{"value":{"type":"integer","format":"int64"},"value_string":{"type":"string"}}},"Lucro Líquido":{"type":"object","properties":{"value":{"type":"integer","format":"int64"},"value_string":{"type":"string"}}},"Caixa":{"type":"object","properties":{"value":{"type":"integer","format":"int64"},"value_string":{"type":"string"}}},"EBITDA":{"type":"object","properties":{"value":{"type":"integer","format":"int64"},"value_string":{"type":"string"}}},"ROE":{"type":"object","properties":{"value":{"type":"number"},"value_string":{"type":"string"}}},"Margem Líquida":{"type":"object","properties":{"value":{"type":"number"},"value_string":{"type":"string"}}},"Dívida Líquida":{"type":"object","properties":{"value":{"type":"integer","format":"int64"},"value_string":{"type":"string"}}}}},"2011-12-31":{"type":"object","properties":{"Receita Líquida":{"type":"object","properties":{"value":{"type":"integer","format":"int64"},"value_string":{"type":"string"}}},"Custos":{"type":"object","properties":{"value":{"type":"integer","format":"int64"},"value_string":{"type":"string"}}},"Lucro Líquido":{"type":"object","properties":{"value":{"type":"integer","format":"int64"},"value_string":{"type":"string"}}},"Caixa":{"type":"object","properties":{"value":{"type":"integer","format":"int64"},"value_string":{"type":"string"}}},"EBITDA":{"type":"object","properties":{"value":{"type":"integer","format":"int64"},"value_string":{"type":"string"}}},"ROE":{"type":"object","properties":{"value":{"type":"number"},"value_string":{"type":"string"}}},"Margem Líquida":{"type":"object","properties":{"value":{"type":"number"},"value_string":{"type":"string"}}},"Dívida Líquida":{"type":"object","properties":{"value":{"type":"integer","format":"int64"},"value_string":{"type":"string"}}}}},"2011-09-30":{"type":"object","properties":{"Receita Líquida":{"type":"object","properties":{"value":{"type":"integer","format":"int64"},"value_string":{"type":"string"}}},"Custos":{"type":"object","properties":{"value":{"type":"integer","format":"int64"},"value_string":{"type":"string"}}},"Lucro Líquido":{"type":"object","properties":{"value":{"type":"integer","format":"int64"},"value_string":{"type":"string"}}},"Caixa":{"type":"object","properties":{"value":{"type":"integer","format":"int64"},"value_string":{"type":"string"}}},"Dívida Líquida":{"type":"object","properties":{"value":{"type":"integer","format":"int64"},"value_string":{"type":"string"}}}}},"2011-06-30":{"type":"object","properties":{"Receita Líquida":{"type":"object","properties":{"value":{"type":"integer","format":"int64"},"value_string":{"type":"string"}}},"Custos":{"type":"object","properties":{"value":{"type":"integer","format":"int64"},"value_string":{"type":"string"}}},"Lucro Líquido":{"type":"object","properties":{"value":{"type":"integer","format":"int64"},"value_string":{"type":"string"}}},"Caixa":{"type":"object","properties":{"value":{"type":"integer","format":"int64"},"value_string":{"type":"string"}}},"Dívida Líquida":{"type":"object","properties":{"value":{"type":"integer","format":"int64"},"value_string":{"type":"string"}}}}},"2011-03-31":{"type":"object","properties":{"Receita Líquida":{"type":"object","properties":{"value":{"type":"integer","format":"int64"},"value_string":{"type":"string"}}},"Custos":{"type":"object","properties":{"value":{"type":"integer","format":"int64"},"value_string":{"type":"string"}}},"Lucro Líquido":{"type":"object","properties":{"value":{"type":"integer","format":"int64"},"value_string":{"type":"string"}}},"Caixa":{"type":"object","properties":{"value":{"type":"integer","format":"int64"},"value_string":{"type":"string"}}},"Dívida Líquida":{"type":"object","properties":{"value":{"type":"integer","format":"int64"},"value_string":{"type":"string"}}}}}}}}}}},"error":{"type":"boolean"}}},"indicators":{"type":"object","properties":{"data":{"type":"object","properties":{"Indicadores de Eficiência":{"type":"array","items":{"type":"object","properties":{"period":{"type":"string"},"reference_date":{"type":"string","format":"date"},"id":{"type":"string"},"name":{"type":"string"},"type":{"type":"string"},"value":{"type":"number"},"value_string":{"type":"string"}}}},"Derivados":{"type":"array","items":{"type":"object","properties":{"period":{"type":"string"},"reference_date":{"type":"string","format":"date"},"id":{"type":"string"},"name":{"type":"string"},"type":{"type":"string"},"value":{"type":"integer","format":"int64"},"value_string":{"type":"string"}}}},"Indicadores de Endividamento":{"type":"array","items":{"type":"object","properties":{"period":{"type":"string"},"reference_date":{"type":"string","format":"date"},"id":{"type":"string"},"name":{"type":"string"},"type":{"type":"string"},"value":{"type":"number"},"value_string":{"type":"string"}}}},"Indicadores de Rentabilidade":{"type":"array","items":{"type":"object","properties":{"period":{"type":"string"},"reference_date":{"type":"string","format":"date"},"id":{"type":"string"},"name":{"type":"string"},"type":{"type":"string"},"value":{"type":"number"},"value_string":{"type":"string"}}}},"Indicadores de Valuation":{"type":"array","items":{"type":"object","properties":{"period":{"type":"string"},"reference_date":{"type":"string","format":"date"},"id":{"type":"string"},"name":{"type":"string"},"type":{"type":"string"},"value":{"type":"string"},"value_string":{"type":"string"}}}},"Indicadores de Banco":{"type":"array","items":{"type":"object","properties":{"period":{"type":"string"},"reference_date":{"type":"string","format":"date"},"id":{"type":"string"},"name":{"type":"string"},"type":{"type":"string"},"value":{"type":"number"},"value_string":{"type":"string"}}}},"Indicadores de Liquidez":{"type":"array","items":{"type":"object","properties":{"period":{"type":"string"},"reference_date":{"type":"string","format":"date"},"id":{"type":"string"},"name":{"type":"string"},"type":{"type":"string"},"value":{"type":"number"},"value_string":{"type":"string"}}}}}},"error":{"type":"boolean"}}},"reports":{"type":"object","properties":{"data":{"type":"array","items":{"type":"object","properties":{"name":{"type":"string"},"type":{"type":"string"},"report_type":{"type":"string"},"version":{"type":"string"},"reference_date":{"type":"string","format":"date"},"currency":{"type":"string"},"data":{"type":"object","properties":{"Ativo Total":{"type":"object","properties":{"data":{"type":"object","properties":{"value":{"type":"integer","format":"int64"},"end_date":{"type":"string","format":"date"},"fixed_cost":{"type":"boolean"},"code":{"type":"string"}}},"children":{"type":"array","items":{"type":"object","properties":{"Ativo Circulante":{"type":"object","properties":{"data":{"type":"object","properties":{"value":{"type":"integer","format":"int64"},"end_date":{"type":"string","format":"date"},"fixed_cost":{"type":"boolean"},"code":{"type":"string"}}},"children":{"type":"array","items":{"type":"object","properties":{"Aplicações Financeiras":{"type":"object","properties":{"data":{"type":"object","properties":{"value":{"type":"integer","format":"int64"},"end_date":{"type":"string","format":"date"},"fixed_cost":{"type":"boolean"},"code":{"type":"string"}}},"children":{"type":"array","items":{"type":"object","properties":{"Aplicações Financeiras Avaliadas a Valor Justo através de Outros Resultados Abrangentes":{"type":"object","properties":{"data":{"type":"object","properties":{"value":{"type":"integer","format":"int32"},"end_date":{"type":"string","format":"date"},"fixed_cost":{"type":"boolean"},"code":{"type":"string"}}}}}}}}}}}}}}}}}}}}}}}}},"error":{"type":"boolean"}}}}}}