{
  "openapi": "3.0.0",
  "info": {
    "title": "FileRun Sample OAuth2 API Access",
    "description": "This is an example of using *OAuth2 Access Code Flow* to access the [FileRun API](https://docs.filerun.com/api). <br><br> The following can be used for authorization:<br> **Client id**           `97914228685f9ec925f1588a72068c13`<br> **Client secret** `iCBOL3zWAcmBlvJ7H07lsAfBUOWxUpxFNmHp5Vz3`<br> <br> The FileRun superuser credentials in our demo are as follows:<br> **Username** `admin`<br> **Password** `admin`\n\n\n  ",
    "version": "1.0.0"
  },
  "servers": [
    {
      "url": "https://demo.filerun.co",
      "description": "FileRun Demo Installation"
    }
  ],
  "paths": {
    "/api.php/account/info": {
      "get": {
        "summary": "Retrieve lists of files and folders",
        "responses": {
          "200": {
            "description": "OK"
          }
        },
        "security": [
          {
            "oAuth2Password": [
              "profile"
            ]
          },
          {
            "oAuth2AuthCode": [
              "profile"
            ]
          }
        ]
      }
    },
    "/api.php/files/browse/": {
      "post": {
        "summary": "Get user account information",
        "parameters": [
          {
            "name": "path",
            "in": "query",
            "required": true,
            "style": "form",
            "explode": true,
            "schema": {
              "minimum": 1,
              "type": "string"
            }
          }
        ],
        "responses": {
          "200": {
            "description": "OK"
          }
        },
        "security": [
          {
            "oAuth2Password": [
              "list"
            ]
          },
          {
            "oAuth2AuthCode": [
              "list"
            ]
          }
        ]
      }
    }
  },
  "components": {
    "schemas": {},
    "securitySchemes": {
      "oAuth2Password": {
        "type": "oauth2",
        "description": "Authenticating with stored credentials",
        "flows": {
          "password": {
            "tokenUrl": "/oauth2/token/",
            "scopes": {
              "profile": "Get FileRun account profile information",
              "list": "Retrieving lists of files and folder"
            }
          }
        }
      },
      "oAuth2AuthCode": {
        "type": "oauth2",
        "flows": {
          "authorizationCode": {
            "authorizationUrl": "/oauth2/authorize/",
            "tokenUrl": "/oauth2/token/",
            "scopes": {
              "profile": "Get FileRun account profile information",
              "list": "Retrieving lists of files and folder",
              "upload": "Upload files and folders",
              "download": "Download files and folders",
              "weblink": "Share files and folders using external links",
              "delete": "Delete files and folders",
              "share": "Share files and folders with internal FileRun users",
              "modify": "Make changes to files and folders",
              "admin": "Manage FileRun user accounts"
            }
          }
        }
      }
    }
  }
}