{"openapi":"3.0.0","info":{"title":"Api Servicios Loturiko","description":"","termsOfService":"http://swagger.io/terms/","contact":{"email":"apiteam@swagger.io"},"license":{"name":"Apache 2.0","url":"http://www.apache.org/licenses/LICENSE-2.0.html"},"version":"1.0.0"},"servers":[{"url":"https://apigwkong-desa.frd.org.mx:8443/ldap","description":"Endpoint desarollo"}],"security":[{"bearerToken":[]}],"tags":[{"name":"Busqueda","description":"Buscar al beneficiario o remitente en el core loturiko"}],"paths":{"/v1/loturiko/busca/remitente":{"post":{"tags":["Busqueda"],"summary":"Buscar al remitente en el core de loturiko","requestBody":{"description":"Cuerpo de la solicitud","content":{"application/json":{"schema":{"$ref":"#/components/schemas/body_Busqueda_remitente"}}},"required":true},"responses":{"200":{"description":"OK","headers":{"Content-Type":{"style":"simple","explode":false,"schema":{"type":"string","default":"application/json; charset=utf-8"}}},"content":{"application/json":{"schema":{"$ref":"#/components/schemas/out_Busqueda_remitente"}}}},"400":{"description":"Bad Request","headers":{"Content-Type":{"style":"simple","explode":false,"schema":{"type":"string","default":"application/json; charset=utf-8"}}},"content":{"application/json":{"schema":{"oneOf":[{"$ref":"#/components/schemas/400_Busqueda_remitente"}]}}}},"401":{"description":"Unauthorized","headers":{"Content-Type":{"style":"simple","explode":false,"schema":{"type":"string","default":"application/json; charset=utf-8"}}},"content":{"application/json":{"schema":{"oneOf":[{"$ref":"#/components/schemas/401_Busqueda_remitente"}]}}}},"500":{"description":"Internal Server Error","headers":{"Content-Type":{"style":"simple","explode":false,"schema":{"type":"string","default":"application/json; charset=utf-8"}}},"content":{"application/json":{"schema":{"oneOf":[{"$ref":"#/components/schemas/500_Busqueda_remitente"}]}}}}}}},"/v1/loturico/busca/beneficiario":{"post":{"tags":["Busqueda"],"summary":"Buscar al remitente en el core loturiko","requestBody":{"description":"Cuerpo de la solicitud","content":{"application/json":{"schema":{"$ref":"#/components/schemas/body_Busqueda_beneficiario"}}},"required":true},"responses":{"200":{"description":"OK","headers":{"Content-Type":{"style":"simple","explode":false,"schema":{"type":"string","default":"application/json; charset=utf-8"}}},"content":{"application/json":{"schema":{"$ref":"#/components/schemas/out_Busqueda_beneficiario"}}}},"400":{"description":"Bad Request","headers":{"Content-Type":{"style":"simple","explode":false,"schema":{"type":"string","default":"application/json; charset=utf-8"}}},"content":{"application/json":{"schema":{"oneOf":[{"$ref":"#/components/schemas/400_Busqueda_beneficiario"}]}}}},"401":{"description":"Unauthorized","headers":{"Content-Type":{"style":"simple","explode":false,"schema":{"type":"string","default":"application/json; charset=utf-8"}}},"content":{"application/json":{"schema":{"oneOf":[{"$ref":"#/components/schemas/401_Busqueda_beneficiario"}]}}}},"500":{"description":"Internal Server Error","headers":{"Content-Type":{"style":"simple","explode":false,"schema":{"type":"string","default":"application/json; charset=utf-8"}}},"content":{"application/json":{"schema":{"oneOf":[{"$ref":"#/components/schemas/500_Busqueda_beneficiario"}]}}}}}}}},"components":{"schemas":{"body_Busqueda_remitente":{"required":["fecha","idPersona"],"type":"object","properties":{"idPersona":{"type":"string"},"fecha":{"type":"string","description":"DD/MM/YYYY HH:MM:SS"}}},"out_Busqueda_remitente":{"type":"object","properties":{"codigo":{"type":"string","example":"000"},"errores":{"type":"array","example":[],"items":{"type":"object"}},"mensaje":{"type":"string","example":"Operación exitosa"},"resultado":{"type":"object","properties":{"idEmpresa":{"type":"integer"},"cveRol":{"type":"string"},"nombrePersona":{"type":"string"},"apellidoPaterno":{"type":"string"},"apellidoMaterno":{"type":"string"},"cveTipoPersona":{"type":"integer"},"fecNacimiento":{"type":"string","description":"DD/MM/YYYY"},"cvePaisNacimientoConstitucion":{"type":"number"}}}}},"400_Busqueda_remitente":{"type":"object","properties":{"codigo":{"type":"string","example":"010"},"errores":{"type":"array","example":["instance requires property 'idPersona'","instance requires property 'fecha'"],"items":{"type":"string"}},"mensaje":{"type":"string","example":"Esquema inválido"}}},"401_Busqueda_remitente":{"type":"object","properties":{"codigo":{"type":"string","example":"011"},"errores":{"type":"array","example":[],"items":{"type":"string"}},"mensaje":{"type":"string","example":"No autorizado"}}},"500_Busqueda_remitente":{"type":"object","properties":{"codigo":{"type":"string","example":"101"},"errores":{"type":"array","example":"","items":{"type":"string"}},"mensaje":{"type":"string","example":""},"resultado":{}}},"body_Busqueda_beneficiario":{"required":["fecha","idPersona"],"type":"object","properties":{"idPersona":{"type":"string"},"fecha":{"type":"string","description":"DD/MM/YYYY HH:MM:SS"}}},"out_Busqueda_beneficiario":{"type":"object","properties":{"codigo":{"type":"string","example":"000"},"errores":{"type":"array","example":[],"items":{"type":"object"}},"mensaje":{"type":"string","example":"Operación exitosa"},"resultado":{"type":"object","properties":{"idEmpresa":{"type":"integer"},"cveRol":{"type":"string"},"nombrePersona":{"type":"string"},"apellidoPaterno":{"type":"string"},"apellidoMaterno":{"type":"string"},"cveStatusCliente":{"type":"integer"},"cveTipoPersona":{"type":"integer"},"cveNacionalidad":{"type":"integer"},"cveNivelRiesgo":{"type":"integer"},"dsCalle":{"type":"string"},"noExterior":{"type":"string"},"cvePais":{"type":"integer"},"cveEstado":{"type":"string"},"cveColonia":{"type":"string"},"cveMunicipio":{"type":"string"},"codigoPostal":{"type":"string"},"fecNacimiento":{"type":"string","description":"DD/MM/YYYY"},"cveActividadEconomica":{"type":"integer"},"cvePaisNacimientoConstitucion":{"type":"integer"},"cveLocalidad":{"type":"integer"},"dsIdentificacion":{"type":"string"},"cveTipoIdentificacion":{"type":"integer"},"fecVigenciaIdentificacion":{"type":"integer","description":"DD/MM/YYYY"},"dsIdentificacion2":{"type":"string"},"cveTipoIdentificacion2":{"type":"integer"},"fecVigenciaIdentificacion2":{"type":"integer","description":"DD/MM/YYYY"},"cveGenero":{"type":"integer"},"cveSucursal":{"type":"string"},"idAgente":{"type":"integer"},"destinoRecursos":{"type":"integer"},"rangoNumremesasEspera":{"type":"integer"},"rangoMontoremesasEspera":{"type":"integer"},"idDeclarativaPropietario":{"type":"integer"},"idDeclarativaPep":{"type":"integer"},"cveMedioVinculacion":{"type":"integer"},"fecAlta":{"type":"string","description":"DD/MM/YYYY"},"idProducto":{"type":"integer"},"cvePaisOrigenRemesa":{"type":"integer"},"cveEstadoSucAlta":{"type":"string"}}}}},"400_Busqueda_beneficiario":{"type":"object","properties":{"codigo":{"type":"string","example":"010"},"errores":{"type":"array","example":["instance requires property 'idPersona'","instance requires property 'fecha'"],"items":{"type":"string"}},"mensaje":{"type":"string","example":"Esquema inválido"}}},"401_Busqueda_beneficiario":{"type":"object","properties":{"codigo":{"type":"string","example":"011"},"errores":{"type":"array","example":[],"items":{"type":"string"}},"mensaje":{"type":"string","example":"No autorizado"}}},"500_Busqueda_beneficiario":{"type":"object","properties":{"codigo":{"type":"string","example":"101"},"errores":{"type":"array","example":"","items":{"type":"string"}},"mensaje":{"type":"string","example":""},"resultado":{}}}},"securitySchemes":{"bearerToken":{"type":"http","description":"8Jg6tOP5UvPNg5R7IXWd8EGUfqPc6rZa","scheme":"bearer"}}}}