{"openapi":"3.0.0","info":{"title":"Web Sequence Analyser API","version":"1.1.0"},"externalDocs":{"description":"Doc","url":"https://app.swaggerhub.com/apis-docs/Genedata-Bio/SequenceAnalyser/1.1.0"},"servers":[{"url":"https://virtserver.swaggerhub.com/Genedata-Bio/SequenceAnalyser/1.1.0","description":"SwaggerHub API Auto Mocking"}],"tags":[{"name":"Sequence"}],"paths":{"/sequenceAnalyzer/session/{sessionId}":{"get":{"tags":["Session"],"summary":"Start session using a unique identifier","description":"Returns a single session","operationId":"getSequenceAnalyzerSession","parameters":[{"name":"sessionId","in":"path","description":"ID of session to return","required":true,"style":"simple","explode":false,"schema":{"type":"string"}}],"responses":{"200":{"description":"successful operation","content":{"application/json":{"schema":{"$ref":"#/components/schemas/SequenceAnalyserSessionResponse"}}}},"400":{"description":"Invalid ID"},"404":{"description":"Not found"}}}},"/sequenceAnalyzer/session/{sessionId}/sequences":{"post":{"tags":["Sequence"],"summary":"Upload a file","description":"Returns file content","operationId":"uploadFile","parameters":[{"name":"sessionId","in":"path","description":"ID of session to return","required":true,"style":"simple","explode":false,"schema":{"type":"string"}}],"requestBody":{"content":{"application/json":{"schema":{"$ref":"#/components/schemas/UploadFileRequestBody"}}}},"responses":{"200":{"description":"successful operation","content":{"application/json":{"schema":{"$ref":"#/components/schemas/UploadFileResponse"}}}},"400":{"description":"Invalid file format"},"404":{"description":"Not found"}}}},"/sequenceAnalyzer/session/{sessionId}/report":{"put":{"tags":["Sequence"],"summary":"Download a file","description":"Returns file to download","operationId":"exportFile","parameters":[{"name":"sessionId","in":"path","description":"ID of session to return","required":true,"style":"simple","explode":false,"schema":{"type":"string"}}],"requestBody":{"content":{"application/json":{"schema":{"$ref":"#/components/schemas/DownloadFileRequestBody"}}}},"responses":{"200":{"description":"successful operation","content":{"application/json":{"schema":{"$ref":"#/components/schemas/DownloadFileResponse"}}}},"400":{"description":"Invalid IDs"},"404":{"description":"Not found"}}}},"/sequenceAnalyzer/session/{sessionId}/strands":{"post":{"tags":["Sequence"],"summary":"Switch sequences to opposite strands","description":"Returns sequences","operationId":"oppositeStrands","parameters":[{"name":"sessionId","in":"path","description":"ID of session to return","required":true,"style":"simple","explode":false,"schema":{"type":"string"}}],"requestBody":{"content":{"application/json":{"schema":{"$ref":"#/components/schemas/OppositeStrandsRequestBody"}}}},"responses":{"200":{"description":"successful operation","content":{"application/json":{"schema":{"$ref":"#/components/schemas/OppositeStrandsResponse"}}}},"400":{"description":"Invalid IDs"},"404":{"description":"Not found"}}}},"/sequences/order":{"post":{"tags":["Sequence"],"summary":"Order given sequences","description":"Returns a list of sequences","operationId":"orderSequences","requestBody":{"content":{"application/json":{"schema":{"$ref":"#/components/schemas/SequencesOrderRequestBody"}}}},"responses":{"200":{"description":"successful operation","content":{"application/json":{"schema":{"$ref":"#/components/schemas/SequencesOrderResponse"}}}},"400":{"description":"Invalid data"},"404":{"description":"Not found"}}}},"/sequences/align":{"post":{"tags":["Sequence"],"summary":"Align given sequences","description":"Returns a list of sequences","operationId":"alignSequences","requestBody":{"content":{"application/json":{"schema":{"$ref":"#/components/schemas/SequencesAlignRequestBody"}}}},"responses":{"200":{"description":"successful operation","content":{"application/json":{"schema":{"$ref":"#/components/schemas/SequencesAlignResponse"},"example":{"payload":{"sequences":[{"id":"GR-9-1992","residues":".......... .......... .......... .......... .......... .......... .......... .......... .......... .......... ........G. .......... NDATGN.... NGRASASD.. .......... .......... .......... .......... .......... .......... .......... .......... .......... .......... .......... .......... .......... .......... .."},{"id":"GR-11-2003","residues":".......... .......... .......... .......... .......... .......... ........DI VLTQSPATLS LSPGERATLS CRASQNIVFN LAWYQQKPGQ APRLLIYDAS NRATGVPARF SGSGSGTDFT LTISSLEPED FAVYYCQQHG SGPTTFGQGT KVEIKRTVAA PSVFIFPPSD EQLKSGTASV VCLLNNFYPR EAKVQWKVDN ALQSGNSQES VTEQDSKDST YSLSSTLTLS KADYEKHKVY ACEVTHQGLS SPVTKSFNRG EA"},{"id":"GR-5-1988","residues":".......... .......... .......... .......... .......... .......... .......... .......... .......... .......... ........G. .......... DTGSDN.... NGRASDGG.. .......... .......... .......... .......... .......... .......... .......... .......... .......... .......... .......... .......... .......... .......... .."},{"id":"GR-1-1984","residues":".......... .......... .......... .......... .......... .......... .......... .......... .......... .......... ........GS D........S NAG....... ..RASAGNTS .......... .......... .......... .......... .......... .......... .......... .......... .......... .......... .......... .......... .......... .......... .."},{"id":"GR-3-1986","residues":".......... .......... .......... .......... .......... .......... .......... .......... .......... .......... ........G. .......... .AG....... ..RASADN.. .......... .......... .......... .......... .......... .......... .......... .......... .......... .......... .......... .......... .......... .......... .."},{"id":"GR-4-1987","residues":".......... .......... .......... .......... .......... .......... .......... .......... .......... .......... ........GN D........N TAG....... ..RASDDTDN .......... .......... .......... .......... .......... .......... .......... .......... .......... .......... .......... .......... .......... .......... .."},{"id":"GR-2-1985","residues":".......... .......... .......... .......... .......... .......... .......... .......... .......... .......... ........GG T........N TDG....... ..RASAGNAA .......... .......... .......... .......... .......... .......... .......... .......... .......... .......... .......... .......... .......... .......... .."},{"id":"GR-6-1989","residues":".......... .......... .......... .......... .......... .......... .......... .......... .......... .......... ........GT G......SNT TDG....... ..RAST.... .......... .......... .......... .......... .......... .......... .......... .......... .......... .......... .......... .......... .......... .......... .."},{"id":"GR-11-2004","residues":"QVQLVQSGAE VKKPGSSVKV SCKASGGTFS SYAISWVRQA PGQGLEWMGL IIPRYGKARY AQKFQGRVTI TADESTSTAY MELSSLRSED TAVYYCARNW PYYYMDFWGQ GTLVTVSSAS TKGPSVFPLA PSSKSTSGGT AALGCLVKDY FPEPVTVSWN SGALTSGVHT FPAVLQSSGL YSLSSVVTVP SSSLG.TQTY ICNVN.HKPS NTKVDKKVEP KS........ .......... .......... .......... .......... .......... .."},{"id":"GR-7-1990","residues":".......... .......... .......... .......... .......... .......... .......... .......... .......... .......... ........GT D......TTA DTG....... ..RASGDNTT .......... .......... .......... .......... .......... .......... .......... .......... .......... .......... .......... .......... .......... .......... .."},{"id":"GR-8-1991","residues":".......... .......... .......... .......... .......... .......... .......... .......... .......... .......... ........GA T......TAA ADG....... ..RASGAD.. .......... .......... .......... .......... .......... .......... .......... .......... .......... .......... .......... .......... .......... .......... .."},{"id":"GR-10-2002","residues":".......... .......... .......... .......... .......... .......... .......... ...DSVCPQG KYIHPQNNSI CCTKCHKGTY LYNDCPGPGQ D...TDCREC ESGS...... .FTASENHLR HCLSCSKCRK EMGQVEISSC TVDRDTVCGC RKNQYRHYWS ENLFQCFNCS LCLN.GTVHL SCQEKQNTVC TCHAGFFLRE NECVSSSNVD .......... .......... .......... .......... .......... .."}]}}}}},"400":{"description":"Invalid IDs"},"404":{"description":"Not found"}}}}},"components":{"schemas":{"SelectionPosition":{"required":["positionEnd","positionStart"],"type":"object","properties":{"positionStart":{"type":"number"},"positionEnd":{"type":"number"}}},"Sequence":{"required":["circular","description","features","id","name","qualifiedId","residues","sequenceType","synonym"],"type":"object","properties":{"entityQualifiedId":{"type":"string"},"entityUrl":{"type":"string"},"entityClassLabelSingular":{"type":"string"},"entityClassLabelPlural":{"type":"string"},"entityLabel":{"type":"string"},"chainInfoLabel":{"type":"string"},"id":{"type":"integer"},"name":{"type":"string"},"qualifiedId":{"type":"string"},"description":{"type":"string"},"synonym":{"type":"string"},"chainInfoKey":{"type":"string"},"sequenceType":{"type":"string"},"circular":{"type":"boolean"},"residues":{"type":"string"},"features":{"type":"array","items":{"$ref":"#/components/schemas/SequenceFeature"}}}},"SequenceAlign":{"required":["id","residues"],"type":"object","properties":{"id":{"type":"number"},"residues":{"type":"string"}}},"SequenceAnalyserSession":{"required":["entitySequences","id","sequenceClassLabelPlural","sequenceClassLabelSingular","sequenceType"],"type":"object","properties":{"id":{"type":"string"},"entitySequences":{"type":"array","items":{"$ref":"#/components/schemas/Sequence"}},"sequenceType":{"type":"string","enum":["protein","dna"]},"sequenceClassLabelSingular":{"type":"string"},"sequenceClassLabelPlural":{"type":"string"}}},"SequenceFeature":{"required":["id","name","start","stop","type"],"type":"object","properties":{"id":{"type":"integer"},"name":{"type":"string"},"description":{"type":"string"},"start":{"type":"number"},"stop":{"type":"number"},"type":{"type":"string"},"typeKey":{"type":"string"},"score":{"type":"number"}}},"FileContent":{"required":["content","encoding","name"],"type":"object","properties":{"content":{"type":"string"},"encoding":{"type":"string"},"name":{"type":"string"}}},"SequencesAlignRequestBody":{"required":["sequences"],"type":"object","properties":{"sequences":{"type":"array","items":{"$ref":"#/components/schemas/SequenceAlign"}}}},"SequencesAlignResponse":{"required":["payload"],"type":"object","properties":{"payload":{"$ref":"#/components/schemas/SequencesAlignResponsePayload"}}},"SequencesAlignResponsePayload":{"required":["sequences"],"type":"object","properties":{"sequences":{"type":"array","items":{"$ref":"#/components/schemas/SequenceAlign"}}}},"SequencesOrderRequestBody":{"required":["sequences"],"type":"object","properties":{"sequences":{"type":"array","items":{"$ref":"#/components/schemas/SequenceAlign"}}}},"SequencesOrderResponse":{"required":["payload"],"type":"object","properties":{"payload":{"$ref":"#/components/schemas/SequencesOrderResponsePayload"}}},"SequencesOrderResponsePayload":{"required":["sequences"],"type":"object","properties":{"sequences":{"type":"array","items":{"$ref":"#/components/schemas/SequenceAlign"}}}},"UploadFileRequestBody":{"required":["fileContent"],"type":"object","properties":{"fileContent":{"$ref":"#/components/schemas/FileContent"}}},"UploadFileResponse":{"required":["payload"],"type":"object","properties":{"payload":{"$ref":"#/components/schemas/UploadFileResponsePayload"}}},"UploadFileResponsePayload":{"required":["alignedSequences","entitySequences"],"type":"object","properties":{"entitySequences":{"type":"array","items":{"$ref":"#/components/schemas/Sequence"}},"alignedSequences":{"type":"array","items":{"$ref":"#/components/schemas/SequenceAlign"}}}},"DownloadFileRequestBody":{"required":["alignedSequences","format"],"type":"object","properties":{"format":{"type":"string"},"alignedSequences":{"type":"array","items":{"$ref":"#/components/schemas/SequenceAlign"}},"selection":{"$ref":"#/components/schemas/SelectionPosition"}}},"DownloadFileResponse":{"required":["payload"],"type":"object","properties":{"payload":{"$ref":"#/components/schemas/DownloadFileResponsePayload"}}},"DownloadFileResponsePayload":{"required":["commandType","httpVerb","url"],"properties":{"commandType":{"type":"string"},"httpVerb":{"type":"string"},"url":{"type":"string"}}},"OppositeStrandsRequestBody":{"required":["sequenceIds"],"type":"object","properties":{"sequenceIds":{"type":"array","items":{"type":"number"}}}},"OppositeStrandsResponse":{"required":["payload"],"type":"object","properties":{"payload":{"$ref":"#/components/schemas/OppositeStrandsResponsePayload"}}},"OppositeStrandsResponsePayload":{"required":["entitySequences"],"type":"object","properties":{"entitySequences":{"type":"array","items":{"$ref":"#/components/schemas/Sequence"}}}},"SequenceAnalyserSessionResponse":{"required":["payload"],"type":"object","properties":{"payload":{"$ref":"#/components/schemas/SequenceAnalyserSession"}}}},"parameters":{"sessionIdParam":{"name":"sessionId","in":"path","description":"ID of session to return","required":true,"style":"simple","explode":false,"schema":{"type":"string"}}}}}