{"openapi":"3.0.0","info":{"title":"GoodFriend APIs Documentation","description":"This is the REST APIs documentation provided by GoodFriend for DaySmart","version":"1"},"servers":[{"url":"https://example.io/v1"}],"paths":{"/appointments/{appointment_id}":{"patch":{"description":"Updates an appointment","parameters":[{"name":"appointment_id","in":"path","description":"Appointment ID","required":true,"style":"simple","explode":false,"schema":{"type":"integer"}}],"requestBody":{"content":{"application/json":{"schema":{"type":"object","properties":{"status":{"type":"string"},"start_datetime":{"type":"string"},"end_datetime":{"type":"string"},"internal_id":{"type":"integer"},"external_id":{"type":"integer"}}}}},"required":true},"responses":{"200":{"description":"Successfully updated an appointment","content":{"application/json":{"schema":{"type":"object","properties":{"status":{"type":"string"},"start_datetime":{"type":"string"},"end_datetime":{"type":"string"},"internal_id":{"type":"integer"},"external_id":{"type":"integer"}}}}}},"403":{"description":"Forbidden"},"404":{"description":"Appointment Not Found"}}}}}}