{"openapi":"3.0.0","info":{"title":"User Test API","description":"This is a simple API","contact":{"email":"you@your-company.com"},"license":{"name":"Apache 2.0","url":"http://www.apache.org/licenses/LICENSE-2.0.html"},"version":"1.0.0"},"servers":[{"url":"https://virtserver.swaggerhub.com/John_swagger/UserTest/1.0.0","description":"SwaggerHub API Auto Mocking"}],"tags":[{"name":"admins","description":"Secured Admin-only calls"},{"name":"developers","description":"Operations available to regular developers"}],"paths":{"/user":{"get":{"tags":["developers"],"summary":"searches user","description":"By passing in the appropriate options, you can search for\navailable user in the system\n","operationId":"searchUser","parameters":[{"name":"UserName","in":"query","description":"pass an optional search string for looking up user","required":false,"style":"form","explode":true,"schema":{"type":"string"}},{"name":"skip","in":"query","description":"number of records to skip for pagination","required":false,"style":"form","explode":true,"schema":{"minimum":0,"type":"integer","format":"int32"}},{"name":"limit","in":"query","description":"maximum number of users to return","required":false,"style":"form","explode":true,"schema":{"maximum":5E+1,"minimum":0,"type":"integer","format":"int32"}}],"responses":{"200":{"description":"search results matching criteria","content":{"application/json":{"schema":{"type":"array","items":{"$ref":"#/components/schemas/UserName"}}}}},"400":{"description":"bad input parameter"}}},"post":{"tags":["admins"],"summary":"adds a user","description":"Adds a user to the system","operationId":"addUser","requestBody":{"description":"user to add","content":{"application/json":{"schema":{"$ref":"#/components/schemas/UserName"}}}},"responses":{"201":{"description":"user created"},"400":{"description":"invalid input, object invalid"},"409":{"description":"a user already exists"}}}}},"components":{"schemas":{"UserName":{"required":["hireDate","id","name"],"type":"object","properties":{"id":{"type":"string","format":"uuid","example":"d290f1ee-6c54-4b01-90e6-d701748f0851"},"name":{"type":"string","example":"Widget Adapter"},"hireDate":{"type":"string","format":"date-time","example":"2016-08-29T09:12:33.001Z"}}}}}}