{
  "openapi": "3.0.0",
  "info": {
    "title": "ShareTunes",
    "description": "Large Project",
    "contact": {
      "name": "Group 11"
    },
    "version": "1.0.0"
  },
  "servers": [
    {
      "url": "https://virtserver.swaggerhub.com/Large-Project2/ShareTunes/1.0.0",
      "description": "SwaggerHub API Auto Mocking"
    },
    {
      "url": "https://poosd-f2021-11.herokuapp.com/",
      "description": "Depoyment Server"
    }
  ],
  "tags": [
    {
      "name": "fetch",
      "description": "All Spotify API requests."
    },
    {
      "name": "user",
      "description": "All API requests related to the user."
    },
    {
      "name": "friend",
      "description": "All API requests related to friends."
    },
    {
      "name": "playlist",
      "description": "All API requests related to playlists."
    }
  ],
  "paths": {
    "/users/register": {
      "post": {
        "tags": [
          "user"
        ],
        "summary": "REGISTER NEW USERS",
        "requestBody": {
          "description": "New user's information",
          "content": {
            "application/json": {
              "schema": {
                "$ref": "#/components/schemas/users_register_body"
              }
            }
          },
          "required": true
        },
        "responses": {
          "200": {
            "description": "User successfully saved. Verification email sent."
          },
          "400": {
            "description": "Email is already taken."
          },
          "401": {
            "description": "Invalid email."
          },
          "402": {
            "description": "Password must be between 6 and 30 characters."
          },
          "403": {
            "description": "Passwords must match."
          },
          "405": {
            "description": "Please provide an email, name, and password."
          },
          "500": {
            "description": "Error searching database."
          },
          "501": {
            "description": "Error saving to database."
          },
          "502": {
            "description": "User saved. Email could not be sent."
          }
        }
      }
    },
    "/users/login": {
      "post": {
        "tags": [
          "user"
        ],
        "summary": "USER LOGIN",
        "description": "Logs user into an existing account",
        "requestBody": {
          "content": {
            "application/json": {
              "schema": {
                "$ref": "#/components/schemas/users_login_body"
              }
            }
          },
          "required": true
        },
        "responses": {
          "200": {
            "description": "Successfully logged in."
          },
          "400": {
            "description": "Please provide an email and password."
          },
          "401": {
            "description": "Invalid credentials."
          },
          "402": {
            "description": "Please verify your email before logging in."
          }
        }
      }
    },
    "/users/authenticated": {
      "get": {
        "summary": "User authentication check",
        "description": "Returns authentication status of user.",
        "responses": {
          "200": {
            "description": "User is authenticated.",
            "content": {
              "application/json": {
                "schema": {
                  "$ref": "#/components/schemas/inline_response_200"
                }
              }
            }
          }
        }
      }
    },
    "/users/getfavs/": {
      "get": {
        "tags": [
          "user"
        ],
        "summary": "Returns user's favorites",
        "description": "Gets user's favorite tracks, artists, and genres.",
        "responses": {
          "200": {
            "description": "Returns an array of the user's favorites",
            "content": {
              "application/json": {
                "schema": {
                  "$ref": "#/components/schemas/inline_response_200_1"
                }
              }
            }
          }
        }
      }
    },
    "/users/forgot": {
      "post": {
        "tags": [
          "user"
        ],
        "summary": "Helps reset a forgotten password.",
        "description": "Emails a password reset URL to the user",
        "requestBody": {
          "content": {
            "application/json": {
              "schema": {
                "$ref": "#/components/schemas/users_forgot_body"
              }
            }
          },
          "required": true
        },
        "responses": {
          "200": {
            "description": "Email successfully sent."
          },
          "400": {
            "description": "Email could not be sent."
          },
          "500": {
            "description": "Error sending email."
          },
          "501": {
            "description": "An Error Occured."
          }
        }
      }
    },
    "/users/update": {
      "put": {
        "tags": [
          "user"
        ],
        "summary": "Updates user's profile.",
        "description": "Updates the requested fields of the user's profile.",
        "requestBody": {
          "content": {
            "application/json:": {
              "schema": {
                "$ref": "#/components/schemas/users_update_body"
              }
            }
          },
          "required": true
        },
        "responses": {
          "200": {
            "description": "Successfully updated user's information.."
          },
          "400": {
            "description": "Email is already taken."
          },
          "401": {
            "description": "Invalid email."
          },
          "502": {
            "description": "Error updating user's information."
          }
        }
      }
    },
    "/users/reset/{resetToken}": {
      "put": {
        "tags": [
          "user"
        ],
        "summary": "Password reset",
        "description": "Resets a user's forgotten password",
        "parameters": [
          {
            "name": "resetToken",
            "in": "path",
            "required": true,
            "style": "simple",
            "explode": false,
            "schema": {
              "type": "string"
            }
          }
        ],
        "requestBody": {
          "content": {
            "application/json:": {
              "schema": {
                "$ref": "#/components/schemas/reset_resetToken_body"
              }
            }
          },
          "required": true
        },
        "responses": {
          "200": {
            "description": "Password Successfully Updated."
          },
          "400": {
            "description": "Invalid Token."
          },
          "500": {
            "description": "Unable to update password."
          }
        }
      }
    },
    "/users/verify/{verifyToken}": {
      "put": {
        "tags": [
          "user"
        ],
        "summary": "Email address verification",
        "description": "Verifies a user's email through the verification token in the URL.",
        "parameters": [
          {
            "name": "verifyToken",
            "in": "path",
            "required": true,
            "style": "simple",
            "explode": false,
            "schema": {
              "type": "string"
            }
          }
        ],
        "responses": {
          "200": {
            "description": "User's Email Successfully Verified."
          },
          "400": {
            "description": "Invalid Token."
          },
          "500": {
            "description": "Unable to verify user's email."
          }
        }
      }
    },
    "/users/verifyToken": {
      "put": {
        "tags": [
          "user"
        ],
        "summary": "Email address verification",
        "description": "Verifies a user's email through a verification token.",
        "requestBody": {
          "content": {
            "application/json:": {
              "schema": {
                "$ref": "#/components/schemas/users_verifyToken_body"
              }
            }
          },
          "required": true
        },
        "responses": {
          "200": {
            "description": "User's Email Successfully Verified."
          },
          "400": {
            "description": "Invalid Token."
          },
          "500": {
            "description": "Unable to verify user's email."
          }
        }
      }
    },
    "/users/logout": {
      "get": {
        "tags": [
          "user"
        ],
        "summary": "USER LOG OUT => Logs out user by removing access cookie.",
        "responses": {
          "200": {
            "description": "Sucessfully logged out."
          }
        }
      }
    },
    "/users/add": {
      "post": {
        "tags": [
          "friend"
        ],
        "summary": "Add friend to friend list",
        "description": "Adds friend by email to user's friend list.",
        "requestBody": {
          "content": {
            "application/json:": {
              "schema": {
                "$ref": "#/components/schemas/users_add_body"
              }
            }
          },
          "required": true
        },
        "responses": {
          "200": {
            "description": "Successfully  added friend."
          },
          "401": {
            "description": "User is already your friend"
          },
          "404": {
            "description": "User not found."
          },
          "500": {
            "description": "Error finding friend."
          },
          "501": {
            "description": "Error adding friend."
          }
        }
      }
    },
    "/users/friends": {
      "get": {
        "tags": [
          "friend"
        ],
        "summary": "Populate friends.",
        "description": "Populates all of user's friends.",
        "responses": {
          "200": {
            "description": "Returns an array of all user's friend's, sorted alphabetically by display_name.",
            "content": {
              "application/json": {
                "schema": {
                  "type": "array",
                  "items": {
                    "$ref": "#/components/schemas/inline_response_200_2"
                  }
                }
              }
            }
          },
          "500": {
            "description": "Error fetching friends."
          }
        }
      }
    },
    "/users/friend/{email}": {
      "delete": {
        "tags": [
          "friend"
        ],
        "summary": "Delete a friend",
        "description": "Deletes friend by getting friend's email through the url.",
        "parameters": [
          {
            "name": "email",
            "in": "path",
            "required": true,
            "style": "simple",
            "explode": false,
            "schema": {
              "type": "string"
            }
          }
        ],
        "responses": {
          "200": {
            "description": "Friend successfully deleted."
          },
          "500": {
            "description": "Error deleting friend."
          },
          "501": {
            "description": "Could not find user with given email."
          }
        }
      }
    },
    "/users/addplaylist": {
      "post": {
        "tags": [
          "playlist"
        ],
        "summary": "Add a new playlist of songs/trackIDs.",
        "description": "Adds a new playlist with an array of songs to user's playlist list.",
        "requestBody": {
          "description": "Playlist's information",
          "content": {
            "application/json": {
              "schema": {
                "$ref": "#/components/schemas/users_addplaylist_body"
              }
            }
          }
        },
        "responses": {
          "200": {
            "description": "Successfully created paylist."
          },
          "500": {
            "description": "Error adding playlist."
          },
          "501": {
            "description": "Error saving playlist."
          }
        }
      }
    },
    "/users/addplaylistv2": {
      "post": {
        "tags": [
          "playlist"
        ],
        "summary": "Add a new playlist with full track information.",
        "description": "Adds a new playlist with an array of songs to user's playlist list.",
        "requestBody": {
          "content": {
            "application/json": {
              "schema": {
                "$ref": "#/components/schemas/users_addplaylistv2_body"
              }
            }
          },
          "required": true
        },
        "responses": {
          "200": {
            "description": "Successfully created paylist."
          },
          "500": {
            "description": "Error adding playlist."
          },
          "501": {
            "description": "Error saving playlist."
          }
        }
      }
    },
    "/users/playlists": {
      "get": {
        "tags": [
          "playlist"
        ],
        "summary": "Populates playlists.",
        "description": "Populates all of user's playlists.",
        "responses": {
          "200": {
            "description": "Returns an array of all user's playlists. For tracks _id is the database ID and id is the Spotify trackID.",
            "content": {
              "application/json": {
                "schema": {
                  "type": "array",
                  "items": {
                    "$ref": "#/components/schemas/inline_response_200_3"
                  }
                }
              }
            }
          },
          "500": {
            "description": "Error fetching playlists."
          }
        }
      }
    },
    "/users/playlist/{id}": {
      "get": {
        "tags": [
          "playlist"
        ],
        "summary": "Gets full playlist",
        "description": "Gets full playlist (plus songs).",
        "parameters": [
          {
            "name": "id",
            "in": "path",
            "required": true,
            "style": "simple",
            "explode": false,
            "schema": {
              "type": "string"
            }
          }
        ],
        "responses": {
          "200": {
            "description": "Returns an array of all the playlist's songs.",
            "content": {
              "application/json": {
                "schema": {
                  "type": "array",
                  "items": {
                    "type": "string"
                  }
                }
              }
            }
          },
          "500": {
            "description": "Error has occured."
          }
        }
      },
      "put": {
        "tags": [
          "playlist"
        ],
        "summary": "Update playlist",
        "description": "Updates a playlist by pulling the playlist's objectID through the url.",
        "parameters": [
          {
            "name": "id",
            "in": "path",
            "required": true,
            "style": "simple",
            "explode": false,
            "schema": {
              "type": "string"
            }
          }
        ],
        "requestBody": {
          "content": {
            "application/json": {
              "schema": {
                "$ref": "#/components/schemas/Playlist"
              }
            }
          }
        },
        "responses": {
          "200": {
            "description": "Successfully Updated Playlist."
          },
          "500": {
            "description": "Error updated playlist."
          }
        }
      },
      "delete": {
        "tags": [
          "playlist"
        ],
        "summary": "Delete a playlist.",
        "description": "Deletes a playlist by pulling the playlist's objectID through the url.",
        "parameters": [
          {
            "name": "id",
            "in": "path",
            "required": true,
            "style": "simple",
            "explode": false,
            "schema": {
              "type": "string"
            }
          }
        ],
        "responses": {
          "200": {
            "description": "Successfully Deleted Playlist."
          },
          "500": {
            "description": "Error deleting playlist."
          }
        }
      }
    },
    "/users/addtrack": {
      "put": {
        "tags": [
          "playlist"
        ],
        "summary": "Add new track to a playlist.",
        "description": "Adds new track/s to an existing playlist. For tracks _id is the database ID and id is the Spotify trackID.",
        "requestBody": {
          "content": {
            "application/json": {
              "schema": {
                "$ref": "#/components/schemas/users_addtrack_body"
              }
            }
          },
          "required": true
        },
        "responses": {
          "200": {
            "description": "Sucessfully Added Song/s. || Playlist sucessfully updated. Some songs were duplicates and not added."
          },
          "400": {
            "description": "Could not locate playlist."
          },
          "500": {
            "description": "Error saving playlist."
          },
          "501": {
            "description": "Error adding song/s."
          }
        }
      }
    },
    "/users/deltrack/{playlist_id}/{track_id}": {
      "delete": {
        "tags": [
          "playlist"
        ],
        "summary": "Delete track from playlist",
        "description": "Deletes a single track from a playlist by taking in objectIDs through the url. Be sure to use the _id.",
        "parameters": [
          {
            "name": "playlist_id",
            "in": "path",
            "description": "Playlist objectID.",
            "required": true,
            "style": "simple",
            "explode": false,
            "schema": {
              "type": "string"
            }
          },
          {
            "name": "track_id",
            "in": "path",
            "description": "Track objectID.",
            "required": true,
            "style": "simple",
            "explode": false,
            "schema": {
              "type": "string"
            }
          }
        ],
        "responses": {
          "200": {
            "description": "Sucessfully Deleted Track."
          },
          "400": {
            "description": "Could not locate playlist."
          },
          "401": {
            "description": "Could not locate track."
          },
          "500": {
            "description": "Error saving playlist."
          },
          "501": {
            "description": "Error deleting song."
          }
        }
      }
    },
    "/fetch/trackinfo": {
      "post": {
        "tags": [
          "fetch"
        ],
        "summary": "Returns song information",
        "description": "Converts trackID/s to track information.",
        "requestBody": {
          "content": {
            "application/json": {
              "schema": {
                "type": "array",
                "example": [
                  "53QF56cjZA9RTuuMZDrSA6",
                  "7JcHuIDSDu14zhylxRFdAR",
                  "2SrT3uCZ9wYJXE6e90kMt6"
                ],
                "items": {
                  "type": "string"
                }
              }
            }
          },
          "required": true
        },
        "responses": {
          "200": {
            "description": "An array of track information",
            "content": {
              "application/json": {
                "schema": {
                  "$ref": "#/components/schemas/inline_response_200_4"
                }
              }
            }
          },
          "501": {
            "description": "Error retrieving track information"
          }
        }
      }
    },
    "/fetch/artist/": {
      "post": {
        "tags": [
          "fetch"
        ],
        "summary": "Search artist (exact match)",
        "description": "Searchs an artist by the exact name and returns the artist's information",
        "requestBody": {
          "content": {
            "application/json": {
              "schema": {
                "$ref": "#/components/schemas/fetch_artist_body"
              }
            }
          },
          "required": true
        },
        "responses": {
          "200": {
            "description": "artist found",
            "content": {
              "application/json": {
                "schema": {
                  "$ref": "#/components/schemas/inline_response_200_5"
                }
              }
            }
          },
          "401": {
            "description": "Bad or expired token"
          },
          "403": {
            "description": "Bad OAuth request"
          },
          "429": {
            "description": "The app has exceeded its rate limits"
          },
          "500": {
            "description": "artist not found"
          }
        }
      }
    },
    "/fetch/artists/": {
      "post": {
        "tags": [
          "fetch"
        ],
        "summary": "Search for an artist.",
        "description": "Searches a name and returns up 10 ten matching artists",
        "requestBody": {
          "content": {
            "application/json": {
              "schema": {
                "$ref": "#/components/schemas/fetch_artists_body"
              }
            }
          },
          "required": true
        },
        "responses": {
          "200": {
            "description": "artist found",
            "content": {
              "application/json": {
                "schema": {
                  "type": "array",
                  "items": {
                    "$ref": "#/components/schemas/inline_response_200_5"
                  }
                }
              }
            }
          },
          "401": {
            "description": "Bad or expired token"
          },
          "403": {
            "description": "Bad OAuth request"
          },
          "429": {
            "description": "The app has exceeded its rate limits"
          },
          "500": {
            "description": "artist not found"
          }
        }
      }
    },
    "/fetch/track": {
      "post": {
        "summary": "Search for a track.",
        "description": "Searches for a track by name and returns the tracks with matching names.",
        "requestBody": {
          "content": {
            "application/json": {
              "schema": {
                "$ref": "#/components/schemas/fetch_track_body"
              }
            }
          },
          "required": true
        },
        "responses": {
          "200": {
            "description": "artist found",
            "content": {
              "application/json": {
                "schema": {
                  "type": "array",
                  "items": {
                    "$ref": "#/components/schemas/inline_response_200_4"
                  }
                }
              }
            }
          },
          "401": {
            "description": "Bad or expired token"
          },
          "403": {
            "description": "Bad OAuth request"
          },
          "429": {
            "description": "The app has exceeded its rate limits"
          },
          "500": {
            "description": "song not found"
          }
        }
      }
    },
    "/fetch/genres": {
      "get": {
        "tags": [
          "fetch"
        ],
        "summary": "Search Spotify genres.",
        "description": "Returns Spotify's available genres",
        "responses": {
          "200": {
            "description": "Returns an array of Spotify's available genres",
            "content": {
              "application/json": {
                "schema": {
                  "type": "array",
                  "items": {
                    "type": "string"
                  }
                }
              }
            }
          },
          "401": {
            "description": "Bad or expired token"
          },
          "403": {
            "description": "Bad OAuth request"
          },
          "429": {
            "description": "The app has exceeded its rate limits"
          },
          "500": {
            "description": "Error connecting to Spotify"
          }
        }
      }
    },
    "/fetch/recs": {
      "post": {
        "tags": [
          "fetch"
        ],
        "summary": "Gets Recommendations using IDs",
        "description": "Gets playlist recommendations based on seeds.",
        "requestBody": {
          "content": {
            "application/json": {
              "schema": {
                "$ref": "#/components/schemas/fetch_recs_body"
              }
            }
          },
          "required": true
        },
        "responses": {
          "200": {
            "description": "Returns an array of tracks",
            "content": {
              "application/json": {
                "schema": {
                  "type": "array",
                  "items": {
                    "$ref": "#/components/schemas/inline_response_200_4"
                  }
                }
              }
            }
          },
          "401": {
            "description": "Bad or expired token"
          },
          "403": {
            "description": "Bad OAuth request"
          },
          "429": {
            "description": "The app has exceeded its rate limits"
          },
          "500": {
            "description": "Error getting recommendations"
          }
        }
      }
    },
    "/fetch/recspipe": {
      "post": {
        "tags": [
          "fetch"
        ],
        "summary": "Gets Recommendations without using IDs",
        "description": "Gets playlist recommendations based on seeds. No trackIDs or artistIDs required.",
        "requestBody": {
          "content": {
            "application/json": {
              "schema": {
                "$ref": "#/components/schemas/fetch_recspipe_body"
              }
            }
          },
          "required": true
        },
        "responses": {
          "200": {
            "description": "Returns an array of tracks",
            "content": {
              "application/json": {
                "schema": {
                  "type": "array",
                  "items": {
                    "$ref": "#/components/schemas/inline_response_200_4"
                  }
                }
              }
            }
          },
          "401": {
            "description": "Bad or expired token"
          },
          "403": {
            "description": "Bad OAuth request"
          },
          "429": {
            "description": "The app has exceeded its rate limits"
          },
          "500": {
            "description": "Error getting recommendations"
          }
        }
      }
    }
  },
  "components": {
    "schemas": {
      "User": {
        "required": [
          "display_name",
          "email",
          "password"
        ],
        "type": "object",
        "properties": {
          "display_name": {
            "type": "string",
            "description": "User's display name (not unique)."
          },
          "email": {
            "type": "string",
            "description": "User's email."
          },
          "image": {
            "type": "string",
            "description": "User's profile image."
          },
          "date": {
            "type": "string",
            "description": "Date of account creation."
          },
          "fav_genres": {
            "type": "array",
            "description": "Array of user's favorite genres.",
            "items": {
              "type": "string"
            }
          },
          "fav_artists": {
            "type": "array",
            "description": "Array of user's favorite artists.",
            "items": {
              "type": "string"
            }
          },
          "fav_tracks": {
            "type": "array",
            "description": "Array of user's favorite songs.",
            "items": {
              "type": "string"
            }
          },
          "friends": {
            "type": "array",
            "description": "Array of user's friend's object IDs.",
            "items": {
              "type": "string"
            }
          },
          "playlists": {
            "type": "array",
            "description": "Array of user's playlists object IDs.",
            "items": {
              "type": "string"
            }
          },
          "resetPasswordToken": {
            "type": "string",
            "description": "Token to reset the password."
          },
          "resetPasswordExpire": {
            "type": "string",
            "description": "Time at which the reset token will expire."
          },
          "verificationToken": {
            "type": "boolean",
            "default": false
          }
        }
      },
      "Playlist": {
        "required": [
          "name"
        ],
        "type": "object",
        "properties": {
          "name": {
            "type": "string",
            "description": "Name of the playlist (not unique)."
          },
          "user": {
            "type": "string",
            "description": "User's objectID."
          },
          "friend": {
            "type": "string",
            "description": "The objectID of the friend with whom the user created the playlist."
          },
          "songs": {
            "type": "array",
            "description": "Array of the song names in the playlist.",
            "items": {
              "type": "string"
            }
          },
          "tracks": {
            "$ref": "#/components/schemas/Playlist_tracks"
          }
        },
        "example": {
          "name": "My Cool Plalist",
          "user": "61ad1488911037d4d2004d26",
          "friend": "61ad148e911037d4d2004d29",
          "songs": [
            "Song1",
            "Song2",
            "Song3",
            "Song4",
            "Song5",
            "Song6",
            "Song7",
            "Song8",
            "Song9",
            "song10"
          ],
          "tracks": [
            {
              "_id": "61ad148890007d4d2004d27",
              "name": "Song1",
              "id": "61ad1488911037d4d2005c34",
              "artist": "Artist1",
              "preview": "www.link.com",
              "url_link": "www.link2.com"
            },
            {
              "_id": "61ad148890007d4d2004d28",
              "name": "Song2",
              "id": "61ad1488911037d4d2005c35",
              "artist": "Artist2",
              "preview": "www.link3.com",
              "url_link": "www.link4.com"
            },
            {
              "_id": "61ad148890007d4d2004d29",
              "name": "Song3",
              "id": "61ad1488911037d4d2005c36",
              "artist": "Artist3",
              "preview": "www.link5.com",
              "url_link": "www.link6.com"
            },
            {
              "_id": "61ad148890007d4d2004d30",
              "name": "Song4",
              "id": "61ad1488911037d4d2005c37",
              "artist": "Artist4",
              "preview": "www.link7.com",
              "url_link": "www.link8.com"
            },
            {
              "_id": "61ad148890007d4d200431",
              "name": "Song5",
              "id": "61ad1488911037d4d2005c38",
              "artist": "Artist",
              "preview": "www.link9.com",
              "url_link": "www.link10.com"
            },
            {
              "_id": "61ad148890007d4d2004d32",
              "name": "Song6",
              "id": "61ad1488911037d4d2005c39",
              "artist": "Artist6",
              "preview": "www.link11.com",
              "url_link": "www.link12.com"
            },
            {
              "_id": "61ad148890007d4d2004d33",
              "name": "Song7",
              "id": "61ad1488911037d4d2005c40",
              "artist": "Artist7",
              "preview": "www.link13.com",
              "url_link": "www.link14.com"
            },
            {
              "_id": "61ad148890007d4d2004d34",
              "name": "Song8",
              "id": "61ad1488911037d4d2005c41",
              "artist": "Artist8",
              "preview": "www.link15.com",
              "url_link": "www.link16.com"
            },
            {
              "_id": "61ad148890007d4d2004d35",
              "name": "Song9",
              "id": "61ad1488911037d4d2005c42",
              "artist": "Artist9",
              "preview": "www.link17.com",
              "url_link": "www.link18.com"
            },
            {
              "_id": "61ad148890007d4d2004d36",
              "name": "Song10",
              "id": "61ad1488911037d4d2005c42",
              "artist": "Artist10",
              "preview": "www.link19.com",
              "url_link": "www.link20.com"
            }
          ]
        }
      },
      "users_register_body": {
        "type": "object",
        "properties": {
          "display_name": {
            "type": "string"
          },
          "email": {
            "type": "string"
          },
          "password": {
            "type": "string"
          },
          "password2": {
            "type": "string"
          }
        }
      },
      "users_login_body": {
        "required": [
          "email",
          "password"
        ],
        "type": "object",
        "properties": {
          "email": {
            "type": "string"
          },
          "password": {
            "type": "string"
          }
        }
      },
      "inline_response_200": {
        "type": "object",
        "properties": {
          "isAuthenticated": {
            "type": "boolean"
          }
        }
      },
      "inline_response_200_1": {
        "type": "object",
        "properties": {
          "fav_artists": {
            "type": "array",
            "items": {
              "type": "string"
            }
          },
          "fav_genres": {
            "type": "array",
            "items": {
              "type": "string"
            }
          },
          "fav_tracks": {
            "type": "array",
            "items": {
              "type": "string"
            }
          }
        }
      },
      "users_forgot_body": {
        "properties": {
          "email": {
            "type": "string"
          }
        }
      },
      "users_update_body": {
        "properties": {
          "display_name": {
            "type": "string"
          },
          "email": {
            "type": "string"
          },
          "password": {
            "type": "string"
          },
          "password2": {
            "type": "string"
          },
          "image": {
            "type": "string"
          },
          "fav_genres": {
            "type": "array",
            "items": {
              "type": "string"
            }
          },
          "fav_artists": {
            "type": "array",
            "items": {
              "type": "string"
            }
          },
          "fav_tracks": {
            "type": "array",
            "items": {
              "type": "string"
            }
          }
        }
      },
      "reset_resetToken_body": {
        "properties": {
          "password": {
            "type": "string"
          },
          "password2": {
            "type": "string"
          }
        }
      },
      "users_verifyToken_body": {
        "properties": {
          "verifyToken": {
            "type": "string"
          }
        }
      },
      "users_add_body": {
        "properties": {
          "email": {
            "type": "string"
          }
        }
      },
      "inline_response_200_2": {
        "type": "object",
        "properties": {
          "_id": {
            "type": "string"
          },
          "display_name": {
            "type": "string"
          },
          "email": {
            "type": "string"
          },
          "image": {
            "type": "string"
          },
          "fav_genres": {
            "type": "string"
          },
          "fav_artists": {
            "type": "string"
          },
          "fav_tracks": {
            "type": "string"
          },
          "friends": {
            "type": "array",
            "items": {
              "type": "string",
              "description": "the objectID's of other users"
            }
          },
          "playlists": {
            "type": "array",
            "items": {
              "type": "string",
              "description": "the objectID's Playlists."
            }
          }
        }
      },
      "users_addplaylist_body": {
        "type": "object",
        "properties": {
          "name": {
            "type": "string"
          },
          "songs": {
            "type": "array",
            "items": {
              "type": "string"
            }
          },
          "user": {
            "type": "string",
            "description": "User objectID"
          }
        }
      },
      "users_addplaylistv2_body": {
        "properties": {
          "name": {
            "type": "string"
          },
          "songs": {
            "type": "array",
            "items": {
              "type": "string"
            }
          },
          "user": {
            "type": "string"
          }
        }
      },
      "usersplaylists_tracks": {
        "type": "object",
        "properties": {
          "_id": {
            "type": "string"
          },
          "name": {
            "type": "string"
          },
          "id": {
            "type": "string"
          },
          "artist": {
            "type": "string"
          },
          "preview": {
            "type": "string"
          },
          "url_link": {
            "type": "string"
          }
        }
      },
      "inline_response_200_3": {
        "type": "object",
        "properties": {
          "name": {
            "type": "string"
          },
          "user": {
            "type": "string",
            "description": "User's objectID."
          },
          "friend": {
            "type": "string"
          },
          "songs": {
            "type": "array",
            "items": {
              "type": "string"
            }
          },
          "tracks": {
            "$ref": "#/components/schemas/usersplaylists_tracks"
          }
        }
      },
      "users_addtrack_body": {
        "properties": {
          "playlist_id": {
            "type": "string"
          },
          "tracks": {
            "type": "array",
            "items": {
              "$ref": "#/components/schemas/usersplaylists_tracks"
            }
          }
        }
      },
      "inline_response_200_4": {
        "type": "object",
        "properties": {
          "name": {
            "type": "string"
          },
          "id": {
            "type": "string"
          },
          "artist": {
            "type": "string"
          },
          "preview": {
            "type": "string"
          },
          "url_link": {
            "type": "string"
          }
        }
      },
      "fetch_artist_body": {
        "properties": {
          "artist": {
            "type": "string"
          }
        },
        "example": {
          "artist": "Drake"
        }
      },
      "inline_response_200_5": {
        "type": "object",
        "properties": {
          "name": {
            "type": "string"
          },
          "id": {
            "type": "string"
          },
          "image": {
            "type": "string"
          }
        }
      },
      "fetch_artists_body": {
        "properties": {
          "artist": {
            "type": "string"
          }
        },
        "example": {
          "artist": "taylor"
        }
      },
      "fetch_track_body": {
        "properties": {
          "track": {
            "type": "string"
          }
        },
        "example": {
          "track": "Umbrella"
        }
      },
      "fetch_recs_body": {
        "type": "object",
        "properties": {
          "seed_artists": {
            "type": "array",
            "items": {
              "type": "string"
            }
          },
          "seed_genres": {
            "type": "array",
            "items": {
              "type": "string"
            }
          },
          "seed_tracks": {
            "type": "array",
            "items": {
              "type": "string"
            }
          }
        },
        "example": {
          "seed_artist": [
            "4kYSro6naA4h99UJvo89HB",
            "3TVXtAsR1Inumwj472S9r4"
          ],
          "seed_genres": [
            "hip-hop",
            "r-n-b"
          ],
          "seed_tracks": [
            "3A2yGHWIzmGEIolwonU69h"
          ]
        }
      },
      "fetch_recspipe_body": {
        "properties": {
          "artists": {
            "type": "array",
            "items": {
              "type": "string"
            }
          },
          "genres": {
            "type": "array",
            "items": {
              "type": "string"
            }
          },
          "tracks": {
            "type": "array",
            "items": {
              "type": "string"
            }
          }
        },
        "example": {
          "artists": [
            "Rihanna",
            "Beyonce"
          ],
          "genres": [
            "hip hop"
          ],
          "tracks": [
            "Formation",
            "Love"
          ]
        }
      },
      "Playlist_tracks": {
        "type": "object",
        "properties": {
          "_id": {
            "type": "string",
            "description": "The objectID of the track. Needed to delete an individual track. NOT to be confused with the id field!"
          },
          "name": {
            "type": "string"
          },
          "id": {
            "type": "string",
            "description": "The spotify trackID. NOT to be confused with the _id field!"
          },
          "artist": {
            "type": "string"
          },
          "preview": {
            "type": "string"
          },
          "url_link": {
            "type": "string"
          }
        },
        "description": "Array of the playlist's tracks with included spotify information."
      }
    }
  }
}