{
  "openapi": "3.0.0",
  "info": {
    "title": "syncONE API documentation",
    "description": "This is a description of the syncONE API available to external parties.",
    "contact": {
      "email": "api@duftner.digital"
    },
    "version": "1.0.4"
  },
  "servers": [
    {
      "url": "https://stark-industries.sync-one.net/stark-industries-server/rest/api/1.0",
      "description": "Localhost"
    }
  ],
  "security": [
    {
      "SessionToken": []
    }
  ],
  "tags": [
    {
      "name": "Authentication"
    },
    {
      "name": "Resources"
    },
    {
      "name": "Users"
    },
    {
      "name": "Groups"
    },
    {
      "name": "Modules"
    },
    {
      "name": "CreditCard"
    },
    {
      "name": "News"
    }
  ],
  "paths": {
    "/sessions": {
      "post": {
        "tags": [
          "Authentication"
        ],
        "summary": "Start a new session. All other session tokens associated to the api key will be invalidated.",
        "responses": {
          "200": {
            "description": "OK",
            "content": {
              "application/json": {
                "schema": {
                  "$ref": "#/components/schemas/Session"
                }
              }
            }
          }
        },
        "security": [
          {
            "ApiKeyAuth": []
          }
        ]
      },
      "delete": {
        "tags": [
          "Authentication"
        ],
        "summary": "Delete current session token.",
        "responses": {
          "200": {
            "description": "Session token was deleted."
          }
        }
      }
    },
    "/users": {
      "get": {
        "tags": [
          "Users"
        ],
        "summary": "Get all users.",
        "responses": {
          "200": {
            "description": "OK",
            "content": {
              "application/json": {
                "schema": {
                  "$ref": "#/components/schemas/inline_response_200"
                }
              }
            }
          }
        }
      },
      "post": {
        "tags": [
          "Users"
        ],
        "summary": "Create a new user.",
        "requestBody": {
          "content": {
            "application/json": {
              "schema": {
                "$ref": "#/components/schemas/User"
              }
            }
          }
        },
        "responses": {
          "200": {
            "description": "OK",
            "content": {
              "application/json": {
                "schema": {
                  "$ref": "#/components/schemas/User"
                }
              }
            }
          },
          "409": {
            "description": "E-mail adress already in use."
          }
        }
      }
    },
    "/users/{id}": {
      "get": {
        "tags": [
          "Users"
        ],
        "summary": "Returns the user associated to the given id.",
        "parameters": [
          {
            "name": "id",
            "in": "path",
            "description": "Id of user to perform action on.",
            "required": true,
            "style": "simple",
            "explode": false,
            "schema": {
              "type": "integer",
              "format": "int64"
            }
          }
        ],
        "responses": {
          "200": {
            "description": "OK",
            "content": {
              "application/json": {
                "schema": {
                  "$ref": "#/components/schemas/User"
                }
              }
            }
          }
        }
      },
      "put": {
        "tags": [
          "Users"
        ],
        "summary": "Updates the attributes of the user associated to the given id, according to the given user info.",
        "parameters": [
          {
            "name": "id",
            "in": "path",
            "description": "Id of user to perform action on.",
            "required": true,
            "style": "simple",
            "explode": false,
            "schema": {
              "type": "integer",
              "format": "int64"
            }
          }
        ],
        "requestBody": {
          "content": {
            "application/json": {
              "schema": {
                "$ref": "#/components/schemas/User"
              }
            }
          }
        },
        "responses": {
          "200": {
            "description": "OK",
            "content": {
              "application/json": {
                "schema": {
                  "$ref": "#/components/schemas/User"
                }
              }
            }
          },
          "409": {
            "description": "E-mail adress already in use."
          }
        }
      },
      "delete": {
        "tags": [
          "Users"
        ],
        "summary": "Deletes the user associated to the given id.",
        "parameters": [
          {
            "name": "id",
            "in": "path",
            "description": "Id of user to perform action on.",
            "required": true,
            "style": "simple",
            "explode": false,
            "schema": {
              "type": "integer",
              "format": "int64"
            }
          }
        ],
        "responses": {
          "200": {
            "description": "User deleted",
            "content": {
              "application/json": {
                "schema": {
                  "$ref": "#/components/schemas/User"
                }
              }
            }
          }
        }
      }
    },
    "/users/{id}/groups": {
      "get": {
        "tags": [
          "Users"
        ],
        "summary": "Return all groups where user is member",
        "parameters": [
          {
            "name": "id",
            "in": "path",
            "description": "Id of user to perform action on.",
            "required": true,
            "style": "simple",
            "explode": false,
            "schema": {
              "type": "integer",
              "format": "int64"
            }
          },
          {
            "name": "includeDerived",
            "in": "query",
            "description": "Include derived group memberships",
            "required": false,
            "style": "form",
            "explode": true,
            "schema": {
              "type": "boolean"
            }
          }
        ],
        "responses": {
          "200": {
            "description": "OK",
            "content": {
              "application/json": {
                "schema": {
                  "$ref": "#/components/schemas/inline_response_200_1"
                }
              }
            }
          }
        }
      }
    },
    "/resources/{id}": {
      "get": {
        "tags": [
          "Resources"
        ],
        "summary": "Get A resource by ID.",
        "parameters": [
          {
            "name": "id",
            "in": "path",
            "description": "ID of specific item to fetch.",
            "required": true,
            "style": "simple",
            "explode": false,
            "schema": {
              "minimum": 0,
              "type": "integer",
              "format": "int64"
            }
          }
        ],
        "responses": {
          "200": {
            "description": "OK",
            "content": {
              "application/json": {
                "schema": {
                  "$ref": "#/components/schemas/inline_response_200_2"
                }
              }
            }
          }
        }
      }
    },
    "/groups": {
      "get": {
        "tags": [
          "Groups"
        ],
        "summary": "Get all groups.",
        "responses": {
          "200": {
            "description": "OK",
            "content": {
              "application/json": {
                "schema": {
                  "$ref": "#/components/schemas/inline_response_200_1"
                }
              }
            }
          }
        }
      },
      "post": {
        "tags": [
          "Groups"
        ],
        "summary": "Create a new group.",
        "requestBody": {
          "content": {
            "application/json": {
              "schema": {
                "$ref": "#/components/schemas/Group"
              }
            }
          }
        },
        "responses": {
          "200": {
            "description": "OK",
            "content": {
              "application/json": {
                "schema": {
                  "$ref": "#/components/schemas/Group"
                }
              }
            }
          }
        }
      }
    },
    "/groups/{id}": {
      "get": {
        "tags": [
          "Groups"
        ],
        "summary": "Returns the group associated to the given id.",
        "parameters": [
          {
            "name": "id",
            "in": "path",
            "description": "Id of group to perform action on.",
            "required": true,
            "style": "simple",
            "explode": false,
            "schema": {
              "type": "integer",
              "format": "int64"
            }
          }
        ],
        "responses": {
          "200": {
            "description": "OK",
            "content": {
              "application/json": {
                "schema": {
                  "$ref": "#/components/schemas/Group"
                }
              }
            }
          }
        }
      },
      "put": {
        "tags": [
          "Groups"
        ],
        "summary": "Updates the attributes of the group associated to the given id, according to the given group info.",
        "parameters": [
          {
            "name": "id",
            "in": "path",
            "description": "Id of group to perform action on.",
            "required": true,
            "style": "simple",
            "explode": false,
            "schema": {
              "type": "integer",
              "format": "int64"
            }
          }
        ],
        "requestBody": {
          "content": {
            "application/json": {
              "schema": {
                "$ref": "#/components/schemas/Group"
              }
            }
          }
        },
        "responses": {
          "200": {
            "description": "OK",
            "content": {
              "application/json": {
                "schema": {
                  "$ref": "#/components/schemas/Group"
                }
              }
            }
          }
        }
      },
      "delete": {
        "tags": [
          "Groups"
        ],
        "summary": "Deletes the group associated to the given id.",
        "parameters": [
          {
            "name": "id",
            "in": "path",
            "description": "Id of group to perform action on.",
            "required": true,
            "style": "simple",
            "explode": false,
            "schema": {
              "type": "integer",
              "format": "int64"
            }
          }
        ],
        "responses": {
          "200": {
            "description": "Group deleted",
            "content": {
              "application/json": {
                "schema": {
                  "$ref": "#/components/schemas/User"
                }
              }
            }
          }
        }
      }
    },
    "/groups/{id}/roles": {
      "get": {
        "tags": [
          "Groups"
        ],
        "summary": "Return all roles available for group with GroupId.",
        "parameters": [
          {
            "name": "id",
            "in": "path",
            "description": "Id of group to perform action on.",
            "required": true,
            "style": "simple",
            "explode": false,
            "schema": {
              "type": "integer",
              "format": "int64"
            }
          }
        ],
        "responses": {
          "200": {
            "description": "OK",
            "content": {
              "application/json": {
                "schema": {
                  "$ref": "#/components/schemas/inline_response_200_3"
                }
              }
            }
          }
        }
      }
    },
    "/groups/{id}/modules": {
      "get": {
        "tags": [
          "Groups"
        ],
        "summary": "Returns the modules belonging to the group associated to the given id.",
        "parameters": [
          {
            "name": "id",
            "in": "path",
            "description": "Id of group to perform action on.",
            "required": true,
            "style": "simple",
            "explode": false,
            "schema": {
              "type": "integer",
              "format": "int64"
            }
          }
        ],
        "responses": {
          "200": {
            "description": "OK",
            "content": {
              "application/json": {
                "schema": {
                  "$ref": "#/components/schemas/inline_response_200_4"
                }
              }
            }
          }
        }
      },
      "post": {
        "tags": [
          "Groups"
        ],
        "summary": "Saving a new module to a group.",
        "operationId": "postModule",
        "parameters": [
          {
            "name": "id",
            "in": "path",
            "description": "Id of group to perform action on.",
            "required": true,
            "style": "simple",
            "explode": false,
            "schema": {
              "type": "integer",
              "format": "int64"
            }
          }
        ],
        "requestBody": {
          "content": {
            "application/json": {
              "schema": {
                "$ref": "#/components/schemas/id_modules_body"
              }
            }
          }
        },
        "responses": {
          "201": {
            "description": "OK"
          }
        }
      }
    },
    "/groups/{id}/parentGroups": {
      "get": {
        "tags": [
          "Groups"
        ],
        "summary": "Return all groups that are parent groups to group with id.",
        "parameters": [
          {
            "name": "id",
            "in": "path",
            "description": "Id of group to perform action on.",
            "required": true,
            "style": "simple",
            "explode": false,
            "schema": {
              "type": "integer",
              "format": "int64"
            }
          },
          {
            "name": "includeDerived",
            "in": "query",
            "description": "Include derived group memberships",
            "required": false,
            "style": "form",
            "explode": true,
            "schema": {
              "type": "boolean"
            }
          }
        ],
        "responses": {
          "200": {
            "description": "OK",
            "content": {
              "application/json": {
                "schema": {
                  "$ref": "#/components/schemas/inline_response_200_1"
                }
              }
            }
          }
        }
      }
    },
    "/groups/{id}/childGroups": {
      "get": {
        "tags": [
          "Groups"
        ],
        "summary": "Return all groups that have a membership to group with id.",
        "parameters": [
          {
            "name": "id",
            "in": "path",
            "description": "Id of group to perform action on.",
            "required": true,
            "style": "simple",
            "explode": false,
            "schema": {
              "type": "integer",
              "format": "int64"
            }
          },
          {
            "name": "includeDerived",
            "in": "query",
            "description": "Include derived group memberships",
            "required": false,
            "style": "form",
            "explode": true,
            "schema": {
              "type": "boolean"
            }
          }
        ],
        "responses": {
          "200": {
            "description": "OK",
            "content": {
              "application/json": {
                "schema": {
                  "$ref": "#/components/schemas/inline_response_200_1"
                }
              }
            }
          }
        }
      },
      "post": {
        "tags": [
          "Groups"
        ],
        "summary": "Add group as a new membership to group with id.",
        "parameters": [
          {
            "name": "id",
            "in": "path",
            "description": "Id of group to perform action on.",
            "required": true,
            "style": "simple",
            "explode": false,
            "schema": {
              "type": "integer",
              "format": "int64"
            }
          },
          {
            "name": "includeDerived",
            "in": "query",
            "description": "Include derived group memberships",
            "required": false,
            "style": "form",
            "explode": true,
            "schema": {
              "type": "boolean"
            }
          }
        ],
        "requestBody": {
          "content": {
            "application/json": {
              "schema": {
                "$ref": "#/components/schemas/Group"
              }
            }
          },
          "required": true
        },
        "responses": {
          "201": {
            "description": "OK"
          }
        }
      }
    },
    "/groups/{id}/childGroups/{childId}": {
      "delete": {
        "tags": [
          "Groups"
        ],
        "summary": "Delete group with childId as member from group with Id.",
        "parameters": [
          {
            "name": "id",
            "in": "path",
            "description": "Id of parent group.",
            "required": true,
            "style": "simple",
            "explode": false,
            "schema": {
              "type": "integer",
              "format": "int64"
            }
          },
          {
            "name": "childId",
            "in": "path",
            "description": "Id of children group.",
            "required": true,
            "style": "simple",
            "explode": false,
            "schema": {
              "type": "integer",
              "format": "int64"
            }
          }
        ],
        "responses": {
          "204": {
            "description": "OK"
          }
        }
      }
    },
    "/groups/{id}/users": {
      "get": {
        "tags": [
          "Groups"
        ],
        "summary": "Return all users that have a membership to group with id.",
        "parameters": [
          {
            "name": "id",
            "in": "path",
            "description": "Id of group to perform action on.",
            "required": true,
            "style": "simple",
            "explode": false,
            "schema": {
              "type": "integer",
              "format": "int64"
            }
          }
        ],
        "responses": {
          "200": {
            "description": "OK",
            "content": {
              "application/json": {
                "schema": {
                  "$ref": "#/components/schemas/inline_response_200"
                }
              }
            }
          }
        }
      },
      "post": {
        "tags": [
          "Groups"
        ],
        "summary": "Add user as a new membership to group with groupId.",
        "parameters": [
          {
            "name": "id",
            "in": "path",
            "description": "Id of group to perform action on.",
            "required": true,
            "style": "simple",
            "explode": false,
            "schema": {
              "type": "integer",
              "format": "int64"
            }
          }
        ],
        "requestBody": {
          "content": {
            "application/x-www-form-urlencoded": {
              "schema": {
                "$ref": "#/components/schemas/id_users_body"
              }
            }
          },
          "required": true
        },
        "responses": {
          "201": {
            "description": "OK"
          }
        }
      }
    },
    "/groups/{id}/users/{userId}": {
      "delete": {
        "tags": [
          "Groups"
        ],
        "summary": "Delete user with userId from group with groupId.",
        "parameters": [
          {
            "name": "id",
            "in": "path",
            "description": "Id of group to perform action on.",
            "required": true,
            "style": "simple",
            "explode": false,
            "schema": {
              "type": "integer",
              "format": "int64"
            }
          },
          {
            "name": "userId",
            "in": "path",
            "required": true,
            "style": "simple",
            "explode": false,
            "schema": {
              "type": "integer",
              "format": "int64"
            }
          }
        ],
        "responses": {
          "204": {
            "description": "OK"
          }
        }
      }
    },
    "/modules/{moduleId}": {
      "get": {
        "tags": [
          "Modules"
        ],
        "summary": "Get module in group with groupId and with ID moduleId",
        "parameters": [
          {
            "name": "moduleId",
            "in": "path",
            "description": "The module ID",
            "required": true,
            "style": "simple",
            "explode": false,
            "schema": {
              "type": "integer",
              "format": "int64"
            }
          }
        ],
        "responses": {
          "200": {
            "description": "OK",
            "content": {
              "application/json": {
                "schema": {
                  "$ref": "#/components/schemas/Module"
                }
              }
            }
          }
        }
      },
      "put": {
        "tags": [
          "Modules"
        ],
        "summary": "Overwrite module in group with groupId and with ID moduleId",
        "parameters": [
          {
            "name": "moduleId",
            "in": "path",
            "description": "The module ID",
            "required": true,
            "style": "simple",
            "explode": false,
            "schema": {
              "type": "integer",
              "format": "int64"
            }
          }
        ],
        "requestBody": {
          "content": {
            "application/json": {
              "schema": {
                "$ref": "#/components/schemas/Module"
              }
            }
          },
          "required": true
        },
        "responses": {
          "200": {
            "description": "OK",
            "content": {
              "application/json": {
                "schema": {
                  "$ref": "#/components/schemas/Module"
                }
              }
            }
          }
        }
      },
      "delete": {
        "tags": [
          "Modules"
        ],
        "summary": "Delete module in group with groupId and with ID moduleId",
        "parameters": [
          {
            "name": "moduleId",
            "in": "path",
            "description": "The module ID",
            "required": true,
            "style": "simple",
            "explode": false,
            "schema": {
              "type": "integer",
              "format": "int64"
            }
          }
        ],
        "responses": {
          "204": {
            "description": "OK"
          }
        }
      }
    },
    "/modules/moduletypes": {
      "get": {
        "tags": [
          "Modules"
        ],
        "summary": "Returns all available module types from the system",
        "responses": {
          "200": {
            "description": "OK",
            "content": {
              "application/json": {
                "schema": {
                  "$ref": "#/components/schemas/inline_response_200_5"
                }
              }
            }
          }
        }
      }
    },
    "/news": {
      "get": {
        "tags": [
          "News"
        ],
        "summary": "Return all news articles",
        "responses": {
          "200": {
            "description": "OK",
            "content": {
              "application/json": {
                "schema": {
                  "$ref": "#/components/schemas/inline_response_200_6"
                }
              }
            }
          }
        }
      }
    },
    "/news/{newsId}": {
      "get": {
        "tags": [
          "News"
        ],
        "summary": "Fetch one news entry",
        "parameters": [
          {
            "name": "newsId",
            "in": "path",
            "description": "The news article Id",
            "required": true,
            "style": "simple",
            "explode": false,
            "schema": {
              "type": "integer",
              "format": "int64"
            }
          }
        ],
        "responses": {
          "200": {
            "description": "OK",
            "content": {
              "application/json": {
                "schema": {
                  "$ref": "#/components/schemas/NewsEntry"
                }
              }
            }
          }
        }
      }
    },
    "/redemptionpartners": {
      "get": {
        "tags": [
          "CreditCard"
        ],
        "summary": "Get all redemption partners",
        "parameters": [
          {
            "name": "offset",
            "in": "query",
            "description": "offset to start getting items.",
            "required": false,
            "style": "form",
            "explode": true,
            "schema": {
              "minimum": 0,
              "type": "integer",
              "format": "int64",
              "default": 0
            }
          },
          {
            "name": "limit",
            "in": "query",
            "description": "Maximum number of items to return.",
            "required": false,
            "style": "form",
            "explode": true,
            "schema": {
              "minimum": 1,
              "type": "integer",
              "format": "int32",
              "default": 42
            }
          },
          {
            "name": "sort",
            "in": "query",
            "description": "Direction of sorting items before fetching results.",
            "required": false,
            "style": "form",
            "explode": true,
            "schema": {
              "type": "string",
              "enum": [
                "ASCENDING",
                "DESCENDING"
              ]
            }
          },
          {
            "name": "search",
            "in": "query",
            "description": "Search for term...",
            "required": false,
            "style": "form",
            "explode": true,
            "schema": {
              "type": "string"
            }
          }
        ],
        "responses": {
          "200": {
            "description": "OK",
            "content": {
              "application/json": {
                "schema": {
                  "$ref": "#/components/schemas/inline_response_200_7"
                }
              }
            }
          }
        }
      }
    },
    "/redemptionpartners/count": {
      "get": {
        "tags": [
          "CreditCard"
        ],
        "summary": "Get amount of redemption partners",
        "parameters": [
          {
            "name": "search",
            "in": "query",
            "description": "Search for term...",
            "required": false,
            "style": "form",
            "explode": true,
            "schema": {
              "type": "string"
            }
          }
        ],
        "responses": {
          "200": {
            "description": "OK",
            "content": {
              "application/json": {
                "schema": {
                  "type": "integer",
                  "format": "int64",
                  "readOnly": true
                }
              }
            }
          }
        }
      }
    }
  },
  "components": {
    "schemas": {
      "User": {
        "required": [
          "firstName",
          "lastName",
          "salutation"
        ],
        "type": "object",
        "properties": {
          "id": {
            "type": "integer",
            "format": "int64",
            "readOnly": true,
            "example": 2
          },
          "salutation": {
            "type": "string",
            "enum": [
              "NEUTRAL",
              "FEMALE",
              "MALE"
            ]
          },
          "titlePrefix": {
            "maxLength": 25,
            "type": "string",
            "example": "Dr."
          },
          "titleSuffix": {
            "maxLength": 25,
            "type": "string",
            "example": "MSc"
          },
          "firstName": {
            "maxLength": 30,
            "minLength": 1,
            "type": "string",
            "example": "Jane"
          },
          "lastName": {
            "maxLength": 50,
            "minLength": 1,
            "type": "string",
            "example": "Doe"
          },
          "email": {
            "maxLength": 254,
            "type": "string",
            "format": "email",
            "example": "jd@duftner.digital"
          },
          "mobilePhoneNumber": {
            "type": "string",
            "format": "^\\+[1-9][0-9]{3,14}$",
            "example": "+43669123456789"
          },
          "birthDate": {
            "type": "string",
            "format": "date",
            "example": "2000-02-20"
          },
          "position": {
            "maxLength": 100,
            "type": "string",
            "example": "CEO"
          },
          "location": {
            "maxLength": 100,
            "type": "string",
            "example": "Innsbruck"
          },
          "additionalInformation": {
            "maxLength": 500,
            "type": "string",
            "example": "Best CEO in the world."
          },
          "entryDate": {
            "type": "string",
            "format": "date",
            "example": "2021-01-21"
          }
        }
      },
      "Group": {
        "required": [
          "id",
          "name"
        ],
        "type": "object",
        "properties": {
          "id": {
            "type": "integer",
            "format": "int64",
            "readOnly": true,
            "example": 15
          },
          "name": {
            "maxLength": 500,
            "minLength": 1,
            "type": "string",
            "example": "General"
          },
          "description": {
            "maxLength": 500,
            "type": "string",
            "example": "Group which contains general contents."
          },
          "color": {
            "type": "string",
            "format": "^#([a-fA-F0-9]{6})$",
            "example": "#FFFF00"
          }
        }
      },
      "Module": {
        "required": [
          "id",
          "name"
        ],
        "type": "object",
        "properties": {
          "id": {
            "type": "integer",
            "format": "int64",
            "readOnly": true,
            "example": 15
          },
          "name": {
            "maxLength": 500,
            "minLength": 1,
            "type": "string",
            "example": "Flight training"
          },
          "description": {
            "type": "string",
            "example": "In this module you will be thought how to fly various planes, helicopters and flying saucers"
          },
          "moduleType": {
            "maxLength": 500,
            "minLength": 1,
            "type": "string",
            "readOnly": true,
            "example": "LearningModule"
          }
        }
      },
      "ModuleSetting": {
        "required": [
          "key",
          "value"
        ],
        "type": "object",
        "properties": {
          "key": {
            "type": "string",
            "readOnly": true,
            "example": "show published training activity in activities"
          },
          "value": {
            "example": true,
            "oneOf": [
              {
                "type": "string"
              },
              {
                "type": "number"
              },
              {
                "type": "boolean"
              },
              {
                "type": "string",
                "format": "binary"
              },
              {
                "type": "object"
              }
            ]
          }
        }
      },
      "ModuleType": {
        "required": [
          "moduleTypeId",
          "moduleTypeName"
        ],
        "type": "object",
        "properties": {
          "moduleTypeId": {
            "maxLength": 500,
            "minLength": 1,
            "type": "string",
            "readOnly": true,
            "example": "LearningModule"
          },
          "moduleTypeName": {
            "maxLength": 500,
            "minLength": 1,
            "type": "string",
            "readOnly": true,
            "example": "Trainingsmodul"
          }
        }
      },
      "RoleCollection": {
        "type": "object",
        "properties": {
          "name": {
            "maxLength": 500,
            "minLength": 1,
            "type": "string",
            "readOnly": true,
            "example": "Gruppe: Gruppe 1"
          },
          "roles": {
            "type": "array",
            "items": {
              "$ref": "#/components/schemas/RoleCollection_roles"
            }
          }
        }
      },
      "Session": {
        "title": "Session",
        "type": "object",
        "properties": {
          "token": {
            "type": "string",
            "readOnly": true
          },
          "validUntil": {
            "type": "string",
            "format": "date-time",
            "readOnly": true
          }
        }
      },
      "NewsEntry": {
        "type": "object",
        "properties": {
          "title": {
            "type": "string",
            "readOnly": true,
            "example": "Peter Parker is Spiderman!!"
          },
          "priority": {
            "$ref": "#/components/schemas/Priority"
          },
          "teaserText": {
            "type": "string",
            "readOnly": true
          },
          "text": {
            "type": "string",
            "readOnly": true
          },
          "imageResource": {
            "$ref": "#/components/schemas/MediaResource"
          },
          "endpoints": {
            "type": "array",
            "items": {
              "$ref": "#/components/schemas/Endpoint"
            }
          },
          "visibleFrom": {
            "type": "string",
            "format": "date-time",
            "readOnly": true
          },
          "visibleUntill": {
            "type": "string",
            "format": "date-time",
            "readOnly": true
          },
          "pinned": {
            "type": "boolean"
          }
        }
      },
      "Priority": {
        "type": "object",
        "properties": {
          "name": {
            "type": "string",
            "readOnly": true,
            "example": "high"
          },
          "description": {
            "type": "string",
            "readOnly": true,
            "example": "this is the highes priority!!"
          },
          "ordinal": {
            "type": "integer",
            "format": "int64",
            "readOnly": true,
            "example": 50
          }
        }
      },
      "MediaResource": {
        "required": [
          "mimeType",
          "url"
        ],
        "type": "object",
        "properties": {
          "title": {
            "type": "string",
            "readOnly": true
          },
          "url": {
            "type": "string",
            "readOnly": true
          },
          "mimeType": {
            "type": "string",
            "readOnly": true
          }
        }
      },
      "Endpoint": {
        "required": [
          "endpoint_type"
        ],
        "type": "object",
        "properties": {
          "title": {
            "type": "string",
            "readOnly": true
          },
          "endpoint_type": {
            "type": "string"
          }
        },
        "discriminator": {
          "propertyName": "endpoint_type"
        }
      },
      "TextEndpoint": {
        "allOf": [
          {
            "$ref": "#/components/schemas/Endpoint"
          },
          {
            "required": [
              "text"
            ],
            "type": "object",
            "properties": {
              "text": {
                "type": "string",
                "readOnly": true
              }
            }
          }
        ]
      },
      "ResourceEndpoint": {
        "allOf": [
          {
            "$ref": "#/components/schemas/Endpoint"
          },
          {
            "required": [
              "mediaResource"
            ],
            "type": "object",
            "properties": {
              "mediaResource": {
                "$ref": "#/components/schemas/MediaResource"
              }
            }
          }
        ]
      },
      "GalleryEndpoint": {
        "allOf": [
          {
            "$ref": "#/components/schemas/Endpoint"
          },
          {
            "type": "object",
            "properties": {
              "images": {
                "type": "array",
                "items": {
                  "$ref": "#/components/schemas/MediaResource"
                }
              }
            }
          }
        ]
      },
      "RedemptionPartner": {
        "type": "object",
        "properties": {
          "name": {
            "type": "string",
            "readOnly": true
          },
          "description": {
            "type": "string",
            "readOnly": true
          },
          "openingHours": {
            "$ref": "#/components/schemas/OpeningHours"
          },
          "image": {
            "$ref": "#/components/schemas/MediaResource"
          },
          "address": {
            "$ref": "#/components/schemas/Address"
          }
        }
      },
      "OpeningHours": {
        "type": "object",
        "properties": {
          "monday": {
            "$ref": "#/components/schemas/OpeningHoursForDay"
          },
          "tuesday": {
            "$ref": "#/components/schemas/OpeningHoursForDay"
          },
          "wednesday": {
            "$ref": "#/components/schemas/OpeningHoursForDay"
          },
          "thursday": {
            "$ref": "#/components/schemas/OpeningHoursForDay"
          },
          "friday": {
            "$ref": "#/components/schemas/OpeningHoursForDay"
          },
          "saturday": {
            "$ref": "#/components/schemas/OpeningHoursForDay"
          },
          "sunday": {
            "$ref": "#/components/schemas/OpeningHoursForDay"
          }
        }
      },
      "OpeningHoursForDay": {
        "type": "object",
        "properties": {
          "times": {
            "type": "array",
            "items": {
              "$ref": "#/components/schemas/OpeningTimeFrame"
            }
          }
        }
      },
      "OpeningTimeFrame": {
        "type": "object",
        "properties": {
          "start": {
            "$ref": "#/components/schemas/Time"
          },
          "end": {
            "$ref": "#/components/schemas/Time"
          }
        }
      },
      "Time": {
        "type": "object",
        "properties": {
          "hour": {
            "maximum": 23,
            "minimum": 0,
            "type": "integer"
          },
          "minute": {
            "maximum": 59,
            "minimum": 0,
            "type": "integer"
          }
        }
      },
      "Address": {
        "type": "object",
        "properties": {
          "street": {
            "type": "string",
            "readOnly": true,
            "example": "Riesengasse"
          },
          "number": {
            "type": "integer",
            "format": "int64",
            "readOnly": true,
            "example": 3
          },
          "addition": {
            "type": "string",
            "readOnly": true,
            "example": "a"
          },
          "zipCode": {
            "type": "string",
            "readOnly": true,
            "example": "6020"
          },
          "city": {
            "type": "string",
            "readOnly": true,
            "example": "Innsbruck"
          },
          "gpsCoordinates": {
            "$ref": "#/components/schemas/Address_gpsCoordinates"
          }
        }
      },
      "inline_response_200": {
        "type": "object",
        "properties": {
          "items": {
            "type": "array",
            "items": {
              "$ref": "#/components/schemas/User"
            }
          }
        }
      },
      "inline_response_200_1": {
        "type": "object",
        "properties": {
          "items": {
            "type": "array",
            "items": {
              "$ref": "#/components/schemas/Group"
            }
          }
        }
      },
      "inline_response_200_2": {
        "type": "object",
        "properties": {
          "base64EncodedResource": {
            "type": "string",
            "description": "Base64-encoded contents of the resource",
            "format": "byte"
          }
        }
      },
      "inline_response_200_3": {
        "type": "object",
        "properties": {
          "roles": {
            "type": "array",
            "items": {
              "$ref": "#/components/schemas/RoleCollection"
            }
          }
        }
      },
      "inline_response_200_4": {
        "type": "object",
        "properties": {
          "modules": {
            "type": "array",
            "items": {
              "$ref": "#/components/schemas/Module"
            }
          }
        }
      },
      "id_modules_body": {
        "type": "object",
        "properties": {
          "module": {
            "$ref": "#/components/schemas/Module"
          },
          "moduleType": {
            "$ref": "#/components/schemas/ModuleType"
          },
          "moduleSettings": {
            "type": "array",
            "items": {
              "$ref": "#/components/schemas/ModuleSetting"
            }
          }
        }
      },
      "id_users_body": {
        "type": "object",
        "properties": {
          "userId": {
            "type": "integer"
          }
        }
      },
      "inline_response_200_5": {
        "type": "object",
        "properties": {
          "items": {
            "type": "array",
            "items": {
              "$ref": "#/components/schemas/ModuleType"
            }
          }
        }
      },
      "inline_response_200_6": {
        "type": "object",
        "properties": {
          "items": {
            "type": "array",
            "items": {
              "$ref": "#/components/schemas/NewsEntry"
            }
          }
        }
      },
      "inline_response_200_7": {
        "type": "object",
        "properties": {
          "items": {
            "type": "array",
            "items": {
              "$ref": "#/components/schemas/RedemptionPartner"
            }
          }
        }
      },
      "RoleCollection_roles": {
        "type": "object",
        "properties": {
          "roleId": {
            "type": "string",
            "readOnly": true,
            "example": "editor"
          },
          "roleName": {
            "type": "string",
            "readOnly": true,
            "example": "Editor"
          },
          "roleDescription": {
            "type": "string",
            "readOnly": true
          }
        }
      },
      "Address_gpsCoordinates": {
        "type": "object",
        "properties": {
          "latitude": {
            "type": "number",
            "format": "float",
            "readOnly": true
          },
          "longitude": {
            "type": "number",
            "format": "float",
            "readOnly": true
          }
        }
      }
    },
    "parameters": {
      "idParam": {
        "name": "id",
        "in": "path",
        "description": "ID of specific item to fetch.",
        "required": true,
        "style": "simple",
        "explode": false,
        "schema": {
          "minimum": 0,
          "type": "integer",
          "format": "int64"
        }
      },
      "offsetParam": {
        "name": "offset",
        "in": "query",
        "description": "offset to start getting items.",
        "required": false,
        "style": "form",
        "explode": true,
        "schema": {
          "minimum": 0,
          "type": "integer",
          "format": "int64",
          "default": 0
        }
      },
      "limitParam": {
        "name": "limit",
        "in": "query",
        "description": "Maximum number of items to return.",
        "required": false,
        "style": "form",
        "explode": true,
        "schema": {
          "minimum": 1,
          "type": "integer",
          "format": "int32",
          "default": 42
        }
      },
      "sortorderParam": {
        "name": "sort",
        "in": "query",
        "description": "Direction of sorting items before fetching results.",
        "required": false,
        "style": "form",
        "explode": true,
        "schema": {
          "type": "string",
          "enum": [
            "ASCENDING",
            "DESCENDING"
          ]
        }
      },
      "searchParam": {
        "name": "search",
        "in": "query",
        "description": "Search for term...",
        "required": false,
        "style": "form",
        "explode": true,
        "schema": {
          "type": "string"
        }
      }
    },
    "securitySchemes": {
      "SessionToken": {
        "type": "http",
        "scheme": "bearer"
      },
      "ApiKeyAuth": {
        "type": "apiKey",
        "name": "API-KEY",
        "in": "header"
      }
    }
  }
}