{"openapi":"3.0.0","info":{"title":"DEA","description":"DEA Integration","version":"1.0"},"servers":[{"url":"https://naba--dati.my.salesforce.com/services/apexrest","description":"Test enviroment"},{"url":"https://naba.my.salesforce.com/services/apexrest","description":"Production enviroment"}],"paths":{"/registration":{"post":{"tags":["Registration"],"summary":"Insert Student","description":"Used to Insert the student","requestBody":{"content":{"application/json":{"schema":{"$ref":"#/components/schemas/RegistrationRequest"}}},"required":true},"responses":{"200":{"description":"OK","content":{"application/json":{"schema":{"$ref":"#/components/schemas/RegistrationResponse"}}}},"400":{"description":"Bad Request","content":{"application/json":{"schema":{"$ref":"#/components/schemas/RegistrationResponse"}}}},"404":{"description":"Query Parameter Missing","content":{"application/json":{"schema":{"type":"object","properties":{"message":{"type":"string"}}},"example":{"quandagoContactId":"123qwe456","quandagoOpportunityId":"789asd456","error":["School .... does not exist","Program .... does not exist"]}}}},"500":{"description":"Bad request","content":{"application/json":{"schema":{"type":"object","properties":{"message":{"type":"string"}}},"example":{"quandagoContactId":"123qwe456","quandagoOpportunityId":"789asd456","error":["Exception Message: ....","Exception Stack Trace: ...."]}}}}},"security":[{"bearerAuth":[]}]}},"/course":{"patch":{"tags":["Course"],"summary":"Select Course","description":"Used to update Contact and Opportunity","requestBody":{"content":{"application/json":{"schema":{"$ref":"#/components/schemas/CourseRequest"}}},"required":true},"responses":{"200":{"description":"OK","content":{"application/json":{"schema":{"$ref":"#/components/schemas/CourseResponse"}}}},"400":{"description":"Bad Request","content":{"application/json":{"schema":{"type":"object","properties":{"message":{"type":"string"}}},"example":{"quandagoContactId":"123qwe456","quandagoOpportunityId":"789asd456","error":[" Campus.... does not exist"]}}}},"404":{"description":"Query Parameter Missing","content":{"application/json":{"schema":{"type":"object","properties":{"message":{"type":"string"}}},"example":{"quandagoContactId":"123qwe456","quandagoOpportunityId":"789asd456","error":["Contact .... does not exist"]}}}},"500":{"description":"Bad request","content":{"application/json":{"schema":{"type":"object","properties":{"message":{"type":"string"}}},"example":{"quandagoContactId":"123qwe456","quandagoOpportunityId":"789asd456","error":["Exception Message: ....","Exception Stack Trace: ...."]}}}}},"security":[{"bearerAuth":[]}]}},"/anagraphicalData":{"patch":{"tags":["AnagraphicalData"],"summary":"Insert Anagraphical Data","description":"Used to insert Anagraphical Data","requestBody":{"content":{"application/json":{"schema":{"$ref":"#/components/schemas/AnagraphicalDataRequest"}}},"required":true},"responses":{"200":{"description":"OK","content":{"application/json":{"schema":{"$ref":"#/components/schemas/AnagraphicalDataResponse"}}}},"400":{"description":"Bad Request","content":{"application/json":{"schema":{"type":"object","properties":{"message":{"type":"string"}}},"example":{"quandagoContactId":"123qwe456","quandagoOpportunityId":"789asd456","error":["First Name Is mandatory"]}}}},"404":{"description":"Query Parameter Missing","content":{"application/json":{"schema":{"type":"object","properties":{"message":{"type":"string"}}},"example":{"quandagoContactId":"123qwe456","quandagoOpportunityId":"789asd456","error":["Contact .... does not exist"]}}}},"406":{"description":"Error Fiscal Code","content":{"application/json":{"schema":{"type":"object","properties":{"message":{"type":"string"}}},"example":{"quandagoContactId":"123qwe456","quandagoOpportunityId":"789asd456","error":["Errore codice fiscale: ...."]}}}},"500":{"description":"Bad request","content":{"application/json":{"schema":{"type":"object","properties":{"message":{"type":"string"}}},"example":{"quandagoContactId":"123qwe456","quandagoOpportunityId":"789asd456","error":["Exception Message: ....","Exception Stack Trace: ...."]}}}}},"security":[{"bearerAuth":[]}]}},"/documents":{"post":{"tags":["Documents"],"summary":"Insert Documents","description":"Used to Insert the student's documents","requestBody":{"content":{"application/json":{"schema":{"$ref":"#/components/schemas/DocumentRequest"}}},"required":true},"responses":{"200":{"description":"OK","content":{"application/json":{"schema":{"$ref":"#/components/schemas/DocumentResponse"},"example":{"sfContactId":"0033X00003jXZtr","sfOpportunityId":"0063X00001CizLG","quandagoContactId":"123qwe456","quandagoOpportunityId":"789asd456","error":[]}}}},"400":{"description":"Bad Request","content":{"application/json":{"schema":{"type":"object","properties":{"message":{"type":"string"}}},"example":{"quandagoContactId":"123qwe456","quandagoOpportunityId":"789asd456","error":["Document Name .... does not exist"]}}}},"404":{"description":"Query Parameter Missing","content":{"application/json":{"schema":{"type":"object","properties":{"message":{"type":"string"}}},"example":{"quandagoContactId":"123qwe456","quandagoOpportunityId":"789asd456","error":["Contact .... does not exist"]}}}},"500":{"description":"Bad request","content":{"application/json":{"schema":{"type":"object","properties":{"message":{"type":"string"}}},"example":{"quandagoContactId":"123qwe456","quandagoOpportunityId":"789asd456","error":["Exception Message: ....","Exception Stack Trace: ...."]}}}}},"security":[{"bearerAuth":[]}]}},"/paymentManagement":{"patch":{"tags":["PaymentManagement"],"summary":"Payment Management","description":"Used to Insert Payment Management Data","requestBody":{"content":{"application/json":{"schema":{"$ref":"#/components/schemas/PaymentManagementRequest"}}},"required":true},"responses":{"200":{"description":"OK","content":{"application/json":{"schema":{"$ref":"#/components/schemas/PaymentManagementResponse"},"example":{"sfContactId":"0033X00003jXZtr","sfOpportunityId":"0063X00001CizLG","quandagoContactId":"123qwe456","quandagoOpportunityId":"789asd456","error":[]}}}},"400":{"description":"Bad Request","content":{"application/json":{"schema":{"type":"object","properties":{"message":{"type":"string"}}},"example":{"quandagoContactId":"123qwe456","quandagoOpportunityId":"789asd456","error":["Payment Type is mandatory"]}}}},"404":{"description":"Query Parameter Missing","content":{"application/json":{"schema":{"type":"object","properties":{"message":{"type":"string"}}},"example":{"quandagoContactId":"123qwe456","quandagoOpportunityId":"789asd456","error":["Contact .... does not exist"]}}}},"500":{"description":"Bad request","content":{"application/json":{"schema":{"type":"object","properties":{"message":{"type":"string"}}},"example":{"quandagoContactId":"123qwe456","quandagoOpportunityId":"789asd456","error":["Exception Message: ....","Exception Stack Trace: ...."]}}}}},"security":[{"bearerAuth":[]}]}}},"components":{"schemas":{"RegistrationRequest":{"required":["campaignSource","degreeLevel","email","firstName","lastname","programOfInterest","quandagoApplicationId","quandagoStudentId","school","schoolTerm"],"type":"object","properties":{"quandagoStudentId":{"type":"string","description":"Student Id","example":"123qwe456rty"},"quandagoApplicationId":{"type":"string","description":"Application Id","example":"789zxc456cvb"},"firstName":{"type":"string","example":"Marco"},"lastname":{"type":"string","example":"Festa"},"email":{"type":"string","format":"email","example":"marco.festa@gmail.com"},"mobilePhone":{"type":"string","example":"+39 123456789"},"privacyGdpr":{"type":"boolean"},"privacyGdprMarketing":{"type":"boolean"},"privacyGdprProfiling":{"type":"boolean"},"school":{"$ref":"#/components/schemas/School"},"country":{"type":"string","example":"Italy"},"degreeLevel":{"$ref":"#/components/schemas/DegreeLevel"},"programOfInterest":{"type":"string","description":"Salesforce Id Program__c","example":"a0Y0O00000XmjlS"},"schoolTerm":{"type":"string","description":"Salesforce Id School_Term__c","example":"a0e0O00001MXlnm"},"campaignSource":{"type":"string","description":"Salesforce Id Campaign","example":"7013X000001jVlW"},"specificChannel":{"type":"string","example":"RETARGETING"},"googleIdentifier":{"type":"string","example":"EAIaIQobChMIz_7ehab67QIVyn4rCh1oOAeYEAAYASAAEgL11fD_BwE"},"registrationStartDate":{"type":"string","format":"date-time"},"registrationEndDate":{"type":"string","format":"date-time"},"campaign":{"type":"string","example":"SOCIALADV_NABA_ALL_EN_200100_Generica"},"utmCampaign":{"type":"string","example":"webmailadv_Naba_EN_191924_gsp_google"},"utmSource":{"type":"string","example":"google_gmail_gsp"},"utmMedium":{"type":"string","example":"webmailadv"},"utmTerm":{"type":"string"},"utmContent":{"type":"string"},"entryPage":{"type":"string"},"numberOfVisit":{"type":"number"},"firstVisitDate":{"type":"string"},"numberOfPageViews":{"type":"number"},"device":{"type":"string"},"os":{"type":"string"},"keyword":{"type":"string"},"lastPageVisited":{"type":"string"}}},"RegistrationResponse":{"type":"object","properties":{"sfContactId":{"type":"string","description":"Contact Id","example":"0033X00003jXZtr"},"sfOpportunityId":{"type":"string","description":"Opportunity Id","example":"0063X00001CizLG"},"quandagoStudentId":{"type":"string","description":"Quandago Student Id","example":"123qwe456"},"quandagoApplicationId":{"type":"string","description":"Quandago Application Id","example":"789asd456"},"message":{"type":"array","items":{"type":"string","example":"[\"Message1\",\"Message2\"]"}},"errors":{"type":"array","items":{"type":"string","example":"[\"Exception Message: ....\",\"Exception Stack Trace: ....\"]"}}}},"CourseRequest":{"required":["campus","degreeLevel","programOfInterest","quandagoApplicationId","quandagoStudentId","schoolTerm","sfContactId","sfOpportunityId"],"type":"object","properties":{"quandagoStudentId":{"type":"string","description":"Student Id","example":"123qwe456rty"},"sfContactId":{"type":"string","description":"Salesforce Contact Id","example":"0030Y00000lFjLnQAK"},"quandagoApplicationId":{"type":"string","description":"Application Id","example":"789zxc456cvb"},"sfOpportunityId":{"type":"string","description":"Salesforce Opportunity Id","example":"0061v00000sXNJ4AAO"},"campus":{"$ref":"#/components/schemas/Campus"},"degreeLevel":{"$ref":"#/components/schemas/DegreeLevel"},"programOfInterest":{"type":"string","description":"Salesforce Id of Specific Program"},"schoolTerm":{"type":"string","description":"Salesforce Id of School Term"},"dateCourseEnd":{"type":"string","format":"date-time"},"testFee":{"type":"boolean"}}},"CourseResponse":{"type":"object","properties":{"sfContactId":{"type":"string","description":"Contact Id","example":"0033X00003jXZtr"},"sfOpportunityId":{"type":"string","description":"Opportunity Id","example":"0063X00001CizLG"},"quandagoStudentId":{"type":"string","description":"Quandago Student Id","example":"123qwe456"},"quandagoApplicationId":{"type":"string","description":"Quandago Application Id","example":"789asd456"},"message":{"type":"array","items":{"type":"string","example":"[\"Conatct Id is changed: ....\",\"Opportunity Id is changed: ....\"]"}},"errors":{"type":"array","items":{"type":"string","example":"[\"Exception Message: ....\",\"Exception Stack Trace: ....\"]"}}}},"AnagraphicalDataRequest":{"required":["email","firstName","lastName","quandagoApplicationId","quandagoStudentId","sfContactId","sfOpportunityId"],"type":"object","properties":{"quandagoStudentId":{"type":"string","description":"Student Id","example":"123qwe456rty"},"sfContactId":{"type":"string","description":"Salesforce Contact Id","example":"0030Y00000lFjLnQAK"},"quandagoApplicationId":{"type":"string","description":"Application Id","example":"789zxc456cvb"},"sfOpportunityId":{"type":"string","description":"Salesforce Opportunity Id","example":"0061v00000sXNJ4AAO"},"firstName":{"type":"string","example":"Marco"},"lastName":{"type":"string","example":"Festa"},"email":{"type":"string","format":"email","example":"marco.festa@gmail.com"},"phone":{"type":"string","example":"+39 123456789"},"placeOfBirth":{"type":"string"},"gender":{"$ref":"#/components/schemas/Gender"},"dateOfBirth":{"type":"string","format":"date","example":"2017-07-21"},"cityOfBirth":{"type":"string"},"passportCountry":{"type":"string"},"nationality":{"type":"string"},"permanentStreet":{"type":"string","example":"Via Garibaldi 23"},"permanentCity":{"type":"string","example":"Milano"},"permanentCountry":{"type":"string","example":"Italy"},"permanentPostalCode":{"type":"string","example":"98074"},"permanentAddress1":{"type":"string","example":"Via Garibaldi 23"},"italyFiscalcode":{"type":"string","example":"FLCLNE00S58E473Y"},"italyRegion":{"type":"string","example":"Lombardy"},"italyProvince":{"type":"string","example":"Milano"},"permanentProvince":{"type":"string","example":"Milano"},"currentStreet":{"type":"string","example":"Via Garibaldi 23"},"currentCity":{"type":"string","example":"Milano"},"currentCountry":{"type":"string","example":"Italy"},"currentProvince":{"type":"string","example":"Lombardy"},"currentRegion":{"type":"string","example":"Lombardy"},"currentPostalCode":{"type":"string","example":"98074"},"otherHighSchool":{"type":"string","example":"BELLINI"},"expectedGraduationDate":{"type":"string","format":"date","example":"2017-07-21"},"highSchoolGraduationYear":{"type":"string","example":"2022"},"educationSystem":{"type":"string","example":"Chinese"},"universityCountry":{"type":"string","example":"Italy"},"universityDegreeQualificationLevel":{"$ref":"#/components/schemas/UniversityDegreeLevel"},"universityDegreeQualificationOther":{"type":"string","example":"Test Degree Level"},"universityEnteredDate":{"type":"string","format":"date","example":"2017-07-21"},"universityDepartureDate":{"type":"string","format":"date","example":"2017-07-21"},"universityGraduationDate":{"type":"string","format":"date","example":"2017-07-21"},"universityGraduationYear":{"type":"string","format":"date","example":"2017-07-21"},"dateAnagraphicalDataEnd":{"type":"string","format":"date-time"},"baFinalGrade":{"type":"string","example":"20,5"},"otherHighSchoolCountry":{"type":"string","example":"Italy"},"universityAttendeed":{"type":"string","example":"School Name"},"universityDegreeLevel":{"type":"string","example":"Postgraduate"},"bracket":{"$ref":"#/components/schemas/Bracket"},"hasEuBracketIncome":{"type":"boolean"}}},"AnagraphicalDataResponse":{"type":"object","properties":{"sfContactId":{"type":"string","description":"Contact Id","example":"0033X00003jXZtr"},"sfOpportunityId":{"type":"string","description":"Opportunity Id","example":"0063X00001CizLG"},"quandagoStudentId":{"type":"string","description":"Quandago Student Id","example":"123qwe456"},"quandagoApplicationId":{"type":"string","description":"Quandago Application Id","example":"789asd456"},"message":{"type":"array","items":{"type":"string","example":"[\"Conatct Id is changed: ....\",\"Opportunity Id is changed: ....\"]"}},"errors":{"type":"array","items":{"type":"string","example":"[\"Exception Message: ....\",\"Exception Stack Trace: ....\"]"}}}},"DocumentRequest":{"required":["quandagoApplicationId","quandagoStudentId","sfContactId","sfOpportunityId"],"type":"object","properties":{"quandagoStudentId":{"type":"string","description":"Student Id","example":"123qwe456rty"},"sfContactId":{"type":"string","description":"Salesforce Contact Id","example":"0030Y00000lFjLnQAK"},"quandagoApplicationId":{"type":"string","description":"Application Id","example":"789zxc456cvb"},"sfOpportunityId":{"type":"string","description":"Salesforce Opportunity Id","example":"0061v00000sXNJ4AAO"},"dateOtherDocumentStart":{"type":"string","format":"date-time"},"dateOtherDocumentEnd":{"type":"string","format":"date-time"},"dateSelectionDocumentStart":{"type":"string","format":"date-time"},"dateSelectionDocumentEnd":{"type":"string","format":"date-time"},"dateSelectionStart":{"type":"string","format":"date-time"},"dateSelectionEnd":{"type":"string","format":"date-time"},"dateTestFeeStart":{"type":"string","format":"date-time"},"dateTestFeeEnd":{"type":"string","format":"date-time"},"campusLocationTest":{"$ref":"#/components/schemas/CampusLocationTest"},"testAdmissionDate":{"type":"string","format":"date","example":"2021-06-25"},"paymentType":{"$ref":"#/components/schemas/PaymentTypeDocument"},"documentData":{"type":"array","items":{"type":"object","properties":{"nameDocument":{"$ref":"#/components/schemas/Documents"},"isAttached":{"$ref":"#/components/schemas/AttachedApproved"},"isApproved":{"$ref":"#/components/schemas/AttachedApproved"},"dateOfAcceptance":{"type":"string","format":"date-time"},"dateOfRejection":{"type":"string","format":"date-time"},"dateOfUpload":{"type":"string","format":"date-time"}}}}}},"DocumentResponse":{"type":"object","properties":{"sfContactId":{"type":"string","description":"Contact Id","example":"0033X00003jXZtr"},"sfOpportunityId":{"type":"string","description":"Opportunity Id","example":"0063X00001CizLG"},"quandagoStudentId":{"type":"string","description":"Quandago Student Id","example":"123qwe456"},"quandagoApplicationId":{"type":"string","description":"Quandago Application Id","example":"789asd456"},"message":{"type":"array","items":{"type":"string","example":"[\"Conatct Id is changed: ....\",\"Opportunity Id is changed: ....\"]"}},"errors":{"type":"array","items":{"type":"string","example":"[\"Exception Message: ....\",\"Exception Stack Trace: ....\"]"}}}},"PaymentManagementRequest":{"required":["paymentDate","paymentError","paymentId","paymentResponse","paymentResult","paymentTransaction","paymentTransactionDateTime","paymentType","primaryfee","quandagoApplicationId","quandagoStudentId","sfContactId","sfOpportunityId"],"type":"object","properties":{"paymentType":{"$ref":"#/components/schemas/PaymentType"},"quandagoStudentId":{"type":"string","description":"Student Id","example":"123qwe456rty"},"sfContactId":{"type":"string","description":"Salesforce Contact Id","example":"0030Y00000lFjLnQAK"},"quandagoApplicationId":{"type":"string","description":"Application Id","example":"789zxc456cvb"},"sfOpportunityId":{"type":"string","description":"Salesforce Opportunity Id","example":"0061v00000sXNJ4AAO"},"primaryfee":{"type":"string","example":"1795"},"paymentId":{"type":"string","example":"58"},"paymentResult":{"type":"string","example":"OK"},"paymentResponse":{"type":"string","example":"0"},"paymentError":{"type":"string","example":"Message OK"},"paymentTransaction":{"type":"string","example":"nabaolc_86"},"paymentDate":{"type":"string","format":"date","example":"2017-07-21"},"paymentTransactionDateTime":{"type":"string","format":"date-time"},"paymentTransactionStart":{"type":"string","format":"date-time"},"paymentTransactionEnd":{"type":"string","format":"date-time"}}},"PaymentManagementResponse":{"type":"object","properties":{"sfContactId":{"type":"string","description":"Contact Id","example":"0033X00003jXZtr"},"sfOpportunityId":{"type":"string","description":"Opportunity Id","example":"0063X00001CizLG"},"quandagoStudentId":{"type":"string","description":"Quandago Student Id","example":"123qwe456"},"quandagoApplicationId":{"type":"string","description":"Quandago Application Id","example":"789asd456"},"message":{"type":"array","items":{"type":"string","example":"[\"Conatct Id is changed: ....\",\"Opportunity Id is changed: ....\"]"}},"errors":{"type":"array","items":{"type":"string","example":"[\"Exception Message: ....\",\"Exception Stack Trace: ....\"]"}}}},"AttachedApproved":{"type":"string","enum":["true","false"]},"Bracket":{"type":"string","enum":["true","false"]},"Campus":{"type":"string","enum":["Naba-Milano","Naba-Roma","Domus-Milano"]},"CampusLocationTest":{"type":"string","enum":["In campus","Online"]},"DegreeLevel":{"type":"string","enum":["Undergraduate","Postgraduate","Summer","Certificate or Special","Semester Abroad","Online","Preparatory","Evening","Language","Associate Degree"]},"Documents":{"type":"string","enum":["BA Degree","BA degree or transcript","CV","Diploma supplement","Disability or DSA","Eng. language certificate","Enic-Naric","HS diploma","HS diploma + transcripts","ID document","Ita. language certificate","italian \"fiscal code\"","Motivation letter","Motivation or artistic statement","Optional T&C","Photo","Portfolio","Portfolio or project","Project work","Signed T&C","Visa Section"]},"Gender":{"type":"string","enum":["Male","Female"]},"PaymentType":{"type":"string","enum":["Test Fee","Pre Enrollment Fee","Tuition Fee"]},"PaymentTypeDocument":{"type":"string","enum":["Flywire","Bank transfer"]},"School":{"type":"string","enum":["NABA","DA"]},"UniversityDegreeLevel":{"type":"string","enum":["Associate Degree","Advanced Diploma","Bachelor Degree/Bachelor of Art/Bachelor of Science","Certificate","Master Degree","Phd","Postgraduate Diploma","Professional Diploma","Undergraduate Diploma"]}},"securitySchemes":{"bearerAuth":{"type":"http","scheme":"bearer","bearerFormat":"JWT"}}}}