{"openapi":"3.0.0","info":{"title":"PoleInfo API","description":"This is the Mas Inventory PoleInfo API","license":{"name":"Apache 2.0","url":"http://www.apache.org/licenses/LICENSE-2.0.html"},"version":"1.0.0"},"servers":[{"url":"https://virtserver.swaggerhub.com/Masmovil/mas-inventory-pole-info/1.0.0","description":"SwaggerHub API Auto Mocking"},{"url":"https://mas-inventory.private.prod-01.k8s.masmovil.com/poleinfo/v1","description":"PROD Environment"},{"url":"https://mas-inventory.sta.k8s.masmovil.com/poleinfo/v1","description":"STA Environment"},{"url":"https://mas-inventory-master.dev-01.k8s.masmovil.com/poleinfo/v1","description":"DEV Environment"},{"url":"https://virtserver.swaggerhub.com/Masmovil/poleinfo/1.0.0","description":"SwaggerHub API Auto Mocking"}],"paths":{"/location/{technicalId}/installations/volumes":{"get":{"tags":["postes"],"description":"Returns  volume of locations both total and grouped  by operator based on initial location and scope","operationId":"getVolumes","parameters":[{"name":"technicalId","in":"path","required":true,"style":"simple","explode":false,"schema":{"type":"string"}},{"name":"scope","in":"query","description":"* building -  Locations (1) and operators in the building \n* street - Locations  and operators in the street (S/N included)\n* street odd - Locations  and operators in the street, only odd numbers (S/N not included)\n* street even - Locations  and operators in the street, only even numbers (S/N not included)\n* town - Locations  and operators in the town","required":true,"style":"form","explode":true,"schema":{"type":"string","enum":["building","street","street odd","street even","town"]}}],"responses":{"200":{"description":"Success","content":{"application/json":{"schema":{"$ref":"#/components/schemas/_getVolumes"}}}},"400":{"description":"Bad request","content":{"application/json":{"schema":{"$ref":"#/components/schemas/bad_request_response"}}}},"404":{"description":"Not found","content":{"application/json":{"schema":{"$ref":"#/components/schemas/not_found_response"}}}},"409":{"description":"Conflict","content":{"application/json":{"schema":{"$ref":"#/components/schemas/conflict_response"}}}},"default":{"description":"Error","content":{"application/json":{"schema":{"$ref":"#/components/schemas/error_response"}}}}}}},"/location/{technicalId}/installations":{"post":{"tags":["postes"],"description":"Updates  installationType information associated to a technicalId and a operator and scope","operationId":"postUpdateBulk","parameters":[{"name":"technicalId","in":"path","required":true,"style":"simple","explode":false,"schema":{"type":"string"}}],"requestBody":{"description":"Scope, operator/s and installationType to be updated and source information","content":{"application/json":{"schema":{"$ref":"#/components/schemas/_installationsUpdate"}}}},"responses":{"200":{"description":"Accepted","content":{"application/json":{"schema":{"$ref":"#/components/schemas/accepted"}}}},"400":{"description":"Bad request","content":{"application/json":{"schema":{"$ref":"#/components/schemas/bad_request_response"}}}},"default":{"description":"Error","content":{"application/json":{"schema":{"$ref":"#/components/schemas/error_response"}}}}}}},"/location/{technicalId}/installations/list":{"get":{"tags":["postes"],"description":"Returns locations contained in the scope associated to a technicalId and  operator/s","operationId":"getLocationList","parameters":[{"name":"technicalId","in":"path","required":true,"style":"simple","explode":false,"schema":{"type":"string"}},{"name":"operator","in":"query","description":"operator of the requested installations (if empty all will be returned)","required":false,"style":"form","explode":true,"schema":{"type":"string"}},{"name":"scope","in":"query","required":true,"style":"form","explode":true,"schema":{"type":"string","enum":["street","street odd","street even"]}}],"responses":{"200":{"description":"Success","content":{"application/json":{"schema":{"$ref":"#/components/schemas/_getInstallationList"}}}},"400":{"description":"Bad request","content":{"application/json":{"schema":{"$ref":"#/components/schemas/bad_request_response"}}}},"404":{"description":"Not found","content":{"application/json":{"schema":{"$ref":"#/components/schemas/not_found_response"}}}},"409":{"description":"Conflict","content":{"application/json":{"schema":{"$ref":"#/components/schemas/conflict_response"}}}},"default":{"description":"Error","content":{"application/json":{"schema":{"$ref":"#/components/schemas/error_response"}}}}}}},"/installations/list":{"post":{"tags":["postes"],"description":"Requests an update of a list of installations","operationId":"postInstallationsUpdateList","requestBody":{"description":"List of installations to be updated","content":{"application/json":{"schema":{"$ref":"#/components/schemas/_listUpdate"}}}},"responses":{"200":{"description":"Accepted","content":{"application/json":{"schema":{"$ref":"#/components/schemas/accepted"}}}},"400":{"description":"Bad request","content":{"application/json":{"schema":{"$ref":"#/components/schemas/bad_request_response"}}}},"default":{"description":"Error","content":{"application/json":{"schema":{"$ref":"#/components/schemas/error_response"}}}}}}},"/location/{technicalId}/cto":{"post":{"tags":["ctos"],"description":"Requests an update of a single CTO","operationId":"postCtosUpdate","parameters":[{"name":"technicalId","in":"path","required":true,"style":"simple","explode":false,"schema":{"type":"string"}}],"requestBody":{"description":"CTO information to be updated","content":{"application/json":{"schema":{"$ref":"#/components/schemas/_singleUpdate"}}}},"responses":{"200":{"description":"Accepted","content":{"application/json":{"schema":{"$ref":"#/components/schemas/accepted"}}}},"400":{"description":"Bad request","content":{"application/json":{"schema":{"$ref":"#/components/schemas/bad_request_response"}}}},"default":{"description":"Error","content":{"application/json":{"schema":{"$ref":"#/components/schemas/error_response"}}}},"409":{"description":"Conflict","content":{"application/json":{"schema":{"$ref":"#/components/schemas/conflict_response"}}}}}}},"/location/{technicalId}/installationtype":{"get":{"tags":["postes"],"description":"Returns the installation type associated to a technicalId and an TO (Poste, Poste H, No poste)","operationId":"getInstallationType","parameters":[{"name":"technicalId","in":"path","required":true,"style":"simple","explode":false,"schema":{"type":"string"}},{"name":"territoryOwner","in":"query","description":"TO of the requested installations","required":true,"style":"form","explode":true,"schema":{"type":"string"}}],"responses":{"200":{"description":"Success","content":{"application/json":{"schema":{"$ref":"#/components/schemas/_getInstallationType"}}}},"400":{"description":"Bad request","content":{"application/json":{"schema":{"$ref":"#/components/schemas/bad_request_response"}}}},"404":{"description":"Not found","content":{"application/json":{"schema":{"$ref":"#/components/schemas/not_found_response"}}}},"default":{"description":"Error","content":{"application/json":{"schema":{"$ref":"#/components/schemas/error_response"}}}}}}}},"components":{"schemas":{"_getVolumes":{"type":"object","properties":{"technicalId":{"type":"string","example":"01000500474700067"},"scope":{"type":"string","example":"street","enum":["building","street","street odd","street even","town"]},"totalVolume":{"type":"integer","example":50},"operators":{"$ref":"#/components/schemas/_tos"}}},"_tos":{"type":"array","items":{"type":"object","properties":{"operator":{"type":"string","example":"MasMovil"},"volume":{"type":"integer","example":20}}}},"_installationsUpdate":{"required":["installationType","operators","scope","source"],"type":"object","properties":{"operators":{"type":"array","items":{"type":"string","example":"MasMovil"}},"installationType":{"type":"string","example":"Poste","enum":["Poste","Poste H","No poste"]},"scope":{"type":"string","example":"street","enum":["building","street","street odd","street even"]},"source":{"$ref":"#/components/schemas/_source"}}},"_source":{"required":["type","user"],"type":"object","properties":{"user":{"type":"string","example":"1231FSM"},"type":{"type":"string","example":"INSPECTOR","enum":["Inspector","Contrata","Cierre","Mensajeria"]}}},"_getInstallationList":{"type":"object","properties":{"total":{"type":"integer","example":50},"installations":{"type":"array","items":{"type":"object","properties":{"operators":{"type":"array","items":{"type":"string","example":"Grupo MasMovil"}},"technicalId":{"type":"string","example":"01000500474700067"},"streetNum":{"type":"integer","example":67}}}}}},"_getInstallationType":{"type":"object","properties":{"installationType":{"type":"array","items":{"type":"string","example":"POSTE"}}}},"_listUpdate":{"type":"object","properties":{"installationType":{"type":"string","example":"Poste"},"operators":{"type":"array","items":{"type":"string","example":"MasMovil"}},"technicalIds":{"type":"array","items":{"type":"string","example":"01000500474700067"}},"source":{"$ref":"#/components/schemas/_source"}}},"_singleUpdate":{"type":"object","properties":{"cto":{"$ref":"#/components/schemas/_ctoSingleUpdate"},"source":{"$ref":"#/components/schemas/_source"}}},"_ctoSingleUpdate":{"required":["ctoCode","installationType","operator","territoryOwner"],"type":"object","properties":{"ctoCode":{"type":"string","example":"08346863x4433xe"},"territoryOwner":{"type":"string","example":"ADAMO01"},"installationType":{"type":"string","example":"FACHADA"}}},"not_found_response":{"properties":{"code":{"type":"string","example":"0001"},"status":{"type":"string","example":"NOT_FOUND"},"message":{"type":"string","example":"Resource Not Found"},"detailMsg":{"type":"string","example":"{Entity} not found for id: {id}"}}},"conflict_response":{"properties":{"code":{"type":"string","example":"0014"},"status":{"type":"string","example":"CONFLICT"},"message":{"type":"string","example":"Conflict"},"detailMsg":{"type":"string","example":"You cannot modify the record with that type of user"}}},"bad_request_response":{"properties":{"code":{"type":"string","example":"0015"},"status":{"type":"string","example":"BAD_REQUEST"},"message":{"type":"string","example":"Bad Request"},"detailMsg":{"type":"string","example":"The field '{fieldName}' is required"}}},"error_response":{"properties":{"code":{"type":"string","example":"0002"},"status":{"type":"string","example":"UNEXPECTED"},"message":{"type":"string","example":"Unexpected error"},"detailMsg":{"type":"string","example":"Unhandled exception"}}},"accepted":{"type":"string","example":"{}"}}}}