{"openapi":"3.0.0","info":{"title":"gdp","license":{"name":"MIT"},"version":"1.0.0"},"servers":[{"url":"104.248.81.164:80"}],"paths":{"/api/plural":{"get":{"description":"lists objects of given type between the limits (uses generated id)","operationId":"list items","parameters":[{"name":"type","in":"query","required":true,"style":"form","explode":true,"schema":{"type":"string","enum":["variant","patient","disease"]}},{"name":"limit_start","in":"query","required":false,"style":"form","explode":true,"schema":{"type":"integer"}},{"name":"limit_end","in":"query","required":false,"style":"form","explode":true,"schema":{"type":"integer"}}],"responses":{"200":{"description":"OK","content":{"application/json":{"schema":{"type":"object","properties":{"payload":{"type":"array","items":{"type":"object"}},"status":{"type":"string","enum":["success"]}}}}}},"400":{"description":"Invalid query type","content":{"application/json":{"schema":{"type":"object","properties":{"payload":{"type":"string"},"status":{"type":"string","enum":["failed"]}}}}}}}},"delete":{"description":"Destroys all object of the given type","operationId":"destroy items","parameters":[{"name":"type","in":"query","required":true,"style":"form","explode":true,"schema":{"type":"string","enum":["variant","patient","disease","variant_record","filter","all"]}}],"responses":{"200":{"description":"OK","content":{"application/json":{"schema":{"type":"object","properties":{"payload":{"type":"string"},"status":{"type":"string","enum":["success"]}}}}}},"400":{"description":"Invalid query type","content":{"application/json":{"schema":{"type":"object","properties":{"payload":{"type":"string"},"status":{"type":"string","enum":["failed"]}}}}}}}}},"/api/count":{"get":{"description":"Returns object with the number of objects in each model","operationId":"count","responses":{"200":{"description":"OK","content":{"application/json":{"schema":{"type":"object","properties":{"Patient":{"type":"integer"},"ClinicalHistory":{"type":"integer"},"Variant":{"type":"integer"},"VariantRecord":{"type":"integer"},"Disease":{"type":"integer"},"Filter":{"type":"integer"},"Gene":{"type":"integer"},"AlleleFrequency":{"type":"integer"}}}}}}}}},"/api/prepopulate_diseases":{"get":{"description":"Populates the Disease table with objects","operationId":"prepopulate diseases","responses":{"200":{"description":"OK","content":{"application/json":{"schema":{"type":"object","properties":{"payload":{"type":"string"},"status":{"type":"string","enum":["success"]}}}}}},"404":{"description":"Source file not found","content":{"application/json":{"schema":{"type":"object","properties":{"payload":{"type":"string"},"status":{"type":"string","enum":["failed"]}}}}}}}}},"/api/extract_vcf":{"post":{"description":"main functionallity - extracts data from vcf file and online sources","operationId":"extract from vcf","parameters":[{"name":"patient_id","in":"query","required":true,"style":"form","explode":true,"schema":{"type":"string"}},{"name":"gender","in":"query","required":false,"style":"form","explode":true,"schema":{"type":"string","enum":["M","F"]}},{"name":"info","in":"query","required":false,"style":"form","explode":true,"schema":{"type":"string"}}],"requestBody":{"description":"vcf file in body in binary mode","content":{"binary":{"example":"doesnt matter"}},"required":true},"responses":{"200":{"description":"OK","content":{"application/json":{"schema":{"type":"object","properties":{"payload":{"type":"string"},"status":{"type":"string","enum":["success"]}}}}}},"404":{"description":"Source file not sent","content":{"application/json":{"schema":{"type":"object","properties":{"payload":{"type":"string"},"status":{"type":"string","enum":["failed"]}}}}}},"500":{"description":"Source file not found","content":{"application/json":{"schema":{"type":"object","properties":{"payload":{"type":"string"},"status":{"type":"string","enum":["failed"]}}}}}}}}}},"components":{"schemas":{"Patient":{"title":"Patient","required":["patient_id"],"type":"object","properties":{"patient_id":{"type":"string"},"gender":{"type":"string","enum":["M","F"]},"info":{"type":"string"},"clinicalhistory":{"$ref":"#/components/schemas/ClinicalHistory"},"variantrecords":{"type":"array","items":{"$ref":"#/components/schemas/VariantRecord"}}}},"ClinicalHistory":{"title":"Clinical History","required":["patient"],"type":"object","properties":{"patient":{"$ref":"#/components/schemas/Patient"},"diseases":{"type":"array","items":{"$ref":"#/components/schemas/Disease"}}}},"Disease":{"title":"Disease","required":["disease_id"],"type":"object","properties":{"disease_id":{"type":"string"},"description":{"type":"string"},"clinicalhistories":{"type":"array","items":{"$ref":"#/components/schemas/ClinicalHistory"}},"clinicalsignificances":{"type":"array","items":{"$ref":"#/components/schemas/ClinicalSignificance"}}}},"ClinicalSignificance":{"title":"Clinical Significance","required":["disease","significance","variant"],"type":"object","properties":{"variant":{"$ref":"#/components/schemas/Variant"},"disease":{"$ref":"#/components/schemas/Disease"},"significance":{"type":"string","enum":["B","LB","P","LP","V"]},"evaluated":{"type":"string"},"review_status":{"type":"string"},"updated":{"type":"string"}}},"Variant":{"title":"Variant","required":["variant_id","variantrecord"],"type":"object","properties":{"variant_id":{"type":"string"},"dbsnp_id":{"type":"integer"},"chromosome":{"type":"string"},"position":{"type":"integer"},"ref_sequence":{"type":"string"},"alt_sequence":{"type":"string"},"is_pseudo":{"type":"boolean"},"exon":{"type":"string"},"intron":{"type":"string"},"consequence":{"type":"string"},"conseq_details":{"type":"string"},"variantrecord":{"$ref":"#/components/schemas/VariantRecord"},"genes":{"type":"array","items":{"$ref":"#/components/schemas/Gene"}},"allelefrequencies":{"type":"array","items":{"$ref":"#/components/schemas/AlleleFrequency"}},"clinicalsignificances":{"type":"array","items":{"$ref":"#/components/schemas/ClinicalSignificance"}}}},"Gene":{"title":"Gene","required":["gene_id","name"],"type":"object","properties":{"gene_id":{"type":"string"},"name":{"type":"string"},"variants":{"type":"array","items":{"$ref":"#/components/schemas/Variant"}}}},"Filter":{"title":"Filter","required":["name","phred_quality","variantrecord"],"type":"object","properties":{"name":{"type":"string"},"phred_quality":{"type":"number","format":"float"},"variantrecord":{"$ref":"#/components/schemas/VariantRecord"}}},"VariantRecord":{"title":"Variant Record","required":["patient","variant"],"type":"object","properties":{"patient":{"$ref":"#/components/schemas/Patient"},"variant":{"$ref":"#/components/schemas/Variant"},"homozygotous":{"type":"boolean"},"ad":{"type":"integer"},"dp":{"type":"integer"},"filters":{"type":"array","items":{"$ref":"#/components/schemas/Filter"}}}},"AlleleFrequency":{"title":"Allele Frequency","type":"object","properties":{"variant":{"$ref":"#/components/schemas/Variant"},"pop_gender":{"type":"string","enum":["M","F"]},"pop_area":{"type":"string","enum":["BGR","OVR","NFE",""]},"frequency":{"type":"number","format":"float"},"update":{"type":"string"}}}}}}