{"openapi":"3.0.0","info":{"title":"GMM API for webStore","description":"This is a simple API for GMM webStore","contact":{"email":"support@estaffsoftware.com"},"license":{"name":"Apache 2.0","url":"http://www.apache.org/licenses/LICENSE-2.0.html"},"version":"1.0.0"},"servers":[{"url":"https://virtserver.swaggerhub.com/MGirard/webStore/1.0.0","description":"SwaggerHub API Auto Mocking"}],"security":[{"ApiKeyAuth":[]}],"tags":[{"name":"accounting","description":"Accounting request"},{"name":"product","description":"Live availability stock/price and freight charges"}],"paths":{"/orderAuthorization/{webStoreId}/{customerId}":{"get":{"tags":["accounting"],"summary":"order authorization","description":"By passing in the appropriate options, you can know if customer can\npurchase stock from de webstore\n","operationId":"orderAuthorization","parameters":[{"name":"webStoreId","in":"path","description":"Web store Id associated to an affiliate.","required":true,"style":"simple","explode":false,"schema":{"type":"integer","format":"int64"},"example":3},{"name":"customerId","in":"path","description":"Customer Id liked to affiliate","required":true,"style":"simple","explode":false,"schema":{"type":"integer","format":"int64"},"example":9},{"name":"amount","in":"query","description":"Amount to check for authorization","required":true,"style":"form","explode":true,"schema":{"type":"number","format":"float"},"example":999.99},{"name":"language","in":"query","description":"Use when need to return text to the customer, 'fr' or 'en' only, if not exist then language in customer's profil will be used.","required":false,"style":"form","explode":true,"schema":{"type":"string"},"example":"en"}],"responses":{"200":{"description":"Order authorization result","content":{"application/json":{"schema":{"$ref":"#/components/schemas/orderAuthorizationResult"}}}},"400":{"description":"Bad input parameter","content":{"application/json":{"schema":{"$ref":"#/components/schemas/error"}}}},"401":{"description":"Unauthorized","content":{"application/json":{"schema":{"$ref":"#/components/schemas/error"}}}},"404":{"description":"The specified resource was not found","content":{"application/json":{"schema":{"$ref":"#/components/schemas/error"}}}},"5XX":{"description":"Unexpected error","content":{"application/json":{"schema":{"$ref":"#/components/schemas/error"}}}}}}},"/stockAvailability/{webStoreId}":{"get":{"tags":["product"],"summary":"Get live stock from suppliers and return stock by source.","description":"By passing in the appropriate options, you can get stock quantity available from source\n","operationId":"stockAvailability","parameters":[{"name":"webStoreId","in":"path","description":"Web store Id associated to an affiliate.","required":true,"style":"simple","explode":false,"schema":{"type":"integer","format":"int64"},"example":3},{"name":"products","in":"query","description":"A JSON of productToEval objects list serialized. We need to set quantity for shipping evaluation, if not need shipping evaluation then set qty to 0 or do not put qty but if postal code exist then by default qty=1 if not exist.","required":true,"style":"form","explode":true,"schema":{"type":"string"},"example":"[{\"id\":999999,\"qty\":1},{\"id\":888888,\"qty\":1}]"},{"name":"customerId","in":"query","description":"Customer Id to be able to select the right selling price if it does not exist the default selling price will be selected.","required":false,"style":"form","explode":true,"schema":{"type":"integer","format":"int64"},"example":9},{"name":"postalCodeShipping","in":"query","description":"Postal code to evaluate shipping cost if exist.","required":false,"style":"form","explode":true,"schema":{"type":"string"},"example":"J9P4B2"}],"responses":{"200":{"description":"inventory update results","content":{"application/json":{"schema":{"$ref":"#/components/schemas/availabilityResult"}}}},"400":{"description":"Bad input parameter","content":{"application/json":{"schema":{"$ref":"#/components/schemas/error"}}}},"401":{"description":"Unauthorized","content":{"application/json":{"schema":{"$ref":"#/components/schemas/error"}}}},"404":{"description":"The specified resource was not found","content":{"application/json":{"schema":{"$ref":"#/components/schemas/error"}}}},"5XX":{"description":"Unexpected error","content":{"application/json":{"schema":{"$ref":"#/components/schemas/error"}}}}}}},"/highlightProduct/{highlightType}/{webStoreId}/{nbProduct}":{"get":{"tags":["product"],"summary":"Get product to highlight","description":"Send type of product, webStore Id and number of product to extract for the webStore, return random product or product configured in dashboard\n","operationId":"highlightProduct","parameters":[{"name":"highlightType","in":"path","description":"Extract type of product to highlight, promotion or featured","required":true,"style":"simple","explode":false,"schema":{"type":"string","example":"promotion","enum":["promotion","featured"]}},{"name":"webStoreId","in":"path","description":"Web store Id associated to an affiliate.","required":true,"style":"simple","explode":false,"schema":{"type":"integer","format":"int64"},"example":3},{"name":"nbProduct","in":"path","description":"Number of product to extract","required":true,"style":"simple","explode":false,"schema":{"type":"integer","format":"int32","example":3}}],"responses":{"200":{"description":"List of products to return","content":{"application/json":{"schema":{"$ref":"#/components/schemas/highlightProductResult"}}}},"400":{"description":"Bad input parameter","content":{"application/json":{"schema":{"$ref":"#/components/schemas/error"}}}},"401":{"description":"Unauthorized","content":{"application/json":{"schema":{"$ref":"#/components/schemas/error"}}}},"404":{"description":"The specified resource was not found","content":{"application/json":{"schema":{"$ref":"#/components/schemas/error"}}}},"5XX":{"description":"Unexpected error","content":{"application/json":{"schema":{"$ref":"#/components/schemas/error"}}}}}}},"/bannerProduct/{bannerType}/{webStoreId}/{display}/{languageParam}":{"get":{"tags":["product"],"summary":"Get product to highlight","description":"Send type of product, webStore Id and number of product to extract for the webStore, return random product or product configured in dashboard\n","operationId":"BannerProduct","parameters":[{"name":"bannerType","in":"path","description":"Extract type of banner to show, 1 = MAIN, 2 = publicité et 3 = footer","required":true,"style":"simple","explode":false,"schema":{"type":"integer","format":"int32","example":1,"enum":[1,2,3]}},{"name":"webStoreId","in":"path","description":"Web store Id associated to an affiliate.","required":true,"style":"simple","explode":false,"schema":{"type":"integer","format":"int64"},"example":3},{"name":"display","in":"path","description":"display format, 1 = Desktop, 2 = Tablet et 3 = Mobile","required":true,"style":"simple","explode":false,"schema":{"type":"integer","format":"int32","example":1,"enum":[1,2,3]}},{"name":"languageParam","in":"path","description":"Language to be able to return french or english data 'fr' or 'en' only","required":true,"style":"simple","explode":false,"schema":{"type":"string","example":"en","enum":["en","fr"]}}],"responses":{"200":{"description":"List of products to return for a banner","content":{"application/json":{"schema":{"$ref":"#/components/schemas/bannerProductResult"}}}},"400":{"description":"Bad input parameter","content":{"application/json":{"schema":{"$ref":"#/components/schemas/error"}}}},"401":{"description":"Unauthorized","content":{"application/json":{"schema":{"$ref":"#/components/schemas/error"}}}},"404":{"description":"The specified resource was not found","content":{"application/json":{"schema":{"$ref":"#/components/schemas/error"}}}},"5XX":{"description":"Unexpected error","content":{"application/json":{"schema":{"$ref":"#/components/schemas/error"}}}}}}},"/order/":{"post":{"tags":["product"],"summary":"Receive a customer order","description":"Receive order from the web store","operationId":"order","requestBody":{"content":{"application/json":{"schema":{"$ref":"#/components/schemas/order"}}}},"responses":{"200":{"description":"OK"},"400":{"description":"Bad input parameter","content":{"application/json":{"schema":{"$ref":"#/components/schemas/error"}}}},"401":{"description":"Unauthorized","content":{"application/json":{"schema":{"$ref":"#/components/schemas/error"}}}},"404":{"description":"The specified resource was not found","content":{"application/json":{"schema":{"$ref":"#/components/schemas/error"}}}},"5XX":{"description":"Unexpected error","content":{"application/json":{"schema":{"$ref":"#/components/schemas/error"}}}}}}},"/reorder/{requestOrderId}":{"get":{"tags":["product"],"summary":"allow to retry an order","description":"allor to retry an order submited","operationId":"reorder","parameters":[{"name":"requestOrderId","in":"path","description":"request order Id","required":true,"style":"simple","explode":false,"schema":{"type":"integer","format":"int32","example":1}}],"responses":{"200":{"description":"OK"},"400":{"description":"Bad input parameter","content":{"application/json":{"schema":{"$ref":"#/components/schemas/error"}}}},"401":{"description":"Unauthorized","content":{"application/json":{"schema":{"$ref":"#/components/schemas/error"}}}},"404":{"description":"The specified resource was not found","content":{"application/json":{"schema":{"$ref":"#/components/schemas/error"}}}},"5XX":{"description":"Unexpected error","content":{"application/json":{"schema":{"$ref":"#/components/schemas/error"}}}}}}},"/supplierBasket/{orderId}":{"get":{"tags":["supplier"],"summary":"for testing supplier basket","description":"Just for developping supplier basket \n","operationId":"supplierBasket","parameters":[{"name":"orderId","in":"path","description":"Order Id","required":true,"style":"simple","explode":false,"schema":{"type":"integer","format":"int32","example":1}}],"responses":{"200":{"description":"supplier basket results","content":{"application/json":{"schema":{"$ref":"#/components/schemas/ok"}}}},"400":{"description":"Bad input parameter","content":{"application/json":{"schema":{"$ref":"#/components/schemas/error"}}}},"401":{"description":"Unauthorized","content":{"application/json":{"schema":{"$ref":"#/components/schemas/error"}}}},"404":{"description":"The specified resource was not found","content":{"application/json":{"schema":{"$ref":"#/components/schemas/error"}}}},"5XX":{"description":"Unexpected error","content":{"application/json":{"schema":{"$ref":"#/components/schemas/error"}}}}}}}},"components":{"schemas":{"error":{"required":["code","message"],"type":"object","properties":{"code":{"type":"string"},"message":{"type":"string"}}},"ok":{"required":["code","message"],"type":"object","properties":{"code":{"type":"string"},"message":{"type":"string"}}},"orderAuthorizationResult":{"type":"object","properties":{"webStoreId":{"type":"integer","description":"Return webStore id checked","format":"int64","example":9},"customerId":{"type":"integer","description":"Return custumer id checked","format":"int64","example":9},"authorizationCode":{"type":"integer","description":"100 no restriction\n105 yes but PO obligatory\n200 no credit limit configured\n205 credit limit exceeded, see amount field for authorized amount\n210 purchase limit exceeded, see amount field for authorized amount\n300 Customer not found\n400 Dealer not found\n","format":"int64","example":100},"authorizationDescription":{"type":"string","description":"Authorization code description","example":"No restriction"},"amount":{"type":"number","description":"Return amount requested, if limit exceeded then return maximu amount authorized, french description if customer is french.","format":"float","example":999.99},"accepted":{"type":"boolean","description":"yes or no if request is accepted, if authorizationCode is greater or equal to 200 it will be no else it will be yes","example":true}}},"highlightProductResult":{"required":["products","webStoreId"],"type":"object","properties":{"webStoreId":{"type":"integer","description":"Web store id returned to be sure.","format":"int64","example":1},"products":{"type":"array","description":"List of eStaff product id","items":{"type":"integer","format":"int64","example":999999}}},"description":"List of products to return"},"bannerProductResult":{"properties":{"bannerInfo":{"type":"array","description":"list of banner to show","items":{"$ref":"#/components/schemas/bannerItem"}}},"description":"List of banner information to show"},"availabilityResult":{"required":["products","webStoreId"],"properties":{"webStoreId":{"type":"integer","description":"Web store id returned to be sure.","format":"int64","example":1},"shippingRate":{"type":"object","properties":{"postalCode":{"type":"string","description":"Postal code used to evaluate shipping cost if exist.","example":"J9P4B2"},"carriers":{"type":"array","description":"List of possible carriers","items":{"$ref":"#/components/schemas/carrier"}}}},"products":{"type":"array","description":"List of product return.","items":{"$ref":"#/components/schemas/product"}}},"description":"Inventory by source."},"source":{"type":"object","properties":{"sourceId":{"type":"integer","description":"Source Id","format":"int64","example":1},"qty":{"type":"integer","description":"Quantity available for the source","format":"int64","example":1}}},"product":{"required":["cost","productId","sellingPrice","sources"],"type":"object","properties":{"productId":{"type":"integer","description":"Product Id from eStore.","format":"int64","example":1},"cost":{"type":"number","description":"Cost from the best supplier we have found.","format":"decimal","example":80.99},"sellingPrice":{"type":"number","description":"Price calculate from best supplier cost.","format":"decimal","example":99.99},"promoPrice":{"type":"number","description":"Promotion if exist.","format":"decimal","example":85.99},"sources":{"type":"array","description":"Inventory by source.","items":{"$ref":"#/components/schemas/source"}}}},"carrierShippingRate":{"type":"object","properties":{"code":{"type":"string","description":"Code provide by the carrier","example":"Local"},"description":{"type":"string","description":"Description of the code","example":"Local"},"fee":{"type":"number","description":"Shipping fee calculate from the carrier","format":"float","example":5.99},"ShipmentDate":{"type":"string","description":"Shipping date, optional field, depend carrier","example":"2021-06-03T00:00:00.000+0000"},"ExpectedDeliveryDate":{"type":"string","description":"Expected delivery date, optional field, depend carrier","example":"2021-06-07T00:00:00.000+0000"},"EstimatedTransitDays":{"type":"integer","description":"Number of day extimated for transit, optional field, depend carrier","format":"int32","example":2}},"description":"Carrier shipping rate contain in carrier object"},"carrier":{"type":"object","properties":{"carrierCode":{"type":"string","description":"Carrier code provide by eStaff","example":"02"},"carrierName":{"type":"string","description":"Carrier name","example":"Internal"},"carrierShippingRate":{"type":"array","description":"List of possible shipping fee","items":{"$ref":"#/components/schemas/carrierShippingRate"}}},"description":"Carrier object to return"},"productToEval":{"type":"object","properties":{"id":{"type":"integer","description":"Product Id used by the webStore and eStaff","format":"int64","example":5135205},"qty":{"type":"integer","description":"If not need shipping evaluation then set qty to 0, if postal code exist and qty=0 or not exist then by default consider qty=1","format":"int32","example":1}},"description":"Objet to pass in Get to be evaluate"},"carrierDataReturn":{"type":"object","properties":{"status":{"type":"integer","description":"Return code status if it work or not","format":"int32","example":200},"carrierShippingRate":{"type":"array","description":"List of possible shipping fee","items":{"$ref":"#/components/schemas/carrierShippingRate"}}},"description":"Object for internal use"},"order":{"type":"object","properties":{"store_id":{"type":"integer","description":"Web store customer use","format":"Int64","example":3},"WebsiteId":{"type":"integer","description":"Unik id for websotre","format":"Int64","example":12},"remote_ip":{"type":"string","description":"Customer's ip when connected to the web store","example":"8.8.8.8"},"customer_id":{"type":"integer","format":"Int64","example":3},"customer_group_id":{"type":"integer","format":"Int64","example":0},"customer_is_guest":{"type":"integer","description":"Allow to know if user buy without connexion","format":"Int32","example":1},"quote_id":{"type":"integer","description":"Quote Id in the web store","format":"Int64","example":97},"is_virtual":{"type":"integer","description":"Virtual is probably licence","format":"Int32","example":0},"increment_id":{"type":"string","description":"Increment Id web store, probably","example":"3000000050"},"language":{"type":"string","description":"customer language or website language used when ordered","example":"fr"},"customer_firstname":{"type":"string","description":"Customer firstname","example":"Charlie"},"customer_middlename":{"type":"string","description":"Customer middlename","example":"J."},"customer_lastname":{"type":"string","description":"Customer lastname","example":"L'heureux"},"customer_email":{"type":"string","description":"Customer email","example":"charlie.lheureux@abc.com"},"store_currency_code":{"type":"string","description":"currency code for the order","example":"CAD"},"shipping_description":{"type":"string","description":"Shipping name selected for the order","example":"Standard Ground - Standard Ground"},"shipping_method":{"type":"string","description":"Shipping method","example":"standardshipping_standardshipping"},"shipping_amount":{"type":"number","description":"Shipping amount for the order","format":"float","example":55.76},"shipping_incl_tax":{"type":"number","description":"Shipping with tax","format":"float","example":55.76},"shipping_tax_amount":{"type":"number","description":"Shipping tax","format":"float","example":0},"subtotal":{"type":"number","description":"Order sub total without before tax","format":"float","example":1546},"subtotal_incl_tax":{"type":"number","description":"Order sub total with tax","format":"float","example":1546},"tax_amount":{"type":"number","description":"Order tax amount","format":"float","example":0},"total_due":{"type":"number","description":"Total order amount","format":"float","example":1601.76},"grand_total":{"type":"number","description":"Grand Total order amount","format":"float","example":1601.76},"total_qty_ordered":{"type":"number","description":"Total qty products ordered","format":"float","example":2},"weight":{"type":"number","description":"Order total weight","format":"float","example":49.37},"created_at":{"type":"string","description":"Date order created","example":"2021-06-28 14:46:12"},"addresses":{"type":"array","description":"For billing and shipping address","items":{"$ref":"#/components/schemas/orderAddress"}},"items":{"type":"array","description":"Product list to order","items":{"$ref":"#/components/schemas/orderItem"}},"payment":{"$ref":"#/components/schemas/orderPayment"}},"description":"Order object to proceed"},"orderAddress":{"type":"object","properties":{"customer_address_id":{"type":"integer","description":"contact address id","format":"int64"},"prefix":{"type":"string","description":"Prefix contact"},"firstname":{"type":"string","description":"Firstname contact","example":"Charlie"},"middlename":{"type":"string","description":"Middlename contact","example":"J."},"lastname":{"type":"string","description":"Lastname contact","example":"L'heureux"},"suffix":{"type":"string","description":"Suffix contact"},"company":{"type":"string","description":"Company contact","example":"ABC Inc."},"street":{"type":"string","description":"Street contact","example":"1695 rue Le Baron"},"city":{"type":"string","description":"City contact","example":"Brossard"},"region":{"type":"string","description":"Province contact","example":"Quebec"},"region_id":{"type":"string","description":"Region id","example":"76"},"postcode":{"type":"string","description":"Postal code contact","example":"J9P 3K6"},"country_id":{"type":"string","description":"Country code contact","example":"CA"},"telephone":{"type":"string","description":"Phone contact","example":"18199999999"},"fax":{"type":"string","description":"Fax contact","example":"18198888888"},"email":{"type":"string","description":"Email contact","example":"charlie.lheureux@abc.com"},"address_type":{"type":"string","description":"Address type","example":"shipping"},"quote_address_id":{"type":"string","description":"Quote address id in the web store","example":"248"},"parent_id":{"type":"string","description":"Parent id in the web store","example":"50"},"entity_id":{"type":"string","description":"Entity id in the web store","example":"99"},"id":{"type":"string","description":"Address id the web store","example":"99"}},"description":"Item object to order"},"orderItem":{"type":"object","properties":{"sku":{"type":"string","description":"estaff Product id","example":"4892588"},"name":{"type":"string","description":"Product name","example":"100e Gen2 Chromebook, Intel N4020, 11.6inch HD Display, Chrome OS, 4 GB Memory, 32GB EMMC, Intel 7265 2X2 AC + BT4.1, 1.0M HD Camera,3 Cell 42 WH Battery, Keybo ard, 1 Year Mail in Warranty"},"description":{"type":"string","description":"Product description"},"weight":{"type":"string","description":"Product unit weight in string","example":"3.870000"},"quote_item_id":{"type":"string","description":"Quote item id in web store","example":"123"},"is_virtual":{"type":"string","description":"Allow to know it is a licence","format":"Int32","example":"0"},"original_price":{"type":"number","description":"Original product price","format":"float","example":329},"price":{"type":"number","description":"Product price","format":"float","example":329},"tax_percent":{"type":"number","description":"Tax percent for the product","format":"float","example":0},"tax_amount":{"type":"number","description":"Tax amount for the product","format":"float","example":0},"taxbefore_discount":{"type":"number","description":"Tax before discount","format":"float"},"row_weight":{"type":"number","description":"Product weight in float format","format":"float","example":3.87},"row_total":{"type":"number","description":"Product price in float format","format":"float","example":329},"store_id":{"type":"integer","description":"Web Store Id product ordered","format":"Int64","example":3},"product_id":{"type":"integer","description":"Product Id in the web store","format":"Int64","example":7},"qty_backordered":{"type":"string","description":"Quantity of product backordered","example":"1"},"qty_canceled":{"type":"string","description":"Quantity of product canceled","example":"1"},"qty_invoiced":{"type":"string","description":"Quantity of product invoiced","example":"1"},"qty_ordered":{"type":"string","description":"Quantity of product ordered","example":"1"},"qty_refunded":{"type":"string","description":"Quantity of product refunded","example":"1"},"qty_shipped":{"type":"string","description":"Quantity of product shipped","example":"1"},"free_shipping":{"type":"string","description":"Allow to know if is free shipping for a product","example":"0"},"price_incl_tax":{"type":"number","description":"Price with tax","format":"float","example":329},"discount_percent":{"type":"number","description":"Discount percent for the product","format":"float","example":0},"discount_amount":{"type":"number","description":"discount amount for the product","format":"float","example":0},"product_options":{"$ref":"#/components/schemas/orderItemProductOptions"},"order_id":{"type":"string","description":"Web store order id in string","example":"50"},"item_id":{"type":"string","description":"Web store item id in string","example":"56"},"id":{"type":"string","description":"item id in string","example":"56"},"created_at":{"type":"string","description":"Product created at","example":"2021-06-28 14:46:12"},"updated_at":{"type":"string","description":"Product updated at","example":"2021-06-28 14:46:12"}},"description":"Item object to order"},"orderItemProductOptions":{"type":"object","properties":{"info_buyRequest":{"$ref":"#/components/schemas/orderItemProductOptionInfoBuyRequest"}},"description":"Item Product Options"},"orderItemProductOptionInfoBuyRequest":{"type":"object","properties":{"uenc":{"type":"string","description":"UENC","example":"aHR0cDovL2RvY2tlci5hd3Mvc3RvL2hwLWluYy03enU3OGEtYWF6"},"product":{"type":"string","description":"Product code","example":"6"},"selected_configurable_option":{"type":"string","description":"Selected configurable option"},"related_product":{"type":"string","description":"Related Product"},"item":{"type":"string","description":"Item id","example":"6"},"qty":{"type":"string","description":"Product quantity ordered","example":"1"}},"description":"Item Product Option Info Buy Request"},"orderPayment":{"type":"object","properties":{"method":{"type":"string","description":"Payment method","example":"checkmo"},"additional_data":{"type":"string","description":"Additional data for payment"},"additional_information":{"$ref":"#/components/schemas/orderPaymentAdditionalInformation"},"last_trans_id":{"type":"string","description":"transaction id","example":"16438167471972933"},"po_number":{"type":"string","description":"Po Number","example":"PO2021"},"cc_type":{"type":"string","description":"Credit Card Type"},"cc_number_enc":{"type":"string","description":"Credit Card Number Enc"},"cc_last_4":{"type":"string","description":"Credit Card Last"},"cc_owner":{"type":"string","description":"Credit Card Owner"},"cc_exp_month":{"type":"string","description":"Credit Card Exp Month"},"cc_exp_year":{"type":"string","description":"Credit Card EXP Year","example":"0"},"cc_ss_issue":{"type":"string","description":"Credit Card ss issue"},"cc_ss_start_month":{"type":"string","description":"Credit Card Start Month","example":"0"},"cc_ss_start_year":{"type":"string","description":"Credit Card ss Start Year","example":"0"},"cc_number":{"type":"string","description":"Credit Card Number"},"cc_cid":{"type":"string","description":"Credit Card Cid"},"parent_id":{"type":"string","description":"Parent Id","example":"50"},"amount_ordered":{"type":"number","description":"Amount ordered","format":"float","example":1601.76},"base_amount_ordered":{"type":"number","description":"Base Amount Ordered","format":"float","example":1601.76},"shipping_amount":{"type":"number","description":"Shipping Amount","format":"float","example":55.76},"base_shipping_amount":{"type":"number","description":"Base Shipping Amount","format":"float","example":55.76},"method_instance":{"type":"object","description":"Method instance"},"entity_id":{"type":"string","description":"WebStore Entity Id","example":"50"},"id":{"type":"string","description":"WebStore Id","example":"50"},"extension_attributes":{"type":"object","description":"Extension attributes"}},"description":"Order Payment"},"orderPaymentAdditionalInformation":{"type":"object","properties":{"method_title":{"type":"string","description":"Payment method","example":"Check / Money order"},"MERCHANT_ID":{"type":"string","description":"Merchand id paiement","example":"demo"},"ACCOUNT":{"type":"string","description":"Account type","example":"internet"},"TIMESTAMP":{"type":"string","description":"Date time when order submit","example":"20220202154458"},"AMOUNT":{"type":"string","description":"Amount take on card","example":"48287"},"MESSAGE":{"type":"string","description":"Message about payment","example":"système de test"},"PASREF":{"type":"string","description":"Ref about payment","example":"16438167471972933"},"COMMENT1":{"type":"string","description":"Comment about payment","example":"test"},"CARDTYPE":{"type":"string","description":"Payment card type","example":"VISA"},"CARDNAME":{"type":"string","description":"Card name owner","example":"Charlie J. L'heureux"},"CARDDIGITS":{"type":"string","description":"Card digits","example":"4343"},"EXPDATE":{"type":"string","description":"Card expiration month/year MM/YY","example":"1222"}},"description":"Additionnal information for payment"},"bannerItem":{"type":"object","properties":{"pictureName":{"type":"string","description":"Picture filename","example":"Pic.png"},"clickUrl":{"type":"string","description":"Url to click","example":"https://test.html"},"altText":{"type":"string","description":"Alternate text for picture","example":"picture ABC"}},"description":"Information about a banner to show"}},"responses":{"orderAuthorizationResult":{"description":"Order authorization result","content":{"application/json":{"schema":{"$ref":"#/components/schemas/orderAuthorizationResult"}}}},"availabilityResult":{"description":"inventory update results","content":{"application/json":{"schema":{"$ref":"#/components/schemas/availabilityResult"}}}},"highlightProductResult":{"description":"List of products to return","content":{"application/json":{"schema":{"$ref":"#/components/schemas/highlightProductResult"}}}},"bannerProductResult":{"description":"List of products to return for a banner","content":{"application/json":{"schema":{"$ref":"#/components/schemas/bannerProductResult"}}}},"supplierBasketResult":{"description":"supplier basket results","content":{"application/json":{"schema":{"$ref":"#/components/schemas/ok"}}}},"400BadInputParam":{"description":"Bad input parameter","content":{"application/json":{"schema":{"$ref":"#/components/schemas/error"}}}},"401Unauthorized":{"description":"Unauthorized","content":{"application/json":{"schema":{"$ref":"#/components/schemas/error"}}}},"404NotFound":{"description":"The specified resource was not found","content":{"application/json":{"schema":{"$ref":"#/components/schemas/error"}}}},"5xxUnexpectedError":{"description":"Unexpected error","content":{"application/json":{"schema":{"$ref":"#/components/schemas/error"}}}}},"parameters":{"webStoreIdParam":{"name":"webStoreId","in":"path","description":"Web store Id associated to an affiliate.","required":true,"style":"simple","explode":false,"schema":{"type":"integer","format":"int64"},"example":3},"customerIdParam":{"name":"customerId","in":"query","description":"Customer Id to be able to select the right selling price if it does not exist the default selling price will be selected.","required":false,"style":"form","explode":true,"schema":{"type":"integer","format":"int64"},"example":9},"customerIdParamPath":{"name":"customerId","in":"path","description":"Customer Id liked to affiliate","required":true,"style":"simple","explode":false,"schema":{"type":"integer","format":"int64"},"example":9},"amountParam":{"name":"amount","in":"query","description":"Amount to check for authorization","required":true,"style":"form","explode":true,"schema":{"type":"number","format":"float"},"example":999.99},"productsParam":{"name":"products","in":"query","description":"A JSON of productToEval objects list serialized. We need to set quantity for shipping evaluation, if not need shipping evaluation then set qty to 0 or do not put qty but if postal code exist then by default qty=1 if not exist.","required":true,"style":"form","explode":true,"schema":{"type":"string"},"example":"[{\"id\":999999,\"qty\":1},{\"id\":888888,\"qty\":1}]"},"postalCodeShippingParam":{"name":"postalCodeShipping","in":"query","description":"Postal code to evaluate shipping cost if exist.","required":false,"style":"form","explode":true,"schema":{"type":"string"},"example":"J9P4B2"},"languageParam":{"name":"language","in":"query","description":"Use when need to return text to the customer, 'fr' or 'en' only, if not exist then language in customer's profil will be used.","required":false,"style":"form","explode":true,"schema":{"type":"string"},"example":"en"}},"securitySchemes":{"ApiKeyAuth":{"type":"apiKey","name":"api_key","in":"query"}}}}