{
  "openapi": "3.0.0",
  "info": {
    "title": "Mobile Locker Reservations API",
    "description": "Mobile Locker reservations API\n\n**Authentication**\n\nOur application uses oauth authentication. You will receive a client id and a client secret that you will need to fetch the access token.\n\n**General workflow**\n\nThe user first selects the desired period and locker type. With this information you \"plan\" the reservation. This makes sure the locker gets reserved, so you are certain that locker is available for you. \n\nIf the reservation got planned you can ask for the customer details and do the payment.\n\nWhen payment is successful, the reservation MUST be confirmed with the customer details and the payment details (costs). After that the reservation is final.\n\nWhen the user navigates back, selects an other locker, payment fails, ... the reservation must be cancelled. That way other users still have space to reserve a locker.\n\nNOTE: Planned reservation that are not confirmed within 1 hour, are automaticly cancelled by our system.             ",
    "version": "1.3"
  },
  "servers": [
    {
      "url": "https://oms.staging.mlunit.eu"
    }
  ],
  "security": [
    {
      "oAuth2": []
    }
  ],
  "paths": {
    "/api/reservations/event": {
      "get": {
        "tags": [
          "get-info"
        ],
        "summary": "Get all the events for this reservation client",
        "parameters": [
          {
            "name": "x-reservation-client",
            "in": "header",
            "description": "The reservation client ID. You will receive an ID which you have to use in each request.",
            "required": true,
            "style": "simple",
            "explode": false,
            "schema": {
              "type": "integer"
            }
          }
        ],
        "responses": {
          "200": {
            "description": "successful operation",
            "content": {
              "application/json": {
                "schema": {
                  "$ref": "#/components/schemas/ArrayOfEvents"
                }
              }
            }
          }
        }
      }
    },
    "/api/reservations/event/{id}/location": {
      "get": {
        "tags": [
          "get-info"
        ],
        "summary": "Show all locations on event",
        "parameters": [
          {
            "name": "x-reservation-client",
            "in": "header",
            "description": "The reservation client ID. You will receive an ID which you have to use in each request.",
            "required": true,
            "style": "simple",
            "explode": false,
            "schema": {
              "type": "integer"
            }
          },
          {
            "name": "id",
            "in": "path",
            "description": "Event ID",
            "required": true,
            "style": "simple",
            "explode": false,
            "schema": {
              "type": "integer"
            }
          }
        ],
        "responses": {
          "200": {
            "description": "Successful operation",
            "content": {
              "application/json": {
                "schema": {
                  "$ref": "#/components/schemas/ArrayOfLocations"
                }
              }
            }
          }
        }
      }
    },
    "/api/reservations/location/{id}/duration-config": {
      "get": {
        "tags": [
          "get-info"
        ],
        "summary": "Get duration config of location",
        "parameters": [
          {
            "name": "x-reservation-client",
            "in": "header",
            "description": "The reservation client ID. You will receive an ID which you have to use in each request.",
            "required": true,
            "style": "simple",
            "explode": false,
            "schema": {
              "type": "integer"
            }
          },
          {
            "name": "id",
            "in": "path",
            "description": "Location ID",
            "required": true,
            "style": "simple",
            "explode": false,
            "schema": {
              "type": "integer"
            }
          }
        ],
        "responses": {
          "200": {
            "description": "Successful operation",
            "content": {
              "application/json": {
                "schema": {
                  "$ref": "#/components/schemas/DurationConfig"
                }
              }
            }
          }
        }
      }
    },
    "/api/reservations/reservation": {
      "post": {
        "tags": [
          "reservation"
        ],
        "summary": "Plan a reservation",
        "parameters": [
          {
            "name": "x-reservation-client",
            "in": "header",
            "description": "The reservation client ID. You will receive an ID which you have to use in each request.",
            "required": true,
            "style": "simple",
            "explode": false,
            "schema": {
              "type": "integer"
            }
          }
        ],
        "requestBody": {
          "content": {
            "application/x-www-form-urlencoded": {
              "schema": {
                "$ref": "#/components/schemas/CreateReservationRequest"
              }
            },
            "application/json": {
              "schema": {
                "$ref": "#/components/schemas/CreateReservationRequest"
              }
            }
          }
        },
        "responses": {
          "201": {
            "description": "Created reservation",
            "content": {
              "application/json": {
                "schema": {
                  "$ref": "#/components/schemas/Reservation"
                }
              }
            }
          },
          "400": {
            "description": "Invalid values supplied. Response contains a complete list of all the form fields with the errors, if they have some",
            "content": {
              "application/json": {
                "schema": {
                  "$ref": "#/components/schemas/inline_response_400"
                }
              }
            }
          },
          "409": {
            "description": "Something conflicted when trying to plan reservation",
            "content": {
              "application/json": {
                "schema": {
                  "$ref": "#/components/schemas/inline_response_409"
                }
              }
            }
          },
          "503": {
            "description": "Thrown when no unit could be contacted in an online reservation"
          }
        }
      }
    },
    "/api/reservations/reservation/{code}": {
      "get": {
        "tags": [
          "reservation"
        ],
        "summary": "Get reservation info",
        "parameters": [
          {
            "name": "x-reservation-client",
            "in": "header",
            "description": "The reservation client ID. You will receive an ID which you have to use in each request.",
            "required": true,
            "style": "simple",
            "explode": false,
            "schema": {
              "type": "integer"
            }
          },
          {
            "name": "code",
            "in": "path",
            "description": "Reservation code",
            "required": true,
            "style": "simple",
            "explode": false,
            "schema": {
              "type": "string"
            }
          }
        ],
        "responses": {
          "200": {
            "description": "Successful operation",
            "content": {
              "application/json": {
                "schema": {
                  "$ref": "#/components/schemas/Reservation"
                }
              }
            }
          }
        }
      }
    },
    "/api/reservations/reservation/{code}/confirm": {
      "post": {
        "tags": [
          "reservation"
        ],
        "summary": "Confirm a reservation",
        "parameters": [
          {
            "name": "x-reservation-client",
            "in": "header",
            "description": "The reservation client ID. You will receive an ID which you have to use in each request.",
            "required": true,
            "style": "simple",
            "explode": false,
            "schema": {
              "type": "integer"
            }
          },
          {
            "name": "code",
            "in": "path",
            "description": "Reservation code",
            "required": true,
            "style": "simple",
            "explode": false,
            "schema": {
              "type": "string"
            }
          }
        ],
        "requestBody": {
          "content": {
            "application/x-www-form-urlencoded": {
              "schema": {
                "$ref": "#/components/schemas/ConfirmReservationRequest"
              }
            },
            "application/json": {
              "schema": {
                "$ref": "#/components/schemas/ConfirmReservationRequest"
              }
            }
          }
        },
        "responses": {
          "204": {
            "description": "Confirmed reservation"
          },
          "400": {
            "description": "Invalid values supplied. Response contains a complete list of all the form fields with the errors, if they have some",
            "content": {
              "application/json": {
                "schema": {
                  "$ref": "#/components/schemas/inline_response_400"
                }
              }
            }
          },
          "409": {
            "description": "Something conflicted when trying to confirm reservation",
            "content": {
              "application/json": {
                "schema": {
                  "$ref": "#/components/schemas/inline_response_409_1"
                }
              }
            }
          }
        }
      }
    },
    "/api/reservations/reservation/{code}/cancel": {
      "post": {
        "tags": [
          "reservation"
        ],
        "summary": "Cancel a reservation",
        "parameters": [
          {
            "name": "x-reservation-client",
            "in": "header",
            "description": "The reservation client ID. You will receive an ID which you have to use in each request.",
            "required": true,
            "style": "simple",
            "explode": false,
            "schema": {
              "type": "integer"
            }
          },
          {
            "name": "code",
            "in": "path",
            "description": "Reservation code",
            "required": true,
            "style": "simple",
            "explode": false,
            "schema": {
              "type": "string"
            }
          }
        ],
        "responses": {
          "204": {
            "description": "Cancelled reservation"
          },
          "409": {
            "description": "Something conflicted when trying to cancel reservation",
            "content": {
              "application/json": {
                "schema": {
                  "$ref": "#/components/schemas/inline_response_409_2"
                }
              }
            }
          }
        }
      }
    }
  },
  "components": {
    "schemas": {
      "ArrayOfEvents": {
        "type": "array",
        "items": {
          "$ref": "#/components/schemas/Event"
        }
      },
      "Event": {
        "type": "object",
        "properties": {
          "id": {
            "type": "integer",
            "example": 15
          },
          "timezone": {
            "type": "string",
            "example": "Europe/Brussels"
          },
          "currency": {
            "type": "string",
            "example": "EUR"
          },
          "default_language": {
            "type": "string",
            "example": "en_GB"
          },
          "languages": {
            "type": "array",
            "example": [
              "nl_NL",
              "de_DE",
              "en_GB"
            ],
            "items": {
              "type": "string"
            }
          },
          "translations": {
            "type": "array",
            "items": {
              "$ref": "#/components/schemas/EventTranslation"
            }
          }
        }
      },
      "EventTranslation": {
        "type": "object",
        "properties": {
          "locale": {
            "type": "string",
            "example": "nl_NL"
          },
          "name": {
            "type": "string",
            "example": "Dour 2020"
          }
        }
      },
      "ArrayOfLocations": {
        "type": "array",
        "items": {
          "$ref": "#/components/schemas/Location"
        }
      },
      "Location": {
        "type": "object",
        "properties": {
          "id": {
            "type": "integer",
            "example": 26
          },
          "admin_cost": {
            "type": "boolean"
          },
          "translations": {
            "type": "array",
            "items": {
              "$ref": "#/components/schemas/LocationTranslation"
            }
          },
          "event": {
            "$ref": "#/components/schemas/Event"
          }
        }
      },
      "LocationTranslation": {
        "type": "object",
        "properties": {
          "locale": {
            "type": "string",
            "example": "nl_NL"
          },
          "name": {
            "type": "string",
            "example": "Camping X"
          },
          "pricing_information": {
            "type": "string",
            "example": "This is a text that describes the pricing rules.\n\n\nYou can use newlines\n"
          }
        }
      },
      "DurationConfig": {
        "type": "object",
        "properties": {
          "location": {
            "$ref": "#/components/schemas/Location"
          },
          "mode": {
            "type": "string",
            "description": "online: reservation will be pushed to unit 'live', offline: reservation will be batch pushed to unit, just before event starts",
            "example": "offline",
            "enum": [
              "offline",
              "online"
            ]
          },
          "period_type": {
            "type": "string",
            "description": "There are 2 period types. predefined_period: Has a fixed start and end date, with a corresponding label. period_selector: user is able to select there precise period (from-till date)",
            "example": "predefined_periods",
            "enum": [
              "predefined_periods",
              "period_selector"
            ]
          },
          "period_selector": {
            "$ref": "#/components/schemas/PeriodSelector"
          },
          "codelocks_period_selector": {
            "$ref": "#/components/schemas/CodelocksPeriodSelector"
          },
          "predefined_periods": {
            "type": "array",
            "items": {
              "$ref": "#/components/schemas/PredefinedPeriod"
            }
          }
        }
      },
      "PredefinedPeriod": {
        "type": "object",
        "properties": {
          "id": {
            "type": "integer"
          },
          "start_date": {
            "type": "string",
            "description": "Start date of period (in timezone of event)",
            "example": "2020-07-12T10:00:00Z"
          },
          "end_date": {
            "type": "string",
            "description": "End date of period  (in timezone of event)",
            "example": "2020-07-15T10:00:00Z"
          },
          "translations": {
            "type": "array",
            "items": {
              "$ref": "#/components/schemas/PredefinedPeriodTranslation"
            }
          },
          "locker_types": {
            "type": "array",
            "items": {
              "$ref": "#/components/schemas/PredefinedPeriodLockerTypePrice"
            }
          }
        }
      },
      "PredefinedPeriodTranslation": {
        "type": "object",
        "properties": {
          "locale": {
            "type": "string",
            "example": "nl_NL"
          },
          "name": {
            "type": "string",
            "example": "Full festival"
          }
        }
      },
      "PredefinedPeriodLockerTypePrice": {
        "type": "object",
        "properties": {
          "locker_type": {
            "$ref": "#/components/schemas/LockerType"
          },
          "price": {
            "type": "number",
            "example": 14.5
          }
        }
      },
      "PeriodSelector": {
        "type": "object",
        "properties": {
          "id": {
            "type": "integer"
          },
          "start_date": {
            "type": "string",
            "description": "First timestamp where the user is able to select a date from (in timezone of event)",
            "example": "2020-07-01T00:15:00Z"
          },
          "end_date": {
            "type": "string",
            "description": "Last timestamp where the user is able to select a date from (in timezone of event)",
            "example": "2020-07-01T00:15:00Z"
          },
          "min_duration": {
            "$ref": "#/components/schemas/MinDuration"
          },
          "locker_types": {
            "type": "array",
            "items": {
              "$ref": "#/components/schemas/PeriodSelector_locker_types"
            }
          }
        }
      },
      "CodelocksPeriodSelector": {
        "type": "object",
        "properties": {
          "id": {
            "type": "integer"
          },
          "start_date": {
            "type": "string",
            "description": "First timestamp where the user is able to select a date from (in timezone of event)",
            "example": "2020-07-01T00:15:00Z"
          },
          "end_date": {
            "type": "string",
            "description": "Last timestamp where the user is able to select a date from (in timezone of event)",
            "example": "2020-07-01T00:15:00Z"
          },
          "min_duration": {
            "$ref": "#/components/schemas/MinDuration"
          },
          "locker_types": {
            "type": "array",
            "items": {
              "$ref": "#/components/schemas/CodelocksPeriodSelector_locker_types"
            }
          }
        },
        "description": "The codelocks period selector can only have a duration of 1, 2, 3, 4, 5, 6, 7, 8, 9, 10, 11, 12 or 24 hours. And should always start at a full hour. So for example. A duration from 2020-08-10 13:00:00 - 2020-08-10 19:00:00 is valid because it is a duration of 6 hours and starts at a full hour. 2020-08-10 13:10:00 - 2020-08-12 13:10:00 is not valid because it does not start at a full hour (13:10:00) and also because the duration is 48hours, which is not allowed"
      },
      "LockerType": {
        "type": "object",
        "properties": {
          "key": {
            "type": "string",
            "example": "smallpower"
          },
          "translations": {
            "type": "array",
            "items": {
              "$ref": "#/components/schemas/LockerTypeTranslation"
            }
          },
          "dimensions": {
            "$ref": "#/components/schemas/LockerDimension"
          }
        }
      },
      "MinDuration": {
        "type": "object",
        "properties": {
          "unit": {
            "type": "string",
            "enum": [
              "hours",
              "days",
              "weeks"
            ]
          },
          "amount": {
            "type": "integer",
            "example": 5
          }
        },
        "description": "The minimum amount that a reservation duration must be."
      },
      "LockerTypeTranslation": {
        "type": "object",
        "properties": {
          "locale": {
            "type": "string",
            "example": "en_GB"
          },
          "label": {
            "type": "string",
            "example": "Small with power"
          }
        }
      },
      "PeriodSelectorPrice": {
        "type": "object",
        "properties": {
          "weekly": {
            "type": "number",
            "example": 12
          },
          "daily": {
            "type": "number",
            "example": 5
          },
          "hourly": {
            "type": "number",
            "example": 1
          }
        }
      },
      "CodelocksPeriodSelectorPrice": {
        "type": "object",
        "properties": {
          "daily": {
            "type": "number",
            "example": 5
          },
          "hourly": {
            "type": "number",
            "example": 1
          }
        }
      },
      "LockerDimension": {
        "type": "object",
        "properties": {
          "height": {
            "type": "number",
            "description": "Size in mm.",
            "example": 120
          },
          "width": {
            "type": "number",
            "description": "Size in mm.",
            "example": 240
          },
          "depth": {
            "type": "number",
            "description": "Size in mm.",
            "example": 90
          }
        }
      },
      "Reservation": {
        "type": "object",
        "properties": {
          "code": {
            "type": "string",
            "description": "Unique reservation code. (UUID)",
            "example": "1075976b-d745-4014-880d-1ad0700c739f"
          },
          "status": {
            "type": "string",
            "enum": [
              "planned",
              "cancelled",
              "confirmed"
            ]
          },
          "mode": {
            "type": "string",
            "enum": [
              "online",
              "offline"
            ]
          },
          "location": {
            "$ref": "#/components/schemas/Location"
          },
          "locker_type": {
            "$ref": "#/components/schemas/LockerType"
          },
          "duration": {
            "$ref": "#/components/schemas/Reservation_duration"
          }
        }
      },
      "CreateReservationRequest": {
        "type": "object",
        "properties": {
          "locker_type": {
            "type": "string",
            "example": "smallpower",
            "enum": [
              "smallpower",
              "small",
              "medium",
              "large",
              "xlarge"
            ]
          },
          "location": {
            "type": "integer",
            "description": "Location ID",
            "example": 15
          },
          "duration": {
            "$ref": "#/components/schemas/CreateReservationRequest_duration"
          }
        }
      },
      "ConfirmReservationRequest": {
        "type": "object",
        "properties": {
          "customer": {
            "$ref": "#/components/schemas/ConfirmReservationRequest_customer"
          },
          "payment_details": {
            "$ref": "#/components/schemas/ConfirmReservationRequest_payment_details"
          }
        }
      },
      "inline_response_400": {
        "type": "object",
        "properties": {
          "fields": {
            "type": "string"
          }
        }
      },
      "inline_response_409": {
        "type": "object",
        "properties": {
          "message": {
            "type": "string",
            "enum": [
              "no_lockers_available",
              "reservations_are_closed"
            ]
          }
        }
      },
      "inline_response_409_1": {
        "type": "object",
        "properties": {
          "message": {
            "type": "string",
            "enum": [
              "reservation_not_planned"
            ]
          }
        }
      },
      "inline_response_409_2": {
        "type": "object",
        "properties": {
          "message": {
            "type": "string",
            "enum": [
              "reservation_not_planned",
              "reservation_already_cancelled"
            ]
          }
        }
      },
      "PeriodSelector_locker_types": {
        "type": "object",
        "properties": {
          "locker_type": {
            "$ref": "#/components/schemas/LockerType"
          },
          "price": {
            "$ref": "#/components/schemas/PeriodSelectorPrice"
          }
        }
      },
      "CodelocksPeriodSelector_locker_types": {
        "type": "object",
        "properties": {
          "locker_type": {
            "$ref": "#/components/schemas/LockerType"
          },
          "price": {
            "$ref": "#/components/schemas/CodelocksPeriodSelectorPrice"
          }
        }
      },
      "Reservation_duration": {
        "type": "object",
        "properties": {
          "period_type": {
            "type": "string",
            "enum": [
              "predefined_period",
              "period_selector"
            ]
          },
          "start_date": {
            "type": "string",
            "example": "2020-07-12T10:00:00Z"
          },
          "end_date": {
            "type": "string",
            "example": "2020-07-15T10:00:00Z"
          },
          "predefined_period": {
            "$ref": "#/components/schemas/PredefinedPeriod"
          }
        }
      },
      "CreateReservationRequest_duration": {
        "type": "object",
        "properties": {
          "period_type": {
            "type": "string",
            "example": "predefined_period",
            "enum": [
              "predefined_period",
              "period_selector"
            ]
          },
          "start_date": {
            "type": "string",
            "example": "2020-07-12T10:00:00Z"
          },
          "end_date": {
            "type": "string",
            "example": "2020-07-15T10:00:00Z"
          },
          "predefined_period": {
            "type": "integer",
            "description": "Predefined period ID (if period type = predefined_period, else null)"
          }
        }
      },
      "ConfirmReservationRequest_customer": {
        "type": "object",
        "properties": {
          "first_name": {
            "type": "string",
            "example": "John"
          },
          "last_name": {
            "type": "string",
            "example": "Doe"
          },
          "email_address": {
            "type": "string",
            "example": "john.doe@example.com"
          },
          "phone_number": {
            "type": "string",
            "example": "+32 487 40 12 10"
          },
          "language": {
            "type": "string",
            "example": "nl_NL"
          }
        }
      },
      "ConfirmReservationRequest_payment_details_cost": {
        "type": "object",
        "properties": {
          "value": {
            "type": "number",
            "example": 25.6
          },
          "currency": {
            "type": "string",
            "example": "EUR"
          }
        }
      },
      "ConfirmReservationRequest_payment_details": {
        "type": "object",
        "properties": {
          "cost": {
            "$ref": "#/components/schemas/ConfirmReservationRequest_payment_details_cost"
          },
          "transaction_cost": {
            "$ref": "#/components/schemas/ConfirmReservationRequest_payment_details_cost"
          }
        }
      }
    },
    "securitySchemes": {
      "oAuth2": {
        "type": "oauth2",
        "description": "For more information check https://doc.oroinc.com/api/authentication/oauth-client-credentials/",
        "flows": {
          "clientCredentials": {
            "tokenUrl": "/oauth2-token",
            "scopes": {}
          }
        }
      }
    }
  }
}