{
  "openapi": "3.0.0",
  "info": {
    "title": "API for superEDI Server",
    "description": "API for interacting with superEDI Server",
    "contact": {
      "email": "info@nemedi.dk"
    },
    "version": "2.0.1"
  },
  "servers": [
    {
      "url": "https://virtserver.swaggerhub.com/nemEDI/superEDIServer/3.0.0",
      "description": "SwaggerHub API Auto Mocking"
    },
    {
      "url": "https://superediserver.azurewebsites.net",
      "description": "SwaggerHub API Auto Mocking"
    },
    {
      "url": "https://superediservertest.azurewebsites.net"
    }
  ],
  "tags": [
    {
      "name": "superEDI"
    }
  ],
  "paths": {
    "/api/UploadFile": {
      "post": {
        "tags": [
          "superEDI"
        ],
        "description": "Uploads file to superEDI and pushes the file onto the process queue",
        "operationId": "UploadFile",
        "requestBody": {
          "content": {
            "application/json": {
              "schema": {
                "$ref": "#/components/schemas/UploadFileRequest"
              }
            }
          },
          "required": true
        },
        "responses": {
          "200": {
            "description": "Call succeded; check error status in response",
            "content": {
              "application/json": {
                "schema": {
                  "$ref": "#/components/schemas/UploadFileResponse"
                }
              }
            }
          }
        }
      }
    },
    "/api/ListFiles": {
      "post": {
        "tags": [
          "superEDI"
        ],
        "description": "List files that can be downloaded for this customer. If OnlyNew is set to true, only files not aready downloaded will be shown. Paramters DateFrom and DateTo must be spcified in the format yyyyMMdd",
        "operationId": "ListFiles",
        "requestBody": {
          "content": {
            "application/json": {
              "schema": {
                "$ref": "#/components/schemas/ListFileRequest"
              }
            }
          },
          "required": true
        },
        "responses": {
          "200": {
            "description": "Call succeded; check error status in response",
            "content": {
              "application/json": {
                "schema": {
                  "$ref": "#/components/schemas/ListFileResponse"
                }
              }
            }
          }
        }
      }
    },
    "/api/DownloadFile": {
      "post": {
        "tags": [
          "superEDI"
        ],
        "description": "Downloads a file from superEDI. Oid is ID of file. Please use ListFiles to find Oid",
        "operationId": "DownloadFile",
        "requestBody": {
          "content": {
            "application/json": {
              "schema": {
                "$ref": "#/components/schemas/DownloadFileRequest"
              }
            }
          },
          "required": true
        },
        "responses": {
          "200": {
            "description": "Call succeded; check error status in response",
            "content": {
              "application/json": {
                "schema": {
                  "$ref": "#/components/schemas/DownloadFileResponse"
                }
              }
            }
          }
        }
      }
    },
    "/api/QueryDocument": {
      "post": {
        "tags": [
          "superEDI"
        ],
        "description": "Queries superEDI to find a specific document based on the customer and the value of a filed in the document",
        "operationId": "QueryDocument",
        "requestBody": {
          "content": {
            "application/json": {
              "schema": {
                "$ref": "#/components/schemas/QueryDocumentRequest"
              }
            }
          },
          "required": true
        },
        "responses": {
          "200": {
            "description": "Call succeded; check error status in response",
            "content": {
              "application/json": {
                "schema": {
                  "$ref": "#/components/schemas/QueryDocumentResponse"
                }
              }
            }
          }
        }
      }
    },
    "/api/TransmissionStatus": {
      "post": {
        "tags": [
          "superEDI"
        ],
        "description": "Queries superEDI for the transmission status of a document and the associated incoming file and outgoing file",
        "operationId": "TransmissionStatus",
        "requestBody": {
          "content": {
            "application/json": {
              "schema": {
                "$ref": "#/components/schemas/TransmissionStatusRequest"
              }
            }
          },
          "required": true
        },
        "responses": {
          "200": {
            "description": "Call succeded; check error status in response",
            "content": {
              "application/json": {
                "schema": {
                  "$ref": "#/components/schemas/TransmissionStatusResponse"
                }
              }
            }
          }
        }
      }
    }
  },
  "components": {
    "schemas": {
      "UploadFileRequest": {
        "required": [
          "Content",
          "CustomerNumber",
          "FileName",
          "Password"
        ],
        "type": "object",
        "properties": {
          "CustomerNumber": {
            "type": "string"
          },
          "Password": {
            "type": "string"
          },
          "FileName": {
            "type": "string"
          },
          "Content": {
            "type": "string"
          }
        },
        "description": "Parameters for UploadFileRequest"
      },
      "UploadFileResponse": {
        "required": [
          "ErrorCode",
          "ErrorDescription",
          "Oid"
        ],
        "type": "object",
        "properties": {
          "ErrorCode": {
            "type": "string"
          },
          "ErrorDescription": {
            "type": "string"
          },
          "Oid": {
            "type": "string"
          }
        }
      },
      "ListFileRequest": {
        "required": [
          "CustomerNumber",
          "OnlyNew",
          "Password"
        ],
        "type": "object",
        "properties": {
          "CustomerNumber": {
            "type": "string"
          },
          "Password": {
            "type": "string"
          },
          "OnlyNew": {
            "type": "boolean"
          },
          "DateFrom": {
            "type": "string"
          },
          "DateTo": {
            "type": "string"
          }
        }
      },
      "ListFileResponse": {
        "required": [
          "ErrorCode",
          "ErrorDescription",
          "Oid"
        ],
        "type": "object",
        "properties": {
          "ErrorCode": {
            "type": "string"
          },
          "ErrorDescription": {
            "type": "string"
          },
          "Oid": {
            "type": "array",
            "items": {
              "type": "string"
            }
          }
        }
      },
      "DownloadFileRequest": {
        "required": [
          "CustomerNumber",
          "Oid",
          "Password"
        ],
        "type": "object",
        "properties": {
          "CustomerNumber": {
            "type": "string"
          },
          "Password": {
            "type": "string"
          },
          "Oid": {
            "type": "string"
          }
        }
      },
      "DownloadFileResponse": {
        "required": [
          "Content",
          "ErrorCode",
          "ErrorDescription",
          "FIleName"
        ],
        "type": "object",
        "properties": {
          "ErrorCode": {
            "type": "string"
          },
          "ErrorDescription": {
            "type": "string"
          },
          "FileName": {
            "type": "string"
          },
          "Content": {
            "type": "string"
          }
        }
      },
      "QueryDocumentRequest": {
        "required": [
          "CustomerNumber",
          "DocType",
          "Field",
          "Password",
          "Value"
        ],
        "type": "object",
        "properties": {
          "CustomerNumber": {
            "type": "string"
          },
          "Password": {
            "type": "string"
          },
          "DocType": {
            "type": "string"
          },
          "Field": {
            "type": "string"
          },
          "Value": {
            "type": "string"
          }
        }
      },
      "QueryDocumentResponse": {
        "required": [
          "ErrorCode",
          "ErrorDescription",
          "Oid"
        ],
        "type": "object",
        "properties": {
          "ErrorCode": {
            "type": "string"
          },
          "ErrorDescription": {
            "type": "string"
          },
          "Oid": {
            "type": "string"
          }
        }
      },
      "TransmissionStatusRequest": {
        "required": [
          "CustomerNumber",
          "Oid",
          "Password"
        ],
        "type": "object",
        "properties": {
          "CustomerNumber": {
            "type": "string"
          },
          "Password": {
            "type": "string"
          },
          "Oid": {
            "type": "string"
          }
        }
      },
      "TransmissionStatusResponse": {
        "required": [
          "DocumentError",
          "DocumentProcessed",
          "ErrorCode",
          "ErrorDescription",
          "IncomingFileError",
          "IncomingFileProcessed",
          "OutgoingFileError",
          "OutgoingFileProcessed"
        ],
        "type": "object",
        "properties": {
          "ErrorCode": {
            "type": "string"
          },
          "ErrorDescription": {
            "type": "string"
          },
          "IncomingFileProcessed": {
            "type": "boolean"
          },
          "IncomingFileError": {
            "type": "string"
          },
          "DocumentProcessed": {
            "type": "boolean"
          },
          "DocumentError": {
            "type": "string"
          },
          "OutgoingFileProcessed": {
            "type": "boolean"
          },
          "OutgoingFileError": {
            "type": "string"
          }
        }
      }
    }
  }
}