{"openapi":"3.0.0","info":{"title":"NoteDealer API","description":"Developer only API for NoteDealer mobile app.","version":"1.0.0"},"servers":[{"url":"https://notedealer-api.herokuapp.com/","description":"NoteDealer Heroku API"},{"url":"https://notedealertest.herokuapp.com/","description":"NoteDealer Test Heroku API"}],"tags":[{"name":"user","description":"User routes"},{"name":"report","description":"Report routes"},{"name":"order","description":"Order routes"},{"name":"note","description":"Note routes"},{"name":"files","description":"File routes"},{"name":"credit card","description":"Credit card routes"},{"name":"comment","description":"Comment routes"}],"paths":{"/register":{"post":{"tags":["user"],"summary":"Add new user","requestBody":{"$ref":"#/components/requestBodies/User"},"responses":{"201":{"description":"User created"},"400":{"description":"Invalid data"},"409":{"description":"User already exists"},"500":{"description":"Internal server error"}}}},"/login":{"post":{"tags":["user"],"summary":"Login to account","requestBody":{"content":{"application/json":{"schema":{"type":"object","properties":{"login":{"type":"string"},"password":{"type":"string","format":"password"}}}}}},"responses":{"200":{"description":"Successfully logged in","content":{"application/json":{"schema":{"type":"object","properties":{"_id":{"type":"string","description":"User ID"}},"xml":{"name":"LoggedIn"}}}}},"404":{"description":"Incorrect data"},"500":{"description":"Internal server error"}}}},"/changeUserData":{"post":{"tags":["user"],"summary":"Change user data","responses":{"201":{"description":"Data changed"},"400":{"description":"Incorrect data"}}}},"/changeUserAvatar":{"post":{"tags":["user"],"summary":"Change user avatar","requestBody":{"content":{"multipart/form-data":{"schema":{"type":"object","properties":{"_id":{"type":"string"},"image":{"type":"string","format":"binary"}}}}}},"responses":{"201":{"description":"Avatar changed"},"400":{"description":"Incorrect data"},"500":{"description":"Internal server error"}}}},"/userInfo":{"post":{"tags":["user"],"summary":"Get public info of user","requestBody":{"content":{"application/json":{"schema":{"type":"object","properties":{"_id":{"type":"string"}}}}}},"responses":{"201":{"description":"Success","content":{"application/json":{"schema":{"type":"object","properties":{"_id":{"type":"string"},"nickname":{"type":"string"},"name":{"type":"string"},"surname":{"type":"string"},"email":{"type":"string"},"school":{"type":"string"},"major":{"type":"string"},"avatar":{"type":"object","properties":{"contentType":{"type":"string"},"image":{"type":"string","format":"byte"}}}}}}}},"400":{"description":"User not found"}}}},"/changePassword":{"post":{"tags":["user"],"summary":"Change user password","requestBody":{"content":{"application/json":{"schema":{"type":"object","properties":{"_id":{"type":"string"},"password":{"type":"string","format":"password"},"newPassword":{"type":"string","format":"password"}}}}}},"responses":{"201":{"description":"Password changed"},"400":{"description":"Incorrect data"},"404":{"description":"Wrong ID or password"}}}},"/resetPassword":{"post":{"tags":["user"],"summary":"Reset user password and generate new one sent to mail","requestBody":{"content":{"application/json":{"schema":{"type":"object","properties":{"email":{"type":"string"}}}}}},"responses":{"201":{"description":"Successful password reset"},"400":{"description":"Incorrect mail"}}}},"/report/app":{"post":{"tags":["report"],"summary":"Report application bug","requestBody":{"content":{"application/json":{"schema":{"type":"object","properties":{"type":{"type":"string"},"description":{"type":"string"}}}}}},"responses":{"201":{"description":"Bug reported"},"404":{"description":"???"},"423":{"description":"???"}}}},"/report/note":{"post":{"tags":["report"],"summary":"Report inappropriate note","requestBody":{"content":{"application/json":{"schema":{"type":"object","properties":{"type":{"type":"string"},"description":{"type":"string"}}}}}},"responses":{"201":{"description":"Note reported"},"404":{"description":"???"},"423":{"description":"???"}}}},"/buyNote":{"post":{"tags":["order"],"summary":"Buy chosen note","requestBody":{"content":{"application/json":{"schema":{"type":"object","properties":{"userId":{"type":"string"},"noteId":{"type":"string"}}}}}},"responses":{"201":{"description":"Note successfully bought"},"404":{"description":"Note already bought by user"},"500":{"description":"Internal server error"}}}},"/isBought":{"post":{"tags":["order"],"summary":"Check if note is already bought by user","requestBody":{"content":{"application/json":{"schema":{"type":"object","properties":{"userId":{"type":"string"},"noteId":{"type":"string"}}}}}},"responses":{"201":{"description":"Bought"},"420":{"description":"Not bought"}}}},"/listBoughtNotes":{"post":{"tags":["order"],"summary":"List notes bought by user","requestBody":{"content":{"application/json":{"schema":{"type":"object","properties":{"userId":{"type":"string"}}}}}},"responses":{"201":{"description":"Success"},"404":{"description":"Incorrect user id"},"420":{"description":"Empty list"}}}},"/note":{"post":{"tags":["note"],"summary":"Add new note","requestBody":{"content":{"application/json":{"schema":{"type":"object","properties":{"abc":{"type":"string"}}}}}},"responses":{"200":{"description":"OK"},"400":{"description":"Insert error"},"500":{"description":"Internal server error"}}}},"/note/{_id}":{"get":{"tags":["note"],"summary":"Get data of note","parameters":[{"name":"_id","in":"path","description":"ID of note to get","required":true,"style":"simple","explode":false,"schema":{"type":"integer"}}],"responses":{"201":{"description":"OK"},"400":{"description":"abc"},"404":{"description":"abc"}}},"delete":{"tags":["note"],"summary":"Delete note","parameters":[{"name":"_id","in":"path","description":"ID of note to delete","required":true,"style":"simple","explode":false,"schema":{"type":"integer"}}],"responses":{"201":{"description":"OK"},"400":{"description":"abc"},"404":{"description":"abc"}}}},"/note/preview/{_id}":{"get":{"tags":["note"],"summary":"Get preview of note","parameters":[{"name":"_id","in":"path","description":"ID of note to get preview of","required":true,"style":"simple","explode":false,"schema":{"type":"integer"}}],"responses":{"200":{"description":"abc"}}}},"/updateNoteDescription":{"post":{"tags":["note"],"summary":"Update note description","requestBody":{"content":{"application/json":{"schema":{"type":"object","properties":{"_id":{"type":"string"},"description":{"type":"string"}}}}}},"responses":{"200":{"description":"OK"},"400":{"description":"Insert error"},"500":{"description":"Internal server error"}}}},"/getAllNotesInfo":{"post":{"tags":["note"],"summary":"abc","requestBody":{"content":{"application/json":{"schema":{"type":"object","properties":{"abc":{"type":"string"}}}}}},"responses":{"200":{"description":"abc"}}}},"/getNotesPreviewByTitle":{"post":{"tags":["note"],"summary":"abc","requestBody":{"content":{"application/json":{"schema":{"type":"object","properties":{"abc":{"type":"string"}}}}}},"responses":{"200":{"description":"abc"}}}},"/getLastAddedNotes":{"post":{"tags":["note"],"summary":"abc","requestBody":{"content":{"application/json":{"schema":{"type":"object","properties":{"abc":{"type":"string"}}}}}},"responses":{"200":{"description":"abc"}}}},"/getLastBoughtNotes":{"post":{"tags":["note"],"summary":"abc","requestBody":{"content":{"application/json":{"schema":{"type":"object","properties":{"abc":{"type":"string"}}}}}},"responses":{"200":{"description":"abc"}}}},"/files":{"post":{"tags":["files"],"summary":"Add files to note","requestBody":{"content":{"multipart/form-data":{"schema":{"type":"object","properties":{"abc":{"type":"string"}}}}}},"responses":{"200":{"description":"abc"}}}},"/files/{_id}":{"get":{"tags":["files"],"summary":"Get file by its ID","parameters":[{"name":"_id","in":"path","description":"ID of file to get","required":true,"style":"simple","explode":false,"schema":{"type":"integer"}}],"responses":{"200":{"description":"abc"}}}},"/creditCards":{"post":{"tags":["credit card"],"summary":"Add files to note","requestBody":{"content":{"multipart/form-data":{"schema":{"type":"object","properties":{"abc":{"type":"string"}}}}}},"responses":{"200":{"description":"abc"}}}},"/creditCards/{_id}":{"get":{"tags":["credit card"],"summary":"Get all credit cards of user","parameters":[{"name":"_id","in":"path","description":"ID of file to get","required":true,"style":"simple","explode":false,"schema":{"type":"integer"}}],"responses":{"200":{"description":"abc"}}}},"/getCardData":{"post":{"tags":["credit card"],"summary":"Get single card by its id","requestBody":{"content":{"multipart/form-data":{"schema":{"type":"object","properties":{"abc":{"type":"string"}}}}}},"responses":{"200":{"description":"abc"}}}},"/note/comments":{"post":{"tags":["comment"],"summary":"Add comment to note","requestBody":{"content":{"multipart/form-data":{"schema":{"type":"object","properties":{"authorName":{"type":"string"},"authorSurname":{"type":"string"},"noteId":{"type":"string"}}}}}},"responses":{"200":{"description":"Success"},"400":{"description":"Incorrect data"},"500":{"description":"Internal server error"}}}},"/note/comments/{_id}":{"get":{"tags":["comment"],"summary":"Get all credit cards of user","parameters":[{"name":"_id","in":"path","description":"ID of file to get","required":true,"style":"simple","explode":false,"schema":{"type":"integer"}}],"responses":{"200":{"description":"abc"}}}}},"components":{"schemas":{"User":{"required":["email","name","nickname","password","surname"],"type":"object","properties":{"nickname":{"type":"string"},"password":{"type":"string","format":"password"},"name":{"type":"string"},"surname":{"type":"string"},"email":{"type":"string"},"school":{"type":"string"},"major":{"type":"string"},"bank_account":{"type":"string"},"avatar":{"type":"object","properties":{"contentType":{"type":"string"},"image":{"type":"string","format":"byte"}}},"creditCard":{"type":"string"},"expoPushNotificationsToken":{"type":"string"}},"xml":{"name":"User"}},"noteReport":{"required":["noteId","reason"],"type":"object","properties":{"_id":{"type":"string"},"noteId":{"type":"string"},"reason":{"type":"string"},"description":{"type":"string"}},"xml":{"name":"noteReport"}},"appReport":{"required":["description","timestamp","type"],"type":"object","properties":{"_id":{"type":"string"},"type":{"type":"string"},"timestamp":{"type":"integer"},"description":{"type":"string"}},"xml":{"name":"appReport"}},"Order":{"required":["noteId","reason"],"type":"object","properties":{"userId":{"type":"string"},"noteId":{"type":"string"},"date":{"type":"integer"},"price":{"type":"string"}},"xml":{"name":"Order"}}},"requestBodies":{"User":{"description":"User object that needs to be added to the database","content":{"application/json":{"schema":{"$ref":"#/components/schemas/User"}}},"required":true}}}}