{"openapi":"3.0.0","info":{"title":"GetValorPatrimonialMercado","description":"Servicio que retorna el valor de los valores patrimonial y de mercado del titulo","version":"1"},"servers":[{"url":"https://virtserver.swaggerhub.com/Pei-AM/ServicioValoresPatrimonialyMercado/1","description":"SwaggerHub API Auto Mocking"}],"security":[{"bearerAuth":[]}],"paths":{"/ValorTitulos":{"get":{"description":"Servicio para exponer el valor del mercado y patrimonial del titulo al día de hoy","parameters":[{"name":"Fecha","in":"query","description":"Fecha de la consulta de los titulos","required":false,"style":"form","explode":true,"schema":{"type":"string","format":"date","example":"2017-07-21"}},{"name":"CodTitulo","in":"query","description":"Codigo del titulo a consultar","required":true,"style":"form","explode":true,"schema":{"type":"number","example":5874}}],"responses":{"200":{"description":"Consulta Exitosa","content":{"application/json":{"schema":{"type":"array","items":{"$ref":"#/components/schemas/RespuestaValores"}}}}},"400":{"description":"Error"},"404":{"description":"Valor del Titulo y del Patrimonio No encontrado"}}}}},"components":{"schemas":{"RespuestaValores":{"properties":{"ValorMercado":{"type":"number","example":213584652},"ValorPatrimonio":{"type":"number","example":621249651}}}},"securitySchemes":{"bearerAuth":{"type":"http","scheme":"bearer","bearerFormat":"JWT"}}}}