{"openapi":"3.0.0","info":{"title":"Thirdfort Integration API","description":"API for Thirdfort Integration","contact":{"name":"Advanced","url":"https://oneadvanced.com/contact-us","email":"api@oneadvanced.com"},"license":{"name":"Apache 2.0","url":"http://www.apache.org/licenses/LICENSE-2.0.html"},"version":"1.0","x-api-id":"38e30f61-9e7b-4b57-bf38-a9dbf91f471a","x-audience":["company-internal"]},"servers":[{"url":"https://virtserver.swaggerhub.com/PinkeshKhatri/AdvALBTFCreateInbox/1.0","description":"SwaggerHub API Auto Mocking"},{"url":"https://virtserver.swaggerhub.com/AdvancedComputerSoft/ThirdfortIntegration/1.0.0","description":"Thirdfort Integration API"}],"security":[{"basicAuth":[]}],"tags":[{"name":"InitiateTFTransaction","description":"Initiate Thirdfort Transaction."}],"paths":{"/transaction":{"post":{"tags":["transaction","IdentityChecks"],"summary":"Initiate Thirdfort Transaction.","description":"Initiate transaction to TF","operationId":"transaction","requestBody":{"description":"initiate transaction","content":{"application/json":{"schema":{"oneOf":[{"$ref":"#/components/schemas/transactionStandard"},{"$ref":"#/components/schemas/transactionOriginal"},{"$ref":"#/components/schemas/transactionLite"}]}}},"required":true},"responses":{"201":{"description":"CREATED","content":{"application/json":{"schema":{"$ref":"#/components/schemas/TransactionResponse"}}}},"400":{"description":"Bad Request","content":{"application/problem+json":{"schema":{"$ref":"#/components/schemas/ProblemDetailsModel"},"example":{"type":"https://oneadvanced.com/problem/400","title":"Bad Request","status":400,"detail":"The request is invalid.","issues":[{"fieldName":"fieldName","error":"This is the problem with the field"},{"fieldName":"fieldOther","error":"This is the problem with the field"}]}}}},"401":{"description":"Unauthorized","content":{"application/problem+json":{"schema":{"$ref":"#/components/schemas/ProblemDetailsModel"},"example":{"type":"https://oneadvanced.com/problem/401","title":"Unauthorized","status":401}}}},"403":{"description":"Forbidden","content":{"application/problem+json":{"schema":{"$ref":"#/components/schemas/ProblemDetailsModel"},"example":{"type":"https://oneadvanced.com/problem/403","title":"Forbidden","status":403}}}},"415":{"description":"Unsupported Media Type","content":{"application/problem+json":{"schema":{"$ref":"#/components/schemas/ProblemDetailsModel"},"example":{"type":"https://oneadvanced.com/problem/415","title":"Unsupported Media Type","status":415,"detail":"The request could not be completed due to the request body being formed of an unsupported media type. Only application/json is accepted by this API."}}}}}}},"/transaction/{transactionId}":{"patch":{"tags":["switch off ongoing monitoring"],"summary":"switch off ongoing monitoring.","description":"Switch-Off Ongoing monitoring","operationId":"SwitchOffOnGoingMonitoring","parameters":[{"name":"transactionId","in":"path","description":"ThirdfortTransactionID","required":true,"style":"simple","explode":false,"schema":{"type":"string","example":"674968897"}}],"responses":{"200":{"description":"OK","content":{"application/json":{"schema":{"$ref":"#/components/schemas/TransactionResponse"}}}},"400":{"description":"Bad Request","content":{"application/problem+json":{"schema":{"$ref":"#/components/schemas/ProblemDetailsModel"},"example":{"type":"https://oneadvanced.com/problem/400","title":"Bad Request","status":400,"detail":"The request is invalid.","issues":[{"fieldName":"fieldName","error":"This is the problem with the field"},{"fieldName":"fieldOther","error":"This is the problem with the field"}]}}}},"401":{"description":"Unauthorized","content":{"application/problem+json":{"schema":{"$ref":"#/components/schemas/ProblemDetailsModel"},"example":{"type":"https://oneadvanced.com/problem/401","title":"Unauthorized","status":401}}}},"403":{"description":"Forbidden","content":{"application/problem+json":{"schema":{"$ref":"#/components/schemas/ProblemDetailsModel"},"example":{"type":"https://oneadvanced.com/problem/403","title":"Forbidden","status":403}}}},"415":{"description":"Unsupported Media Type","content":{"application/problem+json":{"schema":{"$ref":"#/components/schemas/ProblemDetailsModel"},"example":{"type":"https://oneadvanced.com/problem/415","title":"Unsupported Media Type","status":415,"detail":"The request could not be completed due to the request body being formed of an unsupported media type. Only application/json is accepted by this API."}}}}}}}},"components":{"schemas":{"TransactionResponse":{"required":["transactionId"],"type":"object","properties":{"transactionId":{"type":"string","example":"674968897"}}},"transactionStandard":{"required":["bankStatement","earnerId","memberId","metadata","name","ongoingMonitoring","personTypeId","projectId","proofOfAddress","proofOfOwnership","ref","sourceOfFundQuestinnaire","standardRequest","typeId","userId"],"type":"object","properties":{"memberId":{"type":"string","example":"95F1D990-8B95-4FC6-94C4-921A081D3AFD"},"earnerId":{"type":"string","example":"9E1291B1-4748-41A5-81E7-ABA9EF353EC0"},"projectId":{"type":"string","example":"548E07C8-9CFB-436C-A4E2-2681543750E7"},"userId":{"type":"string","example":"674968897"},"personTypeId":{"type":"integer","example":1},"typeid":{"type":"integer","example":1},"proofOfAddress":{"type":"boolean","example":true},"proofOfOwnership":{"type":"boolean","example":true},"bankStatements":{"type":"boolean","example":true},"sourceOfFundsQuestionnaire":{"type":"boolean","example":true},"ongoingMonitoring":{"type":"boolean","example":true},"ref":{"type":"string","example":"R00001-0007"},"name":{"type":"string","example":"Mat 7"},"standardRequest":{"type":"object","properties":{"actor":{"type":"object","properties":{"name":{"type":"string","example":"Apoorva Ravi"},"phone":{"type":"string","example":"+917019355607"}}}}},"metadata":{"type":"object","properties":{"notify":{"type":"string","example":"inbox"},"data":{"type":"object","properties":{"id":{"type":"string","example":"c9ijd5i23akg00c3pbdg"}}}}}}},"transactionOriginal":{"required":["bankStatement","earnerId","memberId","metadata","name","ongoingMonitoring","personTypeId","projectId","proofOfAddress","proofOfOwnership","ref","sourceOfFundQuestinnaire","standardRequest","typeId","userId"],"type":"object","properties":{"memberId":{"type":"string","example":"95F1D990-8B95-4FC6-94C4-921A081D3AFD"},"earnerId":{"type":"string","example":"9E1291B1-4748-41A5-81E7-ABA9EF353EC0"},"projectId":{"type":"string","example":"548E07C8-9CFB-436C-A4E2-2681543750E7"},"userId":{"type":"string","example":"674968897"},"personTypeId":{"type":"integer","example":1},"typeid":{"type":"integer","example":1},"proofOfAddress":{"type":"boolean","example":true},"proofOfOwnership":{"type":"boolean","example":true},"bankStatements":{"type":"boolean","example":true},"sourceOfFundsQuestionnaire":{"type":"boolean","example":true},"ongoingMonitoring":{"type":"boolean","example":true},"ref":{"type":"string","example":"R00001-0007"},"name":{"type":"string","example":"Mat 7"},"standardRequest":{"type":"object","properties":{"actor":{"type":"object","properties":{"name":{"type":"string","example":"Apoorva Ravi"},"phone":{"type":"string","example":"+917019355607"}}}}},"metadata":{"type":"object","properties":{"notify":{"type":"string","example":"inbox"},"data":{"type":"object","properties":{"id":{"type":"string","example":"c9ijd5i23akg00c3pbdg"}}}}}}},"transactionLite":{"required":["bankStatement","earnerId","memberId","metadata","name","ongoingMonitoring","personTypeId","projectId","proofOfAddress","proofOfOwnership","ref","sourceOfFundQuestinnaire","standardRequest","typeId","userId"],"type":"object","properties":{"memberId":{"type":"string","example":"95F1D990-8B95-4FC6-94C4-921A081D3AFD"},"earnerId":{"type":"string","example":"9E1291B1-4748-41A5-81E7-ABA9EF353EC0"},"projectId":{"type":"string","example":"548E07C8-9CFB-436C-A4E2-2681543750E7"},"userId":{"type":"string","example":"674968897"},"personTypeId":{"type":"integer","example":1},"typeid":{"type":"integer","example":1},"proofOfAddress":{"type":"boolean","example":true},"proofOfOwnership":{"type":"boolean","example":true},"bankStatements":{"type":"boolean","example":true},"sourceOfFundsQuestionnaire":{"type":"boolean","example":true},"ongoingMonitoring":{"type":"boolean","example":true},"ref":{"type":"string","example":"R00001-0007"},"name":{"type":"string","example":"Mat 7"},"literequest":{"type":"object","properties":{"expectation":{"type":"object","properties":{"address":{"type":"object","properties":{"data":{"type":"object","properties":{"country":{"type":"string","example":"GBR"},"building_name":{"type":"string","example":"MADHURAM"},"building_number":{"type":"string","example":"C3"},"flat_number":{"type":"string","example":"FL1"},"postcode":{"type":"string","example":"AB37 9DP"},"street":{"type":"string","example":"street name"},"town":{"type":"string","example":"Ballindalloch"}}}}},"dob":{"type":"object","properties":{"data":{"type":"string","example":"1993-09-24T00:00:00.000Z"}}},"name":{"type":"object","properties":{"first":{"type":"string","example":"Joe"},"last":{"type":"string","example":"Bloggs"},"other":{"type":"string","example":"Tom"}}}}}}}}},"ProblemDetailsModel":{"required":["status","title","type"],"type":"object","properties":{"type":{"type":"string","description":"A type URI","format":"uri","example":"https://oneadvanced.com/problem/400"},"title":{"type":"string","description":"A short, human-readable summary of the problem type","example":"Bad Request"},"status":{"type":"integer","description":"The HTTP status code for this occurrence of the problem","format":"int32","example":400},"detail":{"type":"string","description":"A human-readable explanation specific to this occurrence of the problem","example":"The request is invalid."},"issues":{"type":"array","description":"A list of issues that exist with the request. Note this is an extension that is supported by the RFC but specific to Advanced.","example":[{"fieldName":"fieldName","error":"This is the problem with the field"},{"fieldName":"fieldOther","error":"This is the problem with the field"}],"items":{"type":"object","properties":{"fieldName":{"type":"string"},"error":{"type":"string"}}}},"instance":{"type":"string","description":"A URI reference that identifies the specific occurrence of the problem.  It may or may not yield further information if dereferenced","example":"https://oneadvanced.com/support/problem/74837463"}},"additionalProperties":false,"description":"Implementation of [RFC7807](https://tools.ietf.org/html/rfc7807) Problem Details object.  Content type should always be ```application/problem+json```.  Problem type definitions MAY extend the problem details object with additional members"}},"responses":{"Problem400Response":{"description":"Bad Request","content":{"application/problem+json":{"schema":{"$ref":"#/components/schemas/ProblemDetailsModel"},"example":{"type":"https://oneadvanced.com/problem/400","title":"Bad Request","status":400,"detail":"The request is invalid.","issues":[{"fieldName":"fieldName","error":"This is the problem with the field"},{"fieldName":"fieldOther","error":"This is the problem with the field"}]}}}},"Problem401Response":{"description":"Unauthorized","content":{"application/problem+json":{"schema":{"$ref":"#/components/schemas/ProblemDetailsModel"},"example":{"type":"https://oneadvanced.com/problem/401","title":"Unauthorized","status":401}}}},"Problem403Response":{"description":"Forbidden","content":{"application/problem+json":{"schema":{"$ref":"#/components/schemas/ProblemDetailsModel"},"example":{"type":"https://oneadvanced.com/problem/403","title":"Forbidden","status":403}}}},"Problem415Response":{"description":"Unsupported Media Type","content":{"application/problem+json":{"schema":{"$ref":"#/components/schemas/ProblemDetailsModel"},"example":{"type":"https://oneadvanced.com/problem/415","title":"Unsupported Media Type","status":415,"detail":"The request could not be completed due to the request body being formed of an unsupported media type. Only application/json is accepted by this API."}}}}},"securitySchemes":{"basicAuth":{"type":"http","scheme":"basic"}}}}