{"openapi":"3.0.0","info":{"title":"Polls Partner API","description":"","version":"1.0"},"servers":[{"url":"https://virtserver.swaggerhub.com/Polls/polls-partner-api/1.0","description":"SwaggerHub API Auto Mocking"}],"tags":[{"name":"info"},{"name":"polls"}],"paths":{"/info":{"get":{"tags":["info"],"summary":"Get info about the api","operationId":"getInfo","responses":{"200":{"description":"success","content":{"application/json":{"schema":{"$ref":"#/components/schemas/EndpointResponseGetInfo"}}}}}}},"/polls":{"post":{"tags":["polls"],"summary":"Create a new poll","operationId":"createPoll","requestBody":{"content":{"application/json":{"schema":{"required":["poll"],"type":"object","properties":{"poll":{"$ref":"#/components/schemas/RequestPoll"}},"additionalProperties":false}}}},"responses":{"200":{"description":"success","content":{"application/json":{"schema":{"$ref":"#/components/schemas/EndpointResponsePoll"}}}},"400":{"description":"The request does not meet the requirements. The error message should indicate what is wrong\n","content":{"application/json":{"schema":{"$ref":"#/components/schemas/ResponseError"}}}},"401":{"description":"The request was not properly authenticated, see documentation on authenticating with your API Key.\n","content":{"application/json":{"schema":{"$ref":"#/components/schemas/ResponseError"}}}},"403":{"description":"The currently authenticated partner does not have permission for this action on this resource. The error message should indicate which scenario has occured.\n","content":{"application/json":{"schema":{"$ref":"#/components/schemas/ResponseError"}}}},"404":{"description":"The specified resource was not found\n","content":{"application/json":{"schema":{"$ref":"#/components/schemas/ResponseError"}}}},"500":{"description":"A server error occurred\n","content":{"application/json":{"schema":{"$ref":"#/components/schemas/ResponseError"}}}}},"security":[{"auth":[]}]}},"/polls/{pollId}":{"get":{"tags":["polls"],"summary":"Get poll","operationId":"getPoll","parameters":[{"name":"pollId","in":"path","required":true,"style":"simple","explode":false,"schema":{"$ref":"#/components/schemas/PollId"}}],"responses":{"200":{"description":"success","content":{"application/json":{"schema":{"$ref":"#/components/schemas/EndpointResponsePoll"}}}},"400":{"description":"The request does not meet the requirements. The error message should indicate what is wrong\n","content":{"application/json":{"schema":{"$ref":"#/components/schemas/ResponseError"}}}},"404":{"description":"The specified resource was not found\n","content":{"application/json":{"schema":{"$ref":"#/components/schemas/ResponseError"}}}},"500":{"description":"A server error occurred\n","content":{"application/json":{"schema":{"$ref":"#/components/schemas/ResponseError"}}}}}}}},"components":{"schemas":{"EndpointResponseGetInfo":{"required":["info"],"type":"object","properties":{"info":{"$ref":"#/components/schemas/ResponseInfo"}},"additionalProperties":false},"EndpointResponsePoll":{"required":["poll"],"type":"object","properties":{"poll":{"$ref":"#/components/schemas/ResponsePoll"}},"additionalProperties":false},"ResponseInfo":{"required":["stage","version"],"type":"object","properties":{"version":{"$ref":"#/components/schemas/Version"},"stage":{"$ref":"#/components/schemas/Stage"}},"additionalProperties":false,"description":"### Structure for Info Model in API Responses"},"RequestPoll":{"required":["options","settings","title"],"type":"object","properties":{"settings":{"$ref":"#/components/schemas/PollSettings"},"title":{"$ref":"#/components/schemas/PollTitle"},"options":{"type":"array","items":{"$ref":"#/components/schemas/RequestPollOption"}}},"additionalProperties":false,"description":"### Structure for Poll Model in API Requests"},"ResponsePoll":{"required":["createdAt","id","minCompatibleVersion","options","settings","shareLink","timeZoneId","title","totalVoteCount","uniqueVoterCount","updatedAt","url","version"],"type":"object","properties":{"id":{"$ref":"#/components/schemas/PollId"},"url":{"$ref":"#/components/schemas/Url"},"shareLink":{"$ref":"#/components/schemas/Url"},"version":{"$ref":"#/components/schemas/PollVersion"},"minCompatibleVersion":{"$ref":"#/components/schemas/PollVersion"},"timeZoneId":{"$ref":"#/components/schemas/TimeZoneId"},"settings":{"$ref":"#/components/schemas/PollSettings"},"title":{"$ref":"#/components/schemas/PollTitle"},"options":{"type":"array","items":{"$ref":"#/components/schemas/ResponsePollOption"}},"totalVoteCount":{"type":"integer","example":460},"uniqueVoterCount":{"type":"integer","example":18},"createdAt":{"$ref":"#/components/schemas/Timestamp"},"updatedAt":{"$ref":"#/components/schemas/Timestamp"}},"additionalProperties":false,"description":"### Structure for Poll Model in API Responses"},"RequestPollOption":{"required":["title","type","url"],"type":"object","properties":{"url":{"$ref":"#/components/schemas/Url"},"type":{"type":"string","enum":["defaultTemplate"]},"title":{"$ref":"#/components/schemas/PollOptionTitle"},"subtitle":{"$ref":"#/components/schemas/PollOptionSubtitle"}},"additionalProperties":false,"description":"### Structure for Poll Option Model"},"ResponsePollOption":{"required":["createdAt","id","pollId","recentVotes","title","type","updatedAt","url","voteCount"],"type":"object","properties":{"id":{"$ref":"#/components/schemas/PollOptionId"},"pollId":{"$ref":"#/components/schemas/PollId"},"url":{"$ref":"#/components/schemas/Url"},"type":{"type":"string","enum":["defaultTemplate"]},"title":{"$ref":"#/components/schemas/PollOptionTitle"},"subtitle":{"$ref":"#/components/schemas/PollOptionSubtitle"},"bookingLink":{"$ref":"#/components/schemas/Url"},"voteCount":{"type":"array","items":{"$ref":"#/components/schemas/ResponseVoteCount"}},"recentVotes":{"type":"array","items":{"$ref":"#/components/schemas/ResponseVote"}},"createdAt":{"$ref":"#/components/schemas/Timestamp"},"updatedAt":{"$ref":"#/components/schemas/Timestamp"}},"additionalProperties":false,"description":"### Structure for Poll Option Model"},"ResponseVote":{"required":["createdAt","id","optionId","updatedAt","value","voter"],"type":"object","properties":{"id":{"$ref":"#/components/schemas/VoteId"},"voter":{"$ref":"#/components/schemas/ResponseVoter"},"optionId":{"$ref":"#/components/schemas/PollOptionId"},"value":{"$ref":"#/components/schemas/VoteValue"},"index":{"type":"integer","example":42},"createdAt":{"$ref":"#/components/schemas/Timestamp"},"updatedAt":{"$ref":"#/components/schemas/Timestamp"}},"additionalProperties":false,"description":"### Structure for Vote Model in API Responses"},"ResponseVoter":{"required":["id"],"type":"object","properties":{"id":{"$ref":"#/components/schemas/UserId"}},"additionalProperties":false,"description":"### Structure for Voter Model in API Responses"},"ResponseVoteCount":{"required":["count","value"],"type":"object","properties":{"value":{"$ref":"#/components/schemas/VoteValue"},"count":{"type":"integer","example":46}},"additionalProperties":false,"description":"### Structure for Vote Count in API Responses"},"PollVersion":{"maxLength":20,"minLength":1,"type":"string","example":"3.3"},"TimeZoneId":{"maxLength":200,"minLength":1,"type":"string","example":"America/New_York"},"Url":{"maxLength":3000,"minLength":1,"type":"string","format":"url","example":"https://example.com"},"PollTitle":{"maxLength":500,"minLength":1,"type":"string","example":"Which room should we book for the trip?"},"PollOptionTitle":{"maxLength":500,"minLength":1,"type":"string","example":"Ocean View Villa - Waikiki Beach Resort"},"PollOptionSubtitle":{"maxLength":500,"minLength":0,"type":"string","example":"Room 208 - Deluxe King Suite"},"VoteValue":{"maxLength":100,"minLength":1,"type":"string","example":"true"},"Version":{"maxLength":20,"minLength":1,"type":"string","description":"version number of the api","example":"v1"},"Stage":{"maxLength":100,"minLength":1,"type":"string","description":"the stage of the api (e.g. dev, staging, beta1, beta2, prod)","example":"prod"},"UserId":{"maxLength":200,"minLength":1,"type":"string","format":"uuid"},"PollId":{"maxLength":200,"minLength":1,"type":"string","format":"uuid"},"PollOptionId":{"maxLength":200,"minLength":1,"type":"string","format":"uuid"},"VoteId":{"maxLength":200,"minLength":1,"type":"string","format":"uuid"},"Timestamp":{"type":"string","format":"date-time","example":"2016-08-29T09:12:33.001Z"},"PollSettings":{"required":["multipleVotes"],"type":"object","properties":{"multipleVotes":{"type":"boolean","example":true}},"additionalProperties":false},"ResponseError":{"required":["message","statusCode"],"type":"object","properties":{"statusCode":{"type":"integer","example":400},"message":{"type":"string","example":"the message will contain a detailed explanation of the problem"}},"additionalProperties":false}},"responses":{"BadRequest":{"description":"The request does not meet the requirements. The error message should indicate what is wrong\n","content":{"application/json":{"schema":{"$ref":"#/components/schemas/ResponseError"}}}},"Unauthenticated":{"description":"The request was not properly authenticated, see documentation on authenticating with your API Key.\n","content":{"application/json":{"schema":{"$ref":"#/components/schemas/ResponseError"}}}},"Unauthorized":{"description":"The currently authenticated partner does not have permission for this action on this resource. The error message should indicate which scenario has occured.\n","content":{"application/json":{"schema":{"$ref":"#/components/schemas/ResponseError"}}}},"NotFound":{"description":"The specified resource was not found\n","content":{"application/json":{"schema":{"$ref":"#/components/schemas/ResponseError"}}}},"ServerError":{"description":"A server error occurred\n","content":{"application/json":{"schema":{"$ref":"#/components/schemas/ResponseError"}}}}},"parameters":{"PollIdParameter":{"name":"pollId","in":"path","required":true,"style":"simple","explode":false,"schema":{"$ref":"#/components/schemas/PollId"}}},"securitySchemes":{"auth":{"type":"apiKey","name":"x-api-key","in":"header"}}}}