{"openapi":"3.0.0","info":{"title":"ESGMetrics","description":"This is a simple API","contact":{"email":"khem.sharma@pimco.com"},"license":{"name":"Apache 2.0","url":"http://www.apache.org/licenses/LICENSE-2.0.html"},"version":"1.0.1"},"servers":[{"url":"/"}],"tags":[{"name":"data","description":"ESG metrics for accts and bogies"},{"name":"what-if","description":"What-If portfolio"}],"paths":{"/data/metrics_data":{"post":{"tags":["data"],"summary":"To get matrics data of accts send account number on acct_no key and for bogies on bogie_no key as mentioned in example.","requestBody":{"content":{"application/json":{"schema":{"$ref":"#/components/schemas/metricsData"},"examples":{"example1":{"value":{"start_date":"2022-apr-18","end_date":"2022-apr-18","acct_no":["700"],"query_type":"acct_agg"}},"example2":{"value":{"start_date":"2022-apr-18","end_date":"2022-apr-18","bogie_no":["72"],"query_type":"bogie_agg"}}}}},"required":true},"responses":{"200":{"description":"ok","content":{"application/json":{"schema":{"$ref":"#/components/schemas/EsgMetricsAcctOutput"}}}}}}},"/data/accts/{account_no}/asof-date/{asof_date}":{"get":{"tags":["data"],"summary":"eg:- /data/accts/700/asof_date/2022-apr-28 ,pass single and multiple accts and asof_date by comma seprated","parameters":[{"name":"account_no","in":"path","required":true,"style":"simple","explode":false,"schema":{"type":"number"}},{"name":"asof_date","in":"path","required":true,"style":"simple","explode":false,"schema":{"type":"string"}}],"responses":{"200":{"description":"ok","content":{"application/json":{"schema":{"type":"array","items":{"$ref":"#/components/schemas/EsgMetricsAcctOutput"}}}}}}}},"/data/bogies/{bogie_no}/asof-date/{asof_date}":{"get":{"tags":["data"],"summary":"eg:- /data/bogies/360/asof_date/2022-apr-28 ,pass single and multiple bogies and asof_date by comma seprated","parameters":[{"name":"bogie_no","in":"path","required":true,"style":"simple","explode":false,"schema":{"type":"number"}},{"name":"asof_date","in":"path","required":true,"style":"simple","explode":false,"schema":{"type":"string"}}],"responses":{"200":{"description":"ok","content":{"application/json":{"schema":{"type":"array","items":{"$ref":"#/components/schemas/EsgMetricsBogieOutput"}}}}}}}},"/data/what-if-portfolio":{"post":{"tags":["what-if"],"summary":"Post What-If","requestBody":{"content":{"application/json":{"schema":{"$ref":"#/components/schemas/whatIfAcctPayload"}}},"required":true},"responses":{"200":{"description":"Ok","content":{"application/json":{"schema":{"$ref":"#/components/schemas/EsgMetricsAcctOutput"}}}}}}}},"components":{"schemas":{"EsgMetricsAcctOutput":{"type":"object","properties":{"ACCT_NO":{"type":"number"},"DATES":{"type":"array","items":{"$ref":"#/components/schemas/MetricsMetaData"}},"LT":{"type":"string"}}},"EsgMetricsBogieOutput":{"type":"object","properties":{"BOGIE_NO":{"type":"number"},"DATES":{"type":"array","items":{"$ref":"#/components/schemas/MetricsMetaData"}},"LT":{"type":"string"}}},"MetricsMetaData":{"type":"object","properties":{"ASOF_DATE":{"type":"string"},"ESG_METRICS":{"$ref":"#/components/schemas/EsgMetrics"}}},"EsgMetrics":{"type":"object","properties":{"ISSUERS_CORP":{"type":"number"},"GREEN_BONDS":{"type":"number"},"SOCIAL_BONDS":{"type":"number"},"SUSTAINABLE_BONDS":{"type":"number"},"SUSTAINABLE_LINKED_BONDS":{"type":"number"},"UNLABELED_GREEN_BONDS":{"type":"number"},"CLIMATE_IMPROVER_BONDS":{"type":"number"},"CLIMATE_LAGGARD_BONDS":{"type":"number"},"CLIMATE_LEADER_BONDS":{"type":"number"},"CLIMATE_SOLUTIONS_BONDS":{"type":"number"},"FOSSIL_FUEL_BONDS":{"type":"number"},"UNCONV_FOSSIL_FUEL_BONDS":{"type":"number"},"TOTAL_BONDS":{"type":"number"},"GREEN_BONDS_PMV":{"type":"number"},"SOCIAL_BONDS_PMV":{"type":"number"},"SUSTAINABLE_BONDS_PMV":{"type":"number"},"SUSTAINABLE_LINKED_BONDS_PMV":{"type":"number"},"UNLABELED_GREEN_BONDS_PMV":{"type":"number"},"CLIMATE_IMPROVER_BONDS_PMV":{"type":"number"},"CLIMATE_LAGGARD_BONDS_PMV":{"type":"number"},"CLIMATE_LEADER_BONDS_PMV":{"type":"number"},"CLIMATE_SOLUTIONS_BONDS_PMV":{"type":"number"},"PARIS_ALIGNMENT_BONDS_PMV":{"type":"number"},"CARBON_SENSITIVE_SECTOR_PMV":{"type":"number"},"FOSSIL_FUEL_PMV":{"type":"number"},"UNCONV_FOSSIL_FUEL_PMV":{"type":"number"},"RESERVE_TA_PMV":{"type":"number"},"TOTAL_PMV":{"type":"number"},"SBT_TARGETS_SET_PMV":{"type":"number"},"SBT_COMMITED_PMV":{"type":"number"},"SBT_TARGETS_SET_PMV_CORP":{"type":"number"},"SBT_COMMITED_SET_PMV_CORP":{"type":"number"},"SBT_PMV_CORP":{"type":"number"},"AE_PMV":{"type":"number"},"ALC_PMV":{"type":"number"},"GAM_PMV":{"type":"number"},"TOB_PMV":{"type":"number"},"UNGC_PMV":{"type":"number"},"WEAP_PMV":{"type":"number"},"THERMALOCAL_PMV":{"type":"number"},"OILGAS_PMV":{"type":"number"},"ENVIRONMENTAL_PILLAR_SCORE":{"type":"number"},"GOVERNANCE_PILLAR_SCORE":{"type":"number"},"SOCIAL_PILLAR_SCORE":{"type":"number"},"WEIGHTED_AVG_SCORE":{"type":"number"},"ESG_SCORE_PMV":{"type":"number"},"MSCI_ESG_SCORE":{"type":"number"},"ESG_SCORE_PMV_CORP":{"type":"number"},"MSCI_ESG_SCORE_CORP":{"type":"number"},"PIMCO_ESG_SCORE_PMV":{"type":"number"},"PIMCO_ESG_SCORE":{"type":"number"},"PIMCO_ESG_SCORE_PMV_CORP":{"type":"number"},"PIMCO_ESG_SCORE_CORP":{"type":"number"},"PIMCO_E_SCORE":{"type":"number"},"PIMCO_S_SCORE":{"type":"number"},"PIMCO_G_SCORE":{"type":"number"},"CARB_INTENSITY_GB_ADJ":{"type":"number"},"CARB_INTENSITY_GB_ADJ_EX_UTIL":{"type":"number"},"CARB_INTENSITY_GB_ADJ_UTIL":{"type":"number"},"CARB_INTENSITY_GB_ADJ_CORP":{"type":"number"},"CARB_EMISN_SCOPE_1_GB_ADJ":{"type":"number"},"CARB_EMISN_SCOPE_2_GB_ADJ":{"type":"number"},"CARB_EMISN_SCOPE_3_GB_ADJ":{"type":"number"},"CARB_EMISN_SCOPE_12_GB_ADJ":{"type":"number"},"CARB_EMISN_SCOPE_1_GB_ADJ_CORP":{"type":"number"},"CARB_EMISN_SCOPE_2_GB_ADJ_CORP":{"type":"number"},"CARB_EMISN_SCOPE_3_GB_ADJ_CORP":{"type":"number"},"CARB_EMISN_SCOPE_12_GB_ADJ_CORP":{"type":"number"},"OWNED_EMISSIONS":{"type":"number"},"CE_UNIVERSE":{"type":"number"},"DATA_COVERAGE":{"type":"number"},"ADJUSTED_PAR_COVERAGE":{"type":"number"},"RESERVE_TA":{"type":"number"},"GENERAT_HYDRO_PCT":{"type":"number"},"GENERAT_LIQUID_FUEL_PCT":{"type":"number"},"GENERAT_NATURAL_GAS_PCT":{"type":"number"},"GENERAT_NUCLEAR_PCT":{"type":"number"},"GENERAT_RENEWABLES_PCT":{"type":"number"},"GENERAT_THERMAL_COAL_PCT":{"type":"number"},"GENERAT_TOT":{"type":"number"},"TRAN_RISK_EXPOSURE_SCOR":{"type":"number"},"ABS_READIN_SCORE":{"type":"number"},"ABS_CLIMATE_TRANSIT_SCOR":{"type":"number"},"SNF_INSERT_BY":{"type":"string"},"SNF_INSERT_DATE":{"type":"string"},"SNF_UPDATE_BY":{"type":"string"},"SNF_UPDATE_DATE\"":{"type":"string"},"MKT_VALUE":{"type":"number"},"MKT_VALUE_COVERAGE":{"type":"number"},"FOOTPRINT":{"type":"number"}}},"whatIfAcctPayload":{"type":"object","properties":{"query_type":{"type":"string","enum":["acct_agg","acct_nonagg"]},"inputs":{"type":"array","items":{"type":"object","properties":{"ACCT_NO":{"type":"number"},"SSM_ID":{"type":"string"},"ASOF_DATE":{"type":"string"},"A4":{"type":"number"},"A26":{"type":"number"},"A274":{"type":"number"},"A240":{"type":"number"},"A14":{"type":"number"},"A27":{"type":"number"},"A29":{"type":"number"},"A379":{"type":"number"},"A143":{"type":"number"},"A92":{"type":"number"},"A214":{"type":"number"},"A2":{"type":"number"},"A3":{"type":"number"}}}}}},"metricsData":{"type":"object","properties":{"start_date":{"type":"string"},"end_date":{"type":"string"},"acct_no":{"type":"array","items":{"type":"string"}},"query_type":{"type":"string","enum":["acct_agg","acct_nonagg","bogie_agg","bogie_nonagg"]}}}}}}