{
  "openapi": "3.0.3",
  "info": {
    "title": "Paylab Public API",
    "description": "API for salary data from Paylab.com\n\nTo access our API, use URL prefix https://www.paylab.com/paylab_api/v1/\n\nAPI allows you to get salary data for most of countries in the world and in the scope according the plan which you choose.\n\nThe results are precomputed with statistical models, and updates are done depending on new respondents.\n\nThe results are working with total monthly salaries. Generally, we are publishing gross salary except of these countries, where it is net: Bosnia and Herzegovina, Croatia, Estonia, Latvia, Lithuania, North Macedonia, Romania, Serbia and Uzbekistan.\n\nDefault currency in results is always local currency of the requested country. With the optional 'currency' parameter, data can be requested calculated with current exchange rate.\n",
    "version": "1.2"
  },
  "servers": [
    {
      "url": "https://paylab.com/paylab_api/v1",
      "description": "Production server"
    }
  ],
  "security": [
    {
      "TokenAuth": []
    }
  ],
  "paths": {
    "/countries": {
      "get": {
        "summary": "List of available countries",
        "parameters": [
          {
            "name": "Accept-Language",
            "in": "header",
            "required": false,
            "style": "simple",
            "explode": false,
            "schema": {
              "type": "string",
              "example": "fr;en;de",
              "default": "en"
            }
          },
          {
            "name": "lang",
            "in": "query",
            "required": false,
            "style": "form",
            "explode": true,
            "schema": {
              "type": "string",
              "example": "en"
            }
          }
        ],
        "responses": {
          "200": {
            "description": "OK",
            "headers": {
              "X-Rate-Limit-Limit": {
                "description": "The number of allowed requests in the current period",
                "style": "simple",
                "explode": false,
                "schema": {
                  "type": "integer"
                }
              },
              "X-Rate-Limit-Remaining": {
                "description": "The number of remaining requests in the current period",
                "style": "simple",
                "explode": false,
                "schema": {
                  "type": "integer"
                }
              },
              "X-Rate-Limit-Reset": {
                "description": "Timestamp of the end of the current period",
                "style": "simple",
                "explode": false,
                "schema": {
                  "type": "integer"
                }
              }
            },
            "content": {
              "application/hal+json": {
                "schema": {
                  "$ref": "#/components/schemas/inline_response_200"
                }
              }
            }
          },
          "401": {
            "description": "Bad request",
            "headers": {
              "X-Rate-Limit-Limit": {
                "description": "The number of allowed requests in the current period",
                "style": "simple",
                "explode": false,
                "schema": {
                  "type": "integer"
                }
              },
              "X-Rate-Limit-Remaining": {
                "description": "The number of remaining requests in the current period",
                "style": "simple",
                "explode": false,
                "schema": {
                  "type": "integer"
                }
              },
              "X-Rate-Limit-Reset": {
                "description": "Timestamp of the end of the current period",
                "style": "simple",
                "explode": false,
                "schema": {
                  "type": "integer"
                }
              }
            },
            "content": {
              "application/vnd.error+json": {
                "schema": {
                  "$ref": "#/components/schemas/GenericError"
                }
              }
            }
          },
          "403": {
            "description": "Bad request",
            "headers": {
              "X-Rate-Limit-Limit": {
                "description": "The number of allowed requests in the current period",
                "style": "simple",
                "explode": false,
                "schema": {
                  "type": "integer"
                }
              },
              "X-Rate-Limit-Remaining": {
                "description": "The number of remaining requests in the current period",
                "style": "simple",
                "explode": false,
                "schema": {
                  "type": "integer"
                }
              },
              "X-Rate-Limit-Reset": {
                "description": "Timestamp of the end of the current period",
                "style": "simple",
                "explode": false,
                "schema": {
                  "type": "integer"
                }
              }
            },
            "content": {
              "application/vnd.error+json": {
                "schema": {
                  "$ref": "#/components/schemas/GenericError"
                }
              }
            }
          },
          "429": {
            "description": "Bad request",
            "headers": {
              "X-Rate-Limit-Limit": {
                "description": "The number of allowed requests in the current period",
                "style": "simple",
                "explode": false,
                "schema": {
                  "type": "integer"
                }
              },
              "X-Rate-Limit-Remaining": {
                "description": "The number of remaining requests in the current period",
                "style": "simple",
                "explode": false,
                "schema": {
                  "type": "integer"
                }
              },
              "X-Rate-Limit-Reset": {
                "description": "Timestamp of the end of the current period",
                "style": "simple",
                "explode": false,
                "schema": {
                  "type": "integer"
                }
              }
            },
            "content": {
              "application/vnd.error+json": {
                "schema": {
                  "$ref": "#/components/schemas/GenericError"
                }
              }
            }
          },
          "5XX": {
            "description": "Bad request",
            "headers": {
              "X-Rate-Limit-Limit": {
                "description": "The number of allowed requests in the current period",
                "style": "simple",
                "explode": false,
                "schema": {
                  "type": "integer"
                }
              },
              "X-Rate-Limit-Remaining": {
                "description": "The number of remaining requests in the current period",
                "style": "simple",
                "explode": false,
                "schema": {
                  "type": "integer"
                }
              },
              "X-Rate-Limit-Reset": {
                "description": "Timestamp of the end of the current period",
                "style": "simple",
                "explode": false,
                "schema": {
                  "type": "integer"
                }
              }
            },
            "content": {
              "application/vnd.error+json": {
                "schema": {
                  "$ref": "#/components/schemas/GenericError"
                }
              }
            }
          }
        }
      }
    },
    "/currencies": {
      "get": {
        "summary": "List of available currencies",
        "parameters": [
          {
            "name": "Accept-Language",
            "in": "header",
            "required": false,
            "style": "simple",
            "explode": false,
            "schema": {
              "type": "string",
              "example": "fr;en;de",
              "default": "en"
            }
          },
          {
            "name": "lang",
            "in": "query",
            "required": false,
            "style": "form",
            "explode": true,
            "schema": {
              "type": "string",
              "example": "en"
            }
          }
        ],
        "responses": {
          "200": {
            "description": "OK",
            "headers": {
              "X-Rate-Limit-Limit": {
                "description": "The number of allowed requests in the current period",
                "style": "simple",
                "explode": false,
                "schema": {
                  "type": "integer"
                }
              },
              "X-Rate-Limit-Remaining": {
                "description": "The number of remaining requests in the current period",
                "style": "simple",
                "explode": false,
                "schema": {
                  "type": "integer"
                }
              },
              "X-Rate-Limit-Reset": {
                "description": "Timestamp of the end of the current period",
                "style": "simple",
                "explode": false,
                "schema": {
                  "type": "integer"
                }
              }
            },
            "content": {
              "application/hal+json": {
                "schema": {
                  "$ref": "#/components/schemas/inline_response_200_1"
                }
              }
            }
          },
          "401": {
            "description": "Bad request",
            "headers": {
              "X-Rate-Limit-Limit": {
                "description": "The number of allowed requests in the current period",
                "style": "simple",
                "explode": false,
                "schema": {
                  "type": "integer"
                }
              },
              "X-Rate-Limit-Remaining": {
                "description": "The number of remaining requests in the current period",
                "style": "simple",
                "explode": false,
                "schema": {
                  "type": "integer"
                }
              },
              "X-Rate-Limit-Reset": {
                "description": "Timestamp of the end of the current period",
                "style": "simple",
                "explode": false,
                "schema": {
                  "type": "integer"
                }
              }
            },
            "content": {
              "application/vnd.error+json": {
                "schema": {
                  "$ref": "#/components/schemas/GenericError"
                }
              }
            }
          },
          "403": {
            "description": "Bad request",
            "headers": {
              "X-Rate-Limit-Limit": {
                "description": "The number of allowed requests in the current period",
                "style": "simple",
                "explode": false,
                "schema": {
                  "type": "integer"
                }
              },
              "X-Rate-Limit-Remaining": {
                "description": "The number of remaining requests in the current period",
                "style": "simple",
                "explode": false,
                "schema": {
                  "type": "integer"
                }
              },
              "X-Rate-Limit-Reset": {
                "description": "Timestamp of the end of the current period",
                "style": "simple",
                "explode": false,
                "schema": {
                  "type": "integer"
                }
              }
            },
            "content": {
              "application/vnd.error+json": {
                "schema": {
                  "$ref": "#/components/schemas/GenericError"
                }
              }
            }
          },
          "429": {
            "description": "Bad request",
            "headers": {
              "X-Rate-Limit-Limit": {
                "description": "The number of allowed requests in the current period",
                "style": "simple",
                "explode": false,
                "schema": {
                  "type": "integer"
                }
              },
              "X-Rate-Limit-Remaining": {
                "description": "The number of remaining requests in the current period",
                "style": "simple",
                "explode": false,
                "schema": {
                  "type": "integer"
                }
              },
              "X-Rate-Limit-Reset": {
                "description": "Timestamp of the end of the current period",
                "style": "simple",
                "explode": false,
                "schema": {
                  "type": "integer"
                }
              }
            },
            "content": {
              "application/vnd.error+json": {
                "schema": {
                  "$ref": "#/components/schemas/GenericError"
                }
              }
            }
          },
          "5XX": {
            "description": "Bad request",
            "headers": {
              "X-Rate-Limit-Limit": {
                "description": "The number of allowed requests in the current period",
                "style": "simple",
                "explode": false,
                "schema": {
                  "type": "integer"
                }
              },
              "X-Rate-Limit-Remaining": {
                "description": "The number of remaining requests in the current period",
                "style": "simple",
                "explode": false,
                "schema": {
                  "type": "integer"
                }
              },
              "X-Rate-Limit-Reset": {
                "description": "Timestamp of the end of the current period",
                "style": "simple",
                "explode": false,
                "schema": {
                  "type": "integer"
                }
              }
            },
            "content": {
              "application/vnd.error+json": {
                "schema": {
                  "$ref": "#/components/schemas/GenericError"
                }
              }
            }
          }
        }
      }
    },
    "/category_positions": {
      "get": {
        "summary": "List of available category-positions",
        "description": "Every job title is defined as combination of position and category, where this position belong. That is why we call it category-position (catpos). For example 2c1 means Administrative worker (1) in category Administration (2)\n",
        "parameters": [
          {
            "name": "Accept-Language",
            "in": "header",
            "required": false,
            "style": "simple",
            "explode": false,
            "schema": {
              "type": "string",
              "example": "fr;en;de",
              "default": "en"
            }
          },
          {
            "name": "lang",
            "in": "query",
            "required": false,
            "style": "form",
            "explode": true,
            "schema": {
              "type": "string",
              "example": "en"
            }
          }
        ],
        "responses": {
          "200": {
            "description": "OK",
            "headers": {
              "X-Rate-Limit-Limit": {
                "description": "The number of allowed requests in the current period",
                "style": "simple",
                "explode": false,
                "schema": {
                  "type": "integer"
                }
              },
              "X-Rate-Limit-Remaining": {
                "description": "The number of remaining requests in the current period",
                "style": "simple",
                "explode": false,
                "schema": {
                  "type": "integer"
                }
              },
              "X-Rate-Limit-Reset": {
                "description": "Timestamp of the end of the current period",
                "style": "simple",
                "explode": false,
                "schema": {
                  "type": "integer"
                }
              }
            },
            "content": {
              "application/hal+json": {
                "schema": {
                  "$ref": "#/components/schemas/inline_response_200_2"
                }
              }
            }
          },
          "401": {
            "description": "Bad request",
            "headers": {
              "X-Rate-Limit-Limit": {
                "description": "The number of allowed requests in the current period",
                "style": "simple",
                "explode": false,
                "schema": {
                  "type": "integer"
                }
              },
              "X-Rate-Limit-Remaining": {
                "description": "The number of remaining requests in the current period",
                "style": "simple",
                "explode": false,
                "schema": {
                  "type": "integer"
                }
              },
              "X-Rate-Limit-Reset": {
                "description": "Timestamp of the end of the current period",
                "style": "simple",
                "explode": false,
                "schema": {
                  "type": "integer"
                }
              }
            },
            "content": {
              "application/vnd.error+json": {
                "schema": {
                  "$ref": "#/components/schemas/GenericError"
                }
              }
            }
          },
          "403": {
            "description": "Bad request",
            "headers": {
              "X-Rate-Limit-Limit": {
                "description": "The number of allowed requests in the current period",
                "style": "simple",
                "explode": false,
                "schema": {
                  "type": "integer"
                }
              },
              "X-Rate-Limit-Remaining": {
                "description": "The number of remaining requests in the current period",
                "style": "simple",
                "explode": false,
                "schema": {
                  "type": "integer"
                }
              },
              "X-Rate-Limit-Reset": {
                "description": "Timestamp of the end of the current period",
                "style": "simple",
                "explode": false,
                "schema": {
                  "type": "integer"
                }
              }
            },
            "content": {
              "application/vnd.error+json": {
                "schema": {
                  "$ref": "#/components/schemas/GenericError"
                }
              }
            }
          },
          "429": {
            "description": "Bad request",
            "headers": {
              "X-Rate-Limit-Limit": {
                "description": "The number of allowed requests in the current period",
                "style": "simple",
                "explode": false,
                "schema": {
                  "type": "integer"
                }
              },
              "X-Rate-Limit-Remaining": {
                "description": "The number of remaining requests in the current period",
                "style": "simple",
                "explode": false,
                "schema": {
                  "type": "integer"
                }
              },
              "X-Rate-Limit-Reset": {
                "description": "Timestamp of the end of the current period",
                "style": "simple",
                "explode": false,
                "schema": {
                  "type": "integer"
                }
              }
            },
            "content": {
              "application/vnd.error+json": {
                "schema": {
                  "$ref": "#/components/schemas/GenericError"
                }
              }
            }
          },
          "5XX": {
            "description": "Bad request",
            "headers": {
              "X-Rate-Limit-Limit": {
                "description": "The number of allowed requests in the current period",
                "style": "simple",
                "explode": false,
                "schema": {
                  "type": "integer"
                }
              },
              "X-Rate-Limit-Remaining": {
                "description": "The number of remaining requests in the current period",
                "style": "simple",
                "explode": false,
                "schema": {
                  "type": "integer"
                }
              },
              "X-Rate-Limit-Reset": {
                "description": "Timestamp of the end of the current period",
                "style": "simple",
                "explode": false,
                "schema": {
                  "type": "integer"
                }
              }
            },
            "content": {
              "application/vnd.error+json": {
                "schema": {
                  "$ref": "#/components/schemas/GenericError"
                }
              }
            }
          }
        }
      }
    },
    "/country/{country}/category_positions": {
      "get": {
        "summary": "List of category-positions for country with available quality",
        "description": "Parameter quality is a floating point number, that represents how trustworthy are computed data. As a minimum usable quality is considered '0'. Negative numbers are not trustworthy.\n",
        "parameters": [
          {
            "name": "Accept-Language",
            "in": "header",
            "required": false,
            "style": "simple",
            "explode": false,
            "schema": {
              "type": "string",
              "example": "fr;en;de",
              "default": "en"
            }
          },
          {
            "name": "lang",
            "in": "query",
            "required": false,
            "style": "form",
            "explode": true,
            "schema": {
              "type": "string",
              "example": "en"
            }
          },
          {
            "name": "country",
            "in": "path",
            "description": "Country ID",
            "required": true,
            "style": "simple",
            "explode": false,
            "schema": {
              "type": "integer",
              "example": 9
            }
          }
        ],
        "responses": {
          "200": {
            "description": "OK",
            "headers": {
              "X-Rate-Limit-Limit": {
                "description": "The number of allowed requests in the current period",
                "style": "simple",
                "explode": false,
                "schema": {
                  "type": "integer"
                }
              },
              "X-Rate-Limit-Remaining": {
                "description": "The number of remaining requests in the current period",
                "style": "simple",
                "explode": false,
                "schema": {
                  "type": "integer"
                }
              },
              "X-Rate-Limit-Reset": {
                "description": "Timestamp of the end of the current period",
                "style": "simple",
                "explode": false,
                "schema": {
                  "type": "integer"
                }
              }
            },
            "content": {
              "application/hal+json": {
                "schema": {
                  "$ref": "#/components/schemas/inline_response_200_3"
                }
              }
            }
          },
          "401": {
            "description": "Bad request",
            "headers": {
              "X-Rate-Limit-Limit": {
                "description": "The number of allowed requests in the current period",
                "style": "simple",
                "explode": false,
                "schema": {
                  "type": "integer"
                }
              },
              "X-Rate-Limit-Remaining": {
                "description": "The number of remaining requests in the current period",
                "style": "simple",
                "explode": false,
                "schema": {
                  "type": "integer"
                }
              },
              "X-Rate-Limit-Reset": {
                "description": "Timestamp of the end of the current period",
                "style": "simple",
                "explode": false,
                "schema": {
                  "type": "integer"
                }
              }
            },
            "content": {
              "application/vnd.error+json": {
                "schema": {
                  "$ref": "#/components/schemas/GenericError"
                }
              }
            }
          },
          "403": {
            "description": "Bad request",
            "headers": {
              "X-Rate-Limit-Limit": {
                "description": "The number of allowed requests in the current period",
                "style": "simple",
                "explode": false,
                "schema": {
                  "type": "integer"
                }
              },
              "X-Rate-Limit-Remaining": {
                "description": "The number of remaining requests in the current period",
                "style": "simple",
                "explode": false,
                "schema": {
                  "type": "integer"
                }
              },
              "X-Rate-Limit-Reset": {
                "description": "Timestamp of the end of the current period",
                "style": "simple",
                "explode": false,
                "schema": {
                  "type": "integer"
                }
              }
            },
            "content": {
              "application/vnd.error+json": {
                "schema": {
                  "$ref": "#/components/schemas/GenericError"
                }
              }
            }
          },
          "404": {
            "description": "Bad request",
            "headers": {
              "X-Rate-Limit-Limit": {
                "description": "The number of allowed requests in the current period",
                "style": "simple",
                "explode": false,
                "schema": {
                  "type": "integer"
                }
              },
              "X-Rate-Limit-Remaining": {
                "description": "The number of remaining requests in the current period",
                "style": "simple",
                "explode": false,
                "schema": {
                  "type": "integer"
                }
              },
              "X-Rate-Limit-Reset": {
                "description": "Timestamp of the end of the current period",
                "style": "simple",
                "explode": false,
                "schema": {
                  "type": "integer"
                }
              }
            },
            "content": {
              "application/vnd.error+json": {
                "schema": {
                  "$ref": "#/components/schemas/GenericError"
                }
              }
            }
          },
          "429": {
            "description": "Bad request",
            "headers": {
              "X-Rate-Limit-Limit": {
                "description": "The number of allowed requests in the current period",
                "style": "simple",
                "explode": false,
                "schema": {
                  "type": "integer"
                }
              },
              "X-Rate-Limit-Remaining": {
                "description": "The number of remaining requests in the current period",
                "style": "simple",
                "explode": false,
                "schema": {
                  "type": "integer"
                }
              },
              "X-Rate-Limit-Reset": {
                "description": "Timestamp of the end of the current period",
                "style": "simple",
                "explode": false,
                "schema": {
                  "type": "integer"
                }
              }
            },
            "content": {
              "application/vnd.error+json": {
                "schema": {
                  "$ref": "#/components/schemas/GenericError"
                }
              }
            }
          },
          "5XX": {
            "description": "Bad request",
            "headers": {
              "X-Rate-Limit-Limit": {
                "description": "The number of allowed requests in the current period",
                "style": "simple",
                "explode": false,
                "schema": {
                  "type": "integer"
                }
              },
              "X-Rate-Limit-Remaining": {
                "description": "The number of remaining requests in the current period",
                "style": "simple",
                "explode": false,
                "schema": {
                  "type": "integer"
                }
              },
              "X-Rate-Limit-Reset": {
                "description": "Timestamp of the end of the current period",
                "style": "simple",
                "explode": false,
                "schema": {
                  "type": "integer"
                }
              }
            },
            "content": {
              "application/vnd.error+json": {
                "schema": {
                  "$ref": "#/components/schemas/GenericError"
                }
              }
            }
          }
        }
      }
    },
    "/country/{country}/category_position/{catpos}/basic": {
      "get": {
        "summary": "Basic detail for catpos in country",
        "description": "Basic results contains 1st decile and 9th decile of total monthly salary.\n",
        "parameters": [
          {
            "name": "catpos",
            "in": "path",
            "description": "Category-position code",
            "required": true,
            "style": "simple",
            "explode": false,
            "schema": {
              "type": "string",
              "example": "102c5"
            }
          },
          {
            "name": "country",
            "in": "path",
            "description": "Country ID",
            "required": true,
            "style": "simple",
            "explode": false,
            "schema": {
              "type": "integer",
              "example": 9
            }
          },
          {
            "name": "currency",
            "in": "query",
            "required": false,
            "style": "form",
            "explode": true,
            "schema": {
              "type": "string",
              "example": "EUR"
            }
          }
        ],
        "responses": {
          "200": {
            "description": "OK",
            "headers": {
              "X-Rate-Limit-Limit": {
                "description": "The number of allowed requests in the current period",
                "style": "simple",
                "explode": false,
                "schema": {
                  "type": "integer"
                }
              },
              "X-Rate-Limit-Remaining": {
                "description": "The number of remaining requests in the current period",
                "style": "simple",
                "explode": false,
                "schema": {
                  "type": "integer"
                }
              },
              "X-Rate-Limit-Reset": {
                "description": "Timestamp of the end of the current period",
                "style": "simple",
                "explode": false,
                "schema": {
                  "type": "integer"
                }
              }
            },
            "content": {
              "application/hal+json": {
                "schema": {
                  "$ref": "#/components/schemas/CatposDetailBasic"
                }
              }
            }
          },
          "401": {
            "description": "Bad request",
            "headers": {
              "X-Rate-Limit-Limit": {
                "description": "The number of allowed requests in the current period",
                "style": "simple",
                "explode": false,
                "schema": {
                  "type": "integer"
                }
              },
              "X-Rate-Limit-Remaining": {
                "description": "The number of remaining requests in the current period",
                "style": "simple",
                "explode": false,
                "schema": {
                  "type": "integer"
                }
              },
              "X-Rate-Limit-Reset": {
                "description": "Timestamp of the end of the current period",
                "style": "simple",
                "explode": false,
                "schema": {
                  "type": "integer"
                }
              }
            },
            "content": {
              "application/vnd.error+json": {
                "schema": {
                  "$ref": "#/components/schemas/GenericError"
                }
              }
            }
          },
          "403": {
            "description": "Bad request",
            "headers": {
              "X-Rate-Limit-Limit": {
                "description": "The number of allowed requests in the current period",
                "style": "simple",
                "explode": false,
                "schema": {
                  "type": "integer"
                }
              },
              "X-Rate-Limit-Remaining": {
                "description": "The number of remaining requests in the current period",
                "style": "simple",
                "explode": false,
                "schema": {
                  "type": "integer"
                }
              },
              "X-Rate-Limit-Reset": {
                "description": "Timestamp of the end of the current period",
                "style": "simple",
                "explode": false,
                "schema": {
                  "type": "integer"
                }
              }
            },
            "content": {
              "application/vnd.error+json": {
                "schema": {
                  "$ref": "#/components/schemas/GenericError"
                }
              }
            }
          },
          "404": {
            "description": "Bad request",
            "headers": {
              "X-Rate-Limit-Limit": {
                "description": "The number of allowed requests in the current period",
                "style": "simple",
                "explode": false,
                "schema": {
                  "type": "integer"
                }
              },
              "X-Rate-Limit-Remaining": {
                "description": "The number of remaining requests in the current period",
                "style": "simple",
                "explode": false,
                "schema": {
                  "type": "integer"
                }
              },
              "X-Rate-Limit-Reset": {
                "description": "Timestamp of the end of the current period",
                "style": "simple",
                "explode": false,
                "schema": {
                  "type": "integer"
                }
              }
            },
            "content": {
              "application/vnd.error+json": {
                "schema": {
                  "$ref": "#/components/schemas/GenericError"
                }
              }
            }
          },
          "429": {
            "description": "Bad request",
            "headers": {
              "X-Rate-Limit-Limit": {
                "description": "The number of allowed requests in the current period",
                "style": "simple",
                "explode": false,
                "schema": {
                  "type": "integer"
                }
              },
              "X-Rate-Limit-Remaining": {
                "description": "The number of remaining requests in the current period",
                "style": "simple",
                "explode": false,
                "schema": {
                  "type": "integer"
                }
              },
              "X-Rate-Limit-Reset": {
                "description": "Timestamp of the end of the current period",
                "style": "simple",
                "explode": false,
                "schema": {
                  "type": "integer"
                }
              }
            },
            "content": {
              "application/vnd.error+json": {
                "schema": {
                  "$ref": "#/components/schemas/GenericError"
                }
              }
            }
          },
          "5XX": {
            "description": "Bad request",
            "headers": {
              "X-Rate-Limit-Limit": {
                "description": "The number of allowed requests in the current period",
                "style": "simple",
                "explode": false,
                "schema": {
                  "type": "integer"
                }
              },
              "X-Rate-Limit-Remaining": {
                "description": "The number of remaining requests in the current period",
                "style": "simple",
                "explode": false,
                "schema": {
                  "type": "integer"
                }
              },
              "X-Rate-Limit-Reset": {
                "description": "Timestamp of the end of the current period",
                "style": "simple",
                "explode": false,
                "schema": {
                  "type": "integer"
                }
              }
            },
            "content": {
              "application/vnd.error+json": {
                "schema": {
                  "$ref": "#/components/schemas/GenericError"
                }
              }
            }
          }
        }
      }
    },
    "/country/{country}/category_position/{catpos}/advanced": {
      "get": {
        "summary": "Advanced detail for catpos in country",
        "description": "Advanced results contains salary data for all standard percentiles: 1st decile, 1st quartile, median, 3rd quartile and 9th decile and average salarye of total monthly salary. Data are available for selected positon and country.\n",
        "parameters": [
          {
            "name": "catpos",
            "in": "path",
            "description": "Category-position code",
            "required": true,
            "style": "simple",
            "explode": false,
            "schema": {
              "type": "string",
              "example": "102c5"
            }
          },
          {
            "name": "country",
            "in": "path",
            "description": "Country ID",
            "required": true,
            "style": "simple",
            "explode": false,
            "schema": {
              "type": "integer",
              "example": 9
            }
          },
          {
            "name": "currency",
            "in": "query",
            "required": false,
            "style": "form",
            "explode": true,
            "schema": {
              "type": "string",
              "example": "EUR"
            }
          }
        ],
        "responses": {
          "200": {
            "description": "OK",
            "headers": {
              "X-Rate-Limit-Limit": {
                "description": "The number of allowed requests in the current period",
                "style": "simple",
                "explode": false,
                "schema": {
                  "type": "integer"
                }
              },
              "X-Rate-Limit-Remaining": {
                "description": "The number of remaining requests in the current period",
                "style": "simple",
                "explode": false,
                "schema": {
                  "type": "integer"
                }
              },
              "X-Rate-Limit-Reset": {
                "description": "Timestamp of the end of the current period",
                "style": "simple",
                "explode": false,
                "schema": {
                  "type": "integer"
                }
              }
            },
            "content": {
              "application/hal+json": {
                "schema": {
                  "$ref": "#/components/schemas/CatposDetailAdvanced"
                }
              }
            }
          },
          "401": {
            "description": "Bad request",
            "headers": {
              "X-Rate-Limit-Limit": {
                "description": "The number of allowed requests in the current period",
                "style": "simple",
                "explode": false,
                "schema": {
                  "type": "integer"
                }
              },
              "X-Rate-Limit-Remaining": {
                "description": "The number of remaining requests in the current period",
                "style": "simple",
                "explode": false,
                "schema": {
                  "type": "integer"
                }
              },
              "X-Rate-Limit-Reset": {
                "description": "Timestamp of the end of the current period",
                "style": "simple",
                "explode": false,
                "schema": {
                  "type": "integer"
                }
              }
            },
            "content": {
              "application/vnd.error+json": {
                "schema": {
                  "$ref": "#/components/schemas/GenericError"
                }
              }
            }
          },
          "403": {
            "description": "Bad request",
            "headers": {
              "X-Rate-Limit-Limit": {
                "description": "The number of allowed requests in the current period",
                "style": "simple",
                "explode": false,
                "schema": {
                  "type": "integer"
                }
              },
              "X-Rate-Limit-Remaining": {
                "description": "The number of remaining requests in the current period",
                "style": "simple",
                "explode": false,
                "schema": {
                  "type": "integer"
                }
              },
              "X-Rate-Limit-Reset": {
                "description": "Timestamp of the end of the current period",
                "style": "simple",
                "explode": false,
                "schema": {
                  "type": "integer"
                }
              }
            },
            "content": {
              "application/vnd.error+json": {
                "schema": {
                  "$ref": "#/components/schemas/GenericError"
                }
              }
            }
          },
          "404": {
            "description": "Bad request",
            "headers": {
              "X-Rate-Limit-Limit": {
                "description": "The number of allowed requests in the current period",
                "style": "simple",
                "explode": false,
                "schema": {
                  "type": "integer"
                }
              },
              "X-Rate-Limit-Remaining": {
                "description": "The number of remaining requests in the current period",
                "style": "simple",
                "explode": false,
                "schema": {
                  "type": "integer"
                }
              },
              "X-Rate-Limit-Reset": {
                "description": "Timestamp of the end of the current period",
                "style": "simple",
                "explode": false,
                "schema": {
                  "type": "integer"
                }
              }
            },
            "content": {
              "application/vnd.error+json": {
                "schema": {
                  "$ref": "#/components/schemas/GenericError"
                }
              }
            }
          },
          "429": {
            "description": "Bad request",
            "headers": {
              "X-Rate-Limit-Limit": {
                "description": "The number of allowed requests in the current period",
                "style": "simple",
                "explode": false,
                "schema": {
                  "type": "integer"
                }
              },
              "X-Rate-Limit-Remaining": {
                "description": "The number of remaining requests in the current period",
                "style": "simple",
                "explode": false,
                "schema": {
                  "type": "integer"
                }
              },
              "X-Rate-Limit-Reset": {
                "description": "Timestamp of the end of the current period",
                "style": "simple",
                "explode": false,
                "schema": {
                  "type": "integer"
                }
              }
            },
            "content": {
              "application/vnd.error+json": {
                "schema": {
                  "$ref": "#/components/schemas/GenericError"
                }
              }
            }
          },
          "5XX": {
            "description": "Bad request",
            "headers": {
              "X-Rate-Limit-Limit": {
                "description": "The number of allowed requests in the current period",
                "style": "simple",
                "explode": false,
                "schema": {
                  "type": "integer"
                }
              },
              "X-Rate-Limit-Remaining": {
                "description": "The number of remaining requests in the current period",
                "style": "simple",
                "explode": false,
                "schema": {
                  "type": "integer"
                }
              },
              "X-Rate-Limit-Reset": {
                "description": "Timestamp of the end of the current period",
                "style": "simple",
                "explode": false,
                "schema": {
                  "type": "integer"
                }
              }
            },
            "content": {
              "application/vnd.error+json": {
                "schema": {
                  "$ref": "#/components/schemas/GenericError"
                }
              }
            }
          }
        }
      }
    },
    "/country/{country}/category_position/{catpos}/full": {
      "get": {
        "summary": "Full detail for catpos in country",
        "description": "Full results contains salary data for all standard percentiles: 1st decile, 1st quartile, median, 3rd quartile and 9th decile and average salarye of total monthly salary. Data are available for selected position and country and also for one of parameter: region_level_2 (if available), education level, work of experience level, company size, age group. The combination of these parameters is not possible. Full report gives you also data for industry.\n",
        "parameters": [
          {
            "name": "Accept-Language",
            "in": "header",
            "required": false,
            "style": "simple",
            "explode": false,
            "schema": {
              "type": "string",
              "example": "fr;en;de",
              "default": "en"
            }
          },
          {
            "name": "lang",
            "in": "query",
            "required": false,
            "style": "form",
            "explode": true,
            "schema": {
              "type": "string",
              "example": "en"
            }
          },
          {
            "name": "catpos",
            "in": "path",
            "description": "Category-position code",
            "required": true,
            "style": "simple",
            "explode": false,
            "schema": {
              "type": "string",
              "example": "102c5"
            }
          },
          {
            "name": "country",
            "in": "path",
            "description": "Country ID",
            "required": true,
            "style": "simple",
            "explode": false,
            "schema": {
              "type": "integer",
              "example": 9
            }
          },
          {
            "name": "currency",
            "in": "query",
            "required": false,
            "style": "form",
            "explode": true,
            "schema": {
              "type": "string",
              "example": "EUR"
            }
          }
        ],
        "responses": {
          "200": {
            "description": "OK",
            "headers": {
              "X-Rate-Limit-Limit": {
                "description": "The number of allowed requests in the current period",
                "style": "simple",
                "explode": false,
                "schema": {
                  "type": "integer"
                }
              },
              "X-Rate-Limit-Remaining": {
                "description": "The number of remaining requests in the current period",
                "style": "simple",
                "explode": false,
                "schema": {
                  "type": "integer"
                }
              },
              "X-Rate-Limit-Reset": {
                "description": "Timestamp of the end of the current period",
                "style": "simple",
                "explode": false,
                "schema": {
                  "type": "integer"
                }
              }
            },
            "content": {
              "application/hal+json": {
                "schema": {
                  "$ref": "#/components/schemas/CatposDetailFull"
                }
              }
            }
          },
          "401": {
            "description": "Bad request",
            "headers": {
              "X-Rate-Limit-Limit": {
                "description": "The number of allowed requests in the current period",
                "style": "simple",
                "explode": false,
                "schema": {
                  "type": "integer"
                }
              },
              "X-Rate-Limit-Remaining": {
                "description": "The number of remaining requests in the current period",
                "style": "simple",
                "explode": false,
                "schema": {
                  "type": "integer"
                }
              },
              "X-Rate-Limit-Reset": {
                "description": "Timestamp of the end of the current period",
                "style": "simple",
                "explode": false,
                "schema": {
                  "type": "integer"
                }
              }
            },
            "content": {
              "application/vnd.error+json": {
                "schema": {
                  "$ref": "#/components/schemas/GenericError"
                }
              }
            }
          },
          "403": {
            "description": "Bad request",
            "headers": {
              "X-Rate-Limit-Limit": {
                "description": "The number of allowed requests in the current period",
                "style": "simple",
                "explode": false,
                "schema": {
                  "type": "integer"
                }
              },
              "X-Rate-Limit-Remaining": {
                "description": "The number of remaining requests in the current period",
                "style": "simple",
                "explode": false,
                "schema": {
                  "type": "integer"
                }
              },
              "X-Rate-Limit-Reset": {
                "description": "Timestamp of the end of the current period",
                "style": "simple",
                "explode": false,
                "schema": {
                  "type": "integer"
                }
              }
            },
            "content": {
              "application/vnd.error+json": {
                "schema": {
                  "$ref": "#/components/schemas/GenericError"
                }
              }
            }
          },
          "404": {
            "description": "Bad request",
            "headers": {
              "X-Rate-Limit-Limit": {
                "description": "The number of allowed requests in the current period",
                "style": "simple",
                "explode": false,
                "schema": {
                  "type": "integer"
                }
              },
              "X-Rate-Limit-Remaining": {
                "description": "The number of remaining requests in the current period",
                "style": "simple",
                "explode": false,
                "schema": {
                  "type": "integer"
                }
              },
              "X-Rate-Limit-Reset": {
                "description": "Timestamp of the end of the current period",
                "style": "simple",
                "explode": false,
                "schema": {
                  "type": "integer"
                }
              }
            },
            "content": {
              "application/vnd.error+json": {
                "schema": {
                  "$ref": "#/components/schemas/GenericError"
                }
              }
            }
          },
          "429": {
            "description": "Bad request",
            "headers": {
              "X-Rate-Limit-Limit": {
                "description": "The number of allowed requests in the current period",
                "style": "simple",
                "explode": false,
                "schema": {
                  "type": "integer"
                }
              },
              "X-Rate-Limit-Remaining": {
                "description": "The number of remaining requests in the current period",
                "style": "simple",
                "explode": false,
                "schema": {
                  "type": "integer"
                }
              },
              "X-Rate-Limit-Reset": {
                "description": "Timestamp of the end of the current period",
                "style": "simple",
                "explode": false,
                "schema": {
                  "type": "integer"
                }
              }
            },
            "content": {
              "application/vnd.error+json": {
                "schema": {
                  "$ref": "#/components/schemas/GenericError"
                }
              }
            }
          },
          "5XX": {
            "description": "Bad request",
            "headers": {
              "X-Rate-Limit-Limit": {
                "description": "The number of allowed requests in the current period",
                "style": "simple",
                "explode": false,
                "schema": {
                  "type": "integer"
                }
              },
              "X-Rate-Limit-Remaining": {
                "description": "The number of remaining requests in the current period",
                "style": "simple",
                "explode": false,
                "schema": {
                  "type": "integer"
                }
              },
              "X-Rate-Limit-Reset": {
                "description": "Timestamp of the end of the current period",
                "style": "simple",
                "explode": false,
                "schema": {
                  "type": "integer"
                }
              }
            },
            "content": {
              "application/vnd.error+json": {
                "schema": {
                  "$ref": "#/components/schemas/GenericError"
                }
              }
            }
          }
        }
      }
    }
  },
  "components": {
    "schemas": {
      "GenericError": {
        "required": [
          "message"
        ],
        "type": "object",
        "properties": {
          "message": {
            "type": "string",
            "example": "Country not found"
          },
          "logref": {
            "type": "string",
            "example": "404"
          },
          "path": {
            "type": "string"
          },
          "_links": {
            "$ref": "#/components/schemas/GenericError__links"
          }
        },
        "example": {
          "message": "Country not found",
          "_links": {
            "about": {
              "href": "https://paylab.com/paylab_api/v1/country/9/category_positions"
            }
          }
        }
      },
      "Country": {
        "type": "object",
        "properties": {
          "id": {
            "type": "integer"
          },
          "name": {
            "type": "string"
          },
          "code": {
            "type": "string"
          },
          "currency": {
            "type": "string"
          },
          "salaryType": {
            "type": "string",
            "enum": [
              "brutto",
              "netto"
            ]
          },
          "continent": {
            "type": "string"
          },
          "usability": {
            "type": "boolean"
          },
          "_links": {
            "$ref": "#/components/schemas/Country__links"
          }
        },
        "example": {
          "id": 9,
          "name": "Slovakia",
          "code": "SK",
          "currency": "EUR",
          "salaryType": "brutto",
          "continent": "Europe",
          "usability": true,
          "_links": {
            "category_positions": {
              "href": "https://paylab.com/paylab_api/v1/country/9/category_positions"
            }
          }
        }
      },
      "ArrayOfCountries": {
        "type": "array",
        "example": [
          {
            "id": 9,
            "name": "Slovakia",
            "code": "SK",
            "currency": "EUR",
            "salaryType": "brutto",
            "continent": "Europe",
            "usability": true,
            "_links": {
              "category_positions": {
                "href": "https://paylab.com/paylab_api/v1/country/9/category_positions"
              }
            }
          },
          {
            "id": 12,
            "name": "Czechia",
            "code": "CZ",
            "currency": "CZK",
            "salaryType": "brutto",
            "continent": "Europe",
            "usability": false,
            "_links": {
              "category_positions": {
                "href": "https://paylab.com/paylab_api/v1/country/12/category_positions"
              }
            }
          }
        ],
        "items": {
          "$ref": "#/components/schemas/Country"
        }
      },
      "Currency": {
        "type": "object",
        "properties": {
          "id": {
            "type": "string"
          },
          "rateToEur": {
            "type": "number"
          }
        },
        "example": {
          "id": "USD",
          "rateToEur": 1.17
        }
      },
      "ArrayOfCurrencies": {
        "type": "array",
        "example": [
          {
            "id": "USD",
            "rateToEur": 1.17
          },
          {
            "id": "CZK",
            "rateToEur": 25.47
          }
        ],
        "items": {
          "$ref": "#/components/schemas/Currency"
        }
      },
      "Catpos": {
        "type": "object",
        "properties": {
          "id": {
            "type": "string"
          },
          "positionName": {
            "type": "string"
          },
          "categoryName": {
            "type": "string"
          },
          "jobDescription": {
            "type": "string"
          }
        },
        "example": {
          "id": "102c5",
          "positionName": "Web Designer",
          "categoryName": "Information Technology",
          "jobDescription": "* Communicating with clients concerning the appearance of their future websites, putting the emphasis on the understanding of the requirements and expectations of clients.\n* Designing the basic structure of the website layout.\n* Creating graphic concepts of websites and their implementation using programming languages.\n* Preparing preliminary website designs and submitting concepts for the client´s approval.\n* Collecting texts and creating content for the website.\n* Optimising text, graphic, audio and video elements by converting them into various digital formats.\n* Website testing in terms of functionality and fixing bugs.\n"
        }
      },
      "ArrayOfCatpos": {
        "type": "array",
        "example": [
          {
            "id": "102c5",
            "positionName": "Web Designer",
            "categoryName": "Information Technology",
            "jobDescription": "* Communicating with clients concerning the appearance of their future websites, putting the emphasis on the understanding of the requirements and expectations of clients.\n* Designing the basic structure of the website layout.\n* Creating graphic concepts of websites and their implementation using programming languages.\n* Preparing preliminary website designs and submitting concepts for the client´s approval.\n* Collecting texts and creating content for the website.\n* Optimising text, graphic, audio and video elements by converting them into various digital formats.\n* Website testing in terms of functionality and fixing bugs.\n"
          },
          {
            "id": "111c15",
            "positionName": "Hostess",
            "categoryName": "General labour",
            "jobDescription": "* Welcoming the guests and visitors at exhibitions, fairs, social gatherings and events.\n* Handing out promotional materials and items, souvenirs and business cards.\n* Replenishing promotional materials for visitors to exhibitions and fairs.\n* Replenishing refreshments for invited guests at the exhibition stand.\n* Providing general information.\n"
          }
        ],
        "items": {
          "$ref": "#/components/schemas/Catpos"
        }
      },
      "CountryCatpos": {
        "type": "object",
        "properties": {
          "id": {
            "type": "string"
          },
          "quality": {
            "type": "number"
          },
          "model": {
            "type": "string"
          },
          "count": {
            "type": "integer"
          },
          "positionName": {
            "type": "string"
          },
          "categoryName": {
            "type": "string"
          },
          "_links": {
            "$ref": "#/components/schemas/CountryCatpos__links"
          }
        },
        "example": {
          "id": "102c5",
          "quality": 3,
          "model": "regress",
          "count": 123,
          "positionName": "Web Designer",
          "categoryName": "Information Technology",
          "_links": {
            "basic": {
              "href": "https://paylab.com/paylab_api/v1/country/9/category_position/102c5/basic"
            },
            "advanced": {
              "href": "https://paylab.com/paylab_api/v1/country/9/category_position/102c5/advanced"
            },
            "full": {
              "href": "https://paylab.com/paylab_api/v1/country/9/category_position/102c5/full"
            }
          }
        }
      },
      "ArrayOfCountryCatpos": {
        "type": "array",
        "example": [
          {
            "id": "102c5",
            "quality": 3,
            "model": "regress",
            "count": 123,
            "positionName": "Web Designer",
            "categoryName": "Information Technology",
            "_links": {
              "basic": {
                "href": "https://paylab.com/paylab_api/v1/country/9/category_position/102c5/basic"
              },
              "advanced": {
                "href": "https://paylab.com/paylab_api/v1/country/9/category_position/102c5/advanced"
              },
              "full": {
                "href": "https://paylab.com/paylab_api/v1/country/9/category_position/102c5/full"
              }
            }
          },
          {
            "id": "111c15",
            "quality": -3,
            "model": "estimation",
            "count": 3,
            "positionName": "Hostess",
            "categoryName": "General labour",
            "_links": {
              "basic": {
                "href": "https://paylab.com/paylab_api/v1/country/9/category_position/111c15/basic"
              },
              "advanced": {
                "href": "https://paylab.com/paylab_api/v1/country/9/category_position/111c15/advanced"
              },
              "full": {
                "href": "https://paylab.com/paylab_api/v1/country/9/category_position/111c15/full"
              }
            }
          }
        ],
        "items": {
          "$ref": "#/components/schemas/CountryCatpos"
        }
      },
      "CatposDetailBasic": {
        "type": "object",
        "properties": {
          "catpos": {
            "type": "string"
          },
          "country": {
            "type": "integer"
          },
          "quality": {
            "type": "number"
          },
          "currency": {
            "type": "string"
          },
          "quantiles": {
            "$ref": "#/components/schemas/CatposDetailBasic_quantiles"
          },
          "_links": {
            "$ref": "#/components/schemas/CatposDetailBasic__links"
          }
        },
        "example": {
          "catpos": "102c5",
          "country": 9,
          "quality": 3,
          "currency": "EUR",
          "quantiles": {
            "q10": 789,
            "q90": 1456
          },
          "_links": {
            "self": {
              "href": "https://paylab.com/paylab_api/v1/country/9/category_position/102c5/basic"
            }
          }
        }
      },
      "CatposDetailAdvanced": {
        "type": "object",
        "properties": {
          "catpos": {
            "type": "string"
          },
          "country": {
            "type": "integer"
          },
          "quality": {
            "type": "number"
          },
          "currency": {
            "type": "string"
          },
          "quantiles": {
            "$ref": "#/components/schemas/CatposDetailAdvanced_quantiles"
          },
          "_links": {
            "$ref": "#/components/schemas/CatposDetailBasic__links"
          }
        },
        "example": {
          "catpos": "102c5",
          "country": 9,
          "quality": 3,
          "currency": "EUR",
          "quantiles": {
            "average": 1189,
            "q10": 789,
            "q25": 889,
            "q50": 1089,
            "q75": 1289,
            "q90": 1456
          },
          "_links": {
            "self": {
              "href": "https://paylab.com/paylab_api/v1/country/9/category_position/102c5/advanced"
            }
          }
        }
      },
      "CatposDetailFull": {
        "type": "object",
        "properties": {
          "catpos": {
            "type": "string"
          },
          "country": {
            "type": "integer"
          },
          "quality": {
            "type": "number"
          },
          "language": {
            "type": "string"
          },
          "currency": {
            "type": "string"
          },
          "quantiles": {
            "$ref": "#/components/schemas/CatposDetailAdvanced_quantiles"
          },
          "_links": {
            "$ref": "#/components/schemas/CatposDetailBasic__links"
          },
          "regionLevel2": {
            "type": "array",
            "items": {
              "$ref": "#/components/schemas/CatposDetailFull_regionLevel2"
            }
          },
          "educationLevel": {
            "type": "array",
            "items": {
              "$ref": "#/components/schemas/CatposDetailFull_regionLevel2"
            }
          },
          "workExperience": {
            "type": "array",
            "items": {
              "$ref": "#/components/schemas/CatposDetailFull_regionLevel2"
            }
          },
          "companySize": {
            "type": "array",
            "items": {
              "$ref": "#/components/schemas/CatposDetailFull_regionLevel2"
            }
          },
          "ageGroup": {
            "type": "array",
            "items": {
              "$ref": "#/components/schemas/CatposDetailFull_regionLevel2"
            }
          },
          "businessArea": {
            "type": "array",
            "items": {
              "$ref": "#/components/schemas/CatposDetailFull_regionLevel2"
            }
          }
        },
        "example": {
          "catpos": "102c5",
          "country": 9,
          "quality": 3,
          "language": "en",
          "currency": "EUR",
          "quantiles": {
            "average": 1189,
            "q10": 789,
            "q25": 889,
            "q50": 1089,
            "q75": 1289,
            "q90": 1456
          },
          "_links": {
            "self": {
              "href": "https://paylab.com/paylab_api/v1/country/9/category_position/102c5/full"
            }
          },
          "regionLevel2": [
            {
              "paramValue": "r1",
              "paramValueTranslated": "Bratislava region",
              "quality": 3,
              "quantiles": {
                "average": 1189,
                "q10": 789,
                "q25": 889,
                "q50": 1089,
                "q75": 1289,
                "q90": 1456
              }
            },
            {
              "paramValue": "r2",
              "paramValueTranslated": "Bansk\\u00e1 Bystrica region",
              "quality": 3,
              "quantiles": {
                "average": 1189,
                "q10": 789,
                "q25": 889,
                "q50": 1089,
                "q75": 1289,
                "q90": 1456
              }
            }
          ],
          "educationLevel": [
            {
              "paramValue": "SS_bez_maturity",
              "paramValueTranslated": "school education",
              "quality": 3,
              "quantiles": {
                "average": 1189,
                "q10": 789,
                "q25": 889,
                "q50": 1089,
                "q75": 1289,
                "q90": 1456
              }
            },
            {
              "paramValue": "SS_s_maturitou",
              "paramValueTranslated": "college education",
              "quality": 3,
              "quantiles": {
                "average": 1189,
                "q10": 789,
                "q25": 889,
                "q50": 1089,
                "q75": 1289,
                "q90": 1456
              }
            }
          ],
          "workExperience": [
            {
              "paramValue": "junior",
              "paramValueTranslated": "Junior",
              "quality": 3,
              "quantiles": {
                "average": 1189,
                "q10": 789,
                "q25": 889,
                "q50": 1089,
                "q75": 1289,
                "q90": 1456
              }
            },
            {
              "paramValue": "middle",
              "paramValueTranslated": "Middle",
              "quality": 3,
              "quantiles": {
                "average": 1189,
                "q10": 789,
                "q25": 889,
                "q50": 1089,
                "q75": 1289,
                "q90": 1456
              }
            }
          ],
          "companySize": [
            {
              "paramValue": "small",
              "paramValueTranslated": "small company",
              "quality": 3,
              "quantiles": {
                "average": 1189,
                "q10": 789,
                "q25": 889,
                "q50": 1089,
                "q75": 1289,
                "q90": 1456
              }
            },
            {
              "paramValue": "big",
              "paramValueTranslated": "large company",
              "quality": 3,
              "quantiles": {
                "average": 1189,
                "q10": 789,
                "q25": 889,
                "q50": 1089,
                "q75": 1289,
                "q90": 1456
              }
            }
          ],
          "ageGroup": [
            {
              "paramValue": "0-24",
              "paramValueTranslated": "<24",
              "quality": 3,
              "quantiles": {
                "average": 1189,
                "q10": 789,
                "q25": 889,
                "q50": 1089,
                "q75": 1289,
                "q90": 1456
              }
            },
            {
              "paramValue": "25-34",
              "paramValueTranslated": "25-34",
              "quality": 3,
              "quantiles": {
                "average": 1189,
                "q10": 789,
                "q25": 889,
                "q50": 1089,
                "q75": 1289,
                "q90": 1456
              }
            },
            {
              "paramValue": "55+",
              "paramValueTranslated": "55+",
              "quality": 3,
              "quantiles": {
                "average": 1189,
                "q10": 789,
                "q25": 889,
                "q50": 1089,
                "q75": 1289,
                "q90": 1456
              }
            }
          ],
          "businessArea": [
            {
              "paramValue": "b4",
              "paramValueTranslated": "Transportation, logistics",
              "quality": 3,
              "quantiles": {
                "average": 1189,
                "q10": 789,
                "q25": 889,
                "q50": 1089,
                "q75": 1289,
                "q90": 1456
              }
            },
            {
              "paramValue": "b29",
              "paramValueTranslated": "Accounting and auditing activities",
              "quality": 3,
              "quantiles": {
                "average": 1189,
                "q10": 789,
                "q25": 889,
                "q50": 1089,
                "q75": 1289,
                "q90": 1456
              }
            }
          ]
        }
      },
      "inline_response_200": {
        "type": "object",
        "properties": {
          "_links": {
            "$ref": "#/components/schemas/inline_response_200__links"
          },
          "language": {
            "type": "string"
          },
          "list": {
            "$ref": "#/components/schemas/ArrayOfCountries"
          }
        }
      },
      "inline_response_200_1": {
        "type": "object",
        "properties": {
          "_links": {
            "$ref": "#/components/schemas/inline_response_200_1__links"
          },
          "language": {
            "type": "string"
          },
          "list": {
            "$ref": "#/components/schemas/ArrayOfCurrencies"
          }
        }
      },
      "inline_response_200_2": {
        "type": "object",
        "properties": {
          "_links": {
            "$ref": "#/components/schemas/inline_response_200_2__links"
          },
          "language": {
            "type": "string"
          },
          "list": {
            "$ref": "#/components/schemas/ArrayOfCatpos"
          }
        }
      },
      "inline_response_200_3": {
        "type": "object",
        "properties": {
          "_links": {
            "$ref": "#/components/schemas/inline_response_200_3__links"
          },
          "country": {
            "type": "integer"
          },
          "language": {
            "type": "string"
          },
          "list": {
            "$ref": "#/components/schemas/ArrayOfCountryCatpos"
          }
        }
      },
      "GenericError__links_about": {
        "type": "object",
        "properties": {
          "href": {
            "type": "string",
            "format": "uri-reference"
          }
        }
      },
      "GenericError__links": {
        "type": "object",
        "properties": {
          "about": {
            "$ref": "#/components/schemas/GenericError__links_about"
          }
        }
      },
      "Country__links_category_positions": {
        "type": "object",
        "properties": {
          "href": {
            "type": "string",
            "format": "uri-reference",
            "example": "https://paylab.com/paylab_api/v1/country/9/category_positions"
          }
        }
      },
      "Country__links": {
        "type": "object",
        "properties": {
          "category_positions": {
            "$ref": "#/components/schemas/Country__links_category_positions"
          }
        }
      },
      "CountryCatpos__links": {
        "type": "object",
        "properties": {
          "basic": {
            "$ref": "#/components/schemas/GenericError__links_about"
          },
          "advanced": {
            "$ref": "#/components/schemas/GenericError__links_about"
          },
          "full": {
            "$ref": "#/components/schemas/GenericError__links_about"
          }
        }
      },
      "CatposDetailBasic_quantiles": {
        "type": "object",
        "properties": {
          "q10": {
            "type": "number"
          },
          "q90": {
            "type": "number"
          }
        }
      },
      "CatposDetailBasic__links": {
        "type": "object",
        "properties": {
          "self": {
            "$ref": "#/components/schemas/GenericError__links_about"
          }
        }
      },
      "CatposDetailAdvanced_quantiles": {
        "type": "object",
        "properties": {
          "average": {
            "type": "number"
          },
          "q10": {
            "type": "number"
          },
          "q25": {
            "type": "number"
          },
          "q50": {
            "type": "number"
          },
          "q75": {
            "type": "number"
          },
          "q90": {
            "type": "number"
          }
        }
      },
      "CatposDetailFull_regionLevel2": {
        "type": "object",
        "properties": {
          "paramValue": {
            "type": "string"
          },
          "paramValueTranslated": {
            "type": "string"
          },
          "quality": {
            "type": "number"
          },
          "quantiles": {
            "$ref": "#/components/schemas/CatposDetailAdvanced_quantiles"
          }
        }
      },
      "inline_response_200__links_self": {
        "type": "object",
        "properties": {
          "href": {
            "type": "string",
            "format": "uri-reference",
            "example": "https://paylab.com/paylab_api/v1/countries"
          }
        }
      },
      "inline_response_200__links": {
        "type": "object",
        "properties": {
          "self": {
            "$ref": "#/components/schemas/inline_response_200__links_self"
          }
        }
      },
      "inline_response_200_1__links_self": {
        "type": "object",
        "properties": {
          "href": {
            "type": "string",
            "format": "uri-reference",
            "example": "https://paylab.com/paylab_api/v1/currencies"
          }
        }
      },
      "inline_response_200_1__links": {
        "type": "object",
        "properties": {
          "self": {
            "$ref": "#/components/schemas/inline_response_200_1__links_self"
          }
        }
      },
      "inline_response_200_2__links_self": {
        "type": "object",
        "properties": {
          "href": {
            "type": "string",
            "format": "uri-reference",
            "example": "https://paylab.com/paylab_api/v1/category_positions"
          }
        }
      },
      "inline_response_200_2__links": {
        "type": "object",
        "properties": {
          "self": {
            "$ref": "#/components/schemas/inline_response_200_2__links_self"
          }
        }
      },
      "inline_response_200_3__links": {
        "type": "object",
        "properties": {
          "self": {
            "$ref": "#/components/schemas/Country__links_category_positions"
          }
        }
      }
    },
    "responses": {
      "GenericErrorResponse": {
        "description": "Bad request",
        "headers": {
          "X-Rate-Limit-Limit": {
            "description": "The number of allowed requests in the current period",
            "style": "simple",
            "explode": false,
            "schema": {
              "type": "integer"
            }
          },
          "X-Rate-Limit-Remaining": {
            "description": "The number of remaining requests in the current period",
            "style": "simple",
            "explode": false,
            "schema": {
              "type": "integer"
            }
          },
          "X-Rate-Limit-Reset": {
            "description": "Timestamp of the end of the current period",
            "style": "simple",
            "explode": false,
            "schema": {
              "type": "integer"
            }
          }
        },
        "content": {
          "application/vnd.error+json": {
            "schema": {
              "$ref": "#/components/schemas/GenericError"
            }
          }
        }
      }
    },
    "parameters": {
      "AcceptLanguageHeader": {
        "name": "Accept-Language",
        "in": "header",
        "required": false,
        "style": "simple",
        "explode": false,
        "schema": {
          "type": "string",
          "example": "fr;en;de",
          "default": "en"
        }
      },
      "LangQuery": {
        "name": "lang",
        "in": "query",
        "required": false,
        "style": "form",
        "explode": true,
        "schema": {
          "type": "string",
          "example": "en"
        }
      },
      "Catpos": {
        "name": "catpos",
        "in": "path",
        "description": "Category-position code",
        "required": true,
        "style": "simple",
        "explode": false,
        "schema": {
          "type": "string",
          "example": "102c5"
        }
      },
      "Country": {
        "name": "country",
        "in": "path",
        "description": "Country ID",
        "required": true,
        "style": "simple",
        "explode": false,
        "schema": {
          "type": "integer",
          "example": 9
        }
      },
      "CurrencyQuery": {
        "name": "currency",
        "in": "query",
        "required": false,
        "style": "form",
        "explode": true,
        "schema": {
          "type": "string",
          "example": "EUR"
        }
      }
    },
    "securitySchemes": {
      "TokenAuth": {
        "type": "apiKey",
        "name": "X-Auth-Token",
        "in": "header"
      }
    }
  }
}