{"openapi":"3.0.0","info":{"title":"Prosvita.net API","version":"1.0.22"},"servers":[{"url":"https://sandbox.prosvita.net/","description":"Sandbox API server"},{"url":"https://staging.prosvita.net/","description":"Staging API server"}],"security":[{"bearerAuth":[]}],"paths":{"/api/v1/apps/":{"get":{"tags":["Apps"],"description":"Get apps list","operationId":"appsList","parameters":[{"name":"page","in":"query","description":"Page number","required":false,"style":"form","explode":true,"schema":{"type":"integer"}},{"name":"limit","in":"query","description":"Items per page","required":false,"style":"form","explode":true,"schema":{"type":"integer"}},{"name":"caption","in":"query","description":"Filter by caption","required":false,"style":"form","explode":true,"schema":{"type":"string"}}],"responses":{"200":{"description":"Successful operation","content":{"application/json":{"schema":{"$ref":"#/components/schemas/appsList"}}}}}}},"/api/v1/assignments/{id_assignment}/uploads/{id_upload}/":{"get":{"tags":["Assignment Uploads"],"description":"Get Assignment Upload","operationId":"getAssignmentUpload","parameters":[{"name":"id_assignment","in":"path","description":"Assignment ID","required":true,"style":"simple","explode":false,"schema":{"type":"integer"}},{"name":"id_upload","in":"path","description":"Assignment Upload ID","required":true,"style":"simple","explode":false,"schema":{"type":"integer"}}],"responses":{"200":{"description":"Successful operation","content":{"application/json":{"schema":{"$ref":"#/components/schemas/uploadAssignment"}}}},"404":{"description":"Assignment not found","content":{"application/json":{"schema":{"$ref":"#/components/schemas/404"}}}}}},"put":{"tags":["Assignment Uploads"],"description":"Update Assignment Upload","operationId":"updateAssignmentUpload","parameters":[{"name":"id_assignment","in":"path","description":"Assignment ID","required":true,"style":"simple","explode":false,"schema":{"type":"integer"}},{"name":"id_upload","in":"path","description":"Assignment Upload ID","required":true,"style":"simple","explode":false,"schema":{"type":"integer"}}],"requestBody":{"description":"Update Assignment Upload","content":{"application/json":{"schema":{"type":"object","properties":{"files_ids":{"type":"array","description":"Files IDs","nullable":true,"items":{"type":"integer"}},"files":{"type":"array","description":"Files","nullable":true,"items":{"type":"string"}},"comment":{"type":"string","description":"Comment","nullable":true}}}}},"required":true},"responses":{"200":{"description":"Successful operation","content":{"application/json":{"schema":{"$ref":"#/components/schemas/entityUpdated"}}}},"400":{"description":"Bad request","content":{"application/json":{"schema":{"$ref":"#/components/schemas/400"}}}}}},"delete":{"tags":["Assignment Uploads"],"description":"Delete Assignment Upload","operationId":"deleteAssignmentUpload","parameters":[{"name":"id_assignment","in":"path","description":"Assignment ID","required":true,"style":"simple","explode":false,"schema":{"type":"integer"}},{"name":"id_upload","in":"path","description":"Assignment Upload ID","required":true,"style":"simple","explode":false,"schema":{"type":"integer"}}],"responses":{"200":{"description":"Successful operation","content":{"application/json":{"schema":{"$ref":"#/components/schemas/entityRemoved"}}}},"404":{"description":"Assignment not found","content":{"application/json":{"schema":{"$ref":"#/components/schemas/404"}}}}}}},"/api/v1/assignments/{id_assignment}/uploads/":{"post":{"tags":["Assignment Uploads"],"description":"Create Assignment Upload","operationId":"createAssignmentUpload","parameters":[{"name":"id_assignment","in":"path","description":"Assignment ID","required":true,"style":"simple","explode":false,"schema":{"type":"integer"}}],"requestBody":{"description":"Create Assignment Upload","content":{"application/json":{"schema":{"required":["files_ids"],"type":"object","properties":{"files_ids":{"type":"array","description":"Files IDs","items":{"type":"integer"}},"comment":{"type":"string","description":"Comment","nullable":true}}}}}},"responses":{"201":{"description":"Successful operation","content":{"application/json":{"schema":{"type":"object","properties":{"id":{"type":"integer","description":"Assignment Upload ID"}}}}}},"400":{"description":"Bad request","content":{"application/json":{"schema":{"$ref":"#/components/schemas/400"}}}}}}},"/api/v1/attendance/report/":{"get":{"tags":["Attendance Report"],"description":"Get Attendance Report","operationId":"getAttendanceReport","parameters":[{"name":"date","in":"query","description":"Filter by date (YYYY-MM-DD)","required":false,"style":"form","explode":true,"schema":{"type":"string"}},{"name":"date_from","in":"query","description":"Filter by date from (YYYY-MM-DD)","required":false,"style":"form","explode":true,"schema":{"type":"string"}},{"name":"date_to","in":"query","description":"Filter by date to (YYYY-MM-DD)","required":false,"style":"form","explode":true,"schema":{"type":"string"}}],"responses":{"200":{"description":"Successful operation","content":{"application/json":{"schema":{"$ref":"#/components/schemas/attendanceReport"}}}}}}},"/api/v1/auth/login/":{"post":{"tags":["Auth"],"description":"Get token for auth by credentials","operationId":"loginUser","requestBody":{"description":"Params for login","content":{"application/json":{"schema":{"required":["grant_type"],"type":"object","properties":{"grant_type":{"type":"string","description":"grant_type","default":"password"},"username":{"type":"string","description":"login or email"},"password":{"type":"string","description":"password"}}}}},"required":true},"responses":{"200":{"description":"Successful operation","content":{"application/json":{"schema":{"type":"object","properties":{"token":{"type":"string","description":"Unique User Token"}}}}}},"404":{"description":"User data not found","content":{"application/json":{"schema":{"$ref":"#/components/schemas/404"}}}},"400":{"description":"Bad request","content":{"application/json":{"schema":{"$ref":"#/components/schemas/400"}}}}},"security":[]}},"/api/v1/auth/logout/":{"post":{"tags":["Auth"],"description":"Forget user token","operationId":"logoutUser","responses":{"200":{"description":"Successful operation"}},"security":[{"bearerAuth":[]}]}},"/api/v1/books/":{"get":{"tags":["BookLibrary"],"description":"Get book list","operationId":"booksList","parameters":[{"name":"page","in":"query","description":"Page number","required":false,"style":"form","explode":true,"schema":{"type":"integer"}},{"name":"limit","in":"query","description":"Items per page","required":false,"style":"form","explode":true,"schema":{"type":"integer"}}],"responses":{"200":{"description":"Successful operation","content":{"application/json":{"schema":{"$ref":"#/components/schemas/bookList"}}}}}}},"/api/v1/children/":{"get":{"tags":["Children"],"description":"Get children list of current user","operationId":"childrenList","responses":{"200":{"description":"Successful operation","content":{"application/json":{"schema":{"$ref":"#/components/schemas/childrenList"}}}}}},"post":{"tags":["Children"],"description":"Add child","operationId":"addChild","requestBody":{"description":"Add child","content":{"application/json":{"schema":{"$ref":"#/components/schemas/addChildParams"}}},"required":true},"responses":{"201":{"description":"Successful operation","content":{"application/json":{"schema":{"$ref":"#/components/schemas/childAdd"}}}}}}},"/api/v1/children/{id}/":{"delete":{"tags":["Children"],"description":"Remove child","operationId":"removeChild","parameters":[{"name":"id","in":"path","description":"Child ID","required":true,"style":"simple","explode":false,"schema":{"type":"integer"}}],"responses":{"200":{"description":"Successful operation","content":{"application/json":{"schema":{"$ref":"#/components/schemas/entityRemoved"}}}}}}},"/api/v1/diary/":{"get":{"tags":["Diary"],"description":"Get Diary","operationId":"getDiaryList","parameters":[{"name":"date_from","in":"query","description":"Filter by date from (YYYY-MM-DD)","required":false,"style":"form","explode":true,"schema":{"type":"string"}},{"name":"date_to","in":"query","description":"Filter by date to (YYYY-MM-DD)","required":false,"style":"form","explode":true,"schema":{"type":"string"}}],"responses":{"200":{"description":"Successful operation","content":{"application/json":{"schema":{"$ref":"#/components/schemas/diary"}}}}}}},"/api/v1/diary/users/{id}/":{"get":{"tags":["Diary"],"description":"Get User Diary","operationId":"getUserDiaryList","parameters":[{"name":"id","in":"path","description":"User ID","required":true,"style":"simple","explode":false,"schema":{"type":"integer"}},{"name":"date_from","in":"query","description":"Filter by date from (YYYY-MM-DD)","required":false,"style":"form","explode":true,"schema":{"type":"string"}},{"name":"date_to","in":"query","description":"Filter by date to (YYYY-MM-DD)","required":false,"style":"form","explode":true,"schema":{"type":"string"}}],"responses":{"200":{"description":"Successful operation","content":{"application/json":{"schema":{"$ref":"#/components/schemas/diary"}}}},"403":{"description":"Only for your children","content":{"application/json":{"schema":{"$ref":"#/components/schemas/403"}}}},"404":{"description":"User Not Found","content":{"application/json":{"schema":{"$ref":"#/components/schemas/404"}}}}}}},"/api/v1/friends/{id_friend}/requests/{id_request}/":{"get":{"tags":["Friends requests"],"description":"Get Friend Request","operationId":"getFriendRequest","parameters":[{"name":"id_friend","in":"path","description":"User ID","required":true,"style":"simple","explode":false,"schema":{"type":"integer"}},{"name":"id_request","in":"path","description":"Request ID","required":true,"style":"simple","explode":false,"schema":{"type":"integer"}}],"responses":{"200":{"description":"Successful operation","content":{"application/json":{"schema":{"$ref":"#/components/schemas/friendRequest"}}}},"400":{"description":"Bad request","content":{"application/json":{"schema":{"$ref":"#/components/schemas/400"}}}},"403":{"description":"Not enough rights","content":{"application/json":{"schema":{"$ref":"#/components/schemas/403"}}}},"404":{"description":"Request not found","content":{"application/json":{"schema":{"$ref":"#/components/schemas/404"}}}}}},"delete":{"tags":["Friends requests"],"description":"Delete Friend Request","operationId":"deleteFriendRequest","parameters":[{"name":"id_friend","in":"path","description":"User ID","required":true,"style":"simple","explode":false,"schema":{"type":"integer"}},{"name":"id_request","in":"path","description":"Request ID","required":true,"style":"simple","explode":false,"schema":{"type":"integer"}}],"responses":{"200":{"description":"Successful operation","content":{"application/json":{"schema":{"$ref":"#/components/schemas/entityRemoved"}}}},"400":{"description":"Bad request","content":{"application/json":{"schema":{"$ref":"#/components/schemas/400"}}}},"403":{"description":"Not enough rights","content":{"application/json":{"schema":{"$ref":"#/components/schemas/403"}}}},"404":{"description":"Request not found","content":{"application/json":{"schema":{"$ref":"#/components/schemas/404"}}}}}}},"/api/v1/friends/{id_friend}/requests/":{"post":{"tags":["Friends requests"],"description":"Send Friend Request","operationId":"createFriendRequest","parameters":[{"name":"id_friend","in":"path","description":"User ID","required":true,"style":"simple","explode":false,"schema":{"type":"integer"}}],"responses":{"201":{"description":"Successful operation","content":{"application/json":{"schema":{"type":"object"}}}},"400":{"description":"Bad request","content":{"application/json":{"schema":{"$ref":"#/components/schemas/400"}}}},"403":{"description":"Not enough rights","content":{"application/json":{"schema":{"$ref":"#/components/schemas/403"}}}},"404":{"description":"Request not found","content":{"application/json":{"schema":{"$ref":"#/components/schemas/404"}}}}}}},"/api/v1/friends/{id_friend}/requests/{id_request}/rejected/":{"post":{"tags":["Friends requests"],"description":"Reject Friend Request","operationId":"rejectFriendRequest","parameters":[{"name":"id_friend","in":"path","description":"User ID","required":true,"style":"simple","explode":false,"schema":{"type":"integer"}},{"name":"id_request","in":"path","description":"Request ID","required":true,"style":"simple","explode":false,"schema":{"type":"integer"}}],"responses":{"200":{"description":"Successful operation","content":{"application/json":{"schema":{"$ref":"#/components/schemas/entityUpdated"}}}},"400":{"description":"Bad request","content":{"application/json":{"schema":{"$ref":"#/components/schemas/400"}}}},"403":{"description":"Not enough rights","content":{"application/json":{"schema":{"$ref":"#/components/schemas/403"}}}},"404":{"description":"Request not found","content":{"application/json":{"schema":{"$ref":"#/components/schemas/404"}}}}}}},"/api/v1/friends/{id_friend}/requests/{id_request}/accepted/":{"post":{"tags":["Friends requests"],"description":"Accept Friend Request","operationId":"acceptFriendRequest","parameters":[{"name":"id_friend","in":"path","description":"User ID","required":true,"style":"simple","explode":false,"schema":{"type":"integer"}},{"name":"id_request","in":"path","description":"Request ID","required":true,"style":"simple","explode":false,"schema":{"type":"integer"}}],"responses":{"200":{"description":"Successful operation","content":{"application/json":{"schema":{"$ref":"#/components/schemas/entityUpdated"}}}},"400":{"description":"Bad request","content":{"application/json":{"schema":{"$ref":"#/components/schemas/400"}}}},"403":{"description":"Not enough rights","content":{"application/json":{"schema":{"$ref":"#/components/schemas/403"}}}},"404":{"description":"Request not found","content":{"application/json":{"schema":{"$ref":"#/components/schemas/404"}}}}}}},"/api/v1/friends/{id}/":{"delete":{"tags":["Friends"],"description":"Delete User Friend","operationId":"deleteUserFriend","parameters":[{"name":"id","in":"path","description":"User ID","required":true,"style":"simple","explode":false,"schema":{"type":"integer"}}],"responses":{"200":{"description":"Successful operation","content":{"application/json":{"schema":{"$ref":"#/components/schemas/entityRemoved"}}}},"400":{"description":"Bad request","content":{"application/json":{"schema":{"$ref":"#/components/schemas/400"}}}},"403":{"description":"Not enough rights","content":{"application/json":{"schema":{"$ref":"#/components/schemas/403"}}}}}}},"/api/v1/friends/users/{id}/":{"get":{"tags":["Friends"],"description":"Get user friends list","operationId":"userFriends","parameters":[{"name":"id","in":"path","description":"User ID","required":true,"style":"simple","explode":false,"schema":{"type":"integer"}},{"name":"full_name","in":"query","description":"Search by friends' name","required":false,"style":"form","explode":true,"schema":{"type":"string"}}],"responses":{"200":{"description":"Successful operation","content":{"application/json":{"schema":{"$ref":"#/components/schemas/friendsList"}}}},"403":{"description":"Only for yourself and friends","content":{"application/json":{"schema":{"$ref":"#/components/schemas/403"}}}},"404":{"description":"User not found","content":{"application/json":{"schema":{"$ref":"#/components/schemas/404"}}}}}}},"/api/v1/friends/candidates/":{"get":{"tags":["Friends requests"],"description":"Find candidate to friends","operationId":"FindFriendCandidate","parameters":[{"name":"phone","in":"query","description":"Candidate's phone number","required":false,"style":"form","explode":true,"schema":{"type":"string"}},{"name":"email","in":"query","description":"Candidate's email","required":false,"style":"form","explode":true,"schema":{"type":"string"}}],"responses":{"200":{"description":"Successful operation","content":{"application/json":{"schema":{"$ref":"#/components/schemas/friendCandidate"}}}},"400":{"description":"Incorrect search values","content":{"application/json":{"schema":{"$ref":"#/components/schemas/400"}}}},"404":{"description":"User not found","content":{"application/json":{"schema":{"$ref":"#/components/schemas/404"}}}}}}},"/api/v1/gamefication/points/history/":{"get":{"tags":["Gamefication"],"description":"Get points transaction history","operationId":"getPointsTransactionHistory","parameters":[{"name":"page","in":"query","description":"Page number","required":false,"style":"form","explode":true,"schema":{"type":"integer"}},{"name":"limit","in":"query","description":"Items per page","required":false,"style":"form","explode":true,"schema":{"type":"integer"}}],"responses":{"200":{"description":"Successful operation","content":{"application/json":{"schema":{"$ref":"#/components/schemas/pointsHistoryList"}}}}}}},"/api/v1/gamefication/experience/history/":{"get":{"tags":["Gamefication"],"description":"Get experience transaction history","operationId":"getExperienceTransactionHistory","parameters":[{"name":"page","in":"query","description":"Page number","required":false,"style":"form","explode":true,"schema":{"type":"integer"}},{"name":"limit","in":"query","description":"Items per page","required":false,"style":"form","explode":true,"schema":{"type":"integer"}}],"responses":{"200":{"description":"Successful operation","content":{"application/json":{"schema":{"$ref":"#/components/schemas/pointsHistoryList"}}}}}}},"/api/v1/gamefication/rating/school/":{"get":{"tags":["Gamefication"],"description":"School rating list by user experience","operationId":"schoolRatingList","responses":{"200":{"description":"Successful operation","content":{"application/json":{"schema":{"$ref":"#/components/schemas/schoolRatingList"}}}}}}},"/api/v1/gamefication/rating/studyGroup/":{"get":{"tags":["Gamefication"],"description":"Study group rating list by user experience","operationId":"studyGroupRatingList","responses":{"200":{"description":"Successful operation","content":{"application/json":{"schema":{"$ref":"#/components/schemas/studyGroupRatingList"}}}}}}},"/api/v1/gifts/categories/":{"get":{"tags":["Gifts"],"description":"Get gifts categories list","operationId":"giftsCategoriesList","responses":{"200":{"description":"Successful operation","content":{"application/json":{"schema":{"$ref":"#/components/schemas/giftsCategoriesList"}}}}}}},"/api/v1/gifts/users/{id}/":{"get":{"tags":["Gifts"],"description":"Get user gifts list","operationId":"userGiftsList","parameters":[{"name":"id","in":"path","description":"User ID","required":true,"style":"simple","explode":false,"schema":{"type":"integer"}},{"name":"page","in":"query","description":"Page number","required":false,"style":"form","explode":true,"schema":{"type":"integer"}},{"name":"limit","in":"query","description":"Items per page","required":false,"style":"form","explode":true,"schema":{"type":"integer"}}],"responses":{"200":{"description":"Successful operation","content":{"application/json":{"schema":{"$ref":"#/components/schemas/userGiftsList"}}}}}}},"/api/v1/gifts/":{"get":{"tags":["Gifts"],"description":"Get Gifts List","operationId":"giftsList","parameters":[{"name":"id_category","in":"query","description":"Filter by category ID","required":false,"style":"form","explode":true,"schema":{"type":"integer"}}],"responses":{"200":{"description":"Successful operation","content":{"application/json":{"schema":{"$ref":"#/components/schemas/giftsList"}}}}}}},"/api/v1/gifts/{id}/purchased/":{"post":{"tags":["Gifts"],"description":"Purchase gift","operationId":"giftsPurchase","parameters":[{"name":"id","in":"path","description":"Gift ID","required":true,"style":"simple","explode":false,"schema":{"type":"integer"}}],"requestBody":{"description":"Purchase gift","content":{"application/json":{"schema":{"$ref":"#/components/schemas/purchaseGiftParams"}}},"required":true},"responses":{"201":{"description":"Successful operation","content":{"application/json":{"schema":{"$ref":"#/components/schemas/giftPurchase"}}}},"404":{"description":"Gift not found","content":{"application/json":{"schema":{"$ref":"#/components/schemas/404"}}}},"400":{"description":"Bad request","content":{"application/json":{"schema":{"$ref":"#/components/schemas/400"}}}}}}},"/api/v1/gifts/targets/":{"get":{"tags":["Gifts"],"description":"Get gifts targets list","operationId":"giftsTargetsList","parameters":[{"name":"name","in":"query","description":"Filter by user name","required":false,"style":"form","explode":true,"schema":{"type":"string"}}],"responses":{"200":{"description":"Successful operation","content":{"application/json":{"schema":{"$ref":"#/components/schemas/giftsTargetsList"}}}}}}},"/api/v1/gradeGroups/":{"get":{"tags":["Grade Groups"],"description":"Get grade groups list","operationId":"getGradeGroups","responses":{"200":{"description":"Successful operation","content":{"application/json":{"schema":{"$ref":"#/components/schemas/gradeGroups"}}}}}}},"/api/v1/lessonTimesheet/{id}/":{"get":{"tags":["Lesson Timesheet"],"description":"Get Lesson Data","operationId":"getByID","parameters":[{"name":"id","in":"path","description":"Lesson ID","required":true,"style":"simple","explode":false,"schema":{"type":"integer"}}],"responses":{"200":{"description":"Successful operation","content":{"application/json":{"schema":{"$ref":"#/components/schemas/diaryLesson"}}}}}}},"/api/v1/monetization/points/packs/":{"get":{"tags":["Points"],"description":"Get points packs list","operationId":"getPointsPacksList","parameters":[{"name":"code","in":"query","description":"Filter by currency code","required":true,"style":"form","explode":true,"schema":{"type":"string"}}],"responses":{"200":{"description":"Successful operation","content":{"application/json":{"schema":{"$ref":"#/components/schemas/pointsPacksList"}}}},"404":{"description":"Points packs by code not found","content":{"application/json":{"schema":{"$ref":"#/components/schemas/404"}}}},"400":{"description":"Bad request","content":{"application/json":{"schema":{"$ref":"#/components/schemas/400"}}}}}}},"/api/v1/monetization/points/packs/{id}/purchased/":{"post":{"tags":["Points"],"description":"Purchase of points pack","operationId":"purchaseOfPointsPack","parameters":[{"name":"id","in":"path","description":"ID pack that buy","required":true,"style":"simple","explode":false,"schema":{"type":"integer"}}],"requestBody":{"description":"Purchase gift","content":{"application/json":{"schema":{"$ref":"#/components/schemas/purchaseOfPointsPackParams"}}},"required":true},"responses":{"201":{"description":"Successful operation","content":{"application/json":{"schema":{"$ref":"#/components/schemas/pointsPackOrder"}}}},"404":{"description":"Payment system not found","content":{"application/json":{"schema":{"$ref":"#/components/schemas/404"}}}},"400":{"description":"Bad request","content":{"application/json":{"schema":{"$ref":"#/components/schemas/400"}}}}}}},"/api/v1/paymentSystems/":{"get":{"tags":["Payments Systems"],"description":"Get Payment Systems list","operationId":"paymentSystemsList","responses":{"200":{"description":"Successful operation","content":{"application/json":{"schema":{"$ref":"#/components/schemas/paymentSystemsList"}}}}}}},"/api/v1/schoolChats/":{"get":{"tags":["Chats"],"description":"Get chat list for current user","operationId":"chatsList","responses":{"200":{"description":"Successful operation","content":{"application/json":{"schema":{"$ref":"#/components/schemas/chatsList"}}}}}},"post":{"tags":["Chats"],"description":"Create a chat.","operationId":"createChat","requestBody":{"description":"Create a chat.","content":{"application/json":{"schema":{"required":["users_ids"],"type":"object","properties":{"users_ids":{"type":"array","description":"Chat users IDs","items":{"type":"integer"}},"name":{"type":"string","description":"Chat name","nullable":true}}}}}},"responses":{"200":{"description":"Successful operation","content":{"application/json":{"schema":{"type":"object"}}}}}}},"/api/v1/schoolChats/{id}/":{"get":{"tags":["Chats"],"description":"Get detail chat info","operationId":"chatDetail","parameters":[{"name":"id","in":"path","description":"Chat ID","required":true,"style":"simple","explode":false,"schema":{"type":"integer"}}],"responses":{"200":{"description":"Successful operation","content":{"application/json":{"schema":{"$ref":"#/components/schemas/chatDetail"}}}}}},"put":{"tags":["Chats"],"description":"Update chat.","operationId":"updateChat","parameters":[{"name":"id","in":"path","description":"Chat ID","required":true,"style":"simple","explode":false,"schema":{"type":"integer"}}],"requestBody":{"description":"Update chat","content":{"application/json":{"schema":{"type":"object","properties":{"users_ids":{"type":"array","description":"Chat users IDs","items":{"type":"integer"}},"name":{"type":"string","description":"Chat name","nullable":true}}}}}},"responses":{"200":{"description":"Successful operation","content":{"application/json":{"schema":{"$ref":"#/components/schemas/entityUpdated"}}}},"404":{"description":"Chat not found","content":{"application/json":{"schema":{"$ref":"#/components/schemas/404"}}}},"403":{"description":"Only for chat author","content":{"application/json":{"schema":{"$ref":"#/components/schemas/403"}}}}}},"delete":{"tags":["Chats"],"description":"Delete chat.","operationId":"deleteChat","parameters":[{"name":"id","in":"path","description":"Chat ID","required":true,"style":"simple","explode":false,"schema":{"type":"integer"}}],"responses":{"200":{"description":"Successful operation","content":{"application/json":{"schema":{"$ref":"#/components/schemas/entityRemoved"}}}},"404":{"description":"Chat not found","content":{"application/json":{"schema":{"$ref":"#/components/schemas/404"}}}},"403":{"description":"Only for chat author","content":{"application/json":{"schema":{"$ref":"#/components/schemas/403"}}}}}}},"/api/v1/schoolChats/{id_chat}/messages/{id_message}/":{"delete":{"tags":["Chats"],"description":"Delete message from chat","operationId":"deleteMessage","parameters":[{"name":"id_chat","in":"path","description":"Chat ID","required":true,"style":"simple","explode":false,"schema":{"type":"integer"}},{"name":"id_message","in":"path","description":"Message ID","required":true,"style":"simple","explode":false,"schema":{"type":"integer"}}],"responses":{"200":{"description":"Successful operation","content":{"application/json":{"schema":{"$ref":"#/components/schemas/entityRemoved"}}}},"404":{"description":"Message not found","content":{"application/json":{"schema":{"$ref":"#/components/schemas/404"}}}},"403":{"description":"Access denied","content":{"application/json":{"schema":{"$ref":"#/components/schemas/403"}}}}}}},"/api/v1/schoolChats/{id_chat}/messages/{id_message}/read/":{"put":{"tags":["Chats"],"description":"Marks a message as read","operationId":"readMessage","parameters":[{"name":"id_chat","in":"path","description":"Chat ID","required":true,"style":"simple","explode":false,"schema":{"type":"integer"}},{"name":"id_message","in":"path","description":"Message ID","required":true,"style":"simple","explode":false,"schema":{"type":"integer"}}],"responses":{"200":{"description":"Successful operation","content":{"application/json":{"schema":{"$ref":"#/components/schemas/entityUpdated"}}}},"404":{"description":"Message not found","content":{"application/json":{"schema":{"$ref":"#/components/schemas/404"}}}},"403":{"description":"Access denied","content":{"application/json":{"schema":{"$ref":"#/components/schemas/403"}}}}}}},"/api/v1/schoolChats/{id}/messages/":{"get":{"tags":["Chats"],"description":"Get chat messages list","operationId":"chatMessagesList","parameters":[{"name":"id","in":"path","description":"Chat ID","required":true,"style":"simple","explode":false,"schema":{"type":"integer"}},{"name":"message_id","in":"query","description":"ID of last read message","required":false,"style":"form","explode":true,"schema":{"type":"integer"}},{"name":"newer_message_id","in":"query","description":"Offset message ID","required":false,"style":"form","explode":true,"schema":{"type":"integer"}},{"name":"older_message_id","in":"query","description":"Offset message ID","required":false,"style":"form","explode":true,"schema":{"type":"integer"}},{"name":"limit","in":"query","description":"Items per page","required":true,"style":"form","explode":true,"schema":{"type":"integer"}}],"responses":{"200":{"description":"Successful operation","content":{"application/json":{"schema":{"$ref":"#/components/schemas/chatMessagesList"}}}}}},"post":{"tags":["Chats"],"description":"Send message in chat","operationId":"sendChatMessage","parameters":[{"name":"id","in":"path","description":"Chat ID","required":true,"style":"simple","explode":false,"schema":{"type":"integer"}}],"requestBody":{"description":"Send message","content":{"application/json":{"schema":{"$ref":"#/components/schemas/sendMessageParams"}}},"required":true},"responses":{"201":{"description":"Successful operation","content":{"application/json":{"schema":{"$ref":"#/components/schemas/messageSent"}}}},"403":{"description":"Permission denied","content":{"application/json":{"schema":{"$ref":"#/components/schemas/403"}}}}}}},"/api/v1/schoolChats/users/{id}/":{"get":{"tags":["Chats"],"description":"Get private chat with user.","operationId":"getPrivateChat","parameters":[{"name":"id","in":"path","description":"User ID","required":true,"style":"simple","explode":false,"schema":{"type":"integer"}}],"responses":{"200":{"description":"Successful operation","content":{"application/json":{"schema":{"type":"object"}}}},"404":{"description":"Chat not found","content":{"application/json":{"schema":{"$ref":"#/components/schemas/404"}}}}}}},"/api/v1/schoolUsers/{id}/balance/":{"get":{"tags":["Users"],"description":"Get User Balance","operationId":"getUserBalance","parameters":[{"name":"id","in":"path","description":"User ID","required":true,"style":"simple","explode":false,"schema":{"type":"integer"}}],"responses":{"200":{"description":"Successful operation","content":{"application/json":{"schema":{"$ref":"#/components/schemas/userBalance"}}}},"404":{"description":"User not found","content":{"application/json":{"schema":{"$ref":"#/components/schemas/404"}}}},"403":{"description":"Not enough rights","content":{"application/json":{"schema":{"$ref":"#/components/schemas/403"}}}}}}},"/api/v1/schoolUsers/me/":{"get":{"tags":["Users"],"description":"Get current user info","operationId":"currentUserInfo","responses":{"200":{"description":"Successful operation","content":{"application/json":{"schema":{"$ref":"#/components/schemas/currentUser"}}}}}}},"/api/v1/schoolUsers/password/forgot/":{"post":{"tags":["Users"],"description":"Forgot password - send new via email","operationId":"forgotPassword","requestBody":{"description":"Email to refresh password","content":{"application/json":{"schema":{"$ref":"#/components/schemas/forgotPasswordParams"}}},"required":true},"responses":{"200":{"description":"Successful operation","content":{"application/json":{"schema":{"$ref":"#/components/schemas/forgotPassword"}}}}}}},"/api/v1/schoolUsers/password/change/":{"post":{"tags":["Users"],"description":"Change password","operationId":"changePassword","requestBody":{"description":"Change password data","content":{"application/json":{"schema":{"$ref":"#/components/schemas/changePasswordParams"}}},"required":true},"responses":{"200":{"description":"Successful operation","content":{"application/json":{"schema":{"$ref":"#/components/schemas/changePassword"}}}}}}},"/api/v1/schoolUsers/registration/":{"post":{"tags":["Users"],"description":"Register new user","operationId":"registration","requestBody":{"description":"Register new user","content":{"application/json":{"schema":{"$ref":"#/components/schemas/registrerUserParams"}}},"required":true},"responses":{"200":{"description":"Successful operation","content":{"application/json":{"schema":{"$ref":"#/components/schemas/registerUser"}}}}}}},"/api/v1/schools/":{"get":{"tags":["School"],"description":"Search school by name","operationId":"searchSchool","parameters":[{"name":"name","in":"query","description":"School name","required":true,"style":"form","explode":true,"schema":{"type":"string"}}],"responses":{"200":{"description":"Successful operation","content":{"application/json":{"schema":{"$ref":"#/components/schemas/school"}}}}}}},"/api/v1/schools/{id}/studyGroups/":{"get":{"tags":["School"],"description":"Get study group list by school","operationId":"getSchoolStudyGroups","parameters":[{"name":"id","in":"path","description":"School id","required":true,"style":"simple","explode":false,"schema":{"type":"integer"}}],"responses":{"200":{"description":"Successful operation","content":{"application/json":{"schema":{"$ref":"#/components/schemas/schoolStudyGroupList"}}}}}},"post":{"tags":["School"],"description":"Create study group with type class","operationId":"createStudyGroup","parameters":[{"name":"id","in":"path","description":"School id","required":true,"style":"simple","explode":false,"schema":{"type":"integer"}}],"requestBody":{"description":"Create study group (class)","content":{"application/json":{"schema":{"$ref":"#/components/schemas/createStudyGroupParams"}}},"required":true},"responses":{"201":{"description":"Successful operation","content":{"application/json":{"schema":{"$ref":"#/components/schemas/createdStudyGroup"}}}},"403":{"description":"Permission denied","content":{"application/json":{"schema":{"$ref":"#/components/schemas/403"}}}}}}},"/api/v1/schools/requests/":{"get":{"tags":["Company join requests"],"description":"Get company join requests","operationId":"getJoinCompanyRequests","parameters":[{"name":"page","in":"query","description":"Page number","required":false,"style":"form","explode":true,"schema":{"type":"integer"}},{"name":"limit","in":"query","description":"Items per page","required":false,"style":"form","explode":true,"schema":{"type":"integer"}}],"responses":{"200":{"description":"Successful operation","content":{"application/json":{"schema":{"$ref":"#/components/schemas/joinRequestsList"}}}}}},"post":{"tags":["Company join requests"],"description":"Send Join Company Request","operationId":"createJoinCompanyRequest","requestBody":{"description":"Add request","content":{"application/json":{"schema":{"$ref":"#/components/schemas/addCompanyJoinRequestParams"}}},"required":true},"responses":{"201":{"description":"Successful operation","content":{"application/json":{"schema":{"type":"object"}}}},"400":{"description":"Bad request","content":{"application/json":{"schema":{"$ref":"#/components/schemas/400"}}}},"403":{"description":"Not enough rights","content":{"application/json":{"schema":{"$ref":"#/components/schemas/403"}}}}}}},"/api/v1/studentsAssignments/{id}/":{"get":{"tags":["Assignment Proposals Tasks"],"description":"Get Assignment Proposal","operationId":"getAssignmentProposal","parameters":[{"name":"id","in":"path","description":"Assignment Proposal ID","required":true,"style":"simple","explode":false,"schema":{"type":"integer"}}],"responses":{"200":{"description":"Successful operation","content":{"application/json":{"schema":{"$ref":"#/components/schemas/proposalAssignment"}}}},"404":{"description":"Assignment not found","content":{"application/json":{"schema":{"$ref":"#/components/schemas/404"}}}}}},"put":{"tags":["Assignment Proposals Tasks"],"description":"Update Assignment Proposal","operationId":"updateAssignmentProposal","parameters":[{"name":"id","in":"path","description":"Assignment Proposal ID","required":true,"style":"simple","explode":false,"schema":{"type":"integer"}}],"requestBody":{"description":"Update Assignment Proposal","content":{"application/json":{"schema":{"type":"object","properties":{"files_ids":{"type":"array","description":"Files IDs","nullable":true,"items":{"type":"integer"}},"files":{"type":"array","description":"Files","nullable":true,"items":{"type":"string"}},"task":{"type":"string","description":"Task","nullable":true}}}}},"required":true},"responses":{"200":{"description":"Successful operation","content":{"application/json":{"schema":{"$ref":"#/components/schemas/entityUpdated"}}}},"400":{"description":"Bad request","content":{"application/json":{"schema":{"$ref":"#/components/schemas/400"}}}}}},"delete":{"tags":["Assignment Proposals Tasks"],"description":"Delete Proposal Upload","operationId":"deleteAssignmentProposal","parameters":[{"name":"id","in":"path","description":"Assignment Proposal ID","required":true,"style":"simple","explode":false,"schema":{"type":"integer"}}],"responses":{"200":{"description":"Successful operation","content":{"application/json":{"schema":{"$ref":"#/components/schemas/entityRemoved"}}}},"404":{"description":"Assignment not found","content":{"application/json":{"schema":{"$ref":"#/components/schemas/404"}}}}}}},"/api/v1/studentsAssignments/":{"post":{"tags":["Assignment Proposals Tasks"],"description":"Create Assignment Proposal","operationId":"createAssignmentProposal","requestBody":{"description":"Create Assignment Proposal","content":{"application/json":{"schema":{"required":["id_timesheet"],"type":"object","properties":{"id_timesheet":{"type":"integer","description":"Lesson ID"},"files_ids":{"type":"array","description":"Files IDs","items":{"type":"integer"}},"task":{"type":"string","description":"Task","nullable":true}}}}}},"responses":{"201":{"description":"Successful operation","content":{"application/json":{"schema":{"type":"object","properties":{"id":{"type":"integer","description":"Assignment Proposal ID"}}}}}},"400":{"description":"Bad request","content":{"application/json":{"schema":{"$ref":"#/components/schemas/400"}}}}}}},"/api/v1/timeline/feeds/":{"get":{"tags":["Feeds","Users News"],"description":"Get Feeds List","operationId":"feedsList","responses":{"200":{"description":"Successful operation","content":{"application/json":{"schema":{"$ref":"#/components/schemas/feedsList"}}}},"404":{"description":"User not found","content":{"application/json":{"schema":{"$ref":"#/components/schemas/404"}}}},"403":{"description":"Only for yourself and friends","content":{"application/json":{"schema":{"$ref":"#/components/schemas/403"}}}}}}},"/api/v1/timeline/users/{id}/feeds/":{"get":{"tags":["Feeds","Users News"],"description":"Get User Feeds List","operationId":"userFeedsList","parameters":[{"name":"id","in":"path","description":"User ID","required":true,"style":"simple","explode":false,"schema":{"type":"integer"}}],"responses":{"200":{"description":"Successful operation","content":{"application/json":{"schema":{"$ref":"#/components/schemas/feedsList"}}}},"404":{"description":"User not found","content":{"application/json":{"schema":{"$ref":"#/components/schemas/404"}}}},"403":{"description":"Only for yourself and friends","content":{"application/json":{"schema":{"$ref":"#/components/schemas/403"}}}}}},"post":{"tags":["Feeds","Users News"],"description":"Add feed to timeline.","operationId":"addFeed","parameters":[{"name":"id","in":"path","description":"User ID","required":true,"style":"simple","explode":false,"schema":{"type":"integer"}}],"requestBody":{"description":"Create Feed","content":{"application/json":{"schema":{"required":["content","id_file","type"],"type":"object","properties":{"type":{"type":"string","description":"Feed type"},"content":{"type":"string","description":"Feed content","nullable":true},"id_file":{"type":"integer","description":"File for feed content","nullable":true}}}}},"required":true},"responses":{"201":{"description":"Successful operation","content":{"application/json":{"schema":{"$ref":"#/components/schemas/feed"}}}},"404":{"description":"User not found","content":{"application/json":{"schema":{"$ref":"#/components/schemas/404"}}}},"403":{"description":"Only for yourself and friends","content":{"application/json":{"schema":{"$ref":"#/components/schemas/403"}}}}}}},"/api/v1/timeline/users/{id_user}/feeds/{id_feed}/":{"put":{"tags":["Feeds","Users News"],"description":"Update feed.","operationId":"updateFeed","parameters":[{"name":"id_user","in":"path","description":"User ID","required":true,"style":"simple","explode":false,"schema":{"type":"integer"}},{"name":"id_feed","in":"path","description":"Feed ID","required":true,"style":"simple","explode":false,"schema":{"type":"integer"}}],"requestBody":{"description":"Update Feed","content":{"application/json":{"schema":{"required":["content","id_file","type"],"type":"object","properties":{"type":{"type":"string","description":"Feed type"},"content":{"type":"string","description":"Feed content","nullable":true},"id_file":{"type":"string","description":"File for feed content","nullable":true}}}}},"required":true},"responses":{"200":{"description":"Successful operation","content":{"application/json":{"schema":{"$ref":"#/components/schemas/entityUpdated"}}}},"404":{"description":"User not found","content":{"application/json":{"schema":{"$ref":"#/components/schemas/404"}}}},"403":{"description":"Only for yourself and friends","content":{"application/json":{"schema":{"$ref":"#/components/schemas/403"}}}}}},"delete":{"tags":["Feeds","Users News"],"description":"Delete feed.","operationId":"deleteFeed","parameters":[{"name":"id_user","in":"path","description":"User ID","required":true,"style":"simple","explode":false,"schema":{"type":"integer"}},{"name":"id_feed","in":"path","description":"Feed ID","required":true,"style":"simple","explode":false,"schema":{"type":"integer"}}],"responses":{"200":{"description":"Successful operation","content":{"application/json":{"schema":{"$ref":"#/components/schemas/entityRemoved"}}}},"404":{"description":"User not found","content":{"application/json":{"schema":{"$ref":"#/components/schemas/404"}}}},"403":{"description":"Only for yourself and friends","content":{"application/json":{"schema":{"$ref":"#/components/schemas/403"}}}}}}},"/api/v1/timeline/{id}/comments/":{"get":{"tags":["Feed Comments"],"description":"Get Feed Comments List","operationId":"feedCommentsList","parameters":[{"name":"id","in":"path","description":"Feed ID","required":true,"style":"simple","explode":false,"schema":{"type":"integer"}}],"responses":{"200":{"description":"Successful operation","content":{"application/json":{"schema":{"$ref":"#/components/schemas/feedCommentsList"}}}},"404":{"description":"User not found","content":{"application/json":{"schema":{"$ref":"#/components/schemas/404"}}}},"403":{"description":"Only for yourself and friends","content":{"application/json":{"schema":{"$ref":"#/components/schemas/403"}}}}}},"post":{"tags":["Feed Comments"],"description":"Add comment to feed.","operationId":"addFeedComment","parameters":[{"name":"id","in":"path","description":"Feed ID","required":true,"style":"simple","explode":false,"schema":{"type":"integer"}}],"requestBody":{"description":"Add comment to feed","content":{"application/json":{"schema":{"required":["content"],"type":"object","properties":{"content":{"type":"string","description":"Comment content","nullable":false}}}}}},"responses":{"201":{"description":"Successful operation","content":{"application/json":{"schema":{"type":"object"}}}},"404":{"description":"User not found","content":{"application/json":{"schema":{"$ref":"#/components/schemas/404"}}}},"403":{"description":"Only for yourself and friends","content":{"application/json":{"schema":{"$ref":"#/components/schemas/403"}}}}}}},"/api/v1/timeline/{id}/comments/{id_comment}/":{"put":{"tags":["Feed Comments"],"description":"Update comment to feed.","operationId":"updateFeedComment","parameters":[{"name":"id","in":"path","description":"Feed ID","required":true,"style":"simple","explode":false,"schema":{"type":"integer"}},{"name":"id_comment","in":"path","description":"Comment ID","required":true,"style":"simple","explode":false,"schema":{"type":"integer"}}],"requestBody":{"description":"Update comment to feed","content":{"application/json":{"schema":{"required":["content"],"type":"object","properties":{"content":{"type":"string","description":"Comment content","nullable":false}}}}}},"responses":{"200":{"description":"Successful operation","content":{"application/json":{"schema":{"$ref":"#/components/schemas/entityUpdated"}}}},"404":{"description":"User not found","content":{"application/json":{"schema":{"$ref":"#/components/schemas/404"}}}},"403":{"description":"Only for yourself and friends","content":{"application/json":{"schema":{"$ref":"#/components/schemas/403"}}}}}},"delete":{"tags":["Feed Comments"],"description":"Delete comment to feed.","operationId":"deleteFeedComment","parameters":[{"name":"id","in":"path","description":"Feed ID","required":true,"style":"simple","explode":false,"schema":{"type":"integer"}},{"name":"id_comment","in":"path","description":"Comment ID","required":true,"style":"simple","explode":false,"schema":{"type":"integer"}}],"responses":{"200":{"description":"Successful operation","content":{"application/json":{"schema":{"$ref":"#/components/schemas/entityRemoved"}}}},"404":{"description":"User not found","content":{"application/json":{"schema":{"$ref":"#/components/schemas/404"}}}},"403":{"description":"Only for yourself and friends","content":{"application/json":{"schema":{"$ref":"#/components/schemas/403"}}}}}}},"/api/v1/timeline/{id}/reactions/":{"get":{"tags":["Feed Reactions"],"description":"Get all reactions from feed.","operationId":"feedReactionsList","parameters":[{"name":"id","in":"path","description":"Feed ID","required":true,"style":"simple","explode":false,"schema":{"type":"integer"}}],"responses":{"200":{"description":"Successful operation","content":{"application/json":{"schema":{"$ref":"#/components/schemas/feedReactionsList"}}}},"404":{"description":"User not found","content":{"application/json":{"schema":{"$ref":"#/components/schemas/404"}}}},"403":{"description":"Only for yourself and friends","content":{"application/json":{"schema":{"$ref":"#/components/schemas/403"}}}}}},"post":{"tags":["Feed Reactions"],"description":"Add reaction to feed.","operationId":"addFeedReaction","parameters":[{"name":"id","in":"path","description":"Feed ID","required":true,"style":"simple","explode":false,"schema":{"type":"integer"}}],"requestBody":{"description":"Add reaction to feed.","content":{"application/json":{"schema":{"required":["type"],"type":"object","properties":{"type":{"type":"string","description":"Reaction type","nullable":false}}}}}},"responses":{"201":{"description":"Successful operation","content":{"application/json":{"schema":{"type":"object"}}}},"404":{"description":"User not found","content":{"application/json":{"schema":{"$ref":"#/components/schemas/404"}}}},"403":{"description":"Only for yourself and friends","content":{"application/json":{"schema":{"$ref":"#/components/schemas/403"}}}}}}},"/api/v1/timeline/{id}/reactions/{id_reaction}/":{"delete":{"tags":["Feed Reactions"],"description":"Delete reaction from feed.","operationId":"deleteFeedReaction","parameters":[{"name":"id","in":"path","description":"Feed ID","required":true,"style":"simple","explode":false,"schema":{"type":"integer"}},{"name":"id_reaction","in":"path","description":"Reaction ID","required":true,"style":"simple","explode":false,"schema":{"type":"integer"}}],"responses":{"200":{"description":"Successful operation","content":{"application/json":{"schema":{"$ref":"#/components/schemas/entityRemoved"}}}},"404":{"description":"User not found","content":{"application/json":{"schema":{"$ref":"#/components/schemas/404"}}}},"403":{"description":"Only for yourself and friends","content":{"application/json":{"schema":{"$ref":"#/components/schemas/403"}}}}}}},"/api/v1/uploads/":{"post":{"tags":["Uploads"],"description":"Upload file to server","operationId":"uploadFile","requestBody":{"description":"Create Upload","content":{"multipart/form-data":{"schema":{"$ref":"#/components/schemas/uploadFile"}}},"required":true},"responses":{"201":{"description":"Successful operation","content":{"application/json":{"schema":{"$ref":"#/components/schemas/uploadedFile"}}}},"400":{"description":"Bad request","content":{"application/json":{"schema":{"$ref":"#/components/schemas/400"}}}}}}},"/api/v1/uploads/{id}/":{"delete":{"tags":["Uploads"],"description":"Delete file","operationId":"deleteFile","parameters":[{"name":"id","in":"path","description":"File ID","required":true,"style":"simple","explode":false,"schema":{"type":"integer"}}],"responses":{"200":{"description":"Successful operation","content":{"application/json":{"schema":{"$ref":"#/components/schemas/entityRemoved"}}}}}}},"/api/v1/userNotifications/":{"get":{"tags":["Users Notifications"],"description":"Get User Notifications List","operationId":"getUserNotificationsList","parameters":[{"name":"page","in":"query","description":"Page number","required":false,"style":"form","explode":true,"schema":{"type":"integer"}},{"name":"status","in":"query","description":"Notification status","required":false,"style":"form","explode":true,"schema":{"type":"string"}}],"responses":{"200":{"description":"Successful operation","content":{"application/json":{"schema":{"$ref":"#/components/schemas/userNotificationsList"}}}}}}},"/api/v1/userNotifications/{id}/viewed/":{"post":{"tags":["Users Notifications"],"description":"Read User Notification","operationId":"readUserNotification","parameters":[{"name":"id","in":"path","description":"Notification ID","required":true,"style":"simple","explode":false,"schema":{"type":"integer"}}],"responses":{"200":{"description":"Successful operation","content":{"application/json":{"schema":{"$ref":"#/components/schemas/entityUpdated"}}}},"404":{"description":"Notification not found","content":{"application/json":{"schema":{"$ref":"#/components/schemas/404"}}}},"403":{"description":"Only for owner","content":{"application/json":{"schema":{"$ref":"#/components/schemas/403"}}}}}}},"/api/v1/userNotifications/all/viewed/":{"post":{"tags":["Users Notifications"],"description":"Read All User Notification","operationId":"readAllUserNotification","responses":{"200":{"description":"Successful operation","content":{"application/json":{"schema":{"$ref":"#/components/schemas/entityUpdated"}}}}}}},"/api/v1/userSettings/":{"get":{"tags":["User Settings"],"description":"Get User Settings","operationId":"getUserSettings","responses":{"200":{"description":"Successful operation","content":{"application/json":{"schema":{"$ref":"#/components/schemas/userSettingsList"}}}},"404":{"description":"User not found","content":{"application/json":{"schema":{"$ref":"#/components/schemas/404"}}}}}}},"/api/v1/userSettings/language/":{"put":{"tags":["User Settings"],"description":"Update User Settings Language","operationId":"updateUserSettingsLanguage","requestBody":{"content":{"application/json":{"schema":{"required":["value"],"type":"object","properties":{"value":{"type":"string","description":"New Value","enum":["ua","en","pl"]}}}}},"required":true},"responses":{"200":{"description":"Successful operation","content":{"application/json":{"schema":{"$ref":"#/components/schemas/entityUpdated"}}}},"400":{"description":"Bad request","content":{"application/json":{"schema":{"$ref":"#/components/schemas/400"}}}}}}},"/api/v1/userSettings/phone/":{"put":{"tags":["User Settings"],"description":"Update User Settings Phone","operationId":"updateUserSettingsPhone","requestBody":{"content":{"application/json":{"schema":{"required":["value"],"type":"object","properties":{"value":{"type":"string","description":"New Value"}}}}},"required":true},"responses":{"201":{"description":"Successful operation","content":{"application/json":{"schema":{"$ref":"#/components/schemas/entityUpdated"}}}},"400":{"description":"Bad request","content":{"application/json":{"schema":{"$ref":"#/components/schemas/400"}}}}}},"delete":{"tags":["User Settings"],"description":"Delete User Settings Phone","operationId":"deleteUserSettingsPhone","responses":{"200":{"description":"Successful operation","content":{"application/json":{"schema":{"$ref":"#/components/schemas/entityRemoved"}}}},"400":{"description":"Bad request","content":{"application/json":{"schema":{"$ref":"#/components/schemas/400"}}}}}}},"/api/v1/userSettings/password/":{"put":{"tags":["User Settings"],"description":"Update User Settings Password","operationId":"updateUserSettingsPassword","requestBody":{"content":{"application/json":{"schema":{"required":["oldValue","value"],"type":"object","properties":{"value":{"type":"string","description":"New Value"},"oldValue":{"type":"string","description":"Old Value"}}}}},"required":true},"responses":{"200":{"description":"Successful operation","content":{"application/json":{"schema":{"$ref":"#/components/schemas/entityUpdated"}}}},"400":{"description":"Bad request","content":{"application/json":{"schema":{"$ref":"#/components/schemas/400"}}}}}}},"/api/v1/userSettings/avatar/":{"put":{"tags":["User Settings"],"description":"Update User Settings Avatar","operationId":"updateUserSettingsAvatar","requestBody":{"content":{"application/json":{"schema":{"required":["file_id"],"type":"object","properties":{"file_id":{"type":"string","description":"File ID"}}}}},"required":true},"responses":{"201":{"description":"Successful operation","content":{"application/json":{"schema":{"$ref":"#/components/schemas/entityUpdated"}}}},"400":{"description":"Bad request","content":{"application/json":{"schema":{"$ref":"#/components/schemas/400"}}}}}},"delete":{"tags":["User Settings"],"description":"Delete User Settings Avatar","operationId":"deleteUserSettingsAvatar","responses":{"200":{"description":"Successful operation","content":{"application/json":{"schema":{"$ref":"#/components/schemas/entityRemoved"}}}},"400":{"description":"Bad request","content":{"application/json":{"schema":{"$ref":"#/components/schemas/400"}}}}}}},"/api/v1/userSettings/background/":{"put":{"tags":["User Settings"],"description":"Update User Settings Background","operationId":"updateUserSettingsBackground","requestBody":{"content":{"application/json":{"schema":{"required":["file_id"],"type":"object","properties":{"file_id":{"type":"string","description":"File ID"}}}}},"required":true},"responses":{"201":{"description":"Successful operation","content":{"application/json":{"schema":{"$ref":"#/components/schemas/entityUpdated"}}}},"400":{"description":"Bad request","content":{"application/json":{"schema":{"$ref":"#/components/schemas/400"}}}}}},"delete":{"tags":["User Settings"],"description":"Delete User Settings Background","operationId":"deleteUserSettingsBackground","responses":{"200":{"description":"Successful operation","content":{"application/json":{"schema":{"$ref":"#/components/schemas/entityRemoved"}}}},"400":{"description":"Bad request","content":{"application/json":{"schema":{"$ref":"#/components/schemas/400"}}}}}}},"/api/v1/usersProfile/{id}/":{"get":{"tags":["User Profile"],"description":"Get Profile User info","operationId":"profileUser","parameters":[{"name":"id","in":"path","description":"User ID","required":true,"style":"simple","explode":false,"schema":{"type":"integer"}}],"responses":{"200":{"description":"Successful operation","content":{"application/json":{"schema":{"$ref":"#/components/schemas/profileUser"}}}},"404":{"description":"User not found","content":{"application/json":{"schema":{"$ref":"#/components/schemas/404"}}}}}}}},"components":{"schemas":{"appsList":{"type":"object","properties":{"data":{"type":"array","items":{"$ref":"#/components/schemas/appInfo"}},"meta":{}}},"appInfo":{"type":"object","properties":{"id":{"type":"integer","description":"App ID"},"caption":{"type":"string","description":"Caption","nullable":true},"cover":{"type":"string","description":"App image cover","nullable":true},"author":{"$ref":"#/components/schemas/userInfo"},"pegi":{"type":"integer","description":"PEGI rating"}}},"uploadAssignment":{"type":"object","properties":{"id":{"type":"integer","description":"Upload ID"},"id_user":{"type":"integer","description":"Owner ID"},"id_assignment":{"type":"integer","description":"Assignment ID"},"files":{"type":"array","description":"Files","items":{"$ref":"#/components/schemas/filesCollection"}},"comment":{"type":"string","description":"Comment"},"grade":{"type":"string","description":"Grade"},"teacher_comment":{"type":"string","description":"Teacher Comment"},"id_grade":{"type":"integer","description":"Grade ID"},"cdate":{"type":"string","description":"Date creation YYYY-MM-DD H:i:s","nullable":true}}},"attendanceReport":{"type":"object","properties":{"id_school":{"type":"integer","description":"School ID"},"id_aikom":{"type":"integer","description":"AIKOM ID"},"school_name":{"type":"string","description":"School Name"},"data":{"type":"array","items":{"$ref":"#/components/schemas/attendanceReportByDate"}}}},"attendanceReportByDate":{"type":"object","properties":{"date":{"type":"string","description":"Study Date YYYY-MM-DD"},"study_groups":{"type":"array","items":{"$ref":"#/components/schemas/attendanceReportByStudyGroup"}}}},"attendanceReportByStudyGroup":{"type":"object","properties":{"parallel":{"type":"string","description":"Study Parallel"},"id_study_group":{"type":"integer","description":"Study Group ID"},"name":{"type":"string","description":"Study Group Name"},"total_students":{"type":"integer","description":"Total students in group"},"present_students":{"type":"integer","description":"Total present students on day"},"absent_students":{"type":"integer","description":"Total absent students on day"},"absent_due_to_illness":{"type":"integer","description":"Total students absent due to illness"},"absent_due_with_reason":{"type":"integer","description":"Total students absent due with reason"},"absent_due_without_reason":{"type":"integer","description":"Total students absent due without reason"}}},"400":{"type":"object","properties":{"error":{"type":"string","description":"Error message"},"displayError":{"type":"string","description":"Display error message"}}},"403":{"type":"object","properties":{"code":{"type":"string","description":"Error code"},"message":{"type":"string","description":"Error message"}}},"404":{"type":"object","properties":{"error":{"type":"string","description":"Error message"},"displayError":{"type":"string","description":"Display error message"}}},"filesCollection":{"type":"object","properties":{"fileName":{"type":"string"},"fileHttpPath":{"type":"string"}}},"file":{"type":"object","properties":{"fileName":{"type":"string"},"fileHttpPath":{"type":"string"},"type":{"type":"string"}}},"userInfo":{"type":"object","properties":{"id":{"type":"integer","description":"User ID"},"avatar":{"type":"string","description":"Avatar"},"name":{"type":"string","description":"Name"}}},"paginationMeta":{"type":"object","properties":{"page":{"type":"integer","description":"Current page number"},"pageSize":{"type":"integer","description":"Count rows to page"},"total":{"type":"integer","description":"Total count rows by conditions"},"totalPages":{"type":"integer","description":"Calculated count pages"}}},"entityRemoved":{"type":"object","properties":{"is_removed":{"type":"boolean","description":"Is Removed"}}},"entityUpdated":{"type":"object","properties":{"is_updated":{"type":"boolean","description":"Is Updated"}}},"bookList":{"type":"object","properties":{"data":{"type":"array","items":{"$ref":"#/components/schemas/book"}},"meta":{}}},"book":{"type":"object","properties":{"id":{"type":"integer","description":"Book ID"},"caption":{"type":"string","description":"Book caption"},"url":{"type":"string","description":"Book url"},"author_name":{"type":"string","description":"List of author names"},"discipline":{"type":"object","properties":{"id":{"type":"integer","description":"Discipline ID"},"name":{"type":"string","description":"Discipline name"}},"description":"Book discipline"}}},"childrenList":{"type":"object","properties":{"data":{"type":"array","items":{"$ref":"#/components/schemas/childInfo"}}}},"childInfo":{"type":"object","properties":{"id":{"type":"integer","description":"User ID"},"avatar":{"type":"string","description":"Avatar"},"firstName":{"type":"string","description":"First name"},"lastName":{"type":"string","description":"Last name"},"surname":{"type":"string","description":"Surname"},"school":{"type":"object","properties":{"id":{"type":"integer","description":"School ID"},"name":{"type":"string","description":"School name"}},"description":"School","nullable":true},"studyGroup":{"type":"object","properties":{"id":{"type":"integer","description":"Study group ID"},"name":{"type":"string","description":"Study group name"}},"description":"Study group","nullable":true}}},"addChildParams":{"type":"object","properties":{"id_school":{"type":"integer","description":"School ID"},"id_study_group":{"type":"integer","description":"Study group ID"},"name":{"type":"string","description":"Student first name"},"lastname":{"type":"string","description":"Student last name"},"surname":{"type":"string","description":"Student surname","nullable":true}}},"childAdd":{"type":"object","properties":{"id":{"type":"integer","description":"User ID"}}},"diary":{"type":"object","properties":{"data":{"type":"object"}}},"diaryDay":{"type":"object","properties":{"day":{"type":"object","description":"Lessons of the Day"}}},"diaryLesson":{"type":"object","properties":{"id":{"type":"integer","description":"Lesson ID"},"classroom_name":{"type":"string","description":"Classroom name"},"teacher_name":{"type":"string","description":"Teacher name"},"discipline_name":{"type":"string","description":"Discipline name"}}},"friendsList":{"type":"object","properties":{"data":{"type":"array","items":{"$ref":"#/components/schemas/userInfo"}},"meta":{}}},"friendRequest":{"type":"object","properties":{"id":{"type":"integer","description":"Friend Request ID"},"id_from":{"type":"integer","description":"Initiator User ID"},"id_to":{"type":"integer","description":"Recipient User ID"},"cdate":{"type":"string","description":"Date creation YYYY-MM-DD H:i:s"}}},"friendCandidate":{"type":"object","properties":{"candidate":{"description":"Found candidate","nullable":true},"isFriend":{"type":"boolean","description":"Whether the requested user is a friend of the current user"},"friendRequest":{"description":"Friend Request","nullable":true}}},"pointsHistoryList":{"type":"object","properties":{"data":{"type":"array","items":{"$ref":"#/components/schemas/point"}},"meta":{}}},"point":{"type":"object","properties":{"cdate":{"type":"string","description":"Transaction date"},"value":{"type":"number","description":"Transaction amount"},"message":{"type":"string","description":"Event description"}}},"schoolRatingList":{"type":"object","properties":{"data":{"type":"array","items":{"$ref":"#/components/schemas/userRating"}},"userRank":{}}},"userRating":{"type":"object","properties":{"id":{"type":"integer","description":"User ID"},"lastName":{"type":"string","description":"User last name"},"firstName":{"type":"string","description":"User first name"},"surname":{"type":"string","description":"User surname"},"fullName":{"type":"string","description":"User full name"},"avatar":{"type":"string","description":"User avatar"},"rank":{"type":"integer","description":"User position in ladder"},"experience":{"type":"integer","description":"User experience points"}}},"studyGroupRatingList":{"type":"object","properties":{"data":{"type":"array","items":{"$ref":"#/components/schemas/userRating"}}}},"giftsCategoriesList":{"type":"object","properties":{"data":{"type":"array","items":{"$ref":"#/components/schemas/giftsCategory"}}}},"giftsCategory":{"type":"object","properties":{"id":{"type":"integer","description":"Category ID"},"caption":{"type":"string","description":"Caption"},"active_from":{"type":"string","description":"Date from YYYY-MM-DD"},"active_to":{"type":"string","description":"Date to YYYY-MM-DD","nullable":true}}},"userGiftsList":{"type":"object","properties":{"data":{"type":"array","items":{"$ref":"#/components/schemas/userGift"}},"meta":{}}},"userGift":{"type":"object","properties":{"id":{"type":"integer","description":"Purchase ID"},"id_gift":{"type":"integer","description":"Gift ID"},"file":{"type":"string","description":"File HTTP path"},"gift_caption":{"type":"string","description":"Caption"},"id_category":{"type":"integer","description":"Category ID"},"cdate":{"type":"string","description":"Date gifted"},"is_anonymous":{"type":"boolean","description":"Is anonymous gift"},"message":{"type":"string","description":"Gift message"},"category_caption":{"type":"string","description":"Gift category caption"},"sender":{"description":"Gift Sender Info"}}},"giftsList":{"type":"object","properties":{"data":{"type":"array","items":{"$ref":"#/components/schemas/gift"}}}},"gift":{"type":"object","properties":{"id":{"type":"integer","description":"Gift ID"},"file":{"type":"string","description":"File HTTP path"},"caption":{"type":"string","description":"Caption"},"id_category":{"type":"integer","description":"Category ID"},"price":{"type":"number","description":"Price"}}},"purchaseGiftParams":{"type":"object","properties":{"id_recipient":{"type":"integer","description":"Recipient ID","nullable":true},"message":{"type":"string","description":"Message","nullable":true},"is_anonymous":{"type":"boolean","description":"Is anonymous","nullable":true}}},"giftPurchase":{"type":"object","properties":{"id":{"type":"integer","description":"Purchase ID"}}},"giftsTargetsList":{"type":"object","properties":{"data":{"type":"array","items":{"$ref":"#/components/schemas/userInfo"}}}},"gradeGroups":{"type":"object","properties":{"data":{"type":"array","items":{"$ref":"#/components/schemas/gradeGroupInfo"}}}},"gradeGroupInfo":{"type":"object","properties":{"id":{"type":"integer","description":"ID"},"name":{"type":"string","description":"Name"},"order_index":{"type":"integer","description":"Order"}}},"pointsPacksList":{"type":"object","properties":{"data":{"type":"array","items":{"$ref":"#/components/schemas/pointsPack"}}}},"pointsPack":{"type":"object","properties":{"id":{"type":"integer","description":"Points Pack ID"},"quantity":{"type":"integer","description":"Number of points in a package"},"price":{"type":"integer","description":"Price of a package"},"price_per_one_point":{"type":"number","description":"Price per one point of a package"},"currency":{"type":"string","description":"Pack currency code"},"currency_caption":{"type":"string","description":"Pack currency caption"}}},"purchaseOfPointsPackParams":{"type":"object","properties":{"payment_system_ident":{"type":"string","description":"ID of the payment system used"}}},"pointsPackOrder":{"type":"object","properties":{"ident":{"type":"string","description":"Order ident"},"url":{"type":"string","description":"Url for points pack purchase"}}},"paymentSystemsList":{"type":"object","properties":{"data":{"type":"array","items":{"$ref":"#/components/schemas/paymentSystem"}}}},"paymentSystem":{"type":"object","properties":{"id":{"type":"integer","description":"Category ID"},"caption":{"type":"string","description":"Caption"},"logo":{"type":"string","description":"Logo Http Path"},"ident":{"type":"string","description":"Unique ident"}}},"chatsList":{"type":"object","properties":{"data":{"type":"array","items":{"$ref":"#/components/schemas/chatListItem"}},"meta":{}}},"chatListItem":{"type":"object","properties":{"id":{"type":"integer","description":"Chat room ID"},"name":{"type":"string","description":"Chat name"},"last_activity_date":{"type":"string","description":"Date of chat creation or last message in chat"},"chat_type":{"type":"string","description":"Dialog | Group"},"chat_avatar":{"type":"string","description":"Partner avatar in dialog, null otherwise"},"last_message":{"type":"object","properties":{"id":{"type":"string","description":"Message ID"},"message":{"type":"string","description":"Message"},"cdate":{"type":"string","description":"Date of message creation"},"author":{"description":"Last message author"}},"description":"Last message in chat","nullable":true}}},"chatDetail":{"type":"object","properties":{"id":{"type":"integer","description":"Chat room ID"},"name":{"type":"string","description":"Chat name"},"chat_type":{"type":"string","description":"Dialog | Group"},"chat_avatar":{"type":"string","description":"Partner avatar in dialog, null otherwise"},"privacy":{"type":"string","description":"Chat privacy"},"author":{"description":"Chat author"},"members":{"type":"array","description":"Members list","items":{"$ref":"#/components/schemas/userInfo"}},"iceServers":{"type":"array","items":{"type":"string"}},"signalingServerUrls":{"type":"array","items":{"type":"string"}},"isStaticMembersList":{"type":"boolean"}}},"chatMessagesList":{"type":"object","properties":{"data":{"type":"array","items":{"$ref":"#/components/schemas/chatMessage"}},"meta":{}}},"chatMessage":{"type":"object","properties":{"id":{"type":"integer","description":"Chat message ID"},"id_author":{"type":"integer","description":"Message author ID"},"message":{"type":"string","description":"Message"},"cdate":{"type":"string","description":"Date of message creation"},"author":{"description":"Message author"}}},"messagesPaginationMeta":{"type":"object","properties":{"message_id":{"type":"integer","description":"Current message id offset"},"pageSize":{"type":"integer","description":"Count rows to page"},"total":{"type":"integer","description":"Total count rows by conditions"},"totalPages":{"type":"integer","description":"Calculated count pages"}}},"sendMessageParams":{"type":"object","properties":{"message":{"type":"string"}}},"messageSent":{"type":"object","properties":{"id":{"type":"integer","description":"Message ID"}}},"userBalance":{"type":"object","properties":{"id":{"type":"integer","description":"User ID"},"points":{"type":"number","description":"Points Count"},"experience":{"type":"number","description":"Experience Count"}}},"currentUser":{"type":"object","properties":{"id":{"type":"integer","description":"User ID"},"avatar":{"type":"string","description":"Avatar"},"firstName":{"type":"string","description":"First name"},"lastName":{"type":"string","description":"Last name"},"surname":{"type":"string","description":"Surname"},"lang":{"type":"string","description":"User language","nullable":true},"id_type":{"type":"integer","description":"User role ID"},"school":{"type":"object","properties":{"id":{"type":"integer","description":"School ID"},"name":{"type":"string","description":"School name"}},"description":"School","nullable":true},"studyGroup":{"type":"object","properties":{"id":{"type":"integer","description":"Study group ID"},"name":{"type":"string","description":"Study group name"}},"description":"Study group","nullable":true}}},"forgotPasswordParams":{"type":"object","properties":{"email":{"type":"string","description":"User email"}}},"forgotPassword":{"type":"object","properties":{"is_sent":{"type":"boolean","description":"Is sent email"}}},"changePasswordParams":{"type":"object","properties":{"token":{"type":"string","description":"User token"},"uid":{"type":"string","description":"User id"},"pass":{"type":"string","description":"Password"},"pass_confirm":{"type":"string","description":"Password confirmation"}}},"changePassword":{"type":"object","properties":{"is_changed":{"type":"boolean","description":"Is password changed"}}},"registrerUserParams":{"required":["email","name","pass"],"type":"object","properties":{"name":{"type":"string","description":"User name"},"email":{"type":"string","description":"Email"},"pass":{"type":"string","description":"Password"}}},"registerUser":{"type":"object","properties":{"token":{"type":"string","description":"New user token","nullable":true}}},"school":{"type":"object","properties":{"data":{"type":"array","items":{"$ref":"#/components/schemas/schoolInfo"}}}},"schoolInfo":{"type":"object","properties":{"id":{"type":"integer","description":"School ID"},"name":{"type":"string","description":"School name"},"is_active":{"type":"integer","description":"Is school on contract with platform"}}},"schoolStudyGroupList":{"type":"object","properties":{"data":{"type":"array","items":{"$ref":"#/components/schemas/schoolStudyGroupInfo"}}}},"schoolStudyGroupInfo":{"type":"object","properties":{"id":{"type":"integer","description":"Study group ID"},"name":{"type":"string","description":"Study group name"}}},"createStudyGroupParams":{"type":"object","properties":{"id_grade_group":{"type":"integer","description":"Grade group ID"},"name":{"type":"string","description":"Study group name"}}},"createdStudyGroup":{"type":"object","properties":{"id":{"type":"integer","description":"Study group ID"}}},"addCompanyJoinRequestParams":{"type":"object","properties":{"id_company":{"type":"integer","description":"School ID"},"id_study_group":{"type":"integer","description":"Study group ID"}}},"joinRequestsList":{"type":"object","properties":{"data":{"type":"array","items":{"$ref":"#/components/schemas/joinRequest"}},"meta":{}}},"joinRequest":{"type":"object","properties":{"id":{"type":"integer","description":"Request ID"},"school":{"type":"object","properties":{"id":{"type":"integer","description":"School ID"},"name":{"type":"string","description":"School name"}},"description":"School"},"studyGroup":{"type":"object","properties":{"id":{"type":"integer","description":"Study group ID"},"name":{"type":"string","description":"Study group name"}},"description":"Study group"},"comment":{"type":"string","description":"Admin comment"},"cdate":{"type":"string","description":"Date created"},"status":{"type":"string","description":"Request status"}}},"proposalAssignment":{"type":"object","properties":{"id":{"type":"integer","description":"Assignment Proposal ID"},"id_student":{"type":"integer","description":"Owner ID"},"id_timesheet":{"type":"integer","description":"Lesson ID"},"files":{"type":"array","description":"Files","items":{"$ref":"#/components/schemas/filesCollection"}},"task":{"type":"string","description":"Task"},"cdate":{"type":"string","description":"Date creation YYYY-MM-DD H:i:s","nullable":true}}},"feedUserReactions":{"type":"array","items":{"$ref":"#/components/schemas/feedUserReaction"}},"feedUserReaction":{"type":"object","properties":{"id":{"type":"integer","description":"Reaction ID"},"id_feed":{"type":"integer","description":"Feed ID"},"id_user":{"type":"integer","description":"Author ID"},"type":{"type":"string","description":"Reaction type"}}},"feedReactions":{"type":"object","additionalProperties":true},"feedsList":{"type":"object","properties":{"data":{"type":"array","items":{"$ref":"#/components/schemas/feed"}},"meta":{}}},"feedCommentsList":{"type":"object","properties":{"data":{"type":"array","items":{"$ref":"#/components/schemas/feedComment"}},"meta":{}}},"feedReactionsList":{"type":"object","properties":{"data":{"type":"array","items":{"$ref":"#/components/schemas/feedReaction"}},"meta":{}}},"feed":{"type":"object","properties":{"id":{"type":"integer","description":"Feed ID"},"id_user":{"type":"integer","description":"Recipient ID"},"id_author":{"type":"integer","description":"Owner ID"},"user":{"description":"User Info"},"author":{"description":"Owner Info"},"is_anonymous":{"type":"boolean","description":"Is Anonymous"},"is_administration":{"type":"boolean","description":"Is administration"},"status":{"type":"string","description":"Status"},"type":{"type":"string","description":"Type"},"content":{"type":"string","description":"Content"},"file":{"type":"string","description":"File"},"comments_count":{"type":"integer","description":"Comments Count"},"cdate":{"type":"string","description":"Date creation YYYY-MM-DD H:i:s"},"gift":{"description":"Gift Info"},"reactions":{"description":"Feed Reactions List"},"userReactions":{"description":"User Reactions List"}}},"feedComment":{"type":"object","properties":{"id":{"type":"integer","description":"Comment ID"},"id_feed":{"type":"integer","description":"Feed ID"},"id_author":{"type":"integer","description":"Owner ID"},"author":{"description":"Owner Info"},"cdate":{"type":"string","description":"Date creation YYYY-MM-DD H:i:s"}}},"updateFeedComment":{"type":"object","properties":{"id":{"type":"integer","description":"Comment ID"},"is_updated":{"type":"boolean","description":"Update confirmed?"}}},"feedReaction":{"type":"object","properties":{"id":{"type":"integer","description":"Reaction ID"},"id_feed":{"type":"integer","description":"Feed ID"},"id_user":{"type":"integer","description":"Owner ID"},"type":{"type":"string","description":"Reaction type"},"cdate":{"type":"string","description":"Date creation YYYY-MM-DD H:i:s"},"user":{"description":"Owner Info"}}},"uploadFile":{"required":["file"],"type":"object","properties":{"file":{"type":"string","description":"File content"}}},"uploadedFile":{"type":"object","properties":{"id_file":{"type":"integer","description":"File ID"}}},"userNotificationsList":{"type":"object","properties":{"data":{"type":"array","items":{"$ref":"#/components/schemas/userNotification"}},"meta":{}}},"userNotification":{"type":"object","properties":{"id":{"type":"integer","description":"Notification ID"},"id_user":{"type":"integer","description":"User ID"},"id_initiator":{"type":"integer","description":"Initiator ID"},"status":{"type":"string","description":"Status","enum":["new","viewed"]},"cdate":{"type":"string","description":"Date creation YYYY-MM-DD H:i:s"},"title":{"type":"string","description":"Title"},"text":{"type":"string","description":"Message"},"type":{"type":"string","description":"Type"}}},"userSettingsList":{"type":"object","properties":{"id":{"type":"integer","description":"User ID"},"name":{"type":"string","description":"User Name"},"lastname":{"type":"string","description":"User Last Name"},"full_name":{"type":"string","description":"User Full Name"},"email":{"type":"string","description":"User Email"},"phone":{"type":"string","description":"User Phone"},"avatar":{"type":"string","description":"User Avatar"},"background":{"type":"string","description":"User Profile Background"},"lang":{"type":"string","description":"User Lang Code"}}},"profileUser":{"type":"object","properties":{"id":{"type":"integer","description":"User ID"},"firstName":{"type":"string","description":"First Name"},"lastName":{"type":"string","description":"Last Name"},"surname":{"type":"string","description":"Surname"},"fullName":{"type":"string","description":"Full Name"},"displayName":{"type":"string","description":"Display Name"},"avatar":{"type":"string","description":"Avatar"},"avatarThumb":{"type":"string","description":"Avatar thumbnail"},"background":{"type":"string","description":"Background"},"isFriend":{"type":"boolean","description":"Whether the requested user is a friend of the current user"},"friendRequest":{"description":"Friend Request"}}}},"securitySchemes":{"bearerAuth":{"type":"http","scheme":"bearer","bearerFormat":"JWT"}}}}