{
  "openapi": "3.0.0",
  "info": {
    "title": "1Token Quote Api",
    "description": "Quote Api",
    "version": "0.0.2"
  },
  "servers": [
    {
      "url": "https://1token.trade/api/v1/quote"
    },
    {
      "url": "http://vue.qbtrade.org/api/v1/quote"
    }
  ],
  "paths": {
    "/candles": {
      "get": {
        "tags": [
          "Quote"
        ],
        "summary": "get candles",
        "parameters": [
          {
            "name": "contract",
            "in": "query",
            "description": "contract name",
            "required": true,
            "style": "form",
            "explode": true,
            "schema": {
              "type": "string"
            }
          },
          {
            "name": "source",
            "in": "query",
            "required": true,
            "style": "form",
            "explode": true,
            "schema": {
              "type": "string"
            }
          },
          {
            "name": "duration",
            "in": "query",
            "required": true,
            "style": "form",
            "explode": true,
            "schema": {
              "type": "string"
            }
          },
          {
            "name": "since",
            "in": "query",
            "required": true,
            "style": "form",
            "explode": true,
            "schema": {
              "type": "string"
            }
          }
        ],
        "responses": {
          "200": {
            "description": "info",
            "content": {
              "application/json": {
                "schema": {
                  "type": "array",
                  "items": {
                    "$ref": "#/components/schemas/Candles"
                  }
                }
              }
            }
          }
        },
        "x-test": [
          {
            "request": {
              "query": {
                "contract": "okusd/btc.usd",
                "source": "influxdb",
                "duration": "1h",
                "since": "now-1d"
              }
            },
            "validate": {
              "status": 200,
              "data": [
                {
                  "key": "amount",
                  "type": "float"
                }
              ]
            }
          },
          {
            "request": {
              "query": {
                "contract": "btc.usd:xtc.okusd",
                "source": "influxdb",
                "duration": "1h",
                "since": "now-1d"
              }
            },
            "validate": {
              "status": 400,
              "body": [
                {
                  "key": "code",
                  "value": "error-contract"
                }
              ]
            }
          }
        ]
      }
    },
    "/single-tick/{exchange}/{contract}": {
      "get": {
        "tags": [
          "Tick"
        ],
        "summary": "get single tick info",
        "parameters": [
          {
            "name": "exchange",
            "in": "path",
            "description": "exchange name",
            "required": true,
            "style": "simple",
            "explode": false,
            "schema": {
              "type": "string"
            }
          },
          {
            "name": "contract",
            "in": "path",
            "required": true,
            "style": "simple",
            "explode": false,
            "schema": {
              "type": "string"
            }
          }
        ],
        "responses": {
          "200": {
            "description": "The tick info",
            "content": {
              "application/json": {
                "schema": {
                  "$ref": "#/components/schemas/Tick"
                }
              }
            }
          }
        },
        "x-test": [
          {
            "request": {
              "parameters": {
                "exchange": "bitfinex",
                "contract": "btc.usd"
              }
            },
            "validate": {
              "status_code": 200,
              "body": [
                {
                  "key": "contract",
                  "value": "bitfinex/btc.usd"
                }
              ]
            }
          },
          {
            "request": {
              "parameters": {
                "exchange": "bitfinex",
                "contract": "btc.not-exist"
              }
            },
            "validate": {
              "status_code": 400,
              "body": [
                {
                  "key": "code",
                  "value": "no-contract-found"
                }
              ]
            }
          }
        ]
      }
    },
    "/ticks": {
      "get": {
        "tags": [
          "Tick"
        ],
        "summary": "get ticks about exchange",
        "parameters": [
          {
            "name": "exchange",
            "in": "query",
            "description": "exchange name",
            "required": false,
            "style": "form",
            "explode": true,
            "schema": {
              "type": "string"
            }
          }
        ],
        "responses": {
          "200": {
            "description": "The tick info",
            "content": {
              "application/json": {
                "schema": {
                  "type": "array",
                  "items": {
                    "$ref": "#/components/schemas/Tick"
                  }
                }
              }
            }
          }
        }
      }
    }
  },
  "components": {
    "schemas": {
      "Candles": {
        "type": "object",
        "properties": {
          "amount": {
            "type": "number",
            "format": "float"
          },
          "close": {
            "type": "number",
            "format": "float"
          },
          "high": {
            "type": "number",
            "format": "float"
          },
          "low": {
            "type": "number",
            "format": "float"
          },
          "open": {
            "type": "number",
            "format": "float"
          },
          "time": {
            "type": "string"
          },
          "volume": {
            "type": "number",
            "format": "float"
          }
        }
      },
      "Tick": {
        "type": "object",
        "properties": {
          "amount": {
            "type": "number",
            "format": "float"
          },
          "asks": {
            "type": "array",
            "items": {
              "$ref": "#/components/schemas/PriceVolume"
            }
          },
          "bids": {
            "type": "array",
            "items": {
              "$ref": "#/components/schemas/PriceVolume"
            }
          },
          "contract": {
            "type": "string"
          },
          "last": {
            "type": "number",
            "format": "float"
          },
          "time": {
            "type": "string"
          },
          "volume": {
            "type": "number",
            "format": "float"
          },
          "amount_24h": {
            "type": "number",
            "format": "float"
          },
          "volume_24h": {
            "type": "number",
            "format": "float"
          },
          "rise_24h": {
            "type": "number",
            "format": "float"
          },
          "rise_utc0": {
            "type": "number",
            "format": "float"
          }
        }
      },
      "PriceVolume": {
        "type": "object",
        "properties": {
          "price": {
            "type": "number",
            "format": "float"
          },
          "volume": {
            "type": "number",
            "format": "float"
          }
        }
      }
    }
  }
}