{
  "openapi": "3.0.3",
  "info": {
    "title": "SentiSight.ai",
    "description": "This is the SentiSight.ai Public API.  You can find\nout more about SentiSight.ai at\n[https://www.sentisight.ai/](https://www.sentisight.ai/). ",
    "termsOfService": "https://www.sentisight.ai/terms-of-use/",
    "contact": {
      "email": "sentisight@neurotechnology.com"
    },
    "version": "3.1.0"
  },
  "externalDocs": {
    "description": "User guide",
    "url": "https://www.sentisight.ai/user-guide/"
  },
  "servers": [
    {
      "url": "https://platform.sentisight.ai/api",
      "description": "The main SentiSight.ai server"
    }
  ],
  "tags": [
    {
      "name": "image",
      "description": "[Use image operations](https://www.sentisight.ai/user-guide/using-image-operations-via-api/)"
    },
    {
      "name": "label",
      "description": "Perform actions with classification labels"
    },
    {
      "name": "predict",
      "description": "[Use classification models](https://www.sentisight.ai/user-guide/image-classification-training/),\n[Use object detection models](https://www.sentisight.ai/user-guide/object-detection/)"
    },
    {
      "name": "pm-predict",
      "description": "[Use pre-trained models](https://www.sentisight.ai/user-guide/using-pre-trained-models/)"
    },
    {
      "name": "similarity",
      "description": "[Use image similarity search](https://www.sentisight.ai/user-guide/using-image-similarity-search/)"
    },
    {
      "name": "similarity-labels",
      "description": "Get image labels based on similarity"
    }
  ],
  "paths": {
    "/predict/{projectId}/{modelName}": {
      "post": {
        "tags": [
          "predict"
        ],
        "summary": "Make predictions using a trained model",
        "description": "Make predictions with a trained model. Returns a JSON array of predicted classes and scores.",
        "parameters": [
          {
            "name": "X-Auth-token",
            "in": "header",
            "description": "Your Api token",
            "required": true,
            "style": "simple",
            "explode": false,
            "schema": {
              "type": "string"
            }
          },
          {
            "name": "projectId",
            "in": "path",
            "description": "Your project ID",
            "required": true,
            "style": "simple",
            "explode": false,
            "schema": {
              "type": "integer",
              "format": "int64"
            }
          },
          {
            "name": "modelName",
            "in": "path",
            "description": "Your model name",
            "required": true,
            "style": "simple",
            "explode": false,
            "schema": {
              "type": "string"
            }
          }
        ],
        "requestBody": {
          "content": {
            "application/octet-stream": {
              "schema": {
                "type": "string",
                "format": "binary"
              }
            },
            "application/json": {
              "schema": {
                "$ref": "#/components/schemas/projectId_modelName_body"
              }
            }
          },
          "required": true
        },
        "responses": {
          "200": {
            "description": "OK"
          },
          "401": {
            "description": "Invalid token"
          },
          "500": {
            "description": "Internal Server Error"
          }
        }
      }
    },
    "/pm-predict/{modelName}": {
      "post": {
        "tags": [
          "pm-predict"
        ],
        "summary": "Make predictions using a pre-trained model",
        "description": "Make predictions with a pretrained model. Returns a JSON array of predicted classes and scores.",
        "parameters": [
          {
            "name": "X-Auth-token",
            "in": "header",
            "description": "Your Api token",
            "required": true,
            "style": "simple",
            "explode": false,
            "schema": {
              "type": "string"
            }
          },
          {
            "name": "modelName",
            "in": "path",
            "description": "Your model name",
            "required": true,
            "style": "simple",
            "explode": false,
            "schema": {
              "type": "string",
              "example": "General-classification",
              "enum": [
                "General-classification",
                "Places-classification",
                "NSFW-classification",
                "Object-detection",
                "Text-recognition",
                "Pose-estimation"
              ]
            }
          },
          {
            "name": "lang",
            "in": "query",
            "description": "If you are using the text recognition model, specify the code names of the languages you want to use.",
            "required": false,
            "style": "form",
            "explode": false,
            "schema": {
              "minItems": 0,
              "type": "array",
              "items": {
                "type": "string"
              }
            }
          }
        ],
        "requestBody": {
          "content": {
            "application/octet-stream": {
              "schema": {
                "type": "string",
                "format": "binary"
              }
            },
            "application/json": {
              "schema": {
                "$ref": "#/components/schemas/pmpredict_modelName_body"
              }
            }
          },
          "required": true
        },
        "responses": {
          "200": {
            "description": "OK"
          },
          "401": {
            "description": "Invalid token"
          },
          "500": {
            "description": "Internal Server Error"
          }
        }
      }
    },
    "/similarity": {
      "get": {
        "tags": [
          "similarity"
        ],
        "summary": "Use NvN image similarity search",
        "description": "Use NvN image similarity search. Returns a JSON array of similarity search results.",
        "parameters": [
          {
            "name": "X-Auth-token",
            "in": "header",
            "description": "Your Api token",
            "required": true,
            "style": "simple",
            "explode": false,
            "schema": {
              "type": "string"
            }
          },
          {
            "name": "project",
            "in": "query",
            "description": "Your project ID",
            "required": true,
            "style": "form",
            "explode": true,
            "schema": {
              "type": "integer",
              "format": "int64"
            }
          },
          {
            "name": "labels",
            "in": "query",
            "description": "Specify one or more image labels to filter the images in your data set prior to image similarity search, hence, reducing the search space. Can be empty.",
            "required": false,
            "style": "form",
            "explode": true,
            "schema": {
              "minItems": 0,
              "type": "array",
              "example": [
                "your",
                "labels",
                "here"
              ],
              "items": {
                "type": "string"
              }
            }
          },
          {
            "name": "limit",
            "in": "query",
            "description": "Limits the result count to this number",
            "required": false,
            "style": "form",
            "explode": true,
            "schema": {
              "maximum": 1000000,
              "minimum": 1,
              "type": "integer",
              "format": "int64",
              "example": 10
            }
          },
          {
            "name": "threshold",
            "in": "query",
            "description": "Only shows results above this threshold (value in percent)",
            "required": false,
            "style": "form",
            "explode": true,
            "schema": {
              "maximum": 100,
              "minimum": 0,
              "type": "integer",
              "format": "int64",
              "example": 0
            }
          },
          {
            "name": "and",
            "in": "query",
            "description": "Use \"and\" operator instead of \"or\" for filtering images by labels",
            "required": false,
            "style": "form",
            "explode": true,
            "schema": {
              "type": "boolean",
              "example": true
            }
          }
        ],
        "responses": {
          "200": {
            "description": "OK"
          },
          "401": {
            "description": "Invalid token"
          },
          "500": {
            "description": "Internal Server Error"
          }
        }
      },
      "post": {
        "tags": [
          "similarity"
        ],
        "summary": "Use 1vN image similarity search",
        "description": "Use 1vN image similarity search. Returns a JSON array of similarity search results.",
        "parameters": [
          {
            "name": "X-Auth-token",
            "in": "header",
            "description": "Your Api token",
            "required": true,
            "style": "simple",
            "explode": false,
            "schema": {
              "type": "string"
            }
          },
          {
            "name": "project",
            "in": "query",
            "description": "Your project ID",
            "required": true,
            "style": "form",
            "explode": true,
            "schema": {
              "type": "integer",
              "format": "int64"
            }
          },
          {
            "name": "labels",
            "in": "query",
            "description": "Specify one or more image labels to filter the images in your data set prior to image similarity search, hence, reducing the search space. Can be empty.",
            "required": false,
            "style": "form",
            "explode": true,
            "schema": {
              "minItems": 0,
              "type": "array",
              "example": [
                "your",
                "labels",
                "here"
              ],
              "items": {
                "type": "string"
              }
            }
          },
          {
            "name": "limit",
            "in": "query",
            "description": "Limits the result count to this number",
            "required": false,
            "style": "form",
            "explode": true,
            "schema": {
              "maximum": 1000000,
              "minimum": 1,
              "type": "integer",
              "format": "int64",
              "example": 10
            }
          },
          {
            "name": "threshold",
            "in": "query",
            "description": "Only shows results above this threshold (value in percent)",
            "required": false,
            "style": "form",
            "explode": true,
            "schema": {
              "maximum": 100,
              "minimum": 0,
              "type": "integer",
              "format": "int64",
              "example": 0
            }
          },
          {
            "name": "and",
            "in": "query",
            "description": "Use \"and\" operator instead of \"or\" for filtering images by labels",
            "required": false,
            "style": "form",
            "explode": true,
            "schema": {
              "type": "boolean",
              "example": true
            }
          }
        ],
        "requestBody": {
          "content": {
            "application/octet-stream": {
              "schema": {
                "type": "string",
                "format": "binary"
              }
            },
            "application/json": {
              "schema": {
                "$ref": "#/components/schemas/similarity_body"
              }
            }
          },
          "required": true
        },
        "responses": {
          "200": {
            "description": "OK"
          },
          "401": {
            "description": "Invalid token"
          },
          "500": {
            "description": "Internal Server Error"
          }
        }
      }
    },
    "/similarity-labels": {
      "post": {
        "tags": [
          "similarity-labels"
        ],
        "summary": "Use labeling by similarity",
        "description": "Get image labels based on similarity. Returns a JSON array of predicted labels and scores.",
        "parameters": [
          {
            "name": "X-Auth-token",
            "in": "header",
            "description": "Your Api token",
            "required": true,
            "style": "simple",
            "explode": false,
            "schema": {
              "type": "string"
            }
          },
          {
            "name": "project",
            "in": "query",
            "description": "Your project ID",
            "required": true,
            "style": "form",
            "explode": true,
            "schema": {
              "type": "integer",
              "format": "int64"
            }
          },
          {
            "name": "threshold",
            "in": "query",
            "description": "Only shows results above this threshold (value in percent)",
            "required": false,
            "style": "form",
            "explode": true,
            "schema": {
              "maximum": 100,
              "minimum": 0,
              "type": "integer",
              "format": "int64",
              "example": 30
            }
          },
          {
            "name": "save",
            "in": "query",
            "description": "Save predicted results to dataset",
            "required": false,
            "style": "form",
            "explode": true,
            "schema": {
              "type": "boolean",
              "example": false
            }
          },
          {
            "name": "use-first",
            "in": "query",
            "description": "Get only the result with the highest score regardless of threshold",
            "required": false,
            "style": "form",
            "explode": true,
            "schema": {
              "type": "boolean",
              "example": false
            }
          }
        ],
        "requestBody": {
          "content": {
            "application/octet-stream": {
              "schema": {
                "type": "string",
                "format": "binary"
              }
            },
            "application/json": {
              "schema": {
                "$ref": "#/components/schemas/similaritylabels_body"
              }
            }
          },
          "required": true
        },
        "responses": {
          "200": {
            "description": "OK"
          },
          "401": {
            "description": "Invalid token"
          },
          "500": {
            "description": "Internal Server Error"
          }
        }
      }
    },
    "/image/{projectId}/{imageName}": {
      "get": {
        "tags": [
          "image"
        ],
        "summary": "Get an image from your dataset",
        "parameters": [
          {
            "name": "X-Auth-token",
            "in": "header",
            "description": "Your Api token",
            "required": true,
            "style": "simple",
            "explode": false,
            "schema": {
              "type": "string"
            }
          },
          {
            "name": "projectId",
            "in": "path",
            "description": "Your project ID",
            "required": true,
            "style": "simple",
            "explode": false,
            "schema": {
              "type": "integer",
              "format": "int64"
            }
          },
          {
            "name": "imageName",
            "in": "path",
            "description": "Your image name",
            "required": true,
            "style": "simple",
            "explode": false,
            "schema": {
              "type": "string",
              "example": "image.jpg"
            }
          }
        ],
        "responses": {
          "200": {
            "description": "OK",
            "content": {
              "image/jpeg": {
                "schema": {
                  "type": "string",
                  "format": "binary"
                }
              }
            }
          },
          "401": {
            "description": "Invalid token"
          },
          "500": {
            "description": "Internal Server Error"
          }
        }
      },
      "post": {
        "tags": [
          "image"
        ],
        "summary": "Upload an image to your dataset",
        "description": "Upload an image to your dataset",
        "parameters": [
          {
            "name": "X-Auth-token",
            "in": "header",
            "description": "Your Api token",
            "required": true,
            "style": "simple",
            "explode": false,
            "schema": {
              "type": "string"
            }
          },
          {
            "name": "projectId",
            "in": "path",
            "description": "Your project ID",
            "required": true,
            "style": "simple",
            "explode": false,
            "schema": {
              "type": "integer",
              "format": "int64"
            }
          },
          {
            "name": "imageName",
            "in": "path",
            "description": "Your image name",
            "required": true,
            "style": "simple",
            "explode": false,
            "schema": {
              "type": "string",
              "example": "image.jpg"
            }
          },
          {
            "name": "preprocess",
            "in": "query",
            "description": "Preprocess for classification and similarity search",
            "required": true,
            "style": "form",
            "explode": true,
            "schema": {
              "type": "boolean",
              "example": true
            }
          }
        ],
        "requestBody": {
          "content": {
            "application/octet-stream": {
              "schema": {
                "type": "string",
                "format": "binary"
              }
            },
            "application/json": {
              "schema": {
                "$ref": "#/components/schemas/projectId_imageName_body"
              }
            }
          },
          "required": true
        },
        "responses": {
          "200": {
            "description": "OK"
          },
          "401": {
            "description": "Invalid token"
          },
          "500": {
            "description": "Internal Server Error"
          }
        }
      },
      "delete": {
        "tags": [
          "image"
        ],
        "summary": "Delete an image from your dataset",
        "parameters": [
          {
            "name": "X-Auth-token",
            "in": "header",
            "description": "Your Api token",
            "required": true,
            "style": "simple",
            "explode": false,
            "schema": {
              "type": "string"
            }
          },
          {
            "name": "projectId",
            "in": "path",
            "description": "Your project ID",
            "required": true,
            "style": "simple",
            "explode": false,
            "schema": {
              "type": "integer",
              "format": "int64"
            }
          },
          {
            "name": "imageName",
            "in": "path",
            "description": "Your image name",
            "required": true,
            "style": "simple",
            "explode": false,
            "schema": {
              "type": "string",
              "example": "image.jpg"
            }
          }
        ],
        "responses": {
          "200": {
            "description": "OK"
          },
          "401": {
            "description": "Invalid token"
          },
          "500": {
            "description": "Internal Server Error"
          }
        }
      }
    },
    "/label/{projectId}": {
      "get": {
        "tags": [
          "label"
        ],
        "summary": "Get the labels of a specific project",
        "parameters": [
          {
            "name": "X-Auth-token",
            "in": "header",
            "description": "Your Api token",
            "required": true,
            "style": "simple",
            "explode": false,
            "schema": {
              "type": "string"
            }
          },
          {
            "name": "projectId",
            "in": "path",
            "required": true,
            "style": "simple",
            "explode": false,
            "schema": {
              "type": "integer",
              "format": "int64"
            }
          }
        ],
        "responses": {
          "200": {
            "description": "OK"
          }
        }
      },
      "post": {
        "tags": [
          "label"
        ],
        "summary": "Assign an array of labels to an array of images",
        "parameters": [
          {
            "name": "X-Auth-token",
            "in": "header",
            "description": "Your Api token",
            "required": true,
            "style": "simple",
            "explode": false,
            "schema": {
              "type": "string"
            }
          },
          {
            "name": "projectId",
            "in": "path",
            "required": true,
            "style": "simple",
            "explode": false,
            "schema": {
              "type": "integer",
              "format": "int64"
            }
          }
        ],
        "requestBody": {
          "content": {
            "application/json": {
              "schema": {
                "$ref": "#/components/schemas/LabelsImages"
              }
            }
          },
          "required": true
        },
        "responses": {
          "200": {
            "description": "OK"
          }
        }
      }
    },
    "/label/{projectId}/add": {
      "post": {
        "tags": [
          "label"
        ],
        "summary": "Add an array of labels to a specific project",
        "parameters": [
          {
            "name": "X-Auth-token",
            "in": "header",
            "description": "Your Api token",
            "required": true,
            "style": "simple",
            "explode": false,
            "schema": {
              "type": "string"
            }
          },
          {
            "name": "projectId",
            "in": "path",
            "required": true,
            "style": "simple",
            "explode": false,
            "schema": {
              "type": "integer",
              "format": "int64"
            }
          }
        ],
        "requestBody": {
          "content": {
            "application/json": {
              "schema": {
                "$ref": "#/components/schemas/projectId_add_body"
              }
            }
          },
          "required": true
        },
        "responses": {
          "200": {
            "description": "OK"
          }
        }
      }
    },
    "/label/{projectId}/update": {
      "post": {
        "tags": [
          "label"
        ],
        "summary": "Rename a label",
        "parameters": [
          {
            "name": "X-Auth-token",
            "in": "header",
            "description": "Your Api token",
            "required": true,
            "style": "simple",
            "explode": false,
            "schema": {
              "type": "string"
            }
          },
          {
            "name": "projectId",
            "in": "path",
            "required": true,
            "style": "simple",
            "explode": false,
            "schema": {
              "type": "integer",
              "format": "int64"
            }
          }
        ],
        "requestBody": {
          "content": {
            "application/json": {
              "schema": {
                "$ref": "#/components/schemas/projectId_update_body"
              }
            }
          },
          "required": true
        },
        "responses": {
          "200": {
            "description": "OK"
          }
        }
      }
    },
    "/label/{projectId}/{label}": {
      "delete": {
        "tags": [
          "label"
        ],
        "summary": "Delete a label",
        "parameters": [
          {
            "name": "X-Auth-token",
            "in": "header",
            "description": "Your Api token",
            "required": true,
            "style": "simple",
            "explode": false,
            "schema": {
              "type": "string"
            }
          },
          {
            "name": "projectId",
            "in": "path",
            "required": true,
            "style": "simple",
            "explode": false,
            "schema": {
              "type": "integer",
              "format": "int64"
            }
          },
          {
            "name": "label",
            "in": "path",
            "required": true,
            "style": "simple",
            "explode": false,
            "schema": {
              "type": "string"
            }
          }
        ],
        "responses": {
          "200": {
            "description": "OK"
          }
        }
      }
    },
    "/label/{projectId}/image/{imageName}": {
      "get": {
        "tags": [
          "label"
        ],
        "summary": "Get the labels of a specific image",
        "parameters": [
          {
            "name": "X-Auth-token",
            "in": "header",
            "description": "Your Api token",
            "required": true,
            "style": "simple",
            "explode": false,
            "schema": {
              "type": "string"
            }
          },
          {
            "name": "projectId",
            "in": "path",
            "required": true,
            "style": "simple",
            "explode": false,
            "schema": {
              "type": "integer",
              "format": "int64"
            }
          },
          {
            "name": "imageName",
            "in": "path",
            "required": true,
            "style": "simple",
            "explode": false,
            "schema": {
              "type": "string"
            }
          }
        ],
        "responses": {
          "200": {
            "description": "OK"
          }
        }
      }
    },
    "/label/{projectId}/remove-labels": {
      "post": {
        "tags": [
          "label"
        ],
        "summary": "Remove an array of labels from an array of images",
        "parameters": [
          {
            "name": "X-Auth-token",
            "in": "header",
            "description": "Your Api token",
            "required": true,
            "style": "simple",
            "explode": false,
            "schema": {
              "type": "string"
            }
          },
          {
            "name": "projectId",
            "in": "path",
            "required": true,
            "style": "simple",
            "explode": false,
            "schema": {
              "type": "integer",
              "format": "int64"
            }
          }
        ],
        "requestBody": {
          "content": {
            "application/json": {
              "schema": {
                "$ref": "#/components/schemas/LabelsImages"
              }
            }
          },
          "required": true
        },
        "responses": {
          "200": {
            "description": "OK"
          }
        }
      }
    },
    "/label/{projectId}/make-main/{label}": {
      "post": {
        "tags": [
          "label"
        ],
        "summary": "Make a label the default one in all images that have it",
        "parameters": [
          {
            "name": "X-Auth-token",
            "in": "header",
            "description": "Your Api token",
            "required": true,
            "style": "simple",
            "explode": false,
            "schema": {
              "type": "string"
            }
          },
          {
            "name": "projectId",
            "in": "path",
            "required": true,
            "style": "simple",
            "explode": false,
            "schema": {
              "type": "integer",
              "format": "int64"
            }
          },
          {
            "name": "label",
            "in": "path",
            "required": true,
            "style": "simple",
            "explode": false,
            "schema": {
              "type": "string"
            }
          }
        ],
        "responses": {
          "200": {
            "description": "OK"
          }
        }
      }
    }
  },
  "components": {
    "schemas": {
      "Url": {
        "required": [
          "url"
        ],
        "type": "object",
        "properties": {
          "url": {
            "type": "string"
          }
        },
        "description": "Use an image from a URL"
      },
      "LabelsImages": {
        "required": [
          "images",
          "labels"
        ],
        "type": "object",
        "properties": {
          "labels": {
            "type": "array",
            "items": {
              "type": "string"
            }
          },
          "images": {
            "type": "array",
            "items": {
              "type": "string"
            }
          }
        },
        "description": "Use an image from a URL"
      },
      "ImageName": {
        "required": [
          "imageName"
        ],
        "type": "object",
        "properties": {
          "imageName": {
            "type": "string"
          }
        },
        "description": "Use image from your dataset."
      },
      "Base64": {
        "required": [
          "base64"
        ],
        "type": "object",
        "properties": {
          "base64": {
            "type": "string"
          }
        },
        "description": "Use image coded in base64."
      },
      "projectId_modelName_body": {
        "oneOf": [
          {
            "$ref": "#/components/schemas/Url"
          },
          {
            "$ref": "#/components/schemas/Base64"
          }
        ]
      },
      "pmpredict_modelName_body": {
        "oneOf": [
          {
            "$ref": "#/components/schemas/Url"
          },
          {
            "$ref": "#/components/schemas/Base64"
          }
        ]
      },
      "similarity_body": {
        "oneOf": [
          {
            "$ref": "#/components/schemas/Url"
          },
          {
            "$ref": "#/components/schemas/Base64"
          },
          {
            "$ref": "#/components/schemas/ImageName"
          }
        ]
      },
      "similaritylabels_body": {
        "oneOf": [
          {
            "$ref": "#/components/schemas/Url"
          },
          {
            "$ref": "#/components/schemas/Base64"
          },
          {
            "$ref": "#/components/schemas/ImageName"
          }
        ]
      },
      "projectId_imageName_body": {
        "oneOf": [
          {
            "$ref": "#/components/schemas/Url"
          },
          {
            "$ref": "#/components/schemas/Base64"
          }
        ]
      },
      "projectId_add_body": {
        "required": [
          "labels"
        ],
        "type": "object",
        "properties": {
          "labels": {
            "type": "array",
            "items": {
              "type": "string"
            }
          }
        }
      },
      "projectId_update_body": {
        "required": [
          "newName",
          "oldName"
        ],
        "type": "object",
        "properties": {
          "oldName": {
            "type": "string"
          },
          "newName": {
            "type": "string"
          }
        }
      }
    }
  }
}