{"openapi":"3.0.0","info":{"title":"MDR Incidents API","description":"This is the Incidents API","contact":{"email":"engineering@soteria.io"},"version":"1.0.0"},"servers":[{"url":"https://virtserver.swaggerhub.com/Soteria8/Incidents/1.0.0","description":"SwaggerHub API Auto Mocking"},{"url":"https://dev.mdr-incidents-api.soteria.io","description":"MDR-DEV Incident Handling"}],"security":[{"bearerAuth":[]}],"tags":[{"name":"incidents","description":"Incidents related information"},{"name":"catalogs","description":"Incidents related catalogs"}],"paths":{"/incidents":{"get":{"tags":["incidents"],"summary":"list of incidents with filters and pagination","description":"Returns paginated list of incidents for an Organization or all Organizations in the case of an MDR user role.\n","parameters":[{"name":"severity","in":"query","description":"filter by severity","required":false,"style":"form","explode":true,"schema":{"type":"string"}},{"name":"category","in":"query","description":"filter by category","required":false,"style":"form","explode":true,"schema":{"type":"string"}},{"name":"client","in":"query","description":"filter by client","required":false,"style":"form","explode":true,"schema":{"type":"string"}},{"name":"hostname","in":"query","description":"filter by hostname","required":false,"style":"form","explode":true,"schema":{"type":"string"}},{"name":"from","in":"query","description":"start date in epoch format","required":false,"style":"form","explode":true,"schema":{"type":"string"}},{"name":"to","in":"query","description":"end date in epoch format","required":false,"style":"form","explode":true,"schema":{"type":"string"}},{"name":"date_type","in":"query","description":"type of date range specified","required":false,"style":"form","explode":true,"schema":{"type":"string"}},{"name":"status","in":"query","description":"filter by status","required":false,"style":"form","explode":true,"schema":{"type":"string"}},{"name":"order_by","in":"query","description":"specifies a column type to order by","required":false,"style":"form","explode":true,"schema":{"type":"string"}},{"name":"order","in":"query","description":"gives the option to order \"ASC\" or \"DESC\"","required":false,"style":"form","explode":true,"schema":{"type":"string"}},{"name":"per_page","in":"query","description":"specifies the amount of incidents per page","required":false,"style":"form","explode":true,"schema":{"type":"string"}},{"name":"page","in":"query","description":"specifies the actual requested page","required":false,"style":"form","explode":true,"schema":{"type":"string"}}],"responses":{"200":{"description":"search results matching criteria","headers":{"X-Total-Count":{"description":"total of total items","style":"simple","explode":false,"schema":{"type":"string"},"example":234},"X-Page":{"description":"total of total items","style":"simple","explode":false,"schema":{"type":"string"},"example":1},"X-Per-Page":{"description":"total of total items","style":"simple","explode":false,"schema":{"type":"string"},"example":20}},"content":{"application/json":{"schema":{"type":"array","items":{"$ref":"#/components/schemas/IncidentResponseItem"}}}}},"400":{"description":"bad input parameter"},"401":{"description":"Access token is missing or invalid"}}}},"/incidents/{id}":{"get":{"tags":["incidents"],"summary":"incident details","description":"gets an incident detailed information using the mdr incident id\n","parameters":[{"name":"id","in":"path","description":"mdr incident ID","required":true,"style":"simple","explode":false,"schema":{"type":"string","format":"string"},"example":"636621b4-6f74-4e01-b820-c82f3d8d4a09"}],"responses":{"200":{"description":"detailed incident","content":{"application/json":{"schema":{"type":"array","items":{"$ref":"#/components/schemas/IncidentDetailed"}}}}},"400":{"description":"bad input parameter"},"401":{"description":"Access token is missing or invalid"}}},"patch":{"tags":["incidents"],"summary":"Update an incident","description":"uses the information retrieved in the body to fill specific incident details\n","parameters":[{"name":"id","in":"path","description":"mdr incident ID","required":true,"style":"simple","explode":false,"schema":{"type":"string","format":"string"},"example":"636621b4-6f74-4e01-b820-c82f3d8d4a09"}],"requestBody":{"description":"incident details","content":{"application/json":{"schema":{"$ref":"#/components/schemas/IncidentUpdatePetition"}}},"required":true},"responses":{"200":{"description":"Created","content":{"application/json":{"schema":{"$ref":"#/components/schemas/IncidentDetailed"}}}}}}},"/incidents/{id}/nextstatus":{"get":{"tags":["incidents"],"summary":"available options for next status","description":"Returns a list of options that are available for next status for each incident\n","parameters":[{"name":"id","in":"path","description":"mdr incident ID","required":true,"style":"simple","explode":false,"schema":{"type":"string","format":"string"},"example":"636621b4-6f74-4e01-b820-c82f3d8d4a09"}],"responses":{"200":{"description":"search results matching criteria","content":{"application/json":{"schema":{"type":"array","items":{"$ref":"#/components/schemas/StatusCatalog"}}}}}}}},"/incidents/tags":{"get":{"tags":["incidents"],"summary":"get incident tags","description":"gets all tags with their id\n","responses":{"200":{"description":"list of tags","content":{"application/json":{"schema":{"type":"array","items":{"$ref":"#/components/schemas/TagElement"}}}}},"400":{"description":"bad input parameter"},"401":{"description":"Access token is missing or invalid"}}}},"/incidents/{id}/tags":{"get":{"tags":["incidents"],"summary":"get incident tags","description":"gets all tags with their id for an incident\n","parameters":[{"name":"id","in":"path","description":"mdr incident ID","required":true,"style":"simple","explode":false,"schema":{"type":"string","format":"string"},"example":"636621b4-6f74-4e01-b820-c82f3d8d4a09"}],"responses":{"200":{"description":"list of tags","content":{"application/json":{"schema":{"type":"array","items":{"$ref":"#/components/schemas/TagElement"}}}}},"400":{"description":"bad input parameter"},"401":{"description":"Access token is missing or invalid"}}},"post":{"tags":["incidents"],"summary":"put tag information","description":"creates a new tag\n","parameters":[{"name":"id","in":"path","description":"mdr incident ID","required":true,"style":"simple","explode":false,"schema":{"type":"string","format":"string"},"example":"636621b4-6f74-4e01-b820-c82f3d8d4a09"}],"requestBody":{"description":"tag text","content":{"application/json":{"schema":{"$ref":"#/components/schemas/TagCreationBody"}}},"required":true},"responses":{"200":{"description":"Created","content":{"application/json":{"schema":{"$ref":"#/components/schemas/TagCreationResponse"}}}}}}},"/incidents/{id}/tags/{tagId}":{"delete":{"tags":["incidents"],"summary":"delete a tag","description":"gets all tags with their id for an incident\n","parameters":[{"name":"id","in":"path","description":"mdr incident ID","required":true,"style":"simple","explode":false,"schema":{"type":"string","format":"string"},"example":"636621b4-6f74-4e01-b820-c82f3d8d4a09"},{"name":"tagId","in":"path","description":"tag Id","required":true,"style":"simple","explode":false,"schema":{"type":"string","format":"string"},"example":"636621b4-6f74-4e01-b820-c82f3d8d4a09"}],"responses":{"200":{"description":"operation correct","content":{"application/json":{"schema":{"type":"boolean"}}}},"400":{"description":"bad input parameter"},"401":{"description":"Access token is missing or invalid"}}}},"/filters":{"get":{"tags":["catalogs"],"summary":"available catalogs on incidents filters","description":"gets catalogs for each filter available\n","parameters":[{"name":"severity","in":"query","description":"filter by severity","required":false,"style":"form","explode":true,"schema":{"type":"string"}},{"name":"category","in":"query","description":"filter by category","required":false,"style":"form","explode":true,"schema":{"type":"string"}},{"name":"client","in":"query","description":"filter by client","required":false,"style":"form","explode":true,"schema":{"type":"string"}},{"name":"from","in":"query","description":"start date in epoch format","required":false,"style":"form","explode":true,"schema":{"type":"string"}},{"name":"to","in":"query","description":"end date in epoch format","required":false,"style":"form","explode":true,"schema":{"type":"string"}},{"name":"date_type","in":"query","description":"type of date range specified","required":false,"style":"form","explode":true,"schema":{"type":"string"}},{"name":"status","in":"query","description":"filter by status","required":false,"style":"form","explode":true,"schema":{"type":"string"}}],"responses":{"200":{"description":"search results matching criteria","content":{"application/json":{"schema":{"type":"array","items":{"$ref":"#/components/schemas/FiltersCatalog"}}}}},"400":{"description":"bad input parameter"},"401":{"description":"Access token is missing or invalid"}}}},"/incidents/catalog":{"get":{"tags":["incidents"],"summary":"different option for editable dropdown in incident details","description":"Returns a list of options for each dropdown to edit an incident\n","responses":{"200":{"description":"search results matching criteria","content":{"application/json":{"schema":{"type":"array","items":{"$ref":"#/components/schemas/Catalog"}}}}}}}}},"components":{"schemas":{"IncidentDetailed":{"type":"object","properties":{"created":{"type":"integer","description":"date of created in epoch format","example":1640551734},"updated":{"type":"integer","description":"date of created in epoch format","example":1640951734},"id":{"type":"string","format":"uuid","example":"d290f1ee-6c54-4b01-90e6-d701748f0851"},"risk":{"type":"string","example":"suspicious"},"severity":{"type":"string","example":"medium"},"category":{"type":"string","example":"suspicious-process"},"title":{"type":"string","example":"suspicious incident!"},"description":{"type":"string","example":"contains suspicious information"},"hostname":{"type":"string","example":"firsthost"},"handler_id":{"type":"string","example":"usr-O4F12Srf"},"status":{"type":"string","example":"Claimed"},"org_id":{"type":"string","example":"org_R4TuyRT2wrw2"},"username":{"type":"string","example":"Wayne-Win10-Test"}}},"IncidentUpdatePetition":{"type":"object","properties":{"status":{"type":"string","example":"Closed"},"category":{"type":"string","example":"malicious-backdoor"},"severity":{"type":"string","example":"critical"},"risk":{"type":"string","example":"malicious"},"title":{"type":"string","example":"Important malicious incident"},"description":{"type":"string","example":"Most relevant details about this incident must be considered"},"username":{"type":"string","example":"Wayne-Win10-Test"},"handler_id":{"type":"string","example":"auth0|617b0c0d396c2d0069f72d8c"}}},"IncidentResponseItem":{"type":"object","properties":{"created":{"type":"integer","description":"date of created in epoch format","example":1640551734},"updated":{"type":"integer","description":"date of created in epoch format","example":1640951734},"id":{"type":"string","format":"uuid","example":"d290f1ee-6c54-4b01-90e6-d701748f0851"},"risk":{"type":"string","example":"suspicious"},"severity":{"type":"string","example":"medium"},"category":{"type":"string","example":"suspicious-process"},"title":{"type":"string","example":"suspicious incident!"},"description":{"type":"string","example":"contains suspicious information"},"hostname":{"type":"string","example":"firsthost"},"handler":{"type":"string","example":"usr-O4F12Srf"},"status":{"type":"string","example":"Claimed"},"org_id":{"type":"string","example":"org_R4TuyRT2wrw2"}}},"CatalogOption":{"type":"object","properties":{"option":{"type":"string","example":"option1"},"count":{"type":"integer","example":1}}},"FiltersCatalog":{"type":"object","properties":{"severity":{"type":"array","items":{"$ref":"#/components/schemas/CatalogOption"}},"category":{"type":"array","items":{"$ref":"#/components/schemas/CatalogOption"}},"client":{"type":"array","items":{"$ref":"#/components/schemas/CatalogOption"}},"status":{"type":"array","items":{"$ref":"#/components/schemas/CatalogOption"}}}},"CatalogElements":{"type":"object","properties":{"key1":{"type":"string","example":"value1"},"key2":{"type":"string","example":"value2"}}},"RiskCategory":{"type":"object","properties":{"risk1":{"$ref":"#/components/schemas/RiskElements"},"risk2":{"$ref":"#/components/schemas/RiskElements"}}},"RiskElements":{"type":"object","properties":{"name":{"type":"string","example":"value"},"category":{"$ref":"#/components/schemas/CatalogElements"}}},"StatusCatalog":{"type":"object","properties":{"status":{"$ref":"#/components/schemas/CatalogElements"}}},"Catalog":{"type":"object","properties":{"severity":{"$ref":"#/components/schemas/CatalogElements"},"handler":{"$ref":"#/components/schemas/CatalogElements"},"risk_category":{"$ref":"#/components/schemas/RiskCategory"}}},"TagElement":{"type":"object","properties":{"id":{"type":"string","example":"636621b4-6f74-4e01-b820-c82f3d8d4a09"},"tag":{"type":"string","example":"tag1"}}},"TagCreationBody":{"type":"object","properties":{"tag":{"type":"string","example":"newTag"}}},"TagCreationResponse":{"type":"object","properties":{"tag_id":{"type":"string","example":"a954aaf5-ca37-41c3-b6d3-f635a466a2d7"},"incident_id":{"type":"string","example":"a8ff4579-d53f-4025-8898-34ab3603263f"},"tag_name":{"type":"string","example":"newTag"}}}},"responses":{"UnauthorizedError":{"description":"Access token is missing or invalid"}},"securitySchemes":{"bearerAuth":{"type":"http","scheme":"bearer","bearerFormat":"JWT"}}}}