{"openapi":"3.0.0","info":{"title":"SenSei API","description":"SenSei API document","contact":{"email":"scckate444@gmail.com"},"license":{"name":"Apache 2.0","url":"http://www.apache.org/licenses/LICENSE-2.0.html"},"version":"1.0.0"},"servers":[{"url":"https://virtserver.swaggerhub.com/Stan-Studio/ensei/1.0.0","description":"SwaggerHub API Auto Mocking"},{"url":"https://s2z0dvg7z2.execute-api.ap-northeast-3.amazonaws.com/dev","description":"SenSei API"}],"tags":[{"name":"Auth","description":"Login or password change"},{"name":"User","description":"User add, edit, delete or search"},{"name":"File","description":"File get"}],"paths":{"/auth/login":{"post":{"tags":["Auth"],"summary":"user login","description":"User login function\n","requestBody":{"description":"login email and password","content":{"application/json":{"schema":{"$ref":"#/components/schemas/Userlogin"}}}},"responses":{"200":{"description":"Success","content":{"application/json":{"schema":{"$ref":"#/components/schemas/tokenResponse"}}}},"400":{"description":"email or password is wrong or not exist","content":{"application/json":{"schema":{"$ref":"#/components/schemas/status"}}}},"500":{"description":"sql connect error","content":{"application/json":{"schema":{"$ref":"#/components/schemas/status"}}}}}}},"/auth/password":{"post":{"tags":["Auth"],"summary":"password edit or reset judge by token data","description":"Password function\n","requestBody":{"description":"required password for update ,then use edit password oldpassword is required","content":{"application/json":{"schema":{"$ref":"#/components/schemas/password"}}}},"responses":{"200":{"description":"Success","content":{"application/json":{"schema":{"$ref":"#/components/schemas/tokenResponse"}}}},"400":{"description":"edit or reset password error","content":{"application/json":{"schema":{"$ref":"#/components/schemas/status"}}}},"401":{"description":"jwt code error","content":{"application/json":{"schema":{"$ref":"#/components/schemas/status"}}}},"500":{"description":"sql error","content":{"application/json":{"schema":{"$ref":"#/components/schemas/status"}}}}},"security":[{"bearerAuth":[]}]}},"/auth/verify":{"post":{"tags":["Auth"],"summary":"verify token","description":"give token and this API will check it and give you the status of this token \n","responses":{"200":{"description":"Success","content":{"application/json":{"schema":{"$ref":"#/components/schemas/Success"}}}},"401":{"description":"jwt code error","content":{"application/json":{"schema":{"$ref":"#/components/schemas/status"}}}}},"security":[{"bearerAuth":[]}]}},"/auth/forgetPassword":{"post":{"tags":["Auth"],"summary":"send a email with reset password verify code","description":"","requestBody":{"description":"the account email that user want to reset","content":{"application/json":{"schema":{"$ref":"#/components/schemas/email"}}}},"responses":{"200":{"description":"Success","content":{"application/json":{"schema":{"$ref":"#/components/schemas/Success"}}}},"400":{"description":"email not found","content":{"application/json":{"schema":{"$ref":"#/components/schemas/status"}}}},"500":{"description":"SES service error or sql error","content":{"application/json":{"schema":{"$ref":"#/components/schemas/status"}}}}}}},"/auth/verifyResetCode":{"post":{"tags":["Auth"],"summary":"verifyCode in database and body","description":"","requestBody":{"description":"the account email that user want to reset","content":{"application/json":{"schema":{"$ref":"#/components/schemas/verifyResetCode"}}}},"responses":{"200":{"description":"Success","content":{"application/json":{"schema":{"$ref":"#/components/schemas/Success"}}}},"400":{"description":"email not found or verifyCode not correct","content":{"application/json":{"schema":{"$ref":"#/components/schemas/status"}}}},"500":{"description":"sql error","content":{"application/json":{"schema":{"$ref":"#/components/schemas/status"}}}}}}},"/user":{"put":{"tags":["User"],"summary":"add user","description":"put basic data from user like name, email, phone, location, birthday....\n","requestBody":{"description":"all body data is required","content":{"application/json":{"schema":{"$ref":"#/components/schemas/addUser"}}}},"responses":{"200":{"description":"add  user data Success","content":{"application/json":{"schema":{"type":"array","items":{"$ref":"#/components/schemas/Useraddresponse"}}}}},"400":{"description":"body data error","content":{"application/json":{"schema":{"$ref":"#/components/schemas/status"}}}},"401":{"description":"token error","content":{"application/json":{"schema":{"$ref":"#/components/schemas/status"}}}},"500":{"description":"sql error","content":{"application/json":{"schema":{"$ref":"#/components/schemas/status"}}}}}},"post":{"tags":["User"],"summary":"edit user personal data","description":"edit user data\n","requestBody":{"description":"edit user email and phone cann't be edit","content":{"application/json":{"schema":{"$ref":"#/components/schemas/editUser"}}}},"responses":{"200":{"description":"edit user data","content":{"application/json":{"schema":{"type":"array","items":{"$ref":"#/components/schemas/Useraddresponse"}}}}},"400":{"description":"body data error or no data in body","content":{"application/json":{"schema":{"$ref":"#/components/schemas/status"}}}},"401":{"description":"token error","content":{"application/json":{"schema":{"$ref":"#/components/schemas/status"}}}},"500":{"description":"sql error","content":{"application/json":{"schema":{"$ref":"#/components/schemas/status"}}}}}}},"/file/path":{"get":{"tags":["File"],"summary":"get file path by Parameters fileID","description":"get file's S3 bucket path\n","parameters":[{"name":"fileID","in":"query","required":false,"style":"form","explode":true,"schema":{"type":"integer"}}],"responses":{"200":{"description":"get file's path by fileID","content":{"application/json":{"schema":{"$ref":"#/components/schemas/file_path"}}}},"401":{"description":"fail jwt code","content":{"application/json":{"schema":{"$ref":"#/components/schemas/status"}}}},"500":{"description":"sql error","content":{"application/json":{"schema":{"$ref":"#/components/schemas/status"}}}}},"security":[{"bearerAuth":[]}]}},"/file":{"get":{"tags":["File"],"summary":"upload URL get","description":"file upload URL get\n","responses":{"200":{"description":"upload URL","content":{"application/json":{"schema":{"$ref":"#/components/schemas/file"}}}},"401":{"description":"fail jwt code","content":{"application/json":{"schema":{"$ref":"#/components/schemas/status"}}}},"500":{"description":"sql error","content":{"application/json":{"schema":{"$ref":"#/components/schemas/status"}}}}},"security":[{"bearerAuth":[]}]},"post":{"tags":["File"],"summary":"file get","description":"File upload Success and store into datbase\n","requestBody":{"description":"a json call theme which put a theme name array in it","content":{"application/json":{"schema":{"$ref":"#/components/schemas/Getfile"}}}},"responses":{"200":{"description":"Success","content":{"application/json":{"schema":{"$ref":"#/components/schemas/Getfile"}}}},"400":{"description":"body data error","content":{"application/json":{"schema":{"$ref":"#/components/schemas/status"}}}},"401":{"description":"jwt code error"},"500":{"description":"sql error","content":{"application/json":{"schema":{"$ref":"#/components/schemas/status"}}}}},"security":[{"bearerAuth":[]}]}}},"components":{"schemas":{"file_path":{"required":["file_path"],"type":"object","properties":{"file_path":{"type":"string","example":"file path"}}},"verifyResetCode":{"required":["email","verifyCode"],"type":"object","properties":{"email":{"type":"string","example":"user's email"},"verifyCode":{"type":"integer"}}},"email":{"required":["email"],"type":"object","properties":{"email":{"type":"string","example":"user's email"}}},"password":{"required":["password"],"type":"object","properties":{"oldpassword":{"type":"string","example":"oldpassword is not required"},"password":{"type":"string","example":"password"}}},"Userlogin":{"required":["email","password"],"type":"object","properties":{"email":{"type":"string","format":"email","example":"example@email.com"},"password":{"type":"string","example":"userpassword"}}},"addUser":{"required":["birthday","email","gender","location","name","password","phone","topic"],"type":"object","properties":{"name":{"type":"string","example":"name"},"phone":{"type":"string","example":"1234567890"},"email":{"type":"string","format":"email","example":"example@email.com"},"location":{"type":"string","example":"台北市"},"birthday":{"type":"string","format":"date"},"gemder":{"type":"integer"},"topic":{"type":"array","items":{"type":"string"}},"password":{"type":"string"}}},"editUser":{"type":"object","properties":{"name":{"type":"string","example":"name"},"location":{"type":"string","example":"台北市"},"birthday":{"type":"string","format":"date"},"gemder":{"type":"integer"},"topic":{"type":"array","items":{"type":"string"}}}},"Useraddresponse":{"required":["token"],"type":"object","properties":{"token":{"type":"string","example":"jwt token with UID, email, iat, exp"}}},"file":{"required":["PID","URL"],"type":"object","properties":{"PID":{"type":"string","example":"33"},"URL":{"type":"string","example":"https://s3uploadURL"}}},"Getfile":{"required":["PID"],"type":"object","properties":{"PID":{"type":"string","example":"PID"}}},"status":{"required":["Status"],"type":"object","properties":{"Status":{"type":"string","example":"status description"}},"description":"status"},"tokenResponse":{"required":["token"],"type":"object","properties":{"token":{"type":"string","example":"jwt token"}}},"Success":{"type":"object","properties":{"status":{"type":"string","example":"Success"}},"description":"api Success"}},"securitySchemes":{"bearerAuth":{"type":"http","scheme":"bearer","bearerFormat":"JWT"}}}}