{"openapi":"3.0.0","info":{"title":"Partnership API","description":"This is a SCPC Partnership API","contact":{"email":"support@Staples.ca"},"version":"1.0.0"},"servers":[{"url":"/"}],"tags":[{"name":"partnership","description":"Secured order calls"}],"paths":{"/health/service":{"get":{"tags":["partnership"],"summary":"Partnership service health probe","description":"to check for any downstream service(s)","operationId":"partnershipServiceStatus","responses":{"200":{"description":"partnership service is in good mode","content":{"application/json":{"schema":{"$ref":"#/components/schemas/HealthStatus"}}}},"500":{"description":"Service isn't healthy","content":{"application/json":{"schema":{"$ref":"#/components/schemas/HealthStatus"}}}}}}},"/health/db":{"get":{"tags":["partnership"],"summary":"Partnership db health probe","description":"to check for database connection and response time","operationId":"partnershipDBStatus","responses":{"200":{"description":"partnership DB is in good mode","content":{"application/json":{"schema":{"$ref":"#/components/schemas/HealthStatus"}}}},"500":{"description":"DB isn't healthy","content":{"application/json":{"schema":{"$ref":"#/components/schemas/HealthStatus"}}}}}}},"/health/api":{"get":{"tags":["partnership"],"summary":"Partnership API health probe","description":"to check if API is running or not","operationId":"partnershipAPIStatus","responses":{"200":{"description":"partnership API is in good mode","content":{"application/json":{"schema":{"$ref":"#/components/schemas/HealthStatus"}}}},"500":{"description":"API isn't healthy","content":{"application/json":{"schema":{"$ref":"#/components/schemas/HealthStatus"}}}}}}},"/partners/{partnerid}/order":{"get":{"tags":["partnership"],"summary":"searches order","description":"By passing in the appropriate options, you can search for available order in the system","operationId":"searchOrder","parameters":[{"name":"partnerid","in":"path","description":"Partner ID","required":true,"style":"simple","explode":false,"schema":{"type":"integer","format":"int64"}},{"name":"orderId","in":"query","description":"partner orderId for looking up order","required":true,"style":"form","explode":true,"schema":{"type":"string"}}],"responses":{"200":{"description":"search results matching criteria","content":{"application/json":{"schema":{"$ref":"#/components/schemas/Order"}}}},"400":{"description":"bad input parameter"}}},"post":{"tags":["partnership"],"summary":"adds order","description":"Adds order to the system","operationId":"addOrder","parameters":[{"name":"partnerid","in":"path","description":"Partner ID","required":true,"style":"simple","explode":false,"schema":{"type":"integer","format":"int64"}},{"name":"orderId","in":"query","description":"partner orderId for new order","required":false,"style":"form","explode":true,"schema":{"type":"string"}}],"requestBody":{"content":{"application/json":{"schema":{"$ref":"#/components/schemas/Order"}}},"required":true},"responses":{"201":{"description":"order has created","content":{"application/json":{"schema":{"$ref":"#/components/schemas/Order"}}}},"400":{"description":"invalid input, object invalid"},"409":{"description":"an existing order item already exists"}}},"delete":{"tags":["partnership"],"summary":"Cancel order","description":"Cancel an order to the system","operationId":"cancelOrder","parameters":[{"name":"partnerid","in":"path","description":"Partner ID","required":true,"style":"simple","explode":false,"schema":{"type":"integer","format":"int64"}},{"name":"orderId","in":"query","description":"pass an orderId for looking up order","required":true,"style":"form","explode":true,"schema":{"type":"string"}}],"responses":{"200":{"description":"order has Cancelled"},"400":{"description":"invalid input, object invalid"}}}},"/partners/{partnerid}/order/{orderId}/delivery":{"put":{"tags":["partnership"],"summary":"Add/update shipping info to exist partner order","description":"Add/update order shipping info to the system","operationId":"updateOrderShippingInfo","parameters":[{"name":"partnerid","in":"path","description":"Partner ID","required":true,"style":"simple","explode":false,"schema":{"type":"integer","format":"int64"}},{"name":"orderId","in":"path","description":"pass an orderId for looking up order","required":true,"style":"simple","explode":false,"schema":{"type":"string"}}],"requestBody":{"content":{"application/json":{"schema":{"$ref":"#/components/schemas/Delivery"}}},"required":true},"responses":{"200":{"description":"shipping info updated"},"400":{"description":"invalid input, object invalid"}}}}},"components":{"schemas":{"HealthStatus":{"required":["status"],"type":"object","properties":{"status":{"type":"string","description":"healty status options, allow valus are Healthy, Down","example":"Healthy"},"timeStamp":{"format":"date-time","example":"2022-04-19T09:12:33.001Z"},"duration":{"type":"string","description":"the duration of task","example":"210ms"}},"description":"the Health check status"},"Customer":{"type":"object","properties":{"userToken":{"type":"string","example":"atestorderid-1234"},"firstName":{"type":"string","example":"first"},"lastName":{"type":"string","example":"Last"},"email":{"type":"string","example":"documentprinting@staples.ca"},"phone":{"type":"string","example":"19057737579"},"fax":{"type":"string","example":"19057737579"},"company":{"type":"string","example":"Staples Canada"},"department":{"type":"string","example":"HR"},"jobTitle":{"type":"string","example":"Manager"}},"description":"customer info"},"Delivery":{"required":["deliveryMethod"],"type":"object","properties":{"deliveryMethod":{"type":"string","description":"Delivery options, allow valus are Express / Standard / PickUpAtStore","example":"Express"},"shippingAddress":{"$ref":"#/components/schemas/Address"},"notes":{"type":"string","description":"shipping notes","example":"front door"}},"description":"Delivery method and shipping address"},"Address":{"required":["Country","Postal","address1","city","name","provice"],"type":"object","properties":{"name":{"type":"string","description":"Customer name","example":"First Last."},"address1":{"type":"string","example":"6 Staples Ave."},"address2":{"type":"string"},"city":{"type":"string","example":"Toronto"},"provice":{"type":"string","example":"Ontario"},"Country":{"type":"string","example":"Canada"},"Postal":{"type":"string","example":"L4W 4B3"}},"description":"Address info and customer name"},"Order":{"required":["orderDateTime","partnerOrderId","preview","projects","user"],"type":"object","properties":{"partnerOrderId":{"type":"string","description":"partnerOrderId is unique key to identify order","example":"atestorderid-1234"},"displayOrderId":{"type":"string","description":"displayOrderId is optional, for UI display purpose","example":"1234"},"orderDateTime":{"type":"string","format":"date-time","example":"2022-04-19T09:12:33.001Z"},"preview":{"type":"boolean","description":"a flag to indicate current order creation is for preview or not, it it's preview, then the order will not real submit, return the price of order.","example":false},"notifyCustomer":{"type":"boolean","description":"optional, indicate whether or not to notify cutomer when order status is updating.","example":false},"rebate":{"type":"number","example":0},"shippingPrice":{"type":"number","example":9},"subtotal":{"type":"number","example":1E+1},"tax1":{"type":"number","example":1.3},"tax2":{"type":"number","example":0},"total":{"type":"number","example":11.3},"notes":{"type":"string","example":"Please ship to my front door."},"currencyCode":{"type":"string","example":"CAD"},"customer":{"$ref":"#/components/schemas/Customer"},"delivery":{"$ref":"#/components/schemas/Delivery"},"items":{"type":"array","items":{"$ref":"#/components/schemas/Item"}}},"description":"the print order that contains all info that"},"Item":{"required":["lineItemId","options","productId","quantity"],"type":"object","properties":{"lineItemId":{"type":"string","description":"order line item id, unique identify for each order items in the order, orderId+lineItemId is unique key of partner level.","example":"1"},"partnerProductId":{"type":"string","description":"partnerProductId represent partner productId.","example":"12345"},"partnerProductName":{"type":"string","description":"partnerProductName","example":"Photobook"},"productId":{"type":"string","example":"documentPrintingId"},"quantity":{"type":"integer","example":2},"numberOfPage":{"type":"integer","example":20},"printFiles":{"type":"array","example":["https://www.vendor.com/printfile/abc-123"],"items":{"type":"string"}},"thumbnails":{"type":"array","example":["https://www.vendor.com/printfile/abc-123/thumbnail/1","https://www.vendor.com/printfile/abc-123/thumbnail/2"],"items":{"type":"string"}},"options":{"$ref":"#/components/schemas/Options"},"PageRange":{"type":"array","items":{"$ref":"#/components/schemas/Page"}}},"description":"order item, represent the individual print product in the order"},"Options":{"type":"object","properties":{"size":{"type":"string","example":"12X18"},"orientation":{"type":"string","example":"Portrait"},"sides":{"type":"string","example":"Single"},"color":{"type":"string","example":"Rich Black"},"paper":{"type":"string","example":"White Ltr 32lb"},"lamination":{"type":"string","example":"None"},"finishing":{"type":"string","example":"None"},"binding":{"type":"string","example":"Coil-Black"}}},"PageOptions":{"type":"object","properties":{"color":{"type":"string","example":"Rich Black"},"paper":{"type":"string","example":"White Ltr 32lb"},"finishing":{"type":"string","example":"None"}}},"Page":{"required":["endPage","startPage"],"type":"object","properties":{"startPage":{"type":"integer","example":1},"endPage":{"type":"integer","example":10},"pageOptions":{"$ref":"#/components/schemas/PageOptions"}}}}}}