{
  "openapi": "3.0.0",
  "info": {
    "title": "Frontend Driver Interface",
    "description": "Frontend Driver Interface http requests-responses",
    "contact": {
      "email": "team@supertokens.io"
    },
    "version": "1.10.3"
  },
  "servers": [
    {
      "url": "/"
    }
  ],
  "tags": [
    {
      "name": "Session Recipe"
    },
    {
      "name": "EmailPassword Recipe"
    },
    {
      "name": "ThirdParty Recipe"
    },
    {
      "name": "ThirdPartyEmailPassword Recipe"
    },
    {
      "name": "EmailVerification Recipe"
    },
    {
      "name": "JWT Recipe"
    }
  ],
  "paths": {
    "/{apiBasePath}/signout": {
      "post": {
        "tags": [
          "Session Recipe"
        ],
        "description": "Logout user\n",
        "operationId": "signout",
        "parameters": [
          {
            "name": "apiBasePath",
            "in": "path",
            "description": "Its value depends on the apiBasePath set by the user",
            "required": true,
            "style": "simple",
            "explode": false,
            "schema": {
              "type": "string",
              "example": "auth"
            }
          },
          {
            "name": "rid",
            "in": "header",
            "required": false,
            "style": "simple",
            "explode": false,
            "schema": {
              "type": "string"
            },
            "example": "session"
          }
        ],
        "requestBody": {
          "content": {
            "application/json": {
              "schema": {
                "type": "object"
              }
            }
          }
        },
        "responses": {
          "200": {
            "description": "Logout user",
            "headers": {
              "Set-Cookie": {
                "style": "simple",
                "explode": false,
                "schema": {
                  "type": "string",
                  "example": "sAccessToken=; Path=/; Expires=Thu, 01 Jan 1970 00:00:00 GMT; HttpOnly; SameSite=Lax sRefreshToken=; Path=/auth/session/refresh; Expires=Thu, 01 Jan 1970 00:00:00 GMT; HttpOnly; SameSite=Lax sIdRefreshToken=; Path=/; Expires=Thu, 01 Jan 1970 00:00:00 GMT; HttpOnly; SameSite=Lax"
                }
              },
              "id-refresh-token": {
                "style": "simple",
                "explode": false,
                "schema": {
                  "type": "string",
                  "example": "remove"
                }
              },
              "Access-Control-Expose-Headers": {
                "style": "simple",
                "explode": false,
                "schema": {
                  "type": "string",
                  "example": "id-refresh-token"
                }
              }
            },
            "content": {
              "application/json": {
                "schema": {
                  "$ref": "#/components/schemas/inline_response_200"
                }
              }
            }
          },
          "404": {
            "description": "error code 404",
            "content": {
              "text/plain": {
                "schema": {
                  "$ref": "#/components/schemas/notFound"
                }
              }
            }
          },
          "500": {
            "description": "error code 500",
            "content": {
              "text/plain": {
                "schema": {
                  "$ref": "#/components/schemas/internalError"
                }
              }
            }
          }
        }
      }
    },
    "/{apiBasePath}/session/refresh": {
      "post": {
        "tags": [
          "Session Recipe"
        ],
        "description": "Refresh the user session\n",
        "operationId": "refresh",
        "parameters": [
          {
            "name": "apiBasePath",
            "in": "path",
            "description": "Its value depends on the apiBasePath set by the user",
            "required": true,
            "style": "simple",
            "explode": false,
            "schema": {
              "type": "string",
              "example": "auth"
            }
          },
          {
            "name": "rid",
            "in": "header",
            "required": false,
            "style": "simple",
            "explode": false,
            "schema": {
              "type": "string"
            },
            "example": "session"
          },
          {
            "name": "anti-csrf",
            "in": "header",
            "description": "This will only be here if enabled by the user.",
            "required": false,
            "style": "simple",
            "explode": false,
            "schema": {
              "$ref": "#/components/schemas/token"
            }
          },
          {
            "name": "sIdRefreshToken",
            "in": "cookie",
            "required": true,
            "style": "form",
            "explode": true,
            "schema": {
              "$ref": "#/components/schemas/cookie"
            }
          },
          {
            "name": "sRefreshToken",
            "in": "cookie",
            "required": true,
            "style": "form",
            "explode": true,
            "schema": {
              "$ref": "#/components/schemas/cookie"
            }
          }
        ],
        "responses": {
          "200": {
            "description": "Refresh users",
            "headers": {
              "Set-Cookie": {
                "style": "simple",
                "explode": false,
                "schema": {
                  "type": "string",
                  "example": "sAccessToken=eyJhb...%3D%3D; Path=/; Expires=Tue, 22 Jun 2021 07:43:07 GMT; HttpOnly; SameSite=Lax; sRefreshToken=K91cQ7ezMbu...cb61c3.V2; Path=/auth/session/refresh; Expires=Thu, 30 Sep 2021 06:43:07 GMT; HttpOnly; SameSite=Lax; sIdRefreshToken=6ed3...6c0d; Path=/; Expires=Thu, 30 Sep 2021 06:43:07 GMT; HttpOnly; SameSite=Lax"
                }
              },
              "anti-csrf": {
                "description": "This will only be here if enabled by the user",
                "style": "simple",
                "explode": false,
                "schema": {
                  "$ref": "#/components/schemas/token"
                }
              },
              "front-token": {
                "style": "simple",
                "explode": false,
                "schema": {
                  "$ref": "#/components/schemas/token"
                }
              },
              "id-refresh-token": {
                "style": "simple",
                "explode": false,
                "schema": {
                  "$ref": "#/components/schemas/token"
                }
              },
              "Access-Control-Expose-Headers": {
                "style": "simple",
                "explode": false,
                "schema": {
                  "type": "string",
                  "example": "id-refresh-token, anti-csrf, front-token"
                }
              }
            }
          },
          "404": {
            "description": "error code 404",
            "content": {
              "text/plain": {
                "schema": {
                  "$ref": "#/components/schemas/notFound"
                }
              }
            }
          },
          "500": {
            "description": "error code 500",
            "content": {
              "text/plain": {
                "schema": {
                  "$ref": "#/components/schemas/internalError"
                }
              }
            }
          }
        }
      }
    },
    "/{apiBasePath}/signin": {
      "post": {
        "tags": [
          "EmailPassword Recipe"
        ],
        "description": "Signin a user with email ID and password\n",
        "operationId": "signIn",
        "parameters": [
          {
            "name": "apiBasePath",
            "in": "path",
            "description": "Its value depends on the apiBasePath set by the user",
            "required": true,
            "style": "simple",
            "explode": false,
            "schema": {
              "type": "string",
              "example": "auth"
            }
          },
          {
            "name": "rid",
            "in": "header",
            "required": false,
            "style": "simple",
            "explode": false,
            "schema": {
              "type": "string"
            },
            "example": "session"
          }
        ],
        "requestBody": {
          "content": {
            "application/json": {
              "schema": {
                "$ref": "#/components/schemas/apiBasePath_signin_body"
              }
            }
          }
        },
        "responses": {
          "200": {
            "description": "Sign in Response",
            "headers": {
              "Set-Cookie": {
                "style": "simple",
                "explode": false,
                "schema": {
                  "type": "string",
                  "example": "sAccessToken=eyJhb...%3D%3D; Path=/; Expires=Tue, 22 Jun 2021 07:43:07 GMT; HttpOnly; SameSite=Lax; sRefreshToken=K91cQ7ezMbu...cb61c3.V2; Path=/auth/session/refresh; Expires=Thu, 30 Sep 2021 06:43:07 GMT; HttpOnly; SameSite=Lax; sIdRefreshToken=6ed3...6c0d; Path=/; Expires=Thu, 30 Sep 2021 06:43:07 GMT; HttpOnly; SameSite=Lax"
                }
              },
              "anti-csrf": {
                "description": "This will only be here if enabled by the user",
                "style": "simple",
                "explode": false,
                "schema": {
                  "$ref": "#/components/schemas/token"
                }
              },
              "front-token": {
                "style": "simple",
                "explode": false,
                "schema": {
                  "$ref": "#/components/schemas/token"
                }
              },
              "id-refresh-token": {
                "style": "simple",
                "explode": false,
                "schema": {
                  "$ref": "#/components/schemas/token"
                }
              },
              "Access-Control-Expose-Headers": {
                "style": "simple",
                "explode": false,
                "schema": {
                  "type": "string",
                  "enum": [
                    "id-refresh-token, anti-csrf, front-token"
                  ]
                }
              }
            },
            "content": {
              "application/json": {
                "schema": {
                  "$ref": "#/components/schemas/inline_response_200_1"
                }
              }
            }
          },
          "404": {
            "description": "error code 404",
            "content": {
              "text/plain": {
                "schema": {
                  "$ref": "#/components/schemas/notFound"
                }
              }
            }
          },
          "500": {
            "description": "error code 500",
            "content": {
              "text/plain": {
                "schema": {
                  "$ref": "#/components/schemas/internalError"
                }
              }
            }
          }
        }
      }
    },
    "/{apiBasePath}/signup": {
      "post": {
        "tags": [
          "EmailPassword Recipe"
        ],
        "description": "Signup a user with email ID and password\n",
        "operationId": "signUp",
        "parameters": [
          {
            "name": "apiBasePath",
            "in": "path",
            "description": "Its value depends on the apiBasePath set by the user",
            "required": true,
            "style": "simple",
            "explode": false,
            "schema": {
              "type": "string",
              "example": "auth"
            }
          },
          {
            "name": "rid",
            "in": "header",
            "required": false,
            "style": "simple",
            "explode": false,
            "schema": {
              "type": "string"
            },
            "example": "emailpassword"
          }
        ],
        "requestBody": {
          "content": {
            "application/json": {
              "schema": {
                "$ref": "#/components/schemas/apiBasePath_signup_body"
              }
            }
          }
        },
        "responses": {
          "200": {
            "description": "Sign up Response",
            "headers": {
              "Set-Cookie": {
                "style": "simple",
                "explode": false,
                "schema": {
                  "type": "string",
                  "example": "sAccessToken=eyJhb...%3D%3D; Path=/; Expires=Tue, 22 Jun 2021 07:43:07 GMT; HttpOnly; SameSite=Lax; sRefreshToken=K91cQ7ezMbu...cb61c3.V2; Path=/auth/session/refresh; Expires=Thu, 30 Sep 2021 06:43:07 GMT; HttpOnly; SameSite=Lax; sIdRefreshToken=6ed3...6c0d; Path=/; Expires=Thu, 30 Sep 2021 06:43:07 GMT; HttpOnly; SameSite=Lax"
                }
              },
              "anti-csrf": {
                "description": "This will only be here if enabled by the user",
                "style": "simple",
                "explode": false,
                "schema": {
                  "$ref": "#/components/schemas/token"
                }
              },
              "front-token": {
                "style": "simple",
                "explode": false,
                "schema": {
                  "$ref": "#/components/schemas/token"
                }
              },
              "id-refresh-token": {
                "style": "simple",
                "explode": false,
                "schema": {
                  "$ref": "#/components/schemas/token"
                }
              },
              "Access-Control-Expose-Headers": {
                "style": "simple",
                "explode": false,
                "schema": {
                  "type": "string",
                  "enum": [
                    "id-refresh-token, anti-csrf, front-token"
                  ]
                }
              }
            },
            "content": {
              "application/json": {
                "schema": {
                  "$ref": "#/components/schemas/inline_response_200_2"
                }
              }
            }
          },
          "404": {
            "description": "error code 404",
            "content": {
              "text/plain": {
                "schema": {
                  "$ref": "#/components/schemas/notFound"
                }
              }
            }
          },
          "500": {
            "description": "error code 500",
            "content": {
              "text/plain": {
                "schema": {
                  "$ref": "#/components/schemas/internalError"
                }
              }
            }
          }
        }
      }
    },
    "/{apiBasePath}/signup/email/exists": {
      "get": {
        "tags": [
          "EmailPassword Recipe"
        ],
        "description": "Check if an email exists\n",
        "operationId": "emailExists",
        "parameters": [
          {
            "name": "apiBasePath",
            "in": "path",
            "description": "Its value depends on the apiBasePath set by the user",
            "required": true,
            "style": "simple",
            "explode": false,
            "schema": {
              "type": "string",
              "example": "auth"
            }
          },
          {
            "name": "rid",
            "in": "header",
            "required": false,
            "style": "simple",
            "explode": false,
            "schema": {
              "type": "string"
            },
            "example": "emailpassword"
          },
          {
            "name": "email",
            "in": "query",
            "required": true,
            "style": "form",
            "explode": true,
            "schema": {
              "type": "string",
              "example": "johndoe@gmail.com"
            }
          }
        ],
        "responses": {
          "200": {
            "description": "Checks if an email exists",
            "content": {
              "application/json": {
                "schema": {
                  "$ref": "#/components/schemas/inline_response_200_3"
                }
              }
            }
          },
          "404": {
            "description": "error code 404",
            "content": {
              "text/plain": {
                "schema": {
                  "$ref": "#/components/schemas/notFound"
                }
              }
            }
          },
          "500": {
            "description": "error code 500",
            "content": {
              "text/plain": {
                "schema": {
                  "$ref": "#/components/schemas/internalError"
                }
              }
            }
          }
        }
      }
    },
    "/{apiBasePath}/user/password/reset/token": {
      "post": {
        "tags": [
          "EmailPassword Recipe"
        ],
        "description": "Generate a new reset password token for this user\n",
        "operationId": "passwordResetToken",
        "parameters": [
          {
            "name": "apiBasePath",
            "in": "path",
            "description": "Its value depends on the apiBasePath set by the user",
            "required": true,
            "style": "simple",
            "explode": false,
            "schema": {
              "type": "string",
              "example": "auth"
            }
          },
          {
            "name": "rid",
            "in": "header",
            "required": false,
            "style": "simple",
            "explode": false,
            "schema": {
              "type": "string"
            },
            "example": "emailpassword"
          }
        ],
        "requestBody": {
          "content": {
            "application/json": {
              "schema": {
                "$ref": "#/components/schemas/reset_token_body"
              }
            }
          }
        },
        "responses": {
          "200": {
            "description": "Generate a new reset password token for this user",
            "content": {
              "application/json": {
                "schema": {
                  "$ref": "#/components/schemas/inline_response_200_4"
                }
              }
            }
          },
          "404": {
            "description": "error code 404",
            "content": {
              "text/plain": {
                "schema": {
                  "$ref": "#/components/schemas/notFound"
                }
              }
            }
          },
          "500": {
            "description": "error code 500",
            "content": {
              "text/plain": {
                "schema": {
                  "$ref": "#/components/schemas/internalError"
                }
              }
            }
          }
        }
      }
    },
    "/{apiBasePath}/user/password/reset": {
      "post": {
        "tags": [
          "EmailPassword Recipe"
        ],
        "description": "Reset a password using password reset token\n",
        "operationId": "passwordReset",
        "parameters": [
          {
            "name": "apiBasePath",
            "in": "path",
            "description": "Its value depends on the apiBasePath set by the user",
            "required": true,
            "style": "simple",
            "explode": false,
            "schema": {
              "type": "string",
              "example": "auth"
            }
          },
          {
            "name": "rid",
            "in": "header",
            "required": false,
            "style": "simple",
            "explode": false,
            "schema": {
              "type": "string"
            },
            "example": "emailpassword"
          }
        ],
        "requestBody": {
          "content": {
            "application/json": {
              "schema": {
                "$ref": "#/components/schemas/password_reset_body"
              }
            }
          }
        },
        "responses": {
          "200": {
            "description": "Reset a password using password reset token",
            "content": {
              "application/json": {
                "schema": {
                  "$ref": "#/components/schemas/inline_response_200_5"
                }
              }
            }
          },
          "404": {
            "description": "error code 404",
            "content": {
              "text/plain": {
                "schema": {
                  "$ref": "#/components/schemas/notFound"
                }
              }
            }
          },
          "500": {
            "description": "error code 500",
            "content": {
              "text/plain": {
                "schema": {
                  "$ref": "#/components/schemas/internalError"
                }
              }
            }
          }
        }
      }
    },
    "/{apiBasePath}/signinup": {
      "post": {
        "tags": [
          "ThirdParty Recipe"
        ],
        "description": "Signin/up a user\n",
        "operationId": "signInUp",
        "parameters": [
          {
            "name": "apiBasePath",
            "in": "path",
            "description": "Its value depends on the apiBasePath set by the user",
            "required": true,
            "style": "simple",
            "explode": false,
            "schema": {
              "type": "string",
              "example": "auth"
            }
          },
          {
            "name": "rid",
            "in": "header",
            "required": false,
            "style": "simple",
            "explode": false,
            "schema": {
              "type": "string"
            },
            "example": "thirdparty"
          }
        ],
        "requestBody": {
          "description": "Should contain one of code or authCodeResponse, clientId is optional",
          "content": {
            "application/json": {
              "schema": {
                "$ref": "#/components/schemas/apiBasePath_signinup_body"
              }
            }
          }
        },
        "responses": {
          "200": {
            "description": "Signin/up a user",
            "headers": {
              "Set-Cookie": {
                "style": "simple",
                "explode": false,
                "schema": {
                  "type": "string",
                  "example": "sAccessToken=eyJhb...%3D%3D; Path=/; Expires=Tue, 22 Jun 2021 07:43:07 GMT; HttpOnly; SameSite=Lax; sRefreshToken=K91cQ7ezMbu...cb61c3.V2; Path=/auth/session/refresh; Expires=Thu, 30 Sep 2021 06:43:07 GMT; HttpOnly; SameSite=Lax; sIdRefreshToken=6ed3...6c0d; Path=/; Expires=Thu, 30 Sep 2021 06:43:07 GMT; HttpOnly; SameSite=Lax"
                }
              },
              "anti-csrf": {
                "description": "This will only be here if enabled by the user",
                "style": "simple",
                "explode": false,
                "schema": {
                  "$ref": "#/components/schemas/token"
                }
              },
              "front-token": {
                "style": "simple",
                "explode": false,
                "schema": {
                  "$ref": "#/components/schemas/token"
                }
              },
              "id-refresh-token": {
                "style": "simple",
                "explode": false,
                "schema": {
                  "$ref": "#/components/schemas/token"
                }
              },
              "Access-Control-Expose-Headers": {
                "style": "simple",
                "explode": false,
                "schema": {
                  "type": "string",
                  "enum": [
                    "id-refresh-token, anti-csrf, front-token"
                  ]
                }
              }
            },
            "content": {
              "application/json": {
                "schema": {
                  "$ref": "#/components/schemas/inline_response_200_6"
                }
              }
            }
          },
          "404": {
            "description": "error code 404",
            "content": {
              "text/plain": {
                "schema": {
                  "$ref": "#/components/schemas/notFound"
                }
              }
            }
          },
          "500": {
            "description": "error code 500",
            "content": {
              "text/plain": {
                "schema": {
                  "$ref": "#/components/schemas/internalError"
                }
              }
            }
          }
        }
      }
    },
    "/{apiBasePath}/authorisationurl": {
      "get": {
        "tags": [
          "ThirdParty Recipe"
        ],
        "description": "Signin/up a user\n",
        "operationId": "authorisationUrl",
        "parameters": [
          {
            "name": "apiBasePath",
            "in": "path",
            "description": "Its value depends on the apiBasePath set by the user",
            "required": true,
            "style": "simple",
            "explode": false,
            "schema": {
              "type": "string",
              "example": "auth"
            }
          },
          {
            "name": "rid",
            "in": "header",
            "required": false,
            "style": "simple",
            "explode": false,
            "schema": {
              "type": "string"
            },
            "example": "thirdparty"
          },
          {
            "name": "thirdPartyId",
            "in": "query",
            "required": false,
            "style": "form",
            "explode": true,
            "schema": {
              "$ref": "#/components/schemas/thirdPartyId"
            }
          }
        ],
        "responses": {
          "200": {
            "description": "Get the OAuth authorisation URL",
            "content": {
              "application/json": {
                "schema": {
                  "$ref": "#/components/schemas/inline_response_200_7"
                }
              }
            }
          },
          "404": {
            "description": "error code 404",
            "content": {
              "text/plain": {
                "schema": {
                  "$ref": "#/components/schemas/notFound"
                }
              }
            }
          },
          "500": {
            "description": "error code 500",
            "content": {
              "text/plain": {
                "schema": {
                  "$ref": "#/components/schemas/internalError"
                }
              }
            }
          }
        }
      }
    },
    "/{apiBasePath}/callback/apple": {
      "post": {
        "tags": [
          "ThirdParty Recipe"
        ],
        "description": "Handles sign in with the apple.\n",
        "operationId": "thirdPartyCallbackApple",
        "parameters": [
          {
            "name": "apiBasePath",
            "in": "path",
            "description": "Its value depends on the apiBasePath set by the user",
            "required": true,
            "style": "simple",
            "explode": false,
            "schema": {
              "type": "string",
              "example": "auth"
            }
          }
        ],
        "requestBody": {
          "content": {
            "application/x-www-form-urlencoded": {
              "schema": {
                "$ref": "#/components/schemas/callback_apple_body"
              }
            }
          }
        },
        "responses": {
          "200": {
            "description": "Returns an HTML page which will redirect the user to the client's app."
          },
          "404": {
            "description": "error code 404",
            "content": {
              "text/plain": {
                "schema": {
                  "$ref": "#/components/schemas/notFound"
                }
              }
            }
          },
          "500": {
            "description": "error code 500",
            "content": {
              "text/plain": {
                "schema": {
                  "$ref": "#/components/schemas/internalError"
                }
              }
            }
          }
        }
      }
    },
    "/{apiBasePath}/signin⠀": {
      "post": {
        "tags": [
          "ThirdPartyEmailPassword Recipe"
        ],
        "description": "Signin a user with email ID and password\n",
        "operationId": "thirdPartyEmailPasswordsignIn",
        "parameters": [
          {
            "name": "apiBasePath",
            "in": "path",
            "description": "Its value depends on the apiBasePath set by the user",
            "required": true,
            "style": "simple",
            "explode": false,
            "schema": {
              "type": "string",
              "example": "auth"
            }
          },
          {
            "name": "rid",
            "in": "header",
            "required": false,
            "style": "simple",
            "explode": false,
            "schema": {
              "type": "string"
            },
            "example": "thirdpartyemailpassword"
          }
        ],
        "requestBody": {
          "content": {
            "application/json": {
              "schema": {
                "$ref": "#/components/schemas/apiBasePath_signin_body_1"
              }
            }
          }
        },
        "responses": {
          "200": {
            "description": "Sign in Response",
            "headers": {
              "Set-Cookie": {
                "style": "simple",
                "explode": false,
                "schema": {
                  "type": "string",
                  "example": "sAccessToken=eyJhb...%3D%3D; Path=/; Expires=Tue, 22 Jun 2021 07:43:07 GMT; HttpOnly; SameSite=Lax; sRefreshToken=K91cQ7ezMbu...cb61c3.V2; Path=/auth/session/refresh; Expires=Thu, 30 Sep 2021 06:43:07 GMT; HttpOnly; SameSite=Lax; sIdRefreshToken=6ed3...6c0d; Path=/; Expires=Thu, 30 Sep 2021 06:43:07 GMT; HttpOnly; SameSite=Lax"
                }
              },
              "anti-csrf": {
                "description": "This will only be here if enabled by the user",
                "style": "simple",
                "explode": false,
                "schema": {
                  "$ref": "#/components/schemas/token"
                }
              },
              "front-token": {
                "style": "simple",
                "explode": false,
                "schema": {
                  "$ref": "#/components/schemas/token"
                }
              },
              "id-refresh-token": {
                "style": "simple",
                "explode": false,
                "schema": {
                  "$ref": "#/components/schemas/token"
                }
              },
              "Access-Control-Expose-Headers": {
                "style": "simple",
                "explode": false,
                "schema": {
                  "type": "string",
                  "enum": [
                    "id-refresh-token, anti-csrf, front-token"
                  ]
                }
              }
            },
            "content": {
              "application/json": {
                "schema": {
                  "$ref": "#/components/schemas/inline_response_200_1"
                }
              }
            }
          },
          "404": {
            "description": "error code 404",
            "content": {
              "text/plain": {
                "schema": {
                  "$ref": "#/components/schemas/notFound"
                }
              }
            }
          },
          "500": {
            "description": "error code 500",
            "content": {
              "text/plain": {
                "schema": {
                  "$ref": "#/components/schemas/internalError"
                }
              }
            }
          }
        }
      }
    },
    "/{apiBasePath}/signup⠀": {
      "post": {
        "tags": [
          "ThirdPartyEmailPassword Recipe"
        ],
        "description": "Signup a user with email ID and password\n",
        "operationId": "thirdPartyEmailPasswordsignUp",
        "parameters": [
          {
            "name": "apiBasePath",
            "in": "path",
            "description": "Its value depends on the apiBasePath set by the user",
            "required": true,
            "style": "simple",
            "explode": false,
            "schema": {
              "type": "string",
              "example": "auth"
            }
          },
          {
            "name": "rid",
            "in": "header",
            "required": false,
            "style": "simple",
            "explode": false,
            "schema": {
              "type": "string"
            },
            "example": "thirdpartyemailpassword"
          }
        ],
        "requestBody": {
          "content": {
            "application/json": {
              "schema": {
                "$ref": "#/components/schemas/apiBasePath_signup_body_1"
              }
            }
          }
        },
        "responses": {
          "200": {
            "description": "Sign up Response",
            "headers": {
              "Set-Cookie": {
                "style": "simple",
                "explode": false,
                "schema": {
                  "type": "string",
                  "example": "sAccessToken=eyJhb...%3D%3D; Path=/; Expires=Tue, 22 Jun 2021 07:43:07 GMT; HttpOnly; SameSite=Lax; sRefreshToken=K91cQ7ezMbu...cb61c3.V2; Path=/auth/session/refresh; Expires=Thu, 30 Sep 2021 06:43:07 GMT; HttpOnly; SameSite=Lax; sIdRefreshToken=6ed3...6c0d; Path=/; Expires=Thu, 30 Sep 2021 06:43:07 GMT; HttpOnly; SameSite=Lax"
                }
              },
              "anti-csrf": {
                "description": "This will only be here if enabled by the user",
                "style": "simple",
                "explode": false,
                "schema": {
                  "$ref": "#/components/schemas/token"
                }
              },
              "front-token": {
                "style": "simple",
                "explode": false,
                "schema": {
                  "$ref": "#/components/schemas/token"
                }
              },
              "id-refresh-token": {
                "style": "simple",
                "explode": false,
                "schema": {
                  "$ref": "#/components/schemas/token"
                }
              },
              "Access-Control-Expose-Headers": {
                "style": "simple",
                "explode": false,
                "schema": {
                  "type": "string",
                  "enum": [
                    "id-refresh-token, anti-csrf, front-token"
                  ]
                }
              }
            },
            "content": {
              "application/json": {
                "schema": {
                  "$ref": "#/components/schemas/inline_response_200_2"
                }
              }
            }
          },
          "404": {
            "description": "error code 404",
            "content": {
              "text/plain": {
                "schema": {
                  "$ref": "#/components/schemas/notFound"
                }
              }
            }
          },
          "500": {
            "description": "error code 500",
            "content": {
              "text/plain": {
                "schema": {
                  "$ref": "#/components/schemas/internalError"
                }
              }
            }
          }
        }
      }
    },
    "/{apiBasePath}/signup/email/exists⠀": {
      "get": {
        "tags": [
          "ThirdPartyEmailPassword Recipe"
        ],
        "description": "Check if an email exists\n",
        "operationId": "thirdPartyEmailPasswordEmailExists",
        "parameters": [
          {
            "name": "apiBasePath",
            "in": "path",
            "description": "Its value depends on the apiBasePath set by the user",
            "required": true,
            "style": "simple",
            "explode": false,
            "schema": {
              "type": "string",
              "example": "auth"
            }
          },
          {
            "name": "rid",
            "in": "header",
            "required": false,
            "style": "simple",
            "explode": false,
            "schema": {
              "type": "string"
            },
            "example": "thirdpartyemailpassword"
          },
          {
            "name": "email",
            "in": "query",
            "required": true,
            "style": "form",
            "explode": true,
            "schema": {
              "type": "string",
              "example": "johndoe@gmail.com"
            }
          }
        ],
        "responses": {
          "200": {
            "description": "Checks if an email exists",
            "content": {
              "application/json": {
                "schema": {
                  "$ref": "#/components/schemas/inline_response_200_3"
                }
              }
            }
          },
          "404": {
            "description": "error code 404",
            "content": {
              "text/plain": {
                "schema": {
                  "$ref": "#/components/schemas/notFound"
                }
              }
            }
          },
          "500": {
            "description": "error code 500",
            "content": {
              "text/plain": {
                "schema": {
                  "$ref": "#/components/schemas/internalError"
                }
              }
            }
          }
        }
      }
    },
    "/{apiBasePath}/user/password/reset/token⠀": {
      "post": {
        "tags": [
          "ThirdPartyEmailPassword Recipe"
        ],
        "description": "Generate a new reset password token for this user\n",
        "operationId": "thirdPartyEmailPasswordPasswordResetToken",
        "parameters": [
          {
            "name": "apiBasePath",
            "in": "path",
            "description": "Its value depends on the apiBasePath set by the user",
            "required": true,
            "style": "simple",
            "explode": false,
            "schema": {
              "type": "string",
              "example": "auth"
            }
          },
          {
            "name": "rid",
            "in": "header",
            "required": false,
            "style": "simple",
            "explode": false,
            "schema": {
              "type": "string"
            },
            "example": "thirdpartyemailpassword"
          }
        ],
        "requestBody": {
          "content": {
            "application/json": {
              "schema": {
                "$ref": "#/components/schemas/reset_token_body_1"
              }
            }
          }
        },
        "responses": {
          "200": {
            "description": "Generate a new reset password token for this user",
            "content": {
              "application/json": {
                "schema": {
                  "$ref": "#/components/schemas/inline_response_200_4"
                }
              }
            }
          },
          "404": {
            "description": "error code 404",
            "content": {
              "text/plain": {
                "schema": {
                  "$ref": "#/components/schemas/notFound"
                }
              }
            }
          },
          "500": {
            "description": "error code 500",
            "content": {
              "text/plain": {
                "schema": {
                  "$ref": "#/components/schemas/internalError"
                }
              }
            }
          }
        }
      }
    },
    "/{apiBasePath}/user/password/reset⠀": {
      "post": {
        "tags": [
          "ThirdPartyEmailPassword Recipe"
        ],
        "description": "Reset a password using password reset token\n",
        "operationId": "thirdPartyEmailPasswordPasswordReset",
        "parameters": [
          {
            "name": "apiBasePath",
            "in": "path",
            "description": "Its value depends on the apiBasePath set by the user",
            "required": true,
            "style": "simple",
            "explode": false,
            "schema": {
              "type": "string",
              "example": "auth"
            }
          },
          {
            "name": "rid",
            "in": "header",
            "required": false,
            "style": "simple",
            "explode": false,
            "schema": {
              "type": "string"
            },
            "example": "thirdpartyemailpassword"
          }
        ],
        "requestBody": {
          "content": {
            "application/json": {
              "schema": {
                "$ref": "#/components/schemas/password_reset_body_1"
              }
            }
          }
        },
        "responses": {
          "200": {
            "description": "Reset a password using password reset token",
            "content": {
              "application/json": {
                "schema": {
                  "$ref": "#/components/schemas/inline_response_200_5"
                }
              }
            }
          },
          "404": {
            "description": "error code 404",
            "content": {
              "text/plain": {
                "schema": {
                  "$ref": "#/components/schemas/notFound"
                }
              }
            }
          },
          "500": {
            "description": "error code 500",
            "content": {
              "text/plain": {
                "schema": {
                  "$ref": "#/components/schemas/internalError"
                }
              }
            }
          }
        }
      }
    },
    "/{apiBasePath}/signinup⠀": {
      "post": {
        "tags": [
          "ThirdPartyEmailPassword Recipe"
        ],
        "description": "Signin/up a user using a Social Provider\n",
        "operationId": "thirdPartyEmailPasswordSignInUp",
        "parameters": [
          {
            "name": "apiBasePath",
            "in": "path",
            "description": "Its value depends on the apiBasePath set by the user",
            "required": true,
            "style": "simple",
            "explode": false,
            "schema": {
              "type": "string",
              "example": "auth"
            }
          },
          {
            "name": "rid",
            "in": "header",
            "required": false,
            "style": "simple",
            "explode": false,
            "schema": {
              "type": "string"
            },
            "example": "thirdpartyemailpassword"
          }
        ],
        "requestBody": {
          "description": "Should contain one of code or authCodeResponse, clientId is optional",
          "content": {
            "application/json": {
              "schema": {
                "$ref": "#/components/schemas/apiBasePath_signinup_body_1"
              }
            }
          }
        },
        "responses": {
          "200": {
            "description": "Signin/up a user",
            "headers": {
              "Set-Cookie": {
                "style": "simple",
                "explode": false,
                "schema": {
                  "type": "string",
                  "example": "sAccessToken=eyJhb...%3D%3D; Path=/; Expires=Tue, 22 Jun 2021 07:43:07 GMT; HttpOnly; SameSite=Lax; sRefreshToken=K91cQ7ezMbu...cb61c3.V2; Path=/auth/session/refresh; Expires=Thu, 30 Sep 2021 06:43:07 GMT; HttpOnly; SameSite=Lax; sIdRefreshToken=6ed3...6c0d; Path=/; Expires=Thu, 30 Sep 2021 06:43:07 GMT; HttpOnly; SameSite=Lax"
                }
              },
              "anti-csrf": {
                "description": "This will only be here if enabled by the user",
                "style": "simple",
                "explode": false,
                "schema": {
                  "$ref": "#/components/schemas/token"
                }
              },
              "front-token": {
                "style": "simple",
                "explode": false,
                "schema": {
                  "$ref": "#/components/schemas/token"
                }
              },
              "id-refresh-token": {
                "style": "simple",
                "explode": false,
                "schema": {
                  "$ref": "#/components/schemas/token"
                }
              },
              "Access-Control-Expose-Headers": {
                "style": "simple",
                "explode": false,
                "schema": {
                  "type": "string",
                  "enum": [
                    "id-refresh-token, anti-csrf, front-token"
                  ]
                }
              }
            },
            "content": {
              "application/json": {
                "schema": {
                  "$ref": "#/components/schemas/inline_response_200_6"
                }
              }
            }
          },
          "404": {
            "description": "error code 404",
            "content": {
              "text/plain": {
                "schema": {
                  "$ref": "#/components/schemas/notFound"
                }
              }
            }
          },
          "500": {
            "description": "error code 500",
            "content": {
              "text/plain": {
                "schema": {
                  "$ref": "#/components/schemas/internalError"
                }
              }
            }
          }
        }
      }
    },
    "/{apiBasePath}/authorisationurl⠀": {
      "get": {
        "tags": [
          "ThirdPartyEmailPassword Recipe"
        ],
        "description": "Signin/up a user\n",
        "operationId": "thirdPartyEmailPasswordAuthorisationUrl",
        "parameters": [
          {
            "name": "apiBasePath",
            "in": "path",
            "description": "Its value depends on the apiBasePath set by the user",
            "required": true,
            "style": "simple",
            "explode": false,
            "schema": {
              "type": "string",
              "example": "auth"
            }
          },
          {
            "name": "rid",
            "in": "header",
            "required": false,
            "style": "simple",
            "explode": false,
            "schema": {
              "type": "string"
            },
            "example": "thirdpartyemailpassword"
          },
          {
            "name": "thirdPartyId",
            "in": "query",
            "required": false,
            "style": "form",
            "explode": true,
            "schema": {
              "$ref": "#/components/schemas/thirdPartyId"
            }
          }
        ],
        "responses": {
          "200": {
            "description": "Get the OAuth authorisation URL",
            "content": {
              "application/json": {
                "schema": {
                  "$ref": "#/components/schemas/inline_response_200_7"
                }
              }
            }
          },
          "404": {
            "description": "error code 404",
            "content": {
              "text/plain": {
                "schema": {
                  "$ref": "#/components/schemas/notFound"
                }
              }
            }
          },
          "500": {
            "description": "error code 500",
            "content": {
              "text/plain": {
                "schema": {
                  "$ref": "#/components/schemas/internalError"
                }
              }
            }
          }
        }
      }
    },
    "/{apiBasePath}/callback/apple⠀": {
      "post": {
        "tags": [
          "ThirdPartyEmailPassword Recipe"
        ],
        "description": "Handles sign in with the apple.\n",
        "operationId": "thirdPartyEmailPasswordCallbackApple",
        "parameters": [
          {
            "name": "apiBasePath",
            "in": "path",
            "description": "Its value depends on the apiBasePath set by the user",
            "required": true,
            "style": "simple",
            "explode": false,
            "schema": {
              "type": "string",
              "example": "auth"
            }
          }
        ],
        "requestBody": {
          "content": {
            "application/x-www-form-urlencoded": {
              "schema": {
                "$ref": "#/components/schemas/callback_apple_body_1"
              }
            }
          }
        },
        "responses": {
          "200": {
            "description": "Returns an HTML page which will redirect the user to the client's app."
          },
          "404": {
            "description": "error code 404",
            "content": {
              "text/plain": {
                "schema": {
                  "$ref": "#/components/schemas/notFound"
                }
              }
            }
          },
          "500": {
            "description": "error code 500",
            "content": {
              "text/plain": {
                "schema": {
                  "$ref": "#/components/schemas/internalError"
                }
              }
            }
          }
        }
      }
    },
    "/{apiBasePath}/user/email/verify/token": {
      "post": {
        "tags": [
          "EmailVerification Recipe"
        ],
        "description": "Send email verification email\n",
        "operationId": "verifyEmailToken",
        "parameters": [
          {
            "name": "apiBasePath",
            "in": "path",
            "description": "Its value depends on the apiBasePath set by the user",
            "required": true,
            "style": "simple",
            "explode": false,
            "schema": {
              "type": "string",
              "example": "auth"
            }
          },
          {
            "name": "rid",
            "in": "header",
            "required": false,
            "style": "simple",
            "explode": false,
            "schema": {
              "type": "string"
            },
            "example": "emailverification"
          },
          {
            "name": "anti-csrf",
            "in": "header",
            "description": "This will only be here if enabled by the user.",
            "required": false,
            "style": "simple",
            "explode": false,
            "schema": {
              "$ref": "#/components/schemas/token"
            }
          },
          {
            "name": "sAccessToken",
            "in": "cookie",
            "required": true,
            "style": "form",
            "explode": true,
            "schema": {
              "$ref": "#/components/schemas/cookie"
            }
          },
          {
            "name": "sIdRefreshToken",
            "in": "cookie",
            "required": true,
            "style": "form",
            "explode": true,
            "schema": {
              "$ref": "#/components/schemas/cookie"
            }
          }
        ],
        "responses": {
          "200": {
            "description": "Send email verification email",
            "headers": {
              "sAccessToken": {
                "description": "Is sent if the session gets refreshed or regenerated.",
                "style": "simple",
                "explode": false,
                "schema": {
                  "type": "string",
                  "example": "sAccessToken=eyJhb...%3D%3D; Path=/; Expires=Tue, 22 Jun 2021 07:43:07 GMT; HttpOnly; SameSite=Lax;"
                }
              },
              "front-token": {
                "description": "Is sent if the session gets refreshed or regenerated.",
                "style": "simple",
                "explode": false,
                "schema": {
                  "$ref": "#/components/schemas/token"
                }
              },
              "Access-Control-Expose-Headers": {
                "description": "Is sent if the session gets refreshed or regenerated.",
                "style": "simple",
                "explode": false,
                "schema": {
                  "type": "string",
                  "example": "front-token"
                }
              }
            },
            "content": {
              "application/json": {
                "schema": {
                  "$ref": "#/components/schemas/inline_response_200_8"
                }
              }
            }
          },
          "404": {
            "description": "error code 404",
            "content": {
              "text/plain": {
                "schema": {
                  "$ref": "#/components/schemas/notFound"
                }
              }
            }
          },
          "500": {
            "description": "error code 500",
            "content": {
              "text/plain": {
                "schema": {
                  "$ref": "#/components/schemas/internalError"
                }
              }
            }
          }
        }
      }
    },
    "/{apiBasePath}/user/email/verify": {
      "get": {
        "tags": [
          "EmailVerification Recipe"
        ],
        "description": "Check if an email is verified\n",
        "operationId": "getVerifyEmail",
        "parameters": [
          {
            "name": "apiBasePath",
            "in": "path",
            "description": "Its value depends on the apiBasePath set by the user",
            "required": true,
            "style": "simple",
            "explode": false,
            "schema": {
              "type": "string",
              "example": "auth"
            }
          },
          {
            "name": "rid",
            "in": "header",
            "required": false,
            "style": "simple",
            "explode": false,
            "schema": {
              "type": "string"
            },
            "example": "emailverification"
          },
          {
            "name": "anti-csrf",
            "in": "header",
            "description": "This will only be here if enabled by the user.",
            "required": false,
            "style": "simple",
            "explode": false,
            "schema": {
              "$ref": "#/components/schemas/token"
            }
          },
          {
            "name": "sAccessToken",
            "in": "cookie",
            "required": true,
            "style": "form",
            "explode": true,
            "schema": {
              "$ref": "#/components/schemas/cookie"
            }
          },
          {
            "name": "sIdRefreshToken",
            "in": "cookie",
            "required": true,
            "style": "form",
            "explode": true,
            "schema": {
              "$ref": "#/components/schemas/cookie"
            }
          }
        ],
        "responses": {
          "200": {
            "description": "check if an email is verified",
            "headers": {
              "sAccessToken": {
                "description": "Is sent if the session gets refreshed or regenerated.",
                "style": "simple",
                "explode": false,
                "schema": {
                  "type": "string",
                  "example": "sAccessToken=eyJhb...%3D%3D; Path=/; Expires=Tue, 22 Jun 2021 07:43:07 GMT; HttpOnly; SameSite=Lax;"
                }
              },
              "front-token": {
                "description": "Is sent if the session gets refreshed or regenerated.",
                "style": "simple",
                "explode": false,
                "schema": {
                  "$ref": "#/components/schemas/token"
                }
              },
              "Access-Control-Expose-Headers": {
                "description": "Is sent if the session gets refreshed or regenerated.",
                "style": "simple",
                "explode": false,
                "schema": {
                  "type": "string",
                  "example": "front-token"
                }
              }
            },
            "content": {
              "application/json": {
                "schema": {
                  "$ref": "#/components/schemas/inline_response_200_9"
                }
              }
            }
          },
          "404": {
            "description": "error code 404",
            "content": {
              "text/plain": {
                "schema": {
                  "$ref": "#/components/schemas/notFound"
                }
              }
            }
          },
          "500": {
            "description": "error code 500",
            "content": {
              "text/plain": {
                "schema": {
                  "$ref": "#/components/schemas/internalError"
                }
              }
            }
          }
        }
      },
      "post": {
        "tags": [
          "EmailVerification Recipe"
        ],
        "description": "Verify an email\n",
        "operationId": "verifyEmail",
        "parameters": [
          {
            "name": "apiBasePath",
            "in": "path",
            "description": "Its value depends on the apiBasePath set by the user",
            "required": true,
            "style": "simple",
            "explode": false,
            "schema": {
              "type": "string",
              "example": "auth"
            }
          },
          {
            "name": "rid",
            "in": "header",
            "required": false,
            "style": "simple",
            "explode": false,
            "schema": {
              "type": "string"
            },
            "example": "emailverification"
          }
        ],
        "requestBody": {
          "content": {
            "application/json": {
              "schema": {
                "$ref": "#/components/schemas/email_verify_body"
              }
            }
          }
        },
        "responses": {
          "200": {
            "description": "Verify an email",
            "content": {
              "application/json": {
                "schema": {
                  "$ref": "#/components/schemas/inline_response_200_10"
                }
              }
            }
          },
          "404": {
            "description": "error code 404",
            "content": {
              "text/plain": {
                "schema": {
                  "$ref": "#/components/schemas/notFound"
                }
              }
            }
          },
          "500": {
            "description": "error code 500",
            "content": {
              "text/plain": {
                "schema": {
                  "$ref": "#/components/schemas/internalError"
                }
              }
            }
          }
        }
      }
    },
    "/{apiBasePath}/jwt/jwks.json": {
      "get": {
        "tags": [
          "JWT Recipe"
        ],
        "description": "Get all JSON web keys for JWT verification\n",
        "operationId": "getJWKS",
        "parameters": [
          {
            "name": "apiBasePath",
            "in": "path",
            "description": "Its value depends on the apiBasePath set by the user",
            "required": true,
            "style": "simple",
            "explode": false,
            "schema": {
              "type": "string",
              "example": "auth"
            }
          }
        ],
        "responses": {
          "200": {
            "description": "Retrieve JWKs for JWT verification",
            "content": {
              "application/json": {
                "schema": {
                  "$ref": "#/components/schemas/inline_response_200_11"
                }
              }
            }
          },
          "400": {
            "description": "error code 400",
            "content": {
              "text/plain": {
                "schema": {
                  "$ref": "#/components/schemas/badRequest"
                }
              }
            }
          },
          "404": {
            "description": "error code 404",
            "content": {
              "text/plain": {
                "schema": {
                  "$ref": "#/components/schemas/notFound"
                }
              }
            }
          },
          "500": {
            "description": "error code 500",
            "content": {
              "text/plain": {
                "schema": {
                  "$ref": "#/components/schemas/internalError"
                }
              }
            }
          }
        }
      }
    }
  },
  "components": {
    "schemas": {
      "statusOK": {
        "type": "string",
        "enum": [
          "OK"
        ]
      },
      "token": {
        "type": "string",
        "example": "ZTRiOTBjNz...jI5MTZlODkxw"
      },
      "cookie": {
        "type": "string",
        "example": "ed3164...06c0d; Path=/; Expires=Thu, 30 Sep 2021 06:43:07 GMT; HttpOnly; SameSite=Lax"
      },
      "id": {
        "type": "string",
        "enum": [
          "email",
          "password"
        ]
      },
      "user": {
        "type": "object",
        "properties": {
          "id": {
            "type": "string",
            "example": "fa7a0841-b533-4478-95533-0fde890c3483"
          },
          "email": {
            "type": "string",
            "example": "johndoe@gmail.com"
          },
          "timeJoined": {
            "type": "number",
            "example": 1638433545183
          }
        }
      },
      "thirdPartyId": {
        "type": "string",
        "example": "google"
      },
      "exists": {
        "type": "boolean",
        "example": true
      },
      "method": {
        "type": "string",
        "example": "token"
      },
      "code": {
        "$ref": "#/components/schemas/token"
      },
      "authCodeResponse": {
        "required": [
          "access_token"
        ],
        "type": "object",
        "properties": {
          "access_token": {
            "type": "string"
          },
          "id_token": {
            "type": "string"
          }
        },
        "description": "Can contain random data other than the two listed below"
      },
      "redirectURI": {
        "type": "string",
        "example": "https://yourdomain.com/callback"
      },
      "formFields": {
        "type": "array",
        "example": [
          {
            "id": "email",
            "value": "johndoe@gmail.com"
          },
          {
            "id": "password",
            "value": "testPass123"
          }
        ],
        "items": {
          "$ref": "#/components/schemas/formFields_inner"
        }
      },
      "signInResponse": {
        "type": "object",
        "properties": {
          "status": {
            "$ref": "#/components/schemas/statusOK"
          },
          "user": {
            "$ref": "#/components/schemas/user"
          }
        }
      },
      "signupResponse": {
        "type": "object",
        "properties": {
          "status": {
            "$ref": "#/components/schemas/statusOK"
          },
          "user": {
            "$ref": "#/components/schemas/user"
          }
        }
      },
      "passwordResetTokenResponse": {
        "type": "object",
        "properties": {
          "status": {
            "$ref": "#/components/schemas/statusOK"
          }
        }
      },
      "signinupResponse": {
        "type": "object",
        "properties": {
          "status": {
            "$ref": "#/components/schemas/statusOK"
          },
          "user": {
            "$ref": "#/components/schemas/user"
          },
          "createdNewUser": {
            "type": "boolean",
            "example": true
          }
        }
      },
      "passwordResetResponse": {
        "type": "object",
        "properties": {
          "status": {
            "type": "string",
            "enum": [
              "OK",
              "RESET_PASSWORD_INVALID_TOKEN_ERROR"
            ]
          }
        }
      },
      "fieldErrorResponse": {
        "type": "object",
        "properties": {
          "status": {
            "type": "string",
            "enum": [
              "FIELD_ERROR"
            ]
          },
          "formFields": {
            "type": "array",
            "items": {
              "$ref": "#/components/schemas/fieldErrorResponse_formFields"
            }
          }
        }
      },
      "wrongCredentialsResponse": {
        "type": "object",
        "properties": {
          "status": {
            "type": "string",
            "enum": [
              "WRONG_CREDENTIALS_ERROR"
            ]
          }
        }
      },
      "noEmailGivenByProviderResponse": {
        "type": "object",
        "properties": {
          "status": {
            "type": "string",
            "enum": [
              "NO_EMAIL_GIVEN_BY_PROVIDER"
            ]
          }
        }
      },
      "thirdPartyFieldErrorResponse": {
        "type": "object",
        "properties": {
          "status": {
            "type": "string",
            "enum": [
              "FIELD_ERROR"
            ]
          },
          "error": {
            "type": "string",
            "example": "Error Message"
          }
        }
      },
      "internalError": {
        "type": "string",
        "enum": [
          "Internal Error"
        ]
      },
      "badRequest": {
        "type": "string",
        "enum": [
          "Bad request"
        ]
      },
      "notFound": {
        "type": "string",
        "enum": [
          "Not Found"
        ]
      },
      "inline_response_200": {
        "type": "object",
        "properties": {
          "status": {
            "$ref": "#/components/schemas/statusOK"
          }
        }
      },
      "apiBasePath_signin_body": {
        "type": "object",
        "properties": {
          "formFields": {
            "$ref": "#/components/schemas/formFields"
          }
        }
      },
      "inline_response_200_1": {
        "oneOf": [
          {
            "$ref": "#/components/schemas/signInResponse"
          },
          {
            "$ref": "#/components/schemas/fieldErrorResponse"
          },
          {
            "$ref": "#/components/schemas/wrongCredentialsResponse"
          }
        ]
      },
      "apiBasePath_signup_body": {
        "type": "object",
        "properties": {
          "formFields": {
            "$ref": "#/components/schemas/formFields"
          }
        }
      },
      "inline_response_200_2": {
        "oneOf": [
          {
            "$ref": "#/components/schemas/signupResponse"
          },
          {
            "$ref": "#/components/schemas/fieldErrorResponse"
          }
        ]
      },
      "inline_response_200_3": {
        "type": "object",
        "properties": {
          "status": {
            "$ref": "#/components/schemas/statusOK"
          },
          "exists": {
            "$ref": "#/components/schemas/exists"
          }
        }
      },
      "reset_token_body": {
        "type": "object",
        "properties": {
          "formFields": {
            "$ref": "#/components/schemas/formFields"
          }
        },
        "example": {
          "formFields": [
            {
              "id": "email",
              "value": "test@email.com"
            }
          ]
        }
      },
      "inline_response_200_4": {
        "oneOf": [
          {
            "$ref": "#/components/schemas/passwordResetTokenResponse"
          },
          {
            "$ref": "#/components/schemas/fieldErrorResponse"
          }
        ]
      },
      "password_reset_body": {
        "type": "object",
        "properties": {
          "method": {
            "$ref": "#/components/schemas/method"
          },
          "formfields": {
            "$ref": "#/components/schemas/formFields"
          },
          "token": {
            "$ref": "#/components/schemas/token"
          }
        },
        "example": {
          "method": "token",
          "formFields": [
            {
              "id": "password",
              "value": "newPass123"
            }
          ],
          "token": "ZTRiOTBjNz...jI5MTZlODkxw"
        }
      },
      "inline_response_200_5": {
        "oneOf": [
          {
            "$ref": "#/components/schemas/passwordResetResponse"
          },
          {
            "$ref": "#/components/schemas/fieldErrorResponse"
          }
        ]
      },
      "apiBasePath_signinup_body": {
        "type": "object",
        "properties": {
          "redirectURI": {
            "$ref": "#/components/schemas/redirectURI"
          },
          "thirdPartyId": {
            "$ref": "#/components/schemas/thirdPartyId"
          },
          "code": {
            "$ref": "#/components/schemas/code"
          },
          "authCodeResponse": {
            "$ref": "#/components/schemas/authCodeResponse"
          },
          "clientId": {
            "type": "string",
            "example": "6779ef20e7...5817b79602"
          }
        }
      },
      "inline_response_200_6": {
        "oneOf": [
          {
            "$ref": "#/components/schemas/signinupResponse"
          },
          {
            "$ref": "#/components/schemas/noEmailGivenByProviderResponse"
          },
          {
            "$ref": "#/components/schemas/thirdPartyFieldErrorResponse"
          }
        ]
      },
      "inline_response_200_7": {
        "type": "object",
        "properties": {
          "status": {
            "$ref": "#/components/schemas/statusOK"
          },
          "url": {
            "type": "string",
            "example": "https://providerdomain.com/authorize?client_id=..&scope=..&access_type=.."
          }
        }
      },
      "callback_apple_body": {
        "type": "object",
        "properties": {
          "code": {
            "type": "string",
            "description": "The Authorization code which will be exchanged for an access token"
          },
          "state": {
            "type": "string",
            "description": "A unique string used to mitigate CSRF attacks"
          }
        }
      },
      "apiBasePath_signin_body_1": {
        "type": "object",
        "properties": {
          "formFields": {
            "$ref": "#/components/schemas/formFields"
          }
        }
      },
      "apiBasePath_signup_body_1": {
        "type": "object",
        "properties": {
          "formFields": {
            "$ref": "#/components/schemas/formFields"
          }
        }
      },
      "reset_token_body_1": {
        "type": "object",
        "properties": {
          "formFields": {
            "$ref": "#/components/schemas/formFields"
          }
        },
        "example": {
          "formFields": [
            {
              "id": "email",
              "value": "test@email.com"
            }
          ]
        }
      },
      "password_reset_body_1": {
        "type": "object",
        "properties": {
          "method": {
            "$ref": "#/components/schemas/method"
          },
          "formfields": {
            "$ref": "#/components/schemas/formFields"
          },
          "token": {
            "$ref": "#/components/schemas/token"
          }
        },
        "example": {
          "method": "token",
          "formFields": [
            {
              "id": "password",
              "value": "newPass123"
            }
          ],
          "token": "ZTRiOTBjNz...jI5MTZlODkxw"
        }
      },
      "apiBasePath_signinup_body_1": {
        "type": "object",
        "properties": {
          "redirectURI": {
            "$ref": "#/components/schemas/redirectURI"
          },
          "thirdPartyId": {
            "$ref": "#/components/schemas/thirdPartyId"
          },
          "code": {
            "$ref": "#/components/schemas/code"
          },
          "authCodeResponse": {
            "$ref": "#/components/schemas/authCodeResponse"
          },
          "clientId": {
            "type": "string",
            "example": "6779ef20e7...5817b79602"
          }
        }
      },
      "callback_apple_body_1": {
        "type": "object",
        "properties": {
          "code": {
            "type": "string",
            "description": "The Authorization code which will be exchanged for an access token"
          },
          "state": {
            "type": "string",
            "description": "A unique string used to mitigate CSRF attacks"
          }
        }
      },
      "inline_response_200_8": {
        "type": "object",
        "properties": {
          "status": {
            "type": "string",
            "enum": [
              "OK",
              "EMAIL_ALREADY_VERIFIED_ERROR"
            ]
          }
        }
      },
      "inline_response_200_9": {
        "type": "object",
        "properties": {
          "status": {
            "$ref": "#/components/schemas/statusOK"
          },
          "isVerified": {
            "type": "boolean",
            "example": true
          }
        }
      },
      "email_verify_body": {
        "type": "object",
        "properties": {
          "method": {
            "$ref": "#/components/schemas/method"
          },
          "token": {
            "$ref": "#/components/schemas/token"
          }
        }
      },
      "inline_response_200_10": {
        "type": "object",
        "properties": {
          "status": {
            "type": "string",
            "enum": [
              "OK",
              "EMAIL_VERIFICATION_INVALID_TOKEN_ERROR"
            ]
          }
        }
      },
      "inline_response_200_11": {
        "type": "object",
        "properties": {
          "keys": {
            "type": "array",
            "items": {
              "$ref": "#/components/schemas/inline_response_200_11_keys"
            }
          }
        }
      },
      "formFields_inner": {
        "type": "object",
        "properties": {
          "id": {
            "$ref": "#/components/schemas/id"
          },
          "value": {
            "type": "string"
          }
        }
      },
      "fieldErrorResponse_formFields": {
        "type": "object",
        "properties": {
          "id": {
            "type": "string",
            "example": "email"
          },
          "error": {
            "type": "string",
            "example": "Error Message"
          }
        }
      },
      "inline_response_200_11_keys": {
        "type": "object",
        "properties": {
          "alg": {
            "type": "string",
            "description": "The algorithm to use when creating the JWT.",
            "enum": [
              "RS256"
            ]
          },
          "kty": {
            "type": "string",
            "example": "RSA"
          },
          "use": {
            "type": "string",
            "example": "sig"
          },
          "kid": {
            "type": "string",
            "description": "Unique identifier for the JWK"
          },
          "n": {
            "type": "string",
            "description": "Modulus for the key"
          },
          "e": {
            "type": "string",
            "description": "Exponent for the key"
          }
        },
        "description": "A JWK that can be used to verify a JWT"
      }
    },
    "responses": {
      "400": {
        "description": "error code 400",
        "content": {
          "text/plain": {
            "schema": {
              "$ref": "#/components/schemas/badRequest"
            }
          }
        }
      },
      "404": {
        "description": "error code 404",
        "content": {
          "text/plain": {
            "schema": {
              "$ref": "#/components/schemas/notFound"
            }
          }
        }
      },
      "500": {
        "description": "error code 500",
        "content": {
          "text/plain": {
            "schema": {
              "$ref": "#/components/schemas/internalError"
            }
          }
        }
      }
    },
    "parameters": {
      "rid": {
        "name": "rid",
        "in": "header",
        "required": false,
        "style": "simple",
        "explode": false,
        "schema": {
          "type": "string"
        },
        "example": "session"
      },
      "emailPasswordRid": {
        "name": "rid",
        "in": "header",
        "required": false,
        "style": "simple",
        "explode": false,
        "schema": {
          "type": "string"
        },
        "example": "emailpassword"
      },
      "thirdPartyRid": {
        "name": "rid",
        "in": "header",
        "required": false,
        "style": "simple",
        "explode": false,
        "schema": {
          "type": "string"
        },
        "example": "thirdparty"
      },
      "thirdPartyEmailPasswordRid": {
        "name": "rid",
        "in": "header",
        "required": false,
        "style": "simple",
        "explode": false,
        "schema": {
          "type": "string"
        },
        "example": "thirdpartyemailpassword"
      },
      "emailVerificationRid": {
        "name": "rid",
        "in": "header",
        "required": false,
        "style": "simple",
        "explode": false,
        "schema": {
          "type": "string"
        },
        "example": "emailverification"
      },
      "anti-csrf": {
        "name": "anti-csrf",
        "in": "header",
        "description": "This will only be here if enabled by the user.",
        "required": false,
        "style": "simple",
        "explode": false,
        "schema": {
          "$ref": "#/components/schemas/token"
        }
      },
      "apiBasePath": {
        "name": "apiBasePath",
        "in": "path",
        "description": "Its value depends on the apiBasePath set by the user",
        "required": true,
        "style": "simple",
        "explode": false,
        "schema": {
          "type": "string",
          "example": "auth"
        }
      },
      "email": {
        "name": "email",
        "in": "query",
        "required": true,
        "style": "form",
        "explode": true,
        "schema": {
          "type": "string",
          "example": "johndoe@gmail.com"
        }
      },
      "sRefreshToken": {
        "name": "sRefreshToken",
        "in": "cookie",
        "required": true,
        "style": "form",
        "explode": true,
        "schema": {
          "$ref": "#/components/schemas/cookie"
        }
      },
      "sIdRefreshToken": {
        "name": "sIdRefreshToken",
        "in": "cookie",
        "required": true,
        "style": "form",
        "explode": true,
        "schema": {
          "$ref": "#/components/schemas/cookie"
        }
      },
      "sAccessToken": {
        "name": "sAccessToken",
        "in": "cookie",
        "required": true,
        "style": "form",
        "explode": true,
        "schema": {
          "$ref": "#/components/schemas/cookie"
        }
      }
    }
  }
}