{"openapi":"3.0.0","info":{"title":"SuperCarry API","description":"包含所有前端網站串接使用的 API","version":"0.2.1"},"servers":[{"url":"https://virtserver.swaggerhub.com/Supercarry/All/0.2.1","description":"SwaggerHub API Auto Mocking"},{"url":"https://asia-east1-supercarry-334305.cloudfunctions.net/api/v0.1.0","description":"Production server (uses live data)"}],"paths":{"/sendEmailCode":{"post":{"tags":["email"],"summary":"發送一次性驗證碼","description":"限制條件: <br> 1. 5 分鐘發一次。 <br> 2. 一天內請求 5 次，超過次數時需隔天才能繼續使用。<br> 3. 驗證碼的時效性為 10 分鐘 <br> 4. 長度為 8 位純數字 <br>","requestBody":{"content":{"application/json":{"schema":{"required":["email"],"properties":{"email":{"type":"string"}}}}},"required":true},"responses":{"200":{"description":"OK"}}}},"/validateEmail":{"post":{"tags":["email"],"summary":"驗證信箱","description":"限制條件: <br> 1. 驗證碼錯誤 5 次, 禁止使用這隻 API <br> 2. 驗證碼的時效性為 10 分鐘 <br> 3. 長度為 8 位純數字 <br> 4. 檢查 Email 格式 (e.g. 參考 Sample Code) <br>","requestBody":{"content":{"application/json":{"schema":{"required":["email","token"],"properties":{"email":{"type":"string"},"token":{"type":"string","description":"信箱收到的 8 位驗證碼"}}}}},"required":true},"responses":{"200":{"description":"OK","content":{"application/json":{"schema":{"properties":{"validationToken":{"type":"string"}}}}}},"400":{"description":"描述錯誤原因"}}}},"/register":{"post":{"tags":["member"],"summary":"註冊","description":"限制條件: 驗證碼錯誤 5 次, 禁止使用這隻 API","requestBody":{"content":{"application/json":{"schema":{"required":["email","password","validationToken"],"properties":{"email":{"type":"string"},"password":{"type":"string"},"validationToken":{"type":"string","description":"由 validateEmail 取得"}}}}},"required":true},"responses":{"200":{"description":"OK"},"429":{"description":"驗證碼錯誤次數過多，禁止使用這隻 API"}}}},"/login":{"post":{"tags":["member"],"summary":"登入","description":"限制條件: 驗證碼錯誤 5 次, 禁止使用這隻 API","requestBody":{"description":"empty","content":{"application/json":{"schema":{"required":["email","password","remember"],"properties":{"email":{"type":"string"},"password":{"type":"string"},"remember":{"type":"boolean"}}}}},"required":true},"responses":{"200":{"description":"set-cookie with JWT token","headers":{"Set-Cookie":{"description":"Contains the session cookie named `__session`.\n","style":"simple","explode":false,"schema":{"type":"string","example":"__session=userId__jwtstring; Path=/; HttpOnly"}}}},"400":{"description":"1. 如是是帳號密碼相關，顯示帳號或密碼輸入錯誤 <br> 2. 需顯示驗證碼是否錯誤 <br>\n"},"429":{"description":"驗證碼錯誤次數過多，禁止使用這隻 API"}}}},"/resetPassword":{"post":{"tags":["member"],"summary":"重置密碼","description":"重置密碼","requestBody":{"content":{"application/json":{"schema":{"required":["email","password"],"properties":{"email":{"type":"string"},"password":{"type":"string"},"validationToken":{"type":"string","description":"由 validateEmail 產出"}}}}},"required":true},"responses":{"200":{"description":"OK"},"400":{"description":"描述錯誤原因"}}}},"/logout":{"post":{"tags":["member"],"summary":"登出","description":"登出","responses":{"200":{"description":"OK"}},"security":[{"JWT":[]}]}},"/getUserInfo":{"get":{"tags":["member"],"summary":"取得使用者基本資訊","description":"取得使用者基本資訊","responses":{"200":{"description":"OK","content":{"application/json":{"schema":{"$ref":"#/components/schemas/User"}}}},"401":{"description":"Access token is missing or invalid"}},"security":[{"JWT":[]}]}},"/addWithdrawAddress":{"post":{"tags":["wallet"],"summary":"新增出金用錢包地址","requestBody":{"content":{"application/json":{"schema":{"required":["address","network","nickname"],"properties":{"network":{"type":"string","description":"錢包所屬的區塊鏈網路","enum":["ERC20","TRC20","BEP20"]},"address":{"type":"string","description":"錢包地址"},"nickname":{"type":"string","description":"錢包別名"},"note":{"type":"string","description":"錢包備註"}}}}},"required":true},"responses":{"200":{"description":"OK"},"401":{"description":"Access token is missing or invalid"}},"security":[{"JWT":[]}]}},"/deposit":{"post":{"tags":["wallet"],"summary":"確認入金","description":"使用者確認入金後，通知排程掃描錢包餘額","requestBody":{"content":{"application/json":{"schema":{"required":["network"],"properties":{"network":{"type":"string","description":"錢包所屬的區塊鏈網路","enum":["ERC20","TRC20","BEP20"]}}}}},"required":true},"responses":{"200":{"description":"OK"},"401":{"description":"Access token is missing or invalid"}},"security":[{"JWT":[]}]}},"/withdraw":{"post":{"tags":["wallet"],"summary":"確認出金","description":"使用者確認入金後，將出金申請寫進交易紀錄","requestBody":{"content":{"application/json":{"schema":{"required":["address","amount","network"],"properties":{"network":{"type":"string","description":"錢包所屬的區塊鏈網路","enum":["ERC20","TRC20","BEP20"]},"address":{"type":"string","description":"錢包地址"},"amount":{"type":"number","description":"出金金額","format":"double"}}}}},"required":true},"responses":{"200":{"description":"OK"},"401":{"description":"Access token is missing or invalid"},"422":{"description":"Error With Message"}},"security":[{"JWT":[]}]}},"/invests":{"get":{"tags":["invest"],"summary":"投資方案","description":"取得所有開放注資的投資方案","responses":{"200":{"description":"OK","content":{"application/json":{"schema":{"type":"array","items":{"$ref":"#/components/schemas/Invest"}}}}},"401":{"description":"Access token is missing or invalid"}},"security":[{"JWT":[]}]}},"/invests/{investId}":{"get":{"tags":["invest"],"summary":"投資方案","description":"取得投資方案細節","parameters":[{"name":"investId","in":"path","description":"投資方案編號","required":true,"style":"simple","explode":false,"schema":{"type":"string"}}],"responses":{"200":{"description":"OK","content":{"application/json":{"schema":{"$ref":"#/components/schemas/Invest"}}}},"401":{"description":"Access token is missing or invalid"}},"security":[{"JWT":[]}]}},"/invests/{investId}/apply":{"post":{"tags":["invest"],"summary":"申請投資方案","description":"取得所有開方注資的投資方案","parameters":[{"name":"investId","in":"path","description":"投資方案編號","required":true,"style":"simple","explode":false,"schema":{"type":"string"}}],"requestBody":{"content":{"application/json":{"schema":{"required":["amount","autoRenew","period"],"properties":{"amount":{"type":"number","description":"投資金額","format":"double"},"period":{"type":"string","description":"投資檔期"},"autoRenew":{"type":"boolean","description":"是否自動續約"},"couponCode":{"type":"string","description":"折扣代碼"}}}}},"required":true},"responses":{"200":{"description":"OK"},"401":{"description":"Access token is missing or invalid"},"422":{"description":"Error With Message"}},"security":[{"JWT":[]}]}},"/userInvests/{userInvestId}/preview":{"get":{"tags":["invest"],"summary":"贖回投資方案","description":"贖回當前的投資方案","parameters":[{"name":"userInvestId","in":"path","description":"投資方案編號","required":true,"style":"simple","explode":false,"schema":{"type":"string"}}],"responses":{"200":{"description":"當前投資方案的績效與懲罰金","content":{"application/json":{"schema":{"$ref":"#/components/schemas/UserInvestPreview"}}}},"401":{"description":"Access token is missing or invalid"},"422":{"description":"Error With Message"}},"security":[{"JWT":[]}]}},"/userInvests/{userInvestId}/withdraw":{"post":{"tags":["invest"],"summary":"贖回投資方案","description":"贖回當前的投資方案","parameters":[{"name":"userInvestId","in":"path","description":"投資方案編號","required":true,"style":"simple","explode":false,"schema":{"type":"string"}}],"responses":{"200":{"description":"OK"},"401":{"description":"Access token is missing or invalid"},"422":{"description":"Error With Message"}},"security":[{"JWT":[]}]}},"/userInvests/{userInvestId}/renew":{"post":{"tags":["invest"],"summary":"贖回投資方案","description":"贖回當前的投資方案","parameters":[{"name":"userInvestId","in":"path","description":"投資方案編號","required":true,"style":"simple","explode":false,"schema":{"type":"string"}}],"requestBody":{"content":{"application/json":{"schema":{"required":["autoRenew"],"properties":{"autoRenew":{"type":"boolean","description":"是否自動續約"}}}}},"required":true},"responses":{"200":{"description":"OK"},"401":{"description":"Access token is missing or invalid"},"422":{"description":"Error With Message"}},"security":[{"JWT":[]}]}}},"components":{"schemas":{"User":{"type":"object","properties":{"KYCStatus":{"type":"integer","description":"[0: 未審核, 1: 審核中, 2: 審核失敗, 3: 審核成功]"},"referId":{"type":"string","description":"使用者推薦碼 sc + 5位數字"},"amount":{"type":"string","description":"錢包總金額"},"depositWallets":{"type":"array","items":{"$ref":"#/components/schemas/DepositWallet"}},"withdrawWallets":{"type":"array","items":{"$ref":"#/components/schemas/WithdrawWallet"}},"invests":{"type":"array","items":{"$ref":"#/components/schemas/UserInvest"}}}},"DepositWallet":{"type":"object","properties":{"network":{"type":"string","enum":["ERC20","TRC20","BEP20"]},"address":{"type":"string"}}},"WithdrawWallet":{"type":"object","properties":{"nickname":{"type":"string"},"note":{"type":"string"},"network":{"type":"string","enum":["ERC20","TRC20","BEP20"]},"address":{"type":"string"}}},"UserInvest":{"type":"object","properties":{"userInvestId":{"description":"本次投資檔期的流水號"},"investId":{"description":"方案編號"},"name":{"type":"string","description":"方案名稱"},"startDate":{"type":"string","description":"使用者投資日期"},"amount":{"type":"number","description":"投資金額","format":"double"},"totalProfit":{"type":"number","description":"本次投資的預估利潤","format":"double"},"currentPeriod":{"$ref":"#/components/schemas/InvestPeriod"},"periodEndDate":{"type":"string","description":"利潤結算日","format":"date"},"autoRenew":{"type":"boolean","description":"是否自動續約"},"status":{"type":"string","description":"使用者的方案狀態\n * 0 => `生效中`\n * 1 => `結算期`\n * 2 => `贖回 / 取消`\n","enum":["APPR","WSTART","CAN"]}}},"UserInvestPreview":{"type":"object","properties":{"userInvestId":{"description":"本次投資的流水號"},"investId":{"description":"方案編號"},"name":{"type":"string","description":"方案名稱"},"amount":{"type":"number","description":"投資金額","format":"double"},"totalProfit":{"type":"number","description":"所有檔期的 Profit 總和","format":"double"},"fee":{"$ref":"#/components/schemas/Fee"},"startDate":{"type":"string","description":"開始時間","format":"datetime"},"periodEndDate":{"type":"string","description":"利潤結算日","format":"date"},"penalty":{"type":"number","description":"懲罰金","format":"double"},"total":{"type":"number","description":"總計金額 (amount + totalProfit - fee - penalty)","format":"double"},"currentPeriod":{"$ref":"#/components/schemas/InvestPeriod"}},"description":"使用者贖回方案時的預覽資料"},"Invest":{"type":"object","properties":{"investId":{"description":"方案流水號"},"name":{"type":"string","description":"方案名稱"},"totalAmount":{"type":"number","description":"方案被使用者投資的總金額","format":"double"},"minDeposit":{"type":"number","description":"個人最小需投資金額","format":"double"},"maxDeposit":{"type":"number","description":"個人最大可投資金額","format":"double"},"periods":{"type":"array","description":"可選的合約檔期 (天)","items":{"$ref":"#/components/schemas/InvestPeriod"}},"withdrawable":{"type":"boolean","description":"是否可以隨時提領"},"fee":{"$ref":"#/components/schemas/Fee"},"apr":{"description":"預估利潤 (%)"},"status":{"type":"string","description":"方案狀態","enum":["INVISIBLE","CLOSED","OPENED"]}}},"InvestPeriod":{"type":"object","properties":{"date":{"type":"string","description":"檔期 (天)"},"yield":{"type":"string","description":"利潤 (%)","example":"15"}}},"Fee":{"type":"object","properties":{"value":{"type":"number","description":"手續費數值"},"feeType":{"type":"string","description":"手續費單位\n * 0 => `CONST`\n * 1 => `PERCENTAGE`","enum":["CONST","PERCENTAGE"]}},"description":"手續費"}},"responses":{"Error":{"description":"Error With Message"},"UnauthorizedError":{"description":"Access token is missing or invalid"}},"securitySchemes":{"JWT":{"type":"apiKey","name":"__session","in":"cookie"}}}}