{
  "openapi": "3.0.1",
  "info": {
    "title": "topfact6 Jobserver FormRecognizer API",
    "version": "v1"
  },
  "servers": [
    {
      "url": "/"
    }
  ],
  "paths": {
    "/api/Recognize/Version": {
      "get": {
        "tags": [
          "Recognize"
        ],
        "responses": {
          "200": {
            "description": "Success"
          }
        }
      }
    },
    "/api/Recognize/Document": {
      "post": {
        "tags": [
          "Recognize"
        ],
        "requestBody": {
          "content": {
            "application/json": {
              "schema": {
                "$ref": "#/components/schemas/RecognizeRequest"
              }
            },
            "text/json": {
              "schema": {
                "$ref": "#/components/schemas/RecognizeRequest"
              }
            },
            "application/*+json": {
              "schema": {
                "$ref": "#/components/schemas/RecognizeRequest"
              }
            }
          }
        },
        "responses": {
          "200": {
            "description": "Success"
          }
        }
      }
    }
  },
  "components": {
    "schemas": {
      "RecognizeRequest": {
        "type": "object",
        "properties": {
          "azureAiUrl": {
            "type": "string",
            "nullable": true
          },
          "azureAiKey": {
            "type": "string",
            "nullable": true
          },
          "filename": {
            "type": "string",
            "nullable": true
          },
          "filecontent": {
            "type": "string",
            "format": "byte",
            "nullable": true
          },
          "withPositions": {
            "type": "boolean"
          },
          "modelName": {
            "type": "string",
            "nullable": true
          }
        },
        "additionalProperties": false
      }
    }
  }
}