{"openapi":"3.0.0","info":{"title":"Headless TTAP","description":"","version":"1.0"},"servers":[{"url":"https://virtserver.swaggerhub.com/TrizettoTTAP/ttap_headless_provider/1.0","description":"SwaggerHub API Auto Mocking"},{"url":"https://ttapsidprovider.healthtranzformdev.com/","description":"SID Testing Environment"}],"security":[{"BasicAuth":[]}],"paths":{"/WebAPI/login/":{"get":{"description":"Authentication endpoint for non SAML users","responses":{"200":{"description":"User succesfully authenticated"},"403":{"description":"Bad login"}}}},"/WebAPI/logout/":{"get":{"description":"User logout and session destroy","responses":{"200":{"description":"User logout succesful"}}}},"/WebAPI/session/{session}/":{"get":{"description":"User logout and session destroy","parameters":[{"name":"session","in":"path","description":"session string","required":true,"style":"simple","explode":false,"schema":{"type":"string"}}],"responses":{"200":{"description":"User logout succesful"}}}},"/lookup/provider/":{"get":{"description":"User logout and session destroy","parameters":[{"name":"term","in":"query","description":"term string","required":false,"style":"form","explode":true,"schema":{"type":"string"}},{"name":"zipcode","in":"query","description":"term string","required":false,"style":"form","explode":true,"schema":{"type":"string"}}],"responses":{"200":{"description":"User logout succesful"}}}},"/WebAPI/Guideline/payer_id/{payer_id}/pwk06/{pwk06}/qa_json/":{"get":{"parameters":[{"name":"payer_id","in":"path","required":true,"style":"simple","explode":false,"schema":{"type":"string"}},{"name":"pwk06","in":"path","required":true,"style":"simple","explode":false,"schema":{"type":"string"}}],"responses":{"200":{"description":"json"}}}}},"components":{"securitySchemes":{"BasicAuth":{"type":"http","scheme":"basic"}}}}