{
  "openapi": "3.0.0",
  "info": {
    "title": "Invoice Api",
    "description": "Create or update an invoice of a load\n\n# Overview\n\n- Retrieve authentication keys from TruckerTools\n- Create authentication signatures for each Request\n- Send invoice updates to TruckerTools\n\n# Authentication\nBefore Users are able to use this api, they must sign up for Smart Capacity\nand receive a **public and private key pair** unique to themselves and their brokers.\nThe public key will be passed in the headers of each of these Requests, and the\nprivate key will be used to generate a unique signature for each Request.\n\nEach request will require these two headers:\n- `X-API-Key` - The user's public key.\n- `X-Signature` - A signature generated using the private key.\n\n## Signature Generation\n\nThis unique Request signature is composed of the following URL-encoded values:\n- `userName` - Your e-mail address.\n- `accountId` - Your account id in trucker tools system.\n- `timestamp` - Current unicode timestamp.\n\nFor example:\n- `userName=user@domain.com&accountId=1234&timestamp=1638378000`\n\nIt is then hashed as an SHA-256 string, with an MD5 hash of the secret key,\nwith the following details:\n- **Encryption:** AES\n- **Mode:** CBC\n- **Key Size:** 256\n- **IV / Nonce:** first 16 characters of secret key\n\nFor example:\n- `bbc6583b483aa3eb083f296b17a2de0060af354224602e615da0d2e067fdbb8d`\n\nFinally, it is then encoded as a base 64 string based on the UTF-8 character set:\n- `YmJjNjU4M2I0ODNhYTNlYjA4M2YyOTZiMTdhMmRlMDA2MGFmMzU0MjI0NjAyZTYxNWRhMGQyZTA2N2ZkYmI4ZA==`\n",
    "termsOfService": "https://www.truckertools.com/terms",
    "contact": {
      "email": "integrations@truckertools.com"
    },
    "license": {
      "name": "Private",
      "url": "https://smartcapacity.truckertools.com"
    },
    "version": "1.0.2"
  },
  "servers": [
    {
      "url": "https://scapi.truckertools.com",
      "description": "Production Server"
    },
    {
      "url": "https://scapi-staging.truckertools.com",
      "description": "Staging Server"
    }
  ],
  "paths": {
    "/api/sendInvoice": {
      "post": {
        "description": "Invoices generated by the brokers are accepted to display them to carriers. Invoices generated by the carriers are sent to brokers.",
        "parameters": [
          {
            "name": "X-Api-Key",
            "in": "header",
            "description": "Public key provided at signup.\n",
            "required": true,
            "style": "simple",
            "explode": false,
            "schema": {
              "type": "string"
            }
          },
          {
            "name": "X-Signature",
            "in": "header",
            "description": "Unique request signature.\n",
            "required": true,
            "style": "simple",
            "explode": false,
            "schema": {
              "type": "string"
            }
          }
        ],
        "requestBody": {
          "description": "Invoice details",
          "content": {
            "application/json": {
              "schema": {
                "$ref": "#/components/schemas/payload"
              }
            }
          },
          "required": true
        },
        "responses": {
          "200": {
            "description": "Invoice successfully added to the system",
            "content": {
              "application/json": {
                "schema": {
                  "$ref": "#/components/schemas/ApiResponse"
                }
              }
            }
          },
          "401": {
            "description": "Validation error response",
            "content": {
              "application/json": {
                "schema": {
                  "$ref": "#/components/schemas/inline_response_401"
                }
              }
            }
          }
        }
      }
    }
  },
  "components": {
    "schemas": {
      "payload": {
        "required": [
          "invoice"
        ],
        "type": "object",
        "properties": {
          "invoice": {
            "$ref": "#/components/schemas/invoice"
          }
        }
      },
      "invoice": {
        "required": [
          "amount",
          "load_number",
          "status"
        ],
        "type": "object",
        "properties": {
          "load_number": {
            "type": "string",
            "description": "Load identifier of Broker that displayed to Carrier.",
            "example": "LN12345"
          },
          "ext_id": {
            "type": "string",
            "description": "Load identifier of the broker system.",
            "example": "TN54321"
          },
          "invoice_number": {
            "type": "string",
            "description": "Invoice Number, if not supplied this will be autogenerated.",
            "example": "INV54321"
          },
          "amount": {
            "type": "number",
            "description": "Amount of the invoice",
            "example": 800.5
          },
          "title": {
            "type": "string",
            "description": "Invoice title",
            "example": "Carrier Invoice for shipment LN12345"
          },
          "description": {
            "type": "string",
            "description": "Invoice description",
            "example": "For shipment picked up on 04/01/2021 at Reston,VA"
          },
          "terms": {
            "type": "string",
            "description": "Invoice temrs and conditions"
          },
          "invoice_date": {
            "type": "string",
            "format": "Y-m-d H:i:s T",
            "example": "2020-02-20 17:14:00 EST"
          },
          "due_date": {
            "type": "string",
            "format": "Y-m-d H:i:s T",
            "example": "2020-02-20 17:14:00 EST"
          },
          "carrier": {
            "$ref": "#/components/schemas/Carrier"
          },
          "status": {
            "$ref": "#/components/schemas/Status"
          },
          "notes": {
            "$ref": "#/components/schemas/Notes"
          },
          "payment": {
            "type": "array",
            "description": "Payment details.",
            "items": {
              "$ref": "#/components/schemas/Payment"
            }
          },
          "line_items": {
            "type": "array",
            "description": "Line Item details.",
            "items": {
              "$ref": "#/components/schemas/Lineitems"
            }
          }
        }
      },
      "Carrier": {
        "required": [
          "company_name",
          "dot_number",
          "mc"
        ],
        "type": "object",
        "properties": {
          "company_name": {
            "type": "string",
            "description": "Name of the carrier company",
            "example": "TT Carrier"
          },
          "mc": {
            "type": "string",
            "description": "MC number of the carrier",
            "example": "MC8000001"
          },
          "dot_number": {
            "type": "string",
            "description": "DOT number of the carrier.",
            "example": "23456"
          },
          "contact_name": {
            "type": "string",
            "description": "Contact name of the carrier.",
            "example": "Jane Carrier"
          },
          "contact_email": {
            "type": "string",
            "description": "Contact email of the carrier.",
            "example": "dispatch@carrier.com"
          },
          "contact_phone": {
            "type": "string",
            "description": "Contact phone number of the carrier.",
            "example": "1234567890"
          }
        }
      },
      "Status": {
        "required": [
          "date",
          "message",
          "type"
        ],
        "type": "object",
        "properties": {
          "type": {
            "type": "string",
            "description": "Status of the invoice or invoice item",
            "example": "accepted",
            "enum": [
              "accepted",
              "rejected",
              "submitted",
              "pending",
              "paid"
            ]
          },
          "date": {
            "type": "string",
            "format": "Y-m-d H:i:s T",
            "example": "2020-02-20 17:14:00 EST"
          },
          "message": {
            "type": "string",
            "description": "Message to add for the status"
          }
        }
      },
      "Notes": {
        "required": [
          "date",
          "message"
        ],
        "type": "object",
        "properties": {
          "date": {
            "type": "string",
            "format": "Y-m-d H:i:s T",
            "example": "2020-02-20 17:14:00 EST"
          },
          "message": {
            "type": "string",
            "description": "Notes for the invoice"
          }
        }
      },
      "Payment": {
        "required": [
          "amount",
          "method",
          "payment_sent",
          "status"
        ],
        "type": "object",
        "properties": {
          "type": {
            "type": "string",
            "description": "Status of the invoice payment",
            "example": "paid",
            "enum": [
              "paid",
              "partial_paid",
              "factoring"
            ]
          },
          "method": {
            "type": "string",
            "description": "Method of the payment",
            "example": "check",
            "enum": [
              "ach",
              "check"
            ]
          },
          "amount": {
            "type": "number",
            "description": "Amount of the payment",
            "example": 800.5
          },
          "message": {
            "type": "string",
            "description": "Details for the payment"
          },
          "payment_sent": {
            "type": "boolean",
            "description": "Flag for the payment to identify payment is sent.",
            "example": true
          },
          "payment_date": {
            "type": "string",
            "description": "Date of payment - actual or expected.",
            "format": "Y-m-d H:i:s T",
            "example": "2020-02-20 17:14:00 EST"
          }
        }
      },
      "Lineitems": {
        "required": [
          "amount",
          "line_item_type",
          "status"
        ],
        "type": "object",
        "properties": {
          "line_item_type": {
            "type": "string",
            "description": "Type of the line item. Any new types needs to be added by TruckerTools",
            "example": "lumper",
            "enum": [
              "line_haul",
              "lumper",
              "detention",
              "fuel_surcharge"
            ]
          },
          "amount": {
            "type": "number",
            "description": "Amount of the line item",
            "example": 100.5
          },
          "description": {
            "type": "string",
            "description": "Description of the line item",
            "example": "Lumper fee for shipment"
          },
          "status": {
            "$ref": "#/components/schemas/Status"
          },
          "documents": {
            "type": "array",
            "description": "Documents for the line item",
            "items": {
              "$ref": "#/components/schemas/Documents"
            }
          },
          "isDeleted": {
            "type": "boolean",
            "description": "Boolean value to remove line item from invoice"
          },
          "stop": {
            "$ref": "#/components/schemas/Stop"
          }
        }
      },
      "Documents": {
        "required": [
          "document_url"
        ],
        "type": "object",
        "properties": {
          "document_url": {
            "type": "string",
            "description": "URL to the image without authentication",
            "example": "http://www.findmyimage.com/12345"
          },
          "isDeleted": {
            "type": "boolean",
            "description": "Boolean value to remove document from invoice",
            "default": false
          }
        }
      },
      "Stop": {
        "type": "object",
        "properties": {
          "name": {
            "type": "string",
            "description": "External Stop id to identify stop",
            "example": "STOP-1234"
          },
          "address": {
            "type": "string",
            "description": "Stop address",
            "example": "123 Baker St"
          },
          "city": {
            "type": "string",
            "description": "Stop city",
            "example": "Reston"
          },
          "state": {
            "type": "string",
            "description": "Stop State",
            "example": "VA"
          },
          "zipCode": {
            "type": "string",
            "description": "Stop Zipcode",
            "example": "12345"
          },
          "scheduledAtEarly": {
            "type": "string",
            "description": "Earliest scheduled time for stop.",
            "format": "Y-m-d H:i:s T",
            "example": "2020-02-20 17:14:00 EST"
          },
          "scheduledAtLate": {
            "type": "string",
            "description": "Latest scheduled time for stop.",
            "format": "Y-m-d H:i:s T",
            "example": "2020-02-21 17:14:00 EST"
          }
        }
      },
      "ApiResponse": {
        "type": "object",
        "properties": {
          "status": {
            "type": "boolean",
            "description": "Status of API call"
          },
          "message": {
            "type": "string",
            "description": "Response from the API",
            "example": "Invoice successfully processed."
          },
          "details": {
            "$ref": "#/components/schemas/InvoiceResponse"
          }
        }
      },
      "InvoiceResponse": {
        "type": "object",
        "properties": {
          "invoiceNumber": {
            "type": "string",
            "description": "Invoice number that was processed"
          },
          "status": {
            "type": "boolean",
            "description": "Status of the processed invoice element"
          },
          "message": {
            "type": "string",
            "description": "Response from API for the processed invoice element",
            "example": "Invoice successfully created/updated"
          }
        }
      },
      "inline_response_401": {
        "type": "object",
        "properties": {
          "status": {
            "type": "boolean",
            "description": "Status of API call",
            "default": false
          },
          "message": {
            "type": "string",
            "description": "Error message from system why it is failed to do this action.",
            "example": "Invalid X-Api-Key or X-Signature."
          }
        },
        "description": "authentication error Response"
      }
    },
    "parameters": {
      "ApiKey": {
        "name": "X-Api-Key",
        "in": "header",
        "description": "Public key provided at signup.\n",
        "required": true,
        "style": "simple",
        "explode": false,
        "schema": {
          "type": "string"
        }
      },
      "Signature": {
        "name": "X-Signature",
        "in": "header",
        "description": "Unique request signature.\n",
        "required": true,
        "style": "simple",
        "explode": false,
        "schema": {
          "type": "string"
        }
      }
    }
  }
}