{"openapi":"3.0.0","info":{"title":"Doji's swagger API docs","version":"1.0.0"},"externalDocs":{"description":"Full API Docs","url":"https://choco.saenyakorn.dev/swagger"},"servers":[{"url":"https://virtserver.swaggerhub.com/Uttanon/Choco/1.0.0","description":"SwaggerHub API Auto Mocking"},{"url":"https://choco.saenyakorn.dev/api","description":"Production apis"}],"security":[{"cookieAuth":[]}],"paths":{"/chat":{"get":{"tags":["chat"],"summary":"Get chat rooms","operationId":"getChatRooms","responses":{"401":{"description":"Unauthorized"},"404":{"description":"Chat rooms not found"},"200":{"description":"successful operation","content":{"application/json":{"schema":{"type":"array","items":{"$ref":"#/components/schemas/Chatroom"}}},"application/xml":{"schema":{"type":"array","items":{"$ref":"#/components/schemas/Chatroom"}}}}}},"security":[{"cookieAuth":[]}]},"post":{"tags":["chat"],"summary":"Create Chat Room","operationId":"createChatRoom","requestBody":{"$ref":"#/components/requestBodies/User"},"responses":{"401":{"description":"Unauthorized"},"201":{"description":"Create Successful"},"400":{"description":"Bad request"}},"security":[{"cookieAuth":[]}]}},"/chat/{chatRoomId}":{"get":{"tags":["chat"],"summary":"Get Chat Messages","operationId":"getChatMessages","parameters":[{"name":"chatRoomId","in":"path","description":"ID of chat room","required":true,"style":"simple","explode":false,"schema":{"type":"string"}}],"responses":{"200":{"description":"successful operation","content":{"application/json":{"schema":{"$ref":"#/components/schemas/Chatroom"}},"application/xml":{"schema":{"$ref":"#/components/schemas/Chatroom"}}}},"401":{"description":"Unauthorized"},"404":{"description":"Message not found"}},"security":[{"cookieAuth":[]}]}},"/chat/image":{"post":{"tags":["chat"],"summary":"Post Image Messages","operationId":"postImageMessages","requestBody":{"$ref":"#/components/requestBodies/File"},"responses":{"200":{"description":"suscessful operation","content":{"application/json":{"schema":{"$ref":"#/components/schemas/Image"}},"application/xml":{"schema":{"$ref":"#/components/schemas/Image"}}}},"401":{"description":"Token is invalid"}}}}},"components":{"schemas":{"User":{"type":"object","properties":{"username":{"type":"string"}},"xml":{"name":"User"}},"Chatroom":{"type":"object","properties":{"chatroomId":{"type":"string"},"participant":{"type":"array","items":{"type":"string"}}}},"Image":{"type":"object","properties":{"id":{"type":"string"},"url":{"type":"string"}}},"File":{"type":"object","properties":{"file":{"type":"string","format":"binary"}}}},"requestBodies":{"User":{"description":"id of user","content":{"application/json":{"schema":{"type":"array","items":{"$ref":"#/components/schemas/User"}}}},"required":true},"File":{"content":{"application/json":{"schema":{"$ref":"#/components/schemas/File"}}}}},"securitySchemes":{"cookieAuth":{"type":"apiKey","name":"ACCESS_TOKEN","in":"cookie"}}}}