{"openapi":"3.0.0","info":{"title":"","description":"","version":"1.2"},"servers":[{"url":"https://virtserver.swaggerhub.com/Vision_Web/PowerQuality/1.2","description":"SwaggerHub API Auto Mocking"}],"paths":{"/report":{"get":{"summary":"Return a list of stored report requests","parameters":[{"name":"reportType","in":"query","description":"The report type. If no report type is specified, all report types are used.","required":false,"style":"form","explode":true,"schema":{"$ref":"#/components/schemas/EPowerQualityReportType"}},{"name":"limit","in":"query","description":"Maximum number of reports to get. Ordered by received time","required":false,"style":"form","explode":true,"schema":{"type":"number","example":1E+1}},{"name":"fromDate","in":"query","description":"Start date for selecting reports within a time range (received time). Always used icw toDate.","required":false,"style":"form","explode":true,"schema":{"type":"string","format":"date-time","example":"2022-04-11T09:00:00+02:00"}},{"name":"toDate","in":"query","description":"End date for selecting reports within a time range (received time). Always used icw fromDate.","required":false,"style":"form","explode":true,"schema":{"type":"string","format":"date-time"}}],"responses":{"200":{"description":"Return a list of stored requests with status","content":{"application/json":{"schema":{"$ref":"#/components/schemas/PowerQualityReportOverview"}}}},"400":{"description":"Bad Request"},"403":{"description":"Unauthorized."},"500":{"description":"internal Error, the server encountered an unexpected condition which prevented it from fulfilling the request"}},"security":[{"ApiKey":[]}]},"post":{"summary":"Post a new request to get Sags and Swells","description":"Post a new request to get Sags and Swells based on data already in the database. This request does not trigger new meter readouts but is only based on the data already present in the database and can therefore be relatively fast. MFE stores Sags and Swells for every meter every two weeks.","requestBody":{"content":{"application/json":{"schema":{"$ref":"#/components/schemas/PowerQualityRequest"}}}},"responses":{"200":{"description":"Return a powerQualityRequestId that can later be used to retrieve the result of this request","content":{"application/json":{"schema":{"$ref":"#/components/schemas/PowerQualityRequestResult"}}}},"400":{"description":"Bad Request"},"403":{"description":"Unauthorized."},"500":{"description":"internal Error, the server encountered an unexpected condition which prevented it from fulfilling the request"}},"security":[{"ApiKey":[]}]}},"/report/{powerQualityRequestId}":{"delete":{"summary":"Remove a measurement report","parameters":[{"name":"powerQualityRequestId","in":"path","description":"The id to remove","required":true,"style":"simple","explode":false,"schema":{"type":"string","example":"04aba6a3-3955-4b67-bbe8-5db0ef44678e"}}],"responses":{"204":{"description":"Removed a measurement report"},"404":{"description":"Not found"},"403":{"description":"Unauthorized."},"500":{"description":"internal Error, the server encountered an unexpected condition which prevented it from fulfilling the request"}},"security":[{"ApiKey":[]}]}},"/report/{powerQualityRequestId}/aggregation/sagsswells":{"get":{"summary":"Retrieve sags and swells aggregated on network","parameters":[{"name":"powerQualityRequestId","in":"path","description":"The request id","required":true,"style":"simple","explode":false,"schema":{"type":"string","example":"04aba6a3-3955-4b67-bbe8-5db0ef44678e"}}],"responses":{"200":{"description":"Return aggregated sags and swells","content":{"application/json":{"schema":{"type":"array","items":{"$ref":"#/components/schemas/SagsSwellsAggregation"}}}}},"400":{"description":"Bad Request"},"403":{"description":"Unauthorized."},"500":{"description":"internal Error, the server encountered an unexpected condition which prevented it from fulfilling the request"}},"security":[{"ApiKey":[]}]}},"/report/{powerQualityRequestId}/sagsswells":{"get":{"summary":"Retrieve sags and swells per EAN","parameters":[{"name":"powerQualityRequestId","in":"path","description":"The request id","required":true,"style":"simple","explode":false,"schema":{"type":"string","example":"04aba6a3-3955-4b67-bbe8-5db0ef44678e"}},{"name":"networkId","in":"query","description":"The network id","required":true,"style":"form","explode":true,"schema":{"type":"string","example":"MSR123"}}],"responses":{"200":{"description":"Return sags and swell per EAN","content":{"application/json":{"schema":{"type":"array","items":{"$ref":"#/components/schemas/SagsSwells"}}}}},"400":{"description":"Bad Request"},"403":{"description":"Unauthorized."},"500":{"description":"internal Error, the server encountered an unexpected condition which prevented it from fulfilling the request"}},"security":[{"ApiKey":[]}]}},"/report/{powerQualityRequestId}/aggregation/powerfailures":{"get":{"summary":"Retrieve power failures aggregated on network","parameters":[{"name":"powerQualityRequestId","in":"path","description":"The request id","required":true,"style":"simple","explode":false,"schema":{"type":"string","example":"04aba6a3-3955-4b67-bbe8-5db0ef44678e"}}],"responses":{"200":{"description":"Return aggregated power failures","content":{"application/json":{"schema":{"type":"array","items":{"$ref":"#/components/schemas/PowerFailuresAggregation"}}}}},"400":{"description":"Bad Request"},"403":{"description":"Unauthorized."},"500":{"description":"internal Error, the server encountered an unexpected condition which prevented it from fulfilling the request"}},"security":[{"ApiKey":[]}]}},"/report/{powerQualityRequestId}/powerfailures":{"get":{"summary":"Retrieve power failures per EAN","parameters":[{"name":"powerQualityRequestId","in":"path","description":"The request id","required":true,"style":"simple","explode":false,"schema":{"type":"string","example":"04aba6a3-3955-4b67-bbe8-5db0ef44678e"}},{"name":"networkId","in":"query","description":"The network id","required":true,"style":"form","explode":true,"schema":{"type":"string","example":"MSR123"}}],"responses":{"200":{"description":"Return power failures per EAN","content":{"application/json":{"schema":{"type":"array","items":{"$ref":"#/components/schemas/PowerFailures"}}}}},"400":{"description":"Bad Request"},"403":{"description":"Unauthorized."},"500":{"description":"internal Error, the server encountered an unexpected condition which prevented it from fulfilling the request"}},"security":[{"ApiKey":[]}]}},"/report/{powerQualityRequestId}/aggregation/photovoltaic":{"get":{"summary":"Retrieve PVs aggregated on network","parameters":[{"name":"powerQualityRequestId","in":"path","description":"The request id","required":true,"style":"simple","explode":false,"schema":{"type":"string","example":"04aba6a3-3955-4b67-bbe8-5db0ef44678e"}}],"responses":{"200":{"description":"Return aggregated PVs","content":{"application/json":{"schema":{"type":"array","items":{"$ref":"#/components/schemas/PhotoVoltaicAggregation"}}}}},"400":{"description":"Bad Request"},"403":{"description":"Unauthorized."},"500":{"description":"internal Error, the server encountered an unexpected condition which prevented it from fulfilling the request"}},"security":[{"ApiKey":[]}]}},"/report/{powerQualityRequestId}/photovoltaic":{"get":{"summary":"Retrieve PVs per EAN","parameters":[{"name":"powerQualityRequestId","in":"path","description":"The request id","required":true,"style":"simple","explode":false,"schema":{"type":"string","example":"04aba6a3-3955-4b67-bbe8-5db0ef44678e"}},{"name":"networkId","in":"query","description":"The network id","required":true,"style":"form","explode":true,"schema":{"type":"string","example":"MSR123"}}],"responses":{"200":{"description":"Return PVs per EAN","content":{"application/json":{"schema":{"type":"array","items":{"$ref":"#/components/schemas/PhotoVoltaic"}}}}},"400":{"description":"Bad Request"},"403":{"description":"Unauthorized."},"500":{"description":"internal Error, the server encountered an unexpected condition which prevented it from fulfilling the request"}},"security":[{"ApiKey":[]}]}},"/report/{powerQualityRequestId}/photovoltaic/export":{"get":{"summary":"Retrieve report of registered/unregisted PVs per EAN as an XLSX","parameters":[{"name":"powerQualityRequestId","in":"path","description":"The request id","required":true,"style":"simple","explode":false,"schema":{"type":"string","example":"04aba6a3-3955-4b67-bbe8-5db0ef44678e"}}],"responses":{"200":{"description":"An export of the registered/unregistered PVs per EAN","content":{"application/vnd.openxmlformats-officedocument.spreadsheetml.sheet":{"schema":{"type":"string","format":"binary"}}}},"400":{"description":"Bad Request"},"403":{"description":"Unauthorized."},"500":{"description":"internal Error, the server encountered an unexpected condition which prevented it from fulfilling the request"}},"security":[{"ApiKey":[]}]}},"/measure":{"get":{"summary":"Return a list of stored requests","parameters":[{"name":"reportType","in":"query","description":"The report type. If no report type is specified, all report types are used.","required":false,"style":"form","explode":true,"schema":{"$ref":"#/components/schemas/EPowerQualityReportType"}},{"name":"limit","in":"query","description":"Maximum number of reports to get. Ordered by received time","required":false,"style":"form","explode":true,"schema":{"type":"number","example":1E+1}}],"responses":{"200":{"description":"Return all available voltage min max readings as requested","content":{"application/json":{"schema":{"$ref":"#/components/schemas/PowerQualityReportOverview"}}}},"400":{"description":"Bad Request"},"403":{"description":"Unauthorized."},"500":{"description":"internal Error, the server encountered an unexpected condition which prevented it from fulfilling the request"}},"security":[{"ApiKey":[]}]},"post":{"summary":"Post a new measurement request","description":"Post a new request to get data from smart meters. This request __does__ trigger new meter readouts and is therefore slow. Requested data may not be available.","requestBody":{"content":{"application/json":{"schema":{"$ref":"#/components/schemas/PowerQualityRequest"}}}},"responses":{"200":{"description":"Return all available voltage min max readings as requested","content":{"application/json":{"schema":{"$ref":"#/components/schemas/PowerQualityRequestResult"}}}},"400":{"description":"Bad Request"},"403":{"description":"Unauthorized."},"500":{"description":"internal Error, the server encountered an unexpected condition which prevented it from fulfilling the request"}},"security":[{"ApiKey":[]}]}},"/measure/{powerQualityRequestId}":{"delete":{"summary":"Remove a detailed measurement report","parameters":[{"name":"powerQualityRequestId","in":"path","description":"The id to remove","required":true,"style":"simple","explode":false,"schema":{"type":"string","example":"04aba6a3-3955-4b67-bbe8-5db0ef44678e"}}],"responses":{"204":{"description":"Removed a detailed measurement report"},"404":{"description":"Not found"},"403":{"description":"Unauthorized."},"500":{"description":"internal Error, the server encountered an unexpected condition which prevented it from fulfilling the request"}},"security":[{"ApiKey":[]}]}},"/measure/{powerQualityRequestId}/aggregation/minmax":{"get":{"summary":"Retrieve voltage min and max values aggregated on network","parameters":[{"name":"powerQualityRequestId","in":"path","description":"The request id","required":true,"style":"simple","explode":false,"schema":{"type":"string","example":"04aba6a3-3955-4b67-bbe8-5db0ef44678e"}}],"responses":{"200":{"description":"Return aggregated voltage min and max values","content":{"application/json":{"schema":{"type":"array","items":{"$ref":"#/components/schemas/VoltageMinMaxAggregation"}}}}},"400":{"description":"Bad Request"},"403":{"description":"Unauthorized."},"500":{"description":"internal Error, the server encountered an unexpected condition which prevented it from fulfilling the request"}},"security":[{"ApiKey":[]}]}},"/measure/{powerQualityRequestId}/minmax":{"get":{"summary":"Retrieve voltage min max per EAN","parameters":[{"name":"powerQualityRequestId","in":"path","description":"The request id","required":true,"style":"simple","explode":false,"schema":{"type":"string","example":"04aba6a3-3955-4b67-bbe8-5db0ef44678e"}},{"name":"networkId","in":"query","description":"The network id","required":true,"style":"form","explode":true,"schema":{"type":"string","example":"MSR123"}}],"responses":{"200":{"description":"Return all available voltage min max readings per EAN","content":{"application/json":{"schema":{"type":"array","items":{"$ref":"#/components/schemas/VoltageMinMax"}}}}},"400":{"description":"Bad Request"},"403":{"description":"Unauthorized."},"500":{"description":"internal Error, the server encountered an unexpected condition which prevented it from fulfilling the request"}},"security":[{"ApiKey":[]}]}},"/measure/{powerQualityRequestId}/aggregation/powerfailures":{"get":{"summary":"Retrieve power failure durations aggregated on network","parameters":[{"name":"powerQualityRequestId","in":"path","description":"The request id","required":true,"style":"simple","explode":false,"schema":{"type":"string","example":"04aba6a3-3955-4b67-bbe8-5db0ef44678e"}}],"responses":{"200":{"description":"Return aggregated power failure durations","content":{"application/json":{"schema":{"type":"array","items":{"$ref":"#/components/schemas/PowerFailureDurationsAggr"}}}}},"400":{"description":"Bad Request"},"403":{"description":"Unauthorized."},"500":{"description":"internal Error, the server encountered an unexpected condition which prevented it from fulfilling the request"}},"security":[{"ApiKey":[]}]}},"/measure/{powerQualityRequestId}/powerfailures":{"get":{"summary":"Retrieve power failure durations per EAN","parameters":[{"name":"powerQualityRequestId","in":"path","description":"The request id","required":true,"style":"simple","explode":false,"schema":{"type":"string","example":"04aba6a3-3955-4b67-bbe8-5db0ef44678e"}},{"name":"networkId","in":"query","description":"The network id","required":true,"style":"form","explode":true,"schema":{"type":"string","example":"MSR123"}}],"responses":{"200":{"description":"Return power failure durations per EAN","content":{"application/json":{"schema":{"type":"array","items":{"$ref":"#/components/schemas/PowerFailureDurations"}}}}},"400":{"description":"Bad Request"},"403":{"description":"Unauthorized."},"500":{"description":"internal Error, the server encountered an unexpected condition which prevented it from fulfilling the request"}},"security":[{"ApiKey":[]}]}},"/measure/{powerQualityRequestId}/powerfailures/export":{"get":{"summary":"Retrieve report of power failure durations per EAN as an XLSX","parameters":[{"name":"powerQualityRequestId","in":"path","description":"The request id","required":true,"style":"simple","explode":false,"schema":{"type":"string","example":"04aba6a3-3955-4b67-bbe8-5db0ef44678e"}}],"responses":{"200":{"description":"An export of the power failure durations per EAN","content":{"application/vnd.openxmlformats-officedocument.spreadsheetml.sheet":{"schema":{"type":"string","format":"binary"}}}},"400":{"description":"Bad Request"},"403":{"description":"Unauthorized."},"500":{"description":"internal Error, the server encountered an unexpected condition which prevented it from fulfilling the request"}},"security":[{"ApiKey":[]}]}}},"components":{"schemas":{"PowerQualityRequest":{"required":["fromDate","networks","reason","reportType","toDate","userName"],"type":"object","properties":{"userName":{"type":"string","example":"techno.leut@technolution.nl"},"reason":{"type":"string","example":"Needed for troubleshooting"},"reportType":{"$ref":"#/components/schemas/EPowerQualityReportType"},"fromDate":{"type":"string","format":"date-time"},"toDate":{"type":"string","format":"date-time"},"networks":{"type":"array","items":{"$ref":"#/components/schemas/NetworkDef"}},"cutoffValue":{"type":"number","description":"The cutoff value in Volt. Can be used to filter out measurements whereby a measurement was below this threshold. For example in the case of a missing phase on a three phase meter for some duration would result in an (almost) zero value. By applying this threshold only meaningfull measurements are used. In case no value is specified, the data is not filtered. In case no value is specified, no threshold is applied. This filter only applies to the voltage min max values, Grafana dashboards will still show the orignal values","format":"double","example":150.1},"minDiffReadout":{"type":"integer","description":"The minimum between first and last readout (seconds). Only applicable to overview measurements.","example":604800}}},"NetworkDef":{"required":["eans","networkId"],"type":"object","properties":{"networkId":{"type":"string","example":"123"},"connections":{"type":"array","items":{"$ref":"#/components/schemas/ConnectionDef"}}}},"ConnectionDef":{"required":["ean"],"type":"object","properties":{"ean":{"type":"string","description":"The EAN","example":"871690200021756150"},"pv":{"type":"number","description":"The amount of PV (panel) power registered to this EAN in the network model, specified in kW","format":"double","example":1.1}}},"EPowerQualityReportType":{"type":"string","example":"OVERVIEW","enum":["OVERVIEW","DETAIL","FAILURES"]},"PowerQualityRequestResult":{"type":"object","properties":{"powerQualityRequestId":{"type":"string","example":"04aba6a3-3955-4b67-bbe8-5db0ef44678e"}}},"PowerQualityReportOverview":{"type":"array","items":{"$ref":"#/components/schemas/PowerQualityReport"}},"PowerQualityReport":{"required":["fromDate","networkIds","powerQualityRequestId","reason","status","toDate","userName"],"type":"object","properties":{"powerQualityRequestId":{"type":"string","example":"04aba6a3-3955-4b67-bbe8-5db0ef44678e"},"networkIds":{"type":"array","example":["123","456"],"items":{"type":"string","example":"123"}},"fromDate":{"type":"string","format":"date-time"},"toDate":{"type":"string","format":"date-time"},"status":{"$ref":"#/components/schemas/EPowerQualityRequestStatus"},"statusText":{"type":"string","example":""},"userName":{"type":"string","example":"techno.leut@technolution.nl"},"reason":{"type":"string","example":"Needed for something"},"minDiffReadout":{"type":"integer","description":"The minimum between first and last readout (seconds). Only applicable to overview measurements.","example":604800},"reportType":{"$ref":"#/components/schemas/EPowerQualityReportType"}}},"EPowerQualityRequestStatus":{"type":"string","example":"INITIAL","enum":["INITIAL","BUSY","SUCCESS","FAILED"]},"Measurement":{"required":["ean"],"type":"object","properties":{"ean":{"type":"string","example":"871690200021756150"},"firstReadout":{"type":"string","format":"date-time"},"lastReadout":{"type":"string","format":"date-time"}},"description":"Base class for measurements"},"VoltageMinMaxAggregation":{"required":["networkId"],"type":"object","properties":{"networkId":{"type":"string","example":"123"},"minU":{"type":"number","format":"double","example":210.1},"maxU":{"type":"number","format":"double","example":240.1}}},"VoltageMinMax":{"required":["ean","numReadouts"],"type":"object","properties":{"numReadouts":{"type":"integer"},"L1":{"$ref":"#/components/schemas/MinMaxPhase"},"L2":{"$ref":"#/components/schemas/MinMaxPhase"},"L3":{"$ref":"#/components/schemas/MinMaxPhase"}},"description":"Min max voltage per EAN","allOf":[{"$ref":"#/components/schemas/Measurement"}]},"MinMaxPhase":{"required":["maxU","minU"],"type":"object","properties":{"minU":{"type":"number","format":"double","example":220.1},"maxU":{"type":"number","format":"double","example":240.1}},"description":"Min max voltage per phase"},"SagsSwellsAggregation":{"required":["networkId"],"type":"object","properties":{"networkId":{"type":"string","example":"123"},"maxDeltaSags":{"type":"integer","example":240},"maxDeltaSwells":{"type":"integer","example":240}}},"SagsSwells":{"required":["ean"],"type":"object","properties":{"L1":{"$ref":"#/components/schemas/SagsSwellsPhase"},"L2":{"$ref":"#/components/schemas/SagsSwellsPhase"},"L3":{"$ref":"#/components/schemas/SagsSwellsPhase"}},"description":"Sags and Swells","allOf":[{"$ref":"#/components/schemas/Measurement"}]},"SagsSwellsPhase":{"required":["deltaSags","deltaSwells","sags","swells"],"type":"object","properties":{"sags":{"type":"integer","example":1},"swells":{"type":"integer","example":2},"deltaSags":{"type":"integer","example":3},"deltaSwells":{"type":"integer","example":4}},"description":"Sags and Swells"},"PowerFailuresAggregation":{"required":["maxDeltaLongPowerFailures","maxDeltaPowerFailures","networkId"],"type":"object","properties":{"networkId":{"type":"string","example":"123"},"maxDeltaPowerFailures":{"type":"integer","example":210},"maxDeltaLongPowerFailures":{"type":"integer","example":240}}},"PowerFailures":{"required":["deltaLongPowerFailures","deltaPowerFailures","ean","longPowerFailures","numReadouts","powerFailures"],"type":"object","properties":{"numReadouts":{"type":"integer"},"powerFailures":{"type":"integer","example":1},"longPowerFailures":{"type":"integer","example":2},"deltaPowerFailures":{"type":"integer","example":3},"deltaLongPowerFailures":{"type":"integer","example":4}},"description":"Power failures","allOf":[{"$ref":"#/components/schemas/Measurement"}]},"PowerFailureDurationsAggr":{"required":["networkId"],"type":"object","properties":{"networkId":{"type":"string","example":"123"},"maxPowerFailureDuration":{"type":"integer","description":"The maximum duration of the power failure (seconds). 0 when none, absent when unknown.","example":86400}}},"PowerFailureDurations":{"required":["ean","numReadouts"],"type":"object","properties":{"numReadouts":{"type":"integer"},"powerFailureDurations":{"type":"array","description":"The power failure durations. Empty when none, absent when unknown.","items":{"$ref":"#/components/schemas/PowerFailureDurationDetail"}}},"allOf":[{"$ref":"#/components/schemas/Measurement"}]},"PowerFailureDurationDetail":{"required":["duration","endTime"],"type":"object","properties":{"duration":{"type":"integer","description":"The duration of the power failure (seconds)","example":86400},"endTime":{"type":"string","description":"The end of the power failure","format":"date-time"}}},"PhotoVoltaicAggregation":{"required":["networkId"],"type":"object","properties":{"networkId":{"type":"string","example":"123"},"pvRegistred":{"type":"integer","description":"The number of PVs registered correctly","example":1},"pvUnregistred":{"type":"integer","description":"The number of unregistered PVs, meaning a PV was measured, but no PV is present in the network model","example":1}}},"PhotoVoltaic":{"required":["ean"],"type":"object","properties":{"pvStatus":{"$ref":"#/components/schemas/EPowerQualityPvStatus"}},"description":"PV","allOf":[{"$ref":"#/components/schemas/Measurement"}]},"EPowerQualityPvStatus":{"type":"string","example":"NO_PV","enum":["NO_PV","PV_REGISTERED","PV_UNREGISTERED","NO_PV_REGISTERED"]}},"securitySchemes":{"ApiKey":{"type":"apiKey","name":"X-API-Key","in":"header"}}}}