{"openapi":"3.0.0","info":{"title":"WeSchool Boards API","description":"Boards menagement API","version":"1.0.0"},"servers":[{"url":"https://virtserver.swaggerhub.com/WeSchool/Boards/1.0.0","description":"SwaggerHub API Auto Mocking"},{"url":"https://virtserver.swaggerhub.com/WeSchool-OpenApi/Boards/1.0.0","description":"SwaggerHub API Auto Mocking"},{"url":"https://stage-api.weschool.com/","description":"staging API"},{"url":"https://api.weschool.com/","description":"production API"}],"tags":[{"name":"members","description":"Operations available to regular group members"},{"name":"teachers","description":"Teachers-only calls"},{"name":"students","description":"Students-only calls"}],"paths":{"/v2/groups/{group_id}/boards":{"get":{"tags":["members"],"summary":"List group boards","description":"Get a list of all the boards in a specific group","operationId":"api_v1_get_groups_boards","parameters":[{"name":"group_id","in":"path","description":"Numeric ID of the group we want to get a list of boards from","required":true,"style":"simple","explode":false,"schema":{"type":"integer"}},{"name":"from","in":"query","description":"lexographic position of the last element of the current page. The endpoint will return the next n ordered elements with a greater lexographic position.","required":false,"style":"form","explode":true,"schema":{"type":"string"},"example":"abc"}],"responses":{"200":{"description":"ok","content":{"application/json":{"schema":{"type":"object","properties":{"has_next":{"type":"boolean"},"results":{"type":"array","items":{"$ref":"#/components/schemas/BoardDetail"}}}}}}},"404":{"description":"group not found"},"400":{"description":"user is unauthorized"}}}},"/v1/boards/{board_id}/activities":{"get":{"tags":["members"],"summary":"Get board activities","description":"get all the activities associated with a specific board","operationId":"api_v1_get_boards_activities","parameters":[{"name":"board_id","in":"path","description":"Numeric ID of the board","required":true,"style":"simple","explode":false,"schema":{"type":"integer"}}],"responses":{"200":{"description":"ok","content":{"application/json":{"schema":{"type":"object","properties":{"activities":{"type":"array","items":{"$ref":"#/components/schemas/CalendarEvent"}}}}}}},"404":{"description":"board not found"},"400":{"description":"user is unauthorized"}}}},"/v2/boards/{board_id}":{"get":{"tags":["members"],"summary":"Get board","description":"Get a specific board","operationId":"api_v2_get_board","parameters":[{"name":"board_id","in":"path","description":"Numeric ID of the board we want to get settings for","required":true,"style":"simple","explode":false,"schema":{"type":"integer"}}],"responses":{"200":{"description":"ok","content":{"application/json":{"schema":{"$ref":"#/components/schemas/BoardDetail"}}}},"404":{"description":"board not found"},"400":{"description":"user is unauthorized"}}}},"/v1/groups/{group_id}/progress":{"get":{"tags":["students"],"summary":"Get group progress","description":"Get current user progress for a specific group","operationId":"api_v1_get_group_progress","parameters":[{"name":"group_id","in":"path","description":"Numeric ID of the group we want to get progress stats for","required":true,"style":"simple","explode":false,"schema":{"type":"integer"}}],"responses":{"200":{"description":"ok","content":{"application/json":{"schema":{"$ref":"#/components/schemas/GroupProgress"}}}},"404":{"description":"group not found"},"400":{"description":"user is unauthorized"}}}},"/v1/boards/{board_id}":{"delete":{"tags":["teachers"],"summary":"Delete board","description":"Delete a specific board (cascade on board elements)","operationId":"api_v1_delete_boards","parameters":[{"name":"board_id","in":"path","description":"Numeric ID of the board we want to delete","required":true,"style":"simple","explode":false,"schema":{"type":"integer"}}],"responses":{"204":{"description":"no content"},"404":{"description":"group not found"},"400":{"description":"user is unauthorized"}}}},"/v2/boards/{board_id}/edit":{"post":{"tags":["teachers"],"summary":"Edit board properties","description":"Patch a board entity changing the value of properties defined in the request body","operationId":"api_v1_edit_boards","parameters":[{"name":"board_id","in":"path","description":"Numeric ID of the board we want to edit","required":true,"style":"simple","explode":false,"schema":{"type":"integer"}}],"requestBody":{"description":"New board properties","content":{"application/json":{"schema":{"$ref":"#/components/schemas/EditBoardInput"}}},"required":true},"responses":{"200":{"description":"ok","content":{"application/json":{"schema":{"$ref":"#/components/schemas/Board"}}}},"404":{"description":"board not found"},"400":{"description":"user is unauthorized | bad request"}}}},"/v1/boards/{board_id}/move":{"post":{"tags":["teachers"],"summary":"Change board relative position","description":"Move a board from a position to another","operationId":"api_v1_move_board","parameters":[{"name":"board_id","in":"path","description":"Numeric ID of the board","required":true,"style":"simple","explode":false,"schema":{"type":"integer"}}],"requestBody":{"content":{"application/json":{"schema":{"properties":{"after":{"type":"string","description":"position of the board preceding the new position (NULL if we want to move the board on top)","example":"U2"}}}}},"required":true},"responses":{"200":{"description":"ok","content":{"application/json":{"schema":{"properties":{"new_position":{"type":"string","description":"new position of the moved board","example":"b"}}}}}},"400":{"description":"user not authorized"},"409":{"description":"conflict on boards positions update"}}}},"/v1/boards/{board_id}/path":{"get":{"tags":["students"],"summary":"Get all the prerequisites chain of the selected board","description":"get all the constraints associated with a specific board","operationId":"api_v1_get_boards_constraints","parameters":[{"name":"board_id","in":"path","description":"Numeric ID of the board","required":true,"style":"simple","explode":false,"schema":{"type":"integer"}}],"responses":{"200":{"description":"ok","content":{"application/json":{"schema":{"type":"object","properties":{"path":{"type":"array","items":{"$ref":"#/components/schemas/BoardDetail"}}}}}}},"404":{"description":"board not found"},"400":{"description":"user is unauthorized"}}}},"/v1/boards/{board_id}/constraints":{"get":{"tags":["teachers"],"summary":"Get board constraints","description":"get all the constraints associated with a specific board","operationId":"api_v2_get_boards_constraints","parameters":[{"name":"board_id","in":"path","description":"Numeric ID of the board","required":true,"style":"simple","explode":false,"schema":{"type":"integer"}}],"responses":{"200":{"description":"ok","content":{"application/json":{"schema":{"type":"object","properties":{"constraints":{"type":"array","items":{"$ref":"#/components/schemas/Board"}}}}}}},"400":{"description":"board not found / user not authorized"}}}},"/v1/boards/{board_id}/constraints/{constraint_id}":{"post":{"tags":["teachers"],"summary":"add board constraint to board","description":"add a new board as a constraint for another board","operationId":"api_v2_post_boards_constraints","parameters":[{"name":"board_id","in":"path","description":"Numeric ID of the board you want to add constraint to.","required":true,"style":"simple","explode":false,"schema":{"type":"integer"}},{"name":"constraint_id","in":"path","description":"Numeric ID of the constraint board","required":true,"style":"simple","explode":false,"schema":{"type":"integer"}}],"responses":{"201":{"description":"ok"},"400":{"description":"board cannot be added as a constraint (circular dependency)"},"404":{"description":"board or board constraint not found"},"403":{"description":"user is unauthorized"}}},"delete":{"tags":["teachers"],"summary":"remove existent board constraint for board","description":"add a new board as a constraint for another board","operationId":"api_v1_delete_boards_constraints","parameters":[{"name":"board_id","in":"path","description":"Numeric ID of the constrainted board","required":true,"style":"simple","explode":false,"schema":{"type":"integer"}},{"name":"constraint_id","in":"path","description":"Numeric ID of the constraint board","required":true,"style":"simple","explode":false,"schema":{"type":"integer"}}],"responses":{"200":{"description":"ok"},"404":{"description":"board or board constraint not found"},"403":{"description":"user is unauthorized"}}}}},"components":{"schemas":{"BoardDetail":{"type":"object","allOf":[{"$ref":"#/components/schemas/Board"},{"type":"object","properties":{"activities_count":{"type":"integer","example":2},"board_element_count":{"type":"integer","example":6},"completed_board_element_count":{"type":"integer","description":"returned only to students","example":4},"is_locked":{"type":"boolean","description":"returned only to students","example":false},"board_element_draft_count":{"type":"integer","description":"returned only to teacher","example":4},"prerequisites_count":{"type":"integer","description":"returned only to teachers","example":3},"available_score":{"type":"integer","example":20}}}]},"Board":{"required":["color","id","is_mandatory","is_milestone","is_open","is_published","name"],"type":"object","properties":{"id":{"type":"integer","example":458},"name":{"type":"string","example":"Lezione di fisica 003"},"is_published":{"type":"boolean","example":true},"color":{"type":"integer","example":2},"mode":{"type":"string","example":"EDIT"},"is_open":{"type":"boolean","example":true},"is_mandatory":{"type":"boolean","example":false},"is_milestone":{"type":"boolean","example":true},"milestone_message":{"type":"string","example":"Complimenti hai raggiunto la milestone!"}}},"GroupProgress":{"required":["boards_count","completed_mandatory_count","completed_milestone_count","mandatory_count","milestone_count"],"properties":{"boards_count":{"type":"integer","example":12},"mandatory_count":{"type":"integer","example":9},"completed_mandatory_count":{"type":"integer","example":7},"milestone_count":{"type":"integer","example":5},"completed_milestone_count":{"type":"integer","example":2}}},"CalendarEvent":{"required":["end","id","last_all_day","title","type"],"type":"object","properties":{"id":{"type":"string","format":"uuid","example":"d290f1ee-6c54-4b01-90e6-d701748f0851"},"type":{"type":"string","example":"ACTIVITY","enum":["ACTIVITY"]},"title":{"type":"string","example":"Compito in classe"},"last_all_day":{"type":"boolean","example":true},"start":{"type":"string","format":"date-time","example":"2021-09-10T16:30:00Z"},"end":{"type":"string","format":"date-time","example":"2021-09-10T17:50:00Z"}}},"EditBoardInput":{"type":"object","properties":{"color":{"type":"integer","nullable":true,"example":4},"is_mandatory":{"type":"boolean","nullable":true,"example":true},"is_milestone":{"type":"boolean","nullable":true,"example":true},"milestone_message":{"type":"string","nullable":true,"example":"Complimenti, hai raggiunto la milestone!"},"is_open":{"type":"boolean","nullable":true,"example":true},"name":{"type":"string","nullable":true,"example":"lezione sugli integrali"}},"description":"properties to be edited"}}}}