{"openapi":"3.0.0","info":{"title":"Итоговая работа","description":"Итоговая работа по блоку","version":"1"},"servers":[{"url":"https://virtserver.swaggerhub.com/Yulia31/HomeworkSummary/1","description":"SwaggerHub API Auto Mocking"},{"url":"https://api.openweathermap.org/data/2.6/","description":"Beta server"}],"paths":{"/position/{id}":{"get":{"summary":"Узнать количество мест на сеанс","description":"Сервис позволяет получить количество свободных и зарезервированных мест на выбраненый сеанс","parameters":[{"name":"id","in":"path","description":"ID  сеанса","required":true,"style":"simple","explode":false,"schema":{"type":"integer"}}],"responses":{"200":{"description":"successful operation","content":{"application/json":{"schema":{"type":"object","properties":{"countFree":{"type":"number","description":"количество свободных мест"},"countReserved":{"type":"number","description":"количество зарезервированных мест"}}}}}},"400":{"description":"Передаваемый ID сеанса не найден"}}}},"/reserved":{"post":{"summary":"Бронь билетов","description":"Сервис позволяет забронировать билеты на сеанс","requestBody":{"content":{"application/json":{"schema":{"type":"object","properties":{"clientId":{"type":"string","description":"идентификато клиента"},"shedulerId":{"type":"string","description":"идентификатор сеанса"},"ticketCount":{"type":"integer","description":"количество билетов"}}}}}},"responses":{"200":{"description":"successful operation","content":{"application/json":{"schema":{"type":"object","properties":{"reservedId":{"type":"string","description":"идентификатор брони"}}}}}},"400":{"description":"Ошибка в запросе"}}},"delete":{"summary":"Отмена бронирования","description":"Сервис позволяет отменить бронь","parameters":[{"name":"id","in":"query","description":"ID  бронирования","required":true,"style":"form","explode":true,"schema":{"type":"integer"}}],"responses":{"200":{"description":"successful operation"},"400":{"description":"Ошибка в запросе"}}}},"/pay/reserved":{"post":{"summary":"Оплата брони","description":"Сервис позволяет оплатить ранее сделанную бронь","requestBody":{"content":{"application/json":{"schema":{"type":"object","properties":{"reservedId":{"type":"string","description":"идентификатор брони"},"useCard":{"type":"boolean","description":"признак использования карты при оплате"},"bonusPay":{"type":"integer","description":"оплачено бонусами"},"pay":{"type":"integer","description":"оплачено рублями"}}}}}},"responses":{"200":{"description":"successful operation","content":{"application/json":{"schema":{"type":"object","properties":{"payId":{"type":"string","description":"идентификатор оплаты"}}}}}},"400":{"description":"Ошибка в запросе"}}},"delete":{"summary":"Отмена бронирования","description":"Сервис позволяет отменить бронь","parameters":[{"name":"id","in":"query","description":"ID  бронирования","required":true,"style":"form","explode":true,"schema":{"type":"integer"}}],"responses":{"200":{"description":"successful operation"},"400":{"description":"Ошибка в запросе"}}}},"/sheduler":{"put":{"summary":"Изменение времени сеанса","description":"Сервис позволяет изменить время сеанса","requestBody":{"content":{"application/json":{"schema":{"type":"object","properties":{"shedulerId":{"type":"string","description":"Идентификатор сеанса"},"date":{"type":"string","description":"дата и время (новое значение)","format":"date-time"}}}}}},"responses":{"200":{"description":"successful operation","content":{"application/json":{"schema":{"type":"object","properties":{"reservedId":{"type":"string"}}}}}},"400":{"description":"Ошибка в запросе"}}}},"/statistics":{"get":{"summary":"Получить статистику","description":"Сервис позволяет получить статистику использования бонусных карт","parameters":[{"name":"startDate","in":"query","description":"дата начала отчета","required":true,"style":"form","explode":true,"schema":{"type":"string","format":"date-time"}},{"name":"endDate","in":"query","description":"дата окончания отчета","required":true,"style":"form","explode":true,"schema":{"type":"string","format":"date-time"}}],"responses":{"200":{"description":"successful operation","content":{"application/json":{"schema":{"type":"object","properties":{"count":{"type":"integer","description":"всего оплат (количество)"},"countCard":{"type":"integer","description":"всего оплат с использованием карт (количество)"},"summary":{"type":"integer","description":"общая сумма оплат (в рублях)"},"pay":{"type":"integer","description":"сумма оплат рублями (в рублях)"},"bonusPay":{"type":"integer","description":"сумма оплат бонусами (в рублях)"}}}}}},"400":{"description":"Ошибка в запросе"}}}}}}