{"openapi":"3.0.0","info":{"title":"WMS-DS","description":"WMS-DS","termsOfService":"","contact":{},"license":{"name":""},"version":"3.14"},"externalDocs":{"description":"","url":""},"servers":[{"url":"https://app.05.ru/wms-ds/dev","description":"DEV"},{"url":"https://app.05.ru/wms-ds/prod","description":"PROD"}],"security":[{"wms-ds-app":[]}],"tags":[{"name":"main"},{"name":"task"},{"name":"good"}],"paths":{"/info":{"get":{"tags":["main"],"summary":"Получение информации о актуальной версии приложения","operationId":"App","responses":{"200":{"description":"App","content":{"application/json":{"schema":{"type":"object","properties":{"last_version":{"type":"integer","description":"Числовой номер последней версии приложения (ГОД, МЕСЯЦ, ДЕНЬ, ЧАС)","example":21092818},"link":{"type":"string","description":"Ссылка на скачивание","example":"https://app.05.ru/wms-ds/app/app-debug.apk"}}}}}}}}},"/login":{"post":{"tags":["main"],"summary":"Авторизация","description":"Авторизация<br> На входе: login, device_info (device_id, notification_id), get_task<br> На выходе: error, token, text, user_name, config (текущие настройки)<br> Если есть задача на сотруднике то приходят поля: have_task (флаг принятой задачи), cancel_task, task_info (описание задачи - если get_task)<br> Если есть не распределенные задачи (эта информация также должна прийти пушем): tasks_count (количество не принятых/распределнных задач), tasks_date (дата/время самой старой задачи)","operationId":"login","requestBody":{"content":{"application/json":{"schema":{"required":["device_info","login"],"type":"object","properties":{"login":{"type":"string"},"get_task":{"type":"boolean","description":"Если есть задача - отправить ли информацию о ней (по умолчанию ложь)","example":false},"device_info":{"$ref":"#/components/schemas/device_info"}}}}},"required":true},"responses":{"200":{"description":"Ok","content":{"application/json":{"schema":{"required":["config","error","have_task","state","tasks_count","token","user_name"],"type":"object","properties":{"error":{"$ref":"#/components/schemas/error_resp"},"text":{"$ref":"#/components/schemas/text_resp"},"token":{"type":"string","description":"Токен - в дальнейшем передается для авторизации","example":"80cfe69d-7ddd-4f36-9fb5"},"state":{"type":"boolean","description":"Сохраненый статус - Работает(true)/Пауза(false)","example":false},"user_name":{"type":"string","description":"ФИО авторизованного пользователя","example":"ФИО пользователя"},"config":{"$ref":"#/components/schemas/config_res"},"have_task":{"type":"boolean","description":"Флаг наличия уже распределенной задачи на пользователя","example":false},"task_info":{"$ref":"#/components/schemas/task_info"},"cancel_task":{"type":"boolean","description":"Флаг задачи на отмену","example":false},"tasks_count":{"type":"integer","description":"Количество нераспределенных задач","example":0},"tasks_date":{"type":"string","description":"Дата наиболее старой нераспределнной задачи","format":"date-time","example":"2021-01-30T08:30:00Z"}}}}}}}}},"/logout":{"post":{"tags":["main"],"summary":"Выход","description":"Выход<br> На входе: token, device_info (device_id, notification_id)<br> На выходе: error, text","operationId":"logout","requestBody":{"content":{"application/json":{"schema":{"required":["device_info","token"],"type":"object","properties":{"token":{"$ref":"#/components/schemas/token_req"},"device_info":{"$ref":"#/components/schemas/device_info_short"}}}}},"required":true},"responses":{"200":{"description":"Ok","content":{"application/json":{"schema":{"required":["error"],"type":"object","properties":{"error":{"$ref":"#/components/schemas/error_resp"},"text":{"$ref":"#/components/schemas/text_resp"}}}}}}}}},"/ping":{"post":{"tags":["main"],"summary":"Обновить статус (пинг + получение задачи)","description":"Пинг (шлется в соответствии с наcтройкой в login - config - ping_freq)<br> Если уже как-то кто-то авторизовался под данным логином - то отправляется команда на разлогинивание - пока в разработке<br> Если есть задача, то шлеться ее id - в случае если по какой то причине не работают пуши<br> На входе: token, active (true|false), task_id (если есть), device_info (device_id, notification_id), get_task<br> На выходе: error, text, logout (false|true - выкинуть или нет), state(true|false)<br> Если есть задача на сотруднике то приходят поля: task_id (если есть текущая), cancel_task, task_info (если get_task)<br> Если есть не распределенные задачи (эта информация также должна прийти пушем): tasks_count (количество не принятых/распределнных задач), tasks_date (дата/время самой старой задачи)","operationId":"ping","requestBody":{"content":{"application/json":{"schema":{"required":["active","device_info","token"],"type":"object","properties":{"token":{"$ref":"#/components/schemas/token_req"},"active":{"type":"boolean","description":"Активность - в принципе всегда истина (говорит о том что активен)","example":true},"task_id":{"type":"string","description":"Идентификатор задачи - если есть текущая задача","example":"80cfe69d-7ddd-4f36-9fb5"},"get_task":{"type":"boolean","description":"Если есть задача - отправить ли информацию о ней (по умолчанию ложь)","example":false},"device_info":{"$ref":"#/components/schemas/device_info_short"}}}}},"required":true},"responses":{"200":{"description":"Ok","content":{"application/json":{"schema":{"required":["error","have_task","state","tasks_count"],"type":"object","properties":{"error":{"$ref":"#/components/schemas/error_resp"},"text":{"$ref":"#/components/schemas/text_resp"},"logout":{"type":"boolean","description":"Флаг необходимость разлогинивания","example":false},"state":{"type":"boolean","description":"Текущий статус на сервере","example":false},"have_task":{"type":"boolean","description":"Флаг наличия распределенной задачи на пользователя","example":false},"task_info":{"$ref":"#/components/schemas/task_info"},"cancel_task":{"type":"boolean","description":"Флаг задачи на отмену","example":false},"tasks_count":{"type":"integer","description":"Количество нераспределенных задач","example":0},"tasks_date":{"type":"string","description":"Дата наиболее старой нераспределнной задачи","format":"date-time","example":"2021-01-30T08:30:00Z"}}}}}}}}},"/setstate":{"post":{"tags":["main"],"summary":"Изменить статус","description":"Установка статуса<br> На входе: token, state(true|false), task_id (если есть), device_info (device_id, notification_id, ...), comments (комментарии к статусу)<br> На выходе: error, state (итог), text, task_id (если есть текущая)","operationId":"setstate","requestBody":{"content":{"application/json":{"schema":{"required":["device_info","state","token"],"type":"object","properties":{"token":{"$ref":"#/components/schemas/token_req"},"state":{"type":"boolean","description":"Работает(true)/Пауза(false). Имеет отложенный эффект. Если будет ложь, то не будут распределяться новые задачи","example":false},"task_id":{"type":"string","description":"Идентификатор задачи - если есть текущая задача","example":"80cfe69d-7ddd-4f36-9fb5"},"device_info":{"$ref":"#/components/schemas/device_info_short"},"comments":{"type":"string","description":"Комментарий - Причина отмены например","example":"Обед / Плохо себя чувствую / ...."}}}}},"required":true},"responses":{"200":{"description":"Ok","content":{"application/json":{"schema":{"required":["error","state"],"type":"object","properties":{"error":{"$ref":"#/components/schemas/error_resp"},"state":{"type":"boolean","description":"Текущий статус на сервере","example":false},"text":{"$ref":"#/components/schemas/text_resp"}}}}}}}}},"/goodproblem":{"post":{"tags":["good"],"summary":"Проблемы с товаром","description":"Проблемы с товаром<br> При возникновении проблем с товаром<br> На входе: token, task_id, good_id, device_info (device_id, notification_id)<br> и либо серии товаров (series) или ячейка (cell) с которыми проблема<br> На выходе: error, text","operationId":"goodproblem","requestBody":{"content":{"application/json":{"schema":{"required":["by_cell","device_info","good_id","problem_type","task_id","token"],"type":"object","properties":{"token":{"$ref":"#/components/schemas/token_req"},"task_id":{"type":"string","description":"Идентификатор задачи - если не указан, то береться текущая","example":"80cfe69d-7ddd-4f36-9fb5"},"good_id":{"type":"string","description":"Идентификатор товара - который выбран в приложении","example":"80cfe69d-7ddd-4f36-9fb5"},"problem_type":{"type":"string","description":"Тип проблемы","example":"испорчен | отсутствует | другое"},"comments":{"type":"string","description":"комментарии к проблеме","example":"помятая упаковка"},"by_cell":{"type":"boolean","description":"Что будет передано - серии (false) или ячейка целиком(true)","example":false},"series":{"type":"array","description":"Серии проблемного товара","items":{"type":"string","example":"[2300000001,2300000002]"}},"cell":{"type":"string","description":"Ячейка в котором проблемный товар","example":"Y1B1C5"},"device_info":{"$ref":"#/components/schemas/device_info_short"}}}}},"required":true},"responses":{"200":{"description":"Ok","content":{"application/json":{"schema":{"required":["error"],"type":"object","properties":{"error":{"$ref":"#/components/schemas/error_resp"},"text":{"$ref":"#/components/schemas/text_resp"}}}}}}}}},"/accepttask":{"post":{"tags":["task"],"summary":"Принять задачу","description":"Принять задачу<br> На входе: token, device_info (device_id, notification_id)<br> На выходе: error, text, accepted (задача принята), task_id, task_info","operationId":"accepttask","requestBody":{"content":{"application/json":{"schema":{"required":["device_info","token"],"type":"object","properties":{"token":{"$ref":"#/components/schemas/token_req"},"device_info":{"$ref":"#/components/schemas/device_info_short"}}}}},"required":true},"responses":{"200":{"description":"Ok","content":{"application/json":{"schema":{"required":["accepted","error"],"type":"object","properties":{"error":{"$ref":"#/components/schemas/error_resp"},"text":{"$ref":"#/components/schemas/text_resp"},"accepted":{"type":"boolean","description":"Назначена задача или нет","example":false},"task_info":{"$ref":"#/components/schemas/task_info"}}}}}}}}},"/gettask":{"post":{"tags":["task"],"summary":"Получить данные задачи","description":"Получить или обновить данные текущей задачи<br> На входе: token, task_id (если не указан, то береться текущая), device_info (device_id, notification_id)<br> На выходе: error, text, task","operationId":"gettask","requestBody":{"content":{"application/json":{"schema":{"required":["device_info","token"],"type":"object","properties":{"token":{"$ref":"#/components/schemas/token_req"},"task_id":{"type":"string","description":"Идентификатор задачи - если не указан, то береться текущая","example":"80cfe69d-7ddd-4f36-9fb5"},"device_info":{"$ref":"#/components/schemas/device_info_short"}}}}},"required":true},"responses":{"200":{"description":"Ok","content":{"application/json":{"schema":{"required":["error"],"type":"object","properties":{"error":{"$ref":"#/components/schemas/error_resp"},"text":{"$ref":"#/components/schemas/text_resp"},"task_info":{"$ref":"#/components/schemas/task_info"}}}}}}}}},"/settask":{"post":{"tags":["task"],"summary":"Отправить данные задачи","description":"Отправить серии задачи<br> Надо отправять при сканировании в фоне с какой-нибудь задержкой (не чаще чем раз в 10 секунд например, возможно параметр сделать настраевым)<br> На входе: token, task_id, series (список серий|ШК|DM), device_info (device_id, notification_id), get_task<br> На выходе: error, text","operationId":"settask","requestBody":{"content":{"application/json":{"schema":{"required":["device_info","series","task_id","token"],"type":"object","properties":{"token":{"$ref":"#/components/schemas/token_req"},"task_id":{"type":"string","description":"Идентификатор задачи - если не указан, то береться текущая","example":"80cfe69d-7ddd-4f36-9fb5"},"series":{"type":"array","description":"Список серий товаров (должно проходить проверку по товарам)","items":{"type":"string","example":"[2300000001,2300000002]"}},"get_task":{"type":"boolean","description":"Если есть задача - отправить ли информацию о ней (по умолчанию ложь)","example":false},"device_info":{"$ref":"#/components/schemas/device_info_short"}}}}},"required":true},"responses":{"200":{"description":"Ok","content":{"application/json":{"schema":{"required":["error"],"type":"object","properties":{"error":{"$ref":"#/components/schemas/error_resp"},"text":{"$ref":"#/components/schemas/text_resp"},"bad_series":{"type":"array","description":"Список проблемных серий товаров (то что не нашлось)","items":{"type":"string","example":"[2300000001]"}},"task_info":{"$ref":"#/components/schemas/task_info"}}}}}}}}},"/endtask":{"post":{"tags":["task"],"summary":"Завершение задачи","description":"Завершение задачи<br> Если произошла какая-то ошибка, то не закрываем задачу, иначе освобождаем сотрудника с нужным статусом На входе: token, task_id, series (список серий|ШК|DM), device_info (device_id, notification_id)<br> На выходе: error, text","operationId":"endtask","requestBody":{"content":{"application/json":{"schema":{"required":["device_info","put_cells","series","task_id","token"],"type":"object","properties":{"token":{"$ref":"#/components/schemas/token_req"},"task_id":{"type":"string","description":"Идентификатор задачи - если не указан, то береться текущая","example":"80cfe69d-7ddd-4f36-9fb5"},"series":{"type":"array","description":"Список серий товаров (должно проходить проверку по товарам)","items":{"type":"string","example":"[\"2300000001\",\"2300000002\"]"}},"put_cells":{"type":"array","description":"Список ячеек в которых размещен заказ","items":{"type":"string","example":"[\"Y1B1C5\",\"Y1B2C3\"]"}},"count_bad_goods":{"type":"integer","description":"Количество проблемных товаров по расчетам приложения (если не соответсвует расчетам 1с, то идет отбой) - нужно чтобы было очевидно кладовщику","example":0},"device_info":{"$ref":"#/components/schemas/device_info_short"}}}}},"required":true},"responses":{"200":{"description":"Ok","content":{"application/json":{"schema":{"required":["error"],"type":"object","properties":{"error":{"$ref":"#/components/schemas/error_resp"},"text":{"$ref":"#/components/schemas/text_resp"},"tasks_count":{"type":"integer","description":"Количество нераспределенных задач","example":0},"tasks_date":{"type":"string","description":"Дата наиболее старой нераспределнной задачи","format":"date-time","example":"2021-01-30T08:30:00Z"}}}}}}}}},"/canceltask":{"post":{"tags":["task"],"summary":"Отмена задачи","description":"Отмена задачи (окончание)<br> Если пришел пуш на отмену, то сотрудник возвращает товары, а после нажимает что закончил отмену. На входе: token, task_id, device_info (device_id, notification_id)<br> На выходе: error, text","operationId":"canceltask","requestBody":{"content":{"application/json":{"schema":{"required":["device_info","task_id","token"],"type":"object","properties":{"token":{"$ref":"#/components/schemas/token_req"},"task_id":{"type":"string","description":"Идентификатор задачи - если не указан, то береться текущая","example":"80cfe69d-7ddd-4f36-9fb5"},"device_info":{"$ref":"#/components/schemas/device_info_short"}}}}},"required":true},"responses":{"200":{"description":"Ok","content":{"application/json":{"schema":{"required":["error"],"type":"object","properties":{"error":{"$ref":"#/components/schemas/error_resp"},"text":{"$ref":"#/components/schemas/text_resp"},"tasks_count":{"type":"integer","description":"Количество нераспределенных задач","example":0},"tasks_date":{"type":"string","description":"Дата наиболее старой нераспределнной задачи","format":"date-time","example":"2021-01-30T08:30:00Z"}}}}}}}}}},"components":{"schemas":{"device_info":{"required":["app_version","device_id","notification_id"],"type":"object","properties":{"app_version":{"type":"string","description":"Версия приложения","example":"1.2"},"device_id":{"type":"string","description":"Уникальный идентификатор устройства","example":"ac0283c386432e8e"},"notification_id":{"type":"string","description":"pushy.me идентификатор устройства","example":"5e799a1bf4aec8af13efc8"},"IMEI":{"type":"string","example":"865330030117571"},"device":{"type":"string","example":"msm8916_32"},"host":{"type":"string","example":"u-r730-1"},"id":{"type":"string","example":"NMF26F"},"model":{"type":"string","example":"U2"},"serial":{"type":"string","example":"aae6d432"}},"description":"Информация о устройстве - при авторизации расширенная, в дальнейшем укороченная device_info_short"},"device_info_short":{"required":["app_version","device_id","notification_id"],"type":"object","properties":{"app_version":{"type":"string","description":"Версия приложения","example":"1.2"},"device_id":{"type":"string","description":"Уникальный идентификатор устройства","example":"ac0283c386432e8e"},"notification_id":{"type":"string","description":"pushy.me идентификатор устройства","example":"5e799a1bf4aec8af13efc8"}},"description":"Информация о устройстве - укороченная"},"config_res":{"required":["ping_freq","settask_freq"],"type":"object","properties":{"ping_freq":{"type":"integer","description":"Частота отправки пинга в секундах (-1 - не отправлять)","example":60},"settask_freq":{"type":"integer","description":"Частота отправки просканированных серий в секундах (-1 - не слать сет таск при сканировании, 0 - слать сет таск сразу после сканирования (не ждать таймера))","example":20},"last_version":{"type":"integer","description":"Числовой номер последней версии приложения (ГОД, МЕСЯЦ, ДЕНЬ, ЧАС) - <b>Возможно не будем реализовывать</b>","example":21092818},"link":{"type":"string","description":"Ссылка на скачивание - <b>Возможно не будем реализовывать</b>","example":"https://app.05.ru/wms-ds/app/app-debug.apk"}},"description":"Настройки (возможно будут дополняться)"},"task_info":{"required":["status","task_id","type"],"type":"object","properties":{"task_id":{"type":"string","description":"Идентификатор задачи","example":"80cfe69d-7ddd-4f36-9fb5"},"type":{"type":"string","description":"Тип задачи - collecting-сборка (пока один - в будущем будет расширяться)","example":"collecting"},"status":{"type":"string","description":"Статус","example":"canceled|new|in progress|done"},"goods":{"type":"array","description":"Список товаров","items":{"$ref":"#/components/schemas/task_goods"}},"put_cells":{"type":"array","description":"Список ячеек, в которых можно разместить собранные товары","items":{"$ref":"#/components/schemas/task_put_cells"}}},"description":"Данные задачи"},"task_goods":{"required":["code","count","id","series"],"type":"object","properties":{"id":{"type":"string","description":"Идентификатор товара","example":"80cfe69d-7ddd-4f36-9fb5"},"code":{"type":"string","description":"Код товара","example":"00-000001"},"articul":{"type":"string","description":"Артикул товара","example":"АБВГДЕ"},"name":{"type":"string","description":"Наименование товара","example":"АБВГДЕ"},"count":{"type":"integer","description":"Количество, которое необходимо собрать","example":1},"images":{"type":"array","description":"Ссылки на картинки","items":{"type":"string","example":"https://img.05.ru/ut11img/00000153352/3.jpg"}},"cells":{"type":"array","description":"Список товаров","items":{"$ref":"#/components/schemas/task_cells"}},"ready_series":{"type":"array","description":"Список зафиксированных серий товаров","items":{"type":"string","example":"[2300000001,2300000002]"}}}},"task_cells":{"required":["bc","id","sr"],"type":"object","properties":{"id":{"type":"string","description":"Идентификатор ячейки","example":"80cfe69d-7ddd-4f36-9fb5"},"bc":{"type":"string","description":"Штрихкод ячейки","example":"sfafafaf"},"sr":{"type":"array","description":"Список товаров","items":{"$ref":"#/components/schemas/task_series"}}}},"task_series":{"required":["sr"],"type":"object","properties":{"sr":{"type":"string","description":"Наша серия","example":"232323232323"},"dm":{"type":"string","description":"Серия производителя","example":"asffasfwrdfsf32424"},"dtc":{"type":"string","description":"Дата производства","format":"date-time","example":"2021-01-30T08:30:00Z"},"dte":{"type":"string","description":"Дата годности","format":"date-time","example":"2021-08-30T08:30:00Z"}}},"task_put_cells":{"required":["bc","id"],"type":"object","properties":{"id":{"type":"string","description":"Идентификатор ячейки","example":"80cfe69d-7ddd-4f36-9fb5"},"bc":{"type":"string","description":"Штрихкод ячейки","example":"sfafafaf"}},"example":[{"id":"80cfe69d-7ddd-4f36-9fb5","bc":"Y1B1C5"},{"id":"80cfe69d-7ddd-4f36-9fb6","bc":"Y1B2C3"}]},"token_req":{"type":"string","description":"Токен пользователя","example":"80cfe69d-7ddd-4f36-9fb5"},"error_resp":{"type":"boolean","description":"Наличие ошибок","example":false},"text_resp":{"type":"string","description":"При наличии ошибок - текст ошибки, иначе пусто или общая информация","example":"Неправильный логин"}},"securitySchemes":{"wms-ds-app":{"type":"apiKey","description":"","name":"wms-ds-app","in":"header"}}}}