{"openapi":"3.0.0","info":{"title":"CatalogueAPI","description":"CatalogueAPI","version":"1"},"servers":[{"url":"https://virtserver.swaggerhub.com/123xma123/CatalogueAPI/1","description":"SwaggerHub API Auto Mocking"}],"paths":{"/artikel/":{"get":{"tags":["Shop","TestTag"],"summary":"Gebe alle Artikel zurück","description":"Dieser Endpunkt liefert alle Artikel zurück","responses":{"200":{"description":"Ok","content":{"application/json":{"schema":{"type":"array","items":{"$ref":"#/components/schemas/Artikel"}}}}}},"x-transaction-code":"asdasd-asdasd123-123123-asdasd"},"post":{"tags":["Shop"],"summary":"Erstellt einen Artikel","description":"Legt einen Artikel\n# Ein **Artikel** besteht aus: #\n\n- Name\n- Preis\n- Transaction\n\n\nInline-style: \n![alt text](https://docs.softwareheritage.org/devel/_images/general-architecture1.svg \"Logo Title Text 1\")\n","requestBody":{"content":{"application/json":{"schema":{"$ref":"#/components/schemas/Artikel"}}}},"responses":{"201":{"description":"Erstellt","headers":{"Location":{"description":"URI des neuen Artikels","style":"simple","explode":false,"schema":{"type":"string","format":"uri","example":"/artikel/<uuid> BITTE SETZEN LIEBER ENTWICKLER!"}}},"content":{"application/json":{"schema":{"$ref":"#/components/schemas/Artikel"}}}}}}},"/artikel/{aid}":{"get":{"tags":["Shop","TestTag"],"summary":"Gibt einen Artikel zurück","description":"Artikel","parameters":[{"name":"aid","in":"path","required":true,"style":"simple","explode":false,"schema":{"type":"string"}}],"responses":{"200":{"description":"Ok","content":{"application/json":{"schema":{"$ref":"#/components/schemas/Artikel"}}}}},"x-transaction-code":"asdasd-asdasd123-123123-asdasd"},"put":{"tags":["Shop","TestTag"],"summary":"Ändert einen Artikel","description":"Artikeländerung","parameters":[{"name":"aid","in":"path","required":true,"style":"simple","explode":false,"schema":{"type":"string"}}],"requestBody":{"content":{"application/json":{"schema":{"$ref":"#/components/schemas/Artikel"}}}},"responses":{"200":{"description":"Ok","content":{"application/json":{"schema":{"$ref":"#/components/schemas/Artikel"}}}}},"x-transaction-code":"asdasd-asdasd123-123123-asdasd"},"delete":{"tags":["Shop","TestTag"],"summary":"Gibt einen Artikel zurück","description":"Artikel","parameters":[{"name":"aid","in":"path","required":true,"style":"simple","explode":false,"schema":{"type":"string"}}],"responses":{"200":{"description":"Ok"}},"x-transaction-code":"asdasd-asdasd123-123123-asdasd"},"patch":{"tags":["Shop","TestTag"],"summary":"Ändert den Wert eines Feldes","description":"Feldänderung","parameters":[{"name":"aid","in":"path","required":true,"style":"simple","explode":false,"schema":{"type":"string"}}],"requestBody":{"content":{"application/json":{"schema":{"$ref":"#/components/schemas/Artikel"}}}},"responses":{"200":{"description":"Ok","content":{"application/json":{"schema":{"$ref":"#/components/schemas/Artikel"}}}}},"x-transaction-code":"asdasd-asdasd123-123123-asdasd"}}},"components":{"schemas":{"Artikel":{"required":["preis"],"properties":{"name":{"maxLength":30,"type":"string","description":"Name des Artikels","example":"Kirsche"},"preis":{"minimum":0,"type":"number","description":"Preis des Artikels","example":2.99},"transaction":{"$ref":"#/components/schemas/Transaction"}}},"Transaction":{"properties":{"id":{"type":"string","format":"uuid"}}}}}}