{"openapi":"3.0.0","info":{"title":"MTIS practice 2","contact":{"email":"email@mtis.org"},"version":"1.0.2"},"servers":[{"url":"mtis.org","description":"SwaggerHub API Auto Mocking"}],"tags":[{"name":"salas"},{"name":"niveles"},{"name":"dispositivos"},{"name":"notificaciones"}],"paths":{"/salas/{idCodigoSala}":{"get":{"tags":["salas"],"summary":"get sala by id","operationId":"searchSala","parameters":[{"name":"idCodigoSala","in":"path","required":true,"style":"simple","explode":false,"schema":{"type":"string"}},{"name":"restKey","in":"query","required":true,"style":"form","explode":true,"schema":{"type":"string"}}],"responses":{"200":{"description":"ok","content":{"application/json":{"schema":{"oneOf":[{"$ref":"#/components/schemas/sala"},{"$ref":"#/components/schemas/devolver"}]}}}},"404":{"description":"Not found","content":{"application/json":{"schema":{"$ref":"#/components/schemas/devolver"}}}}}},"put":{"tags":["salas"],"summary":"update sala","operationId":"updateSala","parameters":[{"name":"idCodigoSala","in":"path","required":true,"style":"simple","explode":false,"schema":{"type":"string"}},{"name":"restKey","in":"query","required":true,"style":"form","explode":true,"schema":{"type":"string"}}],"requestBody":{"content":{"application/json":{"schema":{"$ref":"#/components/schemas/sala"}}},"required":true},"responses":{"200":{"description":"ok","content":{"application/json":{"schema":{"$ref":"#/components/schemas/devolver"}}}},"404":{"description":"Not found","content":{"application/json":{"schema":{"$ref":"#/components/schemas/devolver"}}}}}},"delete":{"tags":["salas"],"summary":"delete sala by id","operationId":"deleteSala","parameters":[{"name":"idCodigoSala","in":"path","required":true,"style":"simple","explode":false,"schema":{"type":"string"}},{"name":"restKey","in":"query","required":true,"style":"form","explode":true,"schema":{"type":"string"}}],"responses":{"200":{"description":"ok","content":{"application/json":{"schema":{"$ref":"#/components/schemas/devolver"}}}},"404":{"description":"Not found","content":{"application/json":{"schema":{"$ref":"#/components/schemas/devolver"}}}}}}},"/salas":{"post":{"tags":["salas"],"operationId":"addInventory","parameters":[{"name":"restKey","in":"query","required":true,"style":"form","explode":true,"schema":{"type":"string"}}],"requestBody":{"description":"Salas","content":{"application/json":{"schema":{"$ref":"#/components/schemas/sala"}}},"required":true},"responses":{"201":{"description":"item created","content":{"application/json":{"schema":{"$ref":"#/components/schemas/devolver"}}}},"400":{"description":"invalid input, object invalid","content":{"application/json":{"schema":{"$ref":"#/components/schemas/devolver"}}}},"409":{"description":"an existing item already exists","content":{"application/json":{"schema":{"$ref":"#/components/schemas/devolver"}}}}}}},"/niveles/{idNivel}":{"get":{"tags":["niveles"],"summary":"get nivel by id","operationId":"searchNivel","parameters":[{"name":"idNivel","in":"path","required":true,"style":"simple","explode":false,"schema":{"type":"string"}},{"name":"restKey","in":"query","required":true,"style":"form","explode":true,"schema":{"type":"string"}}],"responses":{"200":{"description":"ok","content":{"application/json":{"schema":{"oneOf":[{"$ref":"#/components/schemas/nivel"},{"$ref":"#/components/schemas/devolver"}]}}}},"404":{"description":"Not found","content":{"application/json":{"schema":{"$ref":"#/components/schemas/devolver"}}}}}},"put":{"tags":["niveles"],"operationId":"updateNivel","parameters":[{"name":"idNivel","in":"path","required":true,"style":"simple","explode":false,"schema":{"type":"string"}},{"name":"restKey","in":"query","required":true,"style":"form","explode":true,"schema":{"type":"string"}}],"requestBody":{"description":"Nivel","content":{"application/json":{"schema":{"$ref":"#/components/schemas/nivel"}}},"required":true},"responses":{"200":{"description":"ok","content":{"application/json":{"schema":{"$ref":"#/components/schemas/devolver"}}}},"404":{"description":"Not found","content":{"application/json":{"schema":{"$ref":"#/components/schemas/devolver"}}}}}},"delete":{"tags":["niveles"],"operationId":"deleteNivel","parameters":[{"name":"idNivel","in":"path","required":true,"style":"simple","explode":false,"schema":{"type":"string"}},{"name":"restKey","in":"query","required":true,"style":"form","explode":true,"schema":{"type":"string"}}],"responses":{"200":{"description":"ok","content":{"application/json":{"schema":{"$ref":"#/components/schemas/devolver"}}}},"404":{"description":"Not found","content":{"application/json":{"schema":{"$ref":"#/components/schemas/devolver"}}}}}}},"/nivel":{"post":{"tags":["niveles"],"operationId":"addNivel","parameters":[{"name":"restKey","in":"query","required":true,"style":"form","explode":true,"schema":{"type":"string"}}],"requestBody":{"description":"nivel","content":{"application/json":{"schema":{"$ref":"#/components/schemas/nivel"}}},"required":true},"responses":{"201":{"description":"ok","content":{"application/json":{"schema":{"$ref":"#/components/schemas/devolver"}}}},"409":{"description":"already exist","content":{"application/json":{"schema":{"$ref":"#/components/schemas/devolver"}}}}}}},"/dispositivos/{idDispositivo}":{"get":{"tags":["dispositivos"],"summary":"gwt dispositivo by id","operationId":"searchDispositivo","parameters":[{"name":"idDispositivo","in":"path","required":true,"style":"simple","explode":false,"schema":{"type":"string"}},{"name":"restKey","in":"query","required":true,"style":"form","explode":true,"schema":{"type":"string"}}],"responses":{"200":{"description":"search results by criteria","content":{"application/json":{"schema":{"oneOf":[{"$ref":"#/components/schemas/dispositivo"},{"$ref":"#/components/schemas/devolver"}]}}}},"400":{"description":"bad input parameter","content":{"application/json":{"schema":{"$ref":"#/components/schemas/devolver"}}}}}},"put":{"tags":["dispositivos"],"operationId":"updateDispositivo","parameters":[{"name":"idDispositivo","in":"path","required":true,"style":"simple","explode":false,"schema":{"type":"string"}},{"name":"restKey","in":"query","required":true,"style":"form","explode":true,"schema":{"type":"string"}}],"requestBody":{"description":"Salas","content":{"application/json":{"schema":{"$ref":"#/components/schemas/dispositivo"}}},"required":true},"responses":{"200":{"description":"ok","content":{"application/json":{"schema":{"$ref":"#/components/schemas/devolver"}}}},"404":{"description":"Not found","content":{"application/json":{"schema":{"$ref":"#/components/schemas/devolver"}}}}}},"delete":{"tags":["dispositivos"],"operationId":"deleteDispositivo","parameters":[{"name":"idDispositivo","in":"path","required":true,"style":"simple","explode":false,"schema":{"type":"string"}},{"name":"restKey","in":"query","required":true,"style":"form","explode":true,"schema":{"type":"string"}}],"responses":{"200":{"description":"ok","content":{"application/json":{"schema":{"$ref":"#/components/schemas/devolver"}}}},"404":{"description":"Not found","content":{"application/json":{"schema":{"$ref":"#/components/schemas/devolver"}}}}}}},"/dispositivos":{"post":{"tags":["dispositivos"],"operationId":"addDispositivo","parameters":[{"name":"restKey","in":"query","required":true,"style":"form","explode":true,"schema":{"type":"string"}}],"requestBody":{"content":{"application/json":{"schema":{"$ref":"#/components/schemas/dispositivo"}}},"required":true},"responses":{"201":{"description":"ok","content":{"application/json":{"schema":{"$ref":"#/components/schemas/devolver"}}}},"409":{"description":"already exist","content":{"application/json":{"schema":{"$ref":"#/components/schemas/devolver"}}}}}}}},"components":{"schemas":{"dispositivo":{"required":["codigo","descripcion","id"],"type":"object","properties":{"id":{"type":"integer","example":1},"codigo":{"type":"integer","example":1},"descripcion":{"type":"string","example":"printwer"}}},"nivel":{"required":["descripcion","id","nivel"],"properties":{"id":{"type":"integer","example":1},"nivel":{"type":"integer","example":1},"descripcion":{"type":"string","example":"ground floor"}}},"devolver":{"required":["codigo","mensaje"],"properties":{"mensaje":{"type":"string","example":"message"},"codigo":{"type":"integer","example":200}}},"sala":{"required":["codigoSala","id","nivel","nombre"],"properties":{"id":{"type":"integer","example":1},"codigoSala":{"type":"string","example":"code here"},"nombre":{"type":"string","example":"name"},"nivel":{"type":"integer","example":1}}}}}}