{"openapi":"3.0.0","info":{"title":"1health NG API - DESIGN REFERENCE","description":"1health NG API","contact":{"email":"dnenov@1health.io"},"license":{"name":"Apache 2.0","url":"http://www.apache.org/licenses/LICENSE-2.0.html"},"version":"1.0.0"},"servers":[{"url":"/"}],"tags":[{"name":"webhook","description":"Outbound request from 1health to a lab"},{"name":"standard","description":"Request originated by lab"}],"paths":{"/kit":{"get":{"tags":["standard"],"summary":"searches the sampling kits available from a Supplier","description":"Search for sampling kit(s) that are offered by a supplier. A supplier of sampling kits is a logistic company / warehouse that is reponsible for packaging kits with the correct collection containers, printed materials, return labels, leak-proof puches or ziplocks, etc. Each sampling kit has a SKU that identifies it with the Supplier.","operationId":"searchKits","parameters":[{"name":"searchString","in":"query","description":"pass an optional full text search string for looking up kits","required":false,"style":"form","explode":true,"schema":{"type":"string"}},{"name":"sku","in":"query","description":"This is the Stock Keeping Unit that identifies the kit uniquely in the inventory of a single fullfilment warehouse.","required":false,"style":"form","explode":true,"schema":{"maximum":5E+1,"minimum":1,"type":"string"}},{"name":"activeOnly","in":"query","description":"If set to TRUE only sampling kits that are currently active in the Supplier catalog will be included, otherwise all matching kitss, including deprecated (inactive) ones will be returned.","required":false,"style":"form","explode":true,"schema":{"type":"boolean","default":true}},{"name":"offset","in":"query","description":"The first (offset - 1) number of matching records will be ommitted from the returned resultset. This is used as a mechanism to skip a number of records for pagination. If the number of matching records found is fewer than this offset, then all of them will be returned, regardless of the value for offset.","required":false,"style":"form","explode":true,"schema":{"minimum":0,"type":"integer","format":"int32","default":0}},{"name":"limit","in":"query","description":"maximum number of records to return","required":false,"style":"form","explode":true,"schema":{"maximum":2E+2,"minimum":0,"type":"integer","format":"int32","default":50}}],"responses":{"200":{"description":"Found Tests that match the search query.","content":{"application/json":{"schema":{"type":"array","items":{"$ref":"#/components/schemas/SamplingKit"}}}}},"201":{"description":"No matched found for the kit search query.","content":{"application/json":{"schema":{"type":"array","items":{"$ref":"#/components/schemas/SamplingKit"}}}}},"400":{"description":"bad input parameter"}}}},"/product":{"get":{"tags":["standard"],"summary":"Summary","responses":{"200":{"description":"Product information."}}}},"/test_order":{"get":{"tags":["standard"],"summary":"Summary","responses":{"200":{"description":"Test Order information."}}}},"/myinfo":{"get":{"tags":["standard"],"summary":"Retrieves all lab information assocaited with the authenticated session that is necessary to use the rest of the APIs","responses":{"200":{"description":"Lab information data returned.","content":{"application/json":{"schema":{"type":"array","items":{"$ref":"#/components/schemas/LabInfo"}}}}}}}},"/compendium":{"get":{"tags":["standard"],"summary":"searches the tests offered present in the lab's compendium","description":"Search for test(s) that are offered by the lab. A `Compendium` is the catalalog of tests offered by the lab. We specifically differnetiate between an `LTC`, which stands for a `Lab Test Compendium` and identifies the set of tests that the lab offers, from the `1hTC`, the `1health Test Compendium` that conatins the list of tests that 1health offers to our clients.","operationId":"searchCompendium","parameters":[{"name":"searchString","in":"query","description":"pass an optional full text search string for looking up tests","required":false,"style":"form","explode":true,"schema":{"type":"string"}},{"name":"code","in":"query","description":"This is the compendium (catalog) code used by the lab to refer to a test. This code is used to place test orders with the lab and it unqieuly identifies one test or test panel that the lab offers.","required":false,"style":"form","explode":true,"schema":{"maximum":5E+3,"minimum":1,"type":"string"}},{"name":"activeOnly","in":"query","description":"If set to TRUE only tests that are currently active in the lab's compendium will be included, otherwise allmatching tests, including deprecated (inactive) ones will be returned.","required":false,"style":"form","explode":true,"schema":{"type":"boolean","default":true}},{"name":"offset","in":"query","description":"The first (offset - 1) number of matching records will be ommitted from the returned resultset. This is used as a mechanism to skip a number of records for pagination. If the number of matching records found is fewer than this offset, then all of them will be returned, regardless of the value for offset.","required":false,"style":"form","explode":true,"schema":{"minimum":0,"type":"integer","format":"int32","default":0}},{"name":"limit","in":"query","description":"maximum number of records to return","required":false,"style":"form","explode":true,"schema":{"maximum":2E+2,"minimum":0,"type":"integer","format":"int32","default":50}}],"responses":{"200":{"description":"Found Tests that match the search query.","content":{"application/json":{"schema":{"type":"array","items":{"$ref":"#/components/schemas/TestOffered"}}}}},"201":{"description":"No matched found for the test search query.","content":{"application/json":{"schema":{"type":"array","items":{"$ref":"#/components/schemas/TestOffered"}}}}},"400":{"description":"bad input parameter"}}},"put":{"tags":["standard"],"description":"Same payload as POST, except only labOrderCode is required, in order to identify the Lab Test Offered that will be updated.","responses":{"201":{"description":"Test updated."}}},"post":{"tags":["standard"],"summary":"Adds a Lab Test Offered by the lab.","description":"Adds a test that the lab offers. This is known as an `LTC Test Offered` (LTC = Lab Test Compendium). It is a test that exists in the lTC (the Lab's catalog of tests) and that can be ordered. We use `Lab Test Offered` to differentiate clearly from `Test Ordered`. A `Lab Test Offered` is the description and listing of atest in the Lab's Compendium, while a `test Ordered` is an order for a test to be performed and has a lab requisition id, corresponding sample and is tracked in the lab's LIMS (Lab Information Management System).","operationId":"addTestOffered","requestBody":{"description":"Test to be added","content":{"application/json":{"schema":{"$ref":"#/components/schemas/TestOffered"}}}},"responses":{"201":{"description":"Test created"},"400":{"description":"invalid input, object invalid"},"409":{"description":"an existing item already exists"}}}}},"components":{"schemas":{"SupplyProduct":{"properties":{"id":{"type":"integer"},"name":{"type":"string","description":"Short producty name."},"details":{"type":"string","description":"Long product description in text format."},"samplingKit":{"type":"array","items":{"$ref":"#/components/schemas/TestLoincEntry"}},"bom":{"type":"array","description":"Bill of materials. An array of Bill of Material Line items, which are the 'parts' that are used to assemble the Sampling Kit.","format":"json","items":{"$ref":"#/components/schemas/BomLineItem"}}},"description":"A combination of at least one sampling kit and zero or more other BomLineItems"},"SamplingKit":{"properties":{"id":{"type":"integer"},"name":{"maximum":128,"minimum":1,"type":"string","description":"A unique (within the supplier catalog) name for the sampling kit.","example":"Nasal swab Kit."},"sku":{"maximum":15,"minimum":0,"type":"string","description":"Stock Keeping Unit. A unique inventory identifier within one supplier/warehouse. Not globally unique.","example":"143-443"},"upc":{"maximum":15,"minimum":0,"type":"string","description":"Universal Product Code, in UPC-A, UPC-E or EAN-13 format (GS1 spec). Unlike SKUs UPCs are gloablly (i.e. world-wide) unique. These are manufacturers' codes. In the case of a SamplingKit they are optional, because many sampling kits are custom built by a distributor and a UPC code for them is not registered (registration is costly and in most cases only necessary if the product is to be sold in retail and scanned at check-out cash registers).","example":"UPC code"},"category":{"type":"string","example":"`Saliva Swab` or 'Venous Blood Draw' or `Urine`"},"otherProductCodes":{"type":"object","description":"It is often necessary to track additional product codes that originate in different systems. To provide some flexibility to store unaticipated information we use this field.","format":"json","example":{"logiwa":"123-776453","wooCommerce":"13123","Sales Force":"4435","WooCommerce-Bristle":"AQ-0000021"}},"isSerialized":{"type":"boolean","description":"If true this means that each kit has a unique kit key (aka serial number). These kit keys should be globally unique, which is essentially impossible to guarantee. If a lab receives two kits with the same kit key, at the same time, the LIMS (laboratiory Information Management System) could reject the second one as not unique, or a re-labeling process will be used. However, as long as kit keys are unique in a LIMS for the samples that are currently being processed (i.e. in the interval between accessioning and resulting), processing should be possible without problems.","default":true},"cost":{"maximum":999999,"minimum":0,"type":"number","description":"The total amount per SamplingKit charged by the Supplier to assemble, warehouse, pick, package, label and ship it.","example":150.99},"currency":{"maximum":1E+1,"minimum":3,"type":"string","description":"A world currency abbreviation.","example":"150.99","default":"USD"}},"description":"Test Sampling Kit, used to collect specimens that labs perform tests on."},"TestOffered":{"required":["labOrderCode","name"],"type":"object","properties":{"labOrderCode":{"maximum":36,"minimum":1,"type":"string","description":"This code is the lab's catalog number. It can be used to order a test. When provided, the lab knows exactly what test we are refereing to.","example":"10266"},"name":{"maximum":256,"minimum":8,"type":"string","description":"This is the human-readable name of a Lab Test Offered by a lab. The name is unique within the scope (namespace) of the LTC. In other words there cannot be two tests with the same name in the same lab's compendium. However the test name is not globally unique - meaning that two separate labs may each have as test with the same name.","example":"\"JAK2V617F Mutation Analysis, Qualitative\""},"defaultPricePerTest":{"maximum":999999,"minimum":0,"type":"number","description":"The list price that the lab charges to perform this test.","example":150.99},"defaultPriceCurrency":{"maximum":1E+1,"minimum":3,"type":"string","description":"A world currency abbreviation.","example":"150.99","default":"USD"},"expectedTurnaroundTimeHrsMin":{"maximum":1.5E+3,"minimum":0,"type":"number","description":"The MINIMUM number of hours between assessioning the specimen(s) and resulting the test. How long at a minimum the patient can expect to wait for a test result, after the lab has received and started rpocessing the specimen(s).","example":4},"expectedTurnaroundTimeHrsMax":{"maximum":1.5E+3,"minimum":0,"type":"number","description":"The MAXIMUM number of hours between assessioning the specimen(s) and resulting the test. How long at a minimum the patient can expect to wait for a test result, after the lab has received and started rpocessing the specimen(s).","example":48},"alternativeNames":{"type":"array","description":"This contains alternastive equivalent names for the test. Used only for reference purposes, having multiple ways to refer to the same test is discouraged as it can create confusion.","format":"json","example":["Polycythemia Vera (PV)","PMF","PV","Primary Myelofibrosis (PMF)","ET","Essential Thrombocythemia (ET)","Myeloproliferative neoplasm","JAK2 V617F Mutation Analysis","Qualitative JAK2V617F Mutation Analysis"],"items":{"type":"string"}},"testDescription":{"maximum":5E+3,"minimum":8,"type":"string","description":"A narrative description of the test.","example":"This DNA-based assay tests leukocytes from blood or bone marrow aspirate for mutation at codon 617 of JAK2, using an advanced DNA sequencing method. The JAK2 V617F mutation is associated with myeloproliferative neoplasms, including polycythemia vera, essential thrombocythemia and primary myelofibrosis."},"clinicalUtilityUse":{"maximum":5E+3,"minimum":8,"type":"string","description":"A narrative description of the clinical significance, utility and/or use of the test.","example":"To assist with control of blood glucose levels, the American Diabetes Association (ADA) has recommended glycated hemoglobin testing (HbA1c) twice a year for patients with stable glycemia, and quarterly for patients with poor glucose control. Interpretative ranges are based on ADA guidelines."},"methodology":{"maximum":5E+3,"minimum":0,"type":"string","description":"Description of the test methodology.","example":"Enzymatic, Spectrophotometry (SP)"},"limitations":{"maximum":5E+3,"minimum":0,"type":"string","description":"Description of the test limitations.","example":"NASH FibroSure® is recommended for patients with suspected nonalcoholic fatty liver disease. It is not recommended for patient with other liver diseases. It is also not recommended in patients with Gilbert disease, acute hemolysis, acute hepatitis, acute inflammation of the liver, autoimmune hepatitis, extrahepatic cholestasis, transplant patients, and/or renal insufficiency patients. Any of these clinical situations may lead to inaccurate quantitative predictions of fibrosis.This test was developed, and its performance characteristics determined, by LabCorp. It has not been cleared or approved by the US Food and Drug Administration (FDA). The FDA has determined that such clearance or approval is not necessary."},"assayCategory":{"maximum":128,"minimum":3,"type":"string","description":"Broad category of the type of assay the test falls under. For example 'Blood Screening', 'Infectious Disease', 'Sexual Health', 'Drug Testing' are some possible values.","example":"Infectious Disease"},"isAPanel":{"type":"boolean","description":"Indicates if a Lab Test Offered is a panel (a collection) of other tests.","example":true,"default":false},"testPanelComponents":{"type":"array","description":"If the test is a panel, in other words if this test is a collection of other test, this array contains the labOrderCode(s) of the component tests. This attribute must be empty or not provided, if the isAPanel attribute is FALSE","format":"json","example":["90756","90678","G6008","0633T"],"items":{"type":"string"}},"isActive":{"type":"boolean","description":"Indicates if a Lab TestOffered in the comepndium of the lab can be ordered at this time.","example":false,"default":true},"isUnique":{"type":"boolean","description":"In the (rare) case when a test is offered only by one lab, set this value to TRUE. This indicates that hte lab has an exclusive owbership of the intellectual property for the test or the exclusive rights to perform the test.","example":true,"default":false},"hasReflexes":{"type":"boolean","description":"Set this to true if the result of this test can triger additioanl reflex test(s). Reflex testing is an important tool in providing timely, cost-effective and quality care to patients. A reflex test is a laboratory test performed (and charged for) subsequent to an initially ordered and resulted test. Reflex testing occurs when an initial test result meets pre-determined criteria (e.g., positive or outside normal parameters), and the primary test result is inconclusive without the reflex or follow-up test. It is performed automatically without the intervention of the ordering physician. Reflex testing may prevent the need for additional specimen procurement from the patient.","example":true,"default":false},"stateReport":{"type":"boolean","description":"Set to TRUE if there is a requirement to report the results for this test to the state.","example":true,"default":false},"defaultICDCode":{"maximum":12,"minimum":3,"type":"string","description":"A default ICD10 code. If no ICD10 code is specified when this test is ordered, this ICD code will be used, if required for reporting, lab requisiton creation (test ordering), etc. However, it is not common to use a default code, except in certain situatin - like COVID-19 tests for example. see https://www.icd10data.com/ICD10CM/Codes","example":"B05"},"recommendedICD10Codes":{"type":"array","description":"A list of valid ICD10 codes that the lab recommends to be used for the test, in order to make it more likely that insurance will cover it.","format":"json","example":["T27.0XXS","S31.652S","S32.049B"],"items":{"type":"string"}},"cptCodes":{"type":"array","description":"CPT codes are the most important part of the medical billing process. All these CPT codes describe the insurance payer company what services and procedures performed on patients and also show the exact fee or charges of services. Current Procedural Terminology (CPT)/Healthcare Common Procedure Coding System (HCPCS) Codes. CPT codes and descriptions only are copyright by the American Medical Association. All Rights Reserved. The CPT codes provided should be based on AMA guidance and are intended for informational purposes only. CPT coding is the sole responsibility of the billing party.","format":"json","example":["90756","90678","G6008","0633T"],"items":{"type":"string"}},"patientPreparation":{"maximum":5E+3,"minimum":3,"type":"string","description":"Instructions on how to prepare the patient before collecting the specimen(s).","example":"Patient should be fasting for at least eight hours."},"preferredSpecimens":{"maximum":1024,"minimum":3,"type":"string","description":"Narrative description of the preferred specimen(s) for the test.","example":"5 mL whole blood or 3 mL bone marrow aspirate collected in an EDTA (lavender-top) tube"},"minimumVolume":{"maximum":1024,"minimum":3,"type":"string","description":"Narrative description of the minimum volume of the specimen(s) to be collected for the test.","example":"2 mL serum • 0.5 mL whole blood"},"collectionInstructions":{"maximum":5E+3,"minimum":3,"type":"string","description":"Instructions on how the specimen should be collected.","example":"Use first-void urine; Aliquot and store at -20C.  Derivatization of urine samples - deplete excess urea with urease, extract with ethanol and/or methanol, derivatize with MOX and MSTFA"},"collectionInstructionsLink":{"maximum":1024,"minimum":3,"type":"string","description":"URL/URI link to an external document that contains sample collection instructions.","example":"https://www.natera.com/wp-content/uploads/2021/05/Panorama-SampleBlood-Collection-Instructions.pdf"},"collectionMethod":{"maximum":1024,"minimum":3,"type":"string","description":"Description of the sample collection method(s). For example venipuncture, saliva, finger-stick.","example":"dried blood spot"},"causesForRejection":{"maximum":5E+3,"minimum":14,"type":"string","description":"Description of possible reasons for which the specimen can be rejected by the lab during assession. Approximately 0.26% of all specimens are  rejected. The most common reasons for specimen rejection are contamination (35.1%), inappropriate collection container/tube (15.2%), quantity not sufficient (QNS) (15.1%), labeling errors (14.7%), hemolyzed specimen (9.4%), and clotted specimen (9.3%).","example":"Contamination"},"specimenStabilityRoomTHrs":{"maximum":999999,"minimum":0,"type":"number","description":"Number of hours the specimen for this test can be kept at room temperature before becoming spoiled. Use the value -1 to indicate 'unaccaeptable', meaning that it is not acceptable for the spcimen to be stored at room temperature.","example":168},"specimenStabilityRefrigeratedHrs":{"maximum":999999,"minimum":0,"type":"number","description":"Number of hours the specimen for this test can be kept refrigerated (but not frozen) before becoming spoiled. Use the value -1 to indicate 'unaccaeptable', meaning that it is not acceptable for the spcimen to be stored refrigerated.","example":168},"specimenStabilityFrozenHrs":{"maximum":999999,"minimum":0,"type":"number","description":"Number of hours the specimen for this test can be kept refrigerated (but not frozen) before becoming spoiled. Use the value -1 to indicate 'unaccaeptable', meaning that it is not acceptable for the spcimen to be frozen.","example":168},"alternativeSpecimens":{"maximum":1024,"minimum":3,"type":"string","description":"Description of possible alternative specimend(s).","example":"Saliva"},"transportContainer":{"maximum":1024,"minimum":3,"type":"string","description":"Description of the acceptable transport container(s).","example":"Serum Separator Tube (SST®) and EDTA (lavender-top) tube"},"transportTemperatureC":{"maximum":9E+1,"minimum":-8E+1,"type":"number","description":"Recommended transport temperature for the specimen in degrees Celsius.","example":15},"transportTemperatureF":{"maximum":2E+2,"minimum":-1.2E+2,"type":"number","description":"Recommended transport temperature for the specimen in degrees Fahrenheit.","example":15},"askOnEntryQuestions":{"type":"array","description":"Questions that the patient is required to answer for the test to be processed. Intended to support AOE as defined in the HL7 standard.","format":"json","example":{"definition":"TBD"},"items":{"type":"string"}},"testQuestionnaireLinks":{"type":"array","description":"If the patient is required to complete one or more questionaires, this array contains the URLs/URIs to these questionaires or surveys.","format":"json","example":["https://1health.jotform.com/212766754111050","https://www.questionpro.com/survey-templates/health-care-opinion-survey/"],"items":{"type":"string"}},"LOINCmap":{"type":"array","description":"Loinc MAP entires that define the order LOINC and the possibel result LOINC codes for this test. Note that the `labTestOrderCode1 attribute value MUST MATCH the `labOrderCode` (documented above) which uniquely identifies the test record this LOINC map entry is being provided for (and is in teh same REST call payload)","format":"json","example":[{"labTestOrderCode":"081950","labTestOrderLOINC":"62292-8","labTestResutlCode":"081953","labTestResultLOINC":"62292-8","labTestResultName":"Vitamin D, 25-Hydroxy","labTestResultComponentName":"Calcitriol"},{"labTestOrderCode":"16558","labTestOrderLOINC":"62292-8","labTestResutlCode":"86003320","labTestResultLOINC":"62290-2"}],"items":{"$ref":"#/components/schemas/TestLoincEntry"}},"releaseDate":{"type":"string","description":"The timestamp of wwhen the test becomes available for ordering.","format":"date-time","example":"2016-08-29T09:12:33.001Z"},"retirementDate":{"type":"string","description":"The timestamp of when the test STOPS being available for ordering.","format":"date-time"},"tags":{"type":"array","description":"An arbitrary set of keywords (tags) that can be associated with the test and can be used to more easily find and group tests together in ways that cannot be anticiapted in advance.","format":"json","example":["important","popular","HIV"],"items":{"type":"string"}}}},"TestLoincEntry":{"required":["labTestOrderCode","labTestOrderLOINC","labTestResultLOINC","labTestResutlCode"],"properties":{"labTestOrderCode":{"type":"string","example":"86003320"},"labTestOrderLOINC":{"type":"string","example":"62292-8"},"labTestResutlCode":{"type":"string","example":"86003320"},"labTestResultLOINC":{"type":"string","example":"62290-2"},"labTestResultName":{"type":"string","example":"VITAMIN D, 1,25 (OH)2, TOTAL"},"labTestResultComponentName":{"type":"string","example":"Calcitriol"}},"description":"For examples of usage see these online laboratory test listings: https://testdirectory.questdiagnostics.com/test/test-detail/10372/comprehensive-metabolic-panel-with-fibrosis-4-fib-4-index?p=h&cc=SEA (with over 20 TestLoincEntry(s), or https://www.labcorp.com/tests/808404/quetiapine-serum-or-plasma (with only one TestLoincEntry in the LOINC table)"},"LabInfo":{"properties":{"id":{"type":"integer"},"legalName":{"type":"string","example":"Pacific Laboratiory Services on the Water Inc."},"labDirector":{"type":"array","format":"json","items":{"$ref":"#/components/schemas/Person"}},"locations":{"type":"array","format":"json","items":{"$ref":"#/components/schemas/Location"}}},"description":"Minimum set of data to identify a lab and provide context for lab API usage."},"Person":{"properties":{"id":{"type":"integer"},"firstName":{"type":"string"}},"description":"A globally unique human individual."},"BomLineItem":{"properties":{"id":{"type":"integer","example":234545667890123},"name":{"type":"string","description":"A short name for a bill of material line item is a component of the package that is shipped as part of a test order.","example":"`Outbound FedEx Ground 2-day` or `Saliva collection vial 30mL`"},"details":{"type":"string","description":"`Using Bristall FedEx account# 142235365` or `Plastic Saliva vial`"},"quantity":{"type":"integer","example":2,"default":1},"cost":{"type":"number","description":"The cost of the item as a BOM componen.","default":0},"supplier":{"type":"string","description":"Information about the supplier of teh bom line item.","example":"uline.com","default":""}},"description":"A Bill of Material Item"},"Location":{"properties":{"id":{"type":"integer"},"country":{"type":"string","example":"Bulgaria"},"county":{"type":"string","example":"Ada"},"region":{"type":"string","example":"Northwest"},"street_address_1":{"type":"string","example":"100 1st Street"},"street_address_2":{"type":"string","example":"Suite 300"},"city":{"type":"string","example":"San Francisco"},"state":{"type":"string","example":"Ontario"},"potal_code":{"type":"string","example":"65778-AQW1"},"latDeg":{"type":"number","example":107.99874},"lonDeg":{"type":"number","example":45.4443}},"description":"A physical location for which exists a valid postal delivery address."}}}}