{"openapi":"3.0.0","info":{"title":"Sports API","description":"API for school project \"Sports\" for \"Laboratorio de Software\" Class\n\nGroup - 2122-2-LEIC41N-G02\n\n45836 - Bruno Costa\n41784 - José Tavares\n45825 - Martim Parente","contact":{"url":"https://github.com/isel-leic-ls/2122-2-LEIC41N-G02"},"version":"0.2.0-oas3"},"servers":[{"url":"/"}],"paths":{"/users/{uid}/activities":{"get":{"tags":["User Management"],"summary":"Get User Activities","parameters":[{"name":"uid","in":"path","description":"Numeric uid of the user","required":true,"style":"simple","explode":false,"schema":{"type":"integer"}},{"name":"limit","in":"query","description":"Length of the subsequence to return","required":false,"style":"form","explode":true,"schema":{"type":"integer"}},{"name":"skip","in":"query","description":"Start position of the subsequence to return","required":false,"style":"form","explode":true,"schema":{"type":"integer"}}],"responses":{"200":{"description":"OK","content":{"application/json":{"schema":{"type":"array","items":{"$ref":"#/components/schemas/Activity"}}}}},"404":{"description":"Resource not found","content":{"application/json":{"schema":{"$ref":"#/components/schemas/ErrorResponse"},"example":{"error":"Resource not found"}}}},"500":{"description":"Internal Server Error","content":{"application/json":{"schema":{"$ref":"#/components/schemas/ErrorResponse"},"examples":{"DbError":{"value":{"error":"Database error"}},"UnknownError":{"value":{"error":"Unknown server error"}}}}}}}}},"/users/{uid}":{"get":{"tags":["User Management"],"summary":"Get User","parameters":[{"name":"uid","in":"path","description":"Numeric uid of the user","required":true,"style":"simple","explode":false,"schema":{"type":"integer"}}],"responses":{"200":{"description":"OK","content":{"application/json":{"schema":{"$ref":"#/components/schemas/User"}}}},"404":{"description":"Resource not found","content":{"application/json":{"schema":{"$ref":"#/components/schemas/ErrorResponse"},"examples":{"idnotfound":{"value":{"error":"ID 123 doesn't exist"}},"wrongtype":{"value":{"error":"ID must be an Integer"}}}}}},"500":{"description":"Internal Server Error","content":{"application/json":{"schema":{"$ref":"#/components/schemas/ErrorResponse"},"examples":{"DbError":{"value":{"error":"Database error"}},"UnknownError":{"value":{"error":"Unknown server error"}}}}}}}}},"/users":{"get":{"tags":["User Management"],"summary":"Get All Users","parameters":[{"name":"sid","in":"query","description":"Numeric sid of the sport to return","required":false,"style":"form","explode":true,"schema":{"type":"integer"}},{"name":"rid","in":"query","description":"Numeric rid of the route to return","required":false,"style":"form","explode":true,"schema":{"type":"integer"}},{"name":"limit","in":"query","description":"Length of the subsequence to return","required":false,"style":"form","explode":true,"schema":{"type":"integer"}},{"name":"skip","in":"query","description":"Start position of the subsequence to return","required":false,"style":"form","explode":true,"schema":{"type":"integer"}}],"responses":{"200":{"description":"OK","content":{"application/json":{"schema":{"type":"array","items":{"$ref":"#/components/schemas/User"}}}}},"500":{"description":"Internal Server Error","content":{"application/json":{"schema":{"$ref":"#/components/schemas/ErrorResponse"},"examples":{"DbError":{"value":{"error":"Database error"}},"UnknownError":{"value":{"error":"Unknown server error"}}}}}}}},"put":{"tags":["User Management"],"summary":"Create User","requestBody":{"description":"Name and email of User to create.","content":{"application/json":{"schema":{"$ref":"#/components/schemas/UserQuery"}}},"required":true},"responses":{"201":{"description":"User Created","content":{"application/json":{"schema":{"$ref":"#/components/schemas/UserToken"}}}},"400":{"description":"E-mail wrong format","content":{"application/json":{"schema":{"$ref":"#/components/schemas/ErrorResponse"},"example":{"error":"Insert a valid email"}}}},"409":{"description":"E-mail already registered","content":{"application/json":{"schema":{"$ref":"#/components/schemas/ErrorResponse"},"example":{"error":"E-mail already registered"}}}},"500":{"description":"Internal Server Error","content":{"application/json":{"schema":{"$ref":"#/components/schemas/ErrorResponse"},"examples":{"DbError":{"value":{"error":"Database error"}},"UnknownError":{"value":{"error":"Unknown server error"}}}}}}}}},"/routes/{rid}":{"get":{"tags":["Route Management"],"summary":"Get Route","parameters":[{"name":"rid","in":"path","description":"Numeric rid of the route","required":true,"style":"simple","explode":false,"schema":{"type":"integer"}}],"responses":{"200":{"description":"OK","content":{"application/json":{"schema":{"$ref":"#/components/schemas/Route"}}}},"404":{"description":"Resource not found","content":{"application/json":{"schema":{"$ref":"#/components/schemas/ErrorResponse"},"examples":{"idnotfound":{"value":{"error":"ID 123 doesn't exist"}},"wrongtype":{"value":{"error":"ID must be an Integer"}}}}}},"500":{"description":"Internal Server Error","content":{"application/json":{"schema":{"$ref":"#/components/schemas/ErrorResponse"},"examples":{"DbError":{"value":{"error":"Database error"}},"UnknownError":{"value":{"error":"Unknown server error"}}}}}}}}},"/routes":{"get":{"tags":["Route Management"],"summary":"Get All Routes","parameters":[{"name":"limit","in":"query","description":"Length of the subsequence to return","required":false,"style":"form","explode":true,"schema":{"type":"integer"}},{"name":"skip","in":"query","description":"Start position of the subsequence to return","required":false,"style":"form","explode":true,"schema":{"type":"integer"}}],"responses":{"200":{"description":"OK","content":{"application/json":{"schema":{"type":"array","items":{"$ref":"#/components/schemas/Route"}}}}},"500":{"description":"Internal Server Error","content":{"application/json":{"schema":{"$ref":"#/components/schemas/ErrorResponse"},"examples":{"DbError":{"value":{"error":"Database error"}},"UnknownError":{"value":{"error":"Unknown server error"}}}}}}}},"post":{"tags":["Route Management"],"summary":"Create Route","requestBody":{"description":"Name of Route to create.","content":{"application/json":{"schema":{"$ref":"#/components/schemas/RouteQuery"}}},"required":true},"responses":{"201":{"description":"Route Created","content":{"application/json":{"schema":{"$ref":"#/components/schemas/RouteID"}}}},"404":{"description":"Resource not found","content":{"application/json":{"schema":{"$ref":"#/components/schemas/ErrorResponse"},"example":{"error":"Resource not found"}}}},"500":{"description":"Internal Server Error","content":{"application/json":{"schema":{"$ref":"#/components/schemas/ErrorResponse"},"examples":{"DbError":{"value":{"error":"Database error"}},"UnknownError":{"value":{"error":"Unknown server error"}}}}}}},"security":[{"BearerAuth":[]}]}},"/sports/{sid}/activities":{"get":{"tags":["Sport Management"],"summary":"Get Sport Activities","parameters":[{"name":"sid","in":"path","description":"Numeric sid of the sport","required":true,"style":"simple","explode":false,"schema":{"type":"integer"}},{"name":"orderby","in":"query","description":"Only ASC or DESC values","required":false,"style":"form","explode":true,"schema":{"type":"string","example":"ASC"}},{"name":"date","in":"query","description":"Activity date","required":false,"style":"form","explode":true,"schema":{"type":"string","format":"date"}},{"name":"rid","in":"query","description":"Numeric rid of the route","required":false,"style":"form","explode":true,"schema":{"type":"integer"}},{"name":"limit","in":"query","description":"Length of the subsequence to return","required":false,"style":"form","explode":true,"schema":{"type":"integer"}},{"name":"skip","in":"query","description":"Start position of the subsequence to return","required":false,"style":"form","explode":true,"schema":{"type":"integer"}}],"responses":{"200":{"description":"OK","content":{"application/json":{"schema":{"type":"array","items":{"$ref":"#/components/schemas/Activity"}}}}},"404":{"description":"Resource not found","content":{"application/json":{"schema":{"$ref":"#/components/schemas/ErrorResponse"},"example":{"error":"Resource not found"}}}},"500":{"description":"Internal Server Error","content":{"application/json":{"schema":{"$ref":"#/components/schemas/ErrorResponse"},"examples":{"DbError":{"value":{"error":"Database error"}},"UnknownError":{"value":{"error":"Unknown server error"}}}}}}}},"post":{"tags":["Sport Management"],"summary":"Create Activity","parameters":[{"name":"sid","in":"path","description":"Numeric sid of the sport","required":true,"style":"simple","explode":false,"schema":{"type":"integer"}}],"requestBody":{"description":"Date, duration, and rid(optional) of Activity to create.","content":{"application/json":{"schema":{"$ref":"#/components/schemas/ActivityQuery"}}},"required":true},"responses":{"201":{"description":"Activity Created","content":{"application/json":{"schema":{"$ref":"#/components/schemas/ActivityID"}}}},"409":{"description":"Cannot create Activity. Route/Sport doesn't exist","content":{"application/json":{"schema":{"$ref":"#/components/schemas/ErrorResponse"},"example":{"error":"Cannot create Activity. Route/Sport doesn't exist"}}}},"500":{"description":"Internal Server Error","content":{"application/json":{"schema":{"$ref":"#/components/schemas/ErrorResponse"},"examples":{"DbError":{"value":{"error":"Database error"}},"UnknownError":{"value":{"error":"Unknown server error"}}}}}}},"security":[{"BearerAuth":[]}]}},"/sport/{sid}":{"get":{"tags":["Sport Management"],"summary":"Get Sport","parameters":[{"name":"sid","in":"path","description":"Numeric sid of the sport","required":true,"style":"simple","explode":false,"schema":{"type":"integer"}}],"responses":{"200":{"description":"OK","content":{"application/json":{"schema":{"$ref":"#/components/schemas/Sport"}}}},"404":{"description":"Resource not found","content":{"application/json":{"schema":{"$ref":"#/components/schemas/ErrorResponse"},"examples":{"idnotfound":{"value":{"error":"ID 123 doesn't exist"}},"wrongtype":{"value":{"error":"ID must be an Integer"}}}}}},"500":{"description":"Internal Server Error","content":{"application/json":{"schema":{"$ref":"#/components/schemas/ErrorResponse"},"examples":{"DbError":{"value":{"error":"Database error"}},"UnknownError":{"value":{"error":"Unknown server error"}}}}}}}}},"/sports":{"get":{"tags":["Sport Management"],"summary":"Get All Sports","parameters":[{"name":"limit","in":"query","description":"Length of the subsequence to return","required":false,"style":"form","explode":true,"schema":{"type":"integer"}},{"name":"skip","in":"query","description":"Start position of the subsequence to return","required":false,"style":"form","explode":true,"schema":{"type":"integer"}}],"responses":{"200":{"description":"OK","content":{"application/json":{"schema":{"type":"array","items":{"$ref":"#/components/schemas/Sport"}}}}},"500":{"description":"Internal Server Error","content":{"application/json":{"schema":{"$ref":"#/components/schemas/ErrorResponse"},"examples":{"DbError":{"value":{"error":"Database error"}},"UnknownError":{"value":{"error":"Unknown server error"}}}}}}}},"post":{"tags":["Sport Management"],"summary":"Create Sport","requestBody":{"description":"Name of Sport to create.","content":{"application/json":{"schema":{"$ref":"#/components/schemas/SportQuery"}}},"required":true},"responses":{"201":{"description":"Sport Created","content":{"application/json":{"schema":{"$ref":"#/components/schemas/SportID"}}}},"404":{"description":"Resource not found","content":{"application/json":{"schema":{"$ref":"#/components/schemas/ErrorResponse"},"example":{"error":"Resource not found"}}}},"500":{"description":"Internal Server Error","content":{"application/json":{"schema":{"$ref":"#/components/schemas/ErrorResponse"},"examples":{"DbError":{"value":{"error":"Database error"}},"UnknownError":{"value":{"error":"Unknown server error"}}}}}}},"security":[{"BearerAuth":[]}]}},"/activities/{aid}":{"get":{"tags":["Activity Management"],"summary":"Get Activity","parameters":[{"name":"aid","in":"path","description":"Numeric aid of the activity","required":true,"style":"simple","explode":false,"schema":{"type":"integer"}}],"responses":{"200":{"description":"OK","content":{"application/json":{"schema":{"$ref":"#/components/schemas/Activity"}}}},"404":{"description":"Resource not found","content":{"application/json":{"schema":{"$ref":"#/components/schemas/ErrorResponse"},"examples":{"idnotfound":{"value":{"error":"ID 123 doesn't exist"}},"wrongtype":{"value":{"error":"ID must be an Integer"}}}}}},"500":{"description":"Internal Server Error","content":{"application/json":{"schema":{"$ref":"#/components/schemas/ErrorResponse"},"examples":{"DbError":{"value":{"error":"Database error"}},"UnknownError":{"value":{"error":"Unknown server error"}}}}}}}},"delete":{"tags":["Activity Management"],"summary":"Delete Activity","parameters":[{"name":"aid","in":"path","description":"Numeric aid of the activity","required":true,"style":"simple","explode":false,"schema":{"type":"integer"}}],"responses":{"204":{"description":"No Content"},"401":{"description":"Token not authorized","content":{"application/json":{"schema":{"$ref":"#/components/schemas/ErrorResponse"},"example":{"error":"Token not authorized"}}}},"404":{"description":"Resource not found","content":{"application/json":{"schema":{"$ref":"#/components/schemas/ErrorResponse"},"example":{"error":"ID doesn't exist"}}}},"500":{"description":"Internal Server Error","content":{"application/json":{"schema":{"$ref":"#/components/schemas/ErrorResponse"},"examples":{"DbError":{"value":{"error":"Database error"}},"UnknownError":{"value":{"error":"Unknown server error"}}}}}}},"security":[{"BearerAuth":[]}]}},"/activities":{"post":{"tags":["Activity Management"],"summary":"Delete a set of Activities","requestBody":{"description":"Set of ActivityIDs to delete","content":{"application/json":{"schema":{"$ref":"#/components/schemas/ActivityIDs"}}},"required":true},"responses":{"204":{"description":"No Content"},"401":{"description":"Token not authorized","content":{"application/json":{"schema":{"$ref":"#/components/schemas/ErrorResponse"},"example":{"error":"Token not authorized"}}}},"404":{"description":"Resource not found","content":{"application/json":{"schema":{"$ref":"#/components/schemas/ErrorResponse"},"example":{"error":"ID doesn't exist"}}}},"500":{"description":"Internal Server Error","content":{"application/json":{"schema":{"$ref":"#/components/schemas/ErrorResponse"},"examples":{"DbError":{"value":{"error":"Database error"}},"UnknownError":{"value":{"error":"Unknown server error"}}}}}}},"security":[{"BearerAuth":[]}]}}},"components":{"schemas":{"UserQuery":{"required":["email","name"],"type":"object","properties":{"name":{"type":"string"},"email":{"type":"string","format":"email"}}},"UserToken":{"required":["token","uid"],"type":"object","properties":{"uid":{"type":"integer"},"token":{"type":"string","format":"uuid"}}},"User":{"required":["email","name","token","uid"],"type":"object","properties":{"uid":{"type":"integer"},"name":{"type":"string"},"email":{"type":"string","format":"email"},"token":{"type":"string","format":"uuid"}}},"SportQuery":{"required":["name"],"type":"object","properties":{"name":{"type":"string"},"description":{"type":"string"}}},"SportID":{"required":["sid"],"type":"object","properties":{"sid":{"type":"integer"}}},"Sport":{"required":["name","sid","uid"],"type":"object","properties":{"sid":{"type":"integer"},"name":{"type":"string"},"description":{"type":"string"},"uid":{"type":"integer"}}},"RouteQuery":{"required":["distance","endLocation","startLocation"],"type":"object","properties":{"startLocation":{"type":"string"},"endLocation":{"type":"string"},"distance":{"type":"number","format":"double"}}},"RouteID":{"required":["rid"],"type":"object","properties":{"rid":{"type":"integer"}}},"Route":{"required":["distance","endLocation","rid","startLocation","uid"],"type":"object","properties":{"rid":{"type":"integer"},"startLocation":{"type":"string"},"endLocation":{"type":"string"},"distance":{"type":"number","format":"double"},"uid":{"type":"integer"}}},"ActivityQuery":{"required":["date","duration"],"type":"object","properties":{"date":{"type":"string","format":"date"},"duration":{"type":"string"},"rid":{"type":"integer"}}},"ActivityID":{"required":["aid"],"type":"object","properties":{"aid":{"type":"integer"}}},"ActivityIDs":{"required":["aids"],"type":"object","properties":{"aids":{"type":"array","items":{"type":"integer"}}}},"Activity":{"required":["aid","date","duration","sid","uid"],"type":"object","properties":{"aid":{"type":"integer"},"date":{"type":"string","format":"date"},"duration":{"type":"string"},"uid":{"type":"integer"},"sid":{"type":"integer"},"rid":{"type":"integer"}}},"ErrorResponse":{"required":["error"],"type":"object","properties":{"error":{"type":"string"}}}},"responses":{"400_BAD_REQUEST":{"description":"Parameter not valid","content":{"application/json":{"schema":{"$ref":"#/components/schemas/ErrorResponse"},"example":{"error":"Parameter not valid"}}}},"401_UNAUTHORIZED":{"description":"Token not authorized","content":{"application/json":{"schema":{"$ref":"#/components/schemas/ErrorResponse"},"example":{"error":"Token not authorized"}}}},"404_NOT_FOUND":{"description":"Resource not found","content":{"application/json":{"schema":{"$ref":"#/components/schemas/ErrorResponse"},"example":{"error":"Resource not found"}}}},"409_CONFLICT":{"description":"Unique or Foreign Keys Constraints","content":{"application/json":{"schema":{"$ref":"#/components/schemas/ErrorResponse"},"example":{"error":"Cannot create Activity. Route doesn't exist"}}}},"500_INTERNAL_SERVER_ERROR":{"description":"Internal Server Error","content":{"application/json":{"schema":{"$ref":"#/components/schemas/ErrorResponse"},"examples":{"DbError":{"value":{"error":"Database error"}},"UnknownError":{"value":{"error":"Unknown server error"}}}}}}},"securitySchemes":{"BearerAuth":{"type":"http","scheme":"bearer","bearerFormat":"uuid"}}}}