{"openapi":"3.0.0","info":{"title":"vlbaccount","version":"1.0.0-oas3"},"servers":[{"url":"/"}],"paths":{"/":{"get":{"summary":"Get index.html.","responses":{"200":{"description":"Index.html containing ```<script>const webToken = \"{web_token}\";</script>```. code."}}}},"/signup":{"post":{"summary":"User singin up.","parameters":[{"name":"X-Request-Web-Token","in":"header","description":"Token provided in index.html in webToken constant.","required":true,"style":"simple","explode":false,"schema":{"type":"string"}}],"requestBody":{"content":{"application/json":{"schema":{"$ref":"#/components/schemas/Credentials"}}}},"responses":{"201":{"description":"User signed up."}}}},"/login":{"put":{"summary":"User signing in with 2FA.","parameters":[{"name":"X-Request-Web-Token","in":"header","description":"Token provided in index.html in webToken constant.","required":true,"style":"simple","explode":false,"schema":{"type":"string"}}],"requestBody":{"content":{"application/json":{"schema":{"$ref":"#/components/schemas/Credentials"}}}},"responses":{"202":{"description":"User singined in.","content":{"application/json":{"schema":{"type":"object","properties":{"token":{"type":"string"}}}}}}}},"post":{"summary":"User signing in.","parameters":[{"name":"X-Request-Web-Token","in":"header","description":"Token provided in index.html in webToken constant.","required":true,"style":"simple","explode":false,"schema":{"type":"string"}}],"requestBody":{"content":{"application/json":{"schema":{"$ref":"#/components/schemas/Credentials"}}}},"responses":{"201":{"description":"User singined in.","content":{"application/json":{"schema":{"type":"object","properties":{"token":{"type":"string"}}}}}}}}},"/profile":{"get":{"summary":"Get profile info.","parameters":[{"name":"X-Request-Token","in":"header","description":"Token provided in one of previous requests.","required":true,"style":"simple","explode":false,"schema":{"type":"string"}}],"responses":{"200":{"description":"User profile.","content":{"application/json":{"schema":{"type":"object","properties":{"token":{"type":"string"},"user":{"$ref":"#/components/schemas/User"}}}}}},"206":{"description":"Wallet info is empty. Need to fill in the profile first.","content":{"application/json":{"schema":{"type":"object","properties":{"token":{"type":"string"}}}}}}}},"put":{"summary":"Edit profile info.","description":"User's email is omitting.","parameters":[{"name":"X-Request-Token","in":"header","description":"Token provided in one of previous requests.","required":true,"style":"simple","explode":false,"schema":{"type":"string"}}],"requestBody":{"content":{"application/json":{"schema":{"$ref":"#/components/schemas/User"}}}},"responses":{"202":{"description":"User profile.","content":{"application/json":{"schema":{"type":"object","properties":{"token":{"type":"string"}}}}}}}}}},"components":{"schemas":{"User":{"type":"object","properties":{"email":{"type":"string","description":"User email.","example":"user@mail.com"},"name":{"type":"string","description":"User name.","example":"octopus23"},"otp":{"type":"boolean","description":"2FA enabled flag."},"wallet":{"type":"string","description":"Wallet ID."}}},"Credentials":{"type":"object","properties":{"email":{"type":"string","description":"User email.","example":"user@mail.com"},"password":{"type":"string","description":"User password.","example":"pass1"},"otp":{"type":"string","description":"Two-factor authentication token. Omit if 2FA is disabled.","example":"pass1"}}}}}}