{"openapi":"3.0.0","info":{"title":"Contacts Application API","description":"Simple contacts application API","contact":{"email":"2berkir@gmail.com"},"version":"1.0.0"},"servers":[{"url":"https://virtserver.swaggerhub.com/2berk1/casestudy-nodejs/1.0.0","description":"SwaggerHub API Auto Mocking"},{"url":"https://csnjs-api.herokuapp.com/api/v1","description":"Heroku Cloud"}],"tags":[{"name":"authentication","description":"Authentication operations"},{"name":"contacts","description":"Contacts operations"}],"paths":{"/authentication/login":{"post":{"tags":["authentication"],"summary":"log in and retrieve user object with token","description":"Retrieve user object with contacts and authenticate for further operations\n","operationId":"loginauthenticate","requestBody":{"description":"User credentials","content":{"application/json":{"schema":{"$ref":"#/components/schemas/UserCredentials"}}}},"responses":{"200":{"description":"user object with token","content":{"application/json":{"schema":{"type":"array","items":{"$ref":"#/components/schemas/UserResponse"}}}}},"400":{"description":"received on incorrect credentials","content":{"application/json":{"schema":{"$ref":"#/components/schemas/GenericResponse"}}}},"500":{"description":"server error","content":{"application/json":{"schema":{"$ref":"#/components/schemas/GenericResponse"}}}}}}},"/authentication/register":{"post":{"tags":["authentication"],"summary":"log in and retrieve user object with token","description":"Register user and authenticate for further operations\n","operationId":"registerauthenticate","requestBody":{"description":"User credentials","content":{"application/json":{"schema":{"$ref":"#/components/schemas/UserCredentials"}}}},"responses":{"200":{"description":"user object with token","content":{"application/json":{"schema":{"type":"array","items":{"$ref":"#/components/schemas/UserResponseWithoutContacts"}}}}},"500":{"description":"server error","content":{"application/json":{"schema":{"$ref":"#/components/schemas/GenericResponse"}}}}}}},"/contacts":{"get":{"tags":["contacts"],"summary":"get all contacts","operationId":"getcontacts","parameters":[{"name":"address","in":"query","description":"query to filter contacts","required":false,"style":"form","explode":true,"schema":{"type":"object","additionalProperties":false}},{"name":"name","in":"query","description":"query to filter contacts","required":false,"style":"form","explode":true,"schema":{"type":"object","additionalProperties":false}},{"name":"email","in":"query","description":"query to filter contacts","required":false,"style":"form","explode":true,"schema":{"type":"object","additionalProperties":false}},{"name":"phone","in":"query","description":"query to filter contacts","required":false,"style":"form","explode":true,"schema":{"type":"object","additionalProperties":false}}],"responses":{"200":{"description":"array of contacts","content":{"application/json":{"schema":{"type":"array","items":{"$ref":"#/components/schemas/Contacts"}}}}},"403":{"description":"not authenticated","content":{"application/json":{"schema":{"$ref":"#/components/schemas/Unauthenticated"}}}}},"security":[{"bearerAuth":[]}]},"post":{"tags":["contacts"],"summary":"create contact","operationId":"createcontact","requestBody":{"content":{"application/json":{"schema":{"$ref":"#/components/schemas/Contacts"}}}},"responses":{"201":{"description":"contact is created","content":{"text/plain":{"schema":{"type":"string","example":"Created"}}}},"400":{"description":"invalid input","content":{"application/json":{"schema":{"$ref":"#/components/schemas/InvalidInput"}}}},"403":{"description":"not authenticated","content":{"application/json":{"schema":{"$ref":"#/components/schemas/Unauthenticated"}}}},"401":{"description":"unauthorized","content":{"application/json":{"schema":{"$ref":"#/components/schemas/Unauthorized"}}}}},"security":[{"bearerAuth":[]}]}},"/contacts/{contactid}":{"get":{"tags":["contacts"],"summary":"get contact by contact id","operationId":"getcontactbyid","parameters":[{"name":"contactid","in":"path","description":"path paramter to get contact by its id","required":true,"style":"simple","explode":false,"schema":{"type":"object","additionalProperties":false}}],"responses":{"200":{"description":"contact in body if any matched","content":{"application/json":{"schema":{"type":"array","items":{"$ref":"#/components/schemas/GenericResponseWithContact"}}}}},"403":{"description":"not authenticated","content":{"application/json":{"schema":{"$ref":"#/components/schemas/Unauthenticated"}}}},"401":{"description":"unauthorized","content":{"application/json":{"schema":{"$ref":"#/components/schemas/Unauthorized"}}}}},"security":[{"bearerAuth":[]}]},"put":{"tags":["contacts"],"summary":"update contact","operationId":"updatecontact","parameters":[{"name":"contactid","in":"path","description":"path parameter to update contact by its id","required":true,"style":"simple","explode":false,"schema":{"type":"object","additionalProperties":false}}],"requestBody":{"content":{"application/json":{"schema":{"$ref":"#/components/schemas/Contacts"}}}},"responses":{"200":{"description":"updated contact in body","content":{"application/json":{"schema":{"type":"array","items":{"$ref":"#/components/schemas/GenericResponseWithContact"}}}}},"400":{"description":"invalid input","content":{"application/json":{"schema":{"$ref":"#/components/schemas/InvalidInput"}}}},"403":{"description":"not authenticated","content":{"application/json":{"schema":{"$ref":"#/components/schemas/Unauthenticated"}}}},"401":{"description":"unauthorized","content":{"application/json":{"schema":{"$ref":"#/components/schemas/Unauthorized"}}}}},"security":[{"bearerAuth":[]}]},"delete":{"tags":["contacts"],"summary":"delete contact","operationId":"deletecontact","parameters":[{"name":"contactid","in":"path","description":"path parameter to delete contact","required":true,"style":"simple","explode":false,"schema":{"type":"object","additionalProperties":false}}],"responses":{"204":{"description":"operation succeeded, no content"},"400":{"description":"invalid input","content":{"application/json":{"schema":{"$ref":"#/components/schemas/InvalidInput"}}}},"403":{"description":"not authenticated","content":{"application/json":{"schema":{"$ref":"#/components/schemas/Unauthenticated"}}}},"401":{"description":"unauthorized","content":{"application/json":{"schema":{"$ref":"#/components/schemas/Unauthorized"}}}}},"security":[{"bearerAuth":[]}]}}},"components":{"schemas":{"InvalidInput":{"type":"object","properties":{"statusCode":{"type":"string","example":"status code as integer"},"message":{"type":"string","example":"details about response"},"data":{"type":"object","properties":{"errors":{"type":"array","items":{"$ref":"#/components/schemas/InvalidInputError"}}}}}},"InvalidInputError":{"type":"object","properties":{"value":{"type":"string","example":"Value of invalid field"},"msg":{"type":"string","example":"Description of the invalidity"},"param":{"type":"string","example":"Name of the invalid field"},"location":{"type":"string","example":"Description of where invalid field exist"}}},"Unauthorized":{"type":"object","properties":{"statusCode":{"type":"integer","example":401},"message":{"type":"string","example":"Authentication token is not valid"},"data":{"type":"object"}}},"Unauthenticated":{"type":"object","properties":{"statusCode":{"type":"integer","example":403},"message":{"type":"string","example":"Token is required for authentication"},"data":{"type":"object"}}},"GenericResponse":{"type":"object","properties":{"statusCode":{"type":"string","example":"status code as integer"},"message":{"type":"string","example":"details about response"},"data":{"type":"string","example":"requested resource, often array, object or null on fail"}}},"GenericResponseWithContact":{"type":"object","properties":{"statusCode":{"type":"string","example":"status code as integer"},"message":{"type":"string","example":"details about response"},"data":{"type":"array","items":{"$ref":"#/components/schemas/Contacts"}}}},"UserCredentials":{"required":["password","username"],"type":"object","properties":{"username":{"type":"string","example":"username"},"password":{"type":"string","example":"password"}}},"UserResponse":{"type":"object","properties":{"statusCode":{"type":"integer","example":200},"message":{"type":"string","example":"Query succeeded"},"data":{"$ref":"#/components/schemas/UserObject"}}},"UserResponseWithoutContacts":{"type":"object","properties":{"statusCode":{"type":"integer","example":200},"message":{"type":"string","example":"Query succeeded"},"data":{"$ref":"#/components/schemas/UserObjectWithoutContacts"}}},"UserObject":{"type":"object","properties":{"_id":{"type":"string","format":"ObjectId","example":"625d852s7j78ce42dfe3a1f2"},"username":{"type":"string","example":"exampleusername"},"password":{"type":"string","example":"$er$10$QDqXeZ/n.example.2passcfiLkjOtxA6TQ23UoAC"},"contacts":{"type":"array","items":{"$ref":"#/components/schemas/Contacts"}},"token":{"type":"string","example":"eyJhbGciOiJIUzI1NiIsInR5cCI6IkpXVCJ9.eyJfaWQiOiI2MjVkODUyYTFlNzhjZTEyZEZsM2ExZjIiLCJ1c2VybmFtZSI6InRlc3RpbmciLCJpYXQiOjE2NTA5ODA3MDMsImV4cCI6MTY1MTAwMjMwM30.zL8i0sDNMePxHptWXubQPc5rOTr3ddc91u7z_ElASgM"}}},"UserObjectWithoutContacts":{"type":"object","properties":{"_id":{"type":"string","format":"ObjectId","example":"625d852s7j78ce42dfe3a1f2"},"username":{"type":"string","example":"exampleusername"},"password":{"type":"string","example":"$er$10$QDqXeZ/n.example.2passcfiLkjOtxA6TQ23UoAC"},"contacts":{"type":"array","items":{"type":"object"}},"token":{"type":"string","example":"eyJhbGciOiJIUzI1NiIsInR5cCI6IkpXVCJ9.eyJfaWQiOiI2MjVkODUyYTFlNzhjZTEyZEZsM2ExZjIiLCJ1c2VybmFtZSI6InRlc3RpbmciLCJpYXQiOjE2NTA5ODA3MDMsImV4cCI6MTY1MTAwMjMwM30.zL8i0sDNMePxHptWXubQPc5rOTr3ddc91u7z_ElASgM"}}},"Contacts":{"type":"object","properties":{"name":{"type":"string","example":"Example Contact"},"title":{"type":"string","example":"CTO"},"company":{"type":"string","example":"CTO"},"address":{"type":"string","example":"İstanbul"},"phone_numbers":{"$ref":"#/components/schemas/PhoneNumbers"},"mail_addresses":{"$ref":"#/components/schemas/MailAddresses"}}},"PhoneNumbers":{"type":"array","items":{"type":"object","properties":{"name":{"type":"string","example":"Work"},"value":{"type":"string","example":"5326665599"}}}},"MailAddresses":{"type":"array","items":{"type":"object","properties":{"name":{"type":"string","example":"Personal"},"value":{"type":"string","example":"example.example@example.example"}}}}},"securitySchemes":{"bearerAuth":{"type":"http","scheme":"bearer","bearerFormat":"JWT"}}}}