{"openapi":"3.0.0","info":{"title":"Online Választási Rendszer","description":"Online Választási Rendszer","version":"1.0"},"servers":[{"url":"https://virtserver.swaggerhub.com/3BD/online_valasztasi_rendszer/1.0","description":"SwaggerHub API Auto Mocking"}],"paths":{"/authenticate-user":{"post":{"summary":"Authenticates a Választópolgár.","requestBody":{"content":{"application/json":{"schema":{"type":"object","properties":{"PersonalData":{"type":"string"}}}}},"required":true},"responses":{"200":{"description":"Valid PersonalData","content":{"application/json":{"schema":{"type":"object","properties":{"sessionID":{"type":"string"}}}}}},"401":{"description":"Invalid PersonalData"}}}},"/queue":{"post":{"summary":"Beáll a sorba.","requestBody":{"content":{"application/json":{"schema":{"type":"object","properties":{"sessionID":{"type":"string"}}}}},"required":true},"responses":{"200":{"description":"Beállt a sorba"},"401":{"description":"Invalid session ID"}}}},"/queue-get-pos":{"post":{"summary":"Lekéri a sor hosszát","requestBody":{"content":{"application/json":{"schema":{"type":"object","properties":{"sessionID":{"type":"string"}}}}},"required":true},"responses":{"200":{"description":"Sor hossza lekérdezve","content":{"application/json":{"schema":{"type":"object","properties":{"queueLength":{"type":"integer"}}}}}},"401":{"description":"Invalid session ID"}}}},"/get-constituency-candidates/{constID}":{"get":{"summary":"Lekéri a jelölteket egy választókerülethez","parameters":[{"name":"constID","in":"path","description":"The ID of the constituency.","required":true,"style":"simple","explode":false,"schema":{"minimum":1,"type":"integer","format":"int64"}}],"responses":{"200":{"description":"jelöltek lekérve","content":{"application/json":{"schema":{"type":"object","properties":{"candidates":{"type":"array","items":{"type":"string"}}}}}}},"400":{"description":"Invalid constituency ID"}}}},"/get-parties":{"get":{"summary":"Lekéri a pártokat","responses":{"200":{"description":"pártok lekérve","content":{"application/json":{"schema":{"type":"object","properties":{"parties":{"type":"array","items":{"type":"string"}}}}}}}}}}}}