{"openapi":"3.0.0","info":{"title":"API для интеграции сервиса \"Мой магазин\"","description":"Описание API для работы с сервисом \"Мой магазин\". Все методы описанные ниже должны быть реализованы на стороне партнера в процессе интеграци. т.е. сервис \"Мой магазин\" выступает в роли клиента, а Вам необходимо реализовать серверную часть. Общение происходит на основании pull-модели, т.е. сервис \"Мой магазин\" как клиент запрашивает информацию о ресурсе либо может создавать/обновлять ресурсы если это необходимо.\n","termsOfService":"http://swagger.io/terms/","contact":{"email":"apiteam@swagger.io"},"license":{"name":"Apache 2.0","url":"http://www.apache.org/licenses/LICENSE-2.0.html"},"version":"1.0.0"},"servers":[{"url":"https://virtserver.swaggerhub.com/3ten/my-shop/1.0.0","description":"SwaggerHub API Auto Mocking"},{"url":"https://petstore.swagger.io/v2"}],"tags":[{"name":"shop","description":"магазины"},{"name":"customer","description":"Информация о покупателях"},{"name":"product","description":"продукты"},{"name":"purchase","description":"покупки"}],"paths":{"/shops":{"get":{"tags":["shop"],"responses":{"200":{"description":"successful operation","content":{"application/json":{"schema":{"type":"array","items":{"$ref":"#/components/schemas/Shop"}}}}}}}},"/customers":{"get":{"tags":["customer"],"responses":{"200":{"description":"successful operation","content":{"application/json":{"schema":{"type":"array","items":{"$ref":"#/components/schemas/Customer"}}}}}}},"post":{"tags":["customer"],"summary":"создание покупателя","description":"создание покупателя при регистрации.","operationId":"createCustomer","requestBody":{"description":"Созданный покупатель","content":{"application/json":{"schema":{"type":"array","items":{"$ref":"#/components/schemas/Customer"}}}},"required":true},"responses":{"200":{"description":"successful operation","content":{"application/json":{"schema":{"$ref":"#/components/schemas/Customer"}}}}}}},"/categories":{"get":{"tags":["category"],"responses":{"200":{"description":"successful operation","content":{"application/json":{"schema":{"type":"array","items":{"$ref":"#/components/schemas/Category"}}}}}}}},"/products":{"get":{"tags":["product"],"parameters":[{"name":"shopId","in":"query","description":"id магазина","required":true,"style":"form","explode":true,"schema":{"type":"string"}},{"name":"categories","in":"query","description":"массив категорий по которым получить товары","required":true,"style":"form","explode":true,"schema":{"type":"array","items":{"type":"string"}}},{"name":"placeIds","in":"query","description":"массив мест хранения(складов) из магазина по которым получить остатки товаров","required":true,"style":"form","explode":true,"schema":{"type":"array","items":{"type":"string"}}}],"responses":{"200":{"description":"successful operation","content":{"application/json":{"schema":{"type":"array","items":{"$ref":"#/components/schemas/Product"}}}}}}}},"/purchases":{"get":{"tags":["purchase"],"parameters":[{"name":"begin_date","in":"query","description":"Дата с которой вернуть покупки","required":false,"style":"form","explode":true,"schema":{"type":"string","format":"datetime"}},{"name":"end_date","in":"query","description":"Дата до которой вернуть покупки","required":false,"style":"form","explode":true,"schema":{"type":"string","format":"datetime"}},{"name":"card","in":"query","description":"карта лояльности по которой вернуть покупки (если указана)","required":false,"style":"form","explode":true,"schema":{"type":"string"}}],"responses":{"200":{"description":"successful operation","content":{"application/json":{"schema":{"type":"array","items":{"$ref":"#/components/schemas/Purchase"}}}}}}}}},"components":{"schemas":{"Shop":{"type":"object","properties":{"id":{"type":"string"},"place_id":{"type":"string","description":"id места хранения"},"name":{"type":"string"}}},"Category":{"type":"object","properties":{"id":{"type":"string"},"parent":{"type":"string"},"name":{"type":"string"}}},"Product":{"type":"object","properties":{"articul":{"type":"string"},"category_id":{"type":"string"},"info":{"type":"string","description":"Описание товара"},"name":{"type":"string"},"country":{"type":"string"},"manufacturer":{"type":"string","description":"Наименование производителя"},"barcode":{"type":"string"},"marking_type":{"type":"string","description":"тип маркированной продукции 0-нет 1-алко 2-табак"},"price":{"type":"string"},"quantity":{"type":"string","description":"сумма остатков на складах переданных в запросе"},"shop_id":{"type":"string"}}},"Purchase":{"type":"object","properties":{"products":{"type":"array","items":{"properties":{"articul":{"type":"string"},"price":{"type":"number"},"quantity":{"type":"string"}}}},"date":{"type":"string","format":"date-time"},"sum":{"type":"number"},"customer_id":{"type":"string","description":"id покупателя если покупка была по карте лояльности"}},"description":"покупки в магазине"},"Customer":{"type":"object","properties":{"id":{"type":"string"},"firstName":{"type":"string"},"lastName":{"type":"string"},"phone":{"type":"string"},"card":{"type":"string","description":"номер карты лояльности"}},"description":"Если с таким номером телфона не существует, то создать если существует то обновить"}},"requestBodies":{"ShopArray":{"description":"Магазины","content":{"application/json":{"schema":{"type":"array","items":{"$ref":"#/components/schemas/Shop"}}}},"required":true},"CategoryArray":{"description":"Категори товаров","content":{"application/json":{"schema":{"type":"array","items":{"$ref":"#/components/schemas/Category"}}}},"required":true},"ProductArray":{"description":"Категори товаров","content":{"application/json":{"schema":{"type":"array","items":{"$ref":"#/components/schemas/Product"}}}},"required":true}}}}