{"openapi":"3.0.0","info":{"title":"Privacy Request Collection","version":"1.0.0"},"servers":[{"url":"https://privacy-portal.4screenmedia.com"}],"paths":{"/unenrollment":{"post":{"tags":["General"],"summary":"Enrollment Remove","requestBody":{"content":{"application/json":{"schema":{"type":"object","example":{"profile_id":"970b0ccf-b9df-446e-8c79-0d76f2f63906","api_key":"17ea860b-d1b9-44a4-a779-ef1364c841d0"}}}}},"responses":{"200":{"description":"OK","headers":{"Date":{"style":"simple","explode":false,"schema":{"type":"string","example":"Wed, 16 Mar 2022 19:18:23 GMT"}},"Content-Type":{"style":"simple","explode":false,"schema":{"type":"string","example":"application/json"}},"Content-Length":{"style":"simple","explode":false,"schema":{"type":"integer","example":91}},"Connection":{"style":"simple","explode":false,"schema":{"type":"string","example":"keep-alive"}},"x-amzn-RequestId":{"style":"simple","explode":false,"schema":{"type":"string","example":"8100f28a-2f98-4678-9a87-cb5f17867fe2"}},"x-amz-apigw-id":{"style":"simple","explode":false,"schema":{"type":"string","example":"PF2v8GoyiYcFybA="}},"X-Amzn-Trace-Id":{"style":"simple","explode":false,"schema":{"type":"string","example":"Root=1-623237ff-2070075c0acdaab532432289;Sampled=0"}}},"content":{"application/json":{"schema":{"type":"object"},"example":{"message":"Enrollment paused for the profile_id :: 970b0ccf-b9df-446e-8c79-0d76f2f63906"}}}}}}},"/enrollment":{"post":{"tags":["General"],"summary":"Enrollment","requestBody":{"content":{"application/json":{"schema":{"type":"object","example":{"first_name":"Kiran","last_name":"Rao","dob":"01/01/1996","address":"","addr2":"Main Street","city":"Marina del Rey","state":"California","zip":"380052","api_key":"17ea860b-d1b9-44a4-a779-ef1364c841d0"}}}}},"responses":{"200":{"description":"OK","headers":{"Date":{"style":"simple","explode":false,"schema":{"type":"string","example":"Wed, 16 Mar 2022 08:55:08 GMT"}},"Content-Type":{"style":"simple","explode":false,"schema":{"type":"string","example":"application/json"}},"Content-Length":{"style":"simple","explode":false,"schema":{"type":"integer","example":195}},"Connection":{"style":"simple","explode":false,"schema":{"type":"string","example":"keep-alive"}},"x-amzn-RequestId":{"style":"simple","explode":false,"schema":{"type":"string","example":"48a003a2-077e-4378-9b12-670b311a7851"}},"x-amz-apigw-id":{"style":"simple","explode":false,"schema":{"type":"string","example":"PEbc4E_RCYcFQ_w="}},"X-Amzn-Trace-Id":{"style":"simple","explode":false,"schema":{"type":"string","example":"Root=1-6231a5eb-69d1d6c7320797d5649a1a69;Sampled=0"}}},"content":{"application/json":{"schema":{"type":"object"},"example":{"message":"Enrollment Executed Successfully","profile_id":"2f85653e-c5ac-4c8a-86c8-606257f947dc","api_key":"17ea860b-d1b9-44a4-a779-ef1364c841d0","first_name":"Kiran","last_name":"Rao"}}}}}}},"/status-search":{"post":{"tags":["General"],"summary":"Search Status","requestBody":{"content":{"application/json":{"schema":{"type":"object","example":{"api_key":"17ea860b-d1b9-44a4-a779-ef1364c841d0","request_id":"5f3f0de5-147d-4092-bc04-c335843c5c17"}}}}},"responses":{"200":{"description":"OK","headers":{"Date":{"style":"simple","explode":false,"schema":{"type":"string","example":"Wed, 23 Mar 2022 14:40:34 GMT"}},"Content-Type":{"style":"simple","explode":false,"schema":{"type":"string","example":"application/json"}},"Content-Length":{"style":"simple","explode":false,"schema":{"type":"integer","example":6129}},"Connection":{"style":"simple","explode":false,"schema":{"type":"string","example":"keep-alive"}},"x-amzn-RequestId":{"style":"simple","explode":false,"schema":{"type":"string","example":"0d6ac9f9-155a-497c-bbd1-4679ce8cefe3"}},"x-amz-apigw-id":{"style":"simple","explode":false,"schema":{"type":"string","example":"PcSnNEHiCYcFo0Q="}},"X-Amzn-Trace-Id":{"style":"simple","explode":false,"schema":{"type":"string","example":"Root=1-623b3161-4de2b6e76cc72a2d14a60556;Sampled=0"}}},"content":{"application/json":{"schema":{"type":"object"},"example":{"request_id":"ba7a288c-bc6d-47e0-a144-8145af2f6df3","enrollment_id":"","api_key":"17ea860b-d1b9-44a4-a779-ef1364c841d0","status":"Completed","results":{"20-01-2022":[{"status":"completed","website":"trustifo","api_key":"17ea860b-d1b9-44a4-a779-ef1364c841d0","enrollment_id":"","request_id":"ba7a288c-bc6d-47e0-a144-8145af2f6df3","details":{"data":[{"age":"36","url":"https://trustifo.com/ng/view/Kiran-Rao-DZCJGvH","known_as":["Kiran Rao"],"lived_in":["San Francisco, CA","Santa Monica, CA","Chicago, IL"],"full_name":"Kiran Rao","related_to":["Harsha Rao, 38","Nandini Rao, 69","Nendini Rao"]}]}},{"status":"completed","website":"radaris","api_key":"17ea860b-d1b9-44a4-a779-ef1364c841d0","enrollment_id":"","request_id":"ba7a288c-bc6d-47e0-a144-8145af2f6df3","details":{"data":[{"age":"36","url":"https://radaris.com/~Kiran-Rao/1635266660","deceased":false,"lived_in":[],"birth_day":"Jul 1985","full_name":"Kiran Rao","related_to":[{"Harsha Rao, 38":"https://radaris.com/p/Harsha/Rao/"},{"Nandini Rao, 69":"https://radaris.com/p/Nandini/Rao/"},{"Nendini Rao":""},{"Shashidha Rao, 69":""},{"Shashidhar Rao, 77":""},{"Sripathy Rao, 83":""},{"Belman Rao, 66":""}],"primary_location":"San Francisco, CA"}]}}],"20-02-2022":[{"status":"completed","website":"trustifo","api_key":"17ea860b-d1b9-44a4-a779-ef1364c841d0","enrollment_id":"","request_id":"ba7a288c-bc6d-47e0-a144-8145af2f6df3","details":{"data":[{"age":"36","url":"https://trustifo.com/ng/view/Kiran-Rao-DZCJGvH","known_as":["Kiran Rao"],"lived_in":["San Francisco, CA","Santa Monica, CA","Chicago, IL"],"full_name":"Kiran Rao","related_to":["Harsha Rao, 38","Nandini Rao, 69","Nendini Rao"]}]}},{"status":"completed","website":"radaris","api_key":"17ea860b-d1b9-44a4-a779-ef1364c841d0","enrollment_id":"","request_id":"ba7a288c-bc6d-47e0-a144-8145af2f6df3","details":{"data":[{"age":"36","url":"https://radaris.com/~Kiran-Rao/1635266660","deceased":false,"lived_in":[],"birth_day":"Jul 1985","full_name":"Kiran Rao","related_to":[{"Harsha Rao, 38":"https://radaris.com/p/Harsha/Rao/"},{"Nandini Rao, 69":"https://radaris.com/p/Nandini/Rao/"},{"Nendini Rao":""},{"Shashidha Rao, 69":""},{"Shashidhar Rao, 77":""},{"Sripathy Rao, 83":""},{"Belman Rao, 66":""}],"primary_location":"San Francisco, CA"}]}},{"status":"completed","website":"peoplefinder","api_key":"17ea860b-d1b9-44a4-a779-ef1364c841d0","enrollment_id":"","request_id":"ba7a288c-bc6d-47e0-a144-8145af2f6df3","details":{"data":[{"age":"53","url":"https://www.peoplefinders.com/products/name?firstName=kiran&middleName=o&lastName=rao&ln=rao&city=fremont&state=ca&id=G-4412915720677720212","full_name":"Kiran O Rao","locations":["Fremont, CA","Tulsa, OK","Chicago, IL","Fords, NJ"],"screenshot":"https://scrapfly.io/d771a1f0-42c0-43c4-8133-47c6ff21c968/scrape/screenshot/6ab80b3b-af69-48a3-a71b-27a8040b5c5a/5f56a49f37d641647748?key=fc20db938c6d43c9bab7ffaa06dbebec"},{"age":"43","url":"https://www.peoplefinders.com/products/name?firstName=kiran&middleName=o&lastName=rao&ln=rao&city=fremont&state=ca&id=G-4412915720677720212","full_name":"Kiran Kumar Rao","locations":["Greenbrier, TN","La, Fayette, GA","Louisville, KY","Buechel, KY"],"screenshot":"https://scrapfly.io/d771a1f0-42c0-43c4-8133-47c6ff21c968/scrape/screenshot/6ab80b3b-af69-48a3-a71b-27a8040b5c5a/5f56a49f37d641647748?key=fc20db938c6d43c9bab7ffaa06dbebec"},{"age":"N/A","url":"https://www.peoplefinders.com/products/name?firstName=kiran&middleName=o&lastName=rao&ln=rao&city=fremont&state=ca&id=G-4412915720677720212","full_name":"Kiran  Rao","locations":["Santa, Clara, CA"],"screenshot":"https://scrapfly.io/d771a1f0-42c0-43c4-8133-47c6ff21c968/scrape/screenshot/6ab80b3b-af69-48a3-a71b-27a8040b5c5a/5f56a49f37d641647748?key=fc20db938c6d43c9bab7ffaa06dbebec"},{"age":"22","url":"https://www.peoplefinders.com/products/name?firstName=kiran&middleName=o&lastName=rao&ln=rao&city=fremont&state=ca&id=G-4412915720677720212","full_name":"Kiran  Rao","locations":["Redwood, City, CA"],"screenshot":"https://scrapfly.io/d771a1f0-42c0-43c4-8133-47c6ff21c968/scrape/screenshot/6ab80b3b-af69-48a3-a71b-27a8040b5c5a/5f56a49f37d641647748?key=fc20db938c6d43c9bab7ffaa06dbebec"},{"age":"47","url":"https://www.peoplefinders.com/products/name?firstName=kiran&middleName=o&lastName=rao&ln=rao&city=fremont&state=ca&id=G-4412915720677720212","full_name":"Kiran D Rao","locations":["Los, Altos, CA","Hoboken, NJ"],"screenshot":"https://scrapfly.io/d771a1f0-42c0-43c4-8133-47c6ff21c968/scrape/screenshot/6ab80b3b-af69-48a3-a71b-27a8040b5c5a/5f56a49f37d641647748?key=fc20db938c6d43c9bab7ffaa06dbebec"},{"age":"25","url":"https://www.peoplefinders.com/products/name?firstName=kiran&middleName=o&lastName=rao&ln=rao&city=fremont&state=ca&id=G-4412915720677720212","full_name":"Kiran  Rao","locations":["San, Francisco, CA","Park, Ridge, NJ"],"screenshot":"https://scrapfly.io/d771a1f0-42c0-43c4-8133-47c6ff21c968/scrape/screenshot/6ab80b3b-af69-48a3-a71b-27a8040b5c5a/5f56a49f37d641647748?key=fc20db938c6d43c9bab7ffaa06dbebec"},{"age":"47","url":"https://www.peoplefinders.com/products/name?firstName=kiran&middleName=o&lastName=rao&ln=rao&city=fremont&state=ca&id=G-4412915720677720212","full_name":"Kiran  Rao","locations":["San, Jose, CA","Frisco, TX","Cupertino, CA"],"screenshot":"https://scrapfly.io/d771a1f0-42c0-43c4-8133-47c6ff21c968/scrape/screenshot/6ab80b3b-af69-48a3-a71b-27a8040b5c5a/5f56a49f37d641647748?key=fc20db938c6d43c9bab7ffaa06dbebec"},{"age":"44","url":"https://www.peoplefinders.com/products/name?firstName=kiran&middleName=o&lastName=rao&ln=rao&city=fremont&state=ca&id=G-4412915720677720212","full_name":"Kiran Srinivas Rao","locations":["Fremont, CA","Pleasanton, CA","Tempe, AZ","Phoenix, AZ"],"screenshot":"https://scrapfly.io/d771a1f0-42c0-43c4-8133-47c6ff21c968/scrape/screenshot/6ab80b3b-af69-48a3-a71b-27a8040b5c5a/5f56a49f37d641647748?key=fc20db938c6d43c9bab7ffaa06dbebec"}]}}]}}}}}}}},"/search-profile":{"post":{"tags":["General"],"summary":"Search On demand","requestBody":{"content":{"application/json":{"schema":{"type":"object","example":{"api_key":"17ea860b-d1b9-44a4-a779-ef1364c841d0","first_name":"kiran","last_name":"rao","city":"Marina del Rey","state":"California"}}}}},"responses":{"200":{"description":"OK","headers":{"Date":{"style":"simple","explode":false,"schema":{"type":"string","example":"Wed, 16 Mar 2022 08:55:34 GMT"}},"Content-Type":{"style":"simple","explode":false,"schema":{"type":"string","example":"application/json"}},"Content-Length":{"style":"simple","explode":false,"schema":{"type":"integer","example":145}},"Connection":{"style":"simple","explode":false,"schema":{"type":"string","example":"keep-alive"}},"x-amzn-RequestId":{"style":"simple","explode":false,"schema":{"type":"string","example":"cd88fce2-acb4-413b-9e86-6be57b73cb9f"}},"x-amz-apigw-id":{"style":"simple","explode":false,"schema":{"type":"string","example":"PEbgxG4YiYcFmbg="}},"X-Amzn-Trace-Id":{"style":"simple","explode":false,"schema":{"type":"string","example":"Root=1-6231a604-410bc4cb14574b5340903657;Sampled=0"}}},"content":{"application/json":{"schema":{"type":"object"},"example":{"message":"Profile Search is started","request_id":"23321ac9-ebc8-4bee-ad2c-130808381658","api_key":"17ea860b-d1b9-44a4-a779-ef1364c841d0"}}}}}}},"/removal-status":{"post":{"tags":["General"],"summary":"Removal Status","requestBody":{"content":{"application/json":{"schema":{"type":"object","example":{"request_id":"283da974-f00c-4ab5-b271-ea3f1a914c64","api_key":"17ea860b-d1b9-44a4-a779-ef1364c841d0","profile_id":"970b0ccf-b9df-446e-8c79-0d76f2f63906"}}}}},"responses":{"200":{"description":"OK","headers":{"Date":{"style":"simple","explode":false,"schema":{"type":"string","example":"Wed, 16 Mar 2022 08:57:26 GMT"}},"Content-Type":{"style":"simple","explode":false,"schema":{"type":"string","example":"application/json"}},"Content-Length":{"style":"simple","explode":false,"schema":{"type":"integer","example":672}},"Connection":{"style":"simple","explode":false,"schema":{"type":"string","example":"keep-alive"}},"x-amzn-RequestId":{"style":"simple","explode":false,"schema":{"type":"string","example":"30238eea-504b-40c2-a6db-b7613dffd728"}},"x-amz-apigw-id":{"style":"simple","explode":false,"schema":{"type":"string","example":"PEbyfFe8CYcFoSQ="}},"X-Amzn-Trace-Id":{"style":"simple","explode":false,"schema":{"type":"string","example":"Root=1-6231a676-566559c2762cbc9c32b033f0;Sampled=0"}}},"content":{"application/json":{"schema":{"type":"object"},"example":{"request_id":"283da974-f00c-4ab5-b271-ea3f1a914c64","enrollment_id":"970b0ccf-b9df-446e-8c79-0d76f2f63906","api_key":"17ea860b-d1b9-44a4-a779-ef1364c841d0","status":"Completed","results":[{"status":"Email Verification Completed","website":"trustifo","api_key":"17ea860b-d1b9-44a4-a779-ef1364c841d0","enrollment_id":"970b0ccf-b9df-446e-8c79-0d76f2f63906","profile_url":"https://trustifo.com/ng/view/Kiran-Rao-BFC5BgH"},{"status":"Email Verification Completed","website":"radaris","api_key":"17ea860b-d1b9-44a4-a779-ef1364c841d0","enrollment_id":"970b0ccf-b9df-446e-8c79-0d76f2f63906","profile_url":"https://radaris.com/~Kiran-Rao/1389966296"}]}}}}}}},"/remove-profile":{"post":{"tags":["General"],"summary":"Profile Removal","requestBody":{"content":{"application/json":{"schema":{"type":"object","example":{"enrollment_id":"970b0ccf-b9df-446e-8c79-0d76f2f63906","api_key":"17ea860b-d1b9-44a4-a779-ef1364c841d0","websites":[{"website":"trustifo","profile_url":"https://trustifo.com/ng/view/Kiran-Rao-BFC5BgH"},{"website":"radaris","profile_url":"https://radaris.com/~Kiran-Rao/1389966296"}]}}}}},"responses":{"200":{"description":"OK","headers":{"Date":{"style":"simple","explode":false,"schema":{"type":"string","example":"Wed, 16 Mar 2022 08:57:40 GMT"}},"Content-Type":{"style":"simple","explode":false,"schema":{"type":"string","example":"application/json"}},"Content-Length":{"style":"simple","explode":false,"schema":{"type":"integer","example":209}},"Connection":{"style":"simple","explode":false,"schema":{"type":"string","example":"keep-alive"}},"x-amzn-RequestId":{"style":"simple","explode":false,"schema":{"type":"string","example":"b0ca1134-d01c-4659-9aab-288f0aa5f625"}},"x-amz-apigw-id":{"style":"simple","explode":false,"schema":{"type":"string","example":"PEb0fFEaiYcF6bQ="}},"X-Amzn-Trace-Id":{"style":"simple","explode":false,"schema":{"type":"string","example":"Root=1-6231a682-0a46b8653bd752f9100ef541;Sampled=0"}}},"content":{"application/json":{"schema":{"type":"object"},"example":{"message":"Profile Removal has been started","request_id":"9754aa89-15af-407d-b326-d6349bccef7a","api_key":"17ea860b-d1b9-44a4-a779-ef1364c841d0","enrollment_id":"970b0ccf-b9df-446e-8c79-0d76f2f63906"}}}}}}},"/search":{"post":{"tags":["General"],"summary":"Search with Enrolment ID","requestBody":{"content":{"application/json":{"schema":{"type":"object","example":{"enrollment_id":"bdafb509-9279-4d97-af63-0d9e6f5a4a7a","api_key":"17ea860b-d1b9-44a4-a779-ef1364c841d0"}}}}},"responses":{"200":{"description":"OK","headers":{"Date":{"style":"simple","explode":false,"schema":{"type":"string","example":"Wed, 16 Mar 2022 08:57:51 GMT"}},"Content-Type":{"style":"simple","explode":false,"schema":{"type":"string","example":"application/json"}},"Content-Length":{"style":"simple","explode":false,"schema":{"type":"integer","example":202}},"Connection":{"style":"simple","explode":false,"schema":{"type":"string","example":"keep-alive"}},"x-amzn-RequestId":{"style":"simple","explode":false,"schema":{"type":"string","example":"6a1d87c8-858b-46d1-b15f-1485c78e5253"}},"x-amz-apigw-id":{"style":"simple","explode":false,"schema":{"type":"string","example":"PEb2LFwsCYcFooA="}},"X-Amzn-Trace-Id":{"style":"simple","explode":false,"schema":{"type":"string","example":"Root=1-6231a68d-4097955c746601d673045fc3;Sampled=0"}}},"content":{"application/json":{"schema":{"type":"object"},"example":{"message":"Profile Search is started","request_id":"87447816-b081-4a1f-ad39-c19129f7d178","api_key":"17ea860b-d1b9-44a4-a779-ef1364c841d0","enrollment_id":"bdafb509-9279-4d97-af63-0d9e6f5a4a7a"}}}}}}}}}