{"openapi":"3.0.0","info":{"title":"School Service","description":"Retrieve student, course, and registrar data","contact":{"name":"Bryan Luu","email":"bluu3@jh.edu"},"version":"1.0.0"},"servers":[{"url":"https://virtserver.swaggerhub.com/605.7897/School_API/1.0.0","description":"Production server"}],"paths":{"/students":{"get":{"description":"UC_S3 - Obtain info about all students","responses":{"200":{"description":"Request successful","content":{"application/json":{"schema":{"type":"array","items":{"$ref":"#/components/schemas/Student"}}}}}}},"post":{"description":"UC_S1 - create new student","requestBody":{"content":{"application/json":{"schema":{"$ref":"#/components/schemas/Student"}}},"required":true},"responses":{"200":{"description":"Student was found","content":{"application/json":{"schema":{"$ref":"#/components/schemas/Student"}}}}}}},"/students/{studentId}":{"get":{"description":"UC_S2 - obtain info about specific student","parameters":[{"name":"studentId","in":"path","description":"The ID of the student to create/modify/delete","required":true,"style":"simple","explode":false,"schema":{"type":"integer","example":45}}],"responses":{"200":{"description":"Student was found","content":{"application/json":{"schema":{"$ref":"#/components/schemas/Student"}}}},"404":{"description":"Student was not found"}}},"put":{"description":"UC_S4 - update info about a specific student","parameters":[{"name":"studentId","in":"path","description":"The ID of the student to create/modify/delete","required":true,"style":"simple","explode":false,"schema":{"type":"integer","example":45}}],"requestBody":{"content":{"application/json":{"schema":{"$ref":"#/components/schemas/Student"}}},"required":true},"responses":{"200":{"description":"Student was found","content":{"application/json":{"schema":{"$ref":"#/components/schemas/Student"}}}},"404":{"description":"Student was not found"}}},"delete":{"description":"UC_S5 - delete a specific student","parameters":[{"name":"studentId","in":"path","description":"The ID of the student to create/modify/delete","required":true,"style":"simple","explode":false,"schema":{"type":"integer","example":45}}],"responses":{"200":{"description":"Student was found","content":{"application/json":{"schema":{"$ref":"#/components/schemas/Student"}}}},"404":{"description":"Student was not found"}}}},"/courses":{"get":{"description":"UC_C3 - Obtain info about all courses","responses":{"200":{"description":"Request successful","content":{"application/json":{"schema":{"type":"array","items":{"$ref":"#/components/schemas/Course"}}}}}}},"post":{"description":"UC_C1 - create new course","requestBody":{"content":{"application/json":{"schema":{"$ref":"#/components/schemas/Course"}}},"required":true},"responses":{"200":{"description":"Course was found","content":{"application/json":{"schema":{"$ref":"#/components/schemas/Course"}}}}}}},"/courses/{courseNumber}":{"get":{"description":"UC_C2 - obtain info about specific student","parameters":[{"name":"courseNumber","in":"path","description":"The ID of the course to create/modify/delete","required":true,"style":"simple","explode":false,"schema":{"type":"integer","example":605789}}],"responses":{"200":{"description":"Course was found","content":{"application/json":{"schema":{"$ref":"#/components/schemas/Course"}}}},"404":{"description":"Course was not found"}}},"put":{"description":"UC_C4 - update info about a specific course","parameters":[{"name":"courseNumber","in":"path","description":"The ID of the course to create/modify/delete","required":true,"style":"simple","explode":false,"schema":{"type":"integer","example":605789}}],"requestBody":{"content":{"application/json":{"schema":{"$ref":"#/components/schemas/Course"}}},"required":true},"responses":{"200":{"description":"Course was found","content":{"application/json":{"schema":{"$ref":"#/components/schemas/Course"}}}},"404":{"description":"Course was not found"}}},"delete":{"description":"UC_C5 - delete a specific student","parameters":[{"name":"courseNumber","in":"path","description":"The ID of the course to create/modify/delete","required":true,"style":"simple","explode":false,"schema":{"type":"integer","example":605789}}],"responses":{"200":{"description":"Course was found","content":{"application/json":{"schema":{"$ref":"#/components/schemas/Course"}}}},"404":{"description":"Course was not found"}}}},"/register":{"get":{"description":"UC_R2 - obtain list of all students registered to a given course","parameters":[{"name":"courseNumber","in":"path","description":"The ID of the course to create/modify/delete","required":true,"style":"simple","explode":false,"schema":{"type":"integer","example":605789}}],"responses":{"200":{"description":"Course registration was found","content":{"application/json":{"schema":{"$ref":"#/components/schemas/Registrar"}}}},"404":{"description":"Course was not found"}}},"put":{"description":"UC_R1 - Register a given student to a course","parameters":[{"name":"courseNumber","in":"path","description":"The ID of the course to create/modify/delete","required":true,"style":"simple","explode":false,"schema":{"type":"integer","example":605789}},{"name":"studentId","in":"path","description":"The ID of the student to create/modify/delete","required":true,"style":"simple","explode":false,"schema":{"type":"integer","example":45}}],"requestBody":{"content":{"application/json":{"schema":{"type":"array","items":{"$ref":"#/components/schemas/Registrar"}}}},"required":true},"responses":{"200":{"description":"Course registration was found","content":{"application/json":{"schema":{"$ref":"#/components/schemas/Registrar"}}}},"404":{"description":"Course was not found"}}},"delete":{"description":"UC_R3 - Remove a given student from a given course","parameters":[{"name":"studentId","in":"path","description":"The ID of the student to create/modify/delete","required":true,"style":"simple","explode":false,"schema":{"type":"integer","example":45}},{"name":"courseNumber","in":"path","description":"The ID of the course to create/modify/delete","required":true,"style":"simple","explode":false,"schema":{"type":"integer","example":605789}}],"responses":{"200":{"description":"Course registration was found","content":{"application/json":{"schema":{"$ref":"#/components/schemas/Registrar"}}}},"404":{"description":"Course or student not found"}}}}},"components":{"schemas":{"Student":{"required":["dateOfBirth","email","lastName","studentId"],"properties":{"studentId":{"type":"integer","example":77},"firstName":{"type":"string","example":"Bryan"},"lastName":{"type":"string","example":"Luu"},"dateOfBirth":{"pattern":"/^\\d{4}-(0[1-9]|1[0-2])-(0[1-9]|[12][0-9]|3[01])$/","type":"string","example":"1995-01-05T00:00:00.000+0000"},"email":{"pattern":"/^[a-zA-Z0-9.!#$%&’*+/=?^_`{|}~-]+@[a-zA-Z0-9-]+(?:\\.[a-zA-Z0-9-]+)*$/","type":"string","example":"bryan@email.com"}},"description":"Model containing Student information"},"Course":{"required":["courseNumber","courseTitle"],"properties":{"courseNumber":{"type":"integer","example":605789},"courseTitle":{"type":"string","example":"Services and API class"}},"description":"Model containing Course information"},"Registrar":{"required":["courseNumber"],"properties":{"courseNumber":{"type":"integer","example":605789},"studentIds":{"type":"array","items":{"maximum":15,"type":"integer"}}},"description":"Model containing Registrar information"}},"responses":{"StudentFound":{"description":"Student was found","content":{"application/json":{"schema":{"$ref":"#/components/schemas/Student"}}}},"StudentNotFound":{"description":"Student was not found"},"CourseFound":{"description":"Course was found","content":{"application/json":{"schema":{"$ref":"#/components/schemas/Course"}}}},"CourseNotFound":{"description":"Course was not found"},"CourseRegistrationFound":{"description":"Course registration was found","content":{"application/json":{"schema":{"$ref":"#/components/schemas/Registrar"}}}}},"parameters":{"studentId":{"name":"studentId","in":"path","description":"The ID of the student to create/modify/delete","required":true,"style":"simple","explode":false,"schema":{"type":"integer","example":45}},"courseNumber":{"name":"courseNumber","in":"path","description":"The ID of the course to create/modify/delete","required":true,"style":"simple","explode":false,"schema":{"type":"integer","example":605789}}}}}