{"openapi":"3.0.0","info":{"title":"School Service","description":"Allows access of student, course, and registrar data","contact":{"name":"SRS Service API Support","url":"https://ep.jhu.edu/APIsupport","email":"email@support.edu"},"version":"1.0.0"},"servers":[{"url":"https://virtserver.swaggerhub.com/605.7897/School_Service/1.0.0","description":"SwaggerHub API Auto Mocking"},{"url":"https://virtserver.swaggerhub.com/605.789.81.SP22/SRS_Service_OAS3.0/2.0.0","description":"Production server"}],"paths":{"/students":{"get":{"description":"obtain info about admitted students","parameters":[{"name":"bodyLimit","in":"query","description":"max number of students to be returned","required":false,"style":"form","explode":true,"schema":{"maximum":1E+2,"minimum":1E+1,"type":"integer","example":55}},{"name":"pageLimit","in":"query","description":"max number of pages to be returned","required":false,"style":"form","explode":true,"schema":{"maximum":2E+1,"minimum":1E+1,"type":"integer","example":15}}],"responses":{"200":{"description":"A list of admitted students","content":{"application/json":{"schema":{"type":"array","items":{"$ref":"#/components/schemas/Student"}}},"application/xml":{"schema":{"type":"array","items":{"$ref":"#/components/schemas/Student"}}}}}}},"post":{"description":"create new student in DB","requestBody":{"content":{"application/json":{"schema":{"$ref":"#/components/schemas/students_body"}}},"required":true},"responses":{"200":{"description":"successfully created new student"}}}},"/students/{id}":{"get":{"description":"obtain info about specific student","parameters":[{"name":"id","in":"path","description":"the ID of new student","required":true,"style":"simple","explode":false,"schema":{"type":"integer","example":44}}],"responses":{"200":{"description":"successfully created new student","content":{"application/json":{"schema":{"type":"array","items":{"$ref":"#/components/schemas/Student"}}}}}}}}},"components":{"schemas":{"Student":{"properties":{"id":{"type":"integer","example":77},"name":{"type":"string","example":"Alex"},"email":{"type":"string","example":"alex@email.com"}},"description":"Model containing Student information"},"students_body":{"type":"object","properties":{"id":{"type":"integer","example":10},"name":{"type":"string","example":"felikson"},"email":{"type":"string","example":"felikson@email.com"}}}}}}