{"openapi":"3.0.0","info":{"title":"Banking application api","version":"1-oas3"},"servers":[{"url":"https://virtserver.swaggerhub.com/642701/BankAppAPI/1-oas3","description":"SwaggerHub API Auto Mocking"}],"paths":{"/api/Accounts":{"get":{"description":"gets bank accounts from db","parameters":[{"name":"IBAN","in":"query","description":"the amount of accounts returned","required":true,"style":"form","explode":true,"schema":{"maximum":1E+1,"minimum":1,"type":"string","example":"5"}}],"responses":{"200":{"description":"successful pull of accounts","content":{"application/json":{"schema":{"type":"object","properties":{"IABN":{"type":"integer"}}}}}}}},"post":{"description":"creates a new bank account","requestBody":{"content":{"application/json":{"schema":{"$ref":"#/components/schemas/BankAccountDTO"}}},"required":true},"responses":{"200":{"description":"check if creation successful or unsuccessful.","content":{"application/json":{"schema":{"type":"string","example":"Record added successfully!"}}}},"400":{"description":"bad input parameter"}}}},"/api/Accounts/{IBAN}":{"get":{"description":"gets information for a specific bank account from db","parameters":[{"name":"IBAN","in":"path","description":"NL 01 ABNA 0000000000","required":true,"style":"simple","explode":false,"schema":{"maximum":18,"minimum":18,"type":"string"}}],"responses":{"200":{"description":"account pulling successful","content":{"application/json":{"schema":{"$ref":"#/components/schemas/BankAccountDTO"}}}},"404":{"description":"the account does not exist."}}}}},"components":{"schemas":{"BankAccountDTO":{"type":"object","properties":{"id":{"type":"integer","example":1},"IBAN":{"type":"string","example":"NL 91 ABNA 0417164300"},"OwnerName":{"type":"string","example":"Aizaz Ahsan"},"Balance":{"type":"number","example":4300.8}},"description":"Model containing Bank Account information"},"WithdrawDTO":{"type":"object","properties":{"amount":{"type":"number","example":5451.5}},"description":"Model containing withdraw info"},"TransactionDTO":{"type":"object","properties":{"id":{"type":"integer"},"from":{"type":"string"},"to":{"type":"string"},"amount":{"type":"number"}},"description":"Model containing withdraw info"}}}}