{"openapi":"3.0.0","info":{"title":"Banking API","description":"This API manages data for a banking application","version":"1.0.0"},"servers":[{"url":"https://virtserver.swaggerhub.com/650397/BankingApp/1.0.0","description":"SwaggerHub API Auto Mocking"}],"paths":{"/accounts":{"get":{"summary":"Returns all bank accounts","description":"This call returns all bank accounts","operationId":"GetAccounts","parameters":[{"name":"offset","in":"query","description":"Number of items to skip before starting to collect result","required":false,"style":"form","explode":true,"schema":{"type":"integer"}},{"name":"limit","in":"query","description":"Maximum number of items to return","required":false,"style":"form","explode":true,"schema":{"maximum":1E+1,"type":"integer"}}],"responses":{"200":{"description":"search results matching criteria","content":{"application/json":{"schema":{"type":"array","items":{"$ref":"#/components/schemas/BankAccount"}}}}},"400":{"description":"bad input parameter"}}},"post":{"summary":"Creates a new bank account","description":"This request creates a new bank account from request body","operationId":"CreateAccount","requestBody":{"description":"Account to add","content":{"application/json":{"schema":{"$ref":"#/components/schemas/BankAccount"}}}},"responses":{"201":{"description":"account created"},"400":{"description":"invalid input, object invalid"}}}},"/accounts/{IBAN}":{"get":{"parameters":[{"name":"IBAN","in":"path","description":"The Account's IBAN","required":true,"style":"simple","explode":false,"schema":{"minimum":1,"type":"string"}}],"responses":{"200":{"description":"account found","content":{"application/json":{"schema":{"type":"array","items":{"$ref":"#/components/schemas/BankAccount"}}}}},"500":{"description":"account not found"}}}},"/accounts/{IBAN}/deposit":{"put":{"parameters":[{"name":"IBAN","in":"path","description":"The Account's IBAN","required":true,"style":"simple","explode":false,"schema":{"minimum":1,"type":"string"}},{"name":"amount","in":"query","description":"Add amount to balance","required":false,"style":"form","explode":true,"schema":{"type":"number"}}],"responses":{"200":{"description":"amount deposited","content":{"application/json":{"schema":{"type":"array","items":{"$ref":"#/components/schemas/BankAccount"}}}}},"500":{"description":"account not found"}}}}},"components":{"schemas":{"BankAccount":{"required":["IBAN","holder"],"type":"object","properties":{"IBAN":{"type":"string","format":"string","example":"NL12-INGB-0001-1234-12"},"holder":{"type":"string","format":"string","example":"Alice"},"balance":{"type":"number","format":"double","example":2.5E+5}}}}}}