{"openapi":"3.0.0","info":{"title":"Cats","description":"","version":"1"},"servers":[{"url":"https://virtserver.swaggerhub.com/666976/Example-cats/1","description":"SwaggerHub API Auto Mocking"},{"url":"https://cat-fact.herokuapp.com","description":"Live server"}],"paths":{"/facts":{"get":{"tags":["cat facts"],"summary":"Provides cat facts","description":"This call provides cat facts","operationId":"GetFacts","responses":{"200":{"description":"This call provides cat facts","content":{"application/json":{"schema":{"type":"array","items":{"$ref":"#/components/schemas/CatFactDTO"}}}}},"400":{"description":"bad input parameter"}}}}},"components":{"schemas":{"CatFactStatusDTO":{"required":["sentCount","verified"],"type":"object","properties":{"verified":{"type":"boolean"},"sentCount":{"type":"integer"}}},"CatFactDTO":{"required":["_id","_v","createdAt","source","status","text","type","updatedAt","user"],"type":"object","properties":{"staus":{"$ref":"#/components/schemas/CatFactStatusDTO"},"_id":{"type":"string","example":"58e008800aac31001185ed07"},"user":{"type":"string","example":"58e007480aac31001185ecef"},"text":{"type":"string","example":"cats meow!"},"__v":{"type":"integer","example":9},"source":{"type":"string","example":"user"},"updatedAt":{"type":"string","example":"2020-08-23T20:20:01.611Z"},"type":{"type":"string","example":"cat"},"createdAt":{"type":"string","example":"2020-08-23T20:20:01.611Z"}}}}}}