{"openapi":"3.0.0","info":{"title":"Hello api","description":"Hello api","version":"1.0.0"},"servers":[{"url":"https://virtserver.swaggerhub.com/666976/Example-hello-world/1.0.0","description":"SwaggerHub API Auto Mocking"}],"paths":{"/hello":{"get":{"summary":"Prints hello","description":"By passing in a name, you can greet the person\nwith that name\n","operationId":"hello","parameters":[{"name":"name","in":"query","description":"the name to greet","required":false,"style":"form","explode":true,"schema":{"type":"string"}}],"responses":{"200":{"description":"the message","content":{"application/json":{"schema":{"type":"string","example":"hello test"}}}},"400":{"description":"bad input parameter"}}}}}}