{"openapi":"3.0.0","info":{"title":"API для кинотеатра","description":"Многофункциональный API для кинотеатра Искорка","version":"1.0.0"},"servers":[{"url":"https://virtserver.swaggerhub.com/A34397/Iskorka/1.0.0","description":"SwaggerHub API Auto Mocking"}],"paths":{"/booking_database":{"post":{"summary":"Добавить новое бронирование в базу бронирования","requestBody":{"content":{"application/json":{"schema":{"type":"object","properties":{"id_session":{"type":"integer"},"places":{"type":"array","items":{"type":"integer"}},"name":{"type":"string"},"payment_method":{"type":"string"}}}}}},"responses":{"200":{"description":"OK","content":{"application/json":{"schema":{"type":"object","properties":{"id":{"type":"integer"}}}}}}}},"delete":{"summary":"Удалить существующее бронирование в базе бронирования","parameters":[{"name":"id","in":"query","required":true,"style":"form","explode":true,"schema":{"type":"integer"}}],"responses":{"200":{"description":"OK"}}}},"/booking_system":{"get":{"summary":"Получить информацию о наличии мест на сеансе","parameters":[{"name":"available_places","in":"query","required":true,"style":"form","explode":true,"schema":{"type":"array","items":{"type":"integer"}}}],"responses":{"200":{"description":"OK","content":{"application/json":{"schema":{"type":"object","properties":{"id":{"type":"integer"},"id_session":{"type":"integer"},"available_places":{"type":"array","items":{"type":"integer"}},"ticket_price":{"type":"integer"}}}}}}}}},"/online_schedule":{"put":{"summary":"Изменить время сеанса в онлайн-расписании","requestBody":{"content":{"application/json":{"schema":{"type":"object","properties":{"id":{"type":"integer"},"name":{"type":"string"},"date":{"type":"string","format":"date-time"},"hall":{"type":"integer"}}}}}},"responses":{"200":{"description":"OK"}}}}}}