{"openapi":"3.0.0","info":{"title":"Tikitic Shop Customer Data","version":"1.0.0"},"servers":[{"url":"https://virtserver.swaggerhub.com/A38/ts-shop-customer-data/1.0.0","description":"SwaggerHub API Auto Mocking"}],"paths":{"/customer_data/{token}":{"get":{"operationId":"getCustomerData","parameters":[{"name":"token","in":"path","description":"One time token","required":true,"style":"simple","explode":false,"schema":{"type":"string"}}],"responses":{"200":{"description":"Customer data","content":{"application/json":{"schema":{"$ref":"#/components/schemas/Customer"}}}},"404":{"description":"Not found"}}}}},"components":{"schemas":{"Customer":{"required":["email"],"type":"object","properties":{"email":{"type":"string","format":"email","example":"john.doe@example.com"},"name":{"type":"string","example":"John Doe"},"billing":{"$ref":"#/components/schemas/BillingInfo"}}},"BillingInfo":{"type":"object","properties":{"name":{"type":"string","example":"ACME Corporation"},"country":{"type":"string","example":"HU"},"postcode":{"type":"string","example":"1234"},"city":{"type":"string","example":"Budapest"},"street":{"type":"string","example":"Fő utca 1."},"taxNumber":{"type":"string","example":"12345678-9-10"},"email":{"type":"string","format":"email","example":"billing@example.com"}}}}}}