{"openapi":"3.0.0","info":{"title":"Adiona FlexOps API","description":"# 1. Introduction\nWelcome to the Adiona FlexOps API, a powerful automation toolkit that allows medium and large logistics organizations, B2B/B2C delivery software platforms, manufacturers, and more to achieve new levels of efficiecy.  <br>\n\nThis API gives you access to powerful machine-learning assisted delivery route planning at large scale, and also introduces entirely new algorithms to support depot and hub allocation for micro-fulfillment centres (MFC), Pickup/Dropoff systems (PUDO), and autonomous mobile hubs.  It also supports range limitations and charging constraints for EVs, AVs, and drones.  This is important because there are many route optimizers on the market, but most (if not all) are based on algorithms developed in the 1970's. For a detailed explanation of route optimization, head to our blog here: [https://www.adionatech.com/insights/route-optimization-overview](https://www.adionatech.com/insights/route-optimization-overview)\n\nUsing this API, you will be able to: \n\n- Bundle orders from different customers into delivery routes at the lowest cost.\n- Minimize the number of routes and therefore the number of required drivers.\n- Determine the optimal order of visits in each route so that the duration is minimized while still meeting all time windows and other constraints.\n- Support both pickup and delivery activities using the volume or weight capacity of the vehicle constantly.\n- Assign the right inventory to depots, dark stores, MFCs, or PUDOs based on flexible constraints such as time or distance.\n- Simulate and execute a range of business models quickly and cost efficiently.\n- If some orders cannot be included, they will be returned in a list of unassigned jobs.<br>\n\nThe data structures and endpoints are broken into three sections below:\n1) Vehicle Routing Problem High-Density (VRPHD):  This is our classic machine-learning powered API that solves for large scale delivery routing.\n2) Pickup and Dropoff Vehicle Routing Problem (PDVRP): This is for slightly smaller fleets with more complex contraints like lots of pickups and tight delivery time windows.\n3) Depot Allocation (DA): This is for allocating inventory to a fixed or mobile hub or vehicle, which feeds into the other algorithms above.\n\nRefer to our tutorials and case studies for more details on how to use each API/algorithm.\n\n### API Servers\nIf you are an Adiona user, you can access the Adiona FlexOps API via the following servers\n| Server | Base URL | \n| --- | --- |\n| Production | https://flexops-api.adionatech.com/api/v1 |\n| Sandbox | https://sandbox.flexops-api.adionatech.com/api/v1 |\n| Production Web App | https://command.adionatech.com/ |\n| Sandbox Web App | https://sandbox.command.adionatech.com/ |\n---\n# 2. Terminology\nWe endeavour to use industry-standard terms and for comprehensiveness we will define concepts here.\n\n| Term | Definition | \n| --- | --- | \n| *| This field is REQUIRED. Unstarred fields are optional |\n| API Key| A JWT token to access the endpoints. |\n| Geocoding | The process of determining the latitude and longitude coordinates of an address. | \n| Depot | The place where routes originate and/or terminate. | \n| Customer | The place where the stop (pickup or dropoff or job) is. |\n| Vehicle | Synonymous with \"Driver\" in Adiona, which can be interpreted as delivery agent or worker. |\n| Shift | Defines the time period of work according to the business needs. |\n| Meta Parameters | Specific values needed for optimization engine. |\n---\n# 3. Quick-start Guide\nTo get started, create an account at [https://command.adionatech.com/](https://command.adionatech.com/) and name your first organization. With your authentication details you are able to receive tokens via API.\n\n  <b>Do you want to experiment using CSV files first?  Sign up for our [free trial](http://www.adionatech.com) and get immediate access to the templates.</b>\n\n ### Get token\n\nTo get a authentication token user must post their email password to the API authentication point \n\nWatch [this video](https://www.loom.com/share/beaa42d357af47cfb424cba786b897df) for a quick tutorial.\n\n1. Submit a request at the *\"/auth/token\"* endpoint. If there is no error in the request, the server will return a JWT token that is to be added to requests in the header. \n\n### Make authorised requests\nTo authenticate subsequent API requests, user must provide a valid bearer token in the HTTP header, e.g. `Authorization: Bearer {bearer_token}`.\n1. Submit a request at the *\"jobs\"* endpoint or the *\"results\"* endpoint. If there is no error in the request, the server will return a status 200. \n2. Jobs that have large datasets can take more time. Use the `request id` given in step 1 to check the availability of the solution at the *\"jobs\"* endpoint periodically until a result containing the scenario is given with status 200. \n# 4. Visualization of the result\nUsers can use Adiona's Command app to visualize the data throughout the process. \n\n  - Access the production environment application at [https://command.adionatech.com](https://command.adionatech.com).\n  - Access the sandbox environment application at [https://sandbox.command.adionatech.com](https://sandbox.command.adionatech.com).\n  - The app allows for review of initial data, where users can double check their data before submitting for optimization\n  - Once data has been optimized the user can visually see the scenario on a map as well as a timeline with summary statistics.\n  \n# 5. API Description\n---\n### Depot\nThe depot must be provided for submitting jobs, requires information including its location, and id, such as\n```\n\"depot\": {\n  \"id\": \"SampleDepot\",\n  \"location\": {\n        \"lat\": -33.902797,\n        \"long\": 151.1953028\n    }\n}\n```\n- `id`: *is the id of the depot you would like to connect customers to and associate vehicle displayed.\n- `location`: *is the geolocation of the depot, where lat is the latitude and long is the longitude. \n### Customer\nCustomers must be provided in an array as the example below:\n```\n\"customers\": [\n  {\n    \"id\": \"123456\"\n    \"location\": {\n      \"address\": \"1 Smith Street, Sydney, NSW, 2000\",\n        \"lat\": -33.8701447,\n        \"long\": 151.2064844\n    },\n    \"demand\": [1, 1, 5],\n    \"startTime\": \"00:00\",\n    \"endTime\": \"17:00\",\n    \"zone\": \"City Metro\",\n    \"serviceTime\": 120\n  },\n  ...\n]\n```\n- `id`: *is the unique identifier. It must be unique.\n- `location`: *is the geolocation in address string (to be geocoded by us) or lat/long (you have already geocoded it). \n  The following example has a valid address string location to be geocoded.\n     ```\n     \"location\": {\n             \"address\": \"1 Smith Street, Sydney, NSW, 2000, Australia\"\n      }\n     ```\n     If lat/long is also included in the location, the address string won't be geocoded and the lat/long will be used as-is. Note that it will not be checked to confirm that it represents the address string.\n     ```\n     \"location\": {\n            \"address\": \"1 Smith Street, Sydney, NSW, 2000\",\n            \"lat\": -33.8701447,\n            \"long\": 151.2064844\n        }\n    ```\n  \n    If either the lat or long is not included in the location, the validation will be unsuccessful and there will be an error message \"Request Failed Validation is unsuccessful! Error in customerID Longitude is missing!\"\"\n     ```\n      \"location\": {\n             \"address\": \"1 Smith Street, Sydney, NSW, 2000\",\n             \"lat\": -33.8701447\n         }\n     ```\n     If any one of the address strings is an invalid string that can't be geocoded, the lat/long will be updated to -29 & 165 respectively and the status will be set to \"Delayed\". The user can check the status of the results and use scenarioId to get the successfully geocoded addresses.  They can filter unsuccessful addresses by the reserved -29/165 to correct them.  They can also be corrected graphically in our Command software.\n     \n     ```\n     {\n        \"scenarioId\": \"5893218050768896\",\n        \"status\": \"Delayed\",\n        \"detail\": \"job has been recieved\",\n        \"timestamp\": 1620635162742,\n        \"comment\": \"There are bad addresses that cannot be Geocoded. The lat & long are set to -29 & 165 respectively. Use the scenarioId to get back the payload include the lat/long of the successfully geocoded address\"\n         }\n\n     ```\n\n- `demand`: *is an array that contains 1) *the number of items e.g. boxes, pallets, or other unit of your choice related to the delivery vehicle capacity. It need not be an integer. And 2) *the number of vehicles you require (default is 1, should be an integer), 3) the total order weight, 4) the order volume. Note that weight and volume are not required but if they are included here, they must also be included in the vehicle capacity array. Currently only weight will show on the Command display.\n- `startTime`: *start time of the delivery window for the customer.\n- `endTime`: *end time of the delivery window for the customer.\n- `zone`: zone the customer belongs to. Requires customization.\n- `serviceTime`: number of seconds anticipated to service that stop. Each customer can have a unique serviceTime value and it must be a positive number. If the serviceTime is undefined it is selected from the shifts.\n### Vehicle\nVehicles must be provided for submitting jobs, in an array as the example below\n```\n\n \"vehicles\": [\n  {\n  \"id\": \"VIC1\",\n  \"available\": {\n    \"night\": {\n      \"capacities\": [123, 120, 100, 1000],\n      \"depots\": [\"SampleDepot\"]\n    },\n    \"day\": {\n      \"capacities\": [120, 97, 100, 1000],\n      \"depots\": [\"SampleDepot\"]\n      }\n    }\n  },\n... ]\n```\n- `id`: *is the unique identifier.\n- `available`: *defines what shift availability the vehicle has.\n- `night` or `day`: is an example of a shift can be set to suit your business. See below.\n- `capacities`: is an array that contains the maximum 1) *items, 2) *stops per vehicle per shift, 3) vehicle loading weight, and 4) vehicle volume capacity.  <br>\n<br>Index 2) refers to the maximum amount of deliveries/stops one vehicle can make. It is an optional field but is useful for improving the output of the algorithms. If number of customers is unlimited, set this to a very high value. <br><br> Index 3) Weight and Index 4) volume are optional, but if they are included here, they must also be included in the customer demand array (see above).\n### Shift\nShifts must be provided for submitting jobs, in an array as the example below. Shifts are actually more like \"Delivery Time Windows\". A \"Shift\" refers to the earliest time a driver is allowed to deliver to the first customer, and the latest time a driver is allowed to deliver to the last customer. It does not refer to the actual driver shift. <br><br>For example, a shift could be 10am-5pm, but the driver might still need to leave the depot at 9am to reach the first customer at 10am.\n\n```\n\n \"shifts\": [\n    {\n      \"id\": \"night\",\n      \"start\": \"00:00\",\n      \"end\": \"07:00\",\n      \"customerServiceTime\": 120\n    },\n    {\n      \"id\": \"day\",\n      \"start\": \"08:00\",\n      \"end\": \"17:00\",\n      \"customerServiceTime\": 120\n    },\n... ]\n```\n- `id`: *is the unique identifier.\n- `start`: *shift start time.\n- `end`: *shift end time.\n- `customerServiceTime`: *number of seconds anticipated to service a customer stop. The demo version is limited to a single service time per shift applied to all customers, however paid accounts get access to service times for individual vehicles or customers as described in the Customer array.\n\n\n ### Meta parameters\n\nMetaparameters must be provided for submitting jobs, in an object as the example below\n```\n\"meta_parameters\": {\n  \"target_trip_duration\": 8,\n  \"special_time_windows\": [\"00:00-17:00\", \"02:00-10:00\"],\n  \"workflow\": \"DELAYED\",\n  \"combined_zones\": [\n    [\"City Metro\", \"Regional A\"],\n    ...\n    ],\n  \"transport_mode\": \"TRUCK\",\n  \"return_to_depot\": true\n\n\n}\n```\n- `target_trip_duration`: *is the ideal trip duration in hours in decimal format, e.g. 1.5 hours = 90 minutes. This includes from when a driver leaves the depot to when they complete their last stop or return to the depot. This is a soft constraint and will not enforce the routes to be exactly this long, it just helps the algorithm determine the initial routes.\n- `special_time_windows`: is an array of customer time windows that you allow to share when they cross over a shift or group of shifts.  For example, if your customers will accept delivery any time during the day (00:00 - 17:00) and you run multiple driver shifts during that timespan (e.g. early AM, AM, early PM, PM), the algorithm will search for the optimal shift and route based on other customer orders to minimize cost. \n- `workflow`: *either DELAYED or IMMEDIATE. DELAYED allows the data to be reviewed on Adiona's Command application before optimization. IMMEDIATE will send the data directly to optimization.\n- `combined_zones`: is an array of zones you would like to combine. Only use when you have customized zones setup with Adiona. The algorithm will typically not allow any customers in different \"zones\" to be placed in the same route. However, if you combine zones then the algorithm will allow this.\n\n- `transport_mode`:is the mode of transport for your fleet. <br>The valid modes are DRIVING, TRUCK, BICYCLING & WALKING . \n  <br>DRIVING can be used for Motorbikes, Cars & Vans.  \n  TRUCK can be used for Small & Large Trucks. These route calculations use different Speed Profiles for light, medium, and heavy trucks. You can further optimize truck routing for traffic and also support penalizing roads with specific kinds of attributes such as Tolls.\n  <br>BICYCLING can be used for Push Bikes. \n  <br>WALKING can be used for Foot Delivery. <br>If the field\n  is not present the default DRIVING mode will be used. <br>\n- `return_to_depot` is a boolean value that determines whether the vehicle returns to depot or not. It can be either true or false. If not present, the default is false (do not return to depot).\n\n\n\n# 6. Save and Sync\n\n`Save` and `Sync` buttons & flags are for the routers to manage the workflow using our frontend. We strongly recommend that each optimized job should only be handled by one router.\n\nAfter a job is optimized, it has status `Optimized`. If you try fetching the result using the endpoint `result/:jobId`, you will see the returned payload includes the `version` field, which has value as `origin`. Basically, this is the original optimization output which has not been manually modified by any users.\n\nIf a router opens the optimized job and makes some changes such as moving a stop from route 1 to route 2, the changes are only stored locally in the browser. If the router wants to save the temporary changes on the server, they can press the Save button and the job status becomes `Saved`. Now if the router closes or cleans their browser, they still see the changes when they reload the job.\n\nAnother benefit of the `Save` button is to share what has been modified with the team. Please note that every member can press the `Save` button at any time but the server only stores the latest version. In general, the `Save` button is for saving a work-in-progress job and if you try fetching the result using the endpoint `result/:jobId`, you will see the `version` flag is still `origin`.\n\nAfter the router finishes editing the job, they can press the `Sync` button. The synced version of the job will be stored in the server, and the job status will change to `sync`. If you try fetching the result using the endpoint `result/:jobId`, you will see the `version` flag is `synced`, which can be used in your backend to check if the job has been approved by the router. If the router has second thoughts, they can still edit the job. Our server only stores the latest synced version. In order to override the previous synced version, remember to press `Sync` again when done. We recommend you to build an interface for the router to fetch the result back whenever they want.","termsOfService":"https://www.adionatech.com/flexops-api","contact":{"name":"Adiona FlexOps","url":"https://www.adionatech.com/flexops-api"},"version":"1.1.6"},"servers":[{"url":"https://flexops-api.adionatech.com/api/v1","description":"Release version of Adiona FlexOps API. Stable and up-to-date."},{"url":"https://sandbox.flexops-api.adionatech.com/api/v1","description":"Sandbox version of Adiona FlexOps API. Beta endpoints will be deployed here for testing purpose."},{"url":"https://dev.flexops-api.adionatech.com/api/v1"}],"paths":{"/auth/token":{"post":{"tags":["Auth"],"summary":"get authenticated token to make authorized requests to the api.","description":"This endpoint takes your encoded email and password and returns a JWT token to be used in the header with 'Bearer {token}'.","operationId":"getAuthToken","requestBody":{"content":{"application/x-www-form-urlencoded":{"schema":{"$ref":"#/components/schemas/authentication"}}},"required":true},"responses":{"200":{"description":"A successful auth request. A `token` is returned to user.","content":{"application/json":{"schema":{"type":"object","example":{"success":true,"token":"eyhkgkrlmkrlm...","expiresAt":1610423569,"expiredIn":3600}}}}},"204":{"description":"Response to a successful request that won't be returning a body."},"400":{"description":"Bad Request (A validation exception has occurred.)"}},"security":[{"bearerAuth":[]}]}},"/vrphd/jobs/submit":{"post":{"tags":["VRPHD"],"summary":"submit data to the VRPHD Model for delayed or immediate optimisation.","description":"Data must meet the specific requirements and if any are not met then the api will return the exact reason why it cannot be optimized.<br><br>Delayed optimisation gives the users time to review their data on the Command App before submitting for optimisation.","operationId":"postNewJob","requestBody":{"content":{"application/json":{"schema":{"$ref":"#/components/schemas/job_payload"}}},"required":true},"responses":{"200":{"description":"A successful request fetched. A `request id` is returned to user.","content":{"application/json":{"schema":{"type":"object","properties":{"requestId":{"type":"number","example":5707820058017792}}}}}},"204":{"description":"Response to a successful request that won't be returned a body."},"400":{"description":"Bad Request (A validation exception has occurred)."},"401":{"description":"Unauthorized (Invalid authorization credentials)."},"403":{"description":"When authentication succeeded but authenticated user doesn't have access to the resource."},"404":{"description":"Not Found (The resource you have specified cannot be found)."},"500":{"description":"Internal Server Error."},"501":{"description":"Not Implemented (The method you have called has not been implemented)."},"503":{"description":"Rate Limit Exceeded."}},"security":[{"bearerAuth":["bearer token"]}]}},"/vrphd/jobs/{jobId}":{"get":{"tags":["VRPHD"],"summary":"get the data of previously submitted VRPHD job .","description":"This endpoint will return the data of a previously submitted job using the requestId.","operationId":"getJob","parameters":[{"name":"jobId","in":"path","required":true,"style":"simple","explode":false,"schema":{"type":"string"}}],"responses":{"200":{"description":"This endpoint responds with the data used for optimization.","content":{"application/json":{"schema":{"$ref":"#/components/schemas/job_response"}}}}},"security":[{"bearerAuth":["bearer token"]}]},"put":{"tags":["VRPHD"],"summary":"update a delayed VRPHD job payload.","description":"Data must meet the specific requirements and if any are not met then the api will return the exact reason why it cannot be optimized. <br><br>Delayed optimisation gives the users time to review their data on the Command App before submitting for optimisation.","operationId":"putVrphdJob","parameters":[{"name":"jobId","in":"path","required":true,"style":"simple","explode":false,"schema":{"type":"string"}}],"requestBody":{"content":{"application/json":{"schema":{"$ref":"#/components/schemas/job_payload"}}},"required":true},"responses":{"200":{"description":"A successful request fetched. A `request id` is returned to user.","content":{"application/json":{"schema":{"type":"object","properties":{"jobId":{"type":"number","example":5707820058017792},"success":{"type":"boolean","example":true}}}}}},"204":{"description":"Response to a successful request that won't be returned a body."},"400":{"description":"Bad Request (A validation exception has occurred)."},"401":{"description":"Unauthorized (Invalid authorization credentials)."},"403":{"description":"When authentication succeeded but authenticated user doesn't have access to the resource."},"404":{"description":"Not Found (The resource you have specified cannot be found)."},"500":{"description":"Internal Server Error."},"501":{"description":"Not Implemented (The method you have called has not been implemented)."},"503":{"description":"Rate Limit Exceeded."}},"security":[{"bearerAuth":["bearer token"]}]}},"/vrphd/jobs/optimize/{jobId}":{"post":{"tags":["VRPHD"],"summary":"optimize a delayed VRPHD job payload.","description":"Data must meet the specific requirements and if any are not met then the api will return the exact reason why it cannot be optimized. <br><br>Delayed optimisation gives the users time to review their data on the Command App before submitting for optimisation.","operationId":"putOptimizeVrphdJob","parameters":[{"name":"jobId","in":"path","required":true,"style":"simple","explode":false,"schema":{"type":"string"}}],"responses":{"200":{"description":"A successful request fetched. A `request id` is returned to user.","content":{"application/json":{"schema":{"type":"object","properties":{"jobId":{"type":"number","example":5707820058017792},"success":{"type":"boolean","example":true}}}}}},"204":{"description":"Response to a successful request that won't be returned a body."},"400":{"description":"Bad Request (A validation exception has occurred)."},"401":{"description":"Unauthorized (Invalid authorization credentials)."},"403":{"description":"When authentication succeeded but authenticated user doesn't have access to the resource."},"404":{"description":"Not Found (The resource you have specified cannot be found)."},"500":{"description":"Internal Server Error."},"501":{"description":"Not Implemented (The method you have called has not been implemented)."},"503":{"description":"Rate Limit Exceeded."}},"security":[{"bearerAuth":["bearer token"]}]}},"/vrphd/results/{resultId}":{"get":{"tags":["VRPHD"],"summary":"get the VRPHD result status .","description":"This endpoint responds with the current state of the job. Includes whether it is progress or optimized.","operationId":"getResult","parameters":[{"name":"resultId","in":"path","required":true,"style":"simple","explode":false,"schema":{"type":"string"}}],"responses":{"200":{"description":"A successful result fetched. A `scenario id` is returned to user.","content":{"application/json":{"schema":{"$ref":"#/components/schemas/result"}}}},"204":{"description":"Response to a successful request that won't be returning a body."},"400":{"description":"Bad Request (A validation exception has occurred.)"},"401":{"description":"Unauthorized (Invalid authorization credentials.)"},"403":{"description":"When authentication succeeded but authenticated user doesn't have access to the resource"},"404":{"description":"Not Found (The resource you have specified cannot be found)"},"500":{"description":"Internal Error"},"501":{"description":"Not Implemented (The method you have called has not been implemented)"},"503":{"description":"Rate Limit Exceeded"}},"security":[{"bearerAuth":["bearer token"]}]}},"/pdvrp/jobs/submit":{"post":{"tags":["PDVRP"],"summary":"submit data to the PDVRP model for delayed or immediate optimisation.","description":"Data must meet the specific requirements and if any are not met then the api will return the exact reason why it cannot be optimized. <br><br>Delayed optimisation gives the users time to review their data on the Command App before submitting for optimisation.","operationId":"postNewPdvrpJob","requestBody":{"content":{"application/json":{"schema":{"$ref":"#/components/schemas/job_pdvrp_payload"}}},"required":true},"responses":{"200":{"description":"A successful request fetched. A `request id` is returned to user.","content":{"application/json":{"schema":{"type":"object","properties":{"jobId":{"type":"number","example":5707820058017792},"success":{"type":"boolean","example":true}}}}}},"204":{"description":"Response to a successful request that won't be returned a body."},"400":{"description":"Bad Request (A validation exception has occurred)."},"401":{"description":"Unauthorized (Invalid authorization credentials)."},"403":{"description":"When authentication succeeded but authenticated user doesn't have access to the resource."},"404":{"description":"Not Found (The resource you have specified cannot be found)."},"500":{"description":"Internal Server Error."},"501":{"description":"Not Implemented (The method you have called has not been implemented)."},"503":{"description":"Rate Limit Exceeded."}},"security":[{"bearerAuth":["bearer token"]}]}},"/pdvrp/jobs/{jobId}":{"get":{"tags":["PDVRP"],"summary":"get the data of the previously submitted PDVRP job.","description":"This endpoint will return the data of a previously submitted job using the jobId.","operationId":"getPdvrpJob","parameters":[{"name":"jobId","in":"path","required":true,"style":"simple","explode":false,"schema":{"type":"string"}}],"responses":{"200":{"description":"This endpoint responds with the data used for optimization.","content":{"application/json":{"schema":{"$ref":"#/components/schemas/pdvrp_job_response"}}}}},"security":[{"bearerAuth":["bearer token"]}]},"put":{"tags":["PDVRP"],"summary":"update a delayed PDVRP job payload.","description":"Data must meet the specific requirements and if any are not met then the api will return the exact reason why it cannot be optimized. <br><br>Delayed optimisation gives the users time to review their data on the Command App before submitting for optimisation.","operationId":"putPdvrpJob","parameters":[{"name":"jobId","in":"path","required":true,"style":"simple","explode":false,"schema":{"type":"string"}}],"requestBody":{"content":{"application/json":{"schema":{"$ref":"#/components/schemas/job_pdvrp_payload"}}},"required":true},"responses":{"200":{"description":"A successful request fetched. A `request id` is returned to user.","content":{"application/json":{"schema":{"type":"object","properties":{"jobId":{"type":"number","example":5707820058017792},"success":{"type":"boolean","example":true}}}}}},"204":{"description":"Response to a successful request that won't be returned a body."},"400":{"description":"Bad Request (A validation exception has occurred)."},"401":{"description":"Unauthorized (Invalid authorization credentials)."},"403":{"description":"When authentication succeeded but authenticated user doesn't have access to the resource."},"404":{"description":"Not Found (The resource you have specified cannot be found)."},"500":{"description":"Internal Server Error."},"501":{"description":"Not Implemented (The method you have called has not been implemented)."},"503":{"description":"Rate Limit Exceeded."}},"security":[{"bearerAuth":["bearer token"]}]}},"/pdvrp/jobs/optimize/{jobId}":{"post":{"tags":["PDVRP"],"summary":"optimize a delayed PDVRP job payload.","description":"Data must meet the specific requirements and if any are not met then the api will return the exact reason why it cannot be optimized. <br><br>Delayed optimisation gives the users time to review their data on the Command App before submitting for optimisation.","operationId":"putOptimizePdvrpJob","parameters":[{"name":"jobId","in":"path","required":true,"style":"simple","explode":false,"schema":{"type":"string"}}],"responses":{"200":{"description":"A successful request fetched. A `request id` is returned to user.","content":{"application/json":{"schema":{"type":"object","properties":{"jobId":{"type":"number","example":5707820058017792},"success":{"type":"boolean","example":true}}}}}},"204":{"description":"Response to a successful request that won't be returned a body."},"400":{"description":"Bad Request (A validation exception has occurred)."},"401":{"description":"Unauthorized (Invalid authorization credentials)."},"403":{"description":"When authentication succeeded but authenticated user doesn't have access to the resource."},"404":{"description":"Not Found (The resource you have specified cannot be found)."},"500":{"description":"Internal Server Error."},"501":{"description":"Not Implemented (The method you have called has not been implemented)."},"503":{"description":"Rate Limit Exceeded."}},"security":[{"bearerAuth":["bearer token"]}]}},"/pdvrp/results/{resultId}":{"get":{"tags":["PDVRP"],"summary":"get the PDVRP result status.","description":"This endpoint responds with the current state of the job. Includes whether it is progress or optimized.","operationId":"getPdvrpResult","parameters":[{"name":"resultId","in":"path","required":true,"style":"simple","explode":false,"schema":{"type":"string"}},{"name":"version","in":"query","required":false,"style":"form","explode":true,"schema":{"type":"string"}}],"responses":{"200":{"description":"A successful result fetched. A `scenario id` is returned to user.","content":{"application/json":{"schema":{"$ref":"#/components/schemas/pdvrp_result"}}}},"204":{"description":"Response to a successful request that won't be returning a body."},"400":{"description":"Bad Request (A validation exception has occurred.)"},"401":{"description":"Unauthorized (Invalid authorization credentials.)"},"403":{"description":"When authentication succeeded but authenticated user doesn't have access to the resource"},"404":{"description":"Not Found (The resource you have specified cannot be found)"},"500":{"description":"Internal Error"},"501":{"description":"Not Implemented (The method you have called has not been implemented)"},"503":{"description":"Rate Limit Exceeded"}},"security":[{"bearerAuth":["bearer token"]}]}},"/da/jobs/submit":{"post":{"tags":["DA"],"summary":"submit data to the DA model for delayed or immediate optimisation.","description":"Data must meet the specific requirements and if any are not met then the api will return the exact reason why it cannot be optimized. <br><br>Delayed optimisation gives the users time to review their data on the Command App before submitting for optimisation. <br><br> Please note that the following fields are not used in the Depot Allocation algorithm. You may include them for the sake of convenience and data integrity. They will be included when you export your end result (So you can then feed it directly through the PDVRP model). They are **optional** fields. <br><br>Customer <br>`type` <br>`startTime` <br>`endTime` <br>`serviceTime` <br><br>Depot<br>`earliest_departure_time`<br>`latest_arrival_time`.","operationId":"postNewDaJob","requestBody":{"content":{"application/json":{"schema":{"$ref":"#/components/schemas/job_da_payload"}}},"required":true},"responses":{"200":{"description":"A successful request fetched. A `request id` is returned to user.","content":{"application/json":{"schema":{"type":"object","properties":{"jobId":{"type":"number","example":5707820058017792},"success":{"type":"boolean","example":true}}}}}},"204":{"description":"Response to a successful request that won't be returned a body."},"400":{"description":"Bad Request (A validation exception has occurred)."},"401":{"description":"Unauthorized (Invalid authorization credentials)."},"403":{"description":"When authentication succeeded but authenticated user doesn't have access to the resource."},"404":{"description":"Not Found (The resource you have specified cannot be found)."},"500":{"description":"Internal Server Error."},"501":{"description":"Not Implemented (The method you have called has not been implemented)."},"503":{"description":"Rate Limit Exceeded."}},"security":[{"bearerAuth":["bearer token"]}]}},"/da/jobs/{jobId}":{"get":{"tags":["DA"],"summary":"get the data of the previously submitted DA job.","description":"This endpoint will return the data of a previously submitted job using the requestId.","operationId":"getDaJob","parameters":[{"name":"jobId","in":"path","required":true,"style":"simple","explode":false,"schema":{"type":"string"}}],"responses":{"200":{"description":"This endpoint responds with the data used for optimization.","content":{"application/json":{"schema":{"$ref":"#/components/schemas/da_job_response"}}}}},"security":[{"bearerAuth":["bearer token"]}]},"put":{"tags":["DA"],"summary":"update a delayed DA job payload.","description":"Data must meet the specific requirements and if any are not met then the api will return the exact reason why it cannot be optimized. <br><br>Delayed optimisation gives the users time to review their data on the Command App before submitting for optimisation.","operationId":"putDaJob","parameters":[{"name":"jobId","in":"path","required":true,"style":"simple","explode":false,"schema":{"type":"string"}}],"requestBody":{"content":{"application/json":{"schema":{"$ref":"#/components/schemas/job_da_payload"}}},"required":true},"responses":{"200":{"description":"A successful request fetched. A `request id` is returned to user.","content":{"application/json":{"schema":{"type":"object","properties":{"jobId":{"type":"number","example":5707820058017792},"success":{"type":"boolean","example":true}}}}}},"204":{"description":"Response to a successful request that won't be returned a body."},"400":{"description":"Bad Request (A validation exception has occurred)."},"401":{"description":"Unauthorized (Invalid authorization credentials)."},"403":{"description":"When authentication succeeded but authenticated user doesn't have access to the resource."},"404":{"description":"Not Found (The resource you have specified cannot be found)."},"500":{"description":"Internal Server Error."},"501":{"description":"Not Implemented (The method you have called has not been implemented)."},"503":{"description":"Rate Limit Exceeded."}},"security":[{"bearerAuth":["bearer token"]}]}},"/da/jobs/optimize/{jobId}":{"post":{"tags":["DA"],"summary":"optimize a delayed DA job payload.","description":"Data must meet the specific requirements and if any are not met then the api will return the exact reason why it cannot be optimized. <br><br>Delayed optimisation gives the users time to review their data on the Command App before submitting for optimisation.","operationId":"putOptimizeDaJob","parameters":[{"name":"jobId","in":"path","required":true,"style":"simple","explode":false,"schema":{"type":"string"}}],"responses":{"200":{"description":"A successful request fetched. A `request id` is returned to user.","content":{"application/json":{"schema":{"type":"object","properties":{"jobId":{"type":"number","example":5707820058017792},"success":{"type":"boolean","example":true}}}}}},"204":{"description":"Response to a successful request that won't be returned a body."},"400":{"description":"Bad Request (A validation exception has occurred)."},"401":{"description":"Unauthorized (Invalid authorization credentials)."},"403":{"description":"When authentication succeeded but authenticated user doesn't have access to the resource."},"404":{"description":"Not Found (The resource you have specified cannot be found)."},"500":{"description":"Internal Server Error."},"501":{"description":"Not Implemented (The method you have called has not been implemented)."},"503":{"description":"Rate Limit Exceeded."}},"security":[{"bearerAuth":["bearer token"]}]}},"/da/results/{resultId}":{"get":{"tags":["DA"],"summary":"get the DA result status.","description":"This endpoint responds with the current state of the job. Includes whether it is progress or optimized.","operationId":"getDaResult","parameters":[{"name":"resultId","in":"path","required":true,"style":"simple","explode":false,"schema":{"type":"string"}},{"name":"version","in":"query","required":false,"style":"form","explode":true,"schema":{"type":"string"}}],"responses":{"200":{"description":"A successful result fetched. A `scenario id` is returned to user.","content":{"application/json":{"schema":{"$ref":"#/components/schemas/da_result"}}}},"204":{"description":"Response to a successful request that won't be returning a body."},"400":{"description":"Bad Request (A validation exception has occurred.)"},"401":{"description":"Unauthorized (Invalid authorization credentials.)"},"403":{"description":"When authentication succeeded but authenticated user doesn't have access to the resource"},"404":{"description":"Not Found (The resource you have specified cannot be found)"},"500":{"description":"Internal Error"},"501":{"description":"Not Implemented (The method you have called has not been implemented)"},"503":{"description":"Rate Limit Exceeded"}},"security":[{"bearerAuth":["bearer token"]}]}},"/geo-splitters":{"get":{"tags":["GeoSplitters"],"summary":"get the available geo_splitters","description":"This endpoint returns an array of all the available geosplitters that you may apply to your scenario (currently only supported in DA)","operationId":"getGeoSplitters","responses":{"200":{"description":"A successful result fetched. A list of available `geo_splitters` are returned to the user","content":{"application/json":{"schema":{"type":"object","properties":{"geo_splitters":{"type":"array","items":{"$ref":"#/components/schemas/geo_splitter_response"}},"success":{"type":"boolean","example":true}}}}}},"204":{"description":"Response to a successful request that won't be returning a body."},"400":{"description":"Bad Request (A validation exception has occurred.)"},"401":{"description":"Unauthorized (Invalid authorization credentials.)"},"403":{"description":"When authentication succeeded but authenticated user doesn't have access to the resource"},"404":{"description":"Not Found (The resource you have specified cannot be found)"},"500":{"description":"Internal Error"},"501":{"description":"Not Implemented (The method you have called has not been implemented)"},"503":{"description":"Rate Limit Exceeded"}},"security":[{"bearerAuth":["bearer token"]}]},"post":{"tags":["GeoSplitters"],"summary":"submit a new geo_splitter","description":"This endpoint allows you to submit a new geosplitter and store it in the backend.","operationId":"postGeoSplitter","requestBody":{"content":{"application/json":{"schema":{"$ref":"#/components/schemas/geo_splitter_payload"}}},"required":true},"responses":{"200":{"description":"GeoSplitter submitted successfully."},"204":{"description":"Response to a successful request that won't be returning a body."},"400":{"description":"Bad Request (A validation exception has occurred.)"},"401":{"description":"Unauthorized (Invalid authorization credentials.)"},"403":{"description":"When authentication succeeded but authenticated user doesn't have access to the resource"},"404":{"description":"Not Found (The resource you have specified cannot be found)"},"500":{"description":"Internal Error"},"501":{"description":"Not Implemented (The method you have called has not been implemented)"},"503":{"description":"Rate Limit Exceeded"}},"security":[{"bearerAuth":["bearer token"]}]}},"/geo-splitters/{GeosplitterId}":{"get":{"tags":["GeoSplitters"],"summary":"get the available geo_splitters","description":"This endpoint returns an array of all the available geosplitters that you may apply to your scenario (currently only supported in DA)","operationId":"getGeoSplitterById","parameters":[{"name":"GeosplitterId","in":"path","required":true,"style":"simple","explode":false,"schema":{"type":"string"}}],"responses":{"200":{"description":"A successful result fetched. A list of available `geo_splitters` are returned to the user","content":{"application/json":{"schema":{"type":"object","properties":{"geo_splitters":{"type":"array","items":{"$ref":"#/components/schemas/geo_splitter_response"}},"success":{"type":"boolean","example":true}}}}}},"204":{"description":"Response to a successful request that won't be returning a body."},"400":{"description":"Bad Request (A validation exception has occurred.)"},"401":{"description":"Unauthorized (Invalid authorization credentials.)"},"403":{"description":"When authentication succeeded but authenticated user doesn't have access to the resource"},"404":{"description":"Not Found (The resource you have specified cannot be found)"},"500":{"description":"Internal Error"},"501":{"description":"Not Implemented (The method you have called has not been implemented)"},"503":{"description":"Rate Limit Exceeded"}},"security":[{"bearerAuth":["bearer token"]}]},"put":{"tags":["GeoSplitters"],"summary":"update a geo_splitter","description":"This endpoint allows update an existing geo_splitter","operationId":"putGeoSplitter","parameters":[{"name":"GeosplitterId","in":"path","required":true,"style":"simple","explode":false,"schema":{"type":"string"}}],"requestBody":{"content":{"application/json":{"schema":{"$ref":"#/components/schemas/geo_splitter_payload"}}},"required":true},"responses":{"200":{"description":"GeoSplitter submitted successfully."},"204":{"description":"Response to a successful request that won't be returning a body."},"400":{"description":"Bad Request (A validation exception has occurred.)"},"401":{"description":"Unauthorized (Invalid authorization credentials.)"},"403":{"description":"When authentication succeeded but authenticated user doesn't have access to the resource"},"404":{"description":"Not Found (The resource you have specified cannot be found)"},"500":{"description":"Internal Error"},"501":{"description":"Not Implemented (The method you have called has not been implemented)"},"503":{"description":"Rate Limit Exceeded"}},"security":[{"bearerAuth":["bearer token"]}]}}},"components":{"schemas":{"authentication":{"type":"object","properties":{"email":{"type":"string","example":"smith@gmail.com"},"password":{"type":"string","example":"abc123"}}},"customer":{"required":["demands","endTime","id","location","startTime","zone"],"type":"object","properties":{"id":{"type":"string","description":"unique id.","example":"A1468J"},"customerName":{"type":"string","description":"a label for the customer. this field is not used by the algorithm, it is for you to easily find and label your stops","example":"Bob's Burgers"},"location":{"$ref":"#/components/schemas/location"},"demands":{"type":"array","description":"helps to constraint the maximum number of customers will be served in one route","example":[1,1],"items":{"type":"array","items":{"type":"number"}}},"startTime":{"type":"string","description":"earliest time the driver can hand in the package to the customer","example":"07:00"},"endTime":{"type":"string","description":"latest time the driver can hand in the package to the customer","example":"15:00"},"zone":{"type":"string","description":"the zone the customer is associated with","example":"Sydney Metro"}}},"pdvrp_customer":{"required":["demands","endTime","id","location","startTime","zone"],"type":"object","properties":{"id":{"type":"string","description":"unique id.","example":"A1468J"},"customerName":{"type":"string","description":"a label for the customer. this field is not used by the algorithm, it is for you to easily find and label your stops","example":"Bob's Burgers"},"type":{"type":"string","description":"the type of customer can be pickup,delivery or shipment","example":"pickup"},"location":{"$ref":"#/components/schemas/location"},"demands":{"type":"array","description":"helps to constraint the maximum number of customers will be served in one route","example":[1,4,5,121],"items":{"type":"array","items":{"type":"number"}}},"startTime":{"type":"string","description":"earliest time the driver can hand in the package to the customer","example":"07:00"},"endTime":{"type":"string","description":"latest time the driver can hand in the package to the customer","example":"15:00"},"serviceTime":{"type":"number","description":"amount of time the driver will spend at each stop (in seconds)","example":1.2E+2},"zone":{"type":"string","example":"Sydney Metro"}}},"da_customer":{"required":["demands","id","location"],"type":"object","properties":{"id":{"type":"string","description":"unique id.","example":"A1468J"},"customerName":{"type":"string","description":"a label for the customer. this field is not used by the algorithm, it is for you to easily find and label your stops","example":"Bob's Burgers"},"type":{"type":"string","description":"the type of customer can be pickup, delivery or shipment","example":"pickup"},"location":{"$ref":"#/components/schemas/location"},"demands":{"type":"array","description":"helps to constraint the maximum number of customers will be served in one route","example":[1,4,5,121],"items":{"type":"array","items":{"type":"number"}}},"startTime":{"type":"string","description":"earliest time the driver can hand in the package to the customer","example":"07:00"},"endTime":{"type":"string","description":"latest time the driver can hand in the package to the customer","example":"15:00"},"serviceTime":{"type":"number","description":"amount of time the driver will spend at each stop (in seconds)","example":1.2E+2},"zone":{"type":"string","example":"Sydney Metro"}}},"depot":{"required":["id","location"],"type":"object","properties":{"id":{"type":"string","example":"SydneyCBD"},"location":{"$ref":"#/components/schemas/location"}}},"pdvrp_depot":{"required":["id","location"],"type":"object","properties":{"id":{"type":"string","example":"warehouse_1"},"location":{"$ref":"#/components/schemas/location"},"zone":{"type":"string","description":"the zone the customer is associated with","example":"Sydney Metro"},"earliest_departure_time":{"type":"string","example":"05:00"},"latest_arrival_time":{"type":"string","example":"19:00"}}},"da_depot":{"required":["id","location","max_capacities"],"type":"object","properties":{"id":{"type":"string","example":"warehouse_1"},"location":{"$ref":"#/components/schemas/location"},"zone":{"type":"string","description":"the zone the customer is associated with","example":"Sydney Metro"},"max_capacities":{"type":"array","example":[100,200,120,10000],"items":{"type":"number"}},"min_capacities":{"type":"array","description":"this is an optional parameter that will default to zeros if not provided","example":[0,20,20,0],"items":{"type":"number"}},"earliest_departure_time":{"type":"string","example":"05:00"},"latest_arrival_time":{"type":"string","example":"19:00"}}},"pdvrp_vehicle_types":{"required":["capacities","cost_to_add_an_vehicle","depot","driving_cost_per_meter","driving_cost_per_second","id","number_of_vehicles","return_to_depot","waiting_cost_per_second"],"type":"object","properties":{"id":{"type":"string","example":"van_1"},"zone":{"type":"string","example":"Sydney Metro"},"depot":{"type":"string","example":"warehouse_1"},"capacities":{"type":"array","example":[100,200,120,10000],"items":{"type":"number"}},"number_of_vehicles":{"type":"number","example":3},"return_to_depot":{"type":"boolean","example":true},"cost_to_add_an_vehicle":{"type":"number","example":1},"waiting_cost_per_second":{"type":"number","example":1},"driving_cost_per_second":{"type":"number","example":1},"driving_cost_per_meter":{"type":"number","example":1}}},"location":{"required":["lat","long"],"type":"object","properties":{"address":{"type":"string","example":"Centerpoint tower, Sydney, NSW, 2000"},"lat":{"type":"number","description":"The latitude coordinate","format":"double","example":-33.902797},"long":{"type":"number","description":"The longitude coordinate","format":"double","example":151.1953028}}},"coordinate":{"required":["lat","long"],"type":"object","properties":{"lat":{"type":"number","description":"The latitude coordinate","format":"double","example":-33.902797},"long":{"type":"number","description":"The longitude coordinate","format":"double","example":151.1953028}}},"shift":{"required":["customerServiceTime","end","id","start"],"type":"object","properties":{"id":{"type":"string","example":"night"},"customerServiceTime":{"type":"number","example":1.2E+2},"start":{"type":"string","example":"08:00"},"end":{"type":"string","example":"17:00"}}},"meta_parameters":{"required":["comment","special_time_windows","target_trip_duration","workflow"],"type":"object","properties":{"target_trip_duration":{"type":"number","description":"target trip duration in hours","example":9},"special_time_windows":{"type":"array","items":{"type":"string","example":"0:00-17:00"}},"comment":{"type":"string","example":"this label will appear in the front end"},"workflow":{"type":"string","example":"DELAYED"},"combined_zones":{"type":"array","example":[],"items":{"example":["Sydney Metro","Regional NSW"]}},"transport_mode":{"type":"string","example":"DRIVING"},"return_to_depot":{"type":"boolean","example":true}}},"pdvrp_meta_parameters":{"required":["customer_demand_labels","depot_capacity_labels","max_algorithm_execution_time","target_trip_distance","target_trip_duration","transport_mode","vehicle_capacity_labels"],"type":"object","properties":{"vehicle_capacity_labels":{"type":"array","example":["# of customers","# of packages","total weight","total volume"],"items":{"type":"string"}},"customer_demand_labels":{"type":"array","example":["# of vehicles","# of packages","total weight","total volume"],"items":{"type":"string"}},"target_trip_duration":{"type":"number","description":"target trip duration in hours","example":9},"target_trip_distance":{"type":"number","description":"target trip duration in kilometres","example":1.2E+2},"comment":{"type":"string","example":"this label will appear in the front end"},"special_time_windows":{"type":"array","items":{"type":"string","example":"0:00-17:00"}},"workflow":{"type":"string","example":"DELAYED"},"transport_mode":{"type":"string","example":"DRIVING"},"combined_zones":{"type":"array","example":[],"items":{"example":["City Metro","Regional A"]}},"max_algorithm_execution_time":{"type":"number","example":1.2E+2}}},"da_meta_parameters":{"required":["customer_demand_labels","depot_boundary","depot_capacity_labels","transport_mode","workflow"],"type":"object","properties":{"depot_capacity_labels":{"type":"array","example":["# of customers","# of packages","total weight","total volume"],"items":{"type":"string"}},"customer_demand_labels":{"type":"array","example":["# of depots","# of packages","total weight","total volume"],"items":{"type":"string"}},"depot_boundary":{"type":"number","description":"TODO - write copy for this","example":2E+3},"workflow":{"type":"string","example":"DELAYED"},"comment":{"type":"string","example":"this label will appear in the front end"},"transport_mode":{"type":"string","example":"DRIVING"},"combined_zones":{"type":"array","example":[],"items":{"example":["City Metro","Regional A"]}}}},"geo_splitter":{"required":["id","name","source"],"type":"object","properties":{"id":{"type":"string","example":"1"},"name":{"type":"string","example":"Parramatta River"},"source":{"type":"string","example":"custom"},"coordinates":{"type":"array","example":[{"lat":-33.853,"long":151.238},{"lat":-33.856,"long":151.222}],"items":{"$ref":"#/components/schemas/coordinate"}},"zone":{"type":"string","description":"the zone the geo_splitter will be applied to","example":"Sydney Metro"}}},"geo_splitter_response":{"type":"object","properties":{"coordinates":{"type":"array","example":[{"lat":-34.073217099979594,"long":151.16698412100146},{"long":151.13954492536578,"lat":-34.07605811459225},{"lat":-34.073217099979594,"long":151.12340422205108},{"lat":-34.07572388252388,"long":151.10988638302518},{"lat":-34.06135065605653,"long":151.10464065444762},{"lat":-34.05600185636146,"long":151.09576326762436}],"items":{"$ref":"#/components/schemas/coordinate"}},"id":{"type":"string","example":"6384576536510464"},"country":{"type":"string","example":"Australia"},"name":{"type":"string","example":"Port Hacking"},"orgName":{"type":"string","example":"Adiona"},"orgId":{"type":"string","example":"adiona"},"isPublic":{"type":"boolean","example":true},"stateEquivalent":{"type":"string","example":"NSW"},"localAreaEquivalent":{"type":"string","example":"Sydney"}}},"geo_splitter_payload":{"required":["coordinates","country","isPublic","localAreaEquivalent","name","stateEquivalent"],"type":"object","properties":{"coordinates":{"type":"array","example":[{"lat":-34.073217099979594,"long":151.16698412100146},{"long":151.13954492536578,"lat":-34.07605811459225},{"lat":-34.073217099979594,"long":151.12340422205108},{"lat":-34.07572388252388,"long":151.10988638302518},{"lat":-34.06135065605653,"long":151.10464065444762},{"lat":-34.05600185636146,"long":151.09576326762436}],"items":{"$ref":"#/components/schemas/coordinate"}},"country":{"type":"string","example":"Australia"},"name":{"type":"string","example":"Port Hacking"},"isPublic":{"type":"boolean","example":false},"stateEquivalent":{"type":"string","example":"NSW"},"localAreaEquivalent":{"type":"string","example":"Sydney"}}},"job_payload":{"required":["customers","depots","meta_parameters","shifts","vehicles"],"type":"object","properties":{"meta_parameters":{"$ref":"#/components/schemas/meta_parameters"},"customers":{"type":"array","items":{"$ref":"#/components/schemas/customer"}},"depots":{"type":"array","items":{"$ref":"#/components/schemas/depot"}},"shifts":{"type":"array","items":{"$ref":"#/components/schemas/shift"}},"vehicles":{"type":"array","items":{"$ref":"#/components/schemas/vehicle"}}}},"job_response":{"type":"object","properties":{"success":{"type":"boolean","example":true},"requestId":{"type":"number","example":5707820058017792},"request":{"$ref":"#/components/schemas/result"}}},"pdvrp_job_response":{"type":"object","properties":{"success":{"type":"boolean","example":true},"jobId":{"type":"number","example":5707820058017792},"request":{"$ref":"#/components/schemas/pdvrp_result"}}},"da_job_response":{"type":"object","properties":{"success":{"type":"boolean","example":true},"jobId":{"type":"number","example":5707820058017792},"job":{"$ref":"#/components/schemas/da_result"}}},"pdvrp_response":{"type":"object","properties":{"success":{"type":"boolean","example":true},"jobId":{"type":"number","example":5707820058017792},"job":{"$ref":"#/components/schemas/result"}}},"job_pdvrp_payload":{"required":["customers","depots","meta_parameters","vehicle_types"],"type":"object","properties":{"meta_parameters":{"$ref":"#/components/schemas/pdvrp_meta_parameters"},"customers":{"type":"array","items":{"$ref":"#/components/schemas/pdvrp_customer"}},"depots":{"type":"array","items":{"$ref":"#/components/schemas/pdvrp_depot"}},"vehicle_types":{"type":"array","items":{"$ref":"#/components/schemas/pdvrp_vehicle_types"}}}},"job_da_payload":{"required":["customers","depots","meta_parameters","vehicle_types"],"type":"object","properties":{"meta_parameters":{"$ref":"#/components/schemas/da_meta_parameters"},"customers":{"type":"array","items":{"$ref":"#/components/schemas/da_customer"}},"depots":{"type":"array","items":{"$ref":"#/components/schemas/da_depot"}},"geo_splitters":{"type":"array","items":{"$ref":"#/components/schemas/geo_splitter"}}}},"result":{"type":"object","properties":{"scenarioId":{"type":"number","example":5707820058017792},"model":{"type":"string","example":"VRPHD"},"organizationId":{"type":"string","example":"adiona"},"detail":{"type":"string","example":"if there was an error optimizing your job, it will display here"},"status":{"type":"string","example":"Synced"},"comment":{"type":"string","example":"JB test"},"version":{"type":"string","example":"sync"},"shifts":{"type":"array","items":{"$ref":"#/components/schemas/shift"}},"customers":{"type":"object","properties":{"66545":{"$ref":"#/components/schemas/customer"}}},"zones":{"type":"array","items":{"type":"string","example":"Melbourne Metro"}},"timestamp":{"type":"number","example":1640949328825},"scenario":{"type":"object"}}},"pdvrp_result":{"type":"object","properties":{"scenarioId":{"type":"number","example":5707820058017792},"model":{"type":"string","example":"PDVRP"},"organizationId":{"type":"string","example":"adiona"},"depots":{"type":"array","items":{"$ref":"#/components/schemas/pdvrp_depot"}},"detail":{"type":"string","example":"if there was an error optimizing your job, it will display here"},"meta_parameters":{"$ref":"#/components/schemas/pdvrp_meta_parameters"},"status":{"type":"string","example":"Synced"},"comment":{"type":"string","example":"JB test"},"version":{"type":"string","example":"original"},"success":{"type":"boolean","example":true},"customers":{"type":"object","properties":{"d1":{"$ref":"#/components/schemas/pdvrp_customer"}}},"vehicle_types":{"type":"array","items":{"$ref":"#/components/schemas/pdvrp_vehicle_types"}},"zones":{"type":"array","items":{"type":"string","example":"Melbourne Metro"}},"timestamp":{"type":"number","example":1640949328825},"scenario":{"type":"object"}}},"da_result":{"type":"object","properties":{"scenarioId":{"type":"number","example":5707820058017792},"model":{"type":"string","example":"PDVRP"},"organizationId":{"type":"string","example":"adiona"},"depots":{"type":"object","properties":{"h1":{"$ref":"#/components/schemas/da_depot"}}},"detail":{"type":"string","example":"if there was an error optimizing your job, it will display here"},"meta_parameters":{"$ref":"#/components/schemas/da_meta_parameters"},"status":{"type":"string","example":"Synced"},"comment":{"type":"string","example":"JB test"},"version":{"type":"string","example":"original"},"success":{"type":"boolean","example":true},"customers":{"type":"object","properties":{"d1":{"$ref":"#/components/schemas/da_customer"}}},"zones":{"type":"array","items":{"type":"string","example":"Melbourne Metro"}},"timestamp":{"type":"number","example":1640949328825},"scenario":{"type":"object"}}},"vehicle":{"required":["available","id"],"type":"object","properties":{"id":{"type":"string","example":"vehicle1"},"available":{"type":"object","properties":{"night":{"type":"object","properties":{"capacities":{"type":"array","example":[100,90],"items":{"type":"number"}},"depots":{"type":"array","example":["SydneyCBD"],"items":{"type":"string"}}}}}}}}},"securitySchemes":{"bearerAuth":{"type":"apiKey","name":"Authorization","in":"header"}}}}