{"openapi":"3.0.0","info":{"title":"IBAN API","description":"","version":"0.0.2"},"servers":[{"url":"https://virtserver.swaggerhub.com/Aareon34/IBANAPI/0.0.2","description":"SwaggerHub API Auto Mocking"}],"paths":{"/v1/iban":{"put":{"summary":"This route validates the provided iban (and account holders associated)","operationId":"putIban","requestBody":{"content":{"application/json":{"schema":{"$ref":"#/components/schemas/RequestModel"},"examples":{"valid":{"value":{"iban":"DE23100000001234567890","account_holder":"John Doe"}}}}}},"responses":{"200":{"description":"Successful request","content":{"application/json":{"schema":{"$ref":"#/components/schemas/ResponseModel"},"examples":{"valid":{"value":{"bic":"SOLADES123","bank_name":"Sparkasse Heidelberg","valid":true,"account_holder":"John Doe"}}}}}}},"security":[{"ApiKeyAuth":[]}]}}},"components":{"schemas":{"RequestModel":{"required":["iban"],"type":"object","properties":{"iban":{"type":"string","description":"The Internal Bank Account Number (IBAN) which shall be validated","nullable":false,"example":"DE89370400440532013000"},"account_holder":{"type":"string","description":"The Account Holder being validated for the given IBAN (legal Person context only)","nullable":true,"example":"Grand Housing Company"}}},"ResponseModel":{"required":["bank_name","bic"],"type":"object","properties":{"bic":{"type":"string","description":"The Business Identifier Code according to ISO 9362 identifying the specific Bank associated with the handed over IBAN","nullable":true,"example":"SOLADES1HDB"},"bank_name":{"type":"string","description":"The name of the Bank associated with the handed over IBAN","nullable":true,"example":"Sparkasse Heidelberg"},"valid":{"type":"boolean","description":"determines whether or not the provided IBAN is valid. Only in the context of natural Person","nullable":true,"default":false},"account_holder":{"type":"string","description":"The Account Holder being validated for the given IBAN (legal Person context only)","nullable":true,"example":"Grand Housing Company"}}}},"securitySchemes":{"ApiKeyAuth":{"type":"apiKey","name":"Authorization","in":"header"}}}}