{"openapi":"3.0.0","info":{"title":"OnzAuth","description":"TODO","contact":{"name":"OnzAuth","url":"https://onzauth.com/"},"version":"1.0.0"},"servers":[{"url":"https://virtserver.swaggerhub.com/ABC444/Admin/1.0.0","description":"SwaggerHub API Auto Mocking"},{"url":"https://{hostname}/","variables":{"hostname":{"default":"localhost"}}}],"tags":[{"name":"public auth process","description":"Public auth api"},{"name":"login process","description":"Admin login api","externalDocs":{"description":"Find out more","url":"http://swagger.io"}},{"name":"consent process","description":"Admin consent api","externalDocs":{"description":"Find out more","url":"http://swagger.io"}},{"name":"auth process","description":"Admin auth api","externalDocs":{"description":"Find out more","url":"http://swagger.io"}},{"name":"system","description":"System information"},{"name":"project api","description":"Project api"},{"name":"subscription api","description":"Subscription api"}],"paths":{"/admin/projects/{projectId}":{"get":{"tags":["project api"],"summary":"Get a project by ID","operationId":"projectDetails","parameters":[{"name":"projectId","in":"path","description":"ID of the project to get","required":true,"style":"simple","explode":false,"schema":{"type":"string"}}],"responses":{"200":{"description":"OK","content":{"application/json":{"schema":{"$ref":"#/components/schemas/ProjectDetail"}}}}}},"put":{"tags":["project api"],"summary":"Update project endpoint","operationId":"updateProject","parameters":[{"name":"projectId","in":"path","description":"ID of the project to get","required":true,"style":"simple","explode":false,"schema":{"type":"string"}}],"requestBody":{"$ref":"#/components/requestBodies/UpdateProject"},"responses":{"200":{"description":"OK","content":{"application/json":{"schema":{"$ref":"#/components/schemas/UpdatedProject"}}}},"default":{"description":"unexpected error","content":{"application/json":{"schema":{"$ref":"#/components/schemas/Error"}}}}}},"delete":{"tags":["project api"],"summary":"Delete project endpoint","operationId":"deleteProject","parameters":[{"name":"projectId","in":"path","description":"ID of the project to get","required":true,"style":"simple","explode":false,"schema":{"type":"string"}}],"responses":{"204":{"description":"delete response"},"default":{"description":"unexpected error","content":{"application/json":{"schema":{"$ref":"#/components/schemas/Error"}}}}}}},"/admin/projects/{projectId}/secret":{"put":{"tags":["project api"],"summary":"Update / reset project endpoint","operationId":"updateProjectSecret","parameters":[{"name":"projectId","in":"path","description":"ID of the project to get","required":true,"style":"simple","explode":false,"schema":{"type":"string"}}],"responses":{"200":{"description":"OK","content":{"application/json":{"schema":{"$ref":"#/components/schemas/Secret"}}}},"default":{"description":"unexpected error","content":{"application/json":{"schema":{"$ref":"#/components/schemas/Error"}}}}}}},"/admin/projects":{"get":{"tags":["project api"],"summary":"Project Api Endpoint","operationId":"projects","responses":{"200":{"description":"OK","content":{"application/json":{"schema":{"type":"array","items":{"$ref":"#/components/schemas/Project"}}}}}}},"post":{"tags":["project api"],"summary":"Create new project endpoint","operationId":"createProject","requestBody":{"$ref":"#/components/requestBodies/CreateProject"},"responses":{"200":{"description":"OK","content":{"application/json":{"schema":{"$ref":"#/components/schemas/CreatedProject"}}}},"default":{"description":"unexpected error","content":{"application/json":{"schema":{"$ref":"#/components/schemas/Error"}}}}}}},"/admin/subscription":{"get":{"tags":["subscription api"],"summary":"Get current subscription","operationId":"getSubscription","responses":{"200":{"description":"OK","content":{"application/json":{"schema":{"$ref":"#/components/schemas/Subscription"}}}},"default":{"description":"unexpected error","content":{"application/json":{"schema":{"$ref":"#/components/schemas/Error"}}}}}},"put":{"tags":["subscription api"],"summary":"update subscription endpoint","operationId":"updateSubscription","requestBody":{"$ref":"#/components/requestBodies/UpdateSubscription"},"responses":{"200":{"description":"OK","content":{"application/json":{"schema":{"$ref":"#/components/schemas/UpdatedSubscription"}}}},"default":{"description":"unexpected error","content":{"application/json":{"schema":{"$ref":"#/components/schemas/Error"}}}}}},"post":{"tags":["subscription api"],"summary":"Create new subscription endpoint","operationId":"createSubscription","requestBody":{"$ref":"#/components/requestBodies/CreateSubscription"},"responses":{"200":{"description":"OK","content":{"application/json":{"schema":{"$ref":"#/components/schemas/CreatedSubscription"}}}},"default":{"description":"unexpected error","content":{"application/json":{"schema":{"$ref":"#/components/schemas/Error"}}}}}},"delete":{"tags":["subscription api"],"summary":"Delete subscription","operationId":"deleteSubscription","responses":{"204":{"description":"delete response"},"default":{"description":"unexpected error","content":{"application/json":{"schema":{"$ref":"#/components/schemas/Error"}}}}}}},"/admin/invoice":{"post":{"tags":["subscription api"],"summary":"retry invoice endpoint","operationId":"retryInvoice","requestBody":{"$ref":"#/components/requestBodies/RetryInvoice"},"responses":{"200":{"description":"OK","content":{"application/json":{"schema":{"$ref":"#/components/schemas/RetriedInvoice"}}}},"default":{"description":"unexpected error","content":{"application/json":{"schema":{"$ref":"#/components/schemas/Error"}}}}}}},"/public/subscription":{"post":{"tags":["subscription api"],"summary":"Webhook endpoint","operationId":"subscriptionWebhook","responses":{"200":{"description":"OK"}}}},"/public/authendpoint":{"get":{"tags":["public auth process"],"summary":"Admin Auth Endpoint","operationId":"authEndpointPublic","parameters":[{"name":"redirectUrl","in":"query","description":"Redirect url","required":true,"style":"form","explode":true,"schema":{"type":"string"}},{"name":"clientId","in":"query","description":"Client id","required":true,"style":"form","explode":true,"schema":{"type":"string"}}],"responses":{"200":{"description":"OK","content":{"application/json":{"schema":{"$ref":"#/components/schemas/LoginUrl"}}}}}}},"/authendpoint":{"get":{"tags":["auth process"],"summary":"Admin Auth Endpoint","operationId":"authEndpoint","parameters":[{"name":"redirectUrl","in":"query","description":"Redirect url","required":true,"style":"form","explode":true,"schema":{"type":"string"}}],"responses":{"200":{"description":"OK","content":{"application/json":{"schema":{"$ref":"#/components/schemas/LoginUrl"}}}}}}},"/callback":{"get":{"tags":["auth process"],"summary":"Callback Admin Excess Token Endpoint","operationId":"callback","parameters":[{"name":"code","in":"query","description":"Auth code","required":false,"style":"form","explode":true,"schema":{"type":"string"}},{"name":"state","in":"query","description":"State string","required":true,"style":"form","explode":true,"schema":{"type":"string"}},{"name":"error_hint","in":"query","description":"Error hint","required":false,"style":"form","explode":true,"schema":{"type":"string"}},{"name":"error","in":"query","description":"Error","required":false,"style":"form","explode":true,"schema":{"type":"string"}},{"name":"error_description","in":"query","description":"Error Description","required":false,"style":"form","explode":true,"schema":{"type":"string"}},{"name":"error_debug","in":"query","description":"Error Debug","required":false,"style":"form","explode":true,"schema":{"type":"string"}}],"responses":{"302":{"description":"Shows the login screen or Dashboard if already authorised","headers":{"Location":{"description":"URI of the Login page or Dashboard if already authorised.","style":"simple","explode":false,"schema":{"type":"string","format":"uri"}}}}}}},"/public/redirect":{"get":{"tags":["public auth process"],"summary":"Callback Public Access Token Endpoint","operationId":"redirectCallback","parameters":[{"name":"code","in":"query","description":"Auth code","required":false,"style":"form","explode":true,"schema":{"type":"string"}},{"name":"state","in":"query","description":"State string","required":true,"style":"form","explode":true,"schema":{"type":"string"}},{"name":"error_hint","in":"query","description":"Error hint","required":false,"style":"form","explode":true,"schema":{"type":"string"}},{"name":"error","in":"query","description":"Error","required":false,"style":"form","explode":true,"schema":{"type":"string"}},{"name":"error_description","in":"query","description":"Error Description","required":false,"style":"form","explode":true,"schema":{"type":"string"}},{"name":"error_debug","in":"query","description":"Error Debug","required":false,"style":"form","explode":true,"schema":{"type":"string"}}],"responses":{"302":{"description":"Shows the login screen or Dashboard if already authorised","headers":{"Location":{"description":"URI of the Login page or Dashboard if already authorised.","style":"simple","explode":false,"schema":{"type":"string","format":"uri"}}}}}}},"/error":{"get":{"tags":["auth process"],"summary":"Auth Error","operationId":"errorcallback","responses":{"200":{"description":"unexpected error"}}}},"/login":{"get":{"tags":["login process"],"summary":"Admin Login Endpoint Redirect","operationId":"login","parameters":[{"name":"login_challenge","in":"query","description":"Login Challenge","required":true,"style":"form","explode":true,"schema":{"type":"string"}}],"responses":{"302":{"description":"Shows the login screen or Dashboard if already authorised","headers":{"Location":{"description":"URI of the Login page or Dashboard if already authorised.","style":"simple","explode":false,"schema":{"type":"string","format":"uri"}}}}}},"post":{"tags":["login process"],"summary":"Login with Email","operationId":"loggedIn","requestBody":{"$ref":"#/components/requestBodies/LogIn"},"responses":{"200":{"description":"OK","content":{"application/json":{"schema":{"$ref":"#/components/schemas/UserId"}}}},"default":{"description":"unexpected error","content":{"application/json":{"schema":{"$ref":"#/components/schemas/Error"}}}}}}},"/confirm":{"post":{"tags":["login process"],"summary":"Confirm login","operationId":"confirm","requestBody":{"$ref":"#/components/requestBodies/Confirm"},"responses":{"200":{"description":"OK","content":{"application/json":{"schema":{"$ref":"#/components/schemas/RedirectUrl"}}}},"default":{"description":"unexpected error","content":{"application/json":{"schema":{"$ref":"#/components/schemas/Error"}}}}}}},"/consent":{"get":{"tags":["consent process"],"summary":"Admin Consent Screen Redirect","operationId":"consent","parameters":[{"name":"consent_challenge","in":"query","description":"Consent Challenge","required":true,"style":"form","explode":true,"schema":{"type":"string"}}],"responses":{"302":{"description":"Shows the consent screen or Dashboard if already consented","headers":{"Location":{"description":"URI of the Consent page or Dashboard if already consented.","style":"simple","explode":false,"schema":{"type":"string","format":"uri"}}}}}},"post":{"tags":["consent process"],"operationId":"consented","requestBody":{"$ref":"#/components/requestBodies/Consent"},"responses":{"200":{"description":"OK","content":{"application/json":{"schema":{"$ref":"#/components/schemas/RedirectUrl"}}}},"default":{"description":"unexpected error","content":{"application/json":{"schema":{"$ref":"#/components/schemas/Error"}}}}}}},"/refresh":{"post":{"tags":["auth process"],"operationId":"refreshToken","requestBody":{"$ref":"#/components/requestBodies/RefreshToken"},"responses":{"200":{"description":"OK","content":{"application/json":{"schema":{"$ref":"#/components/schemas/RefreshResult"}}}},"default":{"description":"unexpected error","content":{"application/json":{"schema":{"$ref":"#/components/schemas/Error"}}}}}}},"/public/refresh":{"post":{"tags":["public auth process"],"operationId":"refreshTokenPublic","requestBody":{"$ref":"#/components/requestBodies/RefreshToken"},"responses":{"200":{"description":"OK","content":{"application/json":{"schema":{"$ref":"#/components/schemas/RefreshResult"}}}},"default":{"description":"unexpected error","content":{"application/json":{"schema":{"$ref":"#/components/schemas/Error"}}}}}}},"/logout":{"get":{"tags":["login process"],"summary":"Admin Logout Redirect","operationId":"logout","parameters":[{"name":"logout_challenge","in":"query","description":"Logout Challenge","required":true,"style":"form","explode":true,"schema":{"type":"string"}}],"responses":{"302":{"description":"Shows login screen","headers":{"Location":{"description":"URI of redirect url","style":"simple","explode":false,"schema":{"type":"string","format":"uri"}}}}}}},"/system":{"get":{"tags":["system"],"operationId":"system","responses":{"200":{"description":"todo","content":{"application/json":{"schema":{"$ref":"#/components/schemas/System"}}}}}}}},"components":{"schemas":{"RefreshResult":{"required":["accessToken","expiry","refreshToken"],"type":"object","properties":{"accessToken":{"type":"string"},"refreshToken":{"type":"string"},"tokenType":{"type":"string"},"expiry":{"type":"string"}}},"Project":{"required":["adminProjectId","createdDate","isRootAdmin","projectId","projectName"],"type":"object","properties":{"adminProjectId":{"type":"string"},"projectId":{"type":"string"},"projectName":{"type":"string"},"isRootAdmin":{"type":"boolean"},"createdDate":{"type":"string","format":"date-time"}}},"ProjectUser":{"required":["createdDate","email","projectUserId","userId"],"type":"object","properties":{"projectUserId":{"type":"string"},"userId":{"type":"string"},"email":{"type":"string"},"createdDate":{"type":"string","format":"date-time"}}},"ProjectDetail":{"required":["apiKey","createdDate","projectId","projectName","projectSlug"],"type":"object","properties":{"projectId":{"type":"string"},"projectName":{"type":"string"},"projectSlug":{"type":"string"},"projectSecret":{"type":"string"},"apiKey":{"type":"string"},"projectUsers":{"type":"array","items":{"$ref":"#/components/schemas/ProjectUser"}},"audienceUrls":{"type":"array","items":{"type":"string","description":"audience urls"}},"callbackUrls":{"type":"array","items":{"type":"string","description":"callback urls"}},"cors":{"type":"array","items":{"type":"string","description":"cors urls"}},"createdDate":{"type":"string","format":"date-time"}}},"Subscription":{"required":["createdDate","customerId","priceId","status","subscriptionId"],"type":"object","properties":{"subscriptionId":{"type":"string"},"customerId":{"type":"string"},"priceId":{"type":"string"},"status":{"type":"string"},"createdDate":{"type":"string","format":"date-time"}}},"CreatedProject":{"required":["createdDate","projectId","projectName","projectSlug"],"type":"object","properties":{"projectId":{"type":"string"},"projectSlug":{"type":"string"},"projectName":{"type":"string"},"projectSecret":{"type":"string"},"createdDate":{"type":"string","format":"date-time"}}},"CreatedSubscription":{"required":["status","subscriptionId"],"type":"object","properties":{"subscriptionId":{"type":"string"},"status":{"type":"string"},"customerId":{"type":"string"},"subscription":{"type":"object"}}},"UpdatedSubscription":{"required":["status","subscriptionId"],"type":"object","properties":{"subscriptionId":{"type":"string"},"status":{"type":"string"}}},"RetriedInvoice":{"required":["invoiceId"],"type":"object","properties":{"invoiceId":{"type":"string"}}},"UpdatedProject":{"required":["apiKey","createdDate","projectId","projectName","projectSlug"],"type":"object","properties":{"projectId":{"type":"string"},"projectSlug":{"type":"string"},"projectName":{"type":"string"},"apiKey":{"type":"string"},"projectSecret":{"type":"string"},"audienceUrls":{"type":"array","items":{"type":"string","description":"audience urls"}},"callbackUrls":{"type":"array","items":{"type":"string","description":"callback urls"}},"createdDate":{"type":"string","format":"date-time"}}},"NewProject":{"required":["projectName"],"type":"object","properties":{"projectName":{"type":"string"},"audienceUrls":{"type":"array","items":{"type":"string","description":"audience urls"}},"callbackUrls":{"type":"array","items":{"type":"string","description":"callback urls"}},"cors":{"type":"array","items":{"type":"string","description":"cors urls"}}}},"NewSubscription":{"required":["priceId"],"type":"object","properties":{"paymentMethodId":{"type":"string"},"priceId":{"type":"string"},"coupon":{"type":"string"}}},"NewUpdateSubscription":{"required":["priceId","subscriptionId"],"type":"object","properties":{"subscriptionId":{"type":"string"},"priceId":{"type":"string"},"coupon":{"type":"string"}}},"NewInvoice":{"required":["invoiceId","paymentMethodId"],"type":"object","properties":{"paymentMethodId":{"type":"string"},"invoiceId":{"type":"string"}}},"EditProject":{"required":["audienceUrls","callbackUrls","cors","projectName"],"type":"object","properties":{"projectName":{"type":"string"},"audienceUrls":{"type":"array","items":{"type":"string","description":"audience urls"}},"callbackUrls":{"type":"array","items":{"type":"string","description":"callback urls"}},"cors":{"type":"array","items":{"type":"string","description":"cors urls"}}}},"System":{"required":["hydraAdminUrl","idpHost","name","stage","version"],"type":"object","properties":{"name":{"type":"string"},"version":{"type":"string"},"stage":{"type":"string"}}},"UserId":{"required":["userId"],"type":"object","properties":{"userId":{"type":"string"}}},"LoginUrl":{"required":["loginUrl"],"type":"object","properties":{"loginUrl":{"type":"string"}}},"RedirectUrl":{"required":["redirectUrl"],"type":"object","properties":{"redirectUrl":{"type":"string"}}},"LogIn":{"required":["email","loginChallenge"],"type":"object","properties":{"email":{"type":"string","description":"Email address"},"rememberMe":{"type":"boolean","description":"Remember"},"loginChallenge":{"type":"string","description":"Login challenge key"},"clientId":{"type":"string","description":"Client id"}}},"Confirm":{"required":["apiKey","loginChallenge","oobCode"],"type":"object","properties":{"loginChallenge":{"type":"string","description":"Login Challenge"},"rememberMe":{"type":"boolean","description":"Remember"},"oobCode":{"type":"string","description":"Oob Code"},"apiKey":{"type":"string","description":"Client Id"}}},"Consent":{"required":["consentChallenge","email","grantScope"],"type":"object","properties":{"consentChallenge":{"type":"string","description":"Consent challenge key"},"grantScope":{"type":"array","description":"Grant scopes string array","items":{"type":"string","description":"scope"}},"email":{"type":"string","description":"email"},"clientId":{"type":"string","description":"clientId"}}},"Refresh":{"required":["clientId","refreshToken"],"type":"object","properties":{"clientId":{"type":"string","description":"Client Id of the refresh token request"},"refreshToken":{"type":"string","description":"Refresh token"}}},"Secret":{"required":["clientId","secret"],"type":"object","properties":{"clientId":{"type":"string","description":"Client Id of the project"},"secret":{"type":"string","description":"New generated secret"}}},"Error":{"required":["message","slug"],"type":"object","properties":{"slug":{"type":"string"},"message":{"type":"string"}}}},"requestBodies":{"LogIn":{"description":"LogIn body","content":{"application/x-www-form-urlencoded":{"schema":{"$ref":"#/components/schemas/LogIn"}}},"required":true},"Confirm":{"description":"LogIn body","content":{"application/x-www-form-urlencoded":{"schema":{"$ref":"#/components/schemas/Confirm"}}},"required":true},"Consent":{"description":"Consent body","content":{"application/x-www-form-urlencoded":{"schema":{"$ref":"#/components/schemas/Consent"}}},"required":true},"CreateSubscription":{"description":"New Subscription body","content":{"application/json":{"schema":{"$ref":"#/components/schemas/NewSubscription"}}},"required":true},"UpdateSubscription":{"description":"New Update Subscription body","content":{"application/json":{"schema":{"$ref":"#/components/schemas/NewUpdateSubscription"}}},"required":true},"RetryInvoice":{"description":"New Subscription body","content":{"application/json":{"schema":{"$ref":"#/components/schemas/NewInvoice"}}},"required":true},"CreateProject":{"description":"NewProject body","content":{"application/x-www-form-urlencoded":{"schema":{"$ref":"#/components/schemas/NewProject"}}},"required":true},"UpdateProject":{"description":"EditProject body","content":{"application/x-www-form-urlencoded":{"schema":{"$ref":"#/components/schemas/EditProject"}}},"required":true},"RefreshToken":{"description":"RefreshToken body","content":{"application/x-www-form-urlencoded":{"schema":{"$ref":"#/components/schemas/Refresh"}}},"required":true}}}}