{"openapi":"3.0.0","info":{"title":"Incident Module","description":"Create and Update the Incident","version":"1.0.0"},"servers":[{"url":"{serverURL}","description":"server url","variables":{"serverURL":{"default":"https://exmdev3.crm.dynamics.com/api/data/v9.2/"}}}],"security":[{"implicit":["read"]}],"paths":{"/systemusers":{"get":{"summary":"Get the users","parameters":[{"name":"$select","in":"query","description":"Provide the Field Names that will show in response body separted by commma","required":false,"style":"form","explode":false,"schema":{"type":"string","readOnly":true,"default":"fullname,internalemailaddress"}},{"name":"$top","in":"query","description":"Getting  number of records from top","required":false,"style":"form","explode":true,"schema":{"type":"integer","default":10}},{"name":"$count","in":"query","description":"Give the number of records","required":false,"style":"form","explode":true,"schema":{"type":"string","readOnly":true,"default":"true"}},{"name":"$filter","in":"query","description":"The filter parameter.","required":false,"style":"form","explode":false,"schema":{"type":"string"},"examples":{"equal_operator":{"summary":"equal","value":"fullname eq 'enter name'"},"not_equal_operator":{"summary":"not equal","value":"fullname ne 'enter name'"}}}],"responses":{"201":{"description":"Created"}}}},"/exm_categorytables":{"get":{"summary":"Get Records of Category","responses":{"201":{"description":"Created"}}}},"/exm_incidentdetailses":{"post":{"summary":"Create Incident","requestBody":{"description":"Incident Details","content":{"application/json":{"schema":{"$ref":"#/components/schemas/cr246_incidentdetailses_body"}}},"required":true},"responses":{"201":{"description":"Created"}}}},"/exm_incidentdetailses({id})":{"get":{"summary":"Get Record","parameters":[{"name":"id","in":"path","required":true,"style":"simple","explode":false,"schema":{"type":"string"}},{"name":"$select","in":"query","description":"Provide the Field Names that will show in response body separted by commma","required":false,"style":"form","explode":true,"schema":{"type":"string"}}],"responses":{"201":{"description":"Created"}}},"patch":{"summary":"Update Record(Change the state to In-Progress)","parameters":[{"name":"id","in":"path","required":true,"style":"simple","explode":false,"schema":{"type":"string"}}],"requestBody":{"description":"Update Incident","content":{"application/json":{"schema":{"$ref":"#/components/schemas/cr246_incidentdetailsesid_body"}}},"required":true},"responses":{"201":{"description":"Updated"}}}},"/exm_incidentdetailses({id1})":{"patch":{"summary":"Update Record(Change the state to assigned)","parameters":[{"name":"id1","in":"path","required":true,"style":"simple","explode":false,"schema":{"type":"string"}}],"requestBody":{"description":"Update Incident","content":{"application/json":{"schema":{"$ref":"#/components/schemas/cr246_incidentdetailsesid1_body"}}},"required":true},"responses":{"201":{"description":"Updated"}}}},"/exm_incidentdetailses({id2})":{"patch":{"summary":"Update Record(Change the state to on hold)","parameters":[{"name":"id2","in":"path","required":true,"style":"simple","explode":false,"schema":{"type":"string"}}],"requestBody":{"description":"Update Incident","content":{"application/json":{"schema":{"$ref":"#/components/schemas/cr246_incidentdetailsesid2_body"}}},"required":true},"responses":{"201":{"description":"Updated"}}}},"/exm_incidentdetailses({id3})":{"patch":{"summary":"Update Record(change state to Resolved)","parameters":[{"name":"id3","in":"path","required":true,"style":"simple","explode":false,"schema":{"type":"string"}}],"requestBody":{"description":"Update Incident","content":{"application/json":{"schema":{"$ref":"#/components/schemas/cr246_incidentdetailsesid3_body"}}},"required":true},"responses":{"201":{"description":"Updated"}}}},"/exm_incidentdetailses({id4})":{"patch":{"summary":"Update Record(Change the state to closed)","parameters":[{"name":"id4","in":"path","required":true,"style":"simple","explode":false,"schema":{"type":"string"}}],"requestBody":{"description":"Update Incident","content":{"application/json":{"schema":{"$ref":"#/components/schemas/cr246_incidentdetailsesid4_body"}}},"required":true},"responses":{"201":{"description":"Updated"}}}},"/exm_incidentdetailses({id5})":{"patch":{"summary":"Update Record(Change the state to cancelled)","parameters":[{"name":"id5","in":"path","required":true,"style":"simple","explode":false,"schema":{"type":"string"}}],"requestBody":{"description":"Update Incident","content":{"application/json":{"schema":{"$ref":"#/components/schemas/cr246_incidentdetailsesid5_body"}}},"required":true},"responses":{"201":{"description":"Updated"}}}},"/exm_incidentdetailses({id6})":{"patch":{"summary":"Update Record(Change the state to re open)","parameters":[{"name":"id6","in":"path","required":true,"style":"simple","explode":false,"schema":{"type":"string"}}],"requestBody":{"description":"Update Incident","content":{"application/json":{"schema":{"$ref":"#/components/schemas/cr246_incidentdetailsesid6_body"}}},"required":true},"responses":{"201":{"description":"Updated"}}}},"/annotations":{"post":{"requestBody":{"description":"Adding Notes (Attach file to) Incident Details","content":{"application/json":{"schema":{"$ref":"#/components/schemas/annotations_body"}}},"required":true},"responses":{"201":{"description":"Updated"}}}}},"components":{"schemas":{"cr246_incidentdetailses_body":{"required":["cr246_OpenedBy@odata.bind","cr246_shortdescription","inc_category@odata.bind"],"type":"object","properties":{"cr246_shortdescription":{"type":"string"},"cr246_OpenedBy@odata.bind":{"type":"string","default":"/systemusers(396fc5b3-b979-ec11-8d21-000d3a377562)"},"inc_impact":{"type":"integer","default":100000002},"inc_urgenc":{"type":"integer","default":100000000},"inc_Category@odata.bind":{"type":"string","default":"/inc_categorytables(f99b9c77-0475-ec11-8943-0022480a630a)"}}},"cr246_incidentdetailsesid_body":{"type":"object","properties":{"inc_state":{"type":"integer","default":100000001}}},"cr246_incidentdetailsesid1_body":{"type":"object","properties":{"inc_state":{"type":"integer","default":100000006},"inc_Assignmentgroup@odata.bind":{"type":"string","default":"/inc_assignmentgroupses(d30fd079-9673-ec11-8943-0022480a630a)"}}},"cr246_incidentdetailsesid2_body":{"type":"object","properties":{"inc_state":{"type":"integer","default":350170000}}},"cr246_incidentdetailsesid3_body":{"type":"object","properties":{"inc_state":{"type":"integer","default":100000003},"inc_resolutioncode":{"type":"integer","default":100000000},"inc_resolutionsnotes":{"type":"string"}}},"cr246_incidentdetailsesid4_body":{"type":"object","properties":{"inc_state":{"type":"integer","default":100000004}}},"cr246_incidentdetailsesid5_body":{"type":"object","properties":{"inc_state":{"type":"integer","default":100000005}}},"cr246_incidentdetailsesid6_body":{"type":"object","properties":{"inc_state":{"type":"integer","default":100000007}}},"annotations_body":{"type":"object","properties":{"objectid_cr246_incidentdetails@odata.bind":{"type":"string","default":"/cr246_incidentdetailses(490bd8c7-ed7c-ec11-8d21-0022480937c6)"},"filename":{"type":"string","format":"binary"},"documentbody":{"type":"string","default":"dGVzdGluZyBhYyAx"},"filesize":{"type":"integer","default":40},"mimetype":{"type":"string","default":"text/plain"}}}},"securitySchemes":{"implicit":{"type":"oauth2","flows":{"implicit":{"authorizationUrl":"https://login.microsoftonline.com/common/oauth2/authorize?resource=https://orge3c19343.crm.dynamics.com/","scopes":{"read":"allows reading resources"}}}}}}}