{"openapi":"3.0.0","info":{"title":"Book store API","description":"This is a simple API","contact":{"email":"abdelaali.djouambi@digitalstork.com"},"license":{"name":"Apache 2.0","url":"http://www.apache.org/licenses/LICENSE-2.0.html"},"version":"1.0.0"},"servers":[{"url":"https://virtserver.swaggerhub.com/Abdelaali-Djouambi/BookStore/1.0.0","description":"SwaggerHub API Auto Mocking"}],"tags":[{"name":"customer","description":"Operations open to customers"}],"paths":{"/book":{"get":{"tags":["customer"],"summary":"searches for books","description":"By passing in the appropriate options, it returns list of books or a specific book if the bookId param is sent.\n","operationId":"getBooks","parameters":[{"name":"bookId","in":"query","description":"passing a bookId to get a specifique book","required":false,"style":"form","explode":true,"schema":{"type":"integer","format":"int64"}},{"name":"skip","in":"query","description":"number of records to skip for pagination","required":false,"style":"form","explode":true,"schema":{"minimum":0,"type":"integer","format":"int64"}},{"name":"limit","in":"query","description":"maximum number of records to return","required":false,"style":"form","explode":true,"schema":{"maximum":5E+1,"minimum":0,"type":"integer","format":"int32"}}],"responses":{"200":{"description":"search results matching criteria","content":{"application/json":{"schema":{"type":"array","items":{"$ref":"#/components/schemas/Book"}}}}},"400":{"description":"bad input parameter"}}}},"/order":{"get":{"tags":["customer"],"summary":"get the client orders by clientName","description":"Client orders a book","operationId":"clientOrders","parameters":[{"name":"clientName","in":"query","description":"passing the clientName to get his orders","required":true,"style":"form","explode":true,"schema":{"type":"integer","format":"int64"}}],"responses":{"200":{"description":"book ordered","content":{"application/json":{"schema":{"type":"array","items":{"$ref":"#/components/schemas/Order"}}}}},"400":{"description":"Bad request"}}}},"/order/orderBook":{"post":{"tags":["customer"],"summary":"Order a book","description":"By passing the book id as a parameter, this book is added to the clients order, if there is none, an new order is created, and the book is added to it.\n","operationId":"orderBook","requestBody":{"description":"Object containing clientName and the id of the ordered book","content":{"application/json":{"schema":{"$ref":"#/components/schemas/MakeOrder"}}},"required":true},"responses":{"200":{"description":"book ordered","content":{"application/json":{"schema":{"type":"array","items":{"$ref":"#/components/schemas/Order"}}}}},"400":{"description":"Bad request"}}}},"/order/validateOrder":{"post":{"tags":["customer"],"summary":"Validate an order","description":"By passing the order id, a user can validate his order.\n","operationId":"validateOrder","requestBody":{"description":"Object containing userName and orderId to be validated","content":{"application/json":{"schema":{"$ref":"#/components/schemas/ValidateOrder"}}},"required":true},"responses":{"200":{"description":"Order validated","content":{"application/json":{"schema":{"type":"array","items":{"$ref":"#/components/schemas/Order"}}}}},"404":{"description":"Not found"}}}}},"components":{"schemas":{"Book":{"required":["id","title"],"type":"object","properties":{"id":{"type":"integer","format":"int64","example":12},"title":{"type":"string","example":"Lord of the rings"},"releaseDate":{"type":"string","format":"date-time","example":"2016-08-29T09:12:33.001Z"},"author":{"type":"string","example":"J.R.R Tolkien"}}},"Order":{"required":["id"],"properties":{"id":{"type":"integer","format":"int64","example":100},"listBooks":{"type":"array","items":{"$ref":"#/components/schemas/Book"}},"userId":{"type":"integer","format":"int64","example":100}}},"MakeOrder":{"required":["bookId","userName"],"properties":{"bookId":{"type":"integer","format":"int64","example":20},"userName":{"type":"string","example":"foo"}}},"ValidateOrder":{"required":["orderId","userName"],"properties":{"orderId":{"type":"integer","format":"int64","example":20},"userName":{"type":"string","example":"foo"}}},"User":{"required":["email","userId","userName"],"properties":{"userId":{"type":"integer","format":"int64","example":20},"userName":{"type":"string","example":"foo"},"email":{"type":"string","example":"foo@gmail.com"},"cashBalance":{"type":"integer","format":"int64","example":30000}}}}}}