{"openapi":"3.0.0","info":{"title":"Document Generation  API","description":"This API can be used to generate & distribute a document along a channel and also optionally archive it.","contact":{"name":"Team Orion","email":"om_ondm_orion@nl.abnamro.com"},"license":{"name":"ABN AMRO Proprietary license","url":"https://www.abnamro.nl"},"version":"1.0.0","x-apiType":"enterprise"},"servers":[{"url":"https://api-st-iag.nl.eu.abnamro.com/document-generation/v1","description":"ST Environment"},{"url":"https://api-et-iag.nl.eu.abnamro.com/document-generation/v1","description":"ET Environment"},{"url":"https://api-pr-iag.nl.eu.abnamro.com/document-generation/v1","description":"PR Environment"}],"paths":{"/":{"post":{"tags":["generateDocument"],"summary":"generates Document","description":"It generates & distributes a document along a channel and also optionally archive it","operationId":"generateDocument","parameters":[{"name":"Trace-Id","in":"header","description":"Trace id used to trace the request from beginning to the end","required":false,"style":"simple","explode":false,"schema":{"type":"string"}},{"name":"Consumer-Id","in":"header","description":"Id of the connecting application consuming the service. (IT Product or OAR ID of the connecting application)","required":false,"style":"simple","explode":false,"schema":{"type":"string"}}],"requestBody":{"content":{"application/json":{"schema":{"$ref":"#/components/schemas/DocumentGenerationRequest"},"example":{"partyId":223456,"partyAdministration":"NL","agreementId":"3335678965","languageId":"NL","businessActivityId":"PaymentAccountNotification","documentGenerationCategory":"Notification","documentGenerationType":"Rejected","documentTitle":"Mortgage Document","variableDocumentText":{"mimeType":"APPLICATION/XML","variableText":"VmFyaWFibGUgdGV4dCBlbmNvZGVkIGluIGJhc2U2NCBmbYXQ="},"distribution":{"channels":["SMS","POST_BOX"],"telephoneNumber":"+31644686085"},"archivalInstructions":[{"key":"DOCUMENT_TYPE","value":"16"}]}}}},"responses":{"200":{"description":"Response when the document is generated successfully","content":{"application/json":{"schema":{"$ref":"#/components/schemas/DocumentGenerationResponse"}}}},"400":{"description":"\"One or more input parameters are invalid, Invalid messages list are as below\nDetailed Error List:\n  ---\n  - PARTY_ID_INVALID\n    > The party Id format provided in the input is invalid.\n  - PARTY_ID_LENGTH_EXCEEDED\n    > The PartyId is exceeding the maximum field length of 12 digits.\n  - PARTY_ID_MISSING\n    > The party Id field in the input is empty.A numeric value should be passed in the input.\n  - AGREEMENT_ID_INVALID\n    > The agreementId format in the input is invalid. \n  - LANGUAGE_ID_INVALID\n    > The Language Id provided in the input is invalid. The allowed values are NL, EN, DE, FR.\n  - PARTY_ADMINISTRATION_MISSING\n    > The party administration field in the input is empty.\n  - PARTY_ADMINISTRATION_NOT_ALLOWED\n    > The party administration value passed in the input is not allowed. The allowed values are NL, IMB.\n  - BUSINESS_ACTIVITY_ID_MISSING\n    > The Business Activity Id field in the input is empty.\n  - DOCUMENT_GENERATION_TYPE_MISSING\n    > The Document Generation Type field in the input is empty.\n  - DOCUMENT_GENERATION_CATEGORY_MISSING\n    > The Document Generation Category field in the input is empty.\n  - COMMUNICATION_SUBJECT_LENGTH_EXCEEDED  \n    >The communication subject field is exceeding the maximum length of 256 characters.\n  - ENCLOSED_DOCUMENTS_LIMIT_EXCEEDED  \n    >The enclosed documents array is exceeding the maximum limit of 5 values.\n  - CARBON_COPY_ADDRESSES_LIMIT_EXCEEDED  \n    >The carbon copy addresses array is exceeding the maximum limit of 5 values.\n  - BLIND_CARBON_COPY_ADDRESSES_LIMIT_EXCEEDED  \n    >The blind carbon copy addresses array is exceeding the maximum limit of 5 values.\n  - ARCHIVAL_INSTRUCTIONS_LIMIT_EXCEEDED  \n    >The archival instructions array is exceeding the maximum limit of 20 values.\n  - VARIABLE_TEXT_MISSING\n    > The variable text required to generate the document is missing\n  - VARIABLE_TEXT_MIME_TYPE_INVALID\n    > The mime-type of the variable text in the input is invalid.\n  - DISTRIBUTION_CHANNEL_INVALID\n    > The channel passed in the input is invalid. Please refer the allowed values.\n  - DISTRIBUTION_CHANNEL_LIMIT_EXCEEDED\n    > The channels array  passed in the input is exceeding the maximum limit of 2 values. \n  - DISTRIBUTION_EMAIL_ADDRESS_INVALID\n    > The emailAddress passed in the input is invalid. Please provide email address with proper domain.\n  - DISTRIBUTION_CC_EMAIL_ADDRESS_INVALID\n    > The carbonCopy emailAddress passed in % position of the array in the input is invalid. Please provide email address with proper domain.\n  - DISTRIBUTION_BCC_EMAIL_ADDRESS_INVALID\n    > The blindCarbonCopy emailAddress passed in % position of the array in the input is invalid. Please provide email address with proper domain.\n  - ARCHIVAL_INSTRUCTIONS_KEY_MISSING\n    > The key is not passed in the % occurrence of the archival instructions array in input\n  - ARCHIVAL_INSTRUCTIONS_VALUE_MISSING\n    > The Archival instructions corresponding value is missing for the key %.\n  - ARCHIVAL_INSTRUCTIONS_KEY_INVALID\n    > The Archival instructions key % passed in the input in the % occurrence is invalid. Please refer allowed values.\n  - DISTRIBUTION_TELEPHONE_NUMBER_INVALID\n    > The mobile number passed in the input is invalid. It should be in [+][country code][mobile number] format.","content":{"application/json":{"schema":{"type":"object","properties":{"errors":{"$ref":"#/components/schemas/Errors"}},"example":{"errors":[{"code":"DISTRIBUTION_CC_EMAIL_ADDRESS_INVALID","message":"The carbonCopy emailAddress passed in % position of the array in the input is invalid. Please provide email address with proper domain ","traceId":"71d3e960-1abe-11eb-adc1-0242ac120002","status":400,"params":["1"]}]}}}}},"415":{"description":"\"If the mime type of the payload or enclosure parameters is not passed in the input and if the content Type is MISSING or unsupported Content Type is passed in the header\"\nDetailed Error List:\n  ---\n  - VARIABLE_DOCUMENT_TEXT_MIME_TYPE_MISSING\n    > The mime-type of the variable text required to generate the communication is missing.","content":{"application/json":{"schema":{"type":"object","properties":{"errors":{"$ref":"#/components/schemas/Errors"}},"example":{"errors":[{"code":"VARIABLE_DOCUMENT_TEXT_MIME_TYPE_MISSING","message":"The mime-type of the variable text required to generate the communication is missing.","traceId":"71d3e960-1abe-55hq-adc1-0242ac120002","status":415}]}}}}},"500":{"description":"\"The technical error in the service during the back-end service calls\"\nDetailed Error List:\n  ---\n  - INTERNAL_SERVER_ERROR \n    > Technical issue within the service","content":{"application/json":{"schema":{"type":"object","properties":{"errors":{"$ref":"#/components/schemas/Errors"}},"example":{"errors":[{"code":"INTERNAL_SERVER_ERROR","message":"Technical issue within the service","traceId":"71d3e960-1abe-45eb-adc1-0242ac120002","status":500}]}}}}},"503":{"description":"\"The provider errors during the back-end service call\"\nDetailed Error List:\n  ---\n  - SERVICE_UNAVAILABLE \n    > Application is unable to reach the backend applications","content":{"application/json":{"schema":{"type":"object","properties":{"errors":{"$ref":"#/components/schemas/Errors"}},"example":{"errors":[{"code":"SERVICE_UNAVAILABLE","message":"Application is unable to reach the backend applications","traceId":"3433e960-1abe-11eb-adc1-0242ac120002","status":503}]}}}}}}}}},"components":{"schemas":{"DocumentGenerationRequest":{"required":["businessActivityId","documentGenerationCategory","documentGenerationType","partyAdministration","partyId"],"type":"object","properties":{"partyId":{"type":"integer","description":"Unique identifier for the party to whom the document is being generated. It cannot exceed 12 digits.","format":"int64","example":223456},"partyAdministration":{"type":"string","description":"Type of the Customer. Like Netherlands or International","enum":["NL","IMB"]},"agreementId":{"type":"string","description":"If the requested document is generated in context of an agreement then this contains the unique identifier for that agreement.Format: AAB account number (0248735535), IBAN (Example: NL48ABNA0248735535), or CIN (Example: 1238764097 )","example":"NL48ABNA0248735535"},"languageId":{"type":"string","description":"Language in which the document should be generated. If not provided the document is generated in the preferred Language of the party.","enum":["NL","EN","DE","FR"]},"businessActivityId":{"type":"string","description":"Identifies the business Activity for which this document is being generated. The combination of businessActivityId,documentGenerationCategory & documentGenerationType will be used to determine the pre-defined document template to be used for document generation.","example":"PaymentAccountNotification","externalDocs":{"description":"The link to find the details regarding  businessActivityId","url":"https://confluence.aws.abnamro.org/pages/viewpage.action?pageId=214944974"}},"documentGenerationCategory":{"type":"string","description":"Categorization of documents based on type of document that will be generated. The combination of businessActivityId,documentGenerationCategory & documentGenerationType will be used to determine the communication template details","example":"Notification","externalDocs":{"description":"The link to find the details regarding  documentgenerationCategory","url":"https://confluence.aws.abnamro.org/pages/viewpage.action?pageId=214944974"}},"documentGenerationType":{"type":"string","description":"Type of document that will be generated. The combination of businessActivityId,documentGenerationCategory & documentGenerationType will be used to determine the communication template details","example":"Rejected","externalDocs":{"description":"The link to find the details regarding the documentgenerationType","url":"https://confluence.aws.abnamro.org/pages/viewpage.action?pageId=214944974"}},"documentTitle":{"type":"string","description":"Title of the document to be generated or the name of the document to be generated","example":"Mortgage Document"},"variableDocumentText":{"$ref":"#/components/schemas/VariableDocumentText"},"distribution":{"$ref":"#/components/schemas/Distribution"},"archivalInstructions":{"maxItems":20,"minItems":1,"type":"array","description":"This contains the information in key-value pairs required to archive the generated document. The Key-Value pairs are provided by the archival systems.","items":{"$ref":"#/components/schemas/ArchivalParameters"}}},"description":"This is the body of the request for document Generation"},"Distribution":{"type":"object","description":"This contains the details required for delivering the documents generated.","allOf":[{"$ref":"#/components/schemas/Channels"}],"oneOf":[{"$ref":"#/components/schemas/EmailAttributes"},{"$ref":"#/components/schemas/BankMailAttributes"},{"$ref":"#/components/schemas/SmsFaxAttributes"}]},"VariableDocumentText":{"required":["mimeType","variableText"],"type":"object","properties":{"mimeType":{"type":"string","description":"Actual format in which the variable text has been provided","enum":["APPLICATION/XML","APPLICATION/TEXT"]},"variableText":{"type":"string","description":"Variable text encoded in base64 format.","format":"byte","example":"Vm1GeWFXRmliR1VnZEdWNGRDQmxibU52WkdWa0lHbHVJR0poYzJVMk5DQm1iM0p0WVhRPQ=="}},"description":"This contains the variable text required to generate the document."},"EmailAttributes":{"type":"object","properties":{"emailAddress":{"type":"string","description":"Email Address to which email need to be generated and delivered. If not provided then document is delivered to the preferred email address of the party.","example":"robert@nl.abnamro.com"},"carbonCopyAddresses":{"maxItems":5,"minItems":1,"type":"array","description":"The list of email addresses to be sent in carbon copy(cc)","example":["Dawn@nl.abnamro.com","Jack@nl.abnamro.com"],"items":{"type":"string"}},"blindCarbonCopyAddresses":{"maxItems":5,"minItems":1,"type":"array","description":"The list of email addresses to be sent in blind carbon copy(bcc).","example":["Mark@nl.abnamro.com","Michel@nl.abnamro.com"],"items":{"type":"string"}},"communicationSubject":{"maxLength":256,"minLength":1,"type":"string","description":"The subject of communication to be generated and delivered","example":"YOUR NEW DEBITCARD"},"encloseDocuments":{"maxItems":5,"minItems":1,"type":"array","description":"A list of unique identifier of a document present in our archival system using which we fetch the document from the archival system and add it as attachment for the Email communication being sent.","example":["888888000436306578","888888000436306580"],"items":{"type":"string"}}},"description":"This contains the details which are required to deliver emails."},"BankMailAttributes":{"type":"object","properties":{"communicationSubject":{"maxLength":256,"minLength":1,"type":"string","description":"The subject of communication to be generated and delivered","example":"YOUR NEW DEBITCARD"}},"description":"This contains the details which are required to deliver bankmails"},"SmsFaxAttributes":{"type":"object","properties":{"telephoneNumber":{"type":"string","description":"Telephone number to which sms need to be generated and delivered. The valid telephone number format is [+][country code][mobile number]. If not provided the document is delivered to the preferred telephone number of the party.","example":"+31644686085"}},"description":"This contains the details which are required to deliver bankmails"},"ArchivalParameters":{"required":["key","value"],"type":"object","properties":{"key":{"type":"string","description":"The keys are the unique identifiers related to archival system.","example":"DOCUMENT_TYPE","enum":["ARCHIVE_DOCUMENT_TYPE","ARCHIVE_LABEL","ARCHIVE_SERIAL_NUMBER","ARCHIVE_SOURCE_NAME","ARCHIVE_DATE","DOCUMENT_TYPE","DOCUMENT_SUB_TYPE","ADD_TO_DOSSIER","DOCUMENT_DOSSIER_REFERENCE","ALTERNATE_DOCUMENT_TYPE","SECURITY_CLASSIFIER","RELATED_ENTITY","SCOPE"]},"value":{"type":"string","description":"The value for each archival parameter","example":"16"}}},"Channels":{"type":"object","properties":{"channels":{"maxItems":2,"minItems":0,"type":"array","items":{"$ref":"#/components/schemas/ChannelsArray"}}}},"ChannelsArray":{"type":"array","description":"Channels in which communication needs to be delivered. If not provided then document is delivered to the preferred channel of the party.If there are two channels passed in the input, then the second occurrence of the channel can only be POST_BOX or DIGITAL_DOCUMENT_EXCHANGE.In case secondary channel is POST_BOX or DIGITAL_DOCUMENT_EXCHANGE, then source connector should check for IB Access of the customer.","items":{"type":"string","enum":["EMAIL","CENTRAL_PRINT","PUSH_NOTIFICATION","LOCAL_PRINT","BANKMAIL","IN_CONTEXT","IN_APP","SMS","FAX","MESSAGE_CARDS","POST_BOX","DIGITAL_DOCUMENT_EXCHANGE"]}},"DocumentGenerationResponse":{"required":["generatedDocuments"],"type":"object","properties":{"generatedDocuments":{"maxItems":10,"minItems":1,"type":"array","description":"This contains the list of generated documents.","items":{"$ref":"#/components/schemas/SuccessResponse"}}},"description":" The response from the API if the document generation is successful"},"SuccessResponse":{"required":["channels"],"type":"object","properties":{"documentId":{"type":"string","description":"Unique Id of the document generated via DocumentGenerationAPI. UniqueId corresponds to either from CCM Suite or from Document Delivery or from Archival","example":"102270799"},"channels":{"maxItems":2,"minItems":1,"type":"array","description":"The delivery channels of the document generated","example":["CENTRAL_PRINT","POST_BOX"],"items":{"$ref":"#/components/schemas/ChannelsArray"}},"generationDateTime":{"type":"string","description":"Date-timestamp of the document at which it was generated in the format YYYY-MM-DDTHH:mm:ssZ","format":"date-time","example":"2015-05-28T14:07:17.999Z"},"distributionDateTime":{"type":"string","description":"Timestamp of the document at which it was delivered in the format YYYY-MM-DDTHH:mm:ssZ.","format":"date-time","example":"2015-05-28T14:07:37.999Z"},"archivalDateTime":{"type":"string","description":"Timestamp of the document at which it was archived in the format YYYY-MM-DDTHH:mm:ssZ.","format":"date-time","example":"2015-05-28T14:07:57.999Z"},"document":{"type":"string","description":"This contains the generatedDocument and is always returned if the consumer provides Distribution Channel = LOCAL_PRINT in the request.","format":"byte","example":"UVNCd1pHWWdkMkZ6SUdkbGJtVnlZWFJsWkE9PQ=="}}},"Errors":{"type":"object","properties":{"errors":{"maxItems":100,"minItems":1,"type":"array","items":{"$ref":"#/components/schemas/Error"}}},"description":"Extra information to the REST client in case of erroneous situations(HTTP status codes 4xx/5xx)"},"Error":{"required":["code","message","status","traceId"],"type":"object","properties":{"code":{"type":"string","description":"The unique error code to identify the root cause of the error example: \"PARTY_ID_INVALID\""},"message":{"type":"string","description":"The description for the error which explains the issue which resulted in error.","example":"The party Id format provided in the input is invalid"},"traceId":{"type":"string","description":"Unique tracing Id to easily trace root cause in case of errors.","example":"71d3e960-1abe-55hq-adc1-0242ac120002"},"status":{"type":"integer","description":"The HTTP status code where the code is categorized.","format":"int32","example":400},"params":{"maxItems":5,"minItems":0,"type":"array","description":"Optionally, a message in the content management system may contain dynamic parameters. These attributes give the keys to those dynamic parameters, which are used for look-up.","items":{"type":"string"}}},"description":"Points to a message item in the content management which can be used to render messages of type ERROR. This message item can be fetched using the messageKey and params."}}}}