{"openapi":"3.0.0","info":{"title":"Document API","description":"APIs for storing, retrieving, updating metadata and adding/deleting related entities of documents","contact":{"email":"ecm-im-synergy@nl.abnamro.com"},"version":"1.2","x-apiType":"enterprise"},"servers":[{"url":"https://api-st-iag.nl.eu.abnamro.com/documents/v1","description":"ST environment"}],"paths":{"/{documentId}/metadata":{"get":{"tags":["documents"],"description":"Retrieves document metadata using unique document id from the Archive","operationId":"getDocumentMetadata","parameters":[{"name":"Consumer-Id","in":"header","description":"Id of the connecting application consuming the API","required":true,"style":"simple","explode":false,"schema":{"type":"string"},"example":"drm_test"},{"name":"Trace-Id","in":"header","description":"Trace id used to trace the request from beginning to the end","required":false,"style":"simple","explode":false,"schema":{"type":"string"},"example":1234},{"name":"documentId","in":"path","description":"Unique document id required to retrieve the document","required":true,"style":"simple","explode":false,"schema":{"type":"string"},"example":"drm_1234567890"}],"responses":{"200":{"description":"Document Metadata from the Archive","content":{"application/json":{"schema":{"$ref":"#/components/schemas/DocumentMetadataResponseObject"}}}},"400":{"description":"\"One or more input parameters are invalid\nDetailed Error List:\n  ---\n  - DOCUMENT_ID_MISSING\n    > Document Id is mandatory\n  - CONSUMER_ID_MISSING\n    > Consumer Id is mandatory\n","content":{"application/json":{"schema":{"type":"object","properties":{"errors":{"$ref":"#/components/schemas/Errors"}},"example":{"errors":[{"code":"DOCUMENT_ID_MISSING","message":"Document Id is mandatory","status":"400","traceId":"1234"}]}}}}},"403":{"description":"\"Consumer does not have access to the document\n\nDetailed Error List:\n  ---\n    - ACCESS_DENIED\n      > Consumer does not have access to the document\n","content":{"application/json":{"schema":{"type":"object","properties":{"errors":{"$ref":"#/components/schemas/Errors"}},"example":{"errors":[{"code":"ACCESS_DENIED","message":"Consumer does not have access to the document","status":"403","traceId":"1234"}]}}}}},"404":{"description":"Document is not present in the Archive\nDetailed Error List:\n  ---\n    - DOCUMENT_NOT_FOUND\n      > Document is not present in the Archive\n","content":{"application/json":{"schema":{"type":"object","properties":{"errors":{"$ref":"#/components/schemas/Errors"}},"example":{"errors":[{"code":"DOCUMENT_NOT_FOUND","message":"Document is not present in the Archive","status":"404","traceId":"1234"}]}}}}},"500":{"description":"\"Technical error within the service\"\nDetailed Error List:\n  ---\n  - INTERNAL_SERVER_ERROR\n    > \"Technical issue within the service.\"\n","content":{"application/json":{"schema":{"type":"object","properties":{"errors":{"$ref":"#/components/schemas/Errors"}},"example":{"errors":[{"code":"INTERNAL_SERVER_ERROR","message":"Technical issue within the service.","status":"500","traceId":"1234"}]}}}}}}}},"/{documentId}":{"get":{"tags":["documents"],"description":"Retrieves document content using unique document id from the Archive","operationId":"getDocument","parameters":[{"name":"Consumer-Id","in":"header","description":"Id of the connecting application consuming the API","required":true,"style":"simple","explode":false,"schema":{"type":"string"},"example":"drm_test"},{"name":"Trace-Id","in":"header","description":"Id to trace the request from beginning to the end","required":false,"style":"simple","explode":false,"schema":{"type":"string"},"example":1234},{"name":"documentId","in":"path","description":"Unique document id required to retrieve the document content","required":true,"style":"simple","explode":false,"schema":{"type":"string"},"example":"drm_1234567890"}],"responses":{"200":{"description":"Document content from the Archive","content":{"application/octet-stream":{"schema":{"type":"string","format":"binary"}}}},"400":{"description":"One or more input parameters are invalid, Invalid messages list are as below -\nDetailed Error List:\n  ---\n  - DOCUMENT_ID_MISSING\n    > Document Id is mandatory\n  - CONSUMER_ID_MISSING\n    > Consumer Id is mandatory\n","content":{"application/json":{"schema":{"type":"object","properties":{"errors":{"$ref":"#/components/schemas/Errors"}},"example":{"errors":[{"code":"DOCUMENT_ID_MISSING","message":"Document Id is mandatory","status":"400","traceId":"1234"}]}}}}},"403":{"description":"\"Consumer doesn't have access to the document\nDetailed Error List:\n  ---\n    - ACCESS_DENIED\n      > Consumer does not have access to the document\n","content":{"application/json":{"schema":{"type":"object","properties":{"errors":{"$ref":"#/components/schemas/Errors"}},"example":{"errors":[{"code":"ACCESS_DENIED","message":"Consumer does not have access to the document","status":"403","traceId":"1234"}]}}}}},"404":{"description":"Document is not present in the Archive\nDetailed Error List:\n  ---\n    - DOCUMENT_NOT_FOUND\n      > Document is not present in the Archive\n","content":{"application/json":{"schema":{"type":"object","properties":{"errors":{"$ref":"#/components/schemas/Errors"}},"example":{"errors":[{"code":"DOCUMENT_NOT_FOUND","message":"Document is not present in the Archive","status":"404","traceId":"1234"}]}}}}},"500":{"description":"\"Technical error within the service\"\nDetailed Error List:\n  ---\n  - INTERNAL_SERVER_ERROR\n    > \"Technical issue within the service.\"\n","content":{"application/json":{"schema":{"type":"object","properties":{"errors":{"$ref":"#/components/schemas/Errors"}},"example":{"errors":[{"code":"INTERNAL_SERVER_ERROR","message":"Technical issue within the service.","status":"500","traceId":"1234"}]}}}}}}}},"/{documentId}/metadata/patch":{"post":{"tags":["documents"],"description":"Updates the metadata of the existing document","operationId":"partialUpdateDocumentMetadata","parameters":[{"name":"Consumer-Id","in":"header","description":"Id of the connecting application consuming the API","required":true,"style":"simple","explode":false,"schema":{"type":"string"},"example":"drm_test"},{"name":"Trace-Id","in":"header","description":"Id to trace the request from beginning to the end","required":false,"style":"simple","explode":false,"schema":{"type":"string"},"example":1234},{"name":"documentId","in":"path","description":"unique id of the document","required":true,"style":"simple","explode":false,"schema":{"type":"string"},"example":12323232}],"requestBody":{"content":{"application/json":{"schema":{"$ref":"#/components/schemas/DocumentMetadata"}}},"required":true},"responses":{"204":{"description":"Metadata updated successfully for the document."},"400":{"description":"One or more input parameters are invalid, Invalid messages list are as below -\nDetailed Error List:\n  ---\n  - DOCUMENT_ID_MISSING\n    > Document Id is mandatory\n  - CONSUMER_ID_MISSING\n    > Consumer Id is mandatory\n  - SIGN_STATUS_INVALID\n    > Sign Status value is incorrect\n","content":{"application/json":{"schema":{"type":"object","properties":{"errors":{"$ref":"#/components/schemas/Errors"}},"example":{"errors":[{"code":"DOCUMENT_ID_MISSING","message":"Document Id is mandatory","status":"400","traceId":"1234"}]}}}}},"403":{"description":"Consumer doesn't have access to the document\nDetailed Error List:\n  ---\n    - ACCESS_DENIED\n      > Consumer does not have access to the document\n","content":{"application/json":{"schema":{"type":"object","properties":{"errors":{"$ref":"#/components/schemas/Errors"}},"example":{"errors":[{"code":"ACCESS_DENIED","message":"Consumer does not have access to the document","status":"403","traceId":"1234"}]}}}}},"404":{"description":"Document is not present in the Archive\nDetailed Error List:\n  ---\n    - DOCUMENT_NOT_FOUND\n      > Document is not present in the Archive\n","content":{"application/json":{"schema":{"type":"object","properties":{"errors":{"$ref":"#/components/schemas/Errors"}},"example":{"errors":[{"code":"DOCUMENT_NOT_FOUND","message":"Document is not present in the Archive","status":"404","traceId":"1234"}]}}}}},"500":{"description":"\"Technical error within the service\"\nDetailed Error List:\n  ---\n  - INTERNAL_SERVER_ERROR\n    > \"Technical issue within the service.\"\n","content":{"application/json":{"schema":{"type":"object","properties":{"errors":{"$ref":"#/components/schemas/Errors"}},"example":{"errors":[{"code":"INTERNAL_SERVER_ERROR","message":"Technical issue within the service.","status":"500","traceId":"1234"}]}}}}}}}},"/":{"post":{"tags":["documents"],"description":"Stores a document in the Archive along with metadata and returns unique id of the document","operationId":"postDocument","parameters":[{"name":"Consumer-Id","in":"header","description":"Id of the connecting application consuming the API","required":true,"style":"simple","explode":false,"schema":{"type":"string"},"example":"drm_test"},{"name":"Trace-Id","in":"header","description":"Id to trace the request from beginning to the end","required":false,"style":"simple","explode":false,"schema":{"type":"string"},"example":1234}],"requestBody":{"content":{"multipart/form-data":{"schema":{"type":"object","properties":{"documentRequest":{"$ref":"#/components/schemas/DocumentRequest"},"content":{"required":["content"],"type":"string","format":"binary"}}}}}},"responses":{"200":{"description":"Document id and document in dossier id(If present) that were stored.","content":{"application/json":{"schema":{"$ref":"#/components/schemas/DocumentStorageResponse"}}}},"400":{"description":"\"One or more input parameters are invalid, Invalid messages list are as below -\nDetailed Error List:\n  ---\n  - DOCUMENT_NAME_MISSING\n    > Document Name should not be empty\n  - RELATED_ENTITY_INFO_ADMINISTRATION_INVALID\n    > Related Entity Administration Value is incorrect\n  - RELATED_ENTITY_INFO_TYPE_INVALID\n    > Related Entity Info Type is incorrect\n  - DOCUMENT_TYPE_INVALID\n    > Provided Document Type/Sub type combination or values are invalid\n  - CONSUMER_ID_MISSING\n    > Consumer Id is mandatory\n  - DOCUMENT_CONTENT_MISSING\n    > Document content is mandatory\n  - MORE_THAN_ONE_DOSSIER_FOUND\n    > Multiple dossiers found for the request\n  - SIGN_STATUS_INVALID\n    > Sign Status value is incorrect\n  - SOURCE_CREATION_DATE_INVALID\n    > Source Creation Date is invalid, valid date format is \"yyyy-MM-ddThh:mm:ssZ\"\n  - VALID_FROM_DATE_INVALID\n    > Valid From Date is invalid, valid date format is \"yyyy-MM-dd\"\n  - VALID_TO_DATE_INVALID\n    > Valid To Date is invalid, valid date format is \"yyyy-MM-dd\"\n","content":{"application/json":{"schema":{"type":"object","properties":{"errors":{"$ref":"#/components/schemas/Errors"}},"example":{"errors":[{"code":"DOCUMENT_NAME_MISSING","message":"Document Name should not be empty","status":"400","traceId":"1234"}]}}}}},"403":{"description":"Consumer doesn't have access to the dossier\nDetailed Error List:\n  ---\n    - ACCESS_DENIED\n      > Consumer does not have access to the dossier\n","content":{"application/json":{"schema":{"type":"object","properties":{"errors":{"$ref":"#/components/schemas/Errors"}},"example":{"errors":[{"code":"ACCESS_DENIED","message":"Consumer does not have access to the dossier","status":"403","traceId":"1234"}]}}}}},"404":{"description":"Dossier is not present in the Archive\nDetailed Error List:\n  ---\n    - DOSSIER_NOT_FOUND\n      > Dossier is not present in the Archive\n","content":{"application/json":{"schema":{"type":"object","properties":{"errors":{"$ref":"#/components/schemas/Errors"}},"example":{"errors":[{"code":"DOSSIER_NOT_FOUND","message":"Dossier is not present in the Archive","status":"404","traceId":"1234"}]}}}}},"500":{"description":"\"Technical error within the service\"\nDetailed Error List:\n  ---\n  - INTERNAL_SERVER_ERROR\n    > \"Technical issue within the service.\"\n","content":{"application/json":{"schema":{"type":"object","properties":{"errors":{"$ref":"#/components/schemas/Errors"}},"example":{"errors":[{"code":"INTERNAL_SERVER_ERROR","message":"Technical issue within the service.","status":"500","traceId":"1234"}]}}}}}}}},"/{documentId}/relatedentitiesaddition":{"post":{"tags":["documents"],"description":"Adds one or more related entities to the document","operationId":"addRelatedEntities","parameters":[{"name":"Consumer-Id","in":"header","description":"Id of the connecting application consuming the API","required":false,"style":"simple","explode":false,"schema":{"type":"string"}},{"name":"Trace-Id","in":"header","description":"Unique trace id for end-2-end tracing of the REST API call","required":false,"style":"simple","explode":false,"schema":{"type":"string"}},{"name":"documentId","in":"path","description":"Unique Id of the document, example- 1234567890","required":true,"style":"simple","explode":false,"schema":{"type":"string"}}],"requestBody":{"content":{"application/json":{"schema":{"$ref":"#/components/schemas/RelatedEntities"}}},"required":true},"responses":{"204":{"description":"Related Entities added to the document"},"400":{"description":"One or more input parameters are invalid.\nDetailed Error List:\n  ---\n  - DOCUMENT_ID_MISSING\n    > Document Id is mandatory\n  - CONSUMER_ID_MISSING\n    > Consumer Id is mandatory\n  - RELATED_ENTITY_INFO_MISSING\n    > Atleast one Related Entity Information is mandatory\n  - RELATED_ENTITY_INFO_ID_MISSING\n    > Related Entity Id can't be null\n  - RELATED_ENTITY_INFO_ADMINISTRATION_ID_MISSING\n    > Related Entity Administration Id can't be null\n  - RELATED_ENTITY_INFO_TYPE_MISSING\n    > Related Entity type can't be null\n  - RELATED_ENTITY_INFO_ADMINISTRATION_ID_INVALID\n    > Related Entity Administration ID Value is incorrect\n  - RELATED_ENTITY_INFO_TYPE_INVALID\n    > Related Entity Info Type is incorrect\n  - RELATED_ENTITY_INFO_ALREADY_PRESENT\n    > The combination of id, type and administrationId is already present in the system\n  - RELATED_ENTITIES_COUNT_EXCEEDED\n    > Related Entities count exceed the defined boundary of 20 items\n  - DOSSIER_ALREADY_CLOSED\n    > The related dossier is already closed\n","content":{"application/json":{"schema":{"type":"object","properties":{"errors":{"$ref":"#/components/schemas/Errors"}},"example":{"errors":[{"code":"DOCUMENT_ID_MISSING","message":"Document Id is mandatory","status":"400","traceId":"1234"},{"code":"RELATED_ENTITY_INFO_ADMINISTRATION_ID_INVALID","message":"The administrationId value for the combination of id=%1, type=%2 and administrationId=%3 is not valid","status":"400","traceId":"1234","params":["12345","Customer","xxx"]},{"code":"RELATED_ENTITY_INFO_TYPE_INVALID","message":"The type value for the combination of id=%1, type=%2 and administrationId=%3 is not valid","status":"400","traceId":"1234","params":["12345","Custom","xxx"]},{"code":"RELATED_ENTITY_INFO_ALREADY_PRESENT","message":"The combination of id=%1, type=%2 and administrationId=%3 is already present in the system","status":"400","traceId":"1234","params":["12345","Customer","2"]}]}}}}},"403":{"description":"Consumer doesn't have access to the document\nDetailed Error List:\n  ---\n  - ACCESS_DENIED\n    > Consumer does not have access to the document\n","content":{"application/json":{"schema":{"type":"object","properties":{"errors":{"$ref":"#/components/schemas/Errors"}},"example":{"errors":[{"code":"ACCESS_DENIED","message":"Consumer does not have access to the document","status":"403","traceId":"1234"}]}}}}},"404":{"description":"Document is not present in the Archive\nDetailed Error List:\n  ---\n    - DOCUMENT_NOT_FOUND\n      > Document is not present in the Archive\n","content":{"application/json":{"schema":{"type":"object","properties":{"errors":{"$ref":"#/components/schemas/Errors"}},"example":{"errors":[{"code":"DOCUMENT_NOT_FOUND","message":"Document is not present in the Archive","status":"404","traceId":"1234"}]}}}}},"500":{"description":"Technical error within the service\nDetailed Error List:\n  ---\n  - INTERNAL_SERVER_ERROR\n    > \"Technical issue within the service.\"\n","content":{"application/json":{"schema":{"type":"object","properties":{"errors":{"$ref":"#/components/schemas/Errors"}},"example":{"errors":[{"code":"INTERNAL_SERVER_ERROR","message":"Technical issue within the service.","status":"500","traceId":"1234"}]}}}}}}}},"/{documentId}/relatedentitiesdeletion":{"post":{"tags":["documents"],"description":"Deletes one or more related entities from the document","operationId":"deleteRelatedEntities","parameters":[{"name":"Consumer-Id","in":"header","description":"Id of the connecting application consuming the API","required":false,"style":"simple","explode":false,"schema":{"type":"string"}},{"name":"Trace-Id","in":"header","description":"Unique trace id for end-2-end tracing of the REST API call","required":false,"style":"simple","explode":false,"schema":{"type":"string"}},{"name":"documentId","in":"path","description":"Unique Id of the document, example- 1234567890","required":true,"style":"simple","explode":false,"schema":{"type":"string"}}],"requestBody":{"content":{"application/json":{"schema":{"$ref":"#/components/schemas/RelatedEntities"}}},"required":true},"responses":{"204":{"description":"Related Entities deleted from the document"},"400":{"description":"One or more input parameters are invalid.\nDetailed Error List:\n  ---\n  - DOCUMENT_ID_MISSING\n    > Document Id is mandatory\n  - CONSUMER_ID_MISSING\n    > Consumer Id is mandatory\n  - RELATED_ENTITY_INFO_MISSING\n    > Atleast one Related Entity Information is mandatory\n  - RELATED_ENTITY_INFO_ID_MISSING\n    > Related Entity Id cannot be null\n  - RELATED_ENTITY_INFO_ADMINISTRATION_ID_MISSING\n    > Related Entity Administration Id cannot be null\n  - RELATED_ENTITY_INFO_TYPE_MISSING\n    > Related Entity type cannot be null\n  - RELATED_ENTITY_INFO_ADMINISTRATION_ID_INVALID\n    > Related Entity Administration ID Value is incorrect\n  - RELATED_ENTITY_INFO_TYPE_INVALID\n    > Related Entity Info Type is incorrect\n  - RELATED_ENTITY_INFO_DOES_NOT_EXIST\n    > Related Entity information does not exist in the system\n  - RELATED_ENTITIES_COUNT_EXCEEDED\n    > Related Entities count exceed the defined boundary of 20 items\n  - DOSSIER_ALREADY_CLOSED\n    > The related dossier is already closed\n","content":{"application/json":{"schema":{"type":"object","properties":{"errors":{"$ref":"#/components/schemas/Errors"}},"example":{"errors":[{"code":"DOCUMENT_ID_MISSING","message":"Document Id is mandatory","status":"400","traceId":"1234"},{"code":"RELATED_ENTITY_INFO_ADMINISTRATION_ID_INVALID","message":"The administrationId value for the combination of id=%1, type=%2 and administrationId=%3 is not valid","status":"400","traceId":"1234","params":["12345","Customer","xxx"]},{"code":"RELATED_ENTITY_INFO_TYPE_INVALID","message":"The type value for the combination of id=%1, type=%2 and administrationId=%3 is not valid","status":"400","traceId":"1234","params":["12345","Custom","xxx"]},{"code":"RELATED_ENTITY_INFO_DOES_NOT_EXIST","message":"The combination of id=%1, type=%2 and administrationId=%3 does not exist in the system","status":"400","traceId":"1234","params":["12345","Customer","2"]}]}}}}},"403":{"description":"Consumer doesn't have access to the document\nDetailed Error List:\n  ---\n  - ACCESS_DENIED\n    > Consumer does not have access to the document\n","content":{"application/json":{"schema":{"type":"object","properties":{"errors":{"$ref":"#/components/schemas/Errors"}},"example":{"errors":[{"code":"ACCESS_DENIED","message":"Consumer does not have access to the Document","status":"403","traceId":"1234"}]}}}}},"404":{"description":"Document is not present in the Archive\nDetailed Error List:\n  ---\n  - DOCUMENT_NOT_FOUND\n    > Document is not present in the Archive\n","content":{"application/json":{"schema":{"type":"object","properties":{"errors":{"$ref":"#/components/schemas/Errors"}},"example":{"errors":[{"code":"DOCUMENT_NOT_FOUND","message":"Document is not present in the Archive","status":"404","traceId":"1234"}]}}}}},"500":{"description":"Technical error within the service\nDetailed Error List:\n  ---\n  - INTERNAL_SERVER_ERROR\n    > \"Technical issue within the service.\"\n","content":{"application/json":{"schema":{"type":"object","properties":{"errors":{"$ref":"#/components/schemas/Errors"}},"example":{"errors":[{"code":"INTERNAL_SERVER_ERROR","message":"Technical issue within the service.","status":"500","traceId":"1234"}]}}}}}}}}},"components":{"schemas":{"DocumentMetadataResponseObject":{"required":["documentType"],"properties":{"documentType":{"$ref":"#/components/schemas/DocumentType"},"retention":{"$ref":"#/components/schemas/Retention"}},"allOf":[{"$ref":"#/components/schemas/DocumentMetadata"}]},"DocumentMetadata":{"type":"object","properties":{"contentSize":{"type":"integer","description":"Size of the document content in bytes","format":"int64","readOnly":true,"example":123457},"contentType":{"type":"string","description":"Mime type of the content(For Exam ple- For pdf files, mime type is application/pdf). MIME types identify internet files based on their nature and format. MIME Type categorizing (if any) helps the browser open the file(if needed) with appropriate extension or plugin.","readOnly":true,"example":"application/pdf"},"creationDateTime":{"type":"string","description":"Moment on which the request to store the document was received","format":"date-time","readOnly":true,"example":"2018-10-10T10:00:00Z"},"creatorConsumerId":{"type":"string","description":"Consumer Id of the application that stored the document","readOnly":true,"example":"test_application"},"description":{"type":"string","description":"Describing the purpose/usage of the document","readOnly":true,"example":"Mortgage document"},"validityStatus":{"type":"string","description":"Current Status of the document, indicates   whether the document is accepted and can be re-used in another dossier or not. DRAFT - Document has been stored but not accepted. RE_USABLE - document is accepted and can be re-used in another dossier. UN_USABLE - Document is not accepted and can not be re-used in another dossier.","readOnly":true,"enum":["DRAFT","RE_USABLE","UN_USABLE"]},"signStatus":{"type":"string","description":"Indicates whether the document is signed, [{TO_BE_SIGNED - Document has been shared and it is yet to signed}, {SIGNED - Document is signed}]","example":"TO_BE_SIGNED","enum":["TO_BE_SIGNED","SIGNED"]},"alternateDocumentType":{"type":"string","description":"Describes a document classification which is consumer specific and different from standard classification","readOnly":true,"example":"Advies Sanctions desk"},"documentId":{"type":"string","description":"The unique id which helps in identifying the document.","readOnly":true,"example":"1234567890"},"links":{"maxItems":20,"minItems":0,"type":"array","description":"Links define the relations and the urls of the target API to the current API","readOnly":true,"items":{"$ref":"#/components/schemas/Link"}},"lastModifierUserId":{"type":"string","description":"Identifier of the user who is the most recent modifier of the metadata of the document","readOnly":true,"example":"A1234"},"lastModifiedTimestamp":{"type":"string","description":"Date and time when the last update was performed on","format":"date-time","readOnly":true,"example":"2018-10-10T10:00:00Z"},"documentName":{"type":"string","description":"Name of the document along with the extension of the content of the document, extension is not mandatory.","readOnly":true,"example":"mortgage_contract"},"relatedEntity":{"maxItems":1000,"minItems":0,"type":"array","description":"List of related entities. Object indicating the Entity the document is linked to. Related entities define the linked entities to which the document belongs, like customer or contract or process.","readOnly":true,"items":{"$ref":"#/components/schemas/RelatedEntity"}},"scope":{"maxItems":1000,"minItems":0,"type":"array","description":"Scope of the document. Scope helps in finding the documents which don't have an identifier or are not related to any client.The scope set indicates country, business lines, region etc. For Example - If the document is related to a specific domain, then the scope of the document will be the domain name or if the document was stored by a German user, the scope information will have type- Country, value- Germany.","readOnly":true,"items":{"$ref":"#/components/schemas/Scope"}},"sourceCreationDateTime":{"type":"string","description":"This is the date and time on which the document was created in the source system","format":"date-time","readOnly":true,"example":"2018-10-10T10:00:00Z"},"sourceCreatorUserId":{"type":"string","description":"This is the ID of the user who created the document in the source system","readOnly":true,"example":"A1234"},"sourceLabel":{"type":"string","description":"Name of the application generating the document","readOnly":true,"example":"Document Generator"},"title":{"type":"string","description":"Title of the document","readOnly":true,"example":"Mortgage contract for customer 123456"},"validFromDate":{"type":"string","description":"This indicates the validity start date for the document. (e.g. issue date of passport)","format":"date","readOnly":true,"example":"2018-10-10"},"validToDate":{"type":"string","description":"This indicates the validity end date for the document. (e.g. expiry date of passport)","format":"date","readOnly":true,"example":"2018-10-10"}},"description":"This model contains all the metadata of the document"},"DocumentStorageResponse":{"required":["documentId"],"type":"object","properties":{"documentId":{"type":"string","description":"Id of the original document.","readOnly":true,"example":"drm_1234567890"},"documentDossierReferenceId":{"type":"string","description":"Id of the link between the master document and a dossier. Only present if the document is stored in the context of a dossier","readOnly":true,"example":"1234567890"}}},"DocumentDossierReference":{"type":"object","properties":{"documentDossierLifeCycleStatus":{"type":"string","description":"Life Cycle State of document in dossier, {  [STAGED - means document in dossier has been linked and has not been reviewed for this process or product],  [PROCESS - means document in dossier review is in progress], [REJECTED - means document has been rejected], [PUBLISHED - Document review is successful and is published],  [ARCHIVED - Document  is archived in the repository] }","enum":["STAGED","PROCESS","REJECTED","PUBLISHED","ARCHIVED"]},"dossierId":{"type":"string","description":"Unique id to find the exact dossier","example":"123456789"},"dossierSearchCriteria":{"$ref":"#/components/schemas/DossierSearchCriteria"}},"description":"This class contains values related to document in dossier, if the document is part of a dossier. DocumentDossier is a reference to the master document, and contains usage information of the document pertaining to a process or product dossier. Also, If the consumer does not know the unique dossier id, then the consumer can search for a dossier based on the dossier name and if a unique dossier is found, then document will be linked to that dossier."},"DocumentRequest":{"required":["documentMetadata"],"type":"object","properties":{"documentDossierReference":{"$ref":"#/components/schemas/DocumentDossierReference"},"addToDossier":{"type":"boolean","description":"Identifies whether the document should be stored inside a dossier"},"documentMetadata":{"$ref":"#/components/schemas/DocumentMetadataRequest"}},"description":"This model class contains all the request parameters required to store a document"},"DocumentMetadataRequest":{"required":["documentName","documentType"],"type":"object","properties":{"securityClassifier":{"type":"string","description":"This is used to define the security of the document. It is always a pre-defined value generated and used after consultation","example":"/HK/INT.Desk/Channels"},"description":{"type":"string","description":"Description of the document","example":"Mortgage document"},"documentType":{"$ref":"#/components/schemas/DocumentType"},"alternateDocumentType":{"type":"string","description":"Describes a document classification which is consumer specific and different from standard classification","example":"Advies Sanctions desk"},"signStatus":{"type":"string","description":"Indicates whether the document is signed, [{TO_BE_SIGNED - Document has been shared and it is yet to signed}, {SIGNED - Document is signed}]","example":"TO_BE_SIGNED","enum":["TO_BE_SIGNED","SIGNED"]},"documentName":{"type":"string","description":"Name of the document","example":"mortgage_contract"},"relatedEntity":{"maxItems":1000,"minItems":0,"type":"array","description":"Object indicating the Entity the document is linked to. Related entities define the linked entities to which the document belongs, like customer or contract or process.","items":{"$ref":"#/components/schemas/RelatedEntity"}},"scope":{"maxItems":1000,"minItems":0,"type":"array","description":"Scope of the document. Scope helps in finding the documents which don't have an identifier or are not related to any client.The scope set indicates country, business lines, region etc. For Example - If the document is related to a specific domain, then the scope of the document will be the domain name or if the document was stored by a German user, the scope information will have type- Country, value- Germany.","items":{"$ref":"#/components/schemas/Scope"}},"sourceCreationDateTime":{"description":"This is the date on which the document was created in the source system","format":"date-time","example":"2018-10-10T10:00:00Z"},"sourceCreatorUserId":{"type":"string","description":"This is the ID of the user who created the document in the source system","example":"A1234"},"sourceId":{"type":"string","description":"Id of the application/connector indicating where the document has originated from","example":"1"},"title":{"type":"string","description":"Title of the document","example":"Mortgage contract for customer 123456"},"validFromDate":{"type":"string","description":"This indicates the validity start date for the document. (e.g. issue date of passport)","format":"date","example":"2018-10-10"},"validToDate":{"type":"string","description":"This indicates the validity end date for the document. (e.g. expiry date of passport)","format":"date","example":"2018-10-10"}},"description":"Contains information/metadata of the document"},"DocumentType":{"required":["subType","type"],"type":"object","properties":{"subType":{"type":"string","description":"Used to identify the fine grained classification of the document. For example, passport. The list of possible values can be found at ->","example":"10","x-externalDocs":"https://confluence.aws.abnamro.org/download/attachments/52250944/Copy%20of%20Doctype_mapping%201.22.xlsm?api=v2"},"type":{"type":"string","description":"Used to identify the high level classification of the document. For example, Government Registration Document which can have usb types like Passport, Driving License, etc. List of doc type and sub types can be found at ->","example":"1","x-externalDocs":"https://confluence.aws.abnamro.org/download/attachments/52250944/Copy%20of%20Doctype_mapping%201.22.xlsm?api=v2"}},"description":"Type and Sub types for the document are wrapped in this object"},"Link":{"required":["link"],"type":"object","properties":{"link":{"type":"string","description":"Link(URL) of the target API","example":"http://localhost:8080/documents/v1/1234567890"},"rel":{"type":"string","description":"This attribute denotes the relation or name of the target API","example":"content"}},"description":"This class provides information about the extra operations that are related to the current API endpoint"},"RelatedEntity":{"required":["administrationId","id","type"],"type":"object","properties":{"administrationId":{"type":"string","description":"This is the administration of the identifier to which the document belongs. For example, if the document belongs to a customer, then the managing administration is one of the customer administration systems of the organisation.","example":"2","x-externalDocs":"https://confluence.aws.abnamro.org/display/ECMSER/All+SQL+scripts+for+administration+data?preview=/34113796/58521790/Administrations%20Maintained%20by%20DRM.xlsx"},"id":{"type":"string","description":"This is the unique identifier of the entity to which the document belongs. This should always occur in conjunction with the other two attributes. For Documents, atleast one set of linking attributes should be available, the most common being customer.","example":"12345"},"type":{"type":"string","description":"This is the type of the linked object information that is stored. Values could be Customer, Contract, Account, Process, Building, Employee etc.","example":"Customer","x-externalDocs":"https://confluence.aws.abnamro.org/display/ECMSER/All+SQL+scripts+for+administration+data?preview=/34113796/58521790/Administrations%20Maintained%20by%20DRM.xlsx"}},"description":"Object indicating the Entity the document is linked to. Related entities define the linked entities to which the document belongs, like customer or contract or process."},"RelatedEntities":{"required":["relatedEntities"],"type":"object","properties":{"relatedEntities":{"maxItems":20,"minItems":1,"type":"array","items":{"$ref":"#/components/schemas/RelatedEntity"}}},"description":"One or more combinations of the type, administration and identification number with which a document can be identified"},"Retention":{"required":["retentionPeriod"],"type":"object","properties":{"retentionEndDateTime":{"type":"string","description":"The calculated end date for the retention after which the document can be automatically disposed of.","format":"date-time","example":"2018-10-10T10:00:00Z"},"retentionPeriod":{"type":"string","description":"The name of the retention policy applied / to-be applied to the document. It defines for how long document needs to be stored, the format is NumberOfYears.NumberOfMonths.NumberOfDays","example":"10.00.00"},"retentionStartDateTime":{"type":"string","description":"The start date (past - future) for the retention. This is determined by the retention trigger / source application.","format":"date-time","example":"2018-10-10T10:00:00Z"}},"description":"Indicates the time period for which the document has to be stored in archive"},"Scope":{"type":"object","properties":{"administrationId":{"type":"string","description":"This is the administration where these values are maintained, if any.","example":"BO Table"},"type":{"type":"string","description":"The scope set indicates country, business lines, region etc.","example":"Country"},"value":{"type":"string","description":"This is the value for the type of scope.","example":"Netherlands"}},"description":"Scope of the document. Scope helps in finding the documents which don't have an identifier or are not related to any client.The scope set indicates country, business lines, region etc. For Example - If the document is related to a specific domain, then the scope of the document will be the domain name or if the document was stored by a German user, the scope information will have type- Country, value- Germany."},"DossierSearchCriteria":{"type":"object","properties":{"dossierName":{"type":"string","description":"Name of the dossier on which search has to be performed","example":"Nieuwe_Hypotheek_123456789_14022018"},"dossierNameQueryType":{"type":"string","description":"This enum tells how the dossierName has to be queried. FULL_MATCH - means the entire value has to be matched against the dossierName field INCLUDE - means the value can be anywhere in the dossierName field STARTS_WITH - means the value is the starting string of the dossierName field","enum":["INCLUDE","STARTS_WITH","FULL_MATCH"]}},"description":"This Model contains attributes used to search a unique dossier to which the document should be linked. If the consumer does not know the unique dossier id, then the consumer can search for a dossier based on the dossier name and if a unique dossier is found, then document will be linked to that dossier.In conjuction with the queryType it can be specified how should the name be searched"},"Error":{"required":["code","message","status"],"type":"object","properties":{"code":{"type":"string","description":"The unique error code key which is used to lookup the message in the content management system.","example":"INTERNAL_SERVER_ERROR"},"message":{"type":"string","description":"The message text carries the more detailed and understandable description of the error code. This is to be used primarily for development and debug environment.","example":"Technical issue within the service"},"traceId":{"type":"string","description":"Unique tracing Id to easily trace root cause in case of errors.","example":"121212"},"status":{"type":"string","description":"The HTTP status code where the code is categorized.","example":"500"},"params":{"maxItems":3,"minItems":0,"type":"array","description":"Optionally, a message in the content management system may contain dynamic parameters. These attributes give the keys to those dynamic parameters, which are used for look-up.","items":{"type":"string"}}},"description":"Points to a message item in the content management item which can be used to render messages of type ERROR. This message item can be fetched using the messageKey and params."},"Errors":{"type":"object","properties":{"errors":{"maxItems":20,"minItems":1,"type":"array","items":{"$ref":"#/components/schemas/Error"}}},"description":"Extra information to the REST client in case of erroneous situations (HTTP status codes 4xx/5xx)"}}}}