{"openapi":"3.0.0","info":{"title":"Notifications","contact":{},"version":"1.0"},"servers":[{"url":"http://localhost:3000"}],"tags":[{"name":"Misc","description":""}],"paths":{"/users/{id}/notifications":{"get":{"tags":["Misc"],"summary":"get notifications","operationId":"getnotifications","parameters":[{"name":"id","in":"path","description":"List of past notifciations","required":true,"style":"simple","explode":false,"schema":{"type":"string"}}],"responses":{"200":{"description":"Gets back the list of notification history","content":{"application/json; charset=utf-8":{"example":{"data":[{"_id":"62301bb4ffe31bd269648ab6","ListOfNotifcationId":["fdsafdsaf45613","486g4fsfdsa156"]}]}}}}},"deprecated":false}},"/users/notifications":{"post":{"tags":["Misc"],"summary":"show notification history","operationId":"shownotificationhistory","parameters":[],"requestBody":{"content":{"application/x-www-form-urlencoded":{"schema":{"required":["from","opened","reason","to"],"type":"object","properties":{"reason":{"type":"string","description":"Sends a new notification to specified user with details given specifing given reason:\n  * `reason` - has to be one of three: blocked, newTweet, liked\n","example":"liked / blocked / newTweet"},"from":{"type":"string","description":"* `from` - the notification source/sender\n","example":"@basel_5214"},"to":{"type":"string","description":"* `to` - notification receiver\n","example":"@Ahmed214"},"opened":{"type":"boolean","description":"* `opened` - checks if the reciver opened the tweet or not\n","example":true}}},"encoding":{}}},"required":false},"responses":{"200":{"description":""}},"deprecated":false}}}}