{"openapi":"3.0.0","info":{"title":"User Profile","contact":{},"version":"1.02"},"servers":[{"url":"http://localhost:3000"}],"tags":[{"name":"Misc","description":""}],"paths":{"/user/{id}":{"get":{"tags":["Misc"],"summary":"Get list of user tweets","operationId":"Getlistoftweets","parameters":[{"name":"id","in":"path","description":"user id","required":true,"style":"simple","explode":false,"schema":{"type":"string"}}],"responses":{"200":{"description":"Returns list of tweets from the user","content":{"application/json; charset=utf-8":{"example":{"usertweets":[{"content":"this if my first tweet on twitter","Posted By":"mohamed","likes":20,"replies":5,"retweets":7}]}}}},"400":{"description":"Sends bad request something went wrong","content":{"application/json; charset=utf-8":{"example":"Couldnot find ID"}}}},"deprecated":false}},"/user/{id}/liked_tweets":{"get":{"tags":["Misc"],"summary":"Get list of user liked tweets","operationId":"GetListOfLikedTweets","parameters":[{"name":"id","in":"path","description":"user id","required":true,"style":"simple","explode":false,"schema":{"type":"string"}}],"responses":{"200":{"description":"Returns list of liked tweets from the user","content":{"application/json; charset=utf-8":{"example":{"userLikedTweets":[{"content":"this if my first tweet on twitter","Posted By":"mohamed","likes":20,"replies":5,"retweets":7}]}}}},"400":{"description":"Sends bad request something went wrong","content":{"application/json; charset=utf-8":{"example":"Couldnot find ID"}}}},"deprecated":false}},"/user/{id}/with_replies":{"get":{"tags":["Misc"],"summary":"Get list of user Replies & tweets","operationId":"GetListOfTweets&replies","parameters":[{"name":"id","in":"path","description":"user id","required":true,"style":"simple","explode":false,"schema":{"type":"string"}}],"responses":{"200":{"description":"Returns list of replies and tweets from the user","content":{"application/json; charset=utf-8":{"example":{"usertweetsAndReplies":[{"content":"this if my first tweet on twitter","Posted By":"mohamed","likes":20,"replies":5,"retweets":7}]}}}},"400":{"description":"Sends bad request something went wrong","content":{"application/json; charset=utf-8":{"example":"Couldnot find ID"}}}},"deprecated":false}},"/user/{id}/profile_settings":{"get":{"tags":["Misc"],"summary":"Get User Profile Info","operationId":"GetProfileInfoUsingId","parameters":[{"name":"id","in":"path","description":"user id","required":true,"style":"simple","explode":false,"schema":{"type":"string"}}],"responses":{"200":{"description":"Returns User Profile Data","content":{"application/json; charset=utf-8":{"example":{"data":[{"Name":"Omar Abuelfadl","Location":"Egypt","Birthdate":"27/10/1999","Bio":"Loves the office"}]}}}},"400":{"description":"Sends bad request something went wrong","content":{"application/json; charset=utf-8":{"example":"Couldnot find ID"}}}},"deprecated":false},"patch":{"tags":["Misc"],"summary":"Edit profile info","operationId":"Editprofileinfo","parameters":[{"name":"id","in":"path","description":"user id","required":true,"style":"simple","explode":false,"schema":{"type":"string"}}],"requestBody":{"content":{"application/x-www-form-urlencoded":{"schema":{"type":"object","properties":{"name":{"type":"string"},"description":{"type":"string"},"birthDate":{"type":"string"},"location":{"type":"string"}}},"encoding":{}}},"required":false},"responses":{"200":{"description":"Updates user profile data","content":{"application/json; charset=utf-8":{"example":{"data":[{"acknowledged":true,"Modification":1,"upsertedCount":0,"matchedCount":1}]}}}},"400":{"description":"Sends bad request something went wrong","content":{"application/json; charset=utf-8":{"example":"Couldnot find ID"}}}},"deprecated":false}},"/user/{id}/profilePicture":{"patch":{"tags":["Misc"],"summary":"Edit profile Picture","operationId":"EditprofilePicture","parameters":[{"name":"id","in":"path","description":"user id","required":true,"style":"simple","explode":false,"schema":{"type":"string"}}],"requestBody":{"content":{"application/form-data":{"schema":{"type":"object","properties":{"Picture":{"type":"string","example":"C:\\Users\\Public\\Downloads\\profilepicture.png"}}},"encoding":{}}},"required":false},"responses":{"200":{"description":"Updates user profile picture","content":{"application/json; charset=utf-8":{"example":"updated Profile Picture Successfully."}}},"400":{"description":"Sends bad request something went wrong","content":{"application/json; charset=utf-8":{"example":"Couldnot find ID"}}}},"deprecated":false}},"/user/{id}/coverPhoto":{"patch":{"tags":["Misc"],"summary":"Edit cover photo","operationId":"EditcoverPhoto","parameters":[{"name":"id","in":"path","description":"user id","required":true,"style":"simple","explode":false,"schema":{"type":"string"}}],"requestBody":{"content":{"application/form-data":{"schema":{"type":"object","properties":{"Picture":{"type":"string","example":"C:\\Users\\Public\\Downloads\\cover_photo.png"}}},"encoding":{}}},"required":false},"responses":{"200":{"description":"Updates user profile picture","content":{"application/json; charset=utf-8":{"example":"updated cover photo Successfully."}}},"400":{"description":"Sends bad request something went wrong","content":{"application/json; charset=utf-8":{"example":"Couldnot find ID"}}}},"deprecated":false}}}}