{"openapi":"3.0.0","info":{"title":"Access Managed Service API","description":"OpenAPI Specification for Access's Managed Service using the OAuth2 Application Flow.","termsOfService":"https://www.accesscorp.com/terms-of-use/","contact":{"name":"Access Corp","url":"https://www.accesscorp.com/","email":"michael.waluk@accesscorp.com"},"version":"0.6.3"},"externalDocs":{"description":"Access Developer Portal","url":"https://developer.accesscorp.com/"},"servers":[{"url":"https://virtserver.swaggerhub.com/AccesssCorp.com/ManagedService/0.6.3","description":"SwaggerHub API Auto Mocking","variables":{"version":{"default":"0.3"}}},{"url":"https://api-sandbox.accesscorp.com/v1","description":"Sandbox server for Access partners and clients to test APIs."}],"security":[{"application":["read","write"]}],"tags":[{"name":"customer","description":"Information about Access Customers and their configured components, such as Departments and Locations."},{"name":"work order","description":"Work order requests and statuses."},{"name":"meta","description":"Meta data definitions used in indexing and classification."},{"name":"item","description":"Items managed by Access including documents, folders, boxes, etc."},{"name":"file","description":"Digital files associated with Items"}],"paths":{"/ping":{"get":{"summary":"Server heartbeat operation","description":"This operation overrides the global security defined above in order to check server health.","responses":{"200":{"description":"OK"}},"security":[]}},"/oauth/token":{"post":{"summary":"Authorization Service","description":"Authentication API to provide an Access Token to send in header with API requests.  It supports various OAuth flows.  Applications will provide client_id and client_secret, while users will provide username and password.","operationId":"authenticate","requestBody":{"content":{"application/x-www-form-urlencoded":{"schema":{"$ref":"#/components/schemas/oauth_token_body"}}},"required":true},"responses":{"201":{"description":"Success","content":{"application/json":{"schema":{"$ref":"#/components/schemas/inline_response_201"},"example":{"access_token":"eyasdfaskflaksd9284saf","token_type":"Bearer","expires_in":3600}}}},"4XX":{"description":"Bad Request","content":{"application/json":{"schema":{"$ref":"#/components/schemas/AuthError"}}}},"500":{"description":"Internal Server Error"},"501":{"description":"Not Implemented","content":{"application/json":{"schema":{"$ref":"#/components/schemas/AuthError"}}}},"default":{"description":"Success"}}}},"/oauth/validate":{"post":{"summary":"Authorization Service","description":"Authentication API to validate a token","operationId":"validate","requestBody":{"content":{"application/x-www-form-urlencoded":{}},"required":false},"responses":{"200":{"description":"OK"},"401":{"description":"Unauthorized"}},"security":[{"bearerAuth":[]}]}},"/oauth/rotate-secret":{"post":{"summary":"Rotate a client secret","description":"API to rotate client secret","operationId":"rotateSecret","requestBody":{"content":{"application/x-www-form-urlencoded":{"schema":{"$ref":"#/components/schemas/oauth_rotatesecret_body"}}},"required":true},"responses":{"200":{"description":"Success","content":{"application/json":{"schema":{"$ref":"#/components/schemas/ClientSecret"}}}},"4XX":{"description":"Bad Request","content":{"application/json":{"schema":{"$ref":"#/components/schemas/AuthError"}}}},"500":{"description":"Internal Server Error"},"501":{"description":"Not Implemented","content":{"application/json":{"schema":{"$ref":"#/components/schemas/AuthError"}}}},"default":{"description":"Success"}}}},"/customers":{"summary":"Operations on Access Customers","description":"Manage the Customers you are allowed to operate on.","get":{"tags":["customer"],"summary":"Get all the customers","description":"Returns the list of all customers the current user has access to, ordered by name","operationId":"getCustomers","parameters":[{"name":"sortOrder","in":"query","description":"The sort order direction","required":false,"style":"form","explode":true,"schema":{"type":"string","default":"asc","enum":["asc","desc"]}}],"responses":{"200":{"description":"OK","content":{"application/json":{"schema":{"type":"array","items":{"$ref":"#/components/schemas/CustomerBasic"}}}}},"4XX":{"description":"Bad Request","content":{"application/json":{"schema":{"$ref":"#/components/schemas/Errors"}}}},"5XX":{"description":"Internal Server Error","content":{"application/json":{"schema":{"$ref":"#/components/schemas/Errors"}}}},"default":{"description":"Success"}}}},"/customers/{id}":{"summary":"Operations on a single Access Customer","description":"Return details about the Customer.","get":{"tags":["customer"],"summary":"Get Customer details","description":"Returns basic information on a specific customer","operationId":"getCustomer","parameters":[{"name":"id","in":"path","description":"Customer ID","required":true,"style":"simple","explode":false,"schema":{"type":"string"}}],"responses":{"200":{"description":"Success","content":{"application/json":{"schema":{"$ref":"#/components/schemas/Customer"}}}},"4XX":{"description":"Bad Request","content":{"application/json":{"schema":{"$ref":"#/components/schemas/Errors"}}}},"5XX":{"description":"Internal Server Error","content":{"application/json":{"schema":{"$ref":"#/components/schemas/Errors"}}}},"default":{"description":"Success"}}}},"/departments":{"summary":"Operations on Departments of Access Customers","description":"Manage the Departments for the Customers you are allowed to operate on.","get":{"tags":["customer"],"summary":"Get all the departments","description":"Returns the list of all departments for a specific customer","operationId":"getDepartments","parameters":[{"name":"customerId","in":"header","description":"Customer ID","required":true,"style":"simple","explode":false,"schema":{"type":"string"}},{"name":"offset","in":"query","description":"The number of items to skip before starting to collect the result set.","required":false,"style":"form","explode":true,"schema":{"minimum":0,"type":"integer","default":0}},{"name":"limit","in":"query","description":"The number of items to return.","required":false,"style":"form","explode":true,"schema":{"maximum":2E+2,"minimum":1,"type":"integer","default":100}}],"responses":{"200":{"description":"OK","content":{"application/json":{"schema":{"type":"array","items":{"$ref":"#/components/schemas/Department"}}}}},"4XX":{"description":"Bad Request","content":{"application/json":{"schema":{"$ref":"#/components/schemas/Errors"}}}},"5XX":{"description":"Internal Server Error","content":{"application/json":{"schema":{"$ref":"#/components/schemas/Errors"}}}},"default":{"description":"Success"}}}},"/locations":{"summary":"Operations on Locations (sites) of Access Customers","description":"Manage the Locations for the Customers you are allowed to operate on.","get":{"tags":["customer"],"summary":"Get all the customer locations","description":"Returns the list of all pickup/delivery locations for a specific customer","operationId":"getLocations","parameters":[{"name":"customerId","in":"header","description":"Customer ID","required":true,"style":"simple","explode":false,"schema":{"type":"string"}},{"name":"offset","in":"query","description":"The number of items to skip before starting to collect the result set.","required":false,"style":"form","explode":true,"schema":{"minimum":0,"type":"integer","default":0}},{"name":"limit","in":"query","description":"The number of items to return.","required":false,"style":"form","explode":true,"schema":{"maximum":2E+2,"minimum":1,"type":"integer","default":100}}],"responses":{"200":{"description":"OK","content":{"application/json":{"schema":{"type":"array","items":{"$ref":"#/components/schemas/Location"}}}}},"4XX":{"description":"Bad Request","content":{"application/json":{"schema":{"$ref":"#/components/schemas/Errors"}}}},"5XX":{"description":"Internal Server Error","content":{"application/json":{"schema":{"$ref":"#/components/schemas/Errors"}}}},"default":{"description":"Success"}}}},"/wopriorities":{"summary":"Operations on Work Order Priorities of Access Customers","description":"Manage the Work Orders (including Priority) for a specific Customer","get":{"tags":["customer"],"summary":"Get all the Work Order Priorties","description":"Returns the list of all Work Order Priorties available to a specific customer","operationId":"getWorkOrderPriorities","parameters":[{"name":"customerId","in":"header","description":"Customer ID","required":true,"style":"simple","explode":false,"schema":{"type":"string"}},{"name":"locationId","in":"query","description":"Customer Location ID","required":false,"style":"form","explode":true,"schema":{"type":"string"}}],"responses":{"200":{"description":"OK","content":{"application/json":{"schema":{"type":"array","items":{"$ref":"#/components/schemas/WorkOrderPriority"}}}}},"4XX":{"description":"Bad Request","content":{"application/json":{"schema":{"$ref":"#/components/schemas/Errors"}}}},"5XX":{"description":"Internal Server Error","content":{"application/json":{"schema":{"$ref":"#/components/schemas/Errors"}}}},"default":{"description":"Success"}}}},"/itemtypes":{"summary":"Operations on Item Types of Access Customers","description":"Manage the item types defined for a specific customer","get":{"tags":["customer"],"summary":"Get all the item types","description":"Returns the list of all item types for a specific customer","operationId":"getItemTypes","parameters":[{"name":"customerId","in":"header","description":"Customer ID","required":true,"style":"simple","explode":false,"schema":{"type":"string"}}],"responses":{"200":{"description":"OK","content":{"application/json":{"schema":{"type":"array","items":{"$ref":"#/components/schemas/ItemType"}}}}},"4XX":{"description":"Bad Request","content":{"application/json":{"schema":{"$ref":"#/components/schemas/Errors"}}}},"5XX":{"description":"Internal Server Error","content":{"application/json":{"schema":{"$ref":"#/components/schemas/Errors"}}}},"default":{"description":"Success"}}}},"/workorders":{"summary":"Operations on Work Orders","description":"Manage word orders to Retrieve, Remove, Relocate, Destroy, etc.","get":{"tags":["work order"],"summary":"Get all the work orders","description":"Returns the list of all work orders for a specific customer, sorted by last modified date and optionally filtered by status, priority and last modification date","operationId":"getWorkOrders","parameters":[{"name":"customerId","in":"header","description":"Customer ID","required":true,"style":"simple","explode":false,"schema":{"type":"string"}},{"name":"sortOrder","in":"query","description":"The sort order direction","required":false,"style":"form","explode":true,"schema":{"type":"string","default":"desc","enum":["asc","desc"]}},{"name":"status","in":"query","description":"Optional JSON expression using NoSQL query language","required":false,"style":"form","explode":true,"schema":{"type":"string"},"example":{"status":"O"}},{"name":"priority","in":"query","description":"Optional JSON expression using NoSQL query language","required":false,"style":"form","explode":true,"schema":{"type":"string"},"example":{"priority":"STD"}},{"name":"offset","in":"query","description":"The number of items to skip before starting to collect the result set.","required":false,"style":"form","explode":true,"schema":{"minimum":0,"type":"integer","default":0}},{"name":"limit","in":"query","description":"The number of items to return.","required":false,"style":"form","explode":true,"schema":{"maximum":2E+2,"minimum":1,"type":"integer","default":100}},{"name":"lastModifiedDate","in":"query","description":"The last modification date to filter results to those after that date","required":false,"style":"form","explode":true,"schema":{"$ref":"#/components/schemas/DateTime"}}],"responses":{"200":{"description":"OK","content":{"application/json":{"schema":{"type":"array","items":{"$ref":"#/components/schemas/WorkOrder"}}}}},"4XX":{"description":"Bad Request","content":{"application/json":{"schema":{"$ref":"#/components/schemas/Errors"}}}},"5XX":{"description":"Internal Server Error","content":{"application/json":{"schema":{"$ref":"#/components/schemas/Errors"}}}},"default":{"description":"Success"}}},"post":{"tags":["work order"],"summary":"Create a new Work Order","description":"Add a Work Order and return the new Work Order with ID","operationId":"createWorkOrder","parameters":[{"name":"customerId","in":"header","description":"Customer ID","required":true,"style":"simple","explode":false,"schema":{"type":"string"}}],"requestBody":{"description":"New Work Order","content":{"application/json":{"schema":{"$ref":"#/components/schemas/WorkOrderRequest"}}}},"responses":{"201":{"description":"Success","content":{"application/json":{"schema":{"$ref":"#/components/schemas/WorkOrder"}}}},"4XX":{"description":"Bad Request","content":{"application/json":{"schema":{"$ref":"#/components/schemas/Errors"}}}},"5XX":{"description":"Internal Server Error","content":{"application/json":{"schema":{"$ref":"#/components/schemas/Errors"}}}},"default":{"description":"Success"}}}},"/workorders/{woid}":{"summary":"Operations on a single Work Order","description":"List of operations available on a single Work Order","get":{"tags":["work order"],"summary":"Get a Work Order with its Unique ID","description":"Return the Work Order details","operationId":"getWorkOrder","parameters":[{"name":"customerId","in":"header","description":"Customer ID","required":true,"style":"simple","explode":false,"schema":{"type":"string"}},{"name":"woid","in":"path","description":"Work Order ID","required":true,"style":"simple","explode":false,"schema":{"type":"string"}}],"responses":{"200":{"description":"Success","content":{"application/json":{"schema":{"$ref":"#/components/schemas/WorkOrder"}}}},"4XX":{"description":"Bad Request","content":{"application/json":{"schema":{"$ref":"#/components/schemas/Errors"}}}},"5XX":{"description":"Internal Server Error","content":{"application/json":{"schema":{"$ref":"#/components/schemas/Errors"}}}},"default":{"description":"Success"}}},"put":{"tags":["work order"],"summary":"Update a specific Work Order","description":"Return the Work Order details","operationId":"updateWorkOrder","parameters":[{"name":"customerId","in":"header","description":"Customer ID","required":true,"style":"simple","explode":false,"schema":{"type":"string"}},{"name":"woid","in":"path","description":"Work Order ID","required":true,"style":"simple","explode":false,"schema":{"type":"string"}}],"requestBody":{"description":"Work Order details to update","content":{"application/json":{"schema":{"$ref":"#/components/schemas/WorkOrder"}}},"required":true},"responses":{"201":{"description":"Success","content":{"application/json":{"schema":{"$ref":"#/components/schemas/WorkOrder"}}}},"4XX":{"description":"Bad Request","content":{"application/json":{"schema":{"$ref":"#/components/schemas/Errors"}}}},"5XX":{"description":"Internal Server Error","content":{"application/json":{"schema":{"$ref":"#/components/schemas/Errors"}}}}}},"delete":{"tags":["work order"],"summary":"Delete a specific Work Order","description":"Cancels a Work Order from the system","operationId":"deleteWorkOrder","parameters":[{"name":"customerId","in":"header","description":"Customer ID","required":true,"style":"simple","explode":false,"schema":{"type":"string"}},{"name":"woid","in":"path","description":"Work Order ID","required":true,"style":"simple","explode":false,"schema":{"type":"string"}}],"responses":{"201":{"description":"Success","content":{"application/json":{"schema":{"$ref":"#/components/schemas/WorkOrder"}}}},"4XX":{"description":"Bad Request","content":{"application/json":{"schema":{"$ref":"#/components/schemas/Errors"}}}},"5XX":{"description":"Internal Server Error","content":{"application/json":{"schema":{"$ref":"#/components/schemas/Errors"}}}},"default":{"description":"Success"}}}},"/workorders/subscribe":{"summary":"Subscribe to Work Order Event Webhook","description":"Add a subscriber to work order events","post":{"tags":["work order"],"operationId":"subscribeWorkOrderEvent","parameters":[{"name":"customerId","in":"header","description":"Customer ID","required":true,"style":"simple","explode":false,"schema":{"type":"string"}}],"requestBody":{"description":"The callback URL and event type to be notified of","content":{"application/json":{"schema":{"$ref":"#/components/schemas/workorders_subscribe_body"}}},"required":true},"responses":{"201":{"description":"Webhook subscription created","content":{"application/json":{"schema":{"$ref":"#/components/schemas/inline_response_201_1"}}},"links":{"unsubscribeWorkOrderEvent":{"operationId":"unsubscribeWorkOrderEvent","parameters":{"subscriberId":"$response.body#/subscriberId"}}}},"4XX":{"description":"Bad Request","content":{"application/json":{"schema":{"$ref":"#/components/schemas/Errors"}}}},"5XX":{"description":"Internal Server Error","content":{"application/json":{"schema":{"$ref":"#/components/schemas/Errors"}}}}},"callbacks":{"workOrderStatusUpdate":{"{$request.query.callbackUrl}?event={$request.query.event}":{"post":{"requestBody":{"content":{"application/json":{"schema":{"type":"object","properties":{"id":{"type":"string","description":"Unique Customer ID"},"workOrderId":{"type":"string","description":"Unique Work Order ID"},"status":{"type":"string","description":"New status of this work order"},"subscriberId":{"type":"string","description":"The subscriberId of the caller"}}},"example":{"id":"ABCD1","workOrderId":"XYZ1","status":"Complete","subscriberId":"AAA-123-BBB-456"}}},"required":true},"responses":{"200":{"description":"Your server returns this code if it accepts the callback"}}}}}}}},"/workorders/unsubscribe":{"summary":"Unsubscribe to Work Order Events","description":"Remove a subscriber from work order webhook","post":{"tags":["work order"],"operationId":"unsubscribeWorkOrderEvent","parameters":[{"name":"customerId","in":"header","description":"Customer ID","required":true,"style":"simple","explode":false,"schema":{"type":"string"}}],"requestBody":{"description":"The subscriber ID returned with the subscription call","content":{"application/json":{"schema":{"$ref":"#/components/schemas/workorders_unsubscribe_body"}}},"required":true},"responses":{"200":{"description":"OK"},"4XX":{"description":"Bad Request","content":{"application/json":{"schema":{"$ref":"#/components/schemas/Errors"}}}},"5XX":{"description":"Internal Server Error","content":{"application/json":{"schema":{"$ref":"#/components/schemas/Errors"}}}}}}},"/items":{"summary":"Operations on Items","description":"Manage items","get":{"tags":["item"],"summary":"Get all the items sorted by last modified date.","description":"Returns the list of all items for a specific customer","operationId":"getItems","parameters":[{"name":"customerId","in":"header","description":"Customer ID","required":true,"style":"simple","explode":false,"schema":{"type":"string"}},{"name":"sortOrder","in":"query","description":"The sort order direction","required":false,"style":"form","explode":true,"schema":{"type":"string","default":"desc","enum":["asc","desc"]}},{"name":"status","in":"query","description":"Optional JSON expression","required":false,"style":"form","explode":true,"schema":{"type":"string"},"example":{"status":"O"}},{"name":"itemCode","in":"query","description":"Optional JSON expression for item code","required":false,"style":"form","explode":true,"schema":{"type":"string"},"example":{"itemCode":"1P 23285 157683"}},{"name":"isFileBarcodePresent","in":"query","description":"Optional JSON expression for file barcode presence","required":false,"style":"form","explode":true,"schema":{"type":"boolean"},"example":{"isFileBarcodePresent":false}},{"name":"offset","in":"query","description":"The number of items to skip before starting to collect the result set.","required":false,"style":"form","explode":true,"schema":{"minimum":0,"type":"integer","default":0}},{"name":"limit","in":"query","description":"The number of items to return.","required":false,"style":"form","explode":true,"schema":{"maximum":2E+2,"minimum":1,"type":"integer","default":100}},{"name":"lastModifiedDate","in":"query","description":"The last modification date to filter results to those after that date","required":false,"style":"form","explode":true,"schema":{"$ref":"#/components/schemas/DateTime"}}],"responses":{"200":{"description":"OK","content":{"application/json":{"schema":{"type":"array","items":{"$ref":"#/components/schemas/Item"}}}}},"4XX":{"description":"Bad Request","content":{"application/json":{"schema":{"$ref":"#/components/schemas/Errors"}}}},"5XX":{"description":"Internal Server Error","content":{"application/json":{"schema":{"$ref":"#/components/schemas/Errors"}}}},"default":{"description":"Success"}}}},"/items/{itemid}":{"summary":"Operations on a single Item","description":"List of operations available on a single Item","get":{"tags":["item"],"summary":"Get an Item's details with its Unique ID","description":"Return the Item details","operationId":"getItem","parameters":[{"name":"customerId","in":"header","description":"Customer ID","required":true,"style":"simple","explode":false,"schema":{"type":"string"}},{"name":"itemid","in":"path","description":"Item ID","required":true,"style":"simple","explode":false,"schema":{"type":"string"}}],"responses":{"200":{"description":"Success","content":{"application/json":{"schema":{"$ref":"#/components/schemas/Item"}}}},"4XX":{"description":"Bad Request","content":{"application/json":{"schema":{"$ref":"#/components/schemas/Errors"}}}},"5XX":{"description":"Internal Server Error","content":{"application/json":{"schema":{"$ref":"#/components/schemas/Errors"}}}},"default":{"description":"Success"}}}},"/barcodes":{"summary":"Operations on Barcodes","description":"A Barcode is an Item identifier that may or may not have been associated with an Item","get":{"tags":["item"],"summary":"Get all the barcodes reserved for a Customer (assigned to an item or not) sorted by last modified date (creation date).","description":"Returns the list of all barcodes for a specific customer","operationId":"getBarcodes","parameters":[{"name":"customerId","in":"header","description":"Customer ID","required":true,"style":"simple","explode":false,"schema":{"type":"string"}},{"name":"status","in":"query","description":"The status to filter by","required":false,"style":"form","explode":true,"schema":{"type":"string"}},{"name":"sortOrder","in":"query","description":"The sort order direction","required":false,"style":"form","explode":true,"schema":{"type":"string","default":"desc","enum":["asc","desc"]}},{"name":"offset","in":"query","description":"The number of items to skip before starting to collect the result set.","required":false,"style":"form","explode":true,"schema":{"minimum":0,"type":"integer","default":0}},{"name":"limit","in":"query","description":"The number of items to return.","required":false,"style":"form","explode":true,"schema":{"maximum":2E+2,"minimum":1,"type":"integer","default":100}},{"name":"lastModifiedDate","in":"query","description":"The last modification date to filter results to those after that date","required":false,"style":"form","explode":true,"schema":{"$ref":"#/components/schemas/DateTime"}}],"responses":{"200":{"description":"OK","content":{"application/json":{"schema":{"type":"array","items":{"$ref":"#/components/schemas/Barcode"}}}}},"4XX":{"description":"Bad Request","content":{"application/json":{"schema":{"$ref":"#/components/schemas/Errors"}}}},"5XX":{"description":"Internal Server Error","content":{"application/json":{"schema":{"$ref":"#/components/schemas/Errors"}}}},"default":{"description":"Success"}}}},"/file/{fileGUID}":{"summary":"Operations on a single File","description":"returns url link to view a single file.","get":{"tags":["file"],"summary":"View a file with its Unique ID","description":"Return the temporary url to view a file.","operationId":"getFileURL","parameters":[{"name":"fileGUID","in":"path","description":"File ID","required":true,"style":"simple","explode":false,"schema":{"type":"string"}}],"responses":{"200":{"description":"url link to view file."},"4XX":{"description":"Bad Request","content":{"application/json":{"schema":{"$ref":"#/components/schemas/Errors"}}}},"5XX":{"description":"Internal Server Error","content":{"application/json":{"schema":{"$ref":"#/components/schemas/Errors"}}}},"default":{"description":"Success"}}}},"/getFileDownloadUrl/{fileGUID}":{"summary":"Operations on a single File","description":"returns url link to download a single file.","get":{"tags":["file"],"summary":"Download a file with its Unique ID","description":"Return the temporary url to download a file.","operationId":"getFileDownloadURL","parameters":[{"name":"fileGUID","in":"path","description":"File ID","required":true,"style":"simple","explode":false,"schema":{"type":"string"}}],"responses":{"200":{"description":"url link to download file."},"4XX":{"description":"Bad Request","content":{"application/json":{"schema":{"$ref":"#/components/schemas/Errors"}}}},"5XX":{"description":"Internal Server Error","content":{"application/json":{"schema":{"$ref":"#/components/schemas/Errors"}}}},"default":{"description":"Success"}}}},"/getFiles/{itemCode}":{"summary":"Lists multiple files in an itemCode.","description":"List of operations available on a single File","get":{"tags":["file"],"summary":"Lists file for a unique itemCode","description":"Return the list of a files for an itemcode.","operationId":"getFiles","parameters":[{"name":"itemCode","in":"path","description":"tR ItemCode/Barcode.","required":true,"style":"simple","explode":false,"schema":{"type":"string"}}],"responses":{"200":{"description":"OK","content":{"application/json":{"schema":{"type":"array","items":{"$ref":"#/components/schemas/FilesBasic"}}}}},"4XX":{"description":"Bad Request","content":{"application/json":{"schema":{"$ref":"#/components/schemas/Errors"}}}},"5XX":{"description":"Internal Server Error","content":{"application/json":{"schema":{"$ref":"#/components/schemas/Errors"}}}},"default":{"description":"Success"}}}}},"components":{"schemas":{"ClientSecret":{"type":"object","properties":{"clientSecret":{"type":"string","description":"Client secret"}},"description":"Represents client secret","example":{"clientSecret":"absdjkhflauehiwueakdshf498asdr"}},"Customer":{"required":["id","name"],"type":"object","properties":{"id":{"type":"string","description":"Unique ID of the Customer in the Access system"},"name":{"type":"string","description":"Name of the Company"},"description":{"type":"string","description":"Description of the Customer beyond name"},"parentId":{"type":"string","description":"Unique ID of any parent Company"},"billingAddress":{"$ref":"#/components/schemas/Address"},"lastModifiedDate":{"$ref":"#/components/schemas/DateTime"}},"description":"Represents an Access Customer","example":{"id":"ABC1","name":"Acme LLC","description":"Acme HQ and Legal","billingAddress":{},"lastModifiedDate":"2021-01-30T08:30:00.000+0000"}},"CustomerBasic":{"required":["id","name"],"type":"object","properties":{"id":{"type":"string","description":"Unique ID of the Customer in the Access system"},"name":{"type":"string","description":"Name of the Company"},"description":{"type":"string","description":"Description of the Customer beyond name"},"parentId":{"type":"string","description":"Unique ID of any parent Company"},"lastModifiedDate":{"$ref":"#/components/schemas/DateTime"}},"description":"Represents an Access Customer in a list","example":{"id":"ABC1","name":"Acme LLC","description":"Acme HQ and Legal","lastModifiedDate":"2021-01-30T08:30:00.000+0000"}},"FilesBasic":{"type":"object","properties":{"fileGUID":{"type":"string","description":"Unique ID of the file in the Access system"},"fileName":{"type":"string","description":"Name of the file"},"uploadedDate":{"$ref":"#/components/schemas/DateTime"},"documentName":{"type":"string","description":"Name of the Document"},"documentType":{"type":"string","description":"Type of the Document."},"documentDate":{"type":"string","description":"date of the file"},"pageCount":{"type":"string","description":"number of pages in the file"}},"example":{"fileGUID":"a5c31c2c-c2ed-4657-a731-65f5d41cc482","fileName":"5_2P 23285 8643_1443_1.pdf","uploadedDate":"2021-08-11T08:59:45.666+0000","documentName":"Test1","documentType":"Client Correspondence1","documentDate":"8/11/2021","pageCount":10}},"Department":{"type":"object","properties":{"id":{"type":"string","description":"Unique ID of the Department in the Access system"},"name":{"type":"string","description":"Name of the Department"},"description":{"type":"string","description":"Description of the Department beyond name"},"address":{"$ref":"#/components/schemas/Address"},"archived":{"type":"boolean","description":"Whether this Department is no longer in service"},"disabled":{"type":"boolean","description":"Whether this Department is disabled"},"comments":{"type":"string","description":"Optional notes about this Department"},"createdBy":{"type":"string","description":"Unique ID of the User who created it"},"createdDate":{"$ref":"#/components/schemas/DateTime"},"lastModifiedBy":{"type":"string","description":"Unique ID of the User who last modified it"},"lastModifiedDate":{"$ref":"#/components/schemas/DateTime"}},"description":"Represents a Department within an Access Customer","example":{"id":"BDC2","name":"Legal Department","description":"Legal Compliance Team"}},"Location":{"type":"object","properties":{"id":{"type":"string","description":"Unique ID of the Site in the Access system"},"name":{"type":"string","description":"Name of the Site"},"description":{"type":"string","description":"Description of the Site beyond name"},"departmentId":{"type":"string","description":"Unique ID of the (optional) Department associated with this Location"},"taxCodeId":{"type":"string","description":"Any tax code assigned to this Location"},"address":{"$ref":"#/components/schemas/Address"},"createdBy":{"type":"string","description":"Unique ID of the User who created it"},"createdDate":{"$ref":"#/components/schemas/DateTime"},"lastModifiedBy":{"type":"string","description":"Unique ID of the User who last modified it"},"lastModifiedDate":{"$ref":"#/components/schemas/DateTime"}},"description":"Represents a Location for an Access Customer"},"Address":{"type":"object","properties":{"description":{"type":"string","description":"Descriptive name"},"poBoxNumber":{"type":"string","description":"The post office box number for PO box addresses.","example":"PO Box 1874"},"streetAddress":{"type":"string","description":"The main street address.","example":"500 Unicorn Drive"},"streetAddress2":{"type":"string","description":"Optional second line for street address.","example":"Apartment 604"},"locality":{"type":"string","description":"The locality in which the street address is, and which is in the region.","example":"New York City"},"region":{"type":"string","description":"The region in which the locality is, and which is in the country. If US, a two-letter state code is expected, for example CA for California.","example":"MA"},"postalCode":{"type":"string","description":"The postal code.","example":"94043"},"country":{"type":"string","description":"The country in two-letter ISO 3166-1 alpha-2 country code.","example":"US"},"email":{"type":"string","description":"Email address"},"phone":{"type":"string","description":"Phone number"},"phone2":{"type":"string","description":"Secondary phone number"},"mobile":{"type":"string","description":"Mobile phone number"},"fax":{"type":"string","description":"Fax number"},"contact":{"type":"string","description":"Contact name"}},"description":"Postal Address","example":{"id":"XYZ1","description":"Worburn Corporate HQ","streetAddress":"500 Unicorn Park Dr.","streetAddress2":"Suite 503","locality":"Woburn","region":"MA","postalCode":1801.0,"country":"US","phone":"877-345-3546","fax":"+1 323 555 1234","contact":"877-345-3546"}},"WorkOrderPriority":{"type":"object","properties":{"priorityCode":{"type":"string","description":"The type of Work Order"},"customerId":{"type":"string","description":"The unique ID of the Customer this Work Order Priority is available to"},"description":{"type":"string","description":"Description of the Work Order and Priority"}},"description":"A combination of Work Order type and delivery speed (Priority) available to a Customer","example":{"priorityCode":"STD","customerId":"ABC1","description":"Standard Delivery/Pickup"}},"WorkOrderId":{"type":"object","properties":{"extId":{"type":"integer"},"extSystemCode":{"type":"string"}}},"WorkOrder":{"type":"object","properties":{"id":{"type":"string","description":"Unique ID of the Work Order"},"customerId":{"type":"string","description":"Unique ID of the Customer the Work Order is for"},"code":{"type":"string","description":"Work Order Code"},"dueDate":{"$ref":"#/components/schemas/DateTime"},"departmentId":{"type":"string","description":"Unique ID of the Department the Work Order is for"},"description":{"type":"string","description":"Description for the Work Order"},"comments":{"type":"string","description":"Comments"},"priority":{"type":"string","description":"Priority level"},"status":{"type":"string","description":"Status of the Work Order"},"requestedBy":{"type":"string","description":"Name of person requesting Work Order"},"isPermout":{"type":"boolean","description":"Whether items are being permanently removed"},"locationId":{"type":"string","description":"Unique ID of the customer location"},"email":{"type":"string","description":"Email of the customer"},"woStatusId":{"type":"string","description":"Unique ID of work Order"},"woStatusDescription":{"type":"string","description":"Status Description of the workOrder"},"deliveryAddress":{"$ref":"#/components/schemas/Address"},"workOrderId":{"$ref":"#/components/schemas/WorkOrderId"},"lines":{"type":"array","items":{"$ref":"#/components/schemas/WorkOrderLine"}},"closeDate":{"$ref":"#/components/schemas/DateTime"},"lastModifiedByName":{"type":"string","description":"Name of User who last modified it"},"recurring":{"type":"boolean","description":"Whether this is a recurring Work Order"},"signedFor":{"type":"string"},"deliveryBatch":{"type":"string","description":"Unique ID of the batch this is in"},"deliveryDate":{"$ref":"#/components/schemas/DateTime"},"customerRef":{"type":"string","description":"Customer reference field"},"sequence":{"type":"integer"},"source":{"type":"string"},"address2":{"$ref":"#/components/schemas/Address"},"createdBy":{"type":"string","description":"Unique ID of the User who created it"},"createdDate":{"$ref":"#/components/schemas/DateTime"},"lastModifiedBy":{"type":"string","description":"Unique ID of the User who last modified it"},"lastModifiedDate":{"$ref":"#/components/schemas/DateTime"},"cspFlag":{"type":"boolean"},"readFlag":{"type":"boolean"},"validationMessage":{"type":"string"}},"description":"Work Order"},"WorkOrderLine":{"type":"object","properties":{"id":{"type":"integer","description":"ID for this line within its Work Order"},"itemId":{"type":"string","description":"Unique ID for the item the line pertains to"},"departmentId":{"type":"string","description":"Unique ID for the Department the line's item belongs to"},"itemCode":{"type":"string","description":"The associated item's code"},"serviceCodeId":{"type":"string","description":"Unique ID for this line's Service Code"},"serviceCode":{"type":"string","description":"This line's Service Code"},"woLineStatusID":{"type":"string","description":"Unique ID for work order line status"},"woLineStatusDescription":{"type":"string","description":"The work order line's current status"},"location":{"type":"string","description":"The item's location"},"status":{"type":"string","description":"The line's current status"},"description":{"type":"string","description":"Description of this line"},"actionCode":{"type":"string","description":"Code for the line's action"},"errorStatus":{"type":"string","description":"Status for any error related to this line"},"lineNum":{"type":"integer","description":"Line number within Work Order for ordering"},"quantity":{"type":"number","description":"Quantity related to this line's action","format":"double"},"undoGroup":{"type":"integer","description":"ID for the undo group"},"newLocation":{"type":"string","description":"Unique ID of the new location for this line's item"},"newParent":{"type":"string","description":"Unique ID of the new parent item for this line's item"},"requestedFor":{"type":"string","description":"Person who the line was requested for"},"verified":{"type":"boolean","description":"Whether this line's action has been verified"},"verifiedDate":{"$ref":"#/components/schemas/DateTime"},"printed":{"type":"boolean","description":"Whether this line's item has been printed"},"scanDate":{"$ref":"#/components/schemas/DateTime"},"importBatchId":{"type":"string","description":"Unique ID of the batch this line's item is part of"},"importBatchName":{"type":"string","description":"Name of the batch this line's item is part of"},"inventoryCategory":{"type":"string","description":"Inventory category for this line's item"},"available":{"type":"integer","description":"Availability"},"createdByName":{"type":"string","description":"Name of person the line was created by"},"lastModifiedByName":{"type":"string","description":"Name of person the line was last modified by"},"customerFileBarcode":{"type":"string","description":"Customer File Barcode of the Item"},"ref2":{"type":"string","description":"Ref2 of the Item"},"ref3":{"type":"string","description":"Ref3 of the Item"},"ref4":{"type":"string","description":"Ref4 of the Item"},"ref5":{"type":"string","description":"Ref5 of the Item"},"ref6":{"type":"string","description":"Ref6 of the Item"},"createdBy":{"type":"string","description":"Unique ID of the User who created it"},"createdDate":{"$ref":"#/components/schemas/DateTime"},"lastModifiedBy":{"type":"string","description":"Unique ID of the User who last modified it"},"lastModifiedDate":{"$ref":"#/components/schemas/DateTime"}},"description":"Line item on Work Order representing a single request"},"WorkOrderRequest":{"type":"object","properties":{"customerId":{"type":"string","description":"Unique ID of the Customer the Work Order is for"},"departmentId":{"type":"string","description":"Unique ID of the Department the Work Order is for"},"priority":{"type":"string","description":"Work Order Priority"},"comments":{"type":"string","description":"Comments"},"dueDate":{"$ref":"#/components/schemas/DateTime"},"requestedBy":{"type":"string","description":"Name of person requesting Work Order"},"isPermout":{"type":"boolean","description":"Whether items are being permanently removed"},"locationId":{"type":"string","description":"Unique ID of the customer location"},"centerId":{"type":"integer","description":"Unique ID of the records center"},"deliveryAddress":{"$ref":"#/components/schemas/Address"},"itemLines":{"type":"array","items":{"$ref":"#/components/schemas/WORItemLine"}},"nonItemLines":{"type":"array","items":{"$ref":"#/components/schemas/WORNonItemLine"}}},"description":"Minimal Work Order format for creating new Work Order"},"WORItemLine":{"type":"object","properties":{"itemId":{"type":"string","description":"Unique ID for the item the line pertains to"},"parentId":{"type":"string","description":"Unique ID for the item's parent item"},"departmentId":{"type":"string","description":"Unique ID for the Department the line's item belongs to"},"itemCode":{"type":"string","description":"The associated item's barcode"},"parentItemCode":{"type":"string","description":"The parent item's barcode"},"itemType":{"type":"string","description":"Type of this line's item"},"description":{"type":"string","description":"Description of this line"},"requestedFor":{"type":"string","description":"Name of the requestor"},"fromDate":{"$ref":"#/components/schemas/DateTime"},"toDate":{"$ref":"#/components/schemas/DateTime"},"action":{"type":"string","description":"Code for the line's action"},"customerFileBarcode":{"type":"string","description":"The ref1 value for Item"},"ref2":{"type":"string","description":"The ref2 value for Item"},"ref3":{"type":"string","description":"The ref3 value for Item"},"ref4":{"type":"string","description":"The ref4 value for Item"},"ref5":{"type":"string","description":"The ref5 value for Item"},"ref6":{"type":"string","description":"The ref6 value for Item"}},"description":"Line item on Work Order referencing an Item"},"WORNonItemLine":{"type":"object","properties":{"quantity":{"type":"integer","description":"Quantity for this line's request"},"itemType":{"type":"string","description":"The item type of this line's request"},"action":{"type":"string","description":"The type of action requested on the item type"}},"description":"Line item on Work Order not referencing an existing item"},"ItemType":{"type":"object","properties":{"customerId":{"type":"string","description":"Unique ID for the Customer"},"customerType":{"type":"string","description":"Customer's name for the associated master item's type"},"masterType":{"type":"string","description":"Master name for a type across all Customers"},"departmentId":{"type":"string","description":"Optional Department ID which a customerType is specified for"},"metaDataFields":{"type":"array","description":"List of field names (and optionally type) to use for meta data collected on this item for this Customer","items":{"$ref":"#/components/schemas/MetaDataField"}}},"description":"Type and configuration of an item for a Customer","example":{"customerId":"ABC1","customerType":"Carton","masterType":"BOX","metaData":[{"field":"Cust Box NO","type":"String","description":"Box number in our system of record"},{"field":"Major Description","type":"String"},{"field":"Minor Description"}]}},"Item":{"type":"object","properties":{"id":{"type":"string","description":"Unique ID for this item"},"parentId":{"type":"string","description":"Unique ID for any parent item (container)"},"customerId":{"type":"string","description":"Unique ID for item's owner"},"departmentId":{"type":"string","description":"Unique ID for department the item belongs to"},"itemType":{"type":"string","description":"Type of item such as Box, File, etc."},"description":{"type":"string","description":"Description of the item"},"destroyDate":{"$ref":"#/components/schemas/DateTime"},"destroyedDate":{"$ref":"#/components/schemas/DateTime"},"category":{"type":"string","description":"The category this item belongs in"},"classification":{"type":"string","description":"Corresponds to associated record series"},"docType":{"type":"string","description":"For documents, this is the logical type such as W-4 or I-9, which can be assigned to a record series"},"metaData":{"type":"array","description":"Meta data fields for the item, base on ItemType","items":{"$ref":"#/components/schemas/MetaData"}},"stores":{"type":"array","description":"Item details within a specific store (Records Center, Digital Doc Repo)","items":{"$ref":"#/components/schemas/ItemStore"}},"retrieved":{"type":"string"}},"description":"Item such as file, folder, box, etc.","example":{"id":"F123344","parentId":"B33455","customerId":"ABC123","departmentId":"LEGAL3","itemType":"File","code":"A1234","parentCode":"P3445","category":"Personnel","classification":"HU100","docType":"Resume","metaData":[{"field":"hireDate","value":"2021-01-30T08"}],"stores":[{"storeId":"RECORD_CTR","itemId":"TR123","location":"C1F2R55P4","metaData":[{"field":"code","value":"A1234","source":"string"},{"field":"parentCode","value":"P3445","source":"string"},{"field":"centerId","value":"LV123","source":"string"},{"field":"onSiteLocation","value":"LOC123","source":"string"},{"field":"trRTItemID","value":"WAL1002","source":"string"}],"status":-1}],"retrieved":0}},"ItemStore":{"type":"object","properties":{"storeId":{"type":"string","description":"Unique ID of the store (RECORD_CTR, DIGITAL, TR, etc.)"},"itemId":{"type":"string","description":"Unique ID of the item in the store"},"location":{"type":"string","description":"location of item within the store"},"metaData":{"type":"array","description":"Fields specific to the store type (CenterID, Center)","items":{"$ref":"#/components/schemas/MetaData"}},"status":{"type":"string","description":"Item's current status in store"}},"description":"This describes the storage for a specific representation of a logical item.  Items may exist in multiple forms (paper, digital, etc.).","example":{"storeId":"RECORD_CTR","itemId":"TR123","location":"C1F2R55P4","metaData":[{"field":"code","value":"A1234"},{"field":"parentCode","value":"P3445"},{"field":"centerId","value":"LV123"},{"field":"onSiteLocation","value":"LOC123"},{"field":"rtId","value":"WAL1002"},{"field":"custom","value":"Internal"}],"status":-1}},"Barcode":{"type":"object","properties":{"customerId":{"type":"string","description":"Unique ID for item's owner"},"departmentId":{"type":"string","description":"Unique ID for department the item belongs to"},"code":{"type":"string","description":"The barcode value"},"itemType":{"type":"string","description":"Type of item such as Box, File, etc."},"printed":{"type":"boolean","description":"Whether the barcode has been printed already"}},"description":"Represents a Barcode number used to identify an Item, for use by a scanner"},"File":{"type":"object","properties":{"id":{"type":"string","description":"Unique ID for this file"},"name":{"type":"string","description":"The file name","example":"QuarterlyReport-Q4-2021.pdf"},"description":{"type":"string","description":"Optional description of the file"},"mediaType":{"type":"string","description":"Format of the file, MIME type, from  IETF’s RFC 6838 (see https://www.iana.org/assignments/media-types/media-types.xhtml)","example":"text/plain"},"size":{"type":"number","description":"Approximate size in bytes.","example":2303942},"sequence":{"type":"integer","description":"Optional ordering with a Files instance, for example if a document is represented by a set of image files.  Lower values naturally appear before files with higher values.","example":0},"sha1":{"type":"string","description":"The SHA1 digest of the file, used to compare the contents of this file with a local file."},"createdBy":{"type":"string","description":"Unique ID of the User who created it"},"createdDate":{"$ref":"#/components/schemas/DateTime"},"lastModifiedBy":{"type":"string","description":"Unique ID of the User who last modified it"},"lastModifiedDate":{"$ref":"#/components/schemas/DateTime"}},"description":"A File is a digital file associated with an Item, such as a PDF, TIFF, etc.","example":{"name":"restful.pdf","description":"REST API documentation for Access API.","mediaType":"application/pdf","size":110726,"sha1":"cf23df2207d99a74fbe169e3eba035e633b65d94","createdBy":"568c28fffc4be30d44d0398e","createdDate":"2021-01-30T08:30:00.000+0000","lastModifiedBy":"568c28fffc4be30d44d0398e","lastModifiedDate":"2021-01-30T08:30:00.000+0000"}},"Comment":{"type":"object","properties":{"message":{"type":"string","description":"The text of the comment.","example":"We will need more information that provided in this invoice."},"location":{"type":"string","description":"Optional location of the comment, used by specific viewers to position a note."},"createdByName":{"type":"string","description":"Display name of the User who created it."},"createdBy":{"type":"string","description":"Unique ID of the User who created it."},"createdDate":{"$ref":"#/components/schemas/DateTime"}},"description":"A comment or note on a File."},"MetaData":{"type":"object","properties":{"field":{"type":"string","description":"Name of the meta data field"},"value":{"type":"array","description":"Value(s) of the meta data field","items":{"type":"string"}},"source":{"type":"string","description":"Identity of the source of this field value"}},"description":"Custom field name and value pair on an item","example":{"field":"matterId","value":1234}},"MetaDataField":{"type":"object","properties":{"id":{"type":"string","description":"Unique ID for this MetaDataField"},"customerId":{"type":"string","description":"Unique ID of the customer the field belongs to"},"field":{"type":"string","description":"Name of the meta data field (unique for customer)"},"fieldType":{"type":"string","description":"Type of data in the value property"},"itemType":{"type":"array","description":"One or more item types this field may be applied to","items":{"type":"string"}},"inherited":{"type":"boolean","description":"Whether the field values should be inherited by child items (e.g. whether a file should be considered as having the field value assigned to the box it is contained in)","default":true},"sensitive":{"type":"boolean","description":"Whether the values of this field should be considered sensitive data such as PII","default":false},"searchable":{"type":"boolean","description":"Whether this field should be indexed and available as a search filter","default":true},"description":{"type":"string","description":"Optional description of the field"},"validation":{"type":"string","description":"Optional definition of validation to be done on this field value"},"multi":{"type":"boolean","description":"Whether multiple values are allowed for this item","default":true}},"description":"Defines a custom field name and value pair on an item"},"ReferenceData":{"type":"object","properties":{"customerId":{"type":"string","description":"Unique ID of the customer this data belongs to"},"type":{"type":"string","description":"CustomType that this provides reference values for"},"validValues":{"type":"array","items":{"$ref":"#/components/schemas/CustomInstance"}}},"description":"Custom field name and value pair on an item","example":{"customerId":"ABCD1","field":"MatterNumber","values":["123","1453","1234","456","235"]}},"Template":{"type":"object","properties":{"id":{"type":"string","description":"Unique ID for this type"},"name":{"type":"string","description":"Name of the entity type"},"customTypes":{"type":"array","description":"Set of custom types in this template","items":{"$ref":"#/components/schemas/CustomType"}}},"description":"Template of the Customer's domain that is not specifically defined in our standard data model","example":{"id":"sdlfkjadsfkj","name":"Matter","customTypes":[]}},"CustomType":{"type":"object","properties":{"id":{"type":"string","description":"Unique ID for this type"},"name":{"type":"string","description":"Name of the entity type"},"fields":{"type":"array","description":"Set of MetaDataField names","items":{"$ref":"#/components/schemas/MetaDataField"}}},"description":"Custom object definition representing an entity in a Customer's domain that is not specifically defined in our standard data model","example":{"id":"sdlfkjadsfkj","name":"Matter","fields":["ClientNumber","ClientName","MatterNumber","MatterName","MatterDescription","PracticeArea"]}},"CustomInstance":{"type":"object","properties":{"id":{"type":"string","description":"Unique ID for this instance"},"customType":{"type":"string","description":"Name of the CustomType"},"metaData":{"type":"array","description":"Set of MetaDataField values","items":{"$ref":"#/components/schemas/MetaData"}},"source":{"type":"string","description":"Identity of the source for this instance"}},"description":"Represents an instance of a Custom object","example":{"id":"asdlfkjadsfkj","customType":"Matter","fields":[{"field":"ClientNumber","value":"1234"},{"field":"ClientName","value":"Acme"},{"field":"MatterNumber","value":"134555"},{"field":"MatterName","value":"Jose Canseco Application"},{"field":"MatterDescription","value":"I-9 Submission"},{"field":"PracticeArea","value":"Immigration"}]}},"DateTime":{"type":"string","description":"Date and time formated in the ISO 8601 full-time format.  See https://xml2rfc.tools.ietf.org/public/rfc/html/rfc3339.html#anchor14","format":"date-time"},"Error":{"type":"object","properties":{"code":{"type":"string","description":"Unique code for this error"},"message":{"type":"string","description":"Descriptive message describing the issue"},"field":{"type":"string","description":"Optional field or property name the error is related to"}},"description":"Error code and message"},"AuthError":{"type":"object","properties":{"error":{"type":"string","description":"It specifies the error code if there is an invalid request, invalid client, invalid grant, or unauthorized client"},"error_description":{"type":"string","description":"It defines the detail description of the error"}},"description":"Error code and description in response to oath/token requests","example":{"error":"access_denied","error_description":"User not allowed access to resource"}},"Errors":{"type":"array","items":{"$ref":"#/components/schemas/Error"}},"oauth_token_body":{"required":["client_id","client_secret","grant_type"],"type":"object","properties":{"username":{"type":"string","description":"User name to authenticate for individual user authentication"},"password":{"type":"string","description":"Password for username for individual user authentication"},"realm":{"type":"string","description":"The realm (auth database) the user belongs to. This will be determined for you based on the environment, grant_type and audience."},"grant_type":{"type":"string","description":"Denotes the flow you are using. For Client Credentials (Application Flow) use client_credentials, for Resource Owner Password use password"},"client_id":{"type":"string","description":"Your application's Client ID"},"client_secret":{"type":"string","description":"Your application's Client Secret"},"audience":{"type":"string","description":"The unique identifier of the target API you want to access.  These will be provided and are environment specific as well."},"domain":{"type":"string","description":"Default value is \"csp\". For FileBridge integration use \"filebridge\"."}},"example":{"grant_type":"client_credentials","audience":"api.accesscorp","realm":"CSP","client_id":"P23kdsafppjlk4adfd","client_secret":"alsdjkhflauehiwueakdshf498asdf","domain":"csp"}},"inline_response_201":{"type":"object","properties":{"access_token":{"type":"string","description":"Access token value"},"token_type":{"type":"string","description":"Type of access token"},"expires_in":{"type":"integer","description":"Number of seconds before this access token expires"}},"description":"Item such as file, folder, box, etc."},"oauth_rotatesecret_body":{"required":["client_id","client_secret"],"type":"object","properties":{"client_id":{"type":"string","description":"Your application's Client ID"},"client_secret":{"type":"string","description":"Your application's Client Secret"},"domain":{"type":"string","description":"Default value is \"csp\". For FileBridge integration use \"filebridge\"."}},"example":{"client_id":"P23kdsafppjlk4adfd","client_secret":"alsdjkhflauehiwueakdshf498asdf","domain":"csp"}},"workorders_subscribe_body":{"required":["callbackUrl, event"],"type":"object","properties":{"callbackUrl":{"type":"string","description":"The URL to post the event details to","format":"uri","example":"https://myserver.com/send/callbacks/here"},"event":{"type":"string","description":"The event type the caller is interested in callbacks for","enum":["workOrderStatusUpdate"]}}},"inline_response_201_1":{"type":"object","properties":{"subscriberId":{"type":"string","description":"Unique ID for the new subscription","example":"AAA-123-BBB-456"}}},"workorders_unsubscribe_body":{"required":["subscriberId"],"type":"object","properties":{"subscriberId":{"type":"string","description":"The Subscriber ID provided when subscribing","example":"AAA-123-BBB-456"}}}},"responses":{"AuthenticationSuccess":{"description":"Success","content":{"application/json":{"schema":{"$ref":"#/components/schemas/inline_response_201"},"example":{"access_token":"eyasdfaskflaksd9284saf","token_type":"Bearer","expires_in":3600}}}},"CustomerSuccess":{"description":"Success","content":{"application/json":{"schema":{"$ref":"#/components/schemas/Customer"}}}},"ItemSuccess":{"description":"Success","content":{"application/json":{"schema":{"$ref":"#/components/schemas/Item"}}}},"WorkOrderSuccess":{"description":"Success","content":{"application/json":{"schema":{"$ref":"#/components/schemas/WorkOrder"}}}},"202Response":{"description":"If the file is not ready to be downloaded yet Retry-After header will be returned indicating the time in seconds after which the file will be available for the client to download.This response can occur when the file was uploaded immediately before the download request."},"4XXAuthResponse":{"description":"Bad Request","content":{"application/json":{"schema":{"$ref":"#/components/schemas/AuthError"}}}},"4XXResponse":{"description":"Bad Request","content":{"application/json":{"schema":{"$ref":"#/components/schemas/Errors"}}}},"501AuthResponse":{"description":"Not Implemented","content":{"application/json":{"schema":{"$ref":"#/components/schemas/AuthError"}}}},"5XXResponse":{"description":"Internal Server Error","content":{"application/json":{"schema":{"$ref":"#/components/schemas/Errors"}}}}},"parameters":{"customerIdParameter":{"name":"id","in":"path","description":"Customer ID","required":true,"style":"simple","explode":false,"schema":{"type":"string"}},"customerIdHeaderParameter":{"name":"customerId","in":"header","description":"Customer ID","required":true,"style":"simple","explode":false,"schema":{"type":"string"}},"departmentIdParameter":{"name":"departmentId","in":"path","description":"Department ID","required":true,"style":"simple","explode":false,"schema":{"type":"string"}},"locationIdParameter":{"name":"locationId","in":"path","description":"Customer Location ID","required":true,"style":"simple","explode":false,"schema":{"type":"string"}},"locationIdQueryParameter":{"name":"locationId","in":"query","description":"Customer Location ID","required":false,"style":"form","explode":true,"schema":{"type":"string"}},"workOrderIdParameter":{"name":"woid","in":"path","description":"Work Order ID","required":true,"style":"simple","explode":false,"schema":{"type":"string"}},"itemIdParameter":{"name":"itemid","in":"path","description":"Item ID","required":true,"style":"simple","explode":false,"schema":{"type":"string"}},"fileIdParameter":{"name":"fileid","in":"path","description":"File ID","required":true,"style":"simple","explode":false,"schema":{"type":"string"}},"fileNameParameter":{"name":"filename","in":"path","description":"File Name","required":true,"style":"simple","explode":false,"schema":{"type":"string"}},"statusParameter":{"name":"status","in":"query","description":"The status to filter by","required":false,"style":"form","explode":true,"schema":{"type":"string"}},"queryParameter":{"name":"q","in":"query","description":"Optional JSON expression using NoSQL query language","required":false,"style":"form","explode":true,"schema":{"type":"string"},"example":{"code":"123434"}},"sortParameter":{"name":"sort","in":"query","description":"Optional JSON expression listing field(s) to sort by and direction (1 or -1)","required":false,"style":"form","explode":true,"schema":{"type":"string"},"example":{"lastModifiedDate":"-1"}},"itemTypeParameter":{"name":"itemType","in":"query","description":"The item type to filter by","required":false,"style":"form","explode":true,"schema":{"type":"string"}},"priorityParameter":{"name":"priority","in":"query","description":"The work order priority to filter by","required":false,"style":"form","explode":true,"schema":{"type":"string"}},"sortDescendingParameter":{"name":"sortOrder","in":"query","description":"The sort order direction","required":false,"style":"form","explode":true,"schema":{"type":"string","default":"desc","enum":["asc","desc"]}},"sortAscendingParameter":{"name":"sortOrder","in":"query","description":"The sort order direction","required":false,"style":"form","explode":true,"schema":{"type":"string","default":"asc","enum":["asc","desc"]}},"offsetParameter":{"name":"offset","in":"query","description":"The number of items to skip before starting to collect the result set.","required":false,"style":"form","explode":true,"schema":{"minimum":0,"type":"integer","default":0}},"limitParameter":{"name":"limit","in":"query","description":"The number of items to return.","required":false,"style":"form","explode":true,"schema":{"maximum":2E+2,"minimum":1,"type":"integer","default":100}},"lastModifiedDateParameter":{"name":"lastModifiedDate","in":"query","description":"The last modification date to filter results to those after that date","required":false,"style":"form","explode":true,"schema":{"$ref":"#/components/schemas/DateTime"}}},"securitySchemes":{"application":{"type":"oauth2","flows":{"clientCredentials":{"tokenUrl":"/oauth/token","scopes":{"write":"allows modifying resources","read":"allows reading resources2"}}}},"bearerAuth":{"type":"http","scheme":"bearer"}}}}