{"openapi":"3.0.0","info":{"title":"Cook Book","description":"API Specification for the [Cook Book App](https://github.com/eblissss/cook-book).\nAlmost every request requires a user auth token (probably), so assume you need one.\n","version":"1.0.0"},"externalDocs":{"description":"Find out more about Swagger","url":"http://swagger.io"},"servers":[{"url":"https://virtserver.swaggerhub.com/AccraZed/RecipeApp/1.0.0","description":"SwaggerHub API Auto Mocking"},{"url":"https://api.clovebook.com/","description":"Clovebook API"}],"tags":[{"name":"recipe","description":"Everything about your created/favorited/saved recipes."},{"name":"user","description":"User endpoints including token authentication"}],"paths":{"/users":{"post":{"tags":["user"],"summary":"Create user","description":"Create a new user. Requires user auth first to get auth code.","operationId":"createUser","parameters":[{"name":"code","in":"query","description":"Auth code sent to the user via their email.","required":false,"style":"form","explode":true,"schema":{"type":"string"}}],"requestBody":{"content":{"application/json":{"schema":{"type":"object","properties":{"username":{"type":"string"},"firstName":{"type":"string"},"lastName":{"type":"string"},"email":{"type":"string"},"password":{"type":"string"}}}}}},"responses":{"200":{"description":"Successfully created a user","content":{"application/json":{"schema":{"type":"object","properties":{"userID":{"type":"integer"}}}}}},"400":{"description":"Invalid details","content":{"application/json":{"schema":{"type":"object","properties":{"error":{"type":"string"}}}}}}}}},"/users/auth":{"post":{"tags":["user"],"summary":"Authenticate user","description":"Auth a new user.","operationId":"authUser","requestBody":{"content":{"application/json":{"schema":{"type":"object","properties":{"username":{"type":"string"},"email":{"type":"string"}}}}}},"responses":{"200":{"description":"Successfully created a user. Sends an email to user and returns an expiry time.","content":{"application/json":{"schema":{"type":"object","properties":{"expires":{"type":"string"}}}}}},"400":{"description":"Invalid details","content":{"application/json":{"schema":{"type":"object","properties":{"error":{"type":"string"}}}}}}}}},"/users/refresh":{"get":{"tags":["user"],"summary":"Refresh tokens","description":"Refreshes access token, and provides a new refresh token","operationId":"refreshToken","parameters":[{"name":"refreshToken","in":"query","description":"The refresh token provided in earlier login","required":true,"style":"form","explode":true,"schema":{"type":"string"}}],"responses":{"200":{"description":"successful operation. access token reset and new refresh token provided.","headers":{"X-Expires-After":{"description":"date in UTC when token expires","style":"simple","explode":false,"schema":{"type":"string","format":"date-time"}},"token":{"description":"JWT access token","style":"simple","explode":false,"schema":{"type":"string","format":"string"}}},"content":{"application/json":{"schema":{"type":"object","properties":{"refreshToken":{"type":"string"}}}}}},"403":{"description":"unauthorized"}}}},"/users/login":{"get":{"tags":["user"],"summary":"Logs user in","description":"Logs user in if user/pass is correct. Saves access token in cookie. Provides refresh token if access token expires","operationId":"loginUser","parameters":[{"name":"username","in":"query","description":"The user name for login","required":true,"style":"form","explode":true,"schema":{"type":"string"}},{"name":"password","in":"query","description":"The password for login in clear text","required":true,"style":"form","explode":true,"schema":{"type":"string"}}],"responses":{"200":{"description":"successful operation","headers":{"X-Expires-After":{"description":"date in UTC when token expires","style":"simple","explode":false,"schema":{"type":"string","format":"date-time"}}},"content":{"application/json":{"schema":{"type":"object","properties":{"refreshToken":{"type":"string"}}}}}},"400":{"description":"Invalid username/password","content":{"application/json":{"schema":{"type":"object","properties":{"error":{"type":"string"}}}}}}}}},"/users/logout":{"get":{"tags":["user"],"summary":"Logs out current logged in user session","operationId":"logoutUser","responses":{"default":{"description":"successful operation"}}}},"/users/reset":{"put":{"tags":["recipe"],"summary":"reset user pass with new user","description":"resets user to new password","operationId":"resetPassword","parameters":[{"name":"code","in":"query","description":"auth code that user recieved in email from POST users/reset","required":true,"style":"form","explode":true,"schema":{"type":"string"}},{"name":"email","in":"query","description":"email of user that needs password reset","required":true,"style":"form","explode":true,"schema":{"type":"string"}},{"name":"password","in":"query","description":"new password, hashed","required":true,"style":"form","explode":true,"schema":{"type":"string"}}],"responses":{"200":{"description":"password changed"},"404":{"description":"email not found"}}},"post":{"tags":["recipe"],"summary":"send a reset pass email to user","description":"email must exist (duh)","operationId":"emailPasswordReset","parameters":[{"name":"email","in":"query","description":"email of user that needs password reset","required":true,"style":"form","explode":true,"schema":{"type":"string"}}],"responses":{"200":{"description":"successful operation"},"404":{"description":"email not found"}}}},"/users/{userID}":{"get":{"tags":["user"],"summary":"Get user by user name","operationId":"getUserByName","parameters":[{"name":"userID","in":"path","description":"The ID that needs to be fetched","required":true,"style":"simple","explode":false,"schema":{"type":"string"}}],"responses":{"200":{"description":"successful operation","content":{"application/json":{"schema":{"$ref":"#/components/schemas/User"}},"application/xml":{"schema":{"$ref":"#/components/schemas/User"}}}},"400":{"description":"Invalid username supplied"},"404":{"description":"User not found"}}},"put":{"tags":["user"],"summary":"Updated user","description":"This can only be done by the logged in user.","operationId":"updateUser","parameters":[{"name":"userID","in":"path","description":"user ID to be updated","required":true,"style":"simple","explode":false,"schema":{"type":"string"}}],"requestBody":{"description":"Updated user object","content":{"application/json":{"schema":{"$ref":"#/components/schemas/User"}}},"required":true},"responses":{"400":{"description":"Invalid user supplied"},"404":{"description":"User not found"}}},"delete":{"tags":["user"],"summary":"Delete user","description":"This can only be done by the logged in user.","operationId":"deleteUser","parameters":[{"name":"userID","in":"path","description":"The ID that needs to be deleted","required":true,"style":"simple","explode":false,"schema":{"type":"string"}}],"responses":{"400":{"description":"Invalid username supplied"},"404":{"description":"User not found"}}}},"/users/{username}/favorites":{"get":{"tags":["recipe"],"summary":"Search through all users saved recipes. Limits to 50 results","operationId":"searchSavedRecipes","parameters":[{"name":"username","in":"path","description":"The username that you want saved recipes from.","required":true,"style":"simple","explode":false,"schema":{"type":"string"}},{"name":"query","in":"query","description":"Search query of what you want to search. Empty string shows all.","required":true,"style":"form","explode":true,"schema":{"type":"string"}}],"responses":{"200":{"description":"results found","content":{"application/json":{"schema":{"type":"array","items":{"$ref":"#/components/schemas/RecipeStub"}}}}},"403":{"description":"access forbidden"}}},"put":{"tags":["recipe"],"summary":"Save or unsave an existing recipe to your favorites.","description":"Only one ID must be provided. If both are provided, returns 400.","operationId":"saveRecipe","parameters":[{"name":"username","in":"path","description":"The user that saved the recipe","required":true,"style":"simple","explode":false,"schema":{"type":"string"}},{"name":"set","in":"query","description":"Whether to set or unset the favorite","required":true,"style":"form","explode":true,"schema":{"type":"boolean"}},{"name":"spoonacularID","in":"query","description":"Spoonacular ID","required":false,"style":"form","explode":true,"schema":{"type":"string"}},{"name":"cookbookID","in":"query","description":"Cookbook ID","required":false,"style":"form","explode":true,"schema":{"type":"string"}}],"responses":{"200":{"description":"successful operation"},"400":{"description":"ID not found / bad request","content":{"application/json":{"schema":{"type":"object","properties":{"error":{"type":"string"}}}}}}}}},"/recipes":{"get":{"tags":["recipe"],"summary":"Search through all COOKBOOK DB recipes. Limits to 50 results","operationId":"searchRecipes","parameters":[{"name":"query","in":"query","description":"Search query of what you want to search. Empty string shows all.","required":true,"style":"form","explode":true,"schema":{"type":"string"}},{"name":"tags","in":"query","description":"comma separated list of tags that search will be filtered by","required":false,"style":"form","explode":true,"schema":{"type":"array","items":{"type":"string"}}}],"responses":{"200":{"description":"results found","content":{"application/json":{"schema":{"type":"array","items":{"$ref":"#/components/schemas/RecipeStub"}}}}}}},"post":{"tags":["recipe"],"summary":"Add a new recipe","operationId":"createRecipe","requestBody":{"content":{"application/json":{"schema":{"$ref":"#/components/schemas/Recipe"}}}},"responses":{"200":{"description":"successful operation","content":{"application/json":{"schema":{"type":"object","properties":{"cookbookID":{"type":"integer"}}}}}},"400":{"description":"bad request","content":{"application/json":{"schema":{"type":"object","properties":{"error":{"type":"string"}}}}}}}}},"/recipes/{id}":{"get":{"tags":["recipe"],"summary":"get a recipe (spoonacular or cookbook)","operationId":"getRecpe","parameters":[{"name":"id","in":"path","description":"cookbook ID OR spoonacular ID of the recipe you would like to get","required":true,"style":"simple","explode":false,"schema":{"type":"string"}}],"responses":{"200":{"description":"Recipe returned","content":{"application/json":{"schema":{"$ref":"#/components/schemas/Recipe"}}}},"403":{"description":"access denied (not logged in as any user)"}}}},"/recipes/{cookbookID}":{"put":{"tags":["recipe"],"summary":"update a recipe given new values","operationId":"updateRecipe","parameters":[{"name":"cookbookID","in":"path","description":"cookbook ID of the recipe you would like to edit","required":true,"style":"simple","explode":false,"schema":{"type":"integer"}}],"responses":{"200":{"description":"recipe updated"},"403":{"description":"access denied (you are not the user who made the recipe)"}}},"delete":{"tags":["recipe"],"summary":"delete a user's recipe","operationId":"deleteRecipe","parameters":[{"name":"cookbookID","in":"path","description":"cookbook ID of the recipe you would like to delete","required":true,"style":"simple","explode":false,"schema":{"type":"integer"}}],"responses":{"200":{"description":"recipe deleted"},"403":{"description":"access denied (you are not the user who made the recipe)"}}}}},"components":{"schemas":{"User":{"type":"object","properties":{"userID":{"type":"string"},"username":{"type":"string"},"firstName":{"type":"string"},"lastName":{"type":"string"},"email":{"type":"string"},"password":{"type":"string"},"createdAt":{"type":"string"},"updatedAt":{"type":"string"}},"xml":{"name":"User"}},"Recipe":{"type":"object","properties":{"name":{"type":"string","description":"recipe name"},"author":{"type":"string","description":"user that created the recipe"},"authorID":{"type":"string","description":"id of user that created the recipe"},"spoonacularID":{"type":"integer","description":"spoonacular ID","format":"int64"},"cookbookID":{"type":"integer","description":"cookbook ID","format":"int64"},"imageURL":{"type":"string"},"cookTime":{"type":"integer"},"prepTime":{"type":"integer"},"totalTime":{"type":"integer"},"ingredients":{"type":"array","items":{"$ref":"#/components/schemas/Ingredient"}},"tags":{"type":"array","items":{"type":"string"}},"instructions":{"type":"array","items":{"$ref":"#/components/schemas/Instruction"}},"createdAt":{"type":"string"},"savedAt":{"type":"string"}}},"RecipeStub":{"type":"object","properties":{"authorID":{"type":"string"},"spoonacularID":{"type":"integer","format":"int64"},"cookbookID":{"type":"integer","format":"int64"},"name":{"type":"string"},"userRecipe":{"type":"boolean"},"imageURL":{"type":"string"},"totalTime":{"type":"integer"},"tags":{"type":"array","items":{"type":"string"}}},"xml":{"name":"User"}},"Ingredient":{"type":"object","properties":{"name":{"type":"string"},"amount":{"type":"number","format":"float"},"unit":{"type":"string"}}},"Instruction":{"type":"object","properties":{"number":{"type":"integer"},"description":{"type":"string"},"ingredients":{"type":"array","items":{"$ref":"#/components/schemas/Ingredient"}}}}},"securitySchemes":{"cookbook_auth":{"type":"oauth2","flows":{"implicit":{"authorizationUrl":"http://clovebook.com/oauth/dialog","scopes":{"write:pets":"modify pets in your account","read:pets":"read your pets"}}}},"api_key":{"type":"apiKey","name":"api_key","in":"header"}}}}