{"openapi":"3.0.0","info":{"title":"Edie","description":"Edie performs qualitative evaluation of ELEXIS dictionaries.\n","termsOfService":"http://swagger.io/terms/","contact":{"email":"seung-bin.yim@oeaw.ac.at"},"license":{"name":"Apache 2.0","url":"http://www.apache.org/licenses/LICENSE-2.0.html"},"version":"1.0.0"},"externalDocs":{"description":"Find out more about Swagger","url":"http://swagger.io"},"servers":[{"url":"https://virtserver.swaggerhub.com/ACDH/Edie/1.0.0","description":"SwaggerHub API Auto Mocking"},{"url":"https://petstore.swagger.io/v2"}],"tags":[{"name":"evaluations","description":"Everything about your Pets","externalDocs":{"description":"Find out more","url":"http://swagger.io"}}],"paths":{"/evaluations":{"get":{"tags":["evaluations"],"summary":"Returns list of evaluation results ordered by last run.","operationId":"getEvaluations","responses":{"200":{"description":"list of evaluation results.","content":{"application/json":{"schema":{"type":"array","items":{"$ref":"#/components/schemas/EvaluationResult"}}}}}}},"post":{"tags":["evaluations"],"summary":"Starts a new dictionary evauation","operationId":"createEvaluation","requestBody":{"$ref":"#/components/requestBodies/Evaluation"},"responses":{"405":{"description":"Invalid input,"},"200":{"description":"Evaluation started successfully","content":{"application/json":{"schema":{"type":"string","example":"123e4567-e89b-12d3-a456-426614174000"}}}}}}},"/evaluations/{dictionaryId}":{"get":{"tags":["evaluations"],"summary":"Get status and results of dictionary evaluation","operationId":"getDictionaryEvaluation","parameters":[{"name":"dictionaryId","in":"path","description":"id of the dictionary evaluation","required":true,"style":"simple","explode":true,"schema":{"type":"string"}}],"responses":{"400":{"description":"Invalid ID supplied"},"200":{"description":"successful operation","content":{"application/json":{"schema":{"$ref":"#/components/schemas/EvaluationResult"}}}}}}}},"components":{"schemas":{"Evaluation":{"type":"object","properties":{"genre":{"type":"string","description":"genre of the dictionary"},"lang":{"type":"string","description":"language of the dictionary"}}},"EvaluationResult":{"type":"object","properties":{"endpoint":{"type":"string"},"available":{"type":"boolean"},"dictionaries":{"type":"array","items":{"$ref":"#/components/schemas/DictionaryEvaluationResult"}}}},"DictionaryEvaluationResult":{"type":"object","properties":{"dictionary_id":{"type":"string"},"entry_report":{"type":"object"},"metadata_report":{"type":"object"}}}},"requestBodies":{"Evaluation":{"description":"Evaluation Request object.","content":{"application/json":{"schema":{"$ref":"#/components/schemas/Evaluation"}}},"required":true}}}}