{"openapi":"3.0.0","info":{"title":"ADEPT REST API Schema - ReBA (Candidate)","description":"The ADEPT REST Placing API Schema for ReBA Candidate API definition.","termsOfService":"https://www.acord.org/terms-of-use","contact":{"name":"ACORD","url":"http://www.acord.org","email":"memberservices@acord.org"},"license":{"name":"ACORD Terms of Use","url":"https://www.acord.org/terms-of-use"},"version":"1.0"},"servers":[{"url":"https://virtserver.swaggerhub.com/ACORD/ADEPT-REST-API-SCHEMA-REBA-CANDIDATE/1.0","description":"SwaggerHub API Auto Mocking"},{"url":"https://virtserver.swaggerhub.com/ACORD/ADEPT-REST-API-SCHEMA-REBA/1.0","description":"SwaggerHub API Auto Mocking"},{"url":"https://uat-adept.acordsolutions.net/grlc","description":"UAT server"},{"url":"https://adept.acordsolutions.net/grlc","description":"Production server"}],"security":[{"oAuth2ClientCredentials":[]}],"paths":{},"components":{"schemas":{"rebaContract":{"type":"object","properties":{"contractVersionDate":{"type":"string","format":"date-time"},"sender":{"$ref":"#/components/schemas/partyXT"},"cedent":{"$ref":"#/components/schemas/partyXT"},"contract":{"$ref":"#/components/schemas/contract"},"group":{"$ref":"#/components/schemas/group"},"originalPolicyHolder":{"$ref":"#/components/schemas/originalPolicyHolder"},"riskSummaryDescription":{"type":"string"},"section":{"$ref":"#/components/schemas/section"}}},"rebaParticipation":{"type":"object","properties":{"receiver":{"$ref":"#/components/schemas/partyXT"}}},"rebaQuoteRequest":{"type":"object","properties":{"quoteRequestComments":{"type":"string"},"quoteRequestCurrency":{"type":"string"},"quoteRequestLinePercentageBasis":{"type":"string"},"quoteRequestParticipationBasis":{"type":"string"},"quoteMinimumParticipationPercentage":{"type":"number","format":"double"},"quoteMaximumParticipationPercentage":{"type":"number","format":"double"},"quoteMinimumParticipationAmount":{"type":"number","format":"double"},"quoteMaximumParticipationAmount":{"type":"number","format":"double"},"quoteRequestPremiumAmount":{"type":"number","format":"double"},"quoteRequestPremiumAdjustableIndicator":{"type":"string"},"quoteParticipantFunction":{"type":"string"},"quoteRequestedByDate":{"type":"string","format":"date-time"}}},"rebaQuoteResponse":{"type":"object","properties":{"quoteResponseComments":{"type":"string"},"quoteResponseLinePercentageBasis":{"type":"string"},"quoteExpirationDate":{"type":"string","format":"date-time"},"quotePremiums":{"type":"array","items":{"$ref":"#/components/schemas/premium"}},"quoteContractCommissions":{"type":"array","items":{"$ref":"#/components/schemas/contractCommission"}},"quoteLossParticipations":{"type":"array","items":{"$ref":"#/components/schemas/lossParticipation"}},"quoteResponseParticipationBasis":{"type":"string"},"quoteMinimumParticipationPercentage":{"type":"number","format":"double"},"quoteMaximumParticipationPercentage":{"type":"number","format":"double"},"quoteMinimumParticipationAmount":{"type":"number","format":"double"},"quoteMaximumParticipationAmount":{"type":"number","format":"double"},"quoteValidUntilDate":{"type":"string","format":"date-time"}}},"rebaLineRequest":{"type":"object","properties":{"orderComments":{"type":"string"},"orderLinePercentageBasis":{"type":"string"},"orderParticipationBasis":{"type":"string"},"orderMinimumParticipationPercentage":{"type":"number","format":"double"},"orderMaximumParticipationPercentage":{"type":"number","format":"double"},"orderMinimumParticipationAmount":{"type":"number","format":"double"},"orderMaximumParticipationAmount":{"type":"number","format":"double"},"orderCurrency":{"type":"string"},"orderParticipantFunction":{"type":"string"},"orderRequestedByDate":{"type":"string","format":"date-time"}}},"rebaLineResponse":{"type":"object","properties":{"reinsurerContractReference":{"type":"string"},"offerComments":{"type":"string"},"offerSubjectivitiesDescription":{"type":"string"},"offerCurrency":{"type":"string"},"offerLinePercentageBasis":{"type":"string"},"offerParticipationBasis":{"type":"string"},"offerMinimumParticipationPercentage":{"type":"number","format":"double"},"offerMaxmiumParticipationPercentage":{"type":"number","format":"double"},"offerMinimumParticipationAmount":{"type":"number","format":"double"},"offerMaxmiumParticipationAmount":{"type":"number","format":"double"},"offerParticipantFunction":{"type":"string"},"offerValidUntilDate":{"type":"string","format":"date-time"}}},"rebaSignedLineAdvice":{"type":"object","properties":{"reinsurerContractReference":{"type":"string"},"signedLineComments":{"type":"string"},"signedLineSubjectivitiesDescription":{"type":"string"},"signedLineCurrency":{"type":"string"},"signedLinePercentageBasis":{"type":"string"},"signedLineParticipationBasis":{"type":"string"},"signedLinePercent":{"type":"number","format":"double"},"signedLineAmount":{"type":"number","format":"double"},"signedLineParticipantFunction":{"type":"string"}}},"partyXT":{"type":"object","properties":{"type":{"type":"string","description":"Type of Party.","enum":["broker","insurer","reinsurer","cedent","serviceprovider"]},"party":{"$ref":"#/components/schemas/party"},"contact":{"$ref":"#/components/schemas/contact"},"address":{"$ref":"#/components/schemas/address"}}},"party":{"type":"object","properties":{"agencyIDs":{"type":"array","items":{"$ref":"#/components/schemas/agency"}},"name":{"type":"string"}}},"contact":{"type":"object","properties":{"description":{"type":"string","description":"This describes the contact."},"personName":{"type":"string","description":"This is the full name of the contact."},"telephone":{"type":"string","description":"This is the telephone number used for the contact."},"email":{"type":"string","description":"This is the email address used for the contact."}},"description":"This is the party that is the first point of communication for an organization or party"},"address":{"type":"object","properties":{"numberAndStreet":{"type":"string","description":"This is the first line of the address in free form text."},"cityName":{"type":"string","description":"This is the City name."},"postalCode":{"type":"string","description":"This is a series of letters or digits or both, sometimes including spaces or punctuation, included in a postal address for the purpose of sorting mail."},"country":{"type":"string","description":"The Code for the country. Must be a value from ISO-3166."}}},"agency":{"type":"object","properties":{"agencyID":{"type":"string","description":"This is the identifier for an organisation for a given Agency Name e.g 123456789 identifies Organisation X for DUNS"},"agencyName":{"type":"string","description":"This is a code value expressing the Agency of the particular Agency/Id pair e.g \"DUNS_dun_and_bradstreet\" identifies that this Agency/Id pair relates to a DUNS code."}}},"contract":{"type":"object","properties":{"name":{"type":"string","description":"This is the descriptive name assigned to the contract."},"type":{"type":"string","description":"The is a code value expressing the type of Contract. Must be a value from the ACORD A82 codeset."},"accountingBasis":{"type":"string","description":"The is a code value expressing the Accounting Basis of the Contract. Must be a value from the ACORD A113 codeset."},"references":{"type":"array","items":{"$ref":"#/components/schemas/reference"}}}},"group":{"type":"object","properties":{"groupType":{"type":"string"},"groupName":{"type":"string","description":"This is the name of the Group that the Contract is part of e.g \"Property XOL Programme\""},"groupReference":{"type":"string","description":"The reference assigned to the group."},"itemsInGroup":{"type":"integer","format":"int32"}}},"originalPolicyHolder":{"type":"object","properties":{"party":{"$ref":"#/components/schemas/party"},"address":{"$ref":"#/components/schemas/address"}}},"section":{"type":"object","properties":{"sectionName":{"type":"string"},"noticeOfCancellationDate":{"type":"string","format":"date-time"},"riskLocations":{"type":"array","items":{"$ref":"#/components/schemas/location"}},"contractUnderwritingYear":{"type":"string"},"coverType":{"type":"string","description":"The is a code list expressing the type of cover (quota share, surplus, XOL). Must be a value from the ACORD A31 codeset."},"coverOperatingBasis":{"type":"string"},"contractPeriod":{"$ref":"#/components/schemas/contractPeriod"},"contractSectionClasses":{"type":"array","items":{"$ref":"#/components/schemas/contractSectionClass"}},"orderPercentage":{"$ref":"#/components/schemas/orderPercentage"},"contractCoverages":{"type":"array","items":{"$ref":"#/components/schemas/contractCoverage"}},"contractDeductibles":{"type":"array","items":{"$ref":"#/components/schemas/contractDeductible"}},"contractCommissions":{"type":"array","items":{"$ref":"#/components/schemas/contractCommission"}},"lossParticipations":{"type":"array","items":{"$ref":"#/components/schemas/lossParticipation"}},"brokerage":{"$ref":"#/components/schemas/brokerage"},"contractAmountsCurrency":{"type":"string"},"premiumAdjustment":{"$ref":"#/components/schemas/premiumAdjustment"},"premiums":{"type":"array","items":{"$ref":"#/components/schemas/premium"}},"taxes":{"type":"array","items":{"$ref":"#/components/schemas/tax"}},"ecoPercent":{"type":"number","format":"double"},"references":{"type":"array","items":{"$ref":"#/components/schemas/reference"}},"provisionFrequency":{"type":"string"},"laeTreatment":{"type":"string"},"mandatoryCommutationDate":{"type":"string","format":"date-time"},"marginAmount":{"type":"number","format":"double"},"marginPercent":{"type":"number","format":"double"},"contractReinstatements":{"type":"array","items":{"$ref":"#/components/schemas/contractReinstatement"}},"terminationBasis":{"type":"string"},"xplPercent":{"type":"number","format":"double"}}},"tax":{"type":"object","properties":{"amountTypeCode":{"type":"string","description":"Code indicating how tax is applied to the amounts in an account.","enum":["tax_added_to_gross_premium","tax_deducted_from_gross_premium","tax_deducted_from_commission","tax_deducted_from_brokerage","tax_deducted_from_profit_commission","tax_deducted_from_loss_costs","tax_deducted_from_claims","tax_added_to_brokerage"]},"classCode":{"type":"string","description":"Code identifying the tax class. Tax class includes such things as: premium tax, income tax (where related to transactions), VAT, stamp duty, parafiscal charges etc.","enum":["income_tax","parafiscal_charge","premium_tax","stamp_duty","value_added_tax","excise_tax"]},"typeCode":{"type":"string","description":"Code identifying the actual tax type in relation to the tax class. It therefore includes such things as: IPT, Fire Brigade Charges, contributions to loss protection funds, etc.","enum":["compensation_fund_for_construction_risks","consorcio","contribution_for_emergency_treatment_and_services","disability_charge","fire_brigade_charges","fire_service_levy","government_tax","guarantee_fund","hunting_accident_victims_fund","direct_assured_business_income_tax","insurance_premium_tax","joint_fund_for_agricultural_risks","motor_guarantee_fund","national_agricultural_catastrophe_fund","national_sickness_and_invalidity_insurance","natural_catastrophe_levy","portuguese_insurance_institute","retail_sales_tax","road_accident_victims_fund","social_security","solidarity_fund_for_victims_of_extortion","terrorism_tax","additional_fire_tax","clea","excise_tax","employees_pension_fund","insurance_protection_tax","government_levy","flood_damage_levy","house_valuation_fee","insurance_compensation_fund","building_safety_fee","catastrophe_fee","prevention_tax","earthquake_levy","fire_services_commission_levy","accidents_at_work_fund","national_insurance_levy","motor_insurance_bureau_levy","auxiliary_fund_motor","consorcio_extraordinary_risks","consorcio_national_guarantee_fund","withholding_tax","stamp_duty","income_tax","value_added_tax","profit_tax","insurance_tax","goods_and_services_tax","paid_loss_exceeding_aggregate_limit","paid_loss_plus_expense_exceeding_aggregate_limit"]},"locations":{"type":"array","items":{"$ref":"#/components/schemas/location"}},"description":{"type":"string","description":"Description of the tax type. Should only be given if the tax is not sufficiently qualified by the combination of TaxType and TaxAuthorityLocation  data or if this information is not available"},"ratingBasisCode":{"type":"string","description":"Code identifying the base on which the tax is calculated (e.g. as a percentage of gross premium, insured value etc.)","enum":["gross_premium","part_gross_premium","net_premium","insured_value","number_of_vessels","number_of_vehicles","number_of_policies","number_of_items","fixed_tax_amount","fixed_base_amount","deposit_interest","interest_on_balances","exempt","mixed_rates","standard_rate","zero_rate","commission","brokerage","profit_commission","loss_costs","exempt_accident_and_health","exempt_goods_in_transit","exempt_members_of_nato","exempt_life_business","exempt_livestock","exempt_diplomatic_consular"]},"baseAmount":{"type":"number","description":"The amount on which the tax calculation is based and which is qualified by the TaxRateBasis code (e.g. Gross premium, Insured value etc.). If TaxRateBasis code equals fixed_tax_amount the value of this element must equate the fixed tax amount."},"percentage":{"type":"number","description":"The percentage to be applied to the tax base amount in order to obtain the tax amount."},"unitCount":{"type":"number","description":"The number of taxable units that is multiplied by TaxBaseAmount to provide the total tax amount."},"amount":{"type":"number","description":"The actual tax amount."},"payableByCode":{"type":"string","enum":["broker","insured","cedent","coinsurer","insurer","reinsurer"]},"administeredByCode":{"type":"string","enum":["broker","insured","cedent","coinsurer","insurer","reinsurer"]}},"description":"This object represents a charge relating to the procurement or provision of insurance, instigated by a fiscal or para-fiscal authority of a country,  region, county, state, or province (or other authority) that is a condition imposed upon the client, agent or underwriter when transacting insurance."},"location":{"type":"object","properties":{"typeCode":{"type":"string","description":"This identifies the type of Location being provided","enum":["taxAuthority","riskTaxBound","riskLocation","lossLocation"]},"countryCode":{"type":"string","description":"The Code for the country - must be a value from ISO-3166."},"subRegionCode":{"type":"string","description":"This is used to further group geographical areas - must be a value from the ACORD A53 codeset (reference data API ...)"},"regionCode":{"type":"string","description":"This is a code to indicate groupings of states, countries, cities, etc.","enum":["usa_and_canada","caribbean","australasia","south_america","australasia_far_east_and_pacific","north_america","latin_america","sub_saharan_africa","uk_and_eire","worldwide_excluding_usa_and_canada","middle_east","far_east","asia","pacific","unknown","european_economic_area","worldwide_excluding_european_economic_area","all_countries_excluding_own","worldwide_excluding_USA","worldwide","europe","america","africa","oceania","european_common_market","communaute_financiere_africaine","scandinavia"]},"description":{"type":"string","description":"Description about the location"},"percentage":{"type":"number","description":"The percentage of the total premium and/or limits applicable to a location."}},"description":"This object will contain all location information."},"contractPeriod":{"type":"object","properties":{"contractPeriodScope":{"type":"string"},"startDateTime":{"type":"string","format":"date-time"},"endDateTime":{"type":"string","format":"date-time"},"anniversaryDate":{"type":"string","format":"date-time"}}},"contractSectionClass":{"type":"object","properties":{"jvClassOfBusiness":{"type":"string"},"classOfBusinessDescription":{"type":"string"}}},"orderPercentage":{"type":"object","properties":{"percentOfOrder":{"type":"number","format":"double"},"orderAmount":{"type":"number","format":"double"},"orderAmountCurrency":{"type":"string"}}},"contractCoverage":{"type":"object","properties":{"coverageType":{"type":"string"},"coverageDescription":{"type":"string"},"coverageAmount":{"type":"number","format":"double"},"coverageAmountCurrency":{"type":"string"},"coveragePercentage":{"type":"number","format":"double"},"coverageBasis":{"type":"string"},"coverageNumberOfLines":{"type":"number","format":"double"}}},"contractDeductible":{"type":"object","properties":{"deductibleType":{"type":"string"},"deductibleDescription":{"type":"string"},"deductibleAmount":{"type":"number","format":"double"},"deductibleAmountCurrency":{"type":"string"},"deductiblePercentage":{"type":"number","format":"double"},"deductibleBasis":{"type":"string"}}},"commissionValue":{"type":"object","properties":{"valueBasis":{"type":"string"},"sequenceNbr":{"type":"integer"},"commissionPercentage":{"type":"number","format":"double"},"lossRatioPercentage":{"type":"number","format":"double"},"cedingCommissionPercentage":{"type":"number","format":"double"},"commissionAmount":{"type":"number","format":"double"},"commissionAmountCurrency":{"type":"string"}}},"contractCommission":{"type":"object","properties":{"commissionType":{"type":"string"},"commissionDescription":{"type":"string"},"commissionClass":{"type":"string"},"commissionBasis":{"type":"string"},"interpolationBasis":{"type":"string"},"lossRatioBasis":{"type":"string"},"carryForward":{"type":"string"},"carryForwardIntervalType":{"type":"string"},"carryForwardInterval":{"type":"integer"},"commissionCalculationType":{"type":"string"},"calculationFrequency":{"type":"string"},"firstCalculationDate":{"type":"string","format":"date-time"},"calculationStartDate":{"type":"string","format":"date-time"},"calculationEndDate":{"type":"string","format":"date-time"},"managementExpensesPercentage":{"type":"number","format":"double"},"commissionValues":{"type":"array","items":{"$ref":"#/components/schemas/commissionValue"}}}},"lossParticipationValue":{"type":"object","properties":{"valueBasis":{"type":"string"},"sequenceNbr":{"type":"integer"},"lossParticipationPercentage":{"type":"number","format":"double"},"minimumLossRatioPercentage":{"type":"number","format":"double"},"maximumLossRatioPercentage":{"type":"number","format":"double"}}},"lossParticipation":{"type":"object","properties":{"lossParticipationDescription":{"type":"string"},"lossRatioBasis":{"type":"string"},"lossParticipationBasis":{"type":"string"},"calculationFrequency":{"type":"string"},"firstCalculationDate":{"type":"string","format":"date-time"},"lossParticipationValues":{"type":"array","items":{"$ref":"#/components/schemas/lossParticipationValue"}}}},"brokerage":{"type":"object","properties":{"brokerageBasis":{"type":"string"},"brokeragePercentage":{"type":"number","format":"double"},"brokerageBaseAmount":{"type":"number","format":"double"},"brokerageDescription":{"type":"string"},"brokerageAmount":{"type":"number","format":"double"},"brokerageAmountCurrency":{"type":"string"}}},"premiumInstalment":{"type":"object","properties":{"instalmentNbr":{"type":"integer","format":"int32"},"instalmentAmount":{"type":"number","format":"double"},"instalmentDueDate":{"type":"string","format":"date-time"},"instalmentAmountShare":{"type":"string"},"instalmentAmountCurrency":{"type":"string"}}},"premiumAdjustment":{"type":"object","properties":{"creditPeriodDurationDays":{"type":"integer","format":"int32"},"premiumAdjustmentPercentage":{"type":"number","format":"double"},"premiumAdjustmentBasis":{"type":"string"},"lossesLoadedDenominator":{"type":"number","format":"double"},"lossesLoadedNumerator":{"type":"number","format":"double"}}},"premium":{"type":"object","properties":{"premiumType":{"type":"string"},"premiumDescription":{"type":"string"},"premiumAmount":{"type":"number","format":"double"},"premiumAmountCurrency":{"type":"string"},"remitPremiumDaysDue":{"type":"string","format":"date-time"},"premiumPercentage":{"type":"number","format":"double"},"premiumAdjustableIndicator":{"type":"string"},"termsOfTradePeriodDuration":{"type":"string"},"estimatedSubjectBasis":{"type":"string"},"termsOfTradePeriodBasis":{"type":"string"},"premiumInstalments":{"type":"array","items":{"$ref":"#/components/schemas/premiumInstalment"}}}},"contractReinstatement":{"type":"object","properties":{"sequenceNbr":{"type":"integer"},"reinstatementDescription":{"type":"string"},"unlimitedReinstatementsIndicator":{"type":"boolean"},"numberOfReinstatements":{"type":"integer","format":"int32"},"reinstatementBrokeragePercentage":{"type":"number","format":"double"},"reinstatementBrokerageAmount":{"type":"number","format":"double"},"reinstatementCalculationType":{"type":"string"},"reinstatementPremiumPercentage":{"type":"number","format":"double"},"reinstatementPremiumAmount":{"type":"number","format":"double"}}},"reference":{"type":"object","properties":{"name":{"type":"string","description":"This will determine the source of the reference","enum":["broker","cedent","insurer","reinsurer","coinsurer","brokerGroup","serviceProvider"]},"id":{"type":"string","description":"This contains the unique reference identifier for this reference type"},"appliesTo":{"type":"string","description":"This is to identify any additional context for the reference type.","enum":["accountTransaction","referredAccountTransaction","claimTransaction","accountEntry","contract","contractRenewed","contractSection","contractMarket","claim","claimEntry","group","referredBordereau","referredClaimTransaction","originalPolicy"]}},"description":"This object will define specific reference types associated to different objects"}},"securitySchemes":{"oAuth2ClientCredentials":{"type":"oauth2","description":"This API uses OAuth 2 with the client credentials flow.","flows":{"clientCredentials":{"tokenUrl":"/adept-security/v1/token","scopes":{}}}}}}}