{"openapi":"3.0.0","info":{"title":"Action Log Rest API","description":"Action Log Rest API","version":"1.0.0"},"servers":[{"url":"/action-service/v1"}],"security":[{"Auth":[]}],"tags":[{"name":"action-log","description":"Operations related to VQR data of nodes"}],"paths":{"/action-logs/{bulk_action_id}":{"get":{"tags":["get bulk-action details API"],"summary":"To get details of a specific bulk-action","description":"To get details of a specific bulk-action. This API would also support query params - ?status=error or ?status=success to show only the error or success results respectively.","operationId":"getActionLogs","parameters":[{"name":"bulk_action_id","in":"path","description":"action id of the action","required":true,"style":"simple","explode":false,"schema":{"type":"integer","format":"int64"}},{"name":"status","in":"query","description":"?status=error or ?status=success to show only the error or success logs respectively","required":false,"style":"form","explode":true,"schema":{"type":"string","enum":["error","success","pending","in-progress","cancelled"]}}],"responses":{"200":{"description":"Successful","content":{"application/json":{"schema":{"$ref":"#/components/schemas/SpecificBulkActionLogDetails"}}}},"404":{"description":"No records found for given node"},"401":{"description":"Unauthorized Access"},"500":{"description":"Server Error","content":{"application/json":{"schema":{"$ref":"#/components/schemas/ModelApiResponse"}}}}}}},"/action-logs/{bulk_action_id}/{node_id}":{"get":{"tags":["get bulk action details for specific node API"],"summary":"To get details of a specific bulk-action of a node","description":"To get details of a specific bulk-action of a node.","operationId":"getActionLogsOfNode","parameters":[{"name":"bulk_action_id","in":"path","description":"action id of the action","required":true,"style":"simple","explode":false,"schema":{"type":"integer","format":"int64"}},{"name":"node_id","in":"path","description":"node id to retrieve status of the the individual device action log","required":true,"style":"simple","explode":false,"schema":{"type":"integer","format":"int64"}}],"responses":{"200":{"description":"Successful","content":{"application/json":{"schema":{"$ref":"#/components/schemas/SpecificBulkActionLogDetails"}}}},"404":{"description":"No records found for given node"},"401":{"description":"Unauthorized Access"},"500":{"description":"Server Error","content":{"application/json":{"schema":{"$ref":"#/components/schemas/ModelApiResponse"}}}}}}},"/action-logs":{"get":{"tags":["get all action-logs"],"summary":"get all action-logs","description":"get all action-logs","operationId":"getAllActionLogs","responses":{"200":{"description":"Successful","content":{"application/json":{"schema":{"type":"array","items":{"$ref":"#/components/schemas/BulkActionLogDetails"}}}}},"404":{"description":"No records found for given node"},"401":{"description":"Unauthorized Access"},"500":{"description":"Server Error","content":{"application/json":{"schema":{"$ref":"#/components/schemas/ModelApiResponse"}}}}}}}},"components":{"schemas":{"BulkActionLogDetails":{"required":["actionDetails"],"type":"object","properties":{"actionDetails":{"type":"array","items":{"$ref":"#/components/schemas/BulkActionLogDetail"}}}},"SpecificBulkActionLogDetails":{"required":["actionDetails"],"type":"object","properties":{"actionDetails":{"type":"array","items":{"$ref":"#/components/schemas/SpecificBulkActionLogDetail"}}}},"ModelApiResponse":{"required":["message","request"],"type":"object","properties":{"request":{"type":"string"},"message":{"type":"string"}}},"BulkActionLogDetail":{"required":["actionType","comments","createdAt","nodeCount","source","sourceType","status","statusDesc"],"type":"object","properties":{"createdAt":{"type":"integer","format":"int64"},"nodeCount":{"type":"integer","format":"int64"},"source":{"type":"string"},"sourceType":{"type":"string"},"status":{"type":"string"},"statusDesc":{"type":"string"},"comments":{"type":"array","items":{"$ref":"#/components/schemas/CommentObject"}}}},"CommentObject":{"type":"object","properties":{"createdAt":{"type":"string"},"comment":{"type":"string"}}},"SpecificBulkActionLogDetail":{"required":["createdAt","nodeId","nodeName","status","statusDesc","updatedAt"],"type":"object","properties":{"nodeId":{"type":"integer","format":"int64"},"nodeName":{"type":"string"},"createdAt":{"type":"integer","format":"int64"},"updatedAt":{"type":"integer","format":"int64"},"status":{"type":"string"},"statusDesc":{"type":"string"}}}},"securitySchemes":{"Auth":{"type":"apiKey","name":"token","in":"cookie"}}}}