{"openapi":"3.0.0","info":{"title":"Bulk Actions Api for Device facing microservices","description":"Bulk Actions Rest Api","version":"1.0.0"},"servers":[{"url":"/<microservice_base_url>"}],"security":[{"Auth":[]}],"tags":[{"name":"Perform Bulk Actions","description":"Bulk Actions Rest interfaces exposed by action performing microservice"}],"paths":{"/actions":{"post":{"tags":["Perform Bulk Action"],"summary":"Perform bulk action on device(s)","description":"Perform bulk action on device(s)","operationId":"performAction","requestBody":{"$ref":"#/components/requestBodies/ActionRequest"},"responses":{"202":{"description":"Action request accepted - In progress"},"500":{"description":"Internal Server Error"},"401":{"description":"Unauthorized Access"}}}},"/actions/{bulk_action_id}":{"delete":{"tags":["Cancel bulk action"],"summary":"Suspend bulk action","description":"<b> If Supported by action performing ms </b> - <br> Suspend bulk action on all or applicable devices.<br> Since Action Service controls the schedule, it will suspend any future schedules and the action performing microservics will no longer be poked to perform the bulk action. <br><b> If NOT Supported by aciton performing ms - </b><br> The action performing microservice shall return Operation not Supported - 501 error response.","operationId":"cancelAction","parameters":[{"name":"bulk_action_id","in":"path","description":"action id of the action","required":true,"style":"simple","explode":false,"schema":{"type":"integer","format":"int64"}}],"responses":{"202":{"description":"Accepted"},"401":{"description":"Unauthorized Access"},"500":{"description":"Internal Server Error"},"501":{"description":"Operation not supported"}}}},"/actions/dynamic-ui":{"post":{"tags":["Get Dynamic Action UI"],"summary":"Get Dynamic Action UI metadata yaml","description":"Get the dynamic UI metadata yaml for action specific to node","operationId":"getDynamicActionUI","requestBody":{"$ref":"#/components/requestBodies/DynamicActionRequest"},"responses":{"200":{"description":"Successful","content":{"application/yaml":{"schema":{"type":"string"}}}},"500":{"description":"Internal Server Error"},"401":{"description":"Unauthorized Access"}}}},"/actions/dynamic-data":{"post":{"tags":["Get Dynamic Action Data"],"summary":"Get Dynamic Action Data for the yaml metadata","description":"Get the dynamic data corresponding to UI yaml metadata for action specific to node","operationId":"getDynamicActionData","requestBody":{"$ref":"#/components/requestBodies/DynamicActionRequest"},"responses":{"200":{"description":"Successful","content":{"application/json":{"schema":{"type":"array","items":{"$ref":"#/components/schemas/Card"}}}}},"500":{"description":"Internal Server Error"},"401":{"description":"Unauthorized Access"}}}},"/actions/operable-nodes":{"post":{"tags":["Get Operable / Non operable nodes"],"summary":"Get Operable / Non operable devices","description":"Get Operable / Non operable nodes","operationId":"getOperableNodes","requestBody":{"$ref":"#/components/requestBodies/ActionRequest"},"responses":{"200":{"description":"Successful","content":{"application/json":{"schema":{"type":"array","items":{"$ref":"#/components/schemas/NodeOperableStatus"}}}}},"500":{"description":"Internal Server Error"},"401":{"description":"Unauthorized Access"}}}}},"components":{"schemas":{"ActionRequest":{"required":["actionType","bulkActionId","nodes","source","sourceId","sourceType"],"type":"object","properties":{"actionType":{"type":"string","description":"Type of action - reboot, config, upgrade, etc."},"bulkActionId":{"type":"integer","description":"bulk action ID for this bulk action registered with Action Log microservice","format":"int64"},"sourceId":{"type":"integer","description":"ID of the source","format":"int64"},"source":{"type":"string","description":"Name of the particular source type, if any"},"sourceType":{"type":"string","description":"Generated by whom - user, job, device/system","enum":["User","Rule","Job","Policy","System"]},"nodes":{"type":"array","description":"List of device nodeIds","items":{"type":"integer","format":"int32"}},"notification":{"type":"boolean","description":"whether to send out a notification for action"},"actionData":{"type":"array","items":{"$ref":"#/components/schemas/ActionParameter"}},"comments":{"type":"array","items":{"$ref":"#/components/schemas/CommentObject"}}},"description":"Initiate Action Request object"},"CommentObject":{"type":"object","properties":{"createdAt":{"type":"integer","format":"int64"},"comment":{"type":"string"}}},"DynamicActionRequest":{"required":["actionType","nodes"],"type":"object","properties":{"actionType":{"type":"string","description":"Type of action - reboot, config, upgrade, etc."},"nodes":{"type":"array","description":"List of device nodeIds","items":{"type":"integer","format":"int32"}}},"description":"Request object for dynamicActionUI"},"ActionParameter":{"type":"object","properties":{"key":{"type":"string"},"value":{"type":"string"}},"description":"DTO to contain any metadata related to action"},"Error":{"required":["defaultMesage","errorCode","message"],"properties":{"defaultMesage":{"type":"string"},"errorCode":{"type":"string"},"message":{"type":"string"}}},"NodeOperableStatus":{"type":"object","properties":{"name":{"type":"string","description":"Node name"},"operableState":{"type":"boolean","description":"true if operable, false if non-operable"},"state":{"type":"integer","description":"0 if offline(down), 1 if online(up)","format":"int32"},"warning":{"type":"string","description":"warning message for node action, if any"},"address":{"type":"string","description":"IP address of the device"},"firmware":{"type":"string","description":"Firmware version of the device"},"reason":{"type":"string","description":"reason why device is non-operable. Null otherwise."}},"description":"Node detail along with its operable status"},"Card":{"required":["cardType","data","title","type"],"type":"object","properties":{"cardType":{"type":"string","default":"attributeList"},"title":{"type":"string","description":"title of the Card/FieldGroup","example":"Configure Network"},"type":{"type":"string","description":"type of Card","example":"rbn-input"},"data":{"type":"array","items":{"$ref":"#/components/schemas/CardData"}}},"description":"Card consisting of FieldGroup data"},"CardData":{"required":["key","label","value"],"type":"object","properties":{"label":{"type":"string","description":"label of the Card FieldGroup","example":"Mac Address"},"key":{"type":"string","description":"UI key of the Card FieldGroup added to the /dynamicUI YAML response","example":"macAddress"},"value":{"type":"string","description":"value of this field","example":"b2:34:73:1e:a8:cc:bb:aa"}},"description":"Data within the CardData"}},"requestBodies":{"ActionRequest":{"description":"Bulk Action Request","content":{"application/json":{"schema":{"$ref":"#/components/schemas/ActionRequest"}}}},"DynamicActionRequest":{"description":"Dyanamic Action UI Request object","content":{"application/json":{"schema":{"$ref":"#/components/schemas/DynamicActionRequest"}}}}},"securitySchemes":{"Auth":{"type":"apiKey","name":"token","in":"cookie"}}}}