{"openapi":"3.0.0","info":{"title":"Simple API","description":"A simple API to illustrate OpenAPI concepts","version":"1.0.03"},"servers":[{"url":"https://example.io/v1"}],"security":[{"BasicAuth":[]}],"paths":{"/artists":{"get":{"description":"Returns a list of artists","responses":{"200":{"description":"Successfully returned a list of artists","content":{"application/json":{"schema":{"type":"array","items":{"required":["username"],"type":"object","properties":{"artist_name":{"type":"string"},"artist_genre":{"type":"string"},"albums_recorded":{"type":"integer"},"username":{"type":"string"}}}}}}},"400":{"description":"Invalid request","content":{"application/json":{"schema":{"type":"object","properties":{"message":{"type":"string"}}}}}}}}}},"components":{"securitySchemes":{"BasicAuth":{"type":"http","scheme":"basic"}}}}