{"openapi":"3.0.0","info":{"title":"ADAS - A2B - Pharmacy - Services","description":"Universelle Standardschnittstelle zur Anbindung eines externen Apothekenverzeichnis an die Warenwirtschaftssysteme (WaWi) deutscher Apotheken","contact":{"name":"ADAS A2B Pharmacy Service","url":"https://a2b.adas.de","email":"a2b@adas.de"},"version":"1.0.0"},"servers":[{"url":"https://virtserver.swaggerhub.com/ADAS-A2B-Services/adas-a2b-pharmacy/1.0.0","description":"SwaggerHub API Auto Mocking"},{"url":"https://portal.adas.de/a2bservice/1.0.0","description":"ADAS-A2B-API Referenzsystem","variables":{"ADAS_Common":{"default":"https://api.swaggerhub.com/apis/ADAS-A2B-Services/adas-a2b-common/1.0.0","enum":["https://api.swaggerhub.com/apis/ADAS-A2B-Services/adas-a2b-common/1.0.0"]}}}],"security":[{"NGDA_OAuth2":["urn-ngda-services-crs"]},{"NGDA_OpenID":["urn-ngda-services-crs"]}],"tags":[{"name":"pharmacy","description":"Pharmacy-Schnittstelle"}],"paths":{"/pharmacy/":{"get":{"tags":["pharmacy"],"summary":"Apotheke ruft eine Liste von Apotheke ab","description":"Ermöglicht eine Abfrage einer Liste der angeschlossenen Apotheken anhand der n_id","operationId":"get_pharmacy_list","parameters":[{"name":"identifier_type","in":"query","description":"Ist die von der NGDA im Rahmen von N-Ident vergebene Identfikationsnummer einer Apotheke {n_id} und dient der eindeutigen Identifizierung einer Betriebsstätte. Eine Mehrfachvergabe ist hier nicht vorgesehen.","required":false,"style":"form","explode":true,"schema":{"$ref":"#/components/schemas/PharmacyIdentifierType"}},{"name":"identifier","in":"query","description":"Ist die von der NGDA im Rahmen von N-Ident vergebene Identfikationsnummer einer Apotheke {n_id} und dient der eindeutigen Identifizierung einer Betriebsstätte. Eine Mehrfachvergabe ist hier nicht vorgesehen.","required":false,"style":"form","explode":true,"schema":{"pattern":"^APO\\d{7}$","type":"string"},"example":"APO1234567"}],"responses":{"200":{"description":"Die Antwort auf eine Apothekenanfrage als Liste","content":{"application/json":{"schema":{"allOf":[{"$ref":"#/components/schemas/ResponseServerMetaDTO"},{"$ref":"#/components/schemas/PharmacyListResponseDataDTO"}]}}}},"400":{"description":"Antwort wenn die gewünschte Konfiguration als fehlerhaft abgewiesen wird. Inklusive des ersten aufgetretenen Fehlers.","content":{"application/json":{"schema":{"allOf":[{"$ref":"#/components/schemas/ResponseServerMetaDTO"},{"$ref":"#/components/schemas/ErrorDescription"}]}}}},"401":{"description":"ungültige Authorisierung","content":{"application/json":{"schema":{"$ref":"#/components/schemas/OAuthErrorResponse"}}}},"500":{"description":"Interner Server Fehler"},"504":{"description":"Gateway Timeout"}}}},"/pharmacy/{pha_soid}":{"get":{"tags":["pharmacy"],"summary":"Apotheke ruft die Detailinformationen einer Apotheke ab","description":"Ermöglicht eine Abfrage der Detailinformationen einer Apotheken anhand der Objekt-ID der Apotheke (pha_soid)","operationId":"get_pharmacy","parameters":[{"name":"pha_soid","in":"path","description":"Global eindeutige Object-ID der Apotheke {soid} über alle Instanzen des Servers hinweg.","required":true,"style":"simple","explode":false,"schema":{"maxLength":80,"minLength":1,"type":"string"},"example":123},{"name":"include","in":"query","description":"Parameter zur Steuerung, welche zu den Stammdaten zusätzlich (includierten) Detailinformationen mit abgerufen werden.","required":false,"style":"form","explode":true,"schema":{"type":"string","enum":["ALL","IDENTIFIER","KEYS"]},"example":"ALL"}],"responses":{"200":{"description":"Die Antwort auf eine Apothekenanfrage mit ihren Detailsinformationen","content":{"application/json":{"schema":{"allOf":[{"$ref":"#/components/schemas/ResponseServerMetaDTO"},{"$ref":"#/components/schemas/PharmacyResponseDataDTO"}]}}}},"400":{"description":"Antwort wenn die gewünschte Konfiguration als fehlerhaft abgewiesen wird. Inklusive des ersten aufgetretenen Fehlers.","content":{"application/json":{"schema":{"allOf":[{"$ref":"#/components/schemas/ResponseServerMetaDTO"},{"$ref":"#/components/schemas/ErrorDescription"}]}}}},"401":{"description":"ungültige Authorisierung","content":{"application/json":{"schema":{"$ref":"#/components/schemas/OAuthErrorResponse"}}}},"500":{"description":"Interner Server Fehler"},"504":{"description":"Gateway Timeout"}}}},"/pharmacy/{pha_soid}/identifier":{"get":{"tags":["pharmacy"],"summary":"Apotheke ermittelt die hinterlegten Endpunkte (URL's) zur Zuweisung von eRezepten in der Gematik-App","description":"Anhand der abgerufenen URL's, werden in der Gematik-App eRezept-Token direkt einer Apotheke zur Belieferung übermittelt. In Abhängigkeit der Belieferungsart (Abholer, Botendienst und Versand), sind unterschiedliche Endpunkte (URL's) konfiguriert.","operationId":"get_pharmacy_identifier","parameters":[{"name":"pha_soid","in":"path","description":"Global eindeutige Object-ID der Apotheke {soid} über alle Instanzen des Servers hinweg.","required":true,"style":"simple","explode":false,"schema":{"maxLength":80,"minLength":1,"type":"string"},"example":123}],"responses":{"200":{"description":"Die Antwort auf eine Konfigurationsabfrage der Endpunkte","content":{"application/json":{"schema":{"allOf":[{"$ref":"#/components/schemas/ResponseServerMetaDTO"},{"$ref":"#/components/schemas/PharmacyIdentifierGetResponseDataDTO"}]}}}},"400":{"description":"Antwort wenn die gewünschte Konfiguration der Endpunkte (URL's) der Zuweisung von eRezepten als fehlerhaft abgewiesen wird. Inklusive des ersten aufgetretenen Fehlers.","content":{"application/json":{"schema":{"allOf":[{"$ref":"#/components/schemas/ResponseServerMetaDTO"},{"$ref":"#/components/schemas/ErrorDescription"}]}}}},"401":{"description":"ungültige Authorisierung","content":{"application/json":{"schema":{"$ref":"#/components/schemas/OAuthErrorResponse"}}}},"500":{"description":"Interner Server Fehler"},"504":{"description":"Gateway Timeout"}}},"post":{"tags":["pharmacy"],"summary":"Apotheke übermittelt verschiedene ID's die der jeweiligen Apotheke zugeordnet sind.","description":"Anhand der übermittelten ID's können Apotheken referenziert werden. BGA-Nr IDF-Nr Telematik-ID","operationId":"post_pharmacy_identifier","parameters":[{"name":"pha_soid","in":"path","description":"Global eindeutige Object-ID der Apotheke {soid} über alle Instanzen des Servers hinweg.","required":true,"style":"simple","explode":false,"schema":{"maxLength":80,"minLength":1,"type":"string"},"example":123}],"requestBody":{"$ref":"#/components/requestBodies/PharmacyIdentifierRequestBody"},"responses":{"200":{"description":"Die Antwort auf eine Konfigurationsabfrage der Endpunkte","content":{"application/json":{"schema":{"allOf":[{"$ref":"#/components/schemas/ResponseClientMetaDTO"},{"$ref":"#/components/schemas/ResponseServerMetaDTO"},{"$ref":"#/components/schemas/PharmacyIdentifierPostResponseDataDTO"}]}}}},"400":{"description":"Antwort wenn die gewünschte Konfiguration der Endpunkte (URL's) der Zuweisung von eRezepten als fehlerhaft abgewiesen wird. Inklusive des ersten aufgetretenen Fehlers.","content":{"application/json":{"schema":{"allOf":[{"$ref":"#/components/schemas/ResponseServerMetaDTO"},{"$ref":"#/components/schemas/ErrorDescription"}]}}}},"401":{"description":"ungültige Authorisierung","content":{"application/json":{"schema":{"$ref":"#/components/schemas/OAuthErrorResponse"}}}},"500":{"description":"Interner Server Fehler"},"504":{"description":"Gateway Timeout"}}}},"/pharmacy/{pha_soid}/keys":{"get":{"tags":["pharmacy"],"summary":"Apotheke ermittelt die hinterlegten Endpunkte (URL's) zur Zuweisung von eRezepten in der Gematik-App","description":"Anhand der abgerufenen URL's, werden in der Gematik-App eRezept-Token direkt einer Apotheke zur Belieferung übermittelt. In Abhängigkeit der Belieferungsart (Abholer, Botendienst und Versand), sind unterschiedliche Endpunkte (URL's) konfiguriert.","operationId":"get_pharmacy_keys","parameters":[{"name":"pha_soid","in":"path","description":"Global eindeutige Object-ID der Apotheke {soid} über alle Instanzen des Servers hinweg.","required":true,"style":"simple","explode":false,"schema":{"maxLength":80,"minLength":1,"type":"string"},"example":123}],"responses":{"200":{"description":"Die Antwort auf eine Konfigurationsabfrage der Endpunkte","content":{"application/json":{"schema":{"allOf":[{"$ref":"#/components/schemas/ResponseServerMetaDTO"},{"$ref":"#/components/schemas/PharmacyKeysGetResponseDataDTO"}]}}}},"400":{"description":"Antwort wenn die gewünschte Konfiguration der Endpunkte (URL's) der Zuweisung von eRezepten als fehlerhaft abgewiesen wird. Inklusive des ersten aufgetretenen Fehlers.","content":{"application/json":{"schema":{"allOf":[{"$ref":"#/components/schemas/ResponseServerMetaDTO"},{"$ref":"#/components/schemas/ErrorDescription"}]}}}},"401":{"description":"ungültige Authorisierung","content":{"application/json":{"schema":{"$ref":"#/components/schemas/OAuthErrorResponse"}}}},"500":{"description":"Interner Server Fehler"},"504":{"description":"Gateway Timeout"}}},"post":{"tags":["pharmacy"],"summary":"Apotheke übermittelt verschiedene ID's die der jeweiligen Apotheke zugeordnet sind.","description":"Anhand der übermittelten ID's können Apotheken referenziert werden. BGA-Nr IDF-Nr Telematik-ID","operationId":"post_pharmacy_keys","parameters":[{"name":"pha_soid","in":"path","description":"Global eindeutige Object-ID der Apotheke {soid} über alle Instanzen des Servers hinweg.","required":true,"style":"simple","explode":false,"schema":{"maxLength":80,"minLength":1,"type":"string"},"example":123}],"requestBody":{"$ref":"#/components/requestBodies/PharmacyKeysRequestBody"},"responses":{"200":{"description":"Die Antwort auf eine Konfigurationsabfrage der Endpunkte","content":{"application/json":{"schema":{"allOf":[{"$ref":"#/components/schemas/ResponseClientMetaDTO"},{"$ref":"#/components/schemas/ResponseServerMetaDTO"},{"$ref":"#/components/schemas/PharmacyKeysPostResponseDataDTO"}]}}}},"400":{"description":"Antwort wenn die gewünschte Konfiguration der Endpunkte (URL's) der Zuweisung von eRezepten als fehlerhaft abgewiesen wird. Inklusive des ersten aufgetretenen Fehlers.","content":{"application/json":{"schema":{"allOf":[{"$ref":"#/components/schemas/ResponseServerMetaDTO"},{"$ref":"#/components/schemas/ErrorDescription"}]}}}},"401":{"description":"ungültige Authorisierung","content":{"application/json":{"schema":{"$ref":"#/components/schemas/OAuthErrorResponse"}}}},"500":{"description":"Interner Server Fehler"},"504":{"description":"Gateway Timeout"}}}}},"components":{"schemas":{"OAuthErrorResponse":{"title":"OAuthErrorResponse","type":"object","properties":{"code":{"type":"integer","description":"Code","format":"int32"},"message":{"type":"string","description":"Message"}}},"ServerObjectDTO":{"required":["soid"],"type":"object","properties":{"soid":{"maxLength":80,"minLength":1,"type":"string","description":"Global eindeutige ID des Objektes über alle Instanzen des Servers hinweg.","example":"abcdef1234567890"}}},"ClientObjectDTO":{"required":["coid"],"type":"object","properties":{"coid":{"maxLength":80,"minLength":1,"type":"string","description":"Auf dem Clientsystem eindeutige ID des Objektes {coid]. Identifiziert über die {client_id}. Wird serverseitig pro {client_id} persisitiert.","example":"1234567890abcdef"}}},"ServerDTO":{"required":["server_id"],"type":"object","properties":{"server_id":{"maxLength":80,"minLength":1,"type":"string","description":"ID des aufgerufenen System","example":"SRV1234567"},"server_name":{"maxLength":80,"minLength":1,"type":"string","description":"freie Angaben des aufgerufenen System","example":"A2B-Gateway der Firma XYZ"},"server_version":{"maxLength":40,"minLength":1,"type":"string","description":"freie Angabe der Version des aufgerufenen Systems","example":"1.1.0"}}},"ClientDTO":{"required":["client_id","client_system_name"],"type":"object","properties":{"client_id":{"maxLength":80,"minLength":1,"type":"string","description":"ID des aufrufenden System; Bei einem Service der NGDA entspricht die {client_id} der n_id der NGDA {n_id} oder in weiteren Skopes der {client_id} der Auhorisierung","example":"APO1234567"},"client_system_name":{"maxLength":80,"minLength":1,"type":"string","description":"Vom Software-Haus definierter Name des aufrufenden Systems. Dieses Feld muss zu Identifikationszwecken für das System stabil bleiben. [möglicher Anwendungszweck ist Abrechnung]","example":"System ABC der Firma XYZ"},"client_system_version":{"maxLength":40,"minLength":1,"type":"string","description":"freie Angabe der Version des aufrufenden Systems","example":"1.1.0"}}},"UserDTO":{"required":["user_id"],"type":"object","properties":{"user_id":{"maxLength":80,"minLength":1,"type":"string","description":"Benutzerkennung des aufrufenden System; standardmäßig entspricht die {user_id} der Benutzerkennung {user_id} der Authorisierung","example":"PM"},"user_name":{"maxLength":80,"minLength":1,"type":"string","description":"Name des aufrufenden Benutzers","example":"Peter Mustermann"},"user_status":{"type":"string","description":"Status (Beruf) des Nutzers zu Dokumentationszwecken","example":"pharmacist","enum":["student","phip","pharmacist","pta","pharmacyengineer","pharmacyassistant"]}}},"ServerTransDTO":{"required":["stid"],"type":"object","properties":{"stid":{"pattern":"^[{]?[0-9a-fA-F]{8}-([0-9a-fA-F]{4}-){3}[0-9a-fA-F]{12}[}]?$","type":"string","description":"GUID zur Identifikation einer Transaktion auf Serverseite (Ist für den technischen Support relevant) Eindeutige GUID innerhalb des Server","format":"guid","example":"123e4567-e89b-12d3-a456-9AC7CBDCEE52"}}},"ClientTransDTO":{"required":["ctid"],"type":"object","properties":{"ctid":{"pattern":"^[{]?[0-9a-fA-F]{8}-([0-9a-fA-F]{4}-){3}[0-9a-fA-F]{12}[}]?$","type":"string","description":"GUID Identifikation einer Transaktion auf Clientseite (Nach einem Timeout, kann die Transaktion mit dieser ID wiederholt werden) Eindeutige GUID innerhalb des aktuellen Client {clien_id}","format":"guid","example":"753d4e7f-a12b-89a4-f123-B25a45c78d9f"}}},"ResDTO":{"required":["val_date"],"type":"object","properties":{"val_date":{"type":"string","description":"Zeitpunkt der letzten Bearbeitung","format":"date-time","example":"2017-07-21T17:32:28Z"}}},"RequestMetaDTO":{"required":["meta"],"type":"object","properties":{"meta":{"type":"object","allOf":[{"$ref":"#/components/schemas/ClientDTO"},{"$ref":"#/components/schemas/UserDTO"},{"$ref":"#/components/schemas/ClientTransDTO"}]}},"description":"Allgemeine Metadaten einer Anfrage an den A2B-Service"},"ResponseClientMetaDTO":{"required":["meta"],"type":"object","properties":{"meta":{"type":"object","allOf":[{"$ref":"#/components/schemas/ClientDTO"},{"$ref":"#/components/schemas/UserDTO"},{"$ref":"#/components/schemas/ClientTransDTO"}]}},"description":"Allgemeine Metadaten der Antwort eine Anfrage an den A2B-Service. zusätzlich zu den bereits in der Anftrage angegebenen Metatdaten, enthält die Antwort weitere Informationen des Servers (Transakionsnummer des Servers, Datum letzte Änderung, )"},"ResponseServerMetaDTO":{"required":["meta"],"type":"object","properties":{"meta":{"type":"object","allOf":[{"$ref":"#/components/schemas/ServerDTO"},{"$ref":"#/components/schemas/ServerTransDTO"},{"$ref":"#/components/schemas/ResDTO"}]}},"description":"Allgemeine Metadaten der Antwort eine Anfrage an den A2B-Service. zusätzlich zu den bereits in der Anftrage anggebenen Metatdaten, enthält die Antwort weitere Informationen des Servers (Transakionsnummer des Servers, Datum letzte Änderung, )"},"PharmacyIdentifierRequestDataDTO":{"required":["data"],"type":"object","properties":{"data":{"type":"array","items":{"allOf":[{"$ref":"#/components/schemas/ClientObjectDTO"},{"$ref":"#/components/schemas/PharmacyIdentifierDTO"}]}}}},"PharmacyKeysRequestDataDTO":{"required":["data"],"type":"object","properties":{"data":{"type":"array","items":{"allOf":[{"$ref":"#/components/schemas/ClientObjectDTO"},{"$ref":"#/components/schemas/PharmacyKeysDTO"}]}}}},"PharmacyListResponseDataDTO":{"required":["data"],"type":"object","properties":{"data":{"type":"array","items":{"allOf":[{"$ref":"#/components/schemas/ServerObjectDTO"},{"$ref":"#/components/schemas/PharmacyDTO"}]}}}},"PharmacyResponseDataDTO":{"required":["data"],"type":"object","properties":{"data":{"type":"object","properties":{"identifier":{"type":"array","items":{"allOf":[{"$ref":"#/components/schemas/ServerObjectDTO"},{"$ref":"#/components/schemas/PharmacyIdentifierDTO"}]}},"keys":{"type":"array","items":{"allOf":[{"$ref":"#/components/schemas/ServerObjectDTO"},{"$ref":"#/components/schemas/PharmacyKeysDTO"}]}}},"allOf":[{"$ref":"#/components/schemas/ServerObjectDTO"},{"$ref":"#/components/schemas/PharmacyDTO"}]}}},"PharmacyIdentifierPostResponseDataDTO":{"required":["data"],"type":"object","properties":{"data":{"type":"array","items":{"allOf":[{"$ref":"#/components/schemas/ClientObjectDTO"},{"$ref":"#/components/schemas/ServerObjectDTO"},{"$ref":"#/components/schemas/PharmacyIdentifierDTO"}]}}}},"PharmacyIdentifierGetResponseDataDTO":{"required":["data"],"type":"object","properties":{"data":{"type":"array","items":{"allOf":[{"$ref":"#/components/schemas/ServerObjectDTO"},{"$ref":"#/components/schemas/PharmacyIdentifierDTO"}]}}}},"PharmacyKeysPostResponseDataDTO":{"required":["data"],"type":"object","properties":{"data":{"type":"array","items":{"allOf":[{"$ref":"#/components/schemas/ClientObjectDTO"},{"$ref":"#/components/schemas/ServerObjectDTO"},{"$ref":"#/components/schemas/PharmacyKeysDTO"}]}}}},"PharmacyKeysGetResponseDataDTO":{"required":["data"],"type":"object","properties":{"data":{"type":"array","items":{"allOf":[{"$ref":"#/components/schemas/ServerObjectDTO"},{"$ref":"#/components/schemas/PharmacyKeysDTO"}]}}}},"PharmacyDTO":{"required":["type"],"type":"object","properties":{"type":{"pattern":"^PHA$","type":"string","description":"Objecttyp PHA für Apotheke","example":"PHA"},"name":{"type":"string","description":"Name der Apotheke","example":"Hauptstadt-Apotheke, Berlin"}}},"PharmacyIdentifierType":{"type":"string","description":"Objecttyp für Pharmacy Identifier","enum":["NID","BGA","IK","TID"]},"PharmacyIdentifierDTO":{"required":["type","value"],"type":"object","properties":{"type":{"$ref":"#/components/schemas/PharmacyIdentifierType"},"value":{"type":"string","description":"String"}},"description":"pk2c7-signierte Angaben zu Webserviceentpunkte zur Übergabe von eRezept-Token. hierbei sind drei unterschiedliche Endpunkte vorgesehen (Abholer, Bote, Versand)"},"PharmacyKeysType":{"type":"string","description":"Objecttyp für Pharmacy Keys","enum":["SMCBPUBLIC"]},"PharmacyKeysDTO":{"required":["type","value"],"type":"object","properties":{"type":{"$ref":"#/components/schemas/PharmacyKeysType"},"value":{"type":"string","description":"String"}},"description":"pk2c7-signierte Angaben zu Webserviceentpunkte zur Übergabe von eRezept-Token. hierbei sind drei unterschiedliche Endpunkte vorgesehen (Abholer, Bote, Versand)"},"ErrorDescription":{"required":["detailed_error_description"],"type":"object","properties":{"detailed_error_description":{"type":"string","description":"Beschreibung des des Fehlers in deutsch.","example":"Es wurden keine gültigen URL's übergeben."}}}},"responses":{"200":{"description":"Erfolgreich"},"201":{"description":"Konfigruation veraltet. Anfrage Erfolgreich bearbeitet."},"400":{"description":"ungültige Parameter"},"401":{"description":"ungültige Authorisierung","content":{"application/json":{"schema":{"$ref":"#/components/schemas/OAuthErrorResponse"}}}},"403":{"description":"Zugriff nicht erlaubt"},"404":{"description":"kein Object (Apotheke, Article, Order etc.) gefunden"},"500":{"description":"Interner Server Fehler"},"504":{"description":"Gateway Timeout"},"PharmacyListGetResponse":{"description":"Die Antwort auf eine Apothekenanfrage als Liste","content":{"application/json":{"schema":{"allOf":[{"$ref":"#/components/schemas/ResponseServerMetaDTO"},{"$ref":"#/components/schemas/PharmacyListResponseDataDTO"}]}}}},"PharmacyGetResponse":{"description":"Die Antwort auf eine Apothekenanfrage mit ihren Detailsinformationen","content":{"application/json":{"schema":{"allOf":[{"$ref":"#/components/schemas/ResponseServerMetaDTO"},{"$ref":"#/components/schemas/PharmacyResponseDataDTO"}]}}}},"PharmacyIdentifierPostResponse":{"description":"Die Antwort auf eine Konfigurationsabfrage der Endpunkte","content":{"application/json":{"schema":{"allOf":[{"$ref":"#/components/schemas/ResponseClientMetaDTO"},{"$ref":"#/components/schemas/ResponseServerMetaDTO"},{"$ref":"#/components/schemas/PharmacyIdentifierPostResponseDataDTO"}]}}}},"PharmacyIdentifierGetResponse":{"description":"Die Antwort auf eine Konfigurationsabfrage der Endpunkte","content":{"application/json":{"schema":{"allOf":[{"$ref":"#/components/schemas/ResponseServerMetaDTO"},{"$ref":"#/components/schemas/PharmacyIdentifierGetResponseDataDTO"}]}}}},"PharmacyKeysPostResponse":{"description":"Die Antwort auf eine Konfigurationsabfrage der Endpunkte","content":{"application/json":{"schema":{"allOf":[{"$ref":"#/components/schemas/ResponseClientMetaDTO"},{"$ref":"#/components/schemas/ResponseServerMetaDTO"},{"$ref":"#/components/schemas/PharmacyKeysPostResponseDataDTO"}]}}}},"PharmacyKeysGetResponse":{"description":"Die Antwort auf eine Konfigurationsabfrage der Endpunkte","content":{"application/json":{"schema":{"allOf":[{"$ref":"#/components/schemas/ResponseServerMetaDTO"},{"$ref":"#/components/schemas/PharmacyKeysGetResponseDataDTO"}]}}}},"PharmacyErrorResponse":{"description":"Antwort wenn die gewünschte Konfiguration als fehlerhaft abgewiesen wird. Inklusive des ersten aufgetretenen Fehlers.","content":{"application/json":{"schema":{"allOf":[{"$ref":"#/components/schemas/ResponseServerMetaDTO"},{"$ref":"#/components/schemas/ErrorDescription"}]}}}},"PharmacyIdentifierErrorResponse":{"description":"Antwort wenn die gewünschte Konfiguration der Endpunkte (URL's) der Zuweisung von eRezepten als fehlerhaft abgewiesen wird. Inklusive des ersten aufgetretenen Fehlers.","content":{"application/json":{"schema":{"allOf":[{"$ref":"#/components/schemas/ResponseServerMetaDTO"},{"$ref":"#/components/schemas/ErrorDescription"}]}}}},"PharmacyKeysErrorResponse":{"description":"Antwort wenn die gewünschte Konfiguration der Endpunkte (URL's) der Zuweisung von eRezepten als fehlerhaft abgewiesen wird. Inklusive des ersten aufgetretenen Fehlers.","content":{"application/json":{"schema":{"allOf":[{"$ref":"#/components/schemas/ResponseServerMetaDTO"},{"$ref":"#/components/schemas/ErrorDescription"}]}}}}},"requestBodies":{"PharmacyIdentifierRequestBody":{"description":"Informationen die zur Configuration von Endpunkten (URL's) zur Zuweisung von eRezepten in der Apotheken benötigt werden.","content":{"application/json":{"schema":{"allOf":[{"$ref":"#/components/schemas/RequestMetaDTO"},{"$ref":"#/components/schemas/PharmacyIdentifierRequestDataDTO"}]}}},"required":true},"PharmacyKeysRequestBody":{"description":"Informationen die zur Configuration von Endpunkten (URL's) zur Zuweisung von eRezepten in der Apotheken benötigt werden.","content":{"application/json":{"schema":{"allOf":[{"$ref":"#/components/schemas/RequestMetaDTO"},{"$ref":"#/components/schemas/PharmacyKeysRequestDataDTO"}]}}},"required":true}},"securitySchemes":{"NGDA_OAuth2":{"type":"oauth2","flows":{"authorizationCode":{"authorizationUrl":"https://oc-int-auth.ngdalabor.de/auth/realms/entity/protocol/openid-connect/auth","tokenUrl":"https://oc-int-auth.ngdalabor.de/auth/realms/entity/protocol/openid-connect/token","scopes":{"urn-ngda-services-crs":"Erlaubt Zugriff auf Couponing Relay Server (notwendig, um unbefugte Zugriffe ohne Agreement mit Couponing Anbieter zu unterbinden)"}}}},"NGDA_OpenID":{"type":"openIdConnect","openIdConnectUrl":"https://oc-int-auth.ngdalabor.de/auth/realms/entity/.well-known/openid-configuration"}}}}