{"openapi":"3.0.0","info":{"title":"ADAS - A2B - eRezept - erweiterte - Services","description":"Universelle Standardschnittstelle zur Anbindung eines externen Apothekenverzeichnis an die Warenwirtschaftssysteme (WaWi) deutscher Apotheken","contact":{"name":"ADAS A2B eRezept Service","url":"https://a2b.adas.de","email":"a2b@adas.de"},"version":"1.0.0"},"servers":[{"url":"https://virtserver.swaggerhub.com/ADAS-A2B-Services/adas-a2b-erezept-extended/1.0.0","description":"SwaggerHub API Auto Mocking"},{"url":"https://portal.adas.de/a2bservice/1.0.0","description":"SwaggerHub API Auto Mocking"}],"security":[{"NGDA_OAuth2":["urn-ngda-services-crs"]},{"NGDA_OpenID":["urn-ngda-services-crs"]}],"tags":[{"name":"configuration","description":"eRezept-Schnittstelle"},{"name":"uebergeben","description":"eRezept-Schnittstelle"},{"name":"abrufen","description":"eRezept-Schnittstelle#"},{"name":"empfaenger","description":"eRezept-Schnittstelle"}],"paths":{"/pharmacy/{pha_soid}/configuration/erx2url":{"get":{"tags":["configuration"],"summary":"Apotheke ermittelt die hinterlegten Endpunkte (URL's) zur Zuweisung von eRezepten in der Gematik-App","description":"Anhand der abgerufenen URL's, werden in der Gematik-App eRezept-Token direkt einer Apotheke zur Belieferung übermittelt. In Abhängigkeit der Belieferungsart (Abholer, Botendienst und Versand), sind unterschiedliche Endpunkte (URL's) konfiguriert.","operationId":"get_pharmacy_configuration_erx2url","parameters":[{"name":"pha_soid","in":"path","description":"Global eindeutige Object-ID der Apotheke {soid} über alle Instanzen des Servers hinweg.","required":true,"style":"simple","explode":false,"schema":{"maxLength":80,"minLength":1,"type":"string"},"example":123}],"responses":{"200":{"description":"Die Antwort auf eine Konfigurationsabfrage der Endpunkte","content":{"application/json":{"schema":{"allOf":[{"$ref":"#/components/schemas/ResponseServerMetaDTO"},{"$ref":"#/components/schemas/PharmacyConfigurationeRx2UrlGetResponseDataDTO"}]}}}},"400":{"description":"Antwort wenn die gewünschte Konfiguration der Endpunkte (URL's) der Zuweisung von eRezepten als fehlerhaft abgewiesen wird. Inklusive des ersten aufgetretenen Fehlers.","content":{"application/json":{"schema":{"allOf":[{"$ref":"#/components/schemas/ResponseServerMetaDTO"},{"$ref":"#/components/schemas/ErrorDescription"}]}}}},"401":{"description":"ungültige Authorisierung","content":{"application/json":{"schema":{"$ref":"#/components/schemas/OAuthErrorResponse"}}}},"500":{"description":"Interner Server Fehler"},"504":{"description":"Gateway Timeout"}}},"post":{"tags":["configuration"],"summary":"Apotheke übermittelt die Angaben zu Endpunkten (URL's) zur Zuweisung eines eRezept durch die Gematik-App","description":"Anhand der übermittelten URL's, werden in der Gematik-App eRezept-Token direkt einer Apotheke zur Belieferung übermittelt. In Abhängigkeit der Belieferungsart (Abholer, Botendienst und Versand), sind unterschiedliche Endpunkte (URL's) konfiguriert.","operationId":"post_pharmacy_configuration_erx2url","parameters":[{"name":"pha_soid","in":"path","description":"Global eindeutige Object-ID der Apotheke {soid} über alle Instanzen des Servers hinweg.","required":true,"style":"simple","explode":false,"schema":{"maxLength":80,"minLength":1,"type":"string"},"example":123}],"requestBody":{"$ref":"#/components/requestBodies/PharmacyConfigurationeRx2UrlRequestBody"},"responses":{"200":{"description":"Die Antwort auf eine Konfigurationsabfrage der Endpunkte","content":{"application/json":{"schema":{"allOf":[{"$ref":"#/components/schemas/ResponseClientMetaDTO"},{"$ref":"#/components/schemas/ResponseServerMetaDTO"},{"$ref":"#/components/schemas/PharmacyConfigurationeRx2UrlPostResponseDataDTO"}]}}}},"400":{"description":"Antwort wenn die gewünschte Konfiguration der Endpunkte (URL's) der Zuweisung von eRezepten als fehlerhaft abgewiesen wird. Inklusive des ersten aufgetretenen Fehlers.","content":{"application/json":{"schema":{"allOf":[{"$ref":"#/components/schemas/ResponseServerMetaDTO"},{"$ref":"#/components/schemas/ErrorDescription"}]}}}},"401":{"description":"ungültige Authorisierung","content":{"application/json":{"schema":{"$ref":"#/components/schemas/OAuthErrorResponse"}}}},"500":{"description":"Interner Server Fehler"},"504":{"description":"Gateway Timeout"}}}},"/pharmacy/{pha_soid}/erxtoken":{"get":{"tags":["abrufen"],"summary":"Apotheke übermittelt die Angaben zu Endpunkten (URL's) zur Zuweisung eines eRezept durch die Gematik-App","description":"Anhand der übermittelten URL's, werden in der Gematik-App eRezept-Token direkt einer Apotheke zur Belieferung übermittelt. In Abhängigkeit der Belieferungsart (Abholer, Botendienst und Versand), sind unterschiedliche Endpunkte (URL's) konfiguriert.","operationId":"get_list_pharmacy_erxtoken","parameters":[{"name":"pha_soid","in":"path","description":"Global eindeutige Object-ID der Apotheke {soid} über alle Instanzen des Servers hinweg.","required":true,"style":"simple","explode":false,"schema":{"maxLength":80,"minLength":1,"type":"string"},"example":123},{"name":"ab_uebergabe_datum","in":"query","description":"Abruf ab einem bestimmten Uebergabedatum","required":false,"style":"form","explode":true,"schema":{"type":"string","format":"date"},"example":123}],"responses":{"200":{"description":"Die Antwort auf eine Konfigurationsabfrage der Endpunkte","content":{"application/json":{"schema":{"allOf":[{"$ref":"#/components/schemas/ResponseServerMetaDTO"},{"$ref":"#/components/schemas/PharmacyeRxTokenListGetResponseDataDTO"}]}}}},"400":{"description":"Antwort wenn die gewünschte Konfiguration der Endpunkte (URL's) der Zuweisung von eRezepten als fehlerhaft abgewiesen wird. Inklusive des ersten aufgetretenen Fehlers.","content":{"application/json":{"schema":{"allOf":[{"$ref":"#/components/schemas/ResponseServerMetaDTO"},{"$ref":"#/components/schemas/ErrorDescription"}]}}}},"401":{"description":"ungültige Authorisierung","content":{"application/json":{"schema":{"$ref":"#/components/schemas/OAuthErrorResponse"}}}},"500":{"description":"Interner Server Fehler"},"504":{"description":"Gateway Timeout"}}},"post":{"tags":["uebergeben"],"summary":"Apotheke übermittelt die Angaben zu Endpunkten (URL's) zur Zuweisung eines eRezept durch die Gematik-App","description":"Anhand der übermittelten URL's, werden in der Gematik-App eRezept-Token direkt einer Apotheke zur Belieferung übermittelt. In Abhängigkeit der Belieferungsart (Abholer, Botendienst und Versand), sind unterschiedliche Endpunkte (URL's) konfiguriert.","operationId":"post_pharmacy_erxtoken","parameters":[{"name":"pha_soid","in":"path","description":"Global eindeutige Object-ID der Apotheke {soid} über alle Instanzen des Servers hinweg.","required":true,"style":"simple","explode":false,"schema":{"maxLength":80,"minLength":1,"type":"string"},"example":123}],"requestBody":{"$ref":"#/components/requestBodies/PharmacyeRxTokenRequestBody"},"responses":{"200":{"description":"Die Antwort auf eine Konfigurationsabfrage der Endpunkte","content":{"application/json":{"schema":{"allOf":[{"$ref":"#/components/schemas/ResponseClientMetaDTO"},{"$ref":"#/components/schemas/ResponseServerMetaDTO"},{"$ref":"#/components/schemas/PharmacyeRxTokenPostResponseDataDTO"}]}}}},"400":{"description":"Antwort wenn die gewünschte Konfiguration der Endpunkte (URL's) der Zuweisung von eRezepten als fehlerhaft abgewiesen wird. Inklusive des ersten aufgetretenen Fehlers.","content":{"application/json":{"schema":{"allOf":[{"$ref":"#/components/schemas/ResponseServerMetaDTO"},{"$ref":"#/components/schemas/ErrorDescription"}]}}}},"401":{"description":"ungültige Authorisierung","content":{"application/json":{"schema":{"$ref":"#/components/schemas/OAuthErrorResponse"}}}},"500":{"description":"Interner Server Fehler"},"504":{"description":"Gateway Timeout"}}}},"/pharmacy/{pha_soid}/erxtoken/{erx_soid}":{"get":{"tags":["abrufen"],"summary":"Apotheke übermittelt die Angaben zu Endpunkten (URL's) zur Zuweisung eines eRezept durch die Gematik-App","description":"Anhand der übermittelten URL's, werden in der Gematik-App eRezept-Token direkt einer Apotheke zur Belieferung übermittelt. In Abhängigkeit der Belieferungsart (Abholer, Botendienst und Versand), sind unterschiedliche Endpunkte (URL's) konfiguriert.","operationId":"get_pharmacy_erxtoken","parameters":[{"name":"pha_soid","in":"path","description":"Global eindeutige Object-ID der Apotheke {soid} über alle Instanzen des Servers hinweg.","required":true,"style":"simple","explode":false,"schema":{"maxLength":80,"minLength":1,"type":"string"},"example":123},{"name":"erx_soid","in":"path","description":"Global eindeutige Object-ID der Rezeptzuweisung über alle Instanzen des Servers hinweg.","required":true,"style":"simple","explode":false,"schema":{"maxLength":80,"minLength":1,"type":"string"},"example":123}],"responses":{"200":{"description":"Die Antwort auf eine Konfigurationsabfrage der Endpunkte","content":{"application/json":{"schema":{"allOf":[{"$ref":"#/components/schemas/ResponseServerMetaDTO"},{"$ref":"#/components/schemas/PharmacyeRxTokenGetResponseDataDTO"}]}}}},"400":{"description":"Antwort wenn die gewünschte Konfiguration der Endpunkte (URL's) der Zuweisung von eRezepten als fehlerhaft abgewiesen wird. Inklusive des ersten aufgetretenen Fehlers.","content":{"application/json":{"schema":{"allOf":[{"$ref":"#/components/schemas/ResponseServerMetaDTO"},{"$ref":"#/components/schemas/ErrorDescription"}]}}}},"401":{"description":"ungültige Authorisierung","content":{"application/json":{"schema":{"$ref":"#/components/schemas/OAuthErrorResponse"}}}},"500":{"description":"Interner Server Fehler"},"504":{"description":"Gateway Timeout"}}}},"/recipient":{"get":{"tags":["empfaenger"],"summary":"Apotheke übermittelt die Angaben zu Endpunkten (URL's) zur Zuweisung eines eRezept durch die Gematik-App","description":"Anhand der übermittelten URL's, werden in der Gematik-App eRezept-Token direkt einer Apotheke zur Belieferung übermittelt. In Abhängigkeit der Belieferungsart (Abholer, Botendienst und Versand), sind unterschiedliche Endpunkte (URL's) konfiguriert.","operationId":"get_list_recipient","parameters":[{"name":"pack_object_type","in":"query","description":"Abruf der möglichen Empfänger eines Object-Type","required":false,"style":"form","explode":true,"schema":{"type":"string"},"example":123}],"responses":{"200":{"description":"Die Antwort auf eine Abfrage von Empfängern","content":{"application/json":{"schema":{"allOf":[{"$ref":"#/components/schemas/ResponseServerMetaDTO"},{"$ref":"#/components/schemas/RecipientListGetResponseDataDTO"}]}}}},"400":{"description":"Antwort wenn die gewünschte Konfiguration der Endpunkte (URL's) der Zuweisung von eRezepten als fehlerhaft abgewiesen wird. Inklusive des ersten aufgetretenen Fehlers.","content":{"application/json":{"schema":{"allOf":[{"$ref":"#/components/schemas/ResponseServerMetaDTO"},{"$ref":"#/components/schemas/ErrorDescription"}]}}}},"401":{"description":"ungültige Authorisierung","content":{"application/json":{"schema":{"$ref":"#/components/schemas/OAuthErrorResponse"}}}},"500":{"description":"Interner Server Fehler"},"504":{"description":"Gateway Timeout"}}}}},"components":{"schemas":{"OAuthErrorResponse":{"title":"OAuthErrorResponse","type":"object","properties":{"code":{"type":"integer","description":"Code","format":"int32"},"message":{"type":"string","description":"Message"}}},"ServerObjectDTO":{"required":["soid"],"type":"object","properties":{"soid":{"maxLength":80,"minLength":1,"type":"string","description":"Global eindeutige ID des Objektes über alle Instanzen des Servers hinweg.","example":"abcdef1234567890"}}},"ClientObjectDTO":{"required":["coid"],"type":"object","properties":{"coid":{"maxLength":80,"minLength":1,"type":"string","description":"Auf dem Clientsystem eindeutige ID des Objektes {coid]. Identifiziert über die {client_id}. Wird serverseitig pro {client_id} persisitiert.","example":"1234567890abcdef"}}},"ServerDTO":{"required":["server_id"],"type":"object","properties":{"server_id":{"maxLength":80,"minLength":1,"type":"string","description":"ID des aufgerufenen System","example":"SRV1234567"},"server_name":{"maxLength":80,"minLength":1,"type":"string","description":"freie Angaben des aufgerufenen System","example":"A2B-Gateway der Firma XYZ"},"server_version":{"maxLength":40,"minLength":1,"type":"string","description":"freie Angabe der Version des aufgerufenen Systems","example":"1.1.0"}}},"ClientDTO":{"required":["client_id","client_system_name"],"type":"object","properties":{"client_id":{"maxLength":80,"minLength":1,"type":"string","description":"ID des aufrufenden System; Bei einem Service der NGDA entspricht die {client_id} der n_id der NGDA {n_id} oder in weiteren Skopes der {client_id} der Auhorisierung","example":"APO1234567"},"client_system_name":{"maxLength":80,"minLength":1,"type":"string","description":"Vom Software-Haus definierter Name des aufrufenden Systems. Dieses Feld muss zu Identifikationszwecken für das System stabil bleiben. [möglicher Anwendungszweck ist Abrechnung]","example":"System ABC der Firma XYZ"},"client_system_version":{"maxLength":40,"minLength":1,"type":"string","description":"freie Angabe der Version des aufrufenden Systems","example":"1.1.0"}}},"UserDTO":{"required":["user_id"],"type":"object","properties":{"user_id":{"maxLength":80,"minLength":1,"type":"string","description":"Benutzerkennung des aufrufenden System; standardmäßig entspricht die {user_id} der Benutzerkennung {user_id} der Authorisierung","example":"PM"},"user_name":{"maxLength":80,"minLength":1,"type":"string","description":"Name des aufrufenden Benutzers","example":"Peter Mustermann"},"user_status":{"type":"string","description":"Status (Beruf) des Nutzers zu Dokumentationszwecken","example":"pharmacist","enum":["student","phip","pharmacist","pta","pharmacyengineer","pharmacyassistant"]}}},"ServerTransDTO":{"required":["stid"],"type":"object","properties":{"stid":{"pattern":"^[{]?[0-9a-fA-F]{8}-([0-9a-fA-F]{4}-){3}[0-9a-fA-F]{12}[}]?$","type":"string","description":"GUID zur Identifikation einer Transaktion auf Serverseite (Ist für den technischen Support relevant) Eindeutige GUID innerhalb des Server","format":"guid","example":"123e4567-e89b-12d3-a456-9AC7CBDCEE52"}}},"ClientTransDTO":{"required":["ctid"],"type":"object","properties":{"ctid":{"pattern":"^[{]?[0-9a-fA-F]{8}-([0-9a-fA-F]{4}-){3}[0-9a-fA-F]{12}[}]?$","type":"string","description":"GUID Identifikation einer Transaktion auf Clientseite (Nach einem Timeout, kann die Transaktion mit dieser ID wiederholt werden) Eindeutige GUID innerhalb des aktuellen Client {clien_id}","format":"guid","example":"753d4e7f-a12b-89a4-f123-B25a45c78d9f"}}},"ResDTO":{"required":["val_date"],"type":"object","properties":{"val_date":{"type":"string","description":"Zeitpunkt der letzten Bearbeitung","format":"date-time","example":"2017-07-21T17:32:28Z"}}},"RequestMetaDTO":{"required":["meta"],"type":"object","properties":{"meta":{"type":"object","allOf":[{"$ref":"#/components/schemas/ClientDTO"},{"$ref":"#/components/schemas/UserDTO"},{"$ref":"#/components/schemas/ClientTransDTO"}]}},"description":"Allgemeine Metadaten einer Anfrage an den A2B-Service"},"ResponseClientMetaDTO":{"required":["meta"],"type":"object","properties":{"meta":{"type":"object","allOf":[{"$ref":"#/components/schemas/ClientDTO"},{"$ref":"#/components/schemas/UserDTO"},{"$ref":"#/components/schemas/ClientTransDTO"}]}},"description":"Allgemeine Metadaten der Antwort eine Anfrage an den A2B-Service. zusätzlich zu den bereits in der Anftrage angegebenen Metatdaten, enthält die Antwort weitere Informationen des Servers (Transakionsnummer des Servers, Datum letzte Änderung, )"},"ResponseServerMetaDTO":{"required":["meta"],"type":"object","properties":{"meta":{"type":"object","allOf":[{"$ref":"#/components/schemas/ServerDTO"},{"$ref":"#/components/schemas/ServerTransDTO"},{"$ref":"#/components/schemas/ResDTO"}]}},"description":"Allgemeine Metadaten der Antwort eine Anfrage an den A2B-Service. zusätzlich zu den bereits in der Anftrage anggebenen Metatdaten, enthält die Antwort weitere Informationen des Servers (Transakionsnummer des Servers, Datum letzte Änderung, )"},"PharmacyConfigurationeRx2UrlRequestDataDTO":{"required":["data"],"type":"object","properties":{"data":{"type":"array","items":{"allOf":[{"$ref":"#/components/schemas/ClientObjectDTO"},{"$ref":"#/components/schemas/eRx2UrlDTO"}]}}}},"PharmacyeRxTokenRequestDataDTO":{"required":["data"],"type":"object","properties":{"data":{"type":"object","allOf":[{"$ref":"#/components/schemas/ClientObjectDTO"},{"$ref":"#/components/schemas/eRxTokenDTO"}]}}},"PharmacyConfigurationResponseDataDTO":{"required":["data"],"type":"object","properties":{"data":{"type":"object","properties":{"erx2url":{"type":"object","allOf":[{"$ref":"#/components/schemas/ClientObjectDTO"},{"$ref":"#/components/schemas/ServerObjectDTO"},{"$ref":"#/components/schemas/eRx2UrlDTO"}]}},"allOf":[{"$ref":"#/components/schemas/ServerObjectDTO"},{"$ref":"#/components/schemas/PharmacyConfigurationDTO"}]}}},"PharmacyConfigurationeRx2UrlPostResponseDataDTO":{"required":["data"],"type":"object","properties":{"data":{"type":"array","items":{"allOf":[{"$ref":"#/components/schemas/ClientObjectDTO"},{"$ref":"#/components/schemas/ServerObjectDTO"},{"$ref":"#/components/schemas/eRx2UrlDTO"}]}}}},"PharmacyConfigurationeRx2UrlGetResponseDataDTO":{"required":["data"],"type":"object","properties":{"data":{"type":"array","items":{"allOf":[{"$ref":"#/components/schemas/ServerObjectDTO"},{"$ref":"#/components/schemas/eRx2UrlDTO"}]}}}},"PharmacyeRxTokenPostResponseDataDTO":{"required":["data"],"type":"object","properties":{"data":{"type":"object","allOf":[{"$ref":"#/components/schemas/ClientObjectDTO"},{"$ref":"#/components/schemas/ServerObjectDTO"},{"$ref":"#/components/schemas/eRxTokenDTO"}]}}},"PharmacyeRxTokenListGetResponseDataDTO":{"required":["data"],"type":"object","properties":{"data":{"type":"array","items":{"allOf":[{"$ref":"#/components/schemas/ServerObjectDTO"},{"$ref":"#/components/schemas/eRxTokenDTO"}]}}}},"PharmacyeRxTokenGetResponseDataDTO":{"required":["data"],"type":"object","properties":{"data":{"type":"object","allOf":[{"$ref":"#/components/schemas/ServerObjectDTO"},{"$ref":"#/components/schemas/eRxTokenDTO"}]}}},"RecipientListGetResponseDataDTO":{"required":["data"],"type":"object","properties":{"data":{"type":"array","items":{"allOf":[{"$ref":"#/components/schemas/ServerObjectDTO"},{"$ref":"#/components/schemas/RecipientDTO"}]}}}},"PharmacyConfigurationDTO":{"required":["configuration"],"type":"object","properties":{"type":{"pattern":"^CON$","type":"string","description":"Objecttyp CON für Konfiguration","example":"CON"}}},"RecipientDTO":{"required":["rec_id","type"],"type":"object","properties":{"type":{"pattern":"^REC$","type":"string","description":"Objecttyp REC für den Empfänger","example":"REC"},"rec_id":{"maxLength":80,"minLength":1,"type":"string","description":"Identifikation des Empfänger.","example":"XYZ"},"long_name":{"maxLength":80,"minLength":1,"type":"string","description":"Name des Anbieters, Feld wird bei /coupon/setconfiguration ignoriert.","example":"Firma xyz"},"pack_object_types":{"type":"array","description":"Liste der möglichen Pach-Obect-Typen die ein Empfänger verarbeiten kann.","items":{"allOf":[{"$ref":"#/components/schemas/PackObjectTypes"}]}}}},"PackObjectTypes":{"type":"string","description":"typed Objecttyp","enum":["GMU"]},"typedDTO":{"required":["contenttype","data","type"],"type":"object","properties":{"type":{"type":"string","description":"typed Objecttyp"},"contenttype":{"type":"string","description":"Mimetype"},"data":{"type":"string","description":"Datenobjekt als Base64 String"},"recipients":{"type":"array","description":"Liste der möglichen Empfänger","items":{"allOf":[{"$ref":"#/components/schemas/RecipientDTO"}]}}},"description":"pk2c7-signierte Angaben zu Webserviceentpunkte zur Übergabe von eRezept-Token. hierbei sind drei unterschiedliche Endpunkte vorgesehen (Abholer, Bote, Versand)"},"eRx2UrlDTO":{"allOf":[{"$ref":"#/components/schemas/typedDTO"},{"type":"object","properties":{"type":{"type":"string","description":"Objecttyp GMU für URL's zur eRezept-Token-übergabe im Gematik-Format. Kann auch von weiteren Anbietern verwendet werden.","enum":["GMU"]},"contenttype":{"type":"string","enum":["application/pkcs7-mime"]}},"description":"pk2c7-signierte Angaben zu Webserviceentpunkte zur Übergabe von eRezept-Token. hierbei sind drei unterschiedliche Endpunkte vorgesehen (Abholer, Bote, Versand)"}]},"eRxTokenDTO":{"allOf":[{"$ref":"#/components/schemas/typedDTO"},{"type":"object","properties":{"type":{"type":"string","description":"Objecttyp ERX für eRezept-Token","example":"ERX","enum":["ERX"]},"contenttype":{"type":"string","enum":["application/pkcs7-mime"]},"data":{"type":"string","description":"pkcs7 verschlüsseltes Datenobjekt mit dem eRezept-Token als Base64 String"}},"description":"pk2c7-signierte Angaben zu Webserviceentpunkte zur Übergabe von eRezept-Token. hierbei sind drei unterschiedliche Endpunkte vorgesehen (Abholer, Bote, Versand)"}]},"ErrorDescription":{"required":["detailed_error_description"],"type":"object","properties":{"detailed_error_description":{"type":"string","description":"Beschreibung des des Fehlers in deutsch.","example":"Es wurden keine gültigen URL's übergeben."}}}},"responses":{"200":{"description":"Erfolgreich"},"201":{"description":"Konfigruation veraltet. Anfrage Erfolgreich bearbeitet."},"400":{"description":"ungültige Parameter"},"401":{"description":"ungültige Authorisierung","content":{"application/json":{"schema":{"$ref":"#/components/schemas/OAuthErrorResponse"}}}},"403":{"description":"Zugriff nicht erlaubt"},"404":{"description":"kein Object (Apotheke, Article, Order etc.) gefunden"},"500":{"description":"Interner Server Fehler"},"504":{"description":"Gateway Timeout"},"PharmacyConfigurationGetResponse":{"description":"Die Antwort auf eine Konfigurationsabfrage","content":{"application/json":{"schema":{"allOf":[{"$ref":"#/components/schemas/ResponseServerMetaDTO"},{"$ref":"#/components/schemas/PharmacyConfigurationResponseDataDTO"}]}}}},"PharmacyConfigurationeRx2UrlPostResponse":{"description":"Die Antwort auf eine Konfigurationsabfrage der Endpunkte","content":{"application/json":{"schema":{"allOf":[{"$ref":"#/components/schemas/ResponseClientMetaDTO"},{"$ref":"#/components/schemas/ResponseServerMetaDTO"},{"$ref":"#/components/schemas/PharmacyConfigurationeRx2UrlPostResponseDataDTO"}]}}}},"PharmacyConfigurationeRx2UrlGetResponse":{"description":"Die Antwort auf eine Konfigurationsabfrage der Endpunkte","content":{"application/json":{"schema":{"allOf":[{"$ref":"#/components/schemas/ResponseServerMetaDTO"},{"$ref":"#/components/schemas/PharmacyConfigurationeRx2UrlGetResponseDataDTO"}]}}}},"PharmacyeRxTokenPostResponse":{"description":"Die Antwort auf eine Konfigurationsabfrage der Endpunkte","content":{"application/json":{"schema":{"allOf":[{"$ref":"#/components/schemas/ResponseClientMetaDTO"},{"$ref":"#/components/schemas/ResponseServerMetaDTO"},{"$ref":"#/components/schemas/PharmacyeRxTokenPostResponseDataDTO"}]}}}},"PharmacyeRxTokenGetResponse":{"description":"Die Antwort auf eine Konfigurationsabfrage der Endpunkte","content":{"application/json":{"schema":{"allOf":[{"$ref":"#/components/schemas/ResponseServerMetaDTO"},{"$ref":"#/components/schemas/PharmacyeRxTokenGetResponseDataDTO"}]}}}},"PharmacyeRxTokenListGetResponse":{"description":"Die Antwort auf eine Konfigurationsabfrage der Endpunkte","content":{"application/json":{"schema":{"allOf":[{"$ref":"#/components/schemas/ResponseServerMetaDTO"},{"$ref":"#/components/schemas/PharmacyeRxTokenListGetResponseDataDTO"}]}}}},"RecipientListGetResponse":{"description":"Die Antwort auf eine Abfrage von Empfängern","content":{"application/json":{"schema":{"allOf":[{"$ref":"#/components/schemas/ResponseServerMetaDTO"},{"$ref":"#/components/schemas/RecipientListGetResponseDataDTO"}]}}}},"PharmacyErrorResponse":{"description":"Antwort wenn die gewünschte Konfiguration als fehlerhaft abgewiesen wird. Inklusive des ersten aufgetretenen Fehlers.","content":{"application/json":{"schema":{"allOf":[{"$ref":"#/components/schemas/ResponseServerMetaDTO"},{"$ref":"#/components/schemas/ErrorDescription"}]}}}},"PharmacyConfigurationErrorResponse":{"description":"Antwort wenn die gewünschte Konfiguration als fehlerhaft abgewiesen wird. Inklusive des ersten aufgetretenen Fehlers.","content":{"application/json":{"schema":{"allOf":[{"$ref":"#/components/schemas/ResponseServerMetaDTO"},{"$ref":"#/components/schemas/ErrorDescription"}]}}}},"PharmacyConfigurationeRx2UrlErrorResponse":{"description":"Antwort wenn die gewünschte Konfiguration der Endpunkte (URL's) der Zuweisung von eRezepten als fehlerhaft abgewiesen wird. Inklusive des ersten aufgetretenen Fehlers.","content":{"application/json":{"schema":{"allOf":[{"$ref":"#/components/schemas/ResponseServerMetaDTO"},{"$ref":"#/components/schemas/ErrorDescription"}]}}}},"PharmacyeRxTokenErrorResponse":{"description":"Antwort wenn die gewünschte Konfiguration der Endpunkte (URL's) der Zuweisung von eRezepten als fehlerhaft abgewiesen wird. Inklusive des ersten aufgetretenen Fehlers.","content":{"application/json":{"schema":{"allOf":[{"$ref":"#/components/schemas/ResponseServerMetaDTO"},{"$ref":"#/components/schemas/ErrorDescription"}]}}}}},"requestBodies":{"PharmacyConfigurationeRx2UrlRequestBody":{"description":"Informationen die zur Configuration von Endpunkten (URL's) zur Zuweisung von eRezepten in der Apotheken benötigt werden.","content":{"application/json":{"schema":{"allOf":[{"$ref":"#/components/schemas/RequestMetaDTO"},{"$ref":"#/components/schemas/PharmacyConfigurationeRx2UrlRequestDataDTO"}]}}},"required":true},"PharmacyeRxTokenRequestBody":{"description":"Informationen die zur Configuration von Endpunkten (URL's) zur Zuweisung von eRezepten in der Apotheken benötigt werden.","content":{"application/json":{"schema":{"allOf":[{"$ref":"#/components/schemas/RequestMetaDTO"},{"$ref":"#/components/schemas/PharmacyeRxTokenRequestDataDTO"}]}}},"required":true}},"securitySchemes":{"NGDA_OAuth2":{"type":"oauth2","flows":{"authorizationCode":{"authorizationUrl":"https://oc-int-auth.ngdalabor.de/auth/realms/entity/protocol/openid-connect/auth","tokenUrl":"https://oc-int-auth.ngdalabor.de/auth/realms/entity/protocol/openid-connect/token","scopes":{"urn-ngda-services-crs":"Erlaubt Zugriff auf Couponing Relay Server (notwendig, um unbefugte Zugriffe ohne Agreement mit Couponing Anbieter zu unterbinden)"}}}},"NGDA_OpenID":{"type":"openIdConnect","openIdConnectUrl":"https://oc-int-auth.ngdalabor.de/auth/realms/entity/.well-known/openid-configuration"}}}}