{"openapi":"3.0.0","info":{"title":"ADAS - A2B - eRezept - gematik - Services","description":"Standardschnittstelle zur Anbindung der Warenwirtschaftssysteme (WaWi) deutscher Apotheken an die gematik-eRezept-Services","contact":{"name":"ADAS A2B eRezept gematik Service","url":"https://a2b.adas.de","email":"a2b@adas.de"},"version":"1.0.0"},"servers":[{"url":"https://virtserver.swaggerhub.com/ADAS-A2B-Services/adas-a2b-erezept/1.0.0","description":"SwaggerHub API Auto Mocking"},{"url":"https://virtserver.swaggerhub.com/ADAS-A2B-Services/adas-a2b-erezept/1.0.0","description":"SwaggerHub API Auto Mocking"}],"security":[{"NGDA_OAuth2":["urn-ngda-services-pharmacy"]},{"NGDA_OpenID":["urn-ngda-services-pharmacy"]}],"tags":[{"name":"erezept","description":"eRezept-Schnittstelle"}],"paths":{"/configuration/erx2url":{"get":{"tags":["gematik","erezept"],"summary":"Apotheke ermittelt die hinterlegten Endpunkte (URL's) zur Zuweisung von eRezepten in der Gematik-App","description":"Anhand der übermittelten URL's, werden in der Gematik-App eRezept-Token direkt einer Apotheke zur Belieferung übermittelt. In Abhängigkeit der Belieferungsart (Abholer, Botendienst und Versand), sind unterschiedliche Endpunkte (URL's) konfiguriert.","operationId":"get_configuration_erx2url","parameters":[{"name":"n_id","in":"query","description":"Ist die von der NGDA im Rahmen von N-Ident vergebene Identfikationsnummer einer Apotheke {n_id} und dient der eindeutigen Identifizierung einer Betriebsstätte. Eine Mehrfachvergabe ist hier nicht vorgesehen.","required":true,"style":"form","explode":true,"schema":{"pattern":"^APO\\d{7}$","type":"string"},"example":"APO1234567"}],"responses":{"200":{"description":"Die Antwort auf eine Konfigurationsabfrage der Endpunkte","content":{"application/json":{"schema":{"allOf":[{"$ref":"#/components/schemas/ResponseServerMetaDTO"},{"$ref":"#/components/schemas/PharmacyConfigurationeRx2UrlGetResponseDataDTO"}]}}}},"400":{"description":"Antwort wenn die gewünschte Konfiguration der Endpunkte (URL's) der Zuweisung von eRezepten als fehlerhaft abgewiesen wird. Inklusive des ersten aufgetretenen Fehlers.","content":{"application/json":{"schema":{"allOf":[{"$ref":"#/components/schemas/ResponseServerMetaDTO"},{"$ref":"#/components/schemas/ErrorDescription"}]}}}},"401":{"description":"ungültige Authorisierung","content":{"application/json":{"schema":{"$ref":"#/components/schemas/OAuthErrorResponse"}}}},"500":{"description":"Interner Server Fehler"},"504":{"description":"Gateway Timeout"}}},"post":{"tags":["gematik"],"summary":"Apotheke übermittelt neue Endpunkte (URL's) zur Zuweisung von eRezepten in der Gematik-App","description":"Anhand der übermittelten URL's, werden in der Gematik-App eRezept-Token direkt einer Apotheke zur Belieferung übermittelt. In Abhängigkeit der Belieferungsart (Abholer, Botendienst und Versand), sind unterschiedliche Endpunkte (URL's) konfiguriert.","operationId":"post_configuration_erx2url","parameters":[{"name":"n_id","in":"query","description":"Ist die von der NGDA im Rahmen von N-Ident vergebene Identfikationsnummer einer Apotheke {n_id} und dient der eindeutigen Identifizierung einer Betriebsstätte. Eine Mehrfachvergabe ist hier nicht vorgesehen.","required":true,"style":"form","explode":true,"schema":{"pattern":"^APO\\d{7}$","type":"string"},"example":"APO1234567"}],"requestBody":{"$ref":"#/components/requestBodies/PharmacyConfigurationeRx2UrlRequestBody"},"responses":{"200":{"description":"Die Antwort auf eine Konfigurationsabfrage der Endpunkte","content":{"application/json":{"schema":{"allOf":[{"$ref":"#/components/schemas/ResponseClientMetaDTO"},{"$ref":"#/components/schemas/ResponseServerMetaDTO"},{"$ref":"#/components/schemas/PharmacyConfigurationeRx2UrlPostResponseDataDTO"}]}}}},"400":{"description":"Antwort wenn die gewünschte Konfiguration der Endpunkte (URL's) der Zuweisung von eRezepten als fehlerhaft abgewiesen wird. Inklusive des ersten aufgetretenen Fehlers.","content":{"application/json":{"schema":{"allOf":[{"$ref":"#/components/schemas/ResponseServerMetaDTO"},{"$ref":"#/components/schemas/ErrorDescription"}]}}}},"401":{"description":"ungültige Authorisierung","content":{"application/json":{"schema":{"$ref":"#/components/schemas/OAuthErrorResponse"}}}},"500":{"description":"Interner Server Fehler"},"504":{"description":"Gateway Timeout"}}}}},"components":{"schemas":{"OAuthErrorResponse":{"title":"OAuthErrorResponse","type":"object","properties":{"code":{"type":"integer","description":"Code","format":"int32"},"message":{"type":"string","description":"Message"}}},"ServerObjectDTO":{"required":["soid"],"type":"object","properties":{"soid":{"maxLength":80,"minLength":1,"type":"string","description":"Global eindeutige ID des Objektes über alle Instanzen des Servers hinweg.","example":"abcdef1234567890"}}},"ClientObjectDTO":{"required":["coid"],"type":"object","properties":{"coid":{"maxLength":80,"minLength":1,"type":"string","description":"Auf dem Clientsystem eindeutige ID des Objektes {coid]. Identifiziert über die {client_id}. Wird serverseitig pro {client_id} persisitiert.","example":"1234567890abcdef"}}},"ServerDTO":{"required":["server_id"],"type":"object","properties":{"server_id":{"maxLength":80,"minLength":1,"type":"string","description":"ID des aufgerufenen System","example":"SRV1234567"},"server_name":{"maxLength":80,"minLength":1,"type":"string","description":"freie Angaben des aufgerufenen System","example":"A2B-Gateway der Firma XYZ"},"server_version":{"maxLength":40,"minLength":1,"type":"string","description":"freie Angabe der Version des aufgerufenen Systems","example":"1.1.0"}}},"ClientDTO":{"required":["client_id","client_system_name"],"type":"object","properties":{"client_id":{"maxLength":80,"minLength":1,"type":"string","description":"ID des aufrufenden System; Bei einem Service der NGDA entspricht die {client_id} der n_id der NGDA {n_id} oder in weiteren Skopes der {client_id} der Auhorisierung","example":"APO1234567"},"client_system_name":{"maxLength":80,"minLength":1,"type":"string","description":"Vom Software-Haus definierter Name des aufrufenden Systems. Dieses Feld muss zu Identifikationszwecken für das System stabil bleiben. [möglicher Anwendungszweck ist Abrechnung]","example":"System ABC der Firma XYZ"},"client_system_version":{"maxLength":40,"minLength":1,"type":"string","description":"freie Angabe der Version des aufrufenden Systems","example":"1.1.0"}}},"UserDTO":{"required":["user_id"],"type":"object","properties":{"user_id":{"maxLength":80,"minLength":1,"type":"string","description":"Benutzerkennung des aufrufenden System; standardmäßig entspricht die {user_id} der Benutzerkennung {user_id} der Authorisierung","example":"PM"},"user_name":{"maxLength":80,"minLength":1,"type":"string","description":"Name des aufrufenden Benutzers","example":"Peter Mustermann"}}},"ServerTransDTO":{"required":["stid"],"type":"object","properties":{"stid":{"pattern":"^[{]?[0-9a-fA-F]{8}-([0-9a-fA-F]{4}-){3}[0-9a-fA-F]{12}[}]?$","type":"string","description":"GUID zur Identifikation einer Transaktion auf Serverseite (Ist für den technischen Support relevant) Eindeutige GUID innerhalb des Server","format":"guid","example":"123e4567-e89b-12d3-a456-9AC7CBDCEE52"}}},"ClientTransDTO":{"required":["ctid"],"type":"object","properties":{"ctid":{"pattern":"^[{]?[0-9a-fA-F]{8}-([0-9a-fA-F]{4}-){3}[0-9a-fA-F]{12}[}]?$","type":"string","description":"GUID Identifikation einer Transaktion auf Clientseite (Nach einem Timeout, kann die Transaktion mit dieser ID wiederholt werden) Eindeutige GUID innerhalb des aktuellen Client {clien_id}","format":"guid","example":"753d4e7f-a12b-89a4-f123-B25a45c78d9f"}}},"ResDTO":{"required":["val_date"],"type":"object","properties":{"val_date":{"type":"string","description":"Zeitpunkt der letzten Bearbeitung","format":"date-time","example":"2017-07-21T17:32:28Z"}}},"RequestMetaDTO":{"required":["meta"],"type":"object","properties":{"meta":{"type":"object","allOf":[{"$ref":"#/components/schemas/ClientDTO"},{"$ref":"#/components/schemas/UserDTO"},{"$ref":"#/components/schemas/ClientTransDTO"}]}},"description":"Allgemeine Metadaten einer Anfrage an den A2B-Service"},"ResponseClientMetaDTO":{"required":["meta"],"type":"object","properties":{"meta":{"type":"object","allOf":[{"$ref":"#/components/schemas/ClientDTO"},{"$ref":"#/components/schemas/UserDTO"},{"$ref":"#/components/schemas/ClientTransDTO"}]}},"description":"Allgemeine Metadaten der Antwort eine Anfrage an den A2B-Service. zusätzlich zu den bereits in der Anftrage angegebenen Metatdaten, enthält die Antwort weitere Informationen des Servers (Transakionsnummer des Servers, Datum letzte Änderung, )"},"ResponseServerMetaDTO":{"required":["meta"],"type":"object","properties":{"meta":{"type":"object","allOf":[{"$ref":"#/components/schemas/ServerDTO"},{"$ref":"#/components/schemas/ServerTransDTO"},{"$ref":"#/components/schemas/ResDTO"}]}},"description":"Allgemeine Metadaten der Antwort eine Anfrage an den A2B-Service. zusätzlich zu den bereits in der Anftrage anggebenen Metatdaten, enthält die Antwort weitere Informationen des Servers (Transakionsnummer des Servers, Datum letzte Änderung, )"},"PharmacyConfigurationeRx2UrlRequestDataDTO":{"required":["data"],"type":"object","properties":{"data":{"type":"array","items":{"allOf":[{"$ref":"#/components/schemas/ClientObjectDTO"},{"$ref":"#/components/schemas/GematikeRx2UrlDTO"}]}}}},"PharmacyConfigurationeRx2UrlPostResponseDataDTO":{"required":["data"],"type":"object","properties":{"data":{"type":"array","items":{"allOf":[{"$ref":"#/components/schemas/ClientObjectDTO"},{"$ref":"#/components/schemas/ServerObjectDTO"},{"$ref":"#/components/schemas/GematikeRx2UrlDTO"}]}}}},"PharmacyConfigurationeRx2UrlGetResponseDataDTO":{"required":["data"],"type":"object","properties":{"data":{"type":"array","items":{"allOf":[{"$ref":"#/components/schemas/ServerObjectDTO"},{"$ref":"#/components/schemas/GematikeRx2UrlDTO"}]}}}},"GematikeRx2UrlDTO":{"required":["contenttype","data","type"],"type":"object","properties":{"type":{"type":"string","description":"Objecttyp GMU für Gematik URLs","enum":["GMU","GEU"]},"contenttype":{"type":"string","enum":["application/pkcs7-mime"]},"data":{"type":"string","description":"pkcs7 signiertes Datenobjekt mit den drei URL's als Base64 String"}},"description":"pk2c7-signierte Angaben zu Webserviceentpunkte zur Übergabe von eRezept-Token. hierbei sind drei unterschiedliche Endpunkte vorgesehen (Abholer, Bote, Versand)"},"ErrorDescription":{"required":["detailed_error_description"],"type":"object","properties":{"detailed_error_description":{"type":"string","description":"Beschreibung des Fehlers in Deutsch.","example":"Es wurden keine gültigen Daten übergeben."}}},"GematikeRx2UrlDataDTO":{"type":"object","properties":{"onPremise":{"type":"string","description":"URL für den Versand","example":"https://beispielurlabholer.de/<ti_id>?req=<transactionID>"},"shipment":{"type":"string","description":"URL für den Versand","example":"https://beispielurlversand.de/<ti_id>?req=<transactionID>"},"delivery":{"type":"string","description":"URL für den Botendienst","example":"https://beispielurlbote.de/<ti_id>?req=<transactionID>"}},"description":"URL's für die Übergabe von eRezept-Token"}},"responses":{"200":{"description":"Erfolgreich"},"201":{"description":"Konfigruation veraltet. Anfrage Erfolgreich bearbeitet."},"400":{"description":"ungültige Parameter"},"401":{"description":"ungültige Authorisierung","content":{"application/json":{"schema":{"$ref":"#/components/schemas/OAuthErrorResponse"}}}},"403":{"description":"Zugriff nicht erlaubt"},"404":{"description":"kein Object (Apotheke, Article, Order etc.) gefunden"},"500":{"description":"Interner Server Fehler"},"504":{"description":"Gateway Timeout"},"PharmacyConfigurationeRx2UrlPostResponse":{"description":"Die Antwort auf eine Konfigurationsabfrage der Endpunkte","content":{"application/json":{"schema":{"allOf":[{"$ref":"#/components/schemas/ResponseClientMetaDTO"},{"$ref":"#/components/schemas/ResponseServerMetaDTO"},{"$ref":"#/components/schemas/PharmacyConfigurationeRx2UrlPostResponseDataDTO"}]}}}},"PharmacyConfigurationeRx2UrlGetResponse":{"description":"Die Antwort auf eine Konfigurationsabfrage der Endpunkte","content":{"application/json":{"schema":{"allOf":[{"$ref":"#/components/schemas/ResponseServerMetaDTO"},{"$ref":"#/components/schemas/PharmacyConfigurationeRx2UrlGetResponseDataDTO"}]}}}},"PharmacyConfigurationeRx2UrlErrorResponse":{"description":"Antwort wenn die gewünschte Konfiguration der Endpunkte (URL's) der Zuweisung von eRezepten als fehlerhaft abgewiesen wird. Inklusive des ersten aufgetretenen Fehlers.","content":{"application/json":{"schema":{"allOf":[{"$ref":"#/components/schemas/ResponseServerMetaDTO"},{"$ref":"#/components/schemas/ErrorDescription"}]}}}}},"requestBodies":{"PharmacyConfigurationeRx2UrlRequestBody":{"description":"Informationen die zur Configuration von Endpunkten (URL's) zur Zuweisung von eRezepten in der Apotheken benötigt werden.","content":{"application/json":{"schema":{"allOf":[{"$ref":"#/components/schemas/RequestMetaDTO"},{"$ref":"#/components/schemas/PharmacyConfigurationeRx2UrlRequestDataDTO"}]}}},"required":true}},"securitySchemes":{"NGDA_OAuth2":{"type":"oauth2","flows":{"authorizationCode":{"authorizationUrl":"https://auth.ngda.de/auth/realms/entity/protocol/openid-connect/auth","tokenUrl":"https://auth.ngda.de/auth/realms/entity/protocol/openid-connect/token","scopes":{"urn-ngda-services-pharmacy":"Erlaubt Zugriff auf Pharmacy Endpunkte zur Übermittlung von Konfigurationen"}}}},"NGDA_OpenID":{"type":"openIdConnect","openIdConnectUrl":"https://auth.ngda.de/auth/realms/entity/.well-known/openid-configuration"}}}}