{"openapi":"3.0.0","info":{"title":"Frodo Or Gollum API","description":"API for Frodo Or Gollum","contact":{"email":"adri@adri.info"},"version":"1.0.0"},"servers":[{"url":"https://virtserver.swaggerhub.com/AdrianoLG/frodo-o-gollum/1.0.0","description":"SwaggerHub API Auto Mocking"}],"tags":[{"name":"users","description":"User management"},{"name":"todos","description":"Todo tasks"},{"name":"projects","description":"Project tasks"},{"name":"exercise","description":"Exercises and completed exercises"},{"name":"rehearsal","description":"Music rehearsals"},{"name":"cleaning-tasks","description":"Cleaning tasks"},{"name":"budget","description":"Budget management"},{"name":"crop","description":"Crop info"},{"name":"specie","description":"Specie info"},{"name":"book","description":"Book info"},{"name":"tvshow","description":"TV show info"},{"name":"movie","description":"Movie info"},{"name":"quote","description":"Quote info"},{"name":"recipe","description":"Food recipe"},{"name":"cocktail","description":"Cocktail recipe"}],"paths":{"/adri":{"post":{"tags":["users"],"summary":"User login","operationId":"user_login","requestBody":{"description":"User data","content":{"application/json":{"schema":{"$ref":"#/components/schemas/SimpleUser"}}},"required":true},"responses":{"200":{"description":"Logged in","content":{"application/json":{"schema":{"$ref":"#/components/schemas/OK"}}}},"401":{"description":"Auth failed","content":{"application/json":{"schema":{"$ref":"#/components/schemas/AuthFailed"}}}},"500":{"description":"Error","content":{"application/json":{"schema":{"$ref":"#/components/schemas/Error"}}}}}}},"/adri/settings":{"get":{"tags":["users"],"summary":"User settings","operationId":"user_settings","responses":{"200":{"description":"List of user settings","content":{"application/json":{"schema":{"$ref":"#/components/schemas/UserSettings"}}}},"401":{"description":"Auth failed","content":{"application/json":{"schema":{"$ref":"#/components/schemas/AuthFailed"}}}},"500":{"description":"Error","content":{"application/json":{"schema":{"$ref":"#/components/schemas/Error"}}}}}},"patch":{"tags":["users"],"summary":"Edit user settings","operationId":"edit_user_settings","requestBody":{"description":"User settings","content":{"application/json":{"schema":{"$ref":"#/components/schemas/UserSettings"}}},"required":true},"responses":{"200":{"description":"User settings updated","content":{"application/json":{"schema":{"$ref":"#/components/schemas/Updated"}}}},"401":{"description":"Auth failed","content":{"application/json":{"schema":{"$ref":"#/components/schemas/AuthFailed"}}}},"500":{"description":"Error","content":{"application/json":{"schema":{"$ref":"#/components/schemas/Error"}}}}}}},"/todos":{"get":{"tags":["todos"],"summary":"Get list of todos","operationId":"todos_get_all","responses":{"200":{"description":"Logged in","content":{"application/json":{"schema":{"type":"array","items":{"$ref":"#/components/schemas/Todo"}}}}},"401":{"description":"Auth failed","content":{"application/json":{"schema":{"$ref":"#/components/schemas/AuthFailed"}}}},"500":{"description":"Error","content":{"application/json":{"schema":{"$ref":"#/components/schemas/Error"}}}}},"security":[{"ApiKeyAuth":[]}]},"post":{"tags":["todos"],"summary":"Add todo","operationId":"todo_create","requestBody":{"description":"Todo to create","content":{"application/json":{"schema":{"$ref":"#/components/schemas/TodoToCreate"}}},"required":true},"responses":{"201":{"description":"Todo created","content":{"application/json":{"schema":{"$ref":"#/components/schemas/Created"}}}},"401":{"description":"Auth failed","content":{"application/json":{"schema":{"$ref":"#/components/schemas/AuthFailed"}}}},"500":{"description":"Error","content":{"application/json":{"schema":{"$ref":"#/components/schemas/Error"}}}}},"security":[{"ApiKeyAuth":[]}]}},"/todos/{todoId}":{"get":{"tags":["todos"],"summary":"Get todo","operationId":"todo_get","parameters":[{"name":"todoId","in":"path","description":"Todo ID","required":true,"style":"simple","explode":false,"schema":{"type":"string"}}],"responses":{"200":{"description":"Logged in","content":{"application/json":{"schema":{"type":"array","items":{"$ref":"#/components/schemas/Todo"}}}}},"400":{"description":"No todo with that ID","content":{"application/json":{"schema":{"$ref":"#/components/schemas/NotFound"}}}},"401":{"description":"Auth failed","content":{"application/json":{"schema":{"$ref":"#/components/schemas/AuthFailed"}}}},"500":{"description":"Error","content":{"application/json":{"schema":{"$ref":"#/components/schemas/Error"}}}}},"security":[{"ApiKeyAuth":[]}]},"delete":{"tags":["todos"],"summary":"Delete todo","operationId":"todo_delete","parameters":[{"name":"todoId","in":"path","description":"Todo ID","required":true,"style":"simple","explode":false,"schema":{"type":"string"}}],"responses":{"200":{"description":"Logged in","content":{"application/json":{"schema":{"$ref":"#/components/schemas/OK"}}}},"400":{"description":"No todo with that ID","content":{"application/json":{"schema":{"$ref":"#/components/schemas/NotFound"}}}},"401":{"description":"Auth failed","content":{"application/json":{"schema":{"$ref":"#/components/schemas/AuthFailed"}}}},"500":{"description":"Error","content":{"application/json":{"schema":{"$ref":"#/components/schemas/Error"}}}}},"security":[{"ApiKeyAuth":[]}]},"patch":{"tags":["todos"],"summary":"Update todo","operationId":"todo_update","parameters":[{"name":"todoId","in":"path","description":"Todo ID","required":true,"style":"simple","explode":false,"schema":{"type":"string"}}],"requestBody":{"description":"Todo updated","content":{"application/json":{"schema":{"$ref":"#/components/schemas/Updated"}}},"required":true},"responses":{"200":{"description":"Todo updated","content":{"application/json":{"schema":{"$ref":"#/components/schemas/Todo"}}}},"400":{"description":"No todo with that ID","content":{"application/json":{"schema":{"$ref":"#/components/schemas/NotFound"}}}},"401":{"description":"Auth failed","content":{"application/json":{"schema":{"$ref":"#/components/schemas/AuthFailed"}}}},"500":{"description":"Error","content":{"application/json":{"schema":{"$ref":"#/components/schemas/Error"}}}}},"security":[{"ApiKeyAuth":[]}]}},"/projects":{"get":{"tags":["projects"],"summary":"Get list of projects","operationId":"projects_get_all","responses":{"200":{"description":"List of projects","content":{"application/json":{"schema":{"type":"array","items":{"$ref":"#/components/schemas/Project"}}}}},"401":{"description":"Auth failed","content":{"application/json":{"schema":{"$ref":"#/components/schemas/AuthFailed"}}}},"500":{"description":"Error","content":{"application/json":{"schema":{"$ref":"#/components/schemas/Error"}}}}},"security":[{"ApiKeyAuth":[]}]},"post":{"tags":["projects"],"summary":"Add project","operationId":"project_create","requestBody":{"description":"Project","content":{"application/json":{"schema":{"$ref":"#/components/schemas/Project"}}},"required":true},"responses":{"201":{"description":"Project created","content":{"application/json":{"schema":{"$ref":"#/components/schemas/Created"}}}},"401":{"description":"Auth failed","content":{"application/json":{"schema":{"$ref":"#/components/schemas/AuthFailed"}}}},"500":{"description":"Error","content":{"application/json":{"schema":{"$ref":"#/components/schemas/Error"}}}}},"security":[{"ApiKeyAuth":[]}]}},"/projects/{projectId}":{"get":{"tags":["projects"],"summary":"Get project","operationId":"project_get","parameters":[{"name":"projectId","in":"path","description":"Project ID","required":true,"style":"simple","explode":false,"schema":{"type":"string"}}],"responses":{"200":{"description":"Project","content":{"application/json":{"schema":{"$ref":"#/components/schemas/Project"}}}},"400":{"description":"No project with that ID","content":{"application/json":{"schema":{"$ref":"#/components/schemas/NotFound"}}}},"401":{"description":"Auth failed","content":{"application/json":{"schema":{"$ref":"#/components/schemas/AuthFailed"}}}},"500":{"description":"Error","content":{"application/json":{"schema":{"$ref":"#/components/schemas/Error"}}}}},"security":[{"ApiKeyAuth":[]}]},"delete":{"tags":["projects"],"summary":"Delete project","operationId":"project_delete","parameters":[{"name":"projectId","in":"path","description":"Project ID","required":true,"style":"simple","explode":false,"schema":{"type":"string"}}],"responses":{"200":{"description":"Project deleted","content":{"application/json":{"schema":{"$ref":"#/components/schemas/OK"}}}},"400":{"description":"No project with that ID","content":{"application/json":{"schema":{"$ref":"#/components/schemas/NotFound"}}}},"401":{"description":"Auth failed","content":{"application/json":{"schema":{"$ref":"#/components/schemas/AuthFailed"}}}},"500":{"description":"Error","content":{"application/json":{"schema":{"$ref":"#/components/schemas/Error"}}}}},"security":[{"ApiKeyAuth":[]}]},"patch":{"tags":["projects"],"summary":"Update project","operationId":"project_update","parameters":[{"name":"projectId","in":"path","description":"Project ID","required":true,"style":"simple","explode":false,"schema":{"type":"string"}}],"requestBody":{"description":"Project or independent params","content":{"application/json":{"schema":{"$ref":"#/components/schemas/Project"}}},"required":true},"responses":{"200":{"description":"Project updated","content":{"application/json":{"schema":{"$ref":"#/components/schemas/Updated"}}}},"400":{"description":"No project with that ID","content":{"application/json":{"schema":{"$ref":"#/components/schemas/NotFound"}}}},"401":{"description":"Auth failed","content":{"application/json":{"schema":{"$ref":"#/components/schemas/AuthFailed"}}}},"500":{"description":"Error","content":{"application/json":{"schema":{"$ref":"#/components/schemas/Error"}}}}},"security":[{"ApiKeyAuth":[]}]}},"/exercise/exercises":{"get":{"tags":["exercise"],"summary":"Get list of exercises","operationId":"exercises_get_all","responses":{"200":{"description":"List of exercises","content":{"application/json":{"schema":{"type":"array","items":{"$ref":"#/components/schemas/Exercise"}}}}},"401":{"description":"Auth failed","content":{"application/json":{"schema":{"$ref":"#/components/schemas/AuthFailed"}}}},"500":{"description":"Error","content":{"application/json":{"schema":{"$ref":"#/components/schemas/Error"}}}}},"security":[{"ApiKeyAuth":[]}]},"post":{"tags":["exercise"],"summary":"Add exercise","operationId":"exercise_create","requestBody":{"description":"Exercise","content":{"application/json":{"schema":{"$ref":"#/components/schemas/Exercise"}}},"required":true},"responses":{"201":{"description":"Exercise created","content":{"application/json":{"schema":{"$ref":"#/components/schemas/Created"}}}},"401":{"description":"Auth failed","content":{"application/json":{"schema":{"$ref":"#/components/schemas/AuthFailed"}}}},"500":{"description":"Error","content":{"application/json":{"schema":{"$ref":"#/components/schemas/Error"}}}}},"security":[{"ApiKeyAuth":[]}]}},"/exercise/exercises/{exerciseId}":{"get":{"tags":["exercise"],"summary":"Get exercise","operationId":"exercise_get","parameters":[{"name":"exerciseId","in":"path","description":"Exercise ID","required":true,"style":"simple","explode":false,"schema":{"type":"string"}}],"responses":{"200":{"description":"Exercise","content":{"application/json":{"schema":{"type":"array","items":{"$ref":"#/components/schemas/Exercise"}}}}},"400":{"description":"No exercise with that ID","content":{"application/json":{"schema":{"$ref":"#/components/schemas/NotFound"}}}},"401":{"description":"Auth failed","content":{"application/json":{"schema":{"$ref":"#/components/schemas/AuthFailed"}}}},"500":{"description":"Error","content":{"application/json":{"schema":{"$ref":"#/components/schemas/Error"}}}}},"security":[{"ApiKeyAuth":[]}]},"delete":{"tags":["exercise"],"summary":"Delete exercise","operationId":"exercise_delete","parameters":[{"name":"exerciseId","in":"path","description":"Exercise ID","required":true,"style":"simple","explode":false,"schema":{"type":"string"}}],"responses":{"200":{"description":"Exercise deleted","content":{"application/json":{"schema":{"$ref":"#/components/schemas/OK"}}}},"400":{"description":"No exercise with that ID","content":{"application/json":{"schema":{"$ref":"#/components/schemas/NotFound"}}}},"401":{"description":"Auth failed","content":{"application/json":{"schema":{"$ref":"#/components/schemas/AuthFailed"}}}},"500":{"description":"Error","content":{"application/json":{"schema":{"$ref":"#/components/schemas/Error"}}}}},"security":[{"ApiKeyAuth":[]}]},"patch":{"tags":["exercise"],"summary":"Update exercise","operationId":"exercise_update","parameters":[{"name":"exerciseId","in":"path","description":"Exercise ID","required":true,"style":"simple","explode":false,"schema":{"type":"string"}}],"requestBody":{"description":"Exercise updated","content":{"application/json":{"schema":{"$ref":"#/components/schemas/Updated"}}},"required":true},"responses":{"200":{"description":"Exercise updated","content":{"application/json":{"schema":{"$ref":"#/components/schemas/Exercise"}}}},"400":{"description":"No exercise with that ID","content":{"application/json":{"schema":{"$ref":"#/components/schemas/NotFound"}}}},"401":{"description":"Auth failed","content":{"application/json":{"schema":{"$ref":"#/components/schemas/AuthFailed"}}}},"500":{"description":"Error","content":{"application/json":{"schema":{"$ref":"#/components/schemas/Error"}}}}},"security":[{"ApiKeyAuth":[]}]}},"/exercise/completed-exercises":{"get":{"tags":["exercise"],"summary":"Get list of exercises","operationId":"completed-exercises_get_all","responses":{"200":{"description":"List of completed exercises","content":{"application/json":{"schema":{"type":"array","items":{"$ref":"#/components/schemas/CompletedExercise"}}}}},"401":{"description":"Auth failed","content":{"application/json":{"schema":{"$ref":"#/components/schemas/AuthFailed"}}}},"500":{"description":"Error","content":{"application/json":{"schema":{"$ref":"#/components/schemas/Error"}}}}},"security":[{"ApiKeyAuth":[]}]},"post":{"tags":["exercise"],"summary":"Add completed exercise","operationId":"completed-exercise_create","requestBody":{"description":"Completed exercise","content":{"application/json":{"schema":{"$ref":"#/components/schemas/CompletedExercise"}}},"required":true},"responses":{"201":{"description":"Completed exercise created","content":{"application/json":{"schema":{"$ref":"#/components/schemas/Created"}}}},"401":{"description":"Auth failed","content":{"application/json":{"schema":{"$ref":"#/components/schemas/AuthFailed"}}}},"500":{"description":"Error","content":{"application/json":{"schema":{"$ref":"#/components/schemas/Error"}}}}},"security":[{"ApiKeyAuth":[]}]}},"/exercise/completed-exercises/{exerciseId}":{"get":{"tags":["exercise"],"summary":"Get completed exercise","operationId":"completed-exercise_get","parameters":[{"name":"exerciseId","in":"path","description":"Exercise ID","required":true,"style":"simple","explode":false,"schema":{"type":"string"}}],"responses":{"200":{"description":"Completed Exercise","content":{"application/json":{"schema":{"$ref":"#/components/schemas/CompletedExercise"}}}},"400":{"description":"No completed exercise with that ID","content":{"application/json":{"schema":{"$ref":"#/components/schemas/NotFound"}}}},"401":{"description":"Auth failed","content":{"application/json":{"schema":{"$ref":"#/components/schemas/AuthFailed"}}}},"500":{"description":"Error","content":{"application/json":{"schema":{"$ref":"#/components/schemas/Error"}}}}},"security":[{"ApiKeyAuth":[]}]},"delete":{"tags":["exercise"],"summary":"Delete completed exercise","operationId":"completed-exercise_delete","parameters":[{"name":"exerciseId","in":"path","description":"Exercise ID","required":true,"style":"simple","explode":false,"schema":{"type":"string"}}],"responses":{"200":{"description":"Completed exercise deleted","content":{"application/json":{"schema":{"$ref":"#/components/schemas/OK"}}}},"400":{"description":"No completed exercise with that ID","content":{"application/json":{"schema":{"$ref":"#/components/schemas/NotFound"}}}},"401":{"description":"Auth failed","content":{"application/json":{"schema":{"$ref":"#/components/schemas/AuthFailed"}}}},"500":{"description":"Error","content":{"application/json":{"schema":{"$ref":"#/components/schemas/Error"}}}}},"security":[{"ApiKeyAuth":[]}]},"patch":{"tags":["exercise"],"summary":"Update completed exercise","operationId":"completed-exercise_update","parameters":[{"name":"exerciseId","in":"path","description":"Exercise ID","required":true,"style":"simple","explode":false,"schema":{"type":"string"}}],"requestBody":{"description":"Completed exercise updated","content":{"application/json":{"schema":{"$ref":"#/components/schemas/Updated"}}},"required":true},"responses":{"200":{"description":"Completed exercise updated","content":{"application/json":{"schema":{"$ref":"#/components/schemas/CompletedExercise"}}}},"400":{"description":"No completed exercise with that ID","content":{"application/json":{"schema":{"$ref":"#/components/schemas/NotFound"}}}},"401":{"description":"Auth failed","content":{"application/json":{"schema":{"$ref":"#/components/schemas/AuthFailed"}}}},"500":{"description":"Error","content":{"application/json":{"schema":{"$ref":"#/components/schemas/Error"}}}}},"security":[{"ApiKeyAuth":[]}]}},"/cleaning-tasks/name":{"get":{"tags":["cleaning-tasks"],"summary":"Get list of cleaning tasks","operationId":"cleaning-tasks_get_all","responses":{"200":{"description":"List of cleaning tasks","content":{"application/json":{"schema":{"type":"array","items":{"$ref":"#/components/schemas/CleaningTask"}}}}},"401":{"description":"Auth failed","content":{"application/json":{"schema":{"$ref":"#/components/schemas/AuthFailed"}}}},"500":{"description":"Error","content":{"application/json":{"schema":{"$ref":"#/components/schemas/Error"}}}}},"security":[{"ApiKeyAuth":[]}]},"post":{"tags":["cleaning-tasks"],"summary":"Add cleaning task","operationId":"cleaning-tasks_create","requestBody":{"description":"Completed cleaning task","content":{"application/json":{"schema":{"$ref":"#/components/schemas/CleaningTask"}}},"required":true},"responses":{"201":{"description":"Cleaning task created","content":{"application/json":{"schema":{"$ref":"#/components/schemas/Created"}}}},"401":{"description":"Auth failed","content":{"application/json":{"schema":{"$ref":"#/components/schemas/AuthFailed"}}}},"500":{"description":"Error","content":{"application/json":{"schema":{"$ref":"#/components/schemas/Error"}}}}},"security":[{"ApiKeyAuth":[]}]}},"/cleaning-task/name/{taskId}":{"get":{"tags":["cleaning-tasks"],"summary":"Get list of cleaning tasks","operationId":"cleaning-tasks_get","parameters":[{"name":"taskId","in":"path","description":"Cleaning task ID","required":true,"style":"simple","explode":false,"schema":{"type":"string"}}],"responses":{"200":{"description":"Cleaning task detail","content":{"application/json":{"schema":{"$ref":"#/components/schemas/CleaningTask"}}}},"400":{"description":"No cleaning task with that ID","content":{"application/json":{"schema":{"$ref":"#/components/schemas/NotFound"}}}},"401":{"description":"Auth failed","content":{"application/json":{"schema":{"$ref":"#/components/schemas/AuthFailed"}}}},"500":{"description":"Error","content":{"application/json":{"schema":{"$ref":"#/components/schemas/Error"}}}}},"security":[{"ApiKeyAuth":[]}]},"delete":{"tags":["cleaning-tasks"],"summary":"Delete cleaning task","operationId":"cleaning-task_delete","parameters":[{"name":"taskId","in":"path","description":"Cleaning task ID","required":true,"style":"simple","explode":false,"schema":{"type":"string"}}],"responses":{"200":{"description":"Cleaning task deleted","content":{"application/json":{"schema":{"$ref":"#/components/schemas/OK"}}}},"400":{"description":"No cleaning task with that ID","content":{"application/json":{"schema":{"$ref":"#/components/schemas/NotFound"}}}},"401":{"description":"Auth failed","content":{"application/json":{"schema":{"$ref":"#/components/schemas/AuthFailed"}}}},"500":{"description":"Error","content":{"application/json":{"schema":{"$ref":"#/components/schemas/Error"}}}}},"security":[{"ApiKeyAuth":[]}]},"patch":{"tags":["cleaning-tasks"],"summary":"Update cleaning task","operationId":"cleaning-task_update","parameters":[{"name":"taskId","in":"path","description":"Cleaning task ID","required":true,"style":"simple","explode":false,"schema":{"type":"string"}}],"requestBody":{"description":"Update cleaning task","content":{"application/json":{"schema":{"$ref":"#/components/schemas/CleaningTask"}}},"required":true},"responses":{"200":{"description":"Cleaning task updated","content":{"application/json":{"schema":{"$ref":"#/components/schemas/Updated"}}}},"400":{"description":"No cleaning task with that ID","content":{"application/json":{"schema":{"$ref":"#/components/schemas/NotFound"}}}},"401":{"description":"Auth failed","content":{"application/json":{"schema":{"$ref":"#/components/schemas/AuthFailed"}}}},"500":{"description":"Error","content":{"application/json":{"schema":{"$ref":"#/components/schemas/Error"}}}}},"security":[{"ApiKeyAuth":[]}]}},"/cleaning-tasks/place":{"get":{"tags":["cleaning-tasks"],"summary":"Get list of cleaning tasks by place","operationId":"cleaning-tasks-place_get_all","responses":{"200":{"description":"List of cleaning tasks by place","content":{"application/json":{"schema":{"type":"array","items":{"$ref":"#/components/schemas/CleaningTaskPlace"}}}}},"401":{"description":"Auth failed","content":{"application/json":{"schema":{"$ref":"#/components/schemas/AuthFailed"}}}},"500":{"description":"Error","content":{"application/json":{"schema":{"$ref":"#/components/schemas/Error"}}}}},"security":[{"ApiKeyAuth":[]}]}},"/rehearsals":{"get":{"tags":["rehearsal"],"summary":"Get list of rehearsals","operationId":"rehearsal_get_all","responses":{"200":{"description":"List of rehearsals","content":{"application/json":{"schema":{"type":"array","items":{"$ref":"#/components/schemas/Rehearsal"}}}}},"401":{"description":"Auth failed","content":{"application/json":{"schema":{"$ref":"#/components/schemas/AuthFailed"}}}},"500":{"description":"Error","content":{"application/json":{"schema":{"$ref":"#/components/schemas/Error"}}}}},"security":[{"ApiKeyAuth":[]}]},"post":{"tags":["rehearsal"],"summary":"Add rehearsal","operationId":"rehearsal_create","requestBody":{"description":"Completed rehearsal","content":{"application/json":{"schema":{"$ref":"#/components/schemas/Rehearsal"}}},"required":true},"responses":{"201":{"description":"Rehearsal created","content":{"application/json":{"schema":{"$ref":"#/components/schemas/Created"}}}},"401":{"description":"Auth failed","content":{"application/json":{"schema":{"$ref":"#/components/schemas/AuthFailed"}}}},"500":{"description":"Error","content":{"application/json":{"schema":{"$ref":"#/components/schemas/Error"}}}}},"security":[{"ApiKeyAuth":[]}]}},"/rehearsal/{rehearsalId}":{"get":{"tags":["rehearsal"],"summary":"Get list of rehearsals","operationId":"rehearsal_get","parameters":[{"name":"rehearsalId","in":"path","description":"Rehearsal ID","required":true,"style":"simple","explode":false,"schema":{"type":"string"}}],"responses":{"200":{"description":"Rehearsal detail","content":{"application/json":{"schema":{"$ref":"#/components/schemas/Rehearsal"}}}},"400":{"description":"No rehearsal with that ID","content":{"application/json":{"schema":{"$ref":"#/components/schemas/NotFound"}}}},"401":{"description":"Auth failed","content":{"application/json":{"schema":{"$ref":"#/components/schemas/AuthFailed"}}}},"500":{"description":"Error","content":{"application/json":{"schema":{"$ref":"#/components/schemas/Error"}}}}},"security":[{"ApiKeyAuth":[]}]},"delete":{"tags":["rehearsal"],"summary":"Delete rehearsal","operationId":"rehearsal_delete","parameters":[{"name":"rehearsalId","in":"path","description":"Rehearsal ID","required":true,"style":"simple","explode":false,"schema":{"type":"string"}}],"responses":{"200":{"description":"Rehearsal deleted","content":{"application/json":{"schema":{"$ref":"#/components/schemas/OK"}}}},"400":{"description":"No rehearsal with that ID","content":{"application/json":{"schema":{"$ref":"#/components/schemas/NotFound"}}}},"401":{"description":"Auth failed","content":{"application/json":{"schema":{"$ref":"#/components/schemas/AuthFailed"}}}},"500":{"description":"Error","content":{"application/json":{"schema":{"$ref":"#/components/schemas/Error"}}}}},"security":[{"ApiKeyAuth":[]}]},"patch":{"tags":["rehearsal"],"summary":"Update rehearsal","operationId":"rehearsal_update","parameters":[{"name":"rehearsalId","in":"path","description":"Rehearsal ID","required":true,"style":"simple","explode":false,"schema":{"type":"string"}}],"requestBody":{"description":"Update rehearsal","content":{"application/json":{"schema":{"$ref":"#/components/schemas/Rehearsal"}}},"required":true},"responses":{"200":{"description":"Rehearsal updated","content":{"application/json":{"schema":{"$ref":"#/components/schemas/Updated"}}}},"400":{"description":"No rehearsal with that ID","content":{"application/json":{"schema":{"$ref":"#/components/schemas/NotFound"}}}},"401":{"description":"Auth failed","content":{"application/json":{"schema":{"$ref":"#/components/schemas/AuthFailed"}}}},"500":{"description":"Error","content":{"application/json":{"schema":{"$ref":"#/components/schemas/Error"}}}}},"security":[{"ApiKeyAuth":[]}]}},"/rehearsals/sheets":{"get":{"tags":["rehearsal"],"summary":"Get list of rehearsals by sheet","operationId":"rehearsal-sheets_get_all","responses":{"200":{"description":"List of rehearsals by sheet","content":{"application/json":{"schema":{"type":"array","items":{"$ref":"#/components/schemas/RehearsalSheet"}}}}},"401":{"description":"Auth failed","content":{"application/json":{"schema":{"$ref":"#/components/schemas/AuthFailed"}}}},"500":{"description":"Error","content":{"application/json":{"schema":{"$ref":"#/components/schemas/Error"}}}}},"security":[{"ApiKeyAuth":[]}]}},"/budgets":{"get":{"tags":["budget"],"summary":"Get list of budgets","operationId":"budget_get_all","responses":{"200":{"description":"List of budgets","content":{"application/json":{"schema":{"type":"array","items":{"$ref":"#/components/schemas/Budget"}}}}},"401":{"description":"Auth failed","content":{"application/json":{"schema":{"$ref":"#/components/schemas/AuthFailed"}}}},"500":{"description":"Error","content":{"application/json":{"schema":{"$ref":"#/components/schemas/Error"}}}}},"security":[{"ApiKeyAuth":[]}]},"post":{"tags":["budget"],"summary":"Add budget","operationId":"budget_create","requestBody":{"description":"Completed budget","content":{"application/json":{"schema":{"$ref":"#/components/schemas/Budget"}}},"required":true},"responses":{"201":{"description":"Budget created","content":{"application/json":{"schema":{"$ref":"#/components/schemas/Created"}}}},"401":{"description":"Auth failed","content":{"application/json":{"schema":{"$ref":"#/components/schemas/AuthFailed"}}}},"500":{"description":"Error","content":{"application/json":{"schema":{"$ref":"#/components/schemas/Error"}}}}},"security":[{"ApiKeyAuth":[]}]}},"/budget/{budgetId}":{"get":{"tags":["budget"],"summary":"Get list of budgets","operationId":"budget_get","parameters":[{"name":"budgetId","in":"path","description":"Budget ID","required":true,"style":"simple","explode":false,"schema":{"type":"string"}}],"responses":{"200":{"description":"Budget detail","content":{"application/json":{"schema":{"$ref":"#/components/schemas/Budget"}}}},"400":{"description":"No budget with that ID","content":{"application/json":{"schema":{"$ref":"#/components/schemas/NotFound"}}}},"401":{"description":"Auth failed","content":{"application/json":{"schema":{"$ref":"#/components/schemas/AuthFailed"}}}},"500":{"description":"Error","content":{"application/json":{"schema":{"$ref":"#/components/schemas/Error"}}}}},"security":[{"ApiKeyAuth":[]}]},"delete":{"tags":["budget"],"summary":"Delete budget","operationId":"budget_delete","parameters":[{"name":"budgetId","in":"path","description":"Budget ID","required":true,"style":"simple","explode":false,"schema":{"type":"string"}}],"responses":{"200":{"description":"Budget deleted","content":{"application/json":{"schema":{"$ref":"#/components/schemas/OK"}}}},"400":{"description":"No budget with that ID","content":{"application/json":{"schema":{"$ref":"#/components/schemas/NotFound"}}}},"401":{"description":"Auth failed","content":{"application/json":{"schema":{"$ref":"#/components/schemas/AuthFailed"}}}},"500":{"description":"Error","content":{"application/json":{"schema":{"$ref":"#/components/schemas/Error"}}}}},"security":[{"ApiKeyAuth":[]}]},"patch":{"tags":["budget"],"summary":"Update budget","operationId":"budget_update","parameters":[{"name":"budgetId","in":"path","description":"Budget ID","required":true,"style":"simple","explode":false,"schema":{"type":"string"}}],"requestBody":{"description":"Update budget","content":{"application/json":{"schema":{"$ref":"#/components/schemas/Budget"}}},"required":true},"responses":{"200":{"description":"Budget updated","content":{"application/json":{"schema":{"$ref":"#/components/schemas/Updated"}}}},"400":{"description":"No budget with that ID","content":{"application/json":{"schema":{"$ref":"#/components/schemas/NotFound"}}}},"401":{"description":"Auth failed","content":{"application/json":{"schema":{"$ref":"#/components/schemas/AuthFailed"}}}},"500":{"description":"Error","content":{"application/json":{"schema":{"$ref":"#/components/schemas/Error"}}}}},"security":[{"ApiKeyAuth":[]}]}},"/crops":{"get":{"tags":["crop"],"summary":"Get list of crops","operationId":"crop_get_all","responses":{"200":{"description":"List of crops","content":{"application/json":{"schema":{"type":"array","items":{"$ref":"#/components/schemas/Crop"}}}}},"401":{"description":"Auth failed","content":{"application/json":{"schema":{"$ref":"#/components/schemas/AuthFailed"}}}},"500":{"description":"Error","content":{"application/json":{"schema":{"$ref":"#/components/schemas/Error"}}}}},"security":[{"ApiKeyAuth":[]}]},"post":{"tags":["crop"],"summary":"Add crop","operationId":"crop_create","requestBody":{"description":"Completed crop","content":{"application/json":{"schema":{"$ref":"#/components/schemas/Crop"}}},"required":true},"responses":{"201":{"description":"Crop created","content":{"application/json":{"schema":{"$ref":"#/components/schemas/Created"}}}},"401":{"description":"Auth failed","content":{"application/json":{"schema":{"$ref":"#/components/schemas/AuthFailed"}}}},"500":{"description":"Error","content":{"application/json":{"schema":{"$ref":"#/components/schemas/Error"}}}}},"security":[{"ApiKeyAuth":[]}]}},"/crop/{cropId}":{"get":{"tags":["crop"],"summary":"Get list of crops","operationId":"crop_get","parameters":[{"name":"cropId","in":"path","description":"Crop ID","required":true,"style":"simple","explode":false,"schema":{"type":"string"}}],"responses":{"200":{"description":"Crop detail","content":{"application/json":{"schema":{"$ref":"#/components/schemas/Crop"}}}},"400":{"description":"No crop with that ID","content":{"application/json":{"schema":{"$ref":"#/components/schemas/NotFound"}}}},"401":{"description":"Auth failed","content":{"application/json":{"schema":{"$ref":"#/components/schemas/AuthFailed"}}}},"500":{"description":"Error","content":{"application/json":{"schema":{"$ref":"#/components/schemas/Error"}}}}},"security":[{"ApiKeyAuth":[]}]},"delete":{"tags":["crop"],"summary":"Delete crop","operationId":"crop_delete","parameters":[{"name":"cropId","in":"path","description":"Crop ID","required":true,"style":"simple","explode":false,"schema":{"type":"string"}}],"responses":{"200":{"description":"Crop deleted","content":{"application/json":{"schema":{"$ref":"#/components/schemas/OK"}}}},"400":{"description":"No crop with that ID","content":{"application/json":{"schema":{"$ref":"#/components/schemas/NotFound"}}}},"401":{"description":"Auth failed","content":{"application/json":{"schema":{"$ref":"#/components/schemas/AuthFailed"}}}},"500":{"description":"Error","content":{"application/json":{"schema":{"$ref":"#/components/schemas/Error"}}}}},"security":[{"ApiKeyAuth":[]}]},"patch":{"tags":["crop"],"summary":"Update crop","operationId":"crop_update","parameters":[{"name":"cropId","in":"path","description":"Crop ID","required":true,"style":"simple","explode":false,"schema":{"type":"string"}}],"requestBody":{"description":"Update crop","content":{"application/json":{"schema":{"$ref":"#/components/schemas/Crop"}}},"required":true},"responses":{"200":{"description":"Crop updated","content":{"application/json":{"schema":{"$ref":"#/components/schemas/Updated"}}}},"400":{"description":"No crop with that ID","content":{"application/json":{"schema":{"$ref":"#/components/schemas/NotFound"}}}},"401":{"description":"Auth failed","content":{"application/json":{"schema":{"$ref":"#/components/schemas/AuthFailed"}}}},"500":{"description":"Error","content":{"application/json":{"schema":{"$ref":"#/components/schemas/Error"}}}}},"security":[{"ApiKeyAuth":[]}]}},"/species":{"get":{"tags":["specie"],"summary":"Get list of species","operationId":"specie_get_all","responses":{"200":{"description":"List of species","content":{"application/json":{"schema":{"type":"array","items":{"$ref":"#/components/schemas/Specie"}}}}},"401":{"description":"Auth failed","content":{"application/json":{"schema":{"$ref":"#/components/schemas/AuthFailed"}}}},"500":{"description":"Error","content":{"application/json":{"schema":{"$ref":"#/components/schemas/Error"}}}}},"security":[{"ApiKeyAuth":[]}]},"post":{"tags":["specie"],"summary":"Add specie","operationId":"specie_create","requestBody":{"description":"Completed specie","content":{"application/json":{"schema":{"$ref":"#/components/schemas/Specie"}}},"required":true},"responses":{"201":{"description":"Specie created","content":{"application/json":{"schema":{"$ref":"#/components/schemas/Created"}}}},"401":{"description":"Auth failed","content":{"application/json":{"schema":{"$ref":"#/components/schemas/AuthFailed"}}}},"500":{"description":"Error","content":{"application/json":{"schema":{"$ref":"#/components/schemas/Error"}}}}},"security":[{"ApiKeyAuth":[]}]}},"/specie/{specieId}":{"get":{"tags":["specie"],"summary":"Get list of species","operationId":"specie_get","parameters":[{"name":"specieId","in":"path","description":"Specie ID","required":true,"style":"simple","explode":false,"schema":{"type":"string"}}],"responses":{"200":{"description":"Specie detail","content":{"application/json":{"schema":{"$ref":"#/components/schemas/Specie"}}}},"400":{"description":"No specie with that ID","content":{"application/json":{"schema":{"$ref":"#/components/schemas/NotFound"}}}},"401":{"description":"Auth failed","content":{"application/json":{"schema":{"$ref":"#/components/schemas/AuthFailed"}}}},"500":{"description":"Error","content":{"application/json":{"schema":{"$ref":"#/components/schemas/Error"}}}}},"security":[{"ApiKeyAuth":[]}]},"delete":{"tags":["specie"],"summary":"Delete specie","operationId":"specie_delete","parameters":[{"name":"specieId","in":"path","description":"Specie ID","required":true,"style":"simple","explode":false,"schema":{"type":"string"}}],"responses":{"200":{"description":"Specie deleted","content":{"application/json":{"schema":{"$ref":"#/components/schemas/OK"}}}},"400":{"description":"No specie with that ID","content":{"application/json":{"schema":{"$ref":"#/components/schemas/NotFound"}}}},"401":{"description":"Auth failed","content":{"application/json":{"schema":{"$ref":"#/components/schemas/AuthFailed"}}}},"500":{"description":"Error","content":{"application/json":{"schema":{"$ref":"#/components/schemas/Error"}}}}},"security":[{"ApiKeyAuth":[]}]},"patch":{"tags":["specie"],"summary":"Update specie","operationId":"specie_update","parameters":[{"name":"specieId","in":"path","description":"Specie ID","required":true,"style":"simple","explode":false,"schema":{"type":"string"}}],"requestBody":{"description":"Update specie","content":{"application/json":{"schema":{"$ref":"#/components/schemas/Specie"}}},"required":true},"responses":{"200":{"description":"Specie updated","content":{"application/json":{"schema":{"$ref":"#/components/schemas/Updated"}}}},"400":{"description":"No specie with that ID","content":{"application/json":{"schema":{"$ref":"#/components/schemas/NotFound"}}}},"401":{"description":"Auth failed","content":{"application/json":{"schema":{"$ref":"#/components/schemas/AuthFailed"}}}},"500":{"description":"Error","content":{"application/json":{"schema":{"$ref":"#/components/schemas/Error"}}}}},"security":[{"ApiKeyAuth":[]}]}},"/books":{"get":{"tags":["book"],"summary":"Get list of books","operationId":"book_get_all","responses":{"200":{"description":"List of books","content":{"application/json":{"schema":{"type":"array","items":{"$ref":"#/components/schemas/Book"}}}}},"401":{"description":"Auth failed","content":{"application/json":{"schema":{"$ref":"#/components/schemas/AuthFailed"}}}},"500":{"description":"Error","content":{"application/json":{"schema":{"$ref":"#/components/schemas/Error"}}}}},"security":[{"ApiKeyAuth":[]}]},"post":{"tags":["book"],"summary":"Add book","operationId":"book_create","requestBody":{"description":"Completed book","content":{"application/json":{"schema":{"$ref":"#/components/schemas/Book"}}},"required":true},"responses":{"201":{"description":"Book created","content":{"application/json":{"schema":{"$ref":"#/components/schemas/Created"}}}},"401":{"description":"Auth failed","content":{"application/json":{"schema":{"$ref":"#/components/schemas/AuthFailed"}}}},"500":{"description":"Error","content":{"application/json":{"schema":{"$ref":"#/components/schemas/Error"}}}}},"security":[{"ApiKeyAuth":[]}]}},"/book/{bookId}":{"get":{"tags":["book"],"summary":"Get list of books","operationId":"book_get","parameters":[{"name":"bookId","in":"path","description":"Book ID","required":true,"style":"simple","explode":false,"schema":{"type":"string"}}],"responses":{"200":{"description":"Book detail","content":{"application/json":{"schema":{"$ref":"#/components/schemas/Book"}}}},"400":{"description":"No book with that ID","content":{"application/json":{"schema":{"$ref":"#/components/schemas/NotFound"}}}},"401":{"description":"Auth failed","content":{"application/json":{"schema":{"$ref":"#/components/schemas/AuthFailed"}}}},"500":{"description":"Error","content":{"application/json":{"schema":{"$ref":"#/components/schemas/Error"}}}}},"security":[{"ApiKeyAuth":[]}]},"delete":{"tags":["book"],"summary":"Delete book","operationId":"book_delete","parameters":[{"name":"bookId","in":"path","description":"Book ID","required":true,"style":"simple","explode":false,"schema":{"type":"string"}}],"responses":{"200":{"description":"Book deleted","content":{"application/json":{"schema":{"$ref":"#/components/schemas/OK"}}}},"400":{"description":"No book with that ID","content":{"application/json":{"schema":{"$ref":"#/components/schemas/NotFound"}}}},"401":{"description":"Auth failed","content":{"application/json":{"schema":{"$ref":"#/components/schemas/AuthFailed"}}}},"500":{"description":"Error","content":{"application/json":{"schema":{"$ref":"#/components/schemas/Error"}}}}},"security":[{"ApiKeyAuth":[]}]},"patch":{"tags":["book"],"summary":"Update book","operationId":"book_update","parameters":[{"name":"bookId","in":"path","description":"Book ID","required":true,"style":"simple","explode":false,"schema":{"type":"string"}}],"requestBody":{"description":"Update book","content":{"application/json":{"schema":{"$ref":"#/components/schemas/Book"}}},"required":true},"responses":{"200":{"description":"Book updated","content":{"application/json":{"schema":{"$ref":"#/components/schemas/Updated"}}}},"400":{"description":"No book with that ID","content":{"application/json":{"schema":{"$ref":"#/components/schemas/NotFound"}}}},"401":{"description":"Auth failed","content":{"application/json":{"schema":{"$ref":"#/components/schemas/AuthFailed"}}}},"500":{"description":"Error","content":{"application/json":{"schema":{"$ref":"#/components/schemas/Error"}}}}},"security":[{"ApiKeyAuth":[]}]}},"/tvshows":{"get":{"tags":["tvshow"],"summary":"Get list of tv shows","operationId":"tvshow_get_all","responses":{"200":{"description":"List of tv shows","content":{"application/json":{"schema":{"type":"array","items":{"$ref":"#/components/schemas/TVShow"}}}}},"401":{"description":"Auth failed","content":{"application/json":{"schema":{"$ref":"#/components/schemas/AuthFailed"}}}},"500":{"description":"Error","content":{"application/json":{"schema":{"$ref":"#/components/schemas/Error"}}}}},"security":[{"ApiKeyAuth":[]}]},"post":{"tags":["tvshow"],"summary":"Add tvshow","operationId":"tvshow_create","requestBody":{"description":"Completed TV show","content":{"application/json":{"schema":{"$ref":"#/components/schemas/TVShow"}}},"required":true},"responses":{"201":{"description":"TV show created","content":{"application/json":{"schema":{"$ref":"#/components/schemas/Created"}}}},"401":{"description":"Auth failed","content":{"application/json":{"schema":{"$ref":"#/components/schemas/AuthFailed"}}}},"500":{"description":"Error","content":{"application/json":{"schema":{"$ref":"#/components/schemas/Error"}}}}},"security":[{"ApiKeyAuth":[]}]}},"/tvshow/{tvshowId}":{"get":{"tags":["tvshow"],"summary":"Get list of tv shows","operationId":"tvshow_get","parameters":[{"name":"tvshowId","in":"path","description":"TV show ID","required":true,"style":"simple","explode":false,"schema":{"type":"string"}}],"responses":{"200":{"description":"TV show detail","content":{"application/json":{"schema":{"$ref":"#/components/schemas/TVShow"}}}},"400":{"description":"No TV show with that ID","content":{"application/json":{"schema":{"$ref":"#/components/schemas/NotFound"}}}},"401":{"description":"Auth failed","content":{"application/json":{"schema":{"$ref":"#/components/schemas/AuthFailed"}}}},"500":{"description":"Error","content":{"application/json":{"schema":{"$ref":"#/components/schemas/Error"}}}}},"security":[{"ApiKeyAuth":[]}]},"delete":{"tags":["tvshow"],"summary":"Delete tv show","operationId":"tvshow_delete","parameters":[{"name":"tvshowId","in":"path","description":"TV show ID","required":true,"style":"simple","explode":false,"schema":{"type":"string"}}],"responses":{"200":{"description":"TV show deleted","content":{"application/json":{"schema":{"$ref":"#/components/schemas/OK"}}}},"400":{"description":"No TV show with that ID","content":{"application/json":{"schema":{"$ref":"#/components/schemas/NotFound"}}}},"401":{"description":"Auth failed","content":{"application/json":{"schema":{"$ref":"#/components/schemas/AuthFailed"}}}},"500":{"description":"Error","content":{"application/json":{"schema":{"$ref":"#/components/schemas/Error"}}}}},"security":[{"ApiKeyAuth":[]}]},"patch":{"tags":["tvshow"],"summary":"Update TV show","operationId":"tvshow_update","parameters":[{"name":"tvshowId","in":"path","description":"TV show ID","required":true,"style":"simple","explode":false,"schema":{"type":"string"}}],"requestBody":{"description":"Update tv show","content":{"application/json":{"schema":{"$ref":"#/components/schemas/TVShow"}}},"required":true},"responses":{"200":{"description":"TV show updated","content":{"application/json":{"schema":{"$ref":"#/components/schemas/Updated"}}}},"400":{"description":"No tvshow with that ID","content":{"application/json":{"schema":{"$ref":"#/components/schemas/NotFound"}}}},"401":{"description":"Auth failed","content":{"application/json":{"schema":{"$ref":"#/components/schemas/AuthFailed"}}}},"500":{"description":"Error","content":{"application/json":{"schema":{"$ref":"#/components/schemas/Error"}}}}},"security":[{"ApiKeyAuth":[]}]}},"/movies":{"get":{"tags":["movie"],"summary":"Get list of movies","operationId":"movie_get_all","responses":{"200":{"description":"List of movies","content":{"application/json":{"schema":{"type":"array","items":{"$ref":"#/components/schemas/Movie"}}}}},"401":{"description":"Auth failed","content":{"application/json":{"schema":{"$ref":"#/components/schemas/AuthFailed"}}}},"500":{"description":"Error","content":{"application/json":{"schema":{"$ref":"#/components/schemas/Error"}}}}},"security":[{"ApiKeyAuth":[]}]},"post":{"tags":["movie"],"summary":"Add movie","operationId":"movie_create","requestBody":{"description":"Completed movie","content":{"application/json":{"schema":{"$ref":"#/components/schemas/Movie"}}},"required":true},"responses":{"201":{"description":"Movie created","content":{"application/json":{"schema":{"$ref":"#/components/schemas/Created"}}}},"401":{"description":"Auth failed","content":{"application/json":{"schema":{"$ref":"#/components/schemas/AuthFailed"}}}},"500":{"description":"Error","content":{"application/json":{"schema":{"$ref":"#/components/schemas/Error"}}}}},"security":[{"ApiKeyAuth":[]}]}},"/movie/{movieId}":{"get":{"tags":["movie"],"summary":"Get list of movies","operationId":"movie_get","parameters":[{"name":"movieId","in":"path","description":"Movie ID","required":true,"style":"simple","explode":false,"schema":{"type":"string"}}],"responses":{"200":{"description":"Movie detail","content":{"application/json":{"schema":{"$ref":"#/components/schemas/Movie"}}}},"400":{"description":"No movie with that ID","content":{"application/json":{"schema":{"$ref":"#/components/schemas/NotFound"}}}},"401":{"description":"Auth failed","content":{"application/json":{"schema":{"$ref":"#/components/schemas/AuthFailed"}}}},"500":{"description":"Error","content":{"application/json":{"schema":{"$ref":"#/components/schemas/Error"}}}}},"security":[{"ApiKeyAuth":[]}]},"delete":{"tags":["movie"],"summary":"Delete movie","operationId":"movie_delete","parameters":[{"name":"movieId","in":"path","description":"Movie ID","required":true,"style":"simple","explode":false,"schema":{"type":"string"}}],"responses":{"200":{"description":"Movie deleted","content":{"application/json":{"schema":{"$ref":"#/components/schemas/OK"}}}},"400":{"description":"No movie with that ID","content":{"application/json":{"schema":{"$ref":"#/components/schemas/NotFound"}}}},"401":{"description":"Auth failed","content":{"application/json":{"schema":{"$ref":"#/components/schemas/AuthFailed"}}}},"500":{"description":"Error","content":{"application/json":{"schema":{"$ref":"#/components/schemas/Error"}}}}},"security":[{"ApiKeyAuth":[]}]},"patch":{"tags":["movie"],"summary":"Update movie","operationId":"movie_update","parameters":[{"name":"movieId","in":"path","description":"Movie ID","required":true,"style":"simple","explode":false,"schema":{"type":"string"}}],"requestBody":{"description":"Update movie","content":{"application/json":{"schema":{"$ref":"#/components/schemas/Movie"}}},"required":true},"responses":{"200":{"description":"Movie updated","content":{"application/json":{"schema":{"$ref":"#/components/schemas/Updated"}}}},"400":{"description":"No movie with that ID","content":{"application/json":{"schema":{"$ref":"#/components/schemas/NotFound"}}}},"401":{"description":"Auth failed","content":{"application/json":{"schema":{"$ref":"#/components/schemas/AuthFailed"}}}},"500":{"description":"Error","content":{"application/json":{"schema":{"$ref":"#/components/schemas/Error"}}}}},"security":[{"ApiKeyAuth":[]}]}},"/quotes":{"get":{"tags":["quote"],"summary":"Get list of quotes","operationId":"quote_get_all","responses":{"200":{"description":"List of quotes","content":{"application/json":{"schema":{"type":"array","items":{"$ref":"#/components/schemas/Quote"}}}}},"401":{"description":"Auth failed","content":{"application/json":{"schema":{"$ref":"#/components/schemas/AuthFailed"}}}},"500":{"description":"Error","content":{"application/json":{"schema":{"$ref":"#/components/schemas/Error"}}}}},"security":[{"ApiKeyAuth":[]}]},"post":{"tags":["quote"],"summary":"Add quote","operationId":"quote_create","requestBody":{"description":"Completed quote","content":{"application/json":{"schema":{"$ref":"#/components/schemas/Quote"}}},"required":true},"responses":{"201":{"description":"Quote created","content":{"application/json":{"schema":{"$ref":"#/components/schemas/Created"}}}},"401":{"description":"Auth failed","content":{"application/json":{"schema":{"$ref":"#/components/schemas/AuthFailed"}}}},"500":{"description":"Error","content":{"application/json":{"schema":{"$ref":"#/components/schemas/Error"}}}}},"security":[{"ApiKeyAuth":[]}]}},"/quote/{quoteId}":{"get":{"tags":["quote"],"summary":"Get list of quotes","operationId":"quote_get","parameters":[{"name":"quoteId","in":"path","description":"Quote ID","required":true,"style":"simple","explode":false,"schema":{"type":"string"}}],"responses":{"200":{"description":"Quote detail","content":{"application/json":{"schema":{"$ref":"#/components/schemas/Quote"}}}},"400":{"description":"No quote with that ID","content":{"application/json":{"schema":{"$ref":"#/components/schemas/NotFound"}}}},"401":{"description":"Auth failed","content":{"application/json":{"schema":{"$ref":"#/components/schemas/AuthFailed"}}}},"500":{"description":"Error","content":{"application/json":{"schema":{"$ref":"#/components/schemas/Error"}}}}},"security":[{"ApiKeyAuth":[]}]},"delete":{"tags":["quote"],"summary":"Delete quote","operationId":"quote_delete","parameters":[{"name":"quoteId","in":"path","description":"Quote ID","required":true,"style":"simple","explode":false,"schema":{"type":"string"}}],"responses":{"200":{"description":"Quote deleted","content":{"application/json":{"schema":{"$ref":"#/components/schemas/OK"}}}},"400":{"description":"No quote with that ID","content":{"application/json":{"schema":{"$ref":"#/components/schemas/NotFound"}}}},"401":{"description":"Auth failed","content":{"application/json":{"schema":{"$ref":"#/components/schemas/AuthFailed"}}}},"500":{"description":"Error","content":{"application/json":{"schema":{"$ref":"#/components/schemas/Error"}}}}},"security":[{"ApiKeyAuth":[]}]},"patch":{"tags":["quote"],"summary":"Update quote","operationId":"quote_update","parameters":[{"name":"quoteId","in":"path","description":"Quote ID","required":true,"style":"simple","explode":false,"schema":{"type":"string"}}],"requestBody":{"description":"Update quote","content":{"application/json":{"schema":{"$ref":"#/components/schemas/Quote"}}},"required":true},"responses":{"200":{"description":"Quote updated","content":{"application/json":{"schema":{"$ref":"#/components/schemas/Updated"}}}},"400":{"description":"No quote with that ID","content":{"application/json":{"schema":{"$ref":"#/components/schemas/NotFound"}}}},"401":{"description":"Auth failed","content":{"application/json":{"schema":{"$ref":"#/components/schemas/AuthFailed"}}}},"500":{"description":"Error","content":{"application/json":{"schema":{"$ref":"#/components/schemas/Error"}}}}},"security":[{"ApiKeyAuth":[]}]}},"/recipes":{"get":{"tags":["recipe"],"summary":"Get list of recipes","operationId":"recipe_get_all","responses":{"200":{"description":"List of recipes","content":{"application/json":{"schema":{"type":"array","items":{"$ref":"#/components/schemas/Recipe"}}}}},"401":{"description":"Auth failed","content":{"application/json":{"schema":{"$ref":"#/components/schemas/AuthFailed"}}}},"500":{"description":"Error","content":{"application/json":{"schema":{"$ref":"#/components/schemas/Error"}}}}},"security":[{"ApiKeyAuth":[]}]},"post":{"tags":["recipe"],"summary":"Add recipe","operationId":"recipe_create","requestBody":{"description":"Completed recipe","content":{"application/json":{"schema":{"$ref":"#/components/schemas/Recipe"}}},"required":true},"responses":{"201":{"description":"Recipe created","content":{"application/json":{"schema":{"$ref":"#/components/schemas/Created"}}}},"401":{"description":"Auth failed","content":{"application/json":{"schema":{"$ref":"#/components/schemas/AuthFailed"}}}},"500":{"description":"Error","content":{"application/json":{"schema":{"$ref":"#/components/schemas/Error"}}}}},"security":[{"ApiKeyAuth":[]}]}},"/recipe/{recipeId}":{"get":{"tags":["recipe"],"summary":"Get list of recipes","operationId":"recipe_get","parameters":[{"name":"recipeId","in":"path","description":"Recipe ID","required":true,"style":"simple","explode":false,"schema":{"type":"string"}}],"responses":{"200":{"description":"Recipe detail","content":{"application/json":{"schema":{"$ref":"#/components/schemas/Recipe"}}}},"400":{"description":"No recipe with that ID","content":{"application/json":{"schema":{"$ref":"#/components/schemas/NotFound"}}}},"401":{"description":"Auth failed","content":{"application/json":{"schema":{"$ref":"#/components/schemas/AuthFailed"}}}},"500":{"description":"Error","content":{"application/json":{"schema":{"$ref":"#/components/schemas/Error"}}}}},"security":[{"ApiKeyAuth":[]}]},"delete":{"tags":["recipe"],"summary":"Delete recipe","operationId":"recipe_delete","parameters":[{"name":"recipeId","in":"path","description":"Recipe ID","required":true,"style":"simple","explode":false,"schema":{"type":"string"}}],"responses":{"200":{"description":"Recipe deleted","content":{"application/json":{"schema":{"$ref":"#/components/schemas/OK"}}}},"400":{"description":"No recipe with that ID","content":{"application/json":{"schema":{"$ref":"#/components/schemas/NotFound"}}}},"401":{"description":"Auth failed","content":{"application/json":{"schema":{"$ref":"#/components/schemas/AuthFailed"}}}},"500":{"description":"Error","content":{"application/json":{"schema":{"$ref":"#/components/schemas/Error"}}}}},"security":[{"ApiKeyAuth":[]}]},"patch":{"tags":["recipe"],"summary":"Update recipe","operationId":"recipe_update","parameters":[{"name":"recipeId","in":"path","description":"Recipe ID","required":true,"style":"simple","explode":false,"schema":{"type":"string"}}],"requestBody":{"description":"Update recipe","content":{"application/json":{"schema":{"$ref":"#/components/schemas/Recipe"}}},"required":true},"responses":{"200":{"description":"Recipe updated","content":{"application/json":{"schema":{"$ref":"#/components/schemas/Updated"}}}},"400":{"description":"No recipe with that ID","content":{"application/json":{"schema":{"$ref":"#/components/schemas/NotFound"}}}},"401":{"description":"Auth failed","content":{"application/json":{"schema":{"$ref":"#/components/schemas/AuthFailed"}}}},"500":{"description":"Error","content":{"application/json":{"schema":{"$ref":"#/components/schemas/Error"}}}}},"security":[{"ApiKeyAuth":[]}]}},"/cocktails":{"get":{"tags":["cocktail"],"summary":"Get list of cocktails","operationId":"cocktail_get_all","responses":{"200":{"description":"List of cocktails","content":{"application/json":{"schema":{"type":"array","items":{"$ref":"#/components/schemas/Cocktail"}}}}},"401":{"description":"Auth failed","content":{"application/json":{"schema":{"$ref":"#/components/schemas/AuthFailed"}}}},"500":{"description":"Error","content":{"application/json":{"schema":{"$ref":"#/components/schemas/Error"}}}}},"security":[{"ApiKeyAuth":[]}]},"post":{"tags":["cocktail"],"summary":"Add cocktail","operationId":"cocktail_create","requestBody":{"description":"Completed cocktail","content":{"application/json":{"schema":{"$ref":"#/components/schemas/Cocktail"}}},"required":true},"responses":{"201":{"description":"Cocktail created","content":{"application/json":{"schema":{"$ref":"#/components/schemas/Created"}}}},"401":{"description":"Auth failed","content":{"application/json":{"schema":{"$ref":"#/components/schemas/AuthFailed"}}}},"500":{"description":"Error","content":{"application/json":{"schema":{"$ref":"#/components/schemas/Error"}}}}},"security":[{"ApiKeyAuth":[]}]}},"/cocktail/{cocktailId}":{"get":{"tags":["cocktail"],"summary":"Get list of cocktails","operationId":"cocktail_get","parameters":[{"name":"cocktailId","in":"path","description":"Cocktail ID","required":true,"style":"simple","explode":false,"schema":{"type":"string"}}],"responses":{"200":{"description":"Cocktail detail","content":{"application/json":{"schema":{"$ref":"#/components/schemas/Cocktail"}}}},"400":{"description":"No cocktail with that ID","content":{"application/json":{"schema":{"$ref":"#/components/schemas/NotFound"}}}},"401":{"description":"Auth failed","content":{"application/json":{"schema":{"$ref":"#/components/schemas/AuthFailed"}}}},"500":{"description":"Error","content":{"application/json":{"schema":{"$ref":"#/components/schemas/Error"}}}}},"security":[{"ApiKeyAuth":[]}]},"delete":{"tags":["cocktail"],"summary":"Delete cocktail","operationId":"cocktail_delete","parameters":[{"name":"cocktailId","in":"path","description":"Cocktail ID","required":true,"style":"simple","explode":false,"schema":{"type":"string"}}],"responses":{"200":{"description":"Cocktail deleted","content":{"application/json":{"schema":{"$ref":"#/components/schemas/OK"}}}},"400":{"description":"No cocktail with that ID","content":{"application/json":{"schema":{"$ref":"#/components/schemas/NotFound"}}}},"401":{"description":"Auth failed","content":{"application/json":{"schema":{"$ref":"#/components/schemas/AuthFailed"}}}},"500":{"description":"Error","content":{"application/json":{"schema":{"$ref":"#/components/schemas/Error"}}}}},"security":[{"ApiKeyAuth":[]}]},"patch":{"tags":["cocktail"],"summary":"Update cocktail","operationId":"cocktail_update","parameters":[{"name":"cocktailId","in":"path","description":"Cocktail ID","required":true,"style":"simple","explode":false,"schema":{"type":"string"}}],"requestBody":{"description":"Update cocktail","content":{"application/json":{"schema":{"$ref":"#/components/schemas/Cocktail"}}},"required":true},"responses":{"200":{"description":"Cocktail updated","content":{"application/json":{"schema":{"$ref":"#/components/schemas/Updated"}}}},"400":{"description":"No cocktail with that ID","content":{"application/json":{"schema":{"$ref":"#/components/schemas/NotFound"}}}},"401":{"description":"Auth failed","content":{"application/json":{"schema":{"$ref":"#/components/schemas/AuthFailed"}}}},"500":{"description":"Error","content":{"application/json":{"schema":{"$ref":"#/components/schemas/Error"}}}}},"security":[{"ApiKeyAuth":[]}]}}},"components":{"schemas":{"SimpleUser":{"required":["email","name","password"],"type":"object","properties":{"name":{"type":"string","example":"John Doe"},"email":{"type":"string","example":"john@domain.com"},"password":{"type":"string","example":"1234"}}},"UserSettings":{"type":"object","properties":{"_id":{"type":"string","example":"AB123SDF"},"weight":{"type":"number","example":57.5},"payments":{"type":"object","properties":{"vado":{"type":"number","example":182},"car":{"type":"number","example":6.2E+2},"house":{"type":"number","example":3.5E+2},"ibi":{"type":"number","example":974}}}}},"OK":{"type":"object","properties":{"code":{"type":"number","example":2E+2},"message":{"type":"string","example":"OK"}}},"Created":{"type":"object","properties":{"code":{"type":"number","example":201},"message":{"type":"string","example":"Succesfully created"}}},"Updated":{"type":"object","properties":{"code":{"type":"number","example":2E+2},"message":{"type":"string","example":"Succesfully updated"}}},"AuthFailed":{"type":"object","properties":{"code":{"type":"number","example":401},"message":{"type":"string","example":"Auth failed"}}},"NotFound":{"required":["code","message"],"type":"object","properties":{"code":{"type":"number","example":404},"message":{"type":"string","example":"Not found"}}},"Error":{"required":["code","message"],"type":"object","properties":{"code":{"type":"number","example":5E+2},"message":{"type":"string","example":"Error"}}},"Todo":{"required":["completed","task"],"type":"object","properties":{"_id":{"type":"string","example":"U234W834T42"},"completed":{"type":"boolean","example":false},"task":{"type":"string","example":"Tarea 1"}}},"TodoToCreate":{"required":["category","name"],"type":"object","properties":{"category_id":{"type":"string","example":"U234W834T42"},"todo":{"type":"string","example":"Tarea 2"}}},"Project":{"required":["doing","done","name","todo"],"properties":{"_id":{"type":"string","example":"U234W834T42"},"name":{"type":"string","example":"Iron Hand"},"todo":{"type":"array","items":{"type":"object","properties":{"title":{"type":"string","example":"Mockups"},"description":{"type":"string","example":"Desarrollo de Mockups para el proyecto Iron Hand"},"tags":{"type":"array","items":{"type":"string","example":"[\"Etiqueta 01\",\"Etiqueta 02\"]"}}}}},"doing":{"type":"array","items":{"type":"object","properties":{"title":{"type":"string","example":"Wireframe"},"description":{"type":"string","example":"Diseño de Wireframes para el proyecto Iron Hand"},"tags":{"type":"array","items":{"type":"string","example":"[\"Etiqueta 04\",\"Etiqueta 06\"]"}}}}},"done":{"type":"array","items":{"type":"object","properties":{"title":{"type":"string","example":"Diagrama de clases y tablas"},"description":{"type":"string","example":"Diseño lógico para el proyecto Iron Hand"},"tags":{"type":"array","items":{"type":"string","example":"[\"Etiqueta 09\",\"Etiqueta 03\"]"}}}}}}},"Exercise":{"required":["bodyParts","category","name"],"properties":{"_id":{"type":"string","example":"U234W834T42"},"name":{"type":"string","example":"Cuerda"},"category":{"type":"string","example":"Cardio"},"bodyParts":{"type":"array","example":["Piernas","Brazos"],"items":{"type":"string"}}}},"CompletedExercise":{"required":["date","exerciseId"],"properties":{"_id":{"type":"string","example":"U234W834T42"},"exerciseId":{"type":"string","example":"P194WER40"},"date":{"type":"string","example":"2019-04-04T21:20:00"},"repetitions":{"type":"integer","example":40},"time":{"type":"integer","example":600},"distance":{"type":"integer"},"speed":{"type":"integer","example":12},"weight":{"type":"integer","example":10},"minHeart":{"type":"integer","example":70},"maxHeart":{"type":"integer","example":120}}},"CleaningTask":{"required":["date","name","place"],"properties":{"_id":{"type":"string","example":"U234W834T42"},"date":{"type":"string","example":"2019-04-04T21:20:00"},"name":{"type":"string","example":"Escoba"},"place":{"type":"array","items":{"type":"string","example":"[\"Cocina\",\"Salón\"]"}}}},"CleaningTaskPlace":{"required":["date","name","place"],"properties":{"_id":{"type":"string","example":"U234W834T42"},"date":{"type":"string","example":"2019-04-04T21:20:00"},"place":{"type":"string","example":"Cocina"},"tasks":{"type":"array","items":{"type":"string","example":"[\"Escoba\",\"Fregona\"]"}}}},"Rehearsal":{"required":["date","instrument","sheets"],"properties":{"_id":{"type":"string","example":"U234W834T42"},"date":{"type":"string","example":"2022-04-04T21:20:00"},"instrument":{"type":"string","example":"Guitarra acústica"},"sheets":{"type":"array","items":{"type":"object","properties":{"title":{"type":"string","example":"When Can I See You Again"},"author":{"type":"string","example":"Babyface"},"time":{"type":"number","example":3E+1}}}},"totalTime":{"type":"number","example":3E+1}}},"RehearsalSheet":{"properties":{"_id":{"type":"string","example":"U234W834T42"},"sheet":{"type":"object","properties":{"title":{"type":"string","example":"When Can I See You Again"},"author":{"type":"string","example":"Babyface"}}},"instruments":{"type":"object","properties":{"instrument":{"type":"string","example":"Guitarra acústica"},"time":{"type":"number","example":3E+1}}}}},"Budget":{"properties":{"_id":{"type":"string","example":"AOIU342QWE"},"month":{"type":"number","example":202201},"totalIncome":{"type":"number","example":1511},"totalExpense":{"type":"number","example":1423},"expenses":{"type":"array","items":{"type":"object","properties":{"_id":{"type":"string","example":"PSDF342WE"},"type":{"type":"string","example":"Moto"},"concept":{"type":"string","example":"Crédito moto"},"estimated":{"type":"number","example":2.1E+2},"real":{"type":"number","example":208.38},"state":{"type":"number"}}}},"incomes":{"type":"array","items":{"type":"object","properties":{"_id":{"type":"string","example":"WERP34GT"},"quantity":{"type":"number","example":3E+2},"concept":{"type":"string","example":"Bizum"},"comments":{"type":"string"}}}}}},"Crop":{"properties":{"_id":{"type":"string","example":"AOIU342QWE"},"name":{"type":"string","example":"Amnesia/Chronic octubre"},"date":{"type":"string","example":"2022-04-04T21:20:00"},"plants":{"type":"array","items":{"type":"object","properties":{"_id":{"type":"string","example":"123"},"name":{"type":"string","example":"Jane Doe"},"species":{"type":"string","example":"A34"}}}},"waterings":{"type":"array","items":{"type":"object","properties":{"_id":{"type":"string","example":"A13"},"date":{"type":"string","example":"2021-04-04T21:20:00"},"fertilizers":{"type":"object","properties":{"grow":{"type":"number","example":5},"micro":{"type":"number","example":1E+1},"flower":{"type":"number","example":15},"bloom":{"type":"number","example":2},"pk1314":{"type":"number"},"delta9":{"type":"number"}}}}}}}},"Specie":{"properties":{"_id":{"type":"string","example":"AOIU342QWE"},"name":{"type":"string","example":"Amnesia"},"image":{"type":"string","example":"amnesia.png"},"thc":{"type":"number","example":13},"indica":{"type":"number","example":4E+1},"sativa":{"type":"number","example":6E+1},"days":{"type":"number","example":65},"weight":{"type":"number","example":5E+2}}},"Book":{"properties":{"_id":{"type":"string","example":"NBWIR31"},"title":{"type":"string","example":"Vigilar y castigar"},"author":{"type":"string","example":"Michel Foucault"},"pages":{"type":"number","example":287},"editorial":{"type":"string","example":"S. XXI"},"category":{"type":"string","example":"Filosofía"},"image":{"type":"string","example":"vigilar-y-castigar.png"}}},"TVShow":{"properties":{"_id":{"type":"string","example":"WRETC93"},"title":{"type":"string","example":"Into the Badlands"},"director":{"type":"string","example":"Alfred Gough"},"cast":{"type":"array","items":{"type":"string","example":"[\"Daniel Wu\",\"Emily Beecham\",\"Sarah Bolger\",\"Orla Brady\",\"Marton Csokas\",\"Aramis Knight\",\"Ally Ioannides\",\"Madeleine Mantock\"]"}},"tv":{"type":"string","example":"AMC"},"country":{"type":"string","example":"EE. UU."},"start":{"type":"string","example":"2021-04-04T21:20:00"},"categories":{"type":"array","items":{"type":"string","example":"[\"Acción\",\"Aventuras\",\"Artes marciales\"]"}}}},"Movie":{"properties":{"_id":{"type":"string","example":"HRIT52"},"title":{"type":"string","example":"Alguien voló sobre el nido del cuco"},"director":{"type":"string","example":"Milos Forman"},"year":{"type":"number","example":1975},"cast":{"type":"array","items":{"type":"string","example":"[\"Jack Nicholson\",\"Louise Fletcher\",\"Brad Dourif\",\"William Redfield\",\"Mews Small\",\"Sydney Lassick\",\"Will Sampson\",\"Christopher Lloyd\"]"}},"categories":{"type":"array","items":{"type":"string","example":"[\"Comedia dramática\",\"Drama\",\"Discapacidad\",\"Película de culto\"]"}},"duration":{"type":"number","example":133},"rating":{"type":"number","example":5}}},"Quote":{"properties":{"_id":{"type":"string","example":"TYW82A"},"quote":{"type":"string","example":"La vida cobra sentido cuando se hace de ella una aspiración a no renunciar a nada"},"author":{"type":"string","example":"Ortega y Gasset"}}},"Recipe":{"properties":{"_id":{"type":"string","example":"HWOX24"},"name":{"type":"string","example":"Bizcocho de yogur"},"ingredients":{"type":"array","items":{"type":"string","example":"[\"1 yogur de limón\",\"1x aceite de girasol\",\"2x azúcar\",\"3x harina\",\"3x huevos\",\"1x levadura\",\"Mantequilla\"]"}},"instructions":{"type":"array","items":{"type":"string","example":"[\"35 min. a 170-200º\"]"}}}},"Cocktail":{"properties":{"_id":{"type":"string","example":"NXBI78"},"name":{"type":"string","example":"Tequila sunrise"},"ingredients":{"type":"array","items":{"type":"string","example":"[\"3/4 de taza de zumo de naranja natural\",\"1/2 oz de tequila\",\"6 cubitos de hielo\",\"2 cucharadas de Granadina\",\"1 a 2 naranjas en rodajas\",\"Cerezas para decorar\"]"}},"instructions":{"type":"array","items":{"type":"string","example":"[\"Combina la mitad de los cubitos, el zumo y el tequila. Tapar y agitar bien\",\"Servir en vaso largo con resto del hielo\",\"Verter granadina sin mezclar para que caiga al fondo del vaso\",\"Decorar con rodajas de naranja y una cereza\"]"}}}}},"securitySchemes":{"ApiKeyAuth":{"type":"apiKey","name":"X-API-Key","in":"header"}}}}