{"openapi":"3.0.0","info":{"title":"Simple Inventory API","description":"This is a simple API","contact":{"email":"you@your-company.com"},"license":{"name":"Apache 2.0","url":"http://www.apache.org/licenses/LICENSE-2.0.html"},"version":"1.0.0"},"servers":[{"url":"https://virtserver.swaggerhub.com/AdrienLEIB/netflix/1.0.0","description":"SwaggerHub API Auto Mocking"}],"tags":[{"name":"admins","description":"Secured Admin-only calls"},{"name":"developers","description":"Operations available to regular developers"}],"paths":{"/medias":{"get":{"tags":["usersVIP"],"summary":"get all medias","description":"By passing in the appropriate options, you can search for\navailable inventory in the system\n","operationId":"searchInventory","parameters":[{"name":"title","in":"query","description":"pass an optional search string for looking up inventory","required":false,"style":"form","explode":true,"schema":{"type":"string"}},{"name":"url","in":"query","description":"number of records to skip for pagination","required":false,"style":"form","explode":true,"schema":{"type":"string"}},{"name":"categorie","in":"query","description":"number of records to skip for pagination","required":false,"style":"form","explode":true,"schema":{"type":"string"}},{"name":"description","in":"query","description":"number of records to skip for pagination","required":false,"style":"form","explode":true,"schema":{"type":"string"}},{"name":"id","in":"query","description":"id Of an media","required":false,"style":"form","explode":true,"schema":{"maximum":5E+1,"minimum":0,"type":"integer","format":"int32"}}],"responses":{"200":{"description":"search results matching criteria","content":{"application/json":{"schema":{"type":"array","items":{"$ref":"#/components/schemas/MediaInventory"}}}}},"400":{"description":"bad input parameter"}}},"post":{"tags":["admins"],"summary":"adds an inventory média","description":"Add media item to the system","operationId":"addInventory","requestBody":{"description":"Inventory item to add","content":{"application/json":{"schema":{"$ref":"#/components/schemas/MediaInventory"}}}},"responses":{"201":{"description":"item created"},"400":{"description":"invalid input, object invalid"},"409":{"description":"an existing item already exists"}}}},"/films":{"get":{"tags":["usersVIP"],"summary":"get all films","description":"By passing in the appropriate options, you can search for\navailable inventory in the system\n","operationId":"searchFilms","parameters":[{"name":"title","in":"query","description":"pass an optional search string for looking up inventory","required":false,"style":"form","explode":true,"schema":{"type":"string"}},{"name":"url","in":"query","description":"number of records to skip for pagination","required":false,"style":"form","explode":true,"schema":{"type":"string"}},{"name":"categorie","in":"query","description":"number of records to skip for pagination","required":false,"style":"form","explode":true,"schema":{"type":"string"}},{"name":"description","in":"query","description":"number of records to skip for pagination","required":false,"style":"form","explode":true,"schema":{"type":"string"}},{"name":"id","in":"query","description":"id Of an media","required":false,"style":"form","explode":true,"schema":{"maximum":5E+1,"minimum":0,"type":"integer","format":"int32"}}],"responses":{"200":{"description":"search results matching criteria","content":{"application/json":{"schema":{"type":"array","items":{"$ref":"#/components/schemas/FilmsItem"}}}}},"400":{"description":"bad input parameter"}}},"post":{"tags":["admins"],"summary":"add film to inventory","description":"Adds an item to the system","operationId":"addFilms","requestBody":{"description":"Inventory item to add","content":{"application/json":{"schema":{"$ref":"#/components/schemas/FilmsItem"}}}},"responses":{"201":{"description":"item created"},"400":{"description":"invalid input, object invalid"},"409":{"description":"an existing item already exists"}}}}},"components":{"schemas":{"FilmsItem":{"required":["media"],"type":"object","properties":{"media":{"$ref":"#/components/schemas/MediaInventory"}}},"MediaInventory":{"required":["categorie","description","id","img","localisation","status","title","url"],"type":"object","properties":{"id":{"type":"string","format":"uuid","example":"d290f1ee-6c54-4b01-90e6-d701748f0851"},"title":{"type":"string","example":"Widget Adapter"},"url":{"type":"string","format":"date-time","example":"2016-08-29T09:12:33.001Z"}}}}}}