{"openapi":"3.0.0","info":{"title":"Carenotes Open API Demographics","description":"A service which surfaces patient demographic records from Carenotes and allows new patients to be created, along with addresses and both  GP and school registration records.","termsOfService":"http://oneadvanced.com","contact":{"name":"Advanced","url":"https://oneadvanced.com/contact-us","email":"api@oneadvanced.com"},"version":"1.2.2","x-api-id":"7e5a5cec-a473-4aea-8be6-d3c5115478e7","x-audience":"external-partner"},"servers":[{"url":"https://virtserver.swaggerhub.com/AdvancedComputerSoft/Open_API_Demographics/1.2.2","description":"SwaggerHub API Auto Mocking"}],"tags":[{"name":"Patients","description":"Operations related to core patient demographics."}],"paths":{"/registrations":{"get":{"tags":["Patients"],"summary":"Patient search","description":"Lists patients registered in Carenotes, including basic details such as NHS Number, local ID, name and date of birth. Will not show records of patients the API user lacks access to.\n\nCan be searched using partial or full name, registration date/time range or last updated date/time range - requires at least one of these in order to generate a successful response.\n\nSorts by date/time last updated descending. Requires the 'Open API Demographics' module, and the user permission 'API Read Patients'.","operationId":"GetPatientSearch","parameters":[{"name":"patientName","in":"query","description":"Use all or part of the patient's full Name in a wildcard search. Can be used alone, or in conjunction with other query parameters.","required":false,"style":"form","explode":true,"schema":{"type":"string"},"example":"Mill"},{"name":"createStartDttm","in":"query","description":"The start date/time in the date/time range that you want to find new patient registrations for. Can be provided without createEndDttm, in which case the current date and time is assumed as the end date/time.","required":false,"style":"form","explode":true,"schema":{"type":"string","format":"date-time (ISO 8601)"},"example":"2020-12-21T10:00:00"},{"name":"createEndDttm","in":"query","description":"The end date/time in the date/time range that you want to find new patient registrations for. If provided, createStartDttm becomes mandatory. The total registration date/time range cannot exceed the number of hours defined in the System Setting 'Maximum Date/Time Range (in hours) for Open API Requests'.","required":false,"style":"form","explode":true,"schema":{"type":"string","format":"date-time (ISO 8601)"},"example":"2020-12-22T09:59:59"},{"name":"updatedStartDttm","in":"query","description":"The start date/time in the date/time range that you want to find patients last updated within. Can be provided without updatedEndDttm, in which case the current date and time is assumed as the end date/time.","required":false,"style":"form","explode":true,"schema":{"type":"string","format":"date-time (ISO 8601)"},"example":"2020-12-21T10:00:00"},{"name":"updatedEndDttm","in":"query","description":"The end date/time in the date/time range that you want to find patients last updated within. If provided, updatedStartDttm becomes mandatory. The total last updated date/time range cannot exceed the number of hours defined in the System Setting 'Maximum Date/Time Range (in hours) for Open API Requests'.","required":false,"style":"form","explode":true,"schema":{"type":"string","format":"date-time (ISO 8601)"},"example":"2020-12-22T09:59:59"},{"name":"pageIndex","in":"query","description":"Page order relative to the total number of pages.","required":false,"style":"form","explode":true,"schema":{"maximum":9999,"minimum":1,"type":"integer","format":"int32","default":1},"example":1},{"name":"pageSize","in":"query","description":"Number of records per page.","required":false,"style":"form","explode":true,"schema":{"maximum":1E+2,"minimum":1,"type":"integer","format":"int32","default":10},"example":3}],"responses":{"200":{"description":"OK","content":{"application/json":{"schema":{"$ref":"#/components/schemas/PatientSearch"}}}},"400":{"description":"Bad Request","content":{"application/json":{"schema":{"$ref":"#/components/schemas/ProblemResponse"},"examples":{"No search parameters provided":{"value":{"errorCode":"Bad Request","message":"Missing Mandatory Parameters: Provide PatientName, Updated Date/Time range or Created Date/Time range."}},"createdStartDttm format invalid":{"value":{"errorCode":"Bad Request","message":"startDttm must be in ISO 8601 format, e.g. 2020-07-31T10:00:00."}},"createdStartDttm missing":{"value":{"errorCode":"Bad Request","message":"Please provide startDttm."}},"createdEndDttm format invalid":{"value":{"errorCode":"Bad Request","message":"endDttm must be in ISO 8601 format, e.g. 2020-07-31T10:00:00."}},"updatedStartDttm format invalid":{"value":{"errorCode":"Bad Request","message":"startDttm must be in ISO 8601 format, e.g. 2020-07-31T10:00:00."}},"updatedStartDttm missing":{"value":{"errorCode":"Bad Request","message":"Please provide startDttm."}},"updatedEndDttm format invalid":{"value":{"errorCode":"Bad Request","message":"endDttm must be in ISO 8601 format, e.g. 2020-07-31T10:00:00."}},"createdStartDttm after createdEndDttm":{"value":{"errorCode":"Bad Request","message":"startDttm shouldn't be after endDttm"}},"updatedStartDttm after updatedEndDttm":{"value":{"errorCode":"Bad Request","message":"startDttm shouldn't be after endDttm"}},"updatedStartDttm or createdStartDttm in future":{"value":{"errorCode":"Bad Request","message":"startDttm cannot be in the future."}},"updatedEndDttm or createdEndDttm in future":{"value":{"errorCode":"Bad Request","message":"endDttm cannot be in the future."}},"createDttm or updatedDttm range exceeds maximum":{"value":{"errorCode":"Bad Request","message":"Date/Time Range Exceeds the Maximum Date/Time Range of 72 hours."}},"pageIndex invalid":{"value":{"errorCode":"Bad Request","message":"pageIndex specified is invalid and must be greater than 0."}},"pageSize invalid":{"value":{"errorCode":"Bad Request","message":"pageSize specified is invalid and must be greater than 0 and less than or equal to 100."}}}}}},"401":{"description":"Unauthorized","content":{"application/json":{"schema":{"$ref":"#/components/schemas/ProblemResponse"},"example":{"errorCode":"Unauthorized","message":""}}}},"403":{"description":"Forbidden","content":{"application/json":{"schema":{"$ref":"#/components/schemas/ProblemResponse"},"examples":{"No licence":{"value":{"errorCode":"Forbidden","message":"There is no value assigned to the OpenApiDemographics Module Licence."}},"Expired licence":{"value":{"errorCode":"Forbidden","message":"The licence for the Open API Demographics module has expired."}},"User Account Type":{"value":{"errorCode":"Forbidden","message":"User Account Type must be set to \"Staff Account\"."}},"Open API Demographics not enabled for API user":{"value":{"errorCode":"Forbidden","message":"The OpenApiDemographics module is not enabled for the user."}},"Insufficient user permissions":{"value":{"errorCode":"Forbidden","message":"The API User requires the permission \"API Read Patients\"."}}}}}},"406":{"description":"Not Acceptable","content":{"application/json":{"schema":{"$ref":"#/components/schemas/ProblemResponse"},"example":{"errorCode":"Not Acceptable","message":""}}}},"500":{"description":"Internal Server Error","content":{"application/json":{"schema":{"$ref":"#/components/schemas/ProblemResponse"},"example":{"errorCode":"Internal Server Error","message":""}}}}}}}},"components":{"schemas":{"PatientSearch":{"type":"object","properties":{"patientDetails":{"$ref":"#/components/schemas/PatientSearchDetail"},"pageDetails":{"$ref":"#/components/schemas/PatientSearchPageDetails"}}},"PatientSearchDetail":{"type":"object","properties":{"patientId":{"type":"integer","description":"The unique Carenotes identifier for a Patient record. Used in most other Open APIs to identify the patient."},"patientName":{"type":"string","description":"The full name of the patient. Includes forename, middle name(s), surname, and title, if recorded in Carenotes."},"nhsNumber":{"type":"string","description":"The unique national identifier for a Patient record in England. Can be used for more detailed demographic retrieval in /patientdemographics, but only if the System Setting 'Open API Demographics - Enable Mandatory NHS Number' is enabled."},"otherId1":{"type":"string","description":"The local identifier of the Patient at this organization. May have a custom name in Carenotes (based on the System Setting 'Other ID 1 Label'). Can be used for more detailed demographic retrieval in /patientdemographics, but only if the System Setting 'Open API Demographics - Enable Mandatory NHS Number' is disabled."},"dateOfBirth":{"type":"string","description":"The date of birth for this patient. Can be null if not recorded in Carenotes.","format":"date-time (ISO 8601)"},"createDttm":{"type":"string","description":"The date and time this patient was registered in Carenotes.","format":"date-time (ISO 8601)"},"updatedDttm":{"type":"string","description":"The date and time this patient's core demographic record was last updated in Carenotes.","format":"date-time (ISO 8601)"}},"description":"Core patient demographic information.","example":[{"patientId":19622,"patientName":"Brendan Howells","nhsNumber":"6742013214","otherId1":"B98079","dateOfBirth":"1941-12-02T00:00:00.0000000","createDttm":"2020-12-22T12:14:30.8900000","updatedDttm":"2020-12-22T12:14:30.8900000"},{"patientId":15579,"patientName":"Moira Mill","nhsNumber":"6777429824","otherId1":"C56411","dateOfBirth":"1977-04-09T00:00:00.0000000","createDttm":"2018-03-30T08:07:25.4500000","updatedDttm":"2020-12-22T12:11:27.9800000"},{"patientId":12220,"patientName":"John Miller","nhsNumber":"4517128121","otherId1":"A00554","dateOfBirth":"1932-01-31T00:00:00.0000000","createDttm":"2016-01-15T16:59:40.6100000","updatedDttm":"2020-12-20T16:41:01.3000000"}]},"PatientSearchPageDetails":{"type":"object","properties":{"previousPage":{"type":"string","format":"uri","example":"https://virtserver.swaggerhub.com/AdvancedComputerSoft/Open_API_Demographics/1.2.1/registrations?pageIndex=1&pageSize=5"},"nextPage":{"type":"string","format":"uri","example":"https://virtserver.swaggerhub.com/AdvancedComputerSoft/Open_API_Demographics/1.2.1/registrations?pageIndex=3&pageSize=5"},"totalPages":{"type":"integer","format":"int32","example":3},"currentPageNumber":{"type":"integer","format":"int32","example":2},"pageSize":{"maximum":1E+2,"minimum":1,"type":"integer","format":"int32","example":5},"totalRecords":{"type":"integer","format":"int32","example":13}},"description":"Pagination"},"ProblemResponse":{"type":"object","properties":{"errorCode":{"type":"string","description":"A textual description of the HTTP status code returned in the request."},"message":{"type":"string","description":"The friendly error message provided."}}}}}}