{"openapi":"3.0.0","info":{"title":"V1 LicenseServer API","description":"The V1 License Server provides copy protection and licensing capabilities for the suite of V1 software including smartExtract and smartMail.  Version 2.0 is the first version available in swagger.  Version 1.0 can be accessed from the [license server itself](https://licensing.wearev1.com/v2/help/)","contact":{"name":"Advanced","url":"https://oneadvanced.com/contact-us","email":"api@oneadvanced.com"},"version":"2.0.0","x-audience":"company-internal","x-api-id":"6509516a-557f-45c1-bc17-d8f98fb4e079"},"servers":[{"url":"https://virtserver.swaggerhub.com/AdvancedComputerSoft/V1_LicenseServer_API/2.0.0","description":"SwaggerHub API Auto Mocking"},{"url":"https://licensing.wearev1.com/api/v2","description":"Production API"}],"tags":[{"name":"Configuration","description":"Activities related to the configuration of a license, intended for internal use"}],"paths":{"/software/{softwareId}/licenses/{licenseId}/sync-from-legacy":{"post":{"tags":["Configuration"],"summary":"update details from CAL","description":"DRAFT (security to be added later, subject to change) <br/>As many of the modules were previously controlled by our now legacy system, <br/> going forward the details contained within the old CAL file must be supplied to the new V1 license server. <br/>**This is a one-off task** that will be performed from our own V1 SmartPortal using the client credentials flow, therefore the V1 Document Management API must be registered with the license server for this API to work. <br>As this is a one-off task for each license, any further calls will not affect the system and a **400 bad request** will be returned, containing the details that it is a duplicate request.","operationId":"syncFromLegacy","parameters":[{"name":"softwareId","in":"path","description":"Software Id of license you are updating","required":true,"style":"simple","explode":false,"schema":{"type":"string"},"example":"5bbedc87ad89d73b20197cf9"},{"name":"licenseId","in":"path","description":"Unique license Id of license you are updating","required":true,"style":"simple","explode":false,"schema":{"type":"string"},"example":"ji89dc87ad89d73b20197Z5u"}],"requestBody":{"description":"User count as read from existing CAL file.","content":{"application/json":{"schema":{"$ref":"#/components/schemas/StatusValues"},"example":{"count":56}}}},"responses":{"204":{"description":"Updated"},"400":{"description":"Bad Request","content":{"application/problem+json":{"schema":{"$ref":"#/components/schemas/ProblemDetailsModel"},"example":{"type":"https://oneadvanced.com/problem/400","title":"Bad Request","status":400,"detail":"The request is invalid.","issues":[{"fieldName":"fieldName","error":"This is the problem with the field"},{"fieldName":"fieldOther","error":"This is the problem with the field"}]}}}},"401":{"description":"Unauthorized","content":{"application/problem+json":{"schema":{"$ref":"#/components/schemas/ProblemDetailsModel"},"example":{"type":"https://oneadvanced.com/problem/401","title":"Unauthorized","status":401}}}},"403":{"description":"Forbidden","content":{"application/problem+json":{"schema":{"$ref":"#/components/schemas/ProblemDetailsModel"},"example":{"type":"https://oneadvanced.com/problem/403","title":"Forbidden","status":403}}}},"404":{"description":"Not Found","content":{"application/problem+json":{"schema":{"$ref":"#/components/schemas/ProblemDetailsModel"},"example":{"type":"https://oneadvanced.com/problem/404","title":"Not Found","status":404,"detail":"The requested resource cannot be located."}}}},"405":{"description":"Method Not Allowed","headers":{"Allow":{"$ref":"#/components/headers/Allow"}},"content":{"application/problem+json":{"schema":{"$ref":"#/components/schemas/ProblemDetailsModel"},"example":{"type":"https://oneadvanced.com/problem/405","title":"Not Found","status":405,"detail":"The requested resource exists but the method is not allowed."}}}},"415":{"description":"Unsupported Media Type","content":{"application/problem+json":{"schema":{"$ref":"#/components/schemas/ProblemDetailsModel"},"example":{"type":"https://oneadvanced.com/problem/415","title":"Unsupported Media Type","status":415,"detail":"The request could not be completed due to the request body being formed of an unsupported media type. Only application/json is accepted by this API."}}}},"500":{"description":"Internal Server Error","content":{"application/problem+json":{"schema":{"$ref":"#/components/schemas/ProblemDetailsModel"},"example":{"type":"https://oneadvanced.com/problem/500","title":"An internal error occurred.","status":500,"detail":"The server is unable to process the request."}}}}}}}},"components":{"schemas":{"StatusValues":{"type":"object","properties":{"numericalValue":{"type":"integer","description":"numerical value that needs to be passed to or from the server (see example of API for usage)","example":2000}},"description":"A basic object containing optional properties for base request and return types."},"ProblemDetailsModel":{"required":["status","title","type"],"type":"object","properties":{"type":{"type":"string","description":"A type URI","format":"uri","example":"https://oneadvanced.com/problem/400"},"title":{"type":"string","description":"A short, human-readable summary of the problem type","example":"Bad Request"},"status":{"type":"integer","description":"The HTTP status code for this occurrence of the problem","format":"int32","example":400},"detail":{"type":"string","description":"A human-readable explanation specific to this occurrence of the problem","example":"The request is invalid."},"issues":{"type":"array","description":"A list of issues that exist with the request. Note this is an extension that is supported by the RFC but specific to Advanced.","example":[{"fieldName":"fieldName","error":"This is the problem with the field"},{"fieldName":"fieldOther","error":"This is the problem with the field"}],"items":{"type":"object","properties":{"fieldName":{"type":"string"},"error":{"type":"string"}}}},"instance":{"type":"string","description":"A URI reference that identifies the specific occurrence of the problem.  It may or may not yield further information if dereferenced","example":"https://oneadvanced.com/support/problem/74837463"}},"additionalProperties":false,"description":"Implementation of [RFC7807](https://tools.ietf.org/html/rfc7807) Problem Details object.  Content type should always be ```application/problem+json```.  Problem type definitions MAY extend the problem details object with additional members"}},"responses":{"Problem400Response":{"description":"Bad Request","content":{"application/problem+json":{"schema":{"$ref":"#/components/schemas/ProblemDetailsModel"},"example":{"type":"https://oneadvanced.com/problem/400","title":"Bad Request","status":400,"detail":"The request is invalid.","issues":[{"fieldName":"fieldName","error":"This is the problem with the field"},{"fieldName":"fieldOther","error":"This is the problem with the field"}]}}}},"Problem401Response":{"description":"Unauthorized","content":{"application/problem+json":{"schema":{"$ref":"#/components/schemas/ProblemDetailsModel"},"example":{"type":"https://oneadvanced.com/problem/401","title":"Unauthorized","status":401}}}},"Problem403Response":{"description":"Forbidden","content":{"application/problem+json":{"schema":{"$ref":"#/components/schemas/ProblemDetailsModel"},"example":{"type":"https://oneadvanced.com/problem/403","title":"Forbidden","status":403}}}},"Problem404Response":{"description":"Not Found","content":{"application/problem+json":{"schema":{"$ref":"#/components/schemas/ProblemDetailsModel"},"example":{"type":"https://oneadvanced.com/problem/404","title":"Not Found","status":404,"detail":"The requested resource cannot be located."}}}},"Problem405Response":{"description":"Method Not Allowed","headers":{"Allow":{"$ref":"#/components/headers/Allow"}},"content":{"application/problem+json":{"schema":{"$ref":"#/components/schemas/ProblemDetailsModel"},"example":{"type":"https://oneadvanced.com/problem/405","title":"Not Found","status":405,"detail":"The requested resource exists but the method is not allowed."}}}},"Problem415Response":{"description":"Unsupported Media Type","content":{"application/problem+json":{"schema":{"$ref":"#/components/schemas/ProblemDetailsModel"},"example":{"type":"https://oneadvanced.com/problem/415","title":"Unsupported Media Type","status":415,"detail":"The request could not be completed due to the request body being formed of an unsupported media type. Only application/json is accepted by this API."}}}},"Problem500Response":{"description":"Internal Server Error","content":{"application/problem+json":{"schema":{"$ref":"#/components/schemas/ProblemDetailsModel"},"example":{"type":"https://oneadvanced.com/problem/500","title":"An internal error occurred.","status":500,"detail":"The server is unable to process the request."}}}}},"headers":{"Allow":{"description":"List of the target resource's currently supported methods","schema":{"type":"string"},"example":"GET, PUT, DELETE"}}}}