{"openapi":"3.0.0","info":{"title":"TACS API's","description":"TACS API documentation","contact":{"email":"r.prateek11@gmail.com"},"version":"1.0.0"},"servers":[{"url":"https://tacs-backend-6oo2ixbwza-el.a.run.app","description":"TACS API's"},{"url":"https://virtserver.swaggerhub.com/AdvikTechno/TACS/1.0.0","description":"SwaggerHub API Auto Mocking"}],"paths":{"/events":{"post":{"tags":["webhook events"],"summary":"adds an event","description":"Produce a webhook event into RMQ\n","operationId":"addEvent","parameters":[{"name":"User-Agent","in":"header","description":"user agent","required":true,"style":"simple","explode":false,"schema":{"type":"string","default":"mstc-internal"}}],"requestBody":{"description":"Inventory item to add","content":{"application/json":{"schema":{"$ref":"#/components/schemas/EventItem"}}}},"responses":{"201":{"description":"item created"},"400":{"description":"invalid input, object invalid"}},"security":[{"ApiKeyAuth":["admin"]}]}}},"components":{"schemas":{"EventItem":{"required":["body","type"],"type":"object","properties":{"type":{"type":"string","example":"Type of event, can be drop-off, sign-in, billing etc."},"body":{"type":"object","example":"Data updated."}}}},"securitySchemes":{"ApiKeyAuth":{"type":"apiKey","name":"X-API-Key","in":"header"}}}}