{"openapi":"3.0.0","info":{"title":"Sample Application Flow OAuth2 Project","description":"This is an example of using OAuth2 Application Flow in a specification to describe security to your API.","version":"1.0.0"},"servers":[{"url":"/"}],"security":[{"application":["read","write"]}],"paths":{"/example":{"get":{"summary":"Server example operation","description":"This is an example operation to show how security is applied to the call.","responses":{"200":{"description":"OK"}}}},"/ping":{"get":{"summary":"Server heartbeat operation","description":"This operation shows how to override the global security defined above, as we want to open it up for all users.","responses":{"200":{"description":"OK"}},"security":[]}}},"components":{"schemas":{"pet":{"required":["name","petType"],"type":"object","properties":{"name":{"type":"string"},"petType":{"type":"string"}},"discriminator":{"propertyName":"petType"}},"Cat":{"description":"A representation of a cat","allOf":[{"$ref":"#/components/schemas/pet"},{"required":["huntingSkill"],"type":"object","properties":{"huntingSkill":{"type":"string","description":"The measured skill for hunting","enum":["clueless","lazy","adventurous","aggressive"]}}}]},"Dog":{"description":"A representation of a dog","allOf":[{"$ref":"#/components/schemas/pet"},{"required":["packSize"],"type":"object","properties":{"packSize":{"minimum":0,"type":"integer","description":"the size of the pack the dog is from","format":"int32","default":0}}}]},"subject":{"discriminator":{"propertyName":"petType"},"oneOf":[{"$ref":"#/components/schemas/Cat"},{"$ref":"#/components/schemas/Dog"}]}},"securitySchemes":{"application":{"type":"oauth2","flows":{"clientCredentials":{"tokenUrl":"http://example.com/oauth/token","scopes":{"write":"allows modifying resources","read":"allows reading resources"}}}}}}}