{"openapi":"3.0.0","info":{"title":"SIGPAC","description":"Ver Norma NTC-N-0020-3.1","contact":{"email":"dbartolome@agroseguro.es"},"version":"1.0.0"},"servers":[{"url":"https://virtserver.swaggerhub.com/Agro7/SWRestImpagosMediador/1.0.0","description":"SwaggerHub API Auto Mocking"},{"url":"https://agroseguro.es/apiservices/v1r0/sigpac","description":"Servidor de producción"}],"security":[{"Bearer":[]}],"tags":[{"name":"consulta"}],"paths":{"/equivalencia/{provincia}/{termino}/{agregado}/{zona}/{poligono}/{parcela}":{"get":{"tags":["consulta"],"description":"Ver Norma NTC-N-0020-3.1","operationId":"equivalencia","parameters":[{"name":"authorization","in":"header","description":"Token de authorización","required":false,"style":"simple","explode":false,"schema":{"type":"string"}},{"name":"provincia","in":"path","required":true,"style":"simple","explode":false,"schema":{"type":"integer"}},{"name":"termino","in":"path","required":true,"style":"simple","explode":false,"schema":{"type":"integer"}},{"name":"agregado","in":"path","required":true,"style":"simple","explode":false,"schema":{"type":"integer"}},{"name":"zona","in":"path","required":true,"style":"simple","explode":false,"schema":{"type":"integer"}},{"name":"poligono","in":"path","required":true,"style":"simple","explode":false,"schema":{"type":"integer"}},{"name":"parcela","in":"path","required":true,"style":"simple","explode":false,"schema":{"type":"integer"}},{"name":"plan","in":"query","description":"plan, Deberá venir acompañado de la línea y cultivo","required":false,"style":"form","explode":true,"schema":{"type":"integer"}},{"name":"linea","in":"query","description":"linea, Deberá venir acompañado de la plan y cultivo","required":false,"style":"form","explode":true,"schema":{"type":"integer"}},{"name":"cultivo","in":"query","description":"Cultivo Deberá venir acompañado de la plan y línea","required":false,"style":"form","explode":true,"schema":{"type":"integer"}},{"name":"infoSIGPAC","in":"query","description":"Cultivo Deberá venir acompañado de la plan y línea","required":false,"style":"form","explode":true,"schema":{"type":"boolean"}}],"responses":{"200":{"description":"Documento que cumple con la definición del xsd","content":{"application/json":{"schema":{"type":"object"}},"application/xml":{"schema":{"type":"object"}}}},"400":{"description":"Petición incorrecta","content":{"application/json":{"schema":{"$ref":"#/components/schemas/AgrRestException"}}}},"403":{"description":"No autorizado","content":{"application/json":{"schema":{"$ref":"#/components/schemas/AgrRestException"}}}},"500":{"description":"Error interno del servidor","content":{"application/json":{"schema":{"$ref":"#/components/schemas/AgrRestException"}}}}}}},"/fauna/{plan}/{linea}/{provincia}/{termino}/{agregado}/{zona}/{poligono}/{parcela}":{"get":{"tags":["consulta"],"description":"Ver Norma NTC-N-0020-3.1","operationId":"fauna","parameters":[{"name":"authorization","in":"header","description":"Token de authorización","required":false,"style":"simple","explode":false,"schema":{"type":"string"}},{"name":"plan","in":"path","required":true,"style":"simple","explode":false,"schema":{"type":"integer"}},{"name":"linea","in":"path","required":true,"style":"simple","explode":false,"schema":{"type":"integer"}},{"name":"provincia","in":"path","required":true,"style":"simple","explode":false,"schema":{"type":"integer"}},{"name":"termino","in":"path","required":true,"style":"simple","explode":false,"schema":{"type":"integer"}},{"name":"agregado","in":"path","required":true,"style":"simple","explode":false,"schema":{"type":"integer"}},{"name":"zona","in":"path","required":true,"style":"simple","explode":false,"schema":{"type":"integer"}},{"name":"poligono","in":"path","required":true,"style":"simple","explode":false,"schema":{"type":"integer"}},{"name":"parcela","in":"path","required":true,"style":"simple","explode":false,"schema":{"type":"integer"}},{"name":"recinto","in":"query","description":"Recinto","required":false,"style":"form","explode":true,"schema":{"type":"integer"}}],"responses":{"200":{"description":"Documento que cumple con la definición del xsd","content":{"application/json":{"schema":{"type":"object"}},"application/xml":{"schema":{"type":"object"}}}},"400":{"description":"Petición incorrecta","content":{"application/json":{"schema":{"$ref":"#/components/schemas/AgrRestException"}}}},"403":{"description":"No autorizado","content":{"application/json":{"schema":{"$ref":"#/components/schemas/AgrRestException"}}}},"500":{"description":"Error interno del servidor","content":{"application/json":{"schema":{"$ref":"#/components/schemas/AgrRestException"}}}}}}},"/limitemaxdanios/{plan}/{linea}/{provincia}/{termino}/{agregado}/{zona}/{poligono}/{parcela}":{"get":{"tags":["consulta"],"description":"Ver Norma NTC-N-0020-3.1","operationId":"limiteMaxDanios","parameters":[{"name":"authorization","in":"header","description":"Token de authorización","required":false,"style":"simple","explode":false,"schema":{"type":"string"}},{"name":"plan","in":"path","required":true,"style":"simple","explode":false,"schema":{"type":"integer"}},{"name":"linea","in":"path","required":true,"style":"simple","explode":false,"schema":{"type":"integer"}},{"name":"provincia","in":"path","required":true,"style":"simple","explode":false,"schema":{"type":"integer"}},{"name":"termino","in":"path","required":true,"style":"simple","explode":false,"schema":{"type":"integer"}},{"name":"agregado","in":"path","required":true,"style":"simple","explode":false,"schema":{"type":"integer"}},{"name":"zona","in":"path","required":true,"style":"simple","explode":false,"schema":{"type":"integer"}},{"name":"poligono","in":"path","required":true,"style":"simple","explode":false,"schema":{"type":"integer"}},{"name":"parcela","in":"path","required":true,"style":"simple","explode":false,"schema":{"type":"integer"}},{"name":"recinto","in":"query","description":"Recinto","required":false,"style":"form","explode":true,"schema":{"type":"integer"}}],"responses":{"200":{"description":"Documento que cumple con la definición del xsd","content":{"application/json":{"schema":{"type":"object"}},"application/xml":{"schema":{"type":"object"}}}},"400":{"description":"Petición incorrecta","content":{"application/json":{"schema":{"$ref":"#/components/schemas/AgrRestException"}}}},"403":{"description":"No autorizado","content":{"application/json":{"schema":{"$ref":"#/components/schemas/AgrRestException"}}}},"500":{"description":"Error interno del servidor","content":{"application/json":{"schema":{"$ref":"#/components/schemas/AgrRestException"}}}}}}},"/listadosigpaccontratacion/{plan}/{linea}/{provincia}/{termino}":{"get":{"tags":["consulta"],"description":"Ver Norma NTC-N-0020-3.1","operationId":"listadosigpaccontratacion","parameters":[{"name":"authorization","in":"header","description":"Token de authorización","required":false,"style":"simple","explode":false,"schema":{"type":"string"}},{"name":"plan","in":"path","required":true,"style":"simple","explode":false,"schema":{"type":"integer"}},{"name":"linea","in":"path","required":true,"style":"simple","explode":false,"schema":{"type":"integer"}},{"name":"provincia","in":"path","required":true,"style":"simple","explode":false,"schema":{"type":"integer"}},{"name":"termino","in":"path","required":true,"style":"simple","explode":false,"schema":{"type":"integer"}},{"name":"cultivo","in":"query","required":false,"style":"form","explode":true,"schema":{"type":"integer"}}],"responses":{"200":{"description":"Documento que cumple con la definición del xsd Listado_SIGPAC_Contratacion.xsd","content":{"application/json":{"schema":{"type":"object"}},"application/xml":{"schema":{"type":"object"}}}},"400":{"description":"Petición incorrecta","content":{"application/json":{"schema":{"$ref":"#/components/schemas/AgrRestException"}}}},"403":{"description":"No autorizado","content":{"application/json":{"schema":{"$ref":"#/components/schemas/AgrRestException"}}}},"500":{"description":"Error interno del servidor","content":{"application/json":{"schema":{"$ref":"#/components/schemas/AgrRestException"}}}}}}},"/consultaterminos/{plan}/{linea}/{provincia}":{"get":{"tags":["consulta"],"description":"Ver Norma NTC-N-0020-3.1","operationId":"consultaterminos","parameters":[{"name":"authorization","in":"header","description":"Token de authorización","required":false,"style":"simple","explode":false,"schema":{"type":"string"}},{"name":"plan","in":"path","required":true,"style":"simple","explode":false,"schema":{"type":"integer"}},{"name":"linea","in":"path","required":true,"style":"simple","explode":false,"schema":{"type":"integer"}},{"name":"provincia","in":"path","required":true,"style":"simple","explode":false,"schema":{"type":"integer"}}],"responses":{"200":{"description":"Documento que cumple con la definición del xsd Listado_Terminos.xsd","content":{"application/json":{"schema":{"type":"object"}},"application/xml":{"schema":{"type":"object"}}}},"400":{"description":"Petición incorrecta","content":{"application/json":{"schema":{"$ref":"#/components/schemas/AgrRestException"}}}},"403":{"description":"No autorizado","content":{"application/json":{"schema":{"$ref":"#/components/schemas/AgrRestException"}}}},"500":{"description":"Error interno del servidor","content":{"application/json":{"schema":{"$ref":"#/components/schemas/AgrRestException"}}}}}}}},"components":{"schemas":{"AgrRestException":{"type":"array","items":{"$ref":"#/components/schemas/Error"}},"Error":{"type":"object","properties":{"codigo":{"type":"integer"},"mensaje":{"type":"string"}}}},"securitySchemes":{"Bearer":{"type":"apiKey","description":"Para acceder al API es necesario un token JWT valido que debe ser pasado en todos las peticiones en la cabecera 'Authorization'. \nUn token JWT valido sera generado por el api y retornado en la operacion de /login mediante un usuario y una contraseña.\nLa sintaxis será:  'Authorization': Bearer xxxxxx.yyyyyyy.zzzzzz\n","name":"Authorization","in":"header"}}}}