{"openapi":"3.0.0","info":{"title":"Faktura-Service-Consumer","description":"Das REST Interface für den Austausch mit verschiedenen Backend Faktura-Systemen","contact":{"name":"Faktura Api","url":"https://www.example.com","email":"someone@example.com"},"version":"1.0"},"servers":[{"url":"http://localhost:3000"}],"tags":[{"name":"Dokument"}],"paths":{"/faktura/bescheid":{"post":{"tags":["Dokument"],"summary":"Übermittlung des Rechnungsdokuments","description":"Der Faktura-Service übermittelt den Bescheid als PDF-Dokument.","operationId":"get-faktura-bescheid","parameters":[{"name":"kammerId","in":"query","required":true,"style":"form","explode":true,"schema":{"type":"string"}}],"requestBody":{"content":{"application/json":{"schema":{"$ref":"#/components/schemas/Dokument"},"examples":{"example":{"value":{"vorgangsnummer":"45231234","belegnummer":"1228334","belegdatum":"2021-04-21T18:25:43-05:00","zahlbetrag":213.45,"fileEncode64":"sdkjhgekjhkjgZzTUzi38787sdfsdfsdf6gfdf"}}}},"application/xml":{"schema":{"type":"object","properties":{}}}}},"responses":{"204":{"description":"No Content"},"400":{"description":"Bad Request","content":{"application/json":{"schema":{"allOf":[{"type":"object","properties":{"errorTag":{"type":"string","enum":["CL_PARAMETER_UNGUELTIG","CL_PARAMETER_FEHLT","CL_PARAMETER_KAMMERID","CL_REQUEST_DATA"]}}},{"$ref":"#/components/schemas/Fehlerinfo"}]},"examples":{"example-1":{"value":{"errorTag":"CL_PARAMETER_UNGUELTIG","message":"Der angegebene Parameter 'foo' ist nicht erlaubt."}}}}}},"401":{"description":"Authentication error"},"403":{"description":"Forbidden"},"404":{"description":"Not Found"},"408":{"description":"Request Timeout"},"500":{"description":"Internal Server Error","content":{"application/json":{"schema":{"allOf":[{"type":"object","properties":{"errorTag":{"type":"string","enum":["SV_UNERWARTETER_FEHLER"]}}},{"$ref":"#/components/schemas/Fehlerinfo"}]},"examples":{"example-1":{"value":{"errorTag":"SV_UNERWARTETER_FEHLER","message":"Verzeihung! Bitte nehmen Sie Kontakt mit dem IT-Support auf."}}}}}}}}}},"components":{"schemas":{"Fehlerinfo":{"type":"object","properties":{"message":{"type":"string"}}},"Dokument":{"required":["fileEncode64","vorgangsnummer","zahlbetrag"],"type":"object","properties":{"vorgangsnummer":{"type":"string"},"belegnummer":{"type":"string"},"belegdatum":{"type":"string","description":"ISO 8601 Datum"},"zahlbetrag":{"type":"number"},"fileEncode64":{"type":"string","description":"PDF-Dateiinhalt ByteArray im Encode64"}}}}}}