{"openapi":"3.0.0","info":{"title":"Edbit Credentials API","description":"Welcome to Edbit Credentials API Documentation. Below you can find the endpoints to send your documnets to our API. Our credentials API will send the issuer and reciever data, along with your document(s), to the blockchain.","contact":{"name":"Edbit Inc.","url":"https://edbit.io","email":"info@edbit.io"},"license":{"name":"Copyright Edbit Inc. 2022. All rights reserved."},"version":"v1.0.0","x-logo":{"url":"https://edbit.io/images/logo.png","backgroundColor":"#FFFFFF","altText":"Edbit logo"}},"servers":[{"url":"https://virtserver.swaggerhub.com/Ahmed76/Edbit/v1.0.0","description":"SwaggerHub API Auto Mocking"},{"url":"https://api.edbit.io","description":"Deployment Server"}],"security":[{"bearerAuth":[]}],"tags":[{"name":"Auth"},{"name":"Certificate"},{"name":"User"},{"name":"Folder"},{"name":"Token"}],"paths":{"/auth/login":{"post":{"tags":["Auth"],"description":"Verifies a user and returns the jwt access token.","operationId":"Login","requestBody":{"content":{"application/json":{"schema":{"type":"object","properties":{"email":{"type":"string","description":"The email that the organization signs up with.","example":"example@abc.com"},"password":{"type":"string","description":"The password that the organization signs up with. This password must be at least 10 characters long, contain one number, one uppercase letter, one lowercase letter, and a special character.","example":"Password1!"}}}}},"required":true},"responses":{"200":{"description":"User is authenticated.","content":{"application/json":{"schema":{"type":"object","properties":{"msg":{"type":"string","example":"Login Successful"},"accessToken":{"type":"string","example":"eyJraW3iOiJdNmhXc3A1dytUdHd1TUR0aWc1RG1xVDA1Ym5qSWlwY1FIWmZ2T09Mazk0PSIsImFsZyI6IlJTMjU2In......"},"error":{"type":"boolean","example":false}}}}}},"403":{"description":"User is authenticated, but email is not verified.","content":{"application/json":{"schema":{"type":"object","properties":{"msg":{"type":"string","example":"Email is not verified!"},"accessToken":{"type":"string","example":"eyJraW3iOiJdNmhXc3A1dytUdHd1TUR0aWc1RG1xVDA1Ym5qSWlwY1FIWmZ2T09Mazk0PSIsImFsZyI6IlJTMjU2In......"},"error":{"type":"boolean","example":false}}}}}},"401":{"description":"User is unauthenticated.","content":{"application/json":{"schema":{"type":"object","properties":{"msg":{"type":"string","example":"Bad Combination email/password"},"error":{"type":"boolean","example":true}},"description":"401 response for login"}}}},"500":{"description":"Network Error.","content":{"application/json":{"schema":{"type":"object","properties":{"msg":{"type":"string","example":"Network error!"},"error":{"type":"boolean","example":true}},"description":"500 response for login"}}}}}}},"/auth/signup":{"post":{"tags":["Auth"],"description":"Registers a new user.","operationId":"Sign up","requestBody":{"content":{"application/json":{"schema":{"type":"object","properties":{"email":{"type":"string","description":"A valid email address for the organization.","example":"example@abc.com"},"password":{"type":"string","description":"The password that the organization signs up with. This password must be at least 10 characters long, contain one number, one uppercase letter, one lowercase letter, and a special character.","example":"Password1!"}}}}},"required":true},"responses":{"200":{"description":"User Successfully signed up.","content":{"application/json":{"schema":{"type":"object","properties":{"msg":{"type":"string","example":"User Signed Up Successfully"},"error":{"type":"boolean","example":false}},"description":"200 response for signup"}}}},"401":{"description":"Sign up Failed.","content":{"application/json":{"schema":{"type":"object","properties":{"msg":{"type":"string","example":"Sign up Failed"},"reason":{"type":"string","example":"An account with the given email already exists."},"error":{"type":"boolean","example":true}},"description":"401 response for signup"}}}},"500":{"description":"Network Error.","content":{"application/json":{"schema":{"type":"object","properties":{"msg":{"type":"string","example":"Network Error!"},"error":{"type":"boolean","example":true}},"description":"500 response for signup"}}}}}}},"/certificate/issue":{"post":{"tags":["Certificate"],"description":"Verifies a certificate and returns its links.","operationId":"Issue a certificate","requestBody":{"content":{"multipart/form-data":{"schema":{"type":"object","properties":{"file":{"type":"string","format":"binary"},"data":{"type":"object","properties":{"certificate":{"type":"object"}}}}}},"application/json":{"schema":{"type":"object","properties":{"certificate":{"type":"object","properties":{"folderName":{"type":"string","example":"Fall 2021"},"type":{"type":"string","example":"University Degree"}}}}}}},"required":true},"responses":{"200":{"description":"File submitted to blockchain successfully","content":{"application/json":{"schema":{"type":"object","properties":{"txLink":{"type":"string","example":"https://ropsten.etherscan.io/tx/0xa7996da0cf54725fa984145bb1040a97ea0950de740e433c78c922249d8adc95"},"cerLink":{"type":"string","example":"https://edbit.mypinata.cloud/ipfs/QmPxtK58mDJWavuMAaiumyq3u47nuFVUdUnLyRtYcuwn9E"},"fileHash":{"type":"string","example":"bdf238dd6f6e07174dec911329830e031293492b40093ad15d2648f1857222dd"},"msg":{"type":"string","example":"File submitted to blockchain successfully"},"error":{"type":"boolean","example":false},"accessToken":{"type":"string","nullable":true,"example":"eyJraW3iOiJdNmhXc3A1dytUdHd1TUR0aWc1RG1xVDA1Ym5qSWlwY1FIWmZ2T09Mazk0PSIsImFsZyI6IlJTMjU2In......"}},"description":"200 response"}}}},"201":{"description":"Certificate issued before.","content":{"application/json":{"schema":{"type":"object","properties":{"msg":{"type":"string","example":"This Certificate is Already Issued."},"cerLink":{"type":"string","example":"https://edbit.mypinata.cloud/ipfs/QmPxtK58mDJWavuMAaiumyq3u47nuFVUdUnLyRtYcuwn9E"},"fileHash":{"type":"string","example":"bdf238dd6f6e07174dec911329830e031293492b40093ad15d2648f1857222dd"},"accessToken":{"type":"string","nullable":true,"example":"eyJraW3iOiJdNmhXc3A1dytUdHd1TUR0aWc1RG1xVDA1Ym5qSWlwY1FIWmZ2T09Mazk0PSIsImFsZyI6IlJTMjU2In......"}},"description":"201 response"}}}},"500":{"description":"Network error!.","content":{"application/json":{"schema":{"type":"object","properties":{"msg":{"type":"string","example":"Error Issuing the certificate, please try again!"},"error":{"type":"string","example":"Error msg from the server"}},"description":"500 response"}}}},"400":{"description":"The request missing the file.","content":{"application/json":{"schema":{"type":"object","properties":{"msg":{"type":"string","example":"File Missing!"},"error":{"type":"boolean","example":true}},"description":"400 response"}}}},"401":{"description":"Unauthorized.","content":{"application/json":{"schema":{"type":"object","properties":{"msg":{"type":"string","example":"Unauthorized"},"error":{"type":"boolean","example":true}},"description":"401 response"}}}}},"security":[{"bearerAuth":[]}]}},"/certificate/verifyByTxhash":{"get":{"tags":["Certificate"],"description":"Verifies a certificate and returns its links.","operationId":"Verify by hash.","parameters":[{"name":"hash","in":"query","description":"A valid transaction hash address for an issued certificate","required":true,"style":"form","explode":true,"schema":{"type":"string","example":"0xb1f5be727550cdb36041ac651f8bfda7b885300adf3145087cacb854b8bd2b9c"}}],"responses":{"200":{"description":"Certificate is valid.","content":{"application/json":{"schema":{"type":"object","properties":{"certificate":{"type":"object","properties":{"txLink":{"type":"string","example":"https://ropsten.etherscan.io/tx/0xa7996da0cf54725fa984145bb1040a97ea0950de740e433c78c922249d8adc95"},"cerLink":{"type":"string","example":"https://edbit.mypinata.cloud/ipfs/QmPxtK58mDJWavuMAaiumyq3u47nuFVUdUnLyRtYcuwn9E"},"fileHash":{"type":"string","example":"bdf238dd6f6e07174dec911329830e031293492b40093ad15d2648f1857222dd"}}},"verified":{"type":"boolean","example":true}},"description":"200 response"}}}},"404":{"description":"Certificate is not found.","content":{"application/json":{"schema":{"type":"object","properties":{"msg":{"type":"string","example":"Certificate not found"},"verified":{"type":"boolean","example":false}},"description":"404 response"}}}}}}},"/certificate/verifyByFile":{"post":{"tags":["Certificate"],"description":"Verifies a certificate and returns its links.","operationId":"Verify By File.","requestBody":{"content":{"multipart/form-data":{"schema":{"type":"object","properties":{"file":{"type":"string","format":"binary"}}}}},"required":true},"responses":{"200":{"description":"Certificate is valid.","content":{"application/json":{"schema":{"type":"object","properties":{"msg":{"type":"string","example":"This document is authentic and from a verified issuer."},"verified":{"type":"boolean","example":true},"error":{"type":"boolean","example":false},"fileHash":{"type":"string","example":"bdf238dd6f6e07174dec911329830e031293492b40093ad15d2648f1857222dd"},"fileName":{"type":"string","example":"certificate_1245.pdf"},"tx_hash":{"type":"string","example":"0xa7996da0cf54725fa984145bb1040a97ea0950de740e433c78c922249d8adc95"},"ipfs_cid":{"type":"string","example":"QmPxtK58mDJWavuMAaiumyq3u47nuFVUdUnLyRtYcuwn9E"},"uid":{"type":"string","example":"05b3d555-h8eb-11ec-89d1-0aa33b1a201c"},"issued_at":{"type":"object","properties":{"month":{"type":"string","example":"02"},"year":{"type":"string","example":"2022"},"day":{"type":"string","example":"18"},"hour":{"type":"string","example":"13"},"minute":{"type":"string","example":"24"},"second":{"type":"string","example":"37"}}}},"description":"200 response"}}}},"202":{"description":"Certificate is not found.","content":{"application/json":{"schema":{"type":"object","properties":{"msg":{"type":"string","example":"No match could be found for this Document"},"verified":{"type":"boolean","example":false},"error":{"type":"boolean","example":true},"fileHash":{"type":"string","example":"bdf238dd6f6e07174dec911329830e031293492b40093ad15d2648f1857222dd"},"fileName":{"type":"string","example":"certificate_1245.pdf"}},"description":"202 response"}}}},"400":{"description":"The request missing the file.","content":{"application/json":{"schema":{"type":"object","properties":{"msg":{"type":"string","example":"File Missing!"},"error":{"type":"boolean","example":true}},"description":"400 response"}}}},"500":{"description":"Network Error.","content":{"application/json":{"schema":{"type":"object","properties":{"msg":{"type":"string","example":"Network Error!"},"error":{"type":"boolean","example":true},"verified":{"type":"boolean","example":false}},"description":"500 response for verify by file"}}}}}}},"/user/updateName":{"post":{"tags":["User"],"description":"Updates the name and the country of the user.","operationId":"Update user's name.","requestBody":{"content":{"application/json":{"schema":{"properties":{"firstName":{"type":"string","description":"The user's first name.","example":"John"},"lastName":{"type":"string","description":"The user's last name.","example":"Doe"},"location":{"type":"string","description":"The user's location (country).","example":"United States"}}}}},"required":true},"responses":{"200":{"description":"Information updated successfully.","content":{"application/json":{"schema":{"type":"object","properties":{"msg":{"type":"string","example":"Information updated successfully."},"error":{"type":"boolean","example":false},"accessToken":{"type":"string","nullable":true,"example":"eyJraW3iOiJdNmhXc3A1dytUdHd1TUR0aWc1RG1xVDA1Ym5qSWlwY1FIWmZ2T09Mazk0PSIsImFsZyI6IlJTMjU2In....."}},"description":"200 response"}}}},"500":{"description":"Error updating user's information.","content":{"application/json":{"schema":{"type":"object","properties":{"msg":{"type":"string","example":"Error updating user information"},"error":{"type":"boolean","example":true},"accessToken":{"type":"string","nullable":true,"example":"eyJraW3iOiJdNmhXc3A1dytUdHd1TUR0aWc1RG1xVDA1Ym5qSWlwY1FIWmZ2T09Mazk0PSIsImFsZyI6IlJTMjU2In....."}},"description":"500 response"}}}},"401":{"description":"Unauthorized.","content":{"application/json":{"schema":{"type":"object","properties":{"msg":{"type":"string","example":"Unauthorized"},"error":{"type":"boolean","example":true}},"description":"401 response"}}}}},"security":[{"bearerAuth":[]}]}},"/user/updateOrganization":{"post":{"tags":["User"],"description":"Updates the organization's name and website.","operationId":"Update user's organization.","requestBody":{"content":{"application/json":{"schema":{"properties":{"organizationName":{"type":"string","description":"The organization's name.","example":"Univesity of Los Santos"},"website":{"type":"string","description":"The organization's website.","example":"https://www.uls.edu"}}}}},"required":true},"responses":{"200":{"description":"Information updated successfully.","content":{"application/json":{"schema":{"type":"object","properties":{"msg":{"type":"string","example":"Information updated successfully."},"error":{"type":"boolean","example":false},"accessToken":{"type":"string","nullable":true,"example":"eyJraW3iOiJdNmhXc3A1dytUdHd1TUR0aWc1RG1xVDA1Ym5qSWlwY1FIWmZ2T09Mazk0PSIsImFsZyI6IlJTMjU2In....."}},"description":"200 response"}}}},"500":{"description":"Error updating user's information.","content":{"application/json":{"schema":{"type":"object","properties":{"msg":{"type":"string","example":"Error updating user information"},"error":{"type":"boolean","example":true},"accessToken":{"type":"string","nullable":true,"example":"eyJraW3iOiJdNmhXc3A1dytUdHd1TUR0aWc1RG1xVDA1Ym5qSWlwY1FIWmZ2T09Mazk0PSIsImFsZyI6IlJTMjU2In....."}},"description":"500 response"}}}},"401":{"description":"Unauthorized.","content":{"application/json":{"schema":{"type":"object","properties":{"msg":{"type":"string","example":"Unauthorized"},"error":{"type":"boolean","example":true}},"description":"401 response"}}}}},"security":[{"bearerAuth":[]}]}},"/user/getUser/{uid}":{"get":{"tags":["User"],"description":"Get a list of attributes for a specific user.","operationId":"Get User.","parameters":[{"name":"uid","in":"path","description":"User id","required":true,"style":"simple","explode":false,"schema":{"type":"string","example":"05b3d555-h8eb-11ec-89d1-0aa33b1a201c"}}],"responses":{"200":{"description":"Information updated successfully.","content":{"application/json":{"schema":{"type":"object","properties":{"msg":{"type":"string","example":"User fetched."},"error":{"type":"boolean","example":false},"accessToken":{"type":"string","nullable":true,"example":"eyJraW3iOiJdNmhXc3A1dytUdHd1TUR0aWc1RG1xVDA1Ym5qSWlwY1FIWmZ2T09Mazk0PSIsImFsZyI6IlJTMjU2In....."},"user":{"type":"object","properties":{"first_name":{"type":"string","nullable":true,"example":"John"},"last_name":{"type":"string","nullable":true,"example":"Doe"},"email":{"type":"string","example":"JD@llc.com"},"website":{"type":"string","nullable":true,"example":"https://llc.com"},"location":{"type":"string","nullable":true,"example":"United States"},"organization_name":{"type":"string","nullable":true,"example":"Los Lantos company."},"profile_picture":{"type":"string","nullable":true,"example":"https://photourl.com"},"credits":{"type":"number","example":2E+3}}}},"description":"200 response"}}}},"401":{"description":"Unauthorized.","content":{"application/json":{"schema":{"type":"object","properties":{"msg":{"type":"string","example":"Unauthorized"},"error":{"type":"boolean","example":true}},"description":"401 response for adding a folder"}}}},"500":{"description":"Error fetching users information","content":{"application/json":{"schema":{"type":"object","properties":{"msg":{"type":"string","example":"Error fetching users information"},"error":{"type":"boolean","example":true},"accessToken":{"type":"string","nullable":true,"example":"eyJraW3iOiJdNmhXc3A1dytUdHd1TUR0aWc1RG1xVDA1Ym5qSWlwY1FIWmZ2T09Mazk0PSIsImFsZyI6IlJTMjU2In....."}},"description":"500 response"}}}}},"security":[{"bearerAuth":[]}]}},"/user/getCurrentUser":{"get":{"tags":["User"],"description":"Get a list of attributes for a the current user.","operationId":"Get Current User.","responses":{"200":{"description":"Information updated successfully.","content":{"application/json":{"schema":{"type":"object","properties":{"msg":{"type":"string","example":"User fetched."},"error":{"type":"boolean","example":false},"accessToken":{"type":"string","nullable":true,"example":"eyJraW3iOiJdNmhXc3A1dytUdHd1TUR0aWc1RG1xVDA1Ym5qSWlwY1FIWmZ2T09Mazk0PSIsImFsZyI6IlJTMjU2In....."},"user":{"type":"object","properties":{"first_name":{"type":"string","nullable":true,"example":"John"},"last_name":{"type":"string","nullable":true,"example":"Doe"},"email":{"type":"string","example":"JD@llc.com"},"website":{"type":"string","nullable":true,"example":"https://llc.com"},"location":{"type":"string","nullable":true,"example":"United States"},"organization_name":{"type":"string","nullable":true,"example":"Los Lantos company."},"profile_picture":{"type":"string","nullable":true,"example":"https://photourl.com"},"credits":{"type":"number","example":2E+3}}}},"description":"200 response"}}}},"401":{"description":"Unauthorized.","content":{"application/json":{"schema":{"type":"object","properties":{"msg":{"type":"string","example":"Unauthorized"},"error":{"type":"boolean","example":true}},"description":"401 response for adding a folder"}}}},"500":{"description":"Error fetching users information","content":{"application/json":{"schema":{"type":"object","properties":{"msg":{"type":"string","example":"Error fetching users information"},"error":{"type":"boolean","example":true},"accessToken":{"type":"string","nullable":true,"example":"eyJraW3iOiJdNmhXc3A1dytUdHd1TUR0aWc1RG1xVDA1Ym5qSWlwY1FIWmZ2T09Mazk0PSIsImFsZyI6IlJTMjU2In....."}},"description":"500 response"}}}}},"security":[{"bearerAuth":[]}]}},"/user/updatePhoto":{"post":{"tags":["User"],"description":"Update profile picture for the user","operationId":"Update profile picture.","requestBody":{"content":{"image/png":{"schema":{"type":"string","format":"binary"}}}},"responses":{"400":{"description":"The request missing the file.","content":{"application/json":{"schema":{"type":"object","properties":{"msg":{"type":"string","example":"File Missing!"},"error":{"type":"boolean","example":true}},"description":"400 response"}}}},"401":{"description":"Unauthorized.","content":{"application/json":{"schema":{"type":"object","properties":{"msg":{"type":"string","example":"Unauthorized"},"error":{"type":"boolean","example":true}},"description":"401 response"}}}},"500":{"description":"Error updating user's information.","content":{"application/json":{"schema":{"type":"object","properties":{"msg":{"type":"string","example":"Error updating profile picture"},"error":{"type":"boolean","example":true}},"description":"500 response"}}}},"200":{"description":"Image Updated.","content":{"application/json":{"schema":{"type":"object","properties":{"msg":{"type":"string","example":"Image Updated"},"error":{"type":"boolean","example":false},"accessToken":{"type":"string","nullable":true,"example":"eyJraW3iOiJdNmhXc3A1dytUdHd1TUR0aWc1RG1xVDA1Ym5qSWlwY1FIWmZ2T09Mazk0PSIsImFsZyI6IlJTMjU2In....."}},"description":"200 response"}}}}},"security":[{"bearerAuth":[]}]}},"/dir/addFolder":{"post":{"tags":["Folder"],"description":"Add a new folder to the list of folders the user has.","operationId":"Add folder.","parameters":[{"name":"folderName","in":"query","description":"The name of the new folder.","required":true,"style":"form","explode":true,"schema":{"type":"string","example":"Fall 2022"}}],"requestBody":{"content":{"application/json":{"schema":{"properties":{"firstName":{"type":"string","description":"The user's first name.","example":"John"},"lastName":{"type":"string","description":"The user's last name.","example":"Doe"},"location":{"type":"string","description":"The user's location (country).","example":"United States"}}}}},"required":true},"responses":{"200":{"description":"Folder Added","content":{"application/json":{"schema":{"type":"object","properties":{"msg":{"type":"string","example":"Folder Added"},"folder":{"type":"object","properties":{"folderName":{"type":"string","example":"Fall 2021"},"createdAt":{"type":"object","properties":{"month":{"type":"string","example":"02"},"year":{"type":"string","example":"2022"},"day":{"type":"string","example":"18"},"hour":{"type":"string","example":"13"},"minute":{"type":"string","example":"24"},"second":{"type":"string","example":"37"}}},"updatedAt":{"type":"object","properties":{"month":{"type":"string","example":"02"},"year":{"type":"string","example":"2022"},"day":{"type":"string","example":"18"},"hour":{"type":"string","example":"13"},"minute":{"type":"string","example":"24"},"second":{"type":"string","example":"37"}}}}},"error":{"type":"boolean","example":false}},"description":"200 response for add folder"}}}},"401":{"description":"Unauthorized.","content":{"application/json":{"schema":{"type":"object","properties":{"msg":{"type":"string","example":"Unauthorized"},"error":{"type":"boolean","example":true}},"description":"401 response for adding a folder"}}}},"500":{"description":"Error updating user's information.","content":{"application/json":{"schema":{"type":"object","properties":{"msg":{"type":"string","example":"Error adding Folder"},"error":{"type":"boolean","example":true}},"description":"500 response"}}}}},"security":[{"bearerAuth":[]}]}},"/dir/getFolders":{"get":{"tags":["Folder"],"description":"Returns a list of folders.","operationId":"Get folders.","responses":{"200":{"description":"A list of Folders.","content":{"application/json":{"schema":{"type":"array","description":"200 response","items":{"type":"object","properties":{"folderName":{"type":"string","example":"Fall 2021"},"createdAt":{"type":"object","properties":{"month":{"type":"string","example":"02"},"year":{"type":"string","example":"2022"},"day":{"type":"string","example":"18"},"hour":{"type":"string","example":"13"},"minute":{"type":"string","example":"24"},"second":{"type":"string","example":"37"}}},"updatedAt":{"type":"object","properties":{"month":{"type":"string","example":"02"},"year":{"type":"string","example":"2022"},"day":{"type":"string","example":"18"},"hour":{"type":"string","example":"13"},"minute":{"type":"string","example":"24"},"second":{"type":"string","example":"37"}}}}}}}}},"401":{"description":"Unauthorized.","content":{"application/json":{"schema":{"type":"object","properties":{"msg":{"type":"string","example":"Unauthorized"},"error":{"type":"boolean","example":true}},"description":"401 response for adding a folder"}}}},"500":{"description":"Error updating user's information.","content":{"application/json":{"schema":{"type":"object","properties":{"msg":{"type":"string","example":"Error adding Folder"},"error":{"type":"boolean","example":true}},"description":"500 response"}}}}},"security":[{"bearerAuth":[]}]}},"/dir/getArchivedFolders":{"get":{"tags":["Folder"],"description":"Returns a list of archived folders.","operationId":"Get archived folders.","responses":{"200":{"description":"A list of archived folders.","content":{"application/json":{"schema":{"type":"array","description":"200 response","items":{"type":"object","properties":{"folderName":{"type":"string","example":"Fall 2021"},"createdAt":{"type":"object","properties":{"month":{"type":"string","example":"02"},"year":{"type":"string","example":"2022"},"day":{"type":"string","example":"18"},"hour":{"type":"string","example":"13"},"minute":{"type":"string","example":"24"},"second":{"type":"string","example":"37"}}},"updatedAt":{"type":"object","properties":{"month":{"type":"string","example":"02"},"year":{"type":"string","example":"2022"},"day":{"type":"string","example":"18"},"hour":{"type":"string","example":"13"},"minute":{"type":"string","example":"24"},"second":{"type":"string","example":"37"}}}}}}}}},"401":{"description":"Unauthorized.","content":{"application/json":{"schema":{"type":"object","properties":{"msg":{"type":"string","example":"Unauthorized"},"error":{"type":"boolean","example":true}},"description":"401 response"}}}},"500":{"description":"Error fetching user's information.","content":{"application/json":{"schema":{"type":"object","properties":{"msg":{"type":"string","example":"Network Error"},"error":{"type":"boolean","example":true}},"description":"500 response"}}}}},"security":[{"bearerAuth":[]}]}},"/dir/getFiles/{folderName}":{"get":{"tags":["Folder"],"description":"Get a list of files for a specific folder.","operationId":"Get Files.","parameters":[{"name":"folderName","in":"path","description":"Existing folder name","required":true,"style":"simple","explode":false,"schema":{"type":"string","example":"Fall 2021"}}],"responses":{"200":{"description":"A list of files.","content":{"application/json":{"schema":{"type":"array","description":"200 response","items":{"type":"object","properties":{"fileName":{"type":"string","example":"certificate_sample.pdf"},"ipfs_cid":{"type":"string","example":"QmYmSwhGaJhWBt9USXaRmThknayrGumwMbii2JbpcxekcV"},"tx_hash":{"type":"string","example":"0x31df321423f37116d9e53db32878b9d4d63e14a998a7a73a4e98ae957a35bfe5"},"createdAt":{"type":"object","properties":{"month":{"type":"string","example":"02"},"year":{"type":"string","example":"2022"},"day":{"type":"string","example":"18"},"hour":{"type":"string","example":"13"},"minute":{"type":"string","example":"24"},"second":{"type":"string","example":"37"}}}}}}}}},"401":{"description":"Unauthorized.","content":{"application/json":{"schema":{"type":"object","properties":{"msg":{"type":"string","example":"Unauthorized"},"error":{"type":"boolean","example":true}},"description":"401 response for getting files"}}}},"500":{"description":"Network Error.","content":{"application/json":{"schema":{"type":"object","properties":{"msg":{"type":"string","example":"Network Error!"},"error":{"type":"boolean","example":true}},"description":"500 response"}}}}},"security":[{"bearerAuth":[]}]}},"/dir/getArchivedFiles":{"get":{"tags":["Folder"],"description":"Get a list of archived files.","operationId":"Get Archived Files.","responses":{"200":{"description":"A list of archived files.","content":{"application/json":{"schema":{"type":"array","description":"200 response","items":{"type":"object","properties":{"fileName":{"type":"string","example":"certificate_sample.pdf"},"ipfs_cid":{"type":"string","example":"QmYmSwhGaJhWBt9USXaRmThknayrGumwMbii2JbpcxekcV"},"tx_hash":{"type":"string","example":"0x31df321423f37116d9e53db32878b9d4d63e14a998a7a73a4e98ae957a35bfe5"},"createdAt":{"type":"object","properties":{"month":{"type":"string","example":"02"},"year":{"type":"string","example":"2022"},"day":{"type":"string","example":"18"},"hour":{"type":"string","example":"13"},"minute":{"type":"string","example":"24"},"second":{"type":"string","example":"37"}}}}}}}}},"401":{"description":"Unauthorized.","content":{"application/json":{"schema":{"type":"object","properties":{"msg":{"type":"string","example":"Unauthorized"},"error":{"type":"boolean","example":true}},"description":"401 response for getting files"}}}},"500":{"description":"Network Error.","content":{"application/json":{"schema":{"type":"object","properties":{"msg":{"type":"string","example":"Error fetching the files"},"error":{"type":"boolean","example":true}},"description":"500 response"}}}}},"security":[{"bearerAuth":[]}]}},"/dir/getArchivedFilesForArchivedFolder/{folderName}":{"get":{"tags":["Folder"],"description":"Get a list of files for a specific archived folder.","operationId":"Get Files for archived folder.","parameters":[{"name":"folderName","in":"path","description":"Existing folder name","required":true,"style":"simple","explode":false,"schema":{"type":"string","example":"Fall 2021"}}],"responses":{"200":{"description":"A list of files.","content":{"application/json":{"schema":{"type":"array","description":"200 response","items":{"type":"object","properties":{"fileName":{"type":"string","example":"certificate_sample.pdf"},"ipfs_cid":{"type":"string","example":"QmYmSwhGaJhWBt9USXaRmThknayrGumwMbii2JbpcxekcV"},"tx_hash":{"type":"string","example":"0x31df321423f37116d9e53db32878b9d4d63e14a998a7a73a4e98ae957a35bfe5"},"createdAt":{"type":"object","properties":{"month":{"type":"string","example":"02"},"year":{"type":"string","example":"2022"},"day":{"type":"string","example":"18"},"hour":{"type":"string","example":"13"},"minute":{"type":"string","example":"24"},"second":{"type":"string","example":"37"}}}}}}}}},"401":{"description":"Unauthorized.","content":{"application/json":{"schema":{"type":"object","properties":{"msg":{"type":"string","example":"Unauthorized"},"error":{"type":"boolean","example":true}},"description":"401 response for getting files"}}}},"500":{"description":"Network Error.","content":{"application/json":{"schema":{"type":"object","properties":{"msg":{"type":"string","example":"Error fetching the files"},"error":{"type":"boolean","example":true}},"description":"500 response"}}}}},"security":[{"bearerAuth":[]}]}},"/dir/sendFolderToArchive":{"post":{"tags":["Folder"],"description":"Send a folder to archive.","operationId":"Send folder to archive.","requestBody":{"content":{"application/json":{"schema":{"properties":{"folderName":{"type":"string","description":"The folder name.","example":"Web Dev"}}}}},"required":true},"responses":{"200":{"description":"Information updated successfully.","content":{"application/json":{"schema":{"type":"object","properties":{"msg":{"type":"string","example":"Folder sent to archive."},"error":{"type":"boolean","example":false}},"description":"200 response"}}}},"500":{"description":"Error updating user's information.","content":{"application/json":{"schema":{"type":"object","properties":{"msg":{"type":"string","example":"Error Updating the folder status."},"error":{"type":"boolean","example":true}},"description":"500 response"}}}},"401":{"description":"Unauthorized.","content":{"application/json":{"schema":{"type":"object","properties":{"msg":{"type":"string","example":"Unauthorized"},"error":{"type":"boolean","example":true}},"description":"401 response"}}}}},"security":[{"bearerAuth":[]}]}},"/dir/sendFileToArchive":{"post":{"tags":["Folder"],"description":"Send a file to archive.","operationId":"Send file to archive.","requestBody":{"content":{"application/json":{"schema":{"properties":{"folderName":{"type":"string","description":"The folder name.","example":"Web Dev"},"fileName":{"type":"string","description":"The file name.","example":"certificate.pdf"},"fileHash":{"type":"string","description":"The unique hash of the file.","example":"bdf238dd6f6e07174dec911329830e031293492b40093ad15d2648f1857222dd"}}}}},"required":true},"responses":{"200":{"description":"Information updated successfully.","content":{"application/json":{"schema":{"type":"object","properties":{"msg":{"type":"string","example":"Folder sent to archive."},"error":{"type":"boolean","example":false}},"description":"200 response"}}}},"500":{"description":"Error updating user's information.","content":{"application/json":{"schema":{"type":"object","properties":{"msg":{"type":"string","example":"Error Updating the folder status."},"error":{"type":"boolean","example":true}},"description":"500 response"}}}},"401":{"description":"Unauthorized.","content":{"application/json":{"schema":{"type":"object","properties":{"msg":{"type":"string","example":"Unauthorized"},"error":{"type":"boolean","example":true}},"description":"401 response"}}}}},"security":[{"bearerAuth":[]}]}},"/token/getEdbitMetadata":{"get":{"tags":["Token"],"description":"Getting Edbit token metadata.","operationId":"Token Metadata","responses":{"200":{"description":"Information fetched successfuly.","content":{"application/json":{"schema":{"type":"object","properties":{"msg":{"type":"string","example":"Information fetched"},"error":{"type":"boolean","example":false},"edbitMetadata":{"type":"object","properties":{"name":{"type":"string","example":"EDBIT"},"symbol":{"type":"string","example":"EDBIT"},"decimals":{"type":"string","example":"18"},"totalSupply":{"type":"string","example":"50000000000000000000"},"cap":{"type":"string","example":"200000000000000000000"},"priceInUSD":{"type":"number","example":0.19780482932602048},"priceInAVAX":{"type":"number","example":0.00255709040554657}}}}}}}},"500":{"description":"Network Error.","content":{"application/json":{"schema":{"type":"object","properties":{"msg":{"type":"string","example":"Network Error"},"error":{"type":"boolean","example":true}},"description":"500 response for getEdbitMetadata"}}}}}}}},"components":{"securitySchemes":{"bearerAuth":{"type":"http","scheme":"bearer","bearerFormat":"JWT"}}}}