{"openapi":"3.0.0","info":{"title":"Playlist_API","description":"Una API simple con datos sobre canciones","contact":{"email":"you@your-company.com"},"license":{"name":"Apache 2.0","url":"http://www.apache.org/licenses/LICENSE-2.0.html"},"version":"3.0.0"},"servers":[{"url":"http://localhost:8089/api"}],"tags":[{"name":"songs","description":"Songs"},{"name":"lists","description":"Playlists"}],"paths":{"/songs":{"get":{"tags":["songs"],"summary":"Get songs","description":"Get all songs","operationId":"getSongs","parameters":[{"name":"order","in":"query","description":"Order results by album, artist or year","required":false,"style":"form","explode":true,"schema":{"type":"string","enum":["album","-album","artist","-artist","year","-year"]}},{"name":"q","in":"query","description":"Query to filter","required":false,"style":"form","explode":true,"schema":{"type":"string"}},{"name":"limit","in":"query","description":"Maximum number of results","required":false,"style":"form","explode":true,"schema":{"minimum":0,"type":"integer","format":"int32"}},{"name":"offset","in":"query","description":"Offset of the results","required":false,"style":"form","explode":true,"schema":{"minimum":0,"type":"integer","format":"int32"}}],"responses":{"200":{"description":"Search results matching criteria","content":{"application/json":{"schema":{"type":"array","items":{"required":["title"],"type":"object","properties":{"id":{"type":"string"},"title":{"type":"string"},"artist":{"type":"string"},"album":{"type":"string"},"year":{"type":"string"}},"example":{"id":"s1","title":"Rolling in the Deep","artist":"Adele","album":"21","year":"2011"}}}}}},"400":{"description":"Bad request"}}},"post":{"tags":["songs"],"summary":"Create a song","description":"Create a song","operationId":"createSong","requestBody":{"description":"Song to create","content":{"application/json":{"schema":{"required":["title"],"type":"object","properties":{"id":{"type":"string"},"title":{"type":"string"},"artist":{"type":"string"},"album":{"type":"string"},"year":{"type":"string"}},"example":{"id":"s1","title":"Rolling in the Deep","artist":"Adele","album":"21","year":"2011"}}}},"required":true},"responses":{"201":{"description":"Song created","content":{"application/json":{"schema":{"type":"array","example":{"id":"s1","title":"Rolling in the Deep","artist":"Adele","album":"21","year":"2011"},"items":{"required":["title"],"type":"object","properties":{"id":{"type":"string"},"title":{"type":"string"},"artist":{"type":"string"},"album":{"type":"string"},"year":{"type":"string"}}}}}}},"400":{"description":"Bad request"}}}},"/songs/{id}":{"get":{"tags":["songs"],"summary":"Get a song","description":"Get a song","operationId":"getSongId","parameters":[{"name":"id","in":"path","description":"Id of the song","required":true,"style":"simple","explode":false,"schema":{"type":"string"}}],"responses":{"200":{"description":"Song found","content":{"application/json":{"schema":{"required":["name"],"properties":{"id":{"type":"string"},"name":{"type":"string"},"description":{"type":"string"},"songs":{"type":"array","items":{"required":["title"],"type":"object","properties":{"id":{"type":"string"},"title":{"type":"string"},"artist":{"type":"string"},"album":{"type":"string"},"year":{"type":"string"}}}}},"example":{"id":"s1","title":"Rolling in the Deep","artist":"Adele","album":"21","year":"2011"}}}}},"404":{"description":"Song not found"}}},"put":{"tags":["songs"],"summary":"Update a song","description":"Update a song","operationId":"updateSongId","parameters":[{"name":"id","in":"path","description":"Id of the song","required":true,"style":"simple","explode":false,"schema":{"type":"string"}}],"requestBody":{"description":"Song to create","content":{"application/json":{"schema":{"required":["title"],"type":"object","properties":{"id":{"type":"string"},"title":{"type":"string"},"artist":{"type":"string"},"album":{"type":"string"},"year":{"type":"string"}},"example":{"id":"s1","title":"Rolling in the Deep","artist":"Adele","album":"21","year":"2011"}}}},"required":true},"responses":{"201":{"description":"Song created","content":{"application/json":{"schema":{"required":["title"],"type":"object","properties":{"id":{"type":"string"},"title":{"type":"string"},"artist":{"type":"string"},"album":{"type":"string"},"year":{"type":"string"}},"example":{"id":"s1","title":"Rolling in the Deep","artist":"Adele","album":"21","year":"2011"}}}}},"400":{"description":"Bad request"}}},"delete":{"tags":["songs"],"summary":"Delete song","description":"Delete song","operationId":"deleteSong","parameters":[{"name":"id","in":"path","description":"Id of the song","required":true,"style":"simple","explode":false,"schema":{"type":"string"}}],"responses":{"204":{"description":"Song deleted"},"404":{"description":"Song not found"}}}},"/lists":{"get":{"tags":["lists"],"summary":"Get playlists","description":"Get all playlists","operationId":"getPlaylists","parameters":[{"name":"order","in":"query","description":"Order results by name","required":false,"style":"form","explode":true,"schema":{"type":"string","enum":["name","-name"]}},{"name":"isEmpty","in":"query","description":"Filter playlists with no songs","required":false,"style":"form","explode":true,"schema":{"type":"boolean"}},{"name":"name","in":"query","description":"Filter playlists by name","required":false,"style":"form","explode":true,"schema":{"type":"string"}}],"responses":{"200":{"description":"Search results matching criteria","content":{"application/json":{"schema":{"type":"array","items":{"required":["name"],"type":"object","properties":{"id":{"type":"string"},"name":{"type":"string"},"description":{"type":"string"},"songs":{"type":"array","items":{"required":["title"],"type":"object","properties":{"id":{"type":"string"},"title":{"type":"string"},"artist":{"type":"string"},"album":{"type":"string"},"year":{"type":"string"}}}}},"example":{"id":"p5","name":"Favourites","description":"My favourite songs","songs":[{"id":"s1","title":"Rolling in the Deep","artist":"Adele","album":"21","year":"2011"}]}}}}}},"400":{"description":"Bad request"}}},"put":{"tags":["lists"],"summary":"Update a playlist","description":"Update a playlist","operationId":"updatePlaylist","requestBody":{"description":"Playlist to update","content":{"application/json":{"schema":{"required":["name"],"properties":{"id":{"type":"string"},"name":{"type":"string"},"description":{"type":"string"},"songs":{"type":"array","items":{"required":["title"],"type":"object","properties":{"id":{"type":"string"},"title":{"type":"string"},"artist":{"type":"string"},"album":{"type":"string"},"year":{"type":"string"}}}}},"example":{"id":"p5","name":"Favourites","description":"My favourite songs","songs":[{"id":"s1","title":"Rolling in the Deep","artist":"Adele","album":"21","year":"2011"}]}}}}},"responses":{"204":{"description":"Playlist updated"},"400":{"description":"Bad request"},"404":{"description":"Playlist not found"}}},"post":{"tags":["lists"],"summary":"Create a list","description":"Create a list","operationId":"createList","requestBody":{"description":"Playlist to update","content":{"application/json":{"schema":{"properties":{"id":{"type":"string"},"name":{"type":"string"},"description":{"type":"string"},"songs":{"type":"array","items":{"required":["title"],"type":"object","properties":{"id":{"type":"string"},"title":{"type":"string"},"artist":{"type":"string"},"album":{"type":"string"},"year":{"type":"string"}}}}},"example":{"id":"p5","name":"Favourites","description":"My favourite songs","songs":[{"id":"s1","title":"Rolling in the Deep","artist":"Adele","album":"21","year":"2011"}]}}}}},"responses":{"204":{"description":"Playlist added"},"400":{"description":"Bad request"},"404":{"description":"Playlist not found"}}}},"/lists/{id}":{"get":{"tags":["lists"],"summary":"Get a playlist","description":"Get a playlist","operationId":"getPlaylist","parameters":[{"name":"id","in":"path","description":"Id of the playlist","required":true,"style":"simple","explode":false,"schema":{"type":"string"}}],"responses":{"200":{"description":"Playlist found","content":{"application/json":{"schema":{"required":["name"],"properties":{"id":{"type":"string"},"name":{"type":"string"},"description":{"type":"string"},"songs":{"type":"array","items":{"required":["title"],"type":"object","properties":{"id":{"type":"string"},"title":{"type":"string"},"artist":{"type":"string"},"album":{"type":"string"},"year":{"type":"string"}}}}},"example":{"id":"p5","name":"Favourites","description":"My favourite songs","songs":[{"id":"s1","title":"Rolling in the Deep","artist":"Adele","album":"21","year":"2011"}]}}}}},"404":{"description":"Playlist not found"}}},"delete":{"tags":["lists"],"summary":"Delete song from playlist","description":"Delete song from playlist","operationId":"deleteSongPlayist","parameters":[{"name":"id","in":"path","description":"Id of the song","required":true,"style":"simple","explode":false,"schema":{"type":"string"}}],"responses":{"204":{"description":"Song deleted from playlist"},"404":{"description":"Playlist or song not found"}}}},"/lists/{playlistId}/{songId}":{"post":{"tags":["lists"],"summary":"Add song to playlist","description":"Add song to playlist","operationId":"addSongToPlaylist","parameters":[{"name":"playlistId","in":"path","description":"Id of the playlist","required":true,"style":"simple","explode":false,"schema":{"type":"string"}},{"name":"songId","in":"path","description":"Id of the song","required":true,"style":"simple","explode":false,"schema":{"type":"string"}}],"requestBody":{"content":{"text/plain":{"schema":{"type":"string"}}}},"responses":{"201":{"description":"Song added to playlist","content":{"application/json":{"schema":{"required":["name"],"properties":{"id":{"type":"string"},"name":{"type":"string"},"description":{"type":"string"},"songs":{"type":"array","items":{"required":["title"],"type":"object","properties":{"id":{"type":"string"},"title":{"type":"string"},"artist":{"type":"string"},"album":{"type":"string"},"year":{"type":"string"}}}}},"example":{"id":"p5","name":"Favourites","description":"My favourite songs","songs":[{"id":"s1","title":"Rolling in the Deep","artist":"Adele","album":"21","year":"2011"}]}}}}},"400":{"description":"Bad request"},"404":{"description":"Playlist or song not found"}}},"delete":{"tags":["lists"],"summary":"Delete song from playlist","description":"Delete song from playlist","operationId":"deleteSongFromPlayist","parameters":[{"name":"playlistId","in":"path","description":"Id of the playlist","required":true,"style":"simple","explode":false,"schema":{"type":"string"}},{"name":"songId","in":"path","description":"Id of the song","required":true,"style":"simple","explode":false,"schema":{"type":"string"}}],"responses":{"204":{"description":"Song deleted from playlist"},"404":{"description":"Playlist or song not found"}}}}}}