{"openapi":"3.0.0","info":{"title":"AdPlacements-Templates API","description":"These APIs are used to manage the advertisement templates.","contact":{"email":"engineering@airfind.com"},"license":{"name":"Airfind's Terms of Service","url":"https://airfind.com/terms/"},"version":"1.0.0"},"servers":[{"url":"http://api.dev.airfind.com/admin/v1/adplacements/templates/"}],"tags":[{"name":"templates","description":"AdTemplates"}],"paths":{"/{slug}":{"get":{"tags":["templates"],"summary":"Get one advertisement template","operationId":"getAdTemplateBySlug","parameters":[{"name":"slug","in":"path","description":"the slug of a template","required":true,"style":"simple","explode":false,"schema":{"type":"string"},"example":"mickey-mouse"},{"name":"token","in":"header","description":"pass the JWT token to authenticate","required":true,"style":"simple","explode":false,"schema":{"type":"string"}},{"name":"version","in":"query","description":"semver version range","required":false,"style":"form","explode":true,"schema":{"type":"string"},"example":"^1.0.0"}],"responses":{"200":{"description":"OK response","content":{"application/json":{"schema":{"type":"array","items":{"type":"object","properties":{"name":{"type":"string","example":"Mickey Mouse"},"slug":{"type":"string","description":"The URL slug is the last part of a full URL","example":"mickey-mouse"},"provider":{"type":"string","description":"Provider used with this ad template","example":"Airfind"},"versions":{"type":"array","items":{"type":"object","properties":{"id":{"type":"string","description":"MongoDB unique identifier","example":"507f1f77bcf86cd799439011"},"version":{"type":"string","description":"Major/Minor/Patch version format","example":"1.0.0"},"template":{"type":"string","description":"The html code of the template","example":"<div id=\"example\"></div><script>document.querySelector(\"#example\").innerHTML = \"Hello World\"</script>"},"style":{"type":"string","description":"The CSS of the template","example":"#example { color: red; }"},"active":{"type":"boolean","description":"Boolean value to indicate whether this template is active.","example":true},"createdAt":{"type":"string","format":"date-time","example":"2022-03-20T09:12:28Z"},"updatedAt":{"type":"string","format":"date-time","example":"2022-03-20T09:12:28Z"}}}}}}}}}}}}},"/{templateId}":{"patch":{"tags":["templates"],"summary":"Update a specific advertisement template","operationId":"updateAdTemplate","parameters":[{"name":"templateId","in":"path","description":"MongoDB unique identifier for the advertisment template","required":true,"style":"simple","explode":false,"schema":{"type":"string"},"example":"507f1f77bcf86cd799439011"},{"name":"token","in":"header","description":"pass the JWT token to authenticate","required":true,"style":"simple","explode":false,"schema":{"type":"string"}}],"requestBody":{"content":{"application/json":{"schema":{"type":"object","properties":{"active":{"type":"boolean"}}}}}},"responses":{"200":{"description":"OK reponse","content":{"application/json":{"schema":{"$ref":"#/components/schemas/OkResponse"}}}}}}},"/":{"get":{"tags":["templates"],"summary":"get all advertisement templates","operationId":"getAllAdTemplates","parameters":[{"name":"token","in":"header","description":"pass the JWT token to authenticate","required":true,"style":"simple","explode":false,"schema":{"type":"string"}},{"name":"where","in":"query","description":"filters","required":false,"style":"deepObject","explode":true,"schema":{"type":"object","properties":{"provider":{"type":"string","example":"Airfind"},"active":{"type":"string","enum":["true","false"]},"version":{"type":"string","example":"^1.0.0"}}}}],"responses":{"200":{"description":"results","content":{"application/json":{"schema":{"type":"array","items":{"type":"object","properties":{"name":{"type":"string","example":"Mickey Mouse"},"slug":{"type":"string","description":"The URL slug is the last part of a full URL","example":"mickey-mouse"},"provider":{"type":"string","description":"Provider used with this ad template","example":"Airfind"},"versions":{"type":"array","items":{"type":"object","properties":{"id":{"type":"string","description":"Unique identifier","example":"507f1f77bcf86cd799439011"},"version":{"type":"string","description":"Major/Minor/Patch version format","example":"1.0.0"},"template":{"type":"string","description":"The html code of the template","example":"<div id=\"example\"></div><script>document.querySelector(\"#example\").innerHTML = \"Hello World\"</script>"},"style":{"type":"string","description":"The CSS of the template","example":"#example { color: red; }"},"active":{"type":"boolean","description":"Boolean value to indicate whether this template is active.","example":true},"createdAt":{"type":"string","format":"date-time","example":"2022-03-20T09:12:28Z"},"updatedAt":{"type":"string","format":"date-time","example":"2022-03-20T09:12:28Z"}}}}}}}}}}}},"post":{"tags":["templates"],"summary":"add a new ad template","description":"Adds an ad template to the system","operationId":"addAdTemplate","parameters":[{"name":"token","in":"header","description":"pass the JWT token to authenticate","required":true,"style":"simple","explode":false,"schema":{"type":"string"}}],"requestBody":{"description":"Template to add","content":{"application/json":{"schema":{"oneOf":[{"required":["name","provider","template"],"type":"object","properties":{"name":{"type":"string","example":"Mickey Mouse"},"provider":{"type":"string","example":"Airfind"},"template":{"type":"string","description":"The html code of the template","example":"<div id=\"example\"></div><script>document.querySelector(\"#example\").innerHTML = \"Hello World\"</script>"},"style":{"type":"string","description":"The CSS of the template","example":"#example { color: red; }"}}},{"required":["increment","slug","template"],"type":"object","properties":{"slug":{"type":"string","description":"The URL slug is the last part of a full URL"},"increment":{"required":["level"],"type":"object","properties":{"level":{"type":"string","enum":["major","minor","patch"]},"baseVersion":{"type":"string","example":"1.0.0"}}},"template":{"type":"string","description":"The html code of the template","example":"<div id=\"example\"></div><script>document.querySelector(\"#example\").innerHTML = \"Hello World\"</script>"},"style":{"type":"string","description":"The CSS of the template","example":"#example { color: red; }"}}}]}}}},"responses":{"200":{"description":"success"}}}}},"components":{"schemas":{"OkResponse":{"type":"object","properties":{"statusCode":{"type":"integer","format":"int32"},"statusDescription":{"type":"string"}}}}}}