{"openapi":"3.0.0","info":{"title":"ValidateServiceEligibility","description":"ValidateServiceEligibility API","termsOfService":"https://airtel-ESB/terms-of-use","contact":{"name":"Ashwani kumar","url":"https://airtel-ESB.com","email":"ashwani_kumar2@thbs.com"},"license":{"name":"airtel-ESB.com","url":"https://airtel-ESB.com/license"},"version":"4.0"},"servers":[{"url":"https://virtserver.swaggerhub.com/Airtel-ESB/ValidateServiceEligibility/4.0","description":"SwaggerHub API Auto Mocking"},{"url":"http://10.14.147.241:8001/ValidateServiceEligibility/4.0.0","description":"SIT Server","variables":{"username":{"description":"Api user","default":"esbuser"},"ports":{"default":"7001","enum":["8001","9001"]},"basePath":{"default":"V4"}}},{"url":"http://esbmobility.com:8888/ValidateServiceEligibility/4.0","description":"Production Server"}],"paths":{"/ServiceEligibility":{"post":{"description":"Service Eligibility API","operationId":"serviceEligibilityJourney","requestBody":{"description":"Request Body having all input parameter","content":{"application/json":{"schema":{"$ref":"#/components/schemas/RequestAreaBody"}}},"required":true},"responses":{"200":{"description":"Success","content":{"application/json":{"schema":{"$ref":"#/components/schemas/ResponseAreaBody"}}}},"400":{"description":"Validation Error","content":{"application/json":{"schema":{"$ref":"#/components/schemas/Fault"},"examples":{"validation":{"value":{"faultOriginator":"ESB","faultCode":"ValidateServiceEligibility-4501-V","faultDescription":"Invalid Request. Please check the input and resubmit","faultTrace":"Invalid Lob","soaTransactionID":"832ef0bb-282c-467c-9f25-0cae7a2ea1b0x"}}}}}},"409":{"description":"Business Error","content":{"application/json":{"schema":{"$ref":"#/components/schemas/Fault"},"examples":{"3501":{"value":{"faultOriginator":"FX","faultCode":"ValidateServiceEligibility-3501-E","faultDescription":"DSL ID is required","faultTrace":"DSL ID is required","soaTransactionID":"832ef0bb-282c-467c-9f25-0cae7a2ea1b0x"}},"3599":{"value":{"faultOriginator":"FX","faultCode":"ValidateServiceEligibility-3599-E","faultDescription":"Error Received from backend please check the fault trace for more detail.","faultTrace":"Error Received from backend","soaTransactionID":"832ef0bb-282c-467c-9f25-0cae7a2ea1b0x"}}}}}},"500":{"description":"System Fault","content":{"application/json":{"schema":{"$ref":"#/components/schemas/Fault"},"examples":{"3612":{"value":{"faultOriginator":"ESB","faultCode":"ValidateServiceEligibility-3612-F","faultDescription":"Internal service error has occurred. ","faultTrace":"OSB Replace action failed updating variable \"body\": Error parsing XML: {err}FORG0005: Expected exactly one item, got 0 items. ","soaTransactionID":"832ef0bb-282c-467c-9f25-0cae7a2ea1b0x"}}}}}},"502":{"description":"System Fault","content":{"application/json":{"schema":{"$ref":"#/components/schemas/Fault"},"examples":{"3999":{"value":{"faultOriginator":"FX","faultCode":"ValidateServiceEligibility-3999-F","faultDescription":"Unknown/Uncaught Error","faultTrace":"Exception Description: The object [91null], of class [class java.lang.String], could not be converted to [class java.lang.Long].\\nInternal Exception: java.lang.NumberFormatException: For input string: \\\"91null\\","soaTransactionID":"832ef0bb-282c-467c-9f25-0cae7a2ea1b0x"}}}}}},"504":{"description":"System Fault","content":{"application/json":{"schema":{"$ref":"#/components/schemas/Fault"},"examples":{"2501":{"value":{"faultOriginator":"FX","faultCode":"ValidateServiceEligibility-2501-F","faultDescription":"One or more back end services are not available now. Please try again later.","faultTrace":"Invoke JCA outbound service failed with connection error, exception: com.bea.wli.sb.transports.jca.JCATransportException:.","soaTransactionID":"832ef0bb-282c-467c-9f25-0cae7a2ea1b0x"}},"2502":{"value":{"faultOriginator":"FX","faultCode":"ValidateServiceEligibility-2502-F","faultDescription":"Service call timed out. Please try again later.","faultTrace":"General runtime error: Connection reset","soaTransactionID":"832ef0bb-282c-467c-9f25-0cae7a2ea1b0x"}}}}}}}}}},"components":{"schemas":{"RequestAreaBody":{"type":"object","properties":{"ebmHeader":{"$ref":"#/components/schemas/ebmHeader"},"dataArea":{"$ref":"#/components/schemas/ReqDataArea"}}},"ebmHeader":{"required":["consumerName","consumerTransactionId","domain","lob","programmeName"],"type":"object","properties":{"lob":{"type":"string","description":"Line Of Business","example":"Mobility","enum":["Mobility","Telemedia","DTH","AES","AES-CARRIER","AES-CORPORATE","ABTS","ABS","Data","M2M","ISTM","CIMobility"]},"domain":{"type":"string","description":"Domain","example":"B2B","enum":["B2B","B2C"]},"subLob":{"type":"string","description":"Sub Lob","example":"Prepaid","enum":["Prepaid","Postpaid","FixedLine","BroadBand"]},"consumerName":{"type":"integer","description":"Consumer Name"},"programmeName":{"type":"integer","description":"ProgramName"},"consumerTransactionId":{"type":"string","description":"consumer Transaction Id","example":"9846677888ASDWEE"}}},"ReqDataArea":{"required":["dslId","operationSubtype","operationType"],"type":"object","properties":{"dslId":{"type":"string","description":"DSL ID","example":"1127386154_dsl"},"operationType":{"type":"string","description":"Operation type","example":"COBP"},"operationSubtype":{"type":"string","description":"Operation Sub Type","example":"Intercity"},"externalIdentification":{"type":"array","items":{"$ref":"#/components/schemas/externalAttribute"}}}},"externalAttribute":{"type":"object","properties":{"name":{"type":"string","description":"name of attribute","example":"attributeName"},"type":{"type":"string","description":"type of attribute","example":"attributeType"},"value":{"type":"string","description":"value of attribute","example":"attributeValue"}}},"ResponseAreaBody":{"type":"object","properties":{"ebmHeader":{"$ref":"#/components/schemas/ebmHeader"},"dataArea":{"$ref":"#/components/schemas/RespDataArea"}}},"RespDataArea":{"type":"object","properties":{"eligibilityResponse":{"$ref":"#/components/schemas/eligibility"},"externalIdentification":{"type":"array","items":{"$ref":"#/components/schemas/externalAttribute"}},"status":{"$ref":"#/components/schemas/status"}}},"eligibility":{"type":"object","properties":{"isAllowed":{"type":"string","description":"is Allowed","example":"Y"},"eligibilityCode":{"type":"string","description":"code of eligibility","example":"ELG"},"eligibilityReason":{"type":"string","description":"Reason of eligibility","example":"reason"}}},"status":{"required":["statusCode","statusDescription"],"type":"object","properties":{"statusCode":{"type":"string","description":"Response code","example":"ValidateServiceEligibility-0000-S"},"statusDescription":{"type":"string","description":"Response Description","example":"Request Processed Successfully"}}},"Fault":{"type":"object","properties":{"faultOriginator":{"type":"string","example":"FX"},"faultCode":{"type":"string","example":"validateServiceEligibility-2502-F"},"faultDescription":{"type":"string","example":"Service call timed out. Please try again later."},"faultTrace":{"type":"string","example":"Service call timed out. Please try again later."},"soaTransactionID":{"type":"string","example":"832ef0bb-282c-467c-9f25-0cae7a2ea1b0x"}}}}}}