{"openapi":"3.0.0","info":{"title":"Insert Resource API","description":"An API that enables surveilance consumers to update camera serial number in Inventory Management System.","termsOfService":"https://airtel-ESB/terms-of-use","contact":{"name":"Ashwani kumar","url":"https://airtel-ESB.com","email":"ashwani_kumar2@thbs.com"},"license":{"name":"airtel-ESB.com","url":"https://airtel-ESB.com/license"},"version":"1.0"},"servers":[{"url":"https://virtserver.swaggerhub.com/Airtel-ESB/InsertResource_V5_1/1.0","description":"SwaggerHub API Auto Mocking"},{"url":"https://virtserver.swaggerhub.com/Airtel-ESB/InsertResource_V5/1.0.0","description":"SwaggerHub API Auto Mocking"},{"url":"http://10.14.147.241:8001/","description":"SIT Server"},{"url":"http://esbmobility.com:8888/","description":"Production Server"}],"paths":{"/insertResource/cameraReplacement":{"post":{"description":"Updating serial number of camera in IMS","requestBody":{"content":{"application/json":{"schema":{"type":"object","properties":{"accountNumber":{"type":"string","description":"Customer Account Number","example":"1198765677"},"nrcType":{"type":"integer","description":"Non-recurring Charges Type","example":1},"oldSerialNumber":{"type":"integer","description":"Old Camera serial Number","example":12345678},"newSerialNumber":{"type":"integer","description":"New Camera serial Number","example":897533455}}}}},"required":true},"responses":{"200":{"description":"Success","content":{"application/json":{"schema":{"type":"object","properties":{"statusCode":{"type":"string","example":"InsertResource-000-S"},"statusDescription":{"type":"string","example":"Request Processed Successfully"}}}}}},"400":{"description":"Validation Error","content":{"application/json":{"schema":{"type":"object","properties":{"faultOriginator":{"type":"string","example":"ESB"},"faultCode":{"type":"string","example":"InsertResource-4501-E"},"faultDescription":{"type":"string","example":"Invalid Request. Please check the input and resubmit"},"faultTrace":{"type":"string","example":"Invalid Request. Please check the input and resubmit"},"soaTransactionID":{"type":"string","example":"832ef0bb-282c-467c-9f775-0cae7a2e9988"}}}}}},"409":{"description":"Business Error","content":{"application/json":{"schema":{"type":"object","properties":{"faultOriginator":{"type":"string","example":"FX"},"faultCode":{"type":"string","example":"InsertResource-3501-E"},"faultDescription":{"type":"string","example":"Invalid nrc type"},"faultTrace":{"type":"string","example":"Invalid nrc type"},"soaTransactionID":{"type":"string","example":"832ef0bb-282c-467c-9f25-0cae7a2ea1b0"}}}}}},"500":{"description":"System Fault","content":{"application/json":{"schema":{"type":"object","properties":{"faultOriginator":{"type":"string","example":"FX"},"faultCode":{"type":"string","example":"InsertResource-3612-F"},"faultDescription":{"type":"string","example":"Internal service error has occurred."},"faultTrace":{"type":"string","example":"Internal service error has occurred."},"soaTransactionID":{"type":"string","example":"832ef0bb-282c-467c-9f25-0cae7a2ea1b0"}}}}}},"502":{"description":"System Fault","content":{"application/json":{"schema":{"type":"object","properties":{"faultOriginator":{"type":"string","example":"FX"},"faultCode":{"type":"string","example":"InsertResource-3999-F"},"faultDescription":{"type":"string","example":"Unknown/Uncaught Error."},"faultTrace":{"type":"string","example":"Unknown/Uncaught Error."},"soaTransactionID":{"type":"string","example":"832ef0bb-282c-467c-9f25-0cae7a2ea1b0"}}}}}},"504":{"description":"System Fault","content":{"application/json":{"schema":{"type":"object","properties":{"faultOriginator":{"type":"string","example":"FX"},"faultCode":{"type":"string","example":"InsertResource-2501-F"},"faultDescription":{"type":"string","example":"One or more back end services are not available now. Please try again later."},"faultTrace":{"type":"string","example":"One or more back end services are not available now. Please try again later."},"soaTransactionID":{"type":"string","example":"832ef0bb-282c-467c-9f25-0cae7a2ea1b0"}}}}}},"5XX":{"description":"System Fault","content":{"application/json":{"schema":{"type":"object","properties":{"faultOriginator":{"type":"string","example":"FX"},"faultCode":{"type":"string","example":"InsertResource-2502-F"},"faultDescription":{"type":"string","example":"Service call timed out. Please try again later."},"faultTrace":{"type":"string","example":"Service call timed out. Please try again later."},"soaTransactionID":{"type":"string","example":"832ef0bb-282c-467c-9f25-0cae7a2ea1b0"}}}}}}}}},"/insertResource/insertNumber":{"post":{"description":"create/delete inventory in FX for provisioning/deprovisioning of secondary SIM","requestBody":{"content":{"application/json":{"schema":{"type":"object","properties":{"mobileNumber":{"type":"integer","description":"Customer Mobile Number","example":1198765677},"IMSI":{"type":"string","description":"IMSI Number","example":"1"},"SIM":{"type":"string","description":"SIM Number","example":"12345678"},"orderNumber":{"type":"string","description":"Customer Order Number","example":"897533455"},"orderType":{"type":"string","description":"order Type","example":"New"}}}}},"required":true},"responses":{"200":{"description":"Success","content":{"application/json":{"schema":{"type":"object","properties":{"statusCode":{"type":"string","example":"InsertResource-000-S"},"statusDescription":{"type":"string","example":"Request Processed Successfully"}}}}}},"400":{"description":"Validation Error","content":{"application/json":{"schema":{"type":"object","properties":{"faultOriginator":{"type":"string","example":"ESB"},"faultCode":{"type":"string","example":"InsertResource-4501-E"},"faultDescription":{"type":"string","example":"Invalid Request. Please check the input and resubmit"},"faultTrace":{"type":"string","example":"Invalid Request. Please check the input and resubmit"},"soaTransactionID":{"type":"string","example":"832ef0bb-282c-467c-9f775-0cae7a2e9988"}}}}}},"409":{"description":"Business Error","content":{"application/json":{"schema":{"type":"object","properties":{"faultOriginator":{"type":"string","example":"FX"},"faultCode":{"type":"string","example":"InsertResource-3501-E"},"faultDescription":{"type":"string","example":"Invalid nrc type"},"faultTrace":{"type":"string","example":"Invalid nrc type"},"soaTransactionID":{"type":"string","example":"832ef0bb-282c-467c-9f25-0cae7a2ea1b0"}}}}}},"500":{"description":"System Fault","content":{"application/json":{"schema":{"type":"object","properties":{"faultOriginator":{"type":"string","example":"FX"},"faultCode":{"type":"string","example":"InsertResource-3612-F"},"faultDescription":{"type":"string","example":"Internal service error has occurred."},"faultTrace":{"type":"string","example":"Internal service error has occurred."},"soaTransactionID":{"type":"string","example":"832ef0bb-282c-467c-9f25-0cae7a2ea1b0"}}}}}},"502":{"description":"System Fault","content":{"application/json":{"schema":{"type":"object","properties":{"faultOriginator":{"type":"string","example":"FX"},"faultCode":{"type":"string","example":"InsertResource-3999-F"},"faultDescription":{"type":"string","example":"Unknown/Uncaught Error."},"faultTrace":{"type":"string","example":"Unknown/Uncaught Error."},"soaTransactionID":{"type":"string","example":"832ef0bb-282c-467c-9f25-0cae7a2ea1b0"}}}}}},"504":{"description":"System Fault","content":{"application/json":{"schema":{"type":"object","properties":{"faultOriginator":{"type":"string","example":"FX"},"faultCode":{"type":"string","example":"InsertResource-2501-F"},"faultDescription":{"type":"string","example":"One or more back end services are not available now. Please try again later."},"faultTrace":{"type":"string","example":"One or more back end services are not available now. Please try again later."},"soaTransactionID":{"type":"string","example":"832ef0bb-282c-467c-9f25-0cae7a2ea1b0"}}}}}},"5XX":{"description":"System Fault","content":{"application/json":{"schema":{"type":"object","properties":{"faultOriginator":{"type":"string","example":"FX"},"faultCode":{"type":"string","example":"InsertResource-2502-F"},"faultDescription":{"type":"string","example":"Service call timed out. Please try again later."},"faultTrace":{"type":"string","example":"Service call timed out. Please try again later."},"soaTransactionID":{"type":"string","example":"832ef0bb-282c-467c-9f25-0cae7a2ea1b0"}}}}}}}}}}}