{"openapi":"3.0.0","info":{"title":"Airterra Label API","description":"This is a Airterra Label API","contact":{"email":"kothurus@airterra.com"},"license":{"name":"Airterra","url":"http://www.airterra.com"},"version":"1.0.0"},"servers":[{"url":"https://at-d-dev1-mock1.uc.r.appspot.com/shipping/","description":"Mock app server"},{"url":"http://shipping-api.endpoints.at-d-dev1-gke-3fae7356.cloud.goog/api/v1/shipping/","description":"Test env"},{"url":"http://shipping-api.endpoints.at-shipping-prod-prod1-8453.cloud.goog/api/v1/shipping","description":"Prod env"},{"url":"http://shipping-api.endpoints.at-shipping-hle-hle1-20ff.cloud.goog/api/v1/shipping","description":"Stage env"}],"tags":[{"name":"label","description":"Given customer details and parcel infromation, this API returns the shipping ratge and label"}],"paths":{"/label":{"post":{"tags":["label"],"summary":"This service provie an AirTerra label in either gif, pdf or zpl format","description":"By passing in the appropriate options, you can find out the rates for a package\"\n","operationId":"getLabel","parameters":[{"name":"X-API-Key","in":"header","required":true,"style":"simple","explode":false,"schema":{"type":"string"}}],"requestBody":{"description":"Label request body details","content":{"application/json":{"schema":{"$ref":"#/components/schemas/LabelRequest"}}},"required":true},"responses":{"200":{"description":"Successful Label response","content":{"application/json":{"schema":{"$ref":"#/components/schemas/LabelResponse"}}}},"400":{"description":"Bad Input"},"500":{"description":"Server Error"}}}},"/cancelLabel/{trackingNumber}":{"post":{"tags":["label"],"summary":"Cancel label that was previously created","parameters":[{"name":"trackingNumber","in":"path","required":true,"style":"simple","explode":false,"schema":{"type":"string"}},{"name":"X-API-Key","in":"header","required":true,"style":"simple","explode":false,"schema":{"type":"string"}}],"responses":{"200":{"description":"Label cancelled (voided)"},"400":{"description":"Bad Input"},"500":{"description":"Server Error"}}}},"/label/{trackingNumber}/{labelType}":{"get":{"tags":["label"],"summary":"Get label for previously created parcel, can be rendered as zpl, pdf, gif","parameters":[{"name":"trackingNumber","in":"path","required":true,"style":"simple","explode":false,"schema":{"type":"string"}},{"name":"labelType","in":"path","required":true,"style":"simple","explode":false,"schema":{"type":"string","example":"ZPL","enum":["ZPL","GIF","PDF"]}},{"name":"X-API-Key","in":"header","required":true,"style":"simple","explode":false,"schema":{"type":"string"}}],"responses":{"200":{"description":"Label response","content":{"application/json":{"schema":{"$ref":"#/components/schemas/LabelResponse"}}}},"400":{"description":"Bad Input"},"500":{"description":"Server Error"}}}},"/confirmLabel/{trackingNumber}":{"post":{"tags":["label"],"summary":"Confirm label that was previosly initialized with flag ship=false","parameters":[{"name":"trackingNumber","in":"path","required":true,"style":"simple","explode":false,"schema":{"type":"string"}},{"name":"X-API-Key","in":"header","required":true,"style":"simple","explode":false,"schema":{"type":"string"}}],"responses":{"200":{"description":"Label confirmed"},"400":{"description":"Bad Input"},"500":{"description":"Server Error"}}}}},"components":{"schemas":{"LabelRequest":{"required":["accountNumber","address","dimension_uom","height","labelType","length","origin","weight","weight_uom","width"],"type":"object","properties":{"accountNumber":{"type":"string","example":"00024"},"serviceCode":{"type":"string","example":"GXC_E","enum":["FP_E","FP_W","GXC_E","GXC_W"]},"serviceLevel":{"type":"string","example":"GROUND","enum":["POSTAL","GROUND"]},"origin":{"type":"string","example":"ACME_EAST"},"weight_uom":{"type":"string","enum":["lb","oz","kg"]},"dimension_uom":{"type":"string","enum":["in","cm"]},"weight":{"type":"number","format":"double","example":4.23},"length":{"type":"number","format":"double","example":2.8},"height":{"type":"number","format":"double","example":3.2},"width":{"type":"number","format":"double","example":2.1},"labelType":{"type":"string","example":"ZPL","enum":["ZPL","GIF","PDF"]},"shipDate":{"pattern":"YYYY-MM-DD","type":"string","format":"date"},"requestedDeliveryDate":{"pattern":"YYYY-MM-DD","type":"string","format":"date"},"packaging":{"type":"string","example":"BAG","enum":["BAG","BOX"]},"ship":{"type":"boolean","description":"If false - parcel will not be invoiced. Call confirmLabel befor shipping","example":true},"reference1":{"maxLength":30,"type":"string"},"reference2":{"maxLength":30,"type":"string"},"reference3":{"maxLength":30,"type":"string"},"address":{"$ref":"#/components/schemas/Address"}}},"LabelResponse":{"required":["accountNumber","origin","trackingNumber"],"type":"object","properties":{"accountNumber":{"type":"string","example":"243568.0"},"trackingNumber":{"type":"string","example":"000000000001231223123123"},"origin":{"type":"string","example":"ACME_EAST"},"labelType":{"type":"string","enum":["GIF","ZPL","PDF"]},"labelData":{"type":"string"},"reference1":{"maxLength":30,"type":"string"},"reference2":{"maxLength":30,"type":"string"},"reference3":{"maxLength":30,"type":"string"},"rateInfo":{"$ref":"#/components/schemas/RateInfo"}}},"Address":{"type":"object","properties":{"firstName":{"maxLength":20,"type":"string"},"lastName":{"maxLength":20,"type":"string"},"addressLine1":{"maxLength":30,"minLength":5,"type":"string"},"addressLine2":{"maxLength":30,"type":"string"},"city":{"maxLength":30,"type":"string"},"state":{"maxLength":30,"type":"string","example":"CA"},"zipCode":{"maxLength":10,"type":"string","example":"20701"},"phoneNo":{"type":"string","example":"4085674122"}}},"RateInfo":{"required":["amount","estimatedDeliveryDate"],"type":"object","properties":{"serviceLevel":{"type":"string","example":"POSTAL","enum":["POSTAL","GROUND"]},"serviceCode":{"type":"string","description":"present only if passed in original query","example":"GXC_E","enum":["FP_E","FP_W","GXC_E","GXC_W"]},"estimatedDeliveryDate":{"pattern":"YYYY-MM-DD","type":"string","format":"date"},"shipDate":{"pattern":"YYYY-MM-DD","type":"string","format":"date"},"amount":{"type":"number","format":"double","example":1E+1},"costLineItems":{"type":"array","items":{"$ref":"#/components/schemas/LineItems"}}}},"LineItems":{"type":"object","properties":{"name":{"maxLength":30,"type":"string"},"amount":{"type":"number","format":"double"}}}}}}