{"openapi":"3.0.0","info":{"title":"Music Marnunrey2","description":"This is an API for saving music","contact":{"email":"marnunrey2@alum.us.es"},"license":{"name":"Apache 2.0","url":"http://www.apache.org/licenses/LICENSE-2.0.html"},"version":"1.0.0"},"servers":[{"url":"http://localhost:8089/api"}],"tags":[{"name":"songs","description":"Songs"},{"name":"lists","description":"Playlists"}],"paths":{"/songs":{"get":{"tags":["songs"],"summary":"Get songs","description":"Get all songs","operationId":"getAll","parameters":[{"name":"order","in":"query","description":"Order results by album, artist or year","required":false,"style":"form","explode":true,"schema":{"type":"string","enum":["album","-album","artist","-artist","year","-year"]}},{"name":"q","in":"query","description":"Query to filter","required":false,"style":"form","explode":true,"schema":{"type":"string"}},{"name":"limit","in":"query","description":"Maximum number of results","required":false,"style":"form","explode":true,"schema":{"minimum":0,"type":"integer","format":"int32"}},{"name":"offset","in":"query","description":"Offset of the results","required":false,"style":"form","explode":true,"schema":{"minimum":0,"type":"integer","format":"int32"}}],"responses":{"200":{"description":"Search results matching criteria","content":{"application/json":{"schema":{"type":"array","items":{"$ref":"#/components/schemas/Song"}}}}},"400":{"description":"Bad request"}}},"put":{"tags":["songs"],"summary":"Update a song","description":"Update a song","operationId":"updateSong","requestBody":{"description":"Song to update","content":{"application/json":{"schema":{"$ref":"#/components/schemas/Song"}}}},"responses":{"204":{"description":"Song updated"},"404":{"description":"Song not found"}}},"post":{"tags":["songs"],"summary":"Create a song","description":"Create a song","operationId":"addSong","requestBody":{"description":"Song to create","content":{"application/json":{"schema":{"$ref":"#/components/schemas/Song"}}},"required":true},"responses":{"201":{"description":"Song created","content":{"application/json":{"schema":{"$ref":"#/components/schemas/Song"}}}},"400":{"description":"Bad request"}}}},"/songs/{id}":{"get":{"tags":["songs"],"summary":"Get a song","description":"Get a song by id","operationId":"get","parameters":[{"name":"id","in":"path","description":"Song id","required":true,"style":"simple","explode":false,"schema":{"type":"string"}}],"responses":{"200":{"description":"Song found","content":{"application/json":{"schema":{"$ref":"#/components/schemas/Song"}}}},"400":{"description":"Bad request"}}},"delete":{"tags":["songs"],"summary":"Delete song","description":"Delete song","operationId":"deleteSong","parameters":[{"name":"id","in":"path","description":"Id of the song","required":true,"style":"simple","explode":false,"schema":{"type":"string"}}],"responses":{"204":{"description":"Song deleted"},"404":{"description":"Song not found"}}}},"/lists":{"get":{"tags":["lists"],"summary":"Get playlists","description":"Get all playlists","operationId":"getPlaylists","parameters":[{"name":"order","in":"query","description":"Order results by name","required":false,"style":"form","explode":true,"schema":{"type":"string","enum":["name","-name"]}},{"name":"isEmpty","in":"query","description":"Filter playlists with no songs","required":false,"style":"form","explode":true,"schema":{"type":"boolean"}},{"name":"name","in":"query","description":"Filter playlists by name","required":false,"style":"form","explode":true,"schema":{"type":"string"}}],"responses":{"200":{"description":"Search results matching criteria","content":{"application/json":{"schema":{"$ref":"#/components/schemas/Playlist"}}}},"400":{"description":"Bad request"}}},"put":{"tags":["lists"],"summary":"Update a playlist","description":"Update a playlist","operationId":"updatePlaylist","requestBody":{"description":"Playlist to update","content":{"application/json":{"schema":{"$ref":"#/components/schemas/Playlist"}}}},"responses":{"204":{"description":"Playlist updated"},"400":{"description":"Bad request"},"404":{"description":"Playlist not found"}}},"post":{"tags":["lists"],"summary":"Create a Playlist","description":"Create a Playlist","operationId":"addPlaylist","requestBody":{"description":"Playlist to create","content":{"application/json":{"schema":{"$ref":"#/components/schemas/PlaylistWithoutSongs"}}},"required":true},"responses":{"201":{"description":"Playlist created","content":{"application/json":{"schema":{"$ref":"#/components/schemas/PlaylistWithoutSongs"}}}},"400":{"description":"Bad request"}}}},"/lists/{id}":{"get":{"tags":["lists"],"summary":"Get a playlist","description":"Get a playlist","operationId":"getPlaylist","parameters":[{"name":"id","in":"path","description":"Id of the playlist","required":true,"style":"simple","explode":false,"schema":{"type":"string"}}],"responses":{"200":{"description":"Playlist found","content":{"application/json":{"schema":{"$ref":"#/components/schemas/Playlist"}}}},"404":{"description":"Playlist not found"}}},"delete":{"tags":["lists"],"summary":"Delete playlist","description":"Delete playlist","operationId":"removePlaylist","parameters":[{"name":"id","in":"path","description":"Id of the playlist","required":true,"style":"simple","explode":false,"schema":{"type":"string"}}],"responses":{"204":{"description":"Playlist deleted"},"404":{"description":"Playlist not found"}}}},"/lists/{playlistId}/{songId}":{"post":{"tags":["lists"],"summary":"Add song to playlist","description":"Add song to playlist","operationId":"addSongToPlaylist","parameters":[{"name":"playlistId","in":"path","description":"Id of the playlist","required":true,"style":"simple","explode":false,"schema":{"type":"string"}},{"name":"songId","in":"path","description":"Id of the song","required":true,"style":"simple","explode":false,"schema":{"type":"string"}}],"requestBody":{"content":{"text/plain":{"schema":{"type":"string"}}}},"responses":{"201":{"description":"Song added to playlist","content":{"application/json":{"schema":{"$ref":"#/components/schemas/Playlist"}}}},"400":{"description":"Bad request"},"404":{"description":"Playlist or song not found"}}},"delete":{"tags":["lists"],"summary":"Delete song from playlist","description":"Delete song from playlist","operationId":"deleteSongFromPlayist","parameters":[{"name":"playlistId","in":"path","description":"Id of the playlist","required":true,"style":"simple","explode":false,"schema":{"type":"string"}},{"name":"songId","in":"path","description":"Id of the song","required":true,"style":"simple","explode":false,"schema":{"type":"string"}}],"responses":{"204":{"description":"Song deleted from playlist"},"404":{"description":"Playlist or song not found"}}}}},"components":{"schemas":{"Song":{"required":["title"],"type":"object","properties":{"id":{"type":"string"},"title":{"type":"string"},"artist":{"type":"string"},"album":{"type":"string"},"year":{"type":"string"}}},"Playlist":{"type":"array","items":{"required":["name"],"type":"object","properties":{"id":{"type":"string"},"name":{"type":"string"},"description":{"type":"string"},"songs":{"type":"array","items":{"required":["title"],"type":"object","properties":{"id":{"type":"string"},"title":{"type":"string"},"artist":{"type":"string"},"album":{"type":"string"},"year":{"type":"string"}}}}}}},"PlaylistWithoutSongs":{"required":["name"],"type":"object","properties":{"id":{"type":"string"},"name":{"type":"string"},"description":{"type":"string"}}}}}}