{"openapi":"3.0.0","info":{"title":"AKR-XVO API","description":"API for acquiring data from Aker","contact":{"email":"dzar@aker.ag"},"version":"1.1.0"},"servers":[{"url":"https://virtserver.swaggerhub.com/AkerTechnologies/External-XVO/1.1.0","description":"SwaggerHub API Auto Mocking"},{"url":"https://virtserver.swaggerhub.com/AkerTechnologies/David/1.0.0","description":"SwaggerHub API Auto Mocking"},{"url":"https://virtserver.swaggerhub.com/dzar-aker/XARVIO/1.0.0"}],"tags":[{"name":"admins","description":"Secured Admin-only calls"},{"name":"developers","description":"Operations available to regular developers"}],"paths":{"/fields/index":{"get":{"tags":["developers"],"summary":"gets a list of all availabe fields","description":"All available fields are returned with field-level information\n","operationId":"getFields/index","parameters":[{"name":"skip","in":"query","description":"number of records to skip for pagination","required":false,"style":"form","explode":true,"schema":{"minimum":0,"type":"integer","format":"int32"}},{"name":"limit","in":"query","description":"maximum number of records to return","required":false,"style":"form","explode":true,"schema":{"maximum":5E+1,"minimum":0,"type":"integer","format":"int32"}}],"responses":{"200":{"description":"All fields in Aker ssytem","content":{"application/json":{"schema":{"type":"array","items":{"$ref":"#/components/schemas/FieldIndexItem"}}}}},"400":{"description":"bad input parameter"},"401":{"description":"authorization error"}}}},"/fields/{fieldId}":{"get":{"tags":["developers"],"summary":"gets detailed field information by Id","description":"All available fields are returned with field-level information\n","operationId":"getFieldById","parameters":[{"name":"fieldId","in":"path","description":"Field ID of the field to retrieve","required":true,"style":"simple","explode":false,"schema":{"type":"integer"}},{"name":"skip","in":"query","description":"number of records to skip for pagination","required":false,"style":"form","explode":true,"schema":{"minimum":0,"type":"integer","format":"int32"}},{"name":"limit","in":"query","description":"maximum number of records to return","required":false,"style":"form","explode":true,"schema":{"maximum":5E+1,"minimum":0,"type":"integer","format":"int32"}}],"responses":{"200":{"description":"search results matching criteria","content":{"application/json":{"schema":{"$ref":"#/components/schemas/FieldItem"}}}},"400":{"description":"bad input parameter"},"401":{"description":"authorization error"}}}},"/fields/{fieldId}/imagery":{"get":{"tags":["developers"],"summary":"gets TrueCause imagery","description":"Details on all available TrueCause Imagery\n","operationId":"getTrueCauseImagery","parameters":[{"name":"fieldId","in":"path","description":"Field ID of the field to retrieve","required":true,"style":"simple","explode":false,"schema":{"type":"integer"}},{"name":"skip","in":"query","description":"number of records to skip for pagination","required":false,"style":"form","explode":true,"schema":{"minimum":0,"type":"integer","format":"int32"}},{"name":"limit","in":"query","description":"maximum number of records to return","required":false,"style":"form","explode":true,"schema":{"maximum":5E+1,"minimum":0,"type":"integer","format":"int32"}}],"responses":{"200":{"description":"search results matching criteria","content":{"application/json":{"schema":{"type":"array","items":{"$ref":"#/components/schemas/TrueCauseItem"}}}}},"400":{"description":"bad input parameter"},"401":{"description":"authorization error"}}}},"/fields/{fieldId}/regions":{"get":{"tags":["developers"],"summary":"gets regions for field","description":"Details on all regions in a field\n","operationId":"getFieldRegions","parameters":[{"name":"fieldId","in":"path","description":"Field ID of the field to retrieve","required":true,"style":"simple","explode":false,"schema":{"type":"integer"}},{"name":"skip","in":"query","description":"number of records to skip for pagination","required":false,"style":"form","explode":true,"schema":{"minimum":0,"type":"integer","format":"int32"}},{"name":"limit","in":"query","description":"maximum number of records to return","required":false,"style":"form","explode":true,"schema":{"maximum":5E+1,"minimum":0,"type":"integer","format":"int32"}}],"responses":{"200":{"description":"search results matching criteria","content":{"application/json":{"schema":{"$ref":"#/components/schemas/RegionItems"}}}},"400":{"description":"bad input parameter"},"401":{"description":"authorization error"}}}},"/fields/{fieldId}/fieldCollection":{"get":{"tags":["developers"],"summary":"gets collected data","description":"Includes all data collected for a field. Such as \"as-applied\" maps, planting data, yield data, etc.\n","operationId":"getFieldCollection","parameters":[{"name":"fieldId","in":"path","description":"Field ID of the field to retrieve","required":true,"style":"simple","explode":false,"schema":{"type":"integer"}},{"name":"skip","in":"query","description":"number of records to skip for pagination","required":false,"style":"form","explode":true,"schema":{"minimum":0,"type":"integer","format":"int32"}},{"name":"limit","in":"query","description":"maximum number of records to return","required":false,"style":"form","explode":true,"schema":{"maximum":5E+1,"minimum":0,"type":"integer","format":"int32"}}],"responses":{"200":{"description":"search results matching criteria","content":{"application/json":{"schema":{"$ref":"#/components/schemas/FieldCollectedItems"}}}},"400":{"description":"bad input parameter"},"401":{"description":"authorization error"}}}}},"components":{"schemas":{"FieldIndexItem":{"required":["boundary","id","name","updatedAt"],"type":"object","properties":{"id":{"type":"integer","example":1234},"name":{"type":"string","example":"Aker Test Field East"},"boundary":{"$ref":"#/components/schemas/Geometry"},"updatedAt":{"type":"string","format":"date-time"}}},"Geometry":{"required":["coordinates","type"],"type":"object","properties":{"type":{"type":"string","example":"Polygon"},"coordinates":{"type":"array","example":[[[0,0],[1.01,0],[1.01,2.02],[0,2.02],[0,0]]],"items":{"type":"array","items":{"type":"array","items":{"type":"number"}}}}}},"Farm":{"required":["farmId","farmName"],"type":"object","properties":{"farmId":{"type":"integer","example":321},"farmName":{"type":"string","example":"Aker Test Farm"}}},"Crop":{"required":["id","name"],"type":"object","properties":{"id":{"type":"integer","example":1},"name":{"type":"string","example":"corn"},"prevId":{"type":"integer","example":2},"prevName":{"type":"string","example":"soybeans"},"hybrid":{"type":"string","example":"X328/2"}}},"FieldItem":{"required":["acres","boundary","city","country","county","crop","farm","id","name","plantDate","postalCode","state","updatedAt"],"type":"object","properties":{"id":{"type":"integer","example":1234},"name":{"type":"string","example":"Aker Test Field East"},"city":{"type":"string","example":"Effingham"},"county":{"type":"string","example":"Effingham County"},"state":{"type":"string","example":"IL"},"postalCode":{"type":"string","example":"62401"},"country":{"type":"string","example":"US"},"farm":{"$ref":"#/components/schemas/Farm"},"crop":{"$ref":"#/components/schemas/Crop"},"acres":{"type":"number","example":53.2},"plantDate":{"type":"string","example":"2022-04-01"},"boundary":{"$ref":"#/components/schemas/Geometry"},"updatedAt":{"type":"string","format":"date-time"}}},"image":{"required":["id","imagePath","thumbnailPath"],"type":"object","properties":{"id":{"type":"integer","example":85746},"imagePath":{"type":"string","format":"url","example":"https://s3.amazonaws.com/truecause-production/images/10010-1600189669-2011-1-2.jpg"},"thumbnailPath":{"type":"string","format":"url","example":"https://s3.amazonaws.com/truecause-production/images/10010-1600189669-2011-1-2-thumb.jpg"}}},"issue":{"required":["co2","humidity","id","images","lat","lng","notes","o2","temperature"],"type":"object","properties":{"id":{"type":"integer","example":47913},"lat":{"type":"number","example":39.15542466666667},"lng":{"type":"number","example":-88.48981016666667},"notes":{"type":"string","example":"Wet conditions"},"temperature":{"type":"number","example":25.75},"humidity":{"type":"number","example":49.32},"co2":{"type":"number","example":431},"o2":{"type":"number","example":32.13873},"images":{"type":"array","items":{"$ref":"#/components/schemas/image"}}}},"cropStressItem":{"required":["id","issues","name"],"type":"object","properties":{"id":{"type":"integer","example":5488},"name":{"type":"string","example":"Septoria brown spot"},"issues":{"type":"array","items":{"$ref":"#/components/schemas/issue"}}}},"cropStressTypeItem":{"required":["cropStressItems","name"],"type":"object","properties":{"name":{"type":"string","example":"Disease"},"cropStressItems":{"type":"array","items":{"$ref":"#/components/schemas/cropStressItem"}}}},"TrueCauseItem":{"required":["cropStressTypes","observedAt"],"type":"object","properties":{"observedAt":{"type":"string","format":"date-time"},"cropStressTypes":{"type":"array","items":{"$ref":"#/components/schemas/cropStressTypeItem"}}}},"RegionItem":{"required":["exclusion","geometry","id","name","notes","size","type","untreated","yield"],"type":"object","properties":{"id":{"type":"integer","example":176},"name":{"type":"string","example":"Veltyma"},"type":{"type":"string","example":"application"},"exclusion":{"type":"boolean","example":false},"untreated":{"type":"boolean","example":false},"yield":{"type":"integer","example":0},"notes":{"type":"string","example":""},"size":{"type":"number","example":89.52},"geometry":{"$ref":"#/components/schemas/Geometry"}}},"RegionItems":{"type":"array","items":{"$ref":"#/components/schemas/RegionItem"}},"FieldCollectedItem":{"required":["comments","dateCollected","dateUploaded","description","type","url"],"type":"object","properties":{"datecollected":{"type":"string","format":"date-time"},"dateUploaded":{"type":"string","format":"date-time"},"type":{"type":"string","example":"application"},"description":{"type":"string","example":"Veltyma"},"comments":{"type":"string","example":"calm winds, dry soil"},"url":{"type":"string","format":"url","example":"https://s3.amazonaws.com/aker-collected-field-data/13272/029cb2db-1149-4584-8de9-f10dee967bba_application.zip"}}},"FieldCollectedItems":{"type":"array","example":[{"dateCollected":"2022-03-20","dateUploaded":"2022-03-21","type":"application","description":"Veltyma","comments":"calm winds, dry soil","url":"https://s3.amazonaws.com/aker-collected-field-data/13272/029cb2db-1149-4584-8de9-f10dee967bba_application.zip"},{"dateCollected":"2022-03-01","dateUploaded":"2022-03-21","type":"application","description":"Veltyma","comments":"calm winds, dry soil","url":"https://s3.amazonaws.com/aker-collected-field-data/13272/5536e6b4-ec8b-4771-9801-2abd4008d5c7_application.zip"}],"items":{"$ref":"#/components/schemas/FieldCollectedItem"}}}}}