{"openapi":"3.0.0","info":{"title":"GoodWords","description":"API языковой школы","version":"1.0.0"},"servers":[{"url":"https://virtserver.swaggerhub.com/AKravchenk0/GoodWords/1.0.0","description":"SwaggerHub API Auto Mocking"}],"paths":{"/SystemRegistration":{"post":{"summary":"Регистрация","description":"Добавляет новую запись о зарегистрированном пользователе","requestBody":{"content":{"application/json":{"schema":{"type":"object","properties":{"first_name":{"type":"string"},"last_name":{"type":"string"},"uid":{"type":"integer"}}}}}},"responses":{"200":{"description":"ok","content":{"application/json":{"schema":{"type":"object","properties":{"user_id":{"type":"integer"}}}}}}}}},"/Collection":{"get":{"summary":"Получить информацию о коллекциях пользователя","parameters":[{"name":"user_id","in":"query","description":"id Пользователя","required":true,"style":"form","explode":true,"schema":{"type":"integer"}}],"responses":{"200":{"description":"ok","content":{"application/json":{"schema":{"type":"object","properties":{"collection_id":{"type":"integer"},"collection_name":{"type":"string"},"icon_id":{"type":"string"}}}}}}}},"put":{"summary":"Редактирование коллекции","requestBody":{"content":{"application/json":{"schema":{"type":"object","properties":{"user_id":{"type":"integer"},"collection_id":{"type":"integer"},"words_id":{"type":"integer"}}}}}},"responses":{"200":{"description":"ok","content":{"application/json":{"schema":{"type":"object","properties":{"collection_id":{"type":"integer"},"is_edit":{"type":"boolean"}}}}}}}},"post":{"summary":"Информация о создании коллекции","requestBody":{"content":{"application/json":{"schema":{"type":"object","properties":{"user_id":{"type":"integer"},"is_created":{"type":"boolean"}}}}}},"responses":{"200":{"description":"ok","content":{"application/json":{"schema":{"type":"object","properties":{"collection_id":{"type":"integer"}}}}}}}}},"/Words":{"get":{"summary":"Получить информацию о слове","parameters":[{"name":"words_id","in":"query","description":"id слова","required":true,"style":"form","explode":true,"schema":{"type":"integer"}}],"responses":{"200":{"description":"ok","content":{"application/json":{"schema":{"type":"object","properties":{"name":{"type":"string"},"translation":{"type":"string"},"transcription":{"type":"string"},"use":{"type":"string"},"collection_id":{"type":"integer"}}}}}}}}},"/VK.Widgets.Auth":{"get":{"summary":"Получить информацию о пользователе через ВК","parameters":[{"name":"api_id","in":"query","description":"id приложения в вк","required":true,"style":"form","explode":true,"schema":{"type":"integer"}},{"name":"authUrl","in":"query","description":"URL на который надо вернуть пользователя","required":true,"style":"form","explode":true,"schema":{"type":"string"}}],"responses":{"200":{"description":"ok","content":{"application/json":{"schema":{"type":"object","properties":{"uid":{"type":"integer"},"first_name":{"type":"string"},"last_name":{"type":"string"}}}}}}}}},"/UserNotification":{"post":{"summary":"Уведомления","description":"Записать информацию о настройке уведомления","requestBody":{"content":{"application/json":{"schema":{"type":"object","properties":{"user_id":{"type":"integer"},"is_active":{"type":"boolean"}}}}}},"responses":{"200":{"description":"ok","content":{"application/json":{"schema":{"type":"object","properties":{"is_active":{"type":"boolean"}}}}}}}}},"/CollectionId":{"get":{"summary":"Получить информацию о всех словах в коллекции","parameters":[{"name":"user_id","in":"query","description":"id Пользователя","required":true,"style":"form","explode":true,"schema":{"type":"integer"}},{"name":"collection_id","in":"query","description":"id коллекции","required":false,"style":"form","explode":true,"schema":{"type":"integer"}}],"responses":{"200":{"description":"ok","content":{"application/json":{"schema":{"type":"object","properties":{"words_id":{"type":"integer"}}}}}}}}}}}