{"openapi":"3.0.0","info":{"title":"Registration API for Borrower Individual","description":"This API use to manage to register borrower individual","contact":{"email":"rio.rusdiano@akseleran.com"},"license":{"name":"Apache 2.0","url":"http://www.apache.org/licenses/LICENSE-2.0.html"},"version":"1.0.0"},"servers":[{"url":"https://virtserver.swaggerhub.com/AkseleranIT/RegistrationIndividual/1.0.0","description":"SwaggerHub API Auto Mocking"}],"security":[{"BearerAuth":[]}],"tags":[{"name":"developers","description":"Operations available to regular developers"}],"paths":{"/register":{"post":{"tags":["developers"],"summary":"add registration data for borrower individual","description":"add registration data for borrower individual","operationId":"registerBorrower","requestBody":{"description":"Data registration to add","content":{"application/json":{"schema":{"$ref":"#/components/schemas/RegistrationData"}}}},"responses":{"201":{"description":"Sucessfully registered","content":{"application/json":{"schema":{"$ref":"#/components/schemas/Created"}}}},"422":{"description":"Unprocessable Entity","content":{"application/json":{"schema":{"$ref":"#/components/schemas/UnprocessableEntity"}}}},"401":{"description":"Access token is missing or invalid","content":{"application/json":{"schema":{"$ref":"#/components/schemas/Unauthorized"}}}}}}}},"components":{"schemas":{"Created":{"type":"object","properties":{"code":{"type":"string","example":"201"},"message":{"type":"string","example":"Successfully registered"},"timestamp":{"type":"string","format":"date-time"},"data":{"type":"object","properties":{"email":{"type":"string","format":"email","example":"john@doe.com"},"user_uuid":{"type":"string","format":"uuid"}}}}},"UnprocessableEntity":{"type":"object","properties":{"code":{"type":"string","example":"422"},"message":{"type":"string","example":"Bad Request"},"timestamp":{"type":"string","format":"date-time"},"data":{"type":"object","properties":{"email":{"type":"array","items":{"type":"string","example":"email sudah terdaftar"}}}}}},"Unauthorized":{"type":"object","properties":{"code":{"type":"integer","example":401},"message":{"type":"string","example":"Unauthorized"},"timestamp":{"type":"string","format":"date-time"},"data":{"type":"string","example":"Unauthorized | No Token"}}},"RegistrationData":{"required":["address","city","correspondence_options","country","dob","domicile_address","domicile_address_subdistrict","domicile_address_village","domicile_city","domicile_postal_code","domicile_province","email","fullname","have_npwp","is_campaign_agreement_loan_agree","is_domicile_same_with_identity","is_tnc_agree","phone_number","phone_number_alt","pob","postal_code","province","religion_id","subdistrict","user_type","village"],"type":"object","properties":{"email":{"type":"string","format":"email","example":"john@doe.com"},"user_type":{"type":"string","example":"COMPANY"},"phone_number":{"type":"boolean","example":true},"is_tnc_agree":{"type":"boolean","example":true},"fullname":{"type":"string","example":"john doe"},"religion_id":{"type":"integer","example":1},"country":{"type":"integer","example":1},"have_npwp":{"type":"boolean","example":true},"pob":{"type":"string","example":"Jakarta"},"dob":{"type":"string","format":"date-time"},"is_domicile_same_with_identity":{"type":"boolean","example":true},"address":{"type":"string","example":"Alamat Lengkap"},"province":{"type":"integer","example":31},"city":{"type":"integer","example":3171},"subdistrict":{"type":"integer","example":3171090},"village":{"type":"string","example":"3171090006"},"postal_code":{"type":"string","example":"12860"},"phone_number_alt":{"type":"string","example":"82123120321"},"npwp_number":{"type":"string","example":"866813835413242"},"domicile_address":{"type":"string","example":"Jalan Panjang"},"domicile_province":{"type":"integer","example":32},"domicile_city":{"type":"integer","example":3272},"domicile_address_subdistrict":{"type":"integer","example":3272020},"domicile_address_village":{"type":"integer","example":3272020004},"domicile_postal_code":{"type":"integer","example":43145},"correspondence_options":{"type":"string","example":"KTP"},"is_campaign_agreement_loan_agree":{"type":"boolean","example":true}}}},"responses":{"Created":{"description":"Sucessfully registered","content":{"application/json":{"schema":{"$ref":"#/components/schemas/Created"}}}},"UnprocessableEntity":{"description":"Unprocessable Entity","content":{"application/json":{"schema":{"$ref":"#/components/schemas/UnprocessableEntity"}}}},"UnauthorizedError":{"description":"Access token is missing or invalid","content":{"application/json":{"schema":{"$ref":"#/components/schemas/Unauthorized"}}}}},"securitySchemes":{"BearerAuth":{"type":"http","scheme":"bearer","bearerFormat":"JWT"}}}}