{"openapi":"3.0.0","info":{"title":"User Profile API","description":"This is a simple API","contact":{"email":"rio.rusdiano@akseleran.com"},"license":{"name":"Apache 2.0","url":"http://www.apache.org/licenses/LICENSE-2.0.html"},"version":"1.0.0"},"servers":[{"url":"https://virtserver.swaggerhub.com/AkseleranIT/UserProfile/1.0.0","description":"SwaggerHub API Auto Mocking"}],"security":[{"BearerAuth":[]}],"tags":[{"name":"developers","description":"Operations available to regular developers"}],"paths":{"/users/profile/{user_uuid}":{"get":{"tags":["developers"],"summary":"Get user profile","description":"By passing in user uuid, you can get user profile in the system\n","operationId":"getUserProfile","parameters":[{"name":"user_uuid","in":"path","description":"pass user uuid","required":true,"style":"simple","explode":false,"schema":{"type":"string","format":"uuid"}}],"responses":{"200":{"description":"search results matching criteria","content":{"application/json":{"schema":{"$ref":"#/components/schemas/Ok"}}}},"401":{"description":"Access token is missing or invalid","content":{"application/json":{"schema":{"$ref":"#/components/schemas/Unauthorized"}}}}}}},"/users/update":{"put":{"tags":["developers"],"summary":"Update user profile","description":"By passing in several value, you can update user profile in the system\n","operationId":"updateUserProfile","requestBody":{"content":{"application/json":{"schema":{"required":["address","city","correspondence_options","country_id","dob","domicile_address","domicile_address_subdistrict","domicile_address_village","domicile_city","domicile_postal_code","domicile_province","fullname","identity_number","is_campaign_agreement_loan_agree","is_domicile_same_with_identity","npwp_number","phone_number","phone_number_alt","pob","postal_code","province","religion_id","subdistrict","user_gender","user_uuid","village"],"properties":{"user_uuid":{"type":"string","format":"uuid"},"identity_number":{"type":"string","example":"3124010102942123"},"fullname":{"type":"string","example":"borrower individual"},"user_gender":{"type":"string","example":"MALE"},"religion_id":{"type":"integer","example":1},"country_id":{"type":"integer","example":1},"have_npwp":{"type":"boolean","example":true},"npwp_number":{"type":"string","nullable":true,"example":"32.145.234.2-312.312"},"pob":{"type":"string","example":"KABUPATEN BANDUNG"},"dob":{"maxLength":10,"minLength":0,"pattern":"YYYY-MM-DD","type":"string","description":"Date of Birth","format":"date","example":"2017-01-01"},"is_domicile_same_with_identity":{"type":"boolean","example":true},"address":{"type":"string","example":"alamat lengkap"},"province":{"type":"integer","example":31},"city":{"type":"integer","example":3171},"subdistrict":{"type":"integer","example":3171090},"village":{"type":"integer","example":3171090006},"postal_code":{"type":"string","example":"12860"},"phone_number":{"type":"string","example":"81210894210"},"phone_number_alt":{"type":"string","example":""},"domicile_address":{"type":"string","example":"ALAMAT LENGKAP"},"domicile_province":{"type":"integer","example":31},"domicile_city":{"type":"integer","example":3171},"domicile_address_subdistrict":{"type":"integer","example":3171090},"domicile_address_village":{"type":"integer","example":3171090006},"domicile_postal_code":{"type":"string","example":"12860"},"correspondence_options":{"type":"string","example":"KTP"},"is_campaign_agreement_loan_agree":{"type":"boolean","example":true}}}}}},"responses":{"200":{"description":"successfully updated","content":{"application/json":{"schema":{"$ref":"#/components/schemas/OkUpdate"}}}},"401":{"description":"Access token is missing or invalid","content":{"application/json":{"schema":{"$ref":"#/components/schemas/Unauthorized"}}}}}}},"/users/update/identity":{"put":{"tags":["developers"],"summary":"Update user identity","description":"By passing in several value, you can update user identity in the system\n","operationId":"updateUserIdentity","requestBody":{"content":{"application/json":{"schema":{"properties":{"user_uuid":{"type":"string","format":"uuid"},"bank_id":{"type":"integer","example":74},"bank_account_holder":{"type":"string","example":"John doe"},"bank_account_number":{"type":"string","example":"2901210212211"}}}}}},"responses":{"200":{"description":"Update user bank identity","content":{"application/json":{"schema":{"$ref":"#/components/schemas/OkIdentity"}}}},"400":{"description":"No changes applied","content":{"application/json":{"schema":{"$ref":"#/components/schemas/BadRequestNoChanges"}}}},"403":{"description":"Update forbidden, request changes is in process","content":{"application/json":{"schema":{"$ref":"#/components/schemas/UpdateForbidden"}}}},"401":{"description":"Access token is missing or invalid","content":{"application/json":{"schema":{"$ref":"#/components/schemas/Unauthorized"}}}}}}}},"components":{"schemas":{"UpdateForbidden":{"type":"object","properties":{"code":{"type":"integer","example":403},"message":{"type":"string","example":"Forbidden"},"timestamp":{"type":"string","format":"date-time"},"errors":{"type":"object","properties":{"data":{"type":"string","example":"Data update forbidden"}}}}},"BadRequestNoChanges":{"type":"object","properties":{"code":{"type":"integer","example":400},"message":{"type":"string","example":"Bad Request"},"timestamp":{"type":"string","format":"date-time"},"errors":{"type":"object","properties":{"data":{"type":"string","example":"No changes applied"}}}}},"OkIdentity":{"type":"object","properties":{"code":{"type":"integer","example":200},"message":{"type":"string","example":"User data need approval"},"timestamp":{"type":"string","format":"date-time"},"data":{"type":"object","properties":{"responses":{"type":"string","example":"User data need approval"}}}}},"PrivyUser":{"type":"object","properties":{"privy_email":{"type":"string","nullable":true},"privy_phone_number":{"type":"string","nullable":true},"is_default":{"type":"boolean","example":true},"identity_number":{"type":"string","nullable":true},"verified_data":{"type":"string","nullable":true},"privy_full_name":{"type":"string","nullable":true},"privy_status":{"type":"object","properties":{"name":{"type":"string","example":"NOT_REGISTERED"},"value":{"type":"string","example":"Not Registered"}}},"privy_id":{"type":"string","nullable":true},"remark":{"type":"string","nullable":true}}},"Details":{"type":"object","properties":{"identity_number":{"minLength":16,"type":"string","example":"3124010102942123"},"pob":{"type":"string","example":"Kabupaten Bandung"},"dob":{"maxLength":10,"minLength":0,"pattern":"YYYY-MM-DD","type":"string","description":"Date of Birth","format":"date","example":"2017-01-01"},"address":{"type":"string","description":"Your detail address","example":"Jl. Bango 21"},"postal_Code":{"type":"string","description":"postal code","nullable":true},"phone_number":{"type":"string","description":"phone number","example":"87876003556"},"phone_number_alt":{"type":"string","description":"phone number alt","nullable":true},"npwp_number":{"type":"string","description":"Npwp number","nullable":true,"example":"23.123.123.1-232.131"},"have_npwp":{"type":"boolean","description":"Have Npwp","nullable":false,"example":true},"correspondence_options":{"type":"object","properties":{"name":{"type":"string","example":"KTP"},"value":{"type":"string","example":"Alamat KTP"}},"description":"Correspondence Options"},"domicile_address":{"type":"string","description":"Domicile address","nullable":true},"domicilie_postal_code":{"type":"string","example":"12860"},"is_campaign_agreement_loan_agree":{"type":"boolean","example":true},"citizenship":{"type":"object","properties":{"name":{"type":"string","example":"WNI"},"value":{"type":"string","example":"Warga Negara Indonesia"}}},"otp_enabled":{"type":"boolean","example":true},"npwp_file":{"type":"string","nullable":true},"is_domicile_same_with_identity":{"type":"boolean","example":false},"is_mailing_same_with_office":{"type":"boolean","example":true}}},"Ok":{"type":"object","properties":{"code":{"type":"integer","example":200},"message":{"type":"string","example":"OK"},"timestamp":{"type":"string","format":"date-time"},"data":{"type":"object","properties":{"email":{"type":"string","example":"borrowerindividual1@mailinator.com"},"email_verified":{"type":"boolean","example":true},"uuid":{"type":"string","format":"uuid"},"fname":{"type":"string","nullable":true},"lname":{"type":"string","nullable":true},"full_name":{"type":"string","nullable":true},"company_name":{"type":"string","nullable":true},"status":{"type":"object","properties":{"name":{"type":"string","example":"NOT_VERIFIED"},"value":{"type":"string","example":"Not Verified"}}},"user_preference":{"type":"object","properties":{"name":{"type":"string","example":"BORROWER"},"value":{"type":"string","example":"Borrower"}}},"user_type":{"type":"object","properties":{"name":{"type":"string","example":"INDIVIDUAL"},"value":{"type":"string","example":"Individual"}}},"user_gender":{"type":"string","nullable":true},"verified_timestamp":{"type":"string","format":"date-time","nullable":true},"is_tnc_agree":{"type":"boolean","example":true},"user_progress":{"type":"object","properties":{"completed_step":{"type":"integer","example":2},"total_step":{"type":"integer","example":6},"user_progress":{"type":"integer","example":33}}},"number_of_referee":{"type":"integer","example":0},"details":{"$ref":"#/components/schemas/Details"},"privy_users":{"type":"array","items":{"$ref":"#/components/schemas/PrivyUser"}}}}}},"OkUpdate":{"type":"object","properties":{"code":{"type":"integer","example":200},"message":{"type":"string","example":"Successfully Updated"},"timestamp":{"type":"string","format":"date-time"},"data":{"type":"object","properties":{"address":{"type":"string","example":"ALAMAT LENGKAP"},"domicile_address":{"type":"string","example":"ALAMAT LENGKAP"},"domicile_province":{"type":"integer","example":31},"domicile_city":{"type":"integer","example":3171},"domicile_address_subdistrict":{"type":"integer","example":3171090},"domicile_address_village":{"type":"integer","example":3171090006},"domicile_postal_code":{"type":"string","example":"12860"},"city":{"type":"integer","example":3171},"correspondence_options":{"type":"object","properties":{"name":{"type":"string","example":"KTP"},"value":{"type":"string","example":"ALAMAT KTP"}}},"country":{"type":"integer","example":1},"dob":{"maxLength":10,"minLength":0,"pattern":"YYYY-MM-DD","type":"string","description":"Date of Birth","format":"date","example":"2017-01-01"},"fname":{"type":"string","example":"first name"},"identity_number":{"type":"string","example":"3123123123123927"},"is_campaign_agreement_loan_agree":{"type":"boolean","example":true},"lname":{"type":"string","example":"last name"},"mailing_address":{"type":"string","example":"ALAMAT LENGKAP"},"mailing_province":{"type":"integer","example":31},"mailing_city":{"type":"integer","example":3171},"mailing_address_subdistrict":{"type":"integer","example":3171090},"mailing_address_village":{"type":"integer","example":3171090006},"mailing_postal_code":{"type":"string","example":"12860"},"pob":{"type":"string","example":"KABUPATEN BANDUNG"},"postal_code":{"type":"string","example":"12860"},"province":{"type":"integer","example":31},"religion_id":{"type":"integer","example":1},"subdistrict":{"type":"integer","example":3171090},"user_gender":{"type":"object","properties":{"name":{"type":"string","example":"MALE"},"value":{"type":"string","example":"male"}}},"village":{"type":"integer","example":3171090006}}}}},"Unauthorized":{"type":"object","properties":{"code":{"type":"integer","example":401},"message":{"type":"string","example":"Unauthorized"},"timestamp":{"type":"string","format":"date-time"},"data":{"type":"object"}}}},"responses":{"UpdateForbidden":{"description":"Update forbidden, request changes is in process","content":{"application/json":{"schema":{"$ref":"#/components/schemas/UpdateForbidden"}}}},"BadRequestNoChanges":{"description":"No changes applied","content":{"application/json":{"schema":{"$ref":"#/components/schemas/BadRequestNoChanges"}}}},"OkUpdateIdentity":{"description":"Update user bank identity","content":{"application/json":{"schema":{"$ref":"#/components/schemas/OkIdentity"}}}},"Ok":{"description":"search results matching criteria","content":{"application/json":{"schema":{"$ref":"#/components/schemas/Ok"}}}},"UnauthorizedError":{"description":"Access token is missing or invalid","content":{"application/json":{"schema":{"$ref":"#/components/schemas/Unauthorized"}}}},"OkUpdate":{"description":"successfully updated","content":{"application/json":{"schema":{"$ref":"#/components/schemas/OkUpdate"}}}}},"securitySchemes":{"BearerAuth":{"type":"http","scheme":"bearer","bearerFormat":"JWT"}}}}