{"openapi":"3.0.0","info":{"title":"Get Profile Borrower Company","description":"This API is use to get profile for borrower company","contact":{"email":"rio.rusdiano@akseleran.com"},"license":{"name":"Apache 2.0","url":"http://www.apache.org/licenses/LICENSE-2.0.html"},"version":"1.0.0"},"servers":[{"url":"https://virtserver.swaggerhub.com/AkseleranIT/GetProfileCompany/1.0.0","description":"SwaggerHub API Auto Mocking"}],"security":[{"BearerAuth":[]}],"tags":[{"name":"developers","description":"Operations available to regular developers"}],"paths":{"/users/profile/{user_uuid}":{"get":{"tags":["developers"],"summary":"Get user profile","description":"By passing in user uuid, you can get user profile in the system\n","operationId":"getUserProfile","parameters":[{"name":"user_uuid","in":"path","description":"pass user uuid","required":true,"style":"simple","explode":false,"schema":{"type":"string","format":"uuid"}}],"responses":{"200":{"description":"search results matching criteria","content":{"application/json":{"schema":{"$ref":"#/components/schemas/Ok"}}}},"401":{"description":"Access token is missing or invalid","content":{"application/json":{"schema":{"$ref":"#/components/schemas/Unauthorized"}}}}}}}},"components":{"schemas":{"UpdateForbidden":{"type":"object","properties":{"code":{"type":"integer","example":403},"message":{"type":"string","example":"Forbidden"},"timestamp":{"type":"string","format":"date-time"},"errors":{"type":"object","properties":{"data":{"type":"string","example":"Data update forbidden"}}}}},"BadRequestNoChanges":{"type":"object","properties":{"code":{"type":"integer","example":400},"message":{"type":"string","example":"Bad Request"},"timestamp":{"type":"string","format":"date-time"},"errors":{"type":"object","properties":{"data":{"type":"string","example":"No changes applied"}}}}},"PrivyUser":{"type":"object","properties":{"privy_email":{"type":"string","nullable":true},"privy_phone_number":{"type":"string","nullable":true},"is_default":{"type":"boolean","example":true},"identity_number":{"type":"string","nullable":true},"verified_data":{"type":"string","nullable":true},"privy_full_name":{"type":"string","nullable":true},"privy_status":{"type":"object","properties":{"name":{"type":"string","example":"NOT_REGISTERED"},"value":{"type":"string","example":"Not Registered"}}},"privy_id":{"type":"string","nullable":true},"remark":{"type":"string","nullable":true}}},"Details":{"type":"object","properties":{"identity_number":{"minLength":16,"type":"string","example":"3124010102942123"},"phone_number":{"type":"string","description":"phone number","example":"87876003556"},"phone_number_alt":{"type":"string","description":"phone number alt","nullable":true},"npwp_number":{"type":"string","description":"Npwp number","nullable":true,"example":"23.123.123.1-232.131"},"have_npwp":{"type":"boolean","description":"Have Npwp","nullable":false,"example":true},"office_address":{"type":"string","example":"ALAMAT LENGKAP"},"office_postal_code":{"type":"string","example":"12860"},"office_phone_number":{"type":"string","example":"81210895231"},"date_of_establishment":{"type":"string","format":"date","example":"2000-07-01"},"is_campaign_agreement_loan_agree":{"type":"boolean","example":true},"pic_title":{"type":"string","example":"Direktur"},"business_form":{"type":"object","properties":{"value":{"type":"string","example":"PT"},"name":{"type":"string","example":"PT"}}},"npwp_owner":{"type":"string","nullable":true},"citizenship":{"type":"object","properties":{"value":{"type":"string","example":"Warga Negara Indonesia"},"name":{"type":"string","example":"WNI"}}},"otp_enabled":{"type":"boolean","example":true},"npwp_file":{"type":"object","properties":{"document_classification":{"type":"object","properties":{"name":{"type":"string","example":"GENERAL"},"value":{"type":"string","example":"General"}}},"uuid":{"type":"string","example":"698841a2dbb40f1b1bc30f7b17dce7801f399c0c331e19817fd57e38f0995180"},"document_name":{"type":"string","example":"npwp.jpeg"}}},"correspondence_options":{"type":"object","properties":{"name":{"type":"string","example":"KTP"},"value":{"type":"string","example":"Alamat KTP"}},"description":"Correspondence Options"},"domicile_address":{"type":"string","description":"Domicile address","nullable":true},"domicilie_postal_code":{"type":"string","example":"12860"},"is_mailing_same_with_office":{"type":"boolean","example":true}}},"Ok":{"type":"object","properties":{"code":{"type":"integer","example":200},"message":{"type":"string","example":"OK"},"timestamp":{"type":"string","format":"date-time"},"data":{"type":"object","properties":{"email":{"type":"string","example":"borrowercompany@mailinator.com"},"email_verified":{"type":"boolean","example":true},"uuid":{"type":"string","format":"uuid"},"full_name":{"type":"string","nullable":true,"example":"Akseleran"},"company_name":{"type":"string","nullable":true,"example":"Akseleran"},"status":{"type":"object","properties":{"name":{"type":"string","example":"VERIFIED"},"value":{"type":"string","example":"Verified"}}},"user_preference":{"type":"object","properties":{"name":{"type":"string","example":"BORROWER"},"value":{"type":"string","example":"Borrower"}}},"user_type":{"type":"object","properties":{"name":{"type":"string","example":"COMPANY"},"value":{"type":"string","example":"Company"}}},"verified_timestamp":{"type":"string","format":"date-time","nullable":true},"is_tnc_agree":{"type":"boolean","example":true},"user_progress":{"type":"object","properties":{"completed_step":{"type":"integer","example":7},"total_step":{"type":"integer","example":7},"user_progress":{"type":"integer","example":100}}},"details":{"$ref":"#/components/schemas/Details"},"privy_users":{"type":"array","items":{"$ref":"#/components/schemas/PrivyUser"}}}}}},"Unauthorized":{"type":"object","properties":{"code":{"type":"integer","example":401},"message":{"type":"string","example":"Unauthorized"},"timestamp":{"type":"string","format":"date-time"},"data":{"type":"object"}}}},"responses":{"UpdateForbidden":{"description":"Update forbidden, request changes is in process","content":{"application/json":{"schema":{"$ref":"#/components/schemas/UpdateForbidden"}}}},"BadRequestNoChanges":{"description":"No changes applied","content":{"application/json":{"schema":{"$ref":"#/components/schemas/BadRequestNoChanges"}}}},"Ok":{"description":"search results matching criteria","content":{"application/json":{"schema":{"$ref":"#/components/schemas/Ok"}}}},"UnauthorizedError":{"description":"Access token is missing or invalid","content":{"application/json":{"schema":{"$ref":"#/components/schemas/Unauthorized"}}}}},"securitySchemes":{"BearerAuth":{"type":"http","scheme":"bearer","bearerFormat":"JWT"}}}}