{"openapi":"3.0.0","info":{"title":"Callback API","description":"This is a Callback API for multiple events","contact":{"email":"kenny.oscar@akseleran.com"},"license":{"name":"Apache 2.0","url":"http://www.apache.org/licenses/LICENSE-2.0.html"},"version":"1.0.0"},"servers":[{"url":"https://virtserver.swaggerhub.com/AkseleranIT/Callback/1.0.0","description":"SwaggerHub API Auto Mocking"}],"security":[{"BearerAuth":[]}],"tags":[{"name":"developers","description":"Operations available to regular developers"}],"paths":{"/<partnerCallbackUrl>":{"post":{"tags":["developers"],"summary":"Receive callback payload with events","description":"By passing several value, you can use the callback api in the system\n","operationId":"callback","responses":{"200":{"description":"Callback response example","content":{"application/json":{"schema":{"$ref":"#/components/schemas/Ok"}}}}},"callbacks":{"facility_status":{"{partnerCallbackUrl}":{"post":{"requestBody":{"content":{"application/json":{"schema":{"$ref":"#/components/schemas/RequestFacilityStatus"}}}},"responses":{"200":{"description":"Callback response example","content":{"application/json":{"schema":{"$ref":"#/components/schemas/Ok"}}}}}}}},"user_status":{"{partnerCallbackUrl}":{"post":{"requestBody":{"content":{"application/json":{"schema":{"$ref":"#/components/schemas/RequestUserStatus"}}}},"responses":{"200":{"description":"Callback response example","content":{"application/json":{"schema":{"$ref":"#/components/schemas/Ok"}}}}}}}},"privy_status":{"{partnerCallbackUrl}":{"post":{"requestBody":{"content":{"application/json":{"schema":{"$ref":"#/components/schemas/RequestPrivyStatus"}}}},"responses":{"200":{"description":"Callback response example","content":{"application/json":{"schema":{"$ref":"#/components/schemas/Ok"}}}}}}}},"document_sign":{"{partnerCallbackUrl}":{"post":{"requestBody":{"content":{"application/json":{"schema":{"$ref":"#/components/schemas/RequestDocumentSign"}}}},"responses":{"200":{"description":"Callback response example","content":{"application/json":{"schema":{"$ref":"#/components/schemas/Ok"}}}}}}}},"disbursement_success":{"{partnerCallbackUrl}":{"post":{"requestBody":{"content":{"application/json":{"schema":{"$ref":"#/components/schemas/RequestDisbursementSuccess"}}}},"responses":{"200":{"description":"Callback response example","content":{"application/json":{"schema":{"$ref":"#/components/schemas/Ok"}}}}}}}}}}}},"components":{"schemas":{"RequestFacilityStatus":{"type":"object","properties":{"event_name":{"type":"string","example":"facility_status"},"user_uuid":{"type":"string","format":"uuid"},"facility_status":{"type":"string","example":"In Process / Need Signature / Efektif / End"},"facility_uuid":{"type":"string","format":"uuid"}}},"RequestUserStatus":{"type":"object","properties":{"event_name":{"type":"string","example":"user_status"},"user_uuid":{"type":"string","format":"uuid"},"user_status":{"type":"string","example":"Waiting for verification / Need Approval / Verified"}}},"RequestPrivyStatus":{"type":"object","properties":{"event_name":{"type":"string","example":"privy_status"},"user_uuid":{"type":"string","format":"uuid"},"privy_status":{"type":"string","example":"Waiting for verification / Invalid / Rejected / Verified"},"privy_remarks":{"type":"string","example":"Digital signature verification completed"}}},"RequestDocumentSign":{"type":"object","properties":{"event_name":{"type":"string","example":"privy_status"},"facility_uuid":{"type":"string","format":"uuid"},"loan_request_uuid":{"type":"string","format":"uuid"},"user_uuid":{"type":"string","format":"uuid"},"document_sign_url":{"type":"string","example":"https://sign-sandbox.privy.id/doc/546b72f747f8bafadb2a54b703b401e02e671e1e7d848e5e0f876ad4d8729fa0"}}},"RequestDisbursementSuccess":{"type":"object","properties":{"event_name":{"type":"string","example":"disbursement_success"},"loan_request_uuid":{"type":"string","format":"uuid"},"user_uuid":{"type":"string","format":"uuid"},"campaign_name":{"type":"string","example":"Pinjaman 991/SC/3050-1/II/21"},"drawdown_amount":{"type":"integer","example":10500000},"message":{"type":"string","nullable":true,"example":"Disbursement Success"}}},"Ok":{"type":"object","properties":{"code":{"type":"integer","example":200},"message":{"type":"string","example":"OK"},"timestamp":{"type":"string","format":"date-time"},"data":{"type":"object","properties":{"partner_response":{"type":"string","example":"Partner response"}}}}}},"responses":{"Ok":{"description":"Callback response example","content":{"application/json":{"schema":{"$ref":"#/components/schemas/Ok"}}}}},"securitySchemes":{"BearerAuth":{"type":"http","scheme":"bearer","bearerFormat":"JWT"}}}}