{"openapi":"3.0.0","info":{"title":"Repayment Report API","description":"This API is use to manage the report for borrower repayment from partner.","contact":{"email":"rio.rusdiano@akseleran.com"},"license":{"name":"Apache 2.0","url":"http://www.apache.org/licenses/LICENSE-2.0.html"},"version":"1.0.0"},"servers":[{"url":"https://virtserver.swaggerhub.com/AkseleranIT/RepaymentReport/1.0.0","description":"SwaggerHub API Auto Mocking"}],"tags":[{"name":"developers","description":"Operations available to regular developers"}],"paths":{"/repayments/report":{"post":{"tags":["developers"],"summary":"Repayment report from partner to Akseleran system","description":"The summary report of loans from partner to Akseleran system","operationId":"RepaymentReport","requestBody":{"description":"Inventory item to add","content":{"application/json":{"schema":{"$ref":"#/components/schemas/RepaymentReport"}}}},"responses":{"200":{"description":"Ok","content":{"application/json":{"schema":{"$ref":"#/components/schemas/Ok"}}}},"400":{"description":"Bad Request","content":{"application/json":{"schema":{"$ref":"#/components/schemas/BadRequest"}}}}}}}},"components":{"schemas":{"BadRequest":{"type":"object","properties":{"code":{"type":"integer","example":400},"message":{"type":"string","example":"Bad Request"},"timestamp":{"type":"string","format":"date-time"},"errors":{"type":"object","properties":{"unmatch_loan_request_uuid":{"type":"array","items":{"$ref":"#/components/schemas/unmatchLoanRequest"}},"message":{"type":"string","example":"Please check the unmatch loan request, the report hasn't been proceed"}}}}},"Ok":{"type":"object","properties":{"code":{"type":"integer","example":200},"message":{"type":"string","example":"OK"},"timestamp":{"type":"string","format":"date-time"},"data":{"type":"object","properties":{"repayment":{"type":"object","properties":{"total_loan":{"type":"integer","example":1},"total_amount":{"multipleOf":0.1,"type":"number","example":5000000.923}}}}}}},"unmatchLoanRequest":{"type":"object","properties":{"loan_request_uuid":{"type":"string","format":"uuid"}}},"RepaymentReport":{"required":["amount","loan_request_uuid"],"type":"object","properties":{"repayment_report":{"type":"array","items":{"$ref":"#/components/schemas/ReportObject"}}}},"ReportObject":{"type":"object","properties":{"loan_request_uuid":{"type":"string","format":"uuid","example":"d290f1ee-6c54-4b01-90e6-d701748f0851"},"amount":{"multipleOf":0.1,"type":"number","example":5000000.923}}}},"responses":{"BadRequest":{"description":"Bad Request","content":{"application/json":{"schema":{"$ref":"#/components/schemas/BadRequest"}}}},"Ok":{"description":"Ok","content":{"application/json":{"schema":{"$ref":"#/components/schemas/Ok"}}}}}}}