{"openapi":"3.0.0","info":{"title":"Device API 1.0.3","description":"APIs to access AP device","version":"1.0.3"},"servers":[{"url":"https://virtserver.swaggerhub.com/Alan-Liao/device-1.0.1/1.0.3","description":"SwaggerHub API Auto Mocking"},{"url":"https://{sophos_ap_address}:{port}","description":"API server url","variables":{"sophos_ap_address":{"default":"192.168.2.2"},"port":{"default":"10443"}}}],"paths":{"/ap/info/system/basic":{"get":{"tags":["Information"],"description":"Get System basic information\n","responses":{"200":{"description":"System basic information","content":{"application/json":{"schema":{"type":"object","properties":{"error_code":{"type":"integer","default":0},"error_msg":{"type":"string"},"data":{"$ref":"#/components/schemas/SystemBasicInfo"}}}}}}}}},"/ap/info/system/log":{"get":{"tags":["Information"],"description":"Get System log information\n","responses":{"200":{"description":"System log information","content":{"application/json":{"schema":{"type":"object","properties":{"error_code":{"type":"integer","default":0},"error_msg":{"type":"string"},"data":{"$ref":"#/components/schemas/SystemLogInfo"}}}}}}}}},"/ap/info/network/lanport":{"get":{"tags":["Information"],"description":"Get Network Lan port information\n","responses":{"200":{"description":"Network Lan port information","content":{"application/json":{"schema":{"type":"object","properties":{"error_code":{"type":"integer","default":0},"error_msg":{"type":"string"},"data":{"$ref":"#/components/schemas/LanportInfo"}}}}}}}}},"/ap/info/network/dhcpclient":{"get":{"tags":["Information"],"description":"Get Network DHCP client list\n","responses":{"200":{"description":"Network DHCP client list","content":{"application/json":{"schema":{"type":"object","properties":{"error_code":{"type":"integer","default":0},"error_msg":{"type":"string"},"data":{"$ref":"#/components/schemas/DHCPClientList"}}}}}}}}},"/ap/info/wireless/basic":{"get":{"tags":["Information"],"description":"Get wireless basic information\n","parameters":[{"name":"radio","in":"query","description":"Radio index (2g|5g|etc)","required":true,"style":"form","explode":true,"schema":{"type":"string","enum":["2g","5g"]}}],"responses":{"200":{"description":"wireless basic information","content":{"application/json":{"schema":{"type":"object","properties":{"error_code":{"type":"integer","default":0},"error_msg":{"type":"string"},"data":{"$ref":"#/components/schemas/WirelessBasicInfo"}}}}}}}}},"/ap/info/wireless/SSID":{"get":{"tags":["Information"],"description":"Get wireless SSID information\n","parameters":[{"name":"radio","in":"query","description":"Radio index (2g|5g)","required":true,"style":"form","explode":true,"schema":{"type":"string","enum":["2g","5g"]}},{"name":"ssid_index","in":"query","description":"SSID index (0~15)","required":true,"style":"form","explode":true,"schema":{"type":"integer","enum":[0,1,2,3,4,5,6,7,8,9,10,11,12,13,14,15]}}],"responses":{"200":{"description":"wireless SSID information","content":{"application/json":{"schema":{"type":"object","properties":{"error_code":{"type":"integer","default":0},"error_msg":{"type":"string"},"data":{"$ref":"#/components/schemas/WirelessSSIDInfo"}}}}}}}}},"/ap/info/wireless/wds":{"get":{"tags":["Information"],"description":"Get wireless WDS information\n","parameters":[{"name":"radio","in":"query","description":"Radio index (2g|5g|6g)","required":true,"style":"form","explode":true,"schema":{"type":"string","enum":["2g","5g","6g"]}}],"responses":{"200":{"description":"wireless WDS information","content":{"application/json":{"schema":{"type":"object","properties":{"error_code":{"type":"integer","default":0},"error_msg":{"type":"string"},"data":{"$ref":"#/components/schemas/WirelessWDSInfos"}}}}}}}}},"/ap/info/wireless/clients":{"get":{"tags":["Information"],"description":"Get wireless clients information\n","parameters":[{"name":"radio","in":"query","description":"Radio index (2g|5g)","required":true,"style":"form","explode":true,"schema":{"type":"string","enum":["2g","5g"]}}],"responses":{"200":{"description":"wireless SSID information","content":{"application/json":{"schema":{"type":"object","properties":{"error_code":{"type":"integer","default":0},"error_msg":{"type":"string"},"data":{"$ref":"#/components/schemas/WirelessClientsInfo"}}}}}}}}},"/ap/info/wireless/monitor":{"get":{"tags":["Information"],"description":"Get wireless site survey information\n","parameters":[{"name":"radio","in":"query","description":"Radio index (2g|5g|6g)","required":true,"style":"form","explode":true,"schema":{"type":"string","enum":["2g","5g","6g"]}}],"responses":{"200":{"description":"wireless site survey information","content":{"application/json":{"schema":{"type":"object","properties":{"error_code":{"type":"integer","default":0},"error_msg":{"type":"string"},"data":{"$ref":"#/components/schemas/WirelessMonitorInfo"}}}}}}}}},"/ap/info/utils":{"get":{"tags":["Information"],"description":"Get Utilities information\n","parameters":[{"name":"tool","in":"query","description":"Ping tool, Traceroute tool","required":true,"style":"form","explode":true,"schema":{"type":"string","enum":["ping","traceroute"]}},{"name":"address","in":"query","description":"target address","required":true,"style":"form","explode":true,"schema":{"type":"string"}}],"responses":{"200":{"description":"Get result from query","content":{"application/json":{"schema":{"type":"object","properties":{"error_code":{"type":"integer","default":0},"error_msg":{"type":"string"},"data":{"type":"object","properties":{"result":{"type":"string"}}}}}}}}}}},"/ap/config/network/basic":{"get":{"tags":["Configuration"],"description":"Get network basic configuration\n","responses":{"200":{"description":"network basic configuration","content":{"application/json":{"schema":{"type":"object","properties":{"error_code":{"type":"integer","default":0},"error_msg":{"type":"string"},"data":{"type":"object","properties":{"ipv4":{"$ref":"#/components/schemas/NetworkIPv4Config"},"ipv6":{"$ref":"#/components/schemas/NetworkIPv6Config"},"lanport":{"$ref":"#/components/schemas/NetworkLanportConfig"}}}}}}}}}},"post":{"tags":["Configuration"],"description":"Set network basic configuration\n","requestBody":{"content":{"application/json":{"schema":{"type":"object","properties":{"ipv4":{"$ref":"#/components/schemas/NetworkIPv4Config"},"ipv6":{"$ref":"#/components/schemas/NetworkIPv6Config"},"lanport":{"$ref":"#/components/schemas/NetworkLanportConfig"}}}}}},"responses":{"200":{"description":"item configured","content":{"application/json":{"schema":{"type":"object","properties":{"error_code":{"type":"integer","default":0},"error_msg":{"type":"string"},"data":{"type":"object"}}}}}}}}},"/ap/config/network/advance":{"get":{"tags":["Configuration"],"description":"Get Network advance configuration\n","responses":{"200":{"description":"Network advance configuration","content":{"application/json":{"schema":{"type":"object","properties":{"error_code":{"type":"integer","default":0},"error_msg":{"type":"string"},"data":{"$ref":"#/components/schemas/NetworkAdvanceConfig"}}}}}}}},"post":{"tags":["Configuration"],"description":"Set Network advance configuration\n","requestBody":{"content":{"application/json":{"schema":{"$ref":"#/components/schemas/NetworkAdvanceConfig"}}}},"responses":{"200":{"description":"item configured","content":{"application/json":{"schema":{"type":"object","properties":{"error_code":{"type":"integer","default":0},"error_msg":{"type":"string"},"data":{"type":"object"}}}}}}}}},"/ap/config/network/vlan":{"get":{"tags":["Configuration"],"description":"Get Network Vlan configuration\n","responses":{"200":{"description":"Network Vlan configuration","content":{"application/json":{"schema":{"type":"object","properties":{"error_code":{"type":"integer","default":0},"error_msg":{"type":"string"},"data":{"$ref":"#/components/schemas/NetworkVlanConfig"}}}}}}}},"post":{"tags":["Configuration"],"description":"Set Network Vlan configuration\n","requestBody":{"content":{"application/json":{"schema":{"$ref":"#/components/schemas/NetworkVlanConfig"}}}},"responses":{"200":{"description":"item configured","content":{"application/json":{"schema":{"type":"object","properties":{"error_code":{"type":"integer","default":0},"error_msg":{"type":"string"},"data":{"type":"object"}}}}}}}}},"/ap/config/wireless/basic":{"get":{"tags":["Configuration"],"description":"Get wireless basic configuration\n","parameters":[{"name":"radio","in":"query","description":"Radio index (2G|5G)","required":true,"style":"form","explode":true,"schema":{"type":"string","enum":["2g","5g"]}}],"responses":{"200":{"description":"wireless configuration","content":{"application/json":{"schema":{"type":"object","properties":{"error_code":{"type":"integer","default":0},"error_msg":{"type":"string"},"data":{"$ref":"#/components/schemas/WirelessBasicConfig"}}}}}}}},"post":{"tags":["Configuration"],"description":"Set wireless basic configuration\n","parameters":[{"name":"radio","in":"query","description":"Radio index (2G | 5G)","required":true,"style":"form","explode":true,"schema":{"type":"string","enum":["2g","5g"]}}],"requestBody":{"content":{"application/json":{"schema":{"$ref":"#/components/schemas/WirelessBasicConfig"}}}},"responses":{"200":{"description":"item configured","content":{"application/json":{"schema":{"type":"object","properties":{"error_code":{"type":"integer","default":0},"error_msg":{"type":"string"},"data":{"type":"object"}}}}}}}}},"/ap/config/wireless/SSIDSecurity":{"get":{"tags":["Configuration"],"description":"Get wireless ssid security configuration\n","parameters":[{"name":"radio","in":"query","description":"Radio index (2g | 5g)","required":true,"style":"form","explode":true,"schema":{"type":"string","enum":["2g","5g"]}},{"name":"ssid_index","in":"query","description":"SSID index (0~15)","required":true,"style":"form","explode":true,"schema":{"type":"integer","enum":[0,1,2,3,4,5,6,7,8,9,10,11,12,13,14,15]}}],"responses":{"200":{"description":"SSID security configuration","content":{"application/json":{"schema":{"type":"object","properties":{"error_code":{"type":"integer","default":0},"error_msg":{"type":"string"},"data":{"$ref":"#/components/schemas/SSIDSecurityConfig"}}}}}}}},"post":{"tags":["Configuration"],"description":"Set wireless ssid security\n","parameters":[{"name":"radio","in":"query","description":"Radio index (2g | 5g | 6g)","required":true,"style":"form","explode":true,"schema":{"type":"string","enum":["2g","5g"]}},{"name":"ssid_index","in":"query","description":"SSID index (0~15)","required":true,"style":"form","explode":true,"schema":{"type":"integer","enum":[0,1,2,3,4,5,6,7,8,9,10,11,12,13,14,15]}}],"requestBody":{"content":{"application/json":{"schema":{"$ref":"#/components/schemas/SSIDSecurityConfig"}}}},"responses":{"200":{"description":"item configured","content":{"application/json":{"schema":{"type":"object","properties":{"error_code":{"type":"integer","default":0},"error_msg":{"type":"string"},"data":{"type":"object"}}}}}}}}},"/ap/config/wireless/advance":{"get":{"tags":["Configuration"],"description":"Get wireless advance configuration\n","parameters":[{"name":"radio","in":"query","description":"Radio index (2G|5G)","required":true,"style":"form","explode":true,"schema":{"type":"string","enum":["2g","5g"]}}],"responses":{"200":{"description":"wireless configuration","content":{"application/json":{"schema":{"type":"object","properties":{"error_code":{"type":"integer","default":0},"error_msg":{"type":"string"},"data":{"$ref":"#/components/schemas/WirelessAdvanceConfig"}}}}}}}},"post":{"tags":["Configuration"],"description":"Set wireless advance configuration\n","parameters":[{"name":"radio","in":"query","description":"Radio index (2G | 5G)","required":true,"style":"form","explode":true,"schema":{"type":"string","enum":["2g","5g"]}}],"requestBody":{"content":{"application/json":{"schema":{"$ref":"#/components/schemas/WirelessAdvanceConfig"}}}},"responses":{"200":{"description":"item configured","content":{"application/json":{"schema":{"type":"object","properties":{"error_code":{"type":"integer","default":0},"error_msg":{"type":"string"},"data":{"type":"object"}}}}}}}}},"/ap/config/wireless/wds":{"get":{"tags":["Configuration"],"description":"Get wireless WDS configuration\n","parameters":[{"name":"radio","in":"query","description":"Radio index (2G|5G|6G)","required":true,"style":"form","explode":true,"schema":{"type":"string","enum":["2g","5g","6g"]}}],"responses":{"200":{"description":"WDS configuration","content":{"application/json":{"schema":{"type":"object","properties":{"error_code":{"type":"integer","default":0},"error_msg":{"type":"string"},"data":{"$ref":"#/components/schemas/WirelessWDSConfig"}}}}}}}},"post":{"tags":["Configuration"],"description":"Set wireless WDS configuration\n","parameters":[{"name":"radio","in":"query","description":"Radio index (2g | 5g | 6g)","required":true,"style":"form","explode":true,"schema":{"type":"string","enum":["2g","5g","6g"]}}],"requestBody":{"content":{"application/json":{"schema":{"$ref":"#/components/schemas/WirelessWDSConfig"}}}},"responses":{"200":{"description":"item configured","content":{"application/json":{"schema":{"type":"object","properties":{"error_code":{"type":"integer","default":0},"error_msg":{"type":"string"},"data":{"type":"object"}}}}}}}}},"/ap/config/wireless/wps":{"get":{"tags":["Configuration"],"description":"Get wireless WPS configuration\n","responses":{"200":{"description":"WPS configuration","content":{"application/json":{"schema":{"type":"object","properties":{"error_code":{"type":"integer","default":0},"error_msg":{"type":"string"},"data":{"$ref":"#/components/schemas/WirelessWPSConfig"}}}}}}}},"put":{"tags":["Configuration"],"description":"Trigger WPS connection, If pincode is given \n","parameters":[{"name":"action_type","in":"query","description":"- 1: Push-button WPS\n- 2: WPS by PIN\n- 3: Generate self PIN code\n- 4: Release WPS\n","required":true,"style":"form","explode":true,"schema":{"type":"integer","enum":[1,2,3,4]}},{"name":"pincode","in":"query","description":"If WPS by PIN is selected, pincode should be provided.","required":false,"style":"form","explode":true,"schema":{"type":"string"}}],"responses":{"200":{"description":"RADIUS configuration","content":{"application/json":{"schema":{"type":"object","properties":{"error_code":{"type":"integer","default":0},"error_msg":{"type":"string"},"data":{"type":"object"}}}}}}}},"post":{"tags":["Configuration"],"description":"Set wireless WPS configuration\n","requestBody":{"content":{"application/json":{"schema":{"type":"object","properties":{"wps_enable":{"type":"integer","enum":[0,1]}}}}}},"responses":{"200":{"description":"item configured","content":{"application/json":{"schema":{"type":"object","properties":{"error_code":{"type":"integer","default":0},"error_msg":{"type":"string"},"data":{"type":"object"}}}}}}}}},"/ap/config/wireless/radius":{"get":{"tags":["Configuration"],"description":"Get wireless RADIUS configuration\n","parameters":[{"name":"radio","in":"query","description":"Radio index (2g|5g|6g)","required":true,"style":"form","explode":true,"schema":{"type":"string","enum":["2g","5g","6g"]}}],"responses":{"200":{"description":"RADIUS configuration","content":{"application/json":{"schema":{"type":"object","properties":{"error_code":{"type":"integer","default":0},"error_msg":{"type":"string"},"data":{"$ref":"#/components/schemas/WirelessRadiusConfig"}}}}}}}},"post":{"tags":["Configuration"],"description":"Set wireless RADIUS configuration\n","parameters":[{"name":"radio","in":"query","description":"Radio index (2g|5g|6g)","required":true,"style":"form","explode":true,"schema":{"type":"string","enum":["2g","5g","6g"]}}],"requestBody":{"content":{"application/json":{"schema":{"$ref":"#/components/schemas/WirelessRadiusConfig"}}}},"responses":{"200":{"description":"item configured","content":{"application/json":{"schema":{"type":"object","properties":{"error_code":{"type":"integer","default":0},"error_msg":{"type":"string"},"data":{"type":"object"}}}}}}}}},"/ap/config/wireless/radius/internal":{"get":{"tags":["Configuration"],"description":"Get Internal RADIUS server configuration\n","responses":{"200":{"description":"Internal RADIUS configuration","content":{"application/json":{"schema":{"type":"object","properties":{"error_code":{"type":"integer","default":0},"error_msg":{"type":"string"},"data":{"$ref":"#/components/schemas/WirelessRadiusConfig_internal"}}}}}}}},"put":{"tags":["Configuration"],"description":"Upload Internal RADIUS server EAP certificate file\n","parameters":[{"name":"ca_key","in":"query","description":"CA file Key","required":true,"style":"form","explode":true,"schema":{"type":"string"}}],"requestBody":{"content":{"application/octet-stream":{"schema":{"type":"string","format":"binary"}}}},"responses":{"200":{"description":"restore settings take effects"}}},"post":{"tags":["Configuration"],"description":"Set Internal RADIUS server configuration\n","requestBody":{"content":{"application/json":{"schema":{"$ref":"#/components/schemas/WirelessRadiusConfig_internal"}}}},"responses":{"200":{"description":"item configured","content":{"application/json":{"schema":{"type":"object","properties":{"error_code":{"type":"integer","default":0},"error_msg":{"type":"string"},"data":{"type":"object"}}}}}}}}},"/ap/config/wireless/macFilter":{"get":{"tags":["Configuration"],"description":"Get wireless MAC filter configuration\n","responses":{"200":{"description":"MAC filter configuration","content":{"application/json":{"schema":{"type":"object","properties":{"error_code":{"type":"integer","default":0},"error_msg":{"type":"string"},"data":{"$ref":"#/components/schemas/WirelessACLConfig"}}}}}}}},"post":{"tags":["Configuration"],"description":"Set wireless MAC filter configuration\n","requestBody":{"content":{"application/json":{"schema":{"$ref":"#/components/schemas/WirelessACLConfig"}}}},"responses":{"200":{"description":"item configured","content":{"application/json":{"schema":{"type":"object","properties":{"error_code":{"type":"integer","default":0},"error_msg":{"type":"string"},"data":{"type":"object"}}}}}}}}},"/ap/config/wireless/wmm":{"get":{"tags":["Configuration"],"description":"Get wireless WMM configuration\n","responses":{"200":{"description":"WMM configuration","content":{"application/json":{"schema":{"type":"object","properties":{"error_code":{"type":"integer","default":0},"error_msg":{"type":"string"},"data":{"$ref":"#/components/schemas/WirelessWMMConfig"}}}}}}}},"post":{"tags":["Configuration"],"description":"Set wireless WMM configuration\n","requestBody":{"content":{"application/json":{"schema":{"$ref":"#/components/schemas/WirelessWMMConfig"}}}},"responses":{"200":{"description":"item configured","content":{"application/json":{"schema":{"type":"object","properties":{"error_code":{"type":"integer","default":0},"error_msg":{"type":"string"},"data":{"type":"object"}}}}}}}}},"/ap/config/wireless/schedule":{"get":{"tags":["Configuration"],"description":"Get wireless Schedule configuration\n","responses":{"200":{"description":"Schedule configuration","content":{"application/json":{"schema":{"type":"object","properties":{"error_code":{"type":"integer","default":0},"error_msg":{"type":"string"},"data":{"$ref":"#/components/schemas/WirelessScheduleConfig"}}}}}}}},"post":{"tags":["Configuration"],"description":"Set wireless Schedule configuration\n","requestBody":{"content":{"application/json":{"schema":{"$ref":"#/components/schemas/WirelessScheduleConfig"}}}},"responses":{"200":{"description":"item configured","content":{"application/json":{"schema":{"type":"object","properties":{"error_code":{"type":"integer","default":0},"error_msg":{"type":"string"},"data":{"type":"object"}}}}}}}}},"/ap/config/wireless/trafficshaping":{"get":{"tags":["Configuration"],"description":"Get wireless Traffic Shaping configuration\n","parameters":[{"name":"radio","in":"query","description":"Radio index (2g|5g)","required":true,"style":"form","explode":true,"schema":{"type":"string","enum":["2g","5g"]}}],"responses":{"200":{"description":"Traffic Shaping configuration","content":{"application/json":{"schema":{"type":"object","properties":{"error_code":{"type":"integer","default":0},"error_msg":{"type":"string"},"data":{"$ref":"#/components/schemas/WirelessTrafficShapingConfig"}}}}}}}},"post":{"tags":["Configuration"],"description":"Set wireless Traffic Shaping configuration\n","parameters":[{"name":"radio","in":"query","description":"Radio index (2g|5g|6g)","required":true,"style":"form","explode":true,"schema":{"type":"string","enum":["2g","5g","6g"]}}],"requestBody":{"content":{"application/json":{"schema":{"$ref":"#/components/schemas/WirelessTrafficShapingConfig"}}}},"responses":{"200":{"description":"item configured","content":{"application/json":{"schema":{"type":"object","properties":{"error_code":{"type":"integer","default":0},"error_msg":{"type":"string"},"data":{"type":"object"}}}}}}}}},"/ap/config/wireless/bandSteering":{"get":{"tags":["Configuration"],"description":"Get wireless BandSteering configuration\n","responses":{"200":{"description":"BandSteering configuration","content":{"application/json":{"schema":{"type":"object","properties":{"error_code":{"type":"integer","default":0},"error_msg":{"type":"string"},"data":{"$ref":"#/components/schemas/WirelessBandsteeringConfig"}}}}}}}},"post":{"tags":["Configuration"],"description":"Set wireless WDS configuration\n","requestBody":{"content":{"application/json":{"schema":{"$ref":"#/components/schemas/WirelessBandsteeringConfig"}}}},"responses":{"200":{"description":"item configured","content":{"application/json":{"schema":{"type":"object","properties":{"error_code":{"type":"integer","default":0},"error_msg":{"type":"string"},"data":{"type":"object"}}}}}}}}},"/ap/config/system/dateTime":{"get":{"tags":["Configuration"],"description":"Get System Date and Time configuration\n","responses":{"200":{"description":"System Date and Time configuration","content":{"application/json":{"schema":{"type":"object","properties":{"error_code":{"type":"integer","default":0},"error_msg":{"type":"string"},"data":{"$ref":"#/components/schemas/SystemDateTimeConfig"}}}}}}}},"post":{"tags":["Configuration"],"description":"Set System Date and Time configuration\n","requestBody":{"content":{"application/json":{"schema":{"$ref":"#/components/schemas/SystemDateTimeConfig"}}}},"responses":{"200":{"description":"item configured","content":{"application/json":{"schema":{"type":"object","properties":{"error_code":{"type":"integer","default":0},"error_msg":{"type":"string"},"data":{"type":"object"}}}}}}}}},"/ap/config/system/administration":{"get":{"tags":["Configuration"],"description":"Get System Administration configuration\n","responses":{"200":{"description":"System Administration configuration","content":{"application/json":{"schema":{"type":"object","properties":{"error_code":{"type":"integer","default":0},"error_msg":{"type":"string"},"data":{"$ref":"#/components/schemas/SystemAdministrationConfig"}}}}}}}},"post":{"tags":["Configuration"],"description":"Set System Administration configuration\n","requestBody":{"content":{"application/json":{"schema":{"$ref":"#/components/schemas/SystemAdministrationConfig"}}}},"responses":{"200":{"description":"item configured","content":{"application/json":{"schema":{"type":"object","properties":{"error_code":{"type":"integer","default":0},"error_msg":{"type":"string"},"data":{"type":"object"}}}}}}}}},"/ap/config/system/logServer":{"get":{"tags":["Configuration"],"description":"Get System log server configuration\n","responses":{"200":{"description":"System log server configuration","content":{"application/json":{"schema":{"type":"object","properties":{"error_code":{"type":"integer","default":0},"error_msg":{"type":"string"},"data":{"$ref":"#/components/schemas/SystemLogServerConfig"}}}}}}}},"post":{"tags":["Configuration"],"description":"Set System log server configuration\n","requestBody":{"content":{"application/json":{"schema":{"$ref":"#/components/schemas/SystemLogServerConfig"}}}},"responses":{"200":{"description":"item configured","content":{"application/json":{"schema":{"type":"object","properties":{"error_code":{"type":"integer","default":0},"error_msg":{"type":"string"},"data":{"type":"object"}}}}}}}}},"/ap/config/system/schedulereboot":{"get":{"tags":["Configuration"],"description":"Get Schedule reboot configuration\n","responses":{"200":{"description":"Schedule reboot  configuration","content":{"application/json":{"schema":{"type":"object","properties":{"error_code":{"type":"integer","default":0},"error_msg":{"type":"string"},"data":{"$ref":"#/components/schemas/SystemScheduleRebootConfig"}}}}}}}},"post":{"tags":["Configuration"],"description":"Set Schedule reboot  configuration\n","requestBody":{"content":{"application/json":{"schema":{"$ref":"#/components/schemas/SystemScheduleRebootConfig"}}}},"responses":{"200":{"description":"item configured","content":{"application/json":{"schema":{"type":"object","properties":{"error_code":{"type":"integer","default":0},"error_msg":{"type":"string"},"data":{"type":"object"}}}}}}}}},"/ap/config/system/led":{"get":{"tags":["Configuration"],"description":"Get LED configuration\n","responses":{"200":{"description":"LED configuration","content":{"application/json":{"schema":{"type":"object","properties":{"error_code":{"type":"integer","default":0},"error_msg":{"type":"string"},"data":{"$ref":"#/components/schemas/SystemLEDConfig"}}}}}}}},"post":{"tags":["Configuration"],"description":"Set LED configuration\n","requestBody":{"content":{"application/json":{"schema":{"$ref":"#/components/schemas/SystemLEDConfig"}}}},"responses":{"200":{"description":"item configured","content":{"application/json":{"schema":{"type":"object","properties":{"error_code":{"type":"integer","default":0},"error_msg":{"type":"string"},"data":{"type":"object"}}}}}}}}},"/ap/systemctl/sysReload":{"put":{"tags":["System Control"],"responses":{"200":{"description":"reload action take effects"}}}},"/ap/systemctl/sysReboot":{"put":{"tags":["System Control"],"responses":{"200":{"description":"reboot action take effects"}}}},"/ap/systemctl/sysResetDefault":{"put":{"tags":["System Control"],"responses":{"200":{"description":"reset to default action take effects"}}}},"/ap/systemctl/sysBackup":{"get":{"tags":["System Control"],"parameters":[{"name":"enc_key","in":"query","description":"Encrypt Key","required":true,"style":"form","explode":true,"schema":{"type":"string"}}],"responses":{"200":{"description":"backup settings","content":{"application/octet-stream":{"schema":{"type":"string","format":"binary"}}}}}}},"/ap/systemctl/sysRestore":{"put":{"tags":["System Control"],"parameters":[{"name":"enc_key","in":"query","description":"Encrypt Key","required":true,"style":"form","explode":true,"schema":{"type":"string"}}],"requestBody":{"content":{"application/octet-stream":{"schema":{"type":"string","format":"binary"}}}},"responses":{"200":{"description":"restore settings take effects"}}}},"/ap/systemctl/sysFwUpgrade":{"put":{"tags":["System Control"],"requestBody":{"content":{"application/octet-stream":{"schema":{"type":"string","format":"binary"}}}},"responses":{"200":{"description":"firmware upgrade start"}}}}},"components":{"schemas":{"SystemBasicInfo":{"type":"object","properties":{"model_name":{"type":"string","default":"Neo-Alpha"},"product_name":{"type":"string","default":"AP001122334455"},"uptime":{"type":"string","default":"2012/01/01 00:00:01"},"firmware_version":{"type":"string","default":"0.0.1"},"mac_address":{"type":"string","default":"00:11:22:33:44:55"},"management_vlan_id":{"type":"integer","default":1},"ip_address":{"type":"string","default":"192.168.2.2"},"default_gateway":{"type":"string","default":"0.0.0.0"},"dns_server":{"type":"string","default":"0.0.0.0"},"dhcp_server":{"type":"string","default":"0.0.0.0"},"ipv6_address":{"type":"string","default":""},"ipv6_link_local_address":{"type":"string","default":"fe80::211:22ff:fe33:4455/64"}}},"SystemLogInfo":{"type":"object","properties":{"total_size":{"type":"integer","description":"Total number of line of System Log"},"log_list":{"type":"array","items":{"$ref":"#/components/schemas/SystemLogInfo_inner"}}}},"LanportInfo":{"type":"object","properties":{"lan_ports":{"type":"array","items":{"$ref":"#/components/schemas/LanportInfo_inner"}}}},"DHCPClientList":{"type":"object","properties":{"total_size":{"type":"integer"},"dhcp_client_list":{"type":"array","items":{"$ref":"#/components/schemas/DHCPClient"}}}},"DHCPClient":{"type":"object","properties":{"ip_address":{"type":"string"},"mac_address":{"type":"string"},"name":{"type":"string"},"expiretime":{"type":"string"}}},"WirelessBasicInfo":{"type":"object","properties":{"radio_name":{"type":"string","example":"Wireless 2.4G"},"status":{"type":"string","enum":["disabled","enabled"]},"mac_address":{"type":"string","description":"MAC Address","example":"00:AA:BB:CC:DD:FF"},"channel":{"type":"string","description":"Current channle information","example":"CH 6 (Auto)"},"tx_power":{"type":"string","description":"Transmit Power","example":"100%"},"rssi":{"type":"string","example":"-94"}}},"WirelessSSIDInfo":{"type":"object","properties":{"ssidname":{"type":"string","example":"ssid 0"},"authentication_mode":{"type":"string","example":"No Authentication"},"encryption_type":{"type":"string","example":"No Encryption"},"vlan_id":{"maximum":4096,"minimum":1,"type":"integer","default":1},"additional_auth":{"type":"string","example":"No additional authentication"},"client_isolation":{"type":"string","enum":["Disabled","Enabled"]}}},"WirelessWDSInfos":{"type":"object","properties":{"wds_enable_num":{"type":"integer","description":"Number of WDS setting enabled","enum":[0,1,2,3,4]},"wds_info":{"type":"array","description":"array length depend on `wds_enable_num`","items":{"$ref":"#/components/schemas/WirelessWDSInfo"}}}},"WirelessWDSInfo":{"type":"object","properties":{"mac_address":{"type":"string","example":"00:AA:BB:CC:DD:10"},"encrypt_type":{"type":"integer","description":"- 0: no \n- 1: AES\n","default":0,"enum":[0,1]},"vlan_mode":{"type":"integer","description":"- 0: untagged port\n- 1: tagged port\n","default":0,"enum":[0,1]},"vlan_id":{"maximum":4096,"minimum":1,"type":"integer","default":1}}},"WirelessClientsInfo":{"type":"object","properties":{"total_size":{"type":"integer"},"client_list":{"type":"array","items":{"$ref":"#/components/schemas/WirelessClientsInfo_inner"}}}},"WirelessMonitorInfo_inner":{"type":"object","properties":{"ssid_name":{"type":"string"},"mode":{"type":"string","description":"Wireless mode. Ex: b/g/n"},"mac_address":{"type":"string"},"channel":{"type":"integer"},"security":{"type":"string"},"vendor":{"type":"string"},"rssi":{"type":"integer","description":"unit: dbm"}}},"WirelessMonitorInfo":{"type":"object","properties":{"total_size":{"type":"integer"},"sitesurvey_list":{"type":"array","items":{"$ref":"#/components/schemas/WirelessMonitorInfo_inner"}}}},"NetworkIPv4Config":{"type":"object","properties":{"ipv4_type":{"type":"integer","description":"- 0: Static IP\n- 1: DHCP Client\n","enum":[0,1]},"ipv4_address":{"type":"string","default":"192.168.2.2"},"ipv4_subnet_mask":{"type":"string","default":"255.255.255.0"},"ipv4_default_gateway":{"type":"string","default":""},"ipv4_dns_primary":{"type":"string","default":""},"ipv4_dns_secondary":{"type":"string","default":""},"dhcp_enabled":{"type":"integer","description":"Enable DHCP server","enum":[0,1]},"dhcp_start_addr":{"type":"string","default":"192.168.2.120"},"dhcp_end_addr":{"type":"string","default":"192.168.2.140"},"dhcp_domain_name":{"type":"string","default":"setup.sophos.com"},"dhcp_lease_time":{"type":"integer","description":"- 0: Half Hour\n- 1: One Hour\n- 2: Two Hours\n- 3: Half Day\n- 4: One Day\n- 5: Two Days\n- 6: One Week\n- 7: Two Weeks\n- 8: Forever\n","enum":[0,1,2,3,4,5,6,7,8]},"dhcp_dns_primary":{"type":"string","default":"0.0.0.0"},"dhcp_dns_secondary":{"type":"string","default":"0.0.0.0"}}},"NetworkIPv6Config":{"type":"object","properties":{"ipv6_enabled":{"type":"integer","enum":[0,1]},"ipv6_type":{"type":"integer","description":"- 1: Static\n- 7: Auto\n","enum":[1,7]},"ipv6_address":{"type":"string","default":""},"ipv6_prefix_len":{"type":"integer"},"ipv6_gateway":{"type":"string","default":""}}},"NetworkLanportConfig":{"type":"array","items":{"type":"object","properties":{"index":{"type":"integer","description":"Denote i-th Wired LAN port"},"duplex":{"type":"integer","description":"- 0: Auto\n- 1: 10 Mbps Half-Duplex\n- 2: 10 Mbps Full-Duplex\n- 3: 100 Mbps Half-Duplex\n- 4: 100 Mbps Full-Duplex\n- 5: 1000 Mbps Full-Duplex\n","enum":[0,1,2,3,4,5]},"flow_control":{"type":"integer","description":"0: disabled, 1: enabled","enum":[0,1]},"az_enabled":{"type":"integer","description":"0: disabled, 1: enabled","enum":[0,1]}}}},"NetworkAdvanceConfig":{"type":"object","properties":{"igmp_snooping":{"type":"integer","description":"0: disabled, 1: enabled","default":0,"enum":[0,1]},"stp_management":{"type":"integer","description":"0: disabled, 1: enabled","default":1,"enum":[0,1]}}},"NetworkVlanConfig":{"type":"object","properties":{"management_vlan":{"maximum":4095,"minimum":1,"type":"integer","default":1},"lan_vlans":{"type":"array","items":{"$ref":"#/components/schemas/NetworkVlanConfig_vlan_settings_lan_vlans"}},"wireless_vlans":{"type":"array","items":{"$ref":"#/components/schemas/NetworkVlanConfig_vlan_settings_wireless_vlans"}},"wds_vlans":{"type":"array","items":{"type":"object","properties":{"radio_index":{"type":"integer","description":"- 0: 2g\n- 1: 5g\n- 2: 6g\n","default":0},"wds_vlan_mode":{"type":"integer","description":"- 0: untagged mode\n- 1: tagged mode\n","default":0},"wds_vlan_id":{"maximum":4095,"minimum":1,"type":"integer","default":1}}}}}},"WirelessBasicConfig":{"required":["enabled_ssidNum","radio_enable","ssidNames"],"type":"object","properties":{"radio_enable":{"type":"integer","description":"0: disabled, 1: enabled","default":1,"enum":[0,1]},"radio_band":{"type":"integer","description":"- 2.4G:\n  18:  '11b'\n  34:  '11g'\n  50:  '11b/g'\n  98:  '11g/n'\n  114: '11b/g/n'\n  370: '11b/g/n/ax'\n- 5G:\n  12:  '11a'\n  76:  '11a/n'\n  204: '11a/n/ac'\n  460: '11a/n/ac/ax'\n","enum":[18,34,50,98,114,370,12,76,204,460]},"enabled_ssidNum":{"type":"integer","description":"number of enabled SSID","enum":[1,2,3,4,5,6,7,8,9,10,11,12,13,14,15,16]},"ssidNames":{"type":"array","items":{"$ref":"#/components/schemas/SSIDName"}},"autochannel_enabled":{"type":"integer","description":"0: disabled, 1: enabled","enum":[0,1]},"autochannel_range":{"type":"integer","description":"- 2.4G:\n    0: Ch 1 - 11\n    8: Ch 1/6/11\n- 5G:\n    2: Band 1\n    3: Band 1, 2\n    4: Band 1, 2, 3\n    5: Band 4\n    6: Band 1, 4\n    7: Band 1, 2, 3, 4\n","enum":[0,8,2,3,4,5,6,7]},"autochannel_interval":{"type":"integer","description":"- 0: Half hour\n- 1: One hour\n- 2: Two hours\n- 3: Half day\n- 4: One day\n- 5: Two days\n","enum":[0,1,2,3,4,5]},"autochannel_force_enabled":{"type":"integer","description":"0: disabled, 1: enabled","enum":[0,1]},"channel":{"type":"integer","description":"- 2.4G: [CH 1, CH 2, CH 3, CH 4, CH 5, CH 6, CH 7, CH 8, CH 9, CH 10, CH 11]\n- 5G:   [CH 36, CH 40, CH 44, CH 48, CH 52, CH 56, CH 60, CH 64, CH 100, CH 104, CH 108, CH 112, CH 116, CH 132, CH 136, CH 140, CH 149, CH 153, CH 157, CH 161, CH 165]\n","enum":[1,2,3,4,5,6,7,8,9,10,11,36,40,44,48,52,56,60,64,100,104,108,112,116,132,136,140,149,153,157,161,165]},"channel_bandwidth":{"type":"integer","description":"- 2.4G: \n    0: '20MHz'\n    1: 'Auto'\n    2: '40 MHz'\n    3: 'Auto, +Ch 7'\n    5: '40 MHz, +Ch 7'\n- 5G:\n    0: '20MHz'\n    2: 'Auto 40/20 MHz'\n    6: '40 MHz, +Ch 40'\n    7: 'Auto 80/40/20 MHz'\n    8: 'Auto 160/80/40/20 MHz'\n","oneOf":[{"type":"integer","enum":[0,1,2,3,5]},{"type":"integer","enum":[0,2,6,7,8]}]},"bss_basicrateset":{"type":"integer","description":"- 2.4G:\n   3:    '1,2 Mbps'\n   15:   '1,2,5.5,11 Mbps'\n   351:  '1,2,5.5,6,11,12,24 Mbps'\n   4095: 'all'\n- 5G:\n   336:  '6,12,24 Mbps'\n   4080: 'all'\n","oneOf":[{"type":"integer","enum":[3,15,351,4095]},{"type":"integer","enum":[336,4080]}]}}},"SSIDName":{"required":["index","ssidname"],"type":"object","properties":{"index":{"type":"integer","description":"Denote i-th (0~15) SSID element","enum":[0,1,2,3,4,5,6,7,8,9,10,11,12,13,14,15]},"ssidname":{"type":"string","example":"ssidname 0"},"vlan_id":{"maximum":4096,"minimum":1,"type":"integer","default":1}}},"SSIDSecurityConfig":{"type":"object","properties":{"ssid_index":{"type":"integer","description":"Denote i-th (0~15) SSID element","enum":[0,1,2,3,4,5,6,7,8,9,10,11,12,13,14,15]},"broadcast_ssid":{"type":"integer","description":"0: disabled, 1: enabled","enum":[0,1]},"client_isolation":{"type":"integer","description":"- 0: disable\n- 1: station separator\n- 2: ssid separator\n","enum":[0,1,2]},"ieee80211k":{"type":"integer","description":"0: disabled, 1: enabled","enum":[0,1]},"ieee80211w":{"type":"integer","description":"0: disabled, 1: enabled","enum":[0,1]},"load_balance":{"maximum":1E+2,"minimum":1,"type":"integer","default":100},"auth_method":{"type":"integer","description":"- 0: None\n- 1: WEP\n- 2: WPA-Personal\n- 3: WPA-EAP\n- 4: IEEE802.1x/EAP\n- 5: OWE\n","enum":[0,1,2,3,4,5]},"auth_detail":{"type":"object","description":"- WPA-Personal:   '#/components/schemas/AuthMethod_wpa'\n- WEP:            '#/components/schemas/AuthMethod_wep'\n- IEEE802.1x/EAP: '#/components/schemas/AuthMethod_ieee_eap'\n- WPA-EAP:        '#/components/schemas/AuthMethod_wpa_eap'\n","oneOf":[{"$ref":"#/components/schemas/AuthMethod_wpa"},{"$ref":"#/components/schemas/AuthMethod_wep"},{"$ref":"#/components/schemas/AuthMethod_ieee_eap"},{"$ref":"#/components/schemas/AuthMethod_wpa_eap"}]},"additional_auth":{"type":"integer","description":"- 0: None\n- 1: MAC filter\n- 2: MAC filter & MAC RADIUS\n- 3: MAC RADIUS\n","enum":[0,1,2,3]},"mac_radius_auth":{"type":"integer","enum":[0,1]},"mac_radius_password":{"type":"string"}}},"AuthMethod_wep":{"type":"object","properties":{"key_length":{"type":"integer","enum":[64,128]},"key_type":{"type":"integer","description":"- 0: Hex (10 Charactors)\n- 1: ASCII (5 Charactors)\n","enum":[0,1]},"default_key_index":{"type":"integer","description":"key_1 ~ key_4","enum":[1,2,3,4]},"key_1":{"type":"string"},"key_2":{"type":"string"},"key_3":{"type":"string"},"key_4":{"type":"string"}}},"AuthMethod_ieee_eap":{"type":"object","properties":{"wep_radius_length":{"type":"integer","description":"key length","enum":[64,128]}}},"AuthMethod_wpa":{"type":"object","properties":{"ieee80211r":{"type":"integer","description":"0: disabled, 1: enabled","enum":[0,1]},"wpa_type":{"type":"integer","description":"- 11: 'WPA2/WPA3 Mixed Mode-PSK'\n- 10: 'WPA3 Only'\n- 8: 'WPA/WPA2 Mixed Mode-PSK'\n- 5: 'WPA2 Only'\n- 3: 'WPA Only'\n","enum":[11,10,8,5,3]},"encrypt_type":{"type":"integer","description":"- 4: 'TKIP/AES Mixed Mode'\n- 2: 'TKIP'\n- 3: 'AES'\n","enum":[4,2,3]},"wpa_rekey_time":{"type":"integer","default":60},"psk_type":{"type":"integer","description":"- 0: Passphrase\n- 1: Hex (64 characters)\n","enum":[0,1]},"psk_value":{"type":"string"}}},"AuthMethod_wpa_eap":{"type":"object","properties":{"ieee80211r":{"type":"integer","enum":[0,1]},"wpa_type":{"type":"integer","description":"- 10: 'WPA3-EAP'\n- 8: 'WPA/WPA2 Mixed Mode-EAP'\n- 5: 'WPA2-EAP'\n- 3: 'WPA-EAP'\n","enum":[10,8,5,3]},"encrypt_type":{"type":"integer","description":"- 4: 'TKIP/AES Mixed Mode'\n- 2: 'TKIP'\n- 3: 'AES'\n","enum":[4,2,3]},"wpa_rekey_time":{"type":"integer","default":60}}},"WirelessAdvanceConfig":{"type":"object","properties":{"contention_slot":{"type":"integer","description":"1: Short, 2: Long","enum":[1,2]},"preamble_type":{"type":"integer","description":"1: Short, 2: Long","enum":[1,2]},"guard_interval":{"type":"integer","description":"0: Long GI, 1: Short GI","enum":[0,1]},"ieee80211g_protection":{"type":"integer","description":"0: disabled, 1: enabled","enum":[0,1]},"ieee80211n_protection":{"type":"integer","description":"0: disabled, 1: enabled","enum":[0,1]},"dtim_preiod":{"maximum":255,"minimum":1,"type":"integer","default":1},"rts_threshold":{"maximum":2347,"minimum":1,"type":"integer","default":2347},"fragment_threshold":{"maximum":2346,"minimum":256,"type":"integer","default":2346},"multicast_rate":{"type":"integer","description":"- 2.4G: [0,1,2,5,11,6,9,12,18,24,36,48,54]\n- 5G: [0,6,9,12,18,24,36,48,54]\n","enum":[0,1,2,5,11,6,9,12,18,24,36,48,54]},"tx_power":{"type":"integer","enum":[100,90,75,50,25,10]},"beacon_interval":{"maximum":1E+3,"minimum":4E+1,"type":"integer","description":"unit: micro second (us)","default":100},"sta_idle_timeout":{"maximum":65535,"minimum":3E+1,"type":"integer","description":"unit: second (s)","default":60},"beamforming":{"type":"integer","description":"0: disabled, 1: enabled","enum":[0,1]},"mu_mimo":{"type":"integer","description":"0: disabled, 1: enabled","enum":[0,1]},"airtime_fairness":{"type":"integer","description":"- 0: Auto\n- 1: Static\n- 2: Disabled\n","enum":[0,1,2]},"airtime_shared_rate":{"maxItems":10,"minItems":1,"type":"array","items":{"maximum":1E+2,"type":"integer"}}}},"WirelessWDSConfig":{"type":"object","properties":{"wds_mode":{"type":"integer","description":"- 0: disabled\n- 3: Dedicated WDS\n- 4: WDS with AP\n","enum":[0,3,4]},"wds_local_mac":{"type":"string"},"wds_peer_1":{"type":"string"},"wds_peer_2":{"type":"string"},"wds_peer_3":{"type":"string"},"wds_peer_4":{"type":"string"},"wds_vlan_mode":{"type":"integer","description":"- 0: untagged port\n- 1: tagged port\n","enum":[0,1]},"wds_vlan_id":{"maximum":4095,"minimum":1,"type":"integer","default":1},"wds_encrypt_type":{"type":"integer","description":"- 0: None\n- 3: AES\n","enum":[0,3]},"wds_psk_value":{"type":"string"}}},"WirelessWPSConfig":{"type":"object","properties":{"wps_enable":{"type":"integer","enum":[0,1]},"wps_status":{"type":"integer","description":"0: Not configured, 1: configured"},"wps_self_pincode":{"type":"string","description":"Self PIN code"}}},"WirelessACLConfig":{"type":"object","properties":{"acl_enabled":{"type":"integer","enum":[0,1]},"acl_mode":{"type":"integer","description":"- 1: Whitelist\n- 2: Blacklist\n","enum":[1,2]},"acl_mac_tables":{"type":"array","description":"MAC address table to be filtered","items":{"maxItems":256,"type":"string"}}}},"WirelessRadiusConfig":{"type":"object","properties":{"primary":{"$ref":"#/components/schemas/WirelessRadiusConfig_primary"},"secondary":{"$ref":"#/components/schemas/WirelessRadiusConfig_primary"}}},"WirelessWMMConfig":{"type":"object","properties":{"ap_cwmin_back_ground":{"type":"integer","default":4},"ap_cwmin_best_effort":{"type":"integer","default":4},"ap_cwmin_video":{"type":"integer","default":3},"ap_cwmin_voice":{"type":"integer","default":2},"ap_cwmax_back_ground":{"type":"integer","default":10},"ap_cwmax_best_effort":{"type":"integer","default":6},"ap_cwmax_video":{"type":"integer","default":4},"ap_cwmax_voice":{"type":"integer","default":3},"ap_aifsn_back_ground":{"type":"integer","default":7},"ap_aifsn_best_effort":{"type":"integer","default":3},"ap_aifsn_video":{"type":"integer","default":1},"ap_aifsn_voice":{"type":"integer","default":1},"ap_txop_back_ground":{"type":"integer","default":0},"ap_txop_best_effort":{"type":"integer","default":0},"ap_txop_video":{"type":"integer","default":94},"ap_txop_voice":{"type":"integer","default":47},"sta_cwmin_back_ground":{"type":"integer","default":4},"sta_cwmin_best_effort":{"type":"integer","default":4},"sta_cwmin_video":{"type":"integer","default":3},"sta_cwmin_voice":{"type":"integer","default":2},"sta_cwmax_back_ground":{"type":"integer","default":10},"sta_cwmax_best_effort":{"type":"integer","default":10},"sta_cwmax_video":{"type":"integer","default":4},"sta_cwmax_voice":{"type":"integer","default":3},"sta_aifsn_back_ground":{"type":"integer","default":7},"sta_aifsn_best_effort":{"type":"integer","default":3},"sta_aifsn_video":{"type":"integer","default":2},"sta_aifsn_voice":{"type":"integer","default":2},"sta_txop_back_ground":{"type":"integer","default":0},"sta_txop_best_effort":{"type":"integer","default":0},"sta_txop_video":{"type":"integer","default":94},"sta_txop_voice":{"type":"integer","default":47}}},"WirelessScheduleConfig":{"type":"object","properties":{"schedule_enable":{"type":"integer","enum":[0,1]},"schedule_list":{"type":"array","items":{"type":"object","properties":{"ssid_list":{"type":"array","description":"SSID list to be enabled","items":{"type":"object","properties":{"radio_index":{"type":"integer","description":"- 0: 2g\n- 1: 5g\n- 2: 6g\n","enum":[0,1,2]},"ssid_index":{"type":"integer","description":"0 ~ N, where N means maximum available SSID number"}}}},"weekday":{"maxItems":7,"minItems":7,"type":"array","items":{"type":"integer","description":"- 'Array index[0]: Enable Sun.'\n- 'Array index[1]: Enable Mon.'\n- 'Array index[2]: Enable Tue.'\n- 'Array index[3]: Enable Wed.'\n- 'Array index[4]: Enable Thu.'\n- 'Array index[5]: Enable Fri.'\n- 'Array index[6]: Enable Sat.'\n","enum":[0,1]}},"start_hour":{"maximum":23,"minimum":0,"type":"integer","default":0},"start_minute":{"maximum":59,"minimum":0,"type":"integer","default":0},"end_hour":{"maximum":23,"minimum":0,"type":"integer","default":0},"end_minute":{"maximum":59,"minimum":0,"type":"integer","default":0}}}}}},"WirelessTrafficShapingConfig":{"type":"object","properties":{"ts_enable":{"type":"integer","enum":[0,1]},"ts_list":{"maxItems":8,"minItems":8,"type":"array","description":"Array length equal to maximum available SSID","items":{"type":"object","properties":{"ssid_index":{"type":"integer"},"ssid_name":{"type":"string"},"downlink":{"type":"integer"},"uplink":{"type":"integer"},"ts_client_enable":{"type":"integer","description":"Enable Traffic shaping by client","enum":[0,1]},"ts_client_downlink":{"type":"integer","description":"Downlink of Traffic shaping by client"},"ts_client_uplink":{"type":"integer","description":"Uplink of Traffic shaping by client"}}}}}},"WirelessBandsteeringConfig":{"type":"object","properties":{"bandsteering_type":{"type":"integer","description":"- 0: off\n- 1: 5G first\n- 2: Balanced\n- 3: User Define\n","enum":[0,1,2,3]},"bandsteering_min_rssi":{"type":"integer","description":"- 40: -55dB\n- 35: -60dB\n- 30: -65dB\n- 25: -70dB\n- 20: -75dB\n- 15: -80dB\n- 10: -85dB\n- 5: -90dB\n- 0: -95dB\n","enum":[40,35,30,25,20,15,10,5,0]},"bandsteering_2g_threshold":{"maximum":1E+2,"minimum":0,"type":"integer","default":70},"bandsteering_5g_threshold":{"maximum":1E+2,"minimum":0,"type":"integer","default":70},"bandsteering_6g_threshold":{"maximum":1E+2,"minimum":0,"type":"integer","default":70}}},"SystemDateTimeConfig":{"type":"object","properties":{"local_time_year":{"type":"integer","default":2012},"local_time_month":{"type":"integer","default":1},"local_time_day":{"type":"integer","default":1},"local_time_hour":{"type":"integer","default":0},"local_time_minute":{"type":"integer","default":0},"local_time_second":{"type":"integer","default":1},"time_zone":{"maximum":73,"minimum":0,"type":"integer","default":26},"ntp_enabled":{"type":"integer","enum":[0,1]},"ntp_server_name":{"type":"string","default":""},"ntp_update_interval":{"type":"integer","default":24},"auto_daylight_save":{"type":"integer","enum":[0,1]}}},"SystemAdministrationConfig":{"type":"object","properties":{"account_name":{"type":"string","default":"admin"},"account_security":{"type":"string","default":""},"account_confirm_security":{"type":"string","default":""},"product_name":{"type":"string","default":"AP001122334455"},"https_port":{"type":"integer","default":443},"management_protocols":{"$ref":"#/components/schemas/SystemAdministrationConfig_management_protocols"},"snmp_settings":{"$ref":"#/components/schemas/SystemAdministrationConfig_snmp_settings"}}},"SystemLogServerConfig":{"type":"object","properties":{"server_enabled":{"type":"integer","default":0,"enum":[0,1]},"server_address":{"type":"string","default":""},"server_port":{"type":"integer","default":0},"log_to_usb_enabled":{"type":"integer","default":0,"enum":[0,1]},"smtp_server_enabled":{"type":"integer","default":0,"enum":[0,1]},"smtp_server_address":{"type":"string","default":""},"smtp_server_port":{"type":"integer","default":465},"email_subject":{"type":"string","default":""},"smtp_sender":{"type":"string","default":""},"smtp_receiver":{"type":"string","default":""},"authentication_type":{"type":"integer","description":"- 0: Disabled\n- 1: SSL\n- 2: TLS\n","enum":[0,1,2]},"authentication_username":{"type":"string","default":""},"authentication_security":{"type":"string","default":""}}},"SystemScheduleRebootConfig":{"type":"object","properties":{"schedule_reboot_enable":{"type":"integer","enum":[0,1]},"schedule_reboot_list":{"type":"array","items":{"type":"object","properties":{"weekday":{"maxItems":7,"minItems":7,"type":"array","description":"- 'Array index[0]: Enable Sun.'\n- 'Array index[1]: Enable Mon.'\n- 'Array index[2]: Enable Tue.'\n- 'Array index[3]: Enable Wed.'\n- 'Array index[4]: Enable Thu.'\n- 'Array index[5]: Enable Fri.'\n- 'Array index[6]: Enable Sat.'\n","items":{"type":"integer","enum":[0,1]}},"reboot_hour":{"maximum":23,"minimum":0,"type":"integer"},"reboot_minute":{"maximum":59,"minimum":0,"type":"integer"}}}}}},"SystemLEDConfig":{"type":"object","properties":{"status_led":{"type":"integer","enum":[0,1]},"diagnosis_led":{"type":"integer","enum":[0,1]}}},"SystemLogInfo_inner":{"type":"object","properties":{"index":{"type":"integer"},"date":{"type":"string","format":"date"},"time":{"type":"string","default":"00:00:00"},"category":{"type":"string","description":"- SYSTEM\n- WLAN\n- SNMP\n- DHCPC\n- DHCPD\n- USB\n- RADIUS\n","default":"SYSTEM"},"severity":{"type":"string","description":"- S1\n- S2\n- S3\n"},"user":{"type":"string","description":"log user","default":"admin"},"event_log":{"type":"string"}}},"LanportInfo_inner":{"type":"object","properties":{"lan_name":{"type":"string","default":"LAN1"},"lan_status":{"type":"string","default":"Connected (1000 Mbps Full-Duplex)"},"lan_vlan_status":{"type":"string","default":"Untagged Port / 1"}}},"WirelessClientsInfo_inner":{"type":"object","properties":{"ssid_name":{"type":"string"},"ip_address":{"type":"string"},"mac_address":{"type":"string"},"tx":{"type":"string"},"rx":{"type":"string"},"signale_ratio":{"type":"integer","description":"unit: percentage(%)"},"rssi":{"type":"integer","description":"unit: dbm"},"connected_time":{"type":"string"},"idle_time":{"type":"integer"},"vendor":{"type":"string"}}},"NetworkVlanConfig_vlan_settings_lan_vlans":{"type":"object","properties":{"lan_vlan_mode":{"type":"integer","description":"0: Untagged port, 1: Tagged port","enum":[0,1]},"lan_vlan_id":{"maximum":4095,"minimum":1,"type":"integer","default":1}}},"NetworkVlanConfig_vlan_settings_wireless_vlans":{"type":"object","properties":{"radio_index":{"type":"integer","description":"- 0: 2g\n- 1: 5g\n- 2: 6g\n"},"wireless_vlan_mode":{"type":"integer","description":"- 0: untagged mode\n- 1: tagged mode\n","default":0},"wireless_vlan_ids":{"maxItems":16,"minItems":1,"type":"array","description":"Array length depend on the number of enabled SSID for specific Radio (2g|5g|6g)","items":{"maximum":4095,"minimum":1,"type":"integer","default":1}}}},"WirelessRadiusConfig_primary":{"type":"object","properties":{"radius_type":{"type":"integer","description":"- 0: External RADIUS server\n- 1: Internal RADIUS server\n","default":0,"enum":[0,1]},"radius_server_address":{"type":"string","default":""},"radius_server_port":{"type":"integer","default":1812},"radius_secret":{"type":"string","description":"shared secret","default":""},"radius_session_timeout":{"type":"integer","default":3600},"radius_accounting_enabled":{"type":"integer","description":"0: disabled, 1: enabled","enum":[0,1]},"radius_accounting_port":{"type":"integer","default":1813}}},"WirelessRadiusConfig_internal":{"type":"object","properties":{"internal_enable":{"type":"integer","enum":[0,1]},"internal_shared_key":{"type":"string"},"internal_sesstion_timeout":{"type":"integer","default":3600},"internal_terminate_action":{"type":"integer","description":"- 0: Not-Reauthentication\n- 1: Reauthentication\n- 2: Not-Send\n","enum":[0,1,2]},"internal_user_account":{"type":"array","items":{"type":"object","properties":{"name":{"type":"string"},"password":{"type":"string"}}}}}},"SystemAdministrationConfig_management_protocols":{"type":"object","properties":{"https":{"type":"integer","default":1,"enum":[0,1]},"telnet":{"type":"integer","default":1,"enum":[0,1]},"ssh":{"type":"integer","default":1,"enum":[0,1]},"snmp":{"type":"integer","default":1,"enum":[0,1]}}},"SystemAdministrationConfig_snmp_settings":{"type":"object","properties":{"snmp_version":{"type":"integer","enum":[0,1]},"snmp_get_community":{"type":"string","default":"public"},"snmp_set_community":{"type":"string","default":"private"},"snmp_v3_name":{"type":"string","default":"admin"},"snmp_v3_security":{"type":"string"},"snmp_trap_enabled":{"type":"integer","enum":[0,1]},"snmp_trap_community":{"type":"string","default":"public"},"snmp_trap_manager":{"type":"string","default":""}}}},"parameters":{"radioParam":{"name":"radio","in":"query","description":"Radio index (2g|5g|6g)","required":true,"style":"form","explode":true,"schema":{"type":"string","enum":["2g","5g","6g"]}}}}}