{"openapi":"3.0.0","info":{"title":"API для кинотеатра","description":"Многофункциональный API для кинотеатра \"Искорка\"","version":"1.0.0"},"servers":[{"url":"https://virtserver.swaggerhub.com/Alekseeva-A/API-cinema/1.0.0","description":"SwaggerHub API Auto Mocking"}],"paths":{"/booking/{id_schedule}":{"get":{"summary":"Узнавать наличие мест на сеанс из базы бронирования","parameters":[{"name":"id_schedule","in":"path","required":true,"style":"simple","explode":false,"schema":{"type":"string"}}],"responses":{"200":{"description":"OK","content":{"application/json":{"schema":{"type":"object","properties":{"cnt_record":{"type":"integer"}}}}}}}}},"/booking":{"put":{"summary":"Отменять бронь на сеанс из базы бронирования","requestBody":{"content":{"application/json":{"schema":{"type":"object","properties":{"id":{"type":"integer"},"status":{"type":"integer"}}}}}},"responses":{"200":{"description":"OK","content":{"application/json":{"schema":{"type":"object","properties":{"id":{"type":"integer"},"status":{"type":"integer"}}}}}}}},"post":{"summary":"Бронирует место на сеанс из базы бронирования","requestBody":{"content":{"application/json":{"schema":{"type":"object","properties":{"id":{"type":"integer"},"amount_tickets":{"type":"integer"}}}}}},"responses":{"200":{"description":"OK","content":{"application/json":{"schema":{"type":"object","properties":{"id":{"type":"integer"},"amount_tickets":{"type":"integer"}}}}}}}}},"/schedule":{"put":{"summary":"Изменять время сеанса из расписания","requestBody":{"content":{"application/json":{"schema":{"type":"object","properties":{"schedule.id":{"type":"integer"},"time":{"type":"integer"}}}}}},"responses":{"200":{"description":"OK","content":{"application/json":{"schema":{"type":"object","properties":{"id":{"type":"integer"},"time":{"type":"integer"}}}}}}}}}}}