{"openapi":"3.0.0","info":{"title":"Forshaw ForeSight API","description":"Forshaw ForeSight API","contact":{"email":"zach@forshaw.com"},"version":"1.0.1"},"servers":[{"url":"https://staging.forshaw.com/api/v1","description":"Staging environment"},{"url":"https://virtserver.swaggerhub.com/AlekseiSkrebkov/Forshaw/1.0.1","description":"SwaggerHub API Auto Mocking"}],"security":[{"bearerAuth":[]}],"tags":[{"name":"Inventory and Catalog"},{"name":"Orders"}],"paths":{"/branches":{"get":{"tags":["Inventory and Catalog"],"summary":"Returns list of branches","description":"Branch object is the entity that originates an order. This could be either a warehouse or an individual technician. Orders are aggregated under corresponding Branches.","operationId":"getBranches","parameters":[{"name":"offset","in":"query","description":"The index of the first branch to be returned","required":false,"style":"form","explode":true,"schema":{"type":"string"}},{"name":"limit","in":"query","description":"Number of branches to return. 100 branches by default.","required":false,"style":"form","explode":true,"schema":{"type":"number"}}],"responses":{"200":{"description":"List of branches with branch details","content":{"application/json":{"schema":{"$ref":"#/components/schemas/BranchesWithPagination"}}}}}}},"/branches/{id}/products":{"get":{"tags":["Inventory and Catalog"],"summary":"List of products available for ordering","description":"Returns list of products that can be ordered by this branch","operationId":"getProducts","parameters":[{"name":"id","in":"path","description":"Branch ID","required":true,"style":"simple","explode":false,"schema":{"type":"integer","format":"int64"}},{"name":"offset","in":"query","description":"The index of the first product to be returned","required":false,"style":"form","explode":true,"schema":{"type":"string"}},{"name":"limit","in":"query","description":"Number of products to return. 100 products by default.","required":false,"style":"form","explode":true,"schema":{"type":"number"}}],"responses":{"200":{"description":"products","content":{"application/json":{"schema":{"$ref":"#/components/schemas/ProductsWithPagination"}}}}}}},"/orders":{"get":{"tags":["Orders"],"summary":"Returns submitted orders","description":"API for retrieving orders data with multiple filters available","operationId":"getOrders","parameters":[{"name":"branch_id","in":"query","description":"Filters orders that were originated by this branch_id","required":false,"style":"form","explode":true,"schema":{"type":"string"}},{"name":"external_id","in":"query","description":"Order ID on the API client side","required":false,"style":"form","explode":true,"schema":{"type":"string"}},{"name":"po_number","in":"query","description":"Purchase Order number","required":false,"style":"form","explode":true,"schema":{"type":"string"}},{"name":"placed_after","in":"query","description":"The timestamp to start retrieving orders. Should be used only if placed_before is NOT presented","required":false,"style":"form","explode":true,"schema":{"type":"string"}},{"name":"placed_before","in":"query","description":"The timestamp to retrieving orders before it. Should be used only if placed_after is NOT presented","required":false,"style":"form","explode":true,"schema":{"type":"string"}},{"name":"offset","in":"query","description":"The index of the first order to be returned","required":false,"style":"form","explode":true,"schema":{"type":"string"}},{"name":"limit","in":"query","description":"Number of orders to return. 100 orders by default.","required":false,"style":"form","explode":true,"schema":{"type":"number"}}],"responses":{"200":{"description":"results matching criteria","content":{"application/json":{"schema":{"type":"array","items":{"$ref":"#/components/schemas/OrdersWithPagination"}}}}},"400":{"description":"Bad input parameter"}}},"post":{"tags":["Orders"],"summary":"Submitting a new order","description":"API for submitting a new order to Forshaw ForeSight","operationId":"postOrder","requestBody":{"content":{"application/json":{"schema":{"$ref":"#/components/schemas/NewOrder"}}}},"responses":{"201":{"description":"order created","content":{"application/json":{"schema":{"$ref":"#/components/schemas/Order"}}}},"400":{"description":"invalid input, object invalid"}}}},"/orders/{id}":{"get":{"tags":["Orders"],"summary":"Returns order by ID","description":"Returns data about a particular order with line items","operationId":"getOrder","parameters":[{"name":"id","in":"path","description":"ForeSight Order ID","required":true,"style":"simple","explode":false,"schema":{"type":"integer","format":"int64"}}],"responses":{"200":{"description":"Success","content":{"application/json":{"schema":{"$ref":"#/components/schemas/Order"}}}},"404":{"description":"Order not found"}}}}},"components":{"schemas":{"Branch":{"type":"object","properties":{"id":{"type":"integer","format":"int64"},"name":{"type":"string","example":"Main branch"},"location":{"$ref":"#/components/schemas/Location"}}},"NewOrder":{"type":"object","properties":{"order":{"required":["branch_id"],"type":"object","properties":{"branch_id":{"type":"integer","format":"int64"},"external_id":{"type":"string","description":"Order ID on the API client side"},"line_items":{"type":"array","items":{"$ref":"#/components/schemas/NewLineItem"}},"po_number":{"type":"string","description":"Purchase order number","example":"PO-12345"}}}}},"Order":{"type":"object","properties":{"id":{"type":"integer","format":"int64"},"status":{"type":"string","enum":["submitted"]},"external_id":{"type":"string","description":"Order ID on the API client side"},"branch_id":{"type":"integer","format":"int64"},"fulfillment_order_id":{"type":"string","description":"Order tracking number in Forshaw ForeSight"},"line_items":{"type":"array","items":{"$ref":"#/components/schemas/LineItem"}},"po_number":{"type":"string","description":"Purchase order number","example":"PO-12345"},"submitted_at":{"type":"string","format":"timestamp"},"shippings":{"type":"array","items":{"type":"object","properties":{"status":{"type":"string","example":"Shipped"},"date":{"type":"string","example":"2021-07-02T00:00:00.000+0000"},"agent":{"type":"string","example":"UPS"},"tracking_number":{"type":"string","example":"QZ054YY00312876999"}}}}}},"NewLineItem":{"type":"object","properties":{"product_id":{"type":"integer","format":"int64"},"amount":{"type":"integer"}}},"LineItem":{"type":"object","properties":{"product_id":{"type":"integer","format":"int64"},"amount":{"type":"integer"},"price":{"type":"number","format":"double","example":22.89}}},"Product":{"type":"object","properties":{"id":{"type":"integer","format":"int64","example":12345},"name":{"type":"string","example":"TERMIDOR FOAM - 20 OZ"},"description":{"type":"string","example":"The power of Termidor in a convenient ready-to-use foam and is labeled subterranean termites and ants. ACTIVE INGREDIENT - Fipronil The same great efficacy you have come to expect from Termidor products Works great on ants and termites Ready-to-use formulation, 30:1 expansion ratio; 5 gallons per can Dry foam that distributes the active ingredient throughout wall voids Convenient hose applicator to make it easy to apply in tight spaces Registered in all states except the following that are pending: MD, MI, MN, PR, WI as of 1/22/2013"},"unit":{"type":"string","example":"20 OZ"},"price":{"type":"number","format":"double","example":22.89},"image_url":{"type":"string","format":"uri"}}},"Location":{"type":"object","properties":{"address":{"type":"string"},"address2":{"type":"string"},"city":{"type":"string"},"country_code":{"type":"string"},"country":{"type":"string"},"state":{"type":"string"},"zip":{"type":"string"}}},"BranchesWithPagination":{"type":"object","properties":{"data":{"type":"array","items":{"$ref":"#/components/schemas/Branch"}},"pagination":{"$ref":"#/components/schemas/Pagination"}}},"ProductsWithPagination":{"type":"object","properties":{"data":{"type":"array","items":{"$ref":"#/components/schemas/Product"}},"pagination":{"$ref":"#/components/schemas/Pagination"}}},"OrdersWithPagination":{"type":"object","properties":{"data":{"type":"array","items":{"$ref":"#/components/schemas/Order"}},"pagination":{"$ref":"#/components/schemas/Pagination"}}},"Pagination":{"type":"object","properties":{"offset":{"type":"integer","example":1},"limit":{"type":"integer","example":100},"total":{"type":"integer","example":2000}}}},"securitySchemes":{"bearerAuth":{"type":"http","scheme":"bearer"}}}}