{"openapi":"3.0.0","info":{"title":"CatalogueAPI","description":"CatalogueAPI","version":"CatalogueAPI"},"servers":[{"url":"https://virtserver.swaggerhub.com/Alex-Ph/CatalogueAPI/CatalogueAPI","description":"SwaggerHub API Auto Mocking"}],"paths":{"/artikel/":{"get":{"tags":["Shop"],"summary":"Gebe alle Artikel zurück","description":"Dieser Endpunkt liefert alle Artikel zurück","responses":{"200":{"description":"ok","content":{"application/json":{"schema":{"$ref":"#/components/schemas/Artikel"}}}}}},"post":{"tags":["Shop"],"summary":"Lege einene neuen Artikel an","description":"Ein neuer Artikel wird angelegt","requestBody":{"content":{"application/json":{"schema":{"$ref":"#/components/schemas/Artikel"}}}},"responses":{"201":{"description":"Artikel erstellt","headers":{"Location":{"description":"URI des neuen Artikels","style":"simple","explode":false,"schema":{"type":"string","format":"uri"}}},"content":{"application/json":{"schema":{"$ref":"#/components/schemas/Artikel"}}}}}}}},"components":{"schemas":{"Artikel":{"properties":{"name":{"maxLength":20,"type":"string","description":"Name des Artikels","example":"Kirsche"},"preis":{"minimum":0,"type":"number","description":"Preis eines Artikels","example":0.99}}}}}}