{"openapi":"3.0.0","info":{"title":"MDL 2 Public Integration","description":"Endpoint yang digunakan untuk kebutuhan integrasi ke MDL","version":"1.0.0"},"servers":[{"url":"https://virtserver.swaggerhub.com/AlfanMudhofi/AIM/1.0.0","description":"SwaggerHub API Auto Mocking"}],"security":[{"ApiKeyAuth":[]}],"paths":{"/app-integration":{"get":{"tags":["Data List"],"summary":"Mengambil list data aplikasi yang terintegrasi","parameters":[{"name":"page","in":"query","description":"Halaman yang dipilih (secara default 1)","required":false,"style":"form","explode":true,"schema":{"type":"integer","example":1}},{"name":"page_size","in":"query","description":"Jumlah data pada satu halaman (secara default 10)","required":false,"style":"form","explode":true,"schema":{"type":"integer","example":2}},{"name":"search","in":"query","description":"Pencarian berdasarkan nama aplikasi","required":false,"style":"form","explode":true,"schema":{"type":"string","example":"Budaya"}}],"responses":{"200":{"description":"Berhasil mengambil data aplikasi yang terintegrasi","content":{"application/json":{"schema":{"type":"object","properties":{"status_code":{"type":"string","description":"Kode status dari backend","example":"000"},"message":{"type":"string","description":"Pesan dari Backend","example":"Success get data!"},"data":{"type":"object","properties":{"total_data":{"type":"integer","description":"Jumlah data keseluruhan","example":10},"total_page":{"type":"integer","description":"Jumlah halaman","example":5},"current_page":{"type":"integer","description":"Halaman yang sedang dilihat","example":1},"page_size":{"type":"integer","description":"Jumlah data pada 1 halaman","example":2},"data_list":{"type":"array","example":[{"id":1,"name":"Eventeer","apikey":"klwq4e7rydf","created_at":"2022/03/15 11:53:46"},{"id":2,"name":"Budaya","apikey":"324jfusddsf","created_at":"2022/03/17 13:23:46"}],"items":{"type":"object","properties":{"id":{"type":"string","description":"Kode ID aplikasi"},"name":{"type":"string","description":"Nama aplikasi yang terintegrasi"},"apikey":{"type":"string","description":"Kode akses API"},"created_at":{"type":"string","description":"Tanggal data dibuat"}}}}},"description":"Data hasil proses server"}}}}}},"400":{"description":"Error parameter dari client","content":{"application/json":{"schema":{"$ref":"#/components/schemas/Error100"}}}},"401":{"description":"Tidak memnyertakan token auth","content":{"application/json":{"schema":{"$ref":"#/components/schemas/Error102"}}}},"403":{"description":"Tidak diizinkan mengakses endpoint","content":{"application/json":{"schema":{"$ref":"#/components/schemas/Error103"}}}},"404":{"description":"Data tidak ditemukan","content":{"application/json":{"schema":{"$ref":"#/components/schemas/Error104"}}}},"500":{"description":"Error pada aplikasi middleware","content":{"application/json":{"schema":{"$ref":"#/components/schemas/Error200"}}}}}},"post":{"tags":["Add Data"],"summary":"Menambahkan aplikasi","requestBody":{"content":{"application/json":{"schema":{"required":["name"],"type":"object","properties":{"name":{"type":"string","description":"Nama aplikasi yang akan di integrasikan","example":"Diarium"}}}}}},"responses":{"200":{"description":"Data berhasil dimasukkan","content":{"application/json":{"schema":{"type":"object","properties":{"status_code":{"type":"string","example":"000"},"message":{"type":"string","example":"Post Data Success!"},"data":{"type":"object","properties":{"id":{"type":"integer","description":"Id hasil generate backend","example":3},"name":{"type":"string","description":"Nama aplikasi yang didaftarkan","example":"Diarium"},"api-key":{"type":"string","description":"API key hasil generate backend","example":"bdyq823dbwey"}},"description":"Hasil pengolahan data"}}}}}},"400":{"description":"Error parameter dari client","content":{"application/json":{"schema":{"$ref":"#/components/schemas/Error100"}}}},"401":{"description":"Tidak memnyertakan token auth","content":{"application/json":{"schema":{"$ref":"#/components/schemas/Error102"}}}},"403":{"description":"Tidak diizinkan mengakses endpoint","content":{"application/json":{"schema":{"$ref":"#/components/schemas/Error103"}}}},"415":{"description":"Data sudah di masukkan","content":{"application/json":{"schema":{"$ref":"#/components/schemas/Error105"}}}},"500":{"description":"Error pada aplikasi backend","content":{"application/json":{"schema":{"$ref":"#/components/schemas/Error200"}}}}}}},"/app-integration/{id}":{"delete":{"tags":["Delete Data"],"summary":"Melakukan delete pada aplikasi terintegrasi","parameters":[{"name":"id","in":"path","description":"Id dari aplikasi yang teritegrasi","required":true,"style":"simple","explode":false,"schema":{"type":"integer","example":1}}],"responses":{"200":{"description":"Berhasil melakukan delete aplikasi yang terintegrasi","content":{"application/json":{"schema":{"$ref":"#/components/schemas/SuccessDeleteData"}}}},"400":{"description":"Error parameter dari client","content":{"application/json":{"schema":{"$ref":"#/components/schemas/Error100"}}}},"401":{"description":"Tidak memnyertakan token auth","content":{"application/json":{"schema":{"$ref":"#/components/schemas/Error102"}}}},"403":{"description":"Tidak diizinkan mengakses endpoint","content":{"application/json":{"schema":{"$ref":"#/components/schemas/Error103"}}}},"404":{"description":"Data tidak ditemukan","content":{"application/json":{"schema":{"$ref":"#/components/schemas/Error104"}}}},"500":{"description":"Error pada aplikasi middleware","content":{"application/json":{"schema":{"$ref":"#/components/schemas/Error200"}}}}}}},"/app-integatrion/{app_id}/privilege/{endpoint_id}":{"post":{"tags":["Add Data"],"summary":"Memberikan privilege pada app","parameters":[{"name":"app_id","in":"path","description":"Id dari aplikasi yang teritegrasi","required":true,"style":"simple","explode":false,"schema":{"type":"integer","example":1}},{"name":"endpoint_id","in":"path","description":"Id dari privilege","required":true,"style":"simple","explode":false,"schema":{"type":"integer","example":1}}],"responses":{"200":{"description":"Data berhasil dimasukkan","content":{"application/json":{"schema":{"$ref":"#/components/schemas/SuccessPostData"}}}},"400":{"description":"Error parameter dari client","content":{"application/json":{"schema":{"$ref":"#/components/schemas/Error100"}}}},"401":{"description":"Tidak memnyertakan token auth","content":{"application/json":{"schema":{"$ref":"#/components/schemas/Error102"}}}},"403":{"description":"Tidak diizinkan mengakses endpoint","content":{"application/json":{"schema":{"$ref":"#/components/schemas/Error103"}}}},"415":{"description":"Data sudah di masukkan","content":{"application/json":{"schema":{"$ref":"#/components/schemas/Error105"}}}},"500":{"description":"Error pada aplikasi backend","content":{"application/json":{"schema":{"$ref":"#/components/schemas/Error200"}}}}}},"delete":{"tags":["Delete Data"],"summary":"Menghapus privilege dari aplikasi","parameters":[{"name":"app_id","in":"path","description":"Id dari aplikasi yang teritegrasi","required":true,"style":"simple","explode":false,"schema":{"type":"integer","example":1}},{"name":"endpoint_id","in":"path","description":"Id dari privilege","required":true,"style":"simple","explode":false,"schema":{"type":"integer","example":1}}],"responses":{"200":{"description":"Data berhasil dimasukkan","content":{"application/json":{"schema":{"$ref":"#/components/schemas/SuccessPostData"}}}},"400":{"description":"Error parameter dari client","content":{"application/json":{"schema":{"$ref":"#/components/schemas/Error100"}}}},"401":{"description":"Tidak memnyertakan token auth","content":{"application/json":{"schema":{"$ref":"#/components/schemas/Error102"}}}},"403":{"description":"Tidak diizinkan mengakses endpoint","content":{"application/json":{"schema":{"$ref":"#/components/schemas/Error103"}}}},"404":{"description":"Data tidak ditemukan","content":{"application/json":{"schema":{"$ref":"#/components/schemas/Error104"}}}},"415":{"description":"Data sudah di masukkan","content":{"application/json":{"schema":{"$ref":"#/components/schemas/Error105"}}}},"500":{"description":"Error pada aplikasi backend","content":{"application/json":{"schema":{"$ref":"#/components/schemas/Error200"}}}}}}},"/app-integration/endpoint":{"get":{"tags":["Data List"],"summary":"Mengambil list data endpoint","parameters":[{"name":"page","in":"query","description":"Halaman yang dipilih (secara default 1)","required":false,"style":"form","explode":true,"schema":{"type":"integer","example":1}},{"name":"page_size","in":"query","description":"Jumlah data pada satu halaman (secara default 10)","required":false,"style":"form","explode":true,"schema":{"type":"integer","example":2}},{"name":"search","in":"query","description":"Pencarian berdasarkan nama privilege","required":false,"style":"form","explode":true,"schema":{"type":"string","example":"Video"}}],"responses":{"200":{"description":"Berhasil mengambil data aplikasi yang terintegrasi","content":{"application/json":{"schema":{"type":"object","properties":{"status_code":{"type":"string","description":"Kode status dari backend","example":"000"},"message":{"type":"string","description":"Pesan dari Backend","example":"Success get data!"},"data":{"type":"object","properties":{"total_data":{"type":"integer","description":"Jumlah data keseluruhan","example":10},"total_page":{"type":"integer","description":"Jumlah halaman","example":5},"current_page":{"type":"integer","description":"Halaman yang sedang dilihat","example":1},"page_size":{"type":"integer","description":"Jumlah data pada 1 halaman","example":2},"data_list":{"type":"array","items":{"type":"object","properties":{"id":{"type":"integer","description":"Kode endpoint"},"name":{"type":"string","description":"Nama dari endpoint"},"endpoint":{"type":"string","description":"Endpoint yang tuju"}},"example":[{"id":1,"name":"List Video","endpoint":"/videos"},{"id":2,"name":"Data Statistic","endpoint":"/statistic"}]}}},"description":"Data hasil proses server"}}}}}},"400":{"description":"Error parameter dari client","content":{"application/json":{"schema":{"$ref":"#/components/schemas/Error100"}}}},"401":{"description":"Tidak memnyertakan token auth","content":{"application/json":{"schema":{"$ref":"#/components/schemas/Error102"}}}},"403":{"description":"Tidak diizinkan mengakses endpoint","content":{"application/json":{"schema":{"$ref":"#/components/schemas/Error103"}}}},"404":{"description":"Data tidak ditemukan","content":{"application/json":{"schema":{"$ref":"#/components/schemas/Error104"}}}},"500":{"description":"Error pada aplikasi middleware","content":{"application/json":{"schema":{"$ref":"#/components/schemas/Error200"}}}}}}},"/app-integration/privilege":{"get":{"tags":["Data List"],"summary":"Mengambil list data privige aplikasi","parameters":[{"name":"page","in":"query","description":"Halaman yang dipilih (secara default 1)","required":false,"style":"form","explode":true,"schema":{"type":"integer","example":1}},{"name":"page_size","in":"query","description":"Jumlah data pada satu halaman (secara default 10)","required":false,"style":"form","explode":true,"schema":{"type":"integer","example":2}},{"name":"search","in":"query","description":"Pencarian berdasarkan nama aplikasi dan atau nama privilage","required":false,"style":"form","explode":true,"schema":{"type":"string","example":"Budaya"}}],"responses":{"200":{"description":"Berhasil mengambil data","content":{"application/json":{"schema":{"type":"object","properties":{"status_code":{"type":"string","description":"Kode status dari backend","example":"000"},"message":{"type":"string","description":"Pesan dari Backend","example":"Success get data!"},"data":{"type":"object","properties":{"total_data":{"type":"integer","description":"Jumlah data keseluruhan","example":10},"total_page":{"type":"integer","description":"Jumlah halaman","example":5},"current_page":{"type":"integer","description":"Halaman yang sedang dilihat","example":1},"page_size":{"type":"integer","description":"Jumlah data pada 1 halaman","example":2},"data_list":{"type":"array","example":[{"app_name":"Eventeer","privilege_list":["videos"]},{"app_name":"Budaya"}],"items":{"type":"object","properties":{"app_name":{"type":"string","description":"Nama aplikasi yang terintegrasi"},"privilege_list":{"type":"array","description":"List data privilege","items":{"type":"string","description":"Nama endpoint yang diakses"}}}}}},"description":"Data hasil proses server"}}}}}},"400":{"description":"Error parameter dari client","content":{"application/json":{"schema":{"$ref":"#/components/schemas/Error100"}}}},"401":{"description":"Tidak memnyertakan token auth","content":{"application/json":{"schema":{"$ref":"#/components/schemas/Error102"}}}},"403":{"description":"Tidak diizinkan mengakses endpoint","content":{"application/json":{"schema":{"$ref":"#/components/schemas/Error103"}}}},"404":{"description":"Data tidak ditemukan","content":{"application/json":{"schema":{"$ref":"#/components/schemas/Error104"}}}},"500":{"description":"Error pada aplikasi middleware","content":{"application/json":{"schema":{"$ref":"#/components/schemas/Error200"}}}}}}}},"components":{"schemas":{"SuccessPostData":{"type":"object","properties":{"status_code":{"type":"string","example":"000"},"message":{"type":"string","example":"Post Data Success!"}}},"SuccessDeleteData":{"type":"object","properties":{"status_code":{"type":"string","example":"000"},"message":{"type":"string","example":"Delete Data Success!"}}},"Error100":{"type":"object","properties":{"status_code":{"type":"string","example":"100"},"message":{"type":"string","example":"Client Bad Request!"}}},"Error102":{"type":"object","properties":{"status_code":{"type":"string","example":"102"},"message":{"type":"string","example":"Need Authentication!"}}},"Error103":{"type":"object","properties":{"status_code":{"type":"string","example":"103"},"message":{"type":"string","example":"Forbidden To Access Endpoint!"}}},"Error104":{"type":"object","properties":{"status_code":{"type":"string","example":"104"},"message":{"type":"string","example":"Data Not Found!"}}},"Error105":{"type":"object","properties":{"status_code":{"type":"string","example":"105"},"message":{"type":"string","example":"Data Already Inputed On Server!"}}},"Error106":{"type":"object","properties":{"status_code":{"type":"string","example":"106"},"message":{"type":"string","example":"Media Type Not Allowed!"}}},"Error200":{"type":"object","properties":{"status_code":{"type":"string","example":"200"},"message":{"type":"string","example":"Server Internal Error!"}}},"Error300":{"type":"object","properties":{"status_code":{"type":"string","example":"300"},"message":{"type":"string","example":"Integration Error!"}}}},"securitySchemes":{"ApiKeyAuth":{"type":"apiKey","name":"api-key","in":"header"}}}}