{"openapi":"3.0.0","info":{"title":"Advanced Simple Cloud Storage API","description":"This API reference enables developers to store their files on a remote server. The Advanced simple cloud storage API allows developers to work with files in Advanced cloud, including several functionality like file management, sharing, and full-text search.\n","contact":{"name":"Advanced","url":"https://oneadvanced.com/contact-us","email":"api@oneadvanced.com"},"license":{"name":"Apache 2.0","url":"http://www.apache.org/licenses/LICENSE-2.0.html"},"version":"1.0.0","x-api-id":"1addec67-3ebb-40f9-9060-ae565ef03b95","x-audience":"company-internal"},"servers":[{"url":"https://virtserver.swaggerhub.com/Ali.Khalili/SimpleCloudStorageAPI/1.0.0","description":"SwaggerHub API Auto Mocking"},{"url":"https://apigateway.{region}.oneadvanced.com","description":"Production server","variables":{"region":{"description":"The Advanced region","default":"us-west-1","enum":["us-west-1","us-east-2","eu-west-1","ap-east-1"]}}}],"security":[{"oAuth2":["read:files"]}],"tags":[{"name":"Files","description":"Operations for basic file management"},{"name":"Properties","description":"Operations for tag arbitrary key/value data to uploaded files."},{"name":"Sharing","description":"Operation for creating and managing shared links and shared folders."}],"paths":{"/files":{"get":{"tags":["Files"],"summary":"List cars","description":"Retrieves a list of uploaded files by user. files are sorted by when they created.\n<p>It also possible to retrieve files in different direction or filter by specific term.</p>\n","operationId":"listFiles","parameters":[{"name":"search","in":"query","description":"A query for filtering the file results.","required":false,"style":"form","explode":true,"schema":{"maxLength":100,"minLength":3,"type":"string"},"example":"sample.docx"},{"name":"page","in":"query","description":"The page number to request","schema":{"minimum":1,"type":"integer","format":"int32"},"example":2},{"name":"perPage","in":"query","description":"The number of items to return per page","schema":{"maximum":2E+2,"minimum":1,"type":"integer","format":"int32","default":20},"example":10}],"responses":{"200":{"description":"Search results matching criteria","content":{"application/json":{"schema":{"$ref":"#/components/schemas/Files"}}}},"400":{"description":"Bad Request","content":{"application/problem+json":{"schema":{"$ref":"#/components/schemas/ProblemDetailsModel"},"example":{"type":"https://oneadvanced.com/problem/400","title":"Bad Request","status":400,"detail":"The request is invalid.","issues":[{"fieldName":"fieldName","error":"This is the problem with the field"},{"fieldName":"fieldOther","error":"This is the problem with the field"}]}}}},"401":{"description":"Unauthorized","content":{"application/problem+json":{"schema":{"$ref":"#/components/schemas/ProblemDetailsModel"},"example":{"type":"https://oneadvanced.com/problem/401","title":"Unauthorized","status":401}}}},"403":{"description":"Forbidden","content":{"application/problem+json":{"schema":{"$ref":"#/components/schemas/ProblemDetailsModel"},"example":{"type":"https://oneadvanced.com/problem/403","title":"Forbidden","status":403}}}},"default":{"description":"A problem occurred.  This is a generic object that can be reused in multiple scenarios.  The ProblemDetails object can be extended by the implementer where necessary.","content":{"application/problem+json":{"schema":{"$ref":"#/components/schemas/ProblemDetailsModel"}}}}},"security":[{"oAuth2":["read:files"]}]},"post":{"tags":["Files"],"summary":"Create file","description":"Create a new file for current user\n","operationId":"createFile","requestBody":{"content":{"application/json":{"schema":{"$ref":"#/components/schemas/File"}}},"required":true},"responses":{"201":{"description":"Success","headers":{"Location":{"description":"Location of the new created file.","style":"simple","explode":false,"schema":{"type":"string","format":"uri"},"example":"http://example.com/api/v1/files/9alycahbDaR1"}},"content":{"application/json":{"schema":{"required":["fileId"],"type":"object","properties":{"fileId":{"type":"string","description":"Unique ID of the newly created resource."}},"additionalProperties":false}}}},"400":{"description":"Bad Request","content":{"application/problem+json":{"schema":{"$ref":"#/components/schemas/ProblemDetailsModel"},"example":{"type":"https://oneadvanced.com/problem/400","title":"Bad Request","status":400,"detail":"The request is invalid.","issues":[{"fieldName":"fieldName","error":"This is the problem with the field"},{"fieldName":"fieldOther","error":"This is the problem with the field"}]}}}},"401":{"description":"Unauthorized","content":{"application/problem+json":{"schema":{"$ref":"#/components/schemas/ProblemDetailsModel"},"example":{"type":"https://oneadvanced.com/problem/401","title":"Unauthorized","status":401}}}},"403":{"description":"Forbidden","content":{"application/problem+json":{"schema":{"$ref":"#/components/schemas/ProblemDetailsModel"},"example":{"type":"https://oneadvanced.com/problem/403","title":"Forbidden","status":403}}}},"415":{"description":"Unsupported Media Type","content":{"application/problem+json":{"schema":{"$ref":"#/components/schemas/ProblemDetailsModel"},"example":{"type":"https://oneadvanced.com/problem/415","title":"Unsupported Media Type","status":415,"detail":"The request could not be completed due to the request body being formed of an unsupported media type. Only application/json is accepted by this API."}}}},"default":{"description":"A problem occurred.  This is a generic object that can be reused in multiple scenarios.  The ProblemDetails object can be extended by the implementer where necessary.","content":{"application/problem+json":{"schema":{"$ref":"#/components/schemas/ProblemDetailsModel"}}}}},"security":[{"oAuth2":["update:files"]}]}},"/files/{fileId}":{"put":{"tags":["Files"],"summary":"Edit a file","description":"Edit the details of a file\n","operationId":"editFile","parameters":[{"name":"fileId","in":"path","description":"The unique id of each file.","required":true,"style":"simple","explode":false,"schema":{"type":"string","description":"The ID of the file.","readOnly":true,"example":"9alycahbDaR1"},"example":"9alycahbDaR1"}],"requestBody":{"content":{"application/json":{"schema":{"$ref":"#/components/schemas/File"}}},"required":true},"responses":{"204":{"description":"No content"},"400":{"description":"Bad Request","content":{"application/problem+json":{"schema":{"$ref":"#/components/schemas/ProblemDetailsModel"},"example":{"type":"https://oneadvanced.com/problem/400","title":"Bad Request","status":400,"detail":"The request is invalid.","issues":[{"fieldName":"fieldName","error":"This is the problem with the field"},{"fieldName":"fieldOther","error":"This is the problem with the field"}]}}}},"401":{"description":"Unauthorized","content":{"application/problem+json":{"schema":{"$ref":"#/components/schemas/ProblemDetailsModel"},"example":{"type":"https://oneadvanced.com/problem/401","title":"Unauthorized","status":401}}}},"403":{"description":"Forbidden","content":{"application/problem+json":{"schema":{"$ref":"#/components/schemas/ProblemDetailsModel"},"example":{"type":"https://oneadvanced.com/problem/403","title":"Forbidden","status":403}}}},"404":{"description":"Forbidden","content":{"application/problem+json":{"schema":{"$ref":"#/components/schemas/ProblemDetailsModel"},"example":{"type":"https://oneadvanced.com/problem/403","title":"Forbidden","status":403}}}},"415":{"description":"Forbidden","content":{"application/problem+json":{"schema":{"$ref":"#/components/schemas/ProblemDetailsModel"},"example":{"type":"https://oneadvanced.com/problem/403","title":"Forbidden","status":403}}}},"default":{"description":"A problem occurred.  This is a generic object that can be reused in multiple scenarios.  The ProblemDetails object can be extended by the implementer where necessary.","content":{"application/problem+json":{"schema":{"$ref":"#/components/schemas/ProblemDetailsModel"}}}}},"security":[{"oAuth2":["update:files"]}]},"delete":{"tags":["Files"],"summary":"Delete  a file by its id","description":"Delete a specific file with its id from storage.\n","operationId":"deleteFile","parameters":[{"name":"fileId","in":"path","description":"The unique id of each file.","required":true,"style":"simple","explode":false,"schema":{"type":"string","description":"The ID of the file.","readOnly":true,"example":"9alycahbDaR1"},"example":"9alycahbDaR1"}],"responses":{"204":{"description":"No content"},"400":{"description":"Bad Request","content":{"application/problem+json":{"schema":{"$ref":"#/components/schemas/ProblemDetailsModel"},"example":{"type":"https://oneadvanced.com/problem/400","title":"Bad Request","status":400,"detail":"The request is invalid.","issues":[{"fieldName":"fieldName","error":"This is the problem with the field"},{"fieldName":"fieldOther","error":"This is the problem with the field"}]}}}},"401":{"description":"Unauthorized","content":{"application/problem+json":{"schema":{"$ref":"#/components/schemas/ProblemDetailsModel"},"example":{"type":"https://oneadvanced.com/problem/401","title":"Unauthorized","status":401}}}},"403":{"description":"Forbidden","content":{"application/problem+json":{"schema":{"$ref":"#/components/schemas/ProblemDetailsModel"},"example":{"type":"https://oneadvanced.com/problem/403","title":"Forbidden","status":403}}}},"404":{"description":"Forbidden","content":{"application/problem+json":{"schema":{"$ref":"#/components/schemas/ProblemDetailsModel"},"example":{"type":"https://oneadvanced.com/problem/403","title":"Forbidden","status":403}}}},"default":{"description":"A problem occurred.  This is a generic object that can be reused in multiple scenarios.  The ProblemDetails object can be extended by the implementer where necessary.","content":{"application/problem+json":{"schema":{"$ref":"#/components/schemas/ProblemDetailsModel"}}}}},"security":[{"oAuth2":["remove:files"]}]}},"/files/{fileId}/upload":{"post":{"tags":["Files"],"summary":"Upload content of created file","description":"Upload content of created file in binary format\n","operationId":"uploadFile","parameters":[{"name":"fileId","in":"path","description":"The unique id of each file.","required":true,"style":"simple","explode":false,"schema":{"type":"string","description":"The ID of the file.","readOnly":true,"example":"9alycahbDaR1"},"example":"9alycahbDaR1"}],"requestBody":{"content":{"application/octet-stream":{"schema":{"type":"string","format":"binary"}}},"required":true},"responses":{"300":{"description":"No content"},"400":{"description":"Bad Request","content":{"application/problem+json":{"schema":{"$ref":"#/components/schemas/ProblemDetailsModel"},"example":{"type":"https://oneadvanced.com/problem/400","title":"Bad Request","status":400,"detail":"The request is invalid.","issues":[{"fieldName":"fieldName","error":"This is the problem with the field"},{"fieldName":"fieldOther","error":"This is the problem with the field"}]}}}},"401":{"description":"Unauthorized","content":{"application/problem+json":{"schema":{"$ref":"#/components/schemas/ProblemDetailsModel"},"example":{"type":"https://oneadvanced.com/problem/401","title":"Unauthorized","status":401}}}},"403":{"description":"Forbidden","content":{"application/problem+json":{"schema":{"$ref":"#/components/schemas/ProblemDetailsModel"},"example":{"type":"https://oneadvanced.com/problem/403","title":"Forbidden","status":403}}}},"404":{"description":"Not Found","content":{"application/problem+json":{"schema":{"$ref":"#/components/schemas/ProblemDetailsModel"},"example":{"type":"https://oneadvanced.com/problem/404","title":"Not Found","status":404,"detail":"The requested resource cannot be located."}}}},"415":{"description":"Unsupported Media Type","content":{"application/problem+json":{"schema":{"$ref":"#/components/schemas/ProblemDetailsModel"},"example":{"type":"https://oneadvanced.com/problem/415","title":"Unsupported Media Type","status":415,"detail":"The request could not be completed due to the request body being formed of an unsupported media type. Only application/json is accepted by this API."}}}},"default":{"description":"A problem occurred.  This is a generic object that can be reused in multiple scenarios.  The ProblemDetails object can be extended by the implementer where necessary.","content":{"application/problem+json":{"schema":{"$ref":"#/components/schemas/ProblemDetailsModel"}}}}},"security":[{"oAuth2":["update:files"]}]}},"/files/{fileId}/properties":{"get":{"tags":["Properties"],"summary":"List files","description":"Retrieves a list of uploaded files by user. files are sorted by when they created.\n<p>It also possible to retrieve files in different direction or filter by specific term.</p>\n","operationId":"listFileProperties","parameters":[{"name":"fileId","in":"path","description":"The unique id of each file.","required":true,"style":"simple","explode":false,"schema":{"type":"string","description":"The ID of the file.","readOnly":true,"example":"9alycahbDaR1"},"example":"9alycahbDaR1"}],"responses":{"200":{"description":"search results matching criteria","content":{"application/json":{"schema":{"$ref":"#/components/schemas/FileProperties"}}}},"400":{"description":"Bad Request","content":{"application/problem+json":{"schema":{"$ref":"#/components/schemas/ProblemDetailsModel"},"example":{"type":"https://oneadvanced.com/problem/400","title":"Bad Request","status":400,"detail":"The request is invalid.","issues":[{"fieldName":"fieldName","error":"This is the problem with the field"},{"fieldName":"fieldOther","error":"This is the problem with the field"}]}}}},"401":{"description":"Unauthorized","content":{"application/problem+json":{"schema":{"$ref":"#/components/schemas/ProblemDetailsModel"},"example":{"type":"https://oneadvanced.com/problem/401","title":"Unauthorized","status":401}}}},"403":{"description":"Forbidden","content":{"application/problem+json":{"schema":{"$ref":"#/components/schemas/ProblemDetailsModel"},"example":{"type":"https://oneadvanced.com/problem/403","title":"Forbidden","status":403}}}},"404":{"description":"Forbidden","content":{"application/problem+json":{"schema":{"$ref":"#/components/schemas/ProblemDetailsModel"},"example":{"type":"https://oneadvanced.com/problem/403","title":"Forbidden","status":403}}}},"default":{"description":"A problem occurred.  This is a generic object that can be reused in multiple scenarios.  The ProblemDetails object can be extended by the implementer where necessary.","content":{"application/problem+json":{"schema":{"$ref":"#/components/schemas/ProblemDetailsModel"}}}}},"security":[{"oAuth2":["read:files"]}]}}},"components":{"schemas":{"Files":{"required":["data","pagination"],"type":"object","properties":{"data":{"type":"array","items":{"$ref":"#/components/schemas/File"}},"pagination":{"$ref":"#/components/schemas/OffsetModel"}},"additionalProperties":false},"File":{"required":["name"],"type":"object","properties":{"fileId":{"type":"string","description":"The ID of the file.","readOnly":true,"example":"9alycahbDaR1"},"name":{"maxLength":100,"minLength":1,"type":"string","description":"The name of the file.","example":"sample doc.pdf"},"ownedByMe":{"type":"boolean","description":"Whether the user owns the file.","readOnly":true,"example":true},"fileExtension":{"type":"string","description":"The file extension extracted from the name field.\nFor example for file 'sample doc.pdf' the file extension is 'pdf'","example":".jpg","enum":[".pdf",".json",".doc",".yaml",".jpg"]},"createdTime":{"type":"string","description":"The time at which the file was created (ISO 8601 date-time).","format":"date-time","readOnly":true,"example":"2021-12-14T11:51:01Z"},"sharedWith":{"maxItems":5,"minItems":0,"uniqueItems":true,"type":"array","description":"List of users that user want to share files with them.","example":["alex.savage","nick.heap","ankit.detroja","viraj.sathvara"],"items":{"type":"string","example":"10"}},"sharedWhitPermission":{"type":"string","description":"The given permission for shared users. Required if the sharedWith is not null","example":"view","enum":["view","edit"]},"downloadLink":{"type":"string","description":"A link for downloading the file when it uploaded.","format":"uri","readOnly":true,"example":"http://example.com/api/v1/files/9alycahbDaR1/download"},"overwrite":{"type":"boolean","description":"Overwrite if there a file with the same name.","writeOnly":true,"example":true},"properties":{"maxItems":5,"minItems":0,"uniqueItems":true,"type":"array","description":"A collection of arbitrary key/value information about the file.\nEntries with null values are cleared in update and copy requests.","items":{"$ref":"#/components/schemas/FileProperty"}}},"additionalProperties":false},"FileProperties":{"required":["data","pagination"],"type":"object","properties":{"data":{"type":"array","items":{"$ref":"#/components/schemas/FileProperty"}},"pagination":{"$ref":"#/components/schemas/OffsetModel"}},"additionalProperties":false},"FileProperty":{"required":["key","value"],"type":"object","properties":{"key":{"type":"string","description":"The key of the file property","example":"icon_name"},"value":{"type":"string","description":"The value of the file property","example":"setting_icon"}},"additionalProperties":false},"ProblemDetailsModel":{"required":["status","title","type"],"type":"object","properties":{"type":{"type":"string","description":"A type URI","format":"uri","example":"https://oneadvanced.com/problem/400"},"title":{"type":"string","description":"A short, human-readable summary of the problem type","example":"Bad Request"},"status":{"type":"integer","description":"The HTTP status code for this occurrence of the problem","format":"int32","example":400},"detail":{"type":"string","description":"A human-readable explanation specific to this occurrence of the problem","example":"The request is invalid."},"issues":{"type":"array","description":"A list of issues that exist with the request. Note this is an extension that is supported by the RFC but specific to Advanced.","example":[{"fieldName":"fieldName","error":"This is the problem with the field"},{"fieldName":"fieldOther","error":"This is the problem with the field"}],"items":{"type":"object","properties":{"fieldName":{"type":"string"},"error":{"type":"string"}}}},"instance":{"type":"string","description":"A URI reference that identifies the specific occurrence of the problem.  It may or may not yield further information if dereferenced","example":"https://oneadvanced.com/support/problem/74837463"}},"additionalProperties":false,"description":"Implementation of [RFC7807](https://tools.ietf.org/html/rfc7807) Problem Details object.  Content type should always be ```application/problem+json```.  Problem type definitions MAY extend the problem details object with additional members"},"OffsetModel":{"type":"object","properties":{"pagination":{"type":"object","properties":{"page":{"type":"integer","description":"The page number of the current response","example":2},"perPage":{"type":"integer","description":"The number of records on this page","example":20},"totalPageCount":{"type":"integer","description":"The total number of pages in the list","example":5},"totalResultCount":{"type":"integer","description":"The total number of records in the list","example":100}}}},"additionalProperties":false,"description":"Offset (numbered pages) pagination model to use in responses using offset based pagination.","example":{"pagination":{"page":2,"perPage":20,"totalPageCount":5,"totalResultCount":100}}}},"responses":{"204":{"description":"No content"},"Problem400Response":{"description":"Bad Request","content":{"application/problem+json":{"schema":{"$ref":"#/components/schemas/ProblemDetailsModel"},"example":{"type":"https://oneadvanced.com/problem/400","title":"Bad Request","status":400,"detail":"The request is invalid.","issues":[{"fieldName":"fieldName","error":"This is the problem with the field"},{"fieldName":"fieldOther","error":"This is the problem with the field"}]}}}},"Problem401Response":{"description":"Unauthorized","content":{"application/problem+json":{"schema":{"$ref":"#/components/schemas/ProblemDetailsModel"},"example":{"type":"https://oneadvanced.com/problem/401","title":"Unauthorized","status":401}}}},"Problem403Response":{"description":"Forbidden","content":{"application/problem+json":{"schema":{"$ref":"#/components/schemas/ProblemDetailsModel"},"example":{"type":"https://oneadvanced.com/problem/403","title":"Forbidden","status":403}}}},"ProblemResponse":{"description":"A problem occurred.  This is a generic object that can be reused in multiple scenarios.  The ProblemDetails object can be extended by the implementer where necessary.","content":{"application/problem+json":{"schema":{"$ref":"#/components/schemas/ProblemDetailsModel"}}}},"Problem415Response":{"description":"Unsupported Media Type","content":{"application/problem+json":{"schema":{"$ref":"#/components/schemas/ProblemDetailsModel"},"example":{"type":"https://oneadvanced.com/problem/415","title":"Unsupported Media Type","status":415,"detail":"The request could not be completed due to the request body being formed of an unsupported media type. Only application/json is accepted by this API."}}}},"Problem404Response":{"description":"Not Found","content":{"application/problem+json":{"schema":{"$ref":"#/components/schemas/ProblemDetailsModel"},"example":{"type":"https://oneadvanced.com/problem/404","title":"Not Found","status":404,"detail":"The requested resource cannot be located."}}}}},"parameters":{"search":{"name":"search","in":"query","description":"A query for filtering the file results.","required":false,"style":"form","explode":true,"schema":{"maxLength":100,"minLength":3,"type":"string"},"example":"sample.docx"},"fileId":{"name":"fileId","in":"path","description":"The unique id of each file.","required":true,"style":"simple","explode":false,"schema":{"type":"string","description":"The ID of the file.","readOnly":true,"example":"9alycahbDaR1"},"example":"9alycahbDaR1"}},"securitySchemes":{"oAuth2":{"type":"oauth2","flows":{"authorizationCode":{"authorizationUrl":"https://example.com/oauth/auth","tokenUrl":"https://example.com/oauth/token","scopes":{"read:files":"allows retrieving files","write:files":"allows creating and modifying files"}}}}}}}