{"openapi":"3.0.0","info":{"title":"Person Message Delete","description":"Deleted GMC message","termsOfService":"http://alight.com/terms","contact":{"name":"Alight API Team","url":"https://alight.com/apis","email":"api@alight.com"},"license":{"name":"Proprietary License"},"version":"1.0"},"servers":[{"url":"https://api-dv.alight.com/api","description":"Development environment"},{"url":"https://api-qa.alight.com/api","description":"Quality Assurance environment"},{"url":"https://api-ste.alight.com/api","description":"Stress Test environment"},{"url":"https://api-qc.alight.com/api","description":"Quality Control environment"},{"url":"https://api.alight.com/api","description":"Production environment"},{"url":"http://localhost/api","description":"Local Development environment"}],"tags":[{"name":"PersonMesage","description":"Delete message"}],"paths":{"/channel/personMessages/{businessprocessid}/ids{?id*}":{"delete":{"tags":["PersonMesage"],"summary":"Delete person message","description":"By passing in the appropriate options, we can delete respective message. Returns boolan indicating success or failure of delete\n","parameters":[{"name":"ASG-SessionToken","in":"header","description":"Access token returned from /zuul-service/ /startSessionForPerson","required":true,"style":"simple","explode":false,"schema":{"type":"string"}},{"name":"Content-Type","in":"header","description":"defining content type","required":true,"style":"simple","explode":false,"schema":{"type":"string"}},{"name":"businessprocessid","in":"path","description":"source system of message","required":true,"style":"simple","explode":false,"schema":{"type":"string"}},{"name":"id","in":"query","description":"The unique id of message to be deleted","required":true,"style":"form","explode":true,"schema":{"type":"string"}}],"responses":{"200":{"description":"delete status","content":{"application/json":{"schema":{"$ref":"#/components/schemas/response"}}}},"400":{"description":"bad input parameter"}}}}},"components":{"schemas":{"response":{"type":"object","properties":{"deleted":{"type":"boolean","example":true}}}}}}