{"openapi":"3.0.0","info":{"title":"Channel E-Signature Widget Service","description":"This channel service will support the configuration and data for e-signature. Will also suport saving  witness or spousal information entered by the user while navigating the esignature component.","contact":{"name":"Alight Api Support Mailbox","email":"alight.ApiSupport@alight.com"},"version":"0.1.17"},"servers":[{"url":"/"}],"tags":[{"name":"E-signature","description":""}],"paths":{"/channel/esignaturewidgets/esignatureContentWidget":{"get":{"tags":["E-signature"],"summary":"E-Signature Component Channel configuration.","description":"This returns the data and configuration needed for displaying esignature component. Supports Witness Information collection and Spouse information collection based on the isSpouseConsent parameter passed by the caller. \n\n  Dependent upon calls to:\n1) channel-widgetconfigurations-service \n 2) /v2/persons\n  3) relationships%20maintenance/getRelationshipMaintenance","operationId":"getEsignatureContentData","parameters":[{"name":"alightPersonSessionToken","in":"header","description":"Person Session Token","required":true,"style":"simple","explode":false,"schema":{"type":"string"}},{"name":"alightRequestHeader","in":"header","description":"Request Header","required":true,"style":"simple","explode":false,"schema":{"type":"string"}},{"name":"isSpouseConsent","in":"query","description":"API will respond with spousal information if true. API will respond with witness information if not defined or false.","required":false,"style":"form","explode":true,"schema":{"type":"boolean"}}],"responses":{"200":{"description":"E-Signature witness inquiry content returned","headers":{"alightPersonSessionToken":{"description":"Returns the person token session used in the request.","style":"simple","explode":false,"schema":{"type":"string"}},"alightResponseHeader":{"description":"Response Header","style":"simple","explode":false,"schema":{"type":"object"}}},"content":{"application/json":{"schema":{"$ref":"#/components/schemas/EsignatureContentResponse"}}}},"400":{"description":"Unauthorized.  Access is denied due to invalid credentials."},"404":{"description":"Not Found"},"500":{"description":"Internal server error."},"default":{"description":"Unexpected error."}},"security":[{"bearerAuth":[]}]}},"/channel/esignaturewidgets/esignatureContactDetailsWidget/{businessProcessReferenceId}":{"put":{"tags":["E-signature"],"summary":"E-Signature Conact Details Save.","description":"This operation will save the esignature contact Details necessary to trigger e-signature forms when the corresponding transactional activity is complete. \n \n Dependent upon calls to:\n1) channel-widgetconfigurations-service \n 2) /v2/persons\n  3) persondatamaintenance/PersonDataMaintenance\n   4) relationshipsmaintenance/PersonRelationshipsMaintenance","operationId":"esignatureContactDetails","parameters":[{"name":"alightPersonSessionToken","in":"header","description":"Person Session Token","required":true,"style":"simple","explode":false,"schema":{"type":"string"}},{"name":"alightRequestHeader","in":"header","description":"Request Header","required":true,"style":"simple","explode":false,"schema":{"type":"string"}},{"name":"businessProcessReferenceId","in":"path","description":"businesProcessReferenceId associated with current activity.  This will be the activityReferenceId","required":true,"style":"simple","explode":false,"schema":{"type":"string"}}],"requestBody":{"content":{"application/json":{"schema":{"$ref":"#/components/schemas/EsignatureContactDetailRequest"}}},"required":true},"responses":{"200":{"description":"E-Signature contact details saved sucessfully.","headers":{"alightPersonSessionToken":{"description":"Returns the person token session used in the request.","style":"simple","explode":false,"schema":{"type":"string"}},"alightResponseHeader":{"description":"Response Header. Will include any edits that may have triggered due to processing.","style":"simple","explode":false,"schema":{"type":"object"}}}},"400":{"description":"Unauthorized.  Access is denied due to invalid credentials."},"404":{"description":"Not Found"},"500":{"description":"Internal server error."},"default":{"description":"Unexpected error."}},"security":[{"bearerAuth":[]}]}},"/channel/esignaturewidgets/spouseNotificationContentWidget":{"get":{"tags":["E-signature"],"summary":"E-Signature Component Channel configuration.","description":"This returns the data and configuration needed for displaying the spouse notification component.\n  Dependent upon calls to:\n1) channel-widgetconfigurations-service \n  2) /v2/persons","operationId":"getSpouseNotificationContentData","parameters":[{"name":"alightPersonSessionToken","in":"header","description":"Person Session Token","required":true,"style":"simple","explode":false,"schema":{"type":"string"}},{"name":"alightRequestHeader","in":"header","description":"Request Header","required":true,"style":"simple","explode":false,"schema":{"type":"string"}}],"responses":{"200":{"description":"Spouse Notification","headers":{"alightPersonSessionToken":{"description":"Returns the person token session used in the request.","style":"simple","explode":false,"schema":{"type":"string"}},"alightResponseHeader":{"description":"Response Header","style":"simple","explode":false,"schema":{"type":"object"}}},"content":{"application/json":{"schema":{"$ref":"#/components/schemas/SpouseNotificationResponse"}}}},"400":{"description":"Unauthorized.  Access is denied due to invalid credentials."},"404":{"description":"Not Found"},"500":{"description":"Internal server error."},"default":{"description":"Unexpected error."}},"security":[{"bearerAuth":[]}]}},"/channel/esignaturewidgets/spouseNotificationMaintenanceWidget/{businessProcessReferenceId}":{"put":{"tags":["E-signature"],"summary":"Spouse Notification Save.","description":"This operation will save the spouse notification Details. \n \n Dependent upon calls to:\n1) /v2/persons \n 2) relationshipsmaintenance/PersonRelationshipsMaintenance","operationId":"spouseNotificationMaintenance","parameters":[{"name":"alightPersonSessionToken","in":"header","description":"Person Session Token","required":true,"style":"simple","explode":false,"schema":{"type":"string"}},{"name":"alightRequestHeader","in":"header","description":"Request Header","required":true,"style":"simple","explode":false,"schema":{"type":"string"}},{"name":"businessProcessReferenceId","in":"path","description":"businesProcessReferenceId associated with current activity.  This will be the activityReferenceId","required":true,"style":"simple","explode":false,"schema":{"type":"string"}}],"requestBody":{"content":{"application/json":{"schema":{"$ref":"#/components/schemas/EsignatureContactDetailRequest"}}},"required":true},"responses":{"200":{"description":"Spouse Maintenance contact details saved sucessfully.","headers":{"alightPersonSessionToken":{"description":"Returns the person token session used in the request.","style":"simple","explode":false,"schema":{"type":"string"}},"alightResponseHeader":{"description":"Response Header. Will include any edits that may have triggered due to processing.","style":"simple","explode":false,"schema":{"type":"object"}}}},"400":{"description":"Unauthorized.  Access is denied due to invalid credentials."},"404":{"description":"Not Found"},"500":{"description":"Internal server error."},"default":{"description":"Unexpected error."}},"security":[{"bearerAuth":[]}]}}},"components":{"schemas":{"EsignatureContentResponse":{"type":"object","properties":{"flowTitle":{"type":"string","description":"Flow Title.  If isSpouseConsent true return flowtitle based on flow ( Withdrawal, Hardship Withdrawal, Installments, Request a Loan). Flow Title will be derived based on pageName availble in the alightRequestHeader; Otherwise return Chooose Witness","example":"Choose Witness"},"subTitle":{"type":"string","description":"Sub Title text. If isSpouseConsent true return 'If you are married you will need an electronic signature from your spouse to withdraw money from your account.'; Otherwise return 'Choose a witness to confirm beneficiaries.''","example":"Choose a witness to confirm beneficiaries."},"maritalStatusFormLabel":{"type":"string","description":"Text label used to capture Marital Status.  Will only be sent for isSpouseConsent true scenarios.","example":"Marital Status"},"maritalStatusFormAlternateText":{"type":"string","description":"Alternate Text used for Marital Status dropdown.  Will only be sent for isSpouseConsent true scenarios.","example":"Marital status dropdown"},"maritalStatusOptions":{"$ref":"#/components/schemas/MaritalStatusOptions"},"maritalStatusInstructionsText":{"type":"string","description":"Spouse is not on file modal text","example":"Our records currently show that you have a spouse on file. You must contact the Benefits Center Representative at <span class=\\\"al-nowrap\\\">800-123-4555</span> to update your spouse’s relationship before making this request"},"witnessRequirementLeadInTxt":{"type":"string","description":"Witness requirement lead in Text.  Will not be sent for SpouseConsent scenarios.","example":"Witness must meet these requirements:"},"witnessRequirementList":{"type":"array","description":"Witness requirement list. This should be presented to the users as a bulleted list. This will only be sent for isSpouseConsent false scenarios.","items":{"type":"string","example":"Be at least 21 years old.,Cannot be a primary or contingent beneficiary, Cannot be a spouse"}},"checkBoxAcknowledgeLabel":{"type":"string","description":"Label used for acknowledge checkboxs. If isSpouseConsent true return 'I certify that this information is correct and true'; Otherwise return 'Yes, I understand witness requirements'","example":"Yes, I understand witness requirements"},"checkBoxAcknowledgeAlternateText":{"type":"string","description":"Label used for acknowledge checkboxs. If isSpouseConsent true return 'Marital status certification checkbox'; Otherwise return 'Witness requirement checkbox'","example":"Marital status certification checkbox"},"formInputSectionHeading":{"type":"string","description":"Section Heading for Form Input. If isSpouseConsent true return 'Spouse Information'; Otherwise return 'Witness Information'","example":"Witness Information"},"firstNameLabel":{"type":"string","description":"First Name form field input Label","example":"First Name"},"firstNameAlternateText":{"type":"string","description":"First Name form field Alternate text","example":"First name entry field"},"lastNameLabel":{"type":"string","description":"Last Name form field input Label","example":"Last Name"},"lastNameAlternateText":{"type":"string","description":"Last Name form field Alternate text","example":"Last name entry field"},"emailLabel":{"type":"string","description":"Email  form field input Label","example":"Email Address"},"emailNameAlternateText":{"type":"string","description":"Email form field Alternate text","example":"Email address entry field"},"isMarried":{"type":"boolean","description":"returns true if participant is married, false if they are not. This channel API determines ppt isMarried by looking for a Spouse relation S, H, or W on record with a name. This field will only be returned if isSpouseConsent is true","example":true},"spouseFirstName":{"type":"string","description":"Spouse First Name on File to be used a default form entry. Will only be sent if isSpouseConsent is true","example":"John"},"spouseLastName":{"type":"string","description":"Spouse Last Name on File to be used as a default form entry.  Will only be sent if isSpouseConsent is true","example":"Doe"},"spouseEmail":{"type":"string","description":"Spouse Email  on File to be used as a default form entry.  Will only be sent if isSpouseConsent is true","example":"John.Doe@email.com"},"noEmailAvailableTxt":{"type":"string","description":"No witness or Spouse email availble text. If isSpouseConsent is true then API will return 'My spouse does not have an email address';  otherwise  API will return 'My witness does not have an email address'","example":"My spouse does not have an email address"},"noEmailAvailableModalHeader":{"type":"string","description":"No witness or Spouse email availble Modal text . If isSpouseConsent is true then API will return 'It’s okay if your spouse doesn’t have an email address.';  otherwise  API will return 'It’s okay if your witness doesn’t have an email address.'","example":"It’s okay if your witness doesn’t have an email address."},"noEmailAvailableInstructionsTxt":{"type":"array","description":"Instruction that appears in modal when no email avaialble is clicked. If isSpouseConsent is true then text will have word spouse in appropriate locations; Othwerwise the workd witness will appear in appropriate location.","example":["Since you can’t provide an email address, we’ll send you a paper consent form for your [spouse] to sign.  This process will take longer.","If you would like to provide an email address for your [spouse], please select “Enter [Spouse] Email”."],"items":{"type":"string"}},"enterEmailBtnLabel":{"type":"string","description":"Enter Email Button label modal that display when user indicates they do not have email. If isSpouseConsent API will return 'Enter Spouse Email Button'. Otherwise API will return 'Enter Witness Email Button'.","example":"Enter Spouse Email Button"},"enterEmailBtnAlternateText":{"type":"string","description":"Enter Email Button Alternate Text. If isSpouseConsent is true then return Enter spouse email; otherwise return Enter witness email.","example":"Enter spouse email"},"sendMeFormBtnLabel":{"type":"string","description":"Send me the form Button label modal that display when user indicates they do not have email.","example":"Send Me the Form"},"sendMeFormBtnAlternateText":{"type":"string","description":"Send me the form Button Alternate Text.","example":"Have form sent"},"routeContent":{"$ref":"#/components/schemas/RoutingContent"},"validationEditMessages":{"type":"array","description":"List of Validation edit messages to be used by front-end.","items":{"$ref":"#/components/schemas/ValidationEditMessage"}},"validationConstraints":{"$ref":"#/components/schemas/ValidationConstraints"},"beneficiaryDetails":{"type":"array","description":"List of Beneficiarys being updated in the Beneficiary flow. Used to help with validation","items":{"$ref":"#/components/schemas/BeneficiaryDetails"}}},"description":"witness e-signature content response"},"SpouseNotificationResponse":{"type":"object","properties":{"flowTitle":{"type":"string","description":"Flow Title.","example":"Spouse Notification"},"introText":{"type":"string","description":"Page intro text","example":"If you’re married, provide either an email or postal address to notify your spouse of your request."},"maritalStatusFormLabel":{"type":"string","description":"Marital status form label","example":"Marital Status"},"maritalStatusFormAlternateText":{"type":"string","description":"Marital Status alternate text","example":"Marital status dropdown"},"maritalStatusOptions":{"$ref":"#/components/schemas/MaritalStatusOptions"},"spouseSectionTitle":{"type":"string","description":"Spouse section title","example":"Spouse Information"},"spouseBeneText":{"type":"string","description":"Bene section text","example":"If any of you prefilled....bene link"},"firstNameLabel":{"type":"string","description":"First name label","example":"First Name"},"firstNameAlternateText":{"type":"string","description":"First name alternate text","example":"First name entry field"},"lastNameLabel":{"type":"string","description":"Last name label","example":"Last Name"},"lastNameAlternateText":{"type":"string","description":"Last name alternate text","example":"Last name entry field"},"emailLabel":{"type":"string","description":"Email label","example":"Email Address"},"emailNameAlternateText":{"type":"string","description":"Email alternate text","example":"Email address entry field"},"isMarried":{"type":"boolean","description":"Is the ppt married","example":true},"spouseFirstName":{"type":"string","description":"Spouse first name data value","example":"John"},"spouseLastName":{"type":"string","description":"Spouse last name data value","example":"Doe"},"spouseEmail":{"type":"string","description":"Spose email data value","example":"John.Doe@email.com"},"spouseEmailRadioLabel":{"type":"string","description":"Email Radio button label","example":"Email Address"},"spouseEmailRadioAlternateText":{"type":"string","description":"Email radio button alt text","example":"Select email address"},"spousePostalRadioLabel":{"type":"string","description":"Spouse postal address radio label","example":"Postal Address"},"spousePostalRadioAlternateText":{"type":"string","description":"Spouse postal radio button alt text","example":"Select postal address"},"countryLabel":{"type":"string","description":"Country label","example":"Country"},"countryLabelAlternateText":{"type":"string","description":"Country label alt text","example":"Country dropdown"},"addrLine1Label":{"type":"string","description":"Address line 1 label","example":"Address Line 1"},"addrLine1AlternateText":{"type":"string","description":"Addr line 1 alt text","example":"Address line 1 entry field"},"addrLine2Label":{"type":"string","description":"Address line 2 label","example":"Address Line 2 (Optional)"},"addrLine2AlternateText":{"type":"string","description":"Address line 2 alt text","example":"Address line 2 entry field optional"},"cityLabel":{"type":"string","description":"City label","example":"City"},"cityAlternateText":{"type":"string","description":"City alt text","example":"City entry field"},"zipLabel":{"type":"string","description":"Zip label","example":"Zipcode"},"zipAlternateText":{"type":"string","description":"Zipcode alt text","example":"Zip code entry field"},"stateLabel":{"type":"string","description":"State label","example":"State"},"stateAlternateText":{"type":"string","description":"State alt text","example":"State or province entry field"},"verifyCheckboxLabel":{"type":"string","description":"Verify checkbox label","example":"I certify this information is correct and true"},"verifyCheckboxAlternateText":{"type":"string","description":"Verify checkbox alt text","example":"Spouse verification checkbox"},"spouseCountry":{"type":"string","description":"Spouse country data value","example":"US"},"spouseAddrLine1":{"type":"string","description":"Spouse address line 1 data value","example":"123 Baker St"},"spouseAddrLine2":{"type":"string","description":"Spouse address line 2 data value","example":"Apt 12"},"spouseCity":{"type":"string","description":"Spouse city data value","example":"Chicago"},"spouseState":{"type":"string","description":"Spouse state data value","example":"IL"},"spouseZip":{"type":"string","description":"Spouse zipcode data value","example":"12345"},"dropdownChooseText":{"type":"string","description":"Default dropdown text","example":"-Choose-"},"dropdownChooseOneText":{"type":"string","description":"Default dropdown text","example":"-Choose One-"},"maritalStatusInstructionsText":{"type":"string","description":"Spouse is not on file modal text","example":"Our records currently show that you have a spouse on file. You must contact the Benefits Center Representative at <span class=\\\"al-nowrap\\\">800-123-4555</span> to update your spouse’s relationship before making this request"},"routeContent":{"$ref":"#/components/schemas/RoutingContent"},"validationEditMessages":{"type":"array","description":"List of Validation edit messages to be used by front-end.","items":{"$ref":"#/components/schemas/ValidationEditMessage"}},"validationConstraints":{"$ref":"#/components/schemas/ValidationConstraints"}},"description":"witness e-signature content response"},"RoutingContent":{"type":"object","properties":{"contButtonLabel":{"type":"string","description":"continue button label. This field should be used for Alternate text as well.","example":"Continue"},"cancelButtonLabel":{"type":"string","description":"cancel button label. This field should be used for Alternate text as well.","example":"Cancel"},"backButtonLabel":{"type":"string","description":"back button label. This field should be used for Alternate text as well.","example":"Back"},"cnclModalHdr":{"type":"string","description":"cancel modal header.","example":"Are you sure you want to cancel?"},"cnclModalPara":{"type":"string","description":"cancel modal para. will always be returned","example":"If you cancel, the choices you have entered won’t be saved."},"cnclModalYes":{"type":"string","description":"cancel modal yes button label. This field should be used for Alternate text as well.","example":"true"},"cnclModalNo":{"type":"string","description":"cancel modal no button label. This field should be used for Alternate text as well.","example":"false"},"cnclModalYesRoute":{"type":"string","description":"Link for the destination of clicking the Yes button on the cancel modal.","example":"<a href=\\\"\\\">route</a>"},"editContinueButtonLabel":{"type":"string","description":"continue button label for the edits modal popup","example":"Continue"},"editReturnButtonLabel":{"type":"string","description":"return button label for the edits modal popup","example":"Return"}},"description":"content for routing buttons."},"MaritalStatusOptions":{"type":"object","properties":{"marriedOptionText":{"type":"string","description":"The Married option text used in the Marital Status dropdown","example":"Married"},"singledOptionText":{"type":"string","description":"The Single option text used in the Marital Status dropdown","example":"Single"}},"description":"Marital status options used in marital status dropdown. This object will only be sent if isSpouseContent is true"},"ValidationEditMessage":{"type":"object","properties":{"editId":{"type":"string","description":"Unique edit id to help determine which messsage to use","example":"InvalidEmailFormat"},"editMessage":{"type":"string","description":"Validation Edit message dispalyed to the user.","example":"Your witness email address is not in a valid email format.  Please reenter a valid email address."}},"description":"list of validation edit messages to be used by front end validation"},"ValidationConstraints":{"type":"object","properties":{"properNameConstraint":{"type":"string"},"emailConstraint":{"type":"string"},"streetAddressConstraint":{"type":"string"},"zipcodeConstraint":{"type":"string"}},"description":"Form and field validation constraints."},"BeneficiaryDetails":{"type":"object","properties":{"firstName":{"type":"string","description":"Beneficiary First Name","example":"Andrea"},"lastName":{"type":"string","description":"Beneficiary Last Name","example":"Pear"},"emailList":{"type":"array","description":"Beneficiary email","items":{"type":"string","example":"[\"jandoe@test.com\",\"jandoe@domain.com\"]"}},"internalId":{"type":"string","description":"Beneficiary internalId","example":"12345"},"beneSequence":{"type":"integer","description":"Beneficiary sequence","example":3},"relationshipCode":{"type":"string","description":"Beneficiary code","example":"S"}},"description":"Beneficiary details"},"EsignatureContactDetailRequest":{"type":"object","properties":{"isSpouseConsent":{"type":"boolean","description":"flag to determine if esigntaure contact information should be process as spousal consent. If this is not passed or false details will be process as witness.","example":true},"skipUpdateSpouseRelationship":{"type":"boolean","description":"flag to determine if the spouse person Data should be saved. If true  save will only save CDD additional attributues associated with esignature request. It will not update the spouse person Data.  If false  or not sent then save will update additional attributes and save Person data. Note this is only leveraged when isSpouseConsent is true.  This is mainly used in Annuity flow where person data is already captured.","example":true},"maritalStatus":{"type":"string","description":"Participants entered Matital Status.  Married or Single.","example":"Married"},"noEmailAvailable":{"type":"boolean","description":"Flag to indicate that no email available. This is used for scenarios where user is married and they select link to indicate no email is avialble. True if no email is availble ; false or not sent if email is available.","example":true},"firstName":{"type":"string","description":"First Name of esignature contact for current activity","example":"John"},"lastName":{"type":"string","description":"Last Name of e-signature contact for current activity","example":"Doe"},"email":{"type":"string","description":"Email addres of e-singature contact. This is email where e-signature documents will be sent.","example":"john.doe@email"},"addressLine1":{"type":"string","description":"Address Line 1 of contact being updated","example":"221B Baker Street"},"addressLine2":{"type":"string","description":"Address Line 2 of contact being updated","example":"Apt 1"},"city":{"type":"string","description":"City of contact being updated","example":"Chicago"},"state":{"type":"string","description":"State Code of contact being updated","example":"IL"},"zipcode":{"type":"string","description":"Zipcode of contact being updated","example":"31189"},"country":{"type":"string","description":"Country Code of contact being updated","example":"US"},"spousePreferredContactMethod":{"type":"string","description":"Preferred contact method for spouse, Email or Postal","example":"Postal"}},"description":"esignature Request"}},"examples":{"authorization-header":{"summary":"Example of an Authorization header parameter","value":"bearer 123456"}},"securitySchemes":{"bearerAuth":{"type":"http","scheme":"bearer","bearerFormat":"JWT"}}}}