{"openapi":"3.0.0","info":{"title":"URL-Shortener","version":"1.0.0"},"servers":[{"url":"https://virtserver.swaggerhub.com/AlinaBoshchenko/tester/1.0.0","description":"SwaggerHub API Auto Mocking"},{"url":"http://localhost:8080","description":"Local Deployment"}],"paths":{"/":{"get":{"summary":"Get all keys","responses":{"200":{"description":"Successful operation","content":{"application/json":{"schema":{"type":"array","items":{"$ref":"#/components/schemas/ShortenedUrl"}}}}}}},"post":{"summary":"Generate shortened url","requestBody":{"$ref":"#/components/requestBodies/CreateShortUrlRequest"},"responses":{"201":{"description":"shortenedId is generated","content":{"text/plain":{"schema":{"$ref":"#/components/schemas/ShortenedUrl"}}}},"400":{"description":"Bad request body","content":{"application/json":{"schema":{"$ref":"#/components/schemas/Error"},"example":{"message":"invalid request body"}}}},"500":{"description":"Internal Error, Try again later.","content":{"application/json":{"schema":{"$ref":"#/components/schemas/Error"},"example":{"message":"Internal Error, Try again later."}}}}}},"delete":{"summary":"Delete all keys","responses":{"404":{"description":"Successful delete operation"}}}},"/{id}":{"get":{"summary":"Redirect to Original Url","description":"Redirect and count number of redirections.","parameters":[{"name":"id","in":"path","required":true,"style":"simple","explode":false,"schema":{"type":"string"}}],"responses":{"301":{"description":"Redirect to the Original Url"},"404":{"description":"The specified resource was not found","content":{"application/json":{"schema":{"$ref":"#/components/schemas/Error"},"example":{"message":"shortenedId {as1sW123} is not found"}}}},"500":{"description":"Internal Error, Try again later.","content":{"application/json":{"schema":{"$ref":"#/components/schemas/Error"},"example":{"message":"Internal Error, Try again later."}}}}}},"put":{"summary":"Update Url","parameters":[{"name":"id","in":"path","required":true,"style":"simple","explode":false,"schema":{"type":"string"}}],"responses":{"200":{"description":"Updated successfully"},"404":{"description":"The specified resource was not found","content":{"application/json":{"schema":{"$ref":"#/components/schemas/Error"},"example":{"message":"shortenedId {as1sW123} is not found"}}}},"400":{"description":"Bad request"}}},"delete":{"summary":"Delete shortened id","parameters":[{"name":"id","in":"path","required":true,"style":"simple","explode":false,"schema":{"type":"string"}}],"responses":{"204":{"description":"ShortenedUrl was deleted successfully."},"404":{"description":"The specified resource was not found","content":{"application/json":{"schema":{"$ref":"#/components/schemas/Error"},"example":{"message":"shortenedId {as1sW123} is not found"}}}},"500":{"description":"Internal Error, Try again later.","content":{"application/json":{"schema":{"$ref":"#/components/schemas/Error"},"example":{"message":"Internal Error, Try again later."}}}}}}}},"components":{"schemas":{"ShortenedUrl":{"required":["originalUrl"],"type":"object","properties":{"url_id":{"type":"string","description":"Id for url link shorted. If missing, then random generated on server-side.","format":"uuid"},"originalUrl":{"type":"string","description":"Valid URL thah should be shortened.","example":"http://www.google.com/find_me"}}},"Error":{"required":["message"],"type":"object","properties":{"message":{"type":"string"}}}},"responses":{"BadRequest":{"description":"Bad request body","content":{"application/json":{"schema":{"$ref":"#/components/schemas/Error"},"example":{"message":"invalid request body"}}}},"NotFound":{"description":"The specified resource was not found","content":{"application/json":{"schema":{"$ref":"#/components/schemas/Error"},"example":{"message":"shortenedId {as1sW123} is not found"}}}},"InternalError":{"description":"Internal Error, Try again later.","content":{"application/json":{"schema":{"$ref":"#/components/schemas/Error"},"example":{"message":"Internal Error, Try again later."}}}}},"requestBodies":{"CreateShortUrlRequest":{"description":"A JSON object containing URL information","content":{"application/json":{"schema":{"$ref":"#/components/schemas/ShortenedUrl"}}},"required":true}}}}