{"openapi":"3.0.0","info":{"title":"Alluvie","description":"desc","termsOfService":"https://alluvie.com","contact":{"email":"contact@alluvie.com"},"license":{"name":"Apache 2.0"},"version":"2.0.0"},"servers":[{"url":"/"}],"tags":[{"name":"portfolios","description":"Portfolio endpoints"},{"name":"settings","description":"Portfolio endpoints"}],"paths":{"/portfolios/specifications/{portfolio_id}":{"get":{"tags":["portfolios"],"summary":"Get portfolio specification","description":"For valid response try integer IDs with value >= 1 and <= 10.\\ \\ Other values will generated exceptions","operationId":"getOrderById2","parameters":[{"name":"portfolio_id","in":"path","description":"MongoDB (bson) ID of portfolio that needs to be fetched","required":true,"style":"simple","explode":false,"schema":{"maximum":24,"minimum":24,"type":"string","format":"str"}}],"responses":{"200":{"description":"successful operation","content":{"application/json":{"schema":{"$ref":"#/components/schemas/portfolio_specification"}}}},"400":{"description":"Invalid ID supplied"},"404":{"description":"Portfolio not found"},"500":{"description":"Internal error"}}},"put":{"tags":["portfolios"],"summary":"Get portfolio specification","description":"","operationId":"putPortfolioSpec","parameters":[{"name":"portfolio_id","in":"path","description":"MongoDB (bson) ID of portfolio tp update","required":true,"style":"simple","explode":false,"schema":{"maximum":24,"minimum":24,"type":"string","format":"str"}}],"requestBody":{"content":{"application/json":{"schema":{"$ref":"#/components/schemas/portfolio_specification"}}}},"responses":{"200":{"description":"successful operation"},"400":{"description":"Invalid ID supplied or Payload"},"404":{"description":"Portfolio not found"},"500":{"description":"Internal error"}}},"delete":{"tags":["portfolios"],"summary":"Delete purchase order by ID","description":"","operationId":"deleteOrder2","parameters":[{"name":"portfolio_id","in":"path","description":"ID of the order that needs to be deleted","required":true,"style":"simple","explode":false,"schema":{"maximum":24,"minimum":24,"type":"string"}}],"responses":{"200":{"description":"Success"},"400":{"description":"Invalid ID supplied"},"404":{"description":"Order not found"}}}},"/portfolios/":{"get":{"tags":["portfolios"],"summary":"Get portfolio docs","description":"","operationId":"getPortfolios","parameters":[{"name":"id","in":"query","description":"MongoDB (bson) ID of portfolio that needs to be fetched","required":true,"style":"form","explode":true,"schema":{"maximum":24,"minimum":24,"type":"string","format":"str"}},{"name":"start_date","in":"query","required":false,"style":"form","explode":true,"schema":{"type":"string","format":"date"}},{"name":"end_date","in":"query","required":false,"style":"form","explode":true,"schema":{"type":"string","format":"date"}},{"name":"format","in":"query","description":"If returns convert values to returns","required":false,"style":"form","explode":true,"schema":{"type":"string","format":"str","enum":["returns"]}},{"name":"filter","in":"query","description":"which field to fetch, can pass several filters, i.e. filter=val1&filter=val2","required":false,"style":"form","explode":true,"schema":{"type":"string","format":"str","enum":["value","risk","invested_amount","cash","fees"]}}],"responses":{"200":{"description":"successful operation","content":{"application/json":{"schema":{"type":"array","items":{"$ref":"#/components/schemas/portfolio"}}}}},"400":{"description":"Invalid ID supplied"},"404":{"description":"Portfolio not found"},"500":{"description":"Internal error"}}}},"/settings/{setting_id}":{"get":{"tags":["settings"],"summary":"Get a setting","description":"For valid response try integer IDs with value >= 1 and <= 10.\\ \\ Other values will generated exceptions","operationId":"getSetting","parameters":[{"name":"setting_id","in":"path","description":"MongoDB (bson) ID of the setting that needs to be fetched","required":true,"style":"simple","explode":false,"schema":{"maximum":24,"minimum":24,"type":"string","format":"str"}}],"responses":{"200":{"description":"successful operation","content":{"application/json":{"schema":{"$ref":"#/components/schemas/setting"}}}},"400":{"description":"Invalid ID supplied"},"404":{"description":"Setting not found"},"500":{"description":"Internal error"}}},"put":{"tags":["settings"],"summary":"Update setting","description":"","operationId":"putSetting","parameters":[{"name":"setting_id","in":"path","description":"MongoDB (bson) ID of setting tp update","required":true,"style":"simple","explode":false,"schema":{"maximum":24,"minimum":24,"type":"string","format":"str"}}],"requestBody":{"content":{"application/json":{"schema":{"$ref":"#/components/schemas/setting"}}}},"responses":{"200":{"description":"successful operation"},"400":{"description":"Invalid ID supplied or Payload"},"404":{"description":"setting not found"},"500":{"description":"Internal error"}}},"post":{"tags":["settings"],"summary":"Create new setting","description":"","operationId":"postSetting","parameters":[{"name":"setting_id","in":"path","description":"MongoDB (bson) ID of setting tp update","required":true,"style":"simple","explode":false,"schema":{"maximum":24,"minimum":24,"type":"string","format":"str"}}],"requestBody":{"content":{"application/json":{"schema":{"$ref":"#/components/schemas/setting"}}}},"responses":{"200":{"description":"successful operation"},"400":{"description":"Invalid ID supplied or Payload"},"404":{"description":"setting not found"},"500":{"description":"Internal error"}}},"delete":{"tags":["settings"],"summary":"Delete setting","description":"","operationId":"deleteSetting","parameters":[{"name":"setting_id","in":"path","description":"Delete setting","required":true,"style":"simple","explode":false,"schema":{"maximum":24,"minimum":24,"type":"string"}}],"responses":{"200":{"description":"Success"},"400":{"description":"Invalid ID supplied"},"404":{"description":"setting not found"}}}},"/settings/":{"get":{"tags":["settings"],"summary":"Get a setting","description":"For valid response try integer IDs with value >= 1 and <= 10.\\ \\ Other values will generated exceptions","operationId":"getSettings","parameters":[{"name":"type","in":"query","required":false,"style":"form","explode":true,"schema":{"type":"string","enum":["technical_indicator","trading_signal","trading_constraint","portfolio_constraint","portfolio_strategy","forecast"]}},{"name":"user_only","in":"query","description":"If True returns only users settings, otherwise includes shared settings","required":false,"style":"form","explode":true,"schema":{"type":"boolean"}}],"responses":{"200":{"description":"successful operation","content":{"application/json":{"schema":{"type":"array","items":{"$ref":"#/components/schemas/setting"}}}}},"400":{"description":"Invalid parameters"},"500":{"description":"Internal error"}}}}},"components":{"schemas":{"portfolio_specification":{"required":["portfolio_id"],"type":"object","properties":{"id":{"type":"string","description":"Mongo ID of the portfolio"},"currency":{"type":"string","description":"Currency symbol, i.e. EUR or USD","enum":["EUR","USD","GBP","GBPX"]},"description":{"type":"string","description":"Portfolio description"},"direction":{"type":"integer","description":"1 is Buy only, -1 is Sell only, 0 both directions. Only 1 is available now","format":"int64","enum":[1]},"trading_time":{"type":"string","description":"Trading time","enum":["open"]},"daily_update":{"type":"boolean","description":"if to update portfolio every day, all porfolios should be updated every day"},"fees":{"type":"number","description":"0.01 is 1% fees for each order value","format":"float64"},"live":{"type":"boolean","description":"if portfolio is in the live mode"},"date_begin":{"type":"string","format":"date-time"},"initial_composition":{"type":"array","items":{"type":"object","properties":{"ticker_symbol":{"type":"string"},"weight":{"type":"number","format":"float64"}}}},"reporting":{"type":"boolean","description":"Portfolio is reporting only (i.e. only calculate from existing orders)"},"period":{"type":"integer","description":"1 is Buy only, -1 is Sell only, 0 both directions. Only 1 is available now","format":"int64"},"name":{"type":"string"},"portfolio_borrowing_value":{"type":"integer","description":"1 is Buy only, -1 is Sell only, 0 both directions. Only 1 is available now","format":"int64"},"trading_strategy":{"type":"object","properties":{"id":{"type":"string"},"constraints":{"type":"array","items":{"type":"object"}}}},"benchmark":{"type":"string"},"portfolio_strategy":{"type":"object","properties":{"id":{"type":"string"},"constraints":{"type":"array","items":{"type":"object"}}}},"tickers_selection":{"type":"array","items":{"type":"string"}},"portfolio_initial_value":{"type":"number","format":"float64"},"user_id":{"type":"string"},"last_update":{"type":"object","properties":{"live":{"type":"string","format":"date-time"},"backtesting":{"type":"string","format":"date-time"}}},"orders_date":{"type":"object","properties":{"live":{"type":"string","format":"date-time"},"backtesting":{"type":"string","format":"date-time"}}}}},"portfolio":{"type":"object","properties":{"portfolio_id":{"type":"string"},"date":{"type":"string","format":"date-time"},"composition":{"type":"array","items":{"type":"object","properties":{"invested_amount":{"type":"number","format":"float64"},"nb_share":{"type":"number","format":"float64"},"price":{"type":"number","format":"float64"},"weight":{"type":"number","format":"float64"},"fees":{"type":"number","format":"float64"},"ticker_symbol":{"type":"string"}}}},"value":{"type":"number","format":"float64"},"invested_amount":{"type":"number","format":"float64"},"cash":{"type":"number","format":"float64"},"fees":{"type":"number","format":"float64"},"risk":{"type":"object","properties":{"daily_expected_return":{"type":"number","format":"float64"},"daily_std":{"type":"number","format":"float64"},"daily_5%_VaR":{"type":"number","format":"float64"},"daily_5%_expected_shortfall":{"type":"number","format":"float64"},"calmar_ratio":{"type":"number","format":"float64"},"sharpe_ratio":{"type":"number","format":"float64"},"sortino_ratio":{"type":"number","format":"float64"},"downside_risk":{"type":"number","format":"float64"},"stability_of_timeseries":{"type":"number","format":"float64"},"tail_ratio":{"type":"number","format":"float64"}}},"executed":{"type":"boolean","description":"if executed is False, then it is a predictive portfolio"},"live":{"type":"boolean","description":"if True, then belongs to a live portfolio, else backtest"}}},"order":{"type":"object","properties":{"id":{"type":"string"},"portfolio_id":{"type":"string"},"ticker_symbol":{"type":"string"},"nb_share":{"type":"integer","format":"int64"},"price":{"type":"number","format":"float64"},"fees":{"type":"number","format":"float64"},"direction":{"type":"integer","format":"int64","enum":[1,-1]},"date":{"type":"string","format":"date-time"},"executed":{"type":"boolean","description":"if executed is False, then it is a predictive portfolio"},"live":{"type":"boolean","description":"if True, then belongs to a live portfolio, else backtest"}}},"setting":{"type":"object","properties":{"id":{"type":"string"},"parameters":{"type":"object","properties":{"input_buy":{"type":"array","items":{"type":"object","properties":{"input_id":{"type":"string"},"name":{"type":"string"},"constant":{"type":"number"},"index":{"type":"integer"},"type":{"type":"string","enum":["technical_indicators","constant","close"]},"day_shift":{"type":"integer"},"output":{"type":"string"}}}},"input_sell":{"type":"array","items":{"type":"object","properties":{"input_id":{"type":"string"},"name":{"type":"string"},"constant":{"type":"number"},"index":{"type":"integer"},"type":{"type":"string","enum":["technical_indicators","constant","close"]},"day_shift":{"type":"integer"},"output":{"type":"string"}}}},"type":{"type":"string","enum":["trading_signal"]},"name":{"type":"string"},"function":{"type":"string"},"user_id":{"type":"string"}}}}}}}}