{"openapi":"3.0.0","info":{"title":"게시판","description":"게시판 api","version":"1.0.0"},"servers":[{"url":"https://virtserver.swaggerhub.com/AlphaTechnic/Forum/1.0.0","description":"SwaggerHub API Auto Mocking"}],"paths":{"/signup/":{"post":{"summary":"회원 가입","requestBody":{"content":{"application/json":{"schema":{"type":"object","properties":{"username":{"type":"string","example":"김주호"},"email":{"type":"string","example":"abc1234@gmail.com"},"password":{"type":"string","example":"abc1234"},"confirmPassword":{"type":"string","example":"abc1234"}}}}},"required":true},"responses":{"201":{"description":"Created"},"409":{"description":"Conflict (이미 가입된 유저)"},"400":{"description":"Bad Request","content":{"application/json":{"schema":{"type":"object","properties":{"message":{"type":"string","example":"유효하지 않은 요청"},"data":{"type":"object"}}}}}}}}},"/login/":{"get":{"summary":"로그인 화면 뷰 요청","responses":{"200":{"description":"OK","content":{"application/json":{"schema":{"type":"object","properties":{"message":{"type":"string","example":"로그인 화면"},"data":{"type":"object"}}}}}}}},"post":{"summary":"사용자 로그인","requestBody":{"content":{"application/json":{"schema":{"type":"object","properties":{"email":{"type":"string","example":"abc1234@gmail.com"},"password":{"type":"string","example":"abc1234"}}}}},"required":true},"responses":{"200":{"description":"OK","content":{"application/json":{"schema":{"type":"object","properties":{"message":{"type":"string","example":"로그인 성공"},"data":{"type":"object"}}}}}},"404":{"description":"NOT FOUND","content":{"application/json":{"schema":{"type":"object","properties":{"message":{"type":"string","example":"존재하지 않는 사용자"},"data":{"type":"object"}}}}}},"400":{"description":"Bad Request","content":{"application/json":{"schema":{"type":"object","properties":{"message":{"type":"string","example":"유효하지 않은 요청"},"data":{"type":"object"}}}}}}}}},"/logout/":{"get":{"summary":"로그아웃","responses":{"200":{"description":"OK","content":{"application/json":{"schema":{"type":"object","properties":{"message":{"type":"string","example":"로그아웃 성공"},"data":{"type":"object"}}}}}}}}},"/board/":{"post":{"summary":"게시판 생성","requestBody":{"content":{"application/json":{"schema":{"type":"object","properties":{"name":{"type":"string","example":"자유게시판"}}}}},"required":true},"responses":{"200":{"description":"OK","content":{"application/json":{"schema":{"type":"object","properties":{"message":{"type":"string","example":"[자유게시판] 생성 성공"},"data":{"type":"object"}}}}}},"400":{"description":"Bad Request","content":{"application/json":{"schema":{"type":"object","properties":{"message":{"type":"string","example":"유효하지 않은 요청"},"data":{"type":"object"}}}}}}}}},"/board/{boardId}":{"get":{"summary":"게시판의 게시글 목록 요청 (pagination)","parameters":[{"name":"boardId","in":"path","required":true,"style":"simple","explode":false,"schema":{"minimum":1,"type":"integer","format":"int64"}}],"responses":{"200":{"description":"OK","content":{"application/json":{"schema":{"type":"object","properties":{"message":{"type":"string","example":"post 목록들 요청 성공"},"data":{"type":"object","properties":{"limit":{"type":"integer","example":10},"pages":{"type":"array","items":{"type":"object","properties":{"pageNum":{"type":"integer","example":1},"offset":{"type":"integer","example":0},"posts":{"type":"array","items":{"type":"object","properties":{"id":{"type":"integer","example":1},"title":{"type":"string","example":"첫번째 게시글"}}}}}}}}}}}}}},"400":{"description":"Bad Request","content":{"application/json":{"schema":{"type":"object","properties":{"message":{"type":"string","example":"유효하지 않은 요청"},"data":{"type":"object"}}}}}}}},"post":{"summary":"게시글 생성","parameters":[{"name":"boardId","in":"path","required":true,"style":"simple","explode":false,"schema":{"minimum":1,"type":"integer","format":"int64","example":1}}],"requestBody":{"content":{"application/json":{"schema":{"type":"object","properties":{"title":{"type":"string","example":"첫 번째 게시글"},"content":{"type":"string","example":"첫 번째 게시글의 내용을 소개합니다."}}}}},"required":true},"responses":{"200":{"description":"OK","content":{"application/json":{"schema":{"type":"object","properties":{"message":{"type":"string","example":"게시글 생성 성공"},"data":{"type":"object"}}}}}},"400":{"description":"Bad Request","content":{"application/json":{"schema":{"type":"object","properties":{"message":{"type":"string","example":"유효하지 않은 요청"},"data":{"type":"object"}}}}}}}},"delete":{"summary":"게시판 삭제","parameters":[{"name":"boardId","in":"path","required":true,"style":"simple","explode":false,"schema":{"minimum":1,"type":"integer","format":"int64","example":2}}],"responses":{"200":{"description":"OK","content":{"application/json":{"schema":{"type":"object","properties":{"message":{"type":"string","example":"[board2/자유게시판] 삭제 성공"},"data":{"type":"object"}}}}}},"400":{"description":"Bad Request","content":{"application/json":{"schema":{"type":"object","properties":{"message":{"type":"string","example":"유효하지 않은 요청"},"data":{"type":"object"}}}}}}}},"patch":{"summary":"게시판 제목 수정","parameters":[{"name":"boardId","in":"path","required":true,"style":"simple","explode":false,"schema":{"minimum":1,"type":"integer","format":"int64","example":2}}],"requestBody":{"content":{"application/json":{"schema":{"type":"object","properties":{"name":{"type":"string","example":"비밀게시판"}}}}},"required":true},"responses":{"200":{"description":"OK","content":{"application/json":{"schema":{"type":"object","properties":{"message":{"type":"string","example":"[자유게시판]->[비밀게시판] 수정 성공"},"data":{"type":"object"}}}}}},"400":{"description":"Bad Request","content":{"application/json":{"schema":{"type":"object","properties":{"message":{"type":"string","example":"유효하지 않은 요청"},"data":{"type":"object"}}}}}}}}},"/boards/":{"get":{"summary":"게시판 목록들 요청 (pagination)","responses":{"200":{"description":"OK","content":{"application/json":{"schema":{"type":"object","properties":{"message":{"type":"string","example":"게시판 목록들 요청 성공"},"data":{"type":"object","properties":{"limit":{"type":"integer","example":5},"pages":{"type":"array","items":{"type":"object","properties":{"pageNum":{"type":"integer","example":1},"offset":{"type":"integer","example":0},"boards":{"type":"array","items":{"type":"object","properties":{"id":{"type":"integer","example":1},"name":{"type":"string","example":"자유게시판"}}}}}}}}}}}}}},"400":{"description":"Bad Request","content":{"application/json":{"schema":{"type":"object","properties":{"message":{"type":"string","example":"유효하지 않은 요청"},"data":{"type":"object"}}}}}}}}},"/post/{postId}":{"get":{"summary":"게시글 조회","parameters":[{"name":"postId","in":"path","required":true,"style":"simple","explode":false,"schema":{"minimum":1,"type":"integer","format":"int64","example":1}}],"responses":{"200":{"description":"OK","content":{"application/json":{"schema":{"type":"object","properties":{"message":{"type":"string","example":"게시판 목록들 요청 성공"},"data":{"type":"object","properties":{"title":{"type":"string","example":"첫 번째 게시글"}}}}}}}},"400":{"description":"Bad Request","content":{"application/json":{"schema":{"type":"object","properties":{"message":{"type":"string","example":"유효하지 않은 요청"},"data":{"type":"object"}}}}}}}},"delete":{"summary":"게시글 삭제","parameters":[{"name":"postId","in":"path","required":true,"style":"simple","explode":false,"schema":{"minimum":1,"type":"integer","format":"int64","example":2}}],"responses":{"200":{"description":"OK","content":{"application/json":{"schema":{"type":"object","properties":{"message":{"type":"string","example":"[첫 번째 게시글] 삭제 성공"},"data":{"type":"object"}}}}}},"400":{"description":"Bad Request","content":{"application/json":{"schema":{"type":"object","properties":{"message":{"type":"string","example":"유효하지 않은 요청"},"data":{"type":"object"}}}}}}}},"patch":{"summary":"게시글 수정","parameters":[{"name":"postId","in":"path","required":true,"style":"simple","explode":false,"schema":{"minimum":1,"type":"integer","format":"int64","example":2}}],"requestBody":{"content":{"application/json":{"schema":{"type":"object","properties":{"title":{"type":"string","example":"수정된 게시글 제목"},"content":{"type":"string","example":"이런 방향으로 내용을 수정하겠습니다."}}}}},"required":true},"responses":{"200":{"description":"OK","content":{"application/json":{"schema":{"type":"object","properties":{"message":{"type":"string","example":"[첫 번째 게시글]->[수정된 게시글 제목] 게시글 수정 성공"},"data":{"type":"object"}}}}}},"400":{"description":"Bad Request","content":{"application/json":{"schema":{"type":"object","properties":{"message":{"type":"string","example":"유효하지 않은 요청"},"data":{"type":"object"}}}}}}}}},"/dashboard/":{"get":{"summary":"게시판마다 게시글 목록들 요청. 최근 상위 n개의 게시글 (pagination)","responses":{"200":{"description":"OK","content":{"application/json":{"schema":{"type":"object","properties":{"message":{"type":"string","example":"게시판마다 게시글 목록들 요청"},"data":{"type":"object","properties":{"dashboardSize":{"type":"integer","example":5},"dashboardList":{"type":"array","items":{"type":"object","properties":{"boardId":{"type":"integer","example":1},"boardName":{"type":"string","example":"첫 번째 게시판"},"posts":{"type":"array","items":{"type":"object","properties":{"id":{"type":"integer","example":1},"title":{"type":"string","example":"자유게시판"}}}}}}}}}}}}}},"400":{"description":"Bad Request","content":{"application/json":{"schema":{"type":"object","properties":{"message":{"type":"string","example":"유효하지 않은 요청"},"data":{"type":"object"}}}}}}}}}},"components":{"responses":{"400BadRequest":{"description":"Bad Request","content":{"application/json":{"schema":{"type":"object","properties":{"message":{"type":"string","example":"유효하지 않은 요청"},"data":{"type":"object"}}}}}}}}}