{"openapi":"3.0.0","info":{"title":"Indra Clientes Api","description":"Esta API permite obtener información de los clientes","termsOfService":"http://localhost/terms","contact":{"name":"Indra","url":"http://www.indra.net","email":"info@indra.net"},"license":{"name":"Apache","url":"http://www.apache.org/licences/LICENSE-2.0.html"},"version":"1.0.0"},"servers":[{"url":"https://virtserver.swaggerhub.com/AlvCarballo/IndraClientesApi/1.0.0","description":"SwaggerHub API Auto Mocking"},{"url":"http://localhost:8080/api","description":"Localhost"}],"paths":{"/clientes":{"get":{"description":"Permite obtener la lista de clientes segun parametros","responses":{"200":{"description":"Successful request","content":{"application/json":{"schema":{"type":"array","items":{"properties":{"id":{"type":"integer","example":1},"nombre":{"type":"string","example":"Alvaro"},"apellidos":{"type":"string","example":"Carballo"},"email":{"type":"string","example":"alv.carballo@outlook.es"},"createAt":{"type":"string","format":"date","example":"2018-01-04"}}}}}}},"404":{"description":"Request not found","content":{"application/json":{"schema":{"type":"string","example":"{\"mensaje\":\"¡El cliente ID: 1 no existe en la base de datos!\"}"}}}}}}}}}