{"openapi":"3.0.0","info":{"title":"Message Envelope","description":"This is a simple API","contact":{"email":"steve.bishop@aa.com"},"license":{"name":"Apache 2.0","url":"http://www.apache.org/licenses/LICENSE-2.0.html"},"version":"1.0.0"},"servers":[{"url":"https://virtserver.swaggerhub.com/American-Airlines75/DbQuery/1.0.0","description":"SwaggerHub API Auto Mocking"},{"url":"https://virtserver.swaggerhub.com/American-Airlines75/MessageEnvelope/1.0.0","description":"SwaggerHub API Auto Mocking"}],"tags":[{"name":"admins","description":"Secured Admin-only calls"},{"name":"developers","description":"Operations available to regular developers"}],"paths":{"/message-broker/endpoint":{"post":{"operationId":"post message envelope to message-broker","requestBody":{"content":{"application/json":{"schema":{"$ref":"#/components/schemas/MessageEnvelopeType"}}}},"responses":{"200":{"description":"message envelope successfully posted to message-broker"}}}}},"components":{"schemas":{"MessageEnvelopeType":{"required":["payload","universalMessageHeader"],"type":"object","properties":{"universalMessageHeader":{"$ref":"#/components/schemas/UniversalMessageHeaderType"},"payload":{"type":"object","description":"the information being delivered in this envelope"}},"description":"Message envelope is the most outter wrapper for information delivery using message orienged middleware."},"UniversalMessageHeaderType":{"required":["universalHeaderVersion"],"type":"object","properties":{"headerVersion":{"type":"string","description":"The UniversalMessageHeaderType version.  Version should be check by processing nodes to ensure compatability.","example":"1.0.0"},"clientContext":{"$ref":"#/components/schemas/ClientContextType"},"eventContext":{"$ref":"#/components/schemas/EventContextType"},"messageContext":{"$ref":"#/components/schemas/MessageContextType"},"conversationContext":{"$ref":"#/components/schemas/InteractionContextType"},"messageBrokerProcessingContext":{"$ref":"#/components/schemas/MessageBrokerProcessingContextType"},"processingNodesContext":{"$ref":"#/components/schemas/ProcessingNodesContextType"}},"description":"Universal message headers are properties inserted as part of message oriented middleware message/event messaging scheme.  The message Headers carry information targeted to one or more message/event receiving nodes.  Message/Event headers are encouraged to help instruct receiving nodes how to handle the message."},"ClientContextType":{"required":["clientId"],"properties":{"clientId":{"type":"string","description":"Unique identifier to each client. Financial Systems organization should maintain a list of clients who consume the services offered by our organzation.  Each client should be identified uniquley across all clients served.  The clientId property is intended for tracking and potential service use validation / authorization.","example":"GiftCards001, Checkout001, TicketsReceipts001, RevAcctgSales001"},"clientTransactionId":{"type":"string","description":"Unique transaction identifier generated and provided by the absolute client. If the absolute client did not provide a transaction Id then the first intermediate processing node might produce on client's behalf. Various uses include - track, correlate, idempotency and troubleshoot transaction instances.","format":"uuid","example":"d290f1ee-6c54-4b01-90e6-d701748f0851"}},"description":"Meta information providing context about the absolute client of this message. A client context represents the absolute originator of a distributed business transaction (e.g. sales channel in context of payment services transaction processing.)"},"EventContextType":{"required":["eventTimestamp","eventTypeCode"],"properties":{"eventTypeCode":{"type":"number","description":"A unique value (code) defining a specific evnet.  Event Type Codes should be predefined and assigned to Domains Products.  Event Type Codes should uniquly identify each discrete event in the domain (e.g. RA:Sales:AAiRA, RA:Payments:IPS, RA:Refunds).  Every product owns a subset (range) of Event Type Codes and these codes are unique across our domain:product ecosystem.","example":155},"eventTypeCodeAlias":{"type":"number","description":"A descriptive alias for the eventTypeCode"},"eventTimestamp":{"type":"string","description":"The time the event was created.","format":"date-time","example":"2021-01-27T09:12:33.001Z"}},"description":"meta information providing context about a message that represents a discrete event."},"MessageContextType":{"required":["messageContentType","messageId","messageTimestamp"],"properties":{"messageId":{"type":"string","description":"An identifier for this message instance.","format":"uuid","example":"d390a1fe-7c54-8b01-9ae6-c701849f0836"},"messageTimestamp":{"type":"string","description":"The time the message was created. read-only headers and cannot be overridden.","format":"date-time","example":"2021-01-27T09:12:33.001Z"},"messageContentType":{"type":"string","description":"specifies the message payload content format","example":"application/json"},"messageContentEncoding":{"type":"string","description":"specifies the message payload content encoding scheme","example":"base64, gzip"},"messageClassName":{"type":"string","description":"the data type of this message content (e.g. A Java class like com.aa.rac.ps.auth.entity.PaymentPayload)","example":"com.aa.rac.ps.auth.entity.PaymentPayload"},"messageExpirationDate":{"type":"string","description":"Indicates when the message originator deems the message to be expired.","format":"date-time","example":"2021-01-27T09:12:33.001Z"},"messagePriority":{"type":"string","description":"A message priority indicator for out-of-band priority processing.","example":"HIGH_PRIORITY"},"duplicateMessageIndicator":{"type":"boolean","description":"True if a message was detected as a duplicate by an idempotent receiver interceptor","example":true},"multiPartMessageContext":{"$ref":"#/components/schemas/MultiPartMessageContextType"}},"description":"Meta information providing context about the message and message payload."},"MultiPartMessageContextType":{"required":["messageCorrelationId","messageSequenceNumber","messageSequenceSize"],"properties":{"messageCorrelationId":{"type":"number","description":"Used to correlate two or more messages."},"messageSequenceNumber":{"type":"number","description":"Used to sequence a group of messages in messageSequenceSize."},"messageSequenceSize":{"type":"number","description":"The number of messages within a group of correlated messages."}},"description":"Meta information providing context about a multi part message exchange."},"InteractionContextType":{"required":["interactionStyle","replyUrl","replyWaitTimeout"],"properties":{"interactionStyle":{"type":"string","description":"The interaction style used for this information exchange.  One of... Fire-and-Forget - message delivery with no expecation of a reply in return. Asynchronous-Request-Response - message delivery with expectation of an acynchronous reply returned on a different messaging channel. Subscribe-Notify - message delivery using publish/subscribe where a single message producer sends to a topic or queue service one-or-more listeners (subscribers) Event-with-Payload - event notification delivery with payload included. Event-Only - event notification delivery w/o payload\"","enum":["Fire-and-Forget","Asynchronous-Request-Response","Subscribe-Notify","Event-with-Payload","Event-Only"]},"replyWaitTimeout":{"type":"number","description":"Number of milliseconds the message sender will wait for a reply when using interactionStyle requiring a reply (e.g. Asynchronous-Request-Response)."},"replyUrl":{"type":"string","description":"The URL specifying where the message sender will wait for reply messages (e.g. Asynchronous-Request-Response).  Reply messages should be delivered to this URL.","example":"https://payment.aa.com/paymentTxRely"}},"description":"messaging interactions consist of two or more conversational partners, the provider side and the consumer side. The two sides can engage using a variety of interaction patterns including Fire-and-Forget, Asynchronous Request-Response, Subscribe-Notify, Event-with-Payload, Event-Only"},"MessageBrokerProcessingContextType":{"properties":{"messageDeliveryRetry":{"$ref":"#/components/schemas/MessageDeliveryRetryType"}},"description":"Captures the context of a single messaging broker while processing the message."},"MessageDeliveryRetryType":{"required":["retryCount","retryCountMax"],"properties":{"retryCount":{"type":"number","description":"The current number of retries sending message through message broker"},"retryCountMax":{"type":"number","description":"The maximum number of retries allowed sending message through message broker"},"lastRetryTimestamp":{"type":"string","description":"Date & Time of last retry attempt","format":"date-time","example":"2022-03-15T09:12:33.001Z"},"nextRetryAttemptTimestamp":{"type":"string","description":"Date & Time for the next retry attempt","format":"date-time","example":"2022-03-15T09:20:00Z"}},"description":"Defines the parameters and captures the status of message retry."},"ProcessingNodesContextType":{"required":["processingNodeEntries"],"properties":{"processingNodeEntries":{"type":"array","description":"collection of processing nodes through which the message envelope passed","items":{"$ref":"#/components/schemas/ProcessingNodeEntryType"}}},"description":"Captures the context of a multi-processing-node information exchange between an application source and destination.  Individual processing node entries for message envelopes traversing multiple network nodes.  For example a Sales Channel might originate a message and the message traverses multiple other process nodes before landing at finals destination.  The processing node context allows each node in the path to record pertanant information here"},"ProcessingNodeEntryType":{"required":["nodeName","nodeType"],"properties":{"nodeName":{"type":"string","description":"name of this processing node (e.g. Payment Services, FADH:PaymentPipeline, etc.)."},"nodeStepName":{"type":"string","description":"name of this processing node intermediate step. A single node might have multiple ProcessingNodeEntries if there are multiple messsagebroker steps inside the node.  To support multipel entires might consider a Name Template like 'Step-#'"},"nodeType":{"type":"string","description":"the type of processing node.  One of Intermediary or FinalDestinaiton","enum":["Intermediary","FinalDestination"]},"nodeDnsName":{"type":"string","description":"the nodes DNS name.  the fully qualified domain name for this node."},"nodeTransactionId":{"type":"string","description":"A unique transaction identifier generated by each processing node. This ID is specific to the node unlike the clientTransactionId which is unique to the absolute client originating the business transaction.","format":"uuid","example":"b196e1de-4c84-9a01-2ab6-f101349f2879"},"nodeExecutionTime":{"type":"number","description":"The time (milliseconds) consumed by this processing node to perform its task(s)"},"enqueueTimestamp":{"type":"string","description":"The time stamp the message placed (PUT) onto queue/topic","format":"date-time","example":"2022-03-15T09:20:00Z"},"dequeueTimestamp":{"type":"string","description":"The time stamp the message retrieved (GET) )from queue/topic","format":"date-time","example":"2022-03-15T09:20:00Z"},"nodeTasks":{"type":"array","description":"collection of tasks performed by this node","items":{"type":"string","example":"[\"split transactions\",\"data enrichment\",\"transaction aggregator\",\"...\"]"}}},"description":"a single processing node entry (e.g. application node, or intermediary node like integration hub, or gateway service."}}}}