{"openapi":"3.0.0","info":{"title":"Digital Order","description":"Digital order APIs.","version":"1.0.0.3"},"servers":[{"url":"https://ampos-dev03c632f101846830a4devret.cloudax.dynamics.com/Commerce/"},{"url":"https://login.microsoftonline.com/"}],"tags":[{"name":"Token","description":"Retail server authorization token"},{"name":"DigitalOrder","description":"Digital order operations"}],"paths":{"/{tenant-id}/oauth2/token":{"post":{"tags":["Token"],"summary":"Get auth token.","parameters":[{"name":"tenant-id","in":"path","description":"Tenant id.","required":true,"style":"simple","explode":false,"schema":{"type":"string"}}],"requestBody":{"content":{"application/x-www-form-urlencoded":{"schema":{"required":["client_id","client_secret","grant_type","resource"],"type":"object","properties":{"grant_type":{"type":"string","description":"Default value to be passed as \"client_credentials\"","default":"client_credentials"},"client_id":{"type":"string","description":"The client ID that was generated during the client app registration."},"client_secret":{"type":"string","description":"The client secret (the secret value, not the secret ID) that was generated during the client app registration."},"resource":{"type":"string","description":"Enter the Application ID URI (this is the API URI generated during the headless Commerce app registration)."}}}}},"required":true},"responses":{"200":{"description":"Successfully returned access token.","content":{"application/json":{"schema":{"required":["access_token"],"properties":{"token_type":{"type":"string"},"expires_in":{"type":"string"},"ext_expires_in":{"type":"string"},"expires_on":{"type":"string"},"not_before":{"type":"string"},"resource":{"type":"string"},"access_token":{"type":"string","description":"Generated access token."}}}}}},"401":{"description":"Unauthorized, Invalid user token. User session has expired or invalid."},"404":{"description":"Invalid request."}},"servers":[{"url":"https://login.microsoftonline.com/"}]}},"/DigitalOrder/Create":{"post":{"tags":["DigitalOrder"],"summary":"Create an external order.","operationId":"CreateExtOrder","parameters":[{"name":"api-version","in":"query","description":"Application version","required":true,"style":"form","explode":true,"schema":{"type":"string","default":"7.3"}},{"name":"OUN","in":"header","description":"Operating unit number of store.","required":true,"style":"simple","explode":false,"schema":{"type":"string"}}],"requestBody":{"content":{"application/json":{"schema":{"$ref":"#/components/schemas/SimplifiedCart"}}},"required":true},"responses":{"200":{"description":"Successfully created cart in Retail server.","content":{"application/json":{"schema":{"$ref":"#/components/schemas/SimplifiedCart"}}}},"401":{"description":"Unauthorized, Invalid user token. User session has expired or invalid.","content":{"application/json":{"schema":{"$ref":"#/components/schemas/Exception"}}}},"404":{"description":"Invalid request.","content":{"application/json":{"schema":{"$ref":"#/components/schemas/Exception"}}}}},"security":[{"bearerAuth":[]}],"servers":[{"url":"https://ampos-dev03c632f101846830a4devret.cloudax.dynamics.com/Commerce/"}]}},"/DigitalOrder/PrePayment":{"post":{"tags":["DigitalOrder"],"summary":"Add pre payment to an order.","operationId":"AddPrePayment","parameters":[{"name":"api-version","in":"query","description":"Application version","required":true,"style":"form","explode":true,"schema":{"type":"string","default":"7.3"}},{"name":"OUN","in":"header","description":"Operating unit number of store.","required":true,"style":"simple","explode":false,"schema":{"type":"string"}}],"requestBody":{"content":{"application/json":{"schema":{"$ref":"#/components/schemas/PrePayment"}}},"required":true},"responses":{"200":{"description":"Successfully added payment to cart in Retail server.","content":{"application/json":{"schema":{"$ref":"#/components/schemas/SimplifiedCart"}}}},"401":{"description":"Unauthorized, Invalid user token. User session has expired or invalid.","content":{"application/json":{"schema":{"$ref":"#/components/schemas/Exception"}}}},"404":{"description":"Invalid request.","content":{"application/json":{"schema":{"$ref":"#/components/schemas/Exception"}}}}},"security":[{"bearerAuth":[]}],"servers":[{"url":"https://ampos-dev03c632f101846830a4devret.cloudax.dynamics.com/Commerce/"}]}},"/DigitalOrder/Order":{"post":{"tags":["DigitalOrder"],"summary":"Cancel an order.","operationId":"CancelOrder","parameters":[{"name":"api-version","in":"query","description":"Application version","required":true,"style":"form","explode":true,"schema":{"type":"string","default":"7.3"}},{"name":"OUN","in":"header","description":"Operating unit number of store.","required":true,"style":"simple","explode":false,"schema":{"type":"string"}}],"requestBody":{"content":{"application/json":{"schema":{"required":["OrderRefernceNumber"],"type":"object","properties":{"OrderRefernceNumber":{"maxLength":44,"type":"string","description":"Retail server order reference number or receipt id which was generated while creating the external order.","example":"2112OrderReference"}}}}},"required":true},"responses":{"200":{"description":"Successfully canceled cart in Retail server.","content":{"application/json":{"schema":{"$ref":"#/components/schemas/SimplifiedCart"}}}},"401":{"description":"Unauthorized, Invalid user token. User session has expired or invalid.","content":{"application/json":{"schema":{"$ref":"#/components/schemas/Exception"}}}},"404":{"description":"Invalid request.","content":{"application/json":{"schema":{"$ref":"#/components/schemas/Exception"}}}}},"security":[{"bearerAuth":[]}],"servers":[{"url":"https://ampos-dev03c632f101846830a4devret.cloudax.dynamics.com/Commerce/"}]}},"/DigitalOrder/OrderDetail":{"post":{"tags":["DigitalOrder"],"summary":"Get order details.","operationId":"GetOrderDetails","parameters":[{"name":"api-version","in":"query","description":"Application version","required":true,"style":"form","explode":true,"schema":{"type":"string","default":"7.3"}},{"name":"OUN","in":"header","description":"Operating unit number of store.","required":true,"style":"simple","explode":false,"schema":{"type":"string"}}],"requestBody":{"content":{"application/json":{"schema":{"required":["OrderRefernceNumber"],"type":"object","properties":{"OrderRefernceNumber":{"maxLength":44,"type":"string","description":"Retail server order reference number or receipt id which was generated while creating the external order.","example":"2112OrderReference"}}}}},"required":true},"responses":{"200":{"description":"Successfully retreived cart from Retail server.","content":{"application/json":{"schema":{"$ref":"#/components/schemas/SimplifiedCart"}}}},"401":{"description":"Unauthorized, Invalid user token. User session has expired or invalid.","content":{"application/json":{"schema":{"$ref":"#/components/schemas/Exception"}}}},"404":{"description":"Invalid request.","content":{"application/json":{"schema":{"$ref":"#/components/schemas/Exception"}}}}},"security":[{"bearerAuth":[]}],"servers":[{"url":"https://ampos-dev03c632f101846830a4devret.cloudax.dynamics.com/Commerce/"}]}}},"components":{"schemas":{"SimplifiedCart":{"required":["SimplifiedCart"],"type":"object","properties":{"SimplifiedCart":{"required":["CartLines","ExtCustomer","ExtOrderNumber","OrderType","Source","TakeAwayPass","TenderLines","TotalAmount"],"type":"object","properties":{"ExtCustomer":{"required":["CellPhone","City","CustomerId","Email","FirstName","LastName","Street"],"type":"object","properties":{"CustomerId":{"maxLength":38,"type":"string","description":"Customer unique identification number","example":"00021"},"Email":{"maxLength":255,"type":"string","description":"Email address of customer","example":"ak@amicissolutions.com"},"CellPhone":{"maxLength":20,"type":"string","description":"Phone number of customer","example":"9099090909"},"LastName":{"maxLength":100,"type":"string","description":"Last name","example":"Kumar"},"FirstName":{"maxLength":100,"type":"string","description":"First name","example":"Anup"},"City":{"maxLength":60,"type":"string","description":"Customer city","example":"Warszawa"},"Street":{"maxLength":20,"type":"string","description":"Customer street details","example":"ul. Gustawa Morcinka"},"StreetNumber":{"maxLength":10,"type":"string","description":"Customer apartment number","example":"5A"},"ApartNumber":{"maxLength":38,"type":"string","description":"Customer unique identification number","example":"23"}}},"FastTrackCheck":{"type":"boolean","description":"If the cart/order needs to fast tracked.","example":false,"default":false},"PriorityValue":{"type":"number","description":"Priority check nummber","example":1E+1},"CartLines":{"required":["ItemId","LineNumber","Price","ProductId","Quantity"],"type":"array","description":"The list of cart lines.There should be at least one cart line per cart.","items":{"type":"object","properties":{"ItemId":{"maxLength":100,"type":"string","description":"Item number.","example":"6800613"},"Description":{"maxLength":120,"type":"string","description":"Item name.","example":"MyBox RealDeal"},"ProductId":{"maxLength":30,"type":"string","description":"Record id for the item. In case of a variants the record id should be sent of the scpecific variant.","example":"5637183577"},"FastTrackItem":{"type":"boolean","description":"If the item needs to fast tracked.","example":false,"default":false},"PriorityValue":{"type":"number","description":"Priority check nummber","example":1E+1},"ChildLines":{"$ref":"#/components/schemas/ChildLines"},"DiscountAmount":{"type":"number","description":"Discount amount of the item for the cartline.","example":0},"DiscountLines":{"required":["OfferId"],"type":"array","description":"Discount lines if any. If there are any discount lines then either \"Amount\" or \"Percentage\" is mandatory to send along with \"OfferId\".","items":{"type":"object","properties":{"OfferId":{"maxLength":60,"type":"string","description":"Offer identification number."},"Amount":{"type":"number","description":"Offer amount."},"Percentage":{"type":"number","description":"Offer percentage."}}}},"Quantity":{"type":"number","description":"Quantity of the item.","example":1},"Comment":{"maxLength":60,"type":"string","description":"Item description if any.","example":""},"ItemTaxGroupId":{"maxLength":10,"type":"string","description":"Item tax group id.","example":""},"LineNumber":{"type":"number","description":"Line number of item in the child lines.","example":1},"Price":{"type":"number","description":"Price of the item.","example":4.5},"UnitOfMeasureSymbol":{"type":"string","description":"Unit of measure.","example":"ea"}}}},"Comments":{"maxLength":60,"type":"string","description":"Order comment if any, for example delivery notes.","example":"Info"},"SalesChannel":{"maxLength":30,"type":"string","description":"Sales channel of the store.","example":"5637144577"},"OrderDiscounts":{"required":["PromoCode"],"type":"array","description":"Order discounts if any. If there are any order discounts lines then either \"Value\" or \"Percent\" is mandatory to send along with \"PromoCode\".","items":{"type":"object","properties":{"Id":{"maxLength":60,"type":"string","description":"Order discount identification number."},"Value":{"type":"number","description":"Discount amount."},"Percent":{"type":"number","description":"Discount percentage."},"PromoCode":{"maxLength":60,"type":"string","description":"Promotion identification number."}}}},"DiscountAmount":{"type":"number","description":"Total discount on the order.","example":0},"TotalAmount":{"type":"number","description":"Total amount of the cart with tax and discount applied.","example":14},"TenderLines":{"required":["Amount","Currency","LineNumber","TenderTypeId"],"type":"array","description":"List of tender lines.","items":{"type":"object","properties":{"Amount":{"type":"number","description":"Amount per tender line.","example":6},"CaptureToken":{"maxLength":150,"type":"string","description":"Credit card authorization code.","example":""},"CardTypeId":{"maxLength":10,"type":"string","description":"Credit card type like \"Visa\", \"Master\".","example":""},"Currency":{"maxLength":3,"type":"string","description":"Currency id.","example":"PLN"},"LineNumber":{"type":"number","description":"Line number of tender line.","example":1},"TenderTypeId":{"maxLength":10,"type":"string","description":"Tender type identification number.","example":"1"}}}},"ExtOrderNumber":{"maxLength":44,"type":"string","description":"Unique external order reference number should be sent by external system.","example":"W/D/20191218/JFHKVIY"},"OrderType":{"maxLength":10,"type":"string","description":"Order type of the sales either \"TAKEAWAY\", \"DINEIN\", or \"DELIVERY\".","example":"TAKEAWAY"},"Source":{"maxLength":10,"type":"string","description":"The source where order comes from like \"Web\" .","example":"Web"},"TakeAwayPass":{"maxLength":60,"type":"string","description":"Password used to verify client before handing out takeaway order.","example":"ilovepizza"},"DeliveryTime":{"maxLength":20,"type":"string","description":"ISO 8601 format. Acceptable date-time format is \"yyyy-MM-dd hh:mm:ss\".","example":"2022-04-20 14:14:00"},"PickupTime":{"maxLength":20,"type":"string","description":"ISO 8601 format. Acceptable date-time format is \"yyyy-MM-dd hh:mm:ss\".","example":"2022-04-20 14:14:00"},"TableNumber":{"maxLength":10,"type":"string","description":"Table number.","example":""},"RetailServerReferenceNumber":{"maxLength":18,"type":"string","description":"RetailServer reference number for the suspended/concluded transaction. No value should be passed by external system.","readOnly":true,"example":"2112OrderReference"},"CheckNumber":{"type":"string","description":"Check number. No value should be passed by external system.","readOnly":true,"example":"1"},"ReceiptNumber":{"maxLength":18,"type":"string","description":"Suspended/Concluded transaction receipt number. No value should be passed by external system.","readOnly":true,"example":"202112Receipt"}},"description":"Simplified cart for getting external order."}}},"PrePayment":{"required":["SimplifiedCart"],"type":"object","properties":{"OrderRefernceNumber":{"maxLength":44,"type":"string","description":"Retail server order reference number or receipt id which was generated while creating the external order.","example":"2112OrderReference"},"TenderLines":{"required":["Amount","Currency","LineNumber","TenderTypeId"],"type":"array","description":"List of tender lines.","items":{"type":"object","properties":{"Amount":{"type":"number","description":"Amount per tender line.","example":1E+1},"CaptureToken":{"maxLength":150,"type":"string","description":"Credit card authorization code.","example":""},"CardTypeId":{"maxLength":10,"type":"string","description":"Credit card type like \"Visa\", \"Master\".","example":""},"Currency":{"maxLength":3,"type":"string","description":"Currency id.","example":"PLN"},"LineNumber":{"type":"number","description":"Line number of tender line.","example":1},"TenderTypeId":{"maxLength":10,"type":"string","description":"Tender type identification number.","example":"1"}}}}}},"ChildLines":{"required":["CustomizationInfo","ItemId","ItemTaxGroupId","LineNumber","Price","Quantity","UnitOfMeasureSymbol"],"type":"array","items":{"type":"object","properties":{"LineNumber":{"type":"number","description":"Line number of item in the child lines.","example":1},"ItemId":{"maxLength":100,"type":"string","description":"Item number.","example":"P3T6158503"},"Description":{"maxLength":120,"type":"string","description":"Item name.","example":"SFD_M_Chicken"},"ProductId":{"maxLength":30,"type":"string","description":"Record id for the item. In case of a variants the record id should be sent of the scpecific variant.","example":"5637182078"},"Quantity":{"type":"number","description":"Quantity of the item.","example":1},"Comment":{"maxLength":60,"type":"string","description":"Item description if any.","example":""},"UnitOfMeasureSymbol":{"maxLength":20,"type":"string","description":"Unit of measure symbol of the item.","example":"ea"},"Price":{"type":"number","description":"Price of the item.","example":5},"DiscountLines":{"required":["OfferId"],"type":"array","description":"Discount lines if any. If there are any discount lines then either \"Amount\" or \"Percentage\" is mandatory to send along with \"OfferId\".","items":{"type":"object","properties":{"OfferId":{"maxLength":60,"type":"string","description":"Offer identification number."},"Amount":{"type":"number","description":"Offer amount."},"Percentage":{"type":"number","description":"Offer percentage."}}}},"ItemTaxGroupId":{"maxLength":10,"type":"string","description":"Item tax group id.","example":"U_B"},"CustomizationInfo":{"required":["Type"],"properties":{"Type":{"maxLength":20,"type":"string","description":"Either one of \"Ingredient\", \"Modifier\", \"Text\", \"Component\" or \"\". This defines the type which added on the base item.","example":""},"Mode":{"maxLength":20,"type":"string","description":"If any changes on the ingredients. Either \"Standard\", \"Hold\", \"Extra\", \"Light\",\"Substitute\" or \"\".","example":""},"PizzaSection":{"maxLength":20,"type":"string","description":"Pizza options. Either one of the options \"Whole\", \"Left\", \"Right\" or \"\".","example":""}},"description":"Item customization details."},"ChildLines":{"required":["CustomizationInfo","ItemId","ItemTaxGroupId","LineNumber","Price","Quantity","UnitOfMeasureSymbol"],"type":"array","items":{"type":"object","properties":{"LineNumber":{"type":"number","description":"Line number of item in the child lines.","example":1},"ItemId":{"maxLength":100,"type":"string","description":"Item number.","example":"P3T6900105"},"Description":{"maxLength":120,"type":"string","description":"Item name.","example":"M_Ham"},"ProductId":{"maxLength":30,"type":"string","description":"Record id for the item. In case of a variants the record id should be sent of the scpecific variant.","example":"5637182125"},"Quantity":{"type":"number","description":"Quantity of the item.","example":1},"Comment":{"maxLength":60,"type":"string","description":"Item description if any.","example":""},"UnitOfMeasureSymbol":{"maxLength":20,"type":"string","description":"Unit of measure symbol of the item.","example":"ea"},"Price":{"type":"number","description":"Price of the item.","example":4.5},"DiscountLines":{"required":["OfferId"],"type":"array","description":"Discount lines if any. If there are any discount lines then either \"Amount\" or \"Percentage\" is mandatory to send along with \"OfferId\".","items":{"type":"object","properties":{"OfferId":{"maxLength":60,"type":"string","description":"Offer identification number."},"Amount":{"type":"number","description":"Offer amount."},"Percentage":{"type":"number","description":"Offer percentage."}}}},"ItemTaxGroupId":{"maxLength":10,"type":"string","description":"Item tax group id.","example":"U_B"},"CustomizationInfo":{"required":["Type"],"type":"object","properties":{"Type":{"maxLength":20,"type":"string","description":"Either one of \"Ingredient\", \"Modifier\", \"Text\", \"Component\" or \"\". This defines the type which added on the base item.","example":"Modifier"},"Mode":{"maxLength":20,"type":"string","description":"If any changes on the ingredients. Either \"Standard\", \"Hold\", \"Extra\", \"Light\",\"Substitute\" or \"\".","example":""},"PizzaSection":{"maxLength":20,"type":"string","description":"Pizza options. Either one of the options \"Whole\", \"Left\", \"Right\" or \"\".","example":"Left"}},"description":"Item customization details."}}}}}}},"Exception":{"type":"object","properties":{"TypeName":{"type":"string","description":"Type name."},"Exception":{"type":"string","description":"Exception."},"CorrelationId":{"type":"string","description":"Correlation id is used for tracking the request."}}}},"securitySchemes":{"bearerAuth":{"type":"http","scheme":"bearer"}}}}