{"openapi":"3.0.0","info":{"title":"Empleados API","version":"1.0"},"servers":[{"url":"https://virtserver.swaggerhub.com/AnaCarolina12/MyApiCompany/1.0","description":"SwaggerHub API Auto Mocking"},{"url":"http://localhost:8080","description":"Empleados"}],"paths":{"/empleados":{"get":{"description":"Returns a list of employees","responses":{"200":{"description":"OK","content":{"application/json":{"schema":{"type":"array","items":{"$ref":"#/components/schemas/empleados"}}}}},"400":{"description":"Error de petición","content":{"application/json":{"schema":{"type":"object","properties":{"message":{"type":"string"},"code":{"type":"integer"}}}}}}}},"post":{"description":"Post a new employee","requestBody":{"content":{"application/json":{"schema":{"$ref":"#/components/schemas/empleados"}}},"required":true},"responses":{"200":{"description":"OK"},"400":{"description":"Error de petición","content":{"application/json":{"schema":{"type":"object","properties":{"message":{"type":"string"},"code":{"type":"integer"}}}}}}}}},"/empleados/{dni}":{"get":{"description":"Obtain information about an employee from his or her unique dni","parameters":[{"name":"dni","in":"path","required":true,"style":"simple","explode":false,"schema":{"type":"string"}}],"responses":{"200":{"description":"OK"},"400":{"description":"Error de petición","content":{"application/json":{"schema":{"type":"object","properties":{"message":{"type":"string"},"code":{"type":"integer"}}}}}}}},"delete":{"parameters":[{"name":"dni","in":"path","required":true,"style":"simple","explode":false,"schema":{"type":"string"}}],"responses":{"200":{"description":"OK"}}}}},"components":{"schemas":{"empleados":{"type":"object","properties":{"dni":{"type":"string"},"nombre":{"type":"string"},"apellidos":{"type":"string"}}}},"responses":{"Error":{"description":"Error de petición","content":{"application/json":{"schema":{"type":"object","properties":{"message":{"type":"string"},"code":{"type":"integer"}}}}}}}}}