{"openapi":"3.0.0","info":{"title":"VirtualPOS Oneclick Integración PST","description":"La siguiente documentación especifica la API REST para integración de Prestadores de Servicios Tecnológicos (PST) con Oneclick VirtualPOS.\nLas operaciones permitirán realizar la inscripcion de tarjetas de crédito, débito y prepago en VirtualPOS, y efectuar cargos sobre las tarjetas inscritas en nombre de un Establecimiento relacionado al PST.\n\nRequisitos preliminares para integrarse:\n\n1.  La empresa Prestadora de Servicios Tecnológicos debe tener un convenio activo con VirtualPOS\n2.  Contar con una secret_key activa y válida para utilizar la API.\n3.  Contar con una plataforma de software que implemente el estándar JWT (RFC 7519)\n\nPara consultas técnicas asociada la integración deb en ser enviadas a soporte@virtualpos.cl\n\n**Breve explicación del modelo de integración**\n\nEl Prestador de Servicios Tecnológicos deberá iniciar una inscripcion en nombre de un establecimiento, el cual es identificado deforma única a través de el identificador fiscal (RUT de la empresa). Para iniciar la inscripción y realizar su validación se deben seguir los siguientes pasos:\n\n1.  **Iniciar una inscripción Oneclick PST VirtualPOS.**\n    El inicio de la inscripcion de una tarjeta de crédito, débito o prepago se realiza a través del método de la API **/oneclick/registernewcard** esta operación iniciará el proceso y marcara la solicitud con el estado “INSCRIBIENDO” en VirtualPOS.\n2.  **Redireccionamiento.** \n  El redireccionamiento permite al cliente visualizar el formulario de inscripción en su navegador Web. El cliente debe ser redirigido a la URL **“url_redirect”** entregada como resultado del método API **/oneclick/registernewcard**.\n  \n  \n  3.  **Recepcionar y validar resultado de la inscripcion.** Una vez finalizado el proceso de inscripcion de la tarjeta por parte del cliente, en la cual esta incluida la autenticacion financiera del cliente en el banco emisor de la tarjeta, el flujo de navegación se redireccionará a la página de solución del PST, enviado el parámetro **“uuid”** a través de método POST. Al momento de recepcionar el “uuid” se deberá ejecutar la operación **oneclick/getstatusnewcard** para conocer el estado y resultado de la inscripcion. El estado es “FALLIDA” indica que no se pudo realizar la inscripción. El estado **\"INSCRITA\"** indica que la inscripción ya se encuentra efectuada correctamente y el comercio podra enviar cargos a la tarjeta.\n  \n  4. **Realizar cargos en la tarjeta INSCRITA.** Para efectuar cargos en la tarjeta inscrita por el cliente, el comercio debe consumir el servicio **oneclick/authorizeOC** el cual efectuará el cargo en linea informando el resultado al PST.\n  \n\nEs requisito almacenar por al menos 1 año la información del pago autorizado entregada en la respuesta del servicio **oneclick/authorizeOC** (uuid de la inscripción, fecha de autorización, monto, cantidad de cuotas, monto de cada cuota)\n\nDependiendo del resultado de la transacción, el PST debe desplegar un mensaje al usuario pagador de éxito o fracaso. \n\n  **Firma de operaciones de la API**  \n  \n  Para integrarse con VirtualPOS es necesario firmar el mensaje con la secret_key asociada a la cuenta VirtualPOS, con el fin de se garantizar que ninguno de los valores enviados sean alterados en el tránsito del mensaje.\n  \n  En el siguiente recuadro se ejemplifica, en lenguaje PHP, el código necesario para la firma del mensaje utilizando la secret key de su cuenta virtualpos y la invocación de la API.\n  \n  En este ejemplo, asociado al método getstatus requiere 2 parámetros:\n\n  1.  uuid\n  2.  commerce_id\n\n  Una vez generada la firma, esta debe ser incluida en el listado de parámetros del objeto JSON como un parámetro más (“signature”).\n\n  En el header es necesario incluir el parámetro “Authorization” con valor de la api key del PST.\n  \n<!--\ntitle: \"PHP\"\nlineNumbers: true\n-->\n\n```\n$token_payload = array();\n$token_payload['uuid'] = $uuid;\n$token_payload['commerce_id'] = $commerce_id;\n    \n$jwt = JWT::encode($token_payload, $secret_key);\n$client = new Client([\n                        'headers' => [ \n                        'Content-Type' => 'application/json' ,\n                        'Authorization'=>$api_key ]\n                        ]);\n                        \n$response = $client->post( $endpoint , [\n    'json' => [\n        'uuid' => $uuid,\n        'commerce_id' => $commerce_id,\n        'signature' => $jwt\n            ]\n        ]);                    \n\n$response_decode = json_decode($response->getBody()->getContents());\n\n```\n","version":"1.0.0"},"servers":[{"url":"https://virtserver.swaggerhub.com/AndesTecnologia/OneclickPST/1.0.0","description":"SwaggerHub API Auto Mocking"},{"url":"https://virtserver.swaggerhub.com/AndesTecnologia/VirtualPOSPST/1.0.0","description":"SwaggerHub API Auto Mocking"},{"url":"https://pst-api.virtualpos.cl/v1","description":"VirtualPOS Oneclick API PST Producción, una vez realizada la integración y validado que el software funciona correctamente, podra operar en el ambiente de producción de virtualPOS, aqui su cliente podra realizar Inscripciones y cargos a sus clientes."},{"url":"https://pst-api.virtualpos-sandbox.com/v1","description":"VirtualPOS Oneclick API PST Desarrollo, este ambiente esta destinado para poder realizar la integración de su software con virtualPOS, podra realizar Inscripciones y cargos de prueba y validar condiciones de borde."}],"tags":[{"name":"Oneclick","description":"Realizar inscripciones de tarjetas de crédito, débito y prepago y realizar cargos en virtualpos.cl","externalDocs":{"description":"Más información","url":"http://www.virtualpos.cl"}}],"paths":{"/oneclick/registernewcard":{"post":{"tags":["Oneclick"],"summary":"Inicia una  inscripcion de tarjeta oneclick en VirtualPOS.","requestBody":{"description":"Valores obligatorios señalados con un Asterisco","content":{"application/json":{"schema":{"required":["callback_url","commerce_id","email","first_name","last_name","phone","return_url","signature","social_id"],"type":"object","properties":{"commerce_id":{"type":"string","description":"Rut del comercio hijo PST (sin comas y con guión)","example":"98765432-1"},"email":{"type":"string","description":"Correo electrónico del cliente","format":"email"},"social_id":{"type":"string","description":"Rut del cliente","example":"12345678-9"},"first_name":{"type":"string","description":"Nombre del cliente","example":"John"},"last_name":{"type":"string","description":"Apellido del cliente","example":"Doe"},"phone":{"type":"string","description":"Teléfono del cliente","format":"phone","example":"56987654321"},"return_url":{"type":"string","description":"URL a la cual se retornará una vez que se haya finalizado el proceso de inscripcion en VirtualPOS, La URL debe ser codificada en Base64","example":"Base64('http://www.miecommerce.com/return')"},"callback_url":{"type":"string","description":"URL a la cual se realizará un callback Asincrono una vez que se haya finalizado el inscripcion en VirtualPOS, La URL debe ser codificada en Base64","example":"Base64('http://www.miecommerce.com/callback')"},"signature":{"type":"string","description":"Firma de la transacción","example":"jwt_encode()"}}}}},"required":true},"responses":{"200":{"description":"JSON con el objeto de la transaccion Spot VirtualPOS","content":{"application/json":{"schema":{"type":"object","properties":{"status":{"type":"string","description":"Glosa estado de la solicitud de inicio de inscripción VirtualPOS","format":"int64","example":"OK"},"code":{"type":"integer","description":"Código estado de la solicitud de inicio de inscripción","format":"int64","example":200},"client":{"type":"object","properties":{"email":{"type":"string","description":"Correo electrónico del cliente","format":"email","example":"user@example.com"},"first_name":{"type":"string","description":"Nombre del cliente","example":"John"},"last_name":{"type":"string","description":"Apellido del cliente","example":"Doe"},"social_id":{"type":"string","description":"Rut de cliente","example":"12345678-9"},"phone":{"type":"string","description":"Teléfono del cliente","example":"56961934502"}}},"commerce":{"type":"object","properties":{"commerce_id":{"type":"string","description":"rut del comercio para el cual se creará y procesará la inscripción.","example":"76123456-7"},"name":{"type":"string","description":"Nombre del comercio para el cual se creará y procesará la inscripción.","example":"Comercial Andes"}}},"uuid":{"type":"string","description":"identificador único de la inscripción en VirtualPOS","example":"57276136aad3ecad"},"url_redirect":{"type":"string","description":"url donde debe ser redirigido el cliente para continuar con la inscripción","example":"https://pst-api.virtualpos-sandbox.com/oneclick/57276136aad3ecad"}}}}}},"401":{"description":"JSON con el error en el inicio de la inscripción","content":{"application/json":{"schema":{"type":"object","properties":{"status":{"type":"string","description":"Glosa estado de la solicitud de inicio de inscripción VirtualPOS","format":"int64","example":"ERROR"},"code":{"type":"integer","description":"Código de error.","format":"int64","example":401},"message":{"type":"string","description":"Glosa con el detalle del error.","example":"Ocurrió un problema al iniciar la inscripción."}}}}}}},"security":[{"api_key":[]}]}},"/oneclick/getstatusnewcard":{"post":{"tags":["Oneclick"],"summary":"Obtiene el status de la inscripcion de tarjeta oneclick en VirtualPOS.","requestBody":{"description":"Valores obligatorios señalados con un Asterisco","content":{"application/json":{"schema":{"required":["commerce_id","signature","uuid"],"type":"object","properties":{"uuid":{"type":"string","description":"identificador único de la inscripción en VirtualPOS","example":"083613a748190d26"},"commerce_id":{"type":"string","description":"Rut del comercio hijo PST (sin comas y con guión)","example":"98765432-1"},"signature":{"type":"string","description":"Firma de la transacción","example":"jwt_encode()"}}}}},"required":true},"responses":{"200":{"description":"JSON con el objeto de la inscripción VirtualPOS","content":{"application/json":{"schema":{"type":"object","properties":{"status":{"type":"string","description":"Estado de la inscripción VirtualPOS","format":"int64","example":"INSCRITA"},"code":{"type":"integer","description":"Código estado de la solicitud de inicio de inscripción","format":"int64","example":200},"uuid":{"type":"string","description":"identificador único de la inscripcion en VirtualPOS","example":"083613a748190d26"},"client":{"type":"object","properties":{"email":{"type":"string","description":"Correo electrónico del cliente","format":"email","example":"user@example.com"},"first_name":{"type":"string","description":"Nombre del cliente","example":"John"},"last_name":{"type":"string","description":"Apellido del cliente","example":"Doe"},"social_id":{"type":"string","description":"Rut de cliente","example":"12345678-9"},"phone":{"type":"string","description":"Teléfono del cliente","example":"56961934502"}}},"commerce":{"type":"object","properties":{"commerce_id":{"type":"string","description":"rut del comercio para el cual se creó y procesó la orden.","example":"76123456-7"},"name":{"type":"string","example":"Comercial Andes"}}},"username":{"type":"string","description":"identificador único del cliente en VirtualPOS","example":"83da3d0793991b1a854c"},"tokenCard":{"type":"string","description":"identificador único de la tarjeta inscrita en VirtualPOS","example":"4eeda2e4-238f-423c-b039-0f417a0ea071"},"last4CardDigit":{"type":"string","description":"Últimos 4 digitos de la tarjeta inscrita","example":"6633"},"creditCardType":{"type":"string","description":"Tipo de la tarjeta inscrita en VirtualPOS","example":"visa"}}}}}},"401":{"description":"JSON con el error al recuperar la transacción","content":{"application/json":{"schema":{"type":"object","properties":{"status":{"type":"string","description":"Glosa estado de la solicitud de inicio de transacción virtualpos","format":"int64","example":"ERROR"},"code":{"type":"integer","description":"Código de error.","format":"int64","example":401},"message":{"type":"string","description":"Glosa con el detalle del error.","example":"Ocurrió un problema al recuperar la información de la transacción."}}}}}}},"security":[{"api_key":[]}]}},"/oneclick/authorizeOC":{"post":{"tags":["Oneclick"],"summary":"Efectua un cargo a la tarjeta inscrita en VirtualPOS.","requestBody":{"description":"Valores obligatorios señalados con un Asterisco","content":{"application/json":{"schema":{"required":["amount","commerce_id","description","merchant_internal_channel","merchant_internal_code","shares_number","signature","tokenCard","username"],"type":"object","properties":{"commerce_id":{"type":"string","description":"Rut del comercio hijo PST (sin comas y con guión)","example":"98765432-1"},"amount":{"type":"integer","description":"Monto de la venta en pesos chilenos (CLP","format":"number"},"shares_number":{"type":"integer","description":"Número de cuotas","example":1},"username":{"type":"string","description":"identificador único del cliente en VirtualPOS","example":"83da3d0793991b1a854c"},"tokenCard":{"type":"string","description":"identificador único de la tarjeta inscrita en VirtualPOS","example":"4eeda2e4-238f-423c-b039-0f417a0ea071"},"description":{"type":"string","description":"Detalle del producto o Servicio que se requiere ser pagado por el cliente, se debe incluir el detalle del producto o servicio a pagar","example":"OC-1234 - Apple Watch 3G 2021"},"merchant_internal_code":{"type":"string","description":"Identificador del comercio, útil para efectuar la trazabilidad de la transacción, por ejemplo el número de factura, pedido, boleta, etc.","example":"id_1234"},"merchant_internal_channel":{"type":"string","description":"Identificador del canal que utiliza el comercio para iniciar la transaccion VirtualPOS","example":"portal_pagos"},"signature":{"type":"string","description":"Firma de la transacción","example":"jwt_encode()"}}}}},"required":true},"responses":{"200":{"description":"JSON con el objeto de la transaccion Spot VirtualPOS","content":{"application/json":{"schema":{"type":"object","properties":{"status":{"type":"string","description":"Glosa estado de la solicitud de inicio de transacción virtualpos","format":"int64","example":"OK"},"code":{"type":"integer","description":"Código estado de la solicitud de inicio de transacción","format":"int64","example":200},"client":{"type":"object","properties":{"email":{"type":"string","description":"Correo electrónico del cliente","format":"email","example":"user@example.com"},"first_name":{"type":"string","description":"Nombre del cliente","example":"John"},"last_name":{"type":"string","description":"Apellido del cliente","example":"Doe"},"social_id":{"type":"string","description":"Rut de cliente","example":"12345678-9"},"phone":{"type":"string","description":"Teléfono del cliente","example":"56961934502"}}},"commerce":{"type":"object","properties":{"commerce_id":{"type":"string","description":"rut del comercio para el cual se creó y procesó la orden.","example":"76123456-7"},"name":{"type":"string","description":"Nombre del comercio para el cual se creó y procesó la orden.","example":"Comercial Andes"}}},"order":{"type":"object","properties":{"uuid":{"type":"string","description":"identificador único de la transacción en virtualpos","example":"083613a748190d26"},"status":{"type":"string","description":"Estado de la orden VirtualPOS","enum":["pagado","pendiente","rechazado","expirado"]},"created_at":{"type":"string","description":"Fecha de creación de la orden de pago VirtualPOS","example":"2021-09-08 11:20:31"},"card_number":{"type":"integer","description":"Últimos 4 digitos de la tarjeta con la que se realizó el pago","format":"int64","example":1234},"authorized_at":{"type":"string","description":"Fecha en la cual se autorizo la transacción","example":"2021-09-08 11:21:31"},"auth_code":{"type":"string","description":"código de autorizacion de la transacción","example":"1234"},"installment_amount":{"type":"integer","description":"monto de cada una de las cuota","format":"int64","example":0},"installment_number":{"type":"integer","description":"Número de cuotas con la cual se realizó la compra","format":"int64","example":0},"payment_type_code":{"type":"string","example":"VN","enum":["VC","VN","SI","Transferencia","QR"]},"amount":{"type":"integer","description":"monto total de la transacción","format":"int64","example":9990},"merchant_internal_code":{"type":"string","description":"Identificar del comercio, útil para realizar trazabilidad de la trasaccion","example":"OC-1234"},"merchant_internal_channel":{"type":"string","description":"Identificar del canal del comercio que realiza la transacción virtualpos","example":"portal_pagos"},"deposits":{"type":"array","description":"depositos o abonos que se realizaran en la cuenta corriente del comercio","items":{"type":"object","properties":{"description":{"type":"string","description":"Número del abono con respecto al total de abonos.","example":"1/1"},"installment":{"type":"integer","description":"Monto total de la cuota sujeta a comision","example":9900},"processing_flat_fee":{"type":"integer","description":"Costo fijo de comision que cobrará VirtualPOS","example":0},"processing_fee":{"type":"integer","description":"Costo variable de comision que cobrará VirtualPOS","example":117},"payout_amount":{"type":"integer","description":"Monto del abono que realizará VirtualPOS","example":9783},"payout_date":{"type":"string","description":"Fecha en que se realizará abono","example":"2021-09-21"}}}}}}}}}}},"401":{"description":"JSON con el error al recuperar la transacción","content":{"application/json":{"schema":{"type":"object","properties":{"status":{"type":"string","description":"Glosa estado de la solicitud de inicio de transacción virtualpos","format":"int64","example":"ERROR"},"code":{"type":"integer","description":"Código de error.","format":"int64","example":401},"message":{"type":"string","description":"Glosa con el detalle del error.","example":"Ocurrió un problema al recuperar la información de la transacción."}}}}}}},"security":[{"api_key":[]}]}}},"components":{"securitySchemes":{"api_key":{"type":"apiKey","description":"API key to authorize requests.","name":"authorization","in":"header"}}}}