{"openapi":"3.0.0","info":{"title":"SparAssembler","version":"1.1"},"servers":[{"url":"http://spar.westpower.ru/api/1.0.0","description":"SwaggerHub API Auto Mocking"}],"tags":[{"name":"user","description":"Авторизация"},{"name":"tokens","description":"Токены доступа"},{"name":"list","description":"Списки"},{"name":"order","description":"Заказы"},{"name":"product","description":"Работа с товарами"}],"paths":{"/user/requestCode":{"post":{"tags":["user"],"summary":"Запрос отправки СМС на указанный номер телефона","requestBody":{"content":{"application/json":{"schema":{"$ref":"#/components/schemas/UserSMSRequest"}}}},"responses":{"200":{"description":"Код отправлен","content":{"application/json":{"schema":{"$ref":"#/components/schemas/UserCodeResponse"}}}},"400":{"description":"Некорректно переданные данные","content":{"application/json":{"schema":{"$ref":"#/components/schemas/Error"}}}},"500":{"description":"Ошибка сервера"}}}},"/user/confirmCode":{"post":{"tags":["user"],"summary":"Авторизация по номеру телефона и коду из СМС","description":"Схема использования двух токенов\n\nПервый, access token, используется при запросах к серверу. У него есть два свойства: он многоразовый и короткоживущий. Наш, к примеру, живет 24 часа. \n\nВторой, refresh token, используется для обновления пары access и refresh токенов. У него тоже есть два свойства, обратные первому токену: он одноразовый и долгоживущий. Совсем долгоживуший, наш живет 30 дней. \n\nСхема использования у токенов следующая: \n1. Пользователь логинится в приложении, а сервер возвращает два токена и время их жизни. \n2. Приложение сохраняет токены и использует access token для последующих запросов. \n3. Когда время жизни access token подходит к концу, приложение использует refresh token, чтобы обновить оба токена и продолжить использовать новый access token.\n\nВажно! access_token != refresh_token\n","requestBody":{"content":{"application/json":{"schema":{"$ref":"#/components/schemas/UserAuthRequest"}}}},"responses":{"200":{"description":"Пользователь авторизован","content":{"application/json":{"schema":{"$ref":"#/components/schemas/UserAuthResponse"}}}},"400":{"description":"Некорректно переданные данные (в том числе отказ авторизации)","content":{"application/json":{"schema":{"$ref":"#/components/schemas/Error"}}}},"500":{"description":"Ошибка сервера"}}}},"/tokens/refresh/{token}":{"get":{"tags":["tokens"],"summary":"Обновление токена","parameters":[{"name":"token","in":"path","required":true,"style":"simple","explode":false,"schema":{"type":"string","format":"uuid"}}],"responses":{"200":{"description":"Новый токен","content":{"application/json":{"schema":{"$ref":"#/components/schemas/UserAuthResponse"}}}},"400":{"description":"Некорректно переданные данные (в том числе отказ авторизации)","content":{"application/json":{"schema":{"$ref":"#/components/schemas/Error"}}}},"500":{"description":"Ошибка сервера"}}}},"/user/profile":{"get":{"tags":["user"],"summary":"Данные текущего пользователя","responses":{"200":{"description":"Данные пользователя","content":{"application/json":{"schema":{"$ref":"#/components/schemas/UserProfile"}}}},"400":{"description":"Некорректно переданные данные","content":{"application/json":{"schema":{"$ref":"#/components/schemas/Error"}}}},"500":{"description":"Ошибка сервера"}},"security":[{"ApiKeyAuth":[]}]}},"/user/logout":{"post":{"tags":["user"],"summary":"Выйти из под учетки","responses":{"200":{"description":"Запрос выполнен успешно"},"400":{"description":"Некорректно переданные данные","content":{"application/json":{"schema":{"$ref":"#/components/schemas/Error"}}}},"403":{"description":"Ключ доступа указан некорректно, или истек срок жизни ключа."},"500":{"description":"Ошибка сервера"}},"security":[{"ApiKeyAuth":[]}]}},"/list/slots":{"get":{"tags":["list"],"summary":"Получить список слотов","responses":{"200":{"description":"Запрос выполнен успешно","content":{"application/json":{"schema":{"$ref":"#/components/schemas/SlotList"}}}},"400":{"description":"Некорректно переданные данные","content":{"application/json":{"schema":{"$ref":"#/components/schemas/Error"}}}},"403":{"description":"Ключ доступа указан некорректно, или истек срок жизни ключа."},"500":{"description":"Ошибка сервера"}},"security":[{"ApiKeyAuth":[]}]}},"/orders":{"get":{"tags":["order"],"summary":"Получить список заказов","parameters":[{"name":"page","in":"query","required":true,"style":"form","explode":true,"schema":{"type":"string","description":"Текущая страница выборки","example":"1"}},{"name":"limit","in":"query","required":true,"style":"form","explode":true,"schema":{"type":"integer","description":"Кол-во элементов в выборке","example":30}},{"name":"statuses","in":"query","required":false,"style":"form","explode":true,"schema":{"type":"string","description":"Статусы заказа, разделенные запятой (todo согласовать идентификаторы статусов)."}},{"name":"slots","in":"query","required":false,"style":"form","explode":true,"schema":{"type":"string","description":"Слоты доставки, разделенные запятой (todo согласовать идентификаторы слотов).","example":""}}],"responses":{"200":{"description":"Запрос выполнен успешно","content":{"application/json":{"schema":{"$ref":"#/components/schemas/Orders"}}}},"400":{"description":"Некорректно переданные данные","content":{"application/json":{"schema":{"$ref":"#/components/schemas/Error"}}}},"403":{"description":"Ключ доступа указан некорректно, или истек срок жизни ключа."},"500":{"description":"Ошибка сервера"}},"security":[{"ApiKeyAuth":[]}]}},"/order/{id}":{"get":{"tags":["order"],"summary":"Получить данные заказа","parameters":[{"name":"id","in":"path","description":"ID Заказа","required":true,"style":"simple","explode":false,"schema":{"type":"integer"}}],"responses":{"200":{"description":"Запрос выполнен успешно","content":{"application/json":{"schema":{"$ref":"#/components/schemas/Order"}}}},"400":{"description":"Некорректно переданные данные","content":{"application/json":{"schema":{"$ref":"#/components/schemas/Error"}}}},"403":{"description":"Ключ доступа указан некорректно, или истек срок жизни ключа."},"500":{"description":"Ошибка сервера"}},"security":[{"ApiKeyAuth":[]}]}},"/order/{id}/assembly":{"post":{"tags":["order"],"summary":"Выполнить сборку","description":"Выполнять сборку (отправлять данные) можно как по каждому заказанному товару в отдельности, там и списком для всего заказа сразу. При этом если переданны данные для сборки с указанным cart_id, то они перезатирают существующие данные о сборке.","parameters":[{"name":"id","in":"path","description":"ID Заказа","required":true,"style":"simple","explode":false,"schema":{"type":"integer"}}],"requestBody":{"content":{"application/json":{"schema":{"$ref":"#/components/schemas/AssemblyList"}}}},"responses":{"200":{"description":"Запрос выполнен успешно"},"400":{"description":"Некорректно переданные данные","content":{"application/json":{"schema":{"$ref":"#/components/schemas/Error"}}}},"403":{"description":"Ключ доступа указан некорректно, или истек срок жизни ключа."},"500":{"description":"Ошибка сервера"}},"security":[{"ApiKeyAuth":[]}]}},"/order/{id}/check":{"post":{"tags":["order"],"summary":"Проверить сборку заказа","description":"Выполнять проверку (отправлять данные) можно как по каждому заказанному товару в отдельности, там и списком для всего заказа сразу. При этом если переданны данные о проверке сборки с указанным cart_id, то они перезатирают существующие данные о проверке.","parameters":[{"name":"id","in":"path","description":"ID Заказа","required":true,"style":"simple","explode":false,"schema":{"type":"integer"}}],"requestBody":{"content":{"application/json":{"schema":{"$ref":"#/components/schemas/CheckAssemblyList"}}}},"responses":{"200":{"description":"Запрос выполнен успешно"},"400":{"description":"Некорректно переданные данные","content":{"application/json":{"schema":{"$ref":"#/components/schemas/Error"}}}},"403":{"description":"Ключ доступа указан некорректно, или истек срок жизни ключа."},"500":{"description":"Ошибка сервера"}},"security":[{"ApiKeyAuth":[]}]}},"/order/{id}/status":{"post":{"tags":["order"],"summary":"Изменить статус заказа","parameters":[{"name":"id","in":"path","required":true,"style":"simple","explode":false,"schema":{"type":"integer"}}],"requestBody":{"content":{"application/json":{"schema":{"$ref":"#/components/schemas/ChangeStatusParrams"}}}},"responses":{"200":{"description":"Статус заказа изменен","content":{"application/json":{"schema":{"$ref":"#/components/schemas/Order"}}}},"400":{"description":"Некорректно переданные данные","content":{"application/json":{"schema":{"$ref":"#/components/schemas/Error"}}}},"403":{"description":"Ключ доступа указан некорректно, или истек срок жизни ключа."},"500":{"description":"Ошибка сервера"}},"security":[{"ApiKeyAuth":[]}]}},"/product/search/{code}":{"get":{"tags":["product"],"summary":"Поиск товара по коду","parameters":[{"name":"code","in":"path","description":"Код товара в любом формате (Штрихкод, PLUкод, 1C)","required":true,"style":"simple","explode":false,"schema":{"type":"string"}}],"responses":{"200":{"description":"Товар найден","content":{"application/json":{"schema":{"$ref":"#/components/schemas/SearchResults"}}}},"404":{"description":"Товар с указанным кодом не найден"},"400":{"description":"Некорректно переданные данные","content":{"application/json":{"schema":{"$ref":"#/components/schemas/Error"}}}},"403":{"description":"Ключ доступа указан некорректно, или истек срок жизни ключа."},"500":{"description":"Ошибка сервера"}},"security":[{"ApiKeyAuth":[]}]}},"/order/{id}/add":{"post":{"tags":["order"],"summary":"Добавить произвольный товар в заказ","parameters":[{"name":"id","in":"path","description":"ID Заказа","required":true,"style":"simple","explode":false,"schema":{"type":"integer"}}],"requestBody":{"content":{"application/json":{"schema":{"$ref":"#/components/schemas/ProductAdd"}}}},"responses":{"200":{"description":"Запрос выполнен успешно"},"400":{"description":"Некорректно переданные данные","content":{"application/json":{"schema":{"$ref":"#/components/schemas/Error"}}}},"403":{"description":"Ключ доступа указан некорректно, или истек срок жизни ключа."},"500":{"description":"Ошибка сервера"}},"security":[{"ApiKeyAuth":[]}]}},"/order/{id}/delete/{cart_id}":{"post":{"tags":["order"],"summary":"Удалить товар из заказа","description":"Обратите внимание, что данным методом можно удалить только позиции заказа добавленные сборщиками вручную. Позиции добавленные покупателем удалить не возможно.","parameters":[{"name":"id","in":"path","description":"ID Заказа","required":true,"style":"simple","explode":false,"schema":{"type":"integer"}},{"name":"cart_id","in":"path","description":"Позиция товара в заказе","required":true,"style":"simple","explode":false,"schema":{"type":"integer"}}],"responses":{"200":{"description":"Запрос выполнен успешно"},"400":{"description":"Некорректно переданные данные","content":{"application/json":{"schema":{"$ref":"#/components/schemas/Error"}}}},"403":{"description":"Ключ доступа указан некорректно, или истек срок жизни ключа."},"500":{"description":"Ошибка сервера"}},"security":[{"ApiKeyAuth":[]}]}},"/order/{id}/printing":{"post":{"tags":["order"],"summary":"Отправляет на печать информацию по заказу","parameters":[{"name":"id","in":"path","description":"ID Заказа","required":true,"style":"simple","explode":false,"schema":{"type":"integer"}}],"responses":{"200":{"description":"Запрос выполнен успешно"},"400":{"description":"Некорректно переданные данные","content":{"application/json":{"schema":{"$ref":"#/components/schemas/Error"}}}},"403":{"description":"Ключ доступа указан некорректно, или истек срок жизни ключа."},"500":{"description":"Ошибка сервера"}},"security":[{"ApiKeyAuth":[]}]}},"/order/{id}/printingForm/{form}":{"get":{"tags":["order"],"summary":"Вернет для заказа указанную печатную форму","parameters":[{"name":"id","in":"path","description":"ID Заказа","required":true,"style":"simple","explode":false,"schema":{"type":"integer"}},{"name":"form","in":"path","description":"Тип печатной формы","required":true,"style":"simple","explode":false,"schema":{"type":"string","enum":["PRODUCT","BUYER","COURIER"]}}],"responses":{"200":{"description":"Запрос выполнен успешно"},"400":{"description":"Некорректно переданные данные","content":{"application/json":{"schema":{"$ref":"#/components/schemas/Error"}}}},"403":{"description":"Ключ доступа указан некорректно, или истек срок жизни ключа."},"500":{"description":"Ошибка сервера"}},"security":[{"ApiKeyAuth":[]}]}}},"components":{"schemas":{"UserSMSRequest":{"required":["phone"],"type":"object","properties":{"phone":{"type":"string","example":"79139487645"},"latitude":{"type":"number","example":48.00023485},"longitude":{"type":"number","example":47.00275774}}},"UserAuthRequest":{"required":["code","phone"],"type":"object","properties":{"phone_token":{"type":"string"},"code":{"type":"string","example":"9999"}}},"UserAuthResponse":{"required":["access_token","refresh_token"],"type":"object","properties":{"access_token":{"type":"string"},"refresh_token":{"type":"string"}}},"UserCodeResponse":{"required":["phone_token"],"type":"object","properties":{"phone_token":{"type":"string"}}},"UserProfile":{"required":["shop_id","user_id","user_role"],"type":"object","properties":{"user_id":{"type":"integer"},"shop_id":{"type":"string"},"user_role":{"type":"string","enum":["COLLECTOR","SENIOR_COLLECTOR"]}}},"SlotList":{"required":["result"],"type":"object","properties":{"result":{"type":"array","items":{"$ref":"#/components/schemas/SlotItem"}}}},"SlotItem":{"required":["id","name"],"type":"object","properties":{"id":{"type":"integer","description":"Id элемента"},"number":{"type":"string","description":"Наименование элемента","example":"12-14"}}},"AssemblyList":{"required":["items"],"type":"object","properties":{"items":{"type":"array","items":{"$ref":"#/components/schemas/AssemblyCartItem"}}}},"AssemblyCartItem":{"required":["assembly_items","cart_id","state"],"type":"object","properties":{"cart_id":{"type":"string","description":"ID позиции в заказе","format":"uuid"},"state":{"type":"string","description":"Состояние сборки (добавлен без изменений, изменилось кол-во/вес, нет на складе, истек срок годности, подобраны замены. добавлен новый товар)","enum":["OK","COUNT","ABSENT","EXPIRED","REPLACEMENT","NEW"]},"assembly_items":{"type":"array","description":"Собранные товары","items":{"$ref":"#/components/schemas/AssemblyRealItem"}}}},"AssemblyRealItem":{"required":["product_id","quantity","scanned_at"],"type":"object","properties":{"product_id":{"type":"integer","description":"ID товара в сборке"},"quantity":{"type":"number","description":"Количество или вес товара"},"marks":{"type":"array","description":"Данные маркировки (только для маркированных товаров)","items":{"type":"string"}},"scanned_at":{"type":"string","description":"Время сканирования (добавления в сборку)","format":"datetime"}},"description":"Реальный товар(ы) в корзине у сборщика. Обладает собственными штрихкодами, весом и т.д."},"CheckAssemblyList":{"required":["items"],"type":"object","properties":{"items":{"type":"array","items":{"$ref":"#/components/schemas/CheckAssemblyCartItem"}}}},"CheckAssemblyCartItem":{"required":["cart_id","verification_state"],"type":"object","properties":{"cart_id":{"type":"string","description":"ID позиции в","format":"uuid"},"verification_state":{"type":"string","description":"Статус проверки (Проверено, Не прошел проверку)","enum":["CHECKED","NOT_MATCHED"]},"comment":{"type":"string","description":"Комментарий старшего сборщика (обязательно, если verificationState==NOT_MATCHED)"}}},"Orders":{"required":["result","total"],"type":"object","properties":{"result":{"type":"array","items":{"$ref":"#/components/schemas/Order"}},"total":{"type":"integer","description":"Общее количество элементов","example":0}}},"Order":{"required":["assembly_start","assembly_stop","assembly_user","cart","check_start","check_stop","check_user_id","created","id","number","price","slot","status"],"type":"object","properties":{"id":{"type":"integer","description":"Id заказа"},"number":{"type":"string","description":"Номер заказа","example":"3545433"},"created":{"type":"string","description":"Дата и время создания","example":"2020-01-01 12:22:00"},"price":{"type":"number","description":"Общая стоимость","example":454.43},"status":{"type":"string","description":"Статус заказа","example":"NEW","enum":["NEW","ASSEMBLING","AWAITING_CHECK","CHECKING","REQUIRE_REASSEMBLY","CHECK_FAILED","AWAITING_DELIVERY","AWAITING_PAYMENT","AWAITING_BUYER","DELIVERING","DELIVERED","CANCELLED"]},"payment_method":{"type":"string","description":"Способ оплаты","example":"ONLINE","enum":["ONLINE","UPON_RECEIPT"]},"delivery_method":{"type":"string","description":"Способ доставки","example":"COURIER","enum":["COURIER","YOURSELF"]},"comment":{"type":"string","description":"Комментарий Старшего сборщика для статуса \"Не прошел проверку\""},"verification_method":{"type":"string","description":"Метод проверки (поле обязательно должно возвращаться для статуса \"Выполняется проверка\")","example":"LIST","enum":["LIST","SCAN_ALL","SCAN_CHECKLIST"]},"checklist":{"type":"array","description":"Список ID собранных позиций для проверки (используется только если verificationMethod = scan_checklist)","items":{"type":"integer"}},"slot":{"type":"string","description":"Слот доставки (наименование)","example":"10-12"},"assembly_start":{"type":"string","description":"Время начала сборки","format":"date-time"},"assembly_stop":{"type":"string","description":"Время окончания сборки","format":"date-time"},"assembly_user":{"type":"integer","description":"ID пользователя выполняющего сборку","example":324},"check_user_id":{"type":"integer","description":"ID пользователя выполняющего проверку","example":324},"check_start":{"type":"string","description":"Время начала проверки","format":"date-time"},"check_stop":{"type":"string","description":"Время окончания проверки","format":"date-time"},"buyer_comment":{"type":"string","description":"Комментарий покупателя","example":"Напишите на торте 'С днем рождения!'"},"buyer_phone":{"type":"string","description":"Номер телефона покупателя","example":"+79130434356"},"buyer_name":{"type":"string","description":"Имя покупателя","example":"Иван"},"packages":{"type":"array","description":"Объект с данными по пакетам (только для статуса \"Ожидает доставки\")","example":["REGULAR","REGULAR","REFRIGERATED","FREEZER"],"items":{"type":"string","enum":["REGULAR","REFRIGERATED","FREEZER"]}},"options":{"type":"array","description":"Опции","items":{"type":"string","enum":["PIZZA"]}},"cart":{"type":"array","items":{"$ref":"#/components/schemas/CartItem"}}}},"Error":{"required":["error_code"],"type":"object","properties":{"error_code":{"type":"string","example":"ERROR_CODE_22"},"error_message":{"type":"string","example":"Ошибка заполнения"}}},"ChangeStatusParrams":{"required":["order_id","status"],"type":"object","properties":{"order_id":{"type":"integer","description":"ID заказа","example":1},"status":{"type":"string","description":"Статус заказа","example":"NEW","enum":["NEW","ASSEMBLING","AWAITING_CHECK","CHECKING","REQUIRE_REASSEMBLY","CHECK_FAILED","AWAITING_DELIVERY","DELIVERING","CANCELLED"]},"comment":{"type":"string","description":"Пояснения по ошибкам сборки (только для статуса \"Не прошел проверку\")","example":""},"courier_number":{"type":"string","description":"Номер курьера (только для статуса \"Передан курьеру\")","example":""},"packages":{"type":"array","description":"Объект с данными по пакетам (только для статуса \"Ожидает доставки\")","example":["REGULAR","REGULAR","REFRIGERATED","FREEZER"],"items":{"type":"string","enum":["REGULAR","REFRIGERATED","FREEZER"]}},"options":{"type":"array","description":"Опции (только для статуса \"Ожидает доставки\")","items":{"type":"string","enum":["PIZZA"]}}}},"CartItem":{"required":["assembly","discount","id","new","product","quantity","replaceable"],"type":"object","properties":{"id":{"type":"string","description":"ID позиции в заказе","format":"uuid"},"quantity":{"type":"number","description":"Количество или вес. Обратите внимание маркированные товары всегда возвращаются с количеством 1шт (т.е они не группируются по коду товара)."},"quantity_info":{"type":"number","description":"Примерное количество для весового товара (возвращается только, если пользователь указал кол-во при заказе не в кг, а в штуках)."},"discount":{"type":"number","description":"Скидка. Устанавливается сервером если именно на эту позицию есть скидка. Как итог цена за этот элемент = price = product.price * quantity - discount"},"new":{"type":"boolean","description":"Добавлен вручную (1 - да, 0 - нет, был в исходном заказе)"},"replaceable":{"type":"boolean","description":"Можно ли заменить? (1 - да, 0 - нет)"},"product":{"$ref":"#/components/schemas/ProductItem"},"assembly":{"$ref":"#/components/schemas/Assembly"}}},"Assembly":{"required":["items","state","verification_state"],"type":"object","properties":{"state":{"type":"string","description":"Состояние сборки (добавлен без изменений, изменилось кол-во/вес, нет на складе, истек срок годности, подобраны замены. добавлен новый товар, удален)","enum":["OK","COUNT","ABSENT","EXPIRED","REPLACEMENT","NEW","DELETED"]},"verification_state":{"type":"string","description":"Статус проверки (Не проверено, Проверено, Не прошел проверку)","enum":["NOT_CHECKED","CHECKED","NOT_MATCHED"]},"comment":{"type":"string","description":"Комментарий старшего сборщика (если verificationState==NOT_MATCHED)"},"items":{"type":"array","description":"Собранные товары","items":{"$ref":"#/components/schemas/RealItem"}}},"description":"Сборка товара"},"RealItem":{"required":["discount","id","product","quantity","scanned_at"],"type":"object","properties":{"id":{"type":"integer","description":"ID собранной позиции"},"quantity":{"type":"number","description":"Количество или вес"},"marks":{"type":"array","description":"Данные маркировки (только для маркированных товаров)","items":{"type":"string"}},"markings":{"type":"array","description":"отсканированные маркировки","items":{"type":"string"}},"scanned_at":{"type":"string","description":"Время сканирования (добавления в сборку)","format":"datetime"},"discount":{"type":"number","description":"Скидка. Устанавливается сервером если именно на эту позицию есть скидка. Как итог цена за этот элемент = price = product.price * quantity - discount"},"product":{"$ref":"#/components/schemas/ProductItem"}},"description":"Реальный товар(ы) в корзине у сборщика. Обладает собственными штрихкодами, весом и т.д."},"SearchResults":{"required":["product"],"type":"object","properties":{"product":{"$ref":"#/components/schemas/ProductItem"},"recognized_weight":{"type":"number","description":"Вес товара распознанный по указанному штрихкоду товара"}},"description":"Результаты поиска по штрихкоду"},"ProductItem":{"required":["1c_code","additional_codes","code","code_type","id","image_uri","is_marked","name","price","type","valid_after"],"type":"object","properties":{"id":{"type":"integer","description":"ID товара для идентификации в интернет-магазине"},"1c_code":{"type":"string","description":"Код товара для идентификации в 1с"},"code":{"type":"string","description":"Код товара (Штрихкод или PLU-код) для идентификации в офлайне при поиске на полке"},"additional_codes":{"type":"array","description":"Дополнительные коды товара","items":{"type":"string"}},"code_type":{"type":"string","description":"Тип кода товара (BARCODE, PLUCODE)","enum":["BARCODE","PLUCODE"]},"name":{"type":"string","description":"Название товара","example":"Молоко Простоквашено, 2,5%, тетрапак"},"price":{"type":"number","description":"цена за единицу"},"type":{"type":"string","description":"Тип товара (ITEMS - штучный, WEIGHT - весовой, STRICT - маркированный)","enum":["ITEMS","WEIGHT","STRICT"]},"category":{"type":"string","description":"Категория маркированного товара","enum":["ALCOHOL","TOBACCO","SHOES"]},"valid_after":{"type":"string","description":"Рекомендуемая (минимально допустимая) дата истечения срока годности","format":"datetime"},"made_after":{"type":"string","description":"Изготовлено после","format":"datetime"},"remainder":{"type":"integer","description":"Остаток товара на утро"},"image_uri":{"type":"string","description":"url для изображения товара","format":"url"},"is_marked":{"type":"boolean","description":"Признак маркированного товара"}},"description":"Базовая сущность описывающая товар"},"ProductAdd":{"required":["product_id","quantity","scanned_at"],"type":"object","properties":{"product_id":{"type":"string","description":"ID товара","format":"uuid"},"quantity":{"type":"number","description":"Количество или вес"},"marks":{"type":"array","description":"Данные маркировки (только для маркированных товаров)","items":{"type":"string"}},"scanned_at":{"type":"string","description":"Время сканирования (добавления в сборку)","format":"datetime"}}}},"securitySchemes":{"ApiKeyAuth":{"type":"apiKey","name":"AccessToken","in":"header"}}}}