{"openapi":"3.0.0","info":{"title":"Leanflows bpeflow API","description":"API para la gestión de componentes diagramas, asi como los procesos y tareas que se encuentran en los diagramas. Depende del servicio del motor de proceso **leanflows-ms-bpef**.","contact":{"email":"rafael.huiza@protecso.com"},"license":{"name":"Apache 2.0","url":"http://www.apache.org/licenses/LICENSE-2.0.html"},"version":"1.0.0"},"servers":[{"url":"http://localhost:8082"}],"tags":[{"name":"componente","description":"Guardado de los componentes, actualización de datos de las componentes (de momento solo userTask)."},{"name":"proceso","description":"Guardado de los procesos."},{"name":"tarea","description":"Búsqueda de los componentes tarea (userTask)."}],"paths":{"/componente/all":{"get":{"tags":["componente"],"summary":"Search all components.","description":"Busca todos los componentes existentes.","operationId":"searchAll","responses":{"200":{"description":"Componentes encontrados.","content":{"application/json":{"schema":{"$ref":"#/components/schemas/ComponentItemList"}}}}}}},"/componente/{id}":{"get":{"tags":["componente"],"summary":"Search diagram components.","description":"Busca los componentes de un diagrama y los filtra según su tipo.","operationId":"searchDiagramComponents","parameters":[{"name":"id","in":"path","description":"Id del diagrama.","required":true,"style":"simple","explode":false,"schema":{"type":"string"}},{"name":"type","in":"query","description":"Tipo de componente.","required":false,"style":"form","explode":true,"schema":{"type":"string"}},{"name":"page","in":"query","description":"Número de página","required":false,"style":"form","explode":true,"schema":{"type":"string"}},{"name":"size","in":"query","description":"Tamaño de página","required":false,"style":"form","explode":true,"schema":{"type":"string"}}],"responses":{"200":{"description":"Componentes encontrados.","content":{"application/json":{"schema":{"$ref":"#/components/schemas/ComponentItemListPaged"}}}}}}},"/componente/{id}/types":{"get":{"tags":["componente"],"summary":"Search component types into diagram","description":"Busca los tipos de componentes en un diagrama específico.","operationId":"searchComponentTypes","parameters":[{"name":"id","in":"path","description":"Id del diagrama.","required":true,"style":"simple","explode":false,"schema":{"type":"string"}}],"responses":{"200":{"description":"Tipos de componentes encontrados.","content":{"application/json":{"schema":{"$ref":"#/components/schemas/TypesList"}}}}}}},"/componente/saveworkflow":{"post":{"tags":["componente"],"summary":"Save the workflow components.","description":"Guarda los componentes de un diagrama.","operationId":"saveWorkflow","requestBody":{"description":"Diagram object to add.","content":{"application/json":{"schema":{"$ref":"#/components/schemas/WorkflowDTO"}}}},"responses":{"200":{"description":"Componentes guardados."},"400":{"description":"invalid input, object invalid"},"409":{"description":"an existing item already exists"}}}},"/componente/updatetask":{"post":{"tags":["componente"],"summary":"Update usertask component in a diagram.","description":"Actualiza un componente userTask.","operationId":"updateTaskWorkflow","requestBody":{"description":"Diagram object to add.","content":{"application/json":{"schema":{"$ref":"#/components/schemas/TareaItem"}}}},"responses":{"200":{"description":"userTask actualizada."},"400":{"description":"invalid input, object invalid"}}}},"/proceso/{workflowId}/{procesoId}":{"post":{"tags":["proceso"],"summary":"Update a process.","description":"Actualiza el proceso de un diagrama.","operationId":"updateProcessDiagram","parameters":[{"name":"workflowId","in":"path","description":"Id del diagrama.","required":true,"style":"simple","explode":false,"schema":{"type":"string"}},{"name":"procesoId","in":"path","description":"Id del proceso.","required":true,"style":"simple","explode":false,"schema":{"type":"string"}}],"requestBody":{"description":"Diagram object to update process.","content":{"application/json":{"schema":{"$ref":"#/components/schemas/WorkflowDTO"}}}},"responses":{"200":{"description":"Proceso actualizado."}}}},"/tarea/{workflowId}/{componenteId}":{"get":{"tags":["tarea"],"summary":"Search a userTask.","description":"Busca una tarea (userTask).","operationId":"searchUserTask","parameters":[{"name":"workflowId","in":"path","description":"Id del diagrama.","required":true,"style":"simple","explode":false,"schema":{"type":"string"}},{"name":"componenteId","in":"path","description":"Id del componente.","required":true,"style":"simple","explode":false,"schema":{"type":"string"}}],"responses":{"200":{"description":"Proceso actualizado.","content":{"application/json":{"schema":{"$ref":"#/components/schemas/TareaItem"}}}}}}}},"components":{"schemas":{"ComponentItemList":{"required":["rootCause"],"type":"object","properties":{"items":{"type":"array","items":{"$ref":"#/components/schemas/ComponentItem"}}}},"ComponentItemListPaged":{"allOf":[{"$ref":"#/components/schemas/PageList"},{"required":["rootCause"],"type":"object","properties":{"items":{"type":"array","items":{"$ref":"#/components/schemas/ComponentItem"}}}}]},"ComponentItem":{"type":"object","properties":{"id":{"type":"string"},"diagramId":{"type":"string"},"processId":{"type":"string"},"name":{"type":"string"},"description":{"type":"string"},"type":{"type":"string"},"nextStep":{"type":"string"},"updateAt":{"type":"string"}}},"PageList":{"type":"object","properties":{"page":{"type":"integer","description":"Número de página","example":1},"paginateBy":{"type":"integer","description":"Tamaño de la página","example":10},"pageCount":{"type":"integer","description":"Número de páginas que existen","example":4},"itemsCount":{"type":"integer","description":"Número elementos que existen en total","example":40}}},"TypesList":{"type":"object","properties":{"items":{"type":"array","items":{"type":"string"}}}},"WorkflowDTO":{"type":"object","properties":{"id":{"type":"string","description":"Id del diagrama."},"process":{"type":"array","description":"Lista de procesos.","items":{"$ref":"#/components/schemas/ProcesoDTO"}}}},"ProcesoDTO":{"type":"object","properties":{"id":{"type":"string","description":"Id del proceso."},"process":{"type":"array","description":"Lista de componentes.","items":{"$ref":"#/components/schemas/ComponentDTO"}}}},"ComponentDTO":{"type":"object","properties":{"id":{"type":"string","description":"Id del componente."},"diagramId":{"type":"string","description":"Id del diagrama."},"processId":{"type":"string","description":"Id del proceso."},"name":{"type":"string","description":"Nombre del componente."},"description":{"type":"string","description":"Descripción del componente."},"type":{"type":"string","description":"Tipo del componente."},"nextStep":{"type":"string","description":"Paso(s) siguiente(s) del flujo de trabajo."},"updateAt":{"type":"string","description":"Fecha de creación del componente."}}},"TareaItem":{"type":"object","properties":{"nombre":{"type":"string","description":"Nombre de la tarea."},"descripcion":{"type":"string","description":"Descripción de la tarea."},"uuId":{"type":"string","description":"Id de la tarea (Id del componente)."},"diagramaId":{"type":"string","description":"Id del diagrama."},"procesoId":{"type":"integer","description":"Id del proceso."},"rolId":{"type":"string","description":"Id del rol de usuario que podrá acceder a la tarea."},"fechaRegistro":{"type":"string","description":"Fecha de creación de la tarea."},"estado":{"type":"string"},"tipoEscala":{"type":"string"},"optimo":{"type":"integer"},"aceptable":{"type":"integer"},"riesgoso":{"type":"integer"}}}}}}