{"openapi":"3.0.0","info":{"title":"简道云通讯录角色开放接口","description":"这是简道云通讯录角色和角色组相关开放接口的文档.\n","termsOfService":"https://hc.jiandaoyun.com/open/11493","contact":{"email":"vista@fanraun.com"},"version":"1.0.0"},"externalDocs":{"description":"更多简道云开放平台相关信息请查阅官方文档.","url":"https://hc.jiandaoyun.com/open/12279"},"servers":[{"url":"https://virtserver.swaggerhub.com/AngelMsger/FineX-Role/1.0.0","description":"SwaggerHub API Auto Mocking"},{"url":"https://api.jiandaoyun.com/v1","description":"简道云正式环境"}],"security":[{"BearerAuth":[]}],"tags":[{"name":"角色","description":"通讯录角色的增删改查接口","externalDocs":{"description":"关于角色","url":"https://hc.jiandaoyun.com/doc/10720"}},{"name":"角色组","description":"通讯录角色的增删改查接口"},{"name":"自建角色","description":"来自简道云"},{"name":"同步角色","description":"来自第三方集成平台","externalDocs":{"description":"关于账号模式","url":"https://hc.jiandaoyun.com/doc/12582"}}],"paths":{"/role/list":{"post":{"tags":["角色","自建角色"],"summary":"列出角色","operationId":"listRole","parameters":[{"name":"skip","in":"query","description":"分页偏移","required":false,"style":"form","explode":true,"schema":{"minimum":0,"type":"integer","format":"int64","default":0}},{"name":"limit","in":"query","description":"分页大小","required":false,"style":"form","explode":true,"schema":{"maximum":1E+4,"minimum":0,"type":"integer","format":"int64","default":10}}],"responses":{"200":{"description":"角色列表","content":{"application/json":{"schema":{"required":["roles"],"type":"object","properties":{"roles":{"$ref":"#/components/schemas/RoleApiViewArray"}}}}}},"400":{"description":"请求参数不正确","content":{"application/json":{"schema":{"$ref":"#/components/schemas/ErrorResponse"}}}}}}},"/role/create":{"post":{"tags":["角色","自建角色"],"summary":"创建一个自建角色","operationId":"createRole","requestBody":{"$ref":"#/components/requestBodies/RoleCreateValue"},"responses":{"200":{"description":"角色","content":{"application/json":{"schema":{"$ref":"#/components/schemas/RoleApiView"}}}},"400":{"description":"请求参数不正确","content":{"application/json":{"schema":{"$ref":"#/components/schemas/ErrorResponse"}}}}}}},"/role/{role_no}/update":{"post":{"tags":["角色","自建角色"],"summary":"更新一个自建角色","operationId":"updateRole","parameters":[{"name":"role_no","in":"path","description":"角色编号","required":true,"style":"simple","explode":false,"schema":{"$ref":"#/components/schemas/RoleNo"}}],"requestBody":{"$ref":"#/components/requestBodies/RoleUpdateValue"},"responses":{"200":{"description":"角色","content":{"application/json":{"schema":{"$ref":"#/components/schemas/RoleApiView"}}}},"400":{"description":"请求参数不正确","content":{"application/json":{"schema":{"$ref":"#/components/schemas/ErrorResponse"}}}}}}},"/role/{role_no}/delete":{"post":{"tags":["角色","自建角色"],"summary":"删除一个自建角色","operationId":"deleteRole","parameters":[{"name":"role_no","in":"path","description":"角色编号","required":true,"style":"simple","explode":false,"schema":{"$ref":"#/components/schemas/RoleNo"}}],"requestBody":{"$ref":"#/components/requestBodies/RoleUpdateValue"},"responses":{"200":{"description":"请求成功执行但该请求不返回任何结果","content":{"application/json":{"schema":{"$ref":"#/components/schemas/VoidResponse"}}}},"400":{"description":"请求参数不正确","content":{"application/json":{"schema":{"$ref":"#/components/schemas/ErrorResponse"}}}}}}},"/role/{role_no}/member_list":{"post":{"tags":["角色","自建角色"],"summary":"列出角色下的成员","operationId":"listRoleMember","parameters":[{"name":"role_no","in":"path","description":"角色编号","required":true,"style":"simple","explode":false,"schema":{"$ref":"#/components/schemas/RoleNo"}},{"name":"skip","in":"query","description":"分页偏移","required":false,"style":"form","explode":true,"schema":{"minimum":0,"type":"integer","format":"int64","default":0}},{"name":"limit","in":"query","description":"分页大小","required":false,"style":"form","explode":true,"schema":{"maximum":1E+4,"minimum":0,"type":"integer","format":"int64","default":10}}],"responses":{"200":{"description":"成员列表","content":{"application/json":{"schema":{"type":"object","properties":{"users":{"$ref":"#/components/schemas/MemberApiViewArray"}}}}}},"400":{"description":"请求参数不正确","content":{"application/json":{"schema":{"$ref":"#/components/schemas/ErrorResponse"}}}}}}},"/role/{role_no}/add_members":{"post":{"tags":["角色","自建角色"],"summary":"为自建角色批量添加成员","operationId":"addRoleMembers","parameters":[{"name":"role_no","in":"path","description":"角色编号","required":true,"style":"simple","explode":false,"schema":{"$ref":"#/components/schemas/RoleNo"}}],"requestBody":{"$ref":"#/components/requestBodies/RoleBatchAddMemberValue"},"responses":{"200":{"description":"请求成功执行但该请求不返回任何结果","content":{"application/json":{"schema":{"$ref":"#/components/schemas/VoidResponse"}}}},"400":{"description":"请求参数不正确","content":{"application/json":{"schema":{"$ref":"#/components/schemas/ErrorResponse"}}}}}}},"/role/{role_no}/remove_members":{"post":{"tags":["角色","自建角色"],"summary":"为自建角色批量移除成员","operationId":"removeRoleMembers","parameters":[{"name":"role_no","in":"path","description":"角色编号","required":true,"style":"simple","explode":false,"schema":{"$ref":"#/components/schemas/RoleNo"}}],"requestBody":{"$ref":"#/components/requestBodies/RoleBatchRemoveMemberValue"},"responses":{"200":{"description":"请求成功执行但该请求不返回任何结果","content":{"application/json":{"schema":{"$ref":"#/components/schemas/VoidResponse"}}}},"400":{"description":"请求参数不正确","content":{"application/json":{"schema":{"$ref":"#/components/schemas/ErrorResponse"}}}}}}},"/role_group/list":{"post":{"tags":["角色组","自建角色"],"summary":"列出自建角色组","operationId":"listRoleGroup","parameters":[{"name":"skip","in":"query","description":"分页偏移","required":false,"style":"form","explode":true,"schema":{"minimum":0,"type":"integer","format":"int64","default":0}},{"name":"limit","in":"query","description":"分页大小","required":false,"style":"form","explode":true,"schema":{"maximum":1E+4,"minimum":0,"type":"integer","format":"int64","default":10}}],"responses":{"200":{"description":"角色组列表","content":{"application/json":{"schema":{"$ref":"#/components/schemas/RoleGroupApiViewArray"}}}},"400":{"description":"请求参数不正确","content":{"application/json":{"schema":{"$ref":"#/components/schemas/ErrorResponse"}}}}}}},"/role_group/create":{"post":{"tags":["角色组","自建角色"],"summary":"创建自建角色组","operationId":"createRoleGroup","requestBody":{"$ref":"#/components/requestBodies/RoleGroupCreateValue"},"responses":{"200":{"description":"角色组","content":{"application/json":{"schema":{"$ref":"#/components/schemas/RoleGroupApiView"}}}},"400":{"description":"请求参数不正确","content":{"application/json":{"schema":{"$ref":"#/components/schemas/ErrorResponse"}}}}}}},"/role_group/{role_group_no}/update":{"post":{"tags":["角色组","自建角色"],"summary":"更新自建角色组","parameters":[{"name":"role_group_no","in":"path","description":"角色组编号","required":true,"style":"simple","explode":false,"schema":{"$ref":"#/components/schemas/RoleGroupNo"}}],"requestBody":{"$ref":"#/components/requestBodies/RoleGroupUpdateValue"},"responses":{"200":{"description":"角色组","content":{"application/json":{"schema":{"$ref":"#/components/schemas/RoleGroupApiView"}}}},"400":{"description":"请求参数不正确","content":{"application/json":{"schema":{"$ref":"#/components/schemas/ErrorResponse"}}}}}}},"/role_group/{role_group_no}/delete":{"post":{"tags":["角色组","自建角色"],"summary":"删除自建角色组","parameters":[{"name":"role_group_no","in":"path","description":"角色组编号","required":true,"style":"simple","explode":false,"schema":{"$ref":"#/components/schemas/RoleGroupNo"}}],"responses":{"200":{"description":"请求成功执行但该请求不返回任何结果","content":{"application/json":{"schema":{"$ref":"#/components/schemas/VoidResponse"}}}},"400":{"description":"请求参数不正确","content":{"application/json":{"schema":{"$ref":"#/components/schemas/ErrorResponse"}}}}}}},"/integrate_role/list":{"post":{"tags":["角色","同步角色"],"summary":"列出角色","operationId":"listIntegrateRole","parameters":[{"name":"skip","in":"query","description":"分页偏移","required":false,"style":"form","explode":true,"schema":{"minimum":0,"type":"integer","format":"int64","default":0}},{"name":"limit","in":"query","description":"分页大小","required":false,"style":"form","explode":true,"schema":{"maximum":1E+4,"minimum":0,"type":"integer","format":"int64","default":10}}],"responses":{"200":{"description":"集成模式角色列表","content":{"application/json":{"schema":{"type":"object","properties":{"roles":{"$ref":"#/components/schemas/IntegrateRoleApiViewArray"}}}}}},"400":{"description":"请求参数不正确","content":{"application/json":{"schema":{"$ref":"#/components/schemas/ErrorResponse"}}}}}}},"/integrate_role/{integrate_role_id}/member_list":{"post":{"tags":["角色","同步角色"],"summary":"列出集成模式同步角色","operationId":"listIntegrateRoleMembers","parameters":[{"name":"integrate_role_id","in":"path","description":"集成模式同步角色关联 ID","required":true,"style":"simple","explode":false,"schema":{"$ref":"#/components/schemas/IntegrateRoleId"}},{"name":"skip","in":"query","description":"分页偏移","required":false,"style":"form","explode":true,"schema":{"minimum":0,"type":"integer","format":"int64","default":0}},{"name":"limit","in":"query","description":"分页大小","required":false,"style":"form","explode":true,"schema":{"maximum":1E+4,"minimum":0,"type":"integer","format":"int64","default":10}}],"responses":{"200":{"description":"集成模式角色列表","content":{"application/json":{"schema":{"type":"object","properties":{"roles":{"$ref":"#/components/schemas/IntegrateRoleApiViewArray"}}}}}},"400":{"description":"请求参数不正确","content":{"application/json":{"schema":{"$ref":"#/components/schemas/ErrorResponse"}}}}}}},"/integrate_role_group/{integrate_role_group_id}/list":{"post":{"tags":["角色组","同步角色"],"summary":"列出集成模式同步角色组","operationId":"listIntegrateRoleGroup","parameters":[{"name":"integrate_role_group_id","in":"path","description":"集成模式同步角色组关联 ID","required":true,"style":"simple","explode":false,"schema":{"$ref":"#/components/schemas/IntegrateRoleGroupId"}},{"name":"skip","in":"query","description":"分页偏移","required":false,"style":"form","explode":true,"schema":{"minimum":0,"type":"integer","format":"int64","default":0}},{"name":"limit","in":"query","description":"分页大小","required":false,"style":"form","explode":true,"schema":{"maximum":1E+4,"minimum":0,"type":"integer","format":"int64","default":10}}],"responses":{"200":{"description":"集成模式角色组列表","content":{"application/json":{"schema":{"type":"object","properties":{"role_groups":{"$ref":"#/components/schemas/IntegrateRoleGroupApiViewArray"}}}}}},"400":{"description":"请求参数不正确","content":{"application/json":{"schema":{"$ref":"#/components/schemas/ErrorResponse"}}}}}}}},"components":{"schemas":{"RoleNo":{"type":"integer","description":"角色编号","format":"int64","example":7},"RoleGroupNo":{"type":"integer","description":"角色组编号","format":"int64","example":3},"RoleName":{"maxLength":64,"minLength":1,"type":"string","description":"角色名称","example":"华东"},"RoleType":{"type":"integer","description":"角色类型, 若为 0 则表示为常规角色, 若为 1 则表示为企业互联外部角色","format":"int64","enum":[0,1]},"RoleGroupName":{"maxLength":64,"minLength":1,"type":"string","description":"角色组名称","example":"地区"},"RoleGroupType":{"type":"integer","description":"角色组类型, 若为 0 则表示为常规角色组, 若为 1 则表示为企业互联外部角色组","format":"int64","enum":[0,1]},"RoleApiView":{"required":["name","role_no","type"],"type":"object","properties":{"role_no":{"$ref":"#/components/schemas/RoleNo"},"group_no":{"$ref":"#/components/schemas/RoleGroupNo"},"name":{"$ref":"#/components/schemas/RoleName"},"type":{"$ref":"#/components/schemas/RoleType"}},"description":"角色"},"RoleApiViewArray":{"type":"array","items":{"$ref":"#/components/schemas/RoleApiView"}},"RoleGroupApiView":{"required":["group_no","name","type"],"type":"object","properties":{"group_no":{"$ref":"#/components/schemas/RoleGroupNo"},"name":{"$ref":"#/components/schemas/RoleGroupName"},"type":{"$ref":"#/components/schemas/RoleGroupType"}},"description":"角色组"},"RoleGroupApiViewArray":{"type":"array","description":"角色组列表","items":{"$ref":"#/components/schemas/RoleGroupApiView"}},"MemberUsername":{"maxLength":64,"minLength":1,"type":"string","description":"成员工号","example":"manager001"},"MemberUsernameArray":{"type":"array","description":"成员工号列表","items":{"$ref":"#/components/schemas/MemberUsername"}},"MemberNickname":{"maxLength":64,"minLength":1,"type":"string","description":"成员企业下昵称","example":"小简"},"MemberApiView":{"required":["name","username"],"type":"object","properties":{"username":{"$ref":"#/components/schemas/MemberUsername"},"name":{"$ref":"#/components/schemas/MemberNickname"}},"description":"成员"},"MemberApiViewArray":{"type":"array","description":"成员列表","items":{"$ref":"#/components/schemas/MemberApiView"}},"IntegrateRoleId":{"maxLength":64,"minLength":1,"type":"string","description":"集成模式同步角色关联 ID","example":"3972"},"IntegrateRoleApiView":{"required":["integrate_id","name","type"],"type":"object","properties":{"integrate_id":{"$ref":"#/components/schemas/IntegrateRoleId"},"group_integrate_id":{"$ref":"#/components/schemas/IntegrateRoleGroupId"},"name":{"$ref":"#/components/schemas/RoleName"},"type":{"$ref":"#/components/schemas/RoleType"}},"description":"集成模式角色"},"IntegrateRoleApiViewArray":{"type":"array","description":"集成模式角色列表","items":{"$ref":"#/components/schemas/IntegrateRoleApiView"}},"IntegrateRoleGroupId":{"maxLength":64,"minLength":1,"type":"string","description":"集成模式同步角色组关联 ID","example":"5672"},"IntegrateRoleGroupApiView":{"required":["group_integrate_id","name","type"],"type":"object","properties":{"group_integrate_id":{"$ref":"#/components/schemas/IntegrateRoleGroupId"},"name":{"$ref":"#/components/schemas/RoleGroupName"},"type":{"$ref":"#/components/schemas/RoleGroupType"}},"description":"集成模式角色组"},"IntegrateRoleGroupApiViewArray":{"type":"array","description":"集成模式角色列表","items":{"$ref":"#/components/schemas/IntegrateRoleGroupApiView"}},"VoidResponse":{"type":"object","properties":{"status":{"type":"string","description":"请求状态, 为常量值 success","enum":["success"]}},"description":"空响应体"},"ErrorCode":{"type":"integer","description":"错误号","format":"int32","example":1},"ErrorMessage":{"type":"string","description":"错误信息","example":"角色不存在"},"ErrorResponse":{"required":["code","message"],"type":"object","properties":{"code":{"$ref":"#/components/schemas/ErrorCode"},"message":{"$ref":"#/components/schemas/ErrorMessage"}},"description":"错误响应体"}},"responses":{"VoidResponse":{"description":"请求成功执行但该请求不返回任何结果","content":{"application/json":{"schema":{"$ref":"#/components/schemas/VoidResponse"}}}},"ErrorResponse":{"description":"请求参数不正确","content":{"application/json":{"schema":{"$ref":"#/components/schemas/ErrorResponse"}}}},"RoleApiViewArray":{"description":"角色列表","content":{"application/json":{"schema":{"required":["roles"],"type":"object","properties":{"roles":{"$ref":"#/components/schemas/RoleApiViewArray"}}}}}},"RoleApiView":{"description":"角色","content":{"application/json":{"schema":{"$ref":"#/components/schemas/RoleApiView"}}}},"RoleGroupApiViewArray":{"description":"角色组列表","content":{"application/json":{"schema":{"$ref":"#/components/schemas/RoleGroupApiViewArray"}}}},"RoleGroupApiView":{"description":"角色组","content":{"application/json":{"schema":{"$ref":"#/components/schemas/RoleGroupApiView"}}}},"MemberApiViewArray":{"description":"成员列表","content":{"application/json":{"schema":{"type":"object","properties":{"users":{"$ref":"#/components/schemas/MemberApiViewArray"}}}}}},"IntegrateRoleApiViewArray":{"description":"集成模式角色列表","content":{"application/json":{"schema":{"type":"object","properties":{"roles":{"$ref":"#/components/schemas/IntegrateRoleApiViewArray"}}}}}},"IntegrateRoleGroupApiViewArray":{"description":"集成模式角色组列表","content":{"application/json":{"schema":{"type":"object","properties":{"role_groups":{"$ref":"#/components/schemas/IntegrateRoleGroupApiViewArray"}}}}}}},"parameters":{"RoleNo":{"name":"role_no","in":"path","description":"角色编号","required":true,"style":"simple","explode":false,"schema":{"$ref":"#/components/schemas/RoleNo"}},"RoleGroupNo":{"name":"role_group_no","in":"path","description":"角色组编号","required":true,"style":"simple","explode":false,"schema":{"$ref":"#/components/schemas/RoleGroupNo"}},"IntegrateRoleId":{"name":"integrate_role_id","in":"path","description":"集成模式同步角色关联 ID","required":true,"style":"simple","explode":false,"schema":{"$ref":"#/components/schemas/IntegrateRoleId"}},"IntegrateRoleGroupId":{"name":"integrate_role_group_id","in":"path","description":"集成模式同步角色组关联 ID","required":true,"style":"simple","explode":false,"schema":{"$ref":"#/components/schemas/IntegrateRoleGroupId"}},"Skip":{"name":"skip","in":"query","description":"分页偏移","required":false,"style":"form","explode":true,"schema":{"minimum":0,"type":"integer","format":"int64","default":0}},"Limit":{"name":"limit","in":"query","description":"分页大小","required":false,"style":"form","explode":true,"schema":{"maximum":1E+4,"minimum":0,"type":"integer","format":"int64","default":10}}},"requestBodies":{"RoleCreateValue":{"description":"角色创建参数","content":{"application/json":{"schema":{"type":"object","properties":{"name":{"$ref":"#/components/schemas/RoleName"},"group_no":{"$ref":"#/components/schemas/RoleGroupNo"},"type":{"$ref":"#/components/schemas/RoleType"}}}}}},"RoleUpdateValue":{"description":"角色更新参数","content":{"application/json":{"schema":{"type":"object","properties":{"name":{"$ref":"#/components/schemas/RoleName"},"group_no":{"$ref":"#/components/schemas/RoleGroupNo"}}}}}},"RoleGroupCreateValue":{"description":"角色组创建参数","content":{"application/json":{"schema":{"type":"object","properties":{"name":{"$ref":"#/components/schemas/RoleName"},"type":{"$ref":"#/components/schemas/RoleType"}}}}}},"RoleGroupUpdateValue":{"description":"角色组更新参数","content":{"application/json":{"schema":{"type":"object","properties":{"name":{"$ref":"#/components/schemas/RoleName"}}}}}},"RoleBatchAddMemberValue":{"description":"为角色批量添加成员参数","content":{"application/json":{"schema":{"type":"object","properties":{"usernames":{"$ref":"#/components/schemas/MemberUsernameArray"}}}}}},"RoleBatchRemoveMemberValue":{"description":"为角色批量移除成员参数","content":{"application/json":{"schema":{"type":"object","properties":{"usernames":{"$ref":"#/components/schemas/MemberUsernameArray"}}}}}}},"securitySchemes":{"BearerAuth":{"type":"http","scheme":"bearer"}}}}