{"openapi":"3.0.0","info":{"title":"TestAPI nach Tutorial","description":"","version":"1.0"},"servers":[{"url":"https://virtserver.swaggerhub.com/Annika.brandler/TestAPI/1.0","description":"SwaggerHub API Auto Mocking"}],"paths":{"/modelle/":{"get":{"tags":["Modelle"],"summary":"Gibt Liste der Modelle zurück.","parameters":[{"name":"limit","in":"query","description":"Limit","required":false,"style":"form","explode":true,"schema":{"minimum":0,"type":"integer"}}],"responses":{"200":{"description":"Ok","content":{"application/json":{"schema":{"type":"array","items":{"$ref":"#/components/schemas/ModellItem"}}}}}}},"post":{"tags":["Modelle"],"summary":"Legt ein Modell an.","description":"\nLegt ein neues **Modell** an\n","requestBody":{"$ref":"#/components/requestBodies/Modell"},"responses":{"201":{"description":"Created","headers":{"Location":{"$ref":"#/components/headers/Location"}}}}}},"/modelle/{mid}":{"get":{"tags":["Modelle"],"summary":"Gibt ein einzelnes Modell zurück.","parameters":[{"name":"mid","in":"path","description":"Id des Modelles","required":true,"style":"simple","explode":false,"schema":{"type":"integer"}}],"responses":{"200":{"description":"Ok","content":{"application/json":{"schema":{"$ref":"#/components/schemas/Modell"}}},"links":{"Werk":{"operationId":"getWerk","parameters":{"wid":"$response.body#/werk"}}}}}},"put":{"tags":["Modelle"],"summary":"Ändert ein Modell.","parameters":[{"name":"mid","in":"path","description":"Id des Modelles","required":true,"style":"simple","explode":false,"schema":{"type":"integer"}}],"requestBody":{"$ref":"#/components/requestBodies/Modell"},"responses":{"200":{"description":"Ok","content":{"application/json":{"schema":{"$ref":"#/components/schemas/Modell"}}},"links":{"Werk":{"operationId":"getWerk","parameters":{"wid":"$response.body#/werk"}}}}}},"delete":{"tags":["Modelle"],"summary":"Löscht ein Modell.","parameters":[{"name":"mid","in":"path","description":"Id des Modelles","required":true,"style":"simple","explode":false,"schema":{"type":"integer"}}],"responses":{"200":{"description":"Ok"}}}},"/werke/{wid}":{"get":{"tags":["Werke"],"operationId":"getWerk","parameters":[{"name":"wid","in":"path","description":"Id des Werkes","required":true,"style":"simple","explode":false,"schema":{"type":"integer"}}],"responses":{"200":{"description":"Ok","content":{"application/json":{"schema":{"$ref":"#/components/schemas/Werk"}}}}}}}},"components":{"schemas":{"Modell":{"type":"object","properties":{"id":{"type":"integer","example":1},"name":{"maxLength":20,"type":"string","example":"Model 3"},"werk":{"type":"integer","example":42}}},"ModellItem":{"type":"object","properties":{"name":{"maxLength":20,"type":"string","example":"Model 3"},"self_uri":{"type":"string","format":"uri"}},"example":{"name":"ID.3","self_uri":"/modelle/67"}},"Werk":{"type":"object","properties":{"id":{"type":"integer","example":13},"name":{"maxLength":20,"type":"string","example":"Volkswagen"}}}},"responses":{"Modell":{"description":"Ok","content":{"application/json":{"schema":{"$ref":"#/components/schemas/Modell"}}},"links":{"Werk":{"operationId":"getWerk","parameters":{"wid":"$response.body#/werk"}}}},"Werk":{"description":"Ok","content":{"application/json":{"schema":{"$ref":"#/components/schemas/Werk"}}}}},"parameters":{"Mid":{"name":"mid","in":"path","description":"Id des Modelles","required":true,"style":"simple","explode":false,"schema":{"type":"integer"}},"Wid":{"name":"wid","in":"path","description":"Id des Werkes","required":true,"style":"simple","explode":false,"schema":{"type":"integer"}},"Limit":{"name":"limit","in":"query","description":"Limit","required":false,"style":"form","explode":true,"schema":{"minimum":0,"type":"integer"}}},"requestBodies":{"Modell":{"content":{"application/json":{"schema":{"$ref":"#/components/schemas/Modell"}}}}},"headers":{"Location":{"description":"Uri der neu erzeugten Ressource","style":"simple","explode":false,"schema":{"type":"string","format":"uri"}}}}}