{"openapi":"3.0.0","info":{"title":"Snisar Homework","version":"1.0"},"servers":[{"url":"https://virtserver.swaggerhub.com/Answer7/Snisar_HomeworK_2/1.0","description":"SwaggerHub API Auto Mocking"},{"url":"https://virtserver.swaggerhub.com/esnisar/Snisar_Homework/1.0.0","description":"SwaggerHub API Auto Mocking"}],"paths":{"/bookings/ActiveBookings":{"get":{"summary":"Получение активных бронирований пользователя","description":"Получить список активных бронирований пользователя","parameters":[{"name":"userid","in":"query","description":"ID Пользователя для которого необходимо найти активные бронирования","required":true,"style":"form","explode":true,"schema":{"type":"integer","format":"int64"}},{"name":"offsetParam","in":"query","description":"Номер первого элемента на странице","required":false,"style":"form","explode":true,"schema":{"minimum":0,"type":"integer","default":0}},{"name":"limit","in":"query","description":"Количество элементов на странице","required":false,"style":"form","explode":true,"schema":{"maximum":1E+2,"minimum":5,"type":"integer","default":20}}],"responses":{"200":{"description":"OK","content":{"application/json":{"schema":{"type":"array","items":{"$ref":"#/components/schemas/ActiveBookings"}}},"application/xml":{"schema":{"$ref":"#/components/schemas/BookingHistory"}}}},"400":{"description":"Invalid ID supplied"},"404":{"description":"Not found"}}}},"/bookings/History":{"get":{"summary":"Получение истории бронирований","description":"Получить историю бронирований","parameters":[{"name":"start","in":"query","description":"с какой даты считать","required":true,"style":"form","explode":true,"schema":{"type":"string","format":"date-time"}},{"name":"end","in":"query","description":"по какую дату считать","required":true,"style":"form","explode":true,"schema":{"type":"string","format":"date-time"}},{"name":"userid","in":"query","description":"ID Пользователя, по которому необходимо найти историю бронирования (необязательный)","required":false,"style":"form","explode":true,"schema":{"type":"integer","format":"int64"}}],"responses":{"200":{"description":"OK","content":{"application/json":{"schema":{"type":"array","items":{"$ref":"#/components/schemas/BookingHistory"}}},"application/xml":{"schema":{"$ref":"#/components/schemas/BookingHistory"}}}},"400":{"description":"Bad request"},"404":{"description":"Not found"}}}},"/bookings/{id}/Details":{"get":{"summary":"Получение деталей бронирования","description":"Получить детали бронирования по ИД бронирования","parameters":[{"name":"id","in":"path","description":"ИД бронирования","required":true,"style":"simple","explode":false,"schema":{"type":"integer","format":"int64"}}],"responses":{"200":{"description":"OK","content":{"application/json":{"schema":{"type":"array","items":{"$ref":"#/components/schemas/BookingDetails"}}},"application/xml":{"schema":{"$ref":"#/components/schemas/BookingHistory"}}}},"400":{"description":"Invalid ID supplied"},"404":{"description":"Not found"}}}},"/bookings":{"get":{"tags":["поиск бронирований"],"summary":"Получить список бронирований","description":"Получить список ресторанов по параметрам","operationId":"GetBookings","parameters":[{"name":"offset","in":"query","description":"Номер первого элемента на странице","required":false,"style":"form","explode":true,"schema":{"minimum":0,"type":"integer","default":0}},{"name":"limit","in":"query","description":"Количество эолементов на странице","required":false,"style":"form","explode":true,"schema":{"maximum":1E+2,"minimum":5,"type":"integer","default":20}},{"name":"status","in":"query","description":"получить список бронирований по статусу (необязательный параметр)","required":false,"style":"form","explode":true,"schema":{"type":"string","enum":["Новый","Забронирован","Отменен"]}},{"name":"datestart","in":"query","description":"с какой даты считать","required":false,"style":"form","explode":true,"schema":{"type":"string","format":"date"}},{"name":"dateend","in":"query","description":"по какую дату считать","required":false,"style":"form","explode":true,"schema":{"type":"string","format":"date"}}],"responses":{"200":{"description":"Запрошенный ресурс был найден и передан в теле ответа","content":{"application/json":{"schema":{"$ref":"#/components/schemas/Bookings"}}}},"404":{"description":"Сервер не понимает запрос из-за неверного синтаксиса","content":{"application/json":{"schema":{"required":["message"],"type":"object","properties":{"type":{"type":"string","description":"тип ошибки сервера, помогает потребителю идентифицировать причину ошибки"},"message":{"type":"string","description":"сообщение об ошибке","example":"Запрос некорретный"}}}}}}}},"post":{"tags":["создание бронирований"],"summary":"Создать бронирование","description":"создать бронирование на сайте","operationId":"PostBookings","requestBody":{"content":{"application/json":{"schema":{"$ref":"#/components/schemas/Bookings"}}},"required":true},"responses":{"200":{"description":"ресурс создан"},"404":{"description":"Сервер не понимает запрос из-за неверного синтаксиса","content":{"application/json":{"schema":{"required":["message"],"type":"object","properties":{"type":{"type":"string","description":"тип ошибки сервера, помогает потребителю идентифицировать причину ошибки"},"message":{"type":"string","description":"сообщение об ошибке","example":"Запрос некорретный"}}}}}}}}},"/bookings/{id}":{"get":{"tags":["поиск бронирований"],"summary":"Просмотр деталей конкретного бронирования","description":"Просмотр деталей конкретного бронирования по переданному в пути id","operationId":"getBookingsById","parameters":[{"name":"id","in":"path","description":"ИД бронирования","required":true,"style":"simple","explode":false,"schema":{"type":"integer","format":"int64"}},{"name":"offset","in":"query","description":"Номер первого элемента на странице","required":false,"style":"form","explode":true,"schema":{"minimum":0,"type":"integer","default":0}},{"name":"limit","in":"query","description":"Количество эолементов на странице","required":false,"style":"form","explode":true,"schema":{"maximum":1E+2,"minimum":5,"type":"integer","default":20}}],"responses":{"200":{"description":"Запрошенный ресурс был найден и передан в теле ответа","content":{"application/json":{"schema":{"$ref":"#/components/schemas/Bookings"}}}},"400":{"description":"Запрашиваемый ресурс не найден","content":{"application/json":{"schema":{"required":["message"],"type":"object","properties":{"type":{"type":"string","description":"тип ошибки сервера, помогает потребителю идентифицировать причину ошибки"},"message":{"type":"string","description":"сообщение об ошибке","example":"Запрашиваемый ресурс не найден"}}}}}},"404":{"description":"Сервер не понимает запрос из-за неверного синтаксиса","content":{"application/json":{"schema":{"required":["message"],"type":"object","properties":{"type":{"type":"string","description":"тип ошибки сервера, помогает потребителю идентифицировать причину ошибки"},"message":{"type":"string","description":"сообщение об ошибке","example":"Запрос некорретный"}}}}}}}}}},"components":{"schemas":{"ActiveBookings":{"type":"object","properties":{"userID":{"type":"integer","description":"ИД пользователя","format":"int64","nullable":false},"userPhone":{"type":"integer","description":"Номер телефона пользователя","format":"int11"},"restaurantID":{"type":"integer","description":"ИД ресторана","format":"int64","nullable":false},"restaurantName":{"maxLength":150,"minLength":5,"type":"string","description":"название ресторана"},"restaurantAddress":{"maxLength":250,"minLength":20,"type":"string","description":"адрес ресторана"},"bookingDate":{"type":"string","format":"date-time","nullable":false},"bookingStatus":{"type":"string","description":"Booking Status","enum":["Active"]}}},"BookingHistory":{"type":"object","properties":{"userID":{"type":"integer","description":"ИД пользователя","format":"int64","nullable":false},"dateTime":{"type":"string","description":"Дата и время бронирования","format":"date-time"},"restaurantID":{"type":"integer","description":"ИД ресторана","format":"int64","nullable":false},"restaurantName":{"maxLength":150,"minLength":5,"type":"string","description":"название ресторана"},"restaurantAddress":{"maxLength":250,"minLength":20,"type":"string","description":"адрес ресторана"},"bookingdate":{"type":"string","format":"date-time","nullable":false},"bookingstatus":{"type":"string","description":"Статус бронирования","enum":["Active","Denied","Done"]}}},"BookingDetails":{"type":"object","properties":{"userID":{"minimum":1,"type":"integer","description":"ИД пользователя","format":"int64","nullable":false},"userLogin":{"maxLength":20,"minLength":5,"type":"string","description":"логин пользователя в системе"},"userName":{"maxItems":1,"minItems":1,"type":"array","nullable":false,"items":{"properties":{"name":{"type":"string","description":"Имя","nullable":false},"surname":{"type":"string","description":"Фамилия","nullable":false},"middleName":{"type":"string","description":"Отчество","nullable":false}}}},"userBirth":{"type":"string","description":"Дата рождения пользователя","format":"date","nullable":false},"userPhone":{"type":"integer","description":"Номер телефона пользователя","format":"int11"},"restaurantID":{"type":"integer","description":"ИД ресторана","format":"int64","nullable":false},"restaurantName":{"maxLength":50,"minLength":5,"type":"string","description":"Название ресторана"},"restaurantAddress":{"maxItems":1,"minItems":1,"type":"array","nullable":false,"items":{"properties":{"region":{"maxLength":50,"type":"string","description":"Регион","nullable":false},"city":{"maxLength":50,"type":"string","description":"Город","nullable":false},"street":{"maxLength":50,"type":"string","description":"Улица","nullable":false},"number":{"type":"integer","description":"Номер дома","format":"int32","nullable":false},"corpus":{"type":"integer","description":"Корпус","format":"int32"},"index":{"type":"integer","description":"Индекс","format":"int32","nullable":false}}}},"restaurantCuisine":{"type":"string","description":"Тип кухни","enum":["Russian","Caucasian","Greece","Italian","Chineese","Japanese","French","Original"]},"restautantPhoto":{"maxLength":500,"minLength":10,"pattern":"/^(?:([A-Za-z]+):)?(\\/{0,3})([0-9.\\-A-Za-z]+)(?::(\\d+))?(?:\\/([^?#]*))?(?:\\?([^#]*))?(?:#(.*))?$/","type":"string","description":"Фото ресторана (URL)"},"restaurantDescription":{"maxLength":500,"type":"string","description":"Описание ресторана","nullable":false},"restaurantRating":{"maximum":5,"minimum":0,"type":"number","format":"float"},"table":{"maxItems":1,"minItems":1,"type":"array","nullable":false,"items":{"$ref":"#/components/schemas/Tables"}}}},"Users":{"required":["birthdate","e-mail","id","login","name","password","phonenumber","status"],"type":"object","properties":{"id":{"type":"integer","description":"уникальный идентификатор пользователя","format":"int64","nullable":false},"name":{"type":"array","description":"ФИО пользователя","nullable":false,"example":"Иванов Иван Иванович","items":{"properties":{"name":{"maxLength":40,"minLength":2,"type":"string","description":"Имя","nullable":false},"surname":{"maxLength":40,"minLength":2,"type":"string","description":"Фамилия","nullable":false},"middleName":{"maxLength":40,"minLength":2,"type":"string","description":"Отчество","nullable":true}}}},"e-mail":{"maxLength":50,"minLength":2,"pattern":"/^(([^<>()[\\]\\\\.,;:\\s@\"]+(\\.[^<>()[\\]\\\\.,;:\\s@\"]+)*)|(\".+\"))@((\\[[0-9]{1,3}\\.[0-9]{1,3}\\.[0-9]{1,3}\\.[0-9]{1,3}\\])|(([a-zA-Z\\-0-9]+\\.)+[a-zA-Z]{2,}))$/","type":"string","description":"e-mail пользователя","nullable":false,"example":"ivani@gmail.com"},"birthdate":{"type":"string","description":"дата рождения пользователя","format":"date","nullable":false},"phonenumber":{"pattern":"^((8|\\+7)[\\- ]?)?(\\(?\\d{3}\\)?[\\- ]?)?[\\d\\- ]{7,10}$","type":"string","description":"мобильный номер телефона пользователя","nullable":false},"login":{"type":"string","description":"логин пользователя","nullable":false},"password":{"type":"string","description":"пароль пользователя","format":"password","nullable":false,"writeOnly":true},"status":{"type":"string","description":"Статус пользователя. Может быть активным, заблокированным и удаленным","nullable":false,"enum":["Active","Blocked","Deleted"]}}},"Restaurants":{"required":["address","clientid","cuisinetype","description","id","menu","name","photo","status","tables"],"type":"object","properties":{"id":{"type":"integer","description":"уникальный идентификатор рестоаран","format":"int64","nullable":false},"name":{"type":"string","description":"название ресторана","nullable":false,"example":"Океан"},"cuisinetype":{"type":"string","description":"тип кухни, выбор из вариантов","nullable":false,"enum":["Русская","Кавказская","Греческая","Итальянская","Китайская","Японская","Французская","Авторская"]},"address":{"maxItems":1,"minItems":1,"type":"array","nullable":false,"items":{"properties":{"region":{"maxLength":50,"type":"string","description":"Регион","nullable":false},"city":{"maxLength":50,"type":"string","description":"Город","nullable":false},"street":{"maxLength":50,"type":"string","description":"Улица","nullable":false},"number":{"type":"integer","description":"Номер дома","format":"int","nullable":false},"corpus":{"type":"integer","description":"Корпус","format":"int"},"index":{"type":"integer","description":"Индекс","format":"int","nullable":false}}}},"photo":{"type":"array","items":{"properties":{"name":{"maxLength":50,"minLength":5,"type":"string","description":"Название фото"},"URL":{"maxLength":500,"minLength":10,"pattern":"/^(?:([A-Za-z]+):)?(\\/{0,3})([0-9.\\-A-Za-z]+)(?::(\\d+))?(?:\\/([^?#]*))?(?:\\?([^#]*))?(?:#(.*))?$/","type":"string","description":"Фото ресторана (URL)","nullable":false},"ismain":{"type":"boolean","description":"является ли фото главным (на аватарке ресторана)"}}}},"description":{"type":"string","description":"описание ресторана","nullable":true,"example":"Ресторан Океан - лучший ресторан грузинской кухни в городе!"},"menu":{"type":"array","items":{"properties":{"URL":{"maxLength":500,"minLength":10,"pattern":"/^(?:([A-Za-z]+):)?(\\/{0,3})([0-9.\\-A-Za-z]+)(?::(\\d+))?(?:\\/([^?#]*))?(?:\\?([^#]*))?(?:#(.*))?$/","type":"string","description":"Фото меню","nullable":false}}}},"status":{"type":"string","description":"статус ресторана","nullable":false,"enum":["Активный","Удалён"]},"tables":{"maxItems":1,"minItems":1,"type":"array","nullable":false,"items":{"$ref":"#/components/schemas/Tables"}},"clientid":{"type":"integer","description":"идентификатор клиента, который является клиентом ресторана","format":"int64"}}},"Tables":{"required":["id","quantity"],"type":"object","properties":{"id":{"minimum":1,"type":"integer","description":"Уникальный ID столика (сквозной идентификатор по всем ресторанам в системе)","format":"int64","nullable":false},"quantity":{"type":"integer","description":"Количество гостей (стульев) у столика","format":"number"},"number":{"type":"number","description":"номер столика в системе ресторана"}}},"Cients":{"required":["INN","clientrepresentative","companyname","fare","id","restaurants","status","turnover"],"type":"object","properties":{"id":{"type":"integer","description":"уникальный идентификатор рестоаран","format":"int64","nullable":false},"fare":{"type":"string","description":"тариф","nullable":false,"enum":["Лайт","Стандарт","Приемиум","Индивидуалный"]},"turnover":{"type":"string","description":"оборот ресторана","nullable":false},"INN":{"type":"number","description":"ИНН клиента","nullable":false},"status":{"type":"string","description":"статус клиента в системе","nullable":false,"enum":["Новый","Зарегистрирован","Активирован"]},"companyname":{"type":"string","description":"название компании клиента","nullable":false},"clientrepresentative":{"minItems":1,"type":"array","description":"представитель клиента","nullable":false,"items":{"$ref":"#/components/schemas/CientRepresentative"}},"restaurants":{"minItems":1,"type":"array","description":"рестораны пользователя","nullable":false,"items":{"$ref":"#/components/schemas/Restaurants"}}}},"CientRepresentative":{"required":["e-mail","id","name","password","phone","phonenumber"],"type":"object","properties":{"id":{"type":"integer","description":"уникальный идентификатор представителя клиента","format":"int64","nullable":false},"name":{"type":"array","description":"ФИО пользователя","nullable":false,"example":"Иванов Иван Иванович","items":{"properties":{"name":{"maxLength":40,"minLength":2,"type":"string","description":"Имя","nullable":false},"surname":{"maxLength":40,"minLength":2,"type":"string","description":"Фамилия","nullable":false},"middleName":{"maxLength":40,"minLength":2,"type":"string","description":"Отчество","nullable":true}}}},"e-mail":{"maxLength":50,"minLength":2,"pattern":"/^(([^<>()[\\]\\\\.,;:\\s@\"]+(\\.[^<>()[\\]\\\\.,;:\\s@\"]+)*)|(\".+\"))@((\\[[0-9]{1,3}\\.[0-9]{1,3}\\.[0-9]{1,3}\\.[0-9]{1,3}\\])|(([a-zA-Z\\-0-9]+\\.)+[a-zA-Z]{2,}))$/","type":"string","description":"e-mail клиента","nullable":false,"example":"ivani@gmail.com"},"phonenumber":{"pattern":"^((8|\\+7)[\\- ]?)?(\\(?\\d{3}\\)?[\\- ]?)?[\\d\\- ]{7,10}$","type":"string","description":"мобильный номер телефона пользователя","nullable":false},"login":{"type":"string","description":"логин пользователя","nullable":false},"password":{"type":"string","description":"пароль пользователя","format":"password","nullable":false,"writeOnly":true}},"description":"представитель клиента"},"Bookings":{"required":["datetime","id","restaurant","status","userid"],"type":"object","properties":{"id":{"type":"integer","description":"уникальный идентификатор бронирования","format":"int64","nullable":false},"userid":{"type":"integer","description":"уникальный идентификатор пользователя","format":"int64","nullable":false},"datetime":{"type":"string","description":"уникальный идентификатор пользователя","format":"date-time","nullable":false},"restaurant":{"minItems":1,"type":"array","description":"забронированный ресторан","nullable":false,"items":{"$ref":"#/components/schemas/Restaurants"}},"status":{"type":"string","description":"статус бронирования","nullable":false,"enum":["Новый","Закрыт","Отменен"]}}}},"parameters":{"offset":{"name":"offset","in":"query","description":"Номер первого элемента на странице","required":false,"style":"form","explode":true,"schema":{"minimum":0,"type":"integer","default":0}},"limit":{"name":"limit","in":"query","description":"Количество эолементов на странице","required":false,"style":"form","explode":true,"schema":{"maximum":1E+2,"minimum":5,"type":"integer","default":20}}}}}