{"openapi":"3.0.0","info":{"title":"StickerApp API","description":"Sticker App API","contact":{"name":"Anton Kireev","email":"a.g.kireev@gmail.com"},"license":{"name":"Apache 2.0","url":"http://www.apache.org/licenses/LICENSE-2.0.html"},"version":"1.0.0"},"servers":[{"url":"https://www.photoideas.mobi/api-stickerapp"}],"paths":{"/autocrop-single/":{"post":{"summary":"Upload a new photo for auto crop (synchronized, blocking)","description":"Upload a new photo for processing\nJPEG (.jpg, .jpeg) / PNG (.png) only, not less than 256*256 pixels.\nThis method waits till the image is processed.\nResponse contains the result of the processing.\n","parameters":[{"name":"lang","in":"header","description":"Language locale","required":false,"style":"simple","explode":false,"schema":{"type":"string"},"example":"en"},{"name":"device-id","in":"header","description":"Device identifier","required":false,"style":"simple","explode":false,"schema":{"type":"string"},"example":"0CF941D0-0271-4F4A-9593-617EA8C78D3C"},{"name":"device-info","in":"header","description":"OS name and version, Device name","required":false,"style":"simple","explode":false,"schema":{"type":"string"},"example":"Android 11, Samsung SM-A207F"}],"requestBody":{"description":"Image as binary","content":{"multipart/form-data":{"schema":{"$ref":"#/components/schemas/ImageUploadBody"}}},"required":true},"responses":{"200":{"description":"Successfully processed","content":{"application/json":{"schema":{"type":"object","properties":{"success":{"type":"boolean"},"data":{"$ref":"#/components/schemas/AutoCropResultSingle"}}}}}},"400":{"description":"General error while processing the request","content":{"application/json":{"schema":{"$ref":"#/components/schemas/ErrorDescription"}}}},"401":{"description":"Error, empty data: image","content":{"application/json":{"schema":{"$ref":"#/components/schemas/ErrorDescription"}}}},"402":{"description":"Error, invalid data: image","content":{"application/json":{"schema":{"$ref":"#/components/schemas/ErrorDescription"}}}},"403":{"description":"Error, unsupported data: image","content":{"application/json":{"schema":{"$ref":"#/components/schemas/ErrorDescription"}}}}}}},"/autocrop-upload/":{"post":{"summary":"Upload a new photo for auto crop","description":"Upload a new photo for processing\nJPEG (.jpg, .jpeg) / PNG (.png) only, not less than 256*256 pixels\n","parameters":[{"name":"lang","in":"header","description":"Language locale","required":false,"style":"simple","explode":false,"schema":{"type":"string"},"example":"en"},{"name":"device-id","in":"header","description":"Device identifier","required":false,"style":"simple","explode":false,"schema":{"type":"string"},"example":"0CF941D0-0271-4F4A-9593-617EA8C78D3C"},{"name":"device-info","in":"header","description":"OS name and version, Device name","required":false,"style":"simple","explode":false,"schema":{"type":"string"},"example":"Android 11, Samsung SM-A207F"}],"requestBody":{"description":"Image as binary","content":{"multipart/form-data":{"schema":{"$ref":"#/components/schemas/ImageUploadBody"}}},"required":true},"responses":{"200":{"description":"Successfully processed","content":{"application/json":{"schema":{"type":"object","properties":{"success":{"type":"boolean"},"data":{"$ref":"#/components/schemas/AutoCropUploadSuccess"}}}}}},"400":{"description":"General error while processing the request","content":{"application/json":{"schema":{"$ref":"#/components/schemas/ErrorDescription"}}}},"401":{"description":"Error, empty data: image","content":{"application/json":{"schema":{"$ref":"#/components/schemas/ErrorDescription"}}}},"402":{"description":"Error, invalid data: image","content":{"application/json":{"schema":{"$ref":"#/components/schemas/ErrorDescription"}}}},"403":{"description":"Error, unsupported data: image","content":{"application/json":{"schema":{"$ref":"#/components/schemas/ErrorDescription"}}}}}}},"/autocrop-result/{image_id}/":{"get":{"summary":"Get a result for an auto crop","description":"Result of a photo processing after requesting /autocrop-upload/ API\n","parameters":[{"name":"lang","in":"header","description":"Language locale","required":false,"style":"simple","explode":false,"schema":{"type":"string"},"example":"en"},{"name":"device-id","in":"header","description":"Device identifier","required":false,"style":"simple","explode":false,"schema":{"type":"string"},"example":"abcd-1234.efgh"},{"name":"device-info","in":"header","description":"OS name and version, Device name","required":false,"style":"simple","explode":false,"schema":{"type":"string"},"example":"Android 11, Samsung SM-A207F"},{"name":"image_id","in":"path","description":"image_id value received in POST request to /autocrop-upload/ method","required":true,"style":"simple","explode":false,"schema":{"type":"string","example":"0CF941D0-0271-4F4A-9593-617EA8C78D3C"}}],"responses":{"200":{"description":"Processing result","content":{"application/json":{"schema":{"type":"object","properties":{"success":{"type":"boolean"},"data":{"$ref":"#/components/schemas/AutoCropResultSuccess"}}}}}},"400":{"description":"Error while processing the request","content":{"application/json":{"schema":{"$ref":"#/components/schemas/ErrorDescription"}}}},"401":{"description":"Unknown image_id","content":{"application/json":{"schema":{"$ref":"#/components/schemas/ErrorDescription"}}}}}}},"/overlays/":{"get":{"summary":"Overlay categories with images","description":"Will return a list of overlay categories with list of images for each category\n","parameters":[{"name":"lang","in":"header","description":"Language locale","required":false,"style":"simple","explode":false,"schema":{"type":"string"},"example":"en"},{"name":"device-id","in":"header","description":"Device identifier","required":false,"style":"simple","explode":false,"schema":{"type":"string"},"example":"0CF941D0-0271-4F4A-9593-617EA8C78D3C"},{"name":"device-info","in":"header","description":"OS name and version, Device name","required":false,"style":"simple","explode":false,"schema":{"type":"string"},"example":"Android 11, Samsung SM-A207F"}],"responses":{"200":{"description":"successful result","content":{"application/json":{"schema":{"type":"object","properties":{"success":{"type":"boolean"},"data":{"type":"array","items":{"$ref":"#/components/schemas/OverlayItem"}}}}}}},"400":{"description":"Error while processing the request","content":{"application/json":{"schema":{"$ref":"#/components/schemas/ErrorDescription"}}}}}}},"/effects/":{"get":{"summary":"Effects list","description":"Will return a list of effects available for the image processing step.\n","parameters":[{"name":"lang","in":"header","description":"Language locale","required":false,"style":"simple","explode":false,"schema":{"type":"string"},"example":"en"},{"name":"device-id","in":"header","description":"Device identifier","required":false,"style":"simple","explode":false,"schema":{"type":"string"},"example":"0CF941D0-0271-4F4A-9593-617EA8C78D3C"},{"name":"device-info","in":"header","description":"OS name and version, Device name","required":false,"style":"simple","explode":false,"schema":{"type":"string"},"example":"Android 11, Samsung SM-A207F"}],"responses":{"200":{"description":"successful result","content":{"application/json":{"schema":{"type":"object","properties":{"success":{"type":"boolean"},"data":{"type":"array","items":{"$ref":"#/components/schemas/EffectItem"}}}}}}},"400":{"description":"Error while processing the request","content":{"application/json":{"schema":{"$ref":"#/components/schemas/ErrorDescription"}}}}}}},"/effects-single/":{"post":{"summary":"Upload an image for effect processing (synchronized, blocking)","description":"Upload a new photo to add an effect later, types:\nJPEG (.jpg, .jpeg) / PNG (.png) only, not less than 256*256 pixels.\nThis method waits till the image is processed.\nResponse contains the result of the processing.\n","parameters":[{"name":"lang","in":"header","description":"Language locale","required":false,"style":"simple","explode":false,"schema":{"type":"string"},"example":"en"},{"name":"device-id","in":"header","description":"Device identifier","required":false,"style":"simple","explode":false,"schema":{"type":"string"},"example":"0CF941D0-0271-4F4A-9593-617EA8C78D3C"},{"name":"device-info","in":"header","description":"OS name and version, Device name","required":false,"style":"simple","explode":false,"schema":{"type":"string"},"example":"Android 11, Samsung SM-A207F"}],"requestBody":{"description":"Image to upload, effect to apply","content":{"multipart/form-data":{"schema":{"$ref":"#/components/schemas/EffectUploadBodySingle"}}},"required":true},"responses":{"200":{"description":"Successfully processed","content":{"application/json":{"schema":{"type":"object","properties":{"success":{"type":"boolean"},"data":{"$ref":"#/components/schemas/EffectResultSuccess"}}}}}},"400":{"description":"General error while processing the request","content":{"application/json":{"schema":{"$ref":"#/components/schemas/ErrorDescription"}}}},"401":{"description":"Error, missing data: image","content":{"application/json":{"schema":{"$ref":"#/components/schemas/ErrorDescription"}}}},"402":{"description":"Error, empty data: image","content":{"application/json":{"schema":{"$ref":"#/components/schemas/ErrorDescription"}}}},"403":{"description":"Error, invalid data: image","content":{"application/json":{"schema":{"$ref":"#/components/schemas/ErrorDescription"}}}}}}},"/effects-upload/":{"post":{"summary":"Upload an image for effect processing","description":"Upload a new photo to add an effect later, types:\nJPEG (.jpg, .jpeg) / PNG (.png) only, not less than 256*256 pixels\n","parameters":[{"name":"lang","in":"header","description":"Language locale","required":false,"style":"simple","explode":false,"schema":{"type":"string"},"example":"en"},{"name":"device-id","in":"header","description":"Device identifier","required":false,"style":"simple","explode":false,"schema":{"type":"string"},"example":"0CF941D0-0271-4F4A-9593-617EA8C78D3C"},{"name":"device-info","in":"header","description":"OS name and version, Device name","required":false,"style":"simple","explode":false,"schema":{"type":"string"},"example":"Android 11, Samsung SM-A207F"}],"requestBody":{"description":"Image to upload","content":{"multipart/form-data":{"schema":{"$ref":"#/components/schemas/EffectUploadBody"}}},"required":true},"responses":{"200":{"description":"Successfully processed","content":{"application/json":{"schema":{"type":"object","properties":{"success":{"type":"boolean"},"data":{"$ref":"#/components/schemas/EffectUploadSuccess"}}}}}},"400":{"description":"General error while processing the request","content":{"application/json":{"schema":{"$ref":"#/components/schemas/ErrorDescription"}}}},"401":{"description":"Error, missing data: image","content":{"application/json":{"schema":{"$ref":"#/components/schemas/ErrorDescription"}}}},"402":{"description":"Error, empty data: image","content":{"application/json":{"schema":{"$ref":"#/components/schemas/ErrorDescription"}}}},"403":{"description":"Error, invalid data: image","content":{"application/json":{"schema":{"$ref":"#/components/schemas/ErrorDescription"}}}}}}},"/effects-process/":{"post":{"summary":"Add effect to an image","description":"Add an effect to an image uploaded with /effects-upload/ method\n","parameters":[{"name":"lang","in":"header","description":"Language locale","required":false,"style":"simple","explode":false,"schema":{"type":"string"},"example":"en"},{"name":"device-id","in":"header","description":"Device identifier","required":false,"style":"simple","explode":false,"schema":{"type":"string"},"example":"0CF941D0-0271-4F4A-9593-617EA8C78D3C"},{"name":"device-info","in":"header","description":"OS name and version, Device name","required":false,"style":"simple","explode":false,"schema":{"type":"string"},"example":"Android 11, Samsung SM-A207F"}],"requestBody":{"description":"Image and effect to process","content":{"application/json":{"schema":{"$ref":"#/components/schemas/EffectProcessBody"}}},"required":true},"responses":{"200":{"description":"Successfully processed","content":{"application/json":{"schema":{"type":"object","properties":{"success":{"type":"boolean"},"data":{"$ref":"#/components/schemas/EffectProcessSuccess"}}}}}},"400":{"description":"General error while processing the request","content":{"application/json":{"schema":{"$ref":"#/components/schemas/ErrorDescription"}}}},"401":{"description":"Error, missing data: effect_id","content":{"application/json":{"schema":{"$ref":"#/components/schemas/ErrorDescription"}}}},"402":{"description":"Error, invalid data: effect_id","content":{"application/json":{"schema":{"$ref":"#/components/schemas/ErrorDescription"}}}},"403":{"description":"Error, missing data: image_id","content":{"application/json":{"schema":{"$ref":"#/components/schemas/ErrorDescription"}}}},"404":{"description":"Error, invalid data: image_id","content":{"application/json":{"schema":{"$ref":"#/components/schemas/ErrorDescription"}}}},"405":{"description":"Error, invalid data: image","content":{"application/json":{"schema":{"$ref":"#/components/schemas/ErrorDescription"}}}},"406":{"description":"Error, unsupported data: image","content":{"application/json":{"schema":{"$ref":"#/components/schemas/ErrorDescription"}}}}}}},"/effects-result/{process_id}/":{"get":{"summary":"Get a result for adding effect to an image","description":"Result of a photo processing after requesting /effects-process/ method\n","parameters":[{"name":"lang","in":"header","description":"Language locale","required":false,"style":"simple","explode":false,"schema":{"type":"string"},"example":"en"},{"name":"device-id","in":"header","description":"Device identifier","required":false,"style":"simple","explode":false,"schema":{"type":"string"},"example":"abcd-1234.efgh"},{"name":"device-info","in":"header","description":"OS name and version, Device name","required":false,"style":"simple","explode":false,"schema":{"type":"string"},"example":"Android 11, Samsung SM-A207F"},{"name":"process_id","in":"path","description":"process_id value received in POST request to /effects-process/ method","required":true,"style":"simple","explode":false,"schema":{"type":"string","example":"0CF941D0-0271-4F4A-9593-617EA8C78D3C"}}],"responses":{"200":{"description":"Processing result","content":{"application/json":{"schema":{"type":"object","properties":{"success":{"type":"boolean"},"data":{"$ref":"#/components/schemas/EffectResultSuccess"}}}}}},"400":{"description":"Error while processing the request","content":{"application/json":{"schema":{"$ref":"#/components/schemas/ErrorDescription"}}}},"401":{"description":"Unknown process_id","content":{"application/json":{"schema":{"$ref":"#/components/schemas/ErrorDescription"}}}}}}},"/sticker-upload/":{"post":{"summary":"Save user's sticker into the pack","description":"Method allows to upload and save sticker on the server and assign it to a pack.\n","parameters":[{"name":"lang","in":"header","description":"Language locale","required":false,"style":"simple","explode":false,"schema":{"type":"string"},"example":"en"},{"name":"device-id","in":"header","description":"Device identifier","required":true,"style":"simple","explode":false,"schema":{"type":"string"},"example":"0CF941D0-0271-4F4A-9593-617EA8C78D3C"},{"name":"device-info","in":"header","description":"OS name and version, Device name","required":false,"style":"simple","explode":false,"schema":{"type":"string"},"example":"Android 11, Samsung SM-A207F"}],"requestBody":{"description":"Sticker pack data","content":{"multipart/form-data":{"schema":{"$ref":"#/components/schemas/StickerUploadBody"}}},"required":true},"responses":{"200":{"description":"Successfully processed","content":{"application/json":{"schema":{"$ref":"#/components/schemas/Success"}}}},"400":{"description":"General error while processing the request","content":{"application/json":{"schema":{"$ref":"#/components/schemas/ErrorDescription"}}}},"401":{"description":"Error, missing data: image","content":{"application/json":{"schema":{"$ref":"#/components/schemas/ErrorDescription"}}}},"402":{"description":"Error, empty data: image","content":{"application/json":{"schema":{"$ref":"#/components/schemas/ErrorDescription"}}}},"403":{"description":"Error, invalid data: image","content":{"application/json":{"schema":{"$ref":"#/components/schemas/ErrorDescription"}}}},"404":{"description":"Error, missing data: stickerpack_id","content":{"application/json":{"schema":{"$ref":"#/components/schemas/ErrorDescription"}}}},"405":{"description":"Error, missing data: device-id","content":{"application/json":{"schema":{"$ref":"#/components/schemas/ErrorDescription"}}}},"406":{"description":"Error, missing data: sticker_id","content":{"application/json":{"schema":{"$ref":"#/components/schemas/ErrorDescription"}}}}}}},"/sticker-delete/":{"post":{"summary":"Delete sticker","description":"Method deletes a sticker inside a sticker pack\n","parameters":[{"name":"lang","in":"header","description":"Language locale","required":false,"style":"simple","explode":false,"schema":{"type":"string"},"example":"en"},{"name":"device-id","in":"header","description":"Device identifier","required":true,"style":"simple","explode":false,"schema":{"type":"string"},"example":"0CF941D0-0271-4F4A-9593-617EA8C78D3C"},{"name":"device-info","in":"header","description":"OS name and version, Device name","required":false,"style":"simple","explode":false,"schema":{"type":"string"},"example":"Android 11, Samsung SM-A207F"}],"requestBody":{"description":"Image and effect to process","content":{"application/json":{"schema":{"$ref":"#/components/schemas/StickerDeleteBody"}}},"required":true},"responses":{"200":{"description":"Successfully processed","content":{"application/json":{"schema":{"$ref":"#/components/schemas/Success"}}}},"400":{"description":"General error while processing the request","content":{"application/json":{"schema":{"$ref":"#/components/schemas/ErrorDescription"}}}},"401":{"description":"Error, missing data: stickerpack_id","content":{"application/json":{"schema":{"$ref":"#/components/schemas/ErrorDescription"}}}},"402":{"description":"Error, missing data: sticker_id","content":{"application/json":{"schema":{"$ref":"#/components/schemas/ErrorDescription"}}}},"403":{"description":"Error, missing data: device-id","content":{"application/json":{"schema":{"$ref":"#/components/schemas/ErrorDescription"}}}}}}},"/telegram-upload/":{"post":{"summary":"Create Telegram stickerpack","description":"Method allows to upload and save stickers as a pack in Telegram.\n","parameters":[{"name":"lang","in":"header","description":"Language locale","required":false,"style":"simple","explode":false,"schema":{"type":"string"},"example":"en"},{"name":"device-id","in":"header","description":"Device identifier","required":true,"style":"simple","explode":false,"schema":{"type":"string"},"example":"0CF941D0-0271-4F4A-9593-617EA8C78D3C"},{"name":"device-info","in":"header","description":"OS name and version, Device name","required":false,"style":"simple","explode":false,"schema":{"type":"string"},"example":"Android 11, Samsung SM-A207F"}],"requestBody":{"description":"Sticker pack data","content":{"multipart/form-data":{"schema":{"$ref":"#/components/schemas/TelegramUploadBody"}}},"required":true},"responses":{"200":{"description":"Successfully processed","content":{"application/json":{"schema":{"type":"object","properties":{"success":{"type":"boolean"},"data":{"$ref":"#/components/schemas/TelegramUploadSuccess"}}}}}},"400":{"description":"General error while processing the request","content":{"application/json":{"schema":{"$ref":"#/components/schemas/ErrorDescription"}}}},"401":{"description":"Error, missing data: stickers_list","content":{"application/json":{"schema":{"$ref":"#/components/schemas/ErrorDescription"}}}},"402":{"description":"Error in stickers_list, empty image","content":{"application/json":{"schema":{"$ref":"#/components/schemas/ErrorDescription"}}}},"403":{"description":"Error in stickers_list, unknown image type","content":{"application/json":{"schema":{"$ref":"#/components/schemas/ErrorDescription"}}}},"404":{"description":"Error, missing data: emojis_list","content":{"application/json":{"schema":{"$ref":"#/components/schemas/ErrorDescription"}}}},"405":{"description":"Error, missing data: stickerpack_title","content":{"application/json":{"schema":{"$ref":"#/components/schemas/ErrorDescription"}}}},"406":{"description":"Error, can not create sticker pack","content":{"application/json":{"schema":{"$ref":"#/components/schemas/ErrorDescription"}}}},"407":{"description":"Error, emojis_list count does not match stickers_list count","content":{"application/json":{"schema":{"$ref":"#/components/schemas/ErrorDescription"}}}},"408":{"description":"Error in stickers_list, image size more than 512kb","content":{"application/json":{"schema":{"$ref":"#/components/schemas/ErrorDescription"}}}},"409":{"description":"Error in stickers_list, invalid image size","content":{"application/json":{"schema":{"$ref":"#/components/schemas/ErrorDescription"}}}}}}},"/feedback-submit/":{"post":{"summary":"Feedback processing","description":"Process a new feedback from a user\n","parameters":[{"name":"lang","in":"header","description":"Language locale","required":false,"style":"simple","explode":false,"schema":{"type":"string"},"example":"en"},{"name":"device-id","in":"header","description":"Device identifier","required":false,"style":"simple","explode":false,"schema":{"type":"string"},"example":"0CF941D0-0271-4F4A-9593-617EA8C78D3C"},{"name":"device-info","in":"header","description":"OS name and version, Device name","required":false,"style":"simple","explode":false,"schema":{"type":"string"},"example":"Android 11, Samsung SM-A207F"}],"requestBody":{"description":"Feedback information data","content":{"application/json":{"schema":{"$ref":"#/components/schemas/FeedbackBody"}}},"required":true},"responses":{"200":{"description":"Successfully processed","content":{"application/json":{"schema":{"$ref":"#/components/schemas/Success"}}}},"400":{"description":"General error while processing the request","content":{"application/json":{"schema":{"$ref":"#/components/schemas/ErrorDescription"}}}},"401":{"description":"Error, invalid data: email","content":{"application/json":{"schema":{"$ref":"#/components/schemas/ErrorDescription"}}}},"402":{"description":"Error, invalid data: message","content":{"application/json":{"schema":{"$ref":"#/components/schemas/ErrorDescription"}}}}}}},"/resize/":{"post":{"summary":"Uploading an image for resizing.","description":"Upload a new photo for resizing:\nJPEG (.jpg, .jpeg) / PNG (.png) only.\nImage must be squared (width = height)!\nThis method waits till the image is processed.\nResponse contains the result of the processing.\n","parameters":[{"name":"lang","in":"header","description":"Language locale","required":false,"style":"simple","explode":false,"schema":{"type":"string"},"example":"en"},{"name":"device-id","in":"header","description":"Device identifier","required":false,"style":"simple","explode":false,"schema":{"type":"string"},"example":"0CF941D0-0271-4F4A-9593-617EA8C78D3C"},{"name":"device-info","in":"header","description":"OS name and version, Device name","required":false,"style":"simple","explode":false,"schema":{"type":"string"},"example":"Android 11, Samsung SM-A207F"}],"requestBody":{"description":"Image to upload","content":{"multipart/form-data":{"schema":{"$ref":"#/components/schemas/ResizeUploadBody"}}},"required":true},"responses":{"200":{"description":"Successfully processed","content":{"application/json":{"schema":{"type":"object","properties":{"success":{"type":"boolean"},"data":{"$ref":"#/components/schemas/ResizeResultSuccess"}}}}}},"400":{"description":"General error while processing the request","content":{"application/json":{"schema":{"$ref":"#/components/schemas/ErrorDescription"}}}},"401":{"description":"Error, missing data: image","content":{"application/json":{"schema":{"$ref":"#/components/schemas/ErrorDescription"}}}},"402":{"description":"Error, empty data: image","content":{"application/json":{"schema":{"$ref":"#/components/schemas/ErrorDescription"}}}},"403":{"description":"Error, invalid data: image","content":{"application/json":{"schema":{"$ref":"#/components/schemas/ErrorDescription"}}}}}}}},"components":{"schemas":{"AutoCropResultSingle":{"required":["error_description","image_url","processed","processing_success"],"type":"object","properties":{"processed":{"type":"boolean","description":"true - request processed and data is ready, false - request is being processed","example":true},"processing_success":{"type":"boolean","description":"true - processing is successful, false - can not process the image (can not find person on a photo, can not remove background)","example":true},"error_description":{"type":"string","description":"In case of processing_success = false this field will contain the error explanation","example":"This is not a valid image"},"image_url":{"type":"string","description":"URL of the processed image","example":"https://static.photoideas.mobi/images/fnL33ghphoe5.png"}}},"AutoCropUploadSuccess":{"required":["image_id"],"type":"object","properties":{"image_id":{"type":"string","example":"abcd-123E-fgh12af"}}},"ImageUploadBody":{"required":["image"],"type":"object","properties":{"image":{"type":"string","format":"binary"}}},"AutoCropResultSuccess":{"required":["error_description","image_url","processed","processing_success"],"type":"object","properties":{"processed":{"type":"boolean","description":"true - request processed and data is ready, false - request is being processed","example":true},"processing_success":{"type":"boolean","description":"true - processing is successful, false - can not process the image (can not find person on a photo, can not remove background)","example":true},"error_description":{"type":"string","description":"In case of processing_success = false this field will contain the error explanation","example":"This is not a valid image"},"image_url":{"type":"string","description":"URL of the processed image","example":"https://static.photoideas.mobi/images/fnL33ghphoe5.png"}}},"OverlayItem":{"required":["icon","images","title"],"type":"object","properties":{"title":{"type":"string","description":"Category name","example":"Glasses"},"icon":{"type":"string","description":"Category image icon","example":"https://photoideas.mobi/stickerapp-overlays/glasses/1.png"},"images":{"type":"array","description":"List of images for this category","items":{"type":"string","description":"Image path","example":"https://photoideas.mobi/stickerapp-overlays/glasses/1.png"}}}},"EffectItem":{"required":["id","title"],"type":"object","properties":{"id":{"type":"integer","description":"Unique effect identifier","format":"int64","example":1},"title":{"type":"string","description":"Effect name","example":"Cartoon"}}},"EffectUploadBodySingle":{"required":["effect_id","image"],"type":"object","properties":{"effect_id":{"type":"integer","description":"Unique effect identifier received from the /effects/ method","format":"int64","example":1},"image":{"type":"string","format":"binary"}}},"EffectUploadBody":{"required":["image"],"type":"object","properties":{"image":{"type":"string","format":"binary"}}},"EffectProcessBody":{"required":["effect_id","image_id"],"type":"object","properties":{"effect_id":{"type":"integer","description":"Unique effect identifier received from the /effects/ method","format":"int64","example":1},"image_id":{"type":"string","description":"Id of an image previously uploaded with /effects-upload/ method.","example":"abcd-123E-fgh12af"}}},"EffectUploadSuccess":{"required":["image_id"],"type":"object","properties":{"image_id":{"type":"string","example":"abcd-123E-fgh12af"}}},"EffectProcessSuccess":{"required":["process_id"],"type":"object","properties":{"process_id":{"type":"string","example":"abcd-123E-fgh12af"}}},"EffectResultSuccess":{"required":["error_description","image_url","processed","processing_success"],"type":"object","properties":{"processed":{"type":"boolean","description":"true - request processed and data is ready, false - request is being processed","example":true},"processing_success":{"type":"boolean","description":"true - processing is successful, false - can not process the image","example":true},"error_description":{"type":"string","description":"In case of processing_success = false this field will contain the error explanation","example":"This is not a valid image"},"image_url":{"type":"string","description":"URL of the processed image","example":"https://static.photoideas.mobi/images/fnL33ghphoe5.png"}}},"StickerUploadBody":{"required":["image","sticker_id","stickerpack_id"],"type":"object","properties":{"stickerpack_id":{"type":"string","description":"Id of a stickerpack.","example":"abcd-123E-fgh12af"},"sticker_id":{"type":"string","description":"Id of a sticker inside a pack.","example":"efgh-456i-jklmnop"},"image":{"type":"string","description":"Sticker image file, .webp only","format":"binary"}}},"StickerDeleteBody":{"required":["sticker_id","stickerpack_id"],"type":"object","properties":{"stickerpack_id":{"type":"string","description":"Id of a stickerpack.","example":"abcd-123E-fgh12af"},"sticker_id":{"type":"string","description":"Id of a sticker inside a pack.","example":"efgh-456i-jklmnop"}}},"TelegramUploadBody":{"required":["emojis_list","stickerpack_title","stickers_list[]"],"type":"object","properties":{"stickerpack_title":{"type":"string","description":"Sticker pack name","example":"My StickerPack"},"emojis_list":{"type":"array","description":"List of emojis 1 per sticker in same order as stickers!","items":{"type":"string","example":"\uD83D\uDE03"}},"stickers_list[]":{"type":"array","description":"Sticker images list, .png files only","items":{"type":"string","format":"binary"}}}},"TelegramUploadSuccess":{"required":["stickerpack_url"],"type":"object","properties":{"stickerpack_url":{"type":"string","example":"https://t.me/addstickers/test"}}},"FeedbackBody":{"required":["email","message"],"properties":{"email":{"type":"string","description":"user's email","example":"abc@def.com"},"message":{"type":"string","description":"feedback text","example":"Add more emojis!"}}},"Success":{"required":["success"],"type":"object","properties":{"success":{"type":"boolean","example":true}}},"ResizeUploadBody":{"required":["image"],"type":"object","properties":{"image":{"type":"string","format":"binary"}}},"ResizeResultSuccess":{"required":["image_url"],"type":"object","properties":{"image_url":{"type":"string","description":"URL of the processed image","example":"https://static.photoideas.mobi/images/fnL33ghphoe5.png"}}},"ErrorDescription":{"required":["error"],"type":"object","properties":{"error":{"type":"string","example":"Here goes the exact error description"}}}}}}