{"openapi":"3.0.0","info":{"title":"Bank API System","description":"An API System suitable for use by a bank","version":"1.0"},"externalDocs":{"description":"Find out more about Swagger","url":"http://swagger.io"},"servers":[{"url":"https://virtserver.swaggerhub.com/API-Design83/BankAPI/1.0","description":"SwaggerHub API Auto Mocking"}],"paths":{"/user":{"get":{"tags":["user"],"summary":"Return a list with all users","description":"Return a list of all the users","operationId":"getAllUsers","responses":{"200":{"description":"succesful operation","content":{"application/json":{"schema":{"type":"array","items":{"$ref":"#/components/schemas/User"}}}}},"404":{"description":"not found"}}},"post":{"tags":["user"],"summary":"Create user","description":"Create a user. This can only be done by the logged in user.","operationId":"createUser","requestBody":{"description":"The user that is to be created","content":{"application/json":{"schema":{"$ref":"#/components/schemas/User"}}},"required":true},"responses":{"200":{"description":"operation succesful","content":{"application/json":{"schema":{"$ref":"#/components/schemas/User"}}}}}}},"/user/login":{"post":{"tags":["token"],"summary":"log in user","operationId":"loginUser","requestBody":{"description":"Logs the user in into the system","content":{"application/json":{"schema":{"$ref":"#/components/schemas/User"}}},"required":true},"responses":{"200":{"description":"return authentication token","content":{"application/json":{"schema":{"$ref":"#/components/schemas/Token"}}}}}}},"/user/logout":{"delete":{"tags":["token"],"summary":"log out user","description":"Logs out current logged in session user and delete current token","operationId":"logoutUser","responses":{"200":{"description":"successful operation","content":{"application/json":{"schema":{"$ref":"#/components/schemas/Token"}}}}}}},"/user/{id}":{"get":{"tags":["user"],"summary":"Get user by ID","operationId":"getUserByName","parameters":[{"name":"id","in":"path","description":"Retrieve the information from a user specified by the given user ID.","required":true,"style":"simple","explode":false,"schema":{"type":"integer","description":"Return a user object by the user ID","format":"int32"}}],"responses":{"200":{"description":"successful operation","content":{"application/json":{"schema":{"$ref":"#/components/schemas/User"}}}},"400":{"description":"Invalid username supplied"},"404":{"description":"User not found"}},"security":[{"bearerAuth":[]}]},"put":{"tags":["user"],"summary":"Updated user","description":"Update the user specified by the given user ID.","operationId":"updateUser","parameters":[{"name":"id","in":"path","description":"name that need to be updated","required":true,"style":"simple","explode":false,"schema":{"type":"string"}}],"requestBody":{"description":"Update the user","content":{"application/json":{"schema":{"$ref":"#/components/schemas/User"}}},"required":true},"responses":{"400":{"description":"Invalid user supplied"},"404":{"description":"User not found"}},"security":[{"bearerAuth":[]}]},"delete":{"tags":["user"],"summary":"Delete user","description":"Delete the user specified by the given user ID.","operationId":"deleteUser","parameters":[{"name":"id","in":"path","description":"The userID that needs to be deleted","required":true,"style":"simple","explode":false,"schema":{"type":"integer","format":"int32"}}],"responses":{"400":{"description":"Invalid userId supplied"},"404":{"description":"User not found"}},"security":[{"bearerAuth":[]}]}},"/account":{"get":{"tags":["account"],"summary":"get a list of all the accounts","description":"Get a list of all the currently known accounts.","operationId":"getAllAccounts","responses":{"200":{"description":"Succesful operation","content":{"application/json":{"schema":{"type":"array","items":{"$ref":"#/components/schemas/Account"}}}}},"401":{"description":"Succesfull operation"}},"security":[{"bearerAuth":[]}]},"post":{"tags":["account"],"summary":"Create account","description":"Create a new account.","operationId":"createAccount","requestBody":{"description":"Creat an account","content":{"application/json":{"schema":{"$ref":"#/components/schemas/Account"}}},"required":true},"responses":{"200":{"description":"succesful operation","content":{"application/json":{"schema":{"$ref":"#/components/schemas/Account"}}}}},"security":[{"bearerAuth":[]}]}},"/account/{id}":{"put":{"tags":["account"],"summary":"Updating account","operationId":"updateAccount","parameters":[{"name":"id","in":"path","description":"Update the information from the account specified by the given account ID.","required":true,"style":"simple","explode":false,"schema":{"type":"integer","format":"int32"}}],"responses":{"200":{"description":"Updated succesfully"}},"security":[{"bearerAuth":[]}]},"delete":{"tags":["account"],"summary":"Deleting account","description":"Delete the account specified by the given account ID.","operationId":"deleteAccount","parameters":[{"name":"id","in":"path","description":"iban that needs to be deleted","required":true,"style":"simple","explode":false,"schema":{"type":"integer","format":"int32"}}],"responses":{"200":{"description":"Updated succesfully"},"400":{"description":"Could not delete account"}},"security":[{"bearerAuth":[]}]}},"/transaction":{"get":{"tags":["transaction"],"summary":"get all the transactions","description":"Retrieve a list of all the currently known transactions.","operationId":"getAllTransactions","responses":{"200":{"description":"succesful transaction","content":{"application/json":{"schema":{"type":"array","items":{"$ref":"#/components/schemas/Transaction"}}}}}},"security":[{"bearerAuth":[]}]},"post":{"tags":["transaction"],"summary":"Create transaction","description":"Create a new transaction","operationId":"createTransaction","requestBody":{"description":"Created account object","content":{"application/json":{"schema":{"$ref":"#/components/schemas/Transaction"}}}},"responses":{"default":{"description":"succesful operation"}},"security":[{"bearerAuth":[]}]}},"/transaction/{id}":{"get":{"tags":["transaction"],"summary":"get transaction by ID.","description":"Get the information from a transaction specified by the given transaction ID.","operationId":"getTransaction","parameters":[{"name":"id","in":"path","description":"Created transaction object","required":true,"style":"simple","explode":false,"schema":{"type":"integer","format":"int32"}}],"responses":{"200":{"description":"succesful transaction"}},"security":[{"bearerAuth":[]}]}},"/transaction/deposit":{"post":{"tags":["transaction"],"summary":"create deposit","description":"Create a transaction to deposit an amount","operationId":"deposit","responses":{"200":{"description":"succesful transaction"}},"security":[{"bearerAuth":[]}]}},"/transaction/withdraw":{"post":{"tags":["transaction"],"summary":"create withdrawal","description":"Create a transaction to withdraw an amount","operationId":"withdraw","requestBody":{"description":"Creates a deposition","content":{"application/json":{"schema":{"$ref":"#/components/schemas/Transaction"}}}},"responses":{"200":{"description":"succesful transaction"}},"security":[{"bearerAuth":[]}]}}},"components":{"schemas":{"Transaction":{"type":"object","properties":{"id":{"type":"integer","format":"int32"},"status":{"type":"string","description":"Transaction Status","enum":["placed","approved","delivered","cancelled"]},"accountFrom":{"type":"string","description":"Account the transaction is sent from"},"accountTo":{"type":"string","description":"Account the transaction is sent to"},"userPerforming":{"type":"integer","description":"User requesting the transaction","format":"int32"},"amount":{"type":"number","description":"Amount transferred","format":"double"},"timestamp":{"type":"string","description":"Time the transaction occured","format":"date-time"}},"xml":{"name":"Transaction"}},"Account":{"type":"object","properties":{"id":{"type":"integer","format":"int32"},"UserId":{"type":"integer","format":"int32"},"IBAN":{"type":"string"},"balance":{"type":"number","format":"double"},"absoluteMinimum":{"type":"integer","description":"Absolute minimum that can be set for the account","format":"int32"},"accountType":{"type":"string","description":"Type of account","enum":["Saving","Current"]}},"xml":{"name":"Account"}},"User":{"type":"object","properties":{"id":{"type":"integer","format":"int32"},"username":{"type":"string"},"firstName":{"type":"string"},"lastName":{"type":"string"},"email":{"type":"string"},"password":{"type":"string"},"phone":{"type":"string"},"birthDate":{"type":"string","format":"date"},"userStatus":{"type":"string","description":"User Status","enum":["Active","Inactive"]},"userType":{"type":"string","description":"Type of user","enum":["Customer","Employee"]},"dailyLimit":{"type":"integer","description":"Maximum amount of transactions per day","format":"int32"},"transactionLimit":{"type":"integer","description":"Maximum amount per transaction","format":"int32"}},"xml":{"name":"User"}},"Token":{"required":["active","id","userId","userType"],"type":"object","properties":{"Id":{"type":"string"},"UserId":{"type":"integer","format":"int32"},"UserType":{"type":"string","enum":["customer","employee"]},"Active":{"type":"boolean"}}},"ApiResponse":{"type":"object","properties":{"code":{"type":"integer","format":"int32"},"type":{"type":"string"},"message":{"type":"string"}}}},"securitySchemes":{"bearerAuth":{"type":"http","description":"JWT token for user authorization","scheme":"bearer","bearerFormat":"JWT"}}}}