{"openapi":"3.0.0","info":{"title":"Application Catalog","description":"Application Catalog APIs","license":{"name":"Copyright © 2019 All rights reserved."},"version":"1.4"},"servers":[{"url":"https://oinmanager.oktapreview.com/api/v1/catalog"}],"paths":{"/integrations":{"get":{"tags":["Integration"],"summary":"Lists application information for one or more app.","description":"Will list the application information for one or more specified apps. Will use pagination for more than 'limit' number of integrations.","parameters":[{"name":"query","in":"query","description":"Text for searching apps / integrations in the catalog.","required":false,"style":"form","explode":true,"schema":{"type":"string"}},{"name":"filter","in":"query","description":"Filter strings based on various characteristics like category, features etc. Note the values in categories will be applied as an intersection, while those in features will be a union.","required":false,"style":"form","explode":true,"schema":{"type":"string","format":"category eq \"Apps,CRM\", feature eq \"SWA,Provisioning\", category eq \"Apps,CRM\" and feature eq \"SWA,Provisioning\""}},{"name":"after","in":"query","description":"Pagination parameter as returned by Link Header","required":false,"style":"form","explode":true,"schema":{"type":"string"}},{"name":"limit","in":"query","description":"Override the default limit of 21. Can be overriden to a max value of 200.","required":false,"style":"form","explode":true,"schema":{"maximum":2E+2,"type":"integer","default":21}},{"name":"limitedCatalogSet","in":"query","description":"List of the integration names (comma separated), if specified it will limit the search domain to only this set of integrations","required":false,"style":"form","explode":true,"schema":{"type":"string","default":"*"},"example":"limitedCatalogSet=a,b,c,d"},{"name":"supportLevels","in":"query","description":"List of the desired support levels to filter applications.","required":false,"style":"form","explode":true,"schema":{"type":"string","default":"PROD"},"example":"supportLevels=PROD,TEST"},{"name":"signOnModes","in":"query","description":"List of sign on modes (comma separated), if specified it will limit the search domain to only this set of sign on modes","required":false,"style":"form","explode":true,"schema":{"type":"string","default":"*"},"example":"signOnModes=SAML,WSFED"},{"name":"type","in":"query","description":"Category Type","required":false,"style":"form","explode":true,"schema":{"$ref":"#/components/schemas/CategoryType"}},{"name":"industries","in":"query","description":"List of industries (comma separated), if specified it will limit the search domain to only this set of industries","required":false,"style":"form","explode":true,"schema":{"type":"string","default":"*"},"example":"industries=NGO,RETAIL"},{"name":"orderBy","in":"query","description":"Sets the Sort Order of the integrations","required":false,"style":"form","explode":true,"schema":{"$ref":"#/components/schemas/IntegrationOrderBy"}}],"responses":{"200":{"description":"OK","headers":{"Link":{"description":"Pagination links are included as Link Headers with the \"rel\" parameter with possible values of \"self\" or \"next\"","style":"simple","explode":false,"schema":{"type":"string"}}},"content":{"application/json":{"schema":{"type":"array","items":{"$ref":"#/components/schemas/IntegrationV1Model"}}}}},"400":{"description":"Invalid filter syntax"}}}},"/integrations/{appName}":{"get":{"tags":["Integration"],"parameters":[{"name":"appName","in":"path","description":"The name of integration.","required":true,"style":"simple","explode":false,"schema":{"type":"string"}},{"name":"type","in":"query","description":"Category Type","required":false,"style":"form","explode":true,"schema":{"$ref":"#/components/schemas/CategoryType"}}],"responses":{"200":{"description":"OK","content":{"application/json":{"schema":{"$ref":"#/components/schemas/IntegrationV1Model"}}}},"404":{"description":"Resource not found"}}},"put":{"tags":["Integration"],"parameters":[{"name":"appName","in":"path","description":"The name of the integration.","required":true,"style":"simple","explode":false,"schema":{"type":"string"}}],"requestBody":{"content":{"application/json":{"schema":{"$ref":"#/components/schemas/IntegrationV1Model"}}}},"responses":{"200":{"description":"OK","content":{"application/json":{"schema":{"$ref":"#/components/schemas/IntegrationV1Model"}}}},"400":{"description":"Invalid request body"},"401":{"description":"Unauthorized user"},"403":{"description":"Inadequate user permissions"},"404":{"description":"Resource not found"}}}},"/internal/categories":{"get":{"tags":["Categories"],"summary":"List of all categories","description":"List all categories without counts but may filter by CategoryType","parameters":[{"name":"type","in":"query","description":"Category Type","required":false,"style":"form","explode":true,"schema":{"$ref":"#/components/schemas/CategoryType"}},{"name":"requestSource","in":"query","description":"Source of the request","required":false,"style":"form","explode":true,"schema":{"$ref":"#/components/schemas/InternalCategoryRequestSourceType"}}],"responses":{"200":{"description":"OK","content":{"application/json":{"schema":{"type":"array","items":{"$ref":"#/components/schemas/CategoryV1Model"}}}}}}}},"/workflows":{"get":{"tags":["Workflow"],"summary":"Lists workflow information for one or more workflow.","description":"Will list the worklfow information for one or more integration.\\ will use pagination for more than `limit` number of workflows.","parameters":[{"name":"query","in":"query","description":"Query for searching workflows in the catalog.","required":false,"style":"form","explode":true,"schema":{"type":"string"}},{"name":"filter","in":"query","description":"Filter string based on various characteristics like connectors.","required":false,"style":"form","explode":true,"schema":{"type":"string","format":"connector eq \"slack\""}},{"name":"after","in":"query","description":"Pagination parameter as returned by Link Header","required":false,"style":"form","explode":true,"schema":{"type":"string"}},{"name":"limit","in":"query","description":"Override the default limit of 21, can be overriden to a max value of 200.","required":false,"style":"form","explode":true,"schema":{"maximum":2E+2,"type":"integer","default":21}},{"name":"includeWorkflowCTA","in":"query","description":"Include workflow template call to action links","required":false,"style":"form","explode":true,"schema":{"type":"boolean","default":false}}],"responses":{"200":{"description":"OK","headers":{"Link":{"description":"Pagination links are included as Link Headers with \"rel\" parameter with possible values of \"self\" or \"next\"","style":"simple","explode":false,"schema":{"type":"string"}}},"content":{"application/json":{"schema":{"type":"array","items":{"$ref":"#/components/schemas/WorkflowV1Model"}}}}},"400":{"description":"Invalid filter syntax"}}}},"/workflows/{workflowName}":{"get":{"tags":["Workflow"],"parameters":[{"name":"workflowName","in":"path","description":"The name of workflow.","required":true,"style":"simple","explode":false,"schema":{"type":"string"}},{"name":"includeWorkflowCTA","in":"query","description":"Include workflow template call to action links","required":false,"style":"form","explode":true,"schema":{"type":"boolean","default":false}}],"responses":{"200":{"description":"OK","content":{"application/json":{"schema":{"$ref":"#/components/schemas/WorkflowV1Model"}}}},"404":{"description":"Resource not found"}}}},"/workflows/{workflowName}/resources/flopack":{"get":{"tags":["Workflow"],"description":"Fetches the Flopack file for the specified workflow. The Flopack file format is not validated or defined by the Catalog.","parameters":[{"name":"workflowName","in":"path","description":"The name of the workflow.","required":true,"style":"simple","explode":false,"schema":{"type":"string"}}],"responses":{"200":{"description":"OK","content":{"application/json":{"schema":{"type":"object"}}}},"404":{"description":"Resource not found"}}}},"/components/{componentName}":{"get":{"tags":["Component"],"parameters":[{"name":"componentName","in":"path","description":"The name of component.","required":true,"style":"simple","explode":false,"schema":{"type":"string"}},{"name":"includeWorkflowCTA","in":"query","description":"Include workflow call to action links","required":false,"style":"form","explode":true,"schema":{"type":"boolean","default":false}}],"responses":{"200":{"description":"OK","content":{"application/json":{"schema":{"$ref":"#/components/schemas/ComponentV1Model"}}}},"404":{"description":"Resource not found"}}}},"/categories":{"get":{"tags":["Category"],"summary":"Reads the list of application categories.","description":"Reads the list of application categories.","parameters":[{"name":"type","in":"query","description":"Category Type","required":false,"style":"form","explode":true,"schema":{"$ref":"#/components/schemas/CategoryType"}},{"name":"limitedCatalogSet","in":"query","description":"List of the integration names (comma separated), if specified it will limit the search domain to only this set of integrations","required":false,"style":"form","explode":true,"schema":{"type":"string","default":"*"},"example":"limitedCatalogSet=a,b,c,d"},{"name":"supportLevels","in":"query","description":"List of the desired support levels to filter applications.","required":false,"style":"form","explode":true,"schema":{"type":"string","default":"PROD"},"example":"supportLevels=PROD,TEST"},{"name":"signOnModes","in":"query","description":"List of sign on modes (comma separated), if specified it will limit the search domain to only this set of sign on modes","required":false,"style":"form","explode":true,"schema":{"type":"string","default":"*"},"example":"signOnModes=SAML,WSFED"}],"responses":{"200":{"description":"OK","content":{"application/json":{"schema":{"type":"array","items":{"$ref":"#/components/schemas/CategoryV1Model"}}}}}}}},"/features":{"get":{"tags":["Feature"],"summary":"Reads the list of application features","description":"Reads the list of application features.","responses":{"200":{"description":"OK","content":{"application/json":{"schema":{"type":"array","items":{"$ref":"#/components/schemas/IntegrationFeatureV1Model"}}}}}}}},"/promotions":{"get":{"tags":["Promotions"],"summary":"Returns list of all promotions and corresponding integrations","description":"List of promotions and the corresponding integrations","parameters":[{"name":"filter","in":"query","description":"Filter promotions based on characteristics like category.","required":false,"style":"form","explode":true,"schema":{"type":"string","format":"category eq \"security\""}},{"name":"type","in":"query","description":"Category Type","required":false,"style":"form","explode":true,"schema":{"$ref":"#/components/schemas/CategoryType"}},{"name":"limit","in":"query","description":"Override the default limit of 6 integrations to return for each promotion list. A max of 21 integrations per promotion can be allowed when getting all promotions.","required":false,"style":"form","explode":true,"schema":{"maximum":21,"type":"integer","default":6}},{"name":"signOnModes","in":"query","description":"List of sign on modes (comma separated), if specified it will limit the search domain to only this set of sign on modes","required":false,"style":"form","explode":true,"schema":{"type":"string","default":"*"},"example":"signOnModes=SAML,WSFED"},{"name":"industries","in":"query","description":"List of industries (comma separated), if specified it will limit the search domain to only this set of industries","required":false,"style":"form","explode":true,"schema":{"type":"string","default":"*"},"example":"industries=NGO,RETAIL"},{"name":"orderBy","in":"query","description":"Sets the Sort Order of the integrations","required":false,"style":"form","explode":true,"schema":{"$ref":"#/components/schemas/PromotionalIntegrationOrderBy"}}],"responses":{"200":{"description":"OK","content":{"application/json":{"schema":{"type":"array","items":{"$ref":"#/components/schemas/PromotionsV1Model"}}}}}}}},"/promotions/{promotionName}/integrations":{"get":{"tags":["Promotions"],"summary":"Returns list of all integrations for the promotion","description":"Returns list of all integrations for the promotion","parameters":[{"name":"promotionName","in":"path","required":true,"style":"simple","explode":false,"schema":{"type":"string"}},{"name":"type","in":"query","description":"Category Type","required":false,"style":"form","explode":true,"schema":{"$ref":"#/components/schemas/CategoryType"}},{"name":"limit","in":"query","description":"Override the default limit of 21 integrations to return for each promotion list.","required":false,"style":"form","explode":true,"schema":{"maximum":2E+2,"type":"integer","default":21}},{"name":"after","in":"query","description":"Pagination parameter as returned by Link Header","required":false,"style":"form","explode":true,"schema":{"type":"string"}},{"name":"signOnModes","in":"query","description":"List of sign on modes (comma separated), if specified it will limit the search domain to only this set of sign on modes","required":false,"style":"form","explode":true,"schema":{"type":"string","default":"*"},"example":"signOnModes=SAML,WSFED"},{"name":"industries","in":"query","description":"List of industries (comma separated), if specified it will limit the search domain to only this set of industries","required":false,"style":"form","explode":true,"schema":{"type":"string","default":"*"},"example":"industries=NGO,RETAIL"},{"name":"orderBy","in":"query","description":"Sets the Sort Order of the integrations","required":false,"style":"form","explode":true,"schema":{"$ref":"#/components/schemas/PromotionalIntegrationOrderBy"}}],"responses":{"200":{"description":"OK","content":{"application/json":{"schema":{"type":"array","items":{"$ref":"#/components/schemas/IntegrationV1Model"}}}}}}}},"/promotions/{categoryName}/{promotionName}/integrations":{"get":{"tags":["Promotions"],"summary":"Returns list of all integrations for the promotion","description":"Returns list of all integrations for the promotion","parameters":[{"name":"categoryName","in":"path","required":true,"style":"simple","explode":false,"schema":{"type":"string"}},{"name":"promotionName","in":"path","required":true,"style":"simple","explode":false,"schema":{"type":"string"}},{"name":"type","in":"query","description":"Category Type","required":false,"style":"form","explode":true,"schema":{"$ref":"#/components/schemas/CategoryType"}},{"name":"limit","in":"query","description":"Override the default limit of 21 integrations to return for each promotion list.","required":false,"style":"form","explode":true,"schema":{"maximum":2E+2,"type":"integer","default":21}},{"name":"after","in":"query","description":"Pagination parameter as returned by Link Header","required":false,"style":"form","explode":true,"schema":{"type":"string"}},{"name":"signOnModes","in":"query","description":"List of sign on modes (comma separated), if specified it will limit the search domain to only this set of sign on modes","required":false,"style":"form","explode":true,"schema":{"type":"string","default":"*"},"example":"signOnModes=SAML,WSFED"},{"name":"industries","in":"query","description":"List of industries (comma separated), if specified it will limit the search domain to only this set of industries","required":false,"style":"form","explode":true,"schema":{"type":"string","default":"*"},"example":"industries=NGO,RETAIL"},{"name":"orderBy","in":"query","description":"Sets the Sort Order of the integrations","required":false,"style":"form","explode":true,"schema":{"$ref":"#/components/schemas/PromotionalIntegrationOrderBy"}}],"responses":{"200":{"description":"OK","content":{"application/json":{"schema":{"type":"array","items":{"$ref":"#/components/schemas/IntegrationV1Model"}}}}}}}},"/quicksearch":{"get":{"tags":["Search"],"summary":"Searches across different entities (Categories & Integrations)","description":"This API can search across different entities, and returns a unified result set, with links for full search result on each entity type","parameters":[{"name":"query","in":"query","description":"Search query phrase","required":true,"style":"form","explode":true,"schema":{"type":"string"}},{"name":"type","in":"query","description":"Category Type","required":false,"style":"form","explode":true,"schema":{"$ref":"#/components/schemas/CategoryType"}},{"name":"limit","in":"query","description":"The maximum number of results to be returned per entity type","required":false,"style":"form","explode":true,"schema":{"type":"integer","default":10}},{"name":"limitedCatalogSet","in":"query","description":"List of the integration names (comma separated), if specified it will limit the search domain to only this set of integrations","required":false,"style":"form","explode":true,"schema":{"type":"string","default":"*"},"example":"limitedCatalogSet=a,b,c,d"},{"name":"supportLevels","in":"query","description":"List of the desired support levels to filter applications.","required":false,"style":"form","explode":true,"schema":{"type":"string","default":"PROD"},"example":"supportLevels=PROD,TEST"},{"name":"signOnModes","in":"query","description":"List of sign on modes (comma separated), if specified it will limit the search domain to only this set of sign on modes","required":false,"style":"form","explode":true,"schema":{"type":"string","default":"*"},"example":"signOnModes=SAML,WSFED"}],"responses":{"200":{"description":"OK","content":{"application/json":{"schema":{"$ref":"#/components/schemas/SearchResponseV1Model"}}}}}}},"/quicksearch/popular":{"get":{"tags":["Search"],"summary":"This API returns a list of popular search terms","description":"This API returns a list of popular search terms","responses":{"200":{"description":"OK","content":{"application/json":{"schema":{"type":"array","items":{"$ref":"#/components/schemas/PopularSearchTermV1Model"}}}}}}},"put":{"tags":["Search"],"summary":"This API saves a list of popular search terms","description":"This API saves a list of popular search terms","requestBody":{"content":{"application/json":{"schema":{"type":"array","items":{"type":"string"}}}}},"responses":{"200":{"description":"OK","content":{"application/json":{"schema":{"type":"array","items":{"$ref":"#/components/schemas/PopularSearchTermV1Model"}}}}}}}}},"components":{"schemas":{"IntegrationV1Model":{"required":["categories","createdAt","description","name","supportContacts","supportLevel","title","updatedAt","verificationStatus","version"],"type":"object","properties":{"name":{"type":"string","description":"The application unique name"},"title":{"type":"string","description":"The application display name"},"description":{"type":"string","description":"The application description"},"shortDescription":{"type":"string","description":"The application short description in plain text"},"richDescription":{"type":"string","description":"The application rich description in markdown"},"integrationGuide":{"type":"string","description":"The application integration guide in markdown"},"categories":{"maxItems":5,"minItems":1,"type":"array","description":"The application categories","items":{"$ref":"#/components/schemas/CategoryV1Model"}},"features":{"type":"array","description":"Types of features supported by the integration","items":{"$ref":"#/components/schemas/IntegrationFeatureV1Model"}},"industries":{"type":"array","description":"The application industries","items":{"$ref":"#/components/schemas/IntegrationIndustryV1Model"}},"supportContacts":{"type":"array","description":"Support contact information of the integration","items":{"$ref":"#/components/schemas/IntegrationSupportContactV1Model"}},"version":{"type":"string","description":"Version id"},"resources":{"type":"array","description":"Media items attached to this app","items":{"$ref":"#/components/schemas/MediaV1Model"}},"components":{"type":"array","description":"Components included in this integration","items":{"$ref":"#/components/schemas/ComponentV1Model"}},"relatedEntries":{"type":"array","description":"Related catalog entries","items":{"$ref":"#/components/schemas/RelatedEntryV1Model"}},"starRating":{"type":"number","description":"The start rating for this integration","format":"double"},"verificationStatus":{"type":"string","description":"The verification status of the integration","enum":["NEW","OKTA_VERIFIED","COMMUNITY_VERIFIED","UNVERIFIED"]},"attributions":{"type":"array","description":"Information about the different data soruces that contributed to this integration data.","items":{"$ref":"#/components/schemas/AttributionV1Model"}},"learnMoreOnly":{"type":"boolean","description":"A flag indicating whether the integration is a learn more only app."},"links":{"type":"array","description":"A list of links associated with the learn more integration.","items":{"$ref":"#/components/schemas/LinkV1Model"}},"actions":{"type":"array","description":"A list of actions that can be performed on an integration","items":{"$ref":"#/components/schemas/ActionV1Model"}},"website":{"type":"string","description":"The integration website."},"deepLinkUrl":{"type":"string","description":"A relative path to redirect the end user to to configure the integration"},"createdAt":{"type":"string","description":"Date the integration was created in yyyy-MM-ddTHH:mm:ss format.","example":"2018-05-16T17:32:18.000+0000"},"updatedAt":{"type":"string","description":"Date the integration was updated in yyyy-MM-ddTHH:mm:ss format.","example":"2018-05-16T17:32:18.000+0000"},"supportLevel":{"$ref":"#/components/schemas/SupportLevel"},"details":{"type":"object","description":"Additional parameters such as flopack details.","example":[{"flowCount":1,"stashCount":0},{"arbitraryProperty":"hello"}]},"publisher":{"$ref":"#/components/schemas/PublisherV1Model"}},"description":"Application model"},"WorkflowV1Model":{"required":["createdAt","description","name","title","updatedAt"],"type":"object","properties":{"name":{"type":"string","description":"Workflow unique name"},"title":{"type":"string","description":"The workflow title"},"description":{"type":"string","description":"The workflow description"},"shortDescription":{"type":"string","description":"The workflow short description"},"version":{"type":"string","description":"Version id"},"resources":{"type":"array","description":"Media items attached to this app","items":{"$ref":"#/components/schemas/MediaV1Model"}},"connectors":{"type":"array","description":"Connectors included in this workflow","items":{"$ref":"#/components/schemas/ComponentV1Model"}},"links":{"type":"array","description":"A list of links associated with this workflow","items":{"$ref":"#/components/schemas/LinkV1Model"}},"actions":{"type":"array","description":"A list of actions that can be performed on an integration","items":{"$ref":"#/components/schemas/ActionV1Model"}},"details":{"type":"object","description":"Additional parameters such as flopack details","example":[{"flowCount":1,"stashCount":0},{"arbitraryProperty":"hello"}]},"createdAt":{"type":"string","description":"Date the workflow was created in yyyy-MM-ddTHH:mm:ss format.","example":"2018-05-16T17:32:18.000+0000"},"updatedAt":{"type":"string","description":"Date the workflow was updated in yyyy-MM-ddTHH:mm:ss format.","example":"2018-05-16T17:32:18.000+0000"}},"description":"Workflow model"},"SupportLevel":{"type":"string","description":"Application support level.","enum":["PROD","TEST","DEV","BETA","DEMO"]},"CategoryV1Model":{"required":["description","name","title","type"],"type":"object","properties":{"name":{"type":"string","description":"Category unique name"},"title":{"type":"string","description":"The category display name"},"description":{"type":"string","description":"The description of the category"},"type":{"$ref":"#/components/schemas/CategoryType"},"count":{"type":"integer","description":"Number of integrations belonging to the category"}},"description":"Application category"},"CategoryType":{"type":"string","description":"The type of category","enum":["PRIMARY","SECONDARY","USE_CASE"]},"InternalCategoryRequestSourceType":{"type":"string","description":"The type of category","enum":["ISV_PORTAL","CATALOG_EDITOR"]},"IntegrationFeatureV1Model":{"required":["name","type"],"type":"object","properties":{"name":{"$ref":"#/components/schemas/IntegrationFeature"},"type":{"$ref":"#/components/schemas/IntegrationFeatureType"},"title":{"type":"string","description":"A human friendly title of the feature"}},"description":"Application integration"},"IntegrationIndustryV1Model":{"required":["name"],"type":"object","properties":{"name":{"$ref":"#/components/schemas/IntegrationIndustry"},"title":{"type":"string","description":"A human friendly title of the industry"},"description":{"type":"string","description":"A human friendly description of the industry"}},"description":"Application industry"},"IntegrationSupportContactV1Model":{"required":["data","type"],"type":"object","properties":{"type":{"$ref":"#/components/schemas/IntegrationSupportContactType"},"data":{"type":"string","description":"String of the contact information"},"userId":{"type":"string","description":"Metadata of the contact information"}},"description":"Application Support Contact"},"IntegrationFeature":{"type":"string","description":"Integration features","enum":["SWA","SAML","OIDC","WSFED","CREATE","UPDATE","DEACTIVATE","SYNC_PASSWORD","GROUP_LINKING","SCHEMA_DISCOVERY","GROUP_PUSH","ATTRIBUTE_SOURCING","ATTRIBUTE_WRITEBACK","BOOKMARK_SOM","CUSTOM_SOM","WORKFLOWS_COMPATIBLE","WORKFLOWS_TEMPLATES","WORKFLOWS_CONNECTORS","API","INBOUND_FEDERATION","OUTBOUND_FEDERATION","EVENT_HOOKS","INLINE_HOOKS"]},"IntegrationIndustry":{"type":"string","description":"Integration features","enum":["EDUCATION","FINANCIAL_SERVICES","HEALTHCARE","NGO","RETAIL","TRANSPORTATION"]},"IntegrationOrderBy":{"type":"string","description":"Integration order by options","default":"name","enum":["name","created"]},"PromotionalIntegrationOrderBy":{"type":"string","description":"Order by options for Promotional Integrations","default":"default","enum":["default","name","created"]},"IntegrationFeatureType":{"type":"string","description":"Type of integration feature","enum":["PROVISIONING","ACCESS","WORKFLOWS","FUNCTIONALITIES","OTHER"]},"IntegrationSupportContactType":{"type":"string","description":"Type of support contact","enum":["EMAIL","PHONE_NUMBER","URL"]},"MediaV1Model":{"required":["type"],"properties":{"uri":{"type":"string","description":"URI location of the media object","format":"uri"},"fallbackUri":{"type":"string","description":"URI location of the media object replicated to some DR","format":"uri"},"type":{"type":"string","description":"The type of media","enum":["IMAGE","VIDEO","CONTENT","FILE"]},"purpose":{"type":"string","description":"The purpose expected of this media","enum":["LOGO","IMAGE","THUMBNAIL","MARKETING","FLOPACK"]}},"description":"Any multimedia (image, video, text, ... etc)"},"PromotionsV1Model":{"type":"object","properties":{"name":{"type":"string"},"integrations":{"type":"array","items":{"$ref":"#/components/schemas/IntegrationV1Model"}}}},"AttributionV1Model":{"required":["name"],"type":"object","properties":{"name":{"type":"string","description":"The name of the data source used."},"link":{"type":"string","description":"A link to the source"}}},"LinkV1Model":{"required":["destination"],"type":"object","properties":{"name":{"type":"string","description":"Unique name of the link"},"title":{"type":"string","description":"Display title of the link"},"destination":{"type":"string","description":"The destination url"},"redirectPath":{"type":"string","description":"The redirect path","nullable":true},"baseUrl":{"type":"string","description":"The base path of link","nullable":true},"purpose":{"type":"string","nullable":true,"enum":["SUPPORT","WHITEPAPERS","WEBINARS","INFOGRAPHICS","DEMOS","DATASHEETS","BLOGS","RELEASENOTES","TERMSOFSERVICE","PRIVACYPOLICY","LEARNMORE","WORKFLOW_CTA"]}}},"ActionV1Model":{"required":["name","target","title","type"],"type":"object","properties":{"title":{"type":"string","description":"Title of the action"},"type":{"type":"string","description":"Type of call to action element. i.e. BUTTON or LINK","enum":["BUTTON","LINK","OTHER"]},"target":{"type":"string","description":"The target action url"},"name":{"type":"string","description":"The name of the target action"}}},"SearchResponseV1Model":{"type":"object","properties":{"integrations":{"$ref":"#/components/schemas/IntegrationSearchResultV1Model"},"workflows":{"$ref":"#/components/schemas/WorkflowSearchResultV1Model"},"categories":{"$ref":"#/components/schemas/CategorySearchResultV1Model"}}},"IntegrationSearchResultV1Model":{"type":"object","properties":{"totalHits":{"type":"integer","description":"The total number of hits for Integration entity"},"result":{"type":"array","items":{"required":["name","title"],"type":"object","properties":{"name":{"type":"string","description":"The integration unique name"},"title":{"type":"string","description":"The display title of the integration"},"highlighted":{"type":"string","description":"If the search term appears in the title, this field will have highlighted match, any highlighted term with be enclosed within <B></B>","example":"[\"Splunk Add-on for <B>Okta</B>\"]"},"logo":{"type":"string","description":"The logo of the integration"},"categories":{"type":"array","items":{"$ref":"#/components/schemas/CategoryV1Model"}},"features":{"type":"array","items":{"$ref":"#/components/schemas/IntegrationFeatureV1Model"}},"industry":{"type":"array","items":{"$ref":"#/components/schemas/IntegrationIndustryV1Model"}}},"description":"A brief version of IntegrationV1Model that has only the data needed for search result"}}}},"WorkflowSearchResultV1Model":{"type":"object","properties":{"totalHits":{"type":"integer","description":"The total number of hits for workflows"},"result":{"type":"array","items":{"required":["name","title"],"type":"object","properties":{"name":{"type":"string","description":"The workflow unique name"},"title":{"type":"string","description":"The display title of the workflow"},"highlighted":{"type":"string","description":"If the search term appears in the title, this field will have highlighted match, any highlighted term with be enclosed within <B></B>","example":"[\"Splunk Add-on for <B>Okta</B>\"]"}},"description":"A brief version of WorkflowV1Model that has only the data needed for search result"}}}},"CategorySearchResultV1Model":{"type":"object","properties":{"totalHits":{"type":"integer","description":"The total number of hits for Category entity"},"result":{"type":"array","items":{"required":["name","title"],"type":"object","properties":{"name":{"type":"string","description":"The category unique name"},"title":{"type":"string","description":"The display title of the category"},"highlighted":{"type":"string","description":"If the search term appears in the title, this field will have highlighted match, any highlighted term with be enclosed within <B></B>","example":"[\"<B>Okta</B> Applications\"]"},"type":{"$ref":"#/components/schemas/CategoryType"}},"description":"A brief version of CategoryV1Model that has the data needed for search result"}}}},"ComponentV1Model":{"required":["name","type","version"],"type":"object","properties":{"type":{"$ref":"#/components/schemas/ComponentType"},"name":{"type":"string","description":"Component name"},"version":{"type":"string","description":"Component version"},"description":{"type":"string","description":"Component description"},"shortDescription":{"type":"string","description":"The component short description in plain text"},"title":{"type":"string","description":"Component title"},"resources":{"type":"array","items":{"$ref":"#/components/schemas/MediaV1Model"}},"links":{"type":"array","description":"A list of links associated with the integration component.","items":{"$ref":"#/components/schemas/LinkV1Model"}},"details":{"type":"object","description":"Additional details such as connector actions.","example":[{"connectorActions":[{"name":"Create User","target":""}]},{"arbitraryProperty":"hello"}]}}},"ComponentType":{"type":"string","description":"Component type","enum":["CONNECTOR"]},"RelatedEntryV1Model":{"required":["type","uniqueIdentifier"],"type":"object","properties":{"type":{"$ref":"#/components/schemas/CatalogEntryType"},"uniqueIdentifier":{"type":"string","description":"Unique identifier of related catalog resource. For e.g. name of workflow, integration or component"},"target":{"type":"string","description":"relative uri to get catalog resource"}}},"CatalogEntryType":{"type":"string","description":"Catalog Entry type","enum":["CONNECTOR","WORKFLOW","INTEGRATION"]},"PublisherV1Model":{"type":"object","properties":{"name":{"type":"string","description":"Publisher name"},"website":{"type":"string","description":"Publisher's website"}}},"PopularSearchTermV1Model":{"type":"object","properties":{"term":{"type":"string","description":"Popular term to search by"},"priority":{"type":"integer","description":"Order priority of the popular search terms to be displayed"}}}}}}