{"openapi":"3.0.0","info":{"title":"Inventory Management API","description":"This is the API specification for the Inventory Management project.","contact":{"name":"Benedikt Schniepp","url":"https://github.com/Apsysikal/inventory-management","email":"schnieppbenedikt@icloud.com"},"license":{"name":"MIT","url":"https://github.com/Apsysikal/inventory-management/blob/main/LICENSE"},"version":"0.1.2"},"servers":[{"url":"https://virtserver.swaggerhub.com/Apsysikal/Inventory-Management/0.1.0","description":"SwaggerHub API Auto Mocking"},{"url":"https://inventory.schniepp.ch/api/v1","description":"Production Server"}],"tags":[{"name":"Item","description":"The items endpoint"}],"paths":{"/item":{"get":{"tags":["Item"],"summary":"Gets all Items from the collection.","description":"Gets all items in the collection. Skip and Limit parameters can be used to limit the number of items returen for pagination.","parameters":[{"name":"skip","in":"query","description":"Number of records to skip for pagination.","required":false,"style":"form","explode":true,"schema":{"minimum":0,"type":"integer","default":0}},{"name":"limit","in":"query","description":"Maximum number of records to return.","required":false,"style":"form","explode":true,"schema":{"maximum":5E+1,"minimum":0,"type":"integer","default":25}}],"responses":{"200":{"description":"Items in the collection according to query parameters","content":{"application/json":{"schema":{"type":"array","items":{"$ref":"#/components/schemas/InventoryItem"}}}}},"400":{"description":"bad input parameter"}}},"post":{"tags":["Item"],"summary":"Adds an Item to the collection","description":"Adds an item to the system.","requestBody":{"description":"Inventory item to add","content":{"application/json":{"schema":{"$ref":"#/components/schemas/InventoryItem"}}}},"responses":{"201":{"description":"Item Created","content":{"application/json":{"schema":{"$ref":"#/components/schemas/InventoryItem"}}}},"400":{"description":"Invalid Item"},"409":{"description":"Item already exists"}}}},"/item/{id}":{"get":{"tags":["Item"],"summary":"Gets the item by id","parameters":[{"name":"id","in":"path","description":"The id of the item to get","required":true,"style":"simple","explode":false,"schema":{"type":"string","format":"uuid"}}],"responses":{"200":{"description":"OK","content":{"application/json":{"schema":{"$ref":"#/components/schemas/InventoryItem"}}}},"404":{"description":"Item not found"}}},"put":{"tags":["Item"],"summary":"Updates the item with the id","description":"Does a full update. Updating single attributes is not supported","parameters":[{"name":"id","in":"path","description":"The id of the item to get","required":true,"style":"simple","explode":false,"schema":{"type":"string","format":"uuid"}}],"requestBody":{"content":{"application/json":{"schema":{"$ref":"#/components/schemas/InventoryItem"}}}},"responses":{"200":{"description":"OK","content":{"application/json":{"schema":{"$ref":"#/components/schemas/InventoryItem"}}}},"404":{"description":"Item not found"}}}}},"components":{"schemas":{"InventoryItem":{"required":["count","description","serial"],"type":"object","properties":{"_id":{"type":"string","description":"Generated on the database","format":"uuid"},"createdAt":{"type":"string","description":"Generated on the database","format":"date-time","example":"2022-03-04T09:21:02.495Z"},"updatedAt":{"type":"string","description":"Generated on the database","format":"date-time","example":"2022-03-14T08:33:30.833Z"},"serial":{"type":"string","example":"5070102"},"description":{"type":"string","example":"Priva Blue ID S-Line DI8 Digital Eingang Basis"},"count":{"minimum":0,"type":"number","format":"integer","example":8,"default":0}}}}}}