{"openapi":"3.0.0","info":{"title":"Bubble","description":"Bubble is a resource for NYU students which they can use to resolve common problems they face in their academic life. With this app users can ask their queries, share their experiences, provide their opinions, answer other student’s queries and much more. This application can be a great guide for students who are joining NYU for the first time, or a fresh breath for already existing students. Given this app only allows people from NYU, it provides a sense of community, security and unity as well. It congregates all these features at one place and creates a data resource for students to refer to.","version":"1.0.0"},"servers":[{"url":"https://virtserver.swaggerhub.com/ArchilChovatiya/Bubble/1.0.0","description":"SwaggerHub API Auto Mocking"}],"paths":{"/search_questions/{search_string}":{"get":{"tags":["Questions Page"],"summary":"Returns list of questions related to the searched question.","parameters":[{"name":"search_string","in":"path","required":true,"style":"simple","explode":false,"schema":{"type":"string","example":"Cannot ping AWS EC2 instance"}},{"name":"start","in":"query","required":false,"style":"form","explode":true,"schema":{"type":"integer","example":10}}],"responses":{"200":{"description":"List of question IDs","content":{"application/json":{"schema":{"$ref":"#/components/schemas/ResponseQuestionList"}}}},"400":{"description":"Invalid search string","content":{"application/json":{"schema":{"$ref":"#/components/schemas/ErrorResponse"}}}},"404":{"description":"Invalid search string","content":{"application/json":{"schema":{"$ref":"#/components/schemas/ErrorResponse"}}}},"default":{"description":"Invalid search string","content":{"application/json":{"schema":{"$ref":"#/components/schemas/ErrorResponse"}}}}}}},"/get_latest_questions/{start}":{"get":{"tags":["Questions Page"],"summary":"Returns list of latest questions.","parameters":[{"name":"start","in":"path","required":true,"style":"simple","explode":false,"schema":{"type":"integer","example":10}}],"responses":{"200":{"description":"List of question IDs","content":{"application/json":{"schema":{"$ref":"#/components/schemas/ResponseQuestionList"}}}},"400":{"description":"Invalid search string","content":{"application/json":{"schema":{"$ref":"#/components/schemas/ErrorResponse"}}}},"404":{"description":"Invalid search string","content":{"application/json":{"schema":{"$ref":"#/components/schemas/ErrorResponse"}}}},"default":{"description":"Invalid search string","content":{"application/json":{"schema":{"$ref":"#/components/schemas/ErrorResponse"}}}}}}},"/search_blogs/{search_string}":{"get":{"tags":["Blog Page"],"summary":"Returns list of blogs related to the searched blog.","parameters":[{"name":"search_string","in":"path","required":true,"style":"simple","explode":false,"schema":{"type":"string","example":"Cannot ping AWS EC2 instance"}},{"name":"start","in":"query","required":false,"style":"form","explode":true,"schema":{"type":"integer","example":10}}],"responses":{"200":{"description":"List of question IDs","content":{"application/json":{"schema":{"$ref":"#/components/schemas/ResponseBlogList"}}}},"400":{"description":"Invalid search string","content":{"application/json":{"schema":{"$ref":"#/components/schemas/ErrorResponse"}}}},"404":{"description":"Invalid search string","content":{"application/json":{"schema":{"$ref":"#/components/schemas/ErrorResponse"}}}},"default":{"description":"Invalid search string","content":{"application/json":{"schema":{"$ref":"#/components/schemas/ErrorResponse"}}}}}}},"/get_latest_blogs/{start}":{"get":{"tags":["Blog Page"],"summary":"Returns list of latest blogs.","parameters":[{"name":"start","in":"path","required":true,"style":"simple","explode":false,"schema":{"type":"integer","example":10}}],"responses":{"200":{"description":"List of question IDs","content":{"application/json":{"schema":{"$ref":"#/components/schemas/ResponseBlogList"}}}},"400":{"description":"Invalid search string","content":{"application/json":{"schema":{"$ref":"#/components/schemas/ErrorResponse"}}}},"404":{"description":"Invalid search string","content":{"application/json":{"schema":{"$ref":"#/components/schemas/ErrorResponse"}}}},"default":{"description":"Invalid search string","content":{"application/json":{"schema":{"$ref":"#/components/schemas/ErrorResponse"}}}}}}},"/search_feeds/{search_string}":{"get":{"tags":["Home Page"],"summary":"Returns list of questions and related to the searched question or blog.","parameters":[{"name":"search_string","in":"path","required":true,"style":"simple","explode":false,"schema":{"type":"string","example":"Cannot ping AWS EC2 instance"}},{"name":"start","in":"query","required":false,"style":"form","explode":true,"schema":{"type":"integer","example":10}}],"responses":{"200":{"description":"List of question IDs","content":{"application/json":{"schema":{"$ref":"#/components/schemas/ResponseQuestionBlogList"}}}},"400":{"description":"Invalid search string","content":{"application/json":{"schema":{"$ref":"#/components/schemas/ErrorResponse"}}}},"404":{"description":"Invalid search string","content":{"application/json":{"schema":{"$ref":"#/components/schemas/ErrorResponse"}}}},"default":{"description":"Invalid search string","content":{"application/json":{"schema":{"$ref":"#/components/schemas/ErrorResponse"}}}}}}},"/get_latest_feeds/{start}":{"get":{"tags":["Home Page"],"summary":"Returns list of latest questions and blog.","parameters":[{"name":"start","in":"path","required":true,"style":"simple","explode":false,"schema":{"type":"integer","example":10}}],"responses":{"200":{"description":"List of question IDs","content":{"application/json":{"schema":{"$ref":"#/components/schemas/ResponseQuestionBlogList"}}}},"400":{"description":"Invalid search string","content":{"application/json":{"schema":{"$ref":"#/components/schemas/ErrorResponse"}}}},"404":{"description":"Invalid search string","content":{"application/json":{"schema":{"$ref":"#/components/schemas/ErrorResponse"}}}},"default":{"description":"Invalid search string","content":{"application/json":{"schema":{"$ref":"#/components/schemas/ErrorResponse"}}}}}}},"/create_question":{"post":{"tags":["Question Component"],"summary":"User posts question","requestBody":{"content":{"applicatiom/json":{"schema":{"$ref":"#/components/schemas/RequestQuestionData"}}}},"responses":{"201":{"description":"HTTP 201 Created success status response","content":{"application/json":{"schema":{"$ref":"#/components/schemas/Response"}}}},"default":{"description":"Error Response","content":{"application/json":{"schema":{"$ref":"#/components/schemas/ErrorResponse"}}}}}}},"/get_question":{"post":{"tags":["Questions Page","Home Page","Question Component"],"summary":"Returns question data to create question card by question_id","requestBody":{"content":{"application/json":{"schema":{"$ref":"#/components/schemas/RequestPostQuestion"}}}},"responses":{"200":{"description":"Question Response Body","content":{"application/json":{"schema":{"$ref":"#/components/schemas/ResponseQuestionData"}}}},"400":{"description":"Invalid","content":{"application/json":{"schema":{"$ref":"#/components/schemas/ErrorResponse"}}}},"404":{"description":"Not Found","content":{"application/json":{"schema":{"$ref":"#/components/schemas/ErrorResponse"}}}},"default":{"description":"Error Response","content":{"application/json":{"schema":{"$ref":"#/components/schemas/ErrorResponse"}}}}}}},"/delete_question":{"post":{"tags":["Question Component"],"summary":"Delete question by authorized user","requestBody":{"content":{"application/json":{"schema":{"$ref":"#/components/schemas/RequestDeleteQuestion"}}}},"responses":{"200":{"description":"HTTP OK Response","content":{"application/json":{"schema":{"$ref":"#/components/schemas/Response"}}}},"default":{"description":"Error Response","content":{"application/json":{"schema":{"$ref":"#/components/schemas/ErrorResponse"}}}}}}},"/post_answer":{"post":{"tags":["Answer Component"],"summary":"User posts question","requestBody":{"content":{"applicatiom/json":{"schema":{"$ref":"#/components/schemas/RequestAnswerData"}}}},"responses":{"201":{"description":"HTTP 201 Created success status response","content":{"application/json":{"schema":{"$ref":"#/components/schemas/Response"}}}},"default":{"description":"Invalid search string","content":{"application/json":{"schema":{"$ref":"#/components/schemas/ErrorResponse"}}}}}}},"/get_answer":{"post":{"tags":["Answer Component"],"summary":"Returns list of answer data","requestBody":{"content":{"applicatiom/json":{"schema":{"$ref":"#/components/schemas/RequestGetAnswer"}}}},"responses":{"200":{"description":"Answer response body","content":{"application/json":{"schema":{"$ref":"#/components/schemas/ResponseAnswerData"}}}},"400":{"description":"Invalid","content":{"application/json":{"schema":{"$ref":"#/components/schemas/ErrorResponse"}}}},"404":{"description":"Answer not found","content":{"application/json":{"schema":{"$ref":"#/components/schemas/ErrorResponse"}}}},"default":{"description":"Invalid search string","content":{"application/json":{"schema":{"$ref":"#/components/schemas/ErrorResponse"}}}}}}},"/delete_answer":{"post":{"tags":["Answer Component"],"summary":"Delete answer by authorized user","requestBody":{"content":{"applicatiom/json":{"schema":{"$ref":"#/components/schemas/RequestDeleteAnswer"}}}},"responses":{"201":{"description":"HTTP OK Response","content":{"application/json":{"schema":{"$ref":"#/components/schemas/Response"}}}},"default":{"description":"Error Response","content":{"application/json":{"schema":{"$ref":"#/components/schemas/ErrorResponse"}}}}}}},"/post_comment":{"post":{"tags":["Comment Component"],"summary":"User posts comment","requestBody":{"content":{"applicatiom/json":{"schema":{"$ref":"#/components/schemas/RequestCommentData"}}}},"responses":{"201":{"description":"HTTP 201 Created success status response","content":{"application/json":{"schema":{"$ref":"#/components/schemas/Response"}}}},"default":{"description":"Invalid search string","content":{"application/json":{"schema":{"$ref":"#/components/schemas/ErrorResponse"}}}}}}},"/get_comment":{"post":{"tags":["Comment Component"],"summary":"Returns list of comment data","requestBody":{"content":{"applicatiom/json":{"schema":{"$ref":"#/components/schemas/RequestGetComment"}}}},"responses":{"200":{"description":"Comment Data Response","content":{"application/json":{"schema":{"$ref":"#/components/schemas/ResponseCommentData"}}}},"400":{"description":"Invalid","content":{"application/json":{"schema":{"$ref":"#/components/schemas/ErrorResponse"}}}},"404":{"description":"Not found","content":{"application/json":{"schema":{"$ref":"#/components/schemas/ErrorResponse"}}}},"default":{"description":"Invalid search string","content":{"application/json":{"schema":{"$ref":"#/components/schemas/ErrorResponse"}}}}}}},"/delete_comment":{"post":{"tags":["Comment Component"],"summary":"Delete comment by authorized user","requestBody":{"content":{"applicatiom/json":{"schema":{"$ref":"#/components/schemas/RequestDeleteComment"}}}},"responses":{"201":{"description":"HTTP OK Response","content":{"application/json":{"schema":{"$ref":"#/components/schemas/Response"}}}},"default":{"description":"Error Response","content":{"application/json":{"schema":{"$ref":"#/components/schemas/ErrorResponse"}}}}}}},"/question_upvote":{"post":{"tags":["Question Vote"],"description":"Question Up vote","requestBody":{"content":{"applicatiom/json":{"schema":{"$ref":"#/components/schemas/QuestionID"}}}},"responses":{"201":{"description":"HTTP 201 Created success status response","content":{"application/json":{"schema":{"$ref":"#/components/schemas/ResponseVoteCount"}}}},"default":{"description":"Invalid search string","content":{"application/json":{"schema":{"$ref":"#/components/schemas/ErrorResponse"}}}}}}},"/question_downvote":{"post":{"tags":["Question Vote"],"description":"Question Down Vote","requestBody":{"content":{"applicatiom/json":{"schema":{"$ref":"#/components/schemas/QuestionID"}}}},"responses":{"201":{"description":"HTTP 201 Created success status response","content":{"application/json":{"schema":{"$ref":"#/components/schemas/ResponseVoteCount"}}}},"default":{"description":"Invalid search string","content":{"application/json":{"schema":{"$ref":"#/components/schemas/ErrorResponse"}}}}}}},"/answer_upvote":{"post":{"tags":["Answer Vote"],"description":"Answer Up Vote","requestBody":{"content":{"applicatiom/json":{"schema":{"$ref":"#/components/schemas/AnswerID"},"example":"batman101"}}},"responses":{"201":{"description":"HTTP 201 Created success status response","content":{"application/json":{"schema":{"$ref":"#/components/schemas/ResponseVoteCount"}}}},"default":{"description":"Invalid search string","content":{"application/json":{"schema":{"$ref":"#/components/schemas/ErrorResponse"}}}}}}},"/answer_downvote":{"post":{"tags":["Answer Vote"],"description":"Answer Down Vote","requestBody":{"content":{"applicatiom/json":{"schema":{"$ref":"#/components/schemas/AnswerID"}}}},"responses":{"201":{"description":"HTTP 201 Created success status response","content":{"application/json":{"schema":{"$ref":"#/components/schemas/ResponseVoteCount"}}}},"default":{"description":"Invalid search string","content":{"application/json":{"schema":{"$ref":"#/components/schemas/ErrorResponse"}}}}}}}},"components":{"schemas":{"Response":{"type":"object","properties":{"response_message":{"type":"string","example":"task completed"}}},"ResponseQuestionList":{"type":"object","properties":{"questions_list":{"type":"array","items":{"$ref":"#/components/schemas/QuestionCard"}}}},"ResponseQuestionBlogList":{"type":"array","items":{"oneOf":[{"$ref":"#/components/schemas/QuestionCard"},{"$ref":"#/components/schemas/BlogCard"}]}},"ResponseBlogList":{"type":"array","items":{"$ref":"#/components/schemas/BlogCard"}},"ErrorResponse":{"type":"object","properties":{"error_message":{"type":"string","example":"Some kind of error has occurred!"}}},"ResponseQuestionData":{"type":"object","properties":{"question_id":{"type":"string","example":"2793c18ba4ca11ecbbf848f17fd09778"},"question_title":{"type":"string","example":"This is sample question title"},"user_id":{"type":"string","example":"batman101"},"question_description":{"type":"string","example":"Enable CORS when using AWS API Gateway Request Validator"},"tags":{"type":"array","example":["AWS","API-Gateway","CORS-error"],"items":{"type":"string"}},"accepted_answer":{"type":"string","example":"2793c18ba4ca11ecbbf848f17fd09778"},"upvotes":{"type":"integer","example":5},"downvotes":{"type":"integer","example":2},"timestamp":{"type":"string","example":"3/15/2022  11:37:00 PM"},"answer_ids":{"type":"array","example":["eb4c0aaaa53911ecb6f23035adc825ee","eb4c0c12a53911ecb6f23035adc825ee","00aa52eea53a11ecb6f23035adc825ee"],"items":{"type":"string"}},"related_question_ids":{"type":"array","example":["eb4c0aaaa53911ecb6f23035adc825ee","eb4c0c12a53911ecb6f23035adc825ee","00aa52eea53a11ecb6f23035adc825ee"],"items":{"type":"string"}},"comment_ids":{"type":"array","example":["eb4c0aaaa53911ecb6f23035adc825ee","eb4c0c12a53911ecb6f23035adc825ee"],"items":{"type":"string"}},"image_urls":{"type":"array","example":["http://s3-object-us-east-1.amazonaws.com/object-1","http://s3-object-us-east-1.amazonaws.com/object-2"],"items":{"type":"string"}}}},"ResponseBlogData":{"type":"object","properties":{"blog_id":{"type":"string","example":"2793c18ba4ca11ecbbf848f17fd09778"},"blog_title":{"type":"string","example":"This is sample blog title"},"user_id":{"type":"string","example":"batman101"},"blog_description":{"type":"string","example":"Enable CORS when using AWS API Gateway Request Validator"},"tags":{"type":"array","items":{"type":"string"}},"reading_time":{"type":"integer","example":13},"upvotes":{"type":"integer","example":5},"downvotes":{"type":"integer","example":2},"timestamp":{"type":"string","example":"3/15/2022  11:37:00 PM"},"comment_ids":{"type":"array","example":["eb4c0aaaa53911ecb6f23035adc825ee","eb4c0c12a53911ecb6f23035adc825ee"],"items":{"type":"string"}},"image_urls":{"type":"array","example":["http://s3-object-us-east-1.amazonaws.com/object-1","http://s3-object-us-east-1.amazonaws.com/object-2"],"items":{"type":"string"}}}},"BlogCard":{"type":"object","properties":{"blog_id":{"type":"string","example":"2793c18ba4ca11ecbbf848f17fd09778"},"blog_title":{"type":"string","example":"This is sample blog title"},"user_id":{"type":"string","example":"batman101"},"short_blog_description":{"type":"string","example":"Enable CORS when using AWS API Gateway Request Validator..."},"reading_time":{"type":"integer","example":13},"vote_count":{"type":"integer","example":5},"comment_count":{"type":"integer","example":5},"timestamp":{"type":"string","example":"3/15/2022  11:37:00 PM"}}},"ResponseAnswerData":{"type":"array","items":{"type":"object","properties":{"answer_id":{"type":"string","example":"2793c18ba4ca11ecbbf848f17fd09778"},"user_id":{"type":"string","example":"batman101"},"answer":{"type":"string","example":"I setup AWS API Gateway with CORS successfully, when a request is valid I have a 200 status code and also CORS headers"},"upvotes":{"type":"integer","example":5},"downvotes":{"type":"integer","example":2},"timestamp":{"type":"string","example":"3/15/2022  11:37:00 PM"},"comment_ids":{"type":"array","example":["eb4c0aaaa53911ecb6f23035adc825ee","eb4c0c12a53911ecb6f23035adc825ee"],"items":{"type":"string"}},"image_urls":{"type":"array","example":["http://s3-object-us-east-1.amazonaws.com/object-1","http://s3-object-us-east-1.amazonaws.com/object-2"],"items":{"type":"string"}}}}},"RequestQuestionData":{"type":"object","properties":{"user_id":{"type":"string","example":"batman101"},"question_title":{"type":"string","example":"Enable CORS when using AWS API Gateway Request Validator"},"question_description":{"type":"string","example":"This is sample question description for Enable CORS when using AWS API Gateway Request Validator"},"tags":{"type":"array","example":["AWS","API-Gateway","CORS-error"],"items":{"type":"string"}},"image_urls":{"type":"array","items":{"type":"string"}}}},"RequestAnswerData":{"type":"object","properties":{"question_id":{"type":"string","example":"2793c18ba4ca11ecbbf848f17fd09778"},"user_id":{"type":"string","example":"batman101"},"answer":{"type":"string","example":"I setup AWS API Gateway with CORS successfully, when a request is valid I have a 200 status code and also CORS headers"},"image_urls":{"type":"array","items":{"type":"string"}}}},"ResponseCommentData":{"type":"array","items":{"type":"object","properties":{"comment":{"type":"string","example":"This is a sample comment"},"user_id":{"type":"string","example":"batman101"}}}},"RequestCommentData":{"type":"object","properties":{"question_id":{"type":"string","example":"2793c18ba4ca11ecbbf848f17fd09778"},"answer_id":{"type":"string","example":"2793c18ba4ca11ennuhfgiubufd06554"},"comment":{"type":"string","example":"This is a sample comment"}}},"QuestionCard":{"type":"object","properties":{"question_id":{"type":"string","example":"2793c18ba4ca11ecbbf848f17fd09778"},"question_title":{"type":"string","example":"This is sample question title"},"user_id":{"type":"string","example":"batman101"},"question_description":{"type":"string","example":"Enable CORS when using AWS API Gateway Request Validator"},"tags":{"type":"array","example":["AWS","API-Gateway","CORS-error"],"items":{"type":"string"}},"vote_count":{"type":"integer","example":5},"answer_count":{"type":"integer","example":3},"comment_count":{"type":"integer","example":4},"timestamp":{"type":"string","example":"3/15/2022  11:37:00 PM"}}},"ResponseVoteCount":{"type":"object","properties":{"new_up_count":{"type":"integer","example":12},"new_down_count":{"type":"integer","example":5}}},"RequestPostQuestion":{"type":"object","properties":{"question_id":{"type":"string","example":"282d2820a4ca11ecb62d48f17fd09778"}}},"RequestDeleteQuestion":{"type":"object","properties":{"question_id":{"type":"string","example":"282d2820a4ca11ecb62d48f17fd09778"},"user_id":{"type":"string","example":"batman101"}}},"RequestGetAnswer":{"type":"object","properties":{"answer_ids":{"type":"array","example":["282d2820a4ca11ecb62d48f17fd09778","282d2820a4ca11ecb62d48f17fd09778"],"items":{"type":"string"}}}},"RequestDeleteAnswer":{"type":"object","properties":{"answer_id":{"type":"string","example":"282d2820a4ca11ecb62d48f17fd09778"},"user_id":{"type":"string","example":"batman101"}}},"RequestGetComment":{"type":"object","properties":{"comment_ids":{"type":"array","example":["282d2820a4ca11ecb62d48f17fd09778","282d2820a4ca11ecb62d48f17fd09778"],"items":{"type":"string"}}}},"RequestDeleteComment":{"type":"object","properties":{"comment_id":{"type":"string","example":"282d2820a4ca11ecb62d48f17fd09778"},"user_id":{"type":"string","example":"batman101"}}},"AnswerID":{"type":"object","properties":{"answer_id":{"type":"string","example":"282d2820a4ca11ecb62d48f17fd09778"}}},"QuestionID":{"type":"object","properties":{"answer_id":{"type":"string","example":"282d2820a4ca11ecb62d48f17fd09778"}}}}}}