{"openapi":"3.0.0","info":{"title":"Inventory HE-Arc Web App","description":"This is the REST API for the inventory web app of HE-Arc.","version":"1.0.0"},"servers":[{"url":"https://inventory-dev.ing.he-arc.ch/api/rest/"}],"paths":{"/products/{productId}":{"get":{"summary":"Returns a product by ID","parameters":[{"name":"productId","in":"path","description":"The ID of the product to return","required":true,"style":"simple","explode":false,"schema":{"type":"integer"}}],"responses":{"200":{"description":"Successful response","content":{"application/json":{"schema":{"type":"object","properties":{"id":{"type":"integer"},"name":{"type":"string"}}}}}},"400":{"description":"The specified product ID is invalid (e.g. not a number)"},"404":{"description":"No products with the specified ID were found"}}}}}}