{"openapi":"3.0.0","info":{"title":"DataApi","description":"","version":"1.0"},"servers":[{"url":"https://virtserver.swaggerhub.com/Armbruster/DataApi/1.0","description":"SwaggerHub API Auto Mocking"}],"paths":{"/area":{"get":{"tags":["area"],"summary":"Get all areas.","operationId":"getAreas","responses":{"200":{"description":"successful operation","content":{"application/json":{"schema":{"type":"array","items":{"$ref":"#/components/schemas/Area"}}}}}}}},"/area/{areaId}":{"get":{"tags":["area"],"summary":"Get Area by ID","operationId":"getArea","parameters":[{"name":"areaId","in":"path","description":"ID of area to load","required":true,"style":"simple","explode":false,"schema":{"type":"string","format":"guid"}}],"responses":{"200":{"description":"successful operation","content":{"application/json":{"schema":{"$ref":"#/components/schemas/Area"}}}}}}},"/area/{areaId}/name":{"get":{"tags":["area"],"summary":"Get Area Name by ID","operationId":"getAreaName","parameters":[{"name":"areaId","in":"path","description":"ID of area to load","required":true,"style":"simple","explode":false,"schema":{"type":"string","format":"guid"}}],"responses":{"200":{"description":"successful operation","content":{"application/json":{"schema":{"type":"string"}}}}}}}},"components":{"schemas":{"Area":{"type":"object","properties":{"id":{"type":"string","format":"guid"},"name":{"type":"string"}}}}}}