{"openapi":"3.0.0","info":{"title":"Simple Carpeta Ciudadana API","description":"This is a simple API for project Carpeta Ciudadana","contact":{"email":"you@your-company.com"},"license":{"name":"Apache 2.0","url":"http://www.apache.org/licenses/LICENSE-2.0.html"},"version":"1.0.0"},"servers":[{"url":"https://virtserver.swaggerhub.com/ArqIntegracion/CarpCiudadana/1.0.0","description":"SwaggerHub API Auto Mocking"}],"tags":[{"name":"operations","description":"Operations for Carpeta Ciudadana"}],"paths":{"/getUser/{searchByCedula}":{"get":{"tags":["operations"],"summary":"searches an a User in the Centralizer","description":"By passing in the appropriate options, you can search for a user in the centrilizer \n","operationId":"searchUser","parameters":[{"name":"searchByCedula","in":"path","description":"pass an a value of cedula for search in the centrilizer","required":true,"style":"simple","explode":false,"schema":{"type":"string"}}],"responses":{"200":{"description":"search results matching criteria","content":{"application/json":{"schema":{"type":"array","items":{"$ref":"#/components/schemas/infoUser"}}}}},"400":{"description":"bad input parameter"}}}},"/transferInfoUser":{"post":{"tags":["operations"],"summary":"notify the list of archives to transfer to other operator","description":"Adds an items to transfer to other operator","operationId":"addTransferInfo","requestBody":{"description":"Inventory item to add","content":{"application/json":{"schema":{"$ref":"#/components/schemas/data"}}}},"responses":{"201":{"description":"items informed"},"400":{"description":"invalid input, object invalid"},"409":{"description":"an existing item already exists"}}}}},"components":{"schemas":{"data":{"required":["dateoperation","documents","operator","transfer","user"],"type":"object","properties":{"user":{"$ref":"#/components/schemas/user"},"sendcopydocuments":{"$ref":"#/components/schemas/sendcopydocuments"},"operatorOwner":{"$ref":"#/components/schemas/operatorOwner"},"tranferencia":{"$ref":"#/components/schemas/transfer"},"dateoperation":{"$ref":"#/components/schemas/dateoperation"}}},"user":{"required":["adress","city","district","document","documentype","email","id","lastnames","name"],"type":"object","properties":{"id":{"type":"string","example":"31547"},"lastnames":{"type":"string","example":"Zapata Perez"},"name":{"type":"string","example":"Andres Roberto"},"email":{"type":"string","example":"andresr.zapatap.20168@carpetacolombia.co"},"documentype":{"type":"string","example":"CC"},"document":{"type":"string","example":"45624987"},"city":{"type":"string","example":"BOG"},"adress":{"type":"string","example":"Calle siempreviva 23 - 56"},"district":{"type":"string","example":"Ciudad Salitre"}}},"sendcopydocuments":{"required":["documents","issendcopy"],"type":"object","properties":{"issendcopy":{"type":"boolean","example":true},"documents":{"$ref":"#/components/schemas/documents"}}},"operatorOwner":{"required":["businessname","comercialname","datejoin","id","ipOwner"],"type":"object","properties":{"id":{"type":"string","example":"23568"},"comercialname":{"type":"string","example":"MiCarpeta"},"businessname":{"type":"string","example":"MiCarpeta"},"datejoin":{"type":"string","format":"date-time","example":"2021-08-29T09:12:33.001Z"},"ipOwner":{"type":"string","example":"127.0.0.1"}}},"transfer":{"required":["datenotification","destination","idtransfer","istransfer","notificationemail","notificationsms"],"type":"object","properties":{"istransferencia":{"type":"boolean","example":true},"notificationemail":{"type":"boolean","example":true},"notificationsms":{"type":"boolean","example":true},"datenotification":{"type":"string","format":"date-time","example":"2021-08-29T09:12:33.001Z"},"idtransfer":{"type":"string","example":"879654"},"destination":{"$ref":"#/components/schemas/destination"}}},"dateoperation":{"required":["date"],"type":"object","properties":{"date":{"type":"string","format":"date-time","example":"2021-08-29T09:12:33.001Z"}}},"documents":{"type":"object","properties":{"id":{"type":"string","example":"34569"},"type":{"type":"string","example":"CC"},"tittle":{"type":"string","example":"Cedula de Ciudadania"}}},"destination":{"type":"object","properties":{"id":{"type":"string","example":"29562"},"dateexecution":{"type":"string","format":"date-time","example":"2021-08-29T09:12:33.001Z"},"protocol":{"type":"string","example":"FTP"},"format":{"type":"string","example":"PDF"},"endpoint":{"type":"string","example":"?/MiCarpeta/31547/transferspace/879654"}}},"infoUser":{"required":["cedula","cedulatype","id","idoperator","nameoperator"],"type":"object","properties":{"id":{"type":"string","example":"3152347"},"cedulatype":{"type":"string","example":"CC"},"cedula":{"type":"string","example":"4534780232"},"idoperator":{"type":"string","example":"7693265"},"nameoperator":{"type":"string","example":"SolucionMBP"}}}}}}