{"openapi":"3.0.0","info":{"title":"Simple logis API","description":"This is a simple API","contact":{"email":"you@your-company.com"},"license":{"name":"Apache 2.0","url":"http://www.apache.org/licenses/LICENSE-2.0.html"},"version":"1.0.0"},"servers":[{"url":"https://virtserver.swaggerhub.com/ArsenePadthai/logisAPI/1.0.0","description":"SwaggerHub API Auto Mocking"}],"paths":{"/users":{"get":{"tags":["seller"],"summary":"permission required - users:read","description":"get list of users","operationId":"getUsers","parameters":[{"name":"user_name","in":"query","description":"name of the user you want to search for","required":false,"style":"form","explode":true,"schema":{"type":"string"}},{"name":"branch_id","in":"query","description":"name of the branch","required":false,"style":"form","explode":true,"schema":{"type":"string"}},{"name":"limit","in":"query","description":"maximum number of records to return","required":false,"style":"form","explode":true,"schema":{"maximum":5E+1,"minimum":0,"type":"integer","format":"int32"}},{"name":"offset","in":"query","description":"offset of the records to return","required":false,"style":"form","explode":true,"schema":{"minimum":0,"type":"integer","format":"int32"}}],"responses":{"200":{"description":"list of users return by server","content":{"application/json":{"schema":{"allOf":[{"$ref":"#/components/schemas/CodeAndMsg"},{"properties":{"data":{"type":"array","items":{"$ref":"#/components/schemas/UserExtendItem"}}}}]}}}},"401":{"description":"Client is not authenticated"},"403":{"description":"Client is not unthorized"}}},"post":{"tags":["seller"],"summary":"permission required - users:write","description":"add a user","operationId":"writeUsers","requestBody":{"description":"user to add","content":{"application/json":{"schema":{"$ref":"#/components/schemas/UserCreateItem"}}}},"responses":{"201":{"description":"create an order","content":{"application_json":{"schema":{"allOf":[{"$ref":"#/components/schemas/CodeAndMsg"},{"type":"object","properties":{"data":{"type":"object","properties":{"user_id":{"type":"integer"}}}}}]},"example":{"code":0,"msg":"user is successfully created.","data":{"user_id":1}}}}},"400":{"description":"invalid input, object invalid"},"409":{"description":"an existing item already exists"},"401":{"description":"Client is not authenticated"},"403":{"description":"Client is not unthorized"}}}},"/users/{userId}":{"get":{"tags":["seller"],"summary":"permission required - users:read","description":"get details of a user with userId","operationId":"getUserDetail","parameters":[{"name":"userId","in":"path","required":true,"style":"simple","explode":false,"schema":{"type":"integer"}}],"responses":{"201":{"description":"successful return details of a user","content":{"application_json":{"schema":{"allOf":[{"$ref":"#/components/schemas/CodeAndMsg"},{"type":"object","properties":{"data":{"$ref":"#/components/schemas/UserExtendItem"}}}]}}}},"400":{"description":"invalid input, object invalid"},"401":{"description":"Client is not authenticated"},"403":{"description":"Client is not unthorized"}}},"delete":{"tags":["seller"],"summary":"permission required - users:delete","description":"By passing in an user id, you can delete a user.\n","operationId":"deleteUser","parameters":[{"name":"userId","in":"path","required":true,"style":"simple","explode":false,"schema":{"type":"integer"}}],"responses":{"200":{"description":"successfully deleted","content":{"application/json":{"schema":{"allOf":[{"$ref":"#/components/schemas/CodeAndMsg"},{"type":"object","properties":{"data":{"type":"object"}}}]},"example":{"code":0,"msg":"User with id 1 is deleted successfully.","data":{}}}}},"401":{"description":"Client is not authenticated"},"403":{"description":"Client is not unthorized"}}},"patch":{"tags":["seller"],"summary":"permission required - users:write","description":"update a user","operationId":"updateUser","parameters":[{"name":"userId","in":"path","required":true,"style":"simple","explode":false,"schema":{"type":"integer"}}],"requestBody":{"description":"information need to update","content":{"application/json":{"schema":{"properties":{"user_name":{"type":"string"},"roles":{"type":"array","items":{"type":"integer","example":1}},"branch_id":{"type":"integer","example":1}}}}}},"responses":{"201":{"description":"Updated a user successfully.","content":{"application_json":{"schema":{"allOf":[{"$ref":"#/components/schemas/CodeAndMsg"},{"type":"object","properties":{"data":{"$ref":"#/components/schemas/UserExtendItem"}}}]}}}},"400":{"description":"invalid input, object invalid"},"401":{"description":"Client is not authenticated"},"403":{"description":"Client is not unthorized"}}}},"/roles":{"get":{"tags":["seller"],"summary":"permission required - roles:read","description":"get list of roles","operationId":"getRoles","parameters":[{"name":"role_name","in":"query","description":"name of the role you want to search for","required":false,"style":"form","explode":true,"schema":{"type":"string"}},{"name":"limit","in":"query","description":"maximum number of records to return","required":false,"style":"form","explode":true,"schema":{"maximum":5E+1,"minimum":0,"type":"integer","format":"int32"}},{"name":"offset","in":"query","description":"offset of the records to return","required":false,"style":"form","explode":true,"schema":{"minimum":0,"type":"integer","format":"int32"}}],"responses":{"200":{"description":"list of roles return by server","content":{"application/json":{"schema":{"allOf":[{"$ref":"#/components/schemas/CodeAndMsg"},{"properties":{"data":{"type":"array","items":{"$ref":"#/components/schemas/RoleItem"}}}}]}}}},"401":{"description":"Client is not authenticated"},"403":{"description":"Client is not unthorized"}}},"post":{"tags":["seller"],"summary":"permission required - roles:write","description":"create a role","operationId":"createRole","requestBody":{"description":"json body of creating a new role","content":{"application/json":{"schema":{"$ref":"#/components/schemas/WriteRoleItem"}}}},"responses":{"201":{"description":"The role is successfully created.","content":{"application_json":{"schema":{"allOf":[{"$ref":"#/components/schemas/CodeAndMsg"},{"type":"object","properties":{"data":{"type":"object","properties":{"role_id":{"type":"integer"}}}}}]},"example":{"code":0,"msg":"The role is successfully created.","data":{"role_id":1}}}}},"400":{"description":"invalid input, object invalid"},"409":{"description":"an existing item already exists"},"401":{"description":"Client is not authenticated"},"403":{"description":"Client is not unthorized"}}}},"/roles/{roleId}":{"get":{"tags":["seller"],"summary":"permission required - roles:read","description":"get details of a role","operationId":"getRoleDetails","parameters":[{"name":"roleId","in":"path","required":true,"style":"simple","explode":false,"schema":{"type":"integer"}}],"responses":{"201":{"description":"successful return details of a role","content":{"application_json":{"schema":{"allOf":[{"$ref":"#/components/schemas/CodeAndMsg"},{"type":"object","properties":{"data":{"$ref":"#/components/schemas/RoleItem"}}}]}}}},"400":{"description":"invalid input, object invalid"},"401":{"description":"Client is not authenticated"},"403":{"description":"Client is not unthorized"}}},"delete":{"tags":["seller"],"summary":"permission required - roles:delete","description":"delete a role, if a role is associated with an active user, it can NOT be deleted.","operationId":"deleteRole","parameters":[{"name":"roleId","in":"path","required":true,"style":"simple","explode":false,"schema":{"type":"integer"}}],"responses":{"200":{"description":"The role is deleted successfully.","content":{"application/json":{"schema":{"allOf":[{"$ref":"#/components/schemas/CodeAndMsg"},{"type":"object","properties":{"data":{"type":"object"}}}]},"example":{"code":0,"msg":"Role with id 1 is deleted successfully.","data":{}}}}},"401":{"description":"Client is not authenticated"},"403":{"description":"Client is not unthorized"}}},"patch":{"tags":["seller"],"summary":"permission required - roles:write","description":"update a role","operationId":"updateRole","parameters":[{"name":"roleId","in":"path","required":true,"style":"simple","explode":false,"schema":{"type":"integer"}}],"requestBody":{"content":{"application/json":{"schema":{"$ref":"#/components/schemas/WriteRoleItem"}}}},"responses":{"201":{"description":"Updated the role successfully.","content":{"application_json":{"schema":{"allOf":[{"$ref":"#/components/schemas/CodeAndMsg"},{"type":"object","properties":{"data":{"$ref":"#/components/schemas/RoleItem"}}}]}}}},"400":{"description":"invalid input, object invalid"},"401":{"description":"Client is not authenticated"},"403":{"description":"Client is not unthorized"}}}},"/customers":{"get":{"tags":["seller"],"summary":"permission required - customers:read","description":"get list of customers","operationId":"getCustomers","parameters":[{"name":"customerName","in":"query","description":"name of the customer you want to search for","required":false,"style":"form","explode":true,"schema":{"type":"string"}},{"name":"phone_number","in":"query","description":"phone number of the customer you want to search for","required":false,"style":"form","explode":true,"schema":{"type":"string"}},{"name":"sales_name","in":"query","description":"name of the sales the customer belongs to","required":false,"style":"form","explode":true,"schema":{"type":"string"}},{"name":"limit","in":"query","description":"maximum number of records to return","required":false,"style":"form","explode":true,"schema":{"maximum":5E+1,"minimum":0,"type":"integer","format":"int32"}},{"name":"offset","in":"query","description":"offset of the records to return","required":false,"style":"form","explode":true,"schema":{"minimum":0,"type":"integer","format":"int32"}},{"name":"sort","in":"query","required":false,"style":"form","explode":true,"schema":{"type":"string","example":"created_at:asc"}}],"responses":{"200":{"description":"list of customers return by server","content":{"application/json":{"schema":{"allOf":[{"$ref":"#/components/schemas/CodeAndMsg"},{"properties":{"data":{"type":"array","items":{"$ref":"#/components/schemas/CustomerItem"}}}}]}}}},"401":{"description":"Client is not authenticated"},"403":{"description":"Client is not unthorized"}}},"post":{"tags":["seller"],"description":"Create a new customer","operationId":"createCustomer","requestBody":{"description":"json body of creating a new customer","content":{"application/json":{"schema":{"$ref":"#/components/schemas/WriteCustomerItem"}}}},"responses":{"201":{"description":"The customer is successfully created.","content":{"application_json":{"schema":{"allOf":[{"$ref":"#/components/schemas/CodeAndMsg"},{"type":"object","properties":{"data":{"type":"object","properties":{"customer_id":{"type":"integer"}}}}}]},"example":{"code":0,"msg":"The customer is successfully created.","data":{"customer_id":1}}}}},"400":{"description":"invalid input, object invalid"},"409":{"description":"an existing item already exists"},"401":{"description":"Client is not authenticated"},"403":{"description":"Client is not unthorized"}}}},"/customers/{customerId}":{"get":{"tags":["seller"],"summary":"permission required - customers:read","description":"get details of a customer","operationId":"getCustomerDetails","parameters":[{"name":"customerId","in":"path","required":true,"style":"simple","explode":false,"schema":{"type":"integer"}}],"responses":{"201":{"description":"successful return details of a customer","content":{"application_json":{"schema":{"allOf":[{"$ref":"#/components/schemas/CodeAndMsg"},{"type":"object","properties":{"data":{"$ref":"#/components/schemas/CustomerItem"}}}]}}}},"400":{"description":"invalid input, object invalid"},"401":{"description":"Client is not authenticated"},"403":{"description":"Client is not unthorized"}}},"delete":{"tags":["seller"],"summary":"permission required - customers:delete","description":"delete a customer","operationId":"deleteCustomer","parameters":[{"name":"customerId","in":"path","required":true,"style":"simple","explode":false,"schema":{"type":"integer"}}],"responses":{"200":{"description":"The customer is deleted successfully.","content":{"application/json":{"schema":{"allOf":[{"$ref":"#/components/schemas/CodeAndMsg"},{"type":"object","properties":{"data":{"type":"object"}}}]},"example":{"code":0,"msg":"The customer with id 1 is deleted successfully.","data":{}}}}},"401":{"description":"Client is not authenticated"},"403":{"description":"Client is not unthorized"}}},"patch":{"tags":["seller"],"summary":"permission required - customers:write","description":"update a customer","operationId":"updateCustomer","parameters":[{"name":"customerId","in":"path","required":true,"style":"simple","explode":false,"schema":{"type":"integer"}}],"requestBody":{"content":{"application/json":{"schema":{"$ref":"#/components/schemas/WriteCustomerItem"}}}},"responses":{"201":{"description":"Updated the customer successfully.","content":{"application_json":{"schema":{"allOf":[{"$ref":"#/components/schemas/CodeAndMsg"},{"type":"object","properties":{"data":{"$ref":"#/components/schemas/WriteCustomerItem"}}}]}}}},"400":{"description":"invalid input, object invalid"},"401":{"description":"Client is not authenticated"},"403":{"description":"Client is not unthorized"}}}},"/orders":{"get":{"tags":["seller"],"summary":"permision required - orders:read","description":"By passing in the appropriate options, you can get orders in form of list.\n","operationId":"getOrders","parameters":[{"name":"orderId","in":"query","description":"the id of the good you want to search for","required":false,"style":"form","explode":true,"schema":{"type":"string"}},{"name":"customerName","in":"query","description":"customer name of the order","required":false,"style":"form","explode":true,"schema":{"type":"string"}},{"name":"limit","in":"query","description":"maximum number of records to return","required":false,"style":"form","explode":true,"schema":{"maximum":5E+1,"minimum":0,"type":"integer","format":"int32"}},{"name":"offset","in":"query","description":"offset of the records to return","required":false,"style":"form","explode":true,"schema":{"minimum":0,"type":"integer","format":"int32"}},{"name":"startTime","in":"query","required":false,"style":"form","explode":true,"schema":{"type":"string","example":"20220422T10:00:00"}},{"name":"endTime","in":"query","required":false,"style":"form","explode":true,"schema":{"type":"string","example":"20220423T10:00:00"}},{"name":"sort","in":"query","required":false,"style":"form","explode":true,"schema":{"type":"string","example":"created_at:asc"}}],"responses":{"200":{"description":"list of orders that match the criteria","content":{"application/json":{"schema":{"type":"object","properties":{"code":{"type":"integer","example":0},"msg":{"type":"string","example":"ok"},"data":{"type":"array","items":{"$ref":"#/components/schemas/OrderExtendItem"}}}}}}},"401":{"description":"Client is not authenticated"},"403":{"description":"Client is not unthorized"}}},"post":{"tags":["seller"],"summary":"permission required - orders:write","description":"Adds an order to the system","operationId":"addOrders","requestBody":{"description":"order item to add","content":{"application/json":{"schema":{"$ref":"#/components/schemas/OrderCoreItem"}}}},"responses":{"201":{"description":"create an order","content":{"application_json":{"schema":{"allOf":[{"$ref":"#/components/schemas/CodeAndMsg"},{"type":"object","properties":{"data":{"type":"object","properties":{"order_id":{"type":"integer"}}}}}]},"example":{"code":0,"msg":"Order is successfully created.","data":{"order_id":1}}}}},"400":{"description":"invalid input, object invalid"},"409":{"description":"an existing item already exists"},"401":{"description":"Client is not authenticated"},"403":{"description":"Client is not unthorized"}}},"patch":{"tags":["seller"],"summary":"permission required - orders:write","description":"bulk update orders","operationId":"bulkUpdateOrders","requestBody":{"content":{"application/json":{"schema":{"oneOf":[{"$ref":"#/components/schemas/TailNumber"},{"$ref":"#/components/schemas/WarehouseOut"}]}}}},"responses":{"201":{"description":"bulk update order successfully","content":{"application/json":{"schema":{"allOf":[{"$ref":"#/components/schemas/CodeAndMsg"},{"type":"object","properties":{"data":{"type":"object"}}}]},"example":{"code":0,"msg":"bulk update orders successfully.","data":[{"code":0,"msg":"success"},{"code":-1,"msg":"error"}]}}}}}}},"/orders/{orderId}":{"get":{"tags":["seller"],"summary":"permission required - orders:read","description":"By passing in an order id, you can get details of an order.\n","operationId":"getOrderDetail","parameters":[{"name":"orderId","in":"path","required":true,"style":"simple","explode":false,"schema":{"type":"integer"}}],"responses":{"200":{"description":"details of the order in object form","content":{"application/json":{"schema":{"allOf":[{"$ref":"#/components/schemas/CodeAndMsg"},{"type":"object","properties":{"data":{"allOf":[{"$ref":"#/components/schemas/OrderFullItem"}]}}}]}}}},"401":{"description":"Client is not authenticated"},"403":{"description":"Client is not unthorized"}}},"delete":{"tags":["seller"],"summary":"permission required - orders:delete","description":"By passing in an order id, you can delete the order.\nTBD: at which status, can we delete the order?\n","operationId":"deleteOrder","parameters":[{"name":"orderId","in":"path","required":true,"style":"simple","explode":false,"schema":{"type":"integer"}}],"responses":{"200":{"description":"successfully deleted","content":{"application/json":{"schema":{"allOf":[{"$ref":"#/components/schemas/CodeAndMsg"},{"type":"object","properties":{"data":{"type":"object"}}}]},"example":{"code":0,"msg":"Order with id 1 is deleted successfully.","data":{}}}}},"401":{"description":"Client is not authenticated"},"403":{"description":"Client is not unthorized"}}}},"/orders/{orderId}/boxes":{"get":{"tags":["seller"],"summary":"permission required - orders:read","description":"get all boxes by order id","operationId":"getBoxesPerOrder","parameters":[{"name":"orderId","in":"path","required":true,"style":"simple","explode":false,"schema":{"type":"integer"}}],"responses":{"200":{"description":"get boxes per order id successfully.","content":{"application/json":{"schema":{"allOf":[{"$ref":"#/components/schemas/CodeAndMsg"},{"type":"object","properties":{"data":{"allOf":[{"$ref":"#/components/schemas/OrderDetailItem"}]}}}]}}}},"401":{"description":"Client is not authenticated"},"403":{"description":"Client is not unthorized"}}},"post":{"tags":["seller"],"summary":"permission required - orders:write","description":"bulk add boxes to an order","operationId":"addBoxesPerOrder","parameters":[{"name":"orderId","in":"path","required":true,"style":"simple","explode":false,"schema":{"type":"integer"}}],"requestBody":{"content":{"application/json":{"schema":{"allOf":[{"type":"object","properties":{"warehouse_in_by":{"type":"integer","example":1},"chargeable_weight":{"type":"number","example":107},"boxes":{"allOf":[{"$ref":"#/components/schemas/OrderDetailItem"}]}}}]}}}},"responses":{"201":{"description":"bulk add boxes successfully","content":{"application/json":{"schema":{"allOf":[{"$ref":"#/components/schemas/CodeAndMsg"},{"type":"object","properties":{"data":{"type":"object"}}}]},"example":{"code":0,"msg":"4 boxes was received successful.","data":{}}}}}}}},"/orders/{orderId}/tracks":{"get":{"tags":["seller"],"summary":"permission required - orders:read","description":"get all tracks records of an order","operationId":"getTracks","parameters":[{"name":"orderId","in":"path","required":true,"style":"simple","explode":false,"schema":{"type":"integer"}}],"responses":{"200":{"description":"get tracks of the order successfully.","content":{"application/json":{"schema":{"allOf":[{"$ref":"#/components/schemas/CodeAndMsg"},{"type":"array","items":{"$ref":"#/components/schemas/TrackExtendItem"}}]}}}}}},"post":{"tags":["seller"],"summary":"permission required - orders:write","description":"add a track record to an order","operationId":"addTrack","parameters":[{"name":"orderId","in":"path","required":true,"style":"simple","explode":false,"schema":{"type":"integer"}}],"requestBody":{"description":"track item to add","content":{"application/json":{"schema":{"$ref":"#/components/schemas/TrackItem"}}}},"responses":{"201":{"description":"add a track to the order successfully.","content":{"application/json":{"schema":{"allOf":[{"$ref":"#/components/schemas/CodeAndMsg"},{"type":"object","properties":{"data":{"type":"object"}}}]},"example":{"code":0,"msg":"Add a track to the order successfully.","data":{"id":1}}}}}}}},"/bills":{"get":{"tags":["seller"],"summary":"permission required - bills:read","description":"get list of bills","operationId":"getBills","parameters":[{"name":"customerName","in":"query","description":"name of the customer the bill belongs to","required":false,"style":"form","explode":true,"schema":{"type":"string"}},{"name":"status","in":"query","description":"status of the bill, 1 for draft, 2 for published but not paid, 3 for paid","required":false,"style":"form","explode":true,"schema":{"type":"integer"}},{"name":"limit","in":"query","description":"maximum number of records to return","required":false,"style":"form","explode":true,"schema":{"maximum":5E+1,"minimum":0,"type":"integer","format":"int32"}},{"name":"offset","in":"query","description":"offset of the records to return","required":false,"style":"form","explode":true,"schema":{"minimum":0,"type":"integer","format":"int32"}},{"name":"sort","in":"query","required":false,"style":"form","explode":true,"schema":{"type":"string","example":"created_at:asc"}}],"responses":{"200":{"description":"list of bills return by server","content":{"application/json":{"schema":{"allOf":[{"$ref":"#/components/schemas/CodeAndMsg"},{"properties":{"data":{"type":"array","items":{"$ref":"#/components/schemas/BillItem"}}}}]}}}},"401":{"description":"Client is not authenticated"},"403":{"description":"Client is not unthorized"}}},"post":{"tags":["seller"],"summary":"permission required - bills:write","description":"create a bill","operationId":"createBill","requestBody":{"description":"json body of creating a new bill","content":{"application/json":{"schema":{"$ref":"#/components/schemas/WriteBillItem"}}}},"responses":{"201":{"description":"The bill is successfully created.","content":{"application_json":{"schema":{"allOf":[{"$ref":"#/components/schemas/CodeAndMsg"},{"type":"object","properties":{"data":{"$ref":"#/components/schemas/WriteBillItemReturn"}}}]}}}},"400":{"description":"invalid input, object invalid"},"409":{"description":"an existing item already exists"},"401":{"description":"Client is not authenticated"},"403":{"description":"Client is not unthorized"}}}},"/bills/{billId}":{"get":{"tags":["seller"],"summary":"permission required - bills:read","description":"get details of a bill","operationId":"getBillDetails","parameters":[{"name":"billId","in":"path","required":true,"style":"simple","explode":false,"schema":{"type":"integer"}}],"responses":{"201":{"description":"successful return details of a bill","content":{"application_json":{"schema":{"allOf":[{"$ref":"#/components/schemas/CodeAndMsg"},{"type":"object","properties":{"data":{"$ref":"#/components/schemas/WriteBillItemReturn"}}}]}}}},"400":{"description":"invalid input, object invalid"},"401":{"description":"Client is not authenticated"},"403":{"description":"Client is not unthorized"}}},"delete":{"tags":["seller"],"summary":"permission required - bills:delete","description":"delete a bill, can only be deleted when bill status is 1","operationId":"deleteBill","parameters":[{"name":"billId","in":"path","required":true,"style":"simple","explode":false,"schema":{"type":"integer"}}],"responses":{"200":{"description":"The bill is deleted successfully.","content":{"application/json":{"schema":{"allOf":[{"$ref":"#/components/schemas/CodeAndMsg"},{"type":"object","properties":{"data":{"type":"object"}}}]},"example":{"code":0,"msg":"The bill with id 1 is deleted successfully.","data":{}}}}},"401":{"description":"Client is not authenticated"},"403":{"description":"Client is not unthorized"}}},"patch":{"tags":["seller"],"summary":"permission required - bills:write","description":"update a bill","operationId":"updateBill","parameters":[{"name":"billId","in":"path","required":true,"style":"simple","explode":false,"schema":{"type":"integer"}}],"requestBody":{"content":{"application/json":{"schema":{"type":"object","properties":{"bill_status":{"type":"integer","example":2}}}}}},"responses":{"201":{"description":"Updated the customer successfully.","content":{"application_json":{"schema":{"allOf":[{"$ref":"#/components/schemas/CodeAndMsg"},{"type":"object","properties":{"data":{"$ref":"#/components/schemas/WriteCustomerItem"}}}]}}}},"400":{"description":"invalid input, object invalid"},"401":{"description":"Client is not authenticated"},"403":{"description":"Client is not unthorized"}}}},"/bills/{billId}/fees":{"get":{"tags":["seller"],"summary":"permission required - bills:read","description":"get all fees by bill id","operationId":"getFeesPerBill","parameters":[{"name":"billId","in":"path","required":true,"style":"simple","explode":false,"schema":{"type":"integer"}}],"responses":{"200":{"description":"get fess per bill id successfully.","content":{"application/json":{"schema":{"allOf":[{"$ref":"#/components/schemas/CodeAndMsg"},{"type":"object","properties":{"data":{"type":"array","items":{"$ref":"#/components/schemas/FeeItem"}}}}]}}}},"401":{"description":"Client is not authenticated"},"403":{"description":"Client is not unthorized"}}},"post":{"tags":["seller"],"summary":"permission required - bills:write","description":"bulk create multiple fees","operationId":"createFees","parameters":[{"name":"billId","in":"path","required":true,"style":"simple","explode":false,"schema":{"type":"integer"}}],"requestBody":{"description":"json body of creating a new customer","content":{"application/json":{"schema":{"oneOf":[{"$ref":"#/components/schemas/BulkAddFeeItem"},{"$ref":"#/components/schemas/BulkDeleteFeeItem"}]}}}},"responses":{"201":{"description":"The fees are successfully created.","content":{"application_json":{"schema":{"allOf":[{"$ref":"#/components/schemas/CodeAndMsg"},{"type":"object","properties":{"data":{"type":"array","items":{"$ref":"#/components/schemas/FeeItem"}}}}]}}}},"400":{"description":"invalid input, object invalid"},"409":{"description":"an existing item already exists"},"401":{"description":"Client is not authenticated"},"403":{"description":"Client is not unthorized"}}}},"/bills/{billId}/payments":{"post":{"tags":["seller"],"summary":"permission required - payments:write","description":"create a payment","operationId":"createPayment","parameters":[{"name":"billId","in":"path","required":true,"style":"simple","explode":false,"schema":{"type":"integer"}}],"requestBody":{"content":{"application/json":{"schema":{"type":"object","properties":{"payment_amount":{"type":"number"},"payment_id":{"type":"string"}}}}}},"responses":{"201":{"description":"The payment is successfully created.","content":{"application_json":{"schema":{"allOf":[{"$ref":"#/components/schemas/CodeAndMsg"},{"type":"object","properties":{"data":{"$ref":"#/components/schemas/PaymentItem"}}}]}}}},"400":{"description":"invalid input, object invalid"},"409":{"description":"an existing item already exists"},"401":{"description":"Client is not authenticated"},"403":{"description":"Client is not unthorized"}}}},"/payments":{"get":{"tags":["seller"],"summary":"permission required - payments:read","description":"get list of payments","operationId":"getPayments","parameters":[{"name":"limit","in":"query","description":"maximum number of records to return","required":false,"style":"form","explode":true,"schema":{"maximum":5E+1,"minimum":0,"type":"integer","format":"int32"}},{"name":"offset","in":"query","description":"offset of the records to return","required":false,"style":"form","explode":true,"schema":{"minimum":0,"type":"integer","format":"int32"}},{"name":"sort","in":"query","required":false,"style":"form","explode":true,"schema":{"type":"string","example":"created_at:asc"}},{"name":"startTime","in":"query","required":false,"style":"form","explode":true,"schema":{"type":"string","example":"20220405T225959"}},{"name":"endTime","in":"query","required":false,"style":"form","explode":true,"schema":{"type":"string","example":"20220407T225959"}}],"responses":{"200":{"description":"list of payments return by server","content":{"application/json":{"schema":{"allOf":[{"$ref":"#/components/schemas/CodeAndMsg"},{"properties":{"data":{"type":"array","items":{"$ref":"#/components/schemas/PaymentItem"}}}}]}}}},"401":{"description":"Client is not authenticated"},"403":{"description":"Client is not unthorized"}}}},"/channels":{"get":{"tags":["seller"],"summary":"permission required - channels:read","description":"get list of channels","operationId":"getChannels","parameters":[{"name":"limit","in":"query","description":"maximum number of records to return","required":false,"style":"form","explode":true,"schema":{"maximum":5E+1,"minimum":0,"type":"integer","format":"int32"}},{"name":"offset","in":"query","description":"offset of the records to return","required":false,"style":"form","explode":true,"schema":{"minimum":0,"type":"integer","format":"int32"}},{"name":"sort","in":"query","required":false,"style":"form","explode":true,"schema":{"type":"string","example":"created_at:asc"}},{"name":"country_code","in":"query","required":false,"style":"form","explode":true,"schema":{"type":"string","example":"US"}}],"responses":{"200":{"description":"list of channels return by server","content":{"application/json":{"schema":{"allOf":[{"$ref":"#/components/schemas/CodeAndMsg"},{"properties":{"data":{"type":"array","items":{"$ref":"#/components/schemas/ChannelItem"}}}}]}}}},"401":{"description":"Client is not authenticated"},"403":{"description":"Client is not unthorized"}}},"post":{"tags":["seller"],"summary":"permission required - channels:write","description":"create a channel","operationId":"createChannel","requestBody":{"description":"json body of creating a new channel","content":{"application/json":{"schema":{"$ref":"#/components/schemas/WriteChannelItem"}}}},"responses":{"201":{"description":"The channel is successfully created.","content":{"application_json":{"schema":{"allOf":[{"$ref":"#/components/schemas/CodeAndMsg"},{"type":"object","properties":{"data":{"$ref":"#/components/schemas/ChannelItem"}}}]}}}},"400":{"description":"invalid input, object invalid"},"409":{"description":"an existing item already exists"},"401":{"description":"Client is not authenticated"},"403":{"description":"Client is not unthorized"}}}},"/channels/{channelId}":{"get":{"tags":["seller"],"summary":"permission required - channels:read","description":"get details of a channel","operationId":"getChannelDetails","parameters":[{"name":"channelId","in":"path","required":true,"style":"simple","explode":false,"schema":{"type":"integer"}}],"responses":{"201":{"description":"successful return details of a channel","content":{"application_json":{"schema":{"allOf":[{"$ref":"#/components/schemas/CodeAndMsg"},{"type":"object","properties":{"data":{"$ref":"#/components/schemas/ChannelItem"}}}]}}}},"400":{"description":"invalid input, object invalid"},"401":{"description":"Client is not authenticated"},"403":{"description":"Client is not unthorized"}}},"patch":{"tags":["seller"],"summary":"permission required - channels:write","description":"update a channel, used to change channel name, or enable or disable a channel","operationId":"updateChannel","parameters":[{"name":"channelId","in":"path","required":true,"style":"simple","explode":false,"schema":{"type":"integer"}}],"requestBody":{"content":{"application/json":{"schema":{"type":"object","properties":{"channel_name":{"type":"string"},"enabled":{"type":"boolean"}}}}}},"responses":{"201":{"description":"Updated the customer successfully.","content":{"application_json":{"schema":{"allOf":[{"$ref":"#/components/schemas/CodeAndMsg"},{"type":"object","properties":{"data":{"$ref":"#/components/schemas/ChannelItem"}}}]}}}},"400":{"description":"invalid input, object invalid"},"401":{"description":"Client is not authenticated"},"403":{"description":"Client is not unthorized"}}}},"/branches":{"get":{"tags":["seller"],"summary":"permission required - branches:read","description":"get list of branches","operationId":"getBranches","parameters":[{"name":"limit","in":"query","description":"maximum number of records to return","required":false,"style":"form","explode":true,"schema":{"maximum":5E+1,"minimum":0,"type":"integer","format":"int32"}},{"name":"offset","in":"query","description":"offset of the records to return","required":false,"style":"form","explode":true,"schema":{"minimum":0,"type":"integer","format":"int32"}},{"name":"sort","in":"query","required":false,"style":"form","explode":true,"schema":{"type":"string","example":"created_at:asc"}}],"responses":{"200":{"description":"list of branches return by server","content":{"application/json":{"schema":{"allOf":[{"$ref":"#/components/schemas/CodeAndMsg"},{"properties":{"data":{"type":"array","items":{"$ref":"#/components/schemas/BranchItem"}}}}]}}}},"401":{"description":"Client is not authenticated"},"403":{"description":"Client is not unthorized"}}},"post":{"tags":["seller"],"summary":"permission required - branches:write","description":"create a branch","operationId":"createBranch","requestBody":{"content":{"application/json":{"schema":{"type":"object","properties":{"branch_name":{"type":"string"}}}}}},"responses":{"201":{"description":"The branch is successfully created.","content":{"application_json":{"schema":{"allOf":[{"$ref":"#/components/schemas/CodeAndMsg"},{"type":"object","properties":{"data":{"$ref":"#/components/schemas/BranchItem"}}}]}}}},"400":{"description":"invalid input, object invalid"},"409":{"description":"an existing item already exists"},"401":{"description":"Client is not authenticated"},"403":{"description":"Client is not unthorized"}}}},"/branches/{branchId}":{"get":{"tags":["seller"],"summary":"permission required - branches:read","description":"get details of a branch","operationId":"getBranchDetails","parameters":[{"name":"branchId","in":"path","required":true,"style":"simple","explode":false,"schema":{"type":"integer"}}],"responses":{"201":{"description":"successful return details of a branch","content":{"application_json":{"schema":{"allOf":[{"$ref":"#/components/schemas/CodeAndMsg"},{"type":"object","properties":{"data":{"$ref":"#/components/schemas/BranchItem"}}}]}}}},"400":{"description":"invalid input, object invalid"},"401":{"description":"Client is not authenticated"},"403":{"description":"Client is not unthorized"}}},"delete":{"tags":["seller"],"summary":"permission required - branch:delete","description":"delete a branch","operationId":"deleteBranch","parameters":[{"name":"branchId","in":"path","required":true,"style":"simple","explode":false,"schema":{"type":"integer"}}],"responses":{"200":{"description":"The branch is deleted successfully.","content":{"application/json":{"schema":{"allOf":[{"$ref":"#/components/schemas/CodeAndMsg"},{"type":"object","properties":{"data":{"type":"object"}}}]},"example":{"code":0,"msg":"The branch with id 1 is deleted successfully.","data":{}}}}},"401":{"description":"Client is not authenticated"},"403":{"description":"Client is not unthorized"}}},"patch":{"tags":["seller"],"summary":"permission required - branch:write","description":"update a branch, used for change branch name","operationId":"updateBranch","parameters":[{"name":"branchId","in":"path","required":true,"style":"simple","explode":false,"schema":{"type":"integer"}}],"requestBody":{"content":{"application/json":{"schema":{"type":"object","properties":{"branch_name":{"type":"string"}}}}}},"responses":{"201":{"description":"Updated the branch successfully.","content":{"application_json":{"schema":{"allOf":[{"$ref":"#/components/schemas/CodeAndMsg"},{"type":"object","properties":{"data":{"$ref":"#/components/schemas/BranchItem"}}}]}}}},"400":{"description":"invalid input, object invalid"},"401":{"description":"Client is not authenticated"},"403":{"description":"Client is not unthorized"}}}}},"components":{"schemas":{"UserCreateItem":{"type":"object","properties":{"user_name":{"type":"string","example":"liming"},"roles":{"type":"array","items":{"type":"integer"}},"user_phone_number":{"type":"string","example":"18019781913"},"user_email":{"type":"string","example":"liming@163.com"},"user_id_card":{"type":"string","example":"3206xxxxxxxxxxxx"},"branch_id":{"type":"integer","example":1}}},"UserExtendItem":{"type":"object","properties":{"user_id":{"type":"integer","example":9},"branch_id":{"type":"integer","example":1},"user_name":{"type":"string","example":"Zoe"},"user_email":{"type":"string","example":"wzp@163.com"},"user_phone_number":{"type":"string","example":"18019781913"},"user_id_card":{"type":"string","example":"3206xxxxxxxxxxxx"},"enabled":{"type":"boolean","example":true},"created_at":{"type":"string","example":"20220422T101111"}}},"RoleItem":{"type":"object","properties":{"role_id":{"type":"integer","example":2},"parent_role_id":{"type":"integer","example":3},"role_name":{"type":"string","example":"admin"},"permissions":{"type":"array","items":{"type":"string","example":"orders:read"}}}},"WriteRoleItem":{"type":"object","properties":{"role_name":{"type":"string","example":"sale"},"parent_role_id":{"type":"integer","example":1},"permissions":{"type":"array","items":{"type":"integer","example":1}}}},"CustomerItem":{"type":"object","properties":{"customer_id":{"type":"integer","example":1},"user_id":{"type":"integer","example":1},"user_name":{"type":"string","example":"马总"},"customer_type":{"type":"integer","example":1},"cutomer_type_string":{"type":"string","example":"公司"},"customer_name":{"type":"string","example":"顺丰"},"contact_name":{"type":"string","example":"liming"},"cusomer_phone_number":{"type":"string","example":"18019781913"},"customer_email":{"type":"string","example":"liming@163.com"},"created_at":{"type":"string","example":"20220422T090000"}}},"WriteCustomerItem":{"type":"object","properties":{"customer_type":{"type":"integer","description":"1 for person, 2 for company, 3 for peer","example":1},"customer_name":{"type":"string","example":"xiaoming"},"customer_company_name":{"type":"integer","description":"if type 1, this field will be null"},"customer_id_card":{"type":"string","example":"3206xxxxxxxx"},"customer_addr":{"type":"string"},"customer_phone_number":{"type":"string"},"customer_email":{"type":"string"},"user_id":{"type":"integer"}}},"DestAddress":{"required":["address","address_type","country_code","receiver","zipcode"],"type":"object","properties":{"receiver":{"type":"string","example":"NGO2"},"country_code":{"type":"string","example":"US"},"zipcode":{"type":"string","example":"92551-9534"},"address":{"type":"string","example":"24300 Nandina Ave Moreno Valley, CA"},"receive_phone":{"type":"string"},"receive_email":{"type":"string"},"address_type":{"type":"integer","example":1}}},"CodeAndMsg":{"required":["code","msg"],"type":"object","properties":{"code":{"type":"integer","example":0},"msg":{"type":"string","example":"ok"}}},"OrderDetailItem":{"type":"array","items":{"type":"object","properties":{"detail_id":{"type":"integer","example":1},"box_number":{"type":"string","example":"KD645SJDH00001"},"box_length":{"type":"number","example":44.3},"box_width":{"type":"number","example":44},"box_height":{"type":"number","example":33},"box_weight":{"type":"number","example":33},"box_chargeable_weight":{"type":"number","example":33},"box_volume":{"type":"number","example":27}}}},"OrderCoreItem":{"allOf":[{"$ref":"#/components/schemas/DestAddress"},{"required":["box_count","channel_id","customer_id","declared_weight_kg","remark"],"type":"object","properties":{"channel_id":{"type":"integer","example":1},"order_name":{"type":"string","example":"20220422_KC_JP_AIR"},"box_count":{"type":"integer","example":4},"customer_id":{"type":"integer","example":1},"domestic_carrier":{"type":"string","example":"Yangtong"},"domestic_number":{"type":"string","example":"YT237476292"},"declared_weight":{"type":"number","example":39.8},"remark":{"type":"string","example":"keyboard cover 250 pieces"}}}]},"OrderExtendItem":{"properties":{"order_id":{"type":"integer","example":8},"customer_name":{"type":"string","example":"古天乐"},"sales_name":{"type":"string"},"channel_name":{"type":"string","example":"日本空派包逆算"},"actual_weight_kg":{"type":"number","example":40.2},"volume":{"type":"number","example":32},"chargeable_weight_kg":{"type":"number","example":41},"order_status":{"type":"string","example":"in warehouse"},"declared_at":{"type":"string","example":"20220422T102223"},"head_number":{"type":"string","example":"SF2343dfdfd"},"tail_number":{"type":"string"}},"allOf":[{"$ref":"#/components/schemas/OrderCoreItem"}]},"OrderFullItem":{"allOf":[{"$ref":"#/components/schemas/OrderExtendItem"},{"type":"object","properties":{"warehouse_in_by":{"type":"integer","example":23},"warehouse_in_by_name":{"type":"string","example":"Liming"},"warehouse_out_by":{"type":"integer","example":23},"warehoues_out_by_name":{"type":"string","example":"Liming"}}}]},"TailNumber":{"type":"object","properties":{"event_code":{"type":"string","example":"tail_number_update"},"tail_number":{"type":"string","example":"SF59174180001"},"orders":{"type":"array","items":{"type":"integer"}}}},"WarehouseOut":{"type":"object","properties":{"event_code":{"type":"string","example":"warehouse_out"},"head_number":{"type":"string","example":"SF59174180004"},"warehouse_out_by":{"type":"integer","example":1},"orders":{"type":"array","items":{"type":"integer","example":1}}}},"TrackItem":{"type":"object","properties":{"track_status":{"type":"string","example":"起飞"},"created_at":{"type":"string","example":"20220422T102345"}}},"TrackExtendItem":{"allOf":[{"$ref":"#/components/schemas/TrackItem"},{"type":"object","properties":{"track_id":{"type":"integer","example":23}}}]},"BillItem":{"type":"object","properties":{"bill_id":{"type":"string"},"order_id":{"type":"integer"},"customer_name":{"type":"string"},"channel_id":{"type":"integer"},"channel_name":{"type":"string"},"order_created_time":{"type":"string","example":"20220422T102222"},"sales_name":{"type":"string"},"order_chargeable_weight":{"type":"number"},"status":{"type":"string"},"total_fee":{"type":"number"}}},"WriteBillItem":{"type":"object","properties":{"order_id":{"type":"integer","example":1},"fee_details":{"type":"array","items":{"type":"object","properties":{"fee_category":{"type":"string","example":"运费"},"amount":{"type":"number","example":588}}}},"status":{"type":"integer","example":1}}},"WriteBillItemReturn":{"type":"object","properties":{"bill_id":{"type":"string"},"order_id":{"type":"integer"},"created_by":{"type":"integer"},"updated_by":{"type":"integer"},"published_by":{"type":"integer"},"total_fee":{"type":"number"},"bill_status":{"type":"integer"},"created_at":{"type":"string"},"fee_details":{"type":"array","items":{"type":"object","properties":{"fee_id":{"type":"integer"},"bill_id":{"type":"string"},"fee_category":{"type":"string"},"amount":{"type":"number"}}}}}},"FeeItem":{"type":"object","properties":{"fee_id":{"type":"integer","example":1},"bill_id":{"type":"integer"},"fee_category":{"type":"string"},"amount":{"type":"number"}}},"WriteFeeItem":{"type":"object","properties":{"fee_category":{"type":"string"},"amount":{"type":"number"}}},"BulkAddFeeItem":{"type":"object","properties":{"allOrNothing":{"type":"boolean","example":false},"adds":{"type":"array","items":{"$ref":"#/components/schemas/WriteFeeItem"}}}},"BulkDeleteFeeItem":{"type":"object","properties":{"allOrNothing":{"type":"boolean","example":false},"delete":{"type":"array","items":{"type":"integer","example":1}}}},"PaymentItem":{"type":"object","properties":{"payment_id":{"type":"string"},"created_at":{"type":"string","example":"20220307T000000"},"bill_id":{"type":"string"},"customer_name":{"type":"string"},"amount":{"type":"number"}}},"ChannelItem":{"type":"object","properties":{"channel_id":{"type":"integer"},"channel_name":{"type":"string"},"country_code":{"type":"string"},"enabled":{"type":"boolean"}}},"WriteChannelItem":{"type":"object","properties":{"channel_name":{"type":"string"},"country_code":{"type":"string"}}},"BranchItem":{"type":"object","properties":{"branch_id":{"type":"integer"},"branch_name":{"type":"string"}}}}}}