{"openapi":"3.0.0","info":{"title":"Simple Inventory API","description":"This is a simple API","contact":{"email":"you@your-company.com"},"license":{"name":"Apache 2.0","url":"http://www.apache.org/licenses/LICENSE-2.0.html"},"version":"1.0.0"},"servers":[{"url":"https://virtserver.swaggerhub.com/ArtRockets/SAIDA/1.0.0","description":"SwaggerHub API Auto Mocking"}],"tags":[{"name":"main"}],"paths":{"/register":{"post":{"tags":["main"],"description":"Регистрация","parameters":[{"name":"name","in":"query","description":"ФИО","required":true,"style":"form","explode":true,"schema":{"type":"string"}},{"name":"email","in":"query","description":"email","required":true,"style":"form","explode":true,"schema":{"type":"string"}},{"name":"phone","in":"query","description":"Номер телефона","required":true,"style":"form","explode":true,"schema":{"type":"string"}}],"responses":{"200":{"description":"search results matching criteria","content":{"application/json":{"schema":{"type":"object","properties":{"status":{"title":"Статус","type":"string"},"error":{"title":"Ошибка","type":"string","description":"has_user_email - Пользователь с таким email уже существует<br> has_user_phone - Пользователь с таким телефоном уже существует"}}}}}}}}},"/reset_pass":{"post":{"tags":["main"],"description":"Сброс пароля","parameters":[{"name":"email","in":"query","description":"email","required":true,"style":"form","explode":true,"schema":{"type":"string"}}],"responses":{"200":{"description":"search results matching criteria","content":{"application/json":{"schema":{"type":"object","properties":{"status":{"title":"Статус","type":"string"},"error":{"title":"Ошибка","type":"string","description":"no_user_email - Пользователя с таким email не существует"}}}}}}}}},"/set_password":{"post":{"tags":["main"],"description":"Изменение пароля","parameters":[{"name":"token","in":"query","description":"Токен","required":true,"style":"form","explode":true,"schema":{"type":"string"}},{"name":"password","in":"query","description":"Пароль","required":true,"style":"form","explode":true,"schema":{"type":"string"}}],"responses":{"200":{"description":"search results matching criteria","content":{"application/json":{"schema":{"type":"object","properties":{"status":{"title":"Статус","type":"string"},"error":{"title":"Ошибка","type":"string","description":"not_find_token - Токен не найден"},"token":{"title":"Токен авторизации","type":"string"},"duration":{"title":"Срок авторизации","type":"number"}}}}}}}}},"/login":{"post":{"tags":["main"],"description":"Авторизация","parameters":[{"name":"email","in":"query","description":"Email","required":true,"style":"form","explode":true,"schema":{"type":"string"}},{"name":"password","in":"query","description":"Пароль","required":true,"style":"form","explode":true,"schema":{"type":"string"}}],"responses":{"200":{"description":"search results matching criteria","content":{"application/json":{"schema":{"type":"object","properties":{"status":{"title":"Статус","type":"string"},"error":{"title":"Ошибка","type":"string","description":"not_find_user - Пользователь не найден<br> password_error - неверный пароль"},"token":{"title":"Токен авторизации","type":"string"},"duration":{"title":"Срок авторизации","type":"number"}}}}}}}}}}}