{"openapi":"3.0.0","info":{"title":"Questionnaires","description":"d","version":"1.0.0"},"servers":[{"url":"https://virtserver.swaggerhub.com/Arxall2/assessments_questionnaires/1.0.0","description":"SwaggerHub API Auto Mocking"}],"paths":{"/assets/{assetId}":{"put":{"tags":["asset-controller"],"operationId":"updateAsset","parameters":[{"name":"assetId","in":"path","required":true,"style":"simple","explode":false,"schema":{"type":"string"}}],"requestBody":{"content":{"application/json":{"schema":{"$ref":"#/components/schemas/AssetCreateUpdateDto"}}},"required":true},"responses":{"200":{"description":"OK","content":{"application/json":{"schema":{"type":"object"}}}}},"security":[{"bearerAuth":[]}]}},"/questionnaires":{"get":{"tags":["questionnaires"],"description":"Gets all the questionnaires","operationId":"getQuestionnaires","parameters":[{"name":"includeDeleted","in":"query","description":"Flag to indicate that deleted entities should be included in the response","required":false,"style":"form","explode":true,"schema":{"type":"boolean"}}],"responses":{"200":{"description":"OK","content":{"application/json":{"schema":{"$ref":"#/components/schemas/QuestionnaireList"}}}}},"security":[{"bearerAuth":[]}]}},"/questionnaire/{questionnaireId}":{"delete":{"tags":["questionnaires"],"operationId":"deleteQuestionnaire","parameters":[{"name":"questionnaireId","in":"path","description":"The ID of the questionnaire to be deleted","required":true,"style":"simple","explode":false,"schema":{"type":"string"}}],"responses":{"204":{"description":"OK"},"404":{"description":"Questionnaire ID not found"}},"security":[{"bearerAuth":[]}]}}},"components":{"schemas":{"AssetCreateUpdateDto":{"required":["businessCriticality","location","name","owner","status","type"],"type":"object","properties":{"name":{"maxLength":20,"minLength":3,"type":"string"},"type":{"type":"string"},"businessCriticality":{"maximum":3,"minimum":1,"type":"integer","format":"int32"},"location":{"type":"string"},"owner":{"type":"string"},"status":{"type":"string","enum":["LIVE","RETIRED","DELETED"]},"description":{"type":"string"},"legalRequirement":{"type":"boolean"},"financialValue":{"type":"number","format":"double"},"sensitivity":{"type":"integer","format":"int32"},"pii":{"type":"boolean"},"classification":{"type":"string"},"dataRetention":{"type":"string"},"acquisitionDate":{"type":"string"}}},"QuestionnaireList":{"type":"object","properties":{"name":{"type":"string"},"status":{"type":"string","enum":["LIVE","RETIRED","DELETED"]},"campaignName":{"type":"string"},"supplyChain":{"type":"string"}}}},"securitySchemes":{"bearerAuth":{"type":"http","scheme":"bearer","bearerFormat":"JWT"}}}}