{"openapi":"3.0.0","info":{"title":"メッセージサービスAPI","description":"本APIは、別システムからのメッセージ配信を独立サーバー側で行う為のI/Fを提供しています。 <br/>\n概要については、下記をご参照ください。<br/>\nhttps://cacoo.com/diagrams/Ywnp8ow4vcpLBAz1/44432<br/>\nhttps://cacoo.com/diagrams/Ywnp8ow4vcpLBAz1/46A7A<br/>\n内部処理については、下記をご参照ください。<br/>\nhttps://cacoo.com/diagrams/4PKuOEk2uasurirf/581B0<br/>","version":"1.0.0"},"servers":[{"url":"https://virtserver.swaggerhub.com/Astrea/MessageServiceAPI/1.0.0","description":"SwaggerHub API Auto Mocking"}],"tags":[{"name":"Send","description":"送信関連"}],"paths":{"/reservation":{"post":{"tags":["Sendクラス"],"summary":"メッセージ送信予約API","description":"メッセージ送信を予約します。<br/>","requestBody":{"content":{"application/json":{"schema":{"$ref":"#/components/schemas/SendItem"}}}},"responses":{"200":{"description":"メッセージ送信の予約情報を返却します","content":{"application/json":{"schema":{"$ref":"#/components/schemas/SendItem"}}}},"400":{"description":"invalid input, object invalid"},"403":{"description":"Forbidden"},"500":{"description":"Internal Server Error"}}}},"/cancelReservation":{"post":{"tags":["Sendクラス"],"summary":"送信予約キャンセルAPI","description":"指定された送信グループIDに対応するメッセージ送信予約をキャンセルします。<br/>\n★メッセージ送信キューのステータスが「送信待ち」以外の状態となっている場合は<br/>\n  本処理が正常終了してもキャンセルの状態にはなりません。<br/>","requestBody":{"content":{"application/json":{"schema":{"required":["send_group_id"],"type":"object","properties":{"send_group_id":{"maxLength":36,"minLength":36,"type":"string","description":"キャンセル対象とする送信グループID","format":"uuid","nullable":false,"example":"57a3128a-8fdd-4e82-aac1-c28de3be36d8"}},"description":"メッセージ送信予約キャンセル情報"}}}},"responses":{"200":{"description":"メッセージ送信予約のキャンセル処理が正常に行われた場合"},"400":{"description":"invalid input, object invalid"},"403":{"description":"Forbidden"},"500":{"description":"Internal Server Error"}}}}},"components":{"schemas":{"SendItem":{"required":["destinations","send_datetime","send_group_id"],"type":"object","properties":{"send_group_id":{"maxLength":36,"minLength":36,"type":"string","description":"送信グループID","format":"uuid","nullable":false,"example":"57a3128a-8fdd-4e82-aac1-c28de3be36d8"},"send_datetime":{"type":"string","description":"送信予約日時<br/>\n※(new DateTime())->format(\"Y-m-d H:i:s.u\"); でマイクロ行込みの書式で取得できる。","format":"date-time","nullable":false},"images":{"minItems":0,"type":"array","description":"添付画像情報（配列）<br/>\n※配列の要素の順番の通りに配信されます。<br/>","nullable":true,"items":{"$ref":"#/components/schemas/imageItem"}},"destinations":{"maxItems":1000,"minItems":1,"type":"array","description":"送信先情報<br/>\n※最大で1000件まで<br/>","nullable":false,"items":{"$ref":"#/components/schemas/DestinationItem"}}},"description":"メッセージ送信情報"},"DestinationItem":{"required":["from_name","from_store_id","methods","replaced_body","replaced_subject","target_approach_id"],"type":"object","properties":{"target_approach_id":{"maxLength":36,"minLength":36,"type":"string","description":"アプローチ対象ID","format":"uuid","nullable":false,"example":"4499b3a8-ab70-462a-b088-cc3c63e230b9"},"methods":{"minItems":1,"type":"array","description":"アプローチ方法別の情報<br/>\n※例えば、同一顧客において、メールとLINEの両方に送信する場合には２要素分の配列をセットします。<br/>","nullable":false,"items":{"$ref":"#/components/schemas/approachMethodItem"}},"from_store_id":{"maxLength":36,"minLength":36,"type":"string","description":"送信元となる店ID<br/>","format":"uuid","nullable":false,"example":"a8344fbe-7d0b-4138-9438-cb844d4e3433"},"from_name":{"maxLength":255,"minLength":1,"type":"string","description":"送信元名<br/>\n※書式：ブランド名＋店名<br/>","nullable":false,"example":"テストブランド テスト１号店","default":"0"},"replaced_subject":{"maxLength":255,"minLength":1,"type":"string","description":"件名br/>","nullable":true,"example":"ご来店ありがとうございました❕またのお越しをお待ちしております♡"},"replaced_body":{"maxLength":3000,"minLength":1,"type":"string","description":"本文 ","nullable":false,"example":"初回来店のお礼として、次回来店時にご利用できるクーポンをご用意いたしました。<br/>\n下記のURLから次回ご予約を入れて頂き、本メッセージの画像をお見せ頂く事で特典が得られます。<br/>\nぜひまたのご来店をお待ちしております♬<br/>\n<br/>\n■ご予約はこちらから<br/>\nhttps://reserve-site.scatcloud.com/?g=99999&m=0100&introduction_clear=1<br/>"}}},"approachMethodItem":{"required":["approach_method_type","to_address"],"type":"object","properties":{"approach_method_type":{"type":"string","description":"アプローチ方法種別<br/>\nVer 1.2.0 時点では、下記の2種類のみ<br/>\n'email'<br/>\n'line'<br/>","nullable":false,"example":"email","default":"email","enum":["email","line"]},"to_address":{"type":"string","description":"送信先アドレス<br/>\nアプローチ方法種別に応じて設定する内容が異なります。<br/>\nアプローチ方法種別 = 'email' の場合は、メールアドレス をセットする <br/>\nアプローチ方法種別 = 'line' の場合は、LINEユーザーID をセットする <br/>","nullable":false,"example":"mail@example.net","default":""},"reservation_status":{"$ref":"#/components/schemas/reservationStatusItem"},"send_status":{"$ref":"#/components/schemas/sendStatusItem"}},"description":"アプローチ方法別の情報<br/>\n※例えば、同一顧客において、メールとLINEの両方に送信する場合には２要素分の配列をセットします。<br/>","nullable":true},"imageItem":{"required":["image_url","thumbnail_url"],"type":"object","properties":{"image_url":{"maxLength":255,"minLength":1,"type":"string","description":"画像URL<br/>","nullable":false,"example":"http://beautyworks-tbcscat.s3.ap-northeast-1.amazonaws.com/ReserveService/Images/Brands/BRAND_17/BrandLogo/pc/logo.png<br/>"},"thumbnail_url":{"maxLength":255,"minLength":1,"type":"string","description":"サムネイル画像URL<br/>","nullable":false,"example":"http://beautyworks-tbcscat.s3.ap-northeast-1.amazonaws.com/ReserveService/Images/Brands/BRAND_17/BrandLogo/pc/logo.png<br/>"}},"description":"添付画像情報<br/>\n※配列の順番の通りに送信されます。<br/>","nullable":true},"reservationStatusItem":{"required":["send_finish_datetime","status"],"type":"object","properties":{"finish_datetime":{"type":"string","description":"送信予約終了日時<br/>\n※エラーの場合でも、送信処理が終了した時点の日時を返却します。","format":"date-time","nullable":false},"status":{"type":"string","description":"ステータス<br/>\n下記いずれかの値<br/>\n・'success'：正常<br/>\n・'error'：エラー<br/>","nullable":false,"example":"success","enum":["success","error"]},"error_message":{"type":"string","description":"エラーメッセージ<br/>","nullable":true,"example":"本文の文字数が3000 以上入力されており、送信予約を受付できませんでした。"},"message_queue_id":{"maxLength":36,"minLength":36,"type":"string","description":"メッセージ送信キューID ※送信予約失敗時はnull","format":"uuid","nullable":true,"example":"4499b3a8-ab70-462a-b088-cc3c63e230b9"},"message_queue_seq":{"maximum":9223372036854775807,"minimum":1,"type":"integer","description":"メッセージ送信キューのシーケンス番号 ※送信予約失敗時はnull","nullable":true,"example":1}},"description":"送信予約結果情報 ※入力パラメータとしては不要です。","nullable":true},"sendStatusItem":{"required":["send_finish_datetime","status"],"type":"object","properties":{"finish_datetime":{"type":"string","description":"送信終了日時<br/>\n※エラーの場合でも、送信処理が終了した時点の日時を返却します。","format":"date-time","nullable":false},"status":{"type":"string","description":"ステータス<br/>\n下記いずれかの値<br/>\n・'waiting'：送信待ち<br/>\n・'canceled'：送信キャンセル<br/>\n・'sending'：送信中（※多重送信抑制用）<br/>\n・'success'：正常<br/>\n・'error'：エラー<br/>","nullable":false,"example":"success","enum":["success","error"]},"error_message":{"type":"string","description":"エラーメッセージ<br/>","nullable":true,"example":"通信エラーが発生し、送信できませんでした。"}},"description":"送信結果情報 ※送信予約時の入力パラメータとしては不要です。","nullable":true}}}}