{"openapi":"3.0.0","info":{"title":"Astrea用メッセージサービスコンポ―ネント\n※namespace App\\Controller\\Component\\MessageService\\Clientで利用できる形になります。","description":"本コンポ―ネントは、Astreaでメッセージ配信を扱いやすくする為にコンポーネントとして提供したものです。 <br/>\n詳しくは、https://cacoo.com/diagrams/Ywnp8ow4vcpLBAz1/85399 をご参照ください。<br/>","version":"1.0.0"},"servers":[{"url":"/"}],"tags":[{"name":"Sendクラス","description":"送信関連"}],"paths":{"/preview":{"post":{"tags":["Sendクラス"],"summary":"メッセージプレビュー取得メソッド","description":"置換変数込みのメッセージを置換後のイメージ（プレビュー）として<br/>\n表示可能な文字列を取得します。<br/>\n※本プレビューには画像情報を含みません。<br/>\n処理ロジック仕様：https://cacoo.com/diagrams/4PKuOEk2uasurirf/33E83<br/>\nの[1.サブルーチン「置換処理」フローチャート]を参照<br/>","requestBody":{"content":{"application/json":{"schema":{"$ref":"#/components/schemas/PreviewRequestItem"}}}},"responses":{"200":{"description":"置換後のメッセージ情報を返却します","content":{"application/json":{"schema":{"$ref":"#/components/schemas/PreviewResponseItem"}}}},"400":{"description":"invalid input, object invalid"},"403":{"description":"Forbidden"},"500":{"description":"Internal Server Error"}}}},"/reservation":{"post":{"tags":["Sendクラス"],"summary":"メッセージ送信予約メソッド","description":"メッセージ送信を予約します。<br/>","requestBody":{"content":{"application/json":{"schema":{"$ref":"#/components/schemas/SendItem"}}}},"responses":{"200":{"description":"メッセージ送信の予約情報を返却します","content":{"application/json":{"schema":{"$ref":"#/components/schemas/SendItem"}}}},"400":{"description":"invalid input, object invalid"},"403":{"description":"Forbidden"},"500":{"description":"Internal Server Error"}}}},"/cancelReservation":{"post":{"tags":["Sendクラス"],"summary":"送信予約キャンセルメソッド","description":"指定された送信グループIDに対応するメッセージ送信予約をキャンセルします。<br/>\n本処理は、「メッセージ送信状況詳細画面」の「送信キャンセル」ボタンの操作から実行される事を想定しています。<br/>\n★メッセージ送信キューのステータスが「送信待ち」以外の状態となっている場合は<br/>\n  本処理が正常終了してもキャンセルの状態にはなりません。<br/>","requestBody":{"content":{"application/json":{"schema":{"required":["send_group_id"],"type":"object","properties":{"send_group_id":{"maxLength":36,"minLength":36,"type":"string","description":"キャンセル対象とする送信グループID","format":"uuid","nullable":false,"example":"57a3128a-8fdd-4e82-aac1-c28de3be36d8"}},"description":"メッセージ送信予約キャンセル情報"}}}},"responses":{"200":{"description":"メッセージ送信予約のキャンセル処理が正常に行われた場合"},"400":{"description":"invalid input, object invalid"},"403":{"description":"Forbidden"},"500":{"description":"Internal Server Error"}}}},"/updateStatus":{"post":{"tags":["Sendクラス"],"summary":"メッセージ送信予約ステータス更新メソッド","description":"Astreaの顧客アプローチの各送信ログトランの状態の更新を行います。<br/>\n※Astrea側からメッセージサービス（専用サーバー）向けに公開するAPIから呼び出される事を想定しています。<br/>\n※公開されるWebAPIのI/F仕様は、本定義と同じ内容とします。<br/>","requestBody":{"content":{"application/json":{"schema":{"$ref":"#/components/schemas/SendItem"}}}},"responses":{"200":{"description":"メッセージ送信予約の状態更新が正常に行われた場合"},"400":{"description":"invalid input, object invalid"},"403":{"description":"Forbidden"},"500":{"description":"Internal Server Error"}}}}},"components":{"schemas":{"PreviewRequestItem":{"required":["from_master_key_id","from_system_layer_id","template_body","template_subject"],"type":"object","properties":{"from_system_layer_id":{"maxLength":36,"minLength":36,"type":"string","description":"送信元となるシステム階層ID<br/>\n※Astreaからは 本部・ブランド・店のいずれかのsシステム階層ID<br/>","format":"uuid","nullable":false,"example":"89896ff8-3642-11e9-a013-0a0027000009"},"from_master_key_id":{"maxLength":36,"minLength":36,"type":"string","description":"送信元となるマスタ主キーID<br/>\n※Astreaからは 本部ID ・ブランドID・店ID のいずれかの値<br/>","format":"uuid","nullable":false,"example":"a8344fbe-7d0b-4138-9438-cb844d4e3433"},"template_subject":{"maxLength":255,"minLength":1,"type":"string","description":"テンプレート件名 ※置換変数が置き換わる前の値でセットしてください。<br/>","nullable":false,"example":"%%store_name%% です。ご来店ありがとうございました❕またのお越しをお待ちしております♡"},"template_body":{"maxLength":3000,"minLength":1,"type":"string","description":"テンプレート本文 \n※置換変数が置き換わる前の値でセットしてください。<br/>\n※LINEのメッセージ本文に使用可能な文字数は、5000 となっていますが、<br/>\n実際には「UTF-16でエンコーディングしたときの符号単位の数」となっています。<br/>\nPHPの標準関数 mb_strlen ( {文字列}, UTF-16 ) で文字数を得た後に、3000以下である事をチェックします。<br/>","nullable":false,"example":"%%customer_name%% 初回来店のお礼として、次回来店時にご利用できるクーポンをご用意いたしました。<br/>\n下記のURLから次回ご予約を入れて頂き、本メッセージの画像をお見せ頂く事でお客様限定の特典が得られます。<br/>\nぜひまたのご来店をお待ちしております♬<br/>\n<br/>\n■ご予約はこちらから<br/>\n％％reserve_site_url％％<br/>"},"family_name":{"maxLength":255,"minLength":1,"type":"string","description":"顧客の姓（プレビュー用固定値）<br/>\n※defaultから変更したい場合に指定する<br/>","nullable":true,"example":"鈴木","default":"鈴木"},"given_name":{"maxLength":255,"minLength":1,"type":"string","description":"顧客の名（プレビュー用固定値）<br/>\n※defaultから変更したい場合に指定する<br/>","nullable":true,"example":"花子","default":"花子"},"staff_name":{"maxLength":255,"minLength":1,"type":"string","description":"担当名（プレビュー用固定値）<br/>\n※defaultから変更したい場合に指定する<br/>","nullable":false,"example":"スタッフ名","default":"スタッフ名"}},"description":"プレビュー要求情報"},"PreviewResponseItem":{"required":["replaced_body","replaced_subject"],"type":"object","properties":{"replaced_subject":{"maxLength":255,"minLength":1,"type":"string","description":"置換後の件名br/>\n※置換変数が置き換わった後の件名を返却します。<br/>","nullable":true,"example":"ご来店ありがとうございました❕またのお越しをお待ちしております♡"},"replaced_body":{"maxLength":3000,"minLength":1,"type":"string","description":"置換後の本文 \n※置換変数が置き換わった後の本文を返却します。<br/>","nullable":true,"example":"初回来店のお礼として、次回来店時にご利用できるクーポンをご用意いたしました。<br/>\n下記のURLから次回ご予約を入れて頂き、本メッセージの画像をお見せ頂く事で特典が得られます。<br/>\nぜひまたのご来店をお待ちしております♬<br/>\n<br/>\n■ご予約はこちらから<br/>\nhttps://reserve-site.scatcloud.com/?g=99999&m=0100&introduction_clear=1<br/>"}},"description":"プレビューの件名と本文<br/>"},"SendItem":{"required":["destinations","from_master_key_id","from_system_layer_id","send_datetime","send_group_id","template_body","template_subject"],"type":"object","properties":{"from_system_layer_id":{"maxLength":36,"minLength":36,"type":"string","description":"送信元となるシステム階層ID<br/>\n※Astreaからは 本部I・ブランド・店のいずれかのsシステム階層ID<br/>","format":"uuid","nullable":false,"example":"89896ff8-3642-11e9-a013-0a0027000009"},"from_master_key_id":{"maxLength":36,"minLength":36,"type":"string","description":"送信元となるマスタ主キーID<br/>\n※Astreaからは 本部ID ・ブランドID・店ID のいずれかの値<br/>","format":"uuid","nullable":false,"example":"a8344fbe-7d0b-4138-9438-cb844d4e3433"},"send_group_id":{"maxLength":36,"minLength":36,"type":"string","description":"送信グループID","format":"uuid","nullable":false,"example":"57a3128a-8fdd-4e82-aac1-c28de3be36d8"},"send_datetime":{"type":"string","description":"送信予約日時<br/>\n※(new DateTime())->format(\"Y-m-d H:i:s.u\"); でマイクロ行込みの書式で取得できる。","format":"date-time","nullable":false},"template_subject":{"maxLength":255,"minLength":1,"type":"string","description":"テンプレート件名 ※置換変数が置き換わる前の値でセットしてください。<br/>","nullable":false,"example":"%%store_name%% です。ご来店ありがとうございました❕またのお越しをお待ちしております♡"},"template_body":{"maxLength":3000,"minLength":1,"type":"string","description":"テンプレート本文 \n※置換変数が置き換わる前の値でセットしてください。<br/>\n※LINEのメッセージ本文に使用可能な文字数は、5000 となっていますが、<br/>\n実際には「UTF-16でエンコーディングしたときの符号単位の数」となっています。<br/>\nPHPの標準関数 mb_strlen ( {文字列}, UTF-16 ) で文字数を得た後に、3000以下である事をチェックします。<br/>","nullable":false,"example":"%%customer_name%% 初回来店のお礼として、次回来店時にご利用できるクーポンをご用意いたしました。<br/>\n下記のURLから次回ご予約を入れて頂き、本メッセージの画像をお見せ頂く事でお客様限定の特典が得られます。<br/>\nぜひまたのご来店をお待ちしております♬<br/>\n<br/>\n■ご予約はこちらから<br/>\n％％reserve_site_url％％<br/>"},"images":{"minItems":0,"type":"array","description":"添付画像情報（配列）<br/>\n※配列の要素の順番の通りに配信されます。<br/>\n★ファイル拡張子が（.jpg / .jpeg / .png ）のいずれかの画像ファイルである事が前提となります。<br/>\n★LINEの仕様に準ずるファイルサイズ（最大 10MB）以内である必要があります。<br/>","nullable":true,"items":{"$ref":"#/components/schemas/imageItem"}},"destinations":{"minItems":1,"type":"array","nullable":false,"items":{"$ref":"#/components/schemas/DestinationItem"}}},"description":"メッセージ送信情報"},"DestinationItem":{"required":["customer_id","methods","target_approach_id"],"type":"object","properties":{"target_approach_id":{"maxLength":36,"minLength":36,"type":"string","description":"アプローチ対象ID","format":"uuid","nullable":false,"example":"4499b3a8-ab70-462a-b088-cc3c63e230b9"},"customer_id":{"type":"string","description":"顧客ID<br/>\n※本部別顧客IDや店別顧客IDではありませんのでご注意してください。<br/>","nullable":false,"example":"39b09ec3-748d-4388-a5eb-4612673ed25f"},"methods":{"minItems":1,"type":"array","description":"アプローチ方法別の情報<br/>\n※例えば、同一顧客において、メールとLINEの両方に送信する場合には２要素分の配列をセットします。<br/>","nullable":false,"items":{"$ref":"#/components/schemas/approachMethodItem"}},"from_store_id":{"maxLength":36,"minLength":36,"type":"string","description":"送信元となる店ID<br/>\n※送信予約時は指定不要です。メソッドの戻り値としてセットされます。<br/>\n※メッセージサービスからのステータス更新時に入力されることがあります。<br/>","format":"uuid","nullable":true,"example":"a8344fbe-7d0b-4138-9438-cb844d4e3433"},"from_name":{"maxLength":255,"minLength":1,"type":"string","description":"送信元名<br/>\n※送信予約時は指定不要です。メソッドの戻り値としてセットされます。<br/>\n※メッセージサービスからのステータス更新時は入力されることがあります。<br/>\n※書式：ブランド名＋店名<br/>","nullable":true,"example":"テストブランド テスト１号店","default":"0"},"replaced_subject":{"maxLength":255,"minLength":1,"type":"string","description":"置換後の件名br/>\n※入力時は不要です。<br/>\n※置換変数が置き換わった後の件名を返却します。<br/>","nullable":true,"example":"ご来店ありがとうございました❕またのお越しをお待ちしております♡"},"replaced_body":{"maxLength":3000,"minLength":1,"type":"string","description":"置換後の本文 \n※入力時は不要です。<br/>\n※置換変数が置き換わった後の本文を返却します。<br/>","nullable":true,"example":"初回来店のお礼として、次回来店時にご利用できるクーポンをご用意いたしました。<br/>\n下記のURLから次回ご予約を入れて頂き、本メッセージの画像をお見せ頂く事で特典が得られます。<br/>\nぜひまたのご来店をお待ちしております♬<br/>\n<br/>\n■ご予約はこちらから<br/>\nhttps://reserve-site.scatcloud.com/?g=99999&m=0100&introduction_clear=1<br/>"}},"description":"送信先情報<br/>"},"approachMethodItem":{"required":["approach_method_type","to_address"],"type":"object","properties":{"approach_method_type":{"type":"string","description":"アプローチ方法種別<br/>\nVer 1.2.0 時点では、下記の2種類のみ<br/>\n'email'<br/>\n'line'<br/>","nullable":false,"example":"email","default":"email","enum":["email","line"]},"to_address":{"type":"string","description":"送信先アドレス<br/>\nアプローチ方法種別に応じて設定する内容が異なります。<br/>\nアプローチ方法種別 = 'email' の場合は、メールアドレス をセットする <br/>\nアプローチ方法種別 = 'line' の場合は、LINEユーザーID をセットする <br/>","nullable":false,"example":"mail@example.net","default":""},"reservation_status":{"$ref":"#/components/schemas/reservationStatusItem"},"send_status":{"$ref":"#/components/schemas/sendStatusItem"}},"description":"アプローチ方法別の情報<br/>\n※例えば、同一顧客において、メールとLINEの両方に送信する場合には２要素分の配列をセットします。<br/>","nullable":true},"imageItem":{"required":["image_url","thumbnail_url"],"type":"object","properties":{"image_url":{"maxLength":255,"minLength":1,"type":"string","description":"画像URL<br/>","nullable":false,"example":"http://beautyworks-tbcscat.s3.ap-northeast-1.amazonaws.com/ReserveService/Images/Brands/BRAND_17/BrandLogo/pc/logo.png<br/>"},"thumbnail_url":{"maxLength":255,"minLength":1,"type":"string","description":"サムネイル画像URL<br/>","nullable":false,"example":"http://beautyworks-tbcscat.s3.ap-northeast-1.amazonaws.com/ReserveService/Images/Brands/BRAND_17/BrandLogo/pc/logo.png<br/>"}},"description":"添付画像情報<br/>\n※配列の順番の通りに送信されます。<br/>\n★ファイル拡張子が（.jpg / .jpeg / .png ）のいずれかの画像ファイルである事が前提となります。<br/>\n★LINEの仕様に準ずるファイルサイズ（最大 10MB）以内である必要があります。<br/>","nullable":true},"reservationStatusItem":{"required":["send_finish_datetime","status"],"type":"object","properties":{"finish_datetime":{"type":"string","description":"送信予約終了日時<br/>\n※エラーの場合でも、送信処理が終了した時点の日時を返却します。","format":"date-time","nullable":false},"status":{"type":"string","description":"ステータス<br/>\n下記いずれかの値<br/>\n・'success'：正常<br/>\n・'error'：エラー<br/>","nullable":false,"example":"success","enum":["success","error"]},"error_message":{"type":"string","description":"エラーメッセージ<br/>","nullable":true,"example":"本文の文字数が3000 以上入力されており、送信予約を受付できませんでした。"},"message_queue_id":{"maxLength":36,"minLength":36,"type":"string","description":"メッセージ送信キューID ※送信予約失敗時はnull","format":"uuid","nullable":true,"example":"4499b3a8-ab70-462a-b088-cc3c63e230b9"},"message_queue_seq":{"maximum":9223372036854775807,"minimum":1,"type":"integer","description":"メッセージ送信キューのシーケンス番号 ※送信予約失敗時はnull","nullable":true,"example":1}},"description":"送信予約結果情報 ※入力パラメータとしては不要です。","nullable":true},"sendStatusItem":{"required":["send_finish_datetime","status"],"type":"object","properties":{"finish_datetime":{"type":"string","description":"送信終了日時<br/>\n※エラーの場合でも、送信処理が終了した時点の日時を返却します。","format":"date-time","nullable":false},"status":{"type":"string","description":"ステータス<br/>\n下記いずれかの値<br/>\n・'waiting'：送信待ち<br/>\n・'canceled'：送信キャンセル<br/>\n・'sending'：送信中（※多重送信抑制用）<br/>\n・'success'：正常<br/>\n・'error'：エラー<br/>","nullable":false,"example":"success","enum":["success","error"]},"error_message":{"type":"string","description":"エラーメッセージ<br/>","nullable":true,"example":"通信エラーが発生し、送信できませんでした。"}},"description":"送信結果情報 ※送信予約時の入力パラメータとしては不要です。","nullable":true}}}}