{"openapi":"3.0.0","info":{"title":"Individual","description":"Resources related to Individual","version":"1"},"servers":[{"url":"https://virtserver.swaggerhub.com/Atradius/codixIndividual/1","description":"SwaggerHub API Auto Mocking"},{"url":"https://{server}:{port}/api/bе/individual-api/","variables":{"server":{"default":"server"},"port":{"default":"port"}}}],"paths":{"/individuals":{"post":{"description":"#### Description :\r\nService permitting the creation of individual. The data objects provided must respect as much the format defined, the enumerations and corresponding LoV.\r\nIn response, the requester receives the address location of the individual created with its internal IndividualRef to be used to call linked resources.\r\n\r\nThe object to provide in the request is 'Individual' (corresponding in iMX to CDM: Individual) containing general data and also different sub-objects:\r\n*\taddresses (***CDM: Address***): containing list of address data of the individual. At least one mandatory for individual creation\r\n*\tcommunications (***CDM: Phone***): containing lift of way of communication data, like phone, email, etc.\r\n*\tcontacts (***CDM: Individual Contact***): for Legal individual only, contains list of physical individual contacts\r\n*\tbankAccounts (***CDM: Individual Bank Account***): contains list of bank accounts for this individual\r\n*\texternalReferences (***CDM : External Reference***): contains a list of external references if there are some.\r\n\r\n\r\nIn the response, the requester receives an HTTP code indicating if the request is correctly provided or there is an error.\r\n","operationId":"POST_individuals","requestBody":{"content":{"application/json":{"schema":{"$ref":"#/components/schemas/view.IndividualCreation"},"example":{"moralPhy":"P","typeIndividual":"M","name":"INDIVIDUAL TEST 1","firstName":"SURNAME TEST","nationalId":"123456789101112","addresses":[{"typeAddress":"A","country":"FRA","postCode":"33000","addressLine1":"1 Avenue de la République"}]}}},"required":true},"responses":{"201":{"description":"Successful creation of individual. The header of the response will contain the address location of the individual with its new IndividualRef created. The result is a successful insertion of Individual data in iMX corresponding mapping.","headers":{"Location":{"style":"simple","explode":false,"schema":{"type":"string"}}}},"400":{"description":"Bad request","content":{"application/json":{"schema":{"$ref":"#/components/schemas/errorTypes.ErrorHandler"}}}},"401":{"description":"Unauthorized, wrong authentication\n"},"403":{"description":"Forbidden, not authorized for this user\n"},"404":{"description":"Not found\n"}},"x-annotation-auth":["individual.C"]}},"/individuals/searches":{"post":{"description":"First step of individual search. The service allows to provide all criteria to be used for the search of individual. This service returns then the address to call for the second step of search to obtain contain result of the search.\nIf some criteria provided are not respected its definition, the service will return a functional error.\n","operationId":"POST_individuals-searches","requestBody":{"content":{"application/json":{"schema":{"$ref":"#/components/schemas/view.IndividualSearch"}}},"required":true},"responses":{"201":{"description":"Successfully created search criteria\n","headers":{"Location":{"description":"Location of the search","style":"simple","explode":false,"schema":{"type":"string"}}}},"400":{"description":"Bad request based on the error Handler.\n","content":{"application/json":{"schema":{"$ref":"#/components/schemas/errorTypes.ErrorHandler"}}}},"401":{"description":"Unauthorized, wrong authentication\n"},"403":{"description":"Forbidden, not authorized for this user\n"},"404":{"description":"Not found\n"}},"x-annotation-auth":["individual.R"]}},"/individuals/searches/{tmpResId}":{"get":{"description":"Second step of individual search. The service is based on the temporary ID provided from the first step and returns in response the content of search result.","operationId":"GET_individuals-searches-tmpResId","parameters":[{"name":"tmpResId","in":"path","required":true,"style":"simple","explode":false,"schema":{"$ref":"#/components/schemas/reference.TmpResId"}},{"name":"page","in":"query","required":false,"style":"form","explode":true,"schema":{"$ref":"#/components/schemas/common.PageNumber"}},{"name":"size","in":"query","required":false,"style":"form","explode":true,"schema":{"$ref":"#/components/schemas/common.PageSize"}},{"name":"sort","in":"query","required":false,"style":"form","explode":true,"schema":{"$ref":"#/components/schemas/common.PageSort"}}],"responses":{"200":{"description":"","content":{"application/json":{"schema":{"required":["content","first","last","number","numberOfElements","size","sort"],"properties":{"size":{"type":"integer","description":"Nombre d'élément par page"},"numberOfElements":{"type":"integer","description":"Nombre d'élément sur la page"},"number":{"type":"number","description":"numéro de la page"},"first":{"type":"boolean","description":"Flag indiquant si la page en cours est la première de la liste"},"last":{"type":"boolean","description":"Flag indiquant si la page en cours est la dernière de la liste"},"sort":{"$ref":"#/components/schemas/traits.Sort"},"content":{"type":"array","items":{"$ref":"#/components/schemas/view.Individual"}}}}}}},"400":{"description":"","content":{"application/json":{"schema":{"$ref":"#/components/schemas/errorTypes.ErrorHandler"},"example":{"errorCode":"2","errorMessage":"Wrong sorting data"}}}},"401":{"description":"Unauthorized, wrong authentication\n"},"403":{"description":"Forbidden, not authorized for this user\n"},"404":{"description":"Not found\n"}}}},"/individuals/{individualRef}":{"get":{"description":"Resource to retrieve all data for this individualRef.","operationId":"GET_individuals-individualRef","parameters":[{"name":"individualRef","in":"path","required":true,"style":"simple","explode":false,"schema":{"$ref":"#/components/schemas/reference.IndividualRef"}}],"responses":{"200":{"description":"Successfully retrieved resource\n","content":{"application/json":{"schema":{"$ref":"#/components/schemas/view.Individual"}}}},"400":{"description":"Bad request","content":{"application/json":{"schema":{"$ref":"#/components/schemas/errorTypes.ErrorHandler"}}}},"401":{"description":"Unauthorized, wrong authentication\n"},"403":{"description":"Forbidden, not authorized for this user\n"},"404":{"description":"Not found\n"}},"x-annotation-auth":["individual.R"]},"put":{"description":"Resource permitting to update individual data for the corresponding individualRef. As it would make an update, the same way as the POST creating an individual, a functional error can be returned if the content of data doesn't answer the definition.","operationId":"PUT_individuals-individualRef","parameters":[{"name":"individualRef","in":"path","required":true,"style":"simple","explode":false,"schema":{"$ref":"#/components/schemas/reference.IndividualRef"}}],"requestBody":{"content":{"application/json":{"schema":{"$ref":"#/components/schemas/view.Individual"}}},"required":true},"responses":{"201":{"description":"Successfuly updated ressource object"},"400":{"description":"Bad request","content":{"application/json":{"schema":{"$ref":"#/components/schemas/errorTypes.ErrorHandler"}}}},"401":{"description":"Unauthorized, wrong authentication\n"},"403":{"description":"Forbidden, not authorized for this user\n"},"404":{"description":"Not found\n"}},"x-annotation-auth":["individual.address.U"]}},"/individuals/{individualRef}/banks":{"get":{"description":"Ressource to retrieve the list of bank accounts linked to this IndividualRef.","operationId":"GET_individuals-individualRef-banks","parameters":[{"name":"individualRef","in":"path","required":true,"style":"simple","explode":false,"schema":{"$ref":"#/components/schemas/reference.IndividualRef"}}],"responses":{"200":{"description":"Successfully retrieved resource\n","content":{"application/json":{"schema":{"type":"array","items":{"$ref":"#/components/schemas/view.BankAccount"}}}}},"401":{"description":"Unauthorized, wrong authentication\n"},"403":{"description":"Forbidden, not authorized for this user\n"},"404":{"description":"Not found\n"}},"x-annotation-auth":["individual.bank.R"]},"post":{"description":"Ressource to add a bank account with this IndividualRef. The addition of a new way of communication could return some functional error if the data provided doesn’t answer the definition. The creation of a bank account would get through a verification of authorized bank defined from SWIFT interface, if the bank linked to the account is not authorized, the creation would be reject.","operationId":"POST_individuals-individualRef-banks","parameters":[{"name":"individualRef","in":"path","required":true,"style":"simple","explode":false,"schema":{"$ref":"#/components/schemas/reference.IndividualRef"}}],"requestBody":{"content":{"application/json":{"schema":{"$ref":"#/components/schemas/view.BankAccount"}}},"required":true},"responses":{"201":{"description":"Successfuly created ressource","headers":{"Location":{"style":"simple","explode":false,"schema":{"type":"string"}}}},"400":{"description":"Bad request","content":{"application/json":{"schema":{"$ref":"#/components/schemas/errorTypes.ErrorHandler"}}}},"401":{"description":"Unauthorized, wrong authentication\n"},"403":{"description":"Forbidden, not authorized for this user\n"},"404":{"description":"Not found\n"}},"x-annotation-auth":["individual.bank.C"]}},"/individuals/{individualRef}/banks/ocr":{"post":{"description":"Upload of a file to add directly a bank account if iMX is linked to an external interface permitting such solution. The creation of a bank account would get through a verification of authorized bank defined from SWIFT interface, if the bank linked to the account is not authorized, the creation would be reject.","operationId":"POST_individuals-individualRef-banks-ocr","parameters":[{"name":"individualRef","in":"path","required":true,"style":"simple","explode":false,"schema":{"$ref":"#/components/schemas/reference.IndividualRef"}}],"requestBody":{"content":{"multipart/form-data":{"schema":{"required":["file","fileInfo"],"type":"object","properties":{"file":{"$ref":"#/components/schemas/common.File"},"fileInfo":{"$ref":"#/components/schemas/common.FileInfo"},"caseList":{"$ref":"#/components/schemas/view.ListCases"}}}}},"required":true},"responses":{"201":{"description":"Successfuly treated the request","headers":{"Location":{"style":"simple","explode":false,"schema":{"type":"string"}}}},"400":{"description":"Bad request\n","content":{"application/json":{"schema":{"$ref":"#/components/schemas/errorTypes.ErrorHandler"}}}},"401":{"description":"Unauthorized, wrong authentication\n"},"403":{"description":"Forbidden, not authorized for this user\n"},"404":{"description":"Bad request, not found\n"}}},"x-annotation-auth":["individual.bank.C","individual.ocr","financing-request.U"]},"/individuals/{individualRef}/banks/{bankAccountRef}":{"get":{"description":"Ressource to retrieve the details of this bank account (bankAccountRef).","operationId":"GET_individuals-individualRef-banks-bankAccountRef","parameters":[{"name":"bankAccountRef","in":"path","required":true,"style":"simple","explode":false,"schema":{"$ref":"#/components/schemas/reference.BankAccountRef"}},{"name":"individualRef","in":"path","required":true,"style":"simple","explode":false,"schema":{"$ref":"#/components/schemas/reference.IndividualRef"}}],"responses":{"200":{"description":"Successfully retrieved resource\n","content":{"application/json":{"schema":{"$ref":"#/components/schemas/view.BankAccount"}}}},"400":{"description":"Bad request","content":{"application/json":{"schema":{"$ref":"#/components/schemas/errorTypes.ErrorHandler"}}}},"401":{"description":"Unauthorized, wrong authentication\n"},"403":{"description":"Forbidden, not authorized for this user\n"},"404":{"description":"Not found\n"}},"x-annotation-auth":["individual.bank.R"]},"put":{"description":"Service permettant de mettre à jour les données d'un compte bancaire précis.","operationId":"PUT_individuals-individualRef-banks-bankAccountRef","parameters":[{"name":"bankAccountRef","in":"path","required":true,"style":"simple","explode":false,"schema":{"$ref":"#/components/schemas/reference.BankAccountRef"}},{"name":"individualRef","in":"path","required":true,"style":"simple","explode":false,"schema":{"$ref":"#/components/schemas/reference.IndividualRef"}}],"requestBody":{"content":{"application/json":{"schema":{"$ref":"#/components/schemas/view.BankAccountCreation"}}},"required":true},"responses":{"201":{"description":"Successfuly updated ressource object"},"400":{"description":"Bad request","content":{"application/json":{"schema":{"$ref":"#/components/schemas/errorTypes.ErrorHandler"}}}},"401":{"description":"Unauthorized, wrong authentication\n"},"403":{"description":"Forbidden, not authorized for this user\n"},"404":{"description":"Not found\n"}},"x-annotation-auth":["individual.bank.U"]}},"/individuals/{individualRef}/addresses":{"get":{"description":"Ressource to retrieve the list of addresses linked to this IndividualRef.","operationId":"GET_individuals-individualRef-addresses","parameters":[{"name":"individualRef","in":"path","required":true,"style":"simple","explode":false,"schema":{"$ref":"#/components/schemas/reference.IndividualRef"}}],"responses":{"200":{"description":"Successfully retrieved resource\n","content":{"application/json":{"schema":{"type":"array","items":{"$ref":"#/components/schemas/view.Address"}}}}},"401":{"description":"Unauthorized, wrong authentication\n"},"403":{"description":"Forbidden, not authorized for this user\n"},"404":{"description":"Not found\n"}},"x-annotation-auth":["individual.address.R"]},"post":{"description":"Resource to add an address on this IndividualRef. The addition of a new address could return some functional error if the data provided doesn’t answer the definition.","operationId":"POST_individuals-individualRef-addresses","parameters":[{"name":"individualRef","in":"path","required":true,"style":"simple","explode":false,"schema":{"$ref":"#/components/schemas/reference.IndividualRef"}}],"requestBody":{"content":{"application/json":{"schema":{"$ref":"#/components/schemas/view.AddressCreation"}}},"required":true},"responses":{"201":{"description":"Successfuly created ressource","headers":{"Location":{"style":"simple","explode":false,"schema":{"type":"string"}}}},"400":{"description":"Bad request","content":{"application/json":{"schema":{"$ref":"#/components/schemas/errorTypes.ErrorHandler"}}}},"401":{"description":"Unauthorized, wrong authentication\n"},"403":{"description":"Forbidden, not authorized for this user\n"},"404":{"description":"Not found\n"}},"x-annotation-auth":["individual.address.C"]}},"/individuals/{individualRef}/addresses/{addressRef}":{"get":{"description":"Ressource to retrieve the details of this address (addressRef).","operationId":"GET_individuals-individualRef-addresses-addressRef","parameters":[{"name":"addressRef","in":"path","required":true,"style":"simple","explode":false,"schema":{"$ref":"#/components/schemas/reference.AddressRef"}},{"name":"individualRef","in":"path","required":true,"style":"simple","explode":false,"schema":{"$ref":"#/components/schemas/reference.IndividualRef"}}],"responses":{"200":{"description":"Successfully retrieved resource\n","content":{"application/json":{"schema":{"$ref":"#/components/schemas/view.Address"}}}},"400":{"description":"Bad request","content":{"application/json":{"schema":{"$ref":"#/components/schemas/errorTypes.ErrorHandler"}}}},"401":{"description":"Unauthorized, wrong authentication\n"},"403":{"description":"Forbidden, not authorized for this user\n"},"404":{"description":"Not found\n"}},"x-annotation-auth":["individual.address.R"]},"put":{"description":"Ressource to update the data of this address for the corresponding addressRef, in case the address is not from an external system. As it would make an update, the same way as the POST creating an individual, a functional error can be returned if the content of data doesn't answer the definition.","operationId":"PUT_individuals-individualRef-addresses-addressRef","parameters":[{"name":"addressRef","in":"path","required":true,"style":"simple","explode":false,"schema":{"$ref":"#/components/schemas/reference.AddressRef"}},{"name":"individualRef","in":"path","required":true,"style":"simple","explode":false,"schema":{"$ref":"#/components/schemas/reference.IndividualRef"}}],"requestBody":{"content":{"application/json":{"schema":{"$ref":"#/components/schemas/view.AddressCreation"}}},"required":true},"responses":{"201":{"description":"Successfuly updated ressource object"},"400":{"description":"Bad request","content":{"application/json":{"schema":{"$ref":"#/components/schemas/errorTypes.ErrorHandler"}}}},"401":{"description":"Unauthorized, wrong authentication\n"},"403":{"description":"Forbidden, not authorized for this user\n"},"404":{"description":"Not found\n"}},"x-annotation-auth":["individual.address.U"]},"delete":{"description":"Ressource to delete the object address related to 'addressRef'. The use of this metod result in its historisation.","operationId":"DELETE_individuals-individualRef-addresses-addressRef","parameters":[{"name":"addressRef","in":"path","required":true,"style":"simple","explode":false,"schema":{"$ref":"#/components/schemas/reference.AddressRef"}},{"name":"individualRef","in":"path","required":true,"style":"simple","explode":false,"schema":{"$ref":"#/components/schemas/reference.IndividualRef"}}],"responses":{"201":{"description":"Successfuly deleted"},"400":{"description":"Bad request","content":{"application/json":{"schema":{"$ref":"#/components/schemas/errorTypes.ErrorHandler"}}}},"401":{"description":"Unauthorized, wrong authentication\n"},"403":{"description":"Forbidden, not authorized for this user\n"},"404":{"description":"Not found\n"}},"x-annotation-auth":["individual.address.D"]}},"/individuals/{individualRef}/communictions":{"get":{"description":"Ressource to retrieve the list of way of communications linked to this IndividualRef.","operationId":"GET_individuals-individualRef-communictions","parameters":[{"name":"individualRef","in":"path","required":true,"style":"simple","explode":false,"schema":{"$ref":"#/components/schemas/reference.IndividualRef"}}],"responses":{"200":{"description":"Successfully retrieved resource\n","content":{"application/json":{"schema":{"type":"array","items":{"$ref":"#/components/schemas/view.Communication"}}}}},"401":{"description":"Unauthorized, wrong authentication\n"},"403":{"description":"Forbidden, not authorized for this user\n"},"404":{"description":"Not found\n"}},"x-annotation-auth":["individual.communication.R"]},"post":{"description":"Ressource to add a way of communication with this IndividualRef. The addition of a new way of communication could return some functional error if the data provided doesn’t answer the definition.","operationId":"POST_individuals-individualRef-communictions","parameters":[{"name":"individualRef","in":"path","required":true,"style":"simple","explode":false,"schema":{"$ref":"#/components/schemas/reference.IndividualRef"}}],"requestBody":{"content":{"application/json":{"schema":{"$ref":"#/components/schemas/view.CommunicationCreation"}}},"required":true},"responses":{"201":{"description":"Successfuly created ressource","headers":{"Location":{"style":"simple","explode":false,"schema":{"type":"string"}}}},"400":{"description":"Bad request","content":{"application/json":{"schema":{"$ref":"#/components/schemas/errorTypes.ErrorHandler"}}}},"401":{"description":"Unauthorized, wrong authentication\n"},"403":{"description":"Forbidden, not authorized for this user\n"},"404":{"description":"Not found\n"}},"x-annotation-auth":["individual.communication.C"]}},"/individuals/{individualRef}/communictions/{commRef}":{"get":{"description":"Ressource to retrieve the details of this way of communication (commRef).","operationId":"GET_individuals-individualRef-communictions-commRef","parameters":[{"name":"commRef","in":"path","required":true,"style":"simple","explode":false,"schema":{"$ref":"#/components/schemas/reference.CommRef"}},{"name":"individualRef","in":"path","required":true,"style":"simple","explode":false,"schema":{"$ref":"#/components/schemas/reference.IndividualRef"}}],"responses":{"200":{"description":"Successfully retrieved resource\n","content":{"application/json":{"schema":{"$ref":"#/components/schemas/view.Communication"}}}},"400":{"description":"Bad request","content":{"application/json":{"schema":{"$ref":"#/components/schemas/errorTypes.ErrorHandler"}}}},"401":{"description":"Unauthorized, wrong authentication\n"},"403":{"description":"Forbidden, not authorized for this user\n"},"404":{"description":"Not found\n"}},"x-annotation-auth":["individual.communication.R"]},"put":{"description":"Ressource to update the data of this way of communication for the corresponding communicationRef. As it would make an update, the same way as the POST creating an individual, a functional error can be returned if the content of data doesn't answer the definition.","operationId":"PUT_individuals-individualRef-communictions-commRef","parameters":[{"name":"commRef","in":"path","required":true,"style":"simple","explode":false,"schema":{"$ref":"#/components/schemas/reference.CommRef"}},{"name":"individualRef","in":"path","required":true,"style":"simple","explode":false,"schema":{"$ref":"#/components/schemas/reference.IndividualRef"}}],"requestBody":{"content":{"application/json":{"schema":{"$ref":"#/components/schemas/view.CommunicationCreation"}}},"required":true},"responses":{"201":{"description":"Successfuly updated ressource object"},"400":{"description":"Bad request","content":{"application/json":{"schema":{"$ref":"#/components/schemas/errorTypes.ErrorHandler"}}}},"401":{"description":"Unauthorized, wrong authentication\n"},"403":{"description":"Forbidden, not authorized for this user\n"},"404":{"description":"Not found\n"}},"x-annotation-auth":["individual.communication.U"]},"delete":{"description":"Ressource to delete the object way of communication related to 'commRef'. The use of this metod result in its historisation.","operationId":"DELETE_individuals-individualRef-communictions-commRef","parameters":[{"name":"commRef","in":"path","required":true,"style":"simple","explode":false,"schema":{"$ref":"#/components/schemas/reference.CommRef"}},{"name":"individualRef","in":"path","required":true,"style":"simple","explode":false,"schema":{"$ref":"#/components/schemas/reference.IndividualRef"}}],"responses":{"201":{"description":"Successfuly deleted"},"400":{"description":"Bad request","content":{"application/json":{"schema":{"$ref":"#/components/schemas/errorTypes.ErrorHandler"}}}},"401":{"description":"Unauthorized, wrong authentication\n"},"403":{"description":"Forbidden, not authorized for this user\n"},"404":{"description":"Not found\n"}},"x-annotation-auth":["individual.communication.C"]}},"/individuals/{individualRef}/contacts":{"get":{"description":"Ressource to retrieve the list of contacts linked to this IndividualRef.","operationId":"GET_individuals-individualRef-contacts","parameters":[{"name":"individualRef","in":"path","required":true,"style":"simple","explode":false,"schema":{"$ref":"#/components/schemas/reference.IndividualRef"}}],"responses":{"200":{"description":"Successfully retrieved resource\n","content":{"application/json":{"schema":{"type":"array","items":{"$ref":"#/components/schemas/view.Contact"}}}}},"401":{"description":"Unauthorized, wrong authentication\n"},"403":{"description":"Forbidden, not authorized for this user\n"},"404":{"description":"Not found\n"}},"x-annotation-auth":["individual.contact.R"]},"post":{"description":"Ressource to add a contact with this IndividualRef. The addition of a new way of communication could return some functional error if the data provided doesn’t answer the definition.","operationId":"POST_individuals-individualRef-contacts","parameters":[{"name":"individualRef","in":"path","required":true,"style":"simple","explode":false,"schema":{"$ref":"#/components/schemas/reference.IndividualRef"}}],"requestBody":{"content":{"application/json":{"schema":{"$ref":"#/components/schemas/view.ContactCreation"}}},"required":true},"responses":{"201":{"description":"Successfuly created ressource","headers":{"Location":{"style":"simple","explode":false,"schema":{"type":"string"}}}},"400":{"description":"Bad request","content":{"application/json":{"schema":{"$ref":"#/components/schemas/errorTypes.ErrorHandler"}}}},"401":{"description":"Unauthorized, wrong authentication\n"},"403":{"description":"Forbidden, not authorized for this user\n"},"404":{"description":"Not found\n"}},"x-annotation-auth":["individual.contact.C"]}},"/individuals/{individualRef}/contacts/{contactRef}":{"get":{"description":"Ressource to retrieve the details of this individual contact (contactRef).","operationId":"GET_individuals-individualRef-contacts-contactRef","parameters":[{"name":"contactRef","in":"path","required":true,"style":"simple","explode":false,"schema":{"$ref":"#/components/schemas/reference.ContactRef"}},{"name":"individualRef","in":"path","required":true,"style":"simple","explode":false,"schema":{"$ref":"#/components/schemas/reference.IndividualRef"}}],"responses":{"200":{"description":"Successfully retrieved resource\n","content":{"application/json":{"schema":{"$ref":"#/components/schemas/view.Contact"}}}},"400":{"description":"Bad request","content":{"application/json":{"schema":{"$ref":"#/components/schemas/errorTypes.ErrorHandler"}}}},"401":{"description":"Unauthorized, wrong authentication\n"},"403":{"description":"Forbidden, not authorized for this user\n"},"404":{"description":"Not found\n"}},"x-annotation-auth":["individual.contact.R"]},"put":{"description":"Ressource to update the data of this individual contact for the corresponding contactRef. As it would make an update, the same way as the POST creating an individual, a functional error can be returned if the content of data doesn't answer the definition.","operationId":"PUT_individuals-individualRef-contacts-contactRef","parameters":[{"name":"contactRef","in":"path","required":true,"style":"simple","explode":false,"schema":{"$ref":"#/components/schemas/reference.ContactRef"}},{"name":"individualRef","in":"path","required":true,"style":"simple","explode":false,"schema":{"$ref":"#/components/schemas/reference.IndividualRef"}}],"requestBody":{"content":{"application/json":{"schema":{"$ref":"#/components/schemas/view.ContactCreation"}}},"required":true},"responses":{"201":{"description":"Successfuly updated ressource object"},"400":{"description":"Bad request","content":{"application/json":{"schema":{"$ref":"#/components/schemas/errorTypes.ErrorHandler"}}}},"401":{"description":"Unauthorized, wrong authentication\n"},"403":{"description":"Forbidden, not authorized for this user\n"},"404":{"description":"Not found\n"}},"x-annotation-auth":["individual.contact.U"]},"delete":{"description":"Ressource to delete the object contact related to 'contactRef'. The use of this metod result in its historisation.","operationId":"DELETE_individuals-individualRef-contacts-contactRef","parameters":[{"name":"contactRef","in":"path","required":true,"style":"simple","explode":false,"schema":{"$ref":"#/components/schemas/reference.ContactRef"}},{"name":"individualRef","in":"path","required":true,"style":"simple","explode":false,"schema":{"$ref":"#/components/schemas/reference.IndividualRef"}}],"responses":{"201":{"description":"Successfuly deleted"},"400":{"description":"Bad request","content":{"application/json":{"schema":{"$ref":"#/components/schemas/errorTypes.ErrorHandler"}}}},"401":{"description":"Unauthorized, wrong authentication\n"},"403":{"description":"Forbidden, not authorized for this user\n"},"404":{"description":"Not found\n"}},"x-annotation-auth":["individual.contact.D"]}},"/individuals/{individualRef}/branches":{"get":{"description":"Ressource to retrieve the list of way of establishments in the same legal groupment for this individual.","operationId":"GET_individuals-individualRef-branches","parameters":[{"name":"individualRef","in":"path","required":true,"style":"simple","explode":false,"schema":{"$ref":"#/components/schemas/reference.IndividualRef"}}],"responses":{"200":{"description":"Successfully retrieved resource\n","content":{"application/json":{"schema":{"type":"array","items":{"$ref":"#/components/schemas/view.Branche"}}}}},"401":{"description":"Unauthorized, wrong authentication\n"},"403":{"description":"Forbidden, not authorized for this user\n"},"404":{"description":"Not found\n"}},"x-annotation-auth":["individual.branches.R"]}},"/individuals/{individualRef}/documents":{"get":{"description":"This service allow to retrieve all business data for documents on individual (expected or simple attachment).","operationId":"GET_individuals-individualRef-documents","parameters":[{"name":"individualRef","in":"path","required":true,"style":"simple","explode":false,"schema":{"$ref":"#/components/schemas/reference.IndividualRef"}}],"responses":{"200":{"description":"Successfully retrieved resource\n","content":{"application/json":{"schema":{"type":"array","items":{"$ref":"#/components/schemas/view.IndividualDocument"}}}}},"401":{"description":"Unauthorized, wrong authentication\n"},"403":{"description":"Forbidden, not authorized for this user\n"},"404":{"description":"Not found\n"}},"x-annotation-auth":["individual.documents.R"]}},"/individuals/{individualRef}/documents/{individualDocId}":{"get":{"description":"This service allow to provide attachment file to an individual document.","operationId":"GET_individuals-individualRef-documents-individualDocId","parameters":[{"name":"individualDocId","in":"path","required":true,"style":"simple","explode":false,"schema":{"$ref":"#/components/schemas/reference.IndividualDocId"}},{"name":"individualRef","in":"path","required":true,"style":"simple","explode":false,"schema":{"$ref":"#/components/schemas/reference.IndividualRef"}}],"responses":{"200":{"description":"Successfully retrieved resource\n","content":{"application/json":{"schema":{"$ref":"#/components/schemas/view.IndividualDocument"}}}},"400":{"description":"Bad request","content":{"application/json":{"schema":{"$ref":"#/components/schemas/errorTypes.ErrorHandler"}}}},"401":{"description":"Unauthorized, wrong authentication\n"},"403":{"description":"Forbidden, not authorized for this user\n"},"404":{"description":"Not found\n"}},"x-annotation-auth":["individual.documents.R"]}},"/individuals/{individualRef}/documents/{individualDocId}/attachments":{"get":{"description":"This service allow to retrieve list of attachmentId and filename for this unique individual document individualDocId.","operationId":"GET_individuals-individualRef-documents-individualDocId-attachments","parameters":[{"name":"individualDocId","in":"path","required":true,"style":"simple","explode":false,"schema":{"$ref":"#/components/schemas/reference.IndividualDocId"}},{"name":"individualRef","in":"path","required":true,"style":"simple","explode":false,"schema":{"$ref":"#/components/schemas/reference.IndividualRef"}}],"responses":{"200":{"description":"Successfully retrieved resource\n","content":{"application/json":{"schema":{"type":"array","items":{"$ref":"#/components/schemas/view.Attachment"}}}}},"401":{"description":"Unauthorized, wrong authentication\n"},"403":{"description":"Forbidden, not authorized for this user\n"},"404":{"description":"Not found\n"}},"x-annotation-auth":["individual.documents.R"]},"post":{"description":"This service allow to provide attachment file to an individual document.","operationId":"POST_individuals-individualRef-documents-individualDocId-attachments","parameters":[{"name":"individualDocId","in":"path","required":true,"style":"simple","explode":false,"schema":{"$ref":"#/components/schemas/reference.IndividualDocId"}},{"name":"individualRef","in":"path","required":true,"style":"simple","explode":false,"schema":{"$ref":"#/components/schemas/reference.IndividualRef"}}],"responses":{"201":{"description":"Succesfully attached document\n"},"400":{"description":"Bad request\n","content":{"application/json":{"schema":{"$ref":"#/components/schemas/errorTypes.ErrorHandler"}}}},"401":{"description":"Unauthorized, wrong authentication\n"},"403":{"description":"Forbidden, not authorized for this user\n"},"404":{"description":"Bad request, not found\n"}},"x-annotation-auth":["case.chrono.message.attachment.C"]}},"/individuals/{individualRef}/documents/{individualDocId}/attachments/{attachmentId}":{"get":{"description":"Service allowing to retrieve the file of an attachment on an individual document.","operationId":"GET_individuals-individualRef-documents-individualDocId-attachments-attachmentId","parameters":[{"name":"attachmentId","in":"path","required":true,"style":"simple","explode":false,"schema":{"$ref":"#/components/schemas/reference.AttachmentId"}},{"name":"individualDocId","in":"path","required":true,"style":"simple","explode":false,"schema":{"$ref":"#/components/schemas/reference.IndividualDocId"}},{"name":"individualRef","in":"path","required":true,"style":"simple","explode":false,"schema":{"$ref":"#/components/schemas/reference.IndividualRef"}}],"responses":{"200":{"description":"Successfully retrieved resource. The response returns multipart/from-data.\n"},"400":{"description":"Bad request\n","content":{"application/json":{"schema":{"$ref":"#/components/schemas/errorTypes.ErrorHandler"}}}},"401":{"description":"Unauthorized, wrong authentication\n"},"403":{"description":"Forbidden, not authorized for this user\n"},"404":{"description":"Bad request, not found\n"}},"x-annotation-auth":["case.chrono.message.attachment.R"]},"post":{"description":"Service allowing to replace existing file attachment of an individual document.","operationId":"POST_individuals-individualRef-documents-individualDocId-attachments-attachmentId","parameters":[{"name":"attachmentId","in":"path","required":true,"style":"simple","explode":false,"schema":{"$ref":"#/components/schemas/reference.AttachmentId"}},{"name":"individualDocId","in":"path","required":true,"style":"simple","explode":false,"schema":{"$ref":"#/components/schemas/reference.IndividualDocId"}},{"name":"individualRef","in":"path","required":true,"style":"simple","explode":false,"schema":{"$ref":"#/components/schemas/reference.IndividualRef"}}],"responses":{"201":{"description":"Succesfully attached document\n"},"400":{"description":"Bad request\n","content":{"application/json":{"schema":{"$ref":"#/components/schemas/errorTypes.ErrorHandler"}}}},"401":{"description":"Unauthorized, wrong authentication\n"},"403":{"description":"Forbidden, not authorized for this user\n"},"404":{"description":"Bad request, not found\n"}},"x-annotation-auth":["case.chrono.message.attachment.U"]},"delete":{"description":"Completely delete file attachment of an individual document.","operationId":"DELETE_individuals-individualRef-documents-individualDocId-attachments-attachmentId","parameters":[{"name":"attachmentId","in":"path","required":true,"style":"simple","explode":false,"schema":{"$ref":"#/components/schemas/reference.AttachmentId"}},{"name":"individualDocId","in":"path","required":true,"style":"simple","explode":false,"schema":{"$ref":"#/components/schemas/reference.IndividualDocId"}},{"name":"individualRef","in":"path","required":true,"style":"simple","explode":false,"schema":{"$ref":"#/components/schemas/reference.IndividualRef"}}],"responses":{"201":{"description":"Successfuly deleted"},"400":{"description":"Bad request","content":{"application/json":{"schema":{"$ref":"#/components/schemas/errorTypes.ErrorHandler"}}}},"401":{"description":"Unauthorized, wrong authentication\n"},"403":{"description":"Forbidden, not authorized for this user\n"},"404":{"description":"Not found\n"}},"x-annotation-auth":["case.chrono.message.attachment.D"]}}},"components":{"schemas":{"traits.Sort":{"required":["ascending","direction","ignoreCase","nullHandling","property"],"type":"object","properties":{"ascending":{"type":"boolean"},"direction":{"type":"string"},"property":{"type":"string"},"ignoreCase":{"type":"boolean"},"nullHandling":{"type":"string"}}},"common.LoV":{"required":["abrev"],"type":"object","properties":{"abrev":{"maxLength":15,"type":"string"},"label":{"maxLength":200,"type":"string"}}},"common.FileInfo":{"required":["fileName"],"type":"object","properties":{"attachmentID":{"$ref":"#/components/schemas/common.reference.AttachmentId"},"fileName":{"type":"string","description":"Nom du fichiers"},"fileType":{"type":"string","description":"format du fichier"}}},"common.File":{"required":["file"],"type":"object","properties":{"file":{"type":"string","description":"Fichier base64-encoded string"}}},"common.Currency":{"$ref":"#/components/schemas/common.LoV"},"common.Country3":{"$ref":"#/components/schemas/common.LoV"},"common.PageNumber":{"type":"integer","description":"Numéro de la page, si aucun connu et laissé vide, par défaut on considère la première page"},"common.PageSize":{"type":"integer","description":"Nombre maximum de lignes de résultats attendus par page"},"common.PageSort":{"type":"string","description":"One of the payloads for sorting the results"},"errorTypes.ErrorHandler":{"required":["errorCode","errorMessage"],"type":"object","properties":{"errorCode":{"type":"string","description":"Error code found"},"errorMessage":{"type":"string","description":"Error message corresponding to the code."}},"description":"The definition of the possible error code and message depend on each service using this type, check the funtionnal specification.\n"},"view.NationalId":{"type":"string","description":"Establishment national reference (example for France, SIRET), used only if the individual is a legal entity (moralPhy='M').","x-annotation-view.CDM":{"entity":"Individual","attribute":"NRN"}},"view.CompanyNationalId":{"type":"string","description":"Company national reference (example for France, SIREN).","x-annotation-view.CDM":{"entity":"Individual","attribute":"substr(NRN, 1, 9)"}},"view.IndividualName":{"maxLength":100,"type":"string","description":"Name of the individual","x-annotation-view.CDM":{"entity":"Individu","attribute":"Name"}},"view.IndividualSearch":{"type":"object","properties":{"name":{"$ref":"#/components/schemas/view.IndividualName"},"nationalId":{"$ref":"#/components/schemas/view.NationalId"},"companyNationalId":{"$ref":"#/components/schemas/view.CompanyNationalId"},"country":{"$ref":"#/components/schemas/common.Country3"},"VAT":{"type":"string","description":"VAT number of the individual, used only if the individual is a legal entity (moralPhy='M').","x-annotation-view.CDM":{"entity":"Legal Individual","attribute":"VAT"}}},"description":"Object containing the different criteria for individual search. For each criteria the API allow usage of a \"wild card\", the symbol '%' meaning any possible string value. For example for name 'Dup%', this would mean all individual individual with a name starting with 'Dup%'."},"view.Individual":{"required":["address","moralPhy","name"],"type":"object","properties":{"indivRef":{"$ref":"#/components/schemas/reference.IndividualRef"},"moralPhy":{"type":"string","description":"Contains if the individual is a physical person (P) or legal entity (M).","enum":["M","P"],"x-annotation-view.CDM":{"entity":"Individual","attribute":"Person"}},"typeIndividual":{"type":"string","description":"Civility for a physical person (P) OR company type for a legal entity (M)","x-annotation-view.CDM":{"entity":"Individual","attribute":"Type"}},"name":{"$ref":"#/components/schemas/view.IndividualName"},"firstName":{"type":"string","description":"Contains the surename of the individual (physical person). (personne morale).","x-annotation-view.CDM":{"entity":"Physical Individual","attribute":"first name"}},"birthOrFoundationDate":{"type":"string","description":"Date of birth for a physical person / date of foundation for a legal entity.","format":"date","x-annotation-view.CDM":{"entity":"Physical Individual   ///   Legal Individual","attribute":"Birth date   ///   Foundation date"}},"maidenName":{"type":"string","description":"Individual’s maiden name for a physical person (P)","x-annotation-view.CDM":{"entity":"Physical Individual","attribute":"Maiden name"}},"internationalNb":{"type":"string","description":"Référence internationale de régistration de la société (personne morale)","x-annotation-view.CDM":{"entity":"Legal Individual","attribute":"International number 2"}},"nationalId":{"$ref":"#/components/schemas/view.NationalId"},"companyNationalId":{"$ref":"#/components/schemas/view.CompanyNationalId"},"vat":{"type":"string","description":"VAT number of the individual, used only if the individual is a legal entity (moralPhy='M').","x-annotation-view.CDM":{"entity":"Legal Individual","attribute":"VAT"}},"corpName":{"type":"string","description":"Corporate name of an establishment, used only if the individual is a legal entity (moralPhy='M').","x-annotation-view.CDM":{"entity":"Legal Individual","attribute":"Corp name 1"}},"pcBirth":{"type":"string","description":"Zip  code of the place of birth, used only for physical person (P)","x-annotation-view.CDM":{"entity":"Physical Individual","attribute":"PC birth"}},"countryBirth":{"$ref":"#/components/schemas/common.Country3"},"nationality":{"type":"string","description":"Nationality of the individual, used only for physical person (P)","x-annotation-view.CDM":{"entity":"Physical Individual","attribute":"Nationality"}},"communication":{"type":"array","items":{"$ref":"#/components/schemas/view.Communication"}},"address":{"type":"array","items":{"$ref":"#/components/schemas/view.Address"}},"contact":{"type":"array","items":{"$ref":"#/components/schemas/view.Contact"}},"bankAccount":{"type":"array","items":{"$ref":"#/components/schemas/view.BankAccount"}},"externalReference":{"type":"array","items":{"$ref":"#/components/schemas/view.ExternalReference"}},"generalManager":{"$ref":"#/components/schemas/view.PhsyiqualIndividual"},"additionalFirstName":{"type":"array","description":"List of additional first name, used only for physical person (P)","items":{"$ref":"#/components/schemas/view.AdditionalFirstName"}}}},"view.IndividualCreation":{"required":["addresses","moralPhy","name"],"type":"object","properties":{"moralPhy":{"type":"string","description":"Contains if the individual is a physical person (P) or legal entity (M).","enum":["M","P"],"x-annotation-view.CDM":{"entity":"Individual","attribute":"Person"}},"typeIndividual":{"type":"string","description":"Civility for a physical person (P) OR company type for a legal entity (M)","x-annotation-view.CDM":{"entity":"Individual","attribute":"Type"}},"name":{"$ref":"#/components/schemas/view.IndividualName"},"firstName":{"type":"string","description":"Contains the surename of the individual (physical person). (personne morale).","x-annotation-view.CDM":{"entity":"Physical Individual","attribute":"first name"}},"birthOrFoundationDate":{"type":"string","description":"Date of birth for a physical person / date of foundation for a legal entity.","format":"date","x-annotation-view.CDM":{"entity":"Physical Individual   ///   Legal Individual","attribute":"Birth date   ///   Foundation date"}},"maidenName":{"type":"string","description":"Individual’s maiden name for a physical person (P)","x-annotation-view.CDM":{"entity":"Physical Individual","attribute":"Maiden name"}},"internationalNb":{"type":"string","description":"Référence internationale de régistration de la société (personne morale)","x-annotation-view.CDM":{"entity":"Legal Individual","attribute":"International number 2"}},"nationalId":{"$ref":"#/components/schemas/view.NationalId"},"companyNationalId":{"$ref":"#/components/schemas/view.CompanyNationalId"},"vat":{"type":"string","description":"VAT number of the individual, used only if the individual is a legal entity (moralPhy='M').","x-annotation-view.CDM":{"entity":"Legal Individual","attribute":"VAT"}},"corpName":{"type":"string","description":"Corporate name of an establishment, used only if the individual is a legal entity (moralPhy='M').","x-annotation-view.CDM":{"entity":"Legal Individual","attribute":"Corp name 1"}},"pcBirth":{"type":"string","description":"Zip  code of the place of birth, used only for physical person (P)","x-annotation-view.CDM":{"entity":"Physical Individual","attribute":"PC birth"}},"countryBirth":{"maxLength":3,"type":"string","description":"Country of the birth place, used only for physical person (P), corresponding to LOV \"pays\"","x-annotation-view.CDM":{"entity":"Physical Individual","attribute":"Cntry birth"}},"nationality":{"type":"string","description":"Nationality of the individual, used only for physical person (P)","x-annotation-view.CDM":{"entity":"Physical Individual","attribute":"Nationality"}},"communication":{"type":"array","items":{"$ref":"#/components/schemas/view.CommunicationCreation"}},"addresses":{"type":"array","items":{"$ref":"#/components/schemas/view.AddressCreation"}},"contacts":{"type":"array","items":{"$ref":"#/components/schemas/view.ContactCreation"}},"bankAccounts":{"type":"array","items":{"$ref":"#/components/schemas/view.BankAccountCreation"}},"externalReferences":{"type":"array","items":{"$ref":"#/components/schemas/view.ExternalReference"}},"generalManager":{"$ref":"#/components/schemas/view.PhsyiqualIndividual"},"additionalFirstName":{"type":"array","description":"List of additional first name, used only for physical person (P)","items":{"$ref":"#/components/schemas/view.AdditionalFirstNameCreation"}}}},"view.PhsyiqualIndividual":{"required":["firstname","name"],"type":"object","properties":{"name":{"$ref":"#/components/schemas/view.IndividualName"},"firstname":{"maxLength":80,"type":"string","description":"First name of the individual","x-annotation-view.CDM":{"entity":"Physical Individual","attribute":"First Name"}},"maidenName":{"maxLength":40,"type":"string","description":"Maiden name of the individual","x-annotation-view.CDM":{"entity":"Physical Individual","attribute":"Maiden Name"}},"title":{"maxLength":200,"type":"string","description":"Civil status of the individual","enum":["M","MME","MLLE"],"x-annotation-view.CDM":{"entity":"Physical Individual","attribute":"Type"}},"dateOfBirth":{"type":"string","description":"Date of birth","format":"date","x-annotation-view.CDM":{"entity":"Physical Individual","attribute":"Birth date"}},"nationality":{"$ref":"#/components/schemas/common.LoV"},"additionalFirstName":{"type":"array","items":{"$ref":"#/components/schemas/view.AdditionalFirstName"}}},"x-annotation-view.CDM":{"entity":"Physical Individual"}},"view.AdditionalFirstName":{"required":["alias","typeAlias"],"type":"object","properties":{"alias":{"type":"string","description":"First name of alias of the individual"},"typeAlias":{"$ref":"#/components/schemas/common.LoV"}}},"view.AdditionalFirstNameCreation":{"required":["alias","typeAlias"],"type":"object","properties":{"alias":{"type":"string","description":"First name of alias of the individual"},"typeAlias":{"type":"string","description":"Type of first name or alias, corresponding to LOV \"TYPE_ALIAS\""}}},"view.Address":{"required":["addressLine1","country","dateEntry","postCode","status","typeAddress"],"type":"object","properties":{"addressRef":{"$ref":"#/components/schemas/reference.AddressRef"},"dateEntry":{"type":"string","description":"Entry date of the address","format":"date-time","x-annotation-view.CDM":{"entity":"Address","attribute":"Date of entry"}},"status":{"type":"string","description":"Status of the address, corresponding to LOV \"ADR_STAT\".","x-annotation-view.CDM":{"entity":"Address","attribute":"Status verification address"}},"typeAddress":{"$ref":"#/components/schemas/common.LoV"},"addressLine1":{"maxLength":100,"type":"string","description":"Address line 1.","x-annotation-view.CDM":{"entity":"Address","attribute":"Addr 1"}},"addressLine2":{"maxLength":100,"type":"string","description":"Address line 2.","x-annotation-view.CDM":{"entity":"Address","attribute":"Addr 2"}},"addressLine3":{"maxLength":100,"type":"string","description":"Address line 3.","x-annotation-view.CDM":{"entity":"Address","attribute":"Addr 3"}},"addressLine4":{"maxLength":100,"type":"string","description":"Address line 4.","x-annotation-view.CDM":{"entity":"Address","attribute":"Addr 4"}},"country":{"$ref":"#/components/schemas/common.Country3"},"postCode":{"maxLength":15,"type":"string","description":"Contains the ZIP code of the address.","x-annotation-view.CDM":{"entity":"Address","attribute":"PC"}},"codeCommune":{"type":"string","description":"Code INSEE for french commune, must correspond to the postal code (postCode).","x-annotation-view.CDM":{"entity":"Address","attribute":"Common code"}},"city":{"maxLength":60,"type":"string","description":"VContains the city of the address. If ZipCode provided, can be ignored.","x-annotation-view.CDM":{"entity":"Address","attribute":"City"}},"state":{"$ref":"#/components/schemas/common.LoV"},"cedexPostCode":{"maxLength":15,"type":"string","description":"CEDEX zipcode of the individual address (for France only)","x-annotation-view.CDM":{"entity":"Address","attribute":"CEDEX - PC"}},"cedexCity":{"maxLength":60,"type":"string","description":"CEDEX city of the individual address (for France only), if cedex postal code provided, can be ignored","x-annotation-view.CDM":{"entity":"Address","attribute":"City CEDEX"}},"numberPB":{"maxLength":10,"type":"string","description":"Number of post office box","x-annotation-view.CDM":{"entity":"Address","attribute":"Post Box No"}},"streetNumber":{"maxLength":20,"type":"string","description":"Street number","x-annotation-view.CDM":{"entity":"Address","attribute":"Street No"}},"streetNumExtertnal":{"maxLength":50,"type":"string","description":"External street number","x-annotation-view.CDM":{"entity":"Address","attribute":"External street number"}},"streetNumInternal":{"maxLength":20,"type":"string","description":"Internal street number","x-annotation-view.CDM":{"entity":"Address","attribute":"Internal street number"}},"secondNumber":{"maxLength":10,"type":"string","description":"Second number of the street","x-annotation-view.CDM":{"entity":"Address","attribute":"Second number"}},"streetType":{"$ref":"#/components/schemas/common.LoV"},"streetName":{"maxLength":100,"type":"string","description":"Street title","x-annotation-view.CDM":{"entity":"Address","attribute":"Str Name"}},"buildingNumber":{"maxLength":10,"type":"string","description":"Building number","x-annotation-view.CDM":{"entity":"Address","attribute":"Building No"}},"appartmentNumber":{"maxLength":40,"type":"string","description":"Number of the apartment","x-annotation-view.CDM":{"entity":"Address","attribute":"Apartment No"}},"coordinatesGPS":{"maxLength":100,"type":"string","description":"GPS coordonate of the address"},"specialDistribution":{"maxLength":100,"type":"string","description":"Special delivery information for the address"}}},"view.AddressCreation":{"required":["country","postCode","typeAddress"],"type":"object","properties":{"typeAddress":{"maxLength":40,"type":"string","description":"Type of address, must correspond to code in LOV \"typadr\". Mandatory to indicate if this is the active address.\nNB only one addresse can be active (='A'), provide an active one, historize the one active.\n","x-annotation-view.CDM":{"entity":"Address","attribute":"Type"}},"addressLine1":{"maxLength":100,"type":"string","description":"Address line 1.","x-annotation-view.CDM":{"entity":"Address","attribute":"Addr 1"}},"addressLine2":{"maxLength":100,"type":"string","description":"Address line 2.","x-annotation-view.CDM":{"entity":"Address","attribute":"Addr 2"}},"addressLine3":{"maxLength":100,"type":"string","description":"Address line 3.","x-annotation-view.CDM":{"entity":"Address","attribute":"Addr 3"}},"addressLine4":{"maxLength":100,"type":"string","description":"Address line 4.","x-annotation-view.CDM":{"entity":"Address","attribute":"Addr 4"}},"country":{"maxLength":3,"type":"string","description":"Contains the ISO-3 code of the country address, corresponding to LOV \"pays\"","x-annotation-view.CDM":{"entity":"Address","attribute":"country"}},"postCode":{"maxLength":15,"type":"string","description":"Contains the ZIP code of the address.","x-annotation-view.CDM":{"entity":"Address","attribute":"PC"}},"codeCommune":{"type":"string","description":"Code INSEE for french commune, must correspond to the postal code (postCode).","x-annotation-view.CDM":{"entity":"Address","attribute":"Common code"}},"city":{"maxLength":60,"type":"string","description":"VContains the city of the address. If ZipCode provided, can be ignored.","x-annotation-view.CDM":{"entity":"Address","attribute":"City"}},"state":{"type":"string","description":"State canton land region (territorial unit) of individual’s address, must correspond to LOV 'DIVISION TERRITORIALE'.","x-annotation-view.CDM":{"entity":"Address","attribute":"State"}},"cedexPostCode":{"maxLength":15,"type":"string","description":"CEDEX zipcode of the individual address (for France only)","x-annotation-view.CDM":{"entity":"Address","attribute":"CEDEX - PC"}},"cedexCity":{"maxLength":60,"type":"string","description":"CEDEX city of the individual address (for France only), if cedex postal code provided, can be ignored","x-annotation-view.CDM":{"entity":"Address","attribute":"City CEDEX"}},"numberPB":{"maxLength":10,"type":"string","description":"Number of post office box","x-annotation-view.CDM":{"entity":"Address","attribute":"Post Box No"}},"streetNumber":{"maxLength":20,"type":"string","description":"Street number","x-annotation-view.CDM":{"entity":"Address","attribute":"Street No"}},"streetNumExtertnal":{"maxLength":50,"type":"string","description":"External street number","x-annotation-view.CDM":{"entity":"Address","attribute":"External street number"}},"streetNumInternal":{"maxLength":20,"type":"string","description":"Internal street number","x-annotation-view.CDM":{"entity":"Address","attribute":"Internal street number"}},"secondNumber":{"maxLength":10,"type":"string","description":"Second number of the street","x-annotation-view.CDM":{"entity":"Address","attribute":"Second number"}},"streetType":{"maxLength":30,"type":"string","description":"Type of the street, must correspond to LOV 'type_rue'","x-annotation-view.CDM":{"entity":"Address","attribute":"Str type"}},"streetName":{"maxLength":100,"type":"string","description":"Street title","x-annotation-view.CDM":{"entity":"Address","attribute":"Str Name"}},"buildingNumber":{"maxLength":10,"type":"string","description":"Building number","x-annotation-view.CDM":{"entity":"Address","attribute":"Building No"}},"appartmentNumber":{"maxLength":40,"type":"string","description":"Number of the apartment","x-annotation-view.CDM":{"entity":"Address","attribute":"Apartment No"}},"coordinatesGPS":{"maxLength":100,"type":"string","description":"GPS coordonate of the address"},"specialDistribution":{"maxLength":100,"type":"string","description":"Special delivery information for the address"}}},"view.Communication":{"required":["active","dateEntry","typeComm","value"],"type":"object","properties":{"commRef":{"$ref":"#/components/schemas/reference.CommRef"},"typeComm":{"type":"string","description":"Type for the way of communication.","enum":["TEL","MOBILE","PRO","EMAIL","HOME"],"x-annotation-view.CDM":{"entity":"Phone","attribute":"Type"}},"value":{"type":"string","description":"Phone number or email address corresponding for the way of communication.","x-annotation-view.CDM":{"entity":"Phone","attribute":"Nb / Email"}},"active":{"type":"boolean","description":"Flag indicating if this way of communication is active or not.","x-annotation-view.CDM":{"entity":"Phone","attribute":"<  End of validity date"}},"dateEntry":{"type":"string","description":"Creation date for the way of communication.","format":"date"}}},"view.CommunicationCreation":{"required":["active","dateEntry","typeComm","value"],"type":"object","properties":{"typeComm":{"type":"string","description":"Type for the way of communication.","enum":["TEL","MOBILE","PRO","EMAIL","HOME"],"x-annotation-view.CDM":{"entity":"Phone","attribute":"Type"}},"value":{"type":"string","description":"Phone number or email address corresponding for the way of communication.","x-annotation-view.CDM":{"entity":"Phone","attribute":"Nb / Email"}},"active":{"type":"boolean","description":"Flag indicating if this way of communication is active or not.","x-annotation-view.CDM":{"entity":"Phone","attribute":"<  End of validity date"}},"dateEntry":{"type":"string","description":"Creation date for the way of communication.","format":"date-time"}}},"view.Contact":{"required":["firstName","name","typeContact"],"type":"object","properties":{"contactRef":{"$ref":"#/components/schemas/reference.ContactRef"},"typeContact":{"$ref":"#/components/schemas/common.LoV"},"name":{"type":"string","description":"Name of the individual contact.","x-annotation-view.CDM":{"entity":"Individual Contact","attribute":"Name"}},"firstName":{"type":"string","description":"First name of the individual contact.","x-annotation-view.CDM":{"entity":"Individual Contact","attribute":"First name"}}}},"view.ContactCreation":{"required":["firstName","name","typeContact"],"type":"object","properties":{"typeContact":{"maxLength":15,"type":"string","description":"Type of the individual contact. Corresponds to LoV 'FONCTION_INTERLOCUTEUR'","x-annotation-view.CDM":{"entity":"Individual Contact","attribute":"Position"}},"name":{"type":"string","description":"Name of the individual contact.","x-annotation-view.CDM":{"entity":"Individual Contact","attribute":"Name"}},"firstName":{"type":"string","description":"First name of the individual contact.","x-annotation-view.CDM":{"entity":"Individual Contact","attribute":"First name"}}}},"view.ExternalReference":{"required":["extRef","refType"],"type":"object","properties":{"extRef":{"type":"string","description":"Value of the external reference corresponding to its type (refType).","x-annotation-view.CDM":{"entity":"External Reference","attribute":"External reference"}},"refType":{"type":"string","description":"Type of the external reference.","x-annotation-view.CDM":{"entity":"External Reference","attribute":"Reference type"}}}},"view.BankAccount":{"required":["active","bankCode","bic","country","currency","dateEntry","domCode"],"type":"object","properties":{"bankRef":{"$ref":"#/components/schemas/reference.BankAccountRef"},"domCode":{"type":"string","description":"Code of domiciliation","x-annotation-view.CDM":{"entity":"Individual Bank Account","attribute":"Code of domiciliation"}},"country":{"$ref":"#/components/schemas/common.Country3"},"bankCode":{"maxLength":15,"type":"string","description":"Bank code","x-annotation-view.CDM":{"entity":"Individual Bank Account","attribute":"Bank code"}},"bic":{"maxLength":11,"type":"string","description":"BIC (Bank Identifier Code) of the bank account","x-annotation-view.CDM":{"entity":"Individual Bank Account","attribute":"BIC"}},"bankName":{"maxLength":100,"type":"string","description":"Name of the bank.","x-annotation-view.CDM":{"entity":"Bank","attribute":"Name"}},"city":{"maxLength":60,"type":"string","description":"City of the bank.","x-annotation-view.CDM":{"entity":"Bank","attribute":"Letter city"}},"currency":{"$ref":"#/components/schemas/common.Currency"},"dom":{"type":"boolean","description":"Flag indicating of a bank account which is used for direct debit","x-annotation-view.CDM":{"entity":"Individual Bank Account","attribute":"Dom"}},"payment":{"type":"boolean","description":"Flag indicating of a bank account which is used for credit transfers (repayments)","x-annotation-view.CDM":{"entity":"Individual Bank Account","attribute":"Paymt"}},"sepa":{"type":"boolean","description":"Flag indicating of a bank account which is used for SEPA direct debit.","x-annotation-view.CDM":{"entity":"Individual Bank Account","attribute":"SEPA direct debit"}},"active":{"type":"boolean","description":"Flag indiquant si le compte est actif ou non.","x-annotation-view.CDM":{"entity":"Individual Bank Account","attribute":"Account Active"}},"account":{"type":"string","description":"Account number, mandatory for Mexican bank account.","x-annotation-view.CDM":{"entity":"Individual Bank Account","attribute":"Account number"}},"clabe":{"maxLength":18,"type":"string","description":"Account nr in the Mexican standard (Clave Bancaria Estandarizada), mandatory for Mexican bank account.","x-annotation-view.CDM":{"entity":"Individual Bank Account","attribute":"Nb CLABE"}},"bankKey":{"type":"number","description":"Key RIB for french bank account","x-annotation-view.CDM":{"entity":"Individual Bank Account","attribute":"RIB Key"}},"iban":{"type":"string","description":"IBAN number","x-annotation-view.CDM":{"entity":"Individual Bank Account","attribute":"Nb IBAN"}},"dateEntry":{"type":"string","description":"Entry date of the bank account.","format":"date-time"},"bankOwnerName":{"maxLength":100,"type":"string","description":"Name of the main owner","x-annotation-view.CDM":{"entity":"Individual Bank Account","attribute":"Account owner"}}}},"view.BankAccountCreation":{"required":["active","currency"],"type":"object","properties":{"domCode":{"maxLength":3,"type":"string","description":"Code of domiciliation","x-annotation-view.CDM":{"entity":"Individual Bank Account","attribute":"Code of domiciliation"}},"country":{"$ref":"#/components/schemas/common.Country3"},"bankCode":{"maxLength":15,"type":"string","description":"Bank code","x-annotation-view.CDM":{"entity":"Individual Bank Account","attribute":"Bank code"}},"bic":{"maxLength":11,"type":"string","description":"BIC (Bank Identifier Code) of the bank account","x-annotation-view.CDM":{"entity":"Individual Bank Account","attribute":"BIC"}},"bankName":{"maxLength":100,"type":"string","description":"Bank name.","x-annotation-view.CDM":{"entity":"Bank","attribute":"Name"}},"city":{"maxLength":60,"type":"string","description":"Bank's city.","x-annotation-view.CDM":{"entity":"Bank","attribute":"Letter city"}},"currency":{"type":"string","description":"Currency of the bank account","x-annotation-view.CDM":{"entity":"Individual Bank Account","attribute":"Currency"}},"dom":{"type":"boolean","description":"Flag indicating of a bank account which is used for direct debit","x-annotation-view.CDM":{"entity":"Individual Bank Account","attribute":"Dom"}},"payment":{"type":"boolean","description":"Flag indicating of a bank account which is used for credit transfers (repayments)","x-annotation-view.CDM":{"entity":"Individual Bank Account","attribute":"Paymt"}},"sepa":{"type":"boolean","description":"Flag indicating of a bank account which is used for SEPA direct debit.","x-annotation-view.CDM":{"entity":"Individual Bank Account","attribute":"SEPA direct debit"}},"active":{"type":"boolean","description":"Flag indiquant si le compte est actif ou non.","x-annotation-view.CDM":{"entity":"Individual Bank Account","attribute":"Account Active"}},"InvBranchCode":{"type":"string","description":"Invariant branch code.","x-annotation-view.CDM":{"entity":"Individual Bank Account","attribute":"Invariant branch code"}},"account":{"type":"string","description":"Account number, mandatory for Mexican bank account.","x-annotation-view.CDM":{"entity":"Individual Bank Account","attribute":"Account number"}},"clabe":{"maxLength":18,"type":"string","description":"Account nr in the Mexican standard (Clave Bancaria Estandarizada), mandatory for Mexican bank account.","x-annotation-view.CDM":{"entity":"Individual Bank Account","attribute":"Nb CLABE"}},"bankKey":{"type":"number","description":"Key RIB for french bank account","x-annotation-view.CDM":{"entity":"Individual Bank Account","attribute":"RIB Key"}},"iban":{"type":"string","description":"IBAN number","x-annotation-view.CDM":{"entity":"Individual Bank Account","attribute":"Nb IBAN"}},"bankOwnerName":{"maxLength":100,"type":"string","description":"Name of the main owner","x-annotation-view.CDM":{"entity":"Individual Bank Account","attribute":"Account owner"}}},"description":"Si le numéro 'IBAN' ou le 'BIC'/'Branch code'/'Country' ou 'account'/'clabe'/'country' est fourni, le reste des données sera déduite à l'exception des flags boolean."},"view.Branche":{"required":["branchCity","branchIndividualRef","branchName","branchNationalId","branchZIP","mainIndivualRef"],"type":"object","properties":{"mainIndivualRef":{"$ref":"#/components/schemas/reference.IndividualRef"},"branchIndividualRef":{"$ref":"#/components/schemas/reference.IndividualRef"},"order":{"type":"number","description":"ORder number of the establishment, main establishment is marked as 1.","x-annotation-view.CDM":{"entity":"mother company owns","attribute":"Order"}},"branchName":{"type":"string","description":"Nom de l'établissement","x-annotation-view.CDM":{"entity":"Individual","attribute":"Name"}},"branchNationalId":{"$ref":"#/components/schemas/view.NationalId"},"branchZIP":{"type":"string","description":"Zip code","x-annotation-view.CDM":{"entity":"Individual","attribute":"Letter PC"}},"branchCity":{"type":"string","description":"Ville de l'établissement","x-annotation-view.CDM":{"entity":"Individual","attribute":"Letter city"}}}},"view.ListCases":{"required":["caseRefs"],"type":"object","properties":{"caseRefs":{"type":"array","description":"Liste de référence(s) dossier lié à l'individu","items":{"$ref":"#/components/schemas/reference.CaseRef"}}}},"view.IndividualDocument":{"required":["attachments","compliant","entryDate","individualDocId","inputChannel","mandatory","typeDocument","updateBy","updateDate"],"type":"object","properties":{"individualDocId":{"$ref":"#/components/schemas/reference.IndividualDocId"},"typeDocument":{"$ref":"#/components/schemas/common.LoV"},"inputChannel":{"type":"string","description":"Input channel of the document","x-annotation-view.CDM":{"entity":"Individual Documents","attribute":"Input channel/Doc"}},"mandatory":{"type":"boolean","description":"Flag indicating if the document is mandatory or not","x-annotation-view.CDM":{"entity":"Individual Documents","attribute":"Mandatory/Optional"}},"entryDate":{"type":"string","description":"Entry/creation date","format":"date-time","x-annotation-view.CDM":{"entity":"Individual Documents","attribute":"Creation date"}},"updateDate":{"type":"string","description":"Date of update","format":"date-time","x-annotation-view.CDM":{"entity":"Individual Documents","attribute":"Date last update"}},"updateBy":{"type":"string","description":"Update made by whom","x-annotation-view.CDM":{"entity":"Individual Documents","attribute":"Modifier"}},"compliant":{"type":"boolean","description":"Flag indicating if the document is compliant or not","x-annotation-view.CDM":{"entity":"Individual Documents","attribute":"Document compliant"}},"attachments":{"type":"array","items":{"$ref":"#/components/schemas/view.Attachment"}}}},"view.Attachment":{"required":["attachmentId","fileName"],"type":"object","properties":{"attachmentId":{"type":"string","x-annotation-view.CDM":{"entity":"Attached document","attribute":"iMX attached document reference"}},"fileName":{"type":"string","x-annotation-view.CDM":{"entity":"Attached document","attribute":"Attachment name"}}}},"common.reference.AttachmentId":{"type":"string","description":"Identifiant unique de la pièce-jointe"},"reference.CaseRef":{"maxLength":10,"type":"string","description":"internal reference iMX of a case, to use with APIs.","x-annotation-reference.CDM":{"entity":"Case","attribute":"iMX case reference"}},"reference.IndividualRef":{"maxLength":8,"type":"string","description":"internal reference iMX of an individual, to use with APIs","x-annotation-reference.CDM":{"entity":"Individual","attribute":"Internal IMX ref"}},"reference.AddressRef":{"maxLength":25,"type":"string","description":"internal reference iMX of an address, to use with APIs","x-annotation-reference.CDM":{"entity":"Address","attribute":"iMX reference"}},"reference.CommRef":{"type":"number","description":"internal reference iMX of a way of communication, to use with APIs","x-annotation-reference.CDM":{"entity":"Phone","attribute":"iMX reference"}},"reference.ContactRef":{"maxLength":8,"type":"string","description":"internal reference iMX of a individual contact, to use with APIs","x-annotation-reference.CDM":{"entity":"Individual Contact  // Linked to our individual through Individual Contact.Contact for/Employer","attribute":"Internal IMX ref"}},"reference.BankAccountRef":{"type":"number","description":"internal reference iMX of a bank account, to use with APIs","x-annotation-reference.CDM":{"entity":"Individual Bank Account","attribute":"iMX Internal ID"}},"reference.TmpResId":{"type":"string","description":"Temportary reference used in searching processes"},"reference.AttachmentId":{"type":"string","description":"internal reference iMX of an attachment"},"reference.IndividualDocId":{"type":"string","description":"internal reference iMX of an individual document attachment which would be linked to an attachment file.","x-annotation-reference.CDM":{"entity":"Individual Documents","attribute":"G_INDIV_DOC.IMX_UN_ID"}}},"responses":{"trait_traits.SearchCriteria_400":{"description":"Bad request based on the error Handler.\n","content":{"application/json":{"schema":{"$ref":"#/components/schemas/errorTypes.ErrorHandler"}}}},"trait_traits.SearchCriteria_401":{"description":"Unauthorized, wrong authentication\n"},"trait_traits.SearchCriteria_403":{"description":"Forbidden, not authorized for this user\n"},"trait_traits.SearchCriteria_404":{"description":"Not found\n"},"trait_traits.SearchResult_400":{"description":"","content":{"application/json":{"schema":{"$ref":"#/components/schemas/errorTypes.ErrorHandler"},"example":{"errorCode":"2","errorMessage":"Wrong sorting data"}}}},"trait_traits.SearchResult_401":{"description":"Unauthorized, wrong authentication\n"},"trait_traits.SearchResult_403":{"description":"Forbidden, not authorized for this user\n"},"trait_traits.SearchResult_404":{"description":"Not found\n"},"trait_traits.CommonPost_400":{"description":"Bad request","content":{"application/json":{"schema":{"$ref":"#/components/schemas/errorTypes.ErrorHandler"}}}},"trait_traits.CommonPost_401":{"description":"Unauthorized, wrong authentication\n"},"trait_traits.CommonPost_403":{"description":"Forbidden, not authorized for this user\n"},"trait_traits.CommonPost_404":{"description":"Not found\n"},"trait_traits.CommonGet_400":{"description":"Bad request","content":{"application/json":{"schema":{"$ref":"#/components/schemas/errorTypes.ErrorHandler"}}}},"trait_traits.CommonGet_401":{"description":"Unauthorized, wrong authentication\n"},"trait_traits.CommonGet_403":{"description":"Forbidden, not authorized for this user\n"},"trait_traits.CommonGet_404":{"description":"Not found\n"},"trait_traits.SimpleSearch_401":{"description":"Unauthorized, wrong authentication\n"},"trait_traits.SimpleSearch_403":{"description":"Forbidden, not authorized for this user\n"},"trait_traits.SimpleSearch_404":{"description":"Not found\n"},"trait_traits.CommonPut_201":{"description":"Successfuly updated ressource object"},"trait_traits.CommonPut_400":{"description":"Bad request","content":{"application/json":{"schema":{"$ref":"#/components/schemas/errorTypes.ErrorHandler"}}}},"trait_traits.CommonPut_401":{"description":"Unauthorized, wrong authentication\n"},"trait_traits.CommonPut_403":{"description":"Forbidden, not authorized for this user\n"},"trait_traits.CommonPut_404":{"description":"Not found\n"},"trait_traits.CommonDelete_201":{"description":"Successfuly deleted"},"trait_traits.CommonDelete_400":{"description":"Bad request","content":{"application/json":{"schema":{"$ref":"#/components/schemas/errorTypes.ErrorHandler"}}}},"trait_traits.CommonDelete_401":{"description":"Unauthorized, wrong authentication\n"},"trait_traits.CommonDelete_403":{"description":"Forbidden, not authorized for this user\n"},"trait_traits.CommonDelete_404":{"description":"Not found\n"},"trait_traits.FileUpload_201":{"description":"Succesfully attached document\n"},"trait_traits.FileUpload_400":{"description":"Bad request\n","content":{"application/json":{"schema":{"$ref":"#/components/schemas/errorTypes.ErrorHandler"}}}},"trait_traits.FileUpload_401":{"description":"Unauthorized, wrong authentication\n"},"trait_traits.FileUpload_403":{"description":"Forbidden, not authorized for this user\n"},"trait_traits.FileUpload_404":{"description":"Bad request, not found\n"},"trait_traits.FileDownload_200":{"description":"Successfully retrieved resource. The response returns multipart/from-data.\n"},"trait_traits.FileDownload_400":{"description":"Bad request\n","content":{"application/json":{"schema":{"$ref":"#/components/schemas/errorTypes.ErrorHandler"}}}},"trait_traits.FileDownload_401":{"description":"Unauthorized, wrong authentication\n"},"trait_traits.FileDownload_403":{"description":"Forbidden, not authorized for this user\n"},"trait_traits.FileDownload_404":{"description":"Bad request, not found\n"}},"parameters":{"trait_traits.SearchResult_page":{"name":"page","in":"query","required":false,"style":"form","explode":true,"schema":{"$ref":"#/components/schemas/common.PageNumber"}},"trait_traits.SearchResult_size":{"name":"size","in":"query","required":false,"style":"form","explode":true,"schema":{"$ref":"#/components/schemas/common.PageSize"}},"trait_traits.SearchResult_sort":{"name":"sort","in":"query","required":false,"style":"form","explode":true,"schema":{"$ref":"#/components/schemas/common.PageSort"}}},"examples":{},"requestBodies":{},"headers":{},"securitySchemes":{"extranet":{"type":"oauth2","description":"Authentication scheme with token JWT (RAS).\n","flows":{}}},"links":{},"callbacks":{}}}