{"openapi":"3.0.0","info":{"title":"FileUpload-API","description":"API to manage the call of FileUpload interface authorized for the user\nThe maximum allowed file size is 50 MB.\n\n\nOnce a file is uploaded, the system modifies the file name according to the naming convention below:\n\n\n<LOGIN>-<YYYYMMDDHHMMSS>-<FILE_NAME>\n\n\n<LOGIN> - the user login that was used for file upload\n<YYYYMMDDHHMMSS> - the upload date and time\n<FILE_NAME> - the file name as it has been uploaded from your local system\n\n\nThe length of file name is limited to 100 characters, including file extension. This limitation is applicable for image upload and attachment upload as well.\n","version":"1"},"servers":[{"url":"https://virtserver.swaggerhub.com/Atradius/codixFileUpload/1","description":"SwaggerHub API Auto Mocking"},{"url":"https://{server}/api/be/file-upload-api/","variables":{"server":{"default":"server"}}}],"paths":{"/file-upload":{"get":{"description":"Service to return the list of file types for upload authorized for the user. For determining the type of the user, Extranet calls SE calculations XNET_TYPE1, XNET_TYPE2 and XNET_TYPE3.\n","operationId":"GET_file-upload","responses":{"200":{"description":"Successfully retrieved resource\n","content":{"application/json":{"schema":{"type":"array","items":{"$ref":"#/components/schemas/view.FileUploadType"}}}}},"401":{"description":"Unauthorized, wrong authentication\n"},"403":{"description":"Forbidden, not authorized for this user\n"},"404":{"description":"Not found\n"}}}},"/file-upload/{fileUploadID}":{"post":{"description":"The service upload the file with the necessary information in JSON format. The file and its properties is validated and processed depending on the fileUploadID.","operationId":"POST_file-upload-fileUploadID","parameters":[{"name":"fileUploadID","in":"path","description":"FileUpload to call","required":true,"style":"simple","explode":false,"schema":{"$ref":"#/components/schemas/reference.FileUploadID"}}],"requestBody":{"content":{"multipart/form-data":{"schema":{"$ref":"#/components/schemas/view.FileUpload"}}},"required":true},"responses":{"200":{"description":"Successfully submitted resource.\n","content":{"application/json":{"schema":{"$ref":"#/components/schemas/view.FileId"}}}},"400":{"description":"Bad request\n","content":{"application/json":{"schema":{"$ref":"#/components/schemas/errorTypes.ErrorHandler"}}}},"401":{"description":"Unauthorized, wrong authentication\n"},"403":{"description":"Forbidden, not authorized for this user\n"},"404":{"description":"Bad request, not found\n"}}}},"/file-upload/{fileUploadID}/status/{fileId}":{"get":{"description":"Retrieve the result of interface processing for the right FileUploadTrtmtID","operationId":"GET_file-upload-fileUploadID-status-fileId","parameters":[{"name":"fileId","in":"path","required":true,"style":"simple","explode":false,"schema":{"$ref":"#/components/schemas/view.FileId"}},{"name":"fileUploadID","in":"path","description":"FileUpload to call","required":true,"style":"simple","explode":false,"schema":{"$ref":"#/components/schemas/reference.FileUploadID"}}],"responses":{"200":{"description":"Successfully retrieved resource\n","content":{"application/json":{"schema":{"$ref":"#/components/schemas/view.Status"}}}},"400":{"description":"Bad request","content":{"application/json":{"schema":{"$ref":"#/components/schemas/errorTypes.ErrorHandler"}}}},"401":{"description":"Unauthorized, wrong authentication\n"},"403":{"description":"Forbidden, not authorized for this user\n"},"404":{"description":"Not found\n"}}}}},"components":{"schemas":{"view.FileUpload":{"required":["attachment","attachmentName","attributes"],"type":"object","properties":{"attributes":{"$ref":"#/components/schemas/view.FileMandatoryAttributes"},"attachment":{"type":"boolean","description":"A flag that indicates if additional file have to be uploaded with the main one"},"attachmentName":{"type":"string","description":"The name of the additional file"}}},"view.FileMandatoryAttributes":{"type":"object","properties":{"contract":{"type":"string","description":"The reference of the contract case"},"intervenant":{"type":"string","description":"The reference of the intervenant by the contract case - CL or DB depending on the case"}}},"view.FileUploadType":{"required":["fileUploadID","name"],"type":"object","properties":{"fileUploadID":{"$ref":"#/components/schemas/reference.FileUploadID"},"name":{"type":"string","description":"Name of the FileUpload","x-annotation-view.CDM":{"entity":"File format upload","attribute":"Name of the file format"}}}},"view.FileId":{"type":"string","description":"Unique reference of the FileUpload, to use to retrieve the status of the file.","x-annotation-view.PDM":{"table":"T_FU_HEADER","column":"REFLOT"}},"view.Status":{"required":["statusCode","statusMessage"],"type":"object","properties":{"statusCode":{"type":"string","description":"Code of status","x-annotation-view.PDM":{"table":"T_FU_HEADER","column":"STATUT"}},"statusMessage":{"type":"string","description":"Label corresponding of the status code"}}},"errorTypes.ErrorHandler":{"required":["errorCode","errorMessage"],"type":"object","properties":{"errorCode":{"type":"string","description":"Error code found"},"errorMessage":{"type":"string","description":"Error message corresponding to the code."}},"description":"The definition of the possible error code and message depend on each service using this type, check the funtionnal specification.\n"},"reference.FileUploadID":{"type":"string","description":"Internal reference iMX of a FileUpload, to use with APIs"}},"responses":{"trait_traits.CommonGet_400":{"description":"Bad request","content":{"application/json":{"schema":{"$ref":"#/components/schemas/errorTypes.ErrorHandler"}}}},"trait_traits.CommonGet_401":{"description":"Unauthorized, wrong authentication\n"},"trait_traits.CommonGet_403":{"description":"Forbidden, not authorized for this user\n"},"trait_traits.CommonGet_404":{"description":"Not found\n"},"trait_traits.SimpleSearch_401":{"description":"Unauthorized, wrong authentication\n"},"trait_traits.SimpleSearch_403":{"description":"Forbidden, not authorized for this user\n"},"trait_traits.SimpleSearch_404":{"description":"Not found\n"}},"parameters":{},"examples":{},"requestBodies":{},"headers":{},"securitySchemes":{"extranet":{"type":"oauth2","description":"Authentication scheme with token JWT (RAS).\n","flows":{}}},"links":{},"callbacks":{}}}