{"openapi":"3.0.0","info":{"title":"CPE Pork Excellence - English Version","description":"CPE Pork Excellence - RESTful Web Service API Documentation","contact":{"name":"Attestra","email":"webmaster@attestra.com"},"version":"1.0.0"},"servers":[{"url":"https://virtserver.swaggerhub.com/Attestra/Global/1.0.0","description":"SwaggerHub API Auto Mocking"},{"url":"{protocol}://{environment}/rest","variables":{"environment":{"default":"cpe-agtwebintegration1","enum":["cpe-agtwebintegration1","cpe-staging.traceability.ca"]},"protocol":{"default":"http","enum":["http","https"]}}}],"tags":[{"name":"Registrations","description":"Get information about registrations available to the connected user"},{"name":"Premises","description":"Get information about premises available to the connected user"}],"paths":{"/registration":{"get":{"tags":["Registrations"],"summary":"Get list of all registrations","description":"Consult/Extract the list of all registrations available to the connected user.","parameters":[{"name":"details","in":"query","description":"Short or Long Description","required":false,"style":"form","explode":true,"schema":{"type":"string","default":"short","enum":["short","long"]}},{"name":"page","in":"query","description":"(Pagination) Page Number","required":false,"style":"form","explode":true,"schema":{"type":"integer","default":1}},{"name":"items_per_page","in":"query","description":"(Pagination) Number of results per page","required":false,"style":"form","explode":true,"schema":{"type":"integer","default":25}},{"name":"search","in":"query","description":"Search. Example: farm_name=A*&identifier=*5|*9 (Search for animals where the farm's name starts with A and the animal's tag ends with 5 or 9)","required":false,"style":"form","explode":true,"schema":{"type":"string"}},{"name":"sort","in":"query","description":"Sort. Example: farm_name ASC (Sort alphabetically by farm's name), identifier DESC (Sort by decreasing identifier's number)","required":false,"style":"form","explode":true,"schema":{"type":"string"}}],"responses":{"200":{"description":"**OK :** Successful operation","content":{"application/json":{"schema":{"$ref":"#/components/schemas/registrations"}},"application/xml":{"schema":{"$ref":"#/components/schemas/registrations"}}}},"400":{"description":"**Bad Request :** The server cannot or will not process the request due to an apparent client error (e.g., malformed request syntax, invalid request message framing, or deceptive request routing)."},"401":{"description":"**Unauthorized :** The user does not have the necessary credentials."},"404":{"description":"**Not Found :** This resource doesn’t exists or is empty"},"405":{"description":"**Method Not Allowed :** A request method is not supported for the requested resource."},"415":{"description":"**Unsupported Media Type :** The request entity has a media type which the server or resource does not support."},"500":{"description":"**Internal Server Error :** Servers are not working as expected. The request is probably valid but needs to be requested again later."},"503":{"description":"Service Unavailable."},"504":{"description":"**Gateway Timeout :** Server didn't receive a timely response from another server"}}}},"/registration/{id}":{"get":{"tags":["Registrations"],"summary":"Get details of the specified registration","description":"Consult/Extract detail for a registration according to ID passed in parameter. ","parameters":[{"name":"id","in":"path","description":"Numeric ID of the ressource to get","required":true,"style":"simple","explode":false,"schema":{"type":"integer","format":"int16"},"example":"123456"}],"responses":{"200":{"description":"**OK :** Successful operation","content":{"application/json":{"schema":{"$ref":"#/components/schemas/registration"}},"application/xml":{"schema":{"$ref":"#/components/schemas/registration"}}}},"400":{"description":"**Bad Request :** The server cannot or will not process the request due to an apparent client error (e.g., malformed request syntax, invalid request message framing, or deceptive request routing)."},"401":{"description":"**Unauthorized :** The user does not have the necessary credentials."},"404":{"description":"**Not Found :** This resource doesn’t exists or is empty"},"405":{"description":"**Method Not Allowed :** A request method is not supported for the requested resource."},"415":{"description":"**Unsupported Media Type :** The request entity has a media type which the server or resource does not support."},"500":{"description":"**Internal Server Error :** Servers are not working as expected. The request is probably valid but needs to be requested again later."},"503":{"description":"Service Unavailable."},"504":{"description":"**Gateway Timeout :** Server didn't receive a timely response from another server"}}}},"/registration/{start_date}/{end_date}":{"get":{"tags":["Registrations"],"summary":"Find registration between two dates","description":"Consult/Extract a list of registrations according two dates passed in parameters. ","parameters":[{"name":"start_date","in":"path","description":"Start date","required":true,"style":"simple","explode":false,"schema":{"type":"string","format":"date"},"example":"2021-01-01"},{"name":"end_date","in":"path","description":"End date","required":true,"style":"simple","explode":false,"schema":{"type":"string","format":"datetime"},"example":"2021-02-01"},{"name":"details","in":"query","description":"Short or Long Description","required":false,"style":"form","explode":true,"schema":{"type":"string","default":"short","enum":["short","long"]}},{"name":"page","in":"query","description":"(Pagination) Page Number","required":false,"style":"form","explode":true,"schema":{"type":"integer","default":1}},{"name":"items_per_page","in":"query","description":"(Pagination) Number of results per page","required":false,"style":"form","explode":true,"schema":{"type":"integer","default":25}},{"name":"search","in":"query","description":"Search. Example: farm_name=A*&identifier=*5|*9 (Search for animals where the farm's name starts with A and the animal's tag ends with 5 or 9)","required":false,"style":"form","explode":true,"schema":{"type":"string"}},{"name":"sort","in":"query","description":"Sort. Example: farm_name ASC (Sort alphabetically by farm's name), identifier DESC (Sort by decreasing identifier's number)","required":false,"style":"form","explode":true,"schema":{"type":"string"}}],"responses":{"200":{"description":"**OK :** Successful operation","content":{"application/json":{"schema":{"$ref":"#/components/schemas/registrations"}},"application/xml":{"schema":{"$ref":"#/components/schemas/registrations"}}}},"400":{"description":"**Bad Request :** The server cannot or will not process the request due to an apparent client error (e.g., malformed request syntax, invalid request message framing, or deceptive request routing)."},"401":{"description":"**Unauthorized :** The user does not have the necessary credentials."},"404":{"description":"**Not Found :** This resource doesn’t exists or is empty"},"405":{"description":"**Method Not Allowed :** A request method is not supported for the requested resource."},"415":{"description":"**Unsupported Media Type :** The request entity has a media type which the server or resource does not support."},"500":{"description":"**Internal Server Error :** Servers are not working as expected. The request is probably valid but needs to be requested again later."},"503":{"description":"Service Unavailable."},"504":{"description":"**Gateway Timeout :** Server didn't receive a timely response from another server"}}}},"/premises":{"get":{"tags":["Premises"],"summary":"Get list of all premises","description":"Consult/Extract the list of all premises available to the connected user.","parameters":[{"name":"details","in":"query","description":"Short or Long Description","required":false,"style":"form","explode":true,"schema":{"type":"string","default":"short","enum":["short","long"]}},{"name":"page","in":"query","description":"(Pagination) Page Number","required":false,"style":"form","explode":true,"schema":{"type":"integer","default":1}},{"name":"items_per_page","in":"query","description":"(Pagination) Number of results per page","required":false,"style":"form","explode":true,"schema":{"type":"integer","default":25}},{"name":"search","in":"query","description":"Search. Example: farm_name=A*&identifier=*5|*9 (Search for animals where the farm's name starts with A and the animal's tag ends with 5 or 9)","required":false,"style":"form","explode":true,"schema":{"type":"string"}},{"name":"sort","in":"query","description":"Sort. Example: farm_name ASC (Sort alphabetically by farm's name), identifier DESC (Sort by decreasing identifier's number)","required":false,"style":"form","explode":true,"schema":{"type":"string"}}],"responses":{"200":{"description":"**OK :** Successful operation","content":{"application/json":{"schema":{"$ref":"#/components/schemas/premises_list"}},"application/xml":{"schema":{"$ref":"#/components/schemas/premises_list"}}}},"400":{"description":"**Bad Request :** The server cannot or will not process the request due to an apparent client error (e.g., malformed request syntax, invalid request message framing, or deceptive request routing)."},"401":{"description":"**Unauthorized :** The user does not have the necessary credentials."},"404":{"description":"**Not Found :** This resource doesn’t exists or is empty"},"405":{"description":"**Method Not Allowed :** A request method is not supported for the requested resource."},"415":{"description":"**Unsupported Media Type :** The request entity has a media type which the server or resource does not support."},"500":{"description":"**Internal Server Error :** Servers are not working as expected. The request is probably valid but needs to be requested again later."},"503":{"description":"Service Unavailable."},"504":{"description":"**Gateway Timeout :** Server didn't receive a timely response from another server"}}}},"/premises/{id}":{"get":{"tags":["Premises"],"summary":"Get details of the specified premises","description":"Consult/Extract detail for a premises according to ID passed in parameter. ","parameters":[{"name":"id","in":"path","description":"Numeric ID of the ressource to get","required":true,"style":"simple","explode":false,"schema":{"type":"integer","format":"int16"},"example":"123456"}],"responses":{"200":{"description":"**OK :** Successful operation","content":{"application/json":{"schema":{"$ref":"#/components/schemas/premises"}},"application/xml":{"schema":{"$ref":"#/components/schemas/premises"}}}},"400":{"description":"**Bad Request :** The server cannot or will not process the request due to an apparent client error (e.g., malformed request syntax, invalid request message framing, or deceptive request routing)."},"401":{"description":"**Unauthorized :** The user does not have the necessary credentials."},"404":{"description":"**Not Found :** This resource doesn’t exists or is empty"},"405":{"description":"**Method Not Allowed :** A request method is not supported for the requested resource."},"415":{"description":"**Unsupported Media Type :** The request entity has a media type which the server or resource does not support."},"500":{"description":"**Internal Server Error :** Servers are not working as expected. The request is probably valid but needs to be requested again later."},"503":{"description":"Service Unavailable."},"504":{"description":"**Gateway Timeout :** Server didn't receive a timely response from another server"}}}},"/premises/{start_date}/{end_date}":{"get":{"tags":["Premises"],"summary":"Find premises between two dates","description":"Consult/Extract a list of premises according two dates passed in parameters. ","parameters":[{"name":"start_date","in":"path","description":"Start date","required":true,"style":"simple","explode":false,"schema":{"type":"string","format":"date"},"example":"2021-01-01"},{"name":"end_date","in":"path","description":"End date","required":true,"style":"simple","explode":false,"schema":{"type":"string","format":"datetime"},"example":"2021-02-01"},{"name":"details","in":"query","description":"Short or Long Description","required":false,"style":"form","explode":true,"schema":{"type":"string","default":"short","enum":["short","long"]}},{"name":"page","in":"query","description":"(Pagination) Page Number","required":false,"style":"form","explode":true,"schema":{"type":"integer","default":1}},{"name":"items_per_page","in":"query","description":"(Pagination) Number of results per page","required":false,"style":"form","explode":true,"schema":{"type":"integer","default":25}},{"name":"search","in":"query","description":"Search. Example: farm_name=A*&identifier=*5|*9 (Search for animals where the farm's name starts with A and the animal's tag ends with 5 or 9)","required":false,"style":"form","explode":true,"schema":{"type":"string"}},{"name":"sort","in":"query","description":"Sort. Example: farm_name ASC (Sort alphabetically by farm's name), identifier DESC (Sort by decreasing identifier's number)","required":false,"style":"form","explode":true,"schema":{"type":"string"}}],"responses":{"200":{"description":"**OK :** Successful operation","content":{"application/json":{"schema":{"type":"array","items":{"allOf":[{"$ref":"#/components/schemas/premises"},{"$ref":"#/components/schemas/opensearch"}]}}},"application/xml":{"schema":{"type":"array","items":{"allOf":[{"$ref":"#/components/schemas/premises"},{"$ref":"#/components/schemas/opensearch"}]}}}}},"400":{"description":"**Bad Request :** The server cannot or will not process the request due to an apparent client error (e.g., malformed request syntax, invalid request message framing, or deceptive request routing)."},"401":{"description":"**Unauthorized :** The user does not have the necessary credentials."},"404":{"description":"**Not Found :** This resource doesn’t exists or is empty"},"405":{"description":"**Method Not Allowed :** A request method is not supported for the requested resource."},"415":{"description":"**Unsupported Media Type :** The request entity has a media type which the server or resource does not support."},"500":{"description":"**Internal Server Error :** Servers are not working as expected. The request is probably valid but needs to be requested again later."},"503":{"description":"Service Unavailable."},"504":{"description":"**Gateway Timeout :** Server didn't receive a timely response from another server"}}}},"/stakeholders":{"get":{"tags":["Stakeholder"],"summary":"Get list of all stakeholders","description":"Consult/Extract the list of all stakeholders available to the connected user.","parameters":[{"name":"details","in":"query","description":"Short or Long Description","required":false,"style":"form","explode":true,"schema":{"type":"string","default":"short","enum":["short","long"]}},{"name":"page","in":"query","description":"(Pagination) Page Number","required":false,"style":"form","explode":true,"schema":{"type":"integer","default":1}},{"name":"items_per_page","in":"query","description":"(Pagination) Number of results per page","required":false,"style":"form","explode":true,"schema":{"type":"integer","default":25}},{"name":"search","in":"query","description":"Search. Example: farm_name=A*&identifier=*5|*9 (Search for animals where the farm's name starts with A and the animal's tag ends with 5 or 9)","required":false,"style":"form","explode":true,"schema":{"type":"string"}},{"name":"sort","in":"query","description":"Sort. Example: farm_name ASC (Sort alphabetically by farm's name), identifier DESC (Sort by decreasing identifier's number)","required":false,"style":"form","explode":true,"schema":{"type":"string"}}],"responses":{"200":{"description":"**OK :** Successful operation","content":{"application/json":{"schema":{"$ref":"#/components/schemas/stakeholder"}},"application/xml":{"schema":{"$ref":"#/components/schemas/stakeholder"}}}},"400":{"description":"**Bad Request :** The server cannot or will not process the request due to an apparent client error (e.g., malformed request syntax, invalid request message framing, or deceptive request routing)."},"401":{"description":"**Unauthorized :** The user does not have the necessary credentials."},"404":{"description":"**Not Found :** This resource doesn’t exists or is empty"},"405":{"description":"**Method Not Allowed :** A request method is not supported for the requested resource."},"415":{"description":"**Unsupported Media Type :** The request entity has a media type which the server or resource does not support."},"500":{"description":"**Internal Server Error :** Servers are not working as expected. The request is probably valid but needs to be requested again later."},"503":{"description":"Service Unavailable."},"504":{"description":"**Gateway Timeout :** Server didn't receive a timely response from another server"}}}},"/stakeholder/{id}":{"get":{"tags":["Stakeholder"],"summary":"Get details of the specified stakeholder","description":"Consult/Extract detail for a stakeholder according to ID passed in parameter. ","parameters":[{"name":"id","in":"path","description":"Numeric ID of the ressource to get","required":true,"style":"simple","explode":false,"schema":{"type":"integer","format":"int16"},"example":"123456"}],"responses":{"200":{"description":"**OK :** Successful operation","content":{"application/json":{"schema":{"$ref":"#/components/schemas/stakeholder"}},"application/xml":{"schema":{"$ref":"#/components/schemas/stakeholder"}}}},"400":{"description":"**Bad Request :** The server cannot or will not process the request due to an apparent client error (e.g., malformed request syntax, invalid request message framing, or deceptive request routing)."},"401":{"description":"**Unauthorized :** The user does not have the necessary credentials."},"404":{"description":"**Not Found :** This resource doesn’t exists or is empty"},"405":{"description":"**Method Not Allowed :** A request method is not supported for the requested resource."},"415":{"description":"**Unsupported Media Type :** The request entity has a media type which the server or resource does not support."},"500":{"description":"**Internal Server Error :** Servers are not working as expected. The request is probably valid but needs to be requested again later."},"503":{"description":"Service Unavailable."},"504":{"description":"**Gateway Timeout :** Server didn't receive a timely response from another server"}}}},"/stakeholders/{start_date}/{end_date}":{"get":{"tags":["Stakeholder"],"summary":"Find stakeholders between two dates","description":"Consult/Extract a list of stakeholders according two dates passed in parameters. ","parameters":[{"name":"start_date","in":"path","description":"Start date","required":true,"style":"simple","explode":false,"schema":{"type":"string","format":"date"},"example":"2021-01-01"},{"name":"end_date","in":"path","description":"End date","required":true,"style":"simple","explode":false,"schema":{"type":"string","format":"datetime"},"example":"2021-02-01"},{"name":"details","in":"query","description":"Short or Long Description","required":false,"style":"form","explode":true,"schema":{"type":"string","default":"short","enum":["short","long"]}},{"name":"page","in":"query","description":"(Pagination) Page Number","required":false,"style":"form","explode":true,"schema":{"type":"integer","default":1}},{"name":"items_per_page","in":"query","description":"(Pagination) Number of results per page","required":false,"style":"form","explode":true,"schema":{"type":"integer","default":25}},{"name":"search","in":"query","description":"Search. Example: farm_name=A*&identifier=*5|*9 (Search for animals where the farm's name starts with A and the animal's tag ends with 5 or 9)","required":false,"style":"form","explode":true,"schema":{"type":"string"}},{"name":"sort","in":"query","description":"Sort. Example: farm_name ASC (Sort alphabetically by farm's name), identifier DESC (Sort by decreasing identifier's number)","required":false,"style":"form","explode":true,"schema":{"type":"string"}}],"responses":{"200":{"description":"**OK :** Successful operation","content":{"application/json":{"schema":{"type":"array","items":{"allOf":[{"$ref":"#/components/schemas/stakeholder"},{"$ref":"#/components/schemas/opensearch"}]}}},"application/xml":{"schema":{"type":"array","items":{"allOf":[{"$ref":"#/components/schemas/stakeholder"},{"$ref":"#/components/schemas/opensearch"}]}}}}},"400":{"description":"**Bad Request :** The server cannot or will not process the request due to an apparent client error (e.g., malformed request syntax, invalid request message framing, or deceptive request routing)."},"401":{"description":"**Unauthorized :** The user does not have the necessary credentials."},"404":{"description":"**Not Found :** This resource doesn’t exists or is empty"},"405":{"description":"**Method Not Allowed :** A request method is not supported for the requested resource."},"415":{"description":"**Unsupported Media Type :** The request entity has a media type which the server or resource does not support."},"500":{"description":"**Internal Server Error :** Servers are not working as expected. The request is probably valid but needs to be requested again later."},"503":{"description":"Service Unavailable."},"504":{"description":"**Gateway Timeout :** Server didn't receive a timely response from another server"}}}}},"components":{"schemas":{"registrations":{"type":"object","properties":{"registration":{"type":"array","items":{"$ref":"#/components/schemas/registration"}}},"xml":{"name":"entries","wrapped":true}},"registration":{"type":"object","properties":{"onfarm_registration_id":{"type":"integer","description":"Registration ID","format":"int16","example":123456},"registration_number":{"maxLength":25,"type":"string","description":"Registration number","example":"REG0000123"},"anniversary_date":{"type":"string","description":"Date the PigSAFE/PigCARE registration is approved by the Provincial Coordinator","format":"date","example":"2019-04-02"},"expiry_date":{"type":"string","description":"Expiration date","format":"date","example":"2019-07-01"},"current_validation_id":{"type":"integer","description":"Validator ID","format":"int16","example":123456},"validation_type_due":{"maxLength":2,"type":"string","description":"Validation Type Due Code","enum":["CO","IN","P1","P2"]},"validation_type_due_desc_en":{"maxLength":50,"type":"string","description":"Validation Type Due Description in english","example":"Full Validation","enum":["Full Validation","Initial Validation","Partial Validation 1","Partial Validation 2"]},"validation_type_due_desc_fr":{"maxLength":50,"type":"string","description":"Validation Type Due Description in french","example":"Validation complète","enum":["Validation complète","Validation initiale","Validation partielle 1","Validation partielle 2"]},"type_onfarm_reg_status":{"type":"integer","description":"Site Status ID","format":"int16","example":123456},"type_onfarm_reg_status_code":{"maxLength":10,"type":"string","description":"Site Status code","example":"83748"},"type_onfarm_reg_status_desc_en":{"maxLength":100,"type":"string","description":"Site Status description in english","example":"Expired","enum":["Expired","In progress","Overdue","Valid","Valid (AP)","Withdrawn"]},"type_onfarm_reg_status_desc_fr":{"maxLength":100,"type":"string","description":"Site Status description in french","example":"Expiré","enum":["Expiré","En cours","En retard","Valide","Valide (AP)","Retiré"]},"validator_first_name":{"maxLength":50,"type":"string","description":"Validator first name associated to the registration","example":"John"},"validator_last_name":{"maxLength":50,"type":"string","description":"Validator last name associated to the registration","example":"Smith"},"premises_list":{"type":"array","xml":{"name":"premises_list","wrapped":true},"items":{"$ref":"#/components/schemas/premises"}},"site_owner_list":{"type":"array","xml":{"name":"site_owner_list","wrapped":true},"items":{"$ref":"#/components/schemas/site_owner"}},"pig_owner_list":{"type":"array","xml":{"name":"pig_owner_list","wrapped":true},"items":{"$ref":"#/components/schemas/pig_owner"}},"site_operator_list":{"type":"array","xml":{"name":"site_operator_list","wrapped":true},"items":{"$ref":"#/components/schemas/site_operator"}},"barn_manager_list":{"type":"array","xml":{"name":"barn_manager_list","wrapped":true},"items":{"$ref":"#/components/schemas/barn_manager"}},"program":{"type":"array","xml":{"name":"program_list","wrapped":true},"items":{"$ref":"#/components/schemas/program"}},"id":{"maxLength":50,"type":"string","description":"Uniform Resource Name (URN)","example":"urn:agtwebrest:rest_registration_123456"},"entity_title":{"type":"string","description":"Title of the Entity","example":"123456"},"url":{"type":"string","description":"Link (URL) to the Entity"},"linkrelated":{"type":"object","properties":{"title":{"type":"string","description":"Title of the related Entity","xml":{"attribute":true}}},"description":"Link (URL) to the related Entity"}},"xml":{"name":"entry","wrapped":true}},"premises":{"type":"object","properties":{"id":{"type":"integer","description":"Unique identifier of the Premises","format":"int16","example":123456},"number":{"maxLength":25,"type":"string","description":"Premise number","example":"REG0000123"}},"xml":{"name":"premises","wrapped":true}},"site_owner":{"type":"object","properties":{"id":{"type":"integer","description":"Unique identifier of the site owner","format":"int16","example":123456},"number":{"maxLength":10,"type":"string","description":"Account Number of the site owner","example":"CPC0001234"}},"xml":{"name":"site_owner","wrapped":true}},"pig_owner":{"type":"object","properties":{"id":{"type":"integer","description":"Unique identifier of the pig owner","format":"int16","example":123456},"number":{"maxLength":10,"type":"string","description":"Account Number of the pig owner","example":"CPC0001234"}},"xml":{"name":"pig_owner","wrapped":true}},"site_operator":{"type":"object","properties":{"id":{"type":"integer","description":"Unique identifier of the site operator","format":"int16","example":123456},"number":{"maxLength":10,"type":"string","description":"Account Number of the site operator","example":"CPC0001234"}},"xml":{"name":"site_operator","wrapped":true}},"barn_manager":{"type":"object","properties":{"id":{"type":"integer","description":"Unique identifier of the barn manager","format":"int16","example":123456},"user_name":{"maxLength":25,"type":"string","description":"Account Number of the barn manager","example":"JohnSmith"},"first_name":{"maxLength":50,"type":"string","description":"Firstname of the barn manager","example":"John"},"last_name":{"maxLength":50,"type":"string","description":"Lastname of the barn manager","example":"Smith"}},"xml":{"name":"barn_manager","wrapped":true}},"program":{"type":"object","properties":{"id":{"type":"integer","description":"Unique identifier of program","format":"int16","example":123456},"program_id":{"type":"integer","description":"Unique identifier of program","format":"int16","example":78910},"code":{"maxLength":50,"type":"string","description":"description","example":"CPE"},"desc_fr":{"maxLength":50,"type":"string","description":"description","example":"PorcSALUBRITÉ|PorcBIEN-ÊTRE"},"desc_en":{"maxLength":50,"type":"string","description":"description","example":"PigSAFE|PigCARE"},"start_date":{"type":"string","description":"Start date","format":"date","example":"2019-07-01"},"end_date":{"type":"string","description":"End date","format":"date","example":"2019-07-01"}},"xml":{"name":"program","wrapped":true}},"premises_list":{"type":"object","properties":{"premises":{"type":"array","items":{"$ref":"#/components/schemas/premises_detail"}}},"xml":{"name":"entries","wrapped":true}},"premises_detail":{"type":"object","properties":{"premises_id":{"type":"integer","description":"Unique identifier generated by the system.","format":"int16","example":123456},"premises_external_id":{"maxLength":25,"type":"string","description":"External ID","example":"12345678910"},"premises_external_province_id":{"maxLength":2,"type":"string","description":"Province code from external ID","example":"ON"},"ppo_number":{"maxLength":15,"type":"string","description":"Provincial Pork Office Number","example":"AA-12345678910"},"premises_number":{"maxLength":13,"type":"string","description":"Unique identifier assigned by the Provincial authority.","example":"PREM0000025ON"},"premises_type":{"maxLength":10,"type":"string","description":"Code to indicate premises type.","example":"SLAUT","enum":["SLAUT","OTHER","FARM","YARD"]},"description":{"maxLength":1000,"type":"string","description":"Description of the premises","example":"Abattoir en Ontario"},"area":{"maxLength":15,"type":"string","description":"The 2 dimensional area of the PREMISES provided in a declaration.","example":"6140"},"cqa_number":{"maxLength":25,"type":"string","description":"Farm's CQA Number","example":"1234567"},"farm_name":{"maxLength":100,"type":"string","description":"Farm's name","example":"AA_Abattoir_ON"},"local_premises":{"maxLength":25,"type":"string","description":"Unique identifier of program","example":"1382811"},"emergency_number":{"maxLength":7,"type":"number","description":"Emergency Number","example":5556666},"longitude":{"type":"number","description":"Decimal value for PREMISES longitude","format":"float","example":-73.491071},"latitude":{"type":"number","description":"Decimal value for PREMISES latitude","format":"float","example":45.54534},"address_id":{"type":"integer","description":"Unique identifier of the address","format":"int16","example":10324},"street_name":{"maxLength":100,"type":"string","description":"Premises' Street Name","example":"Main Street"},"rural_route":{"maxLength":6,"type":"number","description":"Premises' Rural Route","example":125},"rr_group":{"maxLength":10,"type":"string","description":"Premises' RR Group","example":"35"},"po_box":{"maxLength":6,"type":"number","description":"Post office box","example":25},"city":{"maxLength":50,"type":"string","description":"City or municipality","example":"Toronto"},"postal_code":{"maxLength":6,"type":"string","description":"Canadian format postal code","example":"J1J1J1"},"province":{"maxLength":2,"type":"string","description":"Province code","example":"ON"},"country":{"maxLength":2,"type":"string","description":"Country code","example":"CA"},"street_number":{"maxLength":10,"type":"string","description":"Street Number","example":"123"},"action":{"maxLength":1,"type":"string","description":"Last action for this record:(A)Add / (U)Update / (D)Delete","example":"A"},"id":{"maxLength":50,"type":"string","description":"Uniform Resource Name (URN)","example":"urn:agtwebrest:rest_premises_123456"},"entity_title":{"type":"string","description":"Title of the Entity","example":"123456"},"url":{"type":"string","description":"Link (URL) to the Entity"},"linkrelated":{"type":"object","properties":{"title":{"type":"string","description":"Title of the related Entity","xml":{"attribute":true}}},"description":"Link (URL) to the related Entity"}},"xml":{"name":"premises","wrapped":true}},"stakeholders":{"type":"object","properties":{"stakeholder":{"type":"array","items":{"$ref":"#/components/schemas/stakeholder"}}},"xml":{"name":"entries","wrapped":true}},"stakeholder":{"type":"object","properties":{"stakeholder_id":{"type":"integer","description":"Unique identifier generated by the system.","format":"int16","example":123456},"stakeholder_external_id":{"maxLength":25,"type":"string","description":"External ID","example":"12345678910"},"stakeholder_external_province_id":{"maxLength":2,"type":"string","description":"Province code from external ID","example":"ON"},"stakeholder_number":{"maxLength":10,"type":"string","description":"7 digit number prefixed by province code assigned by provincial authority.","example":"CPC0000013"},"stakeholder_name":{"maxLength":50,"type":"string","description":"The name of the moral person","example":"Agri-Tracabilite International"},"emergency_number":{"maxLength":7,"type":"number","description":"Emergency Number","example":5556666},"street_name":{"maxLength":100,"type":"string","description":"Street Name","example":"Boul. Roland-Therrien"},"rural_route":{"maxLength":6,"type":"number","description":"Rural Route","example":125},"rr_group":{"maxLength":10,"type":"string","description":"RR Group","example":"35"},"po_box":{"maxLength":6,"type":"number","description":"Post office box","example":25},"city":{"maxLength":50,"type":"string","description":"City or municipality","example":"Toronto"},"postal_code":{"maxLength":6,"type":"string","description":"Canadian format postal code","example":"J1J1J1"},"province":{"maxLength":2,"type":"string","description":"Province code","example":"ON"},"country":{"maxLength":2,"type":"string","description":"Country code","example":"CA"},"street_number":{"maxLength":10,"type":"string","description":"Street Number","example":"123"},"action":{"maxLength":1,"type":"string","description":"Last action for this record:(A)Add / (U)Update / (D)Delete","example":"A"},"id":{"maxLength":50,"type":"string","description":"Uniform Resource Name (URN)","example":"urn:agtwebrest:rest_stakeholders_123456"},"entity_title":{"type":"string","description":"Title of the Entity","example":"123456"},"url":{"type":"string","description":"Link (URL) to the Entity"},"linkrelated":{"type":"object","properties":{"title":{"type":"string","description":"Title of the related Entity","xml":{"attribute":true}}},"description":"Link (URL) to the related Entity"}},"xml":{"name":"stakeholder","wrapped":true}},"opensearch":{"type":"object","properties":{"total":{"type":"number","description":"Total of results found","format":"int16"},"rows":{"type":"number","description":"Number of results per page","format":"int16"},"page":{"type":"number","description":"Number of page","format":"int16"},"first-url":{"type":"string","description":"URL for first page of results"},"previous-url":{"type":"string","description":"URL for previous page of results"},"next-url":{"type":"string","description":"URL for next page of results"},"last-url":{"type":"string","description":"URL for last page of results"}}}},"responses":{"OK":{"description":"**OK :** Successful operation"},"NotFound":{"description":"**Not Found :** This resource doesn’t exists or is empty"},"Unauthorized":{"description":"**Unauthorized :** The user does not have the necessary credentials."},"BadRequest":{"description":"**Bad Request :** The server cannot or will not process the request due to an apparent client error (e.g., malformed request syntax, invalid request message framing, or deceptive request routing)."},"MethodNotAllow":{"description":"**Method Not Allowed :** A request method is not supported for the requested resource."},"UnSupportedMediaType":{"description":"**Unsupported Media Type :** The request entity has a media type which the server or resource does not support."},"InternalServerError":{"description":"**Internal Server Error :** Servers are not working as expected. The request is probably valid but needs to be requested again later."},"ServiceUnavailable":{"description":"Service Unavailable."},"GatewayTimeout":{"description":"**Gateway Timeout :** Server didn't receive a timely response from another server"}},"parameters":{"id":{"name":"id","in":"path","description":"Numeric ID of the ressource to get","required":true,"style":"simple","explode":false,"schema":{"type":"integer","format":"int16"},"example":"123456"},"start_date":{"name":"start_date","in":"path","description":"Start date","required":true,"style":"simple","explode":false,"schema":{"type":"string","format":"date"},"example":"2021-01-01"},"end_date":{"name":"end_date","in":"path","description":"End date","required":true,"style":"simple","explode":false,"schema":{"type":"string","format":"datetime"},"example":"2021-02-01"},"details":{"name":"details","in":"query","description":"Short or Long Description","required":false,"style":"form","explode":true,"schema":{"type":"string","default":"short","enum":["short","long"]}},"page":{"name":"page","in":"query","description":"(Pagination) Page Number","required":false,"style":"form","explode":true,"schema":{"type":"integer","default":1}},"items_per_page":{"name":"items_per_page","in":"query","description":"(Pagination) Number of results per page","required":false,"style":"form","explode":true,"schema":{"type":"integer","default":25}},"search":{"name":"search","in":"query","description":"Search. Example: farm_name=A*&identifier=*5|*9 (Search for animals where the farm's name starts with A and the animal's tag ends with 5 or 9)","required":false,"style":"form","explode":true,"schema":{"type":"string"}},"sort":{"name":"sort","in":"query","description":"Sort. Example: farm_name ASC (Sort alphabetically by farm's name), identifier DESC (Sort by decreasing identifier's number)","required":false,"style":"form","explode":true,"schema":{"type":"string"}}}}}