{"openapi":"3.0.0","info":{"title":"CPE Pork Excellence - English Version","description":"CPE Pork Excellence - RESTful Web Service API Documentation","contact":{"name":"Attestra","email":"webmaster@attestra.com"},"version":"1.0.0"},"servers":[{"url":"https://virtserver.swaggerhub.com/Attestra/Registration/1.0.0","description":"SwaggerHub API Auto Mocking"},{"url":"{protocol}://{environment}/rest","variables":{"environment":{"default":"cpe-agtwebintegration1","enum":["cpe-agtwebintegration1","cpe-staging.traceability.ca"]},"protocol":{"default":"http","enum":["http","https"]}}}],"tags":[{"name":"Registrations","description":"Get information about registrations available to the connected user"}],"paths":{"/registration":{"get":{"tags":["Registrations"],"summary":"Get list of all registrations","description":"Consult/Extract the list of all registrations available to the connected user.","responses":{"200":{"description":"**OK :** Successful operation","content":{"application/json":{"schema":{"$ref":"#/components/schemas/registrations"}},"application/xml":{"schema":{"$ref":"#/components/schemas/registrations"}}}},"400":{"description":"**Bad Request :** The server cannot or will not process the request due to an apparent client error (e.g., malformed request syntax, invalid request message framing, or deceptive request routing)."},"401":{"description":"**Unauthorized :** The user does not have the necessary credentials."},"404":{"description":"**Not Found :** This resource doesn’t exists or is empty"},"405":{"description":"**Method Not Allowed :** A request method is not supported for the requested resource."},"415":{"description":"**Unsupported Media Type :** The request entity has a media type which the server or resource does not support."},"500":{"description":"**Internal Server Error :** Servers are not working as expected. The request is probably valid but needs to be requested again later."},"503":{"description":"Service Unavailable."},"504":{"description":"**Gateway Timeout :** Server didn't receive a timely response from another server"}}}},"/registration/{id}":{"get":{"tags":["Registrations"],"summary":"Get details of the specified registration","description":"Consult/Extract detail for a registration according to ID passed in parameter. ","parameters":[{"name":"id","in":"path","description":"Numeric ID of the registration to get","required":true,"style":"simple","explode":false,"schema":{"type":"integer","format":"int16"},"example":"123456"}],"responses":{"200":{"description":"**OK :** Successful operation","content":{"application/json":{"schema":{"$ref":"#/components/schemas/registration"}},"application/xml":{"schema":{"$ref":"#/components/schemas/registration"}}}},"400":{"description":"**Bad Request :** The server cannot or will not process the request due to an apparent client error (e.g., malformed request syntax, invalid request message framing, or deceptive request routing)."},"401":{"description":"**Unauthorized :** The user does not have the necessary credentials."},"404":{"description":"**Not Found :** This resource doesn’t exists or is empty"},"405":{"description":"**Method Not Allowed :** A request method is not supported for the requested resource."},"415":{"description":"**Unsupported Media Type :** The request entity has a media type which the server or resource does not support."},"500":{"description":"**Internal Server Error :** Servers are not working as expected. The request is probably valid but needs to be requested again later."},"503":{"description":"Service Unavailable."},"504":{"description":"**Gateway Timeout :** Server didn't receive a timely response from another server"}}}},"/registration/{start_date}/{end_date}":{"get":{"tags":["Registrations"],"summary":"Find registration between two dates","description":"Consult/Extract a list of registrations according two dates passed in parameters. ","parameters":[{"name":"start_date","in":"path","description":"Start date","required":true,"style":"simple","explode":false,"schema":{"type":"string","format":"date"},"example":"2021-01-01"},{"name":"end_date","in":"path","description":"End date","required":true,"style":"simple","explode":false,"schema":{"type":"string","format":"datetime"},"example":"2021-02-01"}],"responses":{"200":{"description":"**OK :** Successful operation","content":{"application/json":{"schema":{"$ref":"#/components/schemas/registrations"}},"application/xml":{"schema":{"$ref":"#/components/schemas/registrations"}}}},"400":{"description":"**Bad Request :** The server cannot or will not process the request due to an apparent client error (e.g., malformed request syntax, invalid request message framing, or deceptive request routing)."},"401":{"description":"**Unauthorized :** The user does not have the necessary credentials."},"404":{"description":"**Not Found :** This resource doesn’t exists or is empty"},"405":{"description":"**Method Not Allowed :** A request method is not supported for the requested resource."},"415":{"description":"**Unsupported Media Type :** The request entity has a media type which the server or resource does not support."},"500":{"description":"**Internal Server Error :** Servers are not working as expected. The request is probably valid but needs to be requested again later."},"503":{"description":"Service Unavailable."},"504":{"description":"**Gateway Timeout :** Server didn't receive a timely response from another server"}}}}},"components":{"schemas":{"registrations":{"type":"object","properties":{"registration":{"type":"array","items":{"$ref":"#/components/schemas/registration"}}},"xml":{"name":"entries","wrapped":true}},"registration":{"type":"object","properties":{"onfarm_registration_id":{"type":"integer","description":"Registration ID","format":"int16","example":123456},"registration_number":{"maxLength":25,"type":"string","description":"Registration number","example":"REG0000123"},"anniversary_date":{"type":"string","description":"Date the PigSAFE/PigCARE registration is approved by the Provincial Coordinator","format":"date","example":"2019-04-02"},"expiry_date":{"type":"string","description":"Expiration date","format":"date","example":"2019-07-01"},"current_validation_id":{"type":"integer","description":"Validator ID","format":"int16","example":123456},"validation_type_due":{"maxLength":2,"type":"string","description":"Validation Type Due Code","enum":["CO","IN","P1","P2"]},"validation_type_due_desc_en":{"maxLength":50,"type":"string","description":"Validation Type Due Description in english","example":"Full Validation","enum":["Full Validation","Initial Validation","Partial Validation 1","Partial Validation 2"]},"validation_type_due_desc_fr":{"maxLength":50,"type":"string","description":"Validation Type Due Description in french","example":"Validation complète","enum":["Validation complète","Validation initiale","Validation partielle 1","Validation partielle 2"]},"type_onfarm_reg_status":{"type":"integer","description":"Site Status ID","format":"int16","example":123456},"type_onfarm_reg_status_code":{"maxLength":10,"type":"string","description":"Site Status code","example":"83748"},"type_onfarm_reg_status_desc_en":{"maxLength":100,"type":"string","description":"Site Status description in english","example":"Expired","enum":["Expired","In progress","Overdue","Valid","Valid (AP)","Withdrawn"]},"type_onfarm_reg_status_desc_fr":{"maxLength":100,"type":"string","description":"Site Status description in french","example":"Expiré","enum":["Expiré","En cours","En retard","Valide","Valide (AP)","Retiré"]},"validator_first_name":{"maxLength":50,"type":"string","description":"Validator first name associated to the registration","example":"John"},"validator_last_name":{"maxLength":50,"type":"string","description":"Validator last name associated to the registration","example":"Smith"},"premises_list":{"type":"array","xml":{"name":"premises_list","wrapped":true},"items":{"$ref":"#/components/schemas/premises"}},"site_owner_list":{"type":"array","xml":{"name":"site_owner_list","wrapped":true},"items":{"$ref":"#/components/schemas/site_owner"}},"pig_owner_list":{"type":"array","xml":{"name":"pig_owner_list","wrapped":true},"items":{"$ref":"#/components/schemas/pig_owner"}},"site_operator_list":{"type":"array","xml":{"name":"site_operator_list","wrapped":true},"items":{"$ref":"#/components/schemas/site_operator"}},"barn_manager_list":{"type":"array","xml":{"name":"barn_manager_list","wrapped":true},"items":{"$ref":"#/components/schemas/barn_manager"}},"program":{"type":"array","xml":{"name":"program_list","wrapped":true},"items":{"$ref":"#/components/schemas/program"}},"id":{"maxLength":50,"type":"string","description":"Uniform Resource Name (URN)","example":"urn:agtwebrest:rest_registration_123456"},"entity_title":{"type":"string","description":"Title of the Entity","example":"123456"},"url":{"type":"string","description":"Link (URL) to the Entity"},"linkrelated":{"type":"object","properties":{"title":{"type":"string","description":"Title of the related Entity","xml":{"attribute":true}}},"description":"Link (URL) to the related Entity"}},"xml":{"name":"entry","wrapped":true}},"premises":{"type":"object","properties":{"id":{"type":"integer","description":"Unique identifier of the Premises","format":"int16","example":123456},"number":{"maxLength":25,"type":"string","description":"Premise number","example":"REG0000123"}},"xml":{"name":"premises","wrapped":true}},"site_owner":{"type":"object","properties":{"id":{"type":"integer","description":"Unique identifier of the site owner","format":"int16","example":123456},"number":{"maxLength":10,"type":"string","description":"Account Number of the site owner","example":"CPC0001234"}},"xml":{"name":"site_owner","wrapped":true}},"pig_owner":{"type":"object","properties":{"id":{"type":"integer","description":"Unique identifier of the pig owner","format":"int16","example":123456},"number":{"maxLength":10,"type":"string","description":"Account Number of the pig owner","example":"CPC0001234"}},"xml":{"name":"pig_owner","wrapped":true}},"site_operator":{"type":"object","properties":{"id":{"type":"integer","description":"Unique identifier of the site operator","format":"int16","example":123456},"number":{"maxLength":10,"type":"string","description":"Account Number of the site operator","example":"CPC0001234"}},"xml":{"name":"site_operator","wrapped":true}},"barn_manager":{"type":"object","properties":{"id":{"type":"integer","description":"Unique identifier of the barn manager","format":"int16","example":123456},"user_name":{"maxLength":25,"type":"string","description":"Account Number of the barn manager","example":"JohnSmith"},"first_name":{"maxLength":50,"type":"string","description":"Firstname of the barn manager","example":"John"},"last_name":{"maxLength":50,"type":"string","description":"Lastname of the barn manager","example":"Smith"}},"xml":{"name":"barn_manager","wrapped":true}},"program":{"type":"object","properties":{"id":{"type":"integer","description":"Unique identifier of program","format":"int16","example":123456},"program_id":{"type":"integer","description":"Unique identifier of program","format":"int16","example":78910},"code":{"maxLength":50,"type":"string","description":"description","example":"CPE"},"desc_fr":{"maxLength":50,"type":"string","description":"description","example":"PorcSALUBRITÉ|PorcBIEN-ÊTRE"},"desc_en":{"maxLength":50,"type":"string","description":"description","example":"PigSAFE|PigCARE"},"start_date":{"type":"string","description":"Start date","format":"date","example":"2019-07-01"},"end_date":{"type":"string","description":"End date","format":"date","example":"2019-07-01"}},"xml":{"name":"program","wrapped":true}}},"responses":{"OK":{"description":"**OK :** Successful operation"},"NotFound":{"description":"**Not Found :** This resource doesn’t exists or is empty"},"Unauthorized":{"description":"**Unauthorized :** The user does not have the necessary credentials."},"BadRequest":{"description":"**Bad Request :** The server cannot or will not process the request due to an apparent client error (e.g., malformed request syntax, invalid request message framing, or deceptive request routing)."},"MethodNotAllow":{"description":"**Method Not Allowed :** A request method is not supported for the requested resource."},"UnSupportedMediaType":{"description":"**Unsupported Media Type :** The request entity has a media type which the server or resource does not support."},"InternalServerError":{"description":"**Internal Server Error :** Servers are not working as expected. The request is probably valid but needs to be requested again later."},"ServiceUnavailable":{"description":"Service Unavailable."},"GatewayTimeout":{"description":"**Gateway Timeout :** Server didn't receive a timely response from another server"}},"parameters":{"id":{"name":"id","in":"path","description":"Numeric ID of the registration to get","required":true,"style":"simple","explode":false,"schema":{"type":"integer","format":"int16"},"example":"123456"},"start_date":{"name":"start_date","in":"path","description":"Start date","required":true,"style":"simple","explode":false,"schema":{"type":"string","format":"date"},"example":"2021-01-01"},"end_date":{"name":"end_date","in":"path","description":"End date","required":true,"style":"simple","explode":false,"schema":{"type":"string","format":"datetime"},"example":"2021-02-01"}}}}