{"openapi":"3.0.0","info":{"title":"Inventario del API SAAB","description":"Es un API para el proyecto de SAAB","contact":{"email":"jesus.gutierrez@autodidacta.com"},"license":{"name":"Apache 2.0","url":"http://www.apache.org/licenses/LICENSE-2.0.html"},"version":"1.0.0"},"servers":[{"url":"https://virtserver.swaggerhub.com/AutodidactaMx/saab/1.0.0","description":"SwaggerHub API Auto Mocking"}],"tags":[{"name":"proyectos","description":"Operaciones para adquirir información de los proyectos"},{"name":"autenticacion","description":"Métodos para el acceso de la autenticación"}],"paths":{"/auth/login":{"get":{"tags":["autenticacion"],"summary":"Autenticación de la plataforma","description":"Servicio para la autenticación de la plataforma\n","operationId":"IdAuth","parameters":[{"name":"username","in":"query","description":"Usuario","required":true,"style":"form","explode":true,"schema":{"type":"string"}},{"name":"password","in":"query","description":"Password","required":true,"style":"form","explode":true,"schema":{"type":"string"}}],"responses":{"200":{"description":"Se crea el acceso a la plataforma por medio de un token de autorización","content":{"application/json":{"schema":{"$ref":"#/components/schemas/AuthAutenticarDatos"}}}},"400":{"description":"Retorno de informacion de codigo","content":{"application/json":{"schema":{"$ref":"#/components/schemas/CodeErrorDatos"}}}},"401":{"description":"Error de autorizacion","content":{"application/json":{"schema":{"$ref":"#/components/schemas/CodeErrorDatos"}}}}}}},"/proyectos/totales":{"get":{"tags":["proyectos"],"summary":"Lista de proyectos filtrado por estado activo (1) | cancelado (2)","description":"El servicio retornara el total de proyectos de acuerdo su estado :  activo | cancelado\n","operationId":"IdTotalesProyectos","parameters":[{"name":"estado","in":"query","description":"Consulta por total de servicios por estado.","required":true,"style":"form","explode":true,"schema":{"type":"string","example":"activo"}}],"responses":{"200":{"description":"Los resultados del total de proyectos por su estado.","content":{"application/json":{"schema":{"$ref":"#/components/schemas/TotalesItem"}}}},"400":{"description":"Retorna información referente al error producido.","content":{"application/json":{"schema":{"$ref":"#/components/schemas/CodeErrorDatos"}}}}}}},"/proyectos/capacidad_instalada/totales":{"get":{"tags":["proyectos"],"summary":"Información de capacidad total de todos los proyectos","description":"Es la suma total de la capacidad instalada de todos los centros de carga.","operationId":"IdInstalledCapacity","parameters":[{"name":"tipoPeriodo","in":"query","description":"Tipo de parametro puede ser dos opciones anual o mensual","required":true,"style":"form","explode":true,"schema":{"type":"string","example":"mensual"}},{"name":"periodo","in":"query","description":"Parametro de periodo anual (2022) mensual (202201)","required":true,"style":"form","explode":true,"schema":{"minimum":4,"type":"integer","example":202202}}],"responses":{"200":{"description":"Los resultados del total de proteyectos por su estado.","content":{"application/json":{"schema":{"$ref":"#/components/schemas/TotalesItem"}}}},"400":{"description":"Retorna información referente al error producido.","content":{"application/json":{"schema":{"$ref":"#/components/schemas/CodeErrorDatos"}}}}}}},"/proyectos/ahorros/totales":{"get":{"tags":["proyectos"],"summary":"Información total de ahorros mensuales.","description":"Información total de ahorros mensuales de todos los proyectos.\n","operationId":"IdMoneySaving","parameters":[{"name":"tipoPeriodo","in":"query","description":"Tipo de parametro puede ser dos opciones anual o mensual","required":true,"style":"form","explode":true,"schema":{"type":"string","example":"mensual"}},{"name":"periodo","in":"query","description":"Parametro de periodo anual (2022) mensual (202201)","required":true,"style":"form","explode":true,"schema":{"minimum":4,"type":"integer","example":202202}}],"responses":{"200":{"description":"Los resultados facturacion historica.","content":{"application/json":{"schema":{"$ref":"#/components/schemas/TotalesItem"}}}},"400":{"description":"Retorna información referente al error producido.","content":{"application/json":{"schema":{"$ref":"#/components/schemas/CodeErrorDatos"}}}}}}},"/proyectos/facturacion/totales":{"get":{"tags":["proyectos"],"summary":"Información de total de  facturación por periodo.","description":"Información de total de facturación por periodo anual o mensual de todos los proyectos.\n","operationId":"IdBilling","parameters":[{"name":"tipoParametro","in":"query","description":"Tipo de parametro puede ser dos opciones anual o mensual","required":true,"style":"form","explode":true,"schema":{"type":"string","example":"mensual"}},{"name":"parametro","in":"query","description":"Parametro de periodo anual (2022) mensual (202201)","required":true,"style":"form","explode":true,"schema":{"minimum":4,"type":"integer","example":202202}}],"responses":{"200":{"description":"Los resultados del total de proteyectos por su estado.","content":{"application/json":{"schema":{"$ref":"#/components/schemas/TotalesItem"}}}},"400":{"description":"Retorna información referente al error producido.","content":{"application/json":{"schema":{"$ref":"#/components/schemas/CodeErrorDatos"}}}}}}},"/proyectos/resumen":{"get":{"tags":["proyectos"],"summary":"Resumen general de proyectos con información del mes actual.","description":"Resumen general de proyectos con información de ahorros y facturación del periodo.\n","operationId":"IdProjectSummary","parameters":[{"name":"tipoParametro","in":"query","description":"Tipo de parametro puede ser dos opciones anual o mensual","required":true,"style":"form","explode":true,"schema":{"type":"string","example":"mensual"}},{"name":"parametro","in":"query","description":"Parametro de periodo anual (2022) mensual (202201)","required":true,"style":"form","explode":true,"schema":{"minimum":4,"type":"integer","example":202202}}],"responses":{"200":{"description":"Los resultados del total de proteyectos por su estado.","content":{"application/json":{"schema":{"type":"array","items":{"$ref":"#/components/schemas/ResumenProjectosDatos"}}}}},"400":{"description":"Retorna información referente al error producido.","content":{"application/json":{"schema":{"$ref":"#/components/schemas/CodeErrorDatos"}}}}}}},"/proyectos/alertas/general":{"get":{"tags":["proyectos"],"summary":"Informacion general de las alertas","description":"Información general de las alertas y cantidad del periodo\n","operationId":"IdAlertGeneral","parameters":[{"name":"tipoParametro","in":"query","description":"Tipo de parametro puede ser dos opciones anual o mensual","required":true,"style":"form","explode":true,"schema":{"type":"string","example":"mensual"}},{"name":"parametro","in":"query","description":"Parametro de periodo anual (2022) mensual (202201)","required":true,"style":"form","explode":true,"schema":{"minimum":4,"type":"integer","example":202202}}],"responses":{"200":{"description":"Los resultados facturacion historica.","content":{"application/json":{"schema":{"type":"array","items":{"$ref":"#/components/schemas/AlertaGeneralDatos"}}}}},"400":{"description":"Retorna información referente al error producido.","content":{"application/json":{"schema":{"$ref":"#/components/schemas/CodeErrorDatos"}}}}}}},"/proyectos/alertas/detallado":{"get":{"tags":["proyectos"],"summary":"Informacion detallada de las alertas","description":"Información detallada de las alertas del mes actual\n","operationId":"IdAlertDetail","parameters":[{"name":"tipoParametro","in":"query","description":"Tipo de parametro puede ser dos opciones anual o mensual","required":true,"style":"form","explode":true,"schema":{"type":"string","example":"mensual"}},{"name":"parametro","in":"query","description":"Parametro de periodo anual (2022) mensual (202202)","required":true,"style":"form","explode":true,"schema":{"minimum":4,"type":"integer","example":202202}}],"responses":{"200":{"description":"s","content":{"application/json":{"schema":{"$ref":"#/components/schemas/AlertaDetalladaDatos"}}}},"400":{"description":"Retorna información referente al error producido.","content":{"application/json":{"schema":{"$ref":"#/components/schemas/CodeErrorDatos"}}}}}}},"/proyectos/facturacion/historica":{"get":{"tags":["proyectos"],"summary":"Informacion de facturacion historica de totales mensuales","description":"Informacion de facturacion total\n","operationId":"IdStoryBilling","parameters":[{"name":"tipoParametro","in":"query","description":"Tipo de parametro puede ser dos opciones (anio) o (aniomes)","required":true,"style":"form","explode":true,"schema":{"minimum":2,"type":"integer"}},{"name":"parametro","in":"query","description":"Parametro de periodo (2022) (202201)","required":true,"style":"form","explode":true,"schema":{"maximum":6,"minimum":4,"type":"integer","format":"int32"}}],"responses":{"200":{"description":"Los resultados facturacion historica.","content":{"application/json":{"schema":{"$ref":"#/components/schemas/ResumenfacturacionHistoricaDatos"}}}},"400":{"description":"Retorna información referente al error producido.","content":{"application/json":{"schema":{"$ref":"#/components/schemas/CodeErrorDatos"}}}}}}}},"components":{"schemas":{"TotalesItem":{"required":["total"],"type":"object","properties":{"unidad":{"type":"string","example":"kwh, Mwh, Proyectos, Moneda (MX)"},"total":{"type":"number","example":5}}},"CodeErrorDatos":{"required":["code","description","message"],"type":"object","properties":{"code":{"type":"number","example":10101},"message":{"type":"string","example":"Something bad happened :("},"description":{"type":"string","example":"More details about the error here"}}},"ResumenProjectosDatos":{"required":["name"],"type":"object","properties":{"cliente":{"type":"string","example":"Frigarsa xxx"},"rpu":{"type":"string","example":"8878979887879"},"ahorroBrutoMesActual":{"type":"number","example":8E+4},"facturacionMesAnterior":{"type":"number","example":5E+4},"facturacionAnual":{"type":"number","example":1.08E+6}}},"ResumenfacturacionHistoricaDatos":{"required":["name"],"type":"object","properties":{"anio":{"type":"string","example":"2022"},"mes":{"type":"string","example":"02"},"cliente":{"type":"number","example":8878979887879},"rpu":{"type":"string","example":"xxxxxxxxxx"},"fecha":{"type":"string","example":"09/02/2022"},"folio":{"type":"string","example":"xxxxxxxx"},"monto":{"type":"number","example":1.08E+6},"ajusteMesAnterior":{"type":"number","example":1.08E+6}}},"AlertaGeneralDatos":{"required":["name"],"type":"object","properties":{"alerta":{"type":"string","example":"Ahorros menores a esperados"},"cantidad":{"type":"number","example":6}}},"AlertaDetalladaDatos":{"type":"object","properties":{"ahorrosMenoresEsperados":{"type":"array","items":{"$ref":"#/components/schemas/AlertaAhorrosMenoresEsperadosDatos"}},"retrasoActualizacion":{"type":"array","items":{"$ref":"#/components/schemas/AlertaRetrasoActualizacionDatos"}},"sinFacturaCFE":{"type":"array","items":{"$ref":"#/components/schemas/AlertaSinFacturaCFEDatos"}},"sinEmisionFactura":{"type":"array","items":{"$ref":"#/components/schemas/AlertaSinEmisionFacturaDatos"}},"retrasoTarifaCFE":{"type":"array","items":{"$ref":"#/components/schemas/AlertaRetrasoTarifaCFEDatos"}}}},"AlertaAhorrosMenoresEsperadosDatos":{"required":["ahorroCalculado","ahorroMinimoEsperado","cliente","fechaActual","rpu"],"type":"object","properties":{"cliente":{"type":"string","example":"Frigarsa oxxo"},"rpu":{"type":"string","example":"7817987982378"},"ahorroMinimoEsperado":{"type":"number","example":1.3E+5},"ahorroCalculado":{"type":"number","example":1E+5},"fechaActual":{"type":"string","example":"02/02/022"}}},"AlertaRetrasoActualizacionDatos":{"required":["cliente","fechaActualizacion","mesOperacion","rpu"],"type":"object","properties":{"cliente":{"type":"string","example":"Frigarsa oxxo"},"rpu":{"type":"string","example":"7817987982378"},"mesOperacion":{"type":"number"},"fechaActualizacion":{"type":"string","example":"02/02/022"}}},"AlertaSinFacturaCFEDatos":{"required":["cliente","mesFacturacion","rpu"],"type":"object","properties":{"cliente":{"type":"string","example":"Frigarsa oxxo"},"rpu":{"type":"string","example":"7817987982378"},"mesFacturacion":{"type":"number"}}},"AlertaSinEmisionFacturaDatos":{"required":["cliente","mesFacturacion","rpu"],"type":"object","properties":{"cliente":{"type":"string","example":"Frigarsa oxxo"},"rpu":{"type":"string","example":"7817987982378"},"mesFacturacion":{"type":"number"}}},"AlertaRetrasoTarifaCFEDatos":{"required":["sinRegistroTarifarioCFE"],"type":"object","properties":{"sinRegistroTarifarioCFE":{"type":"string","example":"Marzo 2022"}}},"AuthAutenticarDatos":{"required":["name"],"type":"object","properties":{"nombre":{"type":"string","example":"Jesús Gutiérrez"},"empresa":{"type":"string","example":"FRIGARSA"},"centroDeCarga":{"type":"string","example":"1"},"empresaLogoBase64":{"type":"string","example":"iVBORw0KGgoAAAANSUhE"},"rpu":{"type":"string","example":"146110801399"},"rmu":{"type":"string","example":"09300110810FRI0508030021"},"sistema":{"type":"string","example":"SIN"},"tarifa":{"type":"string","example":"GDMTH"},"token":{"type":"string","example":"eyJhbGciOiJIUzI1NiIsInR5cCI6IkpXVCJ9"}}}}}}