{"openapi":"3.0.0","info":{"title":"MCW API","description":"SVN Version","contact":{"email":"you@your-company.com"},"license":{"name":"Apache 2.0","url":"http://www.apache.org/licenses/LICENSE-2.0.html"},"version":"1.0.0"},"servers":[{"url":"https://virtserver.swaggerhub.com/Avantrade_Team/MCW/1.0.0","description":"SwaggerHub API Auto Mocking"}],"tags":[{"name":"package","description":"Package"}],"paths":{"/fund_allocation_list":{"post":{"tags":["package"],"summary":"list fund allocation","parameters":[{"name":"ReferenceNumber","in":"header","required":true,"style":"simple","explode":false,"schema":{"type":"string"},"example":99999}],"requestBody":{"description":"Inventory item to add","content":{"application/json":{"schema":{"$ref":"#/components/schemas/FundAllocationItem"}}}},"responses":{"200":{"description":"OK","content":{"application/json":{"schema":{"type":"object","properties":{"code":{"type":"string","example":"0"},"info":{"type":"string","example":"Package list successfully loaded"},"data":{"type":"array","items":{"oneOf":[{"$ref":"#/components/schemas/Item1"},{"$ref":"#/components/schemas/Item2"}]}},"ReferenceNumber":{"type":"string"}}}}}}}}}},"components":{"schemas":{"Item1":{"type":"object","properties":{"type_code":{"type":"string"},"package_type":{"type":"string"},"package_list":{"type":"array","items":{"type":"object","properties":{"fund_allocation":{"type":"array","items":{"type":"object","properties":{"product_name":{"type":"string"},"allocation":{"type":"string"},"product_type":{"type":"string"},"type_color":{"type":"string"},"prospectus":{"type":"string"},"fund_fact_sheet":{"type":"string"}}}},"last_nav":{"type":"string"},"last_nav_date":{"type":"string"},"total_fund":{"type":"string"},"id":{"type":"string"},"name":{"type":"string"},"code":{"type":"string"},"image":{"type":"string"},"currency":{"type":"string"},"prospectus_file":{"type":"string"},"fact_sheet_file":{"type":"string"},"perf_oneyear":{"type":"string"},"recommended":{"type":"string"}}}}}},"Item2":{"type":"object","properties":{"type_code":{"type":"string"},"package_type":{"type":"string"},"package_list":{"type":"array","items":{"type":"object","properties":{"fund_allocation":{"type":"array","items":{"type":"object","properties":{"product_name":{"type":"string"},"allocation":{"type":"string"},"product_type":{"type":"string"},"type_color":{"type":"string"},"prospectus":{"type":"string"},"fund_fact_sheet":{"type":"string"}}}},"last_nav":{"type":"string"},"last_nav_date":{"type":"string"},"total_fund":{"type":"string"},"id":{"type":"string"},"name":{"type":"string"},"code":{"type":"string"},"image":{"type":"string"},"perf_oneyear":{"type":"string"}}}}}},"FundAllocationItem":{"required":["agent","limit","offset","token"],"type":"object","properties":{"offset":{"type":"string","example":"0"},"limit":{"type":"string","example":"10"},"token":{"type":"string","example":"eyJhbGciOiJIUzI1NiJ9.eyJzdWIiOiIrNjI4ODI1ODE0MTEzIiwidXNlcklkIjoiOTQ2NCIsImlhdCI6MTY0OTgyNDgyNCwiZXhwIjozMjk5NjQ5NjQ5fQ.Rdgm7bejQtpiQyEw271k-jVsfHdU_FvOlXv2o75p8F0"},"agent":{"type":"string","example":"S001"}}}}}}