{"openapi":"3.0.0","info":{"title":"Rodik Franquia API","description":"API do Sistema de Franquias da Rodik.","contact":{"email":"rodik@avantsistemas.com"},"version":"1.0.0"},"servers":[{"url":"https://rodikfranquia.com/api/v1"}],"security":[{"bearerAuth":[]}],"paths":{"/authenticate":{"post":{"tags":["authentication"],"summary":"Obtém o token de autenticação do usuário no sistema.","operationId":"authenticate","requestBody":{"content":{"application/json":{"schema":{"type":"object","properties":{"login":{"type":"string"},"password":{"type":"string"}}}}},"required":true},"responses":{"200":{"description":"Retorna o token de autenticação do usuário.","content":{"application/json":{"schema":{"type":"object","properties":{"token":{"type":"string"},"exp":{"type":"string","format":"date-time"}}}}}}},"security":[]}},"/current_user":{"get":{"tags":["profile"],"summary":"Obtém informações sobre o usuário autenticado.","operationId":"current_user","responses":{"200":{"description":"Retorna o usuário autenticado.","content":{"application/json":{"schema":{"$ref":"#/components/schemas/User"}}}},"401":{"description":"Token de acesso inexistente, inválido ou expirado."}}}},"/current_business":{"get":{"tags":["profile"],"summary":"Obtém informações sobre a franquia do usuário autenticado.","operationId":"current_business","responses":{"200":{"description":"Retorna franquia do usuário autenticado.","content":{"application/json":{"schema":{"$ref":"#/components/schemas/Business"}}}},"401":{"description":"Token de acesso inexistente, inválido ou expirado."}}}},"/customers":{"get":{"tags":["customers"],"summary":"Lista os clientes da rede.","operationId":"list_customers","parameters":[{"name":"q[name]","in":"query","description":"Pesquisa pelo nome do cliente.","required":false,"style":"form","explode":true,"schema":{"type":"string"}},{"name":"q[document1]","in":"query","description":"Pesquisa pelo CPF/CNPJ do cliente.","required":false,"style":"form","explode":true,"schema":{"type":"string"}}],"responses":{"200":{"description":"Retorna lista com os clientes.","content":{"application/json":{"schema":{"type":"array","items":{"$ref":"#/components/schemas/Customer"}}}}},"401":{"description":"Token de acesso inexistente, inválido ou expirado."}}},"post":{"tags":["customers"],"summary":"Cadastra um novo cliente.","operationId":"create_customer","requestBody":{"content":{"application/json":{"schema":{"type":"object","properties":{"customer":{"$ref":"#/components/schemas/Customer"}}}}},"required":true},"responses":{"201":{"description":"Retorna o cliente cadastrado.","content":{"application/json":{"schema":{"$ref":"#/components/schemas/Customer"}}}},"401":{"description":"Token de acesso inexistente, inválido ou expirado."},"422":{"description":"Em caso de erro de validação."}}}},"/customers/{id}":{"get":{"tags":["customers"],"summary":"Obtém um cliente pelo seu ID.","operationId":"get_customer","parameters":[{"name":"id","in":"path","description":"O ID do cliente.","required":true,"style":"simple","explode":false,"schema":{"type":"integer"}}],"responses":{"200":{"description":"Retorna o cliente encontrado.","content":{"application/json":{"schema":{"$ref":"#/components/schemas/Customer"}}}},"401":{"description":"Token de acesso inexistente, inválido ou expirado."},"404":{"description":"Quando um registro não for encontrado."}}}},"/customers/{customer_id}/vehicles":{"get":{"tags":["customers"],"summary":"Lista os veículos do cliente.","operationId":"list_customer_vehicles","parameters":[{"name":"customer_id","in":"path","description":"O id do cliente.","required":true,"style":"simple","explode":false,"schema":{"type":"integer"}}],"responses":{"200":{"description":"Retorna lista com os veículos do cliente.","content":{"application/json":{"schema":{"type":"array","items":{"$ref":"#/components/schemas/Vehicle"}}}}},"401":{"description":"Token de acesso inexistente, inválido ou expirado."}}},"post":{"tags":["customers"],"summary":"Cadastra um novo veículo para o cliente.","operationId":"create_customer_vehicle","parameters":[{"name":"customer_id","in":"path","description":"O id do cliente.","required":true,"style":"simple","explode":false,"schema":{"type":"integer"}}],"requestBody":{"content":{"application/json":{"schema":{"type":"object","properties":{"vehicle":{"$ref":"#/components/schemas/Vehicle"}}}}},"required":true},"responses":{"201":{"description":"Retorna o veículo cadastrado.","content":{"application/json":{"schema":{"$ref":"#/components/schemas/Vehicle"}}}},"401":{"description":"Token de acesso inexistente, inválido ou expirado."},"422":{"description":"Em caso de erro de validação."}}}},"/vehicles":{"get":{"tags":["vehicles"],"summary":"Lista os veículos da rede.","operationId":"list_vehicles","parameters":[{"name":"q[owner_name]","in":"query","description":"Pesquisa pelo nome do proprietário","required":false,"style":"form","explode":true,"schema":{"type":"string"}},{"name":"q[owner_document1]","in":"query","description":"Pesquisa pelo CPF/CNPJ do proprietário.","required":false,"style":"form","explode":true,"schema":{"type":"string"}},{"name":"q[license_plate]","in":"query","description":"Pesquisa pela placa do veículo.","required":false,"style":"form","explode":true,"schema":{"type":"string"}},{"name":"q[chassis]","in":"query","description":"Pesquisa pelo chassi veículo.","required":false,"style":"form","explode":true,"schema":{"type":"string"}}],"responses":{"200":{"description":"Retorna lista com os veículos.","content":{"application/json":{"schema":{"type":"array","items":{"$ref":"#/components/schemas/Vehicle"}}}}},"401":{"description":"Token de acesso inexistente, inválido ou expirado."}}}},"/vehicles/{id}":{"get":{"tags":["vehicles"],"summary":"Obtém um veículo pelo seu ID.","operationId":"get_vehicle","parameters":[{"name":"id","in":"path","description":"O ID do veículo.","required":true,"style":"simple","explode":false,"schema":{"type":"integer"}}],"responses":{"200":{"description":"Retorna o veículo encontrado.","content":{"application/json":{"schema":{"$ref":"#/components/schemas/Vehicle"}}}},"401":{"description":"Token de acesso inexistente, inválido ou expirado."},"404":{"description":"Quando um registro não for encontrado."}}}},"/vehicle_brands":{"get":{"tags":["vehicles"],"summary":"Lista as marcas de veículos.","operationId":"list_vehicle_brands","responses":{"200":{"description":"Retorna lista com as marcas de veículos.","content":{"application/json":{"schema":{"type":"array","items":{"$ref":"#/components/schemas/VehicleBrand"}}}}},"401":{"description":"Token de acesso inexistente, inválido ou expirado."}}}},"/vehicle_models":{"get":{"tags":["vehicles"],"summary":"Lista os modelos de uma marca de veículo.","operationId":"list_vehicle_models","parameters":[{"name":"brand_id","in":"query","description":"O id da marca.","required":true,"style":"form","explode":true,"schema":{"type":"integer"}}],"responses":{"200":{"description":"Retorna lista com os modelos da marca de veículo informada.","content":{"application/json":{"schema":{"type":"array","items":{"$ref":"#/components/schemas/VehicleModel"}}}}},"401":{"description":"Token de acesso inexistente, inválido ou expirado."}}}},"/items":{"get":{"tags":["items"],"summary":"Lista os produtos e serviços da rede.","operationId":"list_items","parameters":[{"name":"q","in":"query","description":"Pesquisa pelo nome, SKU e GTIN dos itens.","required":false,"style":"form","explode":true,"schema":{"type":"string"}}],"responses":{"200":{"description":"Retorna lista com os itens.","content":{"application/json":{"schema":{"type":"array","items":{"$ref":"#/components/schemas/Item"}}}}},"401":{"description":"Token de acesso inexistente, inválido ou expirado."}}}},"/items/products":{"get":{"tags":["items"],"summary":"Lista os produtos da rede.","operationId":"list_products","parameters":[{"name":"q","in":"query","description":"Pesquisa pelo nome, SKU e GTIN dos itens.","required":false,"style":"form","explode":true,"schema":{"type":"string"}}],"responses":{"200":{"description":"Retorna lista com os produtos.","content":{"application/json":{"schema":{"type":"array","items":{"$ref":"#/components/schemas/Item"}}}}},"401":{"description":"Token de acesso inexistente, inválido ou expirado."}}}},"/items/services":{"get":{"tags":["items"],"summary":"Lista os serviços da rede.","operationId":"list_services","parameters":[{"name":"q","in":"query","description":"Pesquisa pelo nome, SKU e GTIN dos itens.","required":false,"style":"form","explode":true,"schema":{"type":"string"}}],"responses":{"200":{"description":"Retorna lista com os serviços.","content":{"application/json":{"schema":{"type":"array","items":{"$ref":"#/components/schemas/Item"}}}}},"401":{"description":"Token de acesso inexistente, inválido ou expirado."}}}},"/states":{"get":{"tags":["locations"],"summary":"Lista os estados do Brasil.","operationId":"list_states","responses":{"200":{"description":"Retorna lista com os estados.","content":{"application/json":{"schema":{"type":"array","items":{"$ref":"#/components/schemas/State"}}}}},"401":{"description":"Token de acesso inexistente, inválido ou expirado."}}}},"/cities":{"get":{"tags":["locations"],"summary":"Lista as cidades de um estado.","operationId":"list_cities","parameters":[{"name":"state_id","in":"query","description":"O id do estado.","required":true,"style":"form","explode":true,"schema":{"type":"integer"}}],"responses":{"200":{"description":"Retorna lista com as cidades do estado informado.","content":{"application/json":{"schema":{"type":"array","items":{"$ref":"#/components/schemas/City"}}}}},"401":{"description":"Token de acesso inexistente, inválido ou expirado."}}}}},"components":{"schemas":{"User":{"type":"object","properties":{"id":{"type":"integer"},"login":{"type":"string"},"name":{"type":"string"},"email":{"type":"string","format":"email"},"time_zone":{"type":"string"},"avatar_url":{"type":"string"},"active":{"type":"boolean"},"created_at":{"type":"string","format":"date-time"},"updated_at":{"type":"string","format":"date-time"}}},"Business":{"type":"object","properties":{"id":{"type":"integer"},"legal_name":{"type":"string"},"trade_name":{"type":"string"},"document1":{"type":"string"},"document2":{"type":"string"},"phone1":{"type":"string"},"phone2":{"type":"string"},"email":{"type":"string","format":"email"},"zip":{"type":"string"},"street":{"type":"string"},"number":{"type":"string"},"complement":{"type":"string"},"neighborhood":{"type":"string"},"active":{"type":"boolean"},"created_at":{"type":"string","format":"date-time"},"updated_at":{"type":"string","format":"date-time"},"city":{"$ref":"#/components/schemas/City"}}},"Customer":{"type":"object","properties":{"id":{"type":"integer","readOnly":true},"city_id":{"type":"integer","writeOnly":true},"kind":{"type":"string","enum":["person","company"]},"name":{"type":"string"},"document1":{"type":"string"},"document2":{"type":"string"},"phone1":{"type":"string"},"phone2":{"type":"string"},"email":{"type":"string","format":"email"},"zip":{"type":"string"},"street":{"type":"string"},"number":{"type":"string"},"complement":{"type":"string"},"neighborhood":{"type":"string"},"created_at":{"type":"string","format":"date-time","readOnly":true},"updated_at":{"type":"string","format":"date-time","readOnly":true},"city":{"readOnly":true,"allOf":[{"$ref":"#/components/schemas/City"}]}}},"Vehicle":{"type":"object","properties":{"id":{"type":"integer","readOnly":true},"model_id":{"type":"integer","writeOnly":true},"license_plate":{"type":"string"},"manufacture_year":{"type":"integer"},"model_year":{"type":"integer"},"chassis":{"type":"string"},"created_at":{"type":"string","format":"date-time","readOnly":true},"updated_at":{"type":"string","format":"date-time","readOnly":true},"model":{"readOnly":true,"allOf":[{"$ref":"#/components/schemas/VehicleModel"}]},"owner":{"readOnly":true,"allOf":[{"$ref":"#/components/schemas/Customer"}]}}},"VehicleModel":{"type":"object","properties":{"id":{"type":"integer"},"name":{"type":"string"},"brand":{"$ref":"#/components/schemas/VehicleBrand"}}},"VehicleBrand":{"type":"object","properties":{"id":{"type":"integer"},"name":{"type":"string"}}},"Item":{"type":"object","properties":{"id":{"type":"integer","readOnly":true},"kind":{"type":"string","enum":["product","service"]},"name":{"type":"string"},"unit":{"type":"string"},"sku":{"type":"string"},"gtin":{"type":"string"},"sale_price":{"type":"number","format":"decimal"},"created_at":{"type":"string","format":"date-time","readOnly":true},"updated_at":{"type":"string","format":"date-time","readOnly":true}}},"City":{"type":"object","properties":{"id":{"type":"integer"},"name":{"type":"string"},"state":{"$ref":"#/components/schemas/State"}}},"State":{"type":"object","properties":{"id":{"type":"integer"},"name":{"type":"string"},"abbreviation":{"type":"string"}}}},"responses":{"DeletedSuccessfully":{"description":"Registro excluído com sucesso."},"UnauthorizedError":{"description":"Token de acesso inexistente, inválido ou expirado."},"NotFound":{"description":"Quando um registro não for encontrado."},"UnprocessableEntity":{"description":"Em caso de erro de validação."}},"parameters":{"itemsSearch":{"name":"q","in":"query","description":"Pesquisa pelo nome, SKU e GTIN dos itens.","required":false,"style":"form","explode":true,"schema":{"type":"string"}}},"securitySchemes":{"bearerAuth":{"type":"http","scheme":"bearer","bearerFormat":"JWT"}}}}