{"openapi":"3.0.0","info":{"title":"Simple Inventory API","description":"This is a simple API","contact":{"email":"you@your-company.com"},"license":{"name":"Apache 2.0","url":"http://www.apache.org/licenses/LICENSE-2.0.html"},"version":"1.0.0"},"servers":[{"url":"https://virtserver.swaggerhub.com/AWSchool/user/1.0.0","description":"SwaggerHub API Auto Mocking"}],"tags":[{"name":"admins","description":"Secured Admin-only calls"},{"name":"developers","description":"Operations available to regular developers"}],"paths":{"/profile":{"get":{"tags":["auth"],"summary":"get user info","description":"You can get the profile for the auth user\n","operationId":"getProfile","parameters":[{"name":"searchString","in":"query","description":"pass an optional search string for looking up inventory","required":false,"style":"form","explode":true,"schema":{"type":"string"}},{"name":"skip","in":"query","description":"number of records to skip for pagination","required":false,"style":"form","explode":true,"schema":{"minimum":0,"type":"integer","format":"int32"}},{"name":"limit","in":"query","description":"maximum number of records to return","required":false,"style":"form","explode":true,"schema":{"maximum":5E+1,"minimum":0,"type":"integer","format":"int32"}}],"responses":{"200":{"description":"search results matching criteria","content":{"application/json":{"schema":{"type":"array","items":{"$ref":"#/components/schemas/ProfileItem"}}}}},"400":{"description":"bad input parameter"}},"security":[{"bearerAuth":[]}]},"post":{"tags":["auth"],"summary":"update user info","description":"Adds an item to the system","operationId":"updateProfile","requestBody":{"description":"Inventory item to add","content":{"application/json":{"schema":{"$ref":"#/components/schemas/ProfileItem"}}}},"responses":{"201":{"description":"item created"},"400":{"description":"invalid input, object invalid"},"409":{"description":"an existing item already exists"}}}}},"components":{"schemas":{"ProfileItem":{"required":["email","id","name","phone"],"type":"object","properties":{"id":{"type":"string","format":"uuid","example":"d290f1ee-6c54-4b01-90e6-d701748f0851"},"name":{"type":"string","example":"Widget Adapter"},"phone":{"type":"string","example":"0987654321"},"email":{"type":"string","format":"email","example":"test@test.com"}}}},"securitySchemes":{"bearerAuth":{"type":"http","scheme":"bearer","bearerFormat":"JWT"}}}}