{"openapi":"3.0.0","info":{"title":"AXA Data Services","description":"These are example API definitions for the AXA Data Services. Quote, Policy, Customer & Claim offer complete data object representing the respective entity. However the constituent parts of a Policy or Quote are also surfaced, such as PolicyHeader, PrivateMotorCover, HomeCover, CommercialNonMotor, Vehicle, PersonRelationship etc as per the AXA360 Data Standard. All the APIs are read-only.","version":"1"},"externalDocs":{"description":"Find out more about Swagger","url":"http://swagger.io"},"servers":[{"url":"https://virtserver.swaggerhub.com/AXA-Ireland/axa-ireland-data-services/1","description":"SwaggerHub API Auto Mocking"}],"tags":[{"name":"policy","description":"Policy Data Services"},{"name":"quote","description":"Quote Data Services"},{"name":"claim","description":"Claims Data Services"},{"name":"bu-customer","description":"Customer Data Services"}],"paths":{"/policy/{policyId}":{"get":{"tags":["policy"],"summary":"Gets the complete policy object for a given policy ID.","operationId":"getpolicy","parameters":[{"name":"policyId","in":"path","description":"ID of policy to return","required":true,"style":"simple","explode":false,"schema":{"minimum":1,"type":"integer","format":"int64"}}],"responses":{"404":{"description":"The policy ID passed was not found"},"200":{"description":"Successful operation","content":{"application/json":{"schema":{"type":"object"}}}},"400":{"description":"Invalid Policy ID format"}}}},"/policy/{policyId}/policyheader":{"get":{"tags":["policy"],"summary":"Returns the Policy Header object for a given policy ID. The policy header provides top lvel summary information about a policy.","operationId":"getpolicyheader","parameters":[{"name":"policyId","in":"path","description":"ID of policy to return","required":true,"style":"simple","explode":false,"schema":{"minimum":1,"type":"integer","format":"int64"}}],"responses":{"404":{"description":"The policy ID passed was not found"},"200":{"description":"Successful operation"},"400":{"description":"Invalid Policy ID format"}}}},"/policy/{policyId}/cover":{"get":{"tags":["policy"],"summary":"Returns the cover object for a given policy ID. This will be either a Home Cover, Private Motor Cover, Commercial Non-Motor Cover, Commercial Motor Cover or Farm Cover depending on the policy type.","operationId":"getpolicyprivatemotorcover","parameters":[{"name":"policyId","in":"path","description":"ID of policy to return","required":true,"style":"simple","explode":false,"schema":{"minimum":1,"type":"integer","format":"int64"}}],"responses":{"404":{"description":"The policy ID passed was not found"},"200":{"description":"Successful operation"},"400":{"description":"Invalid Policy ID format OR invalid content request (e.g passing a home policy ID that doesnt contain a private motor cover record)"}}}},"/policy/{policyId}/cover/vehicles":{"get":{"tags":["policy"],"summary":"Returns the vehicle collection for a given policy","operationId":"getpolicyvehicles","parameters":[{"name":"policyId","in":"path","description":"ID of policy to return","required":true,"style":"simple","explode":false,"schema":{"minimum":1,"type":"integer","format":"int64"}}],"responses":{"404":{"description":"The policy ID passed was not found"},"200":{"description":"Successful operation"},"400":{"description":"Invalid Policy ID format OR invalid content request (e.g passing a home policy ID that doesnt contain a vehicle records)"}}}},"/policy/{policyId}/cover/vehicles/{vehicleId}":{"get":{"tags":["policy"],"summary":"Returns the specified vehicle record for a given policy","operationId":"getpolicyvehiclebyid","parameters":[{"name":"policyId","in":"path","description":"ID of policy to return","required":true,"style":"simple","explode":false,"schema":{"minimum":1,"type":"integer","format":"int64"}},{"name":"vehicleId","in":"path","description":"ID of vehicle record to return","required":true,"style":"simple","explode":false,"schema":{"minimum":1,"type":"integer","format":"int64"}}],"responses":{"404":{"description":"The policy ID passed was not found"},"200":{"description":"Successful operation"},"400":{"description":"Invalid Policy ID format OR invalid content request (e.g passing a home policy ID that doesnt contain a vehicle records)"}}}},"/policy/{policyId}/cover/person-relationships":{"get":{"tags":["policy"],"summary":"Returns a collection of person relationships for a given policy","operationId":"getpolicypersonrelationships","parameters":[{"name":"policyId","in":"path","description":"ID of policy to return","required":true,"style":"simple","explode":false,"schema":{"minimum":1,"type":"integer","format":"int64"}}],"responses":{"404":{"description":"The policy ID passed was not found"},"200":{"description":"Successful operation"},"400":{"description":"Invalid Policy ID format OR invalid content request (e.g passing a home policy ID that doesnt contain a vehicle records)"}}}},"/policy/{policyId}/cover/person-relationships/{personrelationshipId}":{"get":{"tags":["policy"],"summary":"Returns a specific person relationship for a given policy","operationId":"getpolicypersonrelationshipsbyid","parameters":[{"name":"policyId","in":"path","description":"ID of policy to return","required":true,"style":"simple","explode":false,"schema":{"minimum":1,"type":"integer","format":"int64"}},{"name":"personrelationshipId","in":"path","description":"ID of person relationship to return","required":true,"style":"simple","explode":false,"schema":{"minimum":1,"type":"integer","format":"int64"}}],"responses":{"404":{"description":"The person relationship ID or policy id passed was not found"},"200":{"description":"Successful operation"},"400":{"description":"Invalid Policy ID format OR invalid content request (e.g passing a home policy ID that doesnt contain a vehicle records)"}}}},"/policy/{policyId}/cover/addresses":{"get":{"tags":["policy"],"summary":"Returns a collection of addresses associated with a given policy","operationId":"getpolicyaddresses","parameters":[{"name":"policyId","in":"path","description":"ID of policy to return","required":true,"style":"simple","explode":false,"schema":{"minimum":1,"type":"integer","format":"int64"}}],"responses":{"404":{"description":"The person relationship ID or policy id passed was not found"},"200":{"description":"Successful operation"},"400":{"description":"Invalid Policy ID format OR invalid content request (e.g passing a home policy ID that doesnt contain a vehicle records)"}}}},"/policy/{policyId}/cover/addresses/{addressId}":{"get":{"tags":["policy"],"summary":"Returns a specific addresses associated with a given policy","operationId":"getpolicyaddressesbyid","parameters":[{"name":"policyId","in":"path","description":"ID of policy to return","required":true,"style":"simple","explode":false,"schema":{"minimum":1,"type":"integer","format":"int64"}},{"name":"addressId","in":"path","description":"ID of address to return","required":true,"style":"simple","explode":false,"schema":{"minimum":1,"type":"integer","format":"int64"}}],"responses":{"404":{"description":"The address ID or policy id passed was not found"},"200":{"description":"Successful operation"},"400":{"description":"Invalid Policy ID format OR invalid content request (e.g passing a home policy ID that doesnt contain a vehicle records)"}}}},"/policy/{policyId}/cover/optional-covers":{"get":{"tags":["policy"],"summary":"Returns a collection of optional covers associated with a given policy","operationId":"getpolicyoptionalcovers","parameters":[{"name":"policyId","in":"path","description":"ID of policy to return","required":true,"style":"simple","explode":false,"schema":{"minimum":1,"type":"integer","format":"int64"}}],"responses":{"404":{"description":"The policy id passed was not found"},"200":{"description":"Successful operation"},"400":{"description":"Invalid Policy ID format OR invalid content request (e.g passing a home policy ID that doesnt contain a vehicle records)"}}}},"/policy/{policyId}/cover/optional-covers/{optionalcoverId}":{"get":{"tags":["policy"],"summary":"Returns a collection of optional covers associated with a given policy","operationId":"getpolicyoptionalcoversbyid","parameters":[{"name":"policyId","in":"path","description":"ID of policy to return","required":true,"style":"simple","explode":false,"schema":{"minimum":1,"type":"integer","format":"int64"}},{"name":"optionalcoverId","in":"path","description":"ID of policy to return","required":true,"style":"simple","explode":false,"schema":{"minimum":1,"type":"integer","format":"int64"}}],"responses":{"404":{"description":"The optional-cover ID or policy id passed was not found"},"200":{"description":"Successful operation"},"400":{"description":"Invalid Policy ID format OR invalid content request (e.g passing a home policy ID that doesnt contain a vehicle records)"}}}},"/policy/{policyId}/quote":{"get":{"tags":["policy"],"summary":"Returns the quote object for a given policy ID. A policy only has 1 quote","operationId":"getpolicyquote","parameters":[{"name":"policyId","in":"path","description":"ID of policy to return","required":true,"style":"simple","explode":false,"schema":{"minimum":1,"type":"integer","format":"int64"}}],"responses":{"404":{"description":"The policy ID passed was not found"},"200":{"description":"Successful operation"},"400":{"description":"Invalid Policy ID format OR invalid content request (e.g passing a home policy ID that doesnt contain a private motor cover record)"}}}},"/policy/{policyId}/policy-amendment":{"get":{"tags":["policy"],"summary":"Returns a collection of policy amendments for a given policy id","operationId":"getpolicyamendment","parameters":[{"name":"policyId","in":"path","description":"ID of policy to return","required":true,"style":"simple","explode":false,"schema":{"minimum":1,"type":"integer","format":"int64"}}],"responses":{"404":{"description":"The policy ID passed was not found"},"200":{"description":"Successful operation"},"400":{"description":"Invalid Policy ID format"}}}},"/policy/{policyId}/policy-amendment/{policyamendmentId}":{"get":{"tags":["policy"],"summary":"Returns a specific policy amendment for a given policy id","operationId":"getpolicyamendmentbyid","parameters":[{"name":"policyId","in":"path","description":"ID of policy to return","required":true,"style":"simple","explode":false,"schema":{"minimum":1,"type":"integer","format":"int64"}},{"name":"policyamendmentId","in":"path","description":"ID of policy amendment to return","required":true,"style":"simple","explode":false,"schema":{"minimum":1,"type":"integer","format":"int64"}}],"responses":{"404":{"description":"The policy ID passed was not found"},"200":{"description":"Successful operation"},"400":{"description":"Invalid Policy ID format"}}}},"/policy/{policyId}/policy-collateral-statuses":{"get":{"tags":["policy"],"summary":"Returns a collection of policy collateral status objects for a given policy id","operationId":"getpolicycollateralstatuses","parameters":[{"name":"policyId","in":"path","description":"ID of policy to return","required":true,"style":"simple","explode":false,"schema":{"minimum":1,"type":"integer","format":"int64"}}],"responses":{"404":{"description":"The policy ID passed was not found"},"200":{"description":"Successful operation"},"400":{"description":"Invalid Policy ID format"}}}},"/policy/{policyId}/policy-collateral-statuses/{policycollateralstatusId}":{"get":{"tags":["policy"],"summary":"Returns specific policy collateral status object for a given policy id","operationId":"getpolicycollateralstatusbyid","parameters":[{"name":"policyId","in":"path","description":"ID of policy to return","required":true,"style":"simple","explode":false,"schema":{"minimum":1,"type":"integer","format":"int64"}},{"name":"policycollateralstatusId","in":"path","description":"ID of policy collateral status to return","required":true,"style":"simple","explode":false,"schema":{"minimum":1,"type":"integer","format":"int64"}}],"responses":{"404":{"description":"The policy ID passed was not found"},"200":{"description":"Successful operation"},"400":{"description":"Invalid Policy ID format"}}}},"/policy/{policyId}/issued-documents":{"get":{"tags":["policy"],"summary":"Returns a collection of issued document objects for a given policy id","operationId":"getpolicyissueddocuments","parameters":[{"name":"policyId","in":"path","description":"ID of policy to return","required":true,"style":"simple","explode":false,"schema":{"minimum":1,"type":"integer","format":"int64"}}],"responses":{"404":{"description":"The policy ID passed was not found"},"200":{"description":"Successful operation"},"400":{"description":"Invalid Policy ID format"}}}},"/policy/{policyId}/issued-documents/{issueddocumentId}":{"get":{"tags":["policy"],"summary":"Returns a collection of issued document objects for a given policy id","operationId":"getpolicyissueddocumentsbyid","parameters":[{"name":"policyId","in":"path","description":"ID of policy to return","required":true,"style":"simple","explode":false,"schema":{"minimum":1,"type":"integer","format":"int64"}},{"name":"issueddocumentId","in":"path","description":"ID of issued document to return","required":true,"style":"simple","explode":false,"schema":{"minimum":1,"type":"integer","format":"int64"}}],"responses":{"404":{"description":"The policy ID passed was not found"},"200":{"description":"Successful operation"},"400":{"description":"Invalid Policy ID format"}}}},"/policy/{policyId}/premium-payments":{"get":{"tags":["policy"],"summary":"Returns a collection ofpremium payment objects for a given policy id","operationId":"getpolicypremiumpayments","parameters":[{"name":"policyId","in":"path","description":"ID of policy to return","required":true,"style":"simple","explode":false,"schema":{"minimum":1,"type":"integer","format":"int64"}}],"responses":{"404":{"description":"The policy ID passed was not found"},"200":{"description":"Successful operation"},"400":{"description":"Invalid Policy ID format"}}}},"/policy/{policyId}/premium-payments/{premiumpaymentId}":{"get":{"tags":["policy"],"summary":"Returns a specific premium payment object for a given policy id","operationId":"getpolicypremiumpaymentsbyid","parameters":[{"name":"policyId","in":"path","description":"ID of policy to return","required":true,"style":"simple","explode":false,"schema":{"minimum":1,"type":"integer","format":"int64"}},{"name":"premiumpaymentId","in":"path","description":"ID of policy to return","required":true,"style":"simple","explode":false,"schema":{"minimum":1,"type":"integer","format":"int64"}}],"responses":{"404":{"description":"The policy ID passed was not found"},"200":{"description":"Successful operation"},"400":{"description":"Invalid Policy ID format"}}}},"/policy/{policyId}/claims":{"get":{"tags":["policy"],"summary":"Returns a collection of claim objects for a given policy id. These objects will contain the top level claim object only. The Claims data service can be used to extract more detail.","operationId":"getpolicyclaims","parameters":[{"name":"policyId","in":"path","description":"ID of policy to return","required":true,"style":"simple","explode":false,"schema":{"minimum":1,"type":"integer","format":"int64"}}],"responses":{"404":{"description":"The policy ID passed was not found"},"200":{"description":"Successful operation"},"400":{"description":"Invalid Policy ID format"}}}},"/quote/{quoteId}":{"get":{"tags":["quote"],"summary":"Gets the complete quote object for a given quote ID.","operationId":"getquote","parameters":[{"name":"quoteId","in":"path","description":"ID of quote to return","required":true,"style":"simple","explode":false,"schema":{"minimum":1,"type":"integer","format":"int64"}}],"responses":{"404":{"description":"The quote ID passed was not found"},"200":{"description":"Successful operation","content":{"application/json":{"schema":{"type":"object"}}}},"400":{"description":"Invalid Policy ID format"}}}},"/quote/{quoteId}/quoteheader":{"get":{"tags":["quote"],"summary":"Returns the Policy Header object for a given quote ID. The quote header provides top lvel summary information about a quote.","operationId":"getquoteheader","parameters":[{"name":"quoteId","in":"path","description":"ID of quote to return","required":true,"style":"simple","explode":false,"schema":{"minimum":1,"type":"integer","format":"int64"}}],"responses":{"404":{"description":"The quote ID passed was not found"},"200":{"description":"Successful operation"},"400":{"description":"Invalid Policy ID format"}}}},"/quote/{quoteId}/cover":{"get":{"tags":["quote"],"summary":"Returns the cover object for a given quote ID. This will be either a Home Cover, Private Motor Cover, Commercial Non-Motor Cover, Commercial Motor Cover or Farm Cover depending on the quote type.","operationId":"getquoteprivatemotorcover","parameters":[{"name":"quoteId","in":"path","description":"ID of quote to return","required":true,"style":"simple","explode":false,"schema":{"minimum":1,"type":"integer","format":"int64"}}],"responses":{"404":{"description":"The quote ID passed was not found"},"200":{"description":"Successful operation"},"400":{"description":"Invalid Policy ID format OR invalid content request (e.g passing a home quote ID that doesnt contain a private motor cover record)"}}}},"/quote/{quoteId}/cover/vehicles":{"get":{"tags":["quote"],"summary":"Returns the vehicle collection for a given quote","operationId":"getquotevehicles","parameters":[{"name":"quoteId","in":"path","description":"ID of quote to return","required":true,"style":"simple","explode":false,"schema":{"minimum":1,"type":"integer","format":"int64"}}],"responses":{"404":{"description":"The quote ID passed was not found"},"200":{"description":"Successful operation"},"400":{"description":"Invalid Policy ID format OR invalid content request (e.g passing a home quote ID that doesnt contain a vehicle records)"}}}},"/quote/{quoteId}/cover/vehicles/{vehicleId}":{"get":{"tags":["quote"],"summary":"Returns the specified vehicle record for a given quote","operationId":"getquotevehiclebyid","parameters":[{"name":"quoteId","in":"path","description":"ID of quote to return","required":true,"style":"simple","explode":false,"schema":{"minimum":1,"type":"integer","format":"int64"}},{"name":"vehicleId","in":"path","description":"ID of vehicle record to return","required":true,"style":"simple","explode":false,"schema":{"minimum":1,"type":"integer","format":"int64"}}],"responses":{"404":{"description":"The quote ID passed was not found"},"200":{"description":"Successful operation"},"400":{"description":"Invalid Policy ID format OR invalid content request (e.g passing a home quote ID that doesnt contain a vehicle records)"}}}},"/quote/{quoteId}/cover/person-relationships":{"get":{"tags":["quote"],"summary":"Returns a collection of person relationships for a given quote","operationId":"getquotepersonrelationships","parameters":[{"name":"quoteId","in":"path","description":"ID of quote to return","required":true,"style":"simple","explode":false,"schema":{"minimum":1,"type":"integer","format":"int64"}}],"responses":{"404":{"description":"The quote ID passed was not found"},"200":{"description":"Successful operation"},"400":{"description":"Invalid Policy ID format OR invalid content request (e.g passing a home quote ID that doesnt contain a vehicle records)"}}}},"/quote/{quoteId}/cover/person-relationships/{personrelationshipId}":{"get":{"tags":["quote"],"summary":"Returns a specific person relationship for a given quote","operationId":"getquotepersonrelationshipsbyid","parameters":[{"name":"quoteId","in":"path","description":"ID of quote to return","required":true,"style":"simple","explode":false,"schema":{"minimum":1,"type":"integer","format":"int64"}},{"name":"personrelationshipId","in":"path","description":"ID of person relationship to return","required":true,"style":"simple","explode":false,"schema":{"minimum":1,"type":"integer","format":"int64"}}],"responses":{"404":{"description":"The person relationship ID or quote id passed was not found"},"200":{"description":"Successful operation"},"400":{"description":"Invalid Policy ID format OR invalid content request (e.g passing a home quote ID that doesnt contain a vehicle records)"}}}},"/quote/{quoteId}/cover/addresses":{"get":{"tags":["quote"],"summary":"Returns a collection of addresses associated with a given quote","operationId":"getquoteaddresses","parameters":[{"name":"quoteId","in":"path","description":"ID of quote to return","required":true,"style":"simple","explode":false,"schema":{"minimum":1,"type":"integer","format":"int64"}}],"responses":{"404":{"description":"The person relationship ID or quote id passed was not found"},"200":{"description":"Successful operation"},"400":{"description":"Invalid Policy ID format OR invalid content request (e.g passing a home quote ID that doesnt contain a vehicle records)"}}}},"/quote/{quoteId}/cover/addresses/{addressId}":{"get":{"tags":["quote"],"summary":"Returns a specific addresses associated with a given quote","operationId":"getquoteaddressesbyid","parameters":[{"name":"quoteId","in":"path","description":"ID of quote to return","required":true,"style":"simple","explode":false,"schema":{"minimum":1,"type":"integer","format":"int64"}},{"name":"addressId","in":"path","description":"ID of address to return","required":true,"style":"simple","explode":false,"schema":{"minimum":1,"type":"integer","format":"int64"}}],"responses":{"404":{"description":"The address ID or quote id passed was not found"},"200":{"description":"Successful operation"},"400":{"description":"Invalid Policy ID format OR invalid content request (e.g passing a home quote ID that doesnt contain a vehicle records)"}}}},"/quote/{quoteId}/cover/optional-covers":{"get":{"tags":["quote"],"summary":"Returns a collection of optional covers associated with a given quote","operationId":"getquoteoptionalcovers","parameters":[{"name":"quoteId","in":"path","description":"ID of quote to return","required":true,"style":"simple","explode":false,"schema":{"minimum":1,"type":"integer","format":"int64"}}],"responses":{"404":{"description":"The quote id passed was not found"},"200":{"description":"Successful operation"},"400":{"description":"Invalid Policy ID format OR invalid content request (e.g passing a home quote ID that doesnt contain a vehicle records)"}}}},"/quote/{quoteId}/cover/optional-covers/{optionalcoverId}":{"get":{"tags":["quote"],"summary":"Returns a collection of optional covers associated with a given quote","operationId":"getquoteoptionalcoversbyid","parameters":[{"name":"quoteId","in":"path","description":"ID of quote to return","required":true,"style":"simple","explode":false,"schema":{"minimum":1,"type":"integer","format":"int64"}},{"name":"optionalcoverId","in":"path","description":"ID of quote to return","required":true,"style":"simple","explode":false,"schema":{"minimum":1,"type":"integer","format":"int64"}}],"responses":{"404":{"description":"The optional-cover ID or quote id passed was not found"},"200":{"description":"Successful operation"},"400":{"description":"Invalid Policy ID format OR invalid content request (e.g passing a home quote ID that doesnt contain a vehicle records)"}}}},"/claim/{claimId}":{"get":{"tags":["claim"],"summary":"Gets the complete claim object for a given claim ID.","operationId":"getclaim","parameters":[{"name":"claimId","in":"path","description":"ID of claim to return","required":true,"style":"simple","explode":false,"schema":{"minimum":1,"type":"integer","format":"int64"}}],"responses":{"404":{"description":"The claim ID passed was not found"},"200":{"description":"Successful operation","content":{"application/json":{"schema":{"type":"object"}}}},"400":{"description":"Invalid claim ID format"}}}},"/claim/{claimId}/claimDetail":{"get":{"tags":["claim"],"summary":"Gets the claim detail object for a given claim ID.","operationId":"getclaimdetail","parameters":[{"name":"claimId","in":"path","description":"ID of claim to return","required":true,"style":"simple","explode":false,"schema":{"minimum":1,"type":"integer","format":"int64"}}],"responses":{"404":{"description":"The claim ID passed was not found"},"200":{"description":"Successful operation","content":{"application/json":{"schema":{"type":"object"}}}},"400":{"description":"Invalid claim ID format"}}}},"/claim/{claimId}/settlement":{"get":{"tags":["claim"],"summary":"Gets the claim settlement object for a given claim ID.","operationId":"getclaimsettlement","parameters":[{"name":"claimId","in":"path","description":"ID of claim to return","required":true,"style":"simple","explode":false,"schema":{"minimum":1,"type":"integer","format":"int64"}}],"responses":{"404":{"description":"The claim ID passed was not found"},"200":{"description":"Successful operation","content":{"application/json":{"schema":{"type":"object"}}}},"400":{"description":"Invalid claim ID format"}}}},"/claim/{claimId}/claimant":{"get":{"tags":["claim"],"summary":"Gets the claim settlement object for a given claim ID.","operationId":"getclaimclaimant","parameters":[{"name":"claimId","in":"path","description":"ID of claim to return","required":true,"style":"simple","explode":false,"schema":{"minimum":1,"type":"integer","format":"int64"}}],"responses":{"404":{"description":"The claim ID passed was not found"},"200":{"description":"Successful operation","content":{"application/json":{"schema":{"type":"object"}}}},"400":{"description":"Invalid claim ID format"}}}},"/bu-customer/{legalEntityId}":{"get":{"tags":["bu-customer"],"summary":"Gets the business unit customer object for a for a given legal entity id.","operationId":"getcustomer","parameters":[{"name":"legalEntityId","in":"path","description":"LegalEntity ID of the customer","required":true,"style":"simple","explode":false,"schema":{"minimum":1,"type":"integer","format":"int64"}}],"responses":{"404":{"description":"The LEID passed was not found"},"200":{"description":"Successful operation"},"400":{"description":"Invalid LEID format"}}}},"/bu-customer/{legalEntityId}/policyheaders":{"get":{"tags":["bu-customer"],"summary":"Gets a list of policy headers for a given LEID. The Policy data service can be used to extract specific policy information","operationId":"getcustomerpolicies","parameters":[{"name":"legalEntityId","in":"path","description":"LegalEntity ID of the customer","required":true,"style":"simple","explode":false,"schema":{"minimum":1,"type":"integer","format":"int64"}}],"responses":{"404":{"description":"The LEID passed was not found"},"200":{"description":"Successful operation"},"400":{"description":"Invalid LEID format"}}}},"/bu-customer/{legalEntityId}/quoteheaders":{"get":{"tags":["bu-customer"],"summary":"Gets a list of quote headers for a given LEID. The Quote data service can be used to extract specific quote information","operationId":"getcustomerquotes","parameters":[{"name":"legalEntityId","in":"path","description":"LegalEntity ID of the customer","required":true,"style":"simple","explode":false,"schema":{"minimum":1,"type":"integer","format":"int64"}}],"responses":{"404":{"description":"The LEID passed was not found"},"200":{"description":"Successful operation"},"400":{"description":"Invalid LEID format"}}}},"/bu-customer":{"get":{"tags":["bu-customer"],"summary":"Returns an array of business unit customers matching the specified criteria.","operationId":"getcustomercollection","parameters":[{"name":"firstName","in":"query","description":"First Name of the customer","required":false,"style":"form","explode":true,"schema":{"type":"string"}},{"name":"lastName","in":"query","description":"Last Name of the customer","required":false,"style":"form","explode":true,"schema":{"type":"string"}}],"responses":{"200":{"description":"Successful operation"},"400":{"description":"Invalid request parameters"}}}}}}