{"openapi":"3.0.0","info":{"title":"Restobook","description":"RestoBook Endpoint List","version":"1.0.0"},"servers":[{"url":"https://virtserver.swaggerhub.com/Axelworld3/RestoBook/1.0.0","description":"SwaggerHub API Auto Mocking"},{"url":"https://herlianto-github.cloud.okteto.net","description":"Production"},{"url":"http://18.136.199.65","description":"Testing"},{"url":"https://localhost:8000","description":"Demo"}],"paths":{"/admin/register":{"post":{"tags":["Admin"],"summary":"Register Admin","requestBody":{"content":{"application/json":{"schema":{"$ref":"#/components/schemas/AdminSchemaRegister"}}},"required":true},"responses":{"200":{"description":"Successful Operation","content":{"application/json":{"schema":{"type":"object","properties":{"code":{"type":"number"},"message":{"type":"string"},"data":{"type":"string"}},"example":{"code":200,"message":"Successful Operation","data":{"id":1,"name":"admin","email":"admin@outlook.my","no_hp":"08527645362","reputation":80}}}}}},"400":{"description":"Bad Request","content":{"application/json":{"schema":{"type":"object","properties":{"code":{"type":"number","example":4E+2},"message":{"type":"string","example":"Bad Request"}}}}}},"500":{"description":"Internal Server Error","content":{"application/json":{"schema":{"type":"object","properties":{"code":{"type":"number","example":5E+2},"message":{"type":"string","example":"Internal Server Error"}}}}}}}}},"/admin/login":{"post":{"tags":["Admin"],"summary":"Login Admin","requestBody":{"content":{"application/json":{"schema":{"$ref":"#/components/schemas/AdminSchemaLogin"}}},"required":true},"responses":{"200":{"description":"Successful Operation","content":{"application/json":{"schema":{"type":"object","properties":{"code":{"type":"number"},"message":{"type":"string"},"token":{"type":"string"}},"example":{"code":200,"message":"Successful Operation","token":"eyJhbGciOiJIUzI1NiIsInR5cCI6IkpXVCJ9.eyJhdXRob3JpemVkIjp0cnVlLCJleHAiOjE2NDQ4OTcyMDMsInJlc3RvaWQiOjF9.bk25oly9yS2SAdVjQi0yuBvW9yXQ03pnrw2CKhlwMC0"}}}}},"400":{"description":"Bad Request","content":{"application/json":{"schema":{"type":"object","properties":{"code":{"type":"number","example":4E+2},"message":{"type":"string","example":"Bad Request"}}}}}},"404":{"description":"Not Found","content":{"application/json":{"schema":{"type":"object","properties":{"code":{"type":"number","example":404},"message":{"type":"string","example":"Not Found"}}}}}}}}},"/admin/waiting":{"get":{"tags":["Admin"],"summary":"Get all restaurant waiting for approve","responses":{"200":{"description":"Successful Operation","content":{"application/json":{"schema":{"type":"object","properties":{"code":{"type":"number"},"message":{"type":"string"},"data":{"type":"string"}},"example":{"code":200,"message":"Successful Operation","data":[{"id":1,"name":"Restaurant Nasi Padang","email":"resto1@gmail.com","phone":8.5374857365E10},{"id":2,"name":"Restaurant Tegal","email":"resto2@gmail.com","phone":8.5573857365E10}]}}}}},"500":{"description":"Internal Server Error","content":{"application/json":{"schema":{"type":"object","properties":{"code":{"type":"number","example":5E+2},"message":{"type":"string","example":"Internal Server Error"}}}}}}},"security":[{"bearerAuth":[]}]}},"/admin/approve/:id":{"post":{"tags":["Admin"],"summary":"Admin Approve Restaurant","responses":{"200":{"description":"Successful Operation","content":{"application/json":{"schema":{"type":"object","properties":{"code":{"type":"number"},"message":{"type":"string"},"data":{"type":"string"}},"example":{"code":200,"message":"Successful Operation","data":{"id":1,"name":"Restaurant Nasi Padang","email":"resto1@gmail.com","phone":8.5374857365E10,"status":"OPEN"}}}}}},"400":{"description":"Bad Request","content":{"application/json":{"schema":{"type":"object","properties":{"code":{"type":"number","example":4E+2},"message":{"type":"string","example":"Bad Request"}}}}}},"404":{"description":"Not Found","content":{"application/json":{"schema":{"type":"object","properties":{"code":{"type":"number","example":404},"message":{"type":"string","example":"Not Found"}}}}}}},"security":[{"bearerAuth":[]}]}},"/users/register":{"post":{"tags":["Users"],"summary":"Register User","requestBody":{"content":{"application/json":{"schema":{"$ref":"#/components/schemas/UsersSchemaRegister"}}},"required":true},"responses":{"200":{"description":"Successful Operation","content":{"application/json":{"schema":{"type":"object","properties":{"code":{"type":"number"},"message":{"type":"string"},"data":{"type":"string"}},"example":{"code":200,"message":"Successful Operation","data":{"id":1,"name":"herlianto","email":"herlianto@outlook.my","no_hp":"08527645362","reputation":80}}}}}},"400":{"description":"Bad Request","content":{"application/json":{"schema":{"type":"object","properties":{"code":{"type":"number","example":4E+2},"message":{"type":"string","example":"Bad Request"}}}}}},"500":{"description":"Internal Server Error","content":{"application/json":{"schema":{"type":"object","properties":{"code":{"type":"number","example":5E+2},"message":{"type":"string","example":"Internal Server Error"}}}}}}}}},"/users/login":{"post":{"tags":["Users"],"summary":"Login User","requestBody":{"content":{"application/json":{"schema":{"$ref":"#/components/schemas/UsersSchemaLogin"}}},"required":true},"responses":{"200":{"description":"Successful Operation","content":{"application/json":{"schema":{"type":"object","properties":{"code":{"type":"number"},"message":{"type":"string"},"token":{"type":"string"}},"example":{"code":200,"message":"Successful Operation","token":"eyJhbGciOiJIUzI1NiIsInR5cCI6IkpXVCJ9.eyJhdXRob3JpemVkIjp0cnVlLCJleHAiOjE2NDQ4OTcyMDMsInJlc3RvaWQiOjF9.bk25oly9yS2SAdVjQi0yuBvW9yXQ03pnrw2CKhlwMC0"}}}}},"400":{"description":"Bad Request","content":{"application/json":{"schema":{"type":"object","properties":{"code":{"type":"number","example":4E+2},"message":{"type":"string","example":"Bad Request"}}}}}},"404":{"description":"Not Found","content":{"application/json":{"schema":{"type":"object","properties":{"code":{"type":"number","example":404},"message":{"type":"string","example":"Not Found"}}}}}}}}},"/user":{"get":{"tags":["Users"],"summary":"Get User Profile","responses":{"200":{"description":"Successful Operation","content":{"application/json":{"schema":{"type":"object","properties":{"code":{"type":"number"},"message":{"type":"string"},"data":{"type":"string"}},"example":{"code":200,"message":"Successful Operation","data":{"id":1,"name":"herlianto","email":"herlianto@outlook.my","password":"aslkdha2skld3asdhlk","no_hp":"08527645362","reputation":80,"balance":2000000}}}}}},"500":{"description":"Internal Server Error","content":{"application/json":{"schema":{"type":"object","properties":{"code":{"type":"number","example":5E+2},"message":{"type":"string","example":"Internal Server Error"}}}}}}},"security":[{"bearerAuth":[]}]},"put":{"tags":["Users"],"summary":"Update User By ID","requestBody":{"content":{"application/json":{"schema":{"$ref":"#/components/schemas/UsersSchemaUpdate"}}}},"responses":{"200":{"description":"Successful Operation","content":{"application/json":{"schema":{"type":"object","properties":{"code":{"type":"number"},"message":{"type":"string"},"data":{"type":"string"}},"example":{"code":200,"message":"Successful Operation","data":{"id":1,"name":"herlianto","email":"herlianto@outlook.my","password":"aslkdha2skld3asdhlk","no_hp":"08527645362","reputation":80}}}}}},"400":{"description":"Bad Request","content":{"application/json":{"schema":{"type":"object","properties":{"code":{"type":"number","example":4E+2},"message":{"type":"string","example":"Bad Request"}}}}}},"401":{"description":"Access token is missing or invalid","content":{"application/json":{"schema":{"type":"object","properties":{"message":{"type":"string","example":"Missing or Malformed JWT"}}}}}},"404":{"description":"Not Found","content":{"application/json":{"schema":{"type":"object","properties":{"code":{"type":"number","example":404},"message":{"type":"string","example":"Not Found"}}}}}},"500":{"description":"Internal Server Error","content":{"application/json":{"schema":{"type":"object","properties":{"code":{"type":"number","example":5E+2},"message":{"type":"string","example":"Internal Server Error"}}}}}}},"security":[{"bearerAuth":[]}]},"delete":{"tags":["Users"],"summary":"Delete User By ID","responses":{"200":{"description":"Successful Operation","content":{"application/json":{"schema":{"type":"object","properties":{"code":{"type":"number","example":2E+2},"message":{"type":"string","example":"Successful Operation"}}}}}},"400":{"description":"Bad Request","content":{"application/json":{"schema":{"type":"object","properties":{"code":{"type":"number","example":4E+2},"message":{"type":"string","example":"Bad Request"}}}}}},"401":{"description":"Access token is missing or invalid","content":{"application/json":{"schema":{"type":"object","properties":{"message":{"type":"string","example":"Missing or Malformed JWT"}}}}}},"404":{"description":"Not Found","content":{"application/json":{"schema":{"type":"object","properties":{"code":{"type":"number","example":404},"message":{"type":"string","example":"Not Found"}}}}}},"500":{"description":"Internal Server Error","content":{"application/json":{"schema":{"type":"object","properties":{"code":{"type":"number","example":5E+2},"message":{"type":"string","example":"Internal Server Error"}}}}}}},"security":[{"bearerAuth":[]}]}},"/topup":{"post":{"tags":["Topup"],"summary":"Create Topup","requestBody":{"content":{"application/json":{"schema":{"$ref":"#/components/schemas/TopupSchema"}}},"required":true},"responses":{"200":{"description":"Successful Operation","content":{"application/json":{"schema":{"type":"object","properties":{"code":{"type":"number"},"message":{"type":"string"},"data":{"type":"string"}},"example":{"code":200,"message":"Successful Operation","data":{"id":1,"user_id":1,"invoice_id":"9ADF6580EA0F420DA00B354F9E2ACBAD","payment_url":"https://checkout-staging.xendit.co/web/620b0812bcaa003fb111dc8a","total":6000000,"status":"PENDING"}}}}}},"400":{"description":"Bad Request","content":{"application/json":{"schema":{"type":"object","properties":{"code":{"type":"number","example":4E+2},"message":{"type":"string","example":"Bad Request"}}}}}},"401":{"description":"Access token is missing or invalid","content":{"application/json":{"schema":{"type":"object","properties":{"message":{"type":"string","example":"Missing or Malformed JWT"}}}}}},"404":{"description":"Not Found","content":{"application/json":{"schema":{"type":"object","properties":{"code":{"type":"number","example":404},"message":{"type":"string","example":"Not Found"}}}}}},"500":{"description":"Internal Server Error","content":{"application/json":{"schema":{"type":"object","properties":{"code":{"type":"number","example":5E+2},"message":{"type":"string","example":"Internal Server Error"}}}}}}},"security":[{"bearerAuth":[]}]}},"/restaurants/register":{"post":{"tags":["Restaurant"],"summary":"Register Restaurant","requestBody":{"content":{"application/json":{"schema":{"$ref":"#/components/schemas/RestaurantSchemaRegister"}}},"required":true},"responses":{"200":{"description":"Successful Operation","content":{"application/json":{"schema":{"type":"object","properties":{"code":{"type":"number"},"message":{"type":"string"},"data":{"type":"string"}},"example":{"code":200,"message":"Successful Operation","data":{"id":1,"name":"","email":"resto1@gmail.com","phone":""}}}}}},"400":{"description":"Bad Request","content":{"application/json":{"schema":{"type":"object","properties":{"code":{"type":"number","example":4E+2},"message":{"type":"string","example":"Bad Request"}}}}}},"500":{"description":"Internal Server Error","content":{"application/json":{"schema":{"type":"object","properties":{"code":{"type":"number","example":5E+2},"message":{"type":"string","example":"Internal Server Error"}}}}}}}}},"/restaurants/login":{"post":{"tags":["Restaurant"],"summary":"Login Restaurant","requestBody":{"content":{"application/json":{"schema":{"$ref":"#/components/schemas/RestaurantSchemaLogin"}}},"required":true},"responses":{"200":{"description":"Successful Operation","content":{"application/json":{"schema":{"type":"object","properties":{"code":{"type":"number"},"message":{"type":"string"},"token":{"type":"string"}},"example":{"code":200,"message":"Successful Operation","token":"eyJhbGciOiJIUzI1NiIsInR5cCI6IkpXVCJ9.eyJhdXRob3JpemVkIjp0cnVlLCJleHAiOjE2NDQ4OTcyMDMsInJlc3RvaWQiOjF9.bk25oly9yS2SAdVjQi0yuBvW9yXQ03pnrw2CKhlwMC0"}}}}},"400":{"description":"Bad Request","content":{"application/json":{"schema":{"type":"object","properties":{"code":{"type":"number","example":4E+2},"message":{"type":"string","example":"Bad Request"}}}}}},"500":{"description":"Internal Server Error","content":{"application/json":{"schema":{"type":"object","properties":{"code":{"type":"number","example":5E+2},"message":{"type":"string","example":"Internal Server Error"}}}}}}}}},"/myrestaurant/detail":{"put":{"tags":["Restaurant"],"summary":"Update Restaurant Detail","requestBody":{"content":{"application/json":{"schema":{"$ref":"#/components/schemas/RestaurantDetailSchema"}}},"required":true},"responses":{"200":{"description":"Successful Operation","content":{"application/json":{"schema":{"type":"object","properties":{"code":{"type":"number"},"message":{"type":"string"},"data":{"type":"string"}},"example":{"code":200,"message":"Successful Operation","data":{"id":1,"profile_picture":"url RestoBook.png","nama":"restaurant1","description":"Deskripsi Resto 1","rating":5,"open":"Monday,Tuesday,Wednesday","close":"Thursday,Friday,Saturday,Sunday","open_hour":"08:00","close_hour":"16:00","address":"Jl.Buntu No 404","city":"Jakarta","phone":"085463728564","latitude":"-7.522345","longitude":"110.330207","seats":"20","price":30000,"status":"OPEN"}}}}}},"400":{"description":"Bad Request","content":{"application/json":{"schema":{"type":"object","properties":{"code":{"type":"number","example":4E+2},"message":{"type":"string","example":"Bad Request"}}}}}},"500":{"description":"Internal Server Error","content":{"application/json":{"schema":{"type":"object","properties":{"code":{"type":"number","example":5E+2},"message":{"type":"string","example":"Internal Server Error"}}}}}}},"security":[{"bearerAuth":[]}]},"post":{"tags":["Restaurant"],"summary":"Create Restaurant Detail","requestBody":{"content":{"application/json":{"schema":{"$ref":"#/components/schemas/RestaurantDetailSchema"}}},"required":true},"responses":{"200":{"description":"Successful Operation","content":{"application/json":{"schema":{"type":"object","properties":{"code":{"type":"number"},"message":{"type":"string"},"data":{"type":"string"}},"example":{"code":200,"message":"Successful Operation","data":{"id":1,"profile_picture":"url RestoBook.png","nama":"restaurant1","description":"Deskripsi Resto 1","rating":5,"open":"Monday,Tuesday,Wednesday","close":"Thursday,Friday,Saturday,Sunday","open_hour":"08:00","close_hour":"16:00","address":"Jl.Buntu No 404","city":"Jakarta","phone":"085463728564","latitude":"-7.522345","longitude":"110.330207","seats":"20","price":30000,"status":"OPEN"}}}}}},"400":{"description":"Bad Request","content":{"application/json":{"schema":{"type":"object","properties":{"code":{"type":"number","example":4E+2},"message":{"type":"string","example":"Bad Request"}}}}}},"500":{"description":"Internal Server Error","content":{"application/json":{"schema":{"type":"object","properties":{"code":{"type":"number","example":5E+2},"message":{"type":"string","example":"Internal Server Error"}}}}}}},"security":[{"bearerAuth":[]}]}},"/myrestaurant":{"get":{"tags":["Restaurant"],"summary":"Get my restaurant","responses":{"200":{"description":"Successful Operation","content":{"application/json":{"schema":{"type":"object","properties":{"code":{"type":"number"},"message":{"type":"string"},"data":{"type":"string"}},"example":{"code":200,"message":"Successful Operation","data":{"id":1,"picture":"url Restobook.png","name":"restaurant1","open":"Monday","close":"Sunday,Tuesday,Wednesday,Friday,Thursday,Saturday","open_hour":"08:00","close_hour":"16:00","price":300000,"latitude":"-7.522345","longitude":"110.330207","city":"Jakarta","address":"Jl.Buntu No 404","no_hp":"085463728564","profile_picture":"resto1.jpg","seats":20,"deskripsi":"Deskripsi resto 1"}}}}}},"400":{"description":"Bad Request","content":{"application/json":{"schema":{"type":"object","properties":{"code":{"type":"number","example":4E+2},"message":{"type":"string","example":"Bad Request"}}}}}},"404":{"description":"Not Found","content":{"application/json":{"schema":{"type":"object","properties":{"code":{"type":"number","example":404},"message":{"type":"string","example":"Not Found"}}}}}},"500":{"description":"Internal Server Error","content":{"application/json":{"schema":{"type":"object","properties":{"code":{"type":"number","example":5E+2},"message":{"type":"string","example":"Internal Server Error"}}}}}}},"security":[{"bearerAuth":[]}]},"put":{"tags":["Restaurant"],"summary":"Update Restaurant By ID","requestBody":{"content":{"application/json":{"schema":{"$ref":"#/components/schemas/RestaurantSchemaLogin"}}},"required":true},"responses":{"200":{"description":"Successful Operation","content":{"application/json":{"schema":{"type":"object","properties":{"code":{"type":"number","example":2E+2},"message":{"type":"string","example":"Successful Operation"}}}}}},"400":{"description":"Bad Request","content":{"application/json":{"schema":{"type":"object","properties":{"code":{"type":"number","example":4E+2},"message":{"type":"string","example":"Bad Request"}}}}}},"401":{"description":"Access token is missing or invalid","content":{"application/json":{"schema":{"type":"object","properties":{"message":{"type":"string","example":"Missing or Malformed JWT"}}}}}},"404":{"description":"Not Found","content":{"application/json":{"schema":{"type":"object","properties":{"code":{"type":"number","example":404},"message":{"type":"string","example":"Not Found"}}}}}},"500":{"description":"Internal Server Error","content":{"application/json":{"schema":{"type":"object","properties":{"code":{"type":"number","example":5E+2},"message":{"type":"string","example":"Internal Server Error"}}}}}}},"security":[{"bearerAuth":[]}]},"delete":{"tags":["Restaurant"],"summary":"Delete Restaurant By ID","responses":{"200":{"description":"Successful Operation","content":{"application/json":{"schema":{"type":"object","properties":{"code":{"type":"number","example":2E+2},"message":{"type":"string","example":"Successful Operation"}}}}}},"400":{"description":"Bad Request","content":{"application/json":{"schema":{"type":"object","properties":{"code":{"type":"number","example":4E+2},"message":{"type":"string","example":"Bad Request"}}}}}},"401":{"description":"Access token is missing or invalid","content":{"application/json":{"schema":{"type":"object","properties":{"message":{"type":"string","example":"Missing or Malformed JWT"}}}}}},"404":{"description":"Not Found","content":{"application/json":{"schema":{"type":"object","properties":{"code":{"type":"number","example":404},"message":{"type":"string","example":"Not Found"}}}}}},"500":{"description":"Internal Server Error","content":{"application/json":{"schema":{"type":"object","properties":{"code":{"type":"number","example":5E+2},"message":{"type":"string","example":"Internal Server Error"}}}}}}},"security":[{"bearerAuth":[]}]}},"/restaurants":{"get":{"tags":["Restaurant"],"summary":"Get all restaurant","responses":{"200":{"description":"Successful Operation","content":{"application/json":{"schema":{"type":"object","properties":{"code":{"type":"number"},"message":{"type":"string"},"token":{"type":"string"}},"example":{"code":200,"message":"Successful Operation","data":[{"id":1,"profile_picture":"url RestoBook1.png","nama":"restaurant1","description":"Deskripsi Resto 1","rating":5,"open":"Monday,Tuesday,Wednesday","close":"Thursday,Friday,Saturday,Sunday","open_hour":"08:00","close_hour":"16:00","address":"Jl.Buntu No 404","city":"Jakarta","phone":"085463728564","latitude":"-7.522345","longitude":"110.330207","seats":"20","price":30000},{"id":2,"profile_picture":"url RestoBook2.png","nama":"restaurant2","description":"Deskripsi Resto 2","rating":5,"open":"Monday,Tuesday,Wednesday","close":"Thursday,Friday,Saturday,Sunday","open_hour":"09:00","close_hour":"17:00","address":"Jl.Sukses Selalu No 200","city":"Jakarta","phone":"085463428564","latitude":"-7.522545","longitude":"110.340207","seats":"15","price":20000}]}}}}},"400":{"description":"Bad Request","content":{"application/json":{"schema":{"type":"object","properties":{"code":{"type":"number","example":4E+2},"message":{"type":"string","example":"Bad Request"}}}}}},"404":{"description":"Not Found","content":{"application/json":{"schema":{"type":"object","properties":{"code":{"type":"number","example":404},"message":{"type":"string","example":"Not Found"}}}}}},"500":{"description":"Internal Server Error","content":{"application/json":{"schema":{"type":"object","properties":{"code":{"type":"number","example":5E+2},"message":{"type":"string","example":"Internal Server Error"}}}}}}}}},"/transaction/:transactionId":{"post":{"tags":["Transaction"],"summary":"Create Transaction","requestBody":{"content":{"application/json":{"schema":{"$ref":"#/components/schemas/TransactionSchema"}}},"required":true},"responses":{"200":{"description":"Successful Operation","content":{"application/json":{"schema":{"type":"object","properties":{"code":{"type":"number"},"message":{"type":"string"},"data":{"type":"string"}},"example":{"code":200,"message":"Successful Operation","data":{"id":1,"user_id":1,"restaurant_id":1,"date":"2022-02-01 13:00","person":3}}}}}},"400":{"description":"Bad Request","content":{"application/json":{"schema":{"type":"object","properties":{"code":{"type":"number","example":4E+2},"message":{"type":"string","example":"Bad Request"}}}}}},"500":{"description":"Internal Server Error","content":{"application/json":{"schema":{"type":"object","properties":{"code":{"type":"number","example":5E+2},"message":{"type":"string","example":"Internal Server Error"}}}}}}},"security":[{"bearerAuth":[]}]}},"/transaction/restaurant/waiting":{"get":{"tags":["Transaction"],"summary":"Get all transaction waiting for restaurant","responses":{"200":{"description":"Successful Operation","content":{"application/json":{"schema":{"type":"object","properties":{"code":{"type":"number"},"message":{"type":"string"},"token":{"type":"string"}},"example":{"code":200,"message":"Successful Operation","data":[{"id":1,"restaurant_id":1,"date_time":"2022-02-01 11:00","person":3},{"id":2,"restaurant_id":1,"date_time":"2022-02-03 13:00","person":5},{"id":3,"restaurant_id":1,"date_time":"2022-02-04 12:00","person":4}]}}}}},"400":{"description":"Bad Request","content":{"application/json":{"schema":{"type":"object","properties":{"code":{"type":"number","example":4E+2},"message":{"type":"string","example":"Bad Request"}}}}}},"404":{"description":"Not Found","content":{"application/json":{"schema":{"type":"object","properties":{"code":{"type":"number","example":404},"message":{"type":"string","example":"Not Found"}}}}}},"500":{"description":"Internal Server Error","content":{"application/json":{"schema":{"type":"object","properties":{"code":{"type":"number","example":5E+2},"message":{"type":"string","example":"Internal Server Error"}}}}}}},"security":[{"bearerAuth":[]}]}},"/transaction/restaurant/accepted":{"get":{"tags":["Transaction"],"summary":"Get all transaction accepted for restaurant","responses":{"200":{"description":"Successful Operation","content":{"application/json":{"schema":{"type":"object","properties":{"code":{"type":"number"},"message":{"type":"string"},"token":{"type":"string"}},"example":{"code":200,"message":"Successful Operation","data":[{"id":1,"restaurant_id":1,"date_time":"2022-02-01 11:00","person":3},{"id":2,"restaurant_id":1,"date_time":"2022-02-03 13:00","person":5},{"id":3,"restaurant_id":1,"date_time":"2022-02-04 12:00","person":4}]}}}}},"400":{"description":"Bad Request","content":{"application/json":{"schema":{"type":"object","properties":{"code":{"type":"number","example":4E+2},"message":{"type":"string","example":"Bad Request"}}}}}},"404":{"description":"Not Found","content":{"application/json":{"schema":{"type":"object","properties":{"code":{"type":"number","example":404},"message":{"type":"string","example":"Not Found"}}}}}},"500":{"description":"Internal Server Error","content":{"application/json":{"schema":{"type":"object","properties":{"code":{"type":"number","example":5E+2},"message":{"type":"string","example":"Internal Server Error"}}}}}}},"security":[{"bearerAuth":[]}]}},"/transaction/waiting":{"get":{"tags":["Transaction"],"summary":"Get all transaction waiting","responses":{"200":{"description":"Successful Operation","content":{"application/json":{"schema":{"type":"object","properties":{"code":{"type":"number"},"message":{"type":"string"},"token":{"type":"string"}},"example":{"code":200,"message":"Successful Operation","data":[{"id":1,"restaurant_id":1,"date_time":"2022-02-01 11:00","person":3},{"id":2,"restaurant_id":2,"date_time":"2022-02-03 13:00","person":5},{"id":3,"restaurant_id":3,"date_time":"2022-02-04 12:00","person":4}]}}}}},"400":{"description":"Bad Request","content":{"application/json":{"schema":{"type":"object","properties":{"code":{"type":"number","example":4E+2},"message":{"type":"string","example":"Bad Request"}}}}}},"404":{"description":"Not Found","content":{"application/json":{"schema":{"type":"object","properties":{"code":{"type":"number","example":404},"message":{"type":"string","example":"Not Found"}}}}}},"500":{"description":"Internal Server Error","content":{"application/json":{"schema":{"type":"object","properties":{"code":{"type":"number","example":5E+2},"message":{"type":"string","example":"Internal Server Error"}}}}}}},"security":[{"bearerAuth":[]}]}},"/transaction/accepted":{"get":{"tags":["Transaction"],"summary":"Get all transaction accepted","responses":{"200":{"description":"Successful Operation","content":{"application/json":{"schema":{"type":"object","properties":{"code":{"type":"number"},"message":{"type":"string"},"token":{"type":"string"}},"example":{"code":200,"message":"Successful Operation","data":[{"id":1,"restaurant_id":1,"date_time":"2022-02-01 11:00","person":3},{"id":2,"restaurant_id":2,"date_time":"2022-02-03 13:00","person":5},{"id":3,"restaurant_id":3,"date_time":"2022-02-04 12:00","person":4}]}}}}},"400":{"description":"Bad Request","content":{"application/json":{"schema":{"type":"object","properties":{"code":{"type":"number","example":4E+2},"message":{"type":"string","example":"Bad Request"}}}}}},"404":{"description":"Not Found","content":{"application/json":{"schema":{"type":"object","properties":{"code":{"type":"number","example":404},"message":{"type":"string","example":"Not Found"}}}}}},"500":{"description":"Internal Server Error","content":{"application/json":{"schema":{"type":"object","properties":{"code":{"type":"number","example":5E+2},"message":{"type":"string","example":"Internal Server Error"}}}}}}},"security":[{"bearerAuth":[]}]},"put":{"tags":["Transaction"],"summary":"Accept transaction from restaurant","requestBody":{"content":{"application/json":{"schema":{"$ref":"#/components/schemas/AcceptTransactionSchema"}}},"required":true},"responses":{"200":{"description":"Successful Operation","content":{"application/json":{"schema":{"type":"object","properties":{"code":{"type":"number"},"message":{"type":"string"},"data":{"type":"string"}},"example":{"code":200,"message":"Successful Operation","data":{"id":1,"restaurant_id":1,"date":"2022-02-01","time":"11:00","person":3}}}}}},"400":{"description":"Bad Request","content":{"application/json":{"schema":{"type":"object","properties":{"code":{"type":"number","example":4E+2},"message":{"type":"string","example":"Bad Request"}}}}}},"404":{"description":"Not Found","content":{"application/json":{"schema":{"type":"object","properties":{"code":{"type":"number","example":404},"message":{"type":"string","example":"Not Found"}}}}}},"500":{"description":"Internal Server Error","content":{"application/json":{"schema":{"type":"object","properties":{"code":{"type":"number","example":5E+2},"message":{"type":"string","example":"Internal Server Error"}}}}}}},"security":[{"bearerAuth":[]}]}},"/transaction/history":{"get":{"tags":["Transaction"],"summary":"Get all transaction history","responses":{"200":{"description":"Successful Operation","content":{"application/json":{"schema":{"type":"object","properties":{"code":{"type":"number"},"message":{"type":"string"},"token":{"type":"string"}},"example":{"code":200,"message":"Successful Operation","data":[{"id":1,"restaurant_id":1,"date_time":"2022-02-01 11:00","person":3,"statur":"Rejected"},{"id":2,"restaurant_id":2,"date_time":"2022-02-03 13:00","person":5,"status":"Fail"},{"id":3,"restaurant_id":3,"date_time":"2022-02-04 12:00","person":4,"status":"Fail"}]}}}}},"400":{"description":"Bad Request","content":{"application/json":{"schema":{"type":"object","properties":{"code":{"type":"number","example":4E+2},"message":{"type":"string","example":"Bad Request"}}}}}},"404":{"description":"Not Found","content":{"application/json":{"schema":{"type":"object","properties":{"code":{"type":"number","example":404},"message":{"type":"string","example":"Not Found"}}}}}},"500":{"description":"Internal Server Error","content":{"application/json":{"schema":{"type":"object","properties":{"code":{"type":"number","example":5E+2},"message":{"type":"string","example":"Internal Server Error"}}}}}}},"security":[{"bearerAuth":[]}]}},"/transaction/cancel":{"post":{"tags":["Transaction"],"summary":"Cancel transaction by id","requestBody":{"content":{"application/json":{"schema":{"$ref":"#/components/schemas/CancelTransactionSchema"}}},"required":true},"responses":{"200":{"description":"Successful Operation","content":{"application/json":{"schema":{"type":"object","properties":{"code":{"type":"number"},"message":{"type":"string"},"data":{"type":"string"}},"example":{"code":200,"message":"Successful Operation","data":{"id":1,"restaurant_id":1,"date":"2022-02-01","time":"11:00","person":3}}}}}},"400":{"description":"Bad Request","content":{"application/json":{"schema":{"type":"object","properties":{"code":{"type":"number","example":4E+2},"message":{"type":"string","example":"Bad Request"}}}}}},"404":{"description":"Not Found","content":{"application/json":{"schema":{"type":"object","properties":{"code":{"type":"number","example":404},"message":{"type":"string","example":"Not Found"}}}}}},"500":{"description":"Internal Server Error","content":{"application/json":{"schema":{"type":"object","properties":{"code":{"type":"number","example":5E+2},"message":{"type":"string","example":"Internal Server Error"}}}}}}},"security":[{"bearerAuth":[]}]}},"/transaction/rejected":{"put":{"tags":["Transaction"],"summary":"Reject transaction from restaurant","requestBody":{"content":{"application/json":{"schema":{"$ref":"#/components/schemas/RejectTransactionSchema"}}},"required":true},"responses":{"200":{"description":"Successful Operation","content":{"application/json":{"schema":{"type":"object","properties":{"code":{"type":"number"},"message":{"type":"string"},"data":{"type":"string"}},"example":{"code":200,"message":"Successful Operation","data":{"id":1,"restaurant_id":1,"date":"2022-02-01","time":"11:00","person":3}}}}}},"400":{"description":"Bad Request","content":{"application/json":{"schema":{"type":"object","properties":{"code":{"type":"number","example":4E+2},"message":{"type":"string","example":"Bad Request"}}}}}},"404":{"description":"Not Found","content":{"application/json":{"schema":{"type":"object","properties":{"code":{"type":"number","example":404},"message":{"type":"string","example":"Not Found"}}}}}},"500":{"description":"Internal Server Error","content":{"application/json":{"schema":{"type":"object","properties":{"code":{"type":"number","example":5E+2},"message":{"type":"string","example":"Internal Server Error"}}}}}}},"security":[{"bearerAuth":[]}]}},"/transaction/success":{"put":{"tags":["Transaction"],"summary":"Success transaction from restaurant","requestBody":{"content":{"application/json":{"schema":{"$ref":"#/components/schemas/SuccessTransactionSchema"}}},"required":true},"responses":{"200":{"description":"Successful Operation","content":{"application/json":{"schema":{"type":"object","properties":{"code":{"type":"number"},"message":{"type":"string"},"data":{"type":"string"}},"example":{"code":200,"message":"Successful Operation","data":{"id":1,"restaurant_id":1,"date":"2022-02-01","time":"11:00","person":3}}}}}},"400":{"description":"Bad Request","content":{"application/json":{"schema":{"type":"object","properties":{"code":{"type":"number","example":4E+2},"message":{"type":"string","example":"Bad Request"}}}}}},"404":{"description":"Not Found","content":{"application/json":{"schema":{"type":"object","properties":{"code":{"type":"number","example":404},"message":{"type":"string","example":"Not Found"}}}}}},"500":{"description":"Internal Server Error","content":{"application/json":{"schema":{"type":"object","properties":{"code":{"type":"number","example":5E+2},"message":{"type":"string","example":"Internal Server Error"}}}}}}},"security":[{"bearerAuth":[]}]}},"/transaction/fail":{"put":{"tags":["Transaction"],"summary":"Fail transaction from restaurant","requestBody":{"content":{"application/json":{"schema":{"$ref":"#/components/schemas/FailTransactionSchema"}}},"required":true},"responses":{"200":{"description":"Successful Operation","content":{"application/json":{"schema":{"type":"object","properties":{"code":{"type":"number"},"message":{"type":"string"},"data":{"type":"string"}},"example":{"code":200,"message":"Successful Operation","data":{"id":1,"restaurant_id":1,"date":"2022-02-01","time":"11:00","person":3}}}}}},"400":{"description":"Bad Request","content":{"application/json":{"schema":{"type":"object","properties":{"code":{"type":"number","example":4E+2},"message":{"type":"string","example":"Bad Request"}}}}}},"404":{"description":"Not Found","content":{"application/json":{"schema":{"type":"object","properties":{"code":{"type":"number","example":404},"message":{"type":"string","example":"Not Found"}}}}}},"500":{"description":"Internal Server Error","content":{"application/json":{"schema":{"type":"object","properties":{"code":{"type":"number","example":5E+2},"message":{"type":"string","example":"Internal Server Error"}}}}}}},"security":[{"bearerAuth":[]}]}}},"components":{"schemas":{"UsersSchemaRegister":{"type":"object","properties":{"name":{"type":"string","example":"herlianto"},"email":{"type":"string","example":"herlianto@outlook.my"},"password":{"type":"string","example":"herlianto123"},"no_hp":{"type":"string","example":"08527645362"}}},"AdminSchemaRegister":{"type":"object","properties":{"name":{"type":"string","example":"admin"},"email":{"type":"string","example":"admin@outlook.my"},"password":{"type":"string","example":"admin123"},"no_hp":{"type":"string","example":"08527645362"}}},"UsersSchemaLogin":{"type":"object","properties":{"email":{"type":"string","example":"herlianto@outlook.my"},"password":{"type":"string","example":"herlianto123"}}},"AdminSchemaLogin":{"type":"object","properties":{"email":{"type":"string","example":"admin@outlook.my"},"password":{"type":"string","example":"admin123"}}},"AdminSchemaApprove":{"type":"object","properties":{"resto_id":{"type":"number","example":1},"status":{"type":"string","example":"OPEN"}}},"UsersSchemaUpdate":{"type":"object","properties":{"name":{"type":"string","example":"ilham"},"email":{"type":"string","example":"ilham@outlook.my"},"password":{"type":"string","example":"ilham123"},"no_hp":{"type":"string","example":"08538453627"}}},"TopupSchema":{"type":"object","properties":{"total":{"type":"number","example":2E+6}}},"RestaurantSchemaRegister":{"type":"object","properties":{"email":{"type":"string","example":"restaurant1@gmail.com"},"password":{"type":"string","example":"restaurant1"}}},"RestaurantSchemaLogin":{"type":"object","properties":{"email":{"type":"string","example":"restaurant1@gmail.com"},"password":{"type":"string","example":"restaurant1"}}},"RestaurantDetailSchema":{"type":"object","properties":{"profile_picture":{"type":"string","example":"RestoBook.png"},"description":{"type":"string","example":"Deskripsi Resto 1"},"open":{"type":"string","example":"Monday,Tuesday,Wednesday"},"close":{"type":"string","example":"Thursday,Friday,Saturday,Sunday"},"open_hour":{"type":"string","example":"08:00"},"close_hour":{"type":"string","example":"960"},"price":{"type":"number","example":3E+5},"latitude":{"type":"string","example":"-7.522345"},"longitude":{"type":"string","example":"110.330207"},"city":{"type":"string","example":"Jakarta"},"address":{"type":"string","example":"Jl.Buntu No 404"},"phone":{"type":"string","example":"085463728564"},"seats":{"type":"string","example":"20"},"status":{"type":"string","example":"Open"}}},"TransactionSchema":{"type":"object","properties":{"date_time":{"type":"string","example":"2022-02-01 13:00"},"person":{"type":"number","example":3}}},"CancelTransactionSchema":{"type":"object","properties":{"id":{"type":"number","example":1},"status":{"type":"string","example":"Cancel"}}},"AcceptTransactionSchema":{"type":"object","properties":{"id":{"type":"number","example":1},"status":{"type":"string","example":"Accepted"}}},"RejectTransactionSchema":{"type":"object","properties":{"id":{"type":"number","example":1},"status":{"type":"string","example":"Rejected"}}},"SuccessTransactionSchema":{"type":"object","properties":{"id":{"type":"number","example":1},"user_id":{"type":"number","example":2},"status":{"type":"string","example":"Success"}}},"FailTransactionSchema":{"type":"object","properties":{"id":{"type":"number","example":1},"user_id":{"type":"number","example":2},"status":{"type":"string","example":"Fail"}}},"CreateRatingSchema":{"type":"object","properties":{"restaurant_detail_id":{"type":"number","example":1},"rating":{"type":"number","example":5},"comment":{"type":"string","example":"Tempatnya nyaman sekali"}}},"UpdateRatingSchema":{"type":"object","properties":{"rating":{"type":"number","example":3},"comment":{"type":"string","example":"Servicenya kurang baik"}}}},"responses":{"UnauthorizedError":{"description":"Access token is missing or invalid","content":{"application/json":{"schema":{"type":"object","properties":{"message":{"type":"string","example":"Missing or Malformed JWT"}}}}}},"Response200":{"description":"Successful Operation","content":{"application/json":{"schema":{"type":"object","properties":{"code":{"type":"number","example":2E+2},"message":{"type":"string","example":"Successful Operation"}}}}}},"Response200Register":{"description":"Successful Operation","content":{"application/json":{"schema":{"type":"object","properties":{"code":{"type":"number"},"message":{"type":"string"},"data":{"type":"string"}},"example":{"code":200,"message":"Successful Operation","data":{"id":1,"name":"herlianto","email":"herlianto@outlook.my","no_hp":"08527645362","reputation":80}}}}}},"Response200RegisterAdmin":{"description":"Successful Operation","content":{"application/json":{"schema":{"type":"object","properties":{"code":{"type":"number"},"message":{"type":"string"},"data":{"type":"string"}},"example":{"code":200,"message":"Successful Operation","data":{"id":1,"name":"admin","email":"admin@outlook.my","no_hp":"08527645362","reputation":80}}}}}},"Response200Login":{"description":"Successful Operation","content":{"application/json":{"schema":{"type":"object","properties":{"code":{"type":"number"},"message":{"type":"string"},"token":{"type":"string"}},"example":{"code":200,"message":"Successful Operation","token":"eyJhbGciOiJIUzI1NiIsInR5cCI6IkpXVCJ9.eyJhdXRob3JpemVkIjp0cnVlLCJleHAiOjE2NDQ4OTcyMDMsInJlc3RvaWQiOjF9.bk25oly9yS2SAdVjQi0yuBvW9yXQ03pnrw2CKhlwMC0"}}}}},"Response200UserUpdate":{"description":"Successful Operation","content":{"application/json":{"schema":{"type":"object","properties":{"code":{"type":"number"},"message":{"type":"string"},"data":{"type":"string"}},"example":{"code":200,"message":"Successful Operation","data":{"id":1,"name":"herlianto","email":"herlianto@outlook.my","password":"aslkdha2skld3asdhlk","no_hp":"08527645362","reputation":80}}}}}},"Response200UserProfile":{"description":"Successful Operation","content":{"application/json":{"schema":{"type":"object","properties":{"code":{"type":"number"},"message":{"type":"string"},"data":{"type":"string"}},"example":{"code":200,"message":"Successful Operation","data":{"id":1,"name":"herlianto","email":"herlianto@outlook.my","password":"aslkdha2skld3asdhlk","no_hp":"08527645362","reputation":80,"balance":2000000}}}}}},"Response200AllUsers":{"description":"Successful Operation","content":{"application/json":{"schema":{"type":"object","properties":{"code":{"type":"number"},"message":{"type":"string"},"token":{"type":"string"}},"example":{"code":200,"message":"Successful Operation","data":[{"id":1,"name":"herlianto","email":"herlianto@outlook.my"},{"id":2,"name":"ilham","email":"ilham@outlook.my"},{"id":3,"name":"kucing","email":"kucing@outlook.my"}]}}}}},"Response200AllTopupHistory":{"description":"Successful Operation","content":{"application/json":{"schema":{"type":"object","properties":{"code":{"type":"number"},"message":{"type":"string"},"token":{"type":"string"}},"example":{"code":200,"message":"Successful Operation","data":[{"id":1,"user_id":1,"invoice_id":"9ADF6580EA0F420DA00B354F9E2ACBAD","payment_url":"https://checkout-staging.xendit.co/web/620b0812bcaa003fb111dc8a","total":4000000,"status":"PAID"},{"id":2,"user_id":1,"invoice_id":"9ADF6580EA0F420DA00B354F9E2HYRUT","payment_url":"https://checkout-staging.xendit.co/web/620b0812bcaa003fb222dc8a","total":6000000,"status":"PAID"},{"id":3,"user_id":1,"invoice_id":"9ADF6580EA0F420DA00B354F9E2KFHRYT","payment_url":"https://checkout-staging.xendit.co/web/620b0812bcaa003fb333dc8a","total":6000000,"status":"PENDING"}]}}}}},"Response200AllTopupPayment":{"description":"Successful Operation","content":{"application/json":{"schema":{"type":"object","properties":{"code":{"type":"number"},"message":{"type":"string"},"token":{"type":"string"}},"example":{"code":200,"message":"Successful Operation","data":[{"id":1,"user_id":1,"invoice_id":"9ADF6580EA0F420DA00B354F9E2ACBAD","payment_url":"https://checkout-staging.xendit.co/web/620b0812bcaa003fb111dc8a","total":6000000,"status":"PENDING"},{"id":2,"user_id":1,"invoice_id":"9ADF6580EA0H640DA00B354F9E2ACBAD","payment_url":"https://checkout-staging.xendit.co/web/620b0812bcaa003fb222dc8a","total":7000000,"status":"PENDING"},{"id":3,"user_id":1,"invoice_id":"9AOP6580EA0F420DA00B354F9E2ACJGH","payment_url":"https://checkout-staging.xendit.co/web/620b0812bcaa003fb333dc8a","total":300000,"status":"PENDING"}]}}}}},"Response200CreateTopup":{"description":"Successful Operation","content":{"application/json":{"schema":{"type":"object","properties":{"code":{"type":"number"},"message":{"type":"string"},"data":{"type":"string"}},"example":{"code":200,"message":"Successful Operation","data":{"id":1,"user_id":1,"invoice_id":"9ADF6580EA0F420DA00B354F9E2ACBAD","payment_url":"https://checkout-staging.xendit.co/web/620b0812bcaa003fb111dc8a","total":6000000,"status":"PENDING"}}}}}},"Response200RegisterRestaurant":{"description":"Successful Operation","content":{"application/json":{"schema":{"type":"object","properties":{"code":{"type":"number"},"message":{"type":"string"},"data":{"type":"string"}},"example":{"code":200,"message":"Successful Operation","data":{"id":1,"name":"","email":"resto1@gmail.com","phone":""}}}}}},"Response200AdminApprove":{"description":"Successful Operation","content":{"application/json":{"schema":{"type":"object","properties":{"code":{"type":"number"},"message":{"type":"string"},"data":{"type":"string"}},"example":{"code":200,"message":"Successful Operation","data":{"id":1,"name":"Restaurant Nasi Padang","email":"resto1@gmail.com","phone":8.5374857365E10,"status":"OPEN"}}}}}},"Response200AdminWaiting":{"description":"Successful Operation","content":{"application/json":{"schema":{"type":"object","properties":{"code":{"type":"number"},"message":{"type":"string"},"data":{"type":"string"}},"example":{"code":200,"message":"Successful Operation","data":[{"id":1,"name":"Restaurant Nasi Padang","email":"resto1@gmail.com","phone":8.5374857365E10},{"id":2,"name":"Restaurant Tegal","email":"resto2@gmail.com","phone":8.5573857365E10}]}}}}},"Response200UpdateRestaurantDetail":{"description":"Successful Operation","content":{"application/json":{"schema":{"type":"object","properties":{"code":{"type":"number"},"message":{"type":"string"},"data":{"type":"string"}},"example":{"code":200,"message":"Successful Operation","data":{"id":1,"profile_picture":"url RestoBook.png","nama":"restaurant1","description":"Deskripsi Resto 1","rating":5,"open":"Monday,Tuesday,Wednesday","close":"Thursday,Friday,Saturday,Sunday","open_hour":"08:00","close_hour":"16:00","address":"Jl.Buntu No 404","city":"Jakarta","phone":"085463728564","latitude":"-7.522345","longitude":"110.330207","seats":"20","price":30000,"status":"OPEN"}}}}}},"Response200AllRestaurant":{"description":"Successful Operation","content":{"application/json":{"schema":{"type":"object","properties":{"code":{"type":"number"},"message":{"type":"string"},"token":{"type":"string"}},"example":{"code":200,"message":"Successful Operation","data":[{"id":1,"profile_picture":"url RestoBook1.png","nama":"restaurant1","description":"Deskripsi Resto 1","rating":5,"open":"Monday,Tuesday,Wednesday","close":"Thursday,Friday,Saturday,Sunday","open_hour":"08:00","close_hour":"16:00","address":"Jl.Buntu No 404","city":"Jakarta","phone":"085463728564","latitude":"-7.522345","longitude":"110.330207","seats":"20","price":30000},{"id":2,"profile_picture":"url RestoBook2.png","nama":"restaurant2","description":"Deskripsi Resto 2","rating":5,"open":"Monday,Tuesday,Wednesday","close":"Thursday,Friday,Saturday,Sunday","open_hour":"09:00","close_hour":"17:00","address":"Jl.Sukses Selalu No 200","city":"Jakarta","phone":"085463428564","latitude":"-7.522545","longitude":"110.340207","seats":"15","price":20000}]}}}}},"Response200GetRestaurantById":{"description":"Successful Operation","content":{"application/json":{"schema":{"type":"object","properties":{"code":{"type":"number"},"message":{"type":"string"},"data":{"type":"string"}},"example":{"code":200,"message":"Successful Operation","data":{"id":1,"name":"restaurant1","open":"08:00","close":"16:00","price":300000,"latitude":"-7.522345","longitude":"110.330207","city":"Jakarta","address":"Jl.Buntu No 404","no_hp":"085463728564","profile_picture":"resto1.jpg","seats":20,"description":"Deskripsi Resto 1"}}}}}},"Response200GetMyRestaurant":{"description":"Successful Operation","content":{"application/json":{"schema":{"type":"object","properties":{"code":{"type":"number"},"message":{"type":"string"},"data":{"type":"string"}},"example":{"code":200,"message":"Successful Operation","data":{"id":1,"picture":"url Restobook.png","name":"restaurant1","open":"Monday","close":"Sunday,Tuesday,Wednesday,Friday,Thursday,Saturday","open_hour":"08:00","close_hour":"16:00","price":300000,"latitude":"-7.522345","longitude":"110.330207","city":"Jakarta","address":"Jl.Buntu No 404","no_hp":"085463728564","profile_picture":"resto1.jpg","seats":20,"deskripsi":"Deskripsi resto 1"}}}}}},"Response200GetMyRestaurantById":{"description":"Successful Operation","content":{"application/json":{"schema":{"type":"object","properties":{"code":{"type":"number"},"message":{"type":"string"},"data":{"type":"string"}},"example":{"code":200,"message":"Successful Operation","data":{"id":1,"name":"restaurant1","open":"08:00","close":"16:00","price":300000,"latitude":"-7.522345","longitude":"110.330207","city":"Jakarta","address":"Jl.Buntu No 404","no_hp":"085463728564","profile_picture":"resto1.jpg","seats":20,"description":"deskripsi resto 1"}}}}}},"Response200CreateTransaction":{"description":"Successful Operation","content":{"application/json":{"schema":{"type":"object","properties":{"code":{"type":"number"},"message":{"type":"string"},"data":{"type":"string"}},"example":{"code":200,"message":"Successful Operation","data":{"id":1,"user_id":1,"restaurant_id":1,"date":"2022-02-01 13:00","person":3}}}}}},"Response200AllTransaction":{"description":"Successful Operation","content":{"application/json":{"schema":{"type":"object","properties":{"code":{"type":"number"},"message":{"type":"string"},"token":{"type":"string"}},"example":{"code":200,"message":"Successful Operation","data":[{"id":1,"restaurant_id":1,"date_time":"2022-02-01 11:00","person":3},{"id":2,"restaurant_id":2,"date_time":"2022-02-03 13:00","person":5},{"id":3,"restaurant_id":3,"date_time":"2022-02-04 12:00","person":4}]}}}}},"Response200RestaurantTransactionWaiting":{"description":"Successful Operation","content":{"application/json":{"schema":{"type":"object","properties":{"code":{"type":"number"},"message":{"type":"string"},"token":{"type":"string"}},"example":{"code":200,"message":"Successful Operation","data":[{"id":1,"restaurant_id":1,"date_time":"2022-02-01 11:00","person":3},{"id":2,"restaurant_id":1,"date_time":"2022-02-03 13:00","person":5},{"id":3,"restaurant_id":1,"date_time":"2022-02-04 12:00","person":4}]}}}}},"Response200RestaurantTransactionAccepted":{"description":"Successful Operation","content":{"application/json":{"schema":{"type":"object","properties":{"code":{"type":"number"},"message":{"type":"string"},"token":{"type":"string"}},"example":{"code":200,"message":"Successful Operation","data":[{"id":1,"restaurant_id":1,"date_time":"2022-02-01 11:00","person":3},{"id":2,"restaurant_id":1,"date_time":"2022-02-03 13:00","person":5},{"id":3,"restaurant_id":1,"date_time":"2022-02-04 12:00","person":4}]}}}}},"Response200AllTransactionHistory":{"description":"Successful Operation","content":{"application/json":{"schema":{"type":"object","properties":{"code":{"type":"number"},"message":{"type":"string"},"token":{"type":"string"}},"example":{"code":200,"message":"Successful Operation","data":[{"id":1,"restaurant_id":1,"date_time":"2022-02-01 11:00","person":3,"statur":"Rejected"},{"id":2,"restaurant_id":2,"date_time":"2022-02-03 13:00","person":5,"status":"Fail"},{"id":3,"restaurant_id":3,"date_time":"2022-02-04 12:00","person":4,"status":"Fail"}]}}}}},"Response200GetTransactionById":{"description":"Successful Operation","content":{"application/json":{"schema":{"type":"object","properties":{"code":{"type":"number"},"message":{"type":"string"},"data":{"type":"string"}},"example":{"code":200,"message":"Successful Operation","data":{"id":1,"restaurant_id":1,"date":"2022-02-01","time":"11:00","person":3}}}}}},"Response200CreateRating":{"description":"Successful Operation","content":{"application/json":{"schema":{"type":"object","properties":{"code":{"type":"number"},"message":{"type":"string"},"data":{"type":"string"}},"example":{"code":200,"message":"Successful Operation","data":{"id":1,"restaurant_detail_id":1,"user_id":1,"user_name":"budi","rating":5,"comment":"Tempatnya nyaman sekali"}}}}}},"Response200UpdateRating":{"description":"Successful Operation","content":{"application/json":{"schema":{"type":"object","properties":{"code":{"type":"number"},"message":{"type":"string"},"data":{"type":"string"}},"example":{"code":200,"message":"Successful Operation","data":{"id":1,"restaurant_detail_id":1,"user_id":1,"user_name":"budi","rating":3,"comment":"Servicenya Kurang baik"}}}}}},"Response400":{"description":"Bad Request","content":{"application/json":{"schema":{"type":"object","properties":{"code":{"type":"number","example":4E+2},"message":{"type":"string","example":"Bad Request"}}}}}},"Response404":{"description":"Not Found","content":{"application/json":{"schema":{"type":"object","properties":{"code":{"type":"number","example":404},"message":{"type":"string","example":"Not Found"}}}}}},"Response500":{"description":"Internal Server Error","content":{"application/json":{"schema":{"type":"object","properties":{"code":{"type":"number","example":5E+2},"message":{"type":"string","example":"Internal Server Error"}}}}}}},"securitySchemes":{"bearerAuth":{"type":"http","scheme":"bearer","bearerFormat":"JWT"}}}}