{"openapi":"3.0.0","info":{"title":"Choreo Theme Management API","description":"This is the custome theme management API\n","contact":{"email":"choreo@wso2.com"},"version":"1.0.0"},"servers":[{"url":"https://virtserver.swaggerhub.com/AyeshW/theme-management-api/1.0.0","description":"SwaggerHub API Auto Mocking"},{"url":"https://petstore.swagger.io/v2"}],"tags":[{"name":"theme","description":"All the custom theming configurations"}],"paths":{"/org/theme/{organizationId}":{"get":{"tags":["theme"],"summary":"Retrieve the complete theme configuration","operationId":"getThemeConfig","parameters":[{"name":"organizationId","in":"path","description":"Organization ID","required":true,"style":"simple","explode":false,"schema":{"type":"string"}}],"responses":{"200":{"description":"OK. \nSuccessful response with theme configuration object\n","content":{"application/json":{"schema":{"$ref":"#/components/schemas/ThemeConfig"}}}},"400":{"description":"Bad Request. Invalid request or validation error.","content":{"application/json":{"schema":{"$ref":"#/components/schemas/Error"},"example":{"code":400,"message":"Bad Request","description":"Invalid request or validation error","moreInfo":"","error":[]}}}},"401":{"description":"Unauthorized. The user is not authorized.","content":{"application/json":{"schema":{"$ref":"#/components/schemas/Error"},"example":{"code":401,"message":"Unauthorized","description":"The user is not authorized","moreInfo":"","error":[]}}}},"404":{"description":"Not Found. The specified resource does not exist.","content":{"application/json":{"schema":{"$ref":"#/components/schemas/Error"},"example":{"code":404,"message":"Not Found","description":"The specified resource does not exist","moreInfo":"","error":[]}}}},"500":{"description":"Internal Server Error.","content":{"application/json":{"schema":{"$ref":"#/components/schemas/Error"},"example":{"code":500,"message":"Internal Server Error","description":"The server encountered an internal error. Please contact administrator.","moreInfo":"","error":[]}}}}},"security":[{"petstore_auth":["read:pets"]}]}},"/org/theme/{organizationId}/typography":{"patch":{"tags":["theme"],"summary":"Partially update the typography configurations","operationId":"updateTypography","parameters":[{"name":"organizationId","in":"path","description":"Organization ID","required":true,"style":"simple","explode":false,"schema":{"type":"string"}}],"requestBody":{"$ref":"#/components/requestBodies/Typography"},"responses":{"200":{"description":"OK. \nSuccessful response with updated typography object\n","content":{"application/json":{"schema":{"$ref":"#/components/schemas/Typography"}}}},"400":{"description":"Bad Request. Invalid request or validation error.","content":{"application/json":{"schema":{"$ref":"#/components/schemas/Error"},"example":{"code":400,"message":"Bad Request","description":"Invalid request or validation error","moreInfo":"","error":[]}}}},"401":{"description":"Unauthorized. The user is not authorized.","content":{"application/json":{"schema":{"$ref":"#/components/schemas/Error"},"example":{"code":401,"message":"Unauthorized","description":"The user is not authorized","moreInfo":"","error":[]}}}},"404":{"description":"Not Found. The specified resource does not exist.","content":{"application/json":{"schema":{"$ref":"#/components/schemas/Error"},"example":{"code":404,"message":"Not Found","description":"The specified resource does not exist","moreInfo":"","error":[]}}}},"500":{"description":"Internal Server Error.","content":{"application/json":{"schema":{"$ref":"#/components/schemas/Error"},"example":{"code":500,"message":"Internal Server Error","description":"The server encountered an internal error. Please contact administrator.","moreInfo":"","error":[]}}}}},"security":[{"petstore_auth":["write:pets","read:pets"]}]}},"/org/theme/{organizationId}/palette":{"patch":{"tags":["theme"],"summary":"Partially update the palette configurations","operationId":"updatePalette","parameters":[{"name":"organizationId","in":"path","description":"Organization ID","required":true,"style":"simple","explode":false,"schema":{"type":"string"}}],"requestBody":{"$ref":"#/components/requestBodies/Palette"},"responses":{"200":{"description":"OK. \nSuccessful response with updated Palette object\n","content":{"application/json":{"schema":{"$ref":"#/components/schemas/Palette"}}}},"400":{"description":"Bad Request. Invalid request or validation error.","content":{"application/json":{"schema":{"$ref":"#/components/schemas/Error"},"example":{"code":400,"message":"Bad Request","description":"Invalid request or validation error","moreInfo":"","error":[]}}}},"401":{"description":"Unauthorized. The user is not authorized.","content":{"application/json":{"schema":{"$ref":"#/components/schemas/Error"},"example":{"code":401,"message":"Unauthorized","description":"The user is not authorized","moreInfo":"","error":[]}}}},"404":{"description":"Not Found. The specified resource does not exist.","content":{"application/json":{"schema":{"$ref":"#/components/schemas/Error"},"example":{"code":404,"message":"Not Found","description":"The specified resource does not exist","moreInfo":"","error":[]}}}},"500":{"description":"Internal Server Error.","content":{"application/json":{"schema":{"$ref":"#/components/schemas/Error"},"example":{"code":500,"message":"Internal Server Error","description":"The server encountered an internal error. Please contact administrator.","moreInfo":"","error":[]}}}}},"security":[{"petstore_auth":["write:pets","read:pets"]}]}},"/org/theme/{organizationId}/assets":{"patch":{"tags":["theme"],"summary":"Partially update the assets","operationId":"updateAssets","parameters":[{"name":"organizationId","in":"path","description":"Organization ID","required":true,"style":"simple","explode":false,"schema":{"type":"string"}}],"requestBody":{"$ref":"#/components/requestBodies/Assets"},"responses":{"200":{"description":"OK. \nSuccessful response with updated Assets object\n","content":{"application/json":{"schema":{"$ref":"#/components/schemas/AssetsResponse"}}}},"400":{"description":"Bad Request. Invalid request or validation error.","content":{"application/json":{"schema":{"$ref":"#/components/schemas/Error"},"example":{"code":400,"message":"Bad Request","description":"Invalid request or validation error","moreInfo":"","error":[]}}}},"401":{"description":"Unauthorized. The user is not authorized.","content":{"application/json":{"schema":{"$ref":"#/components/schemas/Error"},"example":{"code":401,"message":"Unauthorized","description":"The user is not authorized","moreInfo":"","error":[]}}}},"404":{"description":"Not Found. The specified resource does not exist.","content":{"application/json":{"schema":{"$ref":"#/components/schemas/Error"},"example":{"code":404,"message":"Not Found","description":"The specified resource does not exist","moreInfo":"","error":[]}}}},"500":{"description":"Internal Server Error.","content":{"application/json":{"schema":{"$ref":"#/components/schemas/Error"},"example":{"code":500,"message":"Internal Server Error","description":"The server encountered an internal error. Please contact administrator.","moreInfo":"","error":[]}}}}},"security":[{"petstore_auth":["write:pets","read:pets"]}]}}},"components":{"schemas":{"Typography":{"type":"object","properties":{"h1":{"$ref":"#/components/schemas/Header1"},"h4":{"$ref":"#/components/schemas/Header4"}}},"Header1":{"type":"object","properties":{"fontFamily":{"type":"string","description":"Font family","example":"Lato"}}},"Header4":{"type":"object","properties":{"fontFamily":{"type":"string","description":"Font family","example":"Droid Serif"}}},"Palette":{"type":"object","properties":{"type":{"type":"string","example":"light","enum":["light","dark"]},"primary":{"type":"object","properties":{"main":{"type":"string","example":"#3f51b5"}}},"secondary":{"type":"object","properties":{"main":{"type":"string","example":"#f50057"},"light":{"type":"string","example":"#c5406f"}}},"background":{"type":"object","properties":{"default":{"type":"string","example":"#641a1a"},"paper":{"type":"string","example":"#794343"}}},"text":{"type":"object","properties":{"primary":{"type":"string","example":"rgba(76,47,47,0.87)"}}},"error":{"type":"object","properties":{"main":{"type":"string","example":"#5a201b"}}}}},"AssetsResponse":{"type":"object","properties":{"logoUrl":{"type":"object","properties":{"header":{"type":"string","example":"https://abc.com"},"footer":{"type":"string","example":"https://xzy.com"}}}}},"ThemeConfig":{"type":"object","properties":{"palette":{"$ref":"#/components/schemas/Palette"},"typography":{"$ref":"#/components/schemas/Typography"},"assets":{"$ref":"#/components/schemas/AssetsResponse"}}},"Error":{"title":"Error object","required":["code","message"],"type":"object","properties":{"code":{"type":"integer","description":"Error code (i.e 400, 404 etc)","format":"int64"},"message":{"type":"string","description":"Error message."},"description":{"type":"string","description":"A detail description about the error message.\n"},"moreInfo":{"type":"string","description":"Preferably an url with more details about the error.\n"},"error":{"type":"array","description":"If there are more than one error list them out.\nFor example, list out validation errors by each field.\n","items":{"$ref":"#/components/schemas/ErrorListItem"}}},"description":"Error object returned with 4XX HTTP Status"},"ErrorListItem":{"title":"Error List","required":["code","message"],"type":"object","properties":{"code":{"type":"string","description":"Error code (i.e 400, 404 etc)"},"message":{"type":"string","description":"Description about individual errors occurred\n"},"description":{"type":"string","description":"A detail description about the error message.\n"}},"description":"Description of individual errors that may have occurred during a request."}},"responses":{"BadRequest":{"description":"Bad Request. Invalid request or validation error.","content":{"application/json":{"schema":{"$ref":"#/components/schemas/Error"},"example":{"code":400,"message":"Bad Request","description":"Invalid request or validation error","moreInfo":"","error":[]}}}},"Conflict":{"description":"Conflict. Specified resource already exists.","content":{"application/json":{"schema":{"$ref":"#/components/schemas/Error"},"example":{"code":409,"message":"Conflict","description":"Specified resource already exists","moreInfo":"","error":[]}}}},"Forbidden":{"description":"Forbidden. The request must be conditional but no condition has been specified.","content":{"application/json":{"schema":{"$ref":"#/components/schemas/Error"},"example":{"code":403,"message":"Forbidden","description":"The request must be conditional but no condition has been specified","moreInfo":"","error":[]}}}},"InternalServerError":{"description":"Internal Server Error.","content":{"application/json":{"schema":{"$ref":"#/components/schemas/Error"},"example":{"code":500,"message":"Internal Server Error","description":"The server encountered an internal error. Please contact administrator.","moreInfo":"","error":[]}}}},"NotAcceptable":{"description":"Not Acceptable. The requested media type is not supported.","content":{"application/json":{"schema":{"$ref":"#/components/schemas/Error"},"example":{"code":406,"message":"Not Acceptable","description":"The requested media type is not supported","moreInfo":"","error":[]}}}},"NotFound":{"description":"Not Found. The specified resource does not exist.","content":{"application/json":{"schema":{"$ref":"#/components/schemas/Error"},"example":{"code":404,"message":"Not Found","description":"The specified resource does not exist","moreInfo":"","error":[]}}}},"PreconditionFailed":{"description":"Precondition Failed. The request has not been performed because one of the preconditions is not met.","content":{"application/json":{"schema":{"$ref":"#/components/schemas/Error"},"example":{"code":412,"message":"Precondition Failed","description":"The request has not been performed because one of the preconditions is not met","moreInfo":"","error":[]}}}},"Unauthorized":{"description":"Unauthorized. The user is not authorized.","content":{"application/json":{"schema":{"$ref":"#/components/schemas/Error"},"example":{"code":401,"message":"Unauthorized","description":"The user is not authorized","moreInfo":"","error":[]}}}},"UnsupportedMediaType":{"description":"Unsupported Media Type. The entity of the request was not in a supported format.","content":{"application/json":{"schema":{"$ref":"#/components/schemas/Error"},"example":{"code":415,"message":"Unsupported media type","description":"The entity of the request was not in a supported format","moreInfo":"","error":[]}}}}},"parameters":{"organizationId":{"name":"organizationId","in":"path","description":"Organization ID","required":true,"style":"simple","explode":false,"schema":{"type":"string"}}},"requestBodies":{"Typography":{"description":"Typography object that needs to be updated","content":{"application/json":{"schema":{"$ref":"#/components/schemas/Typography"}}},"required":true},"Palette":{"description":"Palette object that needs to be updated","content":{"application/json":{"schema":{"$ref":"#/components/schemas/Palette"}}},"required":true},"Assets":{"content":{"application/octet-stream":{"schema":{"type":"string","format":"binary"}}}}},"securitySchemes":{"petstore_auth":{"type":"oauth2","flows":{"implicit":{"authorizationUrl":"http://petstore.swagger.io/oauth/dialog","scopes":{"write:pets":"modify pets in your account","read:pets":"read your pets"}}}},"api_key":{"type":"apiKey","name":"api_key","in":"header"}}}}