{"openapi":"3.0.0","info":{"title":"Recherche d'analyze","description":"Un path de recherche d'analyze","contact":{"name":"Aymeric Mary","email":"aymeric.mary.dev@gmail.com"},"version":"1.0"},"servers":[{"url":"/"}],"paths":{"/analyzes":{"get":{"tags":["analyzes"],"parameters":[{"name":"country","in":"query","description":"Le pays d'usage du pneu","required":false,"style":"form","explode":true,"schema":{"type":"string","example":"fr"}},{"name":"brand","in":"query","description":"La marque du pneu","required":false,"style":"form","explode":true,"schema":{"type":"string","example":"Michelin"}},{"name":"model","in":"query","description":"Le modèle du pneu","required":false,"style":"form","explode":true,"schema":{"type":"string","example":"Pilot Sport 4"}},{"name":"type","in":"query","description":"Le type de pneu (Largeur / Hauteur / carcasse radiale / diamètre de jante / indice de charge / indice de vitesse)","required":false,"style":"form","explode":true,"schema":{"type":"string","example":"205/55R16 91 W"}},{"name":"scoreMin","in":"query","description":"Le score minimum","required":false,"style":"form","explode":true,"schema":{"type":"integer","format":"int64","example":90}},{"name":"scoreMax","in":"query","description":"Le score maximum","required":false,"style":"form","explode":true,"schema":{"type":"integer","format":"int64","example":100}},{"name":"valid","in":"query","required":false,"style":"form","explode":true,"schema":{"type":"boolean","example":true}},{"name":"leftTimeLifeMin","in":"query","description":"La durée de vie estimée minimum","required":false,"style":"form","explode":true,"schema":{"type":"integer","format":"int64","example":200}},{"name":"leftTimeLifeMax","in":"query","description":"La durée de vie estimée maximum","required":false,"style":"form","explode":true,"schema":{"type":"integer","format":"int64","example":400}},{"name":"limit","in":"query","description":"Le nombre d'analyze à afficher","required":false,"style":"form","explode":true,"schema":{"type":"integer","format":"int64","example":10}},{"name":"offset","in":"query","description":"Le décalage avant affichage","required":false,"style":"form","explode":true,"schema":{"type":"integer","format":"int64","example":20}},{"name":"sort","in":"query","description":"Les critères de tri, un + devant le nom de la proprieté signifie que le tri est ascendant, et un - signifie que le tri est descendant","required":false,"style":"form","explode":true,"schema":{"type":"array","example":["+score","-leftTime"],"items":{"type":"string"}}}],"responses":{"200":{"description":"successful operation","content":{"application/json":{"schema":{"type":"object","properties":{"id":{"type":"integer","format":"int64"},"country":{"type":"string"},"brand":{"type":"string"},"model":{"type":"string"},"type":{"type":"string"},"score":{"type":"integer","format":"int64"},"valid":{"type":"boolean"},"leftTimeLife":{"type":"integer","format":"int64"}}}}}}}}}}}