{"openapi":"3.0.0","info":{"title":"Coupon Managment API","license":{"name":"Apache 2.0","url":"http://www.apache.org/licenses/LICENSE-2.0.html"},"version":"2.0.0"},"servers":[{"url":"https://api.stickmee.coupon.com/<version>","description":"Production server"},{"url":"https://dev-api.stickmee.coupon.com/<version>","description":"Development server"}],"security":[{"ApiKeyAuth":[]}],"tags":[{"name":"Coupon Generation","description":"Generate common and special purpose coupons"},{"name":"Coupon Modification","description":"Modify common and special purpose coupon information"},{"name":"Coupon Consumption","description":"Consume common and special purpose coupons"},{"name":"Coupon Exporting","description":"List of all coupons"},{"name":"Coupon Querying","description":"Querying coupon"}],"paths":{"/coupons":{"get":{"tags":["Coupon Querying"],"summary":"query coupons based on exact match of query params","operationId":"queryCouponWithParams","parameters":[{"name":"pageSize","in":"query","required":false,"style":"form","explode":true,"schema":{"maximum":1E+3,"minimum":1,"type":"integer"}},{"name":"pageNumber","in":"query","required":false,"style":"form","explode":true,"schema":{"type":"integer","example":1}},{"name":"sortBy","in":"query","required":false,"style":"form","explode":true,"schema":{"type":"string","example":"validFrom"}},{"name":"orderBy","in":"query","required":false,"style":"form","explode":true,"schema":{"type":"string","example":"desc"}},{"name":"params","in":"query","required":false,"style":"form","explode":true,"schema":{"type":"object"},"example":{"isSpecial":true,"status":"NEW","createdDate":"2022-01-01T00:00:00.000Z","stores":[{"merchantId":"MER-001"}]}}],"responses":{"200":{"description":"Ok","content":{"application/json":{"schema":{"$ref":"#/components/schemas/QueryResult"}}}},"400":{"description":"Bad request parameter","content":{"application/json":{"schema":{"$ref":"#/components/schemas/BadRequestParamsError"}}}},"401":{"description":"Unauthorized Request","content":{"application/json":{"schema":{"$ref":"#/components/schemas/UnauthorizedReqError"}}}},"500":{"description":"Internal Server Error"}}},"post":{"tags":["Coupon Generation"],"summary":"generates common or special coupon","operationId":"generateCoupon","requestBody":{"$ref":"#/components/requestBodies/GenerateCoupon"},"responses":{"201":{"description":"Created","content":{"application/json":{"schema":{"$ref":"#/components/schemas/CouponResponse"}}}},"400":{"description":"Bad request parameter","content":{"application/json":{"schema":{"$ref":"#/components/schemas/BadRequestParamsError"}}}},"401":{"description":"Unauthorized Request","content":{"application/json":{"schema":{"$ref":"#/components/schemas/UnauthorizedReqError"}}}},"500":{"description":"Internal Server Error"}}}},"/batch/coupons":{"post":{"tags":["Coupon Generation"],"summary":"Batch generation of coupons","description":"Generation of at most 100 coupons","operationId":"batchGenerateCoupon","requestBody":{"$ref":"#/components/requestBodies/BatchCoupons"},"responses":{"200":{"description":"Ok","content":{"application/json":{"schema":{"$ref":"#/components/schemas/BatchCouponsReponse"}}}},"400":{"description":"Bad request parameter","content":{"application/json":{"schema":{"$ref":"#/components/schemas/BadRequestParamsError"}}}},"401":{"description":"Unauthorized Request","content":{"application/json":{"schema":{"$ref":"#/components/schemas/UnauthorizedReqError"}}}},"500":{"description":"Internal Server Error"}}}},"/coupons/{couponCode}":{"get":{"tags":["Coupon Querying"],"summary":"query coupon by coupon code","operationId":"queryCouponById","parameters":[{"name":"couponCode","in":"path","required":true,"style":"simple","explode":false,"schema":{"type":"string"}}],"responses":{"200":{"description":"Ok","content":{"application/json":{"schema":{"$ref":"#/components/schemas/CouponResponse"}}}},"400":{"description":"Coupon not found/ Bad request parameter","content":{"application/json":{"schema":{"oneOf":[{"$ref":"#/components/schemas/CouponNotFoundError"},{"$ref":"#/components/schemas/BadRequestParamsError"}]}}}},"401":{"description":"Unauthorized Request","content":{"application/json":{"schema":{"$ref":"#/components/schemas/UnauthorizedReqError"}}}},"500":{"description":"Internal Server Error"}}},"put":{"tags":["Coupon Modification"],"summary":"updates existing coupon","operationId":"modifyCoupon","parameters":[{"name":"couponCode","in":"path","required":true,"style":"simple","explode":false,"schema":{"type":"string"}}],"requestBody":{"$ref":"#/components/requestBodies/GenerateCoupon"},"responses":{"200":{"description":"Ok","content":{"application/json":{"schema":{"$ref":"#/components/schemas/CouponResponse"}}}},"400":{"description":"Coupon not found/ Bad request parameter","content":{"application/json":{"schema":{"oneOf":[{"$ref":"#/components/schemas/CouponNotFoundError"},{"$ref":"#/components/schemas/BadRequestParamsError"}]}}}},"401":{"description":"Unauthorized Request","content":{"application/json":{"schema":{"$ref":"#/components/schemas/UnauthorizedReqError"}}}},"500":{"description":"Internal Server Error"}}}},"/coupons/{couponCode}/consume":{"post":{"tags":["Coupon Consumption"],"summary":"consumes common coupon","operationId":"consumeCommonCoupon","parameters":[{"name":"couponCode","in":"path","required":true,"style":"simple","explode":false,"schema":{"type":"string"}}],"responses":{"200":{"description":"Success","content":{"application/json":{"schema":{"$ref":"#/components/schemas/CouponResponse"}}}},"400":{"description":"Coupon not found/ Coupon code is expired, used or deleted","content":{"application/json":{"schema":{"oneOf":[{"$ref":"#/components/schemas/CouponNotFoundError"},{"$ref":"#/components/schemas/CouponExpiredError"}]}}}},"401":{"description":"Unauthorized Request","content":{"application/json":{"schema":{"$ref":"#/components/schemas/UnauthorizedReqError"}}}},"500":{"description":"Internal Server Error"}}}},"/merchants/{merchantId}/coupons/report":{"post":{"tags":["Coupon Exporting"],"summary":"exports list of coupons that belongs to a merchant in supported formats (CSV, Excel)","operationId":"exportExcelCoupon","parameters":[{"name":"merchantId","in":"path","required":true,"style":"simple","explode":false,"schema":{"type":"string"}}],"requestBody":{"$ref":"#/components/requestBodies/ExportCoupon"},"responses":{"200":{"description":"success","content":{"application/json":{"schema":{"$ref":"#/components/schemas/ReportFile"}}}},"401":{"description":"Unauthorized Request","content":{"application/json":{"schema":{"$ref":"#/components/schemas/UnauthorizedReqError"}}}},"400":{"description":"Merchant not found","content":{"application/json":{"schema":{"type":"object","properties":{"error":{"type":"string","example":"merchant-not-found"},"title":{"type":"string","example":"Merchant Not Found Error"},"details":{"type":"string","example":"Merchant does not exist"},"status":{"type":"number","enum":[4E+2]}}}}}},"500":{"description":"Internal Server Error"}}}},"/coupons/report/{fileId}":{"get":{"tags":["Coupon Exporting"],"summary":"Download coupon in specified format using file id","operationId":"getExportedReport","parameters":[{"name":"fileId","in":"path","required":true,"style":"simple","explode":false,"schema":{"type":"string"}}],"responses":{"200":{"description":"success","headers":{"Content-Disposition":{"style":"simple","explode":false,"schema":{"type":"string","description":"the format is `attachment; filename=\"filname.csv\"","example":"attachment; filename=coupons-yyyy-MM-dd-HH-mm-ss.csv"}}},"content":{"applicaton/octect-stream":{"schema":{"format":"binary"}}}},"400":{"description":"The download link is invalid","content":{"application/json":{"schema":{"oneOf":[{"$ref":"#/components/schemas/FileNotFoundError"},{"$ref":"#/components/schemas/InvalidDownloadLinkError"}]}}}},"401":{"description":"Unauthorized Request","content":{"application/json":{"schema":{"$ref":"#/components/schemas/UnauthorizedReqError"}}}},"500":{"description":"Internal Server Error"}},"security":[{}]}},"/coupons/query":{"post":{"tags":["Coupon Querying"],"summary":"query coupons based on customized query params","operationId":"queryCoupon","requestBody":{"$ref":"#/components/requestBodies/QueryParams"},"responses":{"200":{"description":"Ok","content":{"application/json":{"schema":{"$ref":"#/components/schemas/QueryResult"}}}},"400":{"description":"Bad request parameter","content":{"application/json":{"schema":{"$ref":"#/components/schemas/BadRequestParamsError"}}}},"401":{"description":"Unauthorized Request","content":{"application/json":{"schema":{"$ref":"#/components/schemas/UnauthorizedReqError"}}}},"500":{"description":"Internal Server Error"}}}}},"components":{"schemas":{"ReportFile":{"type":"object","properties":{"fileUrl":{"type":"string","example":"https://dev-api.stickmee.coupon.com/coupons/report/<file_id>"}}},"GenerateCoupon":{"required":["isSpecial","stores","unit","validFrom","validTo","valueAmount"],"type":"object","properties":{"isSpecial":{"type":"boolean","example":true},"validFrom":{"type":"string","format":"date-time","example":"2022-12-31T00:00:00Z"},"validTo":{"type":"string","format":"date-time","example":"2022-12-31T12:00:00Z"},"valueAmount":{"type":"integer"},"unit":{"type":"string","example":"SGD"},"maxUsage":{"type":"integer","example":3},"stores":{"type":"array","items":{"required":["merchantId","storeId"],"type":"object","properties":{"merchantId":{"type":"string","example":"MER-001"},"storeId":{"type":"string","example":"STORE-001"},"storeName":{"type":"string","example":"ABC Store"},"email":{"type":"string","example":"abc@mail.com"},"website":{"type":"string","example":"www.abc.com"}}}}}},"Coupon":{"type":"object","properties":{"couponCode":{"type":"string","format":"date"},"status":{"type":"string","example":"NEW"},"validFrom":{"type":"string","format":"date-time","example":"2022-12-31T00:00:00Z"},"validTo":{"type":"string","format":"date-time","example":"2022-12-31T00:00:00Z"},"isSpecial":{"type":"boolean","example":true},"valueAmount":{"type":"integer"},"unit":{"type":"string","example":"SGD"},"maxUsage":{"type":"integer","example":3},"actualUsage":{"type":"integer"},"stores":{"type":"array","items":{"type":"object","properties":{"merchantId":{"type":"string","example":"MER-001"},"storeId":{"type":"string","example":"STORE-001"},"storeName":{"type":"string","example":"ABC Store"},"email":{"type":"string","example":"abc@mail.com"},"website":{"type":"string","example":"www.abc.com"}}}}}},"QueryResult":{"type":"object","properties":{"pageNumber":{"type":"integer","example":1},"pageSize":{"type":"integer","example":10},"totalPages":{"type":"integer","example":10},"numberofElements":{"type":"integer","example":10},"totalElements":{"type":"integer","example":10},"items":{"type":"array","items":{"$ref":"#/components/schemas/Coupon"}}}},"UnauthorizedReqError":{"type":"object","properties":{"error":{"type":"string","example":"unauthorized-request-error"},"title":{"type":"string","example":"Unauthorized Request Error"},"details":{"type":"string","example":"Incorrect API Key was provided"},"status":{"type":"number","enum":[401]}}},"BadRequestParamsError":{"type":"object","properties":{"error":{"type":"string","example":"request-validation-error"},"title":{"type":"string","example":"Request Parameters Validation Error"},"details":{"type":"string","example":"Invalid request parameter(s) was provided"},"status":{"type":"number","enum":[4E+2]}}},"FileNotFoundError":{"type":"object","properties":{"error":{"type":"string","example":"file-not-found"},"title":{"type":"string","example":"File Not Found Error"},"details":{"type":"string","example":"File does not exist"},"status":{"type":"number","enum":[4E+2]}}},"CouponNotFoundError":{"type":"object","properties":{"error":{"type":"string","example":"coupon-not-found"},"title":{"type":"string","example":"Coupon Not Found Error"},"details":{"type":"string","example":"Coupon does not exist."},"status":{"type":"number","enum":[4E+2]}}},"CouponExpiredError":{"type":"object","properties":{"error":{"type":"string","example":"expired-coupon"},"title":{"type":"string","example":"Expired Coupon Error"},"details":{"type":"string","example":"The coupon has exceeded the expiredDate"},"status":{"type":"number","enum":[4E+2]}}},"InvalidDownloadLinkError":{"type":"object","properties":{"error":{"type":"string","example":"invalid-download-link"},"title":{"type":"string","example":"Invalid Download Link Error"},"details":{"type":"string","example":"The link is not valid anymore"},"status":{"type":"number","enum":[4E+2]}}},"BatchCouponsReponse":{"type":"object","properties":{"data":{"type":"array","items":{"type":"object","properties":{"couponCode":{"type":"string","example":"tDkTUx94"}}}}}},"CouponResponse":{"type":"object","properties":{"data":{"$ref":"#/components/schemas/Coupon"}}}},"requestBodies":{"GenerateCoupon":{"content":{"application/json":{"schema":{"$ref":"#/components/schemas/GenerateCoupon"}}},"required":true},"BatchCoupons":{"content":{"application/json":{"schema":{"allOf":[{"$ref":"#/components/schemas/GenerateCoupon"},{"type":"object","properties":{"numberOfCoupons":{"maximum":1E+2,"minimum":1,"type":"integer","example":50}}}]}}},"required":true},"ExportCoupon":{"content":{"application/json":{"schema":{"required":["format"],"type":"object","properties":{"format":{"type":"string","example":"csv"},"dateFilter":{"type":"object","properties":{"startDate":{"type":"string","format":"date-time","example":"2019-11-14T00:55:31.82Z"},"endDate":{"type":"string","format":"date-time"}}}}}}},"required":true},"QueryParams":{"content":{"application/json":{"schema":{"required":["paginationParam","sortingParam"],"type":"object","properties":{"paginationParam":{"required":["pageNumber","pageSize"],"type":"object","properties":{"pageNumber":{"type":"integer","example":1},"pageSize":{"type":"integer","example":10}}},"sortingParam":{"required":["key","sortType"],"type":"object","properties":{"key":{"type":"string","example":"createdDate"},"sortType":{"type":"string","example":"asc"}}},"filter":{"type":"object","properties":{"filterParams":{"type":"array","items":{"type":"object","properties":{"filterExpression":{"type":"string","enum":["equalsIgnoreCase","equals","startsWithIgnoreCase","startsWith","endsWithIgnoreCase","endsWith","containsIgnoreCase","notEqual","between","notBetween","before","after","in"]},"filterType":{"type":"string","enum":["text","textArray","dateRange","date"]},"key":{"type":"string","example":"status"},"textValue":{"type":"object","properties":{"value":{"type":"string","example":"NEW"}}},"dateValue":{"type":"object","properties":{"value":{"type":"string","format":"date-time","example":"2021-11-14T00:55:31.82Z"}}},"dateRangeValue":{"type":"object","properties":{"start":{"type":"string","example":"2021-11-14T00:55:31.820Z"},"end":{"type":"string","example":"2022-11-14T00:55:31.820Z"}}},"textArrayValue":{"type":"object","properties":{"values":{"type":"array","items":{"type":"string","example":"[\"NEW\",\"USED\"]"}}}}}}},"filterLogic":{"type":"string","enum":["AND","OR"]}}}}}}}}},"securitySchemes":{"ApiKeyAuth":{"type":"apiKey","name":"X-API-Key","in":"header"}}}}