{"openapi":"3.0.0","info":{"title":"Backend_Restaurant","version":"1.0.0"},"servers":[{"url":"http://dasistallesnurge.cloud"}],"paths":{"/test":{"get":{"tags":["default"],"summary":"dasistallesnurge.cloud/test","responses":{"200":{"description":"Successful response","content":{"application/json":{}}}}}},"/user/login":{"get":{"tags":["default"],"summary":"http://dasistallesnurge.cloud/user/login?usermail=&passhash=","description":"Userlogin\r\nEmail des Benutzers \r\nPasswort als Hash","parameters":[{"name":"usermail","in":"query","description":"Email des Benutzers","required":false,"style":"form","explode":true,"schema":{"type":"string"}},{"name":"passhash","in":"query","description":"Passwort des Benutzers als Hash","required":false,"style":"form","explode":true,"schema":{"type":"string"}}],"responses":{"200":{"description":"Successful response","content":{"application/json":{}}}}}}}}