{"openapi":"3.0.0","info":{"title":"Simple CRUD API","description":"This is a simple API to demo use with go","contact":{"email":"you@your-company.com"},"license":{"name":"Apache 2.0","url":"http://www.apache.org/licenses/LICENSE-2.0.html"},"version":"1.0.0"},"servers":[{"url":"https://virtserver.swaggerhub.com/BackpackMedia/CrudDemo/1.0.0","description":"SwaggerHub API Auto Mocking"}],"tags":[{"name":"Everyone","description":"Operations open to the world"}],"paths":{"/":{"get":{"tags":["Everyone"],"summary":"generic message","description":"Just saying hi to anyone using this api","responses":{"200":{"description":"welcome","content":{"text/plain":{"schema":{"type":"string","example":"Welcome to the Demo Api by Backpack Media!"}}}},"400":{"description":"bad input parameter"}}}},"/note":{"get":{"tags":["Everyone"],"summary":"get notes","description":"get all available notes","operationId":"searchInventory","parameters":[{"name":"searchString","in":"query","description":"pass an optional search string for looking up inventory","required":false,"style":"form","explode":true,"schema":{"type":"string"}},{"name":"skip","in":"query","description":"number of records to skip for pagination","required":false,"style":"form","explode":true,"schema":{"minimum":0,"type":"integer","format":"int32"}},{"name":"limit","in":"query","description":"maximum number of records to return","required":false,"style":"form","explode":true,"schema":{"maximum":5E+1,"minimum":0,"type":"integer","format":"int32"}}],"responses":{"200":{"description":"successfully return list","content":{"application/json":{"schema":{"type":"array","items":{"$ref":"#/components/schemas/NoteItem"}}}}},"400":{"description":"bad input parameter"}}},"post":{"tags":["Everyone"],"summary":"adds a note","description":"Adds an item to the system","operationId":"addNote","requestBody":{"description":"Note item to add","content":{"application/json":{"schema":{"$ref":"#/components/schemas/NoteItem"}}}},"responses":{"201":{"description":"note created"},"400":{"description":"invalid input, object invalid"},"409":{"description":"an existing item already exists"}}}},"/note/{id}":{"get":{"tags":["Everyone"],"summary":"searches for a specific note","description":"get a note by id","operationId":"getNoteById","parameters":[{"name":"id","in":"path","description":"Note ID","required":true,"style":"simple","explode":false,"schema":{"type":"integer","format":"int64"}}],"responses":{"200":{"description":"successfully return note item","content":{"application/json":{"schema":{"type":"array","items":{"$ref":"#/components/schemas/NoteItem"}}}}},"400":{"description":"bad input parameter"}}},"put":{"tags":["Everyone"],"summary":"update a note","description":"update a specific note in the system","operationId":"updateNote","parameters":[{"name":"id","in":"path","description":"Note ID","required":true,"style":"simple","explode":false,"schema":{"type":"integer","format":"int64"}}],"requestBody":{"description":"Note item to add","content":{"application/json":{"schema":{"$ref":"#/components/schemas/NoteItem"}}}},"responses":{"201":{"description":"note created"},"400":{"description":"invalid input, object invalid"},"409":{"description":"an existing item already exists"}}},"delete":{"tags":["Everyone"],"summary":"remove a note","description":"removes note from system","operationId":"deleteNote","parameters":[{"name":"id","in":"path","description":"Note ID","required":true,"style":"simple","explode":false,"schema":{"type":"integer","format":"int64"}}],"responses":{"201":{"description":"note deleted"},"400":{"description":"invalid input, object invalid"},"409":{"description":"item doesn't exists"}}}}},"components":{"schemas":{"NoteItem":{"required":["creationDate","id","text"],"type":"object","properties":{"id":{"type":"string","format":"uuid","example":"d290f1ee-6c54-4b01-90e6-d701748f0851"},"text":{"type":"string","example":"Note Example"},"releaseDate":{"type":"string","format":"date-time","example":"2016-08-29T09:12:33.001Z"}}}}}}