{"openapi":"3.0.0","info":{"title":"Simple Community API","description":"Api for Marijuana related apps","contact":{"email":"kevin@bpack.media"},"license":{"name":"Apache 2.0","url":"http://www.apache.org/licenses/LICENSE-2.0.html"},"version":"1.0.3"},"servers":[{"url":"https://virtserver.swaggerhub.com/BackpackMedia/MarijuanaAPI/1.0.0","description":"SwaggerHub API Auto Mocking"}],"tags":[{"name":"strains","description":"Calls for strains"},{"name":"stores","description":"Calls for stores"},{"name":"inventory","description":"Calls for a store's inventory"}],"paths":{"/strains":{"get":{"tags":["strains"],"summary":"searches for strains","description":"can find strains by type or name","parameters":[{"name":"name","in":"query","description":"pass an optional strain name","required":false,"style":"form","explode":true,"schema":{"type":"string"}},{"name":"type","in":"query","description":"pass an optional strain type","required":false,"style":"form","explode":true,"schema":{"type":"string"}},{"name":"offset","in":"query","description":"number of records to skip for pagination","required":true,"style":"form","explode":true,"schema":{"minimum":0,"type":"integer","format":"int32"}},{"name":"limit","in":"query","description":"maximum number of records to return","required":true,"style":"form","explode":true,"schema":{"maximum":5E+1,"minimum":0,"type":"integer","format":"int32"}}],"responses":{"200":{"description":"search results matching criteria","content":{"application/json":{"schema":{"type":"array","items":{"$ref":"#/components/schemas/Strains"}}}}},"400":{"description":"bad input parameter"}}},"post":{"tags":["strains"],"summary":"adds a strain","operationId":"addInventory","requestBody":{"description":"Adds an item to the system","content":{"application/json":{"schema":{"$ref":"#/components/schemas/Strains"}},"application/x-www-form-urlencoded":{"schema":{"$ref":"#/components/schemas/Strains"}}},"required":true},"responses":{"201":{"description":"item created"},"400":{"description":"invalid input, object invalid"},"409":{"description":"an existing item already exists"}}}},"/stores":{"get":{"tags":["stores"],"summary":"searches for stores","description":"can find stores by name or state","parameters":[{"name":"name","in":"query","description":"pass an optional store name","required":false,"style":"form","explode":true,"schema":{"type":"string"}},{"name":"state","in":"query","description":"pass an optional state","required":false,"style":"form","explode":true,"schema":{"type":"string"}},{"name":"offset","in":"query","description":"number of records to skip for pagination","required":true,"style":"form","explode":true,"schema":{"minimum":0,"type":"integer","format":"int32"}},{"name":"limit","in":"query","description":"maximum number of records to return","required":true,"style":"form","explode":true,"schema":{"maximum":5E+1,"minimum":0,"type":"integer","format":"int32"}}],"responses":{"200":{"description":"search results matching criteria","content":{"application/json":{"schema":{"type":"array","items":{"$ref":"#/components/schemas/Store"}}}}},"400":{"description":"bad input parameter"}}},"post":{"tags":["stores"],"summary":"adds a store","operationId":"addStore","requestBody":{"description":"Adds an store to the system","content":{"application/json":{"schema":{"$ref":"#/components/schemas/Store"}},"application/x-www-form-urlencoded":{"schema":{"$ref":"#/components/schemas/Store"}}},"required":true},"responses":{"201":{"description":"item created"},"400":{"description":"invalid input, object invalid"},"409":{"description":"an existing item already exists"}}}},"/stores/{slug}/inventory":{"get":{"tags":["inventory"],"summary":"get a store's inventory","description":"can find store inventory by type or strain name","parameters":[{"name":"slug","in":"path","description":"store slug","required":true,"style":"simple","explode":false,"schema":{"type":"string"}},{"name":"name","in":"query","description":"pass an optional strain name","required":false,"style":"form","explode":true,"schema":{"type":"string"}},{"name":"type","in":"query","description":"pass an optional strain type","required":false,"style":"form","explode":true,"schema":{"type":"string"}},{"name":"offset","in":"query","description":"number of records to skip for pagination","required":true,"style":"form","explode":true,"schema":{"minimum":0,"type":"integer","format":"int32"}},{"name":"limit","in":"query","description":"maximum number of records to return","required":true,"style":"form","explode":true,"schema":{"maximum":5E+1,"minimum":0,"type":"integer","format":"int32"}}],"responses":{"200":{"description":"search results matching criteria","content":{"application/json":{"schema":{"type":"array","items":{"$ref":"#/components/schemas/InventoryItem"}}}}},"400":{"description":"bad input parameter"}}},"post":{"tags":["inventory"],"summary":"adds inventory to a store","operationId":"addStoreInventory","parameters":[{"name":"slug","in":"path","description":"store slug","required":true,"style":"simple","explode":false,"schema":{"type":"string"}}],"requestBody":{"description":"Adds an store to the system","content":{"application/json":{"schema":{"$ref":"#/components/schemas/InventoryItem"}},"application/x-www-form-urlencoded":{"schema":{"$ref":"#/components/schemas/InventoryItem"}}},"required":true},"responses":{"201":{"description":"item created"},"400":{"description":"invalid input, object invalid"},"409":{"description":"an existing item already exists"}}}}},"components":{"schemas":{"Strains":{"required":["id","name"],"type":"object","properties":{"id":{"type":"string","format":"uuid","example":"d290f1ee-6c54-4b01-90e6-d701748f0851"},"name":{"type":"string","example":"Rio Bravo"},"type":{"type":"string","example":"sativa"}}},"Store":{"required":["address","name","slug","website"],"type":"object","properties":{"name":{"type":"string","example":"ACME Corporation"},"slug":{"type":"string","example":"acme-high"},"website":{"type":"string","format":"url","example":"https://www.acme-corp.com"},"street":{"type":"string","example":"100 Weed Ave. S"},"city":{"type":"string","example":"High"},"state":{"type":"string","example":"TN"},"zip":{"type":"string","example":"123345"},"phone":{"type":"string","example":"408-867-5309"}}},"InventoryItem":{"required":["description","id","name","qty","storeSlug","type"],"type":"object","properties":{"id":{"type":"string","format":"uuid","example":"d290f1ee-6c54-4b01-90e6-d701748f0851"},"name":{"type":"string","example":"Rio Bravo"},"type":{"type":"string","example":"sativa"},"description":{"type":"string","example":"1g of flower"},"qty":{"type":"integer","example":25},"storeSlug":{"type":"string","example":"acme-high"}}}}}}