{"openapi":"3.0.0","info":{"title":"interaction-backend","version":"0.0.1"},"servers":[{"url":"https://virtserver.swaggerhub.com/Badcat330/interaction-backend/1.0.0","description":"SwaggerHub API Auto Mocking"},{"url":"http://127.0.0.1:5000"}],"tags":[{"name":"assessment"},{"name":"user"},{"name":"type"}],"paths":{"/assessment/getAssessments":{"post":{"tags":["assessment"],"summary":"Get assessments for user","requestBody":{"content":{"application/json":{"schema":{"type":"object","example":{"token":"905a9764-a9f9-4d3d-ab85-a663c801e0f6"}}}}},"responses":{"200":{"description":"Successful response","content":{"application/json":{}}}}}},"/assessment/getTasks":{"post":{"tags":["assessment"],"summary":"Get tasks from assessment","requestBody":{"content":{"application/json":{"schema":{"type":"object","example":{"assessmentId":10,"token":"6458f46e-e5e5-45e2-baf5-5f042f73d9ee"}}}}},"responses":{"200":{"description":"Successful response","content":{"application/json":{}}}}}},"/assessment/appointAssessment":{"post":{"tags":["assessment"],"summary":"Appoint Assesment","requestBody":{"content":{"application/json":{"schema":{"type":"object","example":{"userId":12,"assessmentId":10}}}}},"responses":{"200":{"description":"Successful response","content":{"application/json":{}}}}}},"/assessment/setGrade":{"post":{"tags":["assessment"],"summary":"Set task result","requestBody":{"content":{"application/json":{"schema":{"type":"object","example":{"token":"6458f46e-e5e5-45e2-baf5-5f042f73d9ee","assessmentId":10,"taskId":"2d423770-8dde-41a4-a17c-0c11eb98d387","userAnswer":"10"}}}}},"responses":{"200":{"description":"Successful response","content":{"application/json":{}}}}}},"/assessment/getTask":{"post":{"tags":["assessment"],"summary":"Get task","requestBody":{"content":{"application/json":{"schema":{"type":"object","example":{"assessmentId":10,"token":"6458f46e-e5e5-45e2-baf5-5f042f73d9ee","taskId":"2d423770-8dde-41a4-a17c-0c11eb98d387"}}}}},"responses":{"200":{"description":"Successful response","content":{"application/json":{}}}}}},"/assessment/create":{"post":{"tags":["assessment"],"summary":"Create assessment","requestBody":{"content":{"application/json":{"schema":{"type":"object","example":{"token":"6458f46e-e5e5-45e2-baf5-5f042f73d9ee","assignmentName":"Personal task test 2","taskType":"UnitsOfMeasure","taskNumber":1,"forceGenerator":false}}}}},"responses":{"200":{"description":"Successful response","content":{"application/json":{}}}}}},"/user/check":{"post":{"tags":["user"],"summary":"check","requestBody":{"content":{"application/json":{"schema":{"type":"object","example":{"email":"aglushko@ithse.ru","password":"8d969eef6ecad3c29a3a629280e686cf0c3f5d5a86aff3ca12020c923adc6c92"}}}}},"responses":{"200":{"description":"Successful response","content":{"application/json":{}}}}}},"/user/update":{"post":{"tags":["user"],"summary":"edit","requestBody":{"content":{"application/json":{"schema":{"type":"object","example":{"token":"eee3364d-96d1-4a91-e16f","firstname":"Alexander","lastname":"Glushko"}}}}},"responses":{"200":{"description":"Successful response","content":{"application/json":{}}}}}},"/user/create":{"post":{"tags":["user"],"summary":"create","requestBody":{"content":{"application/json":{"schema":{"type":"object","example":{"email":"aglushko@ithse.ru","firstname":"Alex","lastname":"Glushko","password":"123456"}}}}},"responses":{"200":{"description":"Successful response","content":{"application/json":{}}}}}},"/type/get":{"get":{"tags":["type"],"summary":"get","responses":{"200":{"description":"Successful response","content":{"application/json":{}}}}}}}}