{"openapi":"3.0.0","info":{"title":"key-sys-api","description":"This is a simple API to get OpenSea API keys from a database","version":"1.0.0"},"servers":[{"url":"/"}],"paths":{"/keys":{"get":{"summary":"Get a new key","description":"Pop a new API key from internal Queue","operationId":"getKey","responses":{"200":{"description":"A new key","content":{"application/json":{"schema":{"type":"object","properties":{"key":{"type":"string"}}}}}},"404":{"description":"No keys in queue","content":{"application/json":{"schema":{"type":"object","properties":{"error":{"type":"string"}}}}}}}}}}}