{"openapi":"3.0.0","info":{"title":"Servicio Fabrica Soluciones","description":"Servicio para analizar un conjunto de clientes e indicar su viabilidad para obtener productos de colocacion Bancoomeva","contact":{"email":"dianac_restrepo@coomeva.com.co"},"license":{"name":"Apache 2.0","url":"http://www.apache.org/licenses/LICENSE-2.0.html"},"version":"1.0.0"},"servers":[{"url":"https://virtserver.swaggerhub.com/Bancoomeva5/fabricaSlnes/1.0.0","description":"SwaggerHub API Auto Mocking"},{"url":"https://fabricaslnespruebas.bancoomeva.com.co:8086/Bancoomeva5/fabricaSlnes/1.0.0","description":"Servidor Docker QA Banco"}],"tags":[{"name":"admins","description":"Usuario de consumo Servicio"}],"paths":{"/fabricaSlnes":{"post":{"tags":["admins"],"summary":"Evalua los clientes indicados en el request para otorgarles productos de colocacion Banco.","description":"Evalua los clientes indicados en el request para otorgarles productos de colocacion Banco. El resultado del proceso se envia al email configurado como variable de entorno para el servicio","operationId":"fabricaSlnes","requestBody":{"description":"Datos Básicos cliente para analizar","content":{"application/json":{"schema":{"$ref":"#/components/schemas/data"}}}},"responses":{"200":{"description":"Proceso Ejecutado Satisfactoriamente"},"403":{"description":"Forbidden"},"500":{"description":"Proceso con Errores, validar"},"501":{"description":"invalid input, object invalid"}}}}},"components":{"schemas":{"data":{"required":["numDocumento"],"type":"object","properties":{"id":{"$ref":"#/components/schemas/numDocumento"}}},"numDocumento":{"required":["ACTIV_BASE","CIIU","CIUD_RESIDEN","DEC_RENTA","EDAD","ESTADO_CIVIL","GENERO","INGRESO_FUENTE_ASAL","INGRESO_FUENTE_INDPTE","LINEA","NIVEL_ACADEMICO","TIPO_CONTRATO","VALOR_VEHICULO"],"properties":{"ESTADO_CIVIL":{"type":"string","example":"0"},"NIVEL_ACADEMICO":{"type":"string","example":"0"},"ACTIV_BASE":{"type":"string","example":"0"},"VALOR_VEHICULO":{"type":"string","example":"5000000"},"GENERO":{"type":"string","example":"0"},"TIPO_CONTRATO":{"type":"string","example":"0"},"INGRESO_FUENTE_ASAL":{"type":"string","example":"2000000"},"INGRESO_FUENTE_INDPTE":{"type":"string","example":"1000000"},"EDAD":{"type":"string","example":"40"},"DEC_RENTA":{"type":"string","example":"1"},"CIUD_RESIDEN":{"type":"string","example":"20537"},"CIIU":{"type":"string","example":"20"},"LINEA":{"required":["COMPRA_CARTERA","CUPO_ACTIVO","EDUCAR_TRADICIONAL","LIBRE_INVERSION","TARJETA_TAC","TARJETA_VISA"],"type":"object","properties":{"LIBRE_INVERSION":{"required":["Monto","Plazo"],"type":"object","properties":{"Monto":{"type":"string","example":"8000000"},"Plazo":{"type":"string","example":"48"}}},"EDUCAR_TRADICIONAL":{"required":["Monto","Plazo"],"type":"object","properties":{"Monto":{"type":"string","example":"10000000"},"Plazo":{"type":"string","example":"60"}}},"COMPRA_CARTERA":{"required":["Monto","Plazo","TOTAL_CUOTAS_A_COMPRAR"],"type":"object","properties":{"Monto":{"type":"string","example":"10000000"},"Plazo":{"type":"string","example":"60"},"TOTAL_CUOTAS_A_COMPRAR":{"type":"string","example":"10000000"}}},"TARJETA_VISA":{"required":["Monto"],"type":"object","properties":{"Monto":{"type":"string","example":"10000000"}}},"TARJETA_TAC":{"required":["Monto"],"type":"object","properties":{"Monto":{"type":"string","example":"10000000"}}},"CUPO_ACTIVO":{"required":["Monto"],"type":"object","properties":{"Monto":{"type":"string","example":"10000000"}}}}}}}}}}