{"openapi":"3.0.0","info":{"title":"Loan Application API from Broker channel","description":"This is a API for mortgage loan application submitted from broker channel","contact":{"email":"augustin.bilolo@bnc.ca"},"license":{"name":"Apache 2.0","url":"http://www.apache.org/licenses/LICENSE-2.0.html"},"version":"1.0.0"},"servers":[{"url":"https://virtserver.swaggerhub.com/BankAPI2/LoanApplication/1.0.0","description":"SwaggerHub API Auto Mocking"}],"paths":{"/decisionandresult":{"get":{"summary":"searches specific mortgage loan information","description":"By passing in the appropriate options, you can search for\navailable loan mortgage in the system\n","operationId":"searchMortgage","parameters":[{"name":"searchString","in":"query","description":"pass an optional search string for looking up mortgage loan","required":false,"style":"form","explode":true,"schema":{"type":"string"}},{"name":"mortgagenumber","in":"query","description":"mortgage ID","required":false,"style":"form","explode":true,"schema":{"type":"integer","format":"int32"}}],"responses":{"200":{"description":"search results matching criteria","content":{"application/json":{"schema":{"type":"array","items":{"$ref":"#/components/schemas/MortgageLoanItem"}}}}},"400":{"description":"bad input parameter"}}}},"/submission":{"post":{"summary":"submit an application loan","description":"Adds an application loan to the system","operationId":"submitApplicationLoan","requestBody":{"description":"Application loan to add","content":{"application/json":{"schema":{"$ref":"#/components/schemas/MortgageLoanItem"}}}},"responses":{"201":{"description":"application loan created"},"400":{"description":"invalid input, object invalid"},"409":{"description":"an existing application loan already exists"}}}},"/documentcollection":{"post":{"summary":"submit documents","description":"Adds documents to the system","operationId":"submitDocumentCollection","requestBody":{"description":"Document to add","content":{"application/json":{"schema":{"$ref":"#/components/schemas/MortgageLoanItem"}}}},"responses":{"201":{"description":"document created"},"400":{"description":"invalid input, object invalid"},"409":{"description":"document already exists"}}}}},"components":{"schemas":{"MortgageLoanItem":{"required":["id","manufacturer","name","releaseDate"],"type":"object","properties":{"id":{"type":"string","format":"uuid","example":"d290f1ee-6c54-4b01-90e6-d701748f0851"},"name":{"type":"string","example":"Widget Adapter"},"releaseDate":{"type":"string","format":"date-time","example":"2016-08-29T09:12:33.001Z"},"manufacturer":{"$ref":"#/components/schemas/Manufacturer"}}},"Manufacturer":{"required":["name"],"type":"object","properties":{"name":{"type":"string","example":"ACME Corporation"},"homePage":{"type":"string","format":"url","example":"https://www.acme-corp.com"},"phone":{"type":"string","example":"408-867-5309"}}}}}}