{"openapi":"3.0.0","info":{"title":"Banktools","description":"Interface de comunicação com banktools.","contact":{"name":"Suporte Banktools","email":"felipe@banktools.com.br"},"version":"1.0.3"},"servers":[{"url":"https://virtserver.swaggerhub.com/Banktools/Banktools/1.0.1","description":"SwaggerHub API Auto Mocking"},{"url":"https://hom-api.banktools.com.br/","description":"SwaggerHub API Auto Mocking"}],"security":[{"application":["banktools","write"]}],"tags":[{"name":"Token","description":"Operação para gerar Token de acesso a API Banktools"},{"name":"Cartão Novo","description":"Operações destinadas a venda de cartão de crédito"},{"name":"Cartão Atualiza","description":"Operações destinadas a alteração de margem de cartão de crédito"},{"name":"Cartão Encerra","description":"Operações destinadas a encerramento de cartão de crédito"},{"name":"Consulta Margem","description":"Operações destinadas a consulta de margem consignável"},{"name":"Empréstimo - Margem Livre","description":"Operações destinadas a empréstimos baseado em margem livre"},{"name":"Empréstimo - Liquidação","description":"Operações destinadas a liquidação de empréstimos"},{"name":"Empréstimo - Cancelamento","description":"Operações destinadas a cancelamento de operação de empréstimos"},{"name":"Refinanciamento","description":"Operações destinadas a refinanciamento de empréstimos correntes"},{"name":"Refinanciamento - Cancelamento","description":"Operações destinadas a cancelamento de refinanciamento"},{"name":"Portabilidade","description":"Operações destinadas a Portabilidade de Contrato"},{"name":"Portabilidade - Cancela","description":"Operações destinadas a Cancelamento de Portabilidade de Contrato"}],"paths":{"/autentication":{"post":{"tags":["Token"],"summary":"Token de acesso a API Banktools","description":"Procedimento para gerar Token de Acesso a API Banktools","requestBody":{"description":"Gerar Token de acesso ao sistema Banktools","content":{"application/json":{"schema":{"$ref":"#/components/schemas/AutorizacaoData"}}}},"responses":{"200":{"description":"Token Gerado","content":{"application/json":{"schema":{"$ref":"#/components/schemas/AutenticacaoResponse"}}}}}}},"/cartao/novo/{convenio}/{movimento}":{"get":{"tags":["Cartão Novo"],"summary":"Operação para averbação de Cartão de Crédito","description":"Procedimento para inclusão de novos cartões de crédito dentro do portal consignatário.","parameters":[{"name":"convenio","in":"path","description":"Código do Convênio Banktools","required":true,"style":"simple","explode":false,"schema":{"type":"integer","format":"int"}},{"name":"movimento","in":"path","description":"Código do Movimento a ser consultado","required":true,"style":"simple","explode":false,"schema":{"type":"integer","format":"int"}}],"responses":{"200":{"description":"Dados do movimento registrado no sistema Banktools","content":{"application/json":{"schema":{"$ref":"#/components/schemas/CartaoResponse"}}}}}}},"/cartao/novo/{convenio}":{"put":{"tags":["Cartão Novo"],"summary":"Operação para atualização de averbação de Cartão de Crédito","description":"Procedimento para correção de dados de contratos de cartões de crédito recusados.","parameters":[{"name":"convenio","in":"path","description":"Código do Convênio Banktools","required":true,"style":"simple","explode":false,"schema":{"type":"integer","format":"int"}}],"requestBody":{"description":"Inserir nova operação","content":{"application/json":{"schema":{"$ref":"#/components/schemas/CartaoData"}}}},"responses":{"200":{"description":"Operação Atualizada","content":{"application/json":{"schema":{"$ref":"#/components/schemas/UpdateSuccessResponse"}}}}}},"post":{"tags":["Cartão Novo"],"summary":"Operação para averbação de Cartão de Crédito","description":"Procedimento para inclusão de novos cartões de crédito dentro do portal consignatário.","parameters":[{"name":"convenio","in":"path","description":"Código do Convênio Banktools","required":true,"style":"simple","explode":false,"schema":{"type":"integer","format":"int"}}],"requestBody":{"description":"Inserir nova operação","content":{"application/json":{"schema":{"$ref":"#/components/schemas/CartaoData"}}}},"responses":{"200":{"description":"Operação incluida","content":{"application/json":{"schema":{"$ref":"#/components/schemas/InsertSuccessResponse"}}}}}}},"/cartao/atualiza/{convenio}/{movimento}":{"get":{"tags":["Cartão Atualiza"],"summary":"Operação para averbação de Cartão de Crédito","description":"Procedimento para inclusão de novos cartões de crédito dentro do portal consignatário.","parameters":[{"name":"convenio","in":"path","description":"Código do Convênio Banktools","required":true,"style":"simple","explode":false,"schema":{"type":"integer","format":"int"}},{"name":"movimento","in":"path","description":"Código do Movimento a ser consultado","required":true,"style":"simple","explode":false,"schema":{"type":"integer","format":"int"}}],"responses":{"200":{"description":"Dados do movimento registrado no sistema Banktools","content":{"application/json":{"schema":{"$ref":"#/components/schemas/CartaoResponse"}}}}}}},"/cartao/atualiza/{convenio}":{"put":{"tags":["Cartão Atualiza"],"summary":"Operação para atualização de averbação de Cartão de Crédito","description":"Procedimento para correção de dados de contratos de cartões de crédito recusados.","parameters":[{"name":"convenio","in":"path","description":"Código do Convênio Banktools","required":true,"style":"simple","explode":false,"schema":{"type":"integer","format":"int"}}],"requestBody":{"description":"Inserir nova operação","content":{"application/json":{"schema":{"$ref":"#/components/schemas/CartaoData"}}}},"responses":{"200":{"description":"Operação Atualizada","content":{"application/json":{"schema":{"$ref":"#/components/schemas/UpdateSuccessResponse"}}}}}},"post":{"tags":["Cartão Atualiza"],"summary":"Operação para averbação de Cartão de Crédito","description":"Procedimento para inclusão de novos cartões de crédito dentro do portal consignatário.","parameters":[{"name":"convenio","in":"path","description":"Código do Convênio Banktools","required":true,"style":"simple","explode":false,"schema":{"type":"integer","format":"int"}}],"requestBody":{"description":"Inserir nova operação","content":{"application/json":{"schema":{"$ref":"#/components/schemas/CartaoData"}}}},"responses":{"200":{"description":"Operação incluida","content":{"application/json":{"schema":{"$ref":"#/components/schemas/InsertSuccessResponse"}}}}}}},"/cartao/encerra/{convenio}/{movimento}":{"get":{"tags":["Cartão Encerra"],"summary":"Operação para encerramento de Cartão de Crédito","description":"Procedimento para inclusão de solicitação de encerramento de cartões de crédito dentro do portal consignatário.","parameters":[{"name":"convenio","in":"path","description":"Código do Convênio Banktools","required":true,"style":"simple","explode":false,"schema":{"type":"integer","format":"int"}},{"name":"movimento","in":"path","description":"Código do Movimento a ser consultado","required":true,"style":"simple","explode":false,"schema":{"type":"integer","format":"int"}}],"responses":{"200":{"description":"Dados do movimento registrado no sistema Banktools","content":{"application/json":{"schema":{"$ref":"#/components/schemas/CartaoResponse"}}}}}}},"/cartao/encerra/{convenio}":{"put":{"tags":["Cartão Encerra"],"summary":"Operação para atualização de solicitação de encerramento de Cartão de Crédito","description":"Procedimento para correção de dados de contratos de cartões de crédito recusados.","parameters":[{"name":"convenio","in":"path","description":"Código do Convênio Banktools","required":true,"style":"simple","explode":false,"schema":{"type":"integer","format":"int"}}],"requestBody":{"description":"Inserir nova operação","content":{"application/json":{"schema":{"$ref":"#/components/schemas/CartaoData"}}}},"responses":{"200":{"description":"Operação Atualizada","content":{"application/json":{"schema":{"$ref":"#/components/schemas/UpdateSuccessResponse"}}}}}},"post":{"tags":["Cartão Encerra"],"summary":"Operação para encerramento de Cartão de Crédito","description":"Procedimento para inclusão de solicitação de encerramento de cartões de crédito dentro do portal consignatário.","parameters":[{"name":"convenio","in":"path","description":"Código do Convênio Banktools","required":true,"style":"simple","explode":false,"schema":{"type":"integer","format":"int"}}],"requestBody":{"description":"Inserir nova operação","content":{"application/json":{"schema":{"$ref":"#/components/schemas/CartaoData"}}}},"responses":{"200":{"description":"Operação incluida","content":{"application/json":{"schema":{"$ref":"#/components/schemas/InsertSuccessResponse"}}}}}}},"/consulta/{convenio}/{movimento}":{"get":{"tags":["Consulta Margem"],"summary":"Operação para consulta de Margem do Servidor","description":"Procedimento para consulta de margem do servidor.","parameters":[{"name":"convenio","in":"path","description":"Código do Convênio Banktools","required":true,"style":"simple","explode":false,"schema":{"type":"integer","format":"int"}},{"name":"movimento","in":"path","description":"Código do Movimento a ser consultado","required":true,"style":"simple","explode":false,"schema":{"type":"integer","format":"int"}}],"responses":{"200":{"description":"Dados do movimento registrado no sistema Banktools","content":{"application/json":{"schema":{"$ref":"#/components/schemas/ConsultaDados"}}}}}}},"/consulta/{convenio}":{"put":{"tags":["Consulta Margem"],"summary":"Operação para atualização consulta de margem do servidor.","description":"Procedimento para correção de dados de consulta invalidos.","parameters":[{"name":"convenio","in":"path","description":"Código do Convênio Banktools","required":true,"style":"simple","explode":false,"schema":{"type":"integer","format":"int"}}],"requestBody":{"description":"Inserir nova operação","content":{"application/json":{"schema":{"$ref":"#/components/schemas/ConsultaData"}}}},"responses":{"200":{"description":"Operação Atualizada","content":{"application/json":{"schema":{"$ref":"#/components/schemas/UpdateSuccessResponse"}}}}}},"post":{"tags":["Consulta Margem"],"summary":"Operação para consulta de margem do servidor","description":"Procedimento para inclusão de consulta de margem do servidor.","parameters":[{"name":"convenio","in":"path","description":"Código do Convênio Banktools","required":true,"style":"simple","explode":false,"schema":{"type":"integer","format":"int"}}],"requestBody":{"description":"Inserir nova operação","content":{"application/json":{"schema":{"$ref":"#/components/schemas/ConsultaData"}}}},"responses":{"200":{"description":"Operação incluida","content":{"application/json":{"schema":{"$ref":"#/components/schemas/InsertSuccessResponse"}}}}}}},"/emprestimo/novo/{convenio}/{movimento}":{"get":{"tags":["Empréstimo - Margem Livre"],"summary":"Operação para averbação de emprestimos de margem livre","description":"Procedimento para inclusão de novos empréstimos no portal consignatário.","parameters":[{"name":"convenio","in":"path","description":"Código do Convênio Banktools","required":true,"style":"simple","explode":false,"schema":{"type":"integer","format":"int"}},{"name":"movimento","in":"path","description":"Código do Movimento a ser consultado","required":true,"style":"simple","explode":false,"schema":{"type":"integer","format":"int"}}],"responses":{"200":{"description":"Dados do movimento registrado no sistema Banktools","content":{"application/json":{"schema":{"$ref":"#/components/schemas/EmprestimoResponse"}}}}}}},"/emprestimo/novo/{convenio}":{"put":{"tags":["Empréstimo - Margem Livre"],"summary":"Operação para atualização de averbação de emprestimos de margem livre","description":"Procedimento para correção de dados de contratos de cartões de crédito recusados.","parameters":[{"name":"convenio","in":"path","description":"Código do Convênio Banktools","required":true,"style":"simple","explode":false,"schema":{"type":"integer","format":"int"}}],"requestBody":{"description":"Inserir nova operação","content":{"application/json":{"schema":{"$ref":"#/components/schemas/EmprestimoData"}}}},"responses":{"200":{"description":"Operação Atualizada","content":{"application/json":{"schema":{"$ref":"#/components/schemas/UpdateSuccessResponse"}}}}}},"post":{"tags":["Empréstimo - Margem Livre"],"summary":"Operação para averbação de emprestimos de margem livre","description":"Procedimento para inclusão de emprestimos de margem livre dentro do portal consignatário.","parameters":[{"name":"convenio","in":"path","description":"Código do Convênio Banktools","required":true,"style":"simple","explode":false,"schema":{"type":"integer","format":"int"}}],"requestBody":{"description":"Inserir nova operação","content":{"application/json":{"schema":{"$ref":"#/components/schemas/EmprestimoData"}}}},"responses":{"200":{"description":"Operação incluida","content":{"application/json":{"schema":{"$ref":"#/components/schemas/InsertSuccessResponse"}}}}}}},"/emprestimo/liquida/{convenio}/{movimento}":{"get":{"tags":["Empréstimo - Liquidação"],"summary":"Operação para liquidação de empréstimos","description":"Procedimento para inclusão de solicitação de liquidação de empréstimos no portal consignatário.","parameters":[{"name":"convenio","in":"path","description":"Código do Convênio Banktools","required":true,"style":"simple","explode":false,"schema":{"type":"integer","format":"int"}},{"name":"movimento","in":"path","description":"Código do Movimento a ser consultado","required":true,"style":"simple","explode":false,"schema":{"type":"integer","format":"int"}}],"responses":{"200":{"description":"Dados do movimento registrado no sistema Banktools","content":{"application/json":{"schema":{"$ref":"#/components/schemas/EmprestimoLiquidaResponse"}}}}}}},"/emprestimo/liquida/{convenio}":{"post":{"tags":["Empréstimo - Liquidação"],"summary":"Operação para liquidação de emprestimos","description":"Procedimento para inclusão de liquidação de emprestimo consignatário.","parameters":[{"name":"convenio","in":"path","description":"Código do Convênio Banktools","required":true,"style":"simple","explode":false,"schema":{"type":"integer","format":"int"}}],"requestBody":{"description":"Inserir nova operação","content":{"application/json":{"schema":{"$ref":"#/components/schemas/EmprestimoLiquidaData"}}}},"responses":{"200":{"description":"Operação incluida","content":{"application/json":{"schema":{"$ref":"#/components/schemas/InsertSuccessResponse"}}}}}}},"/emprestimo/cancela/{convenio}/{movimento}":{"get":{"tags":["Empréstimo - Cancelamento"],"summary":"Operação para cancelamento de empréstimos","description":"Procedimento para inclusão de solicitação de cancelamento de empréstimos no portal consignatário.","parameters":[{"name":"convenio","in":"path","description":"Código do Convênio Banktools","required":true,"style":"simple","explode":false,"schema":{"type":"integer","format":"int"}},{"name":"movimento","in":"path","description":"Código do Movimento a ser consultado","required":true,"style":"simple","explode":false,"schema":{"type":"integer","format":"int"}}],"responses":{"200":{"description":"Dados do movimento registrado no sistema Banktools","content":{"application/json":{"schema":{"$ref":"#/components/schemas/EmprestimoCancelaResponse"}}}}}}},"/emprestimo/cancela/{convenio}":{"post":{"tags":["Empréstimo - Cancelamento"],"summary":"Operação para cancelamento de emprestimos","description":"Procedimento para inclusão de cancelamento de emprestimo consignatário.","parameters":[{"name":"convenio","in":"path","description":"Código do Convênio Banktools","required":true,"style":"simple","explode":false,"schema":{"type":"integer","format":"int"}}],"requestBody":{"description":"Inserir nova operação","content":{"application/json":{"schema":{"$ref":"#/components/schemas/EmprestimoCancelaData"}}}},"responses":{"200":{"description":"Operação incluida","content":{"application/json":{"schema":{"$ref":"#/components/schemas/InsertSuccessResponse"}}}}}}},"/emprestimo/refin/{convenio}/{movimento}":{"get":{"tags":["Refinanciamento"],"summary":"Operação para averbação de refinanciamento de empréstimo","description":"Procedimento para inclusão de refinanciamento de empréstimo no portal consignatário.","parameters":[{"name":"convenio","in":"path","description":"Código do Convênio Banktools","required":true,"style":"simple","explode":false,"schema":{"type":"integer","format":"int"}},{"name":"movimento","in":"path","description":"Código do Movimento a ser consultado","required":true,"style":"simple","explode":false,"schema":{"type":"integer","format":"int"}}],"responses":{"200":{"description":"Dados do movimento registrado no sistema Banktools","content":{"application/json":{"schema":{"$ref":"#/components/schemas/EmprestimoResponse"}}}}}}},"/emprestimo/refin/{convenio}":{"put":{"tags":["Refinanciamento"],"summary":"Operação para atualização de operação de cancelamento de refinanciamento","description":"Procedimento para correção de dados de cancelamento de refinanciamento.","parameters":[{"name":"convenio","in":"path","description":"Código do Convênio Banktools","required":true,"style":"simple","explode":false,"schema":{"type":"integer","format":"int"}}],"requestBody":{"description":"Inserir nova operação","content":{"application/json":{"schema":{"$ref":"#/components/schemas/RefinanciamentoData"}}}},"responses":{"200":{"description":"Operação Atualizada","content":{"application/json":{"schema":{"$ref":"#/components/schemas/UpdateSuccessResponse"}}}}}},"post":{"tags":["Refinanciamento"],"summary":"Operação para de refinanciamento de empréstimo","description":"Procedimento para inclusão de refinanciamento dentro do portal consignatário.","parameters":[{"name":"convenio","in":"path","description":"Código do Convênio Banktools","required":true,"style":"simple","explode":false,"schema":{"type":"integer","format":"int"}}],"requestBody":{"description":"Inserir nova operação","content":{"application/json":{"schema":{"$ref":"#/components/schemas/RefinanciamentoData"}}}},"responses":{"200":{"description":"Operação incluida","content":{"application/json":{"schema":{"$ref":"#/components/schemas/InsertSuccessResponse"}}}}}}},"/refin/cancela/{convenio}/{movimento}":{"get":{"tags":["Refinanciamento - Cancelamento"],"summary":"Operação para cancelamento de refinanciamento de empréstimo","description":"Procedimento para inclusão de cancelamento de refinanciamento no portal consignatário.","parameters":[{"name":"convenio","in":"path","description":"Código do Convênio Banktools","required":true,"style":"simple","explode":false,"schema":{"type":"integer","format":"int"}},{"name":"movimento","in":"path","description":"Código do Movimento a ser consultado","required":true,"style":"simple","explode":false,"schema":{"type":"integer","format":"int"}}],"responses":{"200":{"description":"Dados do movimento registrado no sistema Banktools","content":{"application/json":{"schema":{"$ref":"#/components/schemas/PortabilidadeCancelaResponse"}}}}}}},"/refin/cancela/{convenio}":{"put":{"tags":["Refinanciamento - Cancelamento"],"summary":"Operação para atualização de cancelamento de refinanciamento","description":"Procedimento para correção de dados de cancelamento de refinanciamento.","parameters":[{"name":"convenio","in":"path","description":"Código do Convênio Banktools","required":true,"style":"simple","explode":false,"schema":{"type":"integer","format":"int"}}],"requestBody":{"description":"Inserir nova operação","content":{"application/json":{"schema":{"$ref":"#/components/schemas/PortabilidadeCancelaData"}}}},"responses":{"200":{"description":"Operação Atualizada","content":{"application/json":{"schema":{"$ref":"#/components/schemas/UpdateSuccessResponse"}}}}}},"post":{"tags":["Refinanciamento - Cancelamento"],"summary":"Operação para averbação de refinanciamento de empréstimo","description":"Procedimento para inclusão de refinanciamento de empréstimo dentro do portal consignatário.","parameters":[{"name":"convenio","in":"path","description":"Código do Convênio Banktools","required":true,"style":"simple","explode":false,"schema":{"type":"integer","format":"int"}}],"requestBody":{"description":"Inserir nova operação","content":{"application/json":{"schema":{"$ref":"#/components/schemas/PortabilidadeCancelaData"}}}},"responses":{"200":{"description":"Operação incluida","content":{"application/json":{"schema":{"$ref":"#/components/schemas/InsertSuccessResponse"}}}}}}},"/portabilidade/{convenio}/{movimento}":{"get":{"tags":["Portabilidade"],"summary":"Operação para averbação de portabilidade de contrato","description":"Procedimento para inclusão de portabilidade de contrato no portal consignatário.","parameters":[{"name":"convenio","in":"path","description":"Código do Convênio Banktools","required":true,"style":"simple","explode":false,"schema":{"type":"integer","format":"int"}},{"name":"movimento","in":"path","description":"Código do Movimento a ser consultado","required":true,"style":"simple","explode":false,"schema":{"type":"integer","format":"int"}}],"responses":{"200":{"description":"Dados do movimento registrado no sistema Banktools","content":{"application/json":{"schema":{"$ref":"#/components/schemas/EmprestimoResponse"}}}}}}},"/portabilidade/{convenio}":{"put":{"tags":["Portabilidade"],"summary":"Operação para atualização de contrato de portabilidade","description":"Procedimento para correção de dados de portabilidade recusados.","parameters":[{"name":"convenio","in":"path","description":"Código do Convênio Banktools","required":true,"style":"simple","explode":false,"schema":{"type":"integer","format":"int"}}],"requestBody":{"description":"Inserir nova operação","content":{"application/json":{"schema":{"$ref":"#/components/schemas/EmprestimoData"}}}},"responses":{"200":{"description":"Operação Atualizada","content":{"application/json":{"schema":{"$ref":"#/components/schemas/UpdateSuccessResponse"}}}}}},"post":{"tags":["Portabilidade"],"summary":"Operação para averbação de contrato de portabilidade","description":"Procedimento para inclusão de contrato de portabilidade dentro do portal consignatário.","parameters":[{"name":"convenio","in":"path","description":"Código do Convênio Banktools","required":true,"style":"simple","explode":false,"schema":{"type":"integer","format":"int"}}],"requestBody":{"description":"Inserir nova operação","content":{"application/json":{"schema":{"$ref":"#/components/schemas/EmprestimoData"}}}},"responses":{"200":{"description":"Operação incluida","content":{"application/json":{"schema":{"$ref":"#/components/schemas/InsertSuccessResponse"}}}}}},"patch":{"tags":["Portabilidade"],"summary":"Operação para cancelamento de contrato de portabilidade","description":"Procedimento para cancelamento de portabilidade - apenas status Consulta","parameters":[{"name":"convenio","in":"path","description":"Código do Convênio Banktools","required":true,"style":"simple","explode":false,"schema":{"type":"integer","format":"int"}}],"requestBody":{"description":"Inserir nova operação","content":{"application/json":{"schema":{"$ref":"#/components/schemas/PortabilidadeCancelData"}}}},"responses":{"200":{"description":"Operação Atualizada","content":{"application/json":{"schema":{"$ref":"#/components/schemas/UpdateSuccessResponse"}}}}}}},"/portabilidade/cancela/{convenio}/{movimento}":{"get":{"tags":["Portabilidade - Cancela"],"summary":"Operação para cancelamento de portabilidade de contrato","description":"Procedimento para inclusão de cancelamento de portabilidade de contrato no portal consignatário.","parameters":[{"name":"convenio","in":"path","description":"Código do Convênio Banktools","required":true,"style":"simple","explode":false,"schema":{"type":"integer","format":"int"}},{"name":"movimento","in":"path","description":"Código do Movimento a ser consultado","required":true,"style":"simple","explode":false,"schema":{"type":"integer","format":"int"}}],"responses":{"200":{"description":"Dados do movimento registrado no sistema Banktools","content":{"application/json":{"schema":{"$ref":"#/components/schemas/PortabilidadeCancelaResponse"}}}}}}},"/portabilidade/cancela/{convenio}":{"put":{"tags":["Portabilidade - Cancela"],"summary":"Operação para cancelamento de contrato de portabilidade","description":"Procedimento para correção de dados de cancelamento para portabilidade.","parameters":[{"name":"convenio","in":"path","description":"Código do Convênio Banktools","required":true,"style":"simple","explode":false,"schema":{"type":"integer","format":"int"}}],"requestBody":{"description":"Inserir nova operação","content":{"application/json":{"schema":{"$ref":"#/components/schemas/PortabilidadeCancelaData"}}}},"responses":{"200":{"description":"Operação Atualizada","content":{"application/json":{"schema":{"$ref":"#/components/schemas/UpdateSuccessResponse"}}}}}},"post":{"tags":["Portabilidade - Cancela"],"summary":"Operação para cancelamento de portabilidade de contrato","description":"Procedimento para inclusão de cancelamento de portabilidade dentro do portal consignatário.","parameters":[{"name":"convenio","in":"path","description":"Código do Convênio Banktools","required":true,"style":"simple","explode":false,"schema":{"type":"integer","format":"int"}}],"requestBody":{"description":"Inserir nova operação","content":{"application/json":{"schema":{"$ref":"#/components/schemas/PortabilidadeCancelaData"}}}},"responses":{"200":{"description":"Operação incluida","content":{"application/json":{"schema":{"$ref":"#/components/schemas/InsertSuccessResponse"}}}}}}}},"components":{"schemas":{"AutenticacaoResponse":{"required":["data","success"],"type":"object","properties":{"success":{"type":"boolean","example":true},"data":{"$ref":"#/components/schemas/AutenticacaoDados"}},"discriminator":{"propertyName":"autenticacaoResponse"}},"UpdateSuccessResponse":{"required":["data","success"],"type":"object","properties":{"success":{"type":"boolean","example":true},"data":{"$ref":"#/components/schemas/UpdateDataResponse"}},"discriminator":{"propertyName":"SuccessInsert"}},"AutenticacaoDados":{"type":"object","properties":{"access_token":{"type":"string","example":"b5a388e5459b3e5767a893c65419826f382959a5a9265736c5ac0ec2d7decdac"},"token_type":{"type":"string","example":"bearer"}}},"UpdateDataResponse":{"type":"object","properties":{"code":{"type":"integer","example":1},"message":{"type":"string","example":"Movimento atualizado com sucesso"},"movimento":{"type":"integer","nullable":true,"example":2}}},"InsertSuccessResponse":{"required":["data","success"],"type":"object","properties":{"success":{"type":"boolean","example":true},"data":{"$ref":"#/components/schemas/InsertDataResponse"}},"discriminator":{"propertyName":"SuccessInsert"}},"InsertDataResponse":{"type":"object","properties":{"code":{"type":"integer","example":1},"message":{"type":"string","example":"Movimento inserido com sucesso"},"movimento":{"type":"integer","nullable":true,"example":2}}},"CartaoResponse":{"required":["data","success"],"type":"object","properties":{"success":{"type":"boolean","example":true},"data":{"$ref":"#/components/schemas/CartaoDados"}},"discriminator":{"propertyName":"cartaoResponse"}},"AutorizacaoData":{"type":"object","properties":{"usuario":{"maxLength":90,"minLength":90,"type":"string","description":"Uusário de acesso a API","example":"Usuario"},"senha":{"maxLength":90,"minLength":90,"type":"string","description":"Senha de acesso a API","example":"SenhaDeacesso123"}},"discriminator":{"propertyName":"autorizacaoData"}},"CartaoData":{"type":"object","properties":{"cpf":{"maxLength":11,"minLength":11,"type":"string","description":"CPF sem formatação","example":"28170680840"},"matricula":{"maxLength":40,"type":"string","example":"2321"},"proposta":{"maxLength":40,"type":"string","description":"Número da proposta em sistema da instituição","nullable":true,"example":"A400D21"},"contrato":{"maxLength":40,"type":"string","example":"00123/2020"},"valorparcelaoperacao":{"type":"number","format":"float","example":2.1E+2},"usuarioservidor":{"type":"string","nullable":true},"senhaservidor":{"type":"string","nullable":true,"example":"13025"},"codigounicooperacao":{"type":"string","description":"Informação de autorização de operação aplicada em alguns portais averbadores","nullable":true},"taxacet":{"type":"number","format":"float","nullable":true,"example":4},"valoriof":{"type":"number","format":"float","nullable":true,"example":0},"dtnascimento":{"type":"string","format":"date","nullable":true},"banco":{"maxLength":4,"type":"string","nullable":true,"example":"001"},"agencia":{"maxLength":10,"type":"string","nullable":true,"example":"07917"},"contacorrente":{"maxLength":30,"type":"string","nullable":true,"example":"17821"}},"discriminator":{"propertyName":"cartaoData"}},"CartaoDados":{"type":"object","properties":{"movimento":{"type":"integer","example":4},"convenio":{"type":"integer","example":28},"cpf":{"maxLength":14,"minLength":14,"type":"string","description":"CPF formatado","example":"281.706.808-40"},"matricula":{"maxLength":40,"type":"string","nullable":true,"example":"2321"},"contrato":{"maxLength":40,"type":"string","nullable":true,"example":"00123/2020"},"nomeservidor":{"maxLength":100,"type":"string","nullable":true,"example":"Carlos Felipe Gerona"},"nomemae":{"maxLength":100,"type":"string","nullable":true,"example":"Mercedes Gerona"},"orgao":{"maxLength":80,"type":"string","nullable":true,"example":"GOVERNO PERNAMBUCO"},"instituicao":{"maxLength":150,"type":"string","nullable":true,"example":"001 - GOV. DO ESTADO DE PERNAMBUCO"},"cargo":{"maxLength":150,"type":"string","nullable":true,"example":"SERVIDOR ESTATUTARIO EFETIVO - 02020"},"vinculo":{"maxLength":150,"type":"string","nullable":true,"example":"ATIVO"},"dtadmissao":{"type":"string","format":"date","nullable":true},"banco":{"maxLength":4,"type":"string","nullable":true,"example":"237"},"agencia":{"maxLength":10,"type":"string","nullable":true,"example":"12300"},"contacorrente":{"maxLength":30,"type":"string","nullable":true,"example":"1055313"},"valormargem":{"type":"number","format":"float","nullable":true,"example":13.72},"valorparcelaoperacao":{"type":"number","format":"float","nullable":true,"example":1E+3},"iof":{"type":"number","format":"float","nullable":true,"example":0},"cet":{"type":"number","format":"float","nullable":true,"example":2.3},"valorparcelareserva":{"type":"number","format":"float","nullable":true},"dhaverbacao":{"type":"string","format":"datetime","nullable":true,"example":"2020-01-03 17:40:52"},"valorparcelaaverbado":{"type":"number","format":"float","nullable":true,"example":182.72},"prazoaverbado":{"type":"integer","nullable":true,"example":72},"valortotalaverbado":{"type":"number","format":"float","nullable":true,"example":182.17},"valorrepasseaverbado":{"type":"number","format":"float","nullable":true},"periodoinicio":{"maxLength":7,"minLength":7,"type":"string","description":"Periodo de início do desconto no formato (AAAA-MM)","nullable":true,"example":"2020-07"},"statusaverbado":{"type":"string","nullable":true,"example":"Ativo","enum":["Ativo","Baixado","Cancelado"]},"ade":{"maxLength":20,"type":"string","nullable":true,"example":"684890"},"comprovante":{"type":"string","description":"Documento HTML da tela de confirmação da operação aonde foi registrado a ADE junto ao portal averbador.","format":"byte","nullable":true},"status":{"type":"string","example":"Averbado","enum":["Consulta","Invalido","Cancelado","Reservado","Parcial","Averbado","Averbado Alerta","Negado","Encerrado","Suspenso","Processando"]},"mensagem":{"maxLength":500,"type":"string","nullable":true},"codigofuncao":{"maxLength":3,"type":"string","description":"Código de retorno para EDI com sistema da instituição financeira","nullable":true}},"discriminator":{"propertyName":"cartaoDados"}},"EmprestimoData":{"type":"object","properties":{"cpf":{"maxLength":11,"minLength":11,"type":"string","description":"CPF sem formatação","example":"28170680840"},"matricula":{"maxLength":40,"type":"string","example":"2321"},"proposta":{"maxLength":40,"type":"string","description":"Número da proposta em sistema da instituição","nullable":true,"example":"A400D21"},"contrato":{"maxLength":40,"type":"string","example":"00123/2020"},"prazooperacao":{"type":"integer","example":96},"valorparcelaoperacao":{"type":"number","format":"float","example":2.1E+2},"valortotaloperacao":{"type":"number","format":"float","example":2.016E+4},"valororiginalrepasse":{"type":"number","format":"float","example":1.9E+4},"usuarioservidor":{"type":"string","nullable":true},"senhaservidor":{"type":"string","nullable":true,"example":"13025"},"codigounicooperacao":{"type":"string","description":"Informação de autorização de operação aplicada em alguns portais averbadores","nullable":true},"taxacet":{"type":"number","format":"float","nullable":true,"example":4},"valoriof":{"type":"number","format":"float","nullable":true,"example":0},"dtnascimento":{"type":"string","format":"date","nullable":true},"banco":{"maxLength":4,"type":"string","nullable":true,"example":"001"},"agencia":{"maxLength":10,"type":"string","nullable":true,"example":"07917"},"contacorrente":{"maxLength":30,"type":"string","nullable":true,"example":"17821"},"taxacliente":{"type":"number","format":"float","nullable":true,"example":1.78},"valortotal":{"type":"number","format":"float","nullable":true,"example":781.2},"valorencargo":{"type":"number","format":"float","nullable":true,"example":19.78},"valortarifa":{"type":"number","format":"float","nullable":true,"example":171.72},"dtiniciocontrato":{"type":"string","format":"date","nullable":true,"example":"2021-01-15"},"dtfinalcontrato":{"type":"string","format":"date","nullable":true,"example":"2021-12-15"}},"discriminator":{"propertyName":"emprestimoData"}},"PortabilidadeCancelData":{"type":"object","properties":{"cpf":{"maxLength":11,"minLength":11,"type":"string","description":"CPF sem formatação","example":"28170680840"},"matricula":{"maxLength":40,"type":"string","example":"2321"},"proposta":{"maxLength":40,"type":"string","description":"Número da proposta em sistema da instituição","nullable":true,"example":"A400D21"},"contrato":{"maxLength":40,"type":"string","example":"00123/2020"}},"discriminator":{"propertyName":"portabilidadecancel"}},"EmprestimoResponse":{"required":["data","success"],"type":"object","properties":{"success":{"type":"boolean","example":true},"data":{"$ref":"#/components/schemas/EmprestimoDados"}},"discriminator":{"propertyName":"emprestimoResponse"}},"EmprestimoDados":{"type":"object","properties":{"movimento":{"type":"integer","example":4},"convenio":{"type":"integer","example":28},"cpf":{"maxLength":14,"minLength":14,"type":"string","description":"CPF formatado","example":"281.706.808-40"},"matricula":{"maxLength":40,"type":"string","nullable":true,"example":"2321"},"contrato":{"maxLength":40,"type":"string","nullable":true,"example":"00123/2020"},"nomeservidor":{"maxLength":100,"type":"string","nullable":true,"example":"Carlos Felipe Gerona"},"nomemae":{"maxLength":100,"type":"string","nullable":true,"example":"Mercedes Gerona"},"orgao":{"maxLength":80,"type":"string","nullable":true,"example":"GOVERNO PERNAMBUCO"},"instituicao":{"maxLength":150,"type":"string","nullable":true,"example":"001 - GOV. DO ESTADO DE PERNAMBUCO"},"cargo":{"maxLength":150,"type":"string","nullable":true,"example":"SERVIDOR ESTATUTARIO EFETIVO - 02020"},"vinculo":{"maxLength":150,"type":"string","nullable":true,"example":"ATIVO"},"dtadmissao":{"type":"string","format":"date","nullable":true},"banco":{"maxLength":4,"type":"string","nullable":true,"example":"237"},"agencia":{"maxLength":10,"type":"string","nullable":true,"example":"12300"},"contacorrente":{"maxLength":30,"type":"string","nullable":true,"example":"1055313"},"valormargem":{"type":"number","format":"float","nullable":true,"example":13.72},"valorparcelaoperacao":{"type":"number","format":"float","nullable":true,"example":1E+3},"prazooperacao":{"type":"integer","nullable":true,"example":72},"valortotaloperacao":{"type":"number","format":"float","example":7.2E+4},"iof":{"type":"number","format":"float","nullable":true,"example":0},"cet":{"type":"number","format":"float","nullable":true,"example":2.3},"valorparcelareserva":{"type":"number","format":"float","nullable":true},"prazoreserva":{"type":"integer","nullable":true,"example":72},"dhaverbacao":{"type":"string","format":"datetime","nullable":true,"example":"2020-01-03 17:40:52"},"valorparcelaaverbado":{"type":"number","format":"float","nullable":true,"example":182.72},"prazoaverbado":{"type":"integer","nullable":true,"example":72},"valortotalaverbado":{"type":"number","format":"float","nullable":true,"example":182.17},"valorrepasseaverbado":{"type":"number","format":"float","nullable":true},"periodoinicio":{"maxLength":7,"minLength":7,"type":"string","description":"Periodo de início do desconto no formato (AAAA-MM)","nullable":true,"example":"2020-07"},"statusaverbado":{"type":"string","nullable":true,"example":"Ativo","enum":["Ativo","Baixado","Cancelado"]},"ade":{"maxLength":20,"type":"string","nullable":true,"example":"684890"},"comprovante":{"type":"string","description":"Documento HTML da tela de confirmação da operação aonde foi registrado a ADE junto ao portal averbador.","format":"byte","nullable":true},"status":{"type":"string","example":"Averbado","enum":["Consulta","Invalido","Cancelado","Reservado","Parcial","Averbado","Averbado Alerta","Negado","Encerrado","Suspenso","Processando"]},"mensagem":{"maxLength":500,"type":"string","nullable":true},"codigofuncao":{"maxLength":3,"type":"string","description":"Código de retorno para EDI com sistema da instituição financeira","nullable":true}},"discriminator":{"propertyName":"EmprestimoDados"}},"EmprestimoLiquidaData":{"type":"object","properties":{"cpf":{"maxLength":11,"minLength":11,"type":"string","description":"CPF sem formatação","example":"28170680840"},"matricula":{"maxLength":40,"type":"string","example":"2321"},"proposta":{"maxLength":40,"type":"string","description":"Número da proposta em sistema da instituição","nullable":true,"example":"A400D21"},"contrato":{"maxLength":40,"type":"string","example":"00123/2020"},"prazooperacao":{"type":"integer","example":96},"valorparcelaoperacao":{"type":"number","format":"float","example":2.1E+2},"dataoperacao":{"type":"string","format":"date","nullable":true},"ade":{"maxLength":30,"type":"string","nullable":true,"example":"001"},"dataliquidacao":{"type":"string","format":"date","nullable":true},"historicofinanceiro":{"type":"integer","nullable":true,"example":702},"nomeservidor":{"type":"string","nullable":true,"example":"Jose da silva"}},"discriminator":{"propertyName":"emprestimoLiquidaData"}},"EmprestimoLiquidaResponse":{"required":["data","success"],"type":"object","properties":{"success":{"type":"boolean","example":true},"data":{"$ref":"#/components/schemas/EmprestimoLiquidaDados"}},"discriminator":{"propertyName":"emprestimoResponse"}},"EmprestimoLiquidaDados":{"type":"object","properties":{"movimento":{"type":"integer","example":4},"convenio":{"type":"integer","example":28},"cpf":{"maxLength":14,"minLength":14,"type":"string","description":"CPF formatado","example":"281.706.808-40"},"matricula":{"maxLength":40,"type":"string","nullable":true,"example":"2321"},"contrato":{"maxLength":40,"type":"string","nullable":true,"example":"00123/2020"},"nomeservidor":{"maxLength":100,"type":"string","nullable":true,"example":"Carlos Felipe Gerona"},"nomemae":{"maxLength":100,"type":"string","nullable":true,"example":"Mercedes Gerona"},"orgao":{"maxLength":80,"type":"string","nullable":true,"example":"GOVERNO PERNAMBUCO"},"instituicao":{"maxLength":150,"type":"string","nullable":true,"example":"001 - GOV. DO ESTADO DE PERNAMBUCO"},"cargo":{"maxLength":150,"type":"string","nullable":true,"example":"SERVIDOR ESTATUTARIO EFETIVO - 02020"},"vinculo":{"maxLength":150,"type":"string","nullable":true,"example":"ATIVO"},"dtadmissao":{"type":"string","format":"date","nullable":true},"banco":{"maxLength":3,"type":"string","nullable":true,"example":"237"},"agencia":{"maxLength":10,"type":"string","nullable":true,"example":"12300"},"contacorrente":{"maxLength":30,"type":"string","nullable":true,"example":"1055313"},"dhaverbacao":{"type":"string","format":"datetime","nullable":true,"example":"2020-01-03 17:40:52"},"statusaverbado":{"type":"string","nullable":true,"example":"Ativo","enum":["Ativo","Baixado","Cancelado"]},"ade":{"maxLength":20,"type":"string","nullable":true,"example":"684890"},"comprovante":{"type":"string","description":"Documento HTML da tela de confirmação da operação aonde foi registrado a ADE junto ao portal averbador.","format":"byte","nullable":true},"status":{"type":"string","example":"Averbado","enum":["Consulta","Invalido","Cancelado","Reservado","Parcial","Averbado","Averbado Alerta","Negado","Encerrado","Suspenso","Processando"]},"mensagem":{"maxLength":500,"type":"string","nullable":true},"codigofuncao":{"maxLength":3,"type":"string","description":"Código de retorno para EDI com sistema da instituição financeira","nullable":true}},"discriminator":{"propertyName":"EmprestimoLiquidaDados"}},"EmprestimoCancelaData":{"type":"object","properties":{"cpf":{"maxLength":11,"minLength":11,"type":"string","description":"CPF sem formatação","example":"28170680840"},"matricula":{"maxLength":40,"type":"string","example":"2321"},"proposta":{"maxLength":40,"type":"string","description":"Número da proposta em sistema da instituição","nullable":true,"example":"A400D21"},"contrato":{"maxLength":40,"type":"string","example":"00123/2020"},"prazooperacao":{"type":"integer","example":96},"valorparcelaoperacao":{"type":"number","format":"float","example":2.1E+2},"dataoperacao":{"type":"string","format":"date","nullable":true},"ade":{"maxLength":30,"type":"string","nullable":true,"example":"001"},"dataliquidacao":{"type":"string","format":"date","nullable":true}},"discriminator":{"propertyName":"emprestimoCancelaData"}},"EmprestimoCancelaResponse":{"required":["data","success"],"type":"object","properties":{"success":{"type":"boolean","example":true},"data":{"$ref":"#/components/schemas/EmprestimoLiquidaDados"}},"discriminator":{"propertyName":"emprestimoCancelaResponse"}},"RefinanciamentoData":{"type":"object","properties":{"cpf":{"maxLength":11,"minLength":11,"type":"string","description":"CPF sem formatação","example":"28170680840"},"matricula":{"maxLength":40,"type":"string","example":"2321"},"proposta":{"maxLength":40,"type":"string","description":"Número da proposta em sistema da instituição","nullable":true,"example":"A400D21"},"contrato":{"maxLength":40,"type":"string","example":"00123/2020"},"ade":{"maxLength":65535,"minLength":65535,"type":"string","description":"Ade’s para refinanciamento separadas com “;”","example":"123456;7459921;"},"prazooperacao":{"type":"integer","example":96},"valorparcelaoperacao":{"type":"number","format":"float","example":2.1E+2},"valortotaloperacao":{"type":"number","format":"float","example":2.016E+4},"valororiginalrepasse":{"type":"number","format":"float","example":1.9E+4},"usuarioservidor":{"type":"string","nullable":true},"senhaservidor":{"type":"string","nullable":true,"example":"13025"},"codigounicooperacao":{"type":"string","description":"Informação de autorização de operação aplicada em alguns portais averbadores","nullable":true},"taxacet":{"type":"number","format":"float","nullable":true,"example":4},"valoriof":{"type":"number","format":"float","nullable":true,"example":0},"dtnascimento":{"type":"string","format":"date","nullable":true},"banco":{"maxLength":4,"type":"string","nullable":true,"example":"001"},"agencia":{"maxLength":10,"type":"string","nullable":true,"example":"07917"},"contacorrente":{"maxLength":30,"type":"string","nullable":true,"example":"17821"}},"discriminator":{"propertyName":"refinanciamentoData"}},"PortabilidadeCancelaData":{"type":"object","properties":{"cpf":{"maxLength":11,"minLength":11,"type":"string","description":"CPF sem formatação","example":"28170680840"},"matricula":{"maxLength":40,"type":"string","example":"2321"},"contrato":{"maxLength":40,"type":"string","example":"00123/2020"},"ade":{"maxLength":30,"type":"string","nullable":true,"example":"001"},"dataliquidacao":{"type":"string","format":"date","nullable":true}},"discriminator":{"propertyName":"portabilidadeCancelaData"}},"PortabilidadeCancelaResponse":{"required":["data","success"],"type":"object","properties":{"success":{"type":"boolean","example":true},"data":{"$ref":"#/components/schemas/PortabilidadeCancelaDados"}},"discriminator":{"propertyName":"portabilidadeCancelaResponse"}},"PortabilidadeCancelaDados":{"type":"object","properties":{"movimento":{"type":"integer","example":4},"convenio":{"type":"integer","example":28},"cpf":{"maxLength":14,"minLength":14,"type":"string","description":"CPF formatado","example":"281.706.808-40"},"matricula":{"maxLength":40,"type":"string","nullable":true,"example":"2321"},"contrato":{"maxLength":40,"type":"string","nullable":true,"example":"00123/2020"},"nomeservidor":{"maxLength":100,"type":"string","nullable":true,"example":"Carlos Felipe Gerona"},"nomemae":{"maxLength":100,"type":"string","nullable":true,"example":"Mercedes Gerona"},"orgao":{"maxLength":80,"type":"string","nullable":true,"example":"GOVERNO PERNAMBUCO"},"instituicao":{"maxLength":150,"type":"string","nullable":true,"example":"001 - GOV. DO ESTADO DE PERNAMBUCO"},"cargo":{"maxLength":150,"type":"string","nullable":true,"example":"SERVIDOR ESTATUTARIO EFETIVO - 02020"},"vinculo":{"maxLength":150,"type":"string","nullable":true,"example":"ATIVO"},"dtadmissao":{"type":"string","format":"date","nullable":true},"banco":{"maxLength":3,"type":"string","nullable":true,"example":"237"},"agencia":{"maxLength":10,"type":"string","nullable":true,"example":"12300"},"contacorrente":{"maxLength":30,"type":"string","nullable":true,"example":"1055313"},"dhaverbacao":{"type":"string","format":"datetime","nullable":true,"example":"2020-01-03 17:40:52"},"statusaverbado":{"type":"string","nullable":true,"example":"Ativo","enum":["Ativo","Baixado","Cancelado"]},"ade":{"maxLength":20,"type":"string","nullable":true,"example":"684890"},"comprovante":{"type":"string","description":"Documento HTML da tela de confirmação da operação aonde foi registrado a ADE junto ao portal averbador.","format":"byte","nullable":true},"status":{"type":"string","example":"Averbado","enum":["Consulta","Invalido","Cancelado","Reservado","Parcial","Averbado","Averbado Alerta","Negado","Encerrado","Suspenso","Processando"]},"mensagem":{"maxLength":500,"type":"string","nullable":true},"codigofuncao":{"maxLength":3,"type":"string","description":"Código de retorno para EDI com sistema da instituição financeira","nullable":true}},"discriminator":{"propertyName":"PortabilidadeCancelaDados"}},"ConsultaData":{"type":"object","properties":{"cpf":{"maxLength":11,"minLength":11,"type":"string","description":"CPF sem formatação","example":"28170680840"},"matricula":{"maxLength":40,"type":"string","nullable":true,"example":"2321"},"proposta":{"maxLength":40,"type":"string","description":"Número da proposta em sistema da instituição","nullable":true,"example":"A400D21"},"contrato":{"maxLength":40,"type":"string","nullable":true,"example":"00123/2020"},"prazooperacao":{"type":"integer","nullable":true,"example":96},"valorparcelaoperacao":{"type":"number","format":"float","nullable":true,"example":2.1E+2},"valortotaloperacao":{"type":"number","format":"float","nullable":true,"example":2.016E+4},"valororiginaloperacao":{"type":"number","format":"float","nullable":true,"example":2.016E+4},"usuarioservidor":{"type":"string","nullable":true},"senhaservidor":{"type":"string","nullable":true,"example":"13025"},"codigounicooperacao":{"type":"string","description":"Informação de autorização de operação aplicada em alguns portais averbadores","nullable":true},"dtnascimento":{"type":"string","format":"date","nullable":true},"banco":{"maxLength":3,"type":"string","nullable":true,"example":"001"},"agencia":{"maxLength":10,"type":"string","nullable":true,"example":"07917"},"contacorrente":{"maxLength":30,"type":"string","nullable":true,"example":"17821"}},"discriminator":{"propertyName":"consultaData"}},"ConsultaDados":{"type":"object","properties":{"movimento":{"type":"integer","example":4},"convenio":{"type":"integer","example":28},"cpf":{"maxLength":14,"minLength":14,"type":"string","description":"CPF formatado","example":"281.706.808-40"},"matricula":{"maxLength":40,"type":"string","nullable":true,"example":"2321"},"contrato":{"maxLength":40,"type":"string","nullable":true,"example":"00123/2020"},"nomeservidor":{"maxLength":100,"type":"string","nullable":true,"example":"Carlos Felipe Gerona"},"nomemae":{"maxLength":100,"type":"string","nullable":true,"example":"Mercedes Gerona"},"orgao":{"maxLength":80,"type":"string","nullable":true,"example":"GOVERNO PERNAMBUCO"},"instituicao":{"maxLength":150,"type":"string","nullable":true,"example":"001 - GOV. DO ESTADO DE PERNAMBUCO"},"cargo":{"maxLength":150,"type":"string","nullable":true,"example":"SERVIDOR ESTATUTARIO EFETIVO - 02020"},"vinculo":{"maxLength":150,"type":"string","nullable":true,"example":"ATIVO"},"dtadmissao":{"type":"string","format":"date","nullable":true},"banco":{"maxLength":4,"type":"string","nullable":true,"example":"237"},"agencia":{"maxLength":10,"type":"string","nullable":true,"example":"12300"},"contacorrente":{"maxLength":30,"type":"string","nullable":true,"example":"1055313"},"valormargem":{"type":"number","format":"float","nullable":true,"example":13.72},"valorparcelaoperacao":{"type":"number","format":"float","nullable":true,"example":10.8},"prazo":{"type":"number","format":"integer","nullable":true,"example":1E+1},"valortotaloperacao":{"type":"number","format":"float","nullable":true,"example":108},"status":{"type":"string","nullable":true,"example":"Averbado","enum":["Consulta","Invalido","Cancelado","Reservado","Parcial","Averbado","Averbado Alerta","Negado","Encerrado","Suspenso","Processando"]},"mensagem":{"maxLength":500,"type":"string","nullable":true},"codigofuncao":{"maxLength":3,"type":"string","description":"Código de retorno para EDI com sistema da instituição financeira","nullable":true}},"discriminator":{"propertyName":"ConsultaDados"}}},"securitySchemes":{"application":{"type":"oauth2","flows":{"clientCredentials":{"tokenUrl":"https://hom-api.banktools.com.br/autentication","scopes":{}}}}}}}