{"openapi":"3.0.0","info":{"title":"POSITIVE BALANCE REPLICATION API","description":"Positive Balance are used to identify data source information for the purpose of refresh or file update.","termsOfService":"/terms-of-use","contact":{"name":"Joseph Reyes Moreira","email":"jreyes@banred.fin.ec"},"license":{"name":"License of API","url":"https://www.banred.fin.ec/"},"version":"1.0.0"},"servers":[{"url":"https://example-dev.domain.io","description":"URL de publicación de la API Ej. servidor desarrollo"}],"tags":[{"name":"positive-balance-replication"}],"paths":{"/api/v1/banred/positiveBalanceReplication/add":{"post":{"tags":["positive-balance-replication"],"summary":"Register a PBF in the receiving system.","operationId":"createPBF","requestBody":{"description":"Object that represents a PBF","content":{"application/json":{"schema":{"$ref":"#/components/schemas/PositiveBalance"}}},"required":true},"responses":{"200":{"description":"Success","content":{"application/json":{"schema":{"$ref":"#/components/schemas/ResponseApi"}}}},"201":{"description":"Created"},"400":{"description":"Bad Request"},"401":{"description":"Unauthorized"},"403":{"description":"Forbidden"},"404":{"description":"Not Found"},"405":{"description":"Method Not Allowed"},"406":{"description":"Not Acceptable"},"415":{"description":"Unsupported Media Type"},"500":{"description":"Internal Server Error"},"501":{"description":"Not Implemented"},"502":{"description":"Bad Gateway"},"503":{"description":"Service Unavailable"},"504":{"description":"Gateway Timeout"},"default":{"description":"Unexpected error"}}}},"/api/v1/banred/positiveBalanceReplication/update/financialInstitutionID/{financialInstitutionID}/accountNumber/{accountNumber}":{"put":{"tags":["positive-balance-replication"],"summary":"Update a PBF in the receiving system","description":"PBF update parameters\n","operationId":"updatePBF","parameters":[{"name":"financialInstitutionID","in":"path","description":"Code that identifies the financial institution in BANRED.","required":true,"style":"simple","explode":false,"schema":{"type":"string"}},{"name":"accountNumber","in":"path","description":"The account number of the record to be updated in the Positive_Balance.","required":true,"style":"simple","explode":false,"schema":{"type":"string"}}],"requestBody":{"content":{"application/json":{"schema":{"title":"PBF","type":"object","properties":{"availableBalanceStart":{"maxLength":12,"type":"number","description":"The start-of-day available balance (for a debit account). The decimal point is implied based on the currency code. \n\nThis field defaults to all zeros.\n"}}}}},"required":true},"responses":{"200":{"description":"Success","content":{"application/json":{"schema":{"$ref":"#/components/schemas/ResponseApi"}}}},"201":{"description":"Created"},"400":{"description":"Bad Request"},"401":{"description":"Unauthorized"},"403":{"description":"Forbidden"},"404":{"description":"Not Found"},"405":{"description":"Method Not Allowed"},"406":{"description":"Not Acceptable"},"415":{"description":"Unsupported Media Type"},"500":{"description":"Internal Server Error"},"501":{"description":"Not Implemented"},"502":{"description":"Bad Gateway"},"503":{"description":"Service Unavailable"},"504":{"description":"Gateway Timeout"},"default":{"description":"Unexpected error"}}}},"/api/v1/banred/positiveBalanceReplication/delete/financialInstitutionID/{financialInstitutionID}/accountNumber/{accountNumber}":{"delete":{"tags":["positive-balance-replication"],"summary":"Delete a PBF in the receiving system","description":"PBF delete parameters\n","operationId":"deletePBF","parameters":[{"name":"financialInstitutionID","in":"path","description":"Code that identifies the financial institution in BANRED.","required":true,"style":"simple","explode":false,"schema":{"type":"string"}},{"name":"accountNumber","in":"path","description":"The account number of the record to be updated in the Positive_Balance.","required":true,"style":"simple","explode":false,"schema":{"type":"string"}}],"responses":{"200":{"description":"Success","content":{"application/json":{"schema":{"$ref":"#/components/schemas/ResponseApi"}}}},"201":{"description":"Created"},"400":{"description":"Bad Request"},"401":{"description":"Unauthorized"},"403":{"description":"Forbidden"},"404":{"description":"Not Found"},"405":{"description":"Method Not Allowed"},"406":{"description":"Not Acceptable"},"415":{"description":"Unsupported Media Type"},"500":{"description":"Internal Server Error"},"501":{"description":"Not Implemented"},"502":{"description":"Bad Gateway"},"503":{"description":"Service Unavailable"},"504":{"description":"Gateway Timeout"},"default":{"description":"Unexpected error"}}}}},"components":{"schemas":{"PositiveBalance":{"title":"PBF","type":"object","properties":{"financialInstitutionID":{"maxLength":4,"type":"string","description":"Code that identifies the financial institution in BANRED.\n"},"accountNumber":{"maxLength":28,"type":"string","description":"The account number of the record to be updated in the Positive_Balance.\n"},"accountType":{"maxLength":2,"type":"string","description":"A user-defined code identifying the type of account. This value must match the account type defined for the account in the Card data source (Card). Examples include 10–19 for checking accounts, 30–39 for credit accounts, and 20–29 for savings accounts.\n"},"accountCategory":{"maxLength":1,"type":"string","description":"A code indicating whether this account is a debit or credit account. Valid values are as follows:\n * `0` - Debit account\n * `1` - Credit account\n\nThis field defaults to 0. \n","example":"0","enum":["0","1"]},"accountStatus":{"maxLength":2,"type":"number","description":"A code indicating the current status of the account. Currently defined values are 00–15, which indicate that the account is open and will be included in open account relationship (OAR) account selection if applicable, and 90, which indicates that the account is closed. All other account status values are user defined. \n\nTo specify a change date to be associated with this status, subtag 12 must be included.\n\nThis field defaults to spaces.\n"},"currencyCode":{"maxLength":3,"type":"number","description":"A three-digit ISO 4217 code (e.g., 840 for U. S.) indicating the currency of an amount if an amount is present in any of the following fields. This field is required if any of these fields contain an amount.\n\nThis field defaults to all zeros.\n"},"availableBalanceStart":{"maxLength":12,"type":"number","description":"The start-of-day available balance (for a debit account). The decimal point is implied based on the currency code. \n\nThis field defaults to all zeros.\n"},"ledgerBalanceStart":{"maxLength":12,"type":"number","description":"The start-of-day ledger balance (for a debit account). The decimal point is implied based on the currency code.\n\nThis field defaults to all zeros.\n"},"availableCreditStart":{"maxLength":12,"type":"number","description":"The start-of-day available credit (for a credit account). The decimal point is implied based on the currency code.\n\nThis field defaults to all zeros.\n"},"creditLimitAmount":{"maxLength":12,"type":"number","description":"The credit limit for a credit account. The decimal point is implied based on the currency code.\n\nThis field defaults to all zeros.\n"},"limitProfile":{"maxLength":16,"type":"string","description":"The limit profile assigned to this account. The limit profile is used as part of the key to the Limits data source (Limits).\n\nThis field defaults to all spaces.\n"},"accountStatusChangeDate":{"maxLength":12,"pattern":"YYMMDDhhmmss","type":"number","description":"The date and time, in YYMMDDhhmmss format (Greenwich Mean Time), the status of this account was last changed.\n\nYou can include this subtag in conjunction with subtag 04 to specify a specific status change date. If this subtag is not included, but subtag 04 is, the status change date will be set to the current system time. If subtag 04 is not included, this subtag is ignored.\n\nThis field defaults to the current system date.\n","format":"date"},"startOfDayBalanceDate":{"maxLength":8,"pattern":"YYYYMMDD","type":"number","description":"The date, in YYYYMMDD format, of the start-of-day available balance for a debit account. This field defaults to the current system date.\n\nThis field defaults to the current system date.\n","format":"date"},"ledgerBalanceStartDate":{"maxLength":8,"pattern":"YYYYMMDD","type":"number","description":"The date, in YYYYMMDD format, of the start-of-day ledger balance for a debit account.\n\nThis field defaults to the current system date.    \n","format":"date"},"availableCreditStartDate":{"maxLength":8,"pattern":"YYYYMMDD","type":"number","description":"The date, in YYYYMMDD format, of the start-of-day available balance for a credit account.\n\nThis field defaults to the current system date.  \n","format":"date"},"lastDepositAmount":{"maxLength":12,"type":"number","description":"The amount of the last deposit to this account.\n\nThis field defaults to all zeros.\n"},"lastDepositDate":{"maxLength":12,"pattern":"YYMMDDhhmmss","type":"number","description":"The date, in YYMMDDhhmmss format, of the last deposit to this account.\n\nThis field defaults to the current system date.  \n","format":"date"},"lastWithdrawalAmount":{"maxLength":12,"type":"number","description":"The amount of the last withdrawal from this account.\n\nThis field defaults to all zeros.    \n"},"lastWithdrawalDate":{"maxLength":12,"pattern":"YYMMDDhhmmss","type":"number","description":"The date, in YYMMDDhhmmss format, of the last withdrawal from this account.\n\nThis field defaults to the current system date.   \n","format":"date"},"cashAdvanceMinimum":{"maxLength":6,"type":"number","description":"The minimum cash advance amount, in whole currency units (e.g., U. S. dollars), allowed for this account. A value of 0 in this field indicates that no minimum is used.\n\nThis field defaults to all zeros.  \n"},"cashAdvanceIncrement":{"maxLength":6,"type":"number","description":"The standard increment, in whole currency units, (e.g., U.S. dollars), over the minimum cash advance amount.\n\nThis field defaults to all zeros.   \n"},"interestAccruedCurrent":{"maxLength":12,"type":"number","description":"The current amount of accrued interest on this account.\n\nThis field defaults to all zeros.\n"},"interestAccruedYearToDate":{"maxLength":12,"type":"number","description":"The year-to-date amount of accrued interest on this account.\n\nThis field defaults to all zeros.   \n"},"minimumPaymentAmount":{"maxLength":12,"type":"number","description":"The current minimum payment due for the next payment on this account.\n\nThis field defaults to all zeros.    \n"},"nextPaymentDate":{"maxLength":12,"pattern":"YYMMDDhhmmss","type":"number","description":"The date, in YYMMDDhhmmss format, the next payment is due for this account.\n\nThis field defaults to the current system date.   \n","format":"date"},"feeProfile":{"maxLength":16,"type":"string","description":"A fee profile for this account. This profile is used as part of the primary key to the Fee data source (Fees). The Fees is used to calculate a fee for a transaction for a specified fee profile and fee name. This field is reserved for future use.\n\nThis field defaults to all spaces.  \n"},"intraDayAvailableBalanceStartDate":{"maxLength":8,"pattern":"YYYYMMDD","type":"string","description":"The starting calendar date (in GMT YYYYMMDD format) for the transactions contained in the account's Balance_Impacts record that should be retained in the Usages data source for current intra-day balance calculations. In other words, it is the date on which the host stopped collecting transaction activity for inclusion in the refreshed available balance (for a debit account). This could be either the date of the latest extract or the date of a Real Time Feed-submitted transaction chosen by the host to be the last one included in the refreshed balance.\n\nThis field defaults to all spaces.   \n","format":"date"},"intraDayAvailableBalanceStartTime":{"maxLength":4,"pattern":"HHMM","type":"number","description":"The starting time (in HHMM format) for the transactions contained in the account's Balance_Impacts record that should be retained in the Usages data source for current intra-day balance calculations. In other words, it is the time at which the host stopped collecting transaction activity for inclusion in the refreshed available balance (for a debit account). This could be either the time of the latest extract or the time of a Real Time Feed-submitted transaction chosen by the host to be the last one included in the refreshed balance.\n\nThis field defaults to all zeros.   \n","format":"date"},"intraDayLedgerBalanceStartDate":{"maxLength":8,"pattern":"YYYYMMDD","type":"string","description":"The starting calendar date (in GMT YYYYMMDD format) for the transactions contained in the account's Balance_Impacts record that should be retained in the Usages data source for current intra-day balance calculations. In other words, it is the date on which the host stopped collecting transaction activity for inclusion in the refreshed ledger balance (for a debit account). This could be either the date of the latest extract or the date of a Real Time Feed-submitted transaction chosen by the host to be the last one included in the refreshed balance.\n\nThis field defaults to all spaces.   \n","format":"date"},"intraDayLedgerBalanceStartTime":{"maxLength":4,"pattern":"HHMM","type":"number","description":"The starting time (in HHMM format) for the transactions contained in the account's Balance_Impacts record that should be retained in the Usages data source for current intra-day balance calculations. In other words, it is the time at which the host stopped collecting transaction activity for inclusion in the refreshed ledger balance (for a debit account). This could be either the time of the latest extract or the time of a Real Time Feed-submitted transaction chosen by the host to be the last one included in the refreshed balance.\n\nThis field defaults to all zeros. \n","format":"date"},"intraDayAvailableCreditStartDate":{"maxLength":8,"pattern":"YYYYMMDD","type":"string","description":"The starting calendar date (in GMT YYYYMMDD format) for the transactions contained in the account's Balance_Impacts record that should be retained in the Usages data source for current intra-day balance calculations. In other words, it is the date on which the host stopped collecting transaction activity for inclusion in the refreshed available credit (for a credit account). This could be either the date of the latest extract or the date of a Real Time Feed-submitted transaction chosen by the host to be the last one included in the refreshed balance.\n\nThis field defaults to all spaces.   \n","format":"date"},"intraDayAvailableCreditStartTime":{"maxLength":4,"pattern":"HHMM","type":"number","description":"The starting time (in HHMM format) for the transactions contained in the account's Balance_Impacts record that should be retained in the Usages data source for current intra-day balance calculations. In other words, it is the time at which the host stopped collecting transaction activity for inclusion in the refreshed available credit (for a credit account). This could be either the time of the latest extract or the time of a Real Time Feed-submitted transaction chosen by the host to be the last one included in the refreshed balance.\n\nThis field defaults to all zeros.     \n","format":"date"}}},"ResponseApi":{"title":"ResponseApi","type":"object","properties":{"body":{"type":"object","description":"Aditional information (optional)"},"status":{"maxLength":2,"type":"string","description":"Migration Process Completion Code. Valid values are as follows:\n * `00` - OK\n * `99` - Failed\n","example":"00","enum":["00","99"]}}}}}}