{"openapi":"3.0.0","info":{"title":"Ex Forum IPL","description":"Exercice du cours de cloud de l'UE WEB en 3ème année à l'IPL","version":"1.0.0"},"servers":[{"url":"https://api.forum.exercice.ipl.com/v1"}],"paths":{"/users/{userID}":{"get":{"summary":"Returns a user by ID","parameters":[{"name":"userID","in":"path","description":"ID of the user required","required":true,"style":"simple","explode":false,"schema":{"type":"integer"}}],"responses":{"200":{"description":"OK","content":{"application/json":{"schema":{"type":"object","properties":{"id":{"type":"integer"},"name":{"type":"string"}}}}}},"400":{"description":"UserID is not valid"},"404":{"description":"User not found"},"403":{"description":"Not allowed to view the user"}}}}}}