{"openapi":"3.0.0","info":{"title":"My Event Notification Service","description":"My Event Notification Service","version":"1.0"},"servers":[{"url":"/"}],"paths":{"/subscribe":{"post":{"summary":"Subscribe to a webhook","requestBody":{"content":{"application/json":{"schema":{"required":["callbackUrl"],"type":"object","properties":{"topicName":{"type":"string","example":"company.expense.blah"},"callbackUrl":{"type":"string","format":"uri","example":"https://myserver.com/send/callback/here"}}}}},"required":true},"responses":{"201":{"description":"Webhook created"}},"callbacks":{"GenericTopicEvent":{"{$request.body#/topicName}":{"post":{"requestBody":{"content":{"application/json":{"schema":{"$ref":"#/components/schemas/GenericPayload"}}},"required":true},"responses":{"200":{"description":"Your server returns this code if it accepts the callback"}}}}},"Ping":{"{$request.body#/topicName}":{"post":{"requestBody":{"content":{"application/json":{"schema":{"$ref":"#/components/schemas/PingPayload"}}},"required":true},"responses":{"200":{"description":"Your server returns this code if it accepts the callback"}}}}},"Verify":{"{$request.body#/topicName}":{"post":{"requestBody":{"content":{"application/json":{"schema":{"$ref":"#/components/schemas/VerifyPayload"}}},"required":true},"responses":{"200":{"description":"Your server returns this code if it accepts the callback"}}}}}}}}},"components":{"schemas":{"GenericPayload":{"type":"object","properties":{"message":{"type":"string","example":"Some event happened"}}},"VerifyPayload":{"type":"object","properties":{"message":{"type":"string","example":"Some event happened"}}},"PingPayload":{"type":"object","properties":{"message":{"type":"string","example":"Some event happened"}}}}}}