{"openapi":"3.0.0","info":{"title":"Educational Portal","description":"Educational Portal","version":"1.0.0"},"servers":[{"url":"https://virtserver.swaggerhub.com/Basavarajkh/Sample_API_Example_2/1.0.0","description":"SwaggerHub API Auto Mocking"}],"paths":{"/schools":{"get":{"description":"Return all schools","operationId":"schools","parameters":[{"name":"tags","in":"query","description":"find all schools","required":true,"style":"form","explode":true,"schema":{"type":"array","items":{"type":"string"}}},{"name":"limit","in":"query","description":"size based query","required":true,"style":"form","explode":true,"schema":{"type":"integer","format":"int32"}}],"responses":{"200":{"description":"Schools response","content":{"application/json":{"schema":{"$ref":"#/components/schemas/School"}},"application/xml":{"schema":{"$ref":"#/components/schemas/School"}}}}}}}},"components":{"schemas":{"School":{"properties":{"name":{"type":"string"},"tag":{"type":"string"}}},"Schools":{"type":"array","description":"Schools","items":{"$ref":"#/components/schemas/School"}}}}}