{"openapi":"3.0.0","info":{"title":"APIs_Cloud_Mesh","description":"<p>\n  Conjunto de APIs para funcionalidades referentes ao contratos e seus equipamentos.\n</p> <p>O get pelo número do contrato obtém os dados do cliente e os equipamentos associados. A patch troca o status do contrato ativado true ou false. O patch add-equipments adiciona um equipamento ao contrato e precisa dos equipamentos cadastrados. </p>","license":{"name":"Development License"},"version":"1.0.4"},"servers":[{"url":"https://mesh.beegol.com/api","description":"Development server"},{"url":"http://127.0.0.1:8000","description":"Local"}],"tags":[{"name":"contracts","description":"Contracts"}],"paths":{"/contracts/{number}/add-equipments/":{},"/contracts/{number}/equipments/":{"put":{"tags":["contracts"],"summary":"Add equipments in contract","description":"<p>Adicionar equipamentos ao contrato.</p> <p>Regra: Primeiro equipamento vinculado a um contrato vai ser considerado CAP, os demais serão REs.</p> <p>Enviar body vazio quando não há QR Code para informar</p>","operationId":"contracts_equipmento","parameters":[{"name":"number","in":"path","description":"Contract Number","required":true,"style":"simple","explode":false,"schema":{"type":"string"}},{"name":"serial","in":"query","description":"Serial equipment","required":true,"style":"form","explode":true,"schema":{"type":"string"}},{"name":"mac_address","in":"query","description":"Mac address equipment","required":true,"style":"form","explode":true,"schema":{"type":"string"}}],"requestBody":{"$ref":"#/components/requestBodies/ContractEquipment"},"responses":{"202":{"description":"Attached","content":{"application/json":{"schema":{"$ref":"#/components/schemas/body_response_error_202_contract_equipment"}}}},"401":{"description":"Unauthorized error","content":{"application/json":{"schema":{"$ref":"#/components/schemas/body_response_error_unauthorized"}}}},"404":{"description":"Not found","content":{"application/json":{"schema":{"$ref":"#/components/schemas/body_response_error_404_contract_equipment_not_found"}}}},"422":{"description":"Unprocessable Entity","content":{"application/json":{"schema":{"$ref":"#/components/schemas/body_response_error_422_contract_equipment_not_found"}}}},"500":{"description":"Server error","content":{"application/json":{"schema":{"$ref":"#/components/schemas/body_response_error"}}}}},"security":[{"OAuth2":["read","write"]}]},"delete":{"tags":["contracts"],"summary":"Delete a equipments by serial","description":"Recurso para remover o equipamento.","operationId":"equipments_delete","parameters":[{"name":"number","in":"path","description":"Contract Number","required":true,"style":"simple","explode":false,"schema":{"type":"string"}},{"name":"serial","in":"query","required":true,"style":"form","explode":true,"schema":{"type":"string","format":"serial"}}],"responses":{"204":{"description":"No Content"},"401":{"description":"Unauthorized error","content":{"application/json":{"schema":{"$ref":"#/components/schemas/body_response_error_unauthorized"}}}},"404":{"description":"Not found","content":{"application/json":{"schema":{"$ref":"#/components/schemas/body_response_error_not_found"}}}},"500":{"description":"Server error","content":{"application/json":{"schema":{"$ref":"#/components/schemas/body_response_error"}}}}},"security":[{"OAuth2":["read","write"]}]}},"/contracts/{number}/":{"get":{"tags":["contracts"],"summary":"Get a contracts by number","description":"Recurso para obter dados do contrato","operationId":"contracts","parameters":[{"name":"number","in":"path","description":"Contract Number","required":true,"style":"simple","explode":false,"schema":{"type":"string","format":"number"}}],"responses":{"200":{"description":"OK","content":{"application/json":{"schema":{"$ref":"#/components/schemas/ContractDetail"}}}},"401":{"description":"Unauthorized error","content":{"application/json":{"schema":{"$ref":"#/components/schemas/body_response_error_unauthorized"}}}},"404":{"description":"Not found","content":{"application/json":{"schema":{"$ref":"#/components/schemas/body_response_error_contract_not_foud"}}}},"500":{"description":"Server error","content":{"application/json":{"schema":{"$ref":"#/components/schemas/body_response_error"}}}}},"security":[{"OAuth2":["read","write"]}]}},"/equipments/{serial}/":{"get":{"tags":["equipments"],"summary":"Get a equipments by serial","description":"Recurso para obter os dados do equipamento.","operationId":"equipments_read","parameters":[{"name":"serial","in":"path","required":true,"style":"simple","explode":false,"schema":{"type":"string","format":"serial"}}],"responses":{"200":{"description":"OK","content":{"application/json":{"schema":{"$ref":"#/components/schemas/Equipment"}}}},"401":{"description":"Unauthorized error","content":{"application/json":{"schema":{"$ref":"#/components/schemas/body_response_error_unauthorized"}}}},"404":{"description":"Not found","content":{"application/json":{"schema":{"$ref":"#/components/schemas/body_response_error_not_found"}}}},"500":{"description":"Server error","content":{"application/json":{"schema":{"$ref":"#/components/schemas/body_response_error"}}}}},"security":[{"OAuth2":["read","write"]}]},"patch":{"tags":["equipments"],"summary":"Update a equipments by serial","description":"<p>Recurso de atualização dos dados de equipamento.</p>","operationId":"equipments_partial_update","parameters":[{"name":"serial","in":"path","required":true,"style":"simple","explode":false,"schema":{"type":"string","format":"serial"}}],"requestBody":{"$ref":"#/components/requestBodies/EquipmentPatchName"},"responses":{"200":{"description":"Accepted","content":{"application/json":{"schema":{"$ref":"#/components/schemas/EquipmentPatchName"}}}},"401":{"description":"Unauthorized error","content":{"application/json":{"schema":{"$ref":"#/components/schemas/body_response_error_unauthorized"}}}},"404":{"description":"Not found","content":{"application/json":{"schema":{"$ref":"#/components/schemas/body_response_error_not_found"}}}},"500":{"description":"Server error","content":{"application/json":{"schema":{"$ref":"#/components/schemas/body_response_error"}}}}},"security":[{"OAuth2":["read","write"]}]}},"/equipments/topology/":{"get":{"tags":["equipments"],"summary":"Get the equipment topology","description":"Recurso para apresentar a topologia","operationId":"equipments_get_topology","parameters":[{"name":"mac_address","in":"query","description":"Endereço MAC Ethernet é um identificador exclusivo para placas de rede","required":true,"style":"form","explode":true,"schema":{"type":"string","format":"mac_address","example":"00:03:7f:fd:14:84"}},{"name":"collect","in":"query","description":"Default True. Por padrão executa o script collector e guarda as o histórico de medições do agente embarcado. Se False executa o script, porem não guarda o histórico.","required":true,"style":"form","explode":true,"schema":{"type":"boolean","default":true}},{"name":"type","in":"query","description":"Defição de payload para schema","required":true,"style":"form","explode":true,"schema":{"type":"string","format":"type","example":"mobile","default":"mobile"}},{"name":"level","in":"query","description":"Nível máximo da topologia para envio de dados no payload","required":true,"style":"form","explode":true,"schema":{"type":"number","format":"level","example":3}}],"responses":{"200":{"description":"Accepted","content":{"application/json":{"schema":{"$ref":"#/components/schemas/ContractTopology"}}}},"401":{"description":"Unauthorized error","content":{"application/json":{"schema":{"$ref":"#/components/schemas/body_response_error_unauthorized"}}}},"404":{"description":"Not found","content":{"application/json":{"schema":{"$ref":"#/components/schemas/body_response_error_not_found"}}}},"422":{"description":"Not found","content":{"application/json":{"schema":{"$ref":"#/components/schemas/body_response_error_validation_failed"}}}},"500":{"description":"Server error","content":{"application/json":{"schema":{"$ref":"#/components/schemas/body_response_error"}}}}},"security":[{"OAuth2":["read","write"]}]}}},"components":{"schemas":{"EquipmentCreate":{"required":["serial"],"type":"object","properties":{"device_upstream":{"title":"Device upstream - Equipment CAP","minLength":1,"type":"string","description":"MAC Beegol do CAP","format":"string","example":"00:E0:4C:02:B4:42"},"uuid":{"title":"Uuid","type":"string","description":"Identificador unico do equipamento","format":"uuid","readOnly":true,"example":"3e6d89c1-87bc-449b-88fc-b5f15ba235d2"},"name":{"title":"Equipment Name","maxLength":100,"type":"string","description":"SSID do equipamento","format":"string","nullable":true,"example":"Roteador Quarto"},"wan_mac_address":{"title":"Wan Mac Address","maxLength":30,"type":"string","description":"MAC Beegol","format":"string","nullable":true,"example":"00:E0:4C:02:B4:41"},"ipv4":{"title":"IP V4","maxLength":30,"type":"string","description":"IPV4","format":"ip","nullable":true,"example":"200.2.1.1"},"is_cap":{"title":"Is CAP","type":"boolean","description":"Se equipamento é CAP","format":"boolean","nullable":true,"example":true,"enum":[true,false]},"insert_time":{"title":"Insert Time","type":"string","description":"Momento que foi incluido","format":"date-time","readOnly":true},"id_upstream":{"title":"Id upstream","type":"integer","description":"Id do CAP","format":"integer","nullable":true,"example":23}}},"EquipmentPatchName":{"required":["serial"],"type":"object","properties":{"name":{"title":"Equipment Name","maxLength":100,"type":"string","description":"SSID do equipamento","format":"string","nullable":true,"example":"Roteador Quarto"}}},"Equipment":{"required":["id_equipment","serial"],"type":"object","properties":{"id_equipment":{"$ref":"#/components/schemas/EquipmentModel"},"contract":{"title":"Contract Number","type":"string","description":"Numero do contrato","format":"string","readOnly":true,"example":"20210028466"},"uuid":{"title":"Uuid","type":"string","description":"Identificador unico do equipamento","format":"uuid","readOnly":true,"example":"35ecb025-b527-4f56-a3fd-3da294749c4c"},"name":{"title":"Equipment Nome","maxLength":100,"type":"string","description":"SSID do equipamento","format":"string","nullable":true,"example":"Roteador Sala"},"wan_mac_address":{"title":"Wan Mac Address","maxLength":30,"type":"string","description":"MAC Beegol","format":"string","nullable":true,"example":"34:2C:C4:EE:42:FF"},"serial":{"title":"Equipment Serial Number","maxLength":30,"type":"string","description":"Número de serial do equipamento","format":"string","nullable":true,"example":"4774LH2b4044"},"ipv4":{"title":"IP V4","maxLength":30,"type":"string","description":"IPV4","format":"string","nullable":true,"example":"123.1.2.11"},"is_cap":{"title":"Is CAP","type":"boolean","description":"Equipamento CAP","format":"boolean","nullable":true,"enum":[true,false]},"insert_time":{"title":"Insert Time","type":"string","description":"Data de inclusão do equipamento","format":"date-time","readOnly":true},"id_upstream":{"title":"Id upstream","type":"integer","description":"Id do CAP","nullable":true,"example":23},"id_contract":{"title":"Id contract","type":"integer","description":"Id do contrato","format":"integer","nullable":true,"example":45}}},"ContractEquipment":{"required":["contract","serial"],"type":"object","properties":{"qr_code":{"title":"QRCode","maxLength":300,"type":"string","description":"String do QRCode scaneado pelo usuário","format":"string","nullable":true,"example":"DPP:I:U04oNDc3NExIMmI0MDQ0KS1CR0woMDEwMjAzMDQwNTA2KS1TU0lEKEhlbGxvV29ybGQpLVNFTkhBKHA0c3N3MHJkKQo=;M:010203040506;K:MDkwEwYHKoZIzj0CAQYIKoZIzj0DAQcDIgADURzxmttZoIRIPW GoQMV00XHWCAQIhXruVWOz0NjlkIA=;;"}}},"EquipmentMeasurement":{"required":["id_equipment","id_interface"],"type":"object","properties":{"uuid":{"title":"Uuid","type":"string","description":"Identificador único","format":"uuid","readOnly":true},"moment":{"title":"Moment","type":"string","description":"Data e hora de conclusão da medição","format":"date-time","readOnly":true},"jitter":{"title":"Jitter","maxLength":30,"type":"number","description":"Jitter é uma variação estatística do atraso na entrega de dados em uma rede. Valores em milisegundos","example":10.573,"x-nullable":true},"packetloss":{"title":"Packet Loss","maxLength":30,"type":"number","description":"Número de pacotes perdidos","example":0,"x-nullable":true},"latency":{"title":"Latency","maxLength":30,"type":"number","description":"Tempo que leva para que os dados sejam transferidos entre sua fonte original e seu destino.Valores em milisegundos","example":24.99,"x-nullable":true},"download":{"title":"Download","maxLength":30,"type":"number","description":"Refere-se à velocidade com que a conexão com a Internet é capaz de recuperar dados da internet. Valores em Mbps","example":3.2E+2,"x-nullable":true},"upload":{"title":"number","maxLength":30,"type":"string","description":"Refere-se à velocidade com que a conexão com a Internet é capaz de enviar dados para internet. Valores em Mbps","example":"120","x-nullable":true},"uptime":{"title":"Uptime","maxLength":30,"type":"string","description":"Data hora da última atualização na Cloud Mesh","format":"date-time","x-nullable":true},"band_width":{"title":"Band Width","maxLength":10,"type":"string","description":"Medida como a quantidade de dados que podem ser transferidos de um ponto para outro dentro de uma rede em um período específico de tempo. A largura de banda é expressa como medida em megahertz(MHz).","example":"20MHz","x-nullable":true},"especification":{"title":"Especification","maxLength":40,"type":"string","description":"Especifica o conjunto de protocolos de controle de acesso à mídia (MAC) e camada física (PHY)","example":"IEEE80211_MODE_11AC_VHT80","x-nullable":true},"rssi":{"title":"RSSI","maxLength":20,"type":"string","description":"O Indicador de Intensidade do Sinal Recebido(RSSI) é uma medida estimada de quão bom um dispositivo pode ouvir, detectar e receber sinais de qualquer ponto de acesso ou de um roteador específico.","example":"39","x-nullable":true},"medium_utilization":{"title":"Medium Utilization","maxLength":20,"type":"string","description":"Média de utilização da Banda em porcetagem)","example":"60%","x-nullable":true},"min_rssi":{"title":"Min RSSI","maxLength":20,"type":"string","description":"Intensidade mínima do Sinal","example":"35","x-nullable":true},"max_rssi":{"title":"Max RSSI","maxLength":20,"type":"string","description":"Intensidade máxima do Sinal","example":"40","x-nullable":true},"snr":{"title":"SNR","maxLength":20,"type":"string","description":"Relação entre sinal e ruído","example":"32","x-nullable":true},"tx_rate":{"title":"TX Rate","maxLength":10,"type":"string","description":"Taxa com que os dados estão sendo transmitidos de um AP para um dispositivo sem fio.","example":"130M","x-nullable":true},"rx_rate":{"title":"RX Rate","maxLength":10,"type":"string","description":"Taxas de recebimento de dados de um AP para um dispositivo sem fio.","example":"115M","x-nullable":true},"operating_band":{"title":"Operating Band","maxLength":20,"type":"string","description":"Frequência utilizada","example":"5GHz","x-nullable":true}}},"EquipmentModel":{"required":["name"],"type":"object","properties":{"id":{"title":"ID","type":"integer","description":"Id do modelo","format":"integer","readOnly":true,"example":33},"name":{"title":"Model Nome","maxLength":60,"minLength":1,"type":"string","description":"Nome, modelo de equipamento","format":"string","example":"Modem 6000"},"descriptions":{"title":"Descriptions","type":"string","description":"Descrição do modelo de equipamento","format":"string","example":"Middle is the version of manufacturer's MCU version and last one is manufacturer's Device Tree Setting version","x-nullable":true},"manufacturer":{"title":"Manufacturer","maxLength":100,"type":"string","description":"Fabricante do equipamento","format":"string","example":"Qualcomm","x-nullable":true},"os":{"title":"Operation System","maxLength":60,"type":"string","description":"Sistema Operacional","format":"string","example":"OEMs","x-nullable":true},"version":{"title":"Firmware Versão","maxLength":100,"type":"string","description":"Versão do Firmware","format":"string","example":"2.0.32-S","x-nullable":true},"kernel":{"title":"Kernel","maxLength":60,"type":"string","description":"Kernel","format":"string","example":"USN-3106-4: Linux kernel (Qualcomm Snapdragon)","x-nullable":true}}},"EquipmentSimple":{"required":["id_equipment","serial"],"type":"object","properties":{"id_upstream":{"title":"Uuid","type":"string","description":"uuid do equipamento que recebe internet","format":"uuid","readOnly":true,"example":"7588d6ee-be70-4932-a293-33a1028676a5"},"uuid":{"title":"Uuid","type":"string","description":"Identificador único","format":"uuid","readOnly":true,"example":"5870341c-f9e4-46b8-a07c-085a532968b7"},"name":{"title":"Nome","maxLength":100,"type":"string","description":"Nome do equipamento","example":"RE2","x-nullable":true},"wan_mac_address":{"title":"Wan Mac Address","maxLength":30,"type":"string","description":"Wan MAC do equipamento","example":"00:03:7f:f1:4e:07","x-nullable":true},"lan_mac_address":{"title":"Lan Mac Address","maxLength":30,"type":"string","description":"Lan MAC do equipamento","example":"00:03:7f:f1:4e:06","x-nullable":true},"qca_mac_address":{"title":"QCA Mac Address","maxLength":30,"type":"string","description":"MAC Beegol do equipamento","example":"00:03:7f:f1:4e:06","x-nullable":true},"serial":{"title":"Serial","maxLength":30,"type":"string","description":"Identificador Unico do equipamento","example":"731252000356","x-nullable":true},"ipv4":{"title":"IP V4","maxLength":30,"type":"string","description":"IPV4 do equipamento na rede","example":"192.168.1.169","x-nullable":true},"is_cap":{"title":"Is CAP","type":"boolean","description":"Ponto de acesso principal?","x-nullable":true},"insert_time":{"title":"Insert Time","type":"string","format":"date-time","readOnly":true},"id_equipment":{"title":"Id equipment model","type":"integer"}}},"CustomerSimple":{"required":["document","email","name"],"type":"object","properties":{"uuid":{"title":"Uuid","type":"string","description":"Identificador unico do equipamento","format":"uuid","readOnly":true},"name":{"title":"Nome","maxLength":199,"minLength":1,"type":"string","description":"Nome do cliente","example":"Pedro José da Silva"},"email":{"title":"E-mail","maxLength":199,"minLength":1,"type":"string","description":"E-mail do cliente","format":"email","example":"pjsilva@telecom.com"},"document":{"title":"Document","maxLength":30,"minLength":1,"type":"string","description":"Número de documento do cliente","example":"45663343-34"},"contact":{"title":"Contact","maxLength":20,"type":"string","description":"Contato do cliente","nullable":true,"example":"(31) 98765-7877"},"is_active":{"title":"Is Active","type":"boolean","description":"Cliente ativo?","default":true}}},"ContractSimple":{"required":["number"],"type":"object","properties":{"id_customer":{"$ref":"#/components/schemas/CustomerSimple"},"equipments":{"title":"Equipments","type":"string","readOnly":true},"number":{"title":"Number","maxLength":30,"minLength":1,"type":"string"},"start_date":{"title":"Start date","type":"string","format":"date","readOnly":true},"is_active":{"title":"Is active","type":"boolean"},"update_time":{"title":"Update Time","type":"string","format":"date-time","readOnly":true}}},"ContractTopology":{"required":["number"],"type":"object","properties":{"equipments":{"type":"array","items":{"allOf":[{"$ref":"#/components/schemas/Interfaces"},{"$ref":"#/components/schemas/EquipmentSimple"}]}},"number":{"title":"Number","maxLength":30,"minLength":1,"type":"string","description":"Número do contrato"},"start_date":{"title":"Start date","type":"string","description":"Data em que o cadastro foi realizado","format":"date","readOnly":true},"is_active":{"title":"Is active","type":"boolean","description":"Contrato ativo?"},"update_time":{"title":"Update Time","type":"string","description":"Data de atualização","format":"date-time","readOnly":true}}},"Interfaces":{"required":["number"],"type":"object","properties":{"interfaces":{"title":"interface","type":"array","items":{"type":"object","properties":{"clients":{"type":"array","description":"Devices conectados","items":{"$ref":"#/components/schemas/ClientResume"}},"measurement":{"allOf":[{"$ref":"#/components/schemas/EquipmentMeasurement"}]},"mac_address":{"title":"Mac Address","maxLength":40,"minLength":1,"type":"string","description":"MAC Address do dispositivo","example":"00:03:7f:54:22:75"},"is_vap":{"title":"Is Virtual Access Point","type":"boolean","description":"Tem função de access point?","x-nullable":true},"is_backhaul":{"title":"Is Backhaul","type":"boolean","description":"Tem backhaul? O backhaul compreende os links intermediários entre a rede principal, ou rede backbone, e as pequenas sub-redes na borda da rede","x-nullable":true},"name":{"title":"Nome","maxLength":60,"type":"string","description":"Nome da interface","example":"ath0","x-nullable":true},"ssid":{"title":"SSID","maxLength":100,"type":"string","description":"O SSID (Service Set Identifier) é o nome da sua rede sem fio, também conhecida como ID de Rede. Isso é visível para qualquer pessoa com um dispositivo sem fio a uma distância acessível da sua rede. O SSID é o nome da sua rede sem fio. Isso é o que você procurará ao conectar computadores e dispositivos sem fio","example":"Wifi_3_coracoes","x-nullable":true},"medium_type":{"title":"Medium Type","maxLength":60,"type":"string","description":"Tipo de transmissão. Refere-se aos fios e cabos, ou ondas e sinais, usados para transmitir informações","example":"WLAN2G","x-nullable":true},"physical_capability":{"title":"Physical Capability","maxLength":60,"type":"string","description":"Capacidade fisica","example":"20MHz,2,HT,7,22","x-nullable":true},"contention":{"title":"Contention","maxLength":20,"type":"string","description":"Protocolo de contenção da interface. Método de acesso à mídia que é usado para compartilhar uma mídia de transmissão","example":"1","x-nullable":true},"channel":{"title":"Channel","maximum":2147483647,"minimum":-2147483648,"type":"integer","description":"Canal da interface","example":1,"x-nullable":true},"insert_time":{"title":"Insert Time","type":"string","description":"Data que foi inserida a interface","format":"date-time","readOnly":true},"update_time":{"title":"Update Time","type":"string","description":"Data que foi Atualizada a interface","format":"date-time","readOnly":true},"network_name":{"title":"Network Name","maxLength":60,"type":"string","description":"Nome da rede","x-nullable":true},"band_used":{"title":"Band Used","maxLength":60,"type":"string","description":"Banda usada na interface","x-nullable":true},"bssid":{"title":"BSSID","maxLength":30,"type":"string","description":"Identificadores básicos de conjunto de serviços (BSSID) são usados para descrever seções de uma rede local sem fio ou WLAN. Ele reconhece o ponto de acesso ou roteador porque tem um endereço exclusivo que cria a rede sem fio. É o mesmo endereço MAC de um ponto de acesso sem fio ou também conhecido como WAP.","example":"00:03:7f:54:24:25","x-nullable":true}}}}}},"EquipmentResume":{"required":["number"],"type":"object","properties":{"cap":{"title":"CAP","type":"array","readOnly":true,"items":{"type":"object","properties":{"uuid":{"type":"string","description":"Identificador unico do equipamento","format":"string","example":"6054ebd4-1b51-4c88-98ae-735d60c8e417"},"name":{"type":"string","description":"SSID do equipamento","format":"string","example":"Equipment CAP"},"wan_mac_address":{"type":"string","description":"MAC Beegol","format":"string","example":"68:02:b8:50:4d:19"},"serial":{"type":"string","description":"Número serial do equipamento","format":"string","example":"4774LH2b4044"},"ipv4":{"type":"string","description":"IPV4 do equipamento na rede","format":"string","example":"192.0.0.33"},"is_cap":{"type":"boolean","description":"Equipamento é CAP?","format":"boolean","default":true},"insert_time":{"type":"string","description":"Data de inclusão","format":"date-time","example":"2026-07-03T11:03:13.050403-03:00"},"id_upstream":{"type":"integer","description":"Id do CAP","format":"integer"},"id_equipment":{"type":"integer","description":"Id do modelo de equipamento","format":"integer","example":3}}}},"re":{"title":"RE","type":"array","readOnly":true,"items":{"type":"object","properties":{"uuid":{"type":"string","description":"Identificador unico do equipamento","format":"string","example":"6054ebd4-1b51-4c88-98ae-735d60c8e417"},"name":{"type":"string","description":"SSID do equipamento","format":"string","example":"Equipment RE"},"wan_mac_address":{"type":"string","description":"MAC Beegol","format":"string","example":"68:02:b8:50:4d:19"},"serial":{"type":"string","description":"Número serial do equipamento","format":"string","example":"4774LH2b4044"},"ipv4":{"type":"string","description":"IPV4 do equipamento na rede","format":"string","example":"192.0.0.33"},"is_cap":{"type":"boolean","description":"Equipamento é CAP?","format":"boolean","default":false},"insert_time":{"type":"string","description":"Data de inclusão","format":"date-time","example":"2026-07-03T11:03:13.050403-03:00"},"id_upstream":{"type":"integer","description":"Id do CAP","format":"integer"},"id_equipment":{"type":"integer","description":"Id do modelo de equipamento","format":"integer","example":3}}}},"quantity_cap":{"title":"Quantity CAP","maxLength":30,"minLength":1,"type":"integer","description":"Quantidade de CAP","format":"integer","example":1},"quantity_re":{"title":"Quantity REs","maxLength":30,"minLength":1,"type":"integer","description":"Quantidade de REs","format":"integer","example":1}}},"ContractAddEquipment":{"required":["number equipments"],"type":"object","properties":{"equipments":{"title":"Serials list","type":"array","example":["4774LH2b4044","7334HN2b4045","8764GB2b4198"],"items":{"oneOf":[{"type":"string","example":"4774LH2b4044"},{"type":"string","example":"7334HN2b4045"},{"type":"string","example":"8764GB2b4198"}]}},"start_date":{"title":"Start date","type":"string","format":"date","readOnly":true},"update_time":{"title":"Update Time","type":"string","format":"date-time","readOnly":true}}},"ContractCreate":{"required":["id_customer","number"],"type":"object","properties":{"number":{"title":"Número do Contrato","maxLength":30,"minLength":1,"type":"string","example":"2021099211"},"is_active":{"title":"Contrato ativo","type":"boolean","description":"Status do contrato:\n * `true` - Contrato ativado (padrão)\n * `false` - Contrato destivado\n","example":true,"enum":[true,false]},"id_customer":{"title":"uuid do cliente","type":"string","description":"* Por definições de regras de segurança o padrão é 'ef367fe4-7895-4576-8b55-2f5324bda100' para cliente Unknown.\n","format":"uuid","example":"ef367fe4-7895-4576-8b55-2f5324bda100"}}},"Contract":{"required":["number"],"type":"object","properties":{"id_customer":{"$ref":"#/components/schemas/CustomerSimple"},"equipments":{"title":"Equipments","type":"string","readOnly":true},"number":{"title":"Number","maxLength":30,"minLength":1,"type":"string"},"start_date":{"title":"Start date","type":"string","format":"date","readOnly":true},"is_active":{"title":"Is active","type":"boolean"},"update_time":{"title":"Update Time","type":"string","format":"date-time","readOnly":true}}},"ContractDetail":{"required":["number"],"type":"object","properties":{"equipments":{"$ref":"#/components/schemas/EquipmentResume"},"number":{"title":"Contract Number","maxLength":30,"minLength":1,"type":"string","description":"Número do contrato","format":"string","example":"2010200048"},"start_date":{"title":"Start date","type":"string","description":"Data de inclusão","format":"date","readOnly":true},"is_active":{"title":"Is active","type":"boolean","description":"Contrato ativo","format":"boolean"},"update_time":{"title":"Update Time","type":"string","description":"Ultima atualização","format":"date-time","readOnly":true}}},"ClientResume":{"required":["mac_address"],"type":"object","properties":{"id_client":{"$ref":"#/components/schemas/Client"},"uuid":{"title":"Uuid","type":"string","description":"uuid do equipamento que recebe internet","format":"uuid","readOnly":true,"example":"477f128a-9d25-4bfe-bfaa-d72c64d222aa"},"moment":{"title":"Moment","type":"string","description":"Data hora que foi inserido na Cloud Mesh","format":"date-time","readOnly":true},"uptime":{"title":"Uptime","maxLength":15,"type":"string","description":"Data hora da última atualização na Cloud Mesh","example":"2021-10-01T15:45:11.474642","x-nullable":true},"distance":{"title":"Distance","maxLength":15,"type":"string","description":"Distância do equipamento conectado","x-nullable":true},"channel":{"title":"Canal","maximum":2147483647,"minimum":-2147483648,"type":"integer","description":"Canal atual","example":1,"x-nullable":true},"rssi":{"title":"RSSI","maxLength":15,"type":"string","description":"O Indicador de Intensidade do Sinal Recebido(RSSI) é uma medida estimada de quão bom um dispositivo pode ouvir, detectar e receber sinais de qualquer ponto de acesso ou de um roteador específico.","example":"48","x-nullable":true},"tx_rate":{"title":"Taxe Rate","maxLength":15,"type":"string","description":"Taxa com que os dados estão sendo transmitidos de um AP para um dispositivo sem fio.","example":"192M","x-nullable":true},"rx_rate":{"title":"RX Rate","maxLength":10,"type":"string","description":"Taxas de recebimento de dados de um AP para um dispositivo sem fio.","example":"144M","x-nullable":true},"operating_band":{"title":"Operating Band","maxLength":20,"type":"string","description":"Frequência utilizada","example":"2.4 GHz","x-nullable":true},"min_rssi":{"title":"Min RSSI","maxLength":10,"type":"string","description":"Intensidade mínima do Sinal","example":"40","x-nullable":true},"max_rssi":{"title":"Max RSSI","maxLength":10,"type":"string","description":"Intensidade máxima do Sinal","example":"48","x-nullable":true},"snr":{"title":"SNR","maxLength":20,"type":"string","description":"Relação entre sinal e ruído","example":"48","x-nullable":true},"band_width":{"title":"Band Width","maxLength":10,"type":"string","description":"Medida como a quantidade de dados que podem ser transferidos de um ponto para outro dentro de uma rede em um período específico de tempo. A largura de banda é expressa como medida em megahertz(MHz).","example":"20","x-nullable":true},"especification":{"title":"Especification","type":"string","description":"Especifica o conjunto de protocolos de controle de acesso à mídia (MAC) e camada física (PHY)","readOnly":true,"example":"IEEE80211_MODE_11NG_HT20"}}},"Client":{"required":["mac_address"],"type":"object","properties":{"uuid":{"title":"Uuid","type":"string","description":"Identificador único","format":"uuid","readOnly":true},"name":{"title":"Nome","maxLength":60,"type":"string","description":"Nome do Device","x-nullable":true},"mac_address":{"title":"Mac Address","maxLength":40,"minLength":1,"type":"string","description":"MAC Address do dispositivo"},"os":{"title":"Operation System","maxLength":60,"type":"string","description":"Sistema Operacional","x-nullable":true},"vendor":{"title":"Vendor","maxLength":60,"type":"string","description":"Fabricante","x-nullable":true},"insert_time":{"title":"Insert Time","type":"string","description":"Data em que o cadastro foi realizado","format":"date-time","readOnly":true},"update_time":{"title":"Update Time","type":"string","description":"Data de atualização","format":"date-time","readOnly":true}}},"body_response_error":{"required":["message"],"type":"object","properties":{"detail":{"type":"string","format":"string","example":"Internal Server Error."}}},"body_response_error_contract_not_foud":{"required":["message"],"type":"object","properties":{"detail":{"type":"string","format":"string","example":"Não encontrado."}}},"body_response_error_contract_create":{"required":["message"],"type":"object","properties":{"detail":{"type":"string","example":"This customer already has contract"}}},"body_response_error_add_equipment":{"required":["message"],"type":"object","properties":{"detail":{"type":"string","example":"Equipment 1 is busy"}}},"body_response_error_400_patch_equipment":{"required":["message"],"type":"object","properties":{"detail":{"type":"string","format":"object","example":"Equipment 1 is busy"}}},"body_response_error_400_contract_equipment":{"required":["message"],"type":"object","properties":{"detail":{"type":"string","format":"string","example":"Equipment 1 is busy"}}},"body_response_error_add_equipment_not_found":{"required":["message"],"type":"object","properties":{"detail":{"type":"string","example":"Equipment 11111111 not found"}}},"body_response_error_404_contract_equipment_not_found":{"required":["message"],"type":"object","properties":{"detail":{"type":"string","format":"string","example":"Valid QRCode not found"}}},"body_response_error_422_contract_equipment_not_found":{"required":["message"],"type":"object","properties":{"detail":{"type":"string","format":"string","example":"Equipments already attached to a contract"}}},"body_response_error_202_contract_equipment":{"required":["message"],"type":"object","properties":{"detail":{"type":"string","format":"string","example":"Equipments attached to contract 12322227"}}},"body_response_error_unauthorized":{"required":["detail"],"type":"object","properties":{"detail":{"type":"string","format":"string","example":"Authentication credentials were not provided."}}},"body_response_error_not_found":{"required":["detail"],"type":"object","properties":{"detail":{"type":"string","format":"string","example":"Contract or equipment is not found."}}},"body_response_error_validation_failed":{"required":["detail"],"type":"object","properties":{"detail":{"type":"string","format":"string","example":"Semantic error, for instance when a given entity ID is not found."}}}},"responses":{"Success":{"description":"OK","content":{"application/json":{"schema":{"$ref":"#/components/schemas/Contract"}}}},"ContractSuccess":{"description":"OK","content":{"application/json":{"schema":{"$ref":"#/components/schemas/ContractDetail"}}}},"ContractCreated":{"description":"Created","content":{"application/json":{"schema":{"$ref":"#/components/schemas/ContractCreate"}}}},"ContractAccepted":{"description":"Accepted","content":{"application/json":{"schema":{"$ref":"#/components/schemas/Contract"}}}},"ContractSuccessGetAll":{"description":"OK","content":{"application/json":{"schema":{"type":"array","items":{"oneOf":[{"$ref":"#/components/schemas/Contract"},{"$ref":"#/components/schemas/Contract"}]}}}}},"ContractSimple":{"description":"Accepted","content":{"application/json":{"schema":{"$ref":"#/components/schemas/ContractSimple"}}}},"ContractTopology":{"description":"Accepted","content":{"application/json":{"schema":{"$ref":"#/components/schemas/ContractTopology"}}}},"EquipmentModel":{"description":"OK","content":{"application/json":{"schema":{"$ref":"#/components/schemas/EquipmentModel"}}}},"Equipment":{"description":"OK","content":{"application/json":{"schema":{"$ref":"#/components/schemas/Equipment"}}}},"ContractBadRequest":{"description":"Bad request","content":{"application/json":{"schema":{"$ref":"#/components/schemas/body_response_error_contract_create"}}}},"Unauthorized":{"description":"Unauthorized error","content":{"application/json":{"schema":{"$ref":"#/components/schemas/body_response_error_unauthorized"}}}},"Forbidden":{"description":"Forbidden error","content":{"application/json":{"schema":{"$ref":"#/components/schemas/body_response_error"}}}},"ServerError":{"description":"Server error","content":{"application/json":{"schema":{"$ref":"#/components/schemas/body_response_error"}}}},"ContractNotFound":{"description":"Not found","content":{"application/json":{"schema":{"$ref":"#/components/schemas/body_response_error_contract_not_foud"}}}},"ContractEquipmentAttached":{"description":"Attached","content":{"application/json":{"schema":{"$ref":"#/components/schemas/body_response_error_202_contract_equipment"}}}},"EquipmentAccepted":{"description":"Accepted","content":{"application/json":{"schema":{"$ref":"#/components/schemas/EquipmentCreate"}}}},"EquipmentPatch":{"description":"Accepted","content":{"application/json":{"schema":{"$ref":"#/components/schemas/EquipmentPatchName"}}}},"EquipmentBadRequest":{"description":"Bad request","content":{"application/json":{"schema":{"$ref":"#/components/schemas/body_response_error"}}}},"AddEquipmentBadRequest":{"description":"Bad request","content":{"application/json":{"schema":{"$ref":"#/components/schemas/body_response_error_add_equipment"}}}},"PatchEquipmentBadRequest":{"description":"Bad request","content":{"application/json":{"schema":{"$ref":"#/components/schemas/body_response_error_400_patch_equipment"}}}},"ContractEquipmentBadRequest":{"description":"Bad request","content":{"application/json":{"schema":{"$ref":"#/components/schemas/body_response_error_400_contract_equipment"}}}},"EquipmentNotFound":{"description":"Not found","content":{"application/json":{"schema":{"$ref":"#/components/schemas/body_response_error_not_found"}}}},"EquipmentValidationFailed":{"description":"Not found","content":{"application/json":{"schema":{"$ref":"#/components/schemas/body_response_error_validation_failed"}}}},"AddEquipmentNotFound":{"description":"Not found","content":{"application/json":{"schema":{"$ref":"#/components/schemas/body_response_error_add_equipment_not_found"}}}},"ContractEquipmentNotFound":{"description":"Not found","content":{"application/json":{"schema":{"$ref":"#/components/schemas/body_response_error_404_contract_equipment_not_found"}}}},"ContractEquipmentAlreadyAttachedContract":{"description":"Unprocessable Entity","content":{"application/json":{"schema":{"$ref":"#/components/schemas/body_response_error_422_contract_equipment_not_found"}}}}},"requestBodies":{"EquipmentCreate":{"content":{"application/json":{"schema":{"$ref":"#/components/schemas/EquipmentCreate"}}},"required":true},"EquipmentPatchName":{"content":{"application/json":{"schema":{"$ref":"#/components/schemas/EquipmentPatchName"}}},"required":true},"ContractCreate":{"content":{"application/json":{"schema":{"$ref":"#/components/schemas/ContractCreate"}}},"required":true},"ContractSimple":{"content":{"application/json":{"schema":{"$ref":"#/components/schemas/ContractSimple"}}},"required":true},"ContractAddEquipment":{"content":{"application/json":{"schema":{"$ref":"#/components/schemas/ContractAddEquipment"}}},"required":true},"Equipment":{"content":{"application/json":{"schema":{"$ref":"#/components/schemas/Equipment"}}},"required":true},"ContractEquipment":{"content":{"application/json":{"schema":{"$ref":"#/components/schemas/ContractEquipment"}}},"required":true}},"securitySchemes":{"OAuth2":{"type":"oauth2","description":"This API uses OAuth 2 with the password grant flow.","flows":{"password":{"tokenUrl":"https://mesh.beegol.com/api/o/token/","scopes":{"read":"Grant read-only access to all your data except for the account and user info","write":"Grant write-only access to all your data except for the account and user info","profile":"Grant read-only access to the account and user info only"}}}}}}}