{"openapi":"3.0.0","info":{"title":"Behavox - Datalabs API","description":"\n# Introduction\nDatalabs is a secure REST API provisioning data and insights from Behavox for external systems. The API provides access to **alerts**, **content**, **person** and **activity log** data seen on the platform.\n\n**Alerts**\n- Alert details as seen on Compliance\n- Alert content participants\n- Alert justification sentences and corresponding risk policy\n\n**Content**\n- Participants involved, senders and recipients with contact information\n- Ids for flagged alerts\n- Data mining artifacts found, such as ticker symbols, organizations, signatures, etc\n\n**Person**\n- Person contact information\n- Person attributes\n\n**Activity log**\n- User actions\n- System actions\n# Authentication\nGenerate an access token under the **Access Tokens** tab in the user profile page. Authenticate your calls by including your access token in the **Authorization** header as a bearer token.\n``` Authorization: Bearer ACCESS-TOKEN ```\n# Quickstart\nHere's an example on to get all the alerts between May 3rd to May 4th of 2022 for Scenario **Price manipulation**.\n\n``` curl -X 'GET' 'https://virtserver.swaggerhub.com/Behavox/api/1/alerts?start-date=2022-05-03T00%3A00%3A00.000Z&end-date=2022-05-04T00%3A00%3A00.000Z&scenario-name=Price%20Manipulation&page=1' -H 'accept: application/json' ```\n","version":"1"},"servers":[{"url":"https://virtserver.swaggerhub.com/Behavox/api/1","description":"SwaggerHub API Auto Mocking"}],"security":[{"bearerAuth":[]}],"paths":{"/alerts":{"get":{"tags":["alerts"],"summary":"Returns a list of alerts","description":"Returns alert details, participants and justifications. Alerts are paginated into fixed number of items defined by the limit parameter. ","parameters":[{"name":"start-date","in":"query","description":"Start date for alert","required":true,"style":"form","explode":true,"schema":{"type":"string","format":"date-time","example":"2022-05-03T17:30:42.424Z"}},{"name":"end-date","in":"query","description":"End date for alert","required":true,"style":"form","explode":true,"schema":{"type":"string","format":"date-time","example":"2022-05-04T17:30:42.424Z"}},{"name":"scenario-name","in":"query","description":"Scenario name for alert to get","required":false,"style":"form","explode":true,"schema":{"type":"string","example":"Information Sharing"}},{"name":"level","in":"query","description":"Sharing level for alert to get","required":false,"style":"form","explode":true,"schema":{"type":"string","example":"L1"}},{"name":"severity","in":"query","description":"Severity level for alert to get","required":false,"style":"form","explode":true,"schema":{"type":"string","example":"HIGHEST"}},{"name":"monitored-employee","in":"query","description":"Monitored employee name for alert to get","required":false,"style":"form","explode":true,"schema":{"type":"string","example":"John Doe"}},{"name":"person-group","in":"query","description":"Person group for alert to get","required":false,"style":"form","explode":true,"schema":{"type":"string","example":"RandomSamplingGroup"}},{"name":"page","in":"query","description":"Current page number of response","required":true,"style":"form","explode":true,"schema":{"type":"integer","example":1}},{"name":"limit","in":"query","description":"Max number of items to return in a single page","required":true,"style":"form","explode":true,"schema":{"type":"integer","example":10,"default":100}}],"responses":{"200":{"description":"Successfully returned a list of alerts","content":{"application/json":{"schema":{"type":"object","properties":{"alerts":{"type":"array","items":{"$ref":"#/components/schemas/Alert"}},"pagination":{"$ref":"#/components/schemas/Pagination"}}}}}},"400":{"description":"Invalid request","content":{"application/json":{"schema":{"type":"object","properties":{"message":{"type":"string"}}}}}},"401":{"description":"Access token is missing or invalid","content":{"application/json":{"schema":{"type":"object","properties":{"message":{"type":"string"}}}}}}},"security":[{"bearerAuth":[]}]}},"/alerts/{alertId}":{"get":{"tags":["alerts"],"summary":"Returns alert for given alert id","description":" Returns alert details, participants and justifications, for given alert id. ","parameters":[{"name":"alertId","in":"path","description":"Numeric ID of the alert to get","required":true,"style":"simple","explode":false,"schema":{"type":"integer"}}],"responses":{"200":{"description":"Successfully returned an alert","content":{"application/json":{"schema":{"$ref":"#/components/schemas/Alert"}}}},"400":{"description":"Invalid request","content":{"application/json":{"schema":{"type":"object","properties":{"message":{"type":"string"}}}}}},"401":{"description":"Access token is missing or invalid","content":{"application/json":{"schema":{"type":"object","properties":{"message":{"type":"string"}}}}}}}}},"/content":{"get":{"tags":["content"],"summary":"Returns a list of content","description":" Returns content information including participants involved, alerts flagged and data mining artifacts found, such as ticker symbols, organizations, signatures, etc.  In the response content items are paginated into fixed number of items defined by the limit parameter. ","parameters":[{"name":"start-date","in":"query","description":"Start date for content to get","required":true,"style":"form","explode":true,"schema":{"type":"string","example":"2022-05-03T17:30:42.424Z"}},{"name":"end-date","in":"query","description":"End date for content to get","required":true,"style":"form","explode":true,"schema":{"type":"string","example":"2022-05-04T17:30:42.424Z"}},{"name":"data-type","in":"query","description":"Data type of content to get","required":false,"style":"form","explode":true,"schema":{"type":"string","example":"Email"}},{"name":"artifact-type","in":"query","description":"Only return alerts with artifact type specified","required":false,"style":"form","explode":true,"schema":{"type":"string","example":"Signature"}},{"name":"person-group","in":"query","description":"Person group for person to get","required":false,"style":"form","explode":true,"schema":{"type":"string","example":"RandomSamplingGroup"}},{"name":"person-type","in":"query","description":"Type of person to get","required":false,"style":"form","explode":true,"schema":{"type":"string","example":"Internal"}},{"name":"page","in":"query","description":"Current page number of response","required":true,"style":"form","explode":true,"schema":{"type":"integer","example":1}},{"name":"limit","in":"query","description":"Max number of items to return in a single page","required":true,"style":"form","explode":true,"schema":{"type":"integer","example":10,"default":100}}],"responses":{"200":{"description":"Successfully returned a list of content","content":{"application/json":{"schema":{"type":"object","properties":{"content":{"type":"array","items":{"$ref":"#/components/schemas/Content"}},"pagination":{"$ref":"#/components/schemas/Pagination"}}}}}},"400":{"description":"Invalid request","content":{"application/json":{"schema":{"type":"object","properties":{"message":{"type":"string"}}}}}},"401":{"description":"Access token is missing or invalid","content":{"application/json":{"schema":{"type":"object","properties":{"message":{"type":"string"}}}}}}}}},"/content/{contentId}":{"get":{"tags":["content"],"summary":"Returns content for given content id","description":" Returns content information including participants involved, alerts flagged and data mining artifacts found, such as ticker symbols, organizations, signatures, etc for given content id. ","parameters":[{"name":"contentId","in":"path","description":"ID of the content to get","required":true,"style":"simple","explode":false,"schema":{"type":"string"}}],"responses":{"200":{"description":"Successfully returned a content","content":{"application/json":{"schema":{"$ref":"#/components/schemas/Content"}}}},"400":{"description":"Invalid request","content":{"application/json":{"schema":{"type":"object","properties":{"message":{"type":"string"}}}}}},"401":{"description":"Access token is missing or invalid","content":{"application/json":{"schema":{"type":"object","properties":{"message":{"type":"string"}}}}}}}}},"/person":{"get":{"tags":["person"],"summary":"Returns a list of persons","description":" Returns person data including contact information and profile attributes as seen on the Behavox platform. In the response, persons are paginated into fixed number of items defined by the limit parameter. ","parameters":[{"name":"start-date","in":"query","description":"Start date for person to get","required":false,"style":"form","explode":true,"schema":{"type":"string","example":"2022-05-03T17:30:42.424Z"}},{"name":"end-date","in":"query","description":"End date for person to get","required":false,"style":"form","explode":true,"schema":{"type":"string","example":"2022-05-04T17:30:42.424Z"}},{"name":"person-type","in":"query","description":"Type of person to get","required":false,"style":"form","explode":true,"schema":{"type":"string","example":"Internal"}},{"name":"person-group","in":"query","description":"Person group for person to get","required":false,"style":"form","explode":true,"schema":{"type":"string","example":"RandomSamplingGroup"}},{"name":"page","in":"query","description":"Current page number of response","required":true,"style":"form","explode":true,"schema":{"type":"integer","example":1}},{"name":"limit","in":"query","description":"Max number of items to return in a single page","required":true,"style":"form","explode":true,"schema":{"type":"integer","example":10,"default":100}}],"responses":{"200":{"description":"Successfully returned a list of persons","content":{"application/json":{"schema":{"type":"object","properties":{"persons":{"type":"array","items":{"$ref":"#/components/schemas/PersonDetails"}},"pagination":{"$ref":"#/components/schemas/Pagination"}}}}}},"400":{"description":"Invalid request","content":{"application/json":{"schema":{"type":"object","properties":{"message":{"type":"string"}}}}}},"401":{"description":"Access token is missing or invalid","content":{"application/json":{"schema":{"type":"object","properties":{"message":{"type":"string"}}}}}}}}},"/person/{personId}":{"get":{"tags":["person"],"summary":"Returns person for given person id","description":" Returns content information including participants involved, alerts flagged and data mining artifacts found, such as ticker symbols, organizations, signatures, etc for given content id. ","parameters":[{"name":"personId","in":"path","description":"Numberic ID of the person to get","required":true,"style":"simple","explode":false,"schema":{"type":"integer"}}],"responses":{"200":{"description":"Successfully returned a person","content":{"application/json":{"schema":{"$ref":"#/components/schemas/PersonDetails"}}}},"400":{"description":"Invalid request","content":{"application/json":{"schema":{"type":"object","properties":{"message":{"type":"string"}}}}}},"401":{"description":"Access token is missing or invalid","content":{"application/json":{"schema":{"type":"object","properties":{"message":{"type":"string"}}}}}}}}},"/activity-log":{"get":{"tags":["activity-log"],"summary":"Returns a list of activity logs","description":" Returns a list of activity logs as seen on the Behavox platform. Activity log actions are paginated into fixed number of items defined by the limit parameter. ","parameters":[{"name":"start-date","in":"query","description":"Start date for activity log actions to get","required":true,"style":"form","explode":true,"schema":{"type":"string","example":"2022-05-03T17:30:42.424Z"}},{"name":"end-date","in":"query","description":"End date for activity log actions to get","required":true,"style":"form","explode":true,"schema":{"type":"string","example":"2022-05-04T17:30:42.424Z"}},{"name":"action","in":"query","description":"Type of action to get","required":false,"style":"form","explode":true,"schema":{"type":"string","example":"View"}},{"name":"module","in":"query","description":"Module of action to get","required":false,"style":"form","explode":true,"schema":{"type":"string","example":"Alerts"}},{"name":"element","in":"query","description":"Element type of action to get","required":false,"style":"form","explode":true,"schema":{"type":"string","example":"Alert"}},{"name":"user","in":"query","description":"User of action to get","required":false,"style":"form","explode":true,"schema":{"type":"string","example":"j.doe"}},{"name":"page","in":"query","description":"Current page number of response","required":true,"style":"form","explode":true,"schema":{"type":"integer","example":1}},{"name":"limit","in":"query","description":"Max number of items to return in a single page","required":true,"style":"form","explode":true,"schema":{"type":"integer","example":10,"default":100}}],"responses":{"200":{"description":"Successfully returned a list of persons","content":{"application/json":{"schema":{"type":"object","properties":{"actions":{"type":"array","items":{"$ref":"#/components/schemas/ActivityLog"}},"pagination":{"$ref":"#/components/schemas/Pagination"}}}}}},"400":{"description":"Invalid request","content":{"application/json":{"schema":{"type":"object","properties":{"message":{"type":"string"}}}}}},"401":{"description":"Access token is missing or invalid","content":{"application/json":{"schema":{"type":"object","properties":{"message":{"type":"string"}}}}}}}}}},"components":{"schemas":{"ActivityLog":{"type":"object","properties":{"userId":{"type":"integer","description":"Behavox internal user ID","example":213},"date":{"type":"string","description":"Date of activity log action","format":"date-time"},"module":{"type":"string","description":"Module of activity log action","example":"Alerts"},"element":{"type":"string","description":"Element of activity log action","example":"Alerts list"},"action":{"type":"string","description":"Action of activity log action","example":"View"},"summary":{"type":"string","description":"Summary of activity log action","example":"Applied filters: order, orderDesc, startDate, endDate, statuses,keywords"},"details":{"type":"string","description":"Details of activity log action","example":"{\"page\": 0 }"}}},"Alert":{"type":"object","properties":{"alertId":{"type":"integer","description":"Behavox internal Id for alerts"},"contentId":{"type":"string","description":"Behavox internal id for content","example":"lSnv3Q:E"},"creationDate":{"type":"string","description":"Alert creation datetime","format":"date-time"},"closingDate":{"type":"string","description":"Alert closing datetime","format":"date-time"},"alertName":{"type":"string","description":"Alert name","example":"Information Sharing Spanish"},"status":{"type":"string","description":"Alert status","example":"Created"},"category":{"type":"string","description":"Alert category","example":"Other"},"severity":{"type":"string","description":"Alert severity","example":"HIGHEST"},"ownerId":{"type":"integer","description":"Behavox user id of alert's assigned owner"},"level":{"type":"string","description":"Alert sharing level","example":"L1"},"resolution":{"type":"string","description":"Alert resolution","example":"NOT_ISSUE"},"creatorId":{"type":"integer","description":"Behavox user id of alert creator"},"participants":{"type":"array","description":"Participants involved in alert's content","items":{"$ref":"#/components/schemas/Person"}},"justifications":{"type":"array","items":{"type":"object","properties":{"text":{"type":"string","description":"Sentence from content flagged by alert","example":"This is an example of a sentence."},"riskCategory":{"type":"string","description":"Risk category for sentence","example":"Bullying"},"riskLevel1":{"type":"string","description":"Risk level 1 for sentence","example":"Belittlement and Humiliation"},"riskPolicy":{"type":"string","description":"Risk policy for sentence","example":"Excessive criticism"}}}}}},"Content":{"type":"object","properties":{"contentId":{"type":"string","description":"Behavox internal content ID","example":"lSnv3Q:E"},"dataType":{"type":"string","description":"Data type of content","example":"Email"},"alertIds":{"type":"array","description":"Behavox internal Alert ID associated with content","items":{"type":"integer"}},"date":{"type":"string","description":"Date content was created","format":"date-time"},"from":{"type":"array","items":{"$ref":"#/components/schemas/Person"}},"to":{"type":"array","items":{"$ref":"#/components/schemas/Person"}},"participants":{"type":"array","items":{"$ref":"#/components/schemas/Person"}},"artifacts":{"type":"array","items":{"type":"object","properties":{"type":{"type":"string","description":"Type of artifact","example":"Signature"},"text":{"type":"string","description":"Artifact source text","example":"Rod Hayslett Rod.Hayslett@enron.com 713-853-6178"},"fields":{"oneOf":[{"$ref":"#/components/schemas/Signature"},{"$ref":"#/components/schemas/Ticker"}]}}}},"features":{"type":"array","items":{"type":"object","properties":{"type":{"type":"string","description":"Type of feature","example":"EmailInUnusualTimeFeatureType"},"value":{"type":"string","description":"Feature value","example":"true"}}}}}},"Person":{"type":"object","properties":{"personId":{"type":"integer","description":"Behavox internal person ID","example":704525},"name":{"type":"string","description":"Name of person","example":"Phillip Allen"},"phone":{"type":"string","description":"Phone number of person","example":"tel:+17138536162"},"email":{"type":"string","description":"Email address of person","example":"phillip.allen@enron.com"},"company":{"type":"string","description":"Company name of person","example":"Enron"},"type":{"type":"string","description":"Person type","example":"Internal"},"monitored":{"type":"boolean","description":"Indicator for whether person is monitored"},"personGroups":{"type":"array","items":{"type":"string","example":"RandomSamplingGroup"}}}},"Signature":{"type":"object","properties":{"jobTitle":{"type":"string","description":"Job title","example":"Data QA Manager"},"emails":{"type":"string","description":"Email addresses","example":"Rod.Hayslett@enron.com"},"phoneNumbers":{"type":"string","description":"Phone numbers","example":"713-853-6178"},"personName":{"type":"string","description":"Person's name","example":"Rod Hayslett"},"organization":{"type":"string","description":"Organization name","example":"Rod Hayslett"},"language":{"type":"string","description":"Language of signature","example":"en"}}},"Ticker":{"type":"object","properties":{"ticker":{"type":"string","example":"att"},"instrumentType":{"type":"string","example":"eq"},"maturiry":{"type":"string","example":"2024/03/25"},"interestRate":{"type":"number","example":6.4}}},"PersonDetails":{"type":"object","properties":{"personId":{"type":"integer","description":"Behavox internal person ID","example":704525},"firstName":{"type":"string","description":"Person's first name","example":"Vance"},"lastName":{"type":"string","description":"Person's last name","example":"Hammer"},"type":{"type":"string","description":"Person type","example":"Internal"},"phone":{"type":"string","description":"Phone number of person","example":"813-653-9098"},"email":{"type":"string","description":"Email address of person","example":"vance.hammer@behavox.com"},"company":{"type":"string","description":"Company name of person","example":"Behavox"},"country":{"type":"string","description":"Country of person","example":"France"},"department":{"type":"string","description":"Department of person","example":"Technology"},"language":{"type":"string","description":"Language of person","example":"English"},"location":{"type":"string","description":"Location of person","example":"Paris"},"industry":{"type":"string","description":"Industry of person","example":"Foreign Money Center Banks"},"timezone":{"type":"string","description":"Timezone of person","example":"Central Time"},"creationDate":{"type":"string","description":"Date person was created in the system","format":"date-time"},"monitored":{"type":"boolean","description":"Indicator for whether person is monitored"},"personGroups":{"type":"array","items":{"type":"string","example":"RandomSamplingGroup"}}}},"Pagination":{"type":"object","properties":{"page":{"type":"integer","description":"Current page number of response","example":1},"limit":{"type":"integer","description":"Max number of items to return in a single page","example":1},"total":{"type":"integer","description":"Total number of items found","example":1}}}},"securitySchemes":{"bearerAuth":{"type":"http","scheme":"bearer"}}}}