{"openapi":"3.0.0","info":{"title":"Salesposting Mapping IRD","description":"This documentation outlines the mapping for ReSa tables with the sales posting generated from MAO. Sales posting details are consumed by Mule by subscribing to the GCP topic","version":"0.0.1"},"servers":[{"url":"https://virtserver.swaggerhub.com/sameershaik1996/MAO-ReSa/0.0.1","description":"SwaggerHub API Auto Mocking"}],"tags":[{"name":"Shipment-Sale"}],"paths":{"/mao-resa-salesposting/v1/manual/process":{"post":{"tags":["Shipment-Sale"],"description":"This is the mapping for Shipment sale flow","operationId":"shipmentSale","responses":{"200":{"description":"These are ReSa tables values represented as JSON, after the request is converted to required, refer Schema for the mapping","content":{"application/json":{"schema":{"$ref":"#/components/schemas/ReSa"}}}}}}}},"components":{"schemas":{"Salesposting":{"type":"object","properties":{"id":{"type":"integer","format":"int64"}}},"ReSa":{"type":"object","description":"__Header condition for shipment sale flow to insert data into ReSa tables__\n```\n  Order:Invoice:PublishStatus:PublishStatusId = Ready For Publishing  \n  AND Order:Invoice:InvoiceType:InvoiceTypeId = Shipment  \n  AND Order:ReturnLineCount = 0  \n  AND Order:Invoice:Status:StatusId = Closed  \n  AND Order:Ordertype:OrderTypeId != CreditOrder\n```\n"},"BELK_TRAN_HEAD_STG":{"type":"object","properties":{"STG_ID":{"type":"string","description":"DB sequence to be retrieved from ReSA DB: BELK_STG_ID_IN_OMF_SEQ"},"BUSINESS_DATE":{"type":"string","description":"SystemDateTime in EST format"},"LOCATION_NO":{"type":"string","description":"```\nif Order.OrgId==BELK.com then 888\nelse Blank\n\n```\n"},"REFRENCE_NO":{"type":"string","description":"NA"},"REGISTER":{"type":"string","description":"```\nHardcode 888\n```\n"},"TRANSACTION_DATETIME":{"type":"string","description":"```\n  Order.Invoice.CreatedTimestamp (convert from UTC to EST)\n```\n"},"TRANSACTION_NO":{"type":"string","description":"```\n  DB sequence to be retrieved from ReSA DB: BELK_STG_ID_IN_OMF_SEQ\n```\n"},"CASHIER":{"type":"string","description":"NA"},"SALESPERSON":{"type":"string","description":"```\n  if Order:OrderSalesAssociate[0]:AssociateId  not in('888' or '0888' or null){  \n    Order:OrderSalesAssociate[0]:AssociateId \n  }\n  else Hardcode to '0000019'\n\n```\n"},"TRANSACTION_TYPE":{"type":"string","description":"Hardcode to SALE"},"SUBTRANSACTION_TYPE":{"type":"string","description":"NA"},"ORIG_TRAN_NO":{"type":"string","description":"NA"},"REASON_CODE":{"type":"string","description":"NA"},"VENDOR_NUMBER":{"type":"string","description":"NA"},"VENDOR_INVOICE_NO":{"type":"string","description":"NA"},"PAYMENT_REFERENCE_NO":{"type":"string","description":"NA"},"PROOF_OF_DELIVERY_NO":{"type":"string","description":"NA"},"REFERENCE_NO_1":{"type":"string","description":"```\n  Order.Invoice.InvoiceId\n```\n"},"REFERENCE_NO_2":{"type":"string","description":"```\nif (Order:OrderLine:IsGiftCard = false AND Order:Invoice:PackageId = null)\nWHERE\n  Order:Invoice:InvoiceLine[0]:OrderLineId = Order:Orderline:OrderLineId \nthen\n  Order:Invoice:InvoiceLine[0]:ShipFromLocationId\nelse if ( Order:OrderLine:IsGiftCard = false AND Order:OrderLine:FulfillmentDetail:Extended:OriginType is null )\nWHERE\n  (Order:Invoice:InvoiceLine[0]:OrderLineId = Order:Orderline:OrderLineId AND Order:Invoice:PackageId = Order:OrderLine:FulfillmentDetail:PackageId)\nsend\n  Order:Invoice:InvoiceLine[0]:ShipFromLocationId\nELSE \n  888\n\nthen work down to corresponding OrderLine section\nThen use corresponding FulfillmentDetail\n\nNote - Remove leading zero from Store numbers\n\n\n```\n"}},"description":"This is the header table in ReSa"}}}}