{"openapi":"3.0.0","info":{"title":"API запросов на обновление данных","description":"Получение сайтом запросов из сервиса внешний взаимодействий и сервиса фоновых задач","termsOfService":"","contact":{"email":"info@rdv-it.ru"},"license":{"name":"Apache 2.0","url":"http://www.apache.org/licenses/LICENSE-2.0.html"},"version":"1.0.0"},"servers":[{"url":"https://virtserver.swaggerhub.com/Beluga/BitrixAPI/1.0.0","description":"SwaggerHub API Auto Mocking"},{"url":"https://env1.bx.beluga-dev.rdv-dev.ru/local/queue/v1","description":"Test environment 1"},{"url":"https://env2.bx.beluga-dev.rdv-dev.ru/local/queue/v1","description":"Test environment 2"},{"url":"https://env3.bx.beluga-dev.rdv-dev.ru/local/queue/v1","description":"Test environment 3"}],"tags":[{"name":"product","description":"Товары"},{"name":"facet","description":"Фасеты"},{"name":"order","description":"Заказы"},{"name":"distributor","description":"Дистрибьюторы"},{"name":"sale_point","description":"Торговые точки"},{"name":"credit_limit","description":"Кредитные лимиты"}],"paths":{"/sku_mt/":{"put":{"tags":["product"],"summary":"Обновления для SKU MT","description":"","operationId":"skuMtUpdate","requestBody":{"content":{"application/json":{"schema":{"type":"object","properties":{"skuMt":{"type":"array","description":"Массив объектов с данными о SKU MT","items":{"type":"object","properties":{"id":{"type":"string","description":"Идентификатор","example":"efb39eda-5cd5-11ec-b890-0050569dde91"},"code":{"type":"string","description":"Код","example":"232224719269314"},"name":{"type":"string","description":"Наименование","example":"Новая 1412"},"active":{"type":"boolean","description":"Пометка удаления отсутствует","example":true}}}}}}}},"required":true},"responses":{"200":{"description":"Данные успешно сохранены"},"400":{"description":"Ошибка сохранения данных"}}}},"/ek_sku/":{"put":{"tags":["product"],"summary":"Обновления для EK SKU","description":"","operationId":"ekSkuUpdate","requestBody":{"content":{"application/json":{"schema":{"type":"object","properties":{"ekSku":{"type":"array","description":"Массив объектов с данными о EK SKU","items":{"type":"object","properties":{"id":{"type":"string","description":"Идентификатор ЕК SKU","example":"763247c1-61b5-11ec-b87a-0050569dfc2a"},"sku_mt_id":{"type":"string","description":"Идентификатор SKU MT","example":"efb39eda-5cd5-11ec-b890-0050569dde91"},"brand_id":{"type":"string","description":"Идентификатор бренда","example":""},"taste_id":{"type":"string","description":"Идентификатор вкуса","example":""},"class_id":{"type":"string","description":"Идентификатор класса","example":""},"volume_id":{"type":"string","description":"Идентификатор объёма","example":""},"region_id":{"type":"string","description":"Идентификатор региона происхождения","example":""},"group_id":{"type":"string","description":"Идентификатор номенклатурной группы","example":""},"status_id":{"type":"string","description":"Идентификатор статуса","example":"647a3cab-bd33-11eb-ad3a-005056ac0aed"},"characteristics":{"type":"string","description":"Дегустационные характеристики","example":""},"alcohol":{"type":"integer","description":"Доля спирта","format":"int32","example":0},"gift":{"type":"boolean","description":"В подарочной упаковке","example":false},"active":{"type":"boolean","description":"Пометка удаления отсутствует","example":true},"deleted":{"type":"string","description":"Дата выбытия","example":"2021-12-28"}}}}}}}},"required":true},"responses":{"200":{"description":"Данные успешно сохранены"},"400":{"description":"Ошибка сохранения данных"}}}},"/ek_sku_brand/":{"put":{"tags":["product"],"summary":"Обновления информации о брендах","description":"","operationId":"ekSkuBrandUpdate","requestBody":{"content":{"application/json":{"schema":{"type":"object","properties":{"ekSkuBrand":{"type":"array","description":"Массив объектов с данными о брендах","items":{"type":"object","properties":{"id":{"type":"string","description":"Идентификатор","example":"f42b3f7d-8917-11e5-b9d3-005056ac0aed"},"brand_mt_id":{"type":"string","description":"Идентификатор бренда МТ","example":"722444ef-8917-11e5-b9d3-005056ac0aed"},"brand_tm_id":{"type":"string","description":"Идентификатор бренда ТМ","example":"317945fe-eb58-4858-a961-7726f6670ee2"},"name":{"type":"string","description":"Наименование бренда","example":"1812"}}}}}}}},"required":true},"responses":{"200":{"description":"Данные успешно сохранены"},"400":{"description":"Ошибка сохранения данных"}}}},"/ek_sku_group/":{"put":{"tags":["product"],"summary":"Обновления для номенклатурных групп","description":"","operationId":"ekSkuGroupUpdate","requestBody":{"content":{"application/json":{"schema":{"type":"object","properties":{"ekSkuGroup":{"type":"array","description":"Массив объектов с данными о номенклатурных группах","items":{"type":"object","properties":{"id":{"type":"string","description":"Идентификатор","example":"0fb2b873-5cd3-11ec-b890-0050569dde91"},"type_id":{"type":"string","description":"Идентификатор типа вина","example":""},"color_id":{"type":"string","description":"Идентификатор цвета","example":""},"name":{"type":"string","description":"Наименование группы","example":"Вино 1412"}}}}}}}},"required":true},"responses":{"200":{"description":"Данные успешно сохранены"},"400":{"description":"Ошибка сохранения данных"}}}},"/erp_item/":{"put":{"tags":["product"],"summary":"Обновления для номенклатуры ERP","description":"","operationId":"erpItemUpdate","requestBody":{"content":{"application/json":{"schema":{"type":"object","properties":{"erpItem":{"type":"array","description":"Массив объектов с данными о номенклатуре ERP","items":{"type":"object","properties":{"id":{"type":"string","description":"Идентификатор","example":"d89af09d-36a2-11e9-96df-005056ac0aed"},"ek_sku_id":{"type":"string","description":"Код ЕК SKU","example":"763247c1-61b5-11ec-b87a-0050569dfc2a"},"measure_id":{"type":"string","description":"Идентификатор базовой единицы измерения","example":""},"manufacturer_id":{"type":"string","description":"Идентификатор производителя","example":""},"country_id":{"type":"string","description":"Идентификатор страны производителя","example":""},"harvest_year":{"type":"integer","description":"Год урожая","format":"int32","example":1900},"strength":{"type":"integer","description":"Крепость","format":"int32","example":70}}}}}}}},"required":true},"responses":{"200":{"description":"Данные успешно сохранены"},"400":{"description":"Ошибка сохранения данных"}},"deprecated":true}},"/ek_package/":{"put":{"tags":["product"],"summary":"Обновления для справочника упаковок","description":"","operationId":"ekPackageUpdate","requestBody":{"content":{"application/json":{"schema":{"type":"object","properties":{"ekPackage":{"type":"array","description":"Массив объектов с данными об упаковках товаров","items":{"type":"object","properties":{"erp_item_id":{"type":"string","description":"Владелец","example":"d89af09d-36a2-11e9-96df-005056ac0aed"},"packages":{"type":"array","description":"Массив объектов с данными об упаковках","items":{"type":"object","properties":{"id":{"type":"string","description":"Идентификатор","example":"ca7c38d1-1f7d-11ec-aaa1-005056041a72"},"name":{"type":"string","description":"Наименование","example":"Палетта"},"numerator":{"type":"integer","description":"Числитель","format":"int32","example":720},"denominator":{"type":"integer","description":"Знаменатель","format":"int32","example":1},"active":{"type":"boolean","description":"Пометка удаления отсутствует","example":true}}}}}}}}}}},"required":true},"responses":{"200":{"description":"Данные успешно сохранены"},"400":{"description":"Ошибка сохранения данных"}}}},"/photos/":{"put":{"tags":["product"],"summary":"Обновления фото товаров","description":"","operationId":"photosUpdate","requestBody":{"content":{"application/json":{"schema":{"type":"object","properties":{"rows":{"type":"array","description":"Массив объектов с данными о фото товаров","items":{"type":"object","properties":{"sku_mt_id":{"type":"string","description":"Идентификатор SKU MT","example":"efb39eda-5cd5-11ec-b890-0050569dde91"},"target_id":{"type":"string","description":"Идентификатор назначения (для фильтрации)","example":"efb39eda-5cd5-11ec-b890-0050569dde91"},"url":{"type":"string","description":"Ссылка на файл","example":"\\\\beluga.group\\DFS\\Data\\NSI-Foto\\ЕК_SKU\\232224719252011154\\000000002.jpg"}}}}}}}},"required":true},"responses":{"200":{"description":"Данные успешно сохранены"},"400":{"description":"Ошибка сохранения данных"}}}},"/reference/":{"put":{"tags":["product"],"summary":"Обновления для прочих справочников","description":"","operationId":"referenceUpdate","requestBody":{"content":{"application/json":{"schema":{"type":"object","properties":{"data":{"type":"array","description":"Массив объектов с данными о записях справочников","items":{"type":"object","properties":{"reference_code":{"type":"string","description":"Код справочника","example":"taste"},"rows":{"type":"array","description":"Массив объектов с данными о записях справочника","items":{"type":"object","properties":{"id":{"type":"string","description":"Идентификатор","example":"7bc36198-5cd4-11ec-b890-0050569dde91"},"name":{"type":"string","description":"Наименование","example":"вино ПП"}}}}}}}}}}},"required":true},"responses":{"200":{"description":"Данные успешно сохранены"},"400":{"description":"Ошибка сохранения данных"}}}},"/update_facet/":{"post":{"tags":["facet"],"summary":"Обновление фасетного индекса у товара","description":"","operationId":"facetUpdate","requestBody":{"content":{"application/json":{"schema":{"type":"object","properties":{"product_code":{"type":"string","description":"Внешний код товара","example":"7bc36198-5cd4-11ec-b890-0050569dde91"}}}}},"required":true},"responses":{"200":{"description":"Данные успешно получены"},"400":{"description":"Неправильный набор параметров"}}}},"/update_order/":{"post":{"tags":["order"],"summary":"Изменения по заказам","description":"","operationId":"orderReceive","requestBody":{"content":{"application/json":{"schema":{"type":"object","properties":{"guid":{"type":"string","description":"Идентификатор","example":"96ce17d7-66d6-11ec-a6d9-005056b38f20"},"unloading_point":{"type":"object","properties":{"guid":{"type":"string","description":"Идентификатор","example":"8226adbe-a734-11eb-a5d5-005056b38f20"}},"description":"алкПунктРазгрузки"},"currency":{"type":"object","properties":{"code":{"type":"string","description":"Код","example":"643"},"guid":{"type":"string","description":"Идентификатор","example":"848fb219-cf82-11df-bb7c-005056ac286c"}},"description":"ВалютаДокумента"},"delivery_date":{"type":"string","description":"ДатаДоставки","example":"2021-12-28T17:00:00"},"quantity":{"type":"integer","description":"КоличествоТоваров","format":"int32","example":53},"payment_date":{"type":"string","description":"ПлановыйСрокОплаты","example":"2022-02-02T00:00:00"},"store":{"type":"object","properties":{"guid":{"type":"string","description":"Идентификатор","example":"b7a172c8-c6f8-11e8-ae93-005056ac0aed"}},"description":"СкладГруппа"},"status":{"type":"string","description":"СтатусЗаказа","example":"Принят"},"total_sum":{"type":"number","description":"СуммаДокумента","example":27399.45},"price_type":{"type":"object","properties":{"guid":{"type":"string","description":"Идентификатор","example":"b70a7fc3-45c6-11eb-a556-005056b38f20"}},"description":"ТипЦен"},"products":{"type":"array","description":"Товары","items":{"type":"object","properties":{"quantity":{"type":"integer","description":"Количество","format":"int32","example":6},"nomenclature":{"type":"object","properties":{"guid":{"type":"string","description":"Идентификатор","example":"31839cb-c9f4-11eb-a601-005056b38f20"}},"description":"Номенклатура"},"sku_mt":{"type":"object","properties":{"code":{"type":"string","description":"Код","example":"232224719263604"},"guid":{"type":"string","description":"Идентификатор","example":"31839cb-c9f4-11eb-a601-005056b38f20"}},"description":"СкюМТ"},"price":{"type":"number","description":"ЦенаБазЕдСоСкидкой","example":328.8}}}}}}}},"required":true},"responses":{"200":{"description":"Данные успешно получены"},"400":{"description":"Ошибка получения данных"}}}},"/update_order_ttn/":{"post":{"tags":["order"],"summary":"Получение ТТН заказами","description":"","operationId":"orderTTNReceive","requestBody":{"content":{"application/json":{"schema":{"type":"object","properties":{"rows":{"type":"array","description":"Массив объектов с данными о ТТН для заказов","items":{"type":"object","properties":{"order_id":{"type":"string","description":"Идентификатор заказа","example":"e3f85e11-3515-4cdf-b8b3-79c8a0087668"},"ttn":{"type":"string","description":"Номер ТТН","example":"BMK2\\023211"}}}}}}}},"required":true},"responses":{"200":{"description":"Данные успешно получены"},"400":{"description":"Ошибка получения данных"}}}},"/update_order_payment/":{"post":{"tags":["order"],"summary":"Получение оплат заказами","description":"","operationId":"orderPaymentReceive","requestBody":{"content":{"application/json":{"schema":{"type":"object","properties":{"rows":{"type":"array","description":"Массив объектов с данными об оплатах заказов","items":{"type":"object","properties":{"order_id":{"type":"string","description":"Идентификатор заказа","example":"e3f85e11-3515-4cdf-b8b3-79c8a0087668"},"paid":{"description":"Сумма оплаты заказа","format":"float","example":555.55}}}}}}}},"required":true},"responses":{"200":{"description":"Данные успешно получены"},"400":{"description":"Ошибка получения данных"}}}},"/distributor/":{"post":{"tags":["distributor"],"summary":"Добавление/удаление дистрибьютора","description":"","operationId":"distributorUpdate","requestBody":{"content":{"application/json":{"schema":{"type":"array","description":"Массив дистрибьюторов","items":{"type":"object","properties":{"tiker":{"type":"string","description":"Идентификатор (тикер БЕ)","example":"BMP"},"guid":{"type":"string","description":"Идентификатор (guid)","example":"a03b98bf-54f4-11e0-9cff-d8d385e5ec03"},"code":{"type":"string","description":"Код","example":"000000235"},"name":{"type":"string","description":"Наименование","example":"Белуга Маркет Пермь (ex Синергия Маркет Пермь)"}}}}}},"required":true},"responses":{"200":{"description":"Данные успешно получены","content":{"application/json":{"schema":{"$ref":"#/components/schemas/Response"}}}},"400":{"description":"Неправильный набор параметров | Входящие данные не являются массивом","content":{"application/json":{"schema":{"$ref":"#/components/schemas/Response"}}}}}}},"/sale_point/":{"post":{"tags":["sale_point"],"summary":"Добавление/удаление торговой точки","description":"","operationId":"salePointUpdate","requestBody":{"content":{"application/json":{"schema":{"type":"array","description":"Массив торговых точек","items":{"type":"object","properties":{"code":{"type":"string","description":"Код торговой точки","example":"000361251"},"name":{"type":"string","description":"Наименование","example":"Гайнылес (Гайны, Советская, 33)"},"fullName":{"type":"string","description":"Полное наименование","example":"Гайнылес (Гайны, Советская, 33)"},"legalAddress":{"type":"string","description":"Юридический адрес","example":"619650, Пермский край, Гайнский р-н, Гайны п, Кашина ул, дом № 49"},"actualAddress":{"type":"string","description":"Адрес доставки (Фактический адрес)","example":"619650, Пермский край, Гайнский р-н, Гайны п, Советская ул, дом № 33"},"notWork":{"type":"boolean","description":"Признак \"Не работает\"","example":false},"isTT":{"type":"boolean","description":"Признак \"Это ТТ\"","example":true},"isLegalEntity":{"type":"boolean","description":"Признак \"Это юр. лицо\"","example":false},"counterparty":{"type":"object","properties":{"inn":{"type":"string","description":"ИНН","example":"5981002679"},"kpp":{"type":"string","description":"КПП","example":"598101001"}}},"contract":{"type":"object","properties":{"number":{"type":"string","description":"Номер договора","example":"1618-18"},"date":{"type":"string","description":"Дата заключения договора","example":"2020-01-03"}}}}}}}},"required":true},"responses":{"200":{"description":"Данные успешно получены","content":{"application/json":{"schema":{"$ref":"#/components/schemas/Response"}}}},"400":{"description":"Неправильный набор параметров | Входящие данные не являются массивом","content":{"application/json":{"schema":{"$ref":"#/components/schemas/Response"}}}}}}},"/credit_limit/":{"post":{"tags":["credit_limit"],"summary":"Добавление/удаление торговой точки","description":"","operationId":"creditLimitUpdate","requestBody":{"content":{"application/json":{"schema":{"type":"array","description":"Массив торговых кредитных лимитов","items":{"type":"object","properties":{"salePoint":{"type":"string","description":"Код торговой точки","example":"000361251"},"creditLimit":{"type":"object","properties":{"value":{"type":"number","description":"Сумма кредитного лимита (по договору)","format":"float","example":555.55},"term":{"type":"integer","description":"Срок кредита в днях","format":"int32","example":5},"excessAllowed":{"type":"boolean","description":"Разрешено превышение срока кредита или нет","example":true}}}}}}}},"required":true},"responses":{"200":{"description":"Данные успешно получены","content":{"application/json":{"schema":{"$ref":"#/components/schemas/Response"}}}},"400":{"description":"Неправильный набор параметров | Входящие данные не являются массивом","content":{"application/json":{"schema":{"$ref":"#/components/schemas/Response"}}}}}}},"/update_actions/":{"put":{"tags":["actions"],"summary":"Добавление/обновление акций","description":"","operationId":"actions","requestBody":{"content":{"application/json":{"schema":{"type":"object","properties":{"rows":{"type":"array","description":"Массив акций","items":{"type":"object","properties":{"code":{"type":"string","description":"Идентификатор акции","example":"8226adbe-a734-11eb-a5d5-005056b38f20"},"title":{"type":"string","description":"Наименование акции","example":"Зимние скидки"},"priority":{"type":"integer","description":"Приоритет","format":"int32","example":500},"begin_at":{"type":"string","description":"Дата начала акции","example":"2021-12-28T17:00:00"},"finish_at":{"type":"string","description":"Дата окончания акции","example":"2022-12-28T17:00:00"}}}}}}}},"required":true},"responses":{"200":{"description":"Данные успешно получены"},"400":{"description":"Неправильный набор параметров | Входящие данные не являются массивом"}}}}},"components":{"schemas":{"Response":{"type":"object","properties":{"status":{"type":"boolean","description":"Статус выполненного дейстия","example":false},"statuses":{"type":"object","description":"Стутусы добавления/обновления сущностей","example":{"a03b98bf-54f4-11e0-9cff-d8d385e5ec03":true,"a13c98ba-44ce-00a1-c5ce-5e5d801d38ec":false}},"errors":{"type":"array","description":"Массив ошибок","items":{"type":"string","example":"Входящие данные не являются массивом"}}}}}}}