{"openapi":"3.0.0","info":{"title":"ULS","description":"get and edit device id for particular app and user","version":"get_device_id_1.0"},"servers":[{"url":"https://virtserver.swaggerhub.com/Benjamin9/get_device_id/get_device_id_1.0","description":"SwaggerHub API Auto Mocking"},{"url":"https://thoughtcastowners.com/api/v1","description":"Domain Live url"}],"paths":{"/get_app_deviceid":{"description":"this device_id","post":{"description":"we can fetch the device id for the specific user and app.","parameters":[{"name":"authemail","in":"header","required":true,"style":"simple","explode":false,"schema":{"type":"string","example":"example@gmail.com"}},{"name":"apikey","in":"header","required":true,"style":"simple","explode":false,"schema":{"type":"string","example":"07b5bbe615ed39166d435f6c52340201"}}],"requestBody":{"content":{"application/json":{"schema":{"type":"object","properties":{"email":{"type":"string","example":"mv@gmail.com"},"password":{"type":"string","example":"Base64 Encoded Password"},"appId":{"type":"string","example":"1639736203849"}}}}}},"responses":{"200":{"description":"success","content":{"application/json":{"schema":{"type":"object","properties":{"data":{"type":"object","example":{}},"success":{"type":"boolean","example":true}}}}}},"400":{"description":"fail","content":{"application/json":{"schema":{"type":"object","properties":{"error":{"type":"string","example":"error message"},"success":{"type":"boolean","example":false}}}}}}}}},"/edit_app_details":{"description":"edit app and feature details","post":{"description":"we can update the device id for the specific user and app.","parameters":[{"name":"authemail","in":"header","required":true,"style":"simple","explode":false,"schema":{"type":"string","example":"example@gmail.com"}},{"name":"apikey","in":"header","required":true,"style":"simple","explode":false,"schema":{"type":"string","example":"07b5bbe615ed39166d435f6c52340201"}}],"requestBody":{"content":{"application/json":{"schema":{"type":"object","properties":{"email":{"type":"string","example":"mv@gmail.com"},"appId":{"type":"string","example":"appId"},"deviceId":{"type":"string","example":"asdsdaffdsafds"}}}}}},"responses":{"200":{"description":"success","content":{"application/json":{"schema":{"type":"object","properties":{"message":{"type":"string","example":"success message"},"success":{"type":"boolean","example":true}}}}}},"400":{"description":"fail","content":{"application/json":{"schema":{"type":"object","properties":{"error":{"type":"string","example":"error message"},"success":{"type":"boolean","example":false}}}}}}}}},"/verify_user":{"description":"verify user","post":{"description":"we can verify user for the specific user and app.","parameters":[{"name":"authemail","in":"header","required":true,"style":"simple","explode":false,"schema":{"type":"string","example":"example@gmail.com"}},{"name":"apikey","in":"header","required":true,"style":"simple","explode":false,"schema":{"type":"string","example":"07b5bbe615ed39166d435f6c52340201"}}],"requestBody":{"content":{"application/json":{"schema":{"type":"object","properties":{"email":{"type":"string","example":"mv@gmail.com"},"password":{"type":"string","example":"Base64 Encoded Password"}}}}}},"responses":{"200":{"description":"success","content":{"application/json":{"schema":{"type":"object","properties":{"data":{"type":"object","example":{"message":"success"}},"success":{"type":"boolean","example":true}}}}}},"400":{"description":"fail","content":{"application/json":{"schema":{"type":"object","properties":{"error":{"type":"string","example":"error message"},"success":{"type":"boolean","example":false}}}}}}}}},"/get_active_products":{"description":"get active product for user","post":{"description":"if you give only product id than return all the active feature of perticular app, if you give feature id then return that active feature from the perticular user, if you give both then api will execute fast(reduce the time of search)","parameters":[{"name":"authemail","in":"header","required":true,"style":"simple","explode":false,"schema":{"type":"string","example":"example@gmail.com"}},{"name":"apikey","in":"header","required":true,"style":"simple","explode":false,"schema":{"type":"string","example":"07b5bbe615ed39166d435f6c52340201"}}],"requestBody":{"content":{"application/json":{"schema":{"type":"object","properties":{"email":{"type":"string","example":"vatsal.igeek@gmail.com"},"product_id":{"type":"string","example":"ProductId"},"feature_id":{"type":"string","example":"FeatureId"},"app_id":{"type":"string","example":"appId"},"password":{"type":"string","example":"Base64 Encoded Password"}}}}}},"responses":{"200":{"description":"success","content":{"application/json":{"schema":{"type":"object","properties":{"apps":{"type":"array","example":[{"id":"appId","launches_since_activation":20,"active":true,"last_used":"2022-02-11T12:50:51.204Z","deviceId":"123","title":"App 1"}],"items":{"type":"object","properties":{"id":{"type":"string"},"title":{"type":"string"},"last_used":{"type":"string"},"launches_since_activation":{"type":"number"},"active":{"type":"boolean"},"deviceId":{"type":"string"}}}},"features":{"type":"array","example":[{"id":"appId","launches_since_activation":20,"active":true,"last_used":"2022-02-11T12:50:51.204Z","title":"App 1"}],"items":{"type":"object","properties":{"id":{"type":"string"},"title":{"type":"string"},"last_used":{"type":"string"},"launches_since_activation":{"type":"number"},"active":{"type":"boolean"}}}},"success":{"type":"boolean","example":true}}}}}},"400":{"description":"fail","content":{"application/json":{"schema":{"type":"object","properties":{"error":{"type":"string","example":"error message"},"success":{"type":"boolean","example":false}}}}}}}}},"/check_subscription":{"description":"verify user","post":{"description":"we can verify user for the specific user and app.","parameters":[{"name":"authemail","in":"header","required":true,"style":"simple","explode":false,"schema":{"type":"string","example":"example@gmail.com"}},{"name":"apikey","in":"header","required":true,"style":"simple","explode":false,"schema":{"type":"string","example":"07b5bbe615ed39166d435f6c52340201"}}],"requestBody":{"content":{"application/json":{"schema":{"type":"object","properties":{"email":{"type":"string","example":"mv@gmail.com"},"password":{"type":"string","example":"Base64 Encoded Password"}}}}}},"responses":{"200":{"description":"success","content":{"application/json":{"schema":{"type":"object","properties":{"subscription_active":{"type":"boolean","example":false},"success":{"type":"boolean","example":true}}}}}},"400":{"description":"fail","content":{"application/json":{"schema":{"type":"object","properties":{"error":{"type":"string","example":"error message"},"success":{"type":"boolean","example":false}}}}}}}}},"/send_password_reset_email":{"description":"send email to reset password of user","post":{"description":"api will generate token for reset password and send link to registered user.","parameters":[{"name":"authemail","in":"header","required":true,"style":"simple","explode":false,"schema":{"type":"string","example":"example@gmail.com"}},{"name":"apikey","in":"header","required":true,"style":"simple","explode":false,"schema":{"type":"string","example":"07b5bbe615ed39166d435f6c52340201"}}],"requestBody":{"content":{"application/json":{"schema":{"type":"object","properties":{"email":{"type":"string","example":"mv@gmail.com"}}}}}},"responses":{"200":{"description":"success","content":{"application/json":{"schema":{"type":"object","properties":{"data":{"type":"string","example":"Mail send successfully"},"success":{"type":"boolean","example":true}}}}}},"400":{"description":"fail","content":{"application/json":{"schema":{"type":"object","properties":{"error":{"type":"string","example":"User not found"},"success":{"type":"boolean","example":false}}}}}}}}}}}