{"openapi":"3.0.0","info":{"title":"CourseEveywhere","description":"An Api to let one access study programs","version":"1.0.0"},"servers":[{"url":"https://virtserver.swaggerhub.com/Bennys-Quarter/TestAPI2/1.0.0","description":"SwaggerHub API Auto Mocking"}],"paths":{"/program":{"get":{"tags":["Program"],"summary":"Finds all registererd Programs","description":"Returns a list of programs","responses":{"200":{"description":"Successfully returned a list of programs","content":{"application/json":{"schema":{"$ref":"#/components/schemas/Program"}}}},"404":{"description":"No Programs available"}}},"post":{"tags":["Program"],"summary":"Creates a new program","requestBody":{"content":{"application/json":{"schema":{"$ref":"#/components/schemas/Program"}}},"required":true},"responses":{"201":{"description":"Ok Added"},"405":{"description":"Invalid input","content":{"application/json":{"schema":{"type":"object","properties":{"message":{"type":"string"}}}}}},"409":{"description":"Program with specified Semester or courses already exist","content":{"application/json":{"schema":{"type":"object","properties":{"message":{"$ref":"#/components/schemas/Program"}}}}}}}}},"/program/findProgram":{"get":{"tags":["Program"],"summary":"Finds a specific Program","parameters":[{"name":"Program","in":"query","description":"Search for specific Program","required":true,"style":"form","explode":true,"schema":{"type":"string"}},{"name":"Semester","in":"query","description":"Specify semester. Leaf empty to see program courses for all semesters.","required":false,"style":"form","explode":true,"schema":{"type":"string"}}],"responses":{"200":{"description":"Successfully returned program","content":{"application/json":{"schema":{"$ref":"#/components/schemas/Program"}}}},"404":{"description":"Program not found"},"405":{"description":"Invalid input","content":{"application/json":{"schema":{"type":"object","properties":{"message":{"type":"string"}}}}}}}}},"/program/{ProgramName}":{"put":{"tags":["Program"],"summary":"Add Course to exisiting Program","parameters":[{"name":"ProgramName","in":"path","description":"Specify Program","required":true,"style":"simple","explode":false,"schema":{"type":"string"}},{"name":"Semester","in":"query","description":"Specify semester. Leaf empty to add course to the lates semester available for this program.","required":false,"style":"form","explode":true,"schema":{"type":"string"}}],"requestBody":{"content":{"application/json":{"schema":{"$ref":"#/components/schemas/Courses"}}},"required":true},"responses":{"400":{"description":"Invalid Program Name"},"404":{"description":"Program not found"},"405":{"description":"Invalid input","content":{"application/json":{"schema":{"type":"object","properties":{"message":{"type":"string"}}}}}},"409":{"description":"CourseID already exists","content":{"application/json":{"schema":{"type":"object","properties":{"message":{"type":"string"}}}}}}}}}},"components":{"schemas":{"Program":{"required":["Courses","Program","Semester"],"type":"object","properties":{"Program":{"type":"string","example":"Computer-Science"},"Semester":{"type":"string","example":"SS20"},"Courses":{"type":"array","example":[{"name":"Algoritms","type":"VO","etcs":2,"courseID":123234},{"name":"Algebra","type":"VO","etcs":6,"courseID":213358}],"items":{"$ref":"#/components/schemas/Courses"}}}},"Courses":{"required":["courseID","etcs","name","type"],"type":"object","properties":{"name":{"type":"string"},"type":{"type":"string"},"etcs":{"type":"integer"},"courseID":{"type":"integer"}}}}}}