{"openapi":"3.0.0","info":{"title":"GaaS Tenant API","description":"The API fronting TickSmith's GaaS Tenant Database.\n","contact":{"email":"paul.lalonde@ticksmith.com"},"license":{"name":"proprietary"},"version":"1.9.0"},"servers":[{"url":"https://virtserver.swaggerhub.com/le_paul_lalonde/gaas-tenant-api/1.8.0","description":"SwaggerHub API Auto Mocking"},{"url":"https://virtserver.swaggerhub.com/le_paul_lalonde/gaas-tenant-service/0.1.0","description":"SwaggerHub API Auto Mocking"}],"tags":[{"name":"Cells","description":"Operations pertaining to cells."},{"name":"Domain Names","description":"Operations pertaining to domain names."},{"name":"Tenants","description":"Operations pertaining to tenants."}],"paths":{"/v1/tenants":{"get":{"tags":["Tenants"],"summary":"Returns all Tenants.","operationId":"listTenants","parameters":[{"name":"includeDeleted","in":"query","description":"If present, return soft-deleted Tenant objects in addition to the others. Normally, soft-deleted tenants are not returned.","required":false,"style":"form","explode":true,"schema":{"type":"boolean"}},{"name":"includeEphemeral","in":"query","description":"If present, return ephemeral Tenant objects in addition to the others. Normally, ephemeral tenants are not returned.","required":false,"style":"form","explode":true,"schema":{"type":"boolean"}},{"name":"region","in":"query","description":"If present, only return the Tenant objects in the given region","required":false,"style":"form","explode":true,"schema":{"$ref":"#/components/schemas/RegionId"}},{"name":"limit","in":"query","description":"The maximum number of items to return","required":false,"style":"form","explode":true,"schema":{"type":"integer"}},{"name":"token","in":"query","description":"The token to use when fetching the next page of items.","required":false,"style":"form","explode":true,"schema":{"minLength":1,"type":"string"}}],"responses":{"200":{"description":"The list of Tenant objects.","content":{"application/json":{"schema":{"$ref":"#/components/schemas/TenantSummaryList"}}}},"401":{"description":"Authentication failure"},"403":{"description":"Authorization failure"}},"security":[{"v2":["read:tenants"]}]},"post":{"tags":["Tenants"],"summary":"Creates a Tenant.","operationId":"createTenant","parameters":[{"name":"generateSubdomain","in":"query","description":"Should the API auto-generate a unique subdomain ?","required":false,"style":"form","explode":true,"schema":{"type":"boolean"}}],"requestBody":{"description":"If the `generateSubdomain` query parameter is `true`, then the following properties on the incoming PostTenant are overwritten, and may be omitted:\n* `subdomain`\n","content":{"application/json":{"schema":{"$ref":"#/components/schemas/InputTenant"}}},"required":true},"responses":{"201":{"description":"The newly created Tenant object.","headers":{"Location":{"description":"The URL of the newly created Tenant object.","style":"simple","explode":false,"schema":{"type":"string","format":"uri"}}},"content":{"application/json":{"schema":{"$ref":"#/components/schemas/Tenant"}}}},"400":{"description":"Invalid request"},"401":{"description":"Authentication failure"},"403":{"description":"Authorization failure"},"409":{"description":"The given Tenant object already exists."}},"security":[{"v2":["create:tenants"]}]}},"/v1/tenants/{tid}":{"get":{"tags":["Tenants"],"summary":"Returns a specific Tenant.","operationId":"getTenant","parameters":[{"name":"tid","in":"path","description":"The tenant's unique identifier.","required":true,"style":"simple","explode":false,"schema":{"$ref":"#/components/schemas/TenantId"}}],"responses":{"200":{"description":"The requested Tenant object.","content":{"application/json":{"schema":{"$ref":"#/components/schemas/Tenant"}}}},"401":{"description":"Authentication failure"},"403":{"description":"Authorization failure"},"404":{"description":"Unknown tenant"}},"security":[{"v2":["read:tenants"]}]},"delete":{"tags":["Tenants"],"summary":"Soft-deletes a Tenant.","operationId":"deleteTenant","parameters":[{"name":"tid","in":"path","description":"The tenant's unique identifier.","required":true,"style":"simple","explode":false,"schema":{"$ref":"#/components/schemas/TenantId"}}],"responses":{"204":{"description":"The Tenant was successfully deleted."},"400":{"description":"Bad request"},"401":{"description":"Authentication failure"},"403":{"description":"Authorization failure"},"404":{"description":"Unknown tenant"}},"security":[{"v2":["delete:tenants"]}]}},"/v1/tenants/{tid}/cell":{"put":{"tags":["Tenants"],"summary":"Sets a Tenant's Cell.","operationId":"putTenantCell","parameters":[{"name":"tid","in":"path","description":"The tenant's unique identifier.","required":true,"style":"simple","explode":false,"schema":{"$ref":"#/components/schemas/TenantId"}},{"name":"cell","in":"query","description":"The Tenant object's new cell.","required":true,"style":"form","explode":true,"schema":{"$ref":"#/components/schemas/CellId"}}],"responses":{"200":{"description":"OK."},"400":{"description":"Bad request"},"401":{"description":"Authentication failure"},"403":{"description":"Authorization failure"},"404":{"description":"Unknown tenant"}},"security":[{"v2":["update:tenant_cell"]}]},"delete":{"tags":["Tenants"],"summary":"Remove a Tenant's Cell.","operationId":"deleteTenantCell","parameters":[{"name":"tid","in":"path","description":"The tenant's unique identifier.","required":true,"style":"simple","explode":false,"schema":{"$ref":"#/components/schemas/TenantId"}}],"responses":{"204":{"description":"OK."},"400":{"description":"Bad request"},"401":{"description":"Authentication failure"},"403":{"description":"Authorization failure"},"404":{"description":"Unknown tenant"},"409":{"description":"Conflict with provisioning status"}},"security":[{"v2":["delete:tenant_cell"]}]}},"/v1/tenants/{tid}/domains":{"get":{"tags":["Domain Names"],"summary":"Returns the domain names for a Tenant.","operationId":"listDomains","parameters":[{"name":"tid","in":"path","description":"The tenant's unique identifier.","required":true,"style":"simple","explode":false,"schema":{"$ref":"#/components/schemas/TenantId"}}],"responses":{"200":{"description":"The Tenant's domain names'.","content":{"application/json":{"schema":{"$ref":"#/components/schemas/DomainNameArray"}}}},"400":{"description":"Bad request"},"401":{"description":"Authentication failure"},"403":{"description":"Authorization failure"},"404":{"description":"Unknown tenant"}},"security":[{"v2":["read:tenant_domains"]}]},"post":{"tags":["Domain Names"],"summary":"Registers a custom domain name for a Tenant.","operationId":"createDomain","parameters":[{"name":"tid","in":"path","description":"The tenant's unique identifier.","required":true,"style":"simple","explode":false,"schema":{"$ref":"#/components/schemas/TenantId"}}],"requestBody":{"description":"The custom domain information.","content":{"application/json":{"schema":{"$ref":"#/components/schemas/InputDomainName"}}},"required":true},"responses":{"201":{"description":"The newly created Tenant object.","headers":{"Location":{"description":"The URL of the newly created Tenant object.","style":"simple","explode":false,"schema":{"type":"string","format":"uri"}}},"content":{"application/json":{"schema":{"$ref":"#/components/schemas/Tenant"}}}},"400":{"description":"Bad request"},"401":{"description":"Authentication failure"},"403":{"description":"Authorization failure"},"404":{"description":"Unknown tenant"}},"security":[{"v2":["create:tenant_domains"]}]}},"/v1/tenants/{tid}/domains/{did}":{"get":{"tags":["Domain Names"],"summary":"Returns a specific domain name for a Tenant.","operationId":"getDomain","parameters":[{"name":"tid","in":"path","description":"The tenant's unique identifier.","required":true,"style":"simple","explode":false,"schema":{"$ref":"#/components/schemas/TenantId"}},{"name":"did","in":"path","description":"The domain name's unique identifier.","required":true,"style":"simple","explode":false,"schema":{"$ref":"#/components/schemas/DomainNameId"}}],"responses":{"200":{"description":"The newly created Tenant object.","content":{"application/json":{"schema":{"type":"array","items":{"$ref":"#/components/schemas/DomainName"}}}}},"400":{"description":"Bad request"},"401":{"description":"Authentication failure"},"403":{"description":"Authorization failure"},"404":{"description":"Unknown tenant"}},"security":[{"v2":["read:tenant_domains"]}]},"delete":{"tags":["Domain Names"],"summary":"Deletes a specific domain name for a Tenant.","operationId":"deleteDomain","parameters":[{"name":"tid","in":"path","description":"The tenant's unique identifier.","required":true,"style":"simple","explode":false,"schema":{"$ref":"#/components/schemas/TenantId"}},{"name":"did","in":"path","description":"The domain name's unique identifier.","required":true,"style":"simple","explode":false,"schema":{"$ref":"#/components/schemas/DomainNameId"}}],"responses":{"204":{"description":"The domain name was successfully deleted."},"400":{"description":"Bad request"},"401":{"description":"Authentication failure"},"403":{"description":"Authorization failure"},"404":{"description":"Unknown tenant"}},"security":[{"v2":["delete:tenant_domains"]}]}},"/v1/tenants/{tid}/domains/{did}/primary":{"put":{"tags":["Domain Names"],"summary":"Marks the given domain name as being the tenant's primary domain name.","operationId":"setPrimaryDomain","parameters":[{"name":"tid","in":"path","description":"The tenant's unique identifier.","required":true,"style":"simple","explode":false,"schema":{"$ref":"#/components/schemas/TenantId"}},{"name":"did","in":"path","description":"The domain name's unique identifier.","required":true,"style":"simple","explode":false,"schema":{"$ref":"#/components/schemas/DomainNameId"}}],"responses":{"200":{"description":"OK."},"400":{"description":"Bad request"},"401":{"description":"Authentication failure"},"403":{"description":"Authorization failure"},"404":{"description":"Unknown tenant"}},"security":[{"v2":["update:tenant_primary_domain"]}]}},"/v1/tenants/{tid}/ingestion":{"put":{"tags":["Tenants"],"summary":"Sets the ingestion information for a Tenant.","operationId":"putTenantIngestion","parameters":[{"name":"tid","in":"path","description":"The tenant's unique identifier.","required":true,"style":"simple","explode":false,"schema":{"$ref":"#/components/schemas/TenantId"}}],"requestBody":{"description":"The tenant's ingestion information.","content":{"application/json":{"schema":{"$ref":"#/components/schemas/InputIngestion"}}},"required":true},"responses":{"200":{"description":"OK."},"400":{"description":"Bad request"},"401":{"description":"Authentication failure"},"403":{"description":"Authorization failure"},"404":{"description":"Unknown tenant"}},"security":[{"v2":["update:tenant_ingestion"]}]},"delete":{"tags":["Tenants"],"summary":"Clears the ingestion information for a Tenant.","operationId":"deleteTenantIngestion","parameters":[{"name":"tid","in":"path","description":"The tenant's unique identifier.","required":true,"style":"simple","explode":false,"schema":{"$ref":"#/components/schemas/TenantId"}}],"responses":{"204":{"description":"The ingestion information was successfully deleted."},"400":{"description":"Bad request"},"401":{"description":"Authentication failure"},"403":{"description":"Authorization failure"},"404":{"description":"Unknown tenant"}},"security":[{"v2":["delete:tenant_ingestion"]}]}},"/v1/tenants/{tid}/terraform-outputs":{"get":{"tags":["Tenants"],"summary":"Returns the Terraform outputs of a Tenant.","operationId":"getTenantOutputs","parameters":[{"name":"tid","in":"path","description":"The tenant's unique identifier.","required":true,"style":"simple","explode":false,"schema":{"$ref":"#/components/schemas/TenantId"}}],"responses":{"200":{"description":"The requested outputs.","content":{"application/json":{"schema":{"type":"object"}}}},"401":{"description":"Authentication failure"},"403":{"description":"Authorization failure"},"404":{"description":"Unknown tenant"}},"security":[{"v2":["read:tenant_outputs"]}]},"put":{"tags":["Tenants"],"summary":"Sets the Terraform outputs of a Tenant.","operationId":"putTenantOutputs","parameters":[{"name":"tid","in":"path","description":"The tenant's unique identifier.","required":true,"style":"simple","explode":false,"schema":{"$ref":"#/components/schemas/TenantId"}}],"requestBody":{"description":"The tenant's new Terraform outputs.","content":{"application/json":{"schema":{"type":"object"}}},"required":true},"responses":{"200":{"description":"OK."},"400":{"description":"Bad request"},"401":{"description":"Authentication failure"},"403":{"description":"Authorization failure"},"404":{"description":"Unknown tenant"}},"security":[{"v2":["update:tenant_outputs"]}]}},"/v1/tenants/{tid}/provisioning":{"put":{"tags":["Provisioning"],"summary":"Update a tenant's provisioning status.","operationId":"putTenantProvisioning","parameters":[{"name":"tid","in":"path","description":"The tenant's unique identifier.","required":true,"style":"simple","explode":false,"schema":{"$ref":"#/components/schemas/TenantId"}}],"requestBody":{"description":"The provisioning information.","content":{"application/json":{"schema":{"$ref":"#/components/schemas/InputProvisioningStatus"}}},"required":true},"responses":{"200":{"description":"OK."},"400":{"description":"Bad request"},"401":{"description":"Authentication failure"},"403":{"description":"Authorization failure"},"404":{"description":"Unknown tenant"}},"security":[{"v2":["update:tenant_provisioning"]}]}}},"components":{"schemas":{"AwsCredentials":{"required":["accessKeyId","secretAccessKey","type"],"type":"object","properties":{"accessKeyId":{"type":"string","description":"The AWS access key ID."},"secretAccessKey":{"type":"string","description":"The AWS secret access key."},"type":{"type":"string","description":"The type of AWS credentials.","enum":["awsAccessKey"]}},"additionalProperties":false,"description":"AWS credentials."},"DomainName":{"description":"Domain name information for a tenant.","discriminator":{"propertyName":"type","mapping":{"default-subdomain":"#/components/schemas/DomainNameDefaultSubdomain","external-registrar-internal-name-servers":"#/components/schemas/DomainNameExternalRegistrarInternalNameServers"}},"oneOf":[{"$ref":"#/components/schemas/DomainNameDefaultSubdomain"},{"$ref":"#/components/schemas/DomainNameExternalRegistrarInternalNameServers"}]},"DomainNameArray":{"type":"array","description":"An array of domain name information for a tenant.","items":{"$ref":"#/components/schemas/DomainName"}},"DomainNameDefaultSubdomain":{"required":["fqdn","id","isDefault","isPrimary","subdomain","type"],"type":"object","properties":{"fqdn":{"maxLength":253,"minLength":2,"type":"string","description":"The fully qualified domain name."},"id":{"$ref":"#/components/schemas/DomainNameId"},"isDefault":{"type":"boolean","description":"Is this the tenant's primary default domain?"},"isPrimary":{"type":"boolean","description":"Is this the tenant's primary domain name?"},"subdomain":{"maxLength":63,"minLength":2,"type":"string","description":"The subdomain used to reach the tenant's portal."},"type":{"type":"string","description":"Identifies the type of domain name.","enum":["default-subdomain"]}},"additionalProperties":false,"description":"Domain name information for a tenant's default subdomain."},"DomainNameExternalRegistrarInternalNameServers":{"required":["fqdn","id","isDefault","isPrimary","type"],"type":"object","properties":{"fqdn":{"maxLength":253,"minLength":2,"type":"string","description":"The fully qualified domain name."},"id":{"$ref":"#/components/schemas/DomainNameId"},"isDefault":{"type":"boolean","description":"Is this the tenant's primary default domain?"},"isPrimary":{"type":"boolean","description":"Is this the tenant's primary domain name?"},"type":{"type":"string","description":"Identifies the type of domain name.","enum":["external-registrar-internal-name-servers"]}},"additionalProperties":false,"description":"Domain name information for scenarios where the tenant has registered its own custom domain name, but it points to name servers (NS records) that we control."},"Features":{"required":["nameServers"],"type":"object","properties":{"ingestion":{"$ref":"#/components/schemas/Ingestion"},"nameServers":{"type":"array","items":{"type":"string","format":"hostname"}}},"additionalProperties":false,"description":"GaaS tenant feature flags"},"FeaturesSummary":{"required":["hasIngestion"],"type":"object","properties":{"hasIngestion":{"type":"boolean","description":"Does this tenant have ingestion informations?"}},"additionalProperties":false,"description":"GaaS tenant feature flags, summary edition."},"Ingestion":{"description":"Tenant ingestion information.","discriminator":{"propertyName":"type","mapping":{"external-bucket-internal-topic":"#/components/schemas/IngestionExternalBucketInternalTopic"}},"oneOf":[{"$ref":"#/components/schemas/IngestionExternalBucketInternalTopic"}]},"IngestionExternalBucketInternalTopic":{"required":["bucket","bucketRegionId","credentialsName","type"],"type":"object","properties":{"bucket":{"maxLength":63,"minLength":3,"type":"string","description":"The ingestion bucket's name."},"bucketRegionId":{"$ref":"#/components/schemas/RegionId"},"credentials":{"$ref":"#/components/schemas/AwsCredentials"},"topicArn":{"type":"string","description":"The ARN of the SNS topic that can receive ingestion bucket notifications. Only present once the tenant has been provisioned."},"topicName":{"type":"string","description":"The name of the SNS topic that can receive ingestion bucket notifications. Only present once the tenant has been provisioned."},"type":{"type":"string","description":"Identifies the type of ingestion.","enum":["external-bucket-internal-topic"]}},"description":"Ingestion information for scenarios where the tenant controls the bucket but we control the SNS topic, which receives notifications."},"InputDomainName":{"description":"Input domain name information for a tenant.","discriminator":{"propertyName":"type","mapping":{"external-registrar-internal-name-servers":"#/components/schemas/InputDomainNameExternalRegistrarInternalNameServers"}},"oneOf":[{"$ref":"#/components/schemas/InputDomainNameExternalRegistrarInternalNameServers"}]},"InputDomainNameExternalRegistrarInternalNameServers":{"required":["fqdn","type"],"type":"object","properties":{"fqdn":{"maxLength":253,"minLength":2,"type":"string","description":"The fully qualified domain name."},"type":{"type":"string","description":"Identifies the type of domain name.","enum":["external-registrar-internal-name-servers"]}},"additionalProperties":false,"description":"Input domain information for scenarios where the tenant has registered its own custom domain name, but it points to name servers (NS records) that we control."},"InputFeatures":{"type":"object","properties":{},"additionalProperties":false,"description":"Input GaaS tenant feature flags."},"InputIngestion":{"description":"Input tenant ingestion information.","discriminator":{"propertyName":"type","mapping":{"external-bucket-internal-topic":"#/components/schemas/InputIngestionExternalBucketInternalTopic"}},"oneOf":[{"$ref":"#/components/schemas/InputIngestionExternalBucketInternalTopic"}]},"InputIngestionExternalBucketInternalTopic":{"required":["bucket","bucketRegionId","credentials","type"],"type":"object","properties":{"bucket":{"maxLength":63,"minLength":3,"type":"string","description":"The ingestion bucket's name."},"bucketRegionId":{"$ref":"#/components/schemas/RegionId"},"credentials":{"$ref":"#/components/schemas/AwsCredentials"},"type":{"type":"string","description":"Identifies the type of ingestion.","enum":["external-bucket-internal-topic"]}},"additionalProperties":false,"description":"Input ingestion information for scenarios where the tenant controls the bucket but we control the SNS topic, which receives notifications."},"InputTenant":{"required":["contacts","ephemeral","features","name","regionId"],"type":"object","properties":{"contacts":{"$ref":"#/components/schemas/TenantContacts"},"ephemeral":{"type":"boolean","description":"Is this an ephemeral tenant?"},"features":{"$ref":"#/components/schemas/InputFeatures"},"name":{"maxLength":100,"minLength":1,"type":"string","description":"The tenant's name."},"owner":{"maxLength":100,"type":"string","description":"For ephemeral tenants, the user who created it."},"regionId":{"$ref":"#/components/schemas/RegionId"},"subdomain":{"maxLength":63,"minLength":2,"type":"string","description":"The subdomain used to reach the tenant's portal."},"test":{"type":"boolean","description":"Is this a test tenant?"}},"additionalProperties":false,"description":"An input GaaS tenant."},"Tenant":{"required":["contacts","createdOn","deleted","ephemeral","features","id","modifiedOn","name","primaryDomain","provisioningStatus","regionId","revision","test"],"type":"object","properties":{"cellId":{"$ref":"#/components/schemas/CellId"},"contacts":{"$ref":"#/components/schemas/TenantContacts"},"createdOn":{"type":"string","description":"The date and time when the tenant record was created.","format":"date-time"},"deleted":{"type":"boolean","description":"Is this tenant soft-deleted?"},"ephemeral":{"type":"boolean","description":"Is this an ephemeral tenant?"},"features":{"$ref":"#/components/schemas/Features"},"id":{"$ref":"#/components/schemas/TenantId"},"ingestionNotificationTopic":{"type":"string","description":"The ARN of the SNS topic that can receive ingestion bucket notifications. Only present once the tenant has been provisioned."},"modifiedOn":{"type":"string","description":"The date and time when the tenant record was last modified.","format":"date-time"},"name":{"minLength":1,"type":"string","description":"The tenant's name."},"owner":{"type":"string","description":"For ephemeral tenants, the user who created it."},"primaryDomain":{"type":"string","description":"The tenant's primary domain."},"provisioningId":{"$ref":"#/components/schemas/ProvisioningId"},"provisioningStatus":{"$ref":"#/components/schemas/ProvisioningStatus"},"regionId":{"$ref":"#/components/schemas/RegionId"},"revision":{"type":"integer","description":"The tenant's revision number; used for optimistic locking."},"subdomain":{"type":"string","description":"DEPRECATED; use primaryDomain instead.","deprecated":true},"test":{"type":"boolean","description":"Is this a test tenant?"}},"additionalProperties":false,"description":"A GaaS tenant."},"TenantContacts":{"required":["administrative"],"type":"object","properties":{"administrative":{"type":"string","description":"The administrative contact's email address.","format":"email"},"billing":{"type":"string","description":"The billing contact's email address.","format":"email"},"technical":{"type":"string","description":"The technical contact's email address.","format":"email"}},"additionalProperties":false,"description":"A set of tenant contacts."},"TenantSummary":{"required":["deleted","ephemeral","features","id","name","primaryDomain","regionId","test"],"type":"object","properties":{"cellId":{"$ref":"#/components/schemas/CellId"},"deleted":{"type":"boolean","description":"Is this tenant soft-deleted?"},"ephemeral":{"type":"boolean","description":"Is this an ephemeral tenant?"},"features":{"$ref":"#/components/schemas/FeaturesSummary"},"id":{"$ref":"#/components/schemas/TenantId"},"name":{"minLength":1,"type":"string","description":"The tenant's name."},"owner":{"type":"string","description":"For ephemeral tenants, the user who created it."},"primaryDomain":{"type":"string","description":"The tenant's primary domain."},"regionId":{"$ref":"#/components/schemas/RegionId"},"test":{"type":"boolean","description":"Is this a test tenant?"}},"additionalProperties":false,"description":"A summary of a GaaS tenant."},"TenantSummaryList":{"required":["items"],"type":"object","properties":{"items":{"type":"array","description":"The list of TenantSummary objects.","items":{"$ref":"#/components/schemas/TenantSummary"}},"nextToken":{"type":"string","description":"An opaque token used to retrieve the next page of items."}},"additionalProperties":false,"description":"A paginated list of Tenant objects."},"InputProvisioningStatus":{"required":["action","status"],"type":"object","properties":{"action":{"$ref":"#/components/schemas/ProvisioningAction"},"executionARN":{"type":"string","description":"The provisioning state machine’s execution ARN."},"message":{"type":"string","description":"The provisioning message to display to the user."},"status":{"$ref":"#/components/schemas/ProvisioningStatus"}},"additionalProperties":false,"description":"An input provisioning status."},"Notification":{"description":"A notification issued by the api.","discriminator":{"propertyName":"type","mapping":{"delete-tenant":"#/components/schemas/TenantNotification","new-tenant":"#/components/schemas/TenantNotification","update-tenant":"#/components/schemas/TenantNotification"}},"oneOf":[{"$ref":"#/components/schemas/TenantNotification"}]},"TenantNotification":{"required":["tenant","type"],"type":"object","properties":{"type":{"type":"string","description":"Identifies the type of notification.","enum":["delete-tenant","new-tenant","update-tenant"]},"tenant":{"$ref":"#/components/schemas/Tenant"}},"additionalProperties":false,"description":"A notification issued by the api whenever an Tenant object is created or changed."},"CellId":{"pattern":"^cel-[a-z0-9]{4}$","type":"string","description":"A cell's identifier. It is globally unique."},"ProvisioningAction":{"type":"string","description":"The action on a provisioning process.","enum":["deprovisioning","none","provisioning"]},"ProvisioningId":{"type":"string","description":"The unique identifier of a provisioning process.","format":"uuid","example":"a761e725-58c0-4f11-80f1-d7c5c6c38ea1"},"ProvisioningStatus":{"type":"string","description":"The status of the tenant's provisioning process.","enum":["canceled","complete","executing","failed","none","pending"]},"RegionId":{"type":"string","description":"A region's unique identifier.","enum":["ap-east-1","ap-northeast-1","ap-northeast-2","ap-south-1","ap-southeast-1","ap-southeast-2","ca-central-1","eu-central-1","eu-north-1","eu-west-1","eu-west-2","eu-west-3","sa-east-1","us-east-1","us-east-2","us-west-1","us-west-2"]},"TenantId":{"pattern":"^tnt-[a-z0-9]{5}$","type":"string","description":"A tenant's unique identifier."},"DomainNameId":{"type":"string","description":"A domain name's unique identifier.","format":"uuid"}},"securitySchemes":{"v2":{"type":"oauth2","description":"OAuth2 authorization.","flows":{"clientCredentials":{"tokenUrl":"https://ticksmith-dev.us.auth0.com/oauth/token","scopes":{"create:tenants":"Create a new Tenant object.","create:tenant_domains":"Create a new Tenant domain object.","delete:tenants":"Delete a Tenant object.","delete:tenant_domains":"Delete a Tenant domain object.","delete:tenant_ingestion":"Delete a tenant's ingestion information.","read:cell_occupancy":"Read Cell occupancy.","read:tenant_domains":"Read Tenant domain objects.","read:tenant_outputs":"Read a tenant's Terraform outputs.","read:tenants":"Read Tenant objects.","update:tenant_cell":"Update a tenant's cell.","update:tenant_ingestion":"Update a tenant's ingestion information.","update:tenant_primary_domain":"Update a Tenant's primary domain.","update:tenant_provisioning":"Update a tenant's provisioning information.","update:tenant_outputs":"Update a tenant's Terraform outputs."}}}}}}}