{"openapi":"3.0.0","info":{"title":"Convert Container API","description":"API for def-convert container","version":"1.0"},"servers":[{"url":"https://virtserver.swaggerhub.com/BFriedrichs/ConvertContainerAPI/1.0","description":"SwaggerHub API Auto Mocking"}],"paths":{"/task":{"post":{"tags":["task"],"summary":"Define the current task","description":"Supply arguments to start and run the task","parameters":[{"name":"task","in":"query","description":"The task data","required":false,"style":"form","explode":true,"schema":{"$ref":"#/components/schemas/TaskType"}}],"responses":{"200":{"description":"succesful operation","content":{"application/json":{"schema":{"$ref":"#/components/schemas/PostTaskResponse"}}}}}}}},"components":{"schemas":{"PostTaskResponse":{"type":"object","properties":{"status":{"type":"string","enum":["success","failure"]},"message":{"type":"string"}}},"TaskType":{"required":["arguments","type"],"type":"object","properties":{"type":{"$ref":"#/components/schemas/Tasks"},"arguments":{"oneOf":[{"$ref":"#/components/schemas/ResizeType"},{"$ref":"#/components/schemas/CropType"},{"$ref":"#/components/schemas/ImageGenerationType"},{"$ref":"#/components/schemas/VideoGenerationType"},{"$ref":"#/components/schemas/OptipngType"},{"$ref":"#/components/schemas/CompressType"},{"$ref":"#/components/schemas/TrimType"}]}}},"Tasks":{"type":"string","enum":["resize","crop","generateImages","generateVideo","optipng","compress","trim"]},"Interpolation":{"type":"string","default":"bicubic","enum":["nearest","bilinear","bicubic","lanczos"]},"Video":{"type":"string","enum":["png","jpeg"]},"Image":{"type":"string","enum":["mp4","mp4-ie","webm"]},"Compression":{"type":"string","enum":["pvr","dxt"]},"ResizeType":{"type":"object","oneOf":[{"required":["height","width"],"properties":{"width":{"type":"number"},"height":{"type":"number"},"interpolation":{"$ref":"#/components/schemas/Interpolation"}}},{"required":["scale"],"properties":{"scale":{"type":"number","format":"float"},"interpolation":{"$ref":"#/components/schemas/Interpolation"}}}]},"CropType":{"required":["height","width","x","y"],"type":"object","properties":{"x":{"type":"number"},"y":{"type":"number"},"width":{"type":"number"},"height":{"type":"number"}}},"ImageGenerationType":{"required":["type"],"type":"object","properties":{"type":{"$ref":"#/components/schemas/Image"}}},"VideoGenerationType":{"required":["type"],"type":"object","properties":{"type":{"$ref":"#/components/schemas/Video"}}},"OptipngType":{"type":"object","additionalProperties":true},"CompressType":{"required":["type"],"type":"object","properties":{"type":{"$ref":"#/components/schemas/Compression"}}},"TrimType":{"type":"object","properties":{"color":{"type":"string","example":"#ff0000","default":"none"}}}}}}