{"openapi":"3.0.0","info":{"title":"Customer Orders API Specification","description":"This is a simple Customer Orders service, which allows you to retrieve a customers order history or place a new order\n","termsOfService":"http://swagger.io/terms/","contact":{"email":"apiadmin@bme-group.com"},"version":"1.0.0"},"externalDocs":{"description":"Find out more about Swagger","url":"http://swagger.io"},"servers":[{"url":"https://virtserver.swaggerhub.com/BMESandbox/CustomerOrders/1.0.0","description":"SwaggerHub API Auto Mocking"},{"url":"https://virtserver.swaggerhub.com/BMESandbox/petstore/1.0.0","description":"SwaggerHub API Auto Mocking"},{"url":"https://apim-bmesandbox.azure-api.net/v3","description":"Sandbox - Mock Response Policy"}],"tags":[{"name":"customer","description":"Access to a customers order history","externalDocs":{"description":"Find out more about our BME","url":"https://www.bme-group.com/"}}],"paths":{"/customer/{id}/order":{"get":{"tags":["customer"],"summary":"Returns a customers order history","description":"Provide a valid custome id and retrieve information about their order","operationId":"getOrderByCustomerId","parameters":[{"name":"id","in":"path","description":"Customer Id","required":true,"style":"simple","explode":false,"schema":{"type":"string"}}],"responses":{"200":{"description":"successful operation","content":{"application/json":{"schema":{"type":"object","additionalProperties":{"type":"integer","format":"int32"}}}}},"400":{"description":"Invalid Customer Id supplied"},"404":{"description":"Order not found"}},"security":[{"api_key":[]}]}},"/customer/{id}/order/{orderId}":{"get":{"tags":["customer"],"summary":"Returns a specific customer order","description":"Provide a valid customer and order id and retrieve information about that order","operationId":"getOrderById","parameters":[{"name":"id","in":"path","description":"Customer Id","required":true,"style":"simple","explode":false,"schema":{"type":"string"}},{"name":"orderId","in":"path","description":"Order Id","required":true,"style":"simple","explode":false,"schema":{"type":"string"}}],"responses":{"200":{"description":"successful operation","content":{"application/json":{"schema":{"$ref":"#/components/schemas/Order"}},"application/xml":{"schema":{"$ref":"#/components/schemas/Order"}}}},"400":{"description":"Invalid Customer and/or Order Id supplied"},"404":{"description":"Order not found"}}}},"/customer/order":{"post":{"tags":["customer"],"summary":"Place an order for a customer","description":"Provide a valid payload","operationId":"placeOrder","requestBody":{"description":"order placed","content":{"application/json":{"schema":{"$ref":"#/components/schemas/Order"}}},"required":true},"responses":{"200":{"description":"successful operation","content":{"application/json":{"schema":{"$ref":"#/components/schemas/Order"}},"application/xml":{"schema":{"$ref":"#/components/schemas/Order"}}}},"400":{"description":"Invalid Order"}}}}},"components":{"schemas":{"Order":{"type":"object","properties":{"id":{"type":"integer","format":"int64"},"SKU":{"type":"integer","format":"int64"},"quantity":{"type":"integer","format":"int32"},"shipDate":{"type":"string","format":"date-time"},"status":{"type":"string","description":"Order Status","enum":["placed","approved","delivered"]},"complete":{"type":"boolean","default":false}}}},"securitySchemes":{"petstore_auth":{"type":"oauth2","flows":{"implicit":{"authorizationUrl":"http://petstore.swagger.io/oauth/dialog","scopes":{"write:pets":"modify pets in your account","read:pets":"read your pets"}}}},"api_key":{"type":"apiKey","name":"api_key","in":"header"}}}}