{"openapi":"3.0.0","info":{"title":"Koppelvlak met AAG (App API Gateway)","description":"Gegevensuitwisseling tussen MKT-app en Toeslagen","version":"1.0.0"},"servers":[{"url":"https://virtserver.swaggerhub.com/BUITP03/KinderOpvangOrganisaties/1.0.0","description":"SwaggerHub API Auto Mocking"},{"url":"https://api.belastingdienst.nl/aag/v1/mkt/"}],"security":[{"BasicAuth":[]}],"paths":{"/ParametersVoorApp/api/v2/parameters":{"get":{"tags":["OpvragenParametersVoorApp"],"summary":"Opvragen systeemparameters Toeslagen","description":"Systeem bestemming achter AAG is PVA (Parameters Voor App)","operationId":"OpvragenParametersVoorApp","responses":{"200":{"description":"OK","content":{"application/json":{"schema":{"$ref":"#/components/schemas/ParametersVoorApp-PVA"},"examples":{"ParametersVoorApp-PVA":{"$ref":"#/components/examples/ParametersVoorApp-PVA"}}},"application/yaml":{"schema":{"$ref":"#/components/schemas/ParametersVoorApp-PVA"},"examples":{"ParametersVoorApp-PVA":{"$ref":"#/components/examples/ParametersVoorApp-PVA"}}}}},"404":{"description":"Niet gevonden","content":{"application/json":{"schema":{"type":"object","properties":{"message":{"type":"string"}}}}}},"default":{"description":"Onverwachte HTTP-responsecode","content":{"application/json":{"schema":{"$ref":"#/components/schemas/ErrorModel"}}}}}}},"/KlantbeeldService/v3/kotklantbeeld":{"get":{"tags":["OpvragenKlantbeeld"],"summary":"Opvragen klantbeeld.","description":"Systeem bestemming achter AAG is KBD (KlantBeelD)","operationId":"OpvragenKlantbeeld","parameters":[{"name":"peildatum","in":"query","description":"De datum waarvan het klantbeeld samengesteld moet worden.","required":false,"style":"form","explode":true,"schema":{"pattern":"(0[1-9]|[1-2][0-9]|3[0-1])-(0[1-9]|1[0-2])-[0-9]{4}","type":"string"}}],"responses":{"200":{"description":"OK","content":{"application/json":{"schema":{"$ref":"#/components/schemas/Klantbeeld"},"examples":{"Klantbeeld":{"$ref":"#/components/examples/Klantbeeld"},"KlantOverleden":{"$ref":"#/components/examples/KlantOverleden"}}},"application/yaml":{"schema":{"$ref":"#/components/schemas/Klantbeeld"},"examples":{"Klantbeeld":{"$ref":"#/components/examples/Klantbeeld"},"KlantOverleden":{"$ref":"#/components/examples/KlantOverleden"}}}}},"204":{"description":"Geen KOT","content":{"application/json":{"schema":{"type":"object","properties":{"message":{"type":"string"}}}}}},"206":{"description":"Deze burger is overleden.","content":{"application/json":{"schema":{"type":"object","properties":{"message":{"type":"string"}}}}}},"403":{"description":"Niet gevonden","content":{"application/json":{"schema":{"type":"object","properties":{"message":{"type":"string"}}}}}}}}},"/KinderOpvangOrganisaties/v1/kinderopvangorganisaties/{idKoi}":{"get":{"tags":["OpvragenDetailsKinderopvangorganisatie"],"summary":"Opvragen detailsgegevens van een kinderopvangorganisatie.","description":"Systeem bestemming achter AAG is KOO (KinderOpvangOrganisatie)","operationId":"OpvragenKinderopvangorganisatie","parameters":[{"name":"idKoi","in":"path","description":"Het LRK-id van een binnenlandse opvang, of het RBK-id van een buitenlandse.","required":true,"style":"simple","explode":false,"schema":{"pattern":"[0-9]{9}","type":"string"}},{"name":"buitenland","in":"query","description":"Indicatie buitenlandse instelling of niet","required":false,"style":"form","explode":true,"schema":{"type":"boolean"}}],"responses":{"200":{"description":"OK","content":{"application/json":{"schema":{"discriminator":{"propertyName":"buitenland"},"oneOf":[{"$ref":"#/components/schemas/KOOBinnenland"},{"$ref":"#/components/schemas/KOOBuitenland"}]},"examples":{"KOOBinnenland":{"$ref":"#/components/examples/KOOBinnenland"},"KOOBuitenland":{"$ref":"#/components/examples/KOOBuitenland"}}}}},"404":{"description":"Niet gevonden","content":{"application/json":{"schema":{"type":"object","properties":{"message":{"type":"string"}}}}}}}}},"/PoortInMapperService/v1/inkomen":{"post":{"tags":["WijzigenInkomen(49)"],"summary":"Wijzigen inkomen van aangever of partner (49).","description":"Systeem bestemming achter AAG is PIM (Poort In Mapper)","operationId":"WijzigenInkomen","requestBody":{"$ref":"#/components/requestBodies/WijzigenInkomen-49"},"responses":{"201":{"description":"Created"},"400":{"description":"Bad Request","content":{"application/json":{"schema":{"type":"object","properties":{"message":{"type":"string"}}}}}},"500":{"description":"Interne serverfout","content":{"application/json":{"schema":{"type":"object","properties":{"message":{"type":"string"}}}}}},"503":{"description":"Service niet beschikbaar","content":{"application/json":{"schema":{"type":"object","properties":{"message":{"type":"string"}}}}}}}}},"/PoortInMapperService/v1/kinderopvang":{"post":{"tags":["WijzigenOpvanglasten(18)"],"summary":"Wijzigen opvanggegevens van kind (18).","description":"Systeem bestemming achter AAG is PIM (Poort In Mapper)","operationId":"WijzigenOpvanglasten","requestBody":{"$ref":"#/components/requestBodies/WijzigenOpvanglasten-18"},"responses":{"201":{"description":"Created"},"206":{"description":"Rechten op ingangsdatum ontbreken","content":{"application/json":{"schema":{"type":"object","properties":{"message":{"type":"string"}}}}}},"400":{"description":"Bad Request","content":{"application/json":{"schema":{"type":"object","properties":{"message":{"type":"string"}}}}}},"500":{"description":"Interne serverfout","content":{"application/json":{"schema":{"type":"object","properties":{"message":{"type":"string"}}}}}},"503":{"description":"Service niet beschikbaar","content":{"application/json":{"schema":{"type":"object","properties":{"message":{"type":"string"}}}}}}}}},"/PoortInMapperService/v1/startDagtaken":{"post":{"tags":["StartDagtaken(16)"],"summary":"Starten van 1 of meerdere dagtaken (16).","description":"Systeem bestemming achter AAG is PIM (Poort In Mapper)","operationId":"StartDagtaken","requestBody":{"$ref":"#/components/requestBodies/StartDagtaken-16"},"responses":{"201":{"description":"Created"},"206":{"description":"Rechten op ingangsdatum ontbreken","content":{"application/json":{"schema":{"type":"object","properties":{"message":{"type":"string"}}}}}},"400":{"description":"Bad Request","content":{"application/json":{"schema":{"type":"object","properties":{"message":{"type":"string"}}}}}},"500":{"description":"Interne serverfout","content":{"application/json":{"schema":{"type":"object","properties":{"message":{"type":"string"}}}}}},"503":{"description":"Service niet beschikbaar","content":{"application/json":{"schema":{"type":"object","properties":{"message":{"type":"string"}}}}}}}}},"/PoortInMapperService/v1/stopDagtaken":{"post":{"tags":["StopDagtaken(17)"],"summary":"Stoppen van 1 of meerdere dagtaken (17).","description":"Systeem bestemming achter AAG is PIM (Poort In Mapper)","operationId":"StopDagtaken","requestBody":{"$ref":"#/components/requestBodies/StopDagtaken-17"},"responses":{"201":{"description":"Created"},"206":{"description":"Rechten op ingangsdatum ontbreken","content":{"application/json":{"schema":{"type":"object","properties":{"message":{"type":"string"}}}}}},"400":{"description":"Bad Request","content":{"application/json":{"schema":{"type":"object","properties":{"message":{"type":"string"}}}}}},"500":{"description":"Interne serverfout","content":{"application/json":{"schema":{"type":"object","properties":{"message":{"type":"string"}}}}}},"503":{"description":"Service niet beschikbaar","content":{"application/json":{"schema":{"type":"object","properties":{"message":{"type":"string"}}}}}}}}},"/PoortInMapperService/v1/stopDoelgroep":{"post":{"tags":["StopDoelgroep(92)"],"summary":"De huidige doelgroep stoppen (92).","description":"Systeem bestemming achter AAG is PIM (Poort In Mapper)","operationId":"StopDoelgroep","requestBody":{"$ref":"#/components/requestBodies/StopDoelgroep-92"},"responses":{"201":{"description":"Created"},"206":{"description":"Rechten op ingangsdatum ontbreken","content":{"application/json":{"schema":{"type":"object","properties":{"message":{"type":"string"}}}}}},"400":{"description":"Bad Request","content":{"application/json":{"schema":{"type":"object","properties":{"message":{"type":"string"}}}}}},"500":{"description":"Interne serverfout","content":{"application/json":{"schema":{"type":"object","properties":{"message":{"type":"string"}}}}}},"503":{"description":"Service niet beschikbaar","content":{"application/json":{"schema":{"type":"object","properties":{"message":{"type":"string"}}}}}}}}},"/ArbPersonalMessagesGetMessages/v1/personal-messages":{"get":{"tags":["OpvragenBerichtenlijst"],"summary":"Opvragen berichtenlijst.","description":"Systeem bestemming achter AAG is ARB (Afhandeling Rondom Berichten)","operationId":"OpvragenBerichtenlijst","responses":{"200":{"description":"OK","content":{"application/json":{"schema":{"$ref":"#/components/schemas/PersonalMessages"},"examples":{"PersonalMessages":{"$ref":"#/components/examples/PersonalMessages"},"PersonalMessagesEmptyList":{"$ref":"#/components/examples/PersonalMessagesEmptyList"}}}}}}}},"/ArbPersonalMessagesGetMessages/v1/personal-messages{id}":{"get":{"tags":["OpvragenBericht"],"summary":"Opvragen specifiek bericht.","description":"Systeem bestemming achter AAG is ARB (Afhandeling Rondom Berichten)","operationId":"OpvragenBericht","parameters":[{"name":"id","in":"path","description":"het id dat via de berichtenlijst is verkregen","required":true,"style":"simple","explode":false,"schema":{"type":"integer"}}],"responses":{"200":{"description":"OK","content":{"application/json":{"schema":{"oneOf":[{"$ref":"#/components/schemas/InfoBericht"},{"$ref":"#/components/schemas/ActieberichtWijzigenOpvanglocatie"},{"$ref":"#/components/schemas/ActieberichtWijzigenInkomen"},{"$ref":"#/components/schemas/ActieberichtWijzigenOpvanglasten"},{"$ref":"#/components/schemas/ActieberichtOpvangGestopt"},{"$ref":"#/components/schemas/ActieberichtWijzigenDoelgroep"}]},"examples":{"InfoBericht":{"$ref":"#/components/examples/InfoBericht"},"ActieberichtWijzigenOpvanglocatie":{"$ref":"#/components/examples/ActieberichtWijzigenOpvanglocatie"},"ActieberichtWijzigenInkomen":{"$ref":"#/components/examples/ActieberichtWijzigenInkomen"},"ActieberichtWijzigenOpvanglasten":{"$ref":"#/components/examples/ActieberichtWijzigenOpvanglasten"},"ActieberichtOpvangGestopt":{"$ref":"#/components/examples/ActieberichtOpvangGestopt"},"ActieberichtWijzigenDoelgroep":{"$ref":"#/components/examples/ActieberichtWijzigenDoelgroep"}}}}},"404":{"description":"Niet gevonden","content":{"application/json":{"schema":{"type":"object","properties":{"message":{"type":"string"}}}}}}}}},"/ArbPersonalMessagesGetMessages/v1/personal-messages{id}/mark-as-read":{"patch":{"tags":["MarkeerGelezen"],"summary":"Specifiek bericht als gelezen markeren.","description":"Systeem bestemming achter AAG is ARB (Afhandeling Rondom Berichten)","operationId":"MarkeerBerichtGelezen","parameters":[{"name":"id","in":"path","description":"het id dat via de berichtenlijst is verkregen","required":true,"style":"simple","explode":false,"schema":{"type":"integer"}}],"responses":{"200":{"description":"OK"},"404":{"description":"Niet gevonden","content":{"application/json":{"schema":{"type":"object","properties":{"message":{"type":"string"}}}}}}}}},"/ArbPersonalMessagesGetMessages/v1/personal-messages{id}/mark-as-unread":{"patch":{"tags":["MarkeerOngelezen"],"summary":"Specifiek bericht als ongelezen markeren.","description":"Systeem bestemming achter AAG is ARB (Afhandeling Rondom Berichten)","operationId":"MarkeerBerichtOngelezen","parameters":[{"name":"id","in":"path","description":"het id dat via de berichtenlijst is verkregen","required":true,"style":"simple","explode":false,"schema":{"type":"integer"}}],"responses":{"200":{"description":"OK"},"404":{"description":"Niet gevonden","content":{"application/json":{"schema":{"type":"object","properties":{"message":{"type":"string"}}}}}}}}},"/BsnAppRegistratiePublic/api/v1/registrations/myself":{"delete":{"tags":["VerwijderBARRegistratie"],"summary":"Registratie toestel in ongedaan maken.","description":"Systeem bestemming is BAR (???)","operationId":"VerwijderBARRegistratie","responses":{"204":{"description":"OK (NoContent)"},"401":{"description":"Foute rol/groep","content":{"application/json":{"schema":{"type":"object","properties":{"message":{"type":"string"}}}}}}}}}},"components":{"schemas":{"ErrorModel":{"required":["code","message"],"type":"object","properties":{"message":{"type":"string","default":"Onverwachte HTTP-responsecode ontvangen"},"code":{"maximum":6E+2,"minimum":1E+2,"type":"integer"}}},"PersonalMessages":{"required":["creationTimestamp","id","title"],"type":"array","description":"Persoonlijke berichten","items":{"type":"object","properties":{"id":{"type":"integer","description":"Het id van het desbetreffende bericht binnen ARB."},"title":{"type":"string","description":"Het onderwerp waar het bericht over gaat."},"creationTimestamp":{"pattern":"[0-9]{4}-(0[1-9]|1[0-2])-(0[1-9]|[1-2][0-9]|3[0-1])T(2[0-3]|[01][0-9]):[0-5][0-9]:[0-5][0-9]Z","type":"string","description":"Het tijdstip waarop het bericht werd vervaardigd."},"readTimestamp":{"pattern":"[0-9]{4}-(0[1-9]|1[0-2])-(0[1-9]|[1-2][0-9]|3[0-1])T(2[0-3]|[01][0-9]):[0-5][0-9]:[0-5][0-9]Z","type":"string","description":"Het tijdstip waarop het bericht als gelezen werd gemarkeerd binnen de app. De systeemtijd van de server wordt vastgelegd."}}}},"InfoBericht":{"required":["content","creationTimestamp","id","title"],"type":"object","properties":{"id":{"type":"integer","description":"Het id van het desbetreffende bericht binnen ARB."},"title":{"type":"string","description":"Het onderwerp waar het bericht over gaat."},"creationTimestamp":{"pattern":"[0-9]{4}-(0[1-9]|1[0-2])-(0[1-9]|[1-2][0-9]|3[0-1])T(2[0-3]|[01][0-9]):[0-5][0-9]:[0-5][0-9]Z","type":"string","description":"Het tijdstip waarop het bericht werd vervaardigd."},"readTimestamp":{"pattern":"[0-9]{4}-(0[1-9]|1[0-2])-(0[1-9]|[1-2][0-9]|3[0-1])T(2[0-3]|[01][0-9]):[0-5][0-9]:[0-5][0-9]Z","type":"string","description":"Het tijdstip waarop het bericht als gelezen werd gemarkeerd binnen de app. De systeemtijd van de server wordt vastgelegd."},"content":{"type":"string","description":"Het feitelijke bericht"}},"description":"Persoonlijke bericht"},"ActieberichtWijzigenInkomen":{"description":"Actiebericht wijzigen inkomen","allOf":[{"$ref":"#/components/schemas/InfoBericht"},{"required":["parameters"],"type":"object","properties":{"parameters":{"required":["actie","bsn","jaar"],"type":"object","properties":{"actie":{"type":"string","description":"Hiermee wordt aan de app doorgegeven dat de volgende flow TO03 - Wijzigen gestart moet worden.","enum":["wijzigenInkomen"]},"houdbaarheidsdatum":{"maxLength":10,"pattern":"(0[1-9]|[1-2][0-9]|3[0-1])-(0[1-9]|1[0-2])-[0-9]{4}","type":"string","description":"De laatste datum t/m welke het bericht geldig is."},"jaar":{"maximum":9999,"minimum":2E+3,"type":"integer"},"bsn":{"maxLength":9,"pattern":"[0-9]{9}","type":"string","description":"BSN van de burger of 1 van diens toeslagpartners waar de wijziging voor bedoeld is."}}}}}]},"ActieberichtWijzigenOpvanglasten":{"description":"Actiebericht wijzigen opvanglasten","allOf":[{"$ref":"#/components/schemas/InfoBericht"},{"required":["parameters"],"type":"object","properties":{"parameters":{"required":["actie","bsn","datumEinde","datumIngang","idKoi","jaar"],"type":"object","properties":{"actie":{"type":"string","description":"Hiermee wordt aan de app doorgegeven dat de volgende flow TO03 - Wijzigen gestart moet worden.","enum":["wijzigenOpvanglasten"]},"houdbaarheidsdatum":{"pattern":"(0[1-9]|[1-2][0-9]|3[0-1])-(0[1-9]|1[0-2])-[0-9]{4}","type":"string","description":"De laatste datum t/m welke het bericht geldig is."},"jaar":{"maximum":9999,"minimum":2E+3,"type":"integer"},"bsn":{"maxLength":9,"pattern":"[0-9]{9}","type":"string","description":"BSN van de burger of 1 van diens toeslagpartners waar de wijziging voor bedoeld is."},"idKoi":{"pattern":"[0-9]{9}","type":"string","description":"het **LRK** (Landelijke Registratie Kinderopvang) )van een binnenlandse instelling of **RBK** (Registratie Buitenlandse Kinderopvang) van een buitenlandse instelling"},"datumIngang":{"maxLength":10,"pattern":"(0[1-9]|[1-2][0-9]|3[0-1])-(0[1-9]|1[0-2])-[0-9]{4}","type":"string","description":"Datum vanaf welke de wijziging ingaat."},"datumEinde":{"pattern":"(0[1-9]|[1-2][0-9]|3[0-1])-(0[1-9]|1[0-2])-[0-9]{4}","type":"string","description":"Datum t/m welke de wijziging van kracht is."},"voorstelUrenOpvang":{"maximum":999,"minimum":1,"type":"integer","description":"Voorstel aantal uren opvang voor dit kind bij gegeven opvanginstelling."}}}}}]},"ActieberichtWijzigenOpvanglocatie":{"description":"Actiebericht wijzigen opvanglocatie","allOf":[{"$ref":"#/components/schemas/InfoBericht"},{"required":["parameters"],"type":"object","properties":{"parameters":{"required":["actie","bsn","buitenland","datumIngang","idKoi","jaar","voorstelIdKoi"],"type":"object","properties":{"actie":{"type":"string","description":"Hiermee wordt aan de app doorgegeven dat de volgende flow TO03 - Wijzigen gestart moet worden.","enum":["wijzigenOpvanglocatie"]},"houdbaarheidsdatum":{"pattern":"(0[1-9]|[1-2][0-9]|3[0-1])-(0[1-9]|1[0-2])-[0-9]{4}","type":"string"},"jaar":{"maximum":9999,"minimum":2E+3,"type":"integer"},"bsn":{"maxLength":9,"pattern":"[0-9]{9}","type":"string","description":"BSN van de burger of 1 van diens toeslagpartners waar de wijziging voor bedoeld is."},"idKoi":{"pattern":"[0-9]{9}","type":"string","description":"Het LRK-id van een binnenlandse opvang, of het RBK-id van een buitenlandse."},"datumIngang":{"pattern":"(0[1-9]|[1-2][0-9]|3[0-1])-(0[1-9]|1[0-2])-[0-9]{4}","type":"string","description":"Datum vanaf welke de wijziging ingaat. In dit geval is dat de startdatum van de nieuwe opvang en tevens de startdatum van de oude, tenzij expliciet een andere stopdatum is opgegeven middels stopdatumHuidigeOpvang."},"buitenland":{"type":"boolean","description":"Nadere typering van idKOI en voorstelIdKoi. Indien false verwijzing naar een LRK, indien true een verwijzing naar een RBK."},"voorstelIdKoi":{"pattern":"[0-9]{9}","type":"string","description":"Voorgesteld LRK-id van een binnenlandse opvang, of het RBK-id van een buitenlandse."},"datumEinde":{"pattern":"(0[1-9]|[1-2][0-9]|3[0-1])-(0[1-9]|1[0-2])-[0-9]{4}","type":"string","description":"Datum t/m welke de wijziging van kracht is."},"stopdatumHuidigeOpvang":{"pattern":"(0[1-9]|[1-2][0-9]|3[0-1])-(0[1-9]|1[0-2])-[0-9]{4}","type":"string","description":"Datum per wanneer de huidige opvang wordt stopgezet. Deze wordt alleen meegegeven als de stopdatum van de huidige opvang een andere is dan dan de startdatum van de nieuwe opvang."}}}}}]},"ActieberichtOpvangGestopt":{"description":"Actiebericht stoppen  opvang","allOf":[{"$ref":"#/components/schemas/InfoBericht"},{"required":["parameters"],"type":"object","properties":{"parameters":{"required":["actie","bsn","datumIngang","idKoi","jaar"],"type":"object","properties":{"actie":{"type":"string","description":"Hiermee wordt aan de app doorgegeven dat de volgende flow TO03 - Wijzigen gestart moet worden.","enum":["opvangGestopt"]},"houdbaarheidsdatum":{"pattern":"(0[1-9]|[1-2][0-9]|3[0-1])-(0[1-9]|1[0-2])-[0-9]{4}","type":"string"},"jaar":{"maximum":9999,"minimum":2E+3,"type":"integer"},"bsn":{"maxLength":9,"pattern":"[0-9]{9}","type":"string","description":"BSN van de burger of 1 van diens toeslagpartners waar de wijziging voor bedoeld is."},"idKoi":{"pattern":"[0-9]{9}","type":"string","description":"Het LRK-id van een binnenlandse opvang, of het RBK-id van een buitenlandse."},"datumIngang":{"pattern":"(0[1-9]|[1-2][0-9]|3[0-1])-(0[1-9]|1[0-2])-[0-9]{4}","type":"string","description":"Datum vanaf welke de wijziging ingaat. In dit geval is dat de startdatum van de nieuwe opvang en tevens de startdatum van de oude, tenzij expliciet een andere stopdatum is opgegeven middels stopdatumHuidigeOpvang."}}}}}]},"ActieberichtWijzigenDoelgroep":{"description":"Actiebericht stoppen als doelgroeper","allOf":[{"$ref":"#/components/schemas/InfoBericht"},{"required":["parameters"],"type":"object","properties":{"parameters":{"required":["actie","bsn","jaar"],"type":"object","properties":{"actie":{"type":"string","description":"Hiermee wordt aan de app doorgegeven dat de volgende flow TO03 - Wijzigen gestart moet worden.","enum":["wijzigenDoelgroep"]},"houdbaarheidsdatum":{"pattern":"(0[1-9]|[1-2][0-9]|3[0-1])-(0[1-9]|1[0-2])-[0-9]{4}","type":"string"},"jaar":{"maximum":9999,"minimum":2E+3,"type":"integer"},"bsn":{"maxLength":9,"pattern":"[0-9]{9}","type":"string","description":"BSN van de burger of 1 van diens toeslagpartners waar de wijziging voor bedoeld is."},"voorstelStopdatumDoelgroep":{"pattern":"(0[1-9]|[1-2][0-9]|3[0-1])-(0[1-9]|1[0-2])-[0-9]{4}","type":"string","description":"De voorgestelde wijzingsdatum."}}}}}]},"ParametersVoorApp-PVA":{"required":["app","parameters"],"type":"object","properties":{"app":{"type":"string","default":"MKT"},"parameters":{"type":"array","items":{"required":["naam","waarde"],"type":"object","properties":{"naam":{"type":"string","description":"MktStartYear - Het vorige of huidige jaar | MktEndYear - Het huidige of volgende jaar | MaximumLeeftijdKindDagopvang - Vaste waarde 5, feitelijk 1 jaar te hoog, want maximum is 4 jaar | MinimumLeeftijdKindBSO - Vaste waarde 3 | TPlus1MeldingOpvoerdatum - Vaste waarde 0111 Datum vanaf welke in het huidige jaar (T) al wijzigingen voor het volgende jaar (T+1) mogen worden doorgegeven. De norm is 1 november, het begin van de pre-MAC-periode. | TPlus1MaximaleMeldingIngangsdatum - Vaste waarde 2802 De hoogste ingangsdatum (28 februari) die je bij een wijziging bedoeld voor het volgend jaar (T+1) tijdens de pre-MAC-periode van het huidig jaar mag gebruiken. De beperking komt te vervallen als de MAC-datum is aangebroken (gewoonlijk 25 november) en het volgende jaar wordt opengesteld (m.a.w. MKTEndYear verandert van het huidige naar het volgende jaar).","enum":["MktStartYear","MktEndYear","MaximumLeeftijdKindDagopvang","MinimumLeeftijdKindBSO","TPlus1MeldingOpvoerdatum","TPlus1MaximaleMeldingIngangsdatum"]},"waarde":{"anyOf":[{"type":"string"},{"type":"integer"}]}}}}},"description":"Parameters voor MKT-app"},"Klantbeeld":{"required":["burger","peildatum"],"type":"object","properties":{"peildatum":{"pattern":"(0[1-9]|[1-2][0-9]|3[0-1])-(0[1-9]|1[0-2])-[0-9]{4}","type":"string","description":"Klantbeeld per opgegeven peildatum (anders per vandaag)"},"burger":{"required":["bsn","dagtaakTypes"],"type":"object","properties":{"meldingenInBehandeling":{"type":"boolean"},"bsn":{"pattern":"[0-9]{9}","type":"string","description":"Moet een 11-proef nummer zijn"},"volledigeNaam":{"maxLength":232,"type":"string"},"inkomen":{"maximum":9999999999,"type":"integer"},"doelgroepType":{"type":"string","description":"02, 03, 04, 11: volgt een traject naar werk | 05, 06: volgt een opleiding | 08: volgt een inburgeringscursus bij een gecertificeerde instelling | 09: volgt een traject naar werk via gemeente | 10: volgt een traject naar werk via UWV","enum":["02","03","04","05","06","08","09","10","11"]},"dagtaakTypes":{"minItems":0,"type":"array","items":{"type":"string","description":"01: werk in loondienst  02: winst uit een onderneming  03: werkt mee in mijn onderneming  05: heeft inkomsten uit overig werk","enum":["01","02","03","05"]}},"toeslagpartner":{"required":["bsn","dagtaakTypes"],"type":"object","properties":{"bsn":{"pattern":"[0-9]{9}","type":"string","description":"Moet een 11-proef nummer zijn"},"volledigeNaam":{"maxLength":232,"type":"string"},"inkomen":{"type":"number"},"doelgroepType":{"type":"string","description":"02, 03, 04, 11: volgt een traject naar werk | 05, 06: volgt een opleiding | 08: volgt een inburgeringscursus bij een gecertificeerde instelling | 09: volgt een traject naar werk via gemeente | 10: volgt een traject naar werk via UWV","enum":["02","03","04","05","06","08","09","10","11"]},"dagtaakTypes":{"minItems":0,"type":"array","items":{"type":"string","description":"01: werk in loondienst  02: winst uit een onderneming  03: werkt mee in mijn onderneming  05: heeft inkomsten uit overig werk","enum":["01","02","03","05"]}}},"additionalProperties":false},"kinderen":{"type":"array","items":{"required":["bsn","volledigeNaam"],"type":"object","properties":{"bsn":{"pattern":"[0-9]{9}","type":"string","description":"Moet een 11-proef nummer zijn"},"volledigeNaam":{"maxLength":232,"type":"string"},"geboortedatum":{"pattern":"(0[1-9]|[1-2][0-9]|3[0-1])-(0[1-9]|1[0-2])-[0-9]{4}","type":"string"}},"additionalProperties":false}},"beschikking":{"required":["aanvrager","deeljaren","jaarbedrag"],"type":"object","properties":{"aanvrager":{"type":"object","properties":{"bsn":{"pattern":"[0-9]{9}","type":"string","description":"Moet een 11-proef nummer zijn"},"volledigeNaam":{"maxLength":232,"type":"string"},"inkomen":{"type":"number"},"doelgroepType":{"type":"string","description":"02, 03, 04, 11: volgt een traject naar werk | 05, 06: volgt een opleiding | 08: volgt een inburgeringscursus bij een gecertificeerde instelling | 09: volgt een traject naar werk via gemeente | 10: volgt een traject naar werk via UWV","enum":["02","03","04","05","06","08","09","10","11"]},"dagtaakTypes":{"minItems":0,"type":"array","items":{"type":"string","description":"01: werk in loondienst  02: winst uit een onderneming  03: werkt mee in mijn onderneming  05: heeft inkomsten uit overig werk","enum":["01","02","03","05"]}}}},"jaarbedrag":{"maximum":9999999999,"type":"number"},"deeljaren":{"maxItems":36,"minItems":1,"type":"array","items":{"type":"object","properties":{"datumIngang":{"pattern":"(0[1-9]|[1-2][0-9]|3[0-1])-(0[1-9]|1[0-2])-[0-9]{4}","type":"string","description":"Startdatum van het deeljaar."},"datumEinde":{"pattern":"(0[1-9]|[1-2][0-9]|3[0-1])-(0[1-9]|1[0-2])-[0-9]{4}","type":"string","description":"Einddatum van het deeljaar."},"maandbedrag":{"maximum":9999999999,"type":"number"},"toeslagpartner":{"type":"object","properties":{"bsn":{"pattern":"[0-9]{9}","type":"string","description":"Moet een 11-proef nummer zijn"},"volledigeNaam":{"maxLength":232,"type":"string"},"inkomen":{"maximum":9999999999,"type":"number"},"doelgroepType":{"type":"string","description":"02, 03, 04, 11: volgt een traject naar werk | 05, 06: volgt een opleiding | 08: volgt een inburgeringscursus bij een gecertificeerde instelling | 09: volgt een traject naar werk via gemeente | 10: volgt een traject naar werk via UWV","enum":["02","03","04","05","06","08","09","10","11"]},"dagtaakTypes":{"minItems":0,"type":"array","items":{"type":"string","description":"01: werk in loondienst  02: winst uit een onderneming  03: werkt mee in mijn onderneming  05: heeft inkomsten uit overig werk","enum":["01","02","03","05"]}}}},"lasten":{"required":["instellingen","kind","lastPerOpvangvormEnSoort"],"type":"object","properties":{"kind":{"required":["bsn","geboortedatum","volledigeNaam"],"type":"object","properties":{"bsn":{"pattern":"[0-9]{9}","type":"string","description":"Moet een 11-proef nummer zijn"},"volledigeNaam":{"maxLength":232,"type":"string"},"geboortedatum":{"pattern":"(0[1-9]|[1-2][0-9]|3[0-1])-(0[1-9]|1[0-2])-[0-9]{4}","type":"string"}},"additionalProperties":false},"instellingen":{"type":"array","items":{"required":["aantalUrenOpvang","buitenland","idKoi","kinderopvangType","soort","uurprijs"],"type":"object","properties":{"aantalUrenOpvang":{"maximum":9999,"type":"number"},"idKoi":{"maxLength":9,"type":"string"},"naam":{"maxLength":80,"type":"string"},"straat":{"maxLength":80,"type":"string"},"plaats":{"maxLength":80,"type":"string"},"adresBuitenland1":{"maxLength":35,"type":"string"},"adresBuitenland2":{"maxLength":35,"type":"string"},"adresBuitenland3":{"maxLength":35,"type":"string"},"land":{"maxLength":100,"type":"string"},"uurprijs":{"maximum":99.99,"type":"number"},"soort":{"type":"string","enum":["Gastouderopvang","Kindercentrum","Unknown"]},"kinderopvangType":{"type":"string","enum":["Dagopvang","BuitenschoolseOpvang","Unknown"]},"buitenland":{"type":"boolean","enum":[true,false]}},"additionalProperties":false}},"lastPerOpvangvormEnSoort":{"type":"array","items":{"required":["gemiddeldeUurprijs","indicatieGemiddeldeUurprijsAfgetopt","indicatieTotaalurenOpvangAfgetopt","instellingsoort","opvangVorm","totaalUrenOpvangPerVormEnSoort","totaalUrenOpvangPerVormEnSoortNietAfgetopt"],"type":"object","properties":{"gemiddeldeUurprijs":{"type":"number"},"gemiddeldeUurprijsNietAfgetopt":{"type":"number"},"indicatieGemiddeldeUurprijsAfgetopt":{"type":"boolean"},"indicatieTotaalurenOpvangAfgetopt":{"type":"boolean"},"instellingsoort":{"type":"string","enum":["Gastouderopvang","Kindercentrum","Unknown"]},"opvangVorm":{"type":"string","enum":["Dagopvang","BuitenschoolseOpvang","Unknown"]},"totaalUrenOpvangPerVormEnSoort":{"type":"number"},"totaalUrenOpvangPerVormEnSoortNietAfgetopt":{"type":"number"}},"additionalProperties":false}}},"additionalProperties":false}}}}},"additionalProperties":false}},"additionalProperties":false}},"additionalProperties":false,"description":"Het actuele klantbeeld"},"Kinderopvangorganisatie":{"required":["buitenland","datumInschrijving","idKoi","naam","soort"],"type":"object","properties":{"datumInschrijving":{"pattern":"(0[1-9]|[1-2][0-9]|3[0-1])-(0[1-9]|1[0-2])-[0-9]{4}","type":"string","description":"Datum vanaf welke de organisatie als actief wordt beschouwd."},"datumUitschrijving":{"pattern":"(0[1-9]|[1-2][0-9]|3[0-1])-(0[1-9]|1[0-2])-[0-9]{4}","type":"string","description":"Datum vanaf welke de organisatie niet meer als actief wordt beschouwd."},"idKoi":{"pattern":"[0-9]{10]","type":"string","description":"LRK of RBK van de organisatie."},"naam":{"type":"string"},"land":{"type":"string"},"soort":{"type":"string","enum":["Kindercentrum","Gastouderopvang","Unknown"]},"kinderopvangType":{"type":"string","description":"Indien Gastouderopvang dan niet anders Dagopvang of BuitenschoolseOpvang.","enum":["Dagopvang","BuitenschoolseOpvang"]},"buitenland":{"type":"boolean","enum":[true,false]}}},"KOOBinnenland":{"description":"Binnenlandse opvang (id=LRK)","allOf":[{"$ref":"#/components/schemas/Kinderopvangorganisatie"},{"type":"object","properties":{"idKoi":{"type":"string","description":"LRK van de organisatie."},"straat":{"type":"string"},"plaats":{"type":"string"},"buitenland":{"type":"boolean","default":false}}}]},"KOOBuitenland":{"description":"Buitenlandse opvang (id=RBK)","allOf":[{"$ref":"#/components/schemas/Kinderopvangorganisatie"},{"required":["land"],"type":"object","properties":{"idKoi":{"type":"string","description":"RBK van de organisatie."},"adresBuitenland1":{"type":"string"},"adresBuitenland2":{"type":"string"},"adresBuitenland3":{"type":"string"},"buitenland":{"type":"boolean","default":true}}}]},"StartDagtaken-16":{"required":["bsn","dagtaaktypes","datumIngangDagtaken"],"type":"object","properties":{"datumIngangDagtaken":{"pattern":"(0[1-9]|[1-2][0-9]|3[0-1])-(0[1-9]|1[0-2])-[0-9]{4}","type":"string"},"bsn":{"pattern":"[0-9]{9}","type":"string"},"dagtaaktypes":{"minItems":0,"type":"array","items":{"type":"string","description":"01: werk in loondienst  02: winst uit een onderneming  03: werkt mee in mijn onderneming  05: heeft inkomsten uit overig werk","enum":["01","02","03","05"]}}},"description":"Starten van dagtaken (Melding 16)"},"StopDagtaken-17":{"required":["bsn","dagtaaktypes","datumIngangEindeDagtaken"],"type":"object","properties":{"datumIngangEindeDagtaken":{"pattern":"(0[1-9]|[1-2][0-9]|3[0-1])-(0[1-9]|1[0-2])-[0-9]{4}","type":"string","description":"De datum per wanneer de dagentaken stoppen."},"bsn":{"pattern":"[0-9]{9}","type":"string"}},"description":"Stoppen van dagtaken (Melding 17)"},"WijzigenOpvanglasten-18":{"required":["aantalUrenOpvang","bsn","datumIngang","idKoi","jaar"],"type":"object","properties":{"jaar":{"type":"integer"},"bsn":{"pattern":"[0-9]{9}","type":"string"},"aantalUrenOpvang":{"type":"integer"},"datumIngang":{"pattern":"(0[1-9]|[1-2][0-9]|3[0-1])-(0[1-9]|1[0-2])-[0-9]{4}","type":"string","description":"Datum per wanneer de wijziging ingaat."},"datumEinde":{"pattern":"(0[1-9]|[1-2][0-9]|3[0-1])-(0[1-9]|1[0-2])-[0-9]{4}","type":"string","description":"Eventueel einde wijzigingstermijn. Bij WijzigenBestaandeOpvang optioneel, bij TijdelijkStoppenHuidigeOpvang verplicht."},"idKoi":{"pattern":"[0-9]{9}","type":"string"},"gaatNaarSchool":{"type":"boolean","description":"Moet alleen meegegeven worden als het een wijzging opvang bij een Gastouder betreft."},"uurprijs":{"type":"integer"}},"description":"Stoppen opvang (tijdelijk) of wijzigen opvanguren of tarief (Melding 18)"},"WijzigenInkomen-49":{"required":["bsn","inkomen","jaar"],"type":"object","properties":{"jaar":{"minimum":2E+3,"type":"integer","description":"Het jaar waar de wijziging betrekking op heeft."},"bsn":{"pattern":"[0-9]{9}","type":"string","description":"BSN van de burger of 1 van diens toeslagpartners waar de wijziging voor bedoeld is."},"inkomen":{"maximum":99999999,"minimum":-999999999,"type":"integer","description":"Het nieuwe inkomen. Het bedrag mag door en sign vooraf worden gegaan, waarmee 1 cijferpositie komt te vervallen."}},"description":"Inkomen aangever of partner wijzigen (Melding 49)"},"StopDoelgroep-92":{"required":["bsn","dagtaaktypes","datumEindeDoelgroep"],"type":"object","properties":{"datumEindeDoelgroep":{"pattern":"(0[1-9]|[1-2][0-9]|3[0-1])-(0[1-9]|1[0-2])-[0-9]{4}","type":"string","description":"De datum per wanneer de doelgroep stopt"},"bsn":{"pattern":"[0-9]{9}","type":"string","description":"BSN van de burger of 1 van diens toeslagpartners waar de wijziging voor bedoeld is."}},"description":"Stoppen als doelgroeper (Melding 92)"}},"responses":{"204-NoContent":{"description":"Geen KOT","content":{"application/json":{"schema":{"type":"object","properties":{"message":{"type":"string"}}}}}},"206-PartialContent-GeenRechten":{"description":"Rechten op ingangsdatum ontbreken","content":{"application/json":{"schema":{"type":"object","properties":{"message":{"type":"string"}}}}}},"206-PartialContent-Overleden":{"description":"Deze burger is overleden.","content":{"application/json":{"schema":{"type":"object","properties":{"message":{"type":"string"}}}}}},"400-BadRequest":{"description":"Bad Request","content":{"application/json":{"schema":{"type":"object","properties":{"message":{"type":"string"}}}}}},"401-Unauthorized":{"description":"Foute rol/groep","content":{"application/json":{"schema":{"type":"object","properties":{"message":{"type":"string"}}}}}},"403-Forbidden-NoBARFound":{"description":"Niet gevonden","content":{"application/json":{"schema":{"type":"object","properties":{"message":{"type":"string"}}}}}},"404-NotFound":{"description":"Niet gevonden","content":{"application/json":{"schema":{"type":"object","properties":{"message":{"type":"string"}}}}}},"500-InternalServerError":{"description":"Interne serverfout","content":{"application/json":{"schema":{"type":"object","properties":{"message":{"type":"string"}}}}}},"503-ServiceUnavailable":{"description":"Service niet beschikbaar","content":{"application/json":{"schema":{"type":"object","properties":{"message":{"type":"string"}}}}}}},"examples":{"PersonalMessages":{"value":[{"id":8,"title":"Wijzig de opvanglocatie van uw kind","creationTimestamp":"2021-06-09T23:23:00Z"},{"id":7,"title":"De opvang van uw kind is gestopt","creationTimestamp":"2021-06-08T11:35:00Z"},{"id":6,"title":"Check de opvanggegevens van uw kind","creationTimestamp":"2021-06-07T14:33:00Z"},{"id":5,"title":"Check uw inkomen","creationTimestamp":"2021-03-01T13:54:00Z"},{"id":4,"title":"Stopzetten bijzondere situatie","creationTimestamp":"2021-01-20T08:45:00Z"},{"id":3,"title":"Welkom bij de Kinderopvangtoeslag","creationTimestamp":"2021-01-20T08:45:00Z","readTimestamp":"2021-01-31T12:34:56Z"}]},"PersonalMessagesEmptyList":{"value":[]},"InfoBericht":{"value":{"id":3,"title":"Welkom bij de Kinderopvangtoeslag","creationTimestamp":"2021-04-04T04:04:04Z","content":"<div><p>Geachte heer Poorter,</p><p>Welkom in de Kinderopvangtoeslag app. U maakt gebruik van kinderopvangtoeslag? Kijk dan of deze app wat voor u is. De 1e keer dat u de app gebruikt, hebt u uw DigiD nodig.</p><p>U kunt uw toeslag en de opvanggegevens bekijken voor het hele jaar. En u kunt wijzigingen doorgeven zoals andere opvanguren of ander uurtarief, nieuwe opvang (ook voor een broertje of zusje), opvang die stopt, ander inkomen.</p><p>Met vriendelijke groeten,<br>Belastingdienst/Toeslagen</p></div>"}},"ActieberichtWijzigenInkomen":{"value":{"id":5,"title":"Check uw inkomen","creationTimestamp":"2021-06-01T13:54:05Z","parameters":{"actie":"wijzigenInkomen","jaar":2021,"bsn":"554449201","houdbaarheidsdatum":"29-06-2022"},"content":"<div><p>Geachte heer J. Poorter,</p></div>"}},"ActieberichtWijzigenOpvanglasten":{"value":{"id":6,"title":"Check de opvanggegevens van uw kind","creationTimestamp":"2021-06-07T14:33:00.000+0000","parameters":{"actie":"wijzigenOpvanglasten","jaar":2021,"datumIngang":"01-06-2021","datumEinde":"30-06-2021","bsn":"621090992","idKoi":"610018802","voorstelUrenOpvang":10,"houdbaarheidsdatum":"31-12-2022"},"content":"<p>Geachte heer Poorter,</p></div>"}},"ActieberichtWijzigenOpvanglocatie":{"value":{"id":8,"title":"Wijzig de opvanglocatie van uw kind","creationTimestamp":"2021-06-09T23:23:00.000+0000","parameters":{"actie":"wijzigenOpvanglocatie","jaar":2021,"datumIngang":"01-06-2021","datumEinde":"01-11-2021","bsn":"621090992","idKoi":"610018802","voorstelIdKoi":"479524993","buitenland":false,"houdbaarheidsdatum":"31-12-2022","stopdatumHuidigeOpvang":"05-06-2021"},"content":"<div><p>Geachte heer Poorter,</p></div>"}},"ActieberichtOpvangGestopt":{"value":{"id":7,"title":"De opvang van uw kind is gestopt","creationTimestamp":"2021-06-08T11:35:00.000+0000","parameters":{"actie":"opvangGestopt","jaar":2021,"datumIngang":"01-06-2021","bsn":"621090992","idKoi":"610018802","houdbaarheidsdatum":"31-07-2022"},"content":"<div><p>Geachte heer Poorter,</p></div>"}},"ActieberichtWijzigenDoelgroep":{"value":{"id":4,"title":"Stopzetten bijzondere situatie","creationTimestamp":"2021-04-04T04:04:04.000+0000","parameters":{"actie":"wijzigenDoelgroep","jaar":2022,"bsn":"554449201","houdbaarheidsdatum":"31-12-2022","voorstelStopdatumDoelgroep":"10-12-2022"},"content":"<div><p>Geachte heer Poorter,</p></div>"}},"ParametersVoorApp-PVA":{"value":{"app":"MKT","parameters":[{"MktStartYear":2021},{"MktEndYear":2022},{"MinimumLeeftijdKindBSO":3},{"MaximumLeeftijdKindDagopvang":5},{"TPlus1MeldingOpvoerdatum":"0111"},{"TPlus1MaximaleMeldingIngangsdatum":"2802"}]}},"Klantbeeld":{"value":{"Peildaum":"01-01-2022","Burger":{"meldingenInBehandeling":true,"bsn":"554449201","volledigeNaam":"J. Poorter","inkomen":29873,"doelgroepType":"05","dagtaakTypes":["01","02"],"toeslagpartner":{"bsn":"610323933","volledigeNaam":"E. Poorter-Polman","inkomen":28650,"doelgroepType":"08","dagtaakTypes":["02","03"]},"kinderen":[{"bsn":"487613223","volledigeNaam":"S. Poorter","geboortedatum":"23-07-2018"},{"bsn":"621090992","volledigeNaam":"E.A. Poorter","geboortedatum":"20-06-2018"}],"beschikking":{"jaarbedrag":2337,"aanvrager":{"bsn":"554449201","volledigeNaam":"J. Poorter","inkomen":29873,"doelgroepType":"05","dagtaakTypes":["01","02"]},"deeljaren":[{"datumIngang":"01-01-2021","datumEinde":"31-05-2021","maandbedrag":137,"toeslagpartner":{"bsn":"610323933","volledigeNaam":"E. Poorter-Polman","inkomen":28650,"doelgroepType":"08","dagtaakTypes":["02","03"]},"lasten":[{"kind":{"bsn":"621090992","volledigeNaam":"E.A. Poorter","geboortedatum":"20-06-2018"},"instellingen":[{"idKoi":"610018802","naam":"Peutercentrum de Schatkist","straat":"John F. Kennedylaan 8a","plaats":"6846AB Apeldoorn","aantalUrenOpvang":16,"uurprijs":8.54,"soort":"Kindercentrum","kinderopvangType":"Dagopvang","buitenland":false}],"lastPerOpvangvormEnSoort":[{"gemiddeldeUurprijs":6.15,"gemiddeldeUurprijsNietAfgetopt":6.15,"indicatieGemiddeldeUurprijsAfgetopt":false,"indicatieTotaalurenOpvangAfgetopt":false,"instellingsoort":"Kindercentrum","opvangVorm":"Dagopvang","totaalUrenOpvangPerVormEnSoort":24,"totaalUrenOpvangPerVormEnSoortNietAfgetopt":24}]}]},{"datumIngang":"01-06-2021","datumEinde":"30-06-2021","maandbedrag":137,"toeslagpartner":{"bsn":"610323933","volledigeNaam":"E. Poorter-Polman","inkomen":28650,"doelgroepType":"08","dagtaakTypes":["02","03"]},"lasten":[{"kind":{"bsn":"621090992","volledigeNaam":"E.A. Poorter","geboortedatum":"20-06-2018"},"instellingen":[{"idKoi":"610018802","naam":"Peutercentrum de Schatkist","straat":"John F. Kennedylaan 8a","plaats":"6846AB Apeldoorn","aantalUrenOpvang":16,"uurprijs":8.54,"soort":"Kindercentrum","kinderopvangType":"Dagopvang","buitenland":false},{"idKoi":"151553142","naam":"De Schatteboutjes","straat":"John F. Kennedylaan 8a","plaats":"6846AB Apeldoorn","aantalUrenOpvang":10,"uurprijs":7,"soort":"Gastouderopvang","kinderopvangType":"Dagopvang","buitenland":false}],"lastPerOpvangvormEnSoort":[{"gemiddeldeUurprijs":6.15,"gemiddeldeUurprijsNietAfgetopt":6.15,"indicatieGemiddeldeUurprijsAfgetopt":false,"indicatieTotaalurenOpvangAfgetopt":false,"instellingsoort":"Kindercentrum","opvangVorm":"Dagopvang","totaalUrenOpvangPerVormEnSoort":24,"totaalUrenOpvangPerVormEnSoortNietAfgetopt":24},{"gemiddeldeUurprijs":6.25,"gemiddeldeUurprijsNietAfgetopt":8,"indicatieGemiddeldeUurprijsAfgetopt":true,"indicatieTotaalurenOpvangAfgetopt":false,"instellingsoort":"Gastouderopvang","opvangVorm":"Dagopvang","totaalUrenOpvangPerVormEnSoort":70,"totaalUrenOpvangPerVormEnSoortNietAfgetopt":70}]}]},{"datumIngang":"01-07-2021","datumEinde":"30-09-2021","maandbedrag":303,"toeslagpartner":{"bsn":"610323933","volledigeNaam":"E. Poorter-Polman","inkomen":28650,"doelgroepType":"08","dagtaakTypes":["02","03"]},"lasten":[{"kind":{"bsn":"621090992","volledigeNaam":"E.A. Poorter","geboortedatum":"20-06-2018"},"instellingen":[{"idKoi":"151553142","naam":"De Schatteboutjes","straat":"John F. Kennedylaan 8a","plaats":"6846AB Apeldoorn","aantalUrenOpvang":10,"uurprijs":7,"soort":"Gastouderopvang","kinderopvangType":"Dagopvang","buitenland":false}],"lastPerOpvangvormEnSoort":[{"gemiddeldeUurprijs":6.25,"gemiddeldeUurprijsNietAfgetopt":8,"indicatieGemiddeldeUurprijsAfgetopt":true,"indicatieTotaalurenOpvangAfgetopt":false,"instellingsoort":"Gastouderopvang","opvangVorm":"Dagopvang","totaalUrenOpvangPerVormEnSoort":70,"totaalUrenOpvangPerVormEnSoortNietAfgetopt":70}]}]},{"datumIngang":"01-10-2021","datumEinde":"31-10-2021","maandbedrag":303,"toeslagpartner":{"bsn":"101010101","volledigeNaam":"Andere Ex-Partner 1","inkomen":28650,"doelgroepType":"08","dagtaakTypes":["02","03"]},"lasten":[]},{"datumIngang":"01-11-2021","datumEinde":"31-12-2021","maandbedrag":303,"toeslagpartner":{"bsn":"202020202","volledigeNaam":"Andere Ex-Partner 2","inkomen":28650,"doelgroepType":"08","dagtaakTypes":["02","03"]},"lasten":[{"kind":{"bsn":"621090992","volledigeNaam":"E.A. Poorter","geboortedatum":"20-06-2018"},"instellingen":[{"idKoi":"151553142","naam":"De Schatteboutjes","straat":"John F. Kennedylaan 8a","plaats":"6846AB Apeldoorn","aantalUrenOpvang":30,"uurprijs":7,"soort":"Gastouderopvang","kinderopvangType":"Dagopvang","buitenland":false}],"lastPerOpvangvormEnSoort":[{"gemiddeldeUurprijs":6.25,"gemiddeldeUurprijsNietAfgetopt":8,"indicatieGemiddeldeUurprijsAfgetopt":true,"indicatieTotaalurenOpvangAfgetopt":false,"instellingsoort":"Gastouderopvang","opvangVorm":"Dagopvang","totaalUrenOpvangPerVormEnSoort":70,"totaalUrenOpvangPerVormEnSoortNietAfgetopt":70}]}]}]}}}},"KlantOverleden":{"description":"Indien HTTP-responsecode 206","value":{"Peildaum":"31-12-2022","Burger":{"overlijdensdatum":"01-01-2022"}}},"KOOBinnenland":{"value":{"datumInschrijving":"01-02-2021","datumUitschrijving":"31-12-2022","idKoi":"610018802","naam":"Peutercentrum De Schatkist","straat":"John F. Kennedylaan 84","plaats":"6846AB Apeldoorn","soort":"Kindercentrum","kinderopvangType":"Dagopvang","buitenland":false}},"KOOBuitenland":{"value":{"datumInschrijving":"01-01-2019","datumUitschrijving":"31-12-2022","idKoi":"057543616","naam":"Le jardin d´enfant","adresBuitenland1":"1e Etage","adresBuitenland2":"Place d´Avignon","adresBuitenland3":"45678 ZR Bordeaux","soort":"Kindercentrum","kinderopvangType":"Gastouderopvang","buitenland":true,"land":"Frankrijk"}},"StartDagtaken-16":{"value":{"datumIngangDagtaken":"01-01-2022","bsn":"123456789","dagtaaktypes":["01","02","03","05"]}},"StopDagtaken-17":{"value":{"datumIngangEindeDagtaken":"01-01-2022","bsn":"123456789"}},"NaarNieuweOpvang-18":{"value":{"bsn":"123456789","aantalUrenOpvang":123,"datumIngang":"01-01-2022","datumEinde":"01-01-2022","idKoi":"123456789","gaatNaarSchool":true,"uurprijs":12.34}},"WijzigenBestaandeOpvang-18":{"value":{"bsn":"123456789","aantalUrenOpvang":123,"datumIngang":"01-01-2022","datumEinde":"01-01-2022","idKoi":"123456789","gaatNaarSchool":true,"uurprijs":12.34}},"TijdelijkStoppenHuidigeOpvang-18":{"value":{"bsn":"123456789","aantalUrenOpvang":0,"datumIngang":"01-01-2022","datumEinde":"01-01-2022","idKoi":"123456789","gaatNaarSchool":true,"uurprijs":0}},"DefinitiefStoppenHuidigeOpvang-18":{"value":{"bsn":"123456789","aantalUrenOpvang":0,"datumIngang":"01-01-2021","idKoi":"123456789","gaatNaarSchool":true,"uurprijs":0}},"WijzigenInkomen-49":{"value":{"jaar":2022,"bsn":"123456789","inkomen":-123456789}},"StopDoelgroep-92":{"value":{"datumEindeDoelgroep":"01-01-2022","bsn":"1234567891"}}},"requestBodies":{"StartDagtaken-16":{"description":"Starten dagtaken (Melding 16)","content":{"application/json":{"schema":{"$ref":"#/components/schemas/StartDagtaken-16"},"examples":{"StartDagtaken-16":{"$ref":"#/components/examples/StartDagtaken-16"}}}},"required":true},"StopDagtaken-17":{"description":"Stoppen dagtaken (Melding 17)","content":{"application/json":{"schema":{"$ref":"#/components/schemas/StopDagtaken-17"},"examples":{"StopDagtaken-17":{"$ref":"#/components/examples/StopDagtaken-17"}}}},"required":true},"WijzigenOpvanglasten-18":{"description":"Aanpassen uren en/of tarief (Melding 18)","content":{"application/json":{"schema":{"$ref":"#/components/schemas/WijzigenOpvanglasten-18"},"examples":{"NaarNieuweOpvang-18":{"$ref":"#/components/examples/NaarNieuweOpvang-18"},"WijzigenBestaandeOpvang-18":{"$ref":"#/components/examples/WijzigenBestaandeOpvang-18"},"TijdelijkStoppenHuidigeOpvang-18":{"$ref":"#/components/examples/TijdelijkStoppenHuidigeOpvang-18"},"DefinitiefStoppenHuidigeOpvang-18":{"$ref":"#/components/examples/DefinitiefStoppenHuidigeOpvang-18"}}}},"required":true},"WijzigenInkomen-49":{"description":"Het nieuwe inkomen doorgeven (Melding 49)","content":{"application/json":{"schema":{"$ref":"#/components/schemas/WijzigenInkomen-49"},"examples":{"WijzigenInkomen-49":{"$ref":"#/components/examples/WijzigenInkomen-49"}}}},"required":true},"StopDoelgroep-92":{"description":"Stoppen als doelgroeper (Melding 92)","content":{"application/json":{"schema":{"$ref":"#/components/schemas/StopDoelgroep-92"},"examples":{"StopDoelgroep-92":{"$ref":"#/components/examples/StopDoelgroep-92"}}}},"required":true}},"securitySchemes":{"BasicAuth":{"type":"http","scheme":"basic"}}}}