{"openapi":"3.0.0","info":{"title":"Mailbox Caribian Netherlands","description":"Making received mail from external parties available to any client (app or portal).","version":"0.0.2"},"servers":[{"url":"https://mbc-cn-api.belastingdienst.nl/"}],"security":[{"BasicAuth":[]}],"paths":{"/v1/Messages":{"get":{"tags":["Retrieve all messages"],"operationId":"RetrieveAllMessages","parameters":[{"name":"DateTimeChanged","in":"query","description":"The dateTime of the last fetched messagelist. As a result, only messages with a later value of DateTimeChanged will be returned by the backend of MBC.","required":false,"style":"form","explode":true,"schema":{"pattern":"[0-9]{4}-(0[1-9]|1[0-2])-(0[1-9]|[1-2][0-9]|3[0-1])T(2[0-3]|[01][0-9]):[0-5][0-9]:[0-5][0-9]Z","type":"string","example":"2022-01-31T23:23:00Z"}},{"name":"AppInstanceId","in":"query","description":"Unique InstallationId on device.","required":true,"style":"form","explode":true,"schema":{"type":"integer"}}],"responses":{"200":{"description":"OK","content":{"application/json":{"schema":{"$ref":"#/components/schemas/MessageList"},"examples":{"MessageList":{"$ref":"#/components/examples/MessageList"},"EmptyList":{"$ref":"#/components/examples/EmptyList"}}}}},"default":{"description":"Onverwachte HTTP-responsecode","content":{"application/json":{"schema":{"$ref":"#/components/schemas/ErrorModel"}}}}}}},"/v1/Messages{MessageId}":{"get":{"tags":["Retrieve 1 specific message"],"operationId":"RetrieveOneMessage","parameters":[{"name":"MessageId","in":"path","description":"The MessageId of the selected message.","required":true,"style":"simple","explode":false,"schema":{"type":"integer"}},{"name":"Language","in":"query","description":"Local setting preferred language.","required":false,"style":"form","explode":true,"schema":{"type":"string","enum":["ned","eng","pap"]}},{"name":"AppInstanceId","in":"query","description":"Unique InstallationId on device.","required":true,"style":"form","explode":true,"schema":{"type":"integer"}}],"responses":{"200":{"description":"OK","content":{"application/json":{"schema":{"$ref":"#/components/schemas/Message"},"examples":{"MessageComplete":{"$ref":"#/components/examples/MessageComplete"},"MessageNoAppendix":{"$ref":"#/components/examples/MessageNoAppendix"},"MessageNoMessagetext":{"$ref":"#/components/examples/MessageNoMessagetext"}}}}},"404":{"description":"Niet gevonden","content":{"application/json":{"schema":{"type":"object","properties":{"message":{"type":"string"}}}}}},"default":{"description":"Onverwachte HTTP-responsecode","content":{"application/json":{"schema":{"$ref":"#/components/schemas/ErrorModel"}}}}}}},"/v1/Appendix/{AppendixId}":{"get":{"tags":["Retrieve 1 specific appendix"],"operationId":"RetrieveOneAppendix","parameters":[{"name":"AppendixId","in":"path","description":"The Id of the selected appendix.","required":true,"style":"simple","explode":false,"schema":{"type":"integer"}}],"responses":{"200":{"description":"OK","content":{"application/json":{"schema":{"$ref":"#/components/schemas/Appendix"}}}},"404":{"description":"Niet gevonden","content":{"application/json":{"schema":{"type":"object","properties":{"message":{"type":"string"}}}}}},"default":{"description":"Onverwachte HTTP-responsecode","content":{"application/json":{"schema":{"$ref":"#/components/schemas/ErrorModel"}}}}}}},"/v1/Status{MessageId}":{"patch":{"tags":["Changing status (metadata) of a message"],"operationId":"ChangeMessageStatus","parameters":[{"name":"MessageId","in":"path","description":"The unique id of a message.","required":true,"style":"simple","explode":false,"schema":{"type":"integer"}}],"requestBody":{"$ref":"#/components/requestBodies/Status"},"responses":{"200":{"description":"OK"},"404":{"description":"Niet gevonden","content":{"application/json":{"schema":{"type":"object","properties":{"message":{"type":"string"}}}}}},"default":{"description":"Onverwachte HTTP-responsecode","content":{"application/json":{"schema":{"$ref":"#/components/schemas/ErrorModel"}}}}}}},"/v1/App/":{"post":{"tags":["Inform backend about language preference set on device."],"operationId":"SetLanguagePreference","parameters":[{"name":"AppInstanceId","in":"query","description":"Unique InstallationId on device.","required":true,"style":"form","explode":true,"schema":{"type":"integer"}}],"requestBody":{"$ref":"#/components/requestBodies/Language"},"responses":{"201":{"description":"Created"}}}}},"components":{"schemas":{"ErrorModel":{"required":["code","message"],"type":"object","properties":{"message":{"type":"string","default":"Onverwachte HTTP-responsecode ontvangen"},"code":{"maximum":6E+2,"minimum":1E+2,"type":"integer"}}},"MessageList":{"type":"array","description":"A list of personal messages.","items":{"required":["Appendix","DateTimeMessage","Flag","Folder","MessageId","Read","Sender","SenderId","Subject"],"type":"object","properties":{"MessageId":{"type":"integer","description":"The unique id of a message."},"Sender":{"type":"string","description":"Send by.","enum":["Rijksdienst","Openbaar lichaam"]},"DateTimeMessage":{"pattern":"[0-9]{4}-(0[1-9]|1[0-2])-(0[1-9]|[1-2][0-9]|3[0-1])T(2[0-3]|[01][0-9]):[0-5][0-9]:[0-5][0-9]Z","type":"string","description":"The dateTime the message was received by the backend of MBC.","example":"2022-06-09T23:23:00Z"},"SenderId":{"minimum":1,"type":"integer","description":"Unique Id of the sender."},"Subject":{"type":"string","description":"The subject the message is all about."},"Read":{"type":"boolean","description":"Indication message read or not. In the messagelist a visual indication will be shown. (metadata)","enum":[true,false]},"Flag":{"description":"Marking set by the user as a reminder or so (metadata)(future use)."},"Appendix":{"type":"boolean","description":"Indication at least 1 Appendix is attached or not. In the messagelist a paperclip will be shown.","enum":[true,false]},"Folder":{"type":"string","description":"The folder the message belongs to (metadata).","enum":["Rijksdienst","Openbaar Lichaam","Archive","Trash"]},"DateTimeChanged":{"pattern":"[0-9]{4}-(0[1-9]|1[0-2])-(0[1-9]|[1-2][0-9]|3[0-1])T(2[0-3]|[01][0-9]):[0-5][0-9]:[0-5][0-9]Z","type":"string","description":"The dateTime any metadata has been changed by the app (metadata).","example":"2022-06-09T23:23:00Z"}}}},"Message":{"required":["DateTimeChanged","DateTimeMessage","Flag","Folder","Language","MessageId","Read","Sender","SenderId","Subject"],"type":"object","properties":{"MessageId":{"type":"integer","description":"The unique id of a message."},"Sender":{"type":"string","description":"Send by.","enum":["Rijksdienst","Openbaar lichaam"]},"DateTimeMessage":{"pattern":"[0-9]{4}-(0[1-9]|1[0-2])-(0[1-9]|[1-2][0-9]|3[0-1])T(2[0-3]|[01][0-9]):[0-5][0-9]:[0-5][0-9]Z","type":"string","description":"The dateTime the message was received by the backend of MBC.","example":"2022-06-09T23:23:00Z"},"SenderId":{"minimum":1,"type":"integer","description":"Unique Id of the sender."},"Language":{"type":"string","description":"Language delivered by the MBC backend.","enum":["ned","eng","pap"]},"Subject":{"type":"string","description":"The subject the message is all about."},"Read":{"type":"boolean","description":"Indication message read or not. In the messagelist a visual indication will be shown. (metadata)","enum":[true,false]},"Flag":{"description":"Marking set by the user as a reminder or so (metadata)(future use)."},"Folder":{"type":"string","description":"The folder the message belongs to (metadata).","enum":["Rijksdienst","Openbaar Lichaam","Archive","Trash"]},"MessageText":{"type":"string","description":"The actual text in the preferred language."},"Appendix":{"type":"array","description":"The attached appendix or indeces in the preferred language.","items":{"type":"object","properties":{"AppendixId":{"type":"string","description":"The unique id of the attached pdf."},"Name":{"type":"string","description":"The name of the attached file."},"SequenceNumber":{"type":"integer","description":"The sequence in which to be shown by the app."}}}}},"description":"The personal message in detail."},"Appendix":{"required":["pdf"],"type":"object","properties":{"pdf":{"type":"string","description":"Rhe pdf-file deliverd in base64-ecoding."}},"description":"The attached pdf of a massage."},"Status":{"required":["Folder","Read"],"type":"object","properties":{"Read":{"type":"boolean","description":"Indication message read or not.","enum":[true,false]},"Folder":{"type":"string","description":"The folder the message belongs to.","enum":["Rijksdienst","Openbaar Lichaam","Archive","Trash"]}},"description":"Metadata of a specific message."}},"responses":{"400-BadRequest":{"description":"Bad Request","content":{"application/json":{"schema":{"type":"object","properties":{"message":{"type":"string"}}}}}},"401-Unauthorized":{"description":"Foute rol/groep","content":{"application/json":{"schema":{"type":"object","properties":{"message":{"type":"string"}}}}}},"404-NotFound":{"description":"Niet gevonden","content":{"application/json":{"schema":{"type":"object","properties":{"message":{"type":"string"}}}}}},"500-InternalServerError":{"description":"Interne serverfout","content":{"application/json":{"schema":{"type":"object","properties":{"message":{"type":"string"}}}}}},"503-ServiceUnavailable":{"description":"Service niet beschikbaar","content":{"application/json":{"schema":{"type":"object","properties":{"message":{"type":"string"}}}}}}},"examples":{"MessageList":{"value":[{"MessageId":1,"Sender":"Rijksdienst","Subject":"Relocation announcement","Read":false,"Folder":"Rijksdienst","Appendix":true,"DateTimeMessage":"2022-06-09T23:23:00Z"},{"MessageId":2,"Sender":"Openbaar lichaam","Subject":"Your yearly carcheck","Read":false,"Folder":"Openbaar lichaam","Appendix":false,"DateTimeMessage":"2021-06-08T11:35:00Z"}]},"EmptyList":{"value":[]},"MessageComplete":{"value":{"MessageId":1,"Sender":"Rijkdienst","Subject":"Overview 2022","DateTimeMessage":"2022-04-04T04:04:04Z","Messagetext":"<div><p>Dear mister Brown,</p><p>......</p></div>","Apendix":["Filename1.pdf","Filename2.pdf"]}},"MessageNoMessagetext":{"value":{"MessageId":1,"Sender":"Rijkdienst","Subject":"Overview 2022","DateTimeMessage":"2022-04-04T04:04:04Z","Apendix":["Filename1.pdf","Filename2.pdf"]}},"MessageNoAppendix":{"value":{"MessageId":1,"Sender":"Rijkdienst","Subject":"Overview 2022","DateTimeMessage":"2022-04-04T04:04:04Z","Messagetext":"<div><p>Dear mister Brown,</p><p>......</p></div>"}},"Status":{"value":{"DateTimeChanged":"2022-04-04T04:04:04Z","Read":true,"Flag":false,"Folder":"Openbaar lichaam"}},"App":{"value":{"Language":"eng"}}},"requestBodies":{"Status":{"description":"Updating the status of a specific message.","content":{"application/json":{"schema":{"$ref":"#/components/schemas/Status"},"examples":{"Status":{"$ref":"#/components/examples/Status"}}}},"required":true},"Language":{"description":"Inform MBC backend about language preference.","content":{"application/json":{"schema":{"$ref":"#/components/requestBodies/Language"}}},"required":true}},"securitySchemes":{"BasicAuth":{"type":"http","scheme":"basic"}}}}