{"openapi":"3.0.0","info":{"title":"Brainfuck API","description":"Simple Brainfuck API","version":"1.0.0"},"servers":[{"url":"https://brainfuck-api.vercel.app/","description":"Brainfuck API endpoint"}],"paths":{"/api/convert":{"description":"Converts a string to somewhat-minified brainfuck code","post":{"requestBody":{"content":{"application/json":{"schema":{"required":["text"],"type":"object","properties":{"text":{"type":"string"}}}}}},"responses":{"200":{"description":"A single line of generated brainfuck code","content":{"application/json":{"schema":{"type":"object","properties":{"code":{"type":"string"}}}}}},"400":{"description":"Validation error","content":{"application/json":{"schema":{"$ref":"#/components/schemas/Error"}}}},"405":{"description":"Method not allowed"},"500":{"description":"Unexpected error"}}}},"/api/execute":{"description":"Executes brainfuck code","post":{"requestBody":{"content":{"application/json":{"schema":{"required":["code"],"type":"object","properties":{"code":{"type":"string","example":",.,.,."},"input":{"oneOf":[{"type":"string","example":"bob"},{"type":"array","items":{"type":"integer"}}]}}}}}},"responses":{"200":{"description":"An object contains a string and an ascii array","content":{"application/json":{"schema":{"type":"object","properties":{"str":{"type":"string"},"arr":{"type":"array","items":{"type":"integer"}}}}}}},"400":{"description":"Validation or Runtime error","content":{"application/json":{"schema":{"$ref":"#/components/schemas/Error"}}}},"405":{"description":"Method not allowed"},"500":{"description":"Unexpected error"}}}}},"components":{"schemas":{"Error":{"type":"object","properties":{"error":{"type":"string"}}}}}}